ISO-10303-21;
HEADER;
/* Generated by software containing ST-Developer
 * from STEP Tools, Inc. (www.steptools.com) 
 */

FILE_DESCRIPTION(
/* description */ (''),
/* implementation_level */ '2;1');

FILE_NAME(
/* name */ 'METUPowerLab_Connectors_SignalConnectors_2147210040.step',
/* time_stamp */ '2025-07-22T15:45:27+03:00',
/* author */ (''),
/* organization */ (''),
/* preprocessor_version */ 'ST-DEVELOPER v20.1',
/* originating_system */ 'Autodesk Translation Framework v14.10.0.0',
/* authorisation */ '');

FILE_SCHEMA (('AUTOMOTIVE_DESIGN { 1 0 10303 214 3 1 1 }'));
ENDSEC;

DATA;
#10=MECHANICAL_DESIGN_GEOMETRIC_PRESENTATION_REPRESENTATION('',(#102,#103,
#104,#105,#106,#107,#108,#109,#110,#111,#112,#113,#114,#115,#116,#117,#118,
#119,#120,#121,#122,#123,#124,#125,#126,#127,#128,#129,#130,#131,#132,#133,
#134,#135,#136,#137,#138,#139,#140,#141,#142,#143,#144,#145,#146,#147,#148,
#149,#150,#151,#152,#153,#154,#155,#156,#157,#158,#159,#160,#161,#162,#163,
#164,#165,#166,#167,#168,#169,#170,#171,#172,#173,#174,#175,#176,#177,#178,
#179,#180,#181,#182,#183,#184,#185,#186,#187,#188,#189,#190,#191,#192,#193,
#194,#195,#196,#197,#198,#199,#200,#201,#202,#203,#204,#205,#206,#207,#208,
#209,#210,#211,#212,#213,#214,#215,#216,#217,#218,#219,#220,#221,#222,#223,
#224,#225,#226,#227,#228,#229,#230,#231,#232,#233,#234,#235,#236,#237,#238,
#239),#12379);
#11=SHAPE_REPRESENTATION_RELATIONSHIP('SRR','None',#12386,#12);
#12=ADVANCED_BREP_SHAPE_REPRESENTATION('',(#13),#12378);
#13=MANIFOLD_SOLID_BREP('Body1',#7387);
#14=CIRCLE('',#7461,0.3);
#15=CIRCLE('',#7462,0.3);
#16=CIRCLE('',#7465,0.1);
#17=CIRCLE('',#7466,0.1);
#18=CIRCLE('',#7469,0.15);
#19=CIRCLE('',#7472,0.1);
#20=CIRCLE('',#7473,0.0999999999999999);
#21=CIRCLE('',#7478,0.15);
#22=CIRCLE('',#7482,0.15);
#23=CIRCLE('',#7483,0.15);
#24=CIRCLE('',#7539,0.0900000000000005);
#25=CIRCLE('',#7540,0.0900000000000005);
#26=CIRCLE('',#7544,0.0999999999999593);
#27=CIRCLE('',#7545,0.0999999999999593);
#28=CIRCLE('',#7547,0.0500000000000003);
#29=CIRCLE('',#7548,0.0500000000000003);
#30=CIRCLE('',#7555,0.0799999999999993);
#31=CIRCLE('',#7557,0.0799999999999993);
#32=CIRCLE('',#7564,0.3);
#33=CIRCLE('',#7565,0.3);
#34=CIRCLE('',#7569,0.3);
#35=CIRCLE('',#7570,0.3);
#36=CIRCLE('',#7573,0.1);
#37=CIRCLE('',#7574,0.1);
#38=CIRCLE('',#7584,0.1);
#39=CIRCLE('',#7585,0.0999999999999999);
#40=CIRCLE('',#7590,0.3);
#41=CIRCLE('',#7591,0.3);
#42=CIRCLE('',#7652,0.0900000000000005);
#43=CIRCLE('',#7653,0.0900000000000005);
#44=CIRCLE('',#7657,0.0999999999999593);
#45=CIRCLE('',#7658,0.0999999999999593);
#46=CIRCLE('',#7660,0.0500000000000003);
#47=CIRCLE('',#7661,0.0500000000000003);
#48=CIRCLE('',#7668,0.0799999999999993);
#49=CIRCLE('',#7670,0.0799999999999993);
#50=CIRCLE('',#7677,0.0900000000000005);
#51=CIRCLE('',#7678,0.0900000000000005);
#52=CIRCLE('',#7682,0.0999999999999593);
#53=CIRCLE('',#7683,0.0999999999999593);
#54=CIRCLE('',#7685,0.0500000000000003);
#55=CIRCLE('',#7686,0.0500000000000003);
#56=CIRCLE('',#7693,0.0799999999999993);
#57=CIRCLE('',#7695,0.0799999999999993);
#58=CIRCLE('',#7702,0.0900000000000005);
#59=CIRCLE('',#7703,0.0900000000000005);
#60=CIRCLE('',#7707,0.0999999999999593);
#61=CIRCLE('',#7708,0.0999999999999593);
#62=CIRCLE('',#7710,0.0500000000000003);
#63=CIRCLE('',#7711,0.0500000000000003);
#64=CIRCLE('',#7718,0.0799999999999993);
#65=CIRCLE('',#7720,0.0799999999999993);
#66=CYLINDRICAL_SURFACE('',#7460,0.3);
#67=CYLINDRICAL_SURFACE('',#7464,0.1);
#68=CYLINDRICAL_SURFACE('',#7471,0.0999999999999999);
#69=CYLINDRICAL_SURFACE('',#7514,0.15);
#70=CYLINDRICAL_SURFACE('',#7515,0.15);
#71=CYLINDRICAL_SURFACE('',#7538,0.0900000000000005);
#72=CYLINDRICAL_SURFACE('',#7543,0.0999999999999593);
#73=CYLINDRICAL_SURFACE('',#7546,0.0500000000000003);
#74=CYLINDRICAL_SURFACE('',#7558,0.0799999999999993);
#75=CYLINDRICAL_SURFACE('',#7563,0.3);
#76=CYLINDRICAL_SURFACE('',#7568,0.3);
#77=CYLINDRICAL_SURFACE('',#7572,0.1);
#78=CYLINDRICAL_SURFACE('',#7583,0.0999999999999999);
#79=CYLINDRICAL_SURFACE('',#7589,0.3);
#80=CYLINDRICAL_SURFACE('',#7651,0.0900000000000005);
#81=CYLINDRICAL_SURFACE('',#7656,0.0999999999999593);
#82=CYLINDRICAL_SURFACE('',#7659,0.0500000000000003);
#83=CYLINDRICAL_SURFACE('',#7671,0.0799999999999993);
#84=CYLINDRICAL_SURFACE('',#7676,0.0900000000000005);
#85=CYLINDRICAL_SURFACE('',#7681,0.0999999999999593);
#86=CYLINDRICAL_SURFACE('',#7684,0.0500000000000003);
#87=CYLINDRICAL_SURFACE('',#7696,0.0799999999999993);
#88=CYLINDRICAL_SURFACE('',#7701,0.0900000000000005);
#89=CYLINDRICAL_SURFACE('',#7706,0.0999999999999593);
#90=CYLINDRICAL_SURFACE('',#7709,0.0500000000000003);
#91=CYLINDRICAL_SURFACE('',#7721,0.0799999999999993);
#92=FACE_BOUND('',#952,.T.);
#93=FACE_BOUND('',#954,.T.);
#94=FACE_BOUND('',#955,.T.);
#95=FACE_BOUND('',#956,.T.);
#96=FACE_BOUND('',#957,.T.);
#97=FACE_BOUND('',#958,.T.);
#98=FACE_BOUND('',#992,.T.);
#99=FACE_BOUND('',#1011,.T.);
#100=FACE_BOUND('',#1018,.T.);
#101=FACE_BOUND('',#1022,.T.);
#102=STYLED_ITEM('',(#12397),#7062);
#103=STYLED_ITEM('',(#12397),#7091);
#104=STYLED_ITEM('',(#12397),#7111);
#105=STYLED_ITEM('',(#12397),#7145);
#106=STYLED_ITEM('',(#12397),#7151);
#107=STYLED_ITEM('',(#12398),#7156);
#108=STYLED_ITEM('',(#12398),#7157);
#109=STYLED_ITEM('',(#12398),#7158);
#110=STYLED_ITEM('',(#12398),#7159);
#111=STYLED_ITEM('',(#12398),#7160);
#112=STYLED_ITEM('',(#12398),#7161);
#113=STYLED_ITEM('',(#12398),#7162);
#114=STYLED_ITEM('',(#12398),#7164);
#115=STYLED_ITEM('',(#12398),#7167);
#116=STYLED_ITEM('',(#12398),#7168);
#117=STYLED_ITEM('',(#12398),#7217);
#118=STYLED_ITEM('',(#12398),#7218);
#119=STYLED_ITEM('',(#12398),#7219);
#120=STYLED_ITEM('',(#12398),#7220);
#121=STYLED_ITEM('',(#12398),#7221);
#122=STYLED_ITEM('',(#12398),#7222);
#123=STYLED_ITEM('',(#12398),#7223);
#124=STYLED_ITEM('',(#12398),#7224);
#125=STYLED_ITEM('',(#12398),#7225);
#126=STYLED_ITEM('',(#12398),#7226);
#127=STYLED_ITEM('',(#12398),#7227);
#128=STYLED_ITEM('',(#12398),#7228);
#129=STYLED_ITEM('',(#12398),#7229);
#130=STYLED_ITEM('',(#12398),#7230);
#131=STYLED_ITEM('',(#12398),#7231);
#132=STYLED_ITEM('',(#12398),#7232);
#133=STYLED_ITEM('',(#12398),#7233);
#134=STYLED_ITEM('',(#12398),#7234);
#135=STYLED_ITEM('',(#12398),#7235);
#136=STYLED_ITEM('',(#12398),#7236);
#137=STYLED_ITEM('',(#12398),#7237);
#138=STYLED_ITEM('',(#12398),#7238);
#139=STYLED_ITEM('',(#12398),#7239);
#140=STYLED_ITEM('',(#12398),#7240);
#141=STYLED_ITEM('',(#12398),#7241);
#142=STYLED_ITEM('',(#12398),#7242);
#143=STYLED_ITEM('',(#12398),#7243);
#144=STYLED_ITEM('',(#12398),#7244);
#145=STYLED_ITEM('',(#12398),#7246);
#146=STYLED_ITEM('',(#12398),#7247);
#147=STYLED_ITEM('',(#12398),#7248);
#148=STYLED_ITEM('',(#12398),#7249);
#149=STYLED_ITEM('',(#12398),#7250);
#150=STYLED_ITEM('',(#12398),#7251);
#151=STYLED_ITEM('',(#12398),#7253);
#152=STYLED_ITEM('',(#12398),#7254);
#153=STYLED_ITEM('',(#12398),#7261);
#154=STYLED_ITEM('',(#12398),#7262);
#155=STYLED_ITEM('',(#12398),#7263);
#156=STYLED_ITEM('',(#12398),#7264);
#157=STYLED_ITEM('',(#12398),#7265);
#158=STYLED_ITEM('',(#12398),#7266);
#159=STYLED_ITEM('',(#12398),#7267);
#160=STYLED_ITEM('',(#12398),#7292);
#161=STYLED_ITEM('',(#12398),#7293);
#162=STYLED_ITEM('',(#12398),#7294);
#163=STYLED_ITEM('',(#12398),#7295);
#164=STYLED_ITEM('',(#12398),#7296);
#165=STYLED_ITEM('',(#12398),#7297);
#166=STYLED_ITEM('',(#12398),#7298);
#167=STYLED_ITEM('',(#12398),#7299);
#168=STYLED_ITEM('',(#12398),#7300);
#169=STYLED_ITEM('',(#12398),#7301);
#170=STYLED_ITEM('',(#12398),#7302);
#171=STYLED_ITEM('',(#12398),#7303);
#172=STYLED_ITEM('',(#12398),#7304);
#173=STYLED_ITEM('',(#12398),#7305);
#174=STYLED_ITEM('',(#12398),#7306);
#175=STYLED_ITEM('',(#12398),#7308);
#176=STYLED_ITEM('',(#12398),#7309);
#177=STYLED_ITEM('',(#12398),#7310);
#178=STYLED_ITEM('',(#12398),#7311);
#179=STYLED_ITEM('',(#12398),#7312);
#180=STYLED_ITEM('',(#12398),#7313);
#181=STYLED_ITEM('',(#12398),#7314);
#182=STYLED_ITEM('',(#12398),#7315);
#183=STYLED_ITEM('',(#12398),#7316);
#184=STYLED_ITEM('',(#12398),#7318);
#185=STYLED_ITEM('',(#12398),#7319);
#186=STYLED_ITEM('',(#12398),#7320);
#187=STYLED_ITEM('',(#12398),#7321);
#188=STYLED_ITEM('',(#12398),#7322);
#189=STYLED_ITEM('',(#12398),#7323);
#190=STYLED_ITEM('',(#12398),#7324);
#191=STYLED_ITEM('',(#12398),#7325);
#192=STYLED_ITEM('',(#12398),#7326);
#193=STYLED_ITEM('',(#12398),#7327);
#194=STYLED_ITEM('',(#12398),#7328);
#195=STYLED_ITEM('',(#12398),#7329);
#196=STYLED_ITEM('',(#12398),#7330);
#197=STYLED_ITEM('',(#12398),#7331);
#198=STYLED_ITEM('',(#12398),#7332);
#199=STYLED_ITEM('',(#12398),#7333);
#200=STYLED_ITEM('',(#12398),#7334);
#201=STYLED_ITEM('',(#12398),#7335);
#202=STYLED_ITEM('',(#12398),#7336);
#203=STYLED_ITEM('',(#12398),#7337);
#204=STYLED_ITEM('',(#12398),#7338);
#205=STYLED_ITEM('',(#12398),#7339);
#206=STYLED_ITEM('',(#12398),#7340);
#207=STYLED_ITEM('',(#12398),#7341);
#208=STYLED_ITEM('',(#12398),#7342);
#209=STYLED_ITEM('',(#12398),#7343);
#210=STYLED_ITEM('',(#12398),#7344);
#211=STYLED_ITEM('',(#12398),#7345);
#212=STYLED_ITEM('',(#12398),#7346);
#213=STYLED_ITEM('',(#12398),#7347);
#214=STYLED_ITEM('',(#12398),#7348);
#215=STYLED_ITEM('',(#12398),#7349);
#216=STYLED_ITEM('',(#12398),#7350);
#217=STYLED_ITEM('',(#12398),#7351);
#218=STYLED_ITEM('',(#12398),#7352);
#219=STYLED_ITEM('',(#12398),#7353);
#220=STYLED_ITEM('',(#12398),#7354);
#221=STYLED_ITEM('',(#12398),#7355);
#222=STYLED_ITEM('',(#12398),#7356);
#223=STYLED_ITEM('',(#12398),#7357);
#224=STYLED_ITEM('',(#12398),#7358);
#225=STYLED_ITEM('',(#12398),#7359);
#226=STYLED_ITEM('',(#12398),#7360);
#227=STYLED_ITEM('',(#12398),#7361);
#228=STYLED_ITEM('',(#12398),#7362);
#229=STYLED_ITEM('',(#12398),#7363);
#230=STYLED_ITEM('',(#12398),#7364);
#231=STYLED_ITEM('',(#12398),#7365);
#232=STYLED_ITEM('',(#12398),#7366);
#233=STYLED_ITEM('',(#12398),#7367);
#234=STYLED_ITEM('',(#12398),#7368);
#235=STYLED_ITEM('',(#12398),#7369);
#236=STYLED_ITEM('',(#12398),#7370);
#237=STYLED_ITEM('',(#12398),#7371);
#238=STYLED_ITEM('',(#12398),#7372);
#239=STYLED_ITEM('',(#12396),#13);
#240=PLANE('',#7401);
#241=PLANE('',#7402);
#242=PLANE('',#7403);
#243=PLANE('',#7404);
#244=PLANE('',#7405);
#245=PLANE('',#7406);
#246=PLANE('',#7407);
#247=PLANE('',#7408);
#248=PLANE('',#7409);
#249=PLANE('',#7410);
#250=PLANE('',#7411);
#251=PLANE('',#7412);
#252=PLANE('',#7413);
#253=PLANE('',#7414);
#254=PLANE('',#7415);
#255=PLANE('',#7416);
#256=PLANE('',#7417);
#257=PLANE('',#7418);
#258=PLANE('',#7419);
#259=PLANE('',#7420);
#260=PLANE('',#7421);
#261=PLANE('',#7422);
#262=PLANE('',#7423);
#263=PLANE('',#7424);
#264=PLANE('',#7425);
#265=PLANE('',#7426);
#266=PLANE('',#7427);
#267=PLANE('',#7428);
#268=PLANE('',#7429);
#269=PLANE('',#7430);
#270=PLANE('',#7431);
#271=PLANE('',#7432);
#272=PLANE('',#7433);
#273=PLANE('',#7434);
#274=PLANE('',#7435);
#275=PLANE('',#7436);
#276=PLANE('',#7437);
#277=PLANE('',#7438);
#278=PLANE('',#7439);
#279=PLANE('',#7440);
#280=PLANE('',#7441);
#281=PLANE('',#7442);
#282=PLANE('',#7443);
#283=PLANE('',#7444);
#284=PLANE('',#7445);
#285=PLANE('',#7446);
#286=PLANE('',#7447);
#287=PLANE('',#7448);
#288=PLANE('',#7449);
#289=PLANE('',#7450);
#290=PLANE('',#7451);
#291=PLANE('',#7452);
#292=PLANE('',#7453);
#293=PLANE('',#7454);
#294=PLANE('',#7455);
#295=PLANE('',#7456);
#296=PLANE('',#7457);
#297=PLANE('',#7458);
#298=PLANE('',#7459);
#299=PLANE('',#7463);
#300=PLANE('',#7467);
#301=PLANE('',#7468);
#302=PLANE('',#7470);
#303=PLANE('',#7474);
#304=PLANE('',#7475);
#305=PLANE('',#7476);
#306=PLANE('',#7477);
#307=PLANE('',#7479);
#308=PLANE('',#7480);
#309=PLANE('',#7481);
#310=PLANE('',#7484);
#311=PLANE('',#7485);
#312=PLANE('',#7486);
#313=PLANE('',#7487);
#314=PLANE('',#7488);
#315=PLANE('',#7489);
#316=PLANE('',#7490);
#317=PLANE('',#7491);
#318=PLANE('',#7492);
#319=PLANE('',#7493);
#320=PLANE('',#7494);
#321=PLANE('',#7495);
#322=PLANE('',#7496);
#323=PLANE('',#7497);
#324=PLANE('',#7498);
#325=PLANE('',#7499);
#326=PLANE('',#7500);
#327=PLANE('',#7501);
#328=PLANE('',#7502);
#329=PLANE('',#7503);
#330=PLANE('',#7504);
#331=PLANE('',#7505);
#332=PLANE('',#7506);
#333=PLANE('',#7507);
#334=PLANE('',#7508);
#335=PLANE('',#7509);
#336=PLANE('',#7510);
#337=PLANE('',#7511);
#338=PLANE('',#7512);
#339=PLANE('',#7513);
#340=PLANE('',#7516);
#341=PLANE('',#7517);
#342=PLANE('',#7518);
#343=PLANE('',#7519);
#344=PLANE('',#7520);
#345=PLANE('',#7521);
#346=PLANE('',#7522);
#347=PLANE('',#7523);
#348=PLANE('',#7524);
#349=PLANE('',#7525);
#350=PLANE('',#7526);
#351=PLANE('',#7527);
#352=PLANE('',#7528);
#353=PLANE('',#7529);
#354=PLANE('',#7530);
#355=PLANE('',#7531);
#356=PLANE('',#7532);
#357=PLANE('',#7533);
#358=PLANE('',#7534);
#359=PLANE('',#7535);
#360=PLANE('',#7536);
#361=PLANE('',#7537);
#362=PLANE('',#7541);
#363=PLANE('',#7542);
#364=PLANE('',#7549);
#365=PLANE('',#7550);
#366=PLANE('',#7551);
#367=PLANE('',#7552);
#368=PLANE('',#7553);
#369=PLANE('',#7554);
#370=PLANE('',#7556);
#371=PLANE('',#7559);
#372=PLANE('',#7560);
#373=PLANE('',#7561);
#374=PLANE('',#7562);
#375=PLANE('',#7566);
#376=PLANE('',#7567);
#377=PLANE('',#7571);
#378=PLANE('',#7575);
#379=PLANE('',#7576);
#380=PLANE('',#7577);
#381=PLANE('',#7578);
#382=PLANE('',#7579);
#383=PLANE('',#7580);
#384=PLANE('',#7581);
#385=PLANE('',#7582);
#386=PLANE('',#7586);
#387=PLANE('',#7587);
#388=PLANE('',#7588);
#389=PLANE('',#7592);
#390=PLANE('',#7593);
#391=PLANE('',#7594);
#392=PLANE('',#7595);
#393=PLANE('',#7596);
#394=PLANE('',#7597);
#395=PLANE('',#7598);
#396=PLANE('',#7599);
#397=PLANE('',#7600);
#398=PLANE('',#7601);
#399=PLANE('',#7602);
#400=PLANE('',#7603);
#401=PLANE('',#7604);
#402=PLANE('',#7605);
#403=PLANE('',#7606);
#404=PLANE('',#7607);
#405=PLANE('',#7608);
#406=PLANE('',#7609);
#407=PLANE('',#7610);
#408=PLANE('',#7611);
#409=PLANE('',#7612);
#410=PLANE('',#7613);
#411=PLANE('',#7614);
#412=PLANE('',#7615);
#413=PLANE('',#7616);
#414=PLANE('',#7617);
#415=PLANE('',#7618);
#416=PLANE('',#7619);
#417=PLANE('',#7620);
#418=PLANE('',#7621);
#419=PLANE('',#7622);
#420=PLANE('',#7623);
#421=PLANE('',#7624);
#422=PLANE('',#7625);
#423=PLANE('',#7626);
#424=PLANE('',#7627);
#425=PLANE('',#7628);
#426=PLANE('',#7629);
#427=PLANE('',#7630);
#428=PLANE('',#7631);
#429=PLANE('',#7632);
#430=PLANE('',#7633);
#431=PLANE('',#7634);
#432=PLANE('',#7635);
#433=PLANE('',#7636);
#434=PLANE('',#7637);
#435=PLANE('',#7638);
#436=PLANE('',#7639);
#437=PLANE('',#7640);
#438=PLANE('',#7641);
#439=PLANE('',#7642);
#440=PLANE('',#7643);
#441=PLANE('',#7644);
#442=PLANE('',#7645);
#443=PLANE('',#7646);
#444=PLANE('',#7647);
#445=PLANE('',#7648);
#446=PLANE('',#7649);
#447=PLANE('',#7650);
#448=PLANE('',#7654);
#449=PLANE('',#7655);
#450=PLANE('',#7662);
#451=PLANE('',#7663);
#452=PLANE('',#7664);
#453=PLANE('',#7665);
#454=PLANE('',#7666);
#455=PLANE('',#7667);
#456=PLANE('',#7669);
#457=PLANE('',#7672);
#458=PLANE('',#7673);
#459=PLANE('',#7674);
#460=PLANE('',#7675);
#461=PLANE('',#7679);
#462=PLANE('',#7680);
#463=PLANE('',#7687);
#464=PLANE('',#7688);
#465=PLANE('',#7689);
#466=PLANE('',#7690);
#467=PLANE('',#7691);
#468=PLANE('',#7692);
#469=PLANE('',#7694);
#470=PLANE('',#7697);
#471=PLANE('',#7698);
#472=PLANE('',#7699);
#473=PLANE('',#7700);
#474=PLANE('',#7704);
#475=PLANE('',#7705);
#476=PLANE('',#7712);
#477=PLANE('',#7713);
#478=PLANE('',#7714);
#479=PLANE('',#7715);
#480=PLANE('',#7716);
#481=PLANE('',#7717);
#482=PLANE('',#7719);
#483=PLANE('',#7722);
#484=PLANE('',#7723);
#485=PLANE('',#7724);
#486=PLANE('',#7725);
#487=PLANE('',#7726);
#488=PLANE('',#7727);
#489=PLANE('',#7728);
#490=PLANE('',#7729);
#491=PLANE('',#7730);
#492=PLANE('',#7731);
#493=PLANE('',#7732);
#494=PLANE('',#7733);
#495=PLANE('',#7734);
#496=PLANE('',#7735);
#497=PLANE('',#7736);
#498=PLANE('',#7737);
#499=PLANE('',#7738);
#500=PLANE('',#7739);
#501=FACE_OUTER_BOUND('',#864,.T.);
#502=FACE_OUTER_BOUND('',#865,.T.);
#503=FACE_OUTER_BOUND('',#866,.T.);
#504=FACE_OUTER_BOUND('',#867,.T.);
#505=FACE_OUTER_BOUND('',#868,.T.);
#506=FACE_OUTER_BOUND('',#869,.T.);
#507=FACE_OUTER_BOUND('',#870,.T.);
#508=FACE_OUTER_BOUND('',#871,.T.);
#509=FACE_OUTER_BOUND('',#872,.T.);
#510=FACE_OUTER_BOUND('',#873,.T.);
#511=FACE_OUTER_BOUND('',#874,.T.);
#512=FACE_OUTER_BOUND('',#875,.T.);
#513=FACE_OUTER_BOUND('',#876,.T.);
#514=FACE_OUTER_BOUND('',#877,.T.);
#515=FACE_OUTER_BOUND('',#878,.T.);
#516=FACE_OUTER_BOUND('',#879,.T.);
#517=FACE_OUTER_BOUND('',#880,.T.);
#518=FACE_OUTER_BOUND('',#881,.T.);
#519=FACE_OUTER_BOUND('',#882,.T.);
#520=FACE_OUTER_BOUND('',#883,.T.);
#521=FACE_OUTER_BOUND('',#884,.T.);
#522=FACE_OUTER_BOUND('',#885,.T.);
#523=FACE_OUTER_BOUND('',#886,.T.);
#524=FACE_OUTER_BOUND('',#887,.T.);
#525=FACE_OUTER_BOUND('',#888,.T.);
#526=FACE_OUTER_BOUND('',#889,.T.);
#527=FACE_OUTER_BOUND('',#890,.T.);
#528=FACE_OUTER_BOUND('',#891,.T.);
#529=FACE_OUTER_BOUND('',#892,.T.);
#530=FACE_OUTER_BOUND('',#893,.T.);
#531=FACE_OUTER_BOUND('',#894,.T.);
#532=FACE_OUTER_BOUND('',#895,.T.);
#533=FACE_OUTER_BOUND('',#896,.T.);
#534=FACE_OUTER_BOUND('',#897,.T.);
#535=FACE_OUTER_BOUND('',#898,.T.);
#536=FACE_OUTER_BOUND('',#899,.T.);
#537=FACE_OUTER_BOUND('',#900,.T.);
#538=FACE_OUTER_BOUND('',#901,.T.);
#539=FACE_OUTER_BOUND('',#902,.T.);
#540=FACE_OUTER_BOUND('',#903,.T.);
#541=FACE_OUTER_BOUND('',#904,.T.);
#542=FACE_OUTER_BOUND('',#905,.T.);
#543=FACE_OUTER_BOUND('',#906,.T.);
#544=FACE_OUTER_BOUND('',#907,.T.);
#545=FACE_OUTER_BOUND('',#908,.T.);
#546=FACE_OUTER_BOUND('',#909,.T.);
#547=FACE_OUTER_BOUND('',#910,.T.);
#548=FACE_OUTER_BOUND('',#911,.T.);
#549=FACE_OUTER_BOUND('',#912,.T.);
#550=FACE_OUTER_BOUND('',#913,.T.);
#551=FACE_OUTER_BOUND('',#914,.T.);
#552=FACE_OUTER_BOUND('',#915,.T.);
#553=FACE_OUTER_BOUND('',#916,.T.);
#554=FACE_OUTER_BOUND('',#917,.T.);
#555=FACE_OUTER_BOUND('',#918,.T.);
#556=FACE_OUTER_BOUND('',#919,.T.);
#557=FACE_OUTER_BOUND('',#920,.T.);
#558=FACE_OUTER_BOUND('',#921,.T.);
#559=FACE_OUTER_BOUND('',#922,.T.);
#560=FACE_OUTER_BOUND('',#923,.T.);
#561=FACE_OUTER_BOUND('',#924,.T.);
#562=FACE_OUTER_BOUND('',#925,.T.);
#563=FACE_OUTER_BOUND('',#926,.T.);
#564=FACE_OUTER_BOUND('',#927,.T.);
#565=FACE_OUTER_BOUND('',#928,.T.);
#566=FACE_OUTER_BOUND('',#929,.T.);
#567=FACE_OUTER_BOUND('',#930,.T.);
#568=FACE_OUTER_BOUND('',#931,.T.);
#569=FACE_OUTER_BOUND('',#932,.T.);
#570=FACE_OUTER_BOUND('',#933,.T.);
#571=FACE_OUTER_BOUND('',#934,.T.);
#572=FACE_OUTER_BOUND('',#935,.T.);
#573=FACE_OUTER_BOUND('',#936,.T.);
#574=FACE_OUTER_BOUND('',#937,.T.);
#575=FACE_OUTER_BOUND('',#938,.T.);
#576=FACE_OUTER_BOUND('',#939,.T.);
#577=FACE_OUTER_BOUND('',#940,.T.);
#578=FACE_OUTER_BOUND('',#941,.T.);
#579=FACE_OUTER_BOUND('',#942,.T.);
#580=FACE_OUTER_BOUND('',#943,.T.);
#581=FACE_OUTER_BOUND('',#944,.T.);
#582=FACE_OUTER_BOUND('',#945,.T.);
#583=FACE_OUTER_BOUND('',#946,.T.);
#584=FACE_OUTER_BOUND('',#947,.T.);
#585=FACE_OUTER_BOUND('',#948,.T.);
#586=FACE_OUTER_BOUND('',#949,.T.);
#587=FACE_OUTER_BOUND('',#950,.T.);
#588=FACE_OUTER_BOUND('',#951,.T.);
#589=FACE_OUTER_BOUND('',#953,.T.);
#590=FACE_OUTER_BOUND('',#959,.T.);
#591=FACE_OUTER_BOUND('',#960,.T.);
#592=FACE_OUTER_BOUND('',#961,.T.);
#593=FACE_OUTER_BOUND('',#962,.T.);
#594=FACE_OUTER_BOUND('',#963,.T.);
#595=FACE_OUTER_BOUND('',#964,.T.);
#596=FACE_OUTER_BOUND('',#965,.T.);
#597=FACE_OUTER_BOUND('',#966,.T.);
#598=FACE_OUTER_BOUND('',#967,.T.);
#599=FACE_OUTER_BOUND('',#968,.T.);
#600=FACE_OUTER_BOUND('',#969,.T.);
#601=FACE_OUTER_BOUND('',#970,.T.);
#602=FACE_OUTER_BOUND('',#971,.T.);
#603=FACE_OUTER_BOUND('',#972,.T.);
#604=FACE_OUTER_BOUND('',#973,.T.);
#605=FACE_OUTER_BOUND('',#974,.T.);
#606=FACE_OUTER_BOUND('',#975,.T.);
#607=FACE_OUTER_BOUND('',#976,.T.);
#608=FACE_OUTER_BOUND('',#977,.T.);
#609=FACE_OUTER_BOUND('',#978,.T.);
#610=FACE_OUTER_BOUND('',#979,.T.);
#611=FACE_OUTER_BOUND('',#980,.T.);
#612=FACE_OUTER_BOUND('',#981,.T.);
#613=FACE_OUTER_BOUND('',#982,.T.);
#614=FACE_OUTER_BOUND('',#983,.T.);
#615=FACE_OUTER_BOUND('',#984,.T.);
#616=FACE_OUTER_BOUND('',#985,.T.);
#617=FACE_OUTER_BOUND('',#986,.T.);
#618=FACE_OUTER_BOUND('',#987,.T.);
#619=FACE_OUTER_BOUND('',#988,.T.);
#620=FACE_OUTER_BOUND('',#989,.T.);
#621=FACE_OUTER_BOUND('',#990,.T.);
#622=FACE_OUTER_BOUND('',#991,.T.);
#623=FACE_OUTER_BOUND('',#993,.T.);
#624=FACE_OUTER_BOUND('',#994,.T.);
#625=FACE_OUTER_BOUND('',#995,.T.);
#626=FACE_OUTER_BOUND('',#996,.T.);
#627=FACE_OUTER_BOUND('',#997,.T.);
#628=FACE_OUTER_BOUND('',#998,.T.);
#629=FACE_OUTER_BOUND('',#999,.T.);
#630=FACE_OUTER_BOUND('',#1000,.T.);
#631=FACE_OUTER_BOUND('',#1001,.T.);
#632=FACE_OUTER_BOUND('',#1002,.T.);
#633=FACE_OUTER_BOUND('',#1003,.T.);
#634=FACE_OUTER_BOUND('',#1004,.T.);
#635=FACE_OUTER_BOUND('',#1005,.T.);
#636=FACE_OUTER_BOUND('',#1006,.T.);
#637=FACE_OUTER_BOUND('',#1007,.T.);
#638=FACE_OUTER_BOUND('',#1008,.T.);
#639=FACE_OUTER_BOUND('',#1009,.T.);
#640=FACE_OUTER_BOUND('',#1010,.T.);
#641=FACE_OUTER_BOUND('',#1012,.T.);
#642=FACE_OUTER_BOUND('',#1013,.T.);
#643=FACE_OUTER_BOUND('',#1014,.T.);
#644=FACE_OUTER_BOUND('',#1015,.T.);
#645=FACE_OUTER_BOUND('',#1016,.T.);
#646=FACE_OUTER_BOUND('',#1017,.T.);
#647=FACE_OUTER_BOUND('',#1019,.T.);
#648=FACE_OUTER_BOUND('',#1020,.T.);
#649=FACE_OUTER_BOUND('',#1021,.T.);
#650=FACE_OUTER_BOUND('',#1023,.T.);
#651=FACE_OUTER_BOUND('',#1024,.T.);
#652=FACE_OUTER_BOUND('',#1025,.T.);
#653=FACE_OUTER_BOUND('',#1026,.T.);
#654=FACE_OUTER_BOUND('',#1027,.T.);
#655=FACE_OUTER_BOUND('',#1028,.T.);
#656=FACE_OUTER_BOUND('',#1029,.T.);
#657=FACE_OUTER_BOUND('',#1030,.T.);
#658=FACE_OUTER_BOUND('',#1031,.T.);
#659=FACE_OUTER_BOUND('',#1032,.T.);
#660=FACE_OUTER_BOUND('',#1033,.T.);
#661=FACE_OUTER_BOUND('',#1034,.T.);
#662=FACE_OUTER_BOUND('',#1035,.T.);
#663=FACE_OUTER_BOUND('',#1036,.T.);
#664=FACE_OUTER_BOUND('',#1037,.T.);
#665=FACE_OUTER_BOUND('',#1038,.T.);
#666=FACE_OUTER_BOUND('',#1039,.T.);
#667=FACE_OUTER_BOUND('',#1040,.T.);
#668=FACE_OUTER_BOUND('',#1041,.T.);
#669=FACE_OUTER_BOUND('',#1042,.T.);
#670=FACE_OUTER_BOUND('',#1043,.T.);
#671=FACE_OUTER_BOUND('',#1044,.T.);
#672=FACE_OUTER_BOUND('',#1045,.T.);
#673=FACE_OUTER_BOUND('',#1046,.T.);
#674=FACE_OUTER_BOUND('',#1047,.T.);
#675=FACE_OUTER_BOUND('',#1048,.T.);
#676=FACE_OUTER_BOUND('',#1049,.T.);
#677=FACE_OUTER_BOUND('',#1050,.T.);
#678=FACE_OUTER_BOUND('',#1051,.T.);
#679=FACE_OUTER_BOUND('',#1052,.T.);
#680=FACE_OUTER_BOUND('',#1053,.T.);
#681=FACE_OUTER_BOUND('',#1054,.T.);
#682=FACE_OUTER_BOUND('',#1055,.T.);
#683=FACE_OUTER_BOUND('',#1056,.T.);
#684=FACE_OUTER_BOUND('',#1057,.T.);
#685=FACE_OUTER_BOUND('',#1058,.T.);
#686=FACE_OUTER_BOUND('',#1059,.T.);
#687=FACE_OUTER_BOUND('',#1060,.T.);
#688=FACE_OUTER_BOUND('',#1061,.T.);
#689=FACE_OUTER_BOUND('',#1062,.T.);
#690=FACE_OUTER_BOUND('',#1063,.T.);
#691=FACE_OUTER_BOUND('',#1064,.T.);
#692=FACE_OUTER_BOUND('',#1065,.T.);
#693=FACE_OUTER_BOUND('',#1066,.T.);
#694=FACE_OUTER_BOUND('',#1067,.T.);
#695=FACE_OUTER_BOUND('',#1068,.T.);
#696=FACE_OUTER_BOUND('',#1069,.T.);
#697=FACE_OUTER_BOUND('',#1070,.T.);
#698=FACE_OUTER_BOUND('',#1071,.T.);
#699=FACE_OUTER_BOUND('',#1072,.T.);
#700=FACE_OUTER_BOUND('',#1073,.T.);
#701=FACE_OUTER_BOUND('',#1074,.T.);
#702=FACE_OUTER_BOUND('',#1075,.T.);
#703=FACE_OUTER_BOUND('',#1076,.T.);
#704=FACE_OUTER_BOUND('',#1077,.T.);
#705=FACE_OUTER_BOUND('',#1078,.T.);
#706=FACE_OUTER_BOUND('',#1079,.T.);
#707=FACE_OUTER_BOUND('',#1080,.T.);
#708=FACE_OUTER_BOUND('',#1081,.T.);
#709=FACE_OUTER_BOUND('',#1082,.T.);
#710=FACE_OUTER_BOUND('',#1083,.T.);
#711=FACE_OUTER_BOUND('',#1084,.T.);
#712=FACE_OUTER_BOUND('',#1085,.T.);
#713=FACE_OUTER_BOUND('',#1086,.T.);
#714=FACE_OUTER_BOUND('',#1087,.T.);
#715=FACE_OUTER_BOUND('',#1088,.T.);
#716=FACE_OUTER_BOUND('',#1089,.T.);
#717=FACE_OUTER_BOUND('',#1090,.T.);
#718=FACE_OUTER_BOUND('',#1091,.T.);
#719=FACE_OUTER_BOUND('',#1092,.T.);
#720=FACE_OUTER_BOUND('',#1093,.T.);
#721=FACE_OUTER_BOUND('',#1094,.T.);
#722=FACE_OUTER_BOUND('',#1095,.T.);
#723=FACE_OUTER_BOUND('',#1096,.T.);
#724=FACE_OUTER_BOUND('',#1097,.T.);
#725=FACE_OUTER_BOUND('',#1098,.T.);
#726=FACE_OUTER_BOUND('',#1099,.T.);
#727=FACE_OUTER_BOUND('',#1100,.T.);
#728=FACE_OUTER_BOUND('',#1101,.T.);
#729=FACE_OUTER_BOUND('',#1102,.T.);
#730=FACE_OUTER_BOUND('',#1103,.T.);
#731=FACE_OUTER_BOUND('',#1104,.T.);
#732=FACE_OUTER_BOUND('',#1105,.T.);
#733=FACE_OUTER_BOUND('',#1106,.T.);
#734=FACE_OUTER_BOUND('',#1107,.T.);
#735=FACE_OUTER_BOUND('',#1108,.T.);
#736=FACE_OUTER_BOUND('',#1109,.T.);
#737=FACE_OUTER_BOUND('',#1110,.T.);
#738=FACE_OUTER_BOUND('',#1111,.T.);
#739=FACE_OUTER_BOUND('',#1112,.T.);
#740=FACE_OUTER_BOUND('',#1113,.T.);
#741=FACE_OUTER_BOUND('',#1114,.T.);
#742=FACE_OUTER_BOUND('',#1115,.T.);
#743=FACE_OUTER_BOUND('',#1116,.T.);
#744=FACE_OUTER_BOUND('',#1117,.T.);
#745=FACE_OUTER_BOUND('',#1118,.T.);
#746=FACE_OUTER_BOUND('',#1119,.T.);
#747=FACE_OUTER_BOUND('',#1120,.T.);
#748=FACE_OUTER_BOUND('',#1121,.T.);
#749=FACE_OUTER_BOUND('',#1122,.T.);
#750=FACE_OUTER_BOUND('',#1123,.T.);
#751=FACE_OUTER_BOUND('',#1124,.T.);
#752=FACE_OUTER_BOUND('',#1125,.T.);
#753=FACE_OUTER_BOUND('',#1126,.T.);
#754=FACE_OUTER_BOUND('',#1127,.T.);
#755=FACE_OUTER_BOUND('',#1128,.T.);
#756=FACE_OUTER_BOUND('',#1129,.T.);
#757=FACE_OUTER_BOUND('',#1130,.T.);
#758=FACE_OUTER_BOUND('',#1131,.T.);
#759=FACE_OUTER_BOUND('',#1132,.T.);
#760=FACE_OUTER_BOUND('',#1133,.T.);
#761=FACE_OUTER_BOUND('',#1134,.T.);
#762=FACE_OUTER_BOUND('',#1135,.T.);
#763=FACE_OUTER_BOUND('',#1136,.T.);
#764=FACE_OUTER_BOUND('',#1137,.T.);
#765=FACE_OUTER_BOUND('',#1138,.T.);
#766=FACE_OUTER_BOUND('',#1139,.T.);
#767=FACE_OUTER_BOUND('',#1140,.T.);
#768=FACE_OUTER_BOUND('',#1141,.T.);
#769=FACE_OUTER_BOUND('',#1142,.T.);
#770=FACE_OUTER_BOUND('',#1143,.T.);
#771=FACE_OUTER_BOUND('',#1144,.T.);
#772=FACE_OUTER_BOUND('',#1145,.T.);
#773=FACE_OUTER_BOUND('',#1146,.T.);
#774=FACE_OUTER_BOUND('',#1147,.T.);
#775=FACE_OUTER_BOUND('',#1148,.T.);
#776=FACE_OUTER_BOUND('',#1149,.T.);
#777=FACE_OUTER_BOUND('',#1150,.T.);
#778=FACE_OUTER_BOUND('',#1151,.T.);
#779=FACE_OUTER_BOUND('',#1152,.T.);
#780=FACE_OUTER_BOUND('',#1153,.T.);
#781=FACE_OUTER_BOUND('',#1154,.T.);
#782=FACE_OUTER_BOUND('',#1155,.T.);
#783=FACE_OUTER_BOUND('',#1156,.T.);
#784=FACE_OUTER_BOUND('',#1157,.T.);
#785=FACE_OUTER_BOUND('',#1158,.T.);
#786=FACE_OUTER_BOUND('',#1159,.T.);
#787=FACE_OUTER_BOUND('',#1160,.T.);
#788=FACE_OUTER_BOUND('',#1161,.T.);
#789=FACE_OUTER_BOUND('',#1162,.T.);
#790=FACE_OUTER_BOUND('',#1163,.T.);
#791=FACE_OUTER_BOUND('',#1164,.T.);
#792=FACE_OUTER_BOUND('',#1165,.T.);
#793=FACE_OUTER_BOUND('',#1166,.T.);
#794=FACE_OUTER_BOUND('',#1167,.T.);
#795=FACE_OUTER_BOUND('',#1168,.T.);
#796=FACE_OUTER_BOUND('',#1169,.T.);
#797=FACE_OUTER_BOUND('',#1170,.T.);
#798=FACE_OUTER_BOUND('',#1171,.T.);
#799=FACE_OUTER_BOUND('',#1172,.T.);
#800=FACE_OUTER_BOUND('',#1173,.T.);
#801=FACE_OUTER_BOUND('',#1174,.T.);
#802=FACE_OUTER_BOUND('',#1175,.T.);
#803=FACE_OUTER_BOUND('',#1176,.T.);
#804=FACE_OUTER_BOUND('',#1177,.T.);
#805=FACE_OUTER_BOUND('',#1178,.T.);
#806=FACE_OUTER_BOUND('',#1179,.T.);
#807=FACE_OUTER_BOUND('',#1180,.T.);
#808=FACE_OUTER_BOUND('',#1181,.T.);
#809=FACE_OUTER_BOUND('',#1182,.T.);
#810=FACE_OUTER_BOUND('',#1183,.T.);
#811=FACE_OUTER_BOUND('',#1184,.T.);
#812=FACE_OUTER_BOUND('',#1185,.T.);
#813=FACE_OUTER_BOUND('',#1186,.T.);
#814=FACE_OUTER_BOUND('',#1187,.T.);
#815=FACE_OUTER_BOUND('',#1188,.T.);
#816=FACE_OUTER_BOUND('',#1189,.T.);
#817=FACE_OUTER_BOUND('',#1190,.T.);
#818=FACE_OUTER_BOUND('',#1191,.T.);
#819=FACE_OUTER_BOUND('',#1192,.T.);
#820=FACE_OUTER_BOUND('',#1193,.T.);
#821=FACE_OUTER_BOUND('',#1194,.T.);
#822=FACE_OUTER_BOUND('',#1195,.T.);
#823=FACE_OUTER_BOUND('',#1196,.T.);
#824=FACE_OUTER_BOUND('',#1197,.T.);
#825=FACE_OUTER_BOUND('',#1198,.T.);
#826=FACE_OUTER_BOUND('',#1199,.T.);
#827=FACE_OUTER_BOUND('',#1200,.T.);
#828=FACE_OUTER_BOUND('',#1201,.T.);
#829=FACE_OUTER_BOUND('',#1202,.T.);
#830=FACE_OUTER_BOUND('',#1203,.T.);
#831=FACE_OUTER_BOUND('',#1204,.T.);
#832=FACE_OUTER_BOUND('',#1205,.T.);
#833=FACE_OUTER_BOUND('',#1206,.T.);
#834=FACE_OUTER_BOUND('',#1207,.T.);
#835=FACE_OUTER_BOUND('',#1208,.T.);
#836=FACE_OUTER_BOUND('',#1209,.T.);
#837=FACE_OUTER_BOUND('',#1210,.T.);
#838=FACE_OUTER_BOUND('',#1211,.T.);
#839=FACE_OUTER_BOUND('',#1212,.T.);
#840=FACE_OUTER_BOUND('',#1213,.T.);
#841=FACE_OUTER_BOUND('',#1214,.T.);
#842=FACE_OUTER_BOUND('',#1215,.T.);
#843=FACE_OUTER_BOUND('',#1216,.T.);
#844=FACE_OUTER_BOUND('',#1217,.T.);
#845=FACE_OUTER_BOUND('',#1218,.T.);
#846=FACE_OUTER_BOUND('',#1219,.T.);
#847=FACE_OUTER_BOUND('',#1220,.T.);
#848=FACE_OUTER_BOUND('',#1221,.T.);
#849=FACE_OUTER_BOUND('',#1222,.T.);
#850=FACE_OUTER_BOUND('',#1223,.T.);
#851=FACE_OUTER_BOUND('',#1224,.T.);
#852=FACE_OUTER_BOUND('',#1225,.T.);
#853=FACE_OUTER_BOUND('',#1226,.T.);
#854=FACE_OUTER_BOUND('',#1227,.T.);
#855=FACE_OUTER_BOUND('',#1228,.T.);
#856=FACE_OUTER_BOUND('',#1229,.T.);
#857=FACE_OUTER_BOUND('',#1230,.T.);
#858=FACE_OUTER_BOUND('',#1231,.T.);
#859=FACE_OUTER_BOUND('',#1232,.T.);
#860=FACE_OUTER_BOUND('',#1233,.T.);
#861=FACE_OUTER_BOUND('',#1234,.T.);
#862=FACE_OUTER_BOUND('',#1235,.T.);
#863=FACE_OUTER_BOUND('',#1236,.T.);
#864=EDGE_LOOP('',(#4842,#4843,#4844,#4845));
#865=EDGE_LOOP('',(#4846,#4847,#4848,#4849));
#866=EDGE_LOOP('',(#4850,#4851,#4852,#4853));
#867=EDGE_LOOP('',(#4854,#4855,#4856,#4857));
#868=EDGE_LOOP('',(#4858,#4859,#4860,#4861));
#869=EDGE_LOOP('',(#4862,#4863,#4864,#4865));
#870=EDGE_LOOP('',(#4866,#4867,#4868,#4869));
#871=EDGE_LOOP('',(#4870,#4871,#4872,#4873));
#872=EDGE_LOOP('',(#4874,#4875,#4876,#4877));
#873=EDGE_LOOP('',(#4878,#4879,#4880,#4881));
#874=EDGE_LOOP('',(#4882,#4883,#4884,#4885));
#875=EDGE_LOOP('',(#4886,#4887,#4888,#4889));
#876=EDGE_LOOP('',(#4890,#4891,#4892,#4893));
#877=EDGE_LOOP('',(#4894,#4895,#4896,#4897));
#878=EDGE_LOOP('',(#4898,#4899,#4900,#4901));
#879=EDGE_LOOP('',(#4902,#4903,#4904,#4905));
#880=EDGE_LOOP('',(#4906,#4907,#4908,#4909));
#881=EDGE_LOOP('',(#4910,#4911,#4912,#4913));
#882=EDGE_LOOP('',(#4914,#4915,#4916,#4917));
#883=EDGE_LOOP('',(#4918,#4919,#4920,#4921));
#884=EDGE_LOOP('',(#4922,#4923,#4924,#4925));
#885=EDGE_LOOP('',(#4926,#4927,#4928,#4929));
#886=EDGE_LOOP('',(#4930,#4931,#4932,#4933));
#887=EDGE_LOOP('',(#4934,#4935,#4936,#4937));
#888=EDGE_LOOP('',(#4938,#4939,#4940,#4941));
#889=EDGE_LOOP('',(#4942,#4943,#4944,#4945));
#890=EDGE_LOOP('',(#4946,#4947,#4948,#4949));
#891=EDGE_LOOP('',(#4950,#4951,#4952,#4953));
#892=EDGE_LOOP('',(#4954,#4955,#4956,#4957));
#893=EDGE_LOOP('',(#4958,#4959,#4960,#4961));
#894=EDGE_LOOP('',(#4962,#4963,#4964,#4965));
#895=EDGE_LOOP('',(#4966,#4967,#4968,#4969));
#896=EDGE_LOOP('',(#4970,#4971,#4972,#4973));
#897=EDGE_LOOP('',(#4974,#4975,#4976,#4977));
#898=EDGE_LOOP('',(#4978,#4979,#4980,#4981));
#899=EDGE_LOOP('',(#4982,#4983,#4984,#4985));
#900=EDGE_LOOP('',(#4986,#4987,#4988,#4989));
#901=EDGE_LOOP('',(#4990,#4991,#4992,#4993));
#902=EDGE_LOOP('',(#4994,#4995,#4996,#4997,#4998,#4999,#5000,#5001,#5002,
#5003,#5004,#5005,#5006,#5007,#5008,#5009,#5010,#5011,#5012,#5013,#5014,
#5015,#5016,#5017,#5018,#5019,#5020,#5021,#5022,#5023,#5024,#5025,#5026,
#5027,#5028,#5029,#5030,#5031));
#903=EDGE_LOOP('',(#5032,#5033,#5034,#5035));
#904=EDGE_LOOP('',(#5036,#5037,#5038,#5039));
#905=EDGE_LOOP('',(#5040,#5041,#5042,#5043));
#906=EDGE_LOOP('',(#5044,#5045,#5046,#5047));
#907=EDGE_LOOP('',(#5048,#5049,#5050,#5051));
#908=EDGE_LOOP('',(#5052,#5053,#5054,#5055));
#909=EDGE_LOOP('',(#5056,#5057,#5058,#5059));
#910=EDGE_LOOP('',(#5060,#5061,#5062,#5063));
#911=EDGE_LOOP('',(#5064,#5065,#5066,#5067));
#912=EDGE_LOOP('',(#5068,#5069,#5070,#5071));
#913=EDGE_LOOP('',(#5072,#5073,#5074,#5075));
#914=EDGE_LOOP('',(#5076,#5077,#5078,#5079));
#915=EDGE_LOOP('',(#5080,#5081,#5082,#5083));
#916=EDGE_LOOP('',(#5084,#5085,#5086,#5087));
#917=EDGE_LOOP('',(#5088,#5089,#5090,#5091));
#918=EDGE_LOOP('',(#5092,#5093,#5094,#5095));
#919=EDGE_LOOP('',(#5096,#5097,#5098,#5099));
#920=EDGE_LOOP('',(#5100,#5101,#5102,#5103));
#921=EDGE_LOOP('',(#5104,#5105,#5106,#5107));
#922=EDGE_LOOP('',(#5108,#5109,#5110,#5111));
#923=EDGE_LOOP('',(#5112,#5113,#5114,#5115));
#924=EDGE_LOOP('',(#5116,#5117,#5118,#5119));
#925=EDGE_LOOP('',(#5120,#5121,#5122,#5123));
#926=EDGE_LOOP('',(#5124,#5125,#5126,#5127));
#927=EDGE_LOOP('',(#5128,#5129,#5130,#5131));
#928=EDGE_LOOP('',(#5132,#5133,#5134,#5135));
#929=EDGE_LOOP('',(#5136,#5137,#5138,#5139));
#930=EDGE_LOOP('',(#5140,#5141,#5142,#5143));
#931=EDGE_LOOP('',(#5144,#5145,#5146,#5147,#5148,#5149,#5150,#5151,#5152,
#5153,#5154,#5155,#5156,#5157,#5158,#5159,#5160,#5161,#5162,#5163,#5164,
#5165,#5166,#5167,#5168,#5169,#5170,#5171));
#932=EDGE_LOOP('',(#5172,#5173,#5174,#5175));
#933=EDGE_LOOP('',(#5176,#5177,#5178,#5179));
#934=EDGE_LOOP('',(#5180,#5181,#5182,#5183));
#935=EDGE_LOOP('',(#5184,#5185,#5186,#5187));
#936=EDGE_LOOP('',(#5188,#5189,#5190,#5191));
#937=EDGE_LOOP('',(#5192,#5193,#5194,#5195));
#938=EDGE_LOOP('',(#5196,#5197,#5198,#5199));
#939=EDGE_LOOP('',(#5200,#5201,#5202,#5203));
#940=EDGE_LOOP('',(#5204,#5205,#5206,#5207));
#941=EDGE_LOOP('',(#5208,#5209,#5210,#5211));
#942=EDGE_LOOP('',(#5212,#5213,#5214,#5215));
#943=EDGE_LOOP('',(#5216,#5217,#5218,#5219));
#944=EDGE_LOOP('',(#5220,#5221,#5222,#5223));
#945=EDGE_LOOP('',(#5224,#5225,#5226,#5227));
#946=EDGE_LOOP('',(#5228,#5229,#5230,#5231));
#947=EDGE_LOOP('',(#5232,#5233,#5234,#5235));
#948=EDGE_LOOP('',(#5236,#5237,#5238,#5239));
#949=EDGE_LOOP('',(#5240,#5241,#5242,#5243));
#950=EDGE_LOOP('',(#5244,#5245,#5246,#5247));
#951=EDGE_LOOP('',(#5248,#5249,#5250,#5251,#5252,#5253,#5254,#5255,#5256,
#5257));
#952=EDGE_LOOP('',(#5258,#5259,#5260,#5261,#5262,#5263,#5264,#5265,#5266));
#953=EDGE_LOOP('',(#5267,#5268,#5269,#5270,#5271,#5272,#5273,#5274,#5275,
#5276,#5277,#5278));
#954=EDGE_LOOP('',(#5279,#5280,#5281,#5282,#5283,#5284,#5285,#5286,#5287,
#5288,#5289,#5290,#5291,#5292,#5293,#5294,#5295,#5296,#5297,#5298,#5299,
#5300,#5301,#5302,#5303,#5304,#5305,#5306,#5307,#5308,#5309,#5310,#5311,
#5312,#5313,#5314,#5315,#5316));
#955=EDGE_LOOP('',(#5317,#5318,#5319,#5320,#5321,#5322,#5323,#5324,#5325,
#5326,#5327,#5328,#5329,#5330,#5331,#5332,#5333,#5334,#5335,#5336,#5337,
#5338,#5339,#5340,#5341,#5342,#5343,#5344));
#956=EDGE_LOOP('',(#5345,#5346,#5347,#5348,#5349,#5350,#5351,#5352,#5353,
#5354,#5355,#5356,#5357,#5358,#5359,#5360,#5361,#5362,#5363,#5364,#5365,
#5366,#5367));
#957=EDGE_LOOP('',(#5368,#5369,#5370,#5371));
#958=EDGE_LOOP('',(#5372,#5373,#5374,#5375,#5376,#5377,#5378,#5379,#5380,
#5381));
#959=EDGE_LOOP('',(#5382,#5383,#5384,#5385));
#960=EDGE_LOOP('',(#5386,#5387,#5388,#5389));
#961=EDGE_LOOP('',(#5390,#5391,#5392,#5393));
#962=EDGE_LOOP('',(#5394,#5395,#5396,#5397));
#963=EDGE_LOOP('',(#5398,#5399,#5400,#5401));
#964=EDGE_LOOP('',(#5402,#5403,#5404,#5405));
#965=EDGE_LOOP('',(#5406,#5407,#5408,#5409));
#966=EDGE_LOOP('',(#5410,#5411,#5412,#5413));
#967=EDGE_LOOP('',(#5414,#5415,#5416,#5417));
#968=EDGE_LOOP('',(#5418,#5419,#5420,#5421));
#969=EDGE_LOOP('',(#5422,#5423,#5424,#5425));
#970=EDGE_LOOP('',(#5426,#5427,#5428,#5429));
#971=EDGE_LOOP('',(#5430,#5431,#5432,#5433));
#972=EDGE_LOOP('',(#5434,#5435,#5436,#5437));
#973=EDGE_LOOP('',(#5438,#5439,#5440,#5441));
#974=EDGE_LOOP('',(#5442,#5443,#5444,#5445));
#975=EDGE_LOOP('',(#5446,#5447,#5448,#5449));
#976=EDGE_LOOP('',(#5450,#5451,#5452,#5453));
#977=EDGE_LOOP('',(#5454,#5455,#5456,#5457));
#978=EDGE_LOOP('',(#5458,#5459,#5460,#5461));
#979=EDGE_LOOP('',(#5462,#5463,#5464,#5465));
#980=EDGE_LOOP('',(#5466,#5467,#5468,#5469));
#981=EDGE_LOOP('',(#5470,#5471,#5472,#5473));
#982=EDGE_LOOP('',(#5474,#5475,#5476,#5477));
#983=EDGE_LOOP('',(#5478,#5479,#5480,#5481));
#984=EDGE_LOOP('',(#5482,#5483,#5484,#5485));
#985=EDGE_LOOP('',(#5486,#5487,#5488,#5489));
#986=EDGE_LOOP('',(#5490,#5491,#5492,#5493));
#987=EDGE_LOOP('',(#5494,#5495,#5496,#5497));
#988=EDGE_LOOP('',(#5498,#5499,#5500,#5501));
#989=EDGE_LOOP('',(#5502,#5503,#5504,#5505));
#990=EDGE_LOOP('',(#5506,#5507,#5508,#5509));
#991=EDGE_LOOP('',(#5510,#5511,#5512,#5513,#5514,#5515,#5516,#5517,#5518,
#5519,#5520,#5521,#5522,#5523,#5524,#5525,#5526,#5527,#5528,#5529,#5530,
#5531,#5532));
#992=EDGE_LOOP('',(#5533,#5534,#5535,#5536,#5537,#5538,#5539,#5540,#5541));
#993=EDGE_LOOP('',(#5542,#5543,#5544,#5545,#5546,#5547,#5548,#5549,#5550));
#994=EDGE_LOOP('',(#5551,#5552,#5553,#5554));
#995=EDGE_LOOP('',(#5555,#5556,#5557,#5558));
#996=EDGE_LOOP('',(#5559,#5560,#5561,#5562));
#997=EDGE_LOOP('',(#5563,#5564,#5565,#5566));
#998=EDGE_LOOP('',(#5567,#5568,#5569,#5570));
#999=EDGE_LOOP('',(#5571,#5572,#5573,#5574,#5575,#5576,#5577,#5578,#5579,
#5580,#5581,#5582,#5583,#5584,#5585,#5586,#5587,#5588,#5589,#5590,#5591,
#5592,#5593,#5594,#5595,#5596,#5597,#5598,#5599,#5600,#5601,#5602));
#1000=EDGE_LOOP('',(#5603,#5604,#5605,#5606));
#1001=EDGE_LOOP('',(#5607,#5608,#5609,#5610));
#1002=EDGE_LOOP('',(#5611,#5612,#5613,#5614));
#1003=EDGE_LOOP('',(#5615,#5616,#5617,#5618,#5619,#5620,#5621,#5622,#5623,
#5624));
#1004=EDGE_LOOP('',(#5625,#5626,#5627,#5628));
#1005=EDGE_LOOP('',(#5629,#5630,#5631,#5632));
#1006=EDGE_LOOP('',(#5633,#5634,#5635,#5636));
#1007=EDGE_LOOP('',(#5637,#5638,#5639,#5640,#5641,#5642,#5643,#5644,#5645,
#5646));
#1008=EDGE_LOOP('',(#5647,#5648,#5649,#5650));
#1009=EDGE_LOOP('',(#5651,#5652,#5653,#5654));
#1010=EDGE_LOOP('',(#5655,#5656,#5657,#5658,#5659,#5660,#5661,#5662,#5663,
#5664));
#1011=EDGE_LOOP('',(#5665,#5666,#5667,#5668));
#1012=EDGE_LOOP('',(#5669,#5670,#5671,#5672,#5673,#5674,#5675,#5676,#5677,
#5678));
#1013=EDGE_LOOP('',(#5679,#5680,#5681,#5682));
#1014=EDGE_LOOP('',(#5683,#5684,#5685,#5686));
#1015=EDGE_LOOP('',(#5687,#5688,#5689,#5690));
#1016=EDGE_LOOP('',(#5691,#5692,#5693,#5694));
#1017=EDGE_LOOP('',(#5695,#5696,#5697,#5698,#5699,#5700,#5701,#5702,#5703,
#5704));
#1018=EDGE_LOOP('',(#5705,#5706,#5707,#5708));
#1019=EDGE_LOOP('',(#5709,#5710,#5711,#5712,#5713,#5714,#5715,#5716,#5717,
#5718,#5719,#5720,#5721,#5722,#5723,#5724,#5725,#5726,#5727,#5728));
#1020=EDGE_LOOP('',(#5729,#5730,#5731,#5732,#5733,#5734,#5735,#5736,#5737,
#5738,#5739,#5740,#5741,#5742,#5743,#5744,#5745,#5746,#5747,#5748,#5749,
#5750,#5751,#5752));
#1021=EDGE_LOOP('',(#5753,#5754,#5755,#5756,#5757,#5758,#5759,#5760,#5761,
#5762,#5763,#5764,#5765,#5766,#5767,#5768,#5769,#5770,#5771,#5772));
#1022=EDGE_LOOP('',(#5773,#5774,#5775,#5776,#5777,#5778,#5779,#5780,#5781,
#5782,#5783,#5784,#5785,#5786,#5787,#5788,#5789,#5790,#5791,#5792,#5793,
#5794,#5795,#5796,#5797,#5798,#5799,#5800));
#1023=EDGE_LOOP('',(#5801,#5802,#5803,#5804));
#1024=EDGE_LOOP('',(#5805,#5806,#5807,#5808));
#1025=EDGE_LOOP('',(#5809,#5810,#5811,#5812));
#1026=EDGE_LOOP('',(#5813,#5814,#5815,#5816));
#1027=EDGE_LOOP('',(#5817,#5818,#5819,#5820,#5821,#5822,#5823,#5824,#5825));
#1028=EDGE_LOOP('',(#5826,#5827,#5828,#5829));
#1029=EDGE_LOOP('',(#5830,#5831,#5832,#5833));
#1030=EDGE_LOOP('',(#5834,#5835,#5836,#5837,#5838));
#1031=EDGE_LOOP('',(#5839,#5840,#5841,#5842,#5843,#5844,#5845,#5846,#5847,
#5848,#5849,#5850,#5851,#5852,#5853,#5854,#5855,#5856,#5857,#5858));
#1032=EDGE_LOOP('',(#5859,#5860,#5861,#5862,#5863));
#1033=EDGE_LOOP('',(#5864,#5865,#5866,#5867));
#1034=EDGE_LOOP('',(#5868,#5869,#5870,#5871));
#1035=EDGE_LOOP('',(#5872,#5873,#5874,#5875));
#1036=EDGE_LOOP('',(#5876,#5877,#5878,#5879));
#1037=EDGE_LOOP('',(#5880,#5881,#5882,#5883,#5884,#5885,#5886,#5887,#5888,
#5889,#5890,#5891,#5892,#5893,#5894,#5895,#5896,#5897,#5898,#5899,#5900,
#5901,#5902,#5903,#5904,#5905,#5906,#5907,#5908,#5909,#5910,#5911,#5912,
#5913,#5914,#5915,#5916,#5917,#5918,#5919,#5920,#5921,#5922,#5923,#5924,
#5925,#5926,#5927));
#1038=EDGE_LOOP('',(#5928,#5929,#5930,#5931));
#1039=EDGE_LOOP('',(#5932,#5933,#5934,#5935,#5936,#5937,#5938));
#1040=EDGE_LOOP('',(#5939,#5940,#5941,#5942));
#1041=EDGE_LOOP('',(#5943,#5944,#5945,#5946));
#1042=EDGE_LOOP('',(#5947,#5948,#5949,#5950,#5951,#5952,#5953));
#1043=EDGE_LOOP('',(#5954,#5955,#5956,#5957));
#1044=EDGE_LOOP('',(#5958,#5959,#5960,#5961));
#1045=EDGE_LOOP('',(#5962,#5963,#5964,#5965));
#1046=EDGE_LOOP('',(#5966,#5967,#5968,#5969));
#1047=EDGE_LOOP('',(#5970,#5971,#5972,#5973));
#1048=EDGE_LOOP('',(#5974,#5975,#5976,#5977));
#1049=EDGE_LOOP('',(#5978,#5979,#5980,#5981));
#1050=EDGE_LOOP('',(#5982,#5983,#5984,#5985));
#1051=EDGE_LOOP('',(#5986,#5987,#5988,#5989));
#1052=EDGE_LOOP('',(#5990,#5991,#5992,#5993));
#1053=EDGE_LOOP('',(#5994,#5995,#5996,#5997));
#1054=EDGE_LOOP('',(#5998,#5999,#6000,#6001));
#1055=EDGE_LOOP('',(#6002,#6003,#6004,#6005));
#1056=EDGE_LOOP('',(#6006,#6007,#6008,#6009));
#1057=EDGE_LOOP('',(#6010,#6011,#6012,#6013));
#1058=EDGE_LOOP('',(#6014,#6015,#6016,#6017));
#1059=EDGE_LOOP('',(#6018,#6019,#6020,#6021));
#1060=EDGE_LOOP('',(#6022,#6023,#6024,#6025));
#1061=EDGE_LOOP('',(#6026,#6027,#6028,#6029));
#1062=EDGE_LOOP('',(#6030,#6031,#6032,#6033,#6034,#6035,#6036,#6037));
#1063=EDGE_LOOP('',(#6038,#6039,#6040,#6041,#6042,#6043,#6044,#6045));
#1064=EDGE_LOOP('',(#6046,#6047,#6048,#6049));
#1065=EDGE_LOOP('',(#6050,#6051,#6052,#6053,#6054,#6055));
#1066=EDGE_LOOP('',(#6056,#6057,#6058,#6059,#6060,#6061));
#1067=EDGE_LOOP('',(#6062,#6063,#6064,#6065));
#1068=EDGE_LOOP('',(#6066,#6067,#6068,#6069));
#1069=EDGE_LOOP('',(#6070,#6071,#6072,#6073));
#1070=EDGE_LOOP('',(#6074,#6075,#6076,#6077));
#1071=EDGE_LOOP('',(#6078,#6079,#6080,#6081));
#1072=EDGE_LOOP('',(#6082,#6083,#6084,#6085));
#1073=EDGE_LOOP('',(#6086,#6087,#6088,#6089,#6090,#6091,#6092,#6093,#6094,
#6095));
#1074=EDGE_LOOP('',(#6096,#6097,#6098,#6099,#6100,#6101,#6102,#6103,#6104,
#6105));
#1075=EDGE_LOOP('',(#6106,#6107,#6108,#6109));
#1076=EDGE_LOOP('',(#6110,#6111,#6112,#6113));
#1077=EDGE_LOOP('',(#6114,#6115,#6116,#6117));
#1078=EDGE_LOOP('',(#6118,#6119,#6120,#6121));
#1079=EDGE_LOOP('',(#6122,#6123,#6124,#6125));
#1080=EDGE_LOOP('',(#6126,#6127,#6128,#6129));
#1081=EDGE_LOOP('',(#6130,#6131,#6132,#6133));
#1082=EDGE_LOOP('',(#6134,#6135,#6136,#6137,#6138,#6139,#6140,#6141,#6142));
#1083=EDGE_LOOP('',(#6143,#6144,#6145,#6146,#6147,#6148,#6149,#6150,#6151));
#1084=EDGE_LOOP('',(#6152,#6153,#6154,#6155));
#1085=EDGE_LOOP('',(#6156,#6157,#6158,#6159));
#1086=EDGE_LOOP('',(#6160,#6161,#6162,#6163));
#1087=EDGE_LOOP('',(#6164,#6165,#6166,#6167,#6168,#6169,#6170,#6171));
#1088=EDGE_LOOP('',(#6172,#6173,#6174,#6175,#6176,#6177,#6178,#6179));
#1089=EDGE_LOOP('',(#6180,#6181,#6182,#6183));
#1090=EDGE_LOOP('',(#6184,#6185,#6186,#6187));
#1091=EDGE_LOOP('',(#6188,#6189,#6190,#6191));
#1092=EDGE_LOOP('',(#6192,#6193,#6194,#6195));
#1093=EDGE_LOOP('',(#6196,#6197,#6198,#6199));
#1094=EDGE_LOOP('',(#6200,#6201,#6202,#6203));
#1095=EDGE_LOOP('',(#6204,#6205,#6206,#6207));
#1096=EDGE_LOOP('',(#6208,#6209,#6210,#6211));
#1097=EDGE_LOOP('',(#6212,#6213,#6214,#6215));
#1098=EDGE_LOOP('',(#6216,#6217,#6218,#6219,#6220,#6221,#6222,#6223,#6224,
#6225));
#1099=EDGE_LOOP('',(#6226,#6227,#6228,#6229));
#1100=EDGE_LOOP('',(#6230,#6231,#6232,#6233));
#1101=EDGE_LOOP('',(#6234,#6235,#6236,#6237,#6238,#6239,#6240,#6241));
#1102=EDGE_LOOP('',(#6242,#6243,#6244,#6245));
#1103=EDGE_LOOP('',(#6246,#6247,#6248,#6249,#6250,#6251,#6252,#6253));
#1104=EDGE_LOOP('',(#6254,#6255,#6256,#6257,#6258,#6259,#6260,#6261));
#1105=EDGE_LOOP('',(#6262,#6263,#6264,#6265));
#1106=EDGE_LOOP('',(#6266,#6267,#6268,#6269));
#1107=EDGE_LOOP('',(#6270,#6271,#6272,#6273,#6274,#6275,#6276,#6277));
#1108=EDGE_LOOP('',(#6278,#6279,#6280,#6281));
#1109=EDGE_LOOP('',(#6282,#6283,#6284,#6285));
#1110=EDGE_LOOP('',(#6286,#6287,#6288,#6289));
#1111=EDGE_LOOP('',(#6290,#6291,#6292,#6293));
#1112=EDGE_LOOP('',(#6294,#6295,#6296,#6297));
#1113=EDGE_LOOP('',(#6298,#6299,#6300,#6301,#6302,#6303,#6304,#6305));
#1114=EDGE_LOOP('',(#6306,#6307,#6308,#6309));
#1115=EDGE_LOOP('',(#6310,#6311,#6312,#6313,#6314,#6315,#6316,#6317));
#1116=EDGE_LOOP('',(#6318,#6319,#6320,#6321,#6322,#6323,#6324,#6325));
#1117=EDGE_LOOP('',(#6326,#6327,#6328,#6329));
#1118=EDGE_LOOP('',(#6330,#6331,#6332,#6333));
#1119=EDGE_LOOP('',(#6334,#6335,#6336,#6337,#6338,#6339,#6340,#6341));
#1120=EDGE_LOOP('',(#6342,#6343,#6344,#6345));
#1121=EDGE_LOOP('',(#6346,#6347,#6348,#6349,#6350,#6351));
#1122=EDGE_LOOP('',(#6352,#6353,#6354,#6355));
#1123=EDGE_LOOP('',(#6356,#6357,#6358,#6359));
#1124=EDGE_LOOP('',(#6360,#6361,#6362,#6363));
#1125=EDGE_LOOP('',(#6364,#6365,#6366,#6367,#6368,#6369,#6370,#6371));
#1126=EDGE_LOOP('',(#6372,#6373,#6374,#6375,#6376,#6377,#6378,#6379));
#1127=EDGE_LOOP('',(#6380,#6381,#6382,#6383));
#1128=EDGE_LOOP('',(#6384,#6385,#6386,#6387,#6388,#6389));
#1129=EDGE_LOOP('',(#6390,#6391,#6392,#6393,#6394,#6395));
#1130=EDGE_LOOP('',(#6396,#6397,#6398,#6399));
#1131=EDGE_LOOP('',(#6400,#6401,#6402,#6403,#6404,#6405,#6406,#6407));
#1132=EDGE_LOOP('',(#6408,#6409,#6410,#6411,#6412,#6413,#6414,#6415));
#1133=EDGE_LOOP('',(#6416,#6417,#6418,#6419));
#1134=EDGE_LOOP('',(#6420,#6421,#6422,#6423,#6424,#6425));
#1135=EDGE_LOOP('',(#6426,#6427,#6428,#6429,#6430,#6431));
#1136=EDGE_LOOP('',(#6432,#6433,#6434,#6435));
#1137=EDGE_LOOP('',(#6436,#6437,#6438,#6439,#6440,#6441,#6442,#6443));
#1138=EDGE_LOOP('',(#6444,#6445,#6446,#6447,#6448,#6449,#6450,#6451));
#1139=EDGE_LOOP('',(#6452,#6453,#6454,#6455));
#1140=EDGE_LOOP('',(#6456,#6457,#6458,#6459,#6460,#6461));
#1141=EDGE_LOOP('',(#6462,#6463,#6464,#6465,#6466,#6467));
#1142=EDGE_LOOP('',(#6468,#6469,#6470,#6471));
#1143=EDGE_LOOP('',(#6472,#6473,#6474,#6475));
#1144=EDGE_LOOP('',(#6476,#6477,#6478,#6479));
#1145=EDGE_LOOP('',(#6480,#6481,#6482,#6483));
#1146=EDGE_LOOP('',(#6484,#6485,#6486,#6487));
#1147=EDGE_LOOP('',(#6488,#6489,#6490,#6491));
#1148=EDGE_LOOP('',(#6492,#6493,#6494,#6495,#6496,#6497,#6498,#6499,#6500,
#6501));
#1149=EDGE_LOOP('',(#6502,#6503,#6504,#6505,#6506,#6507,#6508,#6509,#6510,
#6511));
#1150=EDGE_LOOP('',(#6512,#6513,#6514,#6515));
#1151=EDGE_LOOP('',(#6516,#6517,#6518,#6519));
#1152=EDGE_LOOP('',(#6520,#6521,#6522,#6523));
#1153=EDGE_LOOP('',(#6524,#6525,#6526,#6527));
#1154=EDGE_LOOP('',(#6528,#6529,#6530,#6531));
#1155=EDGE_LOOP('',(#6532,#6533,#6534,#6535));
#1156=EDGE_LOOP('',(#6536,#6537,#6538,#6539));
#1157=EDGE_LOOP('',(#6540,#6541,#6542,#6543));
#1158=EDGE_LOOP('',(#6544,#6545,#6546,#6547,#6548,#6549,#6550,#6551,#6552,
#6553));
#1159=EDGE_LOOP('',(#6554,#6555,#6556,#6557,#6558,#6559,#6560,#6561,#6562,
#6563));
#1160=EDGE_LOOP('',(#6564,#6565,#6566,#6567));
#1161=EDGE_LOOP('',(#6568,#6569,#6570,#6571));
#1162=EDGE_LOOP('',(#6572,#6573,#6574,#6575));
#1163=EDGE_LOOP('',(#6576,#6577,#6578,#6579));
#1164=EDGE_LOOP('',(#6580,#6581,#6582,#6583));
#1165=EDGE_LOOP('',(#6584,#6585,#6586,#6587));
#1166=EDGE_LOOP('',(#6588,#6589,#6590,#6591));
#1167=EDGE_LOOP('',(#6592,#6593,#6594,#6595));
#1168=EDGE_LOOP('',(#6596,#6597,#6598,#6599,#6600,#6601,#6602,#6603,#6604,
#6605));
#1169=EDGE_LOOP('',(#6606,#6607,#6608,#6609,#6610,#6611,#6612,#6613,#6614,
#6615));
#1170=EDGE_LOOP('',(#6616,#6617,#6618,#6619));
#1171=EDGE_LOOP('',(#6620,#6621,#6622,#6623));
#1172=EDGE_LOOP('',(#6624,#6625,#6626,#6627));
#1173=EDGE_LOOP('',(#6628,#6629,#6630,#6631));
#1174=EDGE_LOOP('',(#6632,#6633,#6634,#6635));
#1175=EDGE_LOOP('',(#6636,#6637,#6638,#6639));
#1176=EDGE_LOOP('',(#6640,#6641,#6642,#6643));
#1177=EDGE_LOOP('',(#6644,#6645,#6646,#6647,#6648,#6649,#6650,#6651,#6652));
#1178=EDGE_LOOP('',(#6653,#6654,#6655,#6656,#6657,#6658,#6659,#6660,#6661));
#1179=EDGE_LOOP('',(#6662,#6663,#6664,#6665));
#1180=EDGE_LOOP('',(#6666,#6667,#6668,#6669));
#1181=EDGE_LOOP('',(#6670,#6671,#6672,#6673));
#1182=EDGE_LOOP('',(#6674,#6675,#6676,#6677,#6678,#6679,#6680,#6681));
#1183=EDGE_LOOP('',(#6682,#6683,#6684,#6685,#6686,#6687,#6688,#6689));
#1184=EDGE_LOOP('',(#6690,#6691,#6692,#6693));
#1185=EDGE_LOOP('',(#6694,#6695,#6696,#6697));
#1186=EDGE_LOOP('',(#6698,#6699,#6700,#6701));
#1187=EDGE_LOOP('',(#6702,#6703,#6704,#6705));
#1188=EDGE_LOOP('',(#6706,#6707,#6708,#6709));
#1189=EDGE_LOOP('',(#6710,#6711,#6712,#6713));
#1190=EDGE_LOOP('',(#6714,#6715,#6716,#6717));
#1191=EDGE_LOOP('',(#6718,#6719,#6720,#6721));
#1192=EDGE_LOOP('',(#6722,#6723,#6724,#6725));
#1193=EDGE_LOOP('',(#6726,#6727,#6728,#6729));
#1194=EDGE_LOOP('',(#6730,#6731,#6732,#6733,#6734,#6735,#6736,#6737,#6738));
#1195=EDGE_LOOP('',(#6739,#6740,#6741,#6742,#6743,#6744,#6745,#6746,#6747));
#1196=EDGE_LOOP('',(#6748,#6749,#6750,#6751));
#1197=EDGE_LOOP('',(#6752,#6753,#6754,#6755));
#1198=EDGE_LOOP('',(#6756,#6757,#6758,#6759));
#1199=EDGE_LOOP('',(#6760,#6761,#6762,#6763,#6764,#6765,#6766,#6767));
#1200=EDGE_LOOP('',(#6768,#6769,#6770,#6771,#6772,#6773,#6774,#6775));
#1201=EDGE_LOOP('',(#6776,#6777,#6778,#6779));
#1202=EDGE_LOOP('',(#6780,#6781,#6782,#6783));
#1203=EDGE_LOOP('',(#6784,#6785,#6786,#6787));
#1204=EDGE_LOOP('',(#6788,#6789,#6790,#6791));
#1205=EDGE_LOOP('',(#6792,#6793,#6794,#6795));
#1206=EDGE_LOOP('',(#6796,#6797,#6798,#6799));
#1207=EDGE_LOOP('',(#6800,#6801,#6802,#6803));
#1208=EDGE_LOOP('',(#6804,#6805,#6806,#6807));
#1209=EDGE_LOOP('',(#6808,#6809,#6810,#6811));
#1210=EDGE_LOOP('',(#6812,#6813,#6814,#6815));
#1211=EDGE_LOOP('',(#6816,#6817,#6818,#6819,#6820,#6821,#6822,#6823,#6824));
#1212=EDGE_LOOP('',(#6825,#6826,#6827,#6828,#6829,#6830,#6831,#6832,#6833));
#1213=EDGE_LOOP('',(#6834,#6835,#6836,#6837));
#1214=EDGE_LOOP('',(#6838,#6839,#6840,#6841));
#1215=EDGE_LOOP('',(#6842,#6843,#6844,#6845));
#1216=EDGE_LOOP('',(#6846,#6847,#6848,#6849,#6850,#6851,#6852,#6853));
#1217=EDGE_LOOP('',(#6854,#6855,#6856,#6857,#6858,#6859,#6860,#6861));
#1218=EDGE_LOOP('',(#6862,#6863,#6864,#6865));
#1219=EDGE_LOOP('',(#6866,#6867,#6868,#6869));
#1220=EDGE_LOOP('',(#6870,#6871,#6872,#6873));
#1221=EDGE_LOOP('',(#6874,#6875,#6876,#6877));
#1222=EDGE_LOOP('',(#6878,#6879,#6880,#6881));
#1223=EDGE_LOOP('',(#6882,#6883,#6884,#6885,#6886,#6887));
#1224=EDGE_LOOP('',(#6888,#6889,#6890,#6891));
#1225=EDGE_LOOP('',(#6892,#6893,#6894,#6895));
#1226=EDGE_LOOP('',(#6896,#6897,#6898,#6899));
#1227=EDGE_LOOP('',(#6900,#6901,#6902,#6903));
#1228=EDGE_LOOP('',(#6904,#6905,#6906,#6907,#6908,#6909));
#1229=EDGE_LOOP('',(#6910,#6911,#6912,#6913,#6914,#6915));
#1230=EDGE_LOOP('',(#6916,#6917,#6918,#6919));
#1231=EDGE_LOOP('',(#6920,#6921,#6922,#6923));
#1232=EDGE_LOOP('',(#6924,#6925,#6926,#6927));
#1233=EDGE_LOOP('',(#6928,#6929,#6930,#6931,#6932,#6933));
#1234=EDGE_LOOP('',(#6934,#6935,#6936,#6937,#6938,#6939));
#1235=EDGE_LOOP('',(#6940,#6941,#6942,#6943));
#1236=EDGE_LOOP('',(#6944,#6945,#6946,#6947));
#1237=LINE('',#9285,#2086);
#1238=LINE('',#9291,#2087);
#1239=LINE('',#9294,#2088);
#1240=LINE('',#9296,#2089);
#1241=LINE('',#9297,#2090);
#1242=LINE('',#9300,#2091);
#1243=LINE('',#9302,#2092);
#1244=LINE('',#9303,#2093);
#1245=LINE('',#9322,#2094);
#1246=LINE('',#9341,#2095);
#1247=LINE('',#9360,#2096);
#1248=LINE('',#9379,#2097);
#1249=LINE('',#9382,#2098);
#1250=LINE('',#9384,#2099);
#1251=LINE('',#9385,#2100);
#1252=LINE('',#9388,#2101);
#1253=LINE('',#9390,#2102);
#1254=LINE('',#9391,#2103);
#1255=LINE('',#9394,#2104);
#1256=LINE('',#9396,#2105);
#1257=LINE('',#9397,#2106);
#1258=LINE('',#9400,#2107);
#1259=LINE('',#9402,#2108);
#1260=LINE('',#9403,#2109);
#1261=LINE('',#9406,#2110);
#1262=LINE('',#9408,#2111);
#1263=LINE('',#9409,#2112);
#1264=LINE('',#9412,#2113);
#1265=LINE('',#9414,#2114);
#1266=LINE('',#9415,#2115);
#1267=LINE('',#9418,#2116);
#1268=LINE('',#9420,#2117);
#1269=LINE('',#9421,#2118);
#1270=LINE('',#9440,#2119);
#1271=LINE('',#9459,#2120);
#1272=LINE('',#9478,#2121);
#1273=LINE('',#9497,#2122);
#1274=LINE('',#9516,#2123);
#1275=LINE('',#9535,#2124);
#1276=LINE('',#9538,#2125);
#1277=LINE('',#9540,#2126);
#1278=LINE('',#9541,#2127);
#1279=LINE('',#9544,#2128);
#1280=LINE('',#9546,#2129);
#1281=LINE('',#9547,#2130);
#1282=LINE('',#9550,#2131);
#1283=LINE('',#9552,#2132);
#1284=LINE('',#9553,#2133);
#1285=LINE('',#9572,#2134);
#1286=LINE('',#9591,#2135);
#1287=LINE('',#9610,#2136);
#1288=LINE('',#9613,#2137);
#1289=LINE('',#9615,#2138);
#1290=LINE('',#9616,#2139);
#1291=LINE('',#9619,#2140);
#1292=LINE('',#9621,#2141);
#1293=LINE('',#9622,#2142);
#1294=LINE('',#9625,#2143);
#1295=LINE('',#9627,#2144);
#1296=LINE('',#9628,#2145);
#1297=LINE('',#9631,#2146);
#1298=LINE('',#9633,#2147);
#1299=LINE('',#9634,#2148);
#1300=LINE('',#9637,#2149);
#1301=LINE('',#9639,#2150);
#1302=LINE('',#9640,#2151);
#1303=LINE('',#9643,#2152);
#1304=LINE('',#9645,#2153);
#1305=LINE('',#9646,#2154);
#1306=LINE('',#9649,#2155);
#1307=LINE('',#9651,#2156);
#1308=LINE('',#9652,#2157);
#1309=LINE('',#9671,#2158);
#1310=LINE('',#9690,#2159);
#1311=LINE('',#9709,#2160);
#1312=LINE('',#9728,#2161);
#1313=LINE('',#9749,#2162);
#1314=LINE('',#9751,#2163);
#1315=LINE('',#9753,#2164);
#1316=LINE('',#9754,#2165);
#1317=LINE('',#9757,#2166);
#1318=LINE('',#9759,#2167);
#1319=LINE('',#9760,#2168);
#1320=LINE('',#9779,#2169);
#1321=LINE('',#9798,#2170);
#1322=LINE('',#9801,#2171);
#1323=LINE('',#9803,#2172);
#1324=LINE('',#9804,#2173);
#1325=LINE('',#9807,#2174);
#1326=LINE('',#9809,#2175);
#1327=LINE('',#9810,#2176);
#1328=LINE('',#9829,#2177);
#1329=LINE('',#9848,#2178);
#1330=LINE('',#9867,#2179);
#1331=LINE('',#9870,#2180);
#1332=LINE('',#9872,#2181);
#1333=LINE('',#9873,#2182);
#1334=LINE('',#9876,#2183);
#1335=LINE('',#9878,#2184);
#1336=LINE('',#9879,#2185);
#1337=LINE('',#9898,#2186);
#1338=LINE('',#9917,#2187);
#1339=LINE('',#9920,#2188);
#1340=LINE('',#9922,#2189);
#1341=LINE('',#9923,#2190);
#1342=LINE('',#9926,#2191);
#1343=LINE('',#9928,#2192);
#1344=LINE('',#9929,#2193);
#1345=LINE('',#9932,#2194);
#1346=LINE('',#9934,#2195);
#1347=LINE('',#9935,#2196);
#1348=LINE('',#9954,#2197);
#1349=LINE('',#9973,#2198);
#1350=LINE('',#9976,#2199);
#1351=LINE('',#9978,#2200);
#1352=LINE('',#9979,#2201);
#1353=LINE('',#9982,#2202);
#1354=LINE('',#9984,#2203);
#1355=LINE('',#9985,#2204);
#1356=LINE('',#9988,#2205);
#1357=LINE('',#9990,#2206);
#1358=LINE('',#9991,#2207);
#1359=LINE('',#9994,#2208);
#1360=LINE('',#9996,#2209);
#1361=LINE('',#9997,#2210);
#1362=LINE('',#10000,#2211);
#1363=LINE('',#10002,#2212);
#1364=LINE('',#10003,#2213);
#1365=LINE('',#10022,#2214);
#1366=LINE('',#10041,#2215);
#1367=LINE('',#10060,#2216);
#1368=LINE('',#10079,#2217);
#1369=LINE('',#10112,#2218);
#1370=LINE('',#10118,#2219);
#1371=LINE('',#10137,#2220);
#1372=LINE('',#10156,#2221);
#1373=LINE('',#10175,#2222);
#1374=LINE('',#10194,#2223);
#1375=LINE('',#10213,#2224);
#1376=LINE('',#10232,#2225);
#1377=LINE('',#10251,#2226);
#1378=LINE('',#10283,#2227);
#1379=LINE('',#10289,#2228);
#1380=LINE('',#10308,#2229);
#1381=LINE('',#10327,#2230);
#1382=LINE('',#10346,#2231);
#1383=LINE('',#10365,#2232);
#1384=LINE('',#10384,#2233);
#1385=LINE('',#10403,#2234);
#1386=LINE('',#10422,#2235);
#1387=LINE('',#10441,#2236);
#1388=LINE('',#10462,#2237);
#1389=LINE('',#10464,#2238);
#1390=LINE('',#10466,#2239);
#1391=LINE('',#10468,#2240);
#1392=LINE('',#10470,#2241);
#1393=LINE('',#10472,#2242);
#1394=LINE('',#10474,#2243);
#1395=LINE('',#10476,#2244);
#1396=LINE('',#10478,#2245);
#1397=LINE('',#10480,#2246);
#1398=LINE('',#10482,#2247);
#1399=LINE('',#10483,#2248);
#1400=LINE('',#10501,#2249);
#1401=LINE('',#10503,#2250);
#1402=LINE('',#10505,#2251);
#1403=LINE('',#10537,#2252);
#1404=LINE('',#10539,#2253);
#1405=LINE('',#10586,#2254);
#1406=LINE('',#10588,#2255);
#1407=LINE('',#10590,#2256);
#1408=LINE('',#10591,#2257);
#1409=LINE('',#10607,#2258);
#1410=LINE('',#10613,#2259);
#1411=LINE('',#10616,#2260);
#1412=LINE('',#10618,#2261);
#1413=LINE('',#10619,#2262);
#1414=LINE('',#10622,#2263);
#1415=LINE('',#10624,#2264);
#1416=LINE('',#10625,#2265);
#1417=LINE('',#10628,#2266);
#1418=LINE('',#10630,#2267);
#1419=LINE('',#10631,#2268);
#1420=LINE('',#10650,#2269);
#1421=LINE('',#10669,#2270);
#1422=LINE('',#10688,#2271);
#1423=LINE('',#10707,#2272);
#1424=LINE('',#10733,#2273);
#1425=LINE('',#10739,#2274);
#1426=LINE('',#10753,#2275);
#1427=LINE('',#10767,#2276);
#1428=LINE('',#10770,#2277);
#1429=LINE('',#10771,#2278);
#1430=LINE('',#10774,#2279);
#1431=LINE('',#10775,#2280);
#1432=LINE('',#10778,#2281);
#1433=LINE('',#10779,#2282);
#1434=LINE('',#10793,#2283);
#1435=LINE('',#10807,#2284);
#1436=LINE('',#10821,#2285);
#1437=LINE('',#10835,#2286);
#1438=LINE('',#10849,#2287);
#1439=LINE('',#10863,#2288);
#1440=LINE('',#10866,#2289);
#1441=LINE('',#10867,#2290);
#1442=LINE('',#10870,#2291);
#1443=LINE('',#10871,#2292);
#1444=LINE('',#10885,#2293);
#1445=LINE('',#10899,#2294);
#1446=LINE('',#10913,#2295);
#1447=LINE('',#10927,#2296);
#1448=LINE('',#10941,#2297);
#1449=LINE('',#10955,#2298);
#1450=LINE('',#10969,#2299);
#1451=LINE('',#10983,#2300);
#1452=LINE('',#11000,#2301);
#1453=LINE('',#11002,#2302);
#1454=LINE('',#11003,#2303);
#1455=LINE('',#11006,#2304);
#1456=LINE('',#11007,#2305);
#1457=LINE('',#11010,#2306);
#1458=LINE('',#11011,#2307);
#1459=LINE('',#11013,#2308);
#1460=LINE('',#11018,#2309);
#1461=LINE('',#11020,#2310);
#1462=LINE('',#11022,#2311);
#1463=LINE('',#11024,#2312);
#1464=LINE('',#11026,#2313);
#1465=LINE('',#11028,#2314);
#1466=LINE('',#11030,#2315);
#1467=LINE('',#11032,#2316);
#1468=LINE('',#11034,#2317);
#1469=LINE('',#11036,#2318);
#1470=LINE('',#11038,#2319);
#1471=LINE('',#11040,#2320);
#1472=LINE('',#11042,#2321);
#1473=LINE('',#11044,#2322);
#1474=LINE('',#11046,#2323);
#1475=LINE('',#11048,#2324);
#1476=LINE('',#11050,#2325);
#1477=LINE('',#11052,#2326);
#1478=LINE('',#11054,#2327);
#1479=LINE('',#11056,#2328);
#1480=LINE('',#11058,#2329);
#1481=LINE('',#11060,#2330);
#1482=LINE('',#11062,#2331);
#1483=LINE('',#11064,#2332);
#1484=LINE('',#11066,#2333);
#1485=LINE('',#11068,#2334);
#1486=LINE('',#11070,#2335);
#1487=LINE('',#11072,#2336);
#1488=LINE('',#11074,#2337);
#1489=LINE('',#11076,#2338);
#1490=LINE('',#11078,#2339);
#1491=LINE('',#11079,#2340);
#1492=LINE('',#11082,#2341);
#1493=LINE('',#11084,#2342);
#1494=LINE('',#11085,#2343);
#1495=LINE('',#11088,#2344);
#1496=LINE('',#11090,#2345);
#1497=LINE('',#11091,#2346);
#1498=LINE('',#11094,#2347);
#1499=LINE('',#11096,#2348);
#1500=LINE('',#11097,#2349);
#1501=LINE('',#11101,#2350);
#1502=LINE('',#11103,#2351);
#1503=LINE('',#11105,#2352);
#1504=LINE('',#11107,#2353);
#1505=LINE('',#11109,#2354);
#1506=LINE('',#11111,#2355);
#1507=LINE('',#11113,#2356);
#1508=LINE('',#11115,#2357);
#1509=LINE('',#11117,#2358);
#1510=LINE('',#11118,#2359);
#1511=LINE('',#11122,#2360);
#1512=LINE('',#11124,#2361);
#1513=LINE('',#11126,#2362);
#1514=LINE('',#11127,#2363);
#1515=LINE('',#11130,#2364);
#1516=LINE('',#11132,#2365);
#1517=LINE('',#11133,#2366);
#1518=LINE('',#11140,#2367);
#1519=LINE('',#11142,#2368);
#1520=LINE('',#11144,#2369);
#1521=LINE('',#11146,#2370);
#1522=LINE('',#11148,#2371);
#1523=LINE('',#11150,#2372);
#1524=LINE('',#11152,#2373);
#1525=LINE('',#11154,#2374);
#1526=LINE('',#11156,#2375);
#1527=LINE('',#11157,#2376);
#1528=LINE('',#11162,#2377);
#1529=LINE('',#11165,#2378);
#1530=LINE('',#11166,#2379);
#1531=LINE('',#11170,#2380);
#1532=LINE('',#11172,#2381);
#1533=LINE('',#11174,#2382);
#1534=LINE('',#11176,#2383);
#1535=LINE('',#11178,#2384);
#1536=LINE('',#11179,#2385);
#1537=LINE('',#11181,#2386);
#1538=LINE('',#11183,#2387);
#1539=LINE('',#11185,#2388);
#1540=LINE('',#11186,#2389);
#1541=LINE('',#11190,#2390);
#1542=LINE('',#11192,#2391);
#1543=LINE('',#11194,#2392);
#1544=LINE('',#11196,#2393);
#1545=LINE('',#11198,#2394);
#1546=LINE('',#11200,#2395);
#1547=LINE('',#11202,#2396);
#1548=LINE('',#11204,#2397);
#1549=LINE('',#11206,#2398);
#1550=LINE('',#11207,#2399);
#1551=LINE('',#11212,#2400);
#1552=LINE('',#11216,#2401);
#1553=LINE('',#11218,#2402);
#1554=LINE('',#11219,#2403);
#1555=LINE('',#11223,#2404);
#1556=LINE('',#11225,#2405);
#1557=LINE('',#11227,#2406);
#1558=LINE('',#11228,#2407);
#1559=LINE('',#11232,#2408);
#1560=LINE('',#11233,#2409);
#1561=LINE('',#11234,#2410);
#1562=LINE('',#11238,#2411);
#1563=LINE('',#11240,#2412);
#1564=LINE('',#11244,#2413);
#1565=LINE('',#11245,#2414);
#1566=LINE('',#11247,#2415);
#1567=LINE('',#11249,#2416);
#1568=LINE('',#11251,#2417);
#1569=LINE('',#11252,#2418);
#1570=LINE('',#11255,#2419);
#1571=LINE('',#11256,#2420);
#1572=LINE('',#11257,#2421);
#1573=LINE('',#11261,#2422);
#1574=LINE('',#11263,#2423);
#1575=LINE('',#11265,#2424);
#1576=LINE('',#11267,#2425);
#1577=LINE('',#11269,#2426);
#1578=LINE('',#11271,#2427);
#1579=LINE('',#11273,#2428);
#1580=LINE('',#11275,#2429);
#1581=LINE('',#11277,#2430);
#1582=LINE('',#11278,#2431);
#1583=LINE('',#11280,#2432);
#1584=LINE('',#11282,#2433);
#1585=LINE('',#11284,#2434);
#1586=LINE('',#11286,#2435);
#1587=LINE('',#11288,#2436);
#1588=LINE('',#11290,#2437);
#1589=LINE('',#11292,#2438);
#1590=LINE('',#11294,#2439);
#1591=LINE('',#11295,#2440);
#1592=LINE('',#11299,#2441);
#1593=LINE('',#11300,#2442);
#1594=LINE('',#11302,#2443);
#1595=LINE('',#11304,#2444);
#1596=LINE('',#11305,#2445);
#1597=LINE('',#11307,#2446);
#1598=LINE('',#11309,#2447);
#1599=LINE('',#11310,#2448);
#1600=LINE('',#11311,#2449);
#1601=LINE('',#11313,#2450);
#1602=LINE('',#11315,#2451);
#1603=LINE('',#11316,#2452);
#1604=LINE('',#11317,#2453);
#1605=LINE('',#11319,#2454);
#1606=LINE('',#11321,#2455);
#1607=LINE('',#11322,#2456);
#1608=LINE('',#11323,#2457);
#1609=LINE('',#11327,#2458);
#1610=LINE('',#11328,#2459);
#1611=LINE('',#11330,#2460);
#1612=LINE('',#11332,#2461);
#1613=LINE('',#11336,#2462);
#1614=LINE('',#11338,#2463);
#1615=LINE('',#11340,#2464);
#1616=LINE('',#11341,#2465);
#1617=LINE('',#11343,#2466);
#1618=LINE('',#11345,#2467);
#1619=LINE('',#11347,#2468);
#1620=LINE('',#11349,#2469);
#1621=LINE('',#11353,#2470);
#1622=LINE('',#11354,#2471);
#1623=LINE('',#11355,#2472);
#1624=LINE('',#11357,#2473);
#1625=LINE('',#11359,#2474);
#1626=LINE('',#11361,#2475);
#1627=LINE('',#11362,#2476);
#1628=LINE('',#11364,#2477);
#1629=LINE('',#11366,#2478);
#1630=LINE('',#11368,#2479);
#1631=LINE('',#11370,#2480);
#1632=LINE('',#11372,#2481);
#1633=LINE('',#11374,#2482);
#1634=LINE('',#11376,#2483);
#1635=LINE('',#11378,#2484);
#1636=LINE('',#11380,#2485);
#1637=LINE('',#11382,#2486);
#1638=LINE('',#11384,#2487);
#1639=LINE('',#11386,#2488);
#1640=LINE('',#11388,#2489);
#1641=LINE('',#11390,#2490);
#1642=LINE('',#11392,#2491);
#1643=LINE('',#11394,#2492);
#1644=LINE('',#11396,#2493);
#1645=LINE('',#11398,#2494);
#1646=LINE('',#11399,#2495);
#1647=LINE('',#11401,#2496);
#1648=LINE('',#11402,#2497);
#1649=LINE('',#11404,#2498);
#1650=LINE('',#11405,#2499);
#1651=LINE('',#11407,#2500);
#1652=LINE('',#11408,#2501);
#1653=LINE('',#11414,#2502);
#1654=LINE('',#11416,#2503);
#1655=LINE('',#11417,#2504);
#1656=LINE('',#11420,#2505);
#1657=LINE('',#11421,#2506);
#1658=LINE('',#11424,#2507);
#1659=LINE('',#11426,#2508);
#1660=LINE('',#11427,#2509);
#1661=LINE('',#11431,#2510);
#1662=LINE('',#11433,#2511);
#1663=LINE('',#11435,#2512);
#1664=LINE('',#11437,#2513);
#1665=LINE('',#11439,#2514);
#1666=LINE('',#11441,#2515);
#1667=LINE('',#11443,#2516);
#1668=LINE('',#11445,#2517);
#1669=LINE('',#11446,#2518);
#1670=LINE('',#11448,#2519);
#1671=LINE('',#11450,#2520);
#1672=LINE('',#11452,#2521);
#1673=LINE('',#11454,#2522);
#1674=LINE('',#11456,#2523);
#1675=LINE('',#11458,#2524);
#1676=LINE('',#11460,#2525);
#1677=LINE('',#11462,#2526);
#1678=LINE('',#11464,#2527);
#1679=LINE('',#11465,#2528);
#1680=LINE('',#11468,#2529);
#1681=LINE('',#11469,#2530);
#1682=LINE('',#11470,#2531);
#1683=LINE('',#11473,#2532);
#1684=LINE('',#11474,#2533);
#1685=LINE('',#11477,#2534);
#1686=LINE('',#11478,#2535);
#1687=LINE('',#11481,#2536);
#1688=LINE('',#11482,#2537);
#1689=LINE('',#11485,#2538);
#1690=LINE('',#11486,#2539);
#1691=LINE('',#11489,#2540);
#1692=LINE('',#11491,#2541);
#1693=LINE('',#11493,#2542);
#1694=LINE('',#11494,#2543);
#1695=LINE('',#11496,#2544);
#1696=LINE('',#11498,#2545);
#1697=LINE('',#11499,#2546);
#1698=LINE('',#11501,#2547);
#1699=LINE('',#11503,#2548);
#1700=LINE('',#11504,#2549);
#1701=LINE('',#11506,#2550);
#1702=LINE('',#11508,#2551);
#1703=LINE('',#11509,#2552);
#1704=LINE('',#11511,#2553);
#1705=LINE('',#11513,#2554);
#1706=LINE('',#11514,#2555);
#1707=LINE('',#11516,#2556);
#1708=LINE('',#11518,#2557);
#1709=LINE('',#11519,#2558);
#1710=LINE('',#11521,#2559);
#1711=LINE('',#11523,#2560);
#1712=LINE('',#11524,#2561);
#1713=LINE('',#11526,#2562);
#1714=LINE('',#11528,#2563);
#1715=LINE('',#11529,#2564);
#1716=LINE('',#11531,#2565);
#1717=LINE('',#11533,#2566);
#1718=LINE('',#11534,#2567);
#1719=LINE('',#11536,#2568);
#1720=LINE('',#11537,#2569);
#1721=LINE('',#11540,#2570);
#1722=LINE('',#11542,#2571);
#1723=LINE('',#11544,#2572);
#1724=LINE('',#11545,#2573);
#1725=LINE('',#11547,#2574);
#1726=LINE('',#11551,#2575);
#1727=LINE('',#11553,#2576);
#1728=LINE('',#11554,#2577);
#1729=LINE('',#11555,#2578);
#1730=LINE('',#11557,#2579);
#1731=LINE('',#11560,#2580);
#1732=LINE('',#11561,#2581);
#1733=LINE('',#11565,#2582);
#1734=LINE('',#11566,#2583);
#1735=LINE('',#11570,#2584);
#1736=LINE('',#11571,#2585);
#1737=LINE('',#11575,#2586);
#1738=LINE('',#11577,#2587);
#1739=LINE('',#11581,#2588);
#1740=LINE('',#11582,#2589);
#1741=LINE('',#11585,#2590);
#1742=LINE('',#11586,#2591);
#1743=LINE('',#11588,#2592);
#1744=LINE('',#11592,#2593);
#1745=LINE('',#11594,#2594);
#1746=LINE('',#11595,#2595);
#1747=LINE('',#11599,#2596);
#1748=LINE('',#11601,#2597);
#1749=LINE('',#11603,#2598);
#1750=LINE('',#11605,#2599);
#1751=LINE('',#11606,#2600);
#1752=LINE('',#11608,#2601);
#1753=LINE('',#11609,#2602);
#1754=LINE('',#11612,#2603);
#1755=LINE('',#11614,#2604);
#1756=LINE('',#11616,#2605);
#1757=LINE('',#11617,#2606);
#1758=LINE('',#11619,#2607);
#1759=LINE('',#11620,#2608);
#1760=LINE('',#11622,#2609);
#1761=LINE('',#11623,#2610);
#1762=LINE('',#11629,#2611);
#1763=LINE('',#11631,#2612);
#1764=LINE('',#11633,#2613);
#1765=LINE('',#11634,#2614);
#1766=LINE('',#11637,#2615);
#1767=LINE('',#11639,#2616);
#1768=LINE('',#11640,#2617);
#1769=LINE('',#11643,#2618);
#1770=LINE('',#11645,#2619);
#1771=LINE('',#11646,#2620);
#1772=LINE('',#11649,#2621);
#1773=LINE('',#11651,#2622);
#1774=LINE('',#11652,#2623);
#1775=LINE('',#11655,#2624);
#1776=LINE('',#11657,#2625);
#1777=LINE('',#11658,#2626);
#1778=LINE('',#11661,#2627);
#1779=LINE('',#11663,#2628);
#1780=LINE('',#11664,#2629);
#1781=LINE('',#11666,#2630);
#1782=LINE('',#11667,#2631);
#1783=LINE('',#11669,#2632);
#1784=LINE('',#11670,#2633);
#1785=LINE('',#11678,#2634);
#1786=LINE('',#11681,#2635);
#1787=LINE('',#11684,#2636);
#1788=LINE('',#11686,#2637);
#1789=LINE('',#11687,#2638);
#1790=LINE('',#11690,#2639);
#1791=LINE('',#11692,#2640);
#1792=LINE('',#11693,#2641);
#1793=LINE('',#11698,#2642);
#1794=LINE('',#11704,#2643);
#1795=LINE('',#11707,#2644);
#1796=LINE('',#11708,#2645);
#1797=LINE('',#11710,#2646);
#1798=LINE('',#11711,#2647);
#1799=LINE('',#11716,#2648);
#1800=LINE('',#11718,#2649);
#1801=LINE('',#11719,#2650);
#1802=LINE('',#11722,#2651);
#1803=LINE('',#11724,#2652);
#1804=LINE('',#11726,#2653);
#1805=LINE('',#11728,#2654);
#1806=LINE('',#11734,#2655);
#1807=LINE('',#11736,#2656);
#1808=LINE('',#11738,#2657);
#1809=LINE('',#11739,#2658);
#1810=LINE('',#11741,#2659);
#1811=LINE('',#11743,#2660);
#1812=LINE('',#11745,#2661);
#1813=LINE('',#11747,#2662);
#1814=LINE('',#11754,#2663);
#1815=LINE('',#11756,#2664);
#1816=LINE('',#11757,#2665);
#1817=LINE('',#11760,#2666);
#1818=LINE('',#11762,#2667);
#1819=LINE('',#11763,#2668);
#1820=LINE('',#11768,#2669);
#1821=LINE('',#11772,#2670);
#1822=LINE('',#11773,#2671);
#1823=LINE('',#11775,#2672);
#1824=LINE('',#11777,#2673);
#1825=LINE('',#11779,#2674);
#1826=LINE('',#11781,#2675);
#1827=LINE('',#11783,#2676);
#1828=LINE('',#11784,#2677);
#1829=LINE('',#11788,#2678);
#1830=LINE('',#11792,#2679);
#1831=LINE('',#11793,#2680);
#1832=LINE('',#11795,#2681);
#1833=LINE('',#11797,#2682);
#1834=LINE('',#11800,#2683);
#1835=LINE('',#11803,#2684);
#1836=LINE('',#11810,#2685);
#1837=LINE('',#11813,#2686);
#1838=LINE('',#11815,#2687);
#1839=LINE('',#11816,#2688);
#1840=LINE('',#11819,#2689);
#1841=LINE('',#11821,#2690);
#1842=LINE('',#11822,#2691);
#1843=LINE('',#11825,#2692);
#1844=LINE('',#11827,#2693);
#1845=LINE('',#11828,#2694);
#1846=LINE('',#11833,#2695);
#1847=LINE('',#11835,#2696);
#1848=LINE('',#11838,#2697);
#1849=LINE('',#11841,#2698);
#1850=LINE('',#11845,#2699);
#1851=LINE('',#11846,#2700);
#1852=LINE('',#11849,#2701);
#1853=LINE('',#11850,#2702);
#1854=LINE('',#11852,#2703);
#1855=LINE('',#11856,#2704);
#1856=LINE('',#11858,#2705);
#1857=LINE('',#11859,#2706);
#1858=LINE('',#11863,#2707);
#1859=LINE('',#11865,#2708);
#1860=LINE('',#11867,#2709);
#1861=LINE('',#11869,#2710);
#1862=LINE('',#11870,#2711);
#1863=LINE('',#11872,#2712);
#1864=LINE('',#11873,#2713);
#1865=LINE('',#11876,#2714);
#1866=LINE('',#11878,#2715);
#1867=LINE('',#11880,#2716);
#1868=LINE('',#11881,#2717);
#1869=LINE('',#11883,#2718);
#1870=LINE('',#11884,#2719);
#1871=LINE('',#11886,#2720);
#1872=LINE('',#11887,#2721);
#1873=LINE('',#11892,#2722);
#1874=LINE('',#11894,#2723);
#1875=LINE('',#11895,#2724);
#1876=LINE('',#11899,#2725);
#1877=LINE('',#11901,#2726);
#1878=LINE('',#11903,#2727);
#1879=LINE('',#11905,#2728);
#1880=LINE('',#11906,#2729);
#1881=LINE('',#11908,#2730);
#1882=LINE('',#11909,#2731);
#1883=LINE('',#11912,#2732);
#1884=LINE('',#11914,#2733);
#1885=LINE('',#11916,#2734);
#1886=LINE('',#11917,#2735);
#1887=LINE('',#11919,#2736);
#1888=LINE('',#11920,#2737);
#1889=LINE('',#11922,#2738);
#1890=LINE('',#11923,#2739);
#1891=LINE('',#11928,#2740);
#1892=LINE('',#11930,#2741);
#1893=LINE('',#11931,#2742);
#1894=LINE('',#11935,#2743);
#1895=LINE('',#11937,#2744);
#1896=LINE('',#11939,#2745);
#1897=LINE('',#11941,#2746);
#1898=LINE('',#11942,#2747);
#1899=LINE('',#11944,#2748);
#1900=LINE('',#11945,#2749);
#1901=LINE('',#11948,#2750);
#1902=LINE('',#11950,#2751);
#1903=LINE('',#11952,#2752);
#1904=LINE('',#11953,#2753);
#1905=LINE('',#11955,#2754);
#1906=LINE('',#11956,#2755);
#1907=LINE('',#11958,#2756);
#1908=LINE('',#11959,#2757);
#1909=LINE('',#11965,#2758);
#1910=LINE('',#11967,#2759);
#1911=LINE('',#11969,#2760);
#1912=LINE('',#11970,#2761);
#1913=LINE('',#11973,#2762);
#1914=LINE('',#11975,#2763);
#1915=LINE('',#11976,#2764);
#1916=LINE('',#11979,#2765);
#1917=LINE('',#11981,#2766);
#1918=LINE('',#11982,#2767);
#1919=LINE('',#11985,#2768);
#1920=LINE('',#11987,#2769);
#1921=LINE('',#11988,#2770);
#1922=LINE('',#11991,#2771);
#1923=LINE('',#11993,#2772);
#1924=LINE('',#11994,#2773);
#1925=LINE('',#11997,#2774);
#1926=LINE('',#11999,#2775);
#1927=LINE('',#12000,#2776);
#1928=LINE('',#12002,#2777);
#1929=LINE('',#12003,#2778);
#1930=LINE('',#12005,#2779);
#1931=LINE('',#12006,#2780);
#1932=LINE('',#12012,#2781);
#1933=LINE('',#12014,#2782);
#1934=LINE('',#12016,#2783);
#1935=LINE('',#12017,#2784);
#1936=LINE('',#12020,#2785);
#1937=LINE('',#12022,#2786);
#1938=LINE('',#12023,#2787);
#1939=LINE('',#12026,#2788);
#1940=LINE('',#12028,#2789);
#1941=LINE('',#12029,#2790);
#1942=LINE('',#12032,#2791);
#1943=LINE('',#12034,#2792);
#1944=LINE('',#12035,#2793);
#1945=LINE('',#12038,#2794);
#1946=LINE('',#12040,#2795);
#1947=LINE('',#12041,#2796);
#1948=LINE('',#12044,#2797);
#1949=LINE('',#12046,#2798);
#1950=LINE('',#12047,#2799);
#1951=LINE('',#12049,#2800);
#1952=LINE('',#12050,#2801);
#1953=LINE('',#12052,#2802);
#1954=LINE('',#12053,#2803);
#1955=LINE('',#12059,#2804);
#1956=LINE('',#12061,#2805);
#1957=LINE('',#12063,#2806);
#1958=LINE('',#12064,#2807);
#1959=LINE('',#12067,#2808);
#1960=LINE('',#12069,#2809);
#1961=LINE('',#12070,#2810);
#1962=LINE('',#12073,#2811);
#1963=LINE('',#12075,#2812);
#1964=LINE('',#12076,#2813);
#1965=LINE('',#12079,#2814);
#1966=LINE('',#12081,#2815);
#1967=LINE('',#12082,#2816);
#1968=LINE('',#12085,#2817);
#1969=LINE('',#12087,#2818);
#1970=LINE('',#12088,#2819);
#1971=LINE('',#12091,#2820);
#1972=LINE('',#12093,#2821);
#1973=LINE('',#12094,#2822);
#1974=LINE('',#12096,#2823);
#1975=LINE('',#12097,#2824);
#1976=LINE('',#12099,#2825);
#1977=LINE('',#12100,#2826);
#1978=LINE('',#12108,#2827);
#1979=LINE('',#12111,#2828);
#1980=LINE('',#12114,#2829);
#1981=LINE('',#12116,#2830);
#1982=LINE('',#12117,#2831);
#1983=LINE('',#12120,#2832);
#1984=LINE('',#12122,#2833);
#1985=LINE('',#12123,#2834);
#1986=LINE('',#12128,#2835);
#1987=LINE('',#12134,#2836);
#1988=LINE('',#12137,#2837);
#1989=LINE('',#12138,#2838);
#1990=LINE('',#12140,#2839);
#1991=LINE('',#12141,#2840);
#1992=LINE('',#12146,#2841);
#1993=LINE('',#12148,#2842);
#1994=LINE('',#12149,#2843);
#1995=LINE('',#12152,#2844);
#1996=LINE('',#12154,#2845);
#1997=LINE('',#12156,#2846);
#1998=LINE('',#12158,#2847);
#1999=LINE('',#12164,#2848);
#2000=LINE('',#12166,#2849);
#2001=LINE('',#12168,#2850);
#2002=LINE('',#12169,#2851);
#2003=LINE('',#12171,#2852);
#2004=LINE('',#12173,#2853);
#2005=LINE('',#12175,#2854);
#2006=LINE('',#12177,#2855);
#2007=LINE('',#12184,#2856);
#2008=LINE('',#12187,#2857);
#2009=LINE('',#12190,#2858);
#2010=LINE('',#12192,#2859);
#2011=LINE('',#12193,#2860);
#2012=LINE('',#12196,#2861);
#2013=LINE('',#12198,#2862);
#2014=LINE('',#12199,#2863);
#2015=LINE('',#12204,#2864);
#2016=LINE('',#12210,#2865);
#2017=LINE('',#12213,#2866);
#2018=LINE('',#12214,#2867);
#2019=LINE('',#12216,#2868);
#2020=LINE('',#12217,#2869);
#2021=LINE('',#12222,#2870);
#2022=LINE('',#12224,#2871);
#2023=LINE('',#12225,#2872);
#2024=LINE('',#12228,#2873);
#2025=LINE('',#12230,#2874);
#2026=LINE('',#12232,#2875);
#2027=LINE('',#12234,#2876);
#2028=LINE('',#12240,#2877);
#2029=LINE('',#12242,#2878);
#2030=LINE('',#12244,#2879);
#2031=LINE('',#12245,#2880);
#2032=LINE('',#12247,#2881);
#2033=LINE('',#12249,#2882);
#2034=LINE('',#12251,#2883);
#2035=LINE('',#12253,#2884);
#2036=LINE('',#12260,#2885);
#2037=LINE('',#12263,#2886);
#2038=LINE('',#12266,#2887);
#2039=LINE('',#12268,#2888);
#2040=LINE('',#12269,#2889);
#2041=LINE('',#12272,#2890);
#2042=LINE('',#12274,#2891);
#2043=LINE('',#12275,#2892);
#2044=LINE('',#12280,#2893);
#2045=LINE('',#12286,#2894);
#2046=LINE('',#12289,#2895);
#2047=LINE('',#12290,#2896);
#2048=LINE('',#12292,#2897);
#2049=LINE('',#12293,#2898);
#2050=LINE('',#12298,#2899);
#2051=LINE('',#12300,#2900);
#2052=LINE('',#12301,#2901);
#2053=LINE('',#12304,#2902);
#2054=LINE('',#12306,#2903);
#2055=LINE('',#12308,#2904);
#2056=LINE('',#12310,#2905);
#2057=LINE('',#12316,#2906);
#2058=LINE('',#12318,#2907);
#2059=LINE('',#12320,#2908);
#2060=LINE('',#12321,#2909);
#2061=LINE('',#12323,#2910);
#2062=LINE('',#12325,#2911);
#2063=LINE('',#12327,#2912);
#2064=LINE('',#12329,#2913);
#2065=LINE('',#12333,#2914);
#2066=LINE('',#12335,#2915);
#2067=LINE('',#12336,#2916);
#2068=LINE('',#12338,#2917);
#2069=LINE('',#12340,#2918);
#2070=LINE('',#12344,#2919);
#2071=LINE('',#12346,#2920);
#2072=LINE('',#12347,#2921);
#2073=LINE('',#12350,#2922);
#2074=LINE('',#12351,#2923);
#2075=LINE('',#12354,#2924);
#2076=LINE('',#12355,#2925);
#2077=LINE('',#12357,#2926);
#2078=LINE('',#12361,#2927);
#2079=LINE('',#12363,#2928);
#2080=LINE('',#12364,#2929);
#2081=LINE('',#12367,#2930);
#2082=LINE('',#12368,#2931);
#2083=LINE('',#12371,#2932);
#2084=LINE('',#12372,#2933);
#2085=LINE('',#12374,#2934);
#2086=VECTOR('',#7742,10.);
#2087=VECTOR('',#7743,10.);
#2088=VECTOR('',#7746,10.);
#2089=VECTOR('',#7747,10.);
#2090=VECTOR('',#7748,10.);
#2091=VECTOR('',#7751,10.);
#2092=VECTOR('',#7752,10.);
#2093=VECTOR('',#7753,10.);
#2094=VECTOR('',#7754,10.);
#2095=VECTOR('',#7755,10.);
#2096=VECTOR('',#7756,10.);
#2097=VECTOR('',#7757,10.);
#2098=VECTOR('',#7760,10.);
#2099=VECTOR('',#7761,10.);
#2100=VECTOR('',#7762,10.);
#2101=VECTOR('',#7765,10.);
#2102=VECTOR('',#7766,10.);
#2103=VECTOR('',#7767,10.);
#2104=VECTOR('',#7770,10.);
#2105=VECTOR('',#7771,10.);
#2106=VECTOR('',#7772,10.);
#2107=VECTOR('',#7775,10.);
#2108=VECTOR('',#7776,10.);
#2109=VECTOR('',#7777,10.);
#2110=VECTOR('',#7780,10.);
#2111=VECTOR('',#7781,10.);
#2112=VECTOR('',#7782,10.);
#2113=VECTOR('',#7785,10.);
#2114=VECTOR('',#7786,10.);
#2115=VECTOR('',#7787,10.);
#2116=VECTOR('',#7790,10.);
#2117=VECTOR('',#7791,10.);
#2118=VECTOR('',#7792,10.);
#2119=VECTOR('',#7793,10.);
#2120=VECTOR('',#7794,10.);
#2121=VECTOR('',#7795,10.);
#2122=VECTOR('',#7796,10.);
#2123=VECTOR('',#7797,10.);
#2124=VECTOR('',#7798,10.);
#2125=VECTOR('',#7801,10.);
#2126=VECTOR('',#7802,10.);
#2127=VECTOR('',#7803,10.);
#2128=VECTOR('',#7806,10.);
#2129=VECTOR('',#7807,10.);
#2130=VECTOR('',#7808,10.);
#2131=VECTOR('',#7811,10.);
#2132=VECTOR('',#7812,10.);
#2133=VECTOR('',#7813,10.);
#2134=VECTOR('',#7814,10.);
#2135=VECTOR('',#7815,10.);
#2136=VECTOR('',#7816,10.);
#2137=VECTOR('',#7819,10.);
#2138=VECTOR('',#7820,10.);
#2139=VECTOR('',#7821,10.);
#2140=VECTOR('',#7824,10.);
#2141=VECTOR('',#7825,10.);
#2142=VECTOR('',#7826,10.);
#2143=VECTOR('',#7829,10.);
#2144=VECTOR('',#7830,10.);
#2145=VECTOR('',#7831,10.);
#2146=VECTOR('',#7834,10.);
#2147=VECTOR('',#7835,10.);
#2148=VECTOR('',#7836,10.);
#2149=VECTOR('',#7839,10.);
#2150=VECTOR('',#7840,10.);
#2151=VECTOR('',#7841,10.);
#2152=VECTOR('',#7844,10.);
#2153=VECTOR('',#7845,10.);
#2154=VECTOR('',#7846,10.);
#2155=VECTOR('',#7849,10.);
#2156=VECTOR('',#7850,10.);
#2157=VECTOR('',#7851,10.);
#2158=VECTOR('',#7852,10.);
#2159=VECTOR('',#7853,10.);
#2160=VECTOR('',#7854,10.);
#2161=VECTOR('',#7855,10.);
#2162=VECTOR('',#7860,10.);
#2163=VECTOR('',#7861,10.);
#2164=VECTOR('',#7862,10.);
#2165=VECTOR('',#7863,10.);
#2166=VECTOR('',#7866,10.);
#2167=VECTOR('',#7867,10.);
#2168=VECTOR('',#7868,10.);
#2169=VECTOR('',#7869,10.);
#2170=VECTOR('',#7870,10.);
#2171=VECTOR('',#7873,10.);
#2172=VECTOR('',#7874,10.);
#2173=VECTOR('',#7875,10.);
#2174=VECTOR('',#7878,10.);
#2175=VECTOR('',#7879,10.);
#2176=VECTOR('',#7880,10.);
#2177=VECTOR('',#7881,10.);
#2178=VECTOR('',#7882,10.);
#2179=VECTOR('',#7883,10.);
#2180=VECTOR('',#7886,10.);
#2181=VECTOR('',#7887,10.);
#2182=VECTOR('',#7888,10.);
#2183=VECTOR('',#7891,10.);
#2184=VECTOR('',#7892,10.);
#2185=VECTOR('',#7893,10.);
#2186=VECTOR('',#7894,10.);
#2187=VECTOR('',#7895,10.);
#2188=VECTOR('',#7898,10.);
#2189=VECTOR('',#7899,10.);
#2190=VECTOR('',#7900,10.);
#2191=VECTOR('',#7903,10.);
#2192=VECTOR('',#7904,10.);
#2193=VECTOR('',#7905,10.);
#2194=VECTOR('',#7908,10.);
#2195=VECTOR('',#7909,10.);
#2196=VECTOR('',#7910,10.);
#2197=VECTOR('',#7911,10.);
#2198=VECTOR('',#7912,10.);
#2199=VECTOR('',#7915,10.);
#2200=VECTOR('',#7916,10.);
#2201=VECTOR('',#7917,10.);
#2202=VECTOR('',#7920,10.);
#2203=VECTOR('',#7921,10.);
#2204=VECTOR('',#7922,10.);
#2205=VECTOR('',#7925,10.);
#2206=VECTOR('',#7926,10.);
#2207=VECTOR('',#7927,10.);
#2208=VECTOR('',#7930,10.);
#2209=VECTOR('',#7931,10.);
#2210=VECTOR('',#7932,10.);
#2211=VECTOR('',#7935,10.);
#2212=VECTOR('',#7936,10.);
#2213=VECTOR('',#7937,10.);
#2214=VECTOR('',#7938,10.);
#2215=VECTOR('',#7939,10.);
#2216=VECTOR('',#7940,10.);
#2217=VECTOR('',#7941,10.);
#2218=VECTOR('',#7944,10.);
#2219=VECTOR('',#7945,10.);
#2220=VECTOR('',#7946,10.);
#2221=VECTOR('',#7947,10.);
#2222=VECTOR('',#7948,10.);
#2223=VECTOR('',#7949,10.);
#2224=VECTOR('',#7950,10.);
#2225=VECTOR('',#7951,10.);
#2226=VECTOR('',#7952,10.);
#2227=VECTOR('',#7953,10.);
#2228=VECTOR('',#7954,10.);
#2229=VECTOR('',#7955,10.);
#2230=VECTOR('',#7956,10.);
#2231=VECTOR('',#7957,10.);
#2232=VECTOR('',#7958,10.);
#2233=VECTOR('',#7959,10.);
#2234=VECTOR('',#7960,10.);
#2235=VECTOR('',#7961,10.);
#2236=VECTOR('',#7962,10.);
#2237=VECTOR('',#7967,1.);
#2238=VECTOR('',#7968,1.);
#2239=VECTOR('',#7969,1.);
#2240=VECTOR('',#7970,1.);
#2241=VECTOR('',#7971,1.);
#2242=VECTOR('',#7972,1.);
#2243=VECTOR('',#7973,1.);
#2244=VECTOR('',#7974,1.);
#2245=VECTOR('',#7975,1.);
#2246=VECTOR('',#7976,1.);
#2247=VECTOR('',#7977,1.);
#2248=VECTOR('',#7978,1.);
#2249=VECTOR('',#7979,10.);
#2250=VECTOR('',#7980,10.);
#2251=VECTOR('',#7981,10.);
#2252=VECTOR('',#7982,10.);
#2253=VECTOR('',#7983,10.);
#2254=VECTOR('',#7984,10.);
#2255=VECTOR('',#7985,10.);
#2256=VECTOR('',#7986,10.);
#2257=VECTOR('',#7987,10.);
#2258=VECTOR('',#7988,10.);
#2259=VECTOR('',#7989,10.);
#2260=VECTOR('',#7992,10.);
#2261=VECTOR('',#7993,10.);
#2262=VECTOR('',#7994,10.);
#2263=VECTOR('',#7997,10.);
#2264=VECTOR('',#7998,10.);
#2265=VECTOR('',#7999,10.);
#2266=VECTOR('',#8002,10.);
#2267=VECTOR('',#8003,10.);
#2268=VECTOR('',#8004,10.);
#2269=VECTOR('',#8005,10.);
#2270=VECTOR('',#8006,10.);
#2271=VECTOR('',#8007,10.);
#2272=VECTOR('',#8008,10.);
#2273=VECTOR('',#8009,10.);
#2274=VECTOR('',#8010,10.);
#2275=VECTOR('',#8011,10.);
#2276=VECTOR('',#8012,10.);
#2277=VECTOR('',#8015,10.);
#2278=VECTOR('',#8016,10.);
#2279=VECTOR('',#8019,10.);
#2280=VECTOR('',#8020,10.);
#2281=VECTOR('',#8023,10.);
#2282=VECTOR('',#8024,10.);
#2283=VECTOR('',#8025,10.);
#2284=VECTOR('',#8026,10.);
#2285=VECTOR('',#8027,10.);
#2286=VECTOR('',#8028,10.);
#2287=VECTOR('',#8029,10.);
#2288=VECTOR('',#8030,10.);
#2289=VECTOR('',#8033,10.);
#2290=VECTOR('',#8034,10.);
#2291=VECTOR('',#8037,10.);
#2292=VECTOR('',#8038,10.);
#2293=VECTOR('',#8039,10.);
#2294=VECTOR('',#8040,10.);
#2295=VECTOR('',#8041,10.);
#2296=VECTOR('',#8042,10.);
#2297=VECTOR('',#8043,10.);
#2298=VECTOR('',#8044,10.);
#2299=VECTOR('',#8045,10.);
#2300=VECTOR('',#8046,10.);
#2301=VECTOR('',#8053,10.);
#2302=VECTOR('',#8054,10.);
#2303=VECTOR('',#8055,10.);
#2304=VECTOR('',#8058,10.);
#2305=VECTOR('',#8059,10.);
#2306=VECTOR('',#8062,10.);
#2307=VECTOR('',#8063,10.);
#2308=VECTOR('',#8066,10.);
#2309=VECTOR('',#8071,1.);
#2310=VECTOR('',#8072,1.);
#2311=VECTOR('',#8073,1.);
#2312=VECTOR('',#8074,1.);
#2313=VECTOR('',#8075,1.);
#2314=VECTOR('',#8076,1.);
#2315=VECTOR('',#8077,1.);
#2316=VECTOR('',#8078,1.);
#2317=VECTOR('',#8079,1.);
#2318=VECTOR('',#8080,1.);
#2319=VECTOR('',#8081,1.);
#2320=VECTOR('',#8082,1.);
#2321=VECTOR('',#8083,1.);
#2322=VECTOR('',#8084,1.);
#2323=VECTOR('',#8085,1.);
#2324=VECTOR('',#8086,1.);
#2325=VECTOR('',#8087,1.);
#2326=VECTOR('',#8088,1.);
#2327=VECTOR('',#8089,1.);
#2328=VECTOR('',#8090,1.);
#2329=VECTOR('',#8091,1.);
#2330=VECTOR('',#8092,1.);
#2331=VECTOR('',#8093,1.);
#2332=VECTOR('',#8094,1.);
#2333=VECTOR('',#8095,1.);
#2334=VECTOR('',#8096,1.);
#2335=VECTOR('',#8097,1.);
#2336=VECTOR('',#8098,1.);
#2337=VECTOR('',#8099,1.);
#2338=VECTOR('',#8100,1.);
#2339=VECTOR('',#8101,1.);
#2340=VECTOR('',#8102,1.);
#2341=VECTOR('',#8105,1.);
#2342=VECTOR('',#8106,1.);
#2343=VECTOR('',#8107,1.);
#2344=VECTOR('',#8110,1.);
#2345=VECTOR('',#8111,1.);
#2346=VECTOR('',#8112,1.);
#2347=VECTOR('',#8115,1.);
#2348=VECTOR('',#8116,1.);
#2349=VECTOR('',#8117,1.);
#2350=VECTOR('',#8120,1.);
#2351=VECTOR('',#8121,1.);
#2352=VECTOR('',#8122,1.);
#2353=VECTOR('',#8123,1.);
#2354=VECTOR('',#8124,1.);
#2355=VECTOR('',#8125,1.);
#2356=VECTOR('',#8126,1.);
#2357=VECTOR('',#8127,1.);
#2358=VECTOR('',#8128,1.);
#2359=VECTOR('',#8129,1.);
#2360=VECTOR('',#8132,1.);
#2361=VECTOR('',#8133,1.);
#2362=VECTOR('',#8134,1.);
#2363=VECTOR('',#8135,1.);
#2364=VECTOR('',#8138,1.);
#2365=VECTOR('',#8139,1.);
#2366=VECTOR('',#8140,1.);
#2367=VECTOR('',#8149,1.);
#2368=VECTOR('',#8150,1.);
#2369=VECTOR('',#8151,1.);
#2370=VECTOR('',#8152,1.);
#2371=VECTOR('',#8153,1.);
#2372=VECTOR('',#8154,1.);
#2373=VECTOR('',#8155,1.);
#2374=VECTOR('',#8156,1.);
#2375=VECTOR('',#8157,1.);
#2376=VECTOR('',#8158,1.);
#2377=VECTOR('',#8163,1.);
#2378=VECTOR('',#8168,1.);
#2379=VECTOR('',#8169,1.);
#2380=VECTOR('',#8172,1.);
#2381=VECTOR('',#8173,1.);
#2382=VECTOR('',#8174,1.);
#2383=VECTOR('',#8175,1.);
#2384=VECTOR('',#8176,1.);
#2385=VECTOR('',#8177,1.);
#2386=VECTOR('',#8178,1.);
#2387=VECTOR('',#8179,1.);
#2388=VECTOR('',#8182,1.);
#2389=VECTOR('',#8183,1.);
#2390=VECTOR('',#8186,1.);
#2391=VECTOR('',#8187,1.);
#2392=VECTOR('',#8188,1.);
#2393=VECTOR('',#8189,1.);
#2394=VECTOR('',#8190,1.);
#2395=VECTOR('',#8191,1.);
#2396=VECTOR('',#8192,1.);
#2397=VECTOR('',#8193,1.);
#2398=VECTOR('',#8194,1.);
#2399=VECTOR('',#8195,1.);
#2400=VECTOR('',#8200,1.);
#2401=VECTOR('',#8205,1.);
#2402=VECTOR('',#8206,1.);
#2403=VECTOR('',#8207,1.);
#2404=VECTOR('',#8210,1.);
#2405=VECTOR('',#8211,1.);
#2406=VECTOR('',#8212,1.);
#2407=VECTOR('',#8213,1.);
#2408=VECTOR('',#8216,1.);
#2409=VECTOR('',#8217,1.);
#2410=VECTOR('',#8218,1.);
#2411=VECTOR('',#8221,1.);
#2412=VECTOR('',#8222,1.);
#2413=VECTOR('',#8225,1.);
#2414=VECTOR('',#8226,1.);
#2415=VECTOR('',#8227,1.);
#2416=VECTOR('',#8228,1.);
#2417=VECTOR('',#8229,0.999999999999999);
#2418=VECTOR('',#8230,1.);
#2419=VECTOR('',#8231,1.);
#2420=VECTOR('',#8232,1.);
#2421=VECTOR('',#8233,1.);
#2422=VECTOR('',#8236,1.);
#2423=VECTOR('',#8237,1.);
#2424=VECTOR('',#8238,1.);
#2425=VECTOR('',#8239,1.);
#2426=VECTOR('',#8240,1.);
#2427=VECTOR('',#8241,1.);
#2428=VECTOR('',#8242,1.);
#2429=VECTOR('',#8243,1.);
#2430=VECTOR('',#8244,1.);
#2431=VECTOR('',#8245,1.);
#2432=VECTOR('',#8246,1.);
#2433=VECTOR('',#8247,1.);
#2434=VECTOR('',#8248,1.);
#2435=VECTOR('',#8249,1.);
#2436=VECTOR('',#8250,1.);
#2437=VECTOR('',#8251,1.);
#2438=VECTOR('',#8252,1.);
#2439=VECTOR('',#8253,1.);
#2440=VECTOR('',#8254,1.);
#2441=VECTOR('',#8257,1.);
#2442=VECTOR('',#8258,1.);
#2443=VECTOR('',#8259,1.);
#2444=VECTOR('',#8260,1.);
#2445=VECTOR('',#8261,1.);
#2446=VECTOR('',#8262,1.);
#2447=VECTOR('',#8263,1.);
#2448=VECTOR('',#8264,1.);
#2449=VECTOR('',#8265,1.);
#2450=VECTOR('',#8266,1.);
#2451=VECTOR('',#8267,1.);
#2452=VECTOR('',#8268,1.);
#2453=VECTOR('',#8269,1.);
#2454=VECTOR('',#8270,1.);
#2455=VECTOR('',#8271,1.);
#2456=VECTOR('',#8272,1.);
#2457=VECTOR('',#8273,1.);
#2458=VECTOR('',#8276,1.);
#2459=VECTOR('',#8277,1.);
#2460=VECTOR('',#8278,1.);
#2461=VECTOR('',#8279,1.);
#2462=VECTOR('',#8282,1.);
#2463=VECTOR('',#8283,1.);
#2464=VECTOR('',#8284,1.);
#2465=VECTOR('',#8285,0.999999999999999);
#2466=VECTOR('',#8286,1.);
#2467=VECTOR('',#8287,1.);
#2468=VECTOR('',#8288,1.);
#2469=VECTOR('',#8289,1.);
#2470=VECTOR('',#8292,1.);
#2471=VECTOR('',#8293,1.);
#2472=VECTOR('',#8294,1.);
#2473=VECTOR('',#8295,1.);
#2474=VECTOR('',#8296,1.);
#2475=VECTOR('',#8297,1.);
#2476=VECTOR('',#8298,1.);
#2477=VECTOR('',#8299,1.);
#2478=VECTOR('',#8300,1.);
#2479=VECTOR('',#8301,1.);
#2480=VECTOR('',#8302,1.);
#2481=VECTOR('',#8303,1.);
#2482=VECTOR('',#8304,1.);
#2483=VECTOR('',#8305,1.);
#2484=VECTOR('',#8306,1.);
#2485=VECTOR('',#8307,1.);
#2486=VECTOR('',#8308,1.);
#2487=VECTOR('',#8309,1.);
#2488=VECTOR('',#8310,1.);
#2489=VECTOR('',#8311,1.);
#2490=VECTOR('',#8312,1.);
#2491=VECTOR('',#8313,1.);
#2492=VECTOR('',#8314,1.);
#2493=VECTOR('',#8315,1.);
#2494=VECTOR('',#8316,1.);
#2495=VECTOR('',#8317,1.);
#2496=VECTOR('',#8318,1.);
#2497=VECTOR('',#8319,1.);
#2498=VECTOR('',#8322,1.);
#2499=VECTOR('',#8323,1.);
#2500=VECTOR('',#8326,1.);
#2501=VECTOR('',#8327,1.);
#2502=VECTOR('',#8336,1.);
#2503=VECTOR('',#8337,1.);
#2504=VECTOR('',#8338,1.);
#2505=VECTOR('',#8341,1.);
#2506=VECTOR('',#8342,1.);
#2507=VECTOR('',#8345,1.);
#2508=VECTOR('',#8346,1.);
#2509=VECTOR('',#8347,1.);
#2510=VECTOR('',#8350,1.);
#2511=VECTOR('',#8351,1.);
#2512=VECTOR('',#8352,1.);
#2513=VECTOR('',#8353,1.);
#2514=VECTOR('',#8354,1.);
#2515=VECTOR('',#8355,1.);
#2516=VECTOR('',#8356,1.);
#2517=VECTOR('',#8357,1.);
#2518=VECTOR('',#8358,1.);
#2519=VECTOR('',#8359,1.);
#2520=VECTOR('',#8360,1.);
#2521=VECTOR('',#8361,1.);
#2522=VECTOR('',#8362,1.);
#2523=VECTOR('',#8363,1.);
#2524=VECTOR('',#8364,1.);
#2525=VECTOR('',#8365,1.);
#2526=VECTOR('',#8366,1.);
#2527=VECTOR('',#8367,1.);
#2528=VECTOR('',#8368,1.);
#2529=VECTOR('',#8371,1.);
#2530=VECTOR('',#8372,1.);
#2531=VECTOR('',#8373,1.);
#2532=VECTOR('',#8376,1.);
#2533=VECTOR('',#8377,1.);
#2534=VECTOR('',#8380,1.);
#2535=VECTOR('',#8381,1.);
#2536=VECTOR('',#8384,1.);
#2537=VECTOR('',#8385,1.);
#2538=VECTOR('',#8388,1.);
#2539=VECTOR('',#8389,1.);
#2540=VECTOR('',#8392,1.);
#2541=VECTOR('',#8393,1.);
#2542=VECTOR('',#8394,1.);
#2543=VECTOR('',#8395,1.);
#2544=VECTOR('',#8396,1.);
#2545=VECTOR('',#8397,1.);
#2546=VECTOR('',#8398,1.);
#2547=VECTOR('',#8399,1.);
#2548=VECTOR('',#8400,1.);
#2549=VECTOR('',#8401,1.);
#2550=VECTOR('',#8402,1.);
#2551=VECTOR('',#8403,1.);
#2552=VECTOR('',#8404,1.);
#2553=VECTOR('',#8405,1.);
#2554=VECTOR('',#8406,1.);
#2555=VECTOR('',#8407,1.);
#2556=VECTOR('',#8408,1.);
#2557=VECTOR('',#8409,1.);
#2558=VECTOR('',#8410,1.);
#2559=VECTOR('',#8411,1.);
#2560=VECTOR('',#8412,1.);
#2561=VECTOR('',#8413,1.);
#2562=VECTOR('',#8414,1.);
#2563=VECTOR('',#8415,1.);
#2564=VECTOR('',#8416,1.);
#2565=VECTOR('',#8417,1.);
#2566=VECTOR('',#8418,1.);
#2567=VECTOR('',#8419,1.);
#2568=VECTOR('',#8420,1.);
#2569=VECTOR('',#8421,1.);
#2570=VECTOR('',#8426,1.);
#2571=VECTOR('',#8427,1.);
#2572=VECTOR('',#8428,1.);
#2573=VECTOR('',#8429,1.);
#2574=VECTOR('',#8432,1.);
#2575=VECTOR('',#8437,1.);
#2576=VECTOR('',#8438,1.);
#2577=VECTOR('',#8439,1.);
#2578=VECTOR('',#8440,1.);
#2579=VECTOR('',#8443,1.);
#2580=VECTOR('',#8448,1.);
#2581=VECTOR('',#8449,1.);
#2582=VECTOR('',#8456,1.);
#2583=VECTOR('',#8457,1.);
#2584=VECTOR('',#8464,1.);
#2585=VECTOR('',#8465,1.);
#2586=VECTOR('',#8472,1.);
#2587=VECTOR('',#8475,1.);
#2588=VECTOR('',#8480,1.);
#2589=VECTOR('',#8481,1.);
#2590=VECTOR('',#8484,1.);
#2591=VECTOR('',#8485,1.);
#2592=VECTOR('',#8488,1.);
#2593=VECTOR('',#8493,1.);
#2594=VECTOR('',#8494,1.);
#2595=VECTOR('',#8495,1.);
#2596=VECTOR('',#8498,1.);
#2597=VECTOR('',#8499,1.);
#2598=VECTOR('',#8500,1.);
#2599=VECTOR('',#8501,1.);
#2600=VECTOR('',#8502,1.);
#2601=VECTOR('',#8503,1.);
#2602=VECTOR('',#8504,1.);
#2603=VECTOR('',#8507,1.);
#2604=VECTOR('',#8508,1.);
#2605=VECTOR('',#8509,1.);
#2606=VECTOR('',#8510,1.);
#2607=VECTOR('',#8511,1.);
#2608=VECTOR('',#8512,1.);
#2609=VECTOR('',#8515,1.);
#2610=VECTOR('',#8516,1.);
#2611=VECTOR('',#8523,1.);
#2612=VECTOR('',#8524,1.);
#2613=VECTOR('',#8525,1.);
#2614=VECTOR('',#8526,1.);
#2615=VECTOR('',#8529,1.);
#2616=VECTOR('',#8530,1.);
#2617=VECTOR('',#8531,1.);
#2618=VECTOR('',#8534,1.);
#2619=VECTOR('',#8535,1.);
#2620=VECTOR('',#8536,1.);
#2621=VECTOR('',#8539,1.);
#2622=VECTOR('',#8540,1.);
#2623=VECTOR('',#8541,1.);
#2624=VECTOR('',#8544,1.);
#2625=VECTOR('',#8545,1.);
#2626=VECTOR('',#8546,1.);
#2627=VECTOR('',#8549,1.);
#2628=VECTOR('',#8550,1.);
#2629=VECTOR('',#8551,1.);
#2630=VECTOR('',#8554,1.);
#2631=VECTOR('',#8555,1.);
#2632=VECTOR('',#8558,1.);
#2633=VECTOR('',#8559,1.);
#2634=VECTOR('',#8568,1.);
#2635=VECTOR('',#8571,1.);
#2636=VECTOR('',#8574,1.);
#2637=VECTOR('',#8575,1.);
#2638=VECTOR('',#8576,1.);
#2639=VECTOR('',#8579,1.);
#2640=VECTOR('',#8580,1.);
#2641=VECTOR('',#8581,1.);
#2642=VECTOR('',#8586,1.);
#2643=VECTOR('',#8593,1.);
#2644=VECTOR('',#8598,1.);
#2645=VECTOR('',#8599,1.);
#2646=VECTOR('',#8602,1.);
#2647=VECTOR('',#8603,1.);
#2648=VECTOR('',#8610,1.);
#2649=VECTOR('',#8611,1.);
#2650=VECTOR('',#8612,1.);
#2651=VECTOR('',#8615,1.);
#2652=VECTOR('',#8616,1.);
#2653=VECTOR('',#8617,1.);
#2654=VECTOR('',#8618,1.);
#2655=VECTOR('',#8625,1.);
#2656=VECTOR('',#8626,1.);
#2657=VECTOR('',#8627,1.);
#2658=VECTOR('',#8628,1.);
#2659=VECTOR('',#8631,1.);
#2660=VECTOR('',#8634,1.);
#2661=VECTOR('',#8637,1.);
#2662=VECTOR('',#8640,1.);
#2663=VECTOR('',#8651,1.);
#2664=VECTOR('',#8652,1.);
#2665=VECTOR('',#8653,1.);
#2666=VECTOR('',#8656,1.);
#2667=VECTOR('',#8657,1.);
#2668=VECTOR('',#8658,1.);
#2669=VECTOR('',#8663,1.);
#2670=VECTOR('',#8668,1.);
#2671=VECTOR('',#8669,1.);
#2672=VECTOR('',#8670,1.);
#2673=VECTOR('',#8671,1.);
#2674=VECTOR('',#8672,1.);
#2675=VECTOR('',#8673,1.);
#2676=VECTOR('',#8674,1.);
#2677=VECTOR('',#8675,1.);
#2678=VECTOR('',#8678,1.);
#2679=VECTOR('',#8685,1.);
#2680=VECTOR('',#8686,1.);
#2681=VECTOR('',#8689,1.);
#2682=VECTOR('',#8692,1.);
#2683=VECTOR('',#8697,1.);
#2684=VECTOR('',#8702,1.);
#2685=VECTOR('',#8711,1.);
#2686=VECTOR('',#8714,1.);
#2687=VECTOR('',#8715,1.);
#2688=VECTOR('',#8716,1.);
#2689=VECTOR('',#8719,1.);
#2690=VECTOR('',#8720,1.);
#2691=VECTOR('',#8721,1.);
#2692=VECTOR('',#8724,1.);
#2693=VECTOR('',#8725,1.);
#2694=VECTOR('',#8726,1.);
#2695=VECTOR('',#8735,1.);
#2696=VECTOR('',#8738,1.);
#2697=VECTOR('',#8743,1.);
#2698=VECTOR('',#8748,1.);
#2699=VECTOR('',#8753,1.);
#2700=VECTOR('',#8754,1.);
#2701=VECTOR('',#8757,1.);
#2702=VECTOR('',#8758,1.);
#2703=VECTOR('',#8761,1.);
#2704=VECTOR('',#8766,1.);
#2705=VECTOR('',#8767,1.);
#2706=VECTOR('',#8768,1.);
#2707=VECTOR('',#8771,1.);
#2708=VECTOR('',#8772,1.);
#2709=VECTOR('',#8773,1.);
#2710=VECTOR('',#8774,1.);
#2711=VECTOR('',#8775,1.);
#2712=VECTOR('',#8776,1.);
#2713=VECTOR('',#8777,1.);
#2714=VECTOR('',#8780,1.);
#2715=VECTOR('',#8781,1.);
#2716=VECTOR('',#8782,1.);
#2717=VECTOR('',#8783,1.);
#2718=VECTOR('',#8784,1.);
#2719=VECTOR('',#8785,1.);
#2720=VECTOR('',#8788,1.);
#2721=VECTOR('',#8789,1.);
#2722=VECTOR('',#8796,1.);
#2723=VECTOR('',#8797,1.);
#2724=VECTOR('',#8798,1.);
#2725=VECTOR('',#8801,1.);
#2726=VECTOR('',#8802,1.);
#2727=VECTOR('',#8803,1.);
#2728=VECTOR('',#8804,1.);
#2729=VECTOR('',#8805,1.);
#2730=VECTOR('',#8806,1.);
#2731=VECTOR('',#8807,1.);
#2732=VECTOR('',#8810,1.);
#2733=VECTOR('',#8811,1.);
#2734=VECTOR('',#8812,1.);
#2735=VECTOR('',#8813,1.);
#2736=VECTOR('',#8814,1.);
#2737=VECTOR('',#8815,1.);
#2738=VECTOR('',#8818,1.);
#2739=VECTOR('',#8819,1.);
#2740=VECTOR('',#8826,1.);
#2741=VECTOR('',#8827,1.);
#2742=VECTOR('',#8828,1.);
#2743=VECTOR('',#8831,1.);
#2744=VECTOR('',#8832,1.);
#2745=VECTOR('',#8833,1.);
#2746=VECTOR('',#8834,1.);
#2747=VECTOR('',#8835,1.);
#2748=VECTOR('',#8836,1.);
#2749=VECTOR('',#8837,1.);
#2750=VECTOR('',#8840,1.);
#2751=VECTOR('',#8841,1.);
#2752=VECTOR('',#8842,1.);
#2753=VECTOR('',#8843,1.);
#2754=VECTOR('',#8844,1.);
#2755=VECTOR('',#8845,1.);
#2756=VECTOR('',#8848,1.);
#2757=VECTOR('',#8849,1.);
#2758=VECTOR('',#8856,1.);
#2759=VECTOR('',#8857,1.);
#2760=VECTOR('',#8858,1.);
#2761=VECTOR('',#8859,1.);
#2762=VECTOR('',#8862,1.);
#2763=VECTOR('',#8863,1.);
#2764=VECTOR('',#8864,1.);
#2765=VECTOR('',#8867,1.);
#2766=VECTOR('',#8868,1.);
#2767=VECTOR('',#8869,1.);
#2768=VECTOR('',#8872,1.);
#2769=VECTOR('',#8873,1.);
#2770=VECTOR('',#8874,1.);
#2771=VECTOR('',#8877,1.);
#2772=VECTOR('',#8878,1.);
#2773=VECTOR('',#8879,1.);
#2774=VECTOR('',#8882,1.);
#2775=VECTOR('',#8883,1.);
#2776=VECTOR('',#8884,1.);
#2777=VECTOR('',#8887,1.);
#2778=VECTOR('',#8888,1.);
#2779=VECTOR('',#8891,1.);
#2780=VECTOR('',#8892,1.);
#2781=VECTOR('',#8899,1.);
#2782=VECTOR('',#8900,1.);
#2783=VECTOR('',#8901,1.);
#2784=VECTOR('',#8902,1.);
#2785=VECTOR('',#8905,1.);
#2786=VECTOR('',#8906,1.);
#2787=VECTOR('',#8907,1.);
#2788=VECTOR('',#8910,1.);
#2789=VECTOR('',#8911,1.);
#2790=VECTOR('',#8912,1.);
#2791=VECTOR('',#8915,1.);
#2792=VECTOR('',#8916,1.);
#2793=VECTOR('',#8917,1.);
#2794=VECTOR('',#8920,1.);
#2795=VECTOR('',#8921,1.);
#2796=VECTOR('',#8922,1.);
#2797=VECTOR('',#8925,1.);
#2798=VECTOR('',#8926,1.);
#2799=VECTOR('',#8927,1.);
#2800=VECTOR('',#8930,1.);
#2801=VECTOR('',#8931,1.);
#2802=VECTOR('',#8934,1.);
#2803=VECTOR('',#8935,1.);
#2804=VECTOR('',#8942,1.);
#2805=VECTOR('',#8943,1.);
#2806=VECTOR('',#8944,1.);
#2807=VECTOR('',#8945,1.);
#2808=VECTOR('',#8948,1.);
#2809=VECTOR('',#8949,1.);
#2810=VECTOR('',#8950,1.);
#2811=VECTOR('',#8953,1.);
#2812=VECTOR('',#8954,1.);
#2813=VECTOR('',#8955,1.);
#2814=VECTOR('',#8958,1.);
#2815=VECTOR('',#8959,1.);
#2816=VECTOR('',#8960,1.);
#2817=VECTOR('',#8963,1.);
#2818=VECTOR('',#8964,1.);
#2819=VECTOR('',#8965,1.);
#2820=VECTOR('',#8968,1.);
#2821=VECTOR('',#8969,1.);
#2822=VECTOR('',#8970,1.);
#2823=VECTOR('',#8973,1.);
#2824=VECTOR('',#8974,1.);
#2825=VECTOR('',#8977,1.);
#2826=VECTOR('',#8978,1.);
#2827=VECTOR('',#8987,1.);
#2828=VECTOR('',#8990,1.);
#2829=VECTOR('',#8993,1.);
#2830=VECTOR('',#8994,1.);
#2831=VECTOR('',#8995,1.);
#2832=VECTOR('',#8998,1.);
#2833=VECTOR('',#8999,1.);
#2834=VECTOR('',#9000,1.);
#2835=VECTOR('',#9005,1.);
#2836=VECTOR('',#9012,1.);
#2837=VECTOR('',#9017,1.);
#2838=VECTOR('',#9018,1.);
#2839=VECTOR('',#9021,1.);
#2840=VECTOR('',#9022,1.);
#2841=VECTOR('',#9029,1.);
#2842=VECTOR('',#9030,1.);
#2843=VECTOR('',#9031,1.);
#2844=VECTOR('',#9034,1.);
#2845=VECTOR('',#9035,1.);
#2846=VECTOR('',#9036,1.);
#2847=VECTOR('',#9037,1.);
#2848=VECTOR('',#9044,1.);
#2849=VECTOR('',#9045,1.);
#2850=VECTOR('',#9046,1.);
#2851=VECTOR('',#9047,1.);
#2852=VECTOR('',#9050,1.);
#2853=VECTOR('',#9053,1.);
#2854=VECTOR('',#9056,1.);
#2855=VECTOR('',#9059,1.);
#2856=VECTOR('',#9066,1.);
#2857=VECTOR('',#9069,1.);
#2858=VECTOR('',#9072,1.);
#2859=VECTOR('',#9073,1.);
#2860=VECTOR('',#9074,1.);
#2861=VECTOR('',#9077,1.);
#2862=VECTOR('',#9078,1.);
#2863=VECTOR('',#9079,1.);
#2864=VECTOR('',#9084,1.);
#2865=VECTOR('',#9091,1.);
#2866=VECTOR('',#9096,1.);
#2867=VECTOR('',#9097,1.);
#2868=VECTOR('',#9100,1.);
#2869=VECTOR('',#9101,1.);
#2870=VECTOR('',#9108,1.);
#2871=VECTOR('',#9109,1.);
#2872=VECTOR('',#9110,1.);
#2873=VECTOR('',#9113,1.);
#2874=VECTOR('',#9114,1.);
#2875=VECTOR('',#9115,1.);
#2876=VECTOR('',#9116,1.);
#2877=VECTOR('',#9123,1.);
#2878=VECTOR('',#9124,1.);
#2879=VECTOR('',#9125,1.);
#2880=VECTOR('',#9126,1.);
#2881=VECTOR('',#9129,1.);
#2882=VECTOR('',#9132,1.);
#2883=VECTOR('',#9135,1.);
#2884=VECTOR('',#9138,1.);
#2885=VECTOR('',#9145,1.);
#2886=VECTOR('',#9148,1.);
#2887=VECTOR('',#9151,1.);
#2888=VECTOR('',#9152,1.);
#2889=VECTOR('',#9153,1.);
#2890=VECTOR('',#9156,1.);
#2891=VECTOR('',#9157,1.);
#2892=VECTOR('',#9158,1.);
#2893=VECTOR('',#9163,1.);
#2894=VECTOR('',#9170,1.);
#2895=VECTOR('',#9175,1.);
#2896=VECTOR('',#9176,1.);
#2897=VECTOR('',#9179,1.);
#2898=VECTOR('',#9180,1.);
#2899=VECTOR('',#9187,1.);
#2900=VECTOR('',#9188,1.);
#2901=VECTOR('',#9189,1.);
#2902=VECTOR('',#9192,1.);
#2903=VECTOR('',#9193,1.);
#2904=VECTOR('',#9194,1.);
#2905=VECTOR('',#9195,1.);
#2906=VECTOR('',#9202,1.);
#2907=VECTOR('',#9203,1.);
#2908=VECTOR('',#9204,1.);
#2909=VECTOR('',#9205,1.);
#2910=VECTOR('',#9208,1.);
#2911=VECTOR('',#9211,1.);
#2912=VECTOR('',#9214,1.);
#2913=VECTOR('',#9217,1.);
#2914=VECTOR('',#9222,1.);
#2915=VECTOR('',#9223,1.);
#2916=VECTOR('',#9224,1.);
#2917=VECTOR('',#9227,1.);
#2918=VECTOR('',#9230,1.);
#2919=VECTOR('',#9235,1.);
#2920=VECTOR('',#9236,1.);
#2921=VECTOR('',#9237,1.);
#2922=VECTOR('',#9240,1.);
#2923=VECTOR('',#9241,1.);
#2924=VECTOR('',#9244,1.);
#2925=VECTOR('',#9245,1.);
#2926=VECTOR('',#9248,1.);
#2927=VECTOR('',#9253,1.);
#2928=VECTOR('',#9254,1.);
#2929=VECTOR('',#9255,1.);
#2930=VECTOR('',#9258,1.);
#2931=VECTOR('',#9259,1.);
#2932=VECTOR('',#9262,1.);
#2933=VECTOR('',#9263,1.);
#2934=VECTOR('',#9266,1.);
#2935=(
BOUNDED_CURVE()
B_SPLINE_CURVE(3,(#9280,#9281,#9282,#9283),.UNSPECIFIED.,.F.,.F.)
B_SPLINE_CURVE_WITH_KNOTS((4,4),(-1.,0.),.UNSPECIFIED.)
CURVE()
GEOMETRIC_REPRESENTATION_ITEM()
RATIONAL_B_SPLINE_CURVE((1.,1.,1.,1.))
REPRESENTATION_ITEM('')
);
#2936=(
BOUNDED_CURVE()
B_SPLINE_CURVE(3,(#9287,#9288,#9289,#9290),.UNSPECIFIED.,.F.,.F.)
B_SPLINE_CURVE_WITH_KNOTS((4,4),(0.,1.),.UNSPECIFIED.)
CURVE()
GEOMETRIC_REPRESENTATION_ITEM()
RATIONAL_B_SPLINE_CURVE((1.,1.,1.,1.))
REPRESENTATION_ITEM('')
);
#2937=(
BOUNDED_CURVE()
B_SPLINE_CURVE(3,(#9313,#9314,#9315,#9316),.UNSPECIFIED.,.F.,.F.)
B_SPLINE_CURVE_WITH_KNOTS((4,4),(-1.,0.),.UNSPECIFIED.)
CURVE()
GEOMETRIC_REPRESENTATION_ITEM()
RATIONAL_B_SPLINE_CURVE((1.,1.,1.,1.))
REPRESENTATION_ITEM('')
);
#2938=(
BOUNDED_CURVE()
B_SPLINE_CURVE(3,(#9318,#9319,#9320,#9321),.UNSPECIFIED.,.F.,.F.)
B_SPLINE_CURVE_WITH_KNOTS((4,4),(0.,1.),.UNSPECIFIED.)
CURVE()
GEOMETRIC_REPRESENTATION_ITEM()
RATIONAL_B_SPLINE_CURVE((1.,1.,1.,1.))
REPRESENTATION_ITEM('')
);
#2939=(
BOUNDED_CURVE()
B_SPLINE_CURVE(3,(#9332,#9333,#9334,#9335),.UNSPECIFIED.,.F.,.F.)
B_SPLINE_CURVE_WITH_KNOTS((4,4),(-1.,0.),.UNSPECIFIED.)
CURVE()
GEOMETRIC_REPRESENTATION_ITEM()
RATIONAL_B_SPLINE_CURVE((1.,1.,1.,1.))
REPRESENTATION_ITEM('')
);
#2940=(
BOUNDED_CURVE()
B_SPLINE_CURVE(3,(#9337,#9338,#9339,#9340),.UNSPECIFIED.,.F.,.F.)
B_SPLINE_CURVE_WITH_KNOTS((4,4),(0.,1.),.UNSPECIFIED.)
CURVE()
GEOMETRIC_REPRESENTATION_ITEM()
RATIONAL_B_SPLINE_CURVE((1.,1.,1.,1.))
REPRESENTATION_ITEM('')
);
#2941=(
BOUNDED_CURVE()
B_SPLINE_CURVE(3,(#9351,#9352,#9353,#9354),.UNSPECIFIED.,.F.,.F.)
B_SPLINE_CURVE_WITH_KNOTS((4,4),(-1.,0.),.UNSPECIFIED.)
CURVE()
GEOMETRIC_REPRESENTATION_ITEM()
RATIONAL_B_SPLINE_CURVE((1.,1.,1.,1.))
REPRESENTATION_ITEM('')
);
#2942=(
BOUNDED_CURVE()
B_SPLINE_CURVE(3,(#9356,#9357,#9358,#9359),.UNSPECIFIED.,.F.,.F.)
B_SPLINE_CURVE_WITH_KNOTS((4,4),(0.,1.),.UNSPECIFIED.)
CURVE()
GEOMETRIC_REPRESENTATION_ITEM()
RATIONAL_B_SPLINE_CURVE((1.,1.,1.,1.))
REPRESENTATION_ITEM('')
);
#2943=(
BOUNDED_CURVE()
B_SPLINE_CURVE(3,(#9370,#9371,#9372,#9373),.UNSPECIFIED.,.F.,.F.)
B_SPLINE_CURVE_WITH_KNOTS((4,4),(-1.,0.),.UNSPECIFIED.)
CURVE()
GEOMETRIC_REPRESENTATION_ITEM()
RATIONAL_B_SPLINE_CURVE((1.,1.,1.,1.))
REPRESENTATION_ITEM('')
);
#2944=(
BOUNDED_CURVE()
B_SPLINE_CURVE(3,(#9375,#9376,#9377,#9378),.UNSPECIFIED.,.F.,.F.)
B_SPLINE_CURVE_WITH_KNOTS((4,4),(0.,1.),.UNSPECIFIED.)
CURVE()
GEOMETRIC_REPRESENTATION_ITEM()
RATIONAL_B_SPLINE_CURVE((1.,1.,1.,1.))
REPRESENTATION_ITEM('')
);
#2945=(
BOUNDED_CURVE()
B_SPLINE_CURVE(3,(#9431,#9432,#9433,#9434),.UNSPECIFIED.,.F.,.F.)
B_SPLINE_CURVE_WITH_KNOTS((4,4),(-1.,0.),.UNSPECIFIED.)
CURVE()
GEOMETRIC_REPRESENTATION_ITEM()
RATIONAL_B_SPLINE_CURVE((1.,1.,1.,1.))
REPRESENTATION_ITEM('')
);
#2946=(
BOUNDED_CURVE()
B_SPLINE_CURVE(3,(#9436,#9437,#9438,#9439),.UNSPECIFIED.,.F.,.F.)
B_SPLINE_CURVE_WITH_KNOTS((4,4),(0.,1.),.UNSPECIFIED.)
CURVE()
GEOMETRIC_REPRESENTATION_ITEM()
RATIONAL_B_SPLINE_CURVE((1.,1.,1.,1.))
REPRESENTATION_ITEM('')
);
#2947=(
BOUNDED_CURVE()
B_SPLINE_CURVE(3,(#9450,#9451,#9452,#9453),.UNSPECIFIED.,.F.,.F.)
B_SPLINE_CURVE_WITH_KNOTS((4,4),(-1.,0.),.UNSPECIFIED.)
CURVE()
GEOMETRIC_REPRESENTATION_ITEM()
RATIONAL_B_SPLINE_CURVE((1.,1.,1.,1.))
REPRESENTATION_ITEM('')
);
#2948=(
BOUNDED_CURVE()
B_SPLINE_CURVE(3,(#9455,#9456,#9457,#9458),.UNSPECIFIED.,.F.,.F.)
B_SPLINE_CURVE_WITH_KNOTS((4,4),(0.,1.),.UNSPECIFIED.)
CURVE()
GEOMETRIC_REPRESENTATION_ITEM()
RATIONAL_B_SPLINE_CURVE((1.,1.,1.,1.))
REPRESENTATION_ITEM('')
);
#2949=(
BOUNDED_CURVE()
B_SPLINE_CURVE(3,(#9469,#9470,#9471,#9472),.UNSPECIFIED.,.F.,.F.)
B_SPLINE_CURVE_WITH_KNOTS((4,4),(-1.,0.),.UNSPECIFIED.)
CURVE()
GEOMETRIC_REPRESENTATION_ITEM()
RATIONAL_B_SPLINE_CURVE((1.,1.,1.,1.))
REPRESENTATION_ITEM('')
);
#2950=(
BOUNDED_CURVE()
B_SPLINE_CURVE(3,(#9474,#9475,#9476,#9477),.UNSPECIFIED.,.F.,.F.)
B_SPLINE_CURVE_WITH_KNOTS((4,4),(0.,1.),.UNSPECIFIED.)
CURVE()
GEOMETRIC_REPRESENTATION_ITEM()
RATIONAL_B_SPLINE_CURVE((1.,1.,1.,1.))
REPRESENTATION_ITEM('')
);
#2951=(
BOUNDED_CURVE()
B_SPLINE_CURVE(3,(#9488,#9489,#9490,#9491),.UNSPECIFIED.,.F.,.F.)
B_SPLINE_CURVE_WITH_KNOTS((4,4),(-1.,0.),.UNSPECIFIED.)
CURVE()
GEOMETRIC_REPRESENTATION_ITEM()
RATIONAL_B_SPLINE_CURVE((1.,1.,1.,1.))
REPRESENTATION_ITEM('')
);
#2952=(
BOUNDED_CURVE()
B_SPLINE_CURVE(3,(#9493,#9494,#9495,#9496),.UNSPECIFIED.,.F.,.F.)
B_SPLINE_CURVE_WITH_KNOTS((4,4),(0.,1.),.UNSPECIFIED.)
CURVE()
GEOMETRIC_REPRESENTATION_ITEM()
RATIONAL_B_SPLINE_CURVE((1.,1.,1.,1.))
REPRESENTATION_ITEM('')
);
#2953=(
BOUNDED_CURVE()
B_SPLINE_CURVE(3,(#9507,#9508,#9509,#9510),.UNSPECIFIED.,.F.,.F.)
B_SPLINE_CURVE_WITH_KNOTS((4,4),(-1.,0.),.UNSPECIFIED.)
CURVE()
GEOMETRIC_REPRESENTATION_ITEM()
RATIONAL_B_SPLINE_CURVE((1.,1.,1.,1.))
REPRESENTATION_ITEM('')
);
#2954=(
BOUNDED_CURVE()
B_SPLINE_CURVE(3,(#9512,#9513,#9514,#9515),.UNSPECIFIED.,.F.,.F.)
B_SPLINE_CURVE_WITH_KNOTS((4,4),(0.,1.),.UNSPECIFIED.)
CURVE()
GEOMETRIC_REPRESENTATION_ITEM()
RATIONAL_B_SPLINE_CURVE((1.,1.,1.,1.))
REPRESENTATION_ITEM('')
);
#2955=(
BOUNDED_CURVE()
B_SPLINE_CURVE(3,(#9526,#9527,#9528,#9529),.UNSPECIFIED.,.F.,.F.)
B_SPLINE_CURVE_WITH_KNOTS((4,4),(-1.,0.),.UNSPECIFIED.)
CURVE()
GEOMETRIC_REPRESENTATION_ITEM()
RATIONAL_B_SPLINE_CURVE((1.,1.,1.,1.))
REPRESENTATION_ITEM('')
);
#2956=(
BOUNDED_CURVE()
B_SPLINE_CURVE(3,(#9531,#9532,#9533,#9534),.UNSPECIFIED.,.F.,.F.)
B_SPLINE_CURVE_WITH_KNOTS((4,4),(0.,1.),.UNSPECIFIED.)
CURVE()
GEOMETRIC_REPRESENTATION_ITEM()
RATIONAL_B_SPLINE_CURVE((1.,1.,1.,1.))
REPRESENTATION_ITEM('')
);
#2957=(
BOUNDED_CURVE()
B_SPLINE_CURVE(3,(#9563,#9564,#9565,#9566),.UNSPECIFIED.,.F.,.F.)
B_SPLINE_CURVE_WITH_KNOTS((4,4),(-1.,0.),.UNSPECIFIED.)
CURVE()
GEOMETRIC_REPRESENTATION_ITEM()
RATIONAL_B_SPLINE_CURVE((1.,1.,1.,1.))
REPRESENTATION_ITEM('')
);
#2958=(
BOUNDED_CURVE()
B_SPLINE_CURVE(3,(#9568,#9569,#9570,#9571),.UNSPECIFIED.,.F.,.F.)
B_SPLINE_CURVE_WITH_KNOTS((4,4),(0.,1.),.UNSPECIFIED.)
CURVE()
GEOMETRIC_REPRESENTATION_ITEM()
RATIONAL_B_SPLINE_CURVE((1.,1.,1.,1.))
REPRESENTATION_ITEM('')
);
#2959=(
BOUNDED_CURVE()
B_SPLINE_CURVE(3,(#9582,#9583,#9584,#9585),.UNSPECIFIED.,.F.,.F.)
B_SPLINE_CURVE_WITH_KNOTS((4,4),(-1.,0.),.UNSPECIFIED.)
CURVE()
GEOMETRIC_REPRESENTATION_ITEM()
RATIONAL_B_SPLINE_CURVE((1.,1.,1.,1.))
REPRESENTATION_ITEM('')
);
#2960=(
BOUNDED_CURVE()
B_SPLINE_CURVE(3,(#9587,#9588,#9589,#9590),.UNSPECIFIED.,.F.,.F.)
B_SPLINE_CURVE_WITH_KNOTS((4,4),(0.,1.),.UNSPECIFIED.)
CURVE()
GEOMETRIC_REPRESENTATION_ITEM()
RATIONAL_B_SPLINE_CURVE((1.,1.,1.,1.))
REPRESENTATION_ITEM('')
);
#2961=(
BOUNDED_CURVE()
B_SPLINE_CURVE(3,(#9601,#9602,#9603,#9604),.UNSPECIFIED.,.F.,.F.)
B_SPLINE_CURVE_WITH_KNOTS((4,4),(-1.,0.),.UNSPECIFIED.)
CURVE()
GEOMETRIC_REPRESENTATION_ITEM()
RATIONAL_B_SPLINE_CURVE((1.,1.,1.,1.))
REPRESENTATION_ITEM('')
);
#2962=(
BOUNDED_CURVE()
B_SPLINE_CURVE(3,(#9606,#9607,#9608,#9609),.UNSPECIFIED.,.F.,.F.)
B_SPLINE_CURVE_WITH_KNOTS((4,4),(0.,1.),.UNSPECIFIED.)
CURVE()
GEOMETRIC_REPRESENTATION_ITEM()
RATIONAL_B_SPLINE_CURVE((1.,1.,1.,1.))
REPRESENTATION_ITEM('')
);
#2963=(
BOUNDED_CURVE()
B_SPLINE_CURVE(3,(#9662,#9663,#9664,#9665),.UNSPECIFIED.,.F.,.F.)
B_SPLINE_CURVE_WITH_KNOTS((4,4),(-1.,0.),.UNSPECIFIED.)
CURVE()
GEOMETRIC_REPRESENTATION_ITEM()
RATIONAL_B_SPLINE_CURVE((1.,1.,1.,1.))
REPRESENTATION_ITEM('')
);
#2964=(
BOUNDED_CURVE()
B_SPLINE_CURVE(3,(#9667,#9668,#9669,#9670),.UNSPECIFIED.,.F.,.F.)
B_SPLINE_CURVE_WITH_KNOTS((4,4),(0.,1.),.UNSPECIFIED.)
CURVE()
GEOMETRIC_REPRESENTATION_ITEM()
RATIONAL_B_SPLINE_CURVE((1.,1.,1.,1.))
REPRESENTATION_ITEM('')
);
#2965=(
BOUNDED_CURVE()
B_SPLINE_CURVE(3,(#9681,#9682,#9683,#9684),.UNSPECIFIED.,.F.,.F.)
B_SPLINE_CURVE_WITH_KNOTS((4,4),(-1.,0.),.UNSPECIFIED.)
CURVE()
GEOMETRIC_REPRESENTATION_ITEM()
RATIONAL_B_SPLINE_CURVE((1.,1.,1.,1.))
REPRESENTATION_ITEM('')
);
#2966=(
BOUNDED_CURVE()
B_SPLINE_CURVE(3,(#9686,#9687,#9688,#9689),.UNSPECIFIED.,.F.,.F.)
B_SPLINE_CURVE_WITH_KNOTS((4,4),(0.,1.),.UNSPECIFIED.)
CURVE()
GEOMETRIC_REPRESENTATION_ITEM()
RATIONAL_B_SPLINE_CURVE((1.,1.,1.,1.))
REPRESENTATION_ITEM('')
);
#2967=(
BOUNDED_CURVE()
B_SPLINE_CURVE(3,(#9700,#9701,#9702,#9703),.UNSPECIFIED.,.F.,.F.)
B_SPLINE_CURVE_WITH_KNOTS((4,4),(-1.,0.),.UNSPECIFIED.)
CURVE()
GEOMETRIC_REPRESENTATION_ITEM()
RATIONAL_B_SPLINE_CURVE((1.,1.,1.,1.))
REPRESENTATION_ITEM('')
);
#2968=(
BOUNDED_CURVE()
B_SPLINE_CURVE(3,(#9705,#9706,#9707,#9708),.UNSPECIFIED.,.F.,.F.)
B_SPLINE_CURVE_WITH_KNOTS((4,4),(0.,1.),.UNSPECIFIED.)
CURVE()
GEOMETRIC_REPRESENTATION_ITEM()
RATIONAL_B_SPLINE_CURVE((1.,1.,1.,1.))
REPRESENTATION_ITEM('')
);
#2969=(
BOUNDED_CURVE()
B_SPLINE_CURVE(3,(#9719,#9720,#9721,#9722),.UNSPECIFIED.,.F.,.F.)
B_SPLINE_CURVE_WITH_KNOTS((4,4),(-1.,0.),.UNSPECIFIED.)
CURVE()
GEOMETRIC_REPRESENTATION_ITEM()
RATIONAL_B_SPLINE_CURVE((1.,1.,1.,1.))
REPRESENTATION_ITEM('')
);
#2970=(
BOUNDED_CURVE()
B_SPLINE_CURVE(3,(#9724,#9725,#9726,#9727),.UNSPECIFIED.,.F.,.F.)
B_SPLINE_CURVE_WITH_KNOTS((4,4),(0.,1.),.UNSPECIFIED.)
CURVE()
GEOMETRIC_REPRESENTATION_ITEM()
RATIONAL_B_SPLINE_CURVE((1.,1.,1.,1.))
REPRESENTATION_ITEM('')
);
#2971=(
BOUNDED_CURVE()
B_SPLINE_CURVE(3,(#9737,#9738,#9739,#9740),.UNSPECIFIED.,.F.,.F.)
B_SPLINE_CURVE_WITH_KNOTS((4,4),(-1.,0.),.UNSPECIFIED.)
CURVE()
GEOMETRIC_REPRESENTATION_ITEM()
RATIONAL_B_SPLINE_CURVE((1.,1.,1.,1.))
REPRESENTATION_ITEM('')
);
#2972=(
BOUNDED_CURVE()
B_SPLINE_CURVE(3,(#9741,#9742,#9743,#9744),.UNSPECIFIED.,.F.,.F.)
B_SPLINE_CURVE_WITH_KNOTS((4,4),(0.,1.),.UNSPECIFIED.)
CURVE()
GEOMETRIC_REPRESENTATION_ITEM()
RATIONAL_B_SPLINE_CURVE((1.,1.,1.,1.))
REPRESENTATION_ITEM('')
);
#2973=(
BOUNDED_CURVE()
B_SPLINE_CURVE(3,(#9770,#9771,#9772,#9773),.UNSPECIFIED.,.F.,.F.)
B_SPLINE_CURVE_WITH_KNOTS((4,4),(-1.,0.),.UNSPECIFIED.)
CURVE()
GEOMETRIC_REPRESENTATION_ITEM()
RATIONAL_B_SPLINE_CURVE((1.,1.,1.,1.))
REPRESENTATION_ITEM('')
);
#2974=(
BOUNDED_CURVE()
B_SPLINE_CURVE(3,(#9775,#9776,#9777,#9778),.UNSPECIFIED.,.F.,.F.)
B_SPLINE_CURVE_WITH_KNOTS((4,4),(0.,1.),.UNSPECIFIED.)
CURVE()
GEOMETRIC_REPRESENTATION_ITEM()
RATIONAL_B_SPLINE_CURVE((1.,1.,1.,1.))
REPRESENTATION_ITEM('')
);
#2975=(
BOUNDED_CURVE()
B_SPLINE_CURVE(3,(#9789,#9790,#9791,#9792),.UNSPECIFIED.,.F.,.F.)
B_SPLINE_CURVE_WITH_KNOTS((4,4),(-1.,0.),.UNSPECIFIED.)
CURVE()
GEOMETRIC_REPRESENTATION_ITEM()
RATIONAL_B_SPLINE_CURVE((1.,1.,1.,1.))
REPRESENTATION_ITEM('')
);
#2976=(
BOUNDED_CURVE()
B_SPLINE_CURVE(3,(#9794,#9795,#9796,#9797),.UNSPECIFIED.,.F.,.F.)
B_SPLINE_CURVE_WITH_KNOTS((4,4),(0.,1.),.UNSPECIFIED.)
CURVE()
GEOMETRIC_REPRESENTATION_ITEM()
RATIONAL_B_SPLINE_CURVE((1.,1.,1.,1.))
REPRESENTATION_ITEM('')
);
#2977=(
BOUNDED_CURVE()
B_SPLINE_CURVE(3,(#9820,#9821,#9822,#9823),.UNSPECIFIED.,.F.,.F.)
B_SPLINE_CURVE_WITH_KNOTS((4,4),(-1.,0.),.UNSPECIFIED.)
CURVE()
GEOMETRIC_REPRESENTATION_ITEM()
RATIONAL_B_SPLINE_CURVE((1.,1.,1.,1.))
REPRESENTATION_ITEM('')
);
#2978=(
BOUNDED_CURVE()
B_SPLINE_CURVE(3,(#9825,#9826,#9827,#9828),.UNSPECIFIED.,.F.,.F.)
B_SPLINE_CURVE_WITH_KNOTS((4,4),(0.,1.),.UNSPECIFIED.)
CURVE()
GEOMETRIC_REPRESENTATION_ITEM()
RATIONAL_B_SPLINE_CURVE((1.,1.,1.,1.))
REPRESENTATION_ITEM('')
);
#2979=(
BOUNDED_CURVE()
B_SPLINE_CURVE(3,(#9839,#9840,#9841,#9842),.UNSPECIFIED.,.F.,.F.)
B_SPLINE_CURVE_WITH_KNOTS((4,4),(-1.,0.),.UNSPECIFIED.)
CURVE()
GEOMETRIC_REPRESENTATION_ITEM()
RATIONAL_B_SPLINE_CURVE((1.,1.,1.,1.))
REPRESENTATION_ITEM('')
);
#2980=(
BOUNDED_CURVE()
B_SPLINE_CURVE(3,(#9844,#9845,#9846,#9847),.UNSPECIFIED.,.F.,.F.)
B_SPLINE_CURVE_WITH_KNOTS((4,4),(0.,1.),.UNSPECIFIED.)
CURVE()
GEOMETRIC_REPRESENTATION_ITEM()
RATIONAL_B_SPLINE_CURVE((1.,1.,1.,1.))
REPRESENTATION_ITEM('')
);
#2981=(
BOUNDED_CURVE()
B_SPLINE_CURVE(3,(#9858,#9859,#9860,#9861),.UNSPECIFIED.,.F.,.F.)
B_SPLINE_CURVE_WITH_KNOTS((4,4),(-1.,0.),.UNSPECIFIED.)
CURVE()
GEOMETRIC_REPRESENTATION_ITEM()
RATIONAL_B_SPLINE_CURVE((1.,1.,1.,1.))
REPRESENTATION_ITEM('')
);
#2982=(
BOUNDED_CURVE()
B_SPLINE_CURVE(3,(#9863,#9864,#9865,#9866),.UNSPECIFIED.,.F.,.F.)
B_SPLINE_CURVE_WITH_KNOTS((4,4),(0.,1.),.UNSPECIFIED.)
CURVE()
GEOMETRIC_REPRESENTATION_ITEM()
RATIONAL_B_SPLINE_CURVE((1.,1.,1.,1.))
REPRESENTATION_ITEM('')
);
#2983=(
BOUNDED_CURVE()
B_SPLINE_CURVE(3,(#9889,#9890,#9891,#9892),.UNSPECIFIED.,.F.,.F.)
B_SPLINE_CURVE_WITH_KNOTS((4,4),(-1.,0.),.UNSPECIFIED.)
CURVE()
GEOMETRIC_REPRESENTATION_ITEM()
RATIONAL_B_SPLINE_CURVE((1.,1.,1.,1.))
REPRESENTATION_ITEM('')
);
#2984=(
BOUNDED_CURVE()
B_SPLINE_CURVE(3,(#9894,#9895,#9896,#9897),.UNSPECIFIED.,.F.,.F.)
B_SPLINE_CURVE_WITH_KNOTS((4,4),(0.,1.),.UNSPECIFIED.)
CURVE()
GEOMETRIC_REPRESENTATION_ITEM()
RATIONAL_B_SPLINE_CURVE((1.,1.,1.,1.))
REPRESENTATION_ITEM('')
);
#2985=(
BOUNDED_CURVE()
B_SPLINE_CURVE(3,(#9908,#9909,#9910,#9911),.UNSPECIFIED.,.F.,.F.)
B_SPLINE_CURVE_WITH_KNOTS((4,4),(-1.,0.),.UNSPECIFIED.)
CURVE()
GEOMETRIC_REPRESENTATION_ITEM()
RATIONAL_B_SPLINE_CURVE((1.,1.,1.,1.))
REPRESENTATION_ITEM('')
);
#2986=(
BOUNDED_CURVE()
B_SPLINE_CURVE(3,(#9913,#9914,#9915,#9916),.UNSPECIFIED.,.F.,.F.)
B_SPLINE_CURVE_WITH_KNOTS((4,4),(0.,1.),.UNSPECIFIED.)
CURVE()
GEOMETRIC_REPRESENTATION_ITEM()
RATIONAL_B_SPLINE_CURVE((1.,1.,1.,1.))
REPRESENTATION_ITEM('')
);
#2987=(
BOUNDED_CURVE()
B_SPLINE_CURVE(3,(#9945,#9946,#9947,#9948),.UNSPECIFIED.,.F.,.F.)
B_SPLINE_CURVE_WITH_KNOTS((4,4),(-1.,0.),.UNSPECIFIED.)
CURVE()
GEOMETRIC_REPRESENTATION_ITEM()
RATIONAL_B_SPLINE_CURVE((1.,1.,1.,1.))
REPRESENTATION_ITEM('')
);
#2988=(
BOUNDED_CURVE()
B_SPLINE_CURVE(3,(#9950,#9951,#9952,#9953),.UNSPECIFIED.,.F.,.F.)
B_SPLINE_CURVE_WITH_KNOTS((4,4),(0.,1.),.UNSPECIFIED.)
CURVE()
GEOMETRIC_REPRESENTATION_ITEM()
RATIONAL_B_SPLINE_CURVE((1.,1.,1.,1.))
REPRESENTATION_ITEM('')
);
#2989=(
BOUNDED_CURVE()
B_SPLINE_CURVE(3,(#9964,#9965,#9966,#9967),.UNSPECIFIED.,.F.,.F.)
B_SPLINE_CURVE_WITH_KNOTS((4,4),(-1.,0.),.UNSPECIFIED.)
CURVE()
GEOMETRIC_REPRESENTATION_ITEM()
RATIONAL_B_SPLINE_CURVE((1.,1.,1.,1.))
REPRESENTATION_ITEM('')
);
#2990=(
BOUNDED_CURVE()
B_SPLINE_CURVE(3,(#9969,#9970,#9971,#9972),.UNSPECIFIED.,.F.,.F.)
B_SPLINE_CURVE_WITH_KNOTS((4,4),(0.,1.),.UNSPECIFIED.)
CURVE()
GEOMETRIC_REPRESENTATION_ITEM()
RATIONAL_B_SPLINE_CURVE((1.,1.,1.,1.))
REPRESENTATION_ITEM('')
);
#2991=(
BOUNDED_CURVE()
B_SPLINE_CURVE(3,(#10013,#10014,#10015,#10016),.UNSPECIFIED.,.F.,.F.)
B_SPLINE_CURVE_WITH_KNOTS((4,4),(-1.,0.),.UNSPECIFIED.)
CURVE()
GEOMETRIC_REPRESENTATION_ITEM()
RATIONAL_B_SPLINE_CURVE((1.,1.,1.,1.))
REPRESENTATION_ITEM('')
);
#2992=(
BOUNDED_CURVE()
B_SPLINE_CURVE(3,(#10018,#10019,#10020,#10021),.UNSPECIFIED.,.F.,.F.)
B_SPLINE_CURVE_WITH_KNOTS((4,4),(0.,1.),.UNSPECIFIED.)
CURVE()
GEOMETRIC_REPRESENTATION_ITEM()
RATIONAL_B_SPLINE_CURVE((1.,1.,1.,1.))
REPRESENTATION_ITEM('')
);
#2993=(
BOUNDED_CURVE()
B_SPLINE_CURVE(3,(#10032,#10033,#10034,#10035),.UNSPECIFIED.,.F.,.F.)
B_SPLINE_CURVE_WITH_KNOTS((4,4),(-1.,0.),.UNSPECIFIED.)
CURVE()
GEOMETRIC_REPRESENTATION_ITEM()
RATIONAL_B_SPLINE_CURVE((1.,1.,1.,1.))
REPRESENTATION_ITEM('')
);
#2994=(
BOUNDED_CURVE()
B_SPLINE_CURVE(3,(#10037,#10038,#10039,#10040),.UNSPECIFIED.,.F.,.F.)
B_SPLINE_CURVE_WITH_KNOTS((4,4),(0.,1.),.UNSPECIFIED.)
CURVE()
GEOMETRIC_REPRESENTATION_ITEM()
RATIONAL_B_SPLINE_CURVE((1.,1.,1.,1.))
REPRESENTATION_ITEM('')
);
#2995=(
BOUNDED_CURVE()
B_SPLINE_CURVE(3,(#10051,#10052,#10053,#10054),.UNSPECIFIED.,.F.,.F.)
B_SPLINE_CURVE_WITH_KNOTS((4,4),(-1.,0.),.UNSPECIFIED.)
CURVE()
GEOMETRIC_REPRESENTATION_ITEM()
RATIONAL_B_SPLINE_CURVE((1.,1.,1.,1.))
REPRESENTATION_ITEM('')
);
#2996=(
BOUNDED_CURVE()
B_SPLINE_CURVE(3,(#10056,#10057,#10058,#10059),.UNSPECIFIED.,.F.,.F.)
B_SPLINE_CURVE_WITH_KNOTS((4,4),(0.,1.),.UNSPECIFIED.)
CURVE()
GEOMETRIC_REPRESENTATION_ITEM()
RATIONAL_B_SPLINE_CURVE((1.,1.,1.,1.))
REPRESENTATION_ITEM('')
);
#2997=(
BOUNDED_CURVE()
B_SPLINE_CURVE(3,(#10070,#10071,#10072,#10073),.UNSPECIFIED.,.F.,.F.)
B_SPLINE_CURVE_WITH_KNOTS((4,4),(-1.,0.),.UNSPECIFIED.)
CURVE()
GEOMETRIC_REPRESENTATION_ITEM()
RATIONAL_B_SPLINE_CURVE((1.,1.,1.,1.))
REPRESENTATION_ITEM('')
);
#2998=(
BOUNDED_CURVE()
B_SPLINE_CURVE(3,(#10075,#10076,#10077,#10078),.UNSPECIFIED.,.F.,.F.)
B_SPLINE_CURVE_WITH_KNOTS((4,4),(0.,1.),.UNSPECIFIED.)
CURVE()
GEOMETRIC_REPRESENTATION_ITEM()
RATIONAL_B_SPLINE_CURVE((1.,1.,1.,1.))
REPRESENTATION_ITEM('')
);
#2999=(
BOUNDED_CURVE()
B_SPLINE_CURVE(3,(#10088,#10089,#10090,#10091),.UNSPECIFIED.,.F.,.F.)
B_SPLINE_CURVE_WITH_KNOTS((4,4),(-1.,0.),.UNSPECIFIED.)
CURVE()
GEOMETRIC_REPRESENTATION_ITEM()
RATIONAL_B_SPLINE_CURVE((1.,1.,1.,1.))
REPRESENTATION_ITEM('')
);
#3000=(
BOUNDED_CURVE()
B_SPLINE_CURVE(3,(#10092,#10093,#10094,#10095),.UNSPECIFIED.,.F.,.F.)
B_SPLINE_CURVE_WITH_KNOTS((4,4),(0.,1.),.UNSPECIFIED.)
CURVE()
GEOMETRIC_REPRESENTATION_ITEM()
RATIONAL_B_SPLINE_CURVE((1.,1.,1.,1.))
REPRESENTATION_ITEM('')
);
#3001=(
BOUNDED_CURVE()
B_SPLINE_CURVE(3,(#10107,#10108,#10109,#10110),.UNSPECIFIED.,.F.,.F.)
B_SPLINE_CURVE_WITH_KNOTS((4,4),(-1.,0.),.UNSPECIFIED.)
CURVE()
GEOMETRIC_REPRESENTATION_ITEM()
RATIONAL_B_SPLINE_CURVE((1.,1.,1.,1.))
REPRESENTATION_ITEM('')
);
#3002=(
BOUNDED_CURVE()
B_SPLINE_CURVE(3,(#10114,#10115,#10116,#10117),.UNSPECIFIED.,.F.,.F.)
B_SPLINE_CURVE_WITH_KNOTS((4,4),(0.,1.),.UNSPECIFIED.)
CURVE()
GEOMETRIC_REPRESENTATION_ITEM()
RATIONAL_B_SPLINE_CURVE((1.,1.,1.,1.))
REPRESENTATION_ITEM('')
);
#3003=(
BOUNDED_CURVE()
B_SPLINE_CURVE(3,(#10128,#10129,#10130,#10131),.UNSPECIFIED.,.F.,.F.)
B_SPLINE_CURVE_WITH_KNOTS((4,4),(-1.,0.),.UNSPECIFIED.)
CURVE()
GEOMETRIC_REPRESENTATION_ITEM()
RATIONAL_B_SPLINE_CURVE((1.,1.,1.,1.))
REPRESENTATION_ITEM('')
);
#3004=(
BOUNDED_CURVE()
B_SPLINE_CURVE(3,(#10133,#10134,#10135,#10136),.UNSPECIFIED.,.F.,.F.)
B_SPLINE_CURVE_WITH_KNOTS((4,4),(0.,1.),.UNSPECIFIED.)
CURVE()
GEOMETRIC_REPRESENTATION_ITEM()
RATIONAL_B_SPLINE_CURVE((1.,1.,1.,1.))
REPRESENTATION_ITEM('')
);
#3005=(
BOUNDED_CURVE()
B_SPLINE_CURVE(3,(#10147,#10148,#10149,#10150),.UNSPECIFIED.,.F.,.F.)
B_SPLINE_CURVE_WITH_KNOTS((4,4),(-1.,0.),.UNSPECIFIED.)
CURVE()
GEOMETRIC_REPRESENTATION_ITEM()
RATIONAL_B_SPLINE_CURVE((1.,1.,1.,1.))
REPRESENTATION_ITEM('')
);
#3006=(
BOUNDED_CURVE()
B_SPLINE_CURVE(3,(#10152,#10153,#10154,#10155),.UNSPECIFIED.,.F.,.F.)
B_SPLINE_CURVE_WITH_KNOTS((4,4),(0.,1.),.UNSPECIFIED.)
CURVE()
GEOMETRIC_REPRESENTATION_ITEM()
RATIONAL_B_SPLINE_CURVE((1.,1.,1.,1.))
REPRESENTATION_ITEM('')
);
#3007=(
BOUNDED_CURVE()
B_SPLINE_CURVE(3,(#10166,#10167,#10168,#10169),.UNSPECIFIED.,.F.,.F.)
B_SPLINE_CURVE_WITH_KNOTS((4,4),(-1.,0.),.UNSPECIFIED.)
CURVE()
GEOMETRIC_REPRESENTATION_ITEM()
RATIONAL_B_SPLINE_CURVE((1.,1.,1.,1.))
REPRESENTATION_ITEM('')
);
#3008=(
BOUNDED_CURVE()
B_SPLINE_CURVE(3,(#10171,#10172,#10173,#10174),.UNSPECIFIED.,.F.,.F.)
B_SPLINE_CURVE_WITH_KNOTS((4,4),(0.,1.),.UNSPECIFIED.)
CURVE()
GEOMETRIC_REPRESENTATION_ITEM()
RATIONAL_B_SPLINE_CURVE((1.,1.,1.,1.))
REPRESENTATION_ITEM('')
);
#3009=(
BOUNDED_CURVE()
B_SPLINE_CURVE(3,(#10185,#10186,#10187,#10188),.UNSPECIFIED.,.F.,.F.)
B_SPLINE_CURVE_WITH_KNOTS((4,4),(-1.,0.),.UNSPECIFIED.)
CURVE()
GEOMETRIC_REPRESENTATION_ITEM()
RATIONAL_B_SPLINE_CURVE((1.,1.,1.,1.))
REPRESENTATION_ITEM('')
);
#3010=(
BOUNDED_CURVE()
B_SPLINE_CURVE(3,(#10190,#10191,#10192,#10193),.UNSPECIFIED.,.F.,.F.)
B_SPLINE_CURVE_WITH_KNOTS((4,4),(0.,1.),.UNSPECIFIED.)
CURVE()
GEOMETRIC_REPRESENTATION_ITEM()
RATIONAL_B_SPLINE_CURVE((1.,1.,1.,1.))
REPRESENTATION_ITEM('')
);
#3011=(
BOUNDED_CURVE()
B_SPLINE_CURVE(3,(#10204,#10205,#10206,#10207),.UNSPECIFIED.,.F.,.F.)
B_SPLINE_CURVE_WITH_KNOTS((4,4),(-1.,0.),.UNSPECIFIED.)
CURVE()
GEOMETRIC_REPRESENTATION_ITEM()
RATIONAL_B_SPLINE_CURVE((1.,1.,1.,1.))
REPRESENTATION_ITEM('')
);
#3012=(
BOUNDED_CURVE()
B_SPLINE_CURVE(3,(#10209,#10210,#10211,#10212),.UNSPECIFIED.,.F.,.F.)
B_SPLINE_CURVE_WITH_KNOTS((4,4),(0.,1.),.UNSPECIFIED.)
CURVE()
GEOMETRIC_REPRESENTATION_ITEM()
RATIONAL_B_SPLINE_CURVE((1.,1.,1.,1.))
REPRESENTATION_ITEM('')
);
#3013=(
BOUNDED_CURVE()
B_SPLINE_CURVE(3,(#10223,#10224,#10225,#10226),.UNSPECIFIED.,.F.,.F.)
B_SPLINE_CURVE_WITH_KNOTS((4,4),(-1.,0.),.UNSPECIFIED.)
CURVE()
GEOMETRIC_REPRESENTATION_ITEM()
RATIONAL_B_SPLINE_CURVE((1.,1.,1.,1.))
REPRESENTATION_ITEM('')
);
#3014=(
BOUNDED_CURVE()
B_SPLINE_CURVE(3,(#10228,#10229,#10230,#10231),.UNSPECIFIED.,.F.,.F.)
B_SPLINE_CURVE_WITH_KNOTS((4,4),(0.,1.),.UNSPECIFIED.)
CURVE()
GEOMETRIC_REPRESENTATION_ITEM()
RATIONAL_B_SPLINE_CURVE((1.,1.,1.,1.))
REPRESENTATION_ITEM('')
);
#3015=(
BOUNDED_CURVE()
B_SPLINE_CURVE(3,(#10242,#10243,#10244,#10245),.UNSPECIFIED.,.F.,.F.)
B_SPLINE_CURVE_WITH_KNOTS((4,4),(-1.,0.),.UNSPECIFIED.)
CURVE()
GEOMETRIC_REPRESENTATION_ITEM()
RATIONAL_B_SPLINE_CURVE((1.,1.,1.,1.))
REPRESENTATION_ITEM('')
);
#3016=(
BOUNDED_CURVE()
B_SPLINE_CURVE(3,(#10247,#10248,#10249,#10250),.UNSPECIFIED.,.F.,.F.)
B_SPLINE_CURVE_WITH_KNOTS((4,4),(0.,1.),.UNSPECIFIED.)
CURVE()
GEOMETRIC_REPRESENTATION_ITEM()
RATIONAL_B_SPLINE_CURVE((1.,1.,1.,1.))
REPRESENTATION_ITEM('')
);
#3017=(
BOUNDED_CURVE()
B_SPLINE_CURVE(3,(#10260,#10261,#10262,#10263),.UNSPECIFIED.,.F.,.F.)
B_SPLINE_CURVE_WITH_KNOTS((4,4),(-1.,0.),.UNSPECIFIED.)
CURVE()
GEOMETRIC_REPRESENTATION_ITEM()
RATIONAL_B_SPLINE_CURVE((1.,1.,1.,1.))
REPRESENTATION_ITEM('')
);
#3018=(
BOUNDED_CURVE()
B_SPLINE_CURVE(3,(#10264,#10265,#10266,#10267),.UNSPECIFIED.,.F.,.F.)
B_SPLINE_CURVE_WITH_KNOTS((4,4),(0.,1.),.UNSPECIFIED.)
CURVE()
GEOMETRIC_REPRESENTATION_ITEM()
RATIONAL_B_SPLINE_CURVE((1.,1.,1.,1.))
REPRESENTATION_ITEM('')
);
#3019=(
BOUNDED_CURVE()
B_SPLINE_CURVE(3,(#10278,#10279,#10280,#10281),.UNSPECIFIED.,.F.,.F.)
B_SPLINE_CURVE_WITH_KNOTS((4,4),(-1.,0.),.UNSPECIFIED.)
CURVE()
GEOMETRIC_REPRESENTATION_ITEM()
RATIONAL_B_SPLINE_CURVE((1.,1.,1.,1.))
REPRESENTATION_ITEM('')
);
#3020=(
BOUNDED_CURVE()
B_SPLINE_CURVE(3,(#10285,#10286,#10287,#10288),.UNSPECIFIED.,.F.,.F.)
B_SPLINE_CURVE_WITH_KNOTS((4,4),(0.,1.),.UNSPECIFIED.)
CURVE()
GEOMETRIC_REPRESENTATION_ITEM()
RATIONAL_B_SPLINE_CURVE((1.,1.,1.,1.))
REPRESENTATION_ITEM('')
);
#3021=(
BOUNDED_CURVE()
B_SPLINE_CURVE(3,(#10299,#10300,#10301,#10302),.UNSPECIFIED.,.F.,.F.)
B_SPLINE_CURVE_WITH_KNOTS((4,4),(-1.,0.),.UNSPECIFIED.)
CURVE()
GEOMETRIC_REPRESENTATION_ITEM()
RATIONAL_B_SPLINE_CURVE((1.,1.,1.,1.))
REPRESENTATION_ITEM('')
);
#3022=(
BOUNDED_CURVE()
B_SPLINE_CURVE(3,(#10304,#10305,#10306,#10307),.UNSPECIFIED.,.F.,.F.)
B_SPLINE_CURVE_WITH_KNOTS((4,4),(0.,1.),.UNSPECIFIED.)
CURVE()
GEOMETRIC_REPRESENTATION_ITEM()
RATIONAL_B_SPLINE_CURVE((1.,1.,1.,1.))
REPRESENTATION_ITEM('')
);
#3023=(
BOUNDED_CURVE()
B_SPLINE_CURVE(3,(#10318,#10319,#10320,#10321),.UNSPECIFIED.,.F.,.F.)
B_SPLINE_CURVE_WITH_KNOTS((4,4),(-1.,0.),.UNSPECIFIED.)
CURVE()
GEOMETRIC_REPRESENTATION_ITEM()
RATIONAL_B_SPLINE_CURVE((1.,1.,1.,1.))
REPRESENTATION_ITEM('')
);
#3024=(
BOUNDED_CURVE()
B_SPLINE_CURVE(3,(#10323,#10324,#10325,#10326),.UNSPECIFIED.,.F.,.F.)
B_SPLINE_CURVE_WITH_KNOTS((4,4),(0.,1.),.UNSPECIFIED.)
CURVE()
GEOMETRIC_REPRESENTATION_ITEM()
RATIONAL_B_SPLINE_CURVE((1.,1.,1.,1.))
REPRESENTATION_ITEM('')
);
#3025=(
BOUNDED_CURVE()
B_SPLINE_CURVE(3,(#10337,#10338,#10339,#10340),.UNSPECIFIED.,.F.,.F.)
B_SPLINE_CURVE_WITH_KNOTS((4,4),(-1.,0.),.UNSPECIFIED.)
CURVE()
GEOMETRIC_REPRESENTATION_ITEM()
RATIONAL_B_SPLINE_CURVE((1.,1.,1.,1.))
REPRESENTATION_ITEM('')
);
#3026=(
BOUNDED_CURVE()
B_SPLINE_CURVE(3,(#10342,#10343,#10344,#10345),.UNSPECIFIED.,.F.,.F.)
B_SPLINE_CURVE_WITH_KNOTS((4,4),(0.,1.),.UNSPECIFIED.)
CURVE()
GEOMETRIC_REPRESENTATION_ITEM()
RATIONAL_B_SPLINE_CURVE((1.,1.,1.,1.))
REPRESENTATION_ITEM('')
);
#3027=(
BOUNDED_CURVE()
B_SPLINE_CURVE(3,(#10356,#10357,#10358,#10359),.UNSPECIFIED.,.F.,.F.)
B_SPLINE_CURVE_WITH_KNOTS((4,4),(-1.,0.),.UNSPECIFIED.)
CURVE()
GEOMETRIC_REPRESENTATION_ITEM()
RATIONAL_B_SPLINE_CURVE((1.,1.,1.,1.))
REPRESENTATION_ITEM('')
);
#3028=(
BOUNDED_CURVE()
B_SPLINE_CURVE(3,(#10361,#10362,#10363,#10364),.UNSPECIFIED.,.F.,.F.)
B_SPLINE_CURVE_WITH_KNOTS((4,4),(0.,1.),.UNSPECIFIED.)
CURVE()
GEOMETRIC_REPRESENTATION_ITEM()
RATIONAL_B_SPLINE_CURVE((1.,1.,1.,1.))
REPRESENTATION_ITEM('')
);
#3029=(
BOUNDED_CURVE()
B_SPLINE_CURVE(3,(#10375,#10376,#10377,#10378),.UNSPECIFIED.,.F.,.F.)
B_SPLINE_CURVE_WITH_KNOTS((4,4),(-1.,0.),.UNSPECIFIED.)
CURVE()
GEOMETRIC_REPRESENTATION_ITEM()
RATIONAL_B_SPLINE_CURVE((1.,1.,1.,1.))
REPRESENTATION_ITEM('')
);
#3030=(
BOUNDED_CURVE()
B_SPLINE_CURVE(3,(#10380,#10381,#10382,#10383),.UNSPECIFIED.,.F.,.F.)
B_SPLINE_CURVE_WITH_KNOTS((4,4),(0.,1.),.UNSPECIFIED.)
CURVE()
GEOMETRIC_REPRESENTATION_ITEM()
RATIONAL_B_SPLINE_CURVE((1.,1.,1.,1.))
REPRESENTATION_ITEM('')
);
#3031=(
BOUNDED_CURVE()
B_SPLINE_CURVE(3,(#10394,#10395,#10396,#10397),.UNSPECIFIED.,.F.,.F.)
B_SPLINE_CURVE_WITH_KNOTS((4,4),(-1.,0.),.UNSPECIFIED.)
CURVE()
GEOMETRIC_REPRESENTATION_ITEM()
RATIONAL_B_SPLINE_CURVE((1.,1.,1.,1.))
REPRESENTATION_ITEM('')
);
#3032=(
BOUNDED_CURVE()
B_SPLINE_CURVE(3,(#10399,#10400,#10401,#10402),.UNSPECIFIED.,.F.,.F.)
B_SPLINE_CURVE_WITH_KNOTS((4,4),(0.,1.),.UNSPECIFIED.)
CURVE()
GEOMETRIC_REPRESENTATION_ITEM()
RATIONAL_B_SPLINE_CURVE((1.,1.,1.,1.))
REPRESENTATION_ITEM('')
);
#3033=(
BOUNDED_CURVE()
B_SPLINE_CURVE(3,(#10413,#10414,#10415,#10416),.UNSPECIFIED.,.F.,.F.)
B_SPLINE_CURVE_WITH_KNOTS((4,4),(-1.,0.),.UNSPECIFIED.)
CURVE()
GEOMETRIC_REPRESENTATION_ITEM()
RATIONAL_B_SPLINE_CURVE((1.,1.,1.,1.))
REPRESENTATION_ITEM('')
);
#3034=(
BOUNDED_CURVE()
B_SPLINE_CURVE(3,(#10418,#10419,#10420,#10421),.UNSPECIFIED.,.F.,.F.)
B_SPLINE_CURVE_WITH_KNOTS((4,4),(0.,1.),.UNSPECIFIED.)
CURVE()
GEOMETRIC_REPRESENTATION_ITEM()
RATIONAL_B_SPLINE_CURVE((1.,1.,1.,1.))
REPRESENTATION_ITEM('')
);
#3035=(
BOUNDED_CURVE()
B_SPLINE_CURVE(3,(#10432,#10433,#10434,#10435),.UNSPECIFIED.,.F.,.F.)
B_SPLINE_CURVE_WITH_KNOTS((4,4),(-1.,0.),.UNSPECIFIED.)
CURVE()
GEOMETRIC_REPRESENTATION_ITEM()
RATIONAL_B_SPLINE_CURVE((1.,1.,1.,1.))
REPRESENTATION_ITEM('')
);
#3036=(
BOUNDED_CURVE()
B_SPLINE_CURVE(3,(#10437,#10438,#10439,#10440),.UNSPECIFIED.,.F.,.F.)
B_SPLINE_CURVE_WITH_KNOTS((4,4),(0.,1.),.UNSPECIFIED.)
CURVE()
GEOMETRIC_REPRESENTATION_ITEM()
RATIONAL_B_SPLINE_CURVE((1.,1.,1.,1.))
REPRESENTATION_ITEM('')
);
#3037=(
BOUNDED_CURVE()
B_SPLINE_CURVE(3,(#10450,#10451,#10452,#10453),.UNSPECIFIED.,.F.,.F.)
B_SPLINE_CURVE_WITH_KNOTS((4,4),(-1.,0.),.UNSPECIFIED.)
CURVE()
GEOMETRIC_REPRESENTATION_ITEM()
RATIONAL_B_SPLINE_CURVE((1.,1.,1.,1.))
REPRESENTATION_ITEM('')
);
#3038=(
BOUNDED_CURVE()
B_SPLINE_CURVE(3,(#10454,#10455,#10456,#10457),.UNSPECIFIED.,.F.,.F.)
B_SPLINE_CURVE_WITH_KNOTS((4,4),(0.,1.),.UNSPECIFIED.)
CURVE()
GEOMETRIC_REPRESENTATION_ITEM()
RATIONAL_B_SPLINE_CURVE((1.,1.,1.,1.))
REPRESENTATION_ITEM('')
);
#3039=(
BOUNDED_CURVE()
B_SPLINE_CURVE(3,(#10486,#10487,#10488,#10489),.UNSPECIFIED.,.F.,.F.)
B_SPLINE_CURVE_WITH_KNOTS((4,4),(-1.,0.),.UNSPECIFIED.)
CURVE()
GEOMETRIC_REPRESENTATION_ITEM()
RATIONAL_B_SPLINE_CURVE((1.,1.,1.,1.))
REPRESENTATION_ITEM('')
);
#3040=(
BOUNDED_CURVE()
B_SPLINE_CURVE(3,(#10491,#10492,#10493,#10494),.UNSPECIFIED.,.F.,.F.)
B_SPLINE_CURVE_WITH_KNOTS((4,4),(-1.,0.),.UNSPECIFIED.)
CURVE()
GEOMETRIC_REPRESENTATION_ITEM()
RATIONAL_B_SPLINE_CURVE((1.,1.,1.,1.))
REPRESENTATION_ITEM('')
);
#3041=(
BOUNDED_CURVE()
B_SPLINE_CURVE(3,(#10496,#10497,#10498,#10499),.UNSPECIFIED.,.F.,.F.)
B_SPLINE_CURVE_WITH_KNOTS((4,4),(-1.,0.),.UNSPECIFIED.)
CURVE()
GEOMETRIC_REPRESENTATION_ITEM()
RATIONAL_B_SPLINE_CURVE((1.,1.,1.,1.))
REPRESENTATION_ITEM('')
);
#3042=(
BOUNDED_CURVE()
B_SPLINE_CURVE(3,(#10507,#10508,#10509,#10510),.UNSPECIFIED.,.F.,.F.)
B_SPLINE_CURVE_WITH_KNOTS((4,4),(-1.,0.),.UNSPECIFIED.)
CURVE()
GEOMETRIC_REPRESENTATION_ITEM()
RATIONAL_B_SPLINE_CURVE((1.,1.,1.,1.))
REPRESENTATION_ITEM('')
);
#3043=(
BOUNDED_CURVE()
B_SPLINE_CURVE(3,(#10512,#10513,#10514,#10515),.UNSPECIFIED.,.F.,.F.)
B_SPLINE_CURVE_WITH_KNOTS((4,4),(-1.,0.),.UNSPECIFIED.)
CURVE()
GEOMETRIC_REPRESENTATION_ITEM()
RATIONAL_B_SPLINE_CURVE((1.,1.,1.,1.))
REPRESENTATION_ITEM('')
);
#3044=(
BOUNDED_CURVE()
B_SPLINE_CURVE(3,(#10517,#10518,#10519,#10520),.UNSPECIFIED.,.F.,.F.)
B_SPLINE_CURVE_WITH_KNOTS((4,4),(-1.,0.),.UNSPECIFIED.)
CURVE()
GEOMETRIC_REPRESENTATION_ITEM()
RATIONAL_B_SPLINE_CURVE((1.,1.,1.,1.))
REPRESENTATION_ITEM('')
);
#3045=(
BOUNDED_CURVE()
B_SPLINE_CURVE(3,(#10522,#10523,#10524,#10525),.UNSPECIFIED.,.F.,.F.)
B_SPLINE_CURVE_WITH_KNOTS((4,4),(-1.,0.),.UNSPECIFIED.)
CURVE()
GEOMETRIC_REPRESENTATION_ITEM()
RATIONAL_B_SPLINE_CURVE((1.,1.,1.,1.))
REPRESENTATION_ITEM('')
);
#3046=(
BOUNDED_CURVE()
B_SPLINE_CURVE(3,(#10527,#10528,#10529,#10530),.UNSPECIFIED.,.F.,.F.)
B_SPLINE_CURVE_WITH_KNOTS((4,4),(-1.,0.),.UNSPECIFIED.)
CURVE()
GEOMETRIC_REPRESENTATION_ITEM()
RATIONAL_B_SPLINE_CURVE((1.,1.,1.,1.))
REPRESENTATION_ITEM('')
);
#3047=(
BOUNDED_CURVE()
B_SPLINE_CURVE(3,(#10532,#10533,#10534,#10535),.UNSPECIFIED.,.F.,.F.)
B_SPLINE_CURVE_WITH_KNOTS((4,4),(-1.,0.),.UNSPECIFIED.)
CURVE()
GEOMETRIC_REPRESENTATION_ITEM()
RATIONAL_B_SPLINE_CURVE((1.,1.,1.,1.))
REPRESENTATION_ITEM('')
);
#3048=(
BOUNDED_CURVE()
B_SPLINE_CURVE(3,(#10541,#10542,#10543,#10544),.UNSPECIFIED.,.F.,.F.)
B_SPLINE_CURVE_WITH_KNOTS((4,4),(-1.,0.),.UNSPECIFIED.)
CURVE()
GEOMETRIC_REPRESENTATION_ITEM()
RATIONAL_B_SPLINE_CURVE((1.,1.,1.,1.))
REPRESENTATION_ITEM('')
);
#3049=(
BOUNDED_CURVE()
B_SPLINE_CURVE(3,(#10546,#10547,#10548,#10549),.UNSPECIFIED.,.F.,.F.)
B_SPLINE_CURVE_WITH_KNOTS((4,4),(-1.,0.),.UNSPECIFIED.)
CURVE()
GEOMETRIC_REPRESENTATION_ITEM()
RATIONAL_B_SPLINE_CURVE((1.,1.,1.,1.))
REPRESENTATION_ITEM('')
);
#3050=(
BOUNDED_CURVE()
B_SPLINE_CURVE(3,(#10551,#10552,#10553,#10554),.UNSPECIFIED.,.F.,.F.)
B_SPLINE_CURVE_WITH_KNOTS((4,4),(-1.,0.),.UNSPECIFIED.)
CURVE()
GEOMETRIC_REPRESENTATION_ITEM()
RATIONAL_B_SPLINE_CURVE((1.,1.,1.,1.))
REPRESENTATION_ITEM('')
);
#3051=(
BOUNDED_CURVE()
B_SPLINE_CURVE(3,(#10556,#10557,#10558,#10559),.UNSPECIFIED.,.F.,.F.)
B_SPLINE_CURVE_WITH_KNOTS((4,4),(-1.,0.),.UNSPECIFIED.)
CURVE()
GEOMETRIC_REPRESENTATION_ITEM()
RATIONAL_B_SPLINE_CURVE((1.,1.,1.,1.))
REPRESENTATION_ITEM('')
);
#3052=(
BOUNDED_CURVE()
B_SPLINE_CURVE(3,(#10561,#10562,#10563,#10564),.UNSPECIFIED.,.F.,.F.)
B_SPLINE_CURVE_WITH_KNOTS((4,4),(-1.,0.),.UNSPECIFIED.)
CURVE()
GEOMETRIC_REPRESENTATION_ITEM()
RATIONAL_B_SPLINE_CURVE((1.,1.,1.,1.))
REPRESENTATION_ITEM('')
);
#3053=(
BOUNDED_CURVE()
B_SPLINE_CURVE(3,(#10566,#10567,#10568,#10569),.UNSPECIFIED.,.F.,.F.)
B_SPLINE_CURVE_WITH_KNOTS((4,4),(-1.,0.),.UNSPECIFIED.)
CURVE()
GEOMETRIC_REPRESENTATION_ITEM()
RATIONAL_B_SPLINE_CURVE((1.,1.,1.,1.))
REPRESENTATION_ITEM('')
);
#3054=(
BOUNDED_CURVE()
B_SPLINE_CURVE(3,(#10571,#10572,#10573,#10574),.UNSPECIFIED.,.F.,.F.)
B_SPLINE_CURVE_WITH_KNOTS((4,4),(-1.,0.),.UNSPECIFIED.)
CURVE()
GEOMETRIC_REPRESENTATION_ITEM()
RATIONAL_B_SPLINE_CURVE((1.,1.,1.,1.))
REPRESENTATION_ITEM('')
);
#3055=(
BOUNDED_CURVE()
B_SPLINE_CURVE(3,(#10576,#10577,#10578,#10579),.UNSPECIFIED.,.F.,.F.)
B_SPLINE_CURVE_WITH_KNOTS((4,4),(-1.,0.),.UNSPECIFIED.)
CURVE()
GEOMETRIC_REPRESENTATION_ITEM()
RATIONAL_B_SPLINE_CURVE((1.,1.,1.,1.))
REPRESENTATION_ITEM('')
);
#3056=(
BOUNDED_CURVE()
B_SPLINE_CURVE(3,(#10580,#10581,#10582,#10583),.UNSPECIFIED.,.F.,.F.)
B_SPLINE_CURVE_WITH_KNOTS((4,4),(-1.,0.),.UNSPECIFIED.)
CURVE()
GEOMETRIC_REPRESENTATION_ITEM()
RATIONAL_B_SPLINE_CURVE((1.,1.,1.,1.))
REPRESENTATION_ITEM('')
);
#3057=(
BOUNDED_CURVE()
B_SPLINE_CURVE(3,(#10602,#10603,#10604,#10605),.UNSPECIFIED.,.F.,.F.)
B_SPLINE_CURVE_WITH_KNOTS((4,4),(-1.,0.),.UNSPECIFIED.)
CURVE()
GEOMETRIC_REPRESENTATION_ITEM()
RATIONAL_B_SPLINE_CURVE((1.,1.,1.,1.))
REPRESENTATION_ITEM('')
);
#3058=(
BOUNDED_CURVE()
B_SPLINE_CURVE(3,(#10609,#10610,#10611,#10612),.UNSPECIFIED.,.F.,.F.)
B_SPLINE_CURVE_WITH_KNOTS((4,4),(0.,1.),.UNSPECIFIED.)
CURVE()
GEOMETRIC_REPRESENTATION_ITEM()
RATIONAL_B_SPLINE_CURVE((1.,1.,1.,1.))
REPRESENTATION_ITEM('')
);
#3059=(
BOUNDED_CURVE()
B_SPLINE_CURVE(3,(#10641,#10642,#10643,#10644),.UNSPECIFIED.,.F.,.F.)
B_SPLINE_CURVE_WITH_KNOTS((4,4),(-1.,0.),.UNSPECIFIED.)
CURVE()
GEOMETRIC_REPRESENTATION_ITEM()
RATIONAL_B_SPLINE_CURVE((1.,1.,1.,1.))
REPRESENTATION_ITEM('')
);
#3060=(
BOUNDED_CURVE()
B_SPLINE_CURVE(3,(#10646,#10647,#10648,#10649),.UNSPECIFIED.,.F.,.F.)
B_SPLINE_CURVE_WITH_KNOTS((4,4),(0.,1.),.UNSPECIFIED.)
CURVE()
GEOMETRIC_REPRESENTATION_ITEM()
RATIONAL_B_SPLINE_CURVE((1.,1.,1.,1.))
REPRESENTATION_ITEM('')
);
#3061=(
BOUNDED_CURVE()
B_SPLINE_CURVE(3,(#10660,#10661,#10662,#10663),.UNSPECIFIED.,.F.,.F.)
B_SPLINE_CURVE_WITH_KNOTS((4,4),(-1.,0.),.UNSPECIFIED.)
CURVE()
GEOMETRIC_REPRESENTATION_ITEM()
RATIONAL_B_SPLINE_CURVE((1.,1.,1.,1.))
REPRESENTATION_ITEM('')
);
#3062=(
BOUNDED_CURVE()
B_SPLINE_CURVE(3,(#10665,#10666,#10667,#10668),.UNSPECIFIED.,.F.,.F.)
B_SPLINE_CURVE_WITH_KNOTS((4,4),(0.,1.),.UNSPECIFIED.)
CURVE()
GEOMETRIC_REPRESENTATION_ITEM()
RATIONAL_B_SPLINE_CURVE((1.,1.,1.,1.))
REPRESENTATION_ITEM('')
);
#3063=(
BOUNDED_CURVE()
B_SPLINE_CURVE(3,(#10679,#10680,#10681,#10682),.UNSPECIFIED.,.F.,.F.)
B_SPLINE_CURVE_WITH_KNOTS((4,4),(-1.,0.),.UNSPECIFIED.)
CURVE()
GEOMETRIC_REPRESENTATION_ITEM()
RATIONAL_B_SPLINE_CURVE((1.,1.,1.,1.))
REPRESENTATION_ITEM('')
);
#3064=(
BOUNDED_CURVE()
B_SPLINE_CURVE(3,(#10684,#10685,#10686,#10687),.UNSPECIFIED.,.F.,.F.)
B_SPLINE_CURVE_WITH_KNOTS((4,4),(0.,1.),.UNSPECIFIED.)
CURVE()
GEOMETRIC_REPRESENTATION_ITEM()
RATIONAL_B_SPLINE_CURVE((1.,1.,1.,1.))
REPRESENTATION_ITEM('')
);
#3065=(
BOUNDED_CURVE()
B_SPLINE_CURVE(3,(#10698,#10699,#10700,#10701),.UNSPECIFIED.,.F.,.F.)
B_SPLINE_CURVE_WITH_KNOTS((4,4),(-1.,0.),.UNSPECIFIED.)
CURVE()
GEOMETRIC_REPRESENTATION_ITEM()
RATIONAL_B_SPLINE_CURVE((1.,1.,1.,1.))
REPRESENTATION_ITEM('')
);
#3066=(
BOUNDED_CURVE()
B_SPLINE_CURVE(3,(#10703,#10704,#10705,#10706),.UNSPECIFIED.,.F.,.F.)
B_SPLINE_CURVE_WITH_KNOTS((4,4),(0.,1.),.UNSPECIFIED.)
CURVE()
GEOMETRIC_REPRESENTATION_ITEM()
RATIONAL_B_SPLINE_CURVE((1.,1.,1.,1.))
REPRESENTATION_ITEM('')
);
#3067=(
BOUNDED_CURVE()
B_SPLINE_CURVE(3,(#10716,#10717,#10718,#10719),.UNSPECIFIED.,.F.,.F.)
B_SPLINE_CURVE_WITH_KNOTS((4,4),(-1.,0.),.UNSPECIFIED.)
CURVE()
GEOMETRIC_REPRESENTATION_ITEM()
RATIONAL_B_SPLINE_CURVE((1.,1.,1.,1.))
REPRESENTATION_ITEM('')
);
#3068=(
BOUNDED_CURVE()
B_SPLINE_CURVE(3,(#10720,#10721,#10722,#10723),.UNSPECIFIED.,.F.,.F.)
B_SPLINE_CURVE_WITH_KNOTS((4,4),(0.,1.),.UNSPECIFIED.)
CURVE()
GEOMETRIC_REPRESENTATION_ITEM()
RATIONAL_B_SPLINE_CURVE((1.,1.,1.,1.))
REPRESENTATION_ITEM('')
);
#3069=(
BOUNDED_CURVE()
B_SPLINE_CURVE(3,(#10735,#10736,#10737,#10738),.UNSPECIFIED.,.F.,.F.)
B_SPLINE_CURVE_WITH_KNOTS((4,4),(0.,1.),.UNSPECIFIED.)
CURVE()
GEOMETRIC_REPRESENTATION_ITEM()
RATIONAL_B_SPLINE_CURVE((1.,1.,1.,1.))
REPRESENTATION_ITEM('')
);
#3070=(
BOUNDED_CURVE()
B_SPLINE_CURVE(3,(#10749,#10750,#10751,#10752),.UNSPECIFIED.,.F.,.F.)
B_SPLINE_CURVE_WITH_KNOTS((4,4),(0.,1.),.UNSPECIFIED.)
CURVE()
GEOMETRIC_REPRESENTATION_ITEM()
RATIONAL_B_SPLINE_CURVE((1.,1.,1.,1.))
REPRESENTATION_ITEM('')
);
#3071=(
BOUNDED_CURVE()
B_SPLINE_CURVE(3,(#10763,#10764,#10765,#10766),.UNSPECIFIED.,.F.,.F.)
B_SPLINE_CURVE_WITH_KNOTS((4,4),(0.,1.),.UNSPECIFIED.)
CURVE()
GEOMETRIC_REPRESENTATION_ITEM()
RATIONAL_B_SPLINE_CURVE((1.,1.,1.,1.))
REPRESENTATION_ITEM('')
);
#3072=(
BOUNDED_CURVE()
B_SPLINE_CURVE(3,(#10789,#10790,#10791,#10792),.UNSPECIFIED.,.F.,.F.)
B_SPLINE_CURVE_WITH_KNOTS((4,4),(0.,1.),.UNSPECIFIED.)
CURVE()
GEOMETRIC_REPRESENTATION_ITEM()
RATIONAL_B_SPLINE_CURVE((1.,1.,1.,1.))
REPRESENTATION_ITEM('')
);
#3073=(
BOUNDED_CURVE()
B_SPLINE_CURVE(3,(#10803,#10804,#10805,#10806),.UNSPECIFIED.,.F.,.F.)
B_SPLINE_CURVE_WITH_KNOTS((4,4),(0.,1.),.UNSPECIFIED.)
CURVE()
GEOMETRIC_REPRESENTATION_ITEM()
RATIONAL_B_SPLINE_CURVE((1.,1.,1.,1.))
REPRESENTATION_ITEM('')
);
#3074=(
BOUNDED_CURVE()
B_SPLINE_CURVE(3,(#10817,#10818,#10819,#10820),.UNSPECIFIED.,.F.,.F.)
B_SPLINE_CURVE_WITH_KNOTS((4,4),(0.,1.),.UNSPECIFIED.)
CURVE()
GEOMETRIC_REPRESENTATION_ITEM()
RATIONAL_B_SPLINE_CURVE((1.,1.,1.,1.))
REPRESENTATION_ITEM('')
);
#3075=(
BOUNDED_CURVE()
B_SPLINE_CURVE(3,(#10831,#10832,#10833,#10834),.UNSPECIFIED.,.F.,.F.)
B_SPLINE_CURVE_WITH_KNOTS((4,4),(0.,1.),.UNSPECIFIED.)
CURVE()
GEOMETRIC_REPRESENTATION_ITEM()
RATIONAL_B_SPLINE_CURVE((1.,1.,1.,1.))
REPRESENTATION_ITEM('')
);
#3076=(
BOUNDED_CURVE()
B_SPLINE_CURVE(3,(#10845,#10846,#10847,#10848),.UNSPECIFIED.,.F.,.F.)
B_SPLINE_CURVE_WITH_KNOTS((4,4),(0.,1.),.UNSPECIFIED.)
CURVE()
GEOMETRIC_REPRESENTATION_ITEM()
RATIONAL_B_SPLINE_CURVE((1.,1.,1.,1.))
REPRESENTATION_ITEM('')
);
#3077=(
BOUNDED_CURVE()
B_SPLINE_CURVE(3,(#10859,#10860,#10861,#10862),.UNSPECIFIED.,.F.,.F.)
B_SPLINE_CURVE_WITH_KNOTS((4,4),(0.,1.),.UNSPECIFIED.)
CURVE()
GEOMETRIC_REPRESENTATION_ITEM()
RATIONAL_B_SPLINE_CURVE((1.,1.,1.,1.))
REPRESENTATION_ITEM('')
);
#3078=(
BOUNDED_CURVE()
B_SPLINE_CURVE(3,(#10881,#10882,#10883,#10884),.UNSPECIFIED.,.F.,.F.)
B_SPLINE_CURVE_WITH_KNOTS((4,4),(0.,1.),.UNSPECIFIED.)
CURVE()
GEOMETRIC_REPRESENTATION_ITEM()
RATIONAL_B_SPLINE_CURVE((1.,1.,1.,1.))
REPRESENTATION_ITEM('')
);
#3079=(
BOUNDED_CURVE()
B_SPLINE_CURVE(3,(#10895,#10896,#10897,#10898),.UNSPECIFIED.,.F.,.F.)
B_SPLINE_CURVE_WITH_KNOTS((4,4),(0.,1.),.UNSPECIFIED.)
CURVE()
GEOMETRIC_REPRESENTATION_ITEM()
RATIONAL_B_SPLINE_CURVE((1.,1.,1.,1.))
REPRESENTATION_ITEM('')
);
#3080=(
BOUNDED_CURVE()
B_SPLINE_CURVE(3,(#10909,#10910,#10911,#10912),.UNSPECIFIED.,.F.,.F.)
B_SPLINE_CURVE_WITH_KNOTS((4,4),(0.,1.),.UNSPECIFIED.)
CURVE()
GEOMETRIC_REPRESENTATION_ITEM()
RATIONAL_B_SPLINE_CURVE((1.,1.,1.,1.))
REPRESENTATION_ITEM('')
);
#3081=(
BOUNDED_CURVE()
B_SPLINE_CURVE(3,(#10923,#10924,#10925,#10926),.UNSPECIFIED.,.F.,.F.)
B_SPLINE_CURVE_WITH_KNOTS((4,4),(0.,1.),.UNSPECIFIED.)
CURVE()
GEOMETRIC_REPRESENTATION_ITEM()
RATIONAL_B_SPLINE_CURVE((1.,1.,1.,1.))
REPRESENTATION_ITEM('')
);
#3082=(
BOUNDED_CURVE()
B_SPLINE_CURVE(3,(#10937,#10938,#10939,#10940),.UNSPECIFIED.,.F.,.F.)
B_SPLINE_CURVE_WITH_KNOTS((4,4),(0.,1.),.UNSPECIFIED.)
CURVE()
GEOMETRIC_REPRESENTATION_ITEM()
RATIONAL_B_SPLINE_CURVE((1.,1.,1.,1.))
REPRESENTATION_ITEM('')
);
#3083=(
BOUNDED_CURVE()
B_SPLINE_CURVE(3,(#10951,#10952,#10953,#10954),.UNSPECIFIED.,.F.,.F.)
B_SPLINE_CURVE_WITH_KNOTS((4,4),(0.,1.),.UNSPECIFIED.)
CURVE()
GEOMETRIC_REPRESENTATION_ITEM()
RATIONAL_B_SPLINE_CURVE((1.,1.,1.,1.))
REPRESENTATION_ITEM('')
);
#3084=(
BOUNDED_CURVE()
B_SPLINE_CURVE(3,(#10965,#10966,#10967,#10968),.UNSPECIFIED.,.F.,.F.)
B_SPLINE_CURVE_WITH_KNOTS((4,4),(0.,1.),.UNSPECIFIED.)
CURVE()
GEOMETRIC_REPRESENTATION_ITEM()
RATIONAL_B_SPLINE_CURVE((1.,1.,1.,1.))
REPRESENTATION_ITEM('')
);
#3085=(
BOUNDED_CURVE()
B_SPLINE_CURVE(3,(#10979,#10980,#10981,#10982),.UNSPECIFIED.,.F.,.F.)
B_SPLINE_CURVE_WITH_KNOTS((4,4),(0.,1.),.UNSPECIFIED.)
CURVE()
GEOMETRIC_REPRESENTATION_ITEM()
RATIONAL_B_SPLINE_CURVE((1.,1.,1.,1.))
REPRESENTATION_ITEM('')
);
#3086=(
BOUNDED_CURVE()
B_SPLINE_CURVE(3,(#10992,#10993,#10994,#10995),.UNSPECIFIED.,.F.,.F.)
B_SPLINE_CURVE_WITH_KNOTS((4,4),(0.,1.),.UNSPECIFIED.)
CURVE()
GEOMETRIC_REPRESENTATION_ITEM()
RATIONAL_B_SPLINE_CURVE((1.,1.,1.,1.))
REPRESENTATION_ITEM('')
);
#3087=VERTEX_POINT('',#9278);
#3088=VERTEX_POINT('',#9279);
#3089=VERTEX_POINT('',#9284);
#3090=VERTEX_POINT('',#9286);
#3091=VERTEX_POINT('',#9293);
#3092=VERTEX_POINT('',#9295);
#3093=VERTEX_POINT('',#9299);
#3094=VERTEX_POINT('',#9301);
#3095=VERTEX_POINT('',#9312);
#3096=VERTEX_POINT('',#9317);
#3097=VERTEX_POINT('',#9331);
#3098=VERTEX_POINT('',#9336);
#3099=VERTEX_POINT('',#9350);
#3100=VERTEX_POINT('',#9355);
#3101=VERTEX_POINT('',#9369);
#3102=VERTEX_POINT('',#9374);
#3103=VERTEX_POINT('',#9381);
#3104=VERTEX_POINT('',#9383);
#3105=VERTEX_POINT('',#9387);
#3106=VERTEX_POINT('',#9389);
#3107=VERTEX_POINT('',#9393);
#3108=VERTEX_POINT('',#9395);
#3109=VERTEX_POINT('',#9399);
#3110=VERTEX_POINT('',#9401);
#3111=VERTEX_POINT('',#9405);
#3112=VERTEX_POINT('',#9407);
#3113=VERTEX_POINT('',#9411);
#3114=VERTEX_POINT('',#9413);
#3115=VERTEX_POINT('',#9417);
#3116=VERTEX_POINT('',#9419);
#3117=VERTEX_POINT('',#9430);
#3118=VERTEX_POINT('',#9435);
#3119=VERTEX_POINT('',#9449);
#3120=VERTEX_POINT('',#9454);
#3121=VERTEX_POINT('',#9468);
#3122=VERTEX_POINT('',#9473);
#3123=VERTEX_POINT('',#9487);
#3124=VERTEX_POINT('',#9492);
#3125=VERTEX_POINT('',#9506);
#3126=VERTEX_POINT('',#9511);
#3127=VERTEX_POINT('',#9525);
#3128=VERTEX_POINT('',#9530);
#3129=VERTEX_POINT('',#9537);
#3130=VERTEX_POINT('',#9539);
#3131=VERTEX_POINT('',#9543);
#3132=VERTEX_POINT('',#9545);
#3133=VERTEX_POINT('',#9549);
#3134=VERTEX_POINT('',#9551);
#3135=VERTEX_POINT('',#9562);
#3136=VERTEX_POINT('',#9567);
#3137=VERTEX_POINT('',#9581);
#3138=VERTEX_POINT('',#9586);
#3139=VERTEX_POINT('',#9600);
#3140=VERTEX_POINT('',#9605);
#3141=VERTEX_POINT('',#9612);
#3142=VERTEX_POINT('',#9614);
#3143=VERTEX_POINT('',#9618);
#3144=VERTEX_POINT('',#9620);
#3145=VERTEX_POINT('',#9624);
#3146=VERTEX_POINT('',#9626);
#3147=VERTEX_POINT('',#9630);
#3148=VERTEX_POINT('',#9632);
#3149=VERTEX_POINT('',#9636);
#3150=VERTEX_POINT('',#9638);
#3151=VERTEX_POINT('',#9642);
#3152=VERTEX_POINT('',#9644);
#3153=VERTEX_POINT('',#9648);
#3154=VERTEX_POINT('',#9650);
#3155=VERTEX_POINT('',#9661);
#3156=VERTEX_POINT('',#9666);
#3157=VERTEX_POINT('',#9680);
#3158=VERTEX_POINT('',#9685);
#3159=VERTEX_POINT('',#9699);
#3160=VERTEX_POINT('',#9704);
#3161=VERTEX_POINT('',#9718);
#3162=VERTEX_POINT('',#9723);
#3163=VERTEX_POINT('',#9747);
#3164=VERTEX_POINT('',#9748);
#3165=VERTEX_POINT('',#9750);
#3166=VERTEX_POINT('',#9752);
#3167=VERTEX_POINT('',#9756);
#3168=VERTEX_POINT('',#9758);
#3169=VERTEX_POINT('',#9769);
#3170=VERTEX_POINT('',#9774);
#3171=VERTEX_POINT('',#9788);
#3172=VERTEX_POINT('',#9793);
#3173=VERTEX_POINT('',#9800);
#3174=VERTEX_POINT('',#9802);
#3175=VERTEX_POINT('',#9806);
#3176=VERTEX_POINT('',#9808);
#3177=VERTEX_POINT('',#9819);
#3178=VERTEX_POINT('',#9824);
#3179=VERTEX_POINT('',#9838);
#3180=VERTEX_POINT('',#9843);
#3181=VERTEX_POINT('',#9857);
#3182=VERTEX_POINT('',#9862);
#3183=VERTEX_POINT('',#9869);
#3184=VERTEX_POINT('',#9871);
#3185=VERTEX_POINT('',#9875);
#3186=VERTEX_POINT('',#9877);
#3187=VERTEX_POINT('',#9888);
#3188=VERTEX_POINT('',#9893);
#3189=VERTEX_POINT('',#9907);
#3190=VERTEX_POINT('',#9912);
#3191=VERTEX_POINT('',#9919);
#3192=VERTEX_POINT('',#9921);
#3193=VERTEX_POINT('',#9925);
#3194=VERTEX_POINT('',#9927);
#3195=VERTEX_POINT('',#9931);
#3196=VERTEX_POINT('',#9933);
#3197=VERTEX_POINT('',#9944);
#3198=VERTEX_POINT('',#9949);
#3199=VERTEX_POINT('',#9963);
#3200=VERTEX_POINT('',#9968);
#3201=VERTEX_POINT('',#9975);
#3202=VERTEX_POINT('',#9977);
#3203=VERTEX_POINT('',#9981);
#3204=VERTEX_POINT('',#9983);
#3205=VERTEX_POINT('',#9987);
#3206=VERTEX_POINT('',#9989);
#3207=VERTEX_POINT('',#9993);
#3208=VERTEX_POINT('',#9995);
#3209=VERTEX_POINT('',#9999);
#3210=VERTEX_POINT('',#10001);
#3211=VERTEX_POINT('',#10012);
#3212=VERTEX_POINT('',#10017);
#3213=VERTEX_POINT('',#10031);
#3214=VERTEX_POINT('',#10036);
#3215=VERTEX_POINT('',#10050);
#3216=VERTEX_POINT('',#10055);
#3217=VERTEX_POINT('',#10069);
#3218=VERTEX_POINT('',#10074);
#3219=VERTEX_POINT('',#10105);
#3220=VERTEX_POINT('',#10106);
#3221=VERTEX_POINT('',#10111);
#3222=VERTEX_POINT('',#10113);
#3223=VERTEX_POINT('',#10127);
#3224=VERTEX_POINT('',#10132);
#3225=VERTEX_POINT('',#10146);
#3226=VERTEX_POINT('',#10151);
#3227=VERTEX_POINT('',#10165);
#3228=VERTEX_POINT('',#10170);
#3229=VERTEX_POINT('',#10184);
#3230=VERTEX_POINT('',#10189);
#3231=VERTEX_POINT('',#10203);
#3232=VERTEX_POINT('',#10208);
#3233=VERTEX_POINT('',#10222);
#3234=VERTEX_POINT('',#10227);
#3235=VERTEX_POINT('',#10241);
#3236=VERTEX_POINT('',#10246);
#3237=VERTEX_POINT('',#10276);
#3238=VERTEX_POINT('',#10277);
#3239=VERTEX_POINT('',#10282);
#3240=VERTEX_POINT('',#10284);
#3241=VERTEX_POINT('',#10298);
#3242=VERTEX_POINT('',#10303);
#3243=VERTEX_POINT('',#10317);
#3244=VERTEX_POINT('',#10322);
#3245=VERTEX_POINT('',#10336);
#3246=VERTEX_POINT('',#10341);
#3247=VERTEX_POINT('',#10355);
#3248=VERTEX_POINT('',#10360);
#3249=VERTEX_POINT('',#10374);
#3250=VERTEX_POINT('',#10379);
#3251=VERTEX_POINT('',#10393);
#3252=VERTEX_POINT('',#10398);
#3253=VERTEX_POINT('',#10412);
#3254=VERTEX_POINT('',#10417);
#3255=VERTEX_POINT('',#10431);
#3256=VERTEX_POINT('',#10436);
#3257=VERTEX_POINT('',#10460);
#3258=VERTEX_POINT('',#10461);
#3259=VERTEX_POINT('',#10463);
#3260=VERTEX_POINT('',#10465);
#3261=VERTEX_POINT('',#10467);
#3262=VERTEX_POINT('',#10469);
#3263=VERTEX_POINT('',#10471);
#3264=VERTEX_POINT('',#10473);
#3265=VERTEX_POINT('',#10475);
#3266=VERTEX_POINT('',#10477);
#3267=VERTEX_POINT('',#10479);
#3268=VERTEX_POINT('',#10481);
#3269=VERTEX_POINT('',#10484);
#3270=VERTEX_POINT('',#10485);
#3271=VERTEX_POINT('',#10490);
#3272=VERTEX_POINT('',#10495);
#3273=VERTEX_POINT('',#10500);
#3274=VERTEX_POINT('',#10502);
#3275=VERTEX_POINT('',#10504);
#3276=VERTEX_POINT('',#10506);
#3277=VERTEX_POINT('',#10511);
#3278=VERTEX_POINT('',#10516);
#3279=VERTEX_POINT('',#10521);
#3280=VERTEX_POINT('',#10526);
#3281=VERTEX_POINT('',#10531);
#3282=VERTEX_POINT('',#10536);
#3283=VERTEX_POINT('',#10538);
#3284=VERTEX_POINT('',#10540);
#3285=VERTEX_POINT('',#10545);
#3286=VERTEX_POINT('',#10550);
#3287=VERTEX_POINT('',#10555);
#3288=VERTEX_POINT('',#10560);
#3289=VERTEX_POINT('',#10565);
#3290=VERTEX_POINT('',#10570);
#3291=VERTEX_POINT('',#10575);
#3292=VERTEX_POINT('',#10584);
#3293=VERTEX_POINT('',#10585);
#3294=VERTEX_POINT('',#10587);
#3295=VERTEX_POINT('',#10589);
#3296=VERTEX_POINT('',#10600);
#3297=VERTEX_POINT('',#10601);
#3298=VERTEX_POINT('',#10606);
#3299=VERTEX_POINT('',#10608);
#3300=VERTEX_POINT('',#10615);
#3301=VERTEX_POINT('',#10617);
#3302=VERTEX_POINT('',#10621);
#3303=VERTEX_POINT('',#10623);
#3304=VERTEX_POINT('',#10627);
#3305=VERTEX_POINT('',#10629);
#3306=VERTEX_POINT('',#10640);
#3307=VERTEX_POINT('',#10645);
#3308=VERTEX_POINT('',#10659);
#3309=VERTEX_POINT('',#10664);
#3310=VERTEX_POINT('',#10678);
#3311=VERTEX_POINT('',#10683);
#3312=VERTEX_POINT('',#10697);
#3313=VERTEX_POINT('',#10702);
#3314=VERTEX_POINT('',#10732);
#3315=VERTEX_POINT('',#10734);
#3316=VERTEX_POINT('',#10748);
#3317=VERTEX_POINT('',#10762);
#3318=VERTEX_POINT('',#10769);
#3319=VERTEX_POINT('',#10773);
#3320=VERTEX_POINT('',#10777);
#3321=VERTEX_POINT('',#10788);
#3322=VERTEX_POINT('',#10802);
#3323=VERTEX_POINT('',#10816);
#3324=VERTEX_POINT('',#10830);
#3325=VERTEX_POINT('',#10844);
#3326=VERTEX_POINT('',#10858);
#3327=VERTEX_POINT('',#10865);
#3328=VERTEX_POINT('',#10869);
#3329=VERTEX_POINT('',#10880);
#3330=VERTEX_POINT('',#10894);
#3331=VERTEX_POINT('',#10908);
#3332=VERTEX_POINT('',#10922);
#3333=VERTEX_POINT('',#10936);
#3334=VERTEX_POINT('',#10950);
#3335=VERTEX_POINT('',#10964);
#3336=VERTEX_POINT('',#10978);
#3337=VERTEX_POINT('',#10999);
#3338=VERTEX_POINT('',#11001);
#3339=VERTEX_POINT('',#11005);
#3340=VERTEX_POINT('',#11009);
#3341=VERTEX_POINT('',#11016);
#3342=VERTEX_POINT('',#11017);
#3343=VERTEX_POINT('',#11019);
#3344=VERTEX_POINT('',#11021);
#3345=VERTEX_POINT('',#11023);
#3346=VERTEX_POINT('',#11025);
#3347=VERTEX_POINT('',#11027);
#3348=VERTEX_POINT('',#11029);
#3349=VERTEX_POINT('',#11031);
#3350=VERTEX_POINT('',#11033);
#3351=VERTEX_POINT('',#11035);
#3352=VERTEX_POINT('',#11037);
#3353=VERTEX_POINT('',#11039);
#3354=VERTEX_POINT('',#11041);
#3355=VERTEX_POINT('',#11043);
#3356=VERTEX_POINT('',#11045);
#3357=VERTEX_POINT('',#11047);
#3358=VERTEX_POINT('',#11049);
#3359=VERTEX_POINT('',#11051);
#3360=VERTEX_POINT('',#11053);
#3361=VERTEX_POINT('',#11055);
#3362=VERTEX_POINT('',#11057);
#3363=VERTEX_POINT('',#11059);
#3364=VERTEX_POINT('',#11061);
#3365=VERTEX_POINT('',#11063);
#3366=VERTEX_POINT('',#11065);
#3367=VERTEX_POINT('',#11067);
#3368=VERTEX_POINT('',#11069);
#3369=VERTEX_POINT('',#11071);
#3370=VERTEX_POINT('',#11073);
#3371=VERTEX_POINT('',#11075);
#3372=VERTEX_POINT('',#11077);
#3373=VERTEX_POINT('',#11081);
#3374=VERTEX_POINT('',#11083);
#3375=VERTEX_POINT('',#11087);
#3376=VERTEX_POINT('',#11089);
#3377=VERTEX_POINT('',#11093);
#3378=VERTEX_POINT('',#11095);
#3379=VERTEX_POINT('',#11099);
#3380=VERTEX_POINT('',#11100);
#3381=VERTEX_POINT('',#11102);
#3382=VERTEX_POINT('',#11104);
#3383=VERTEX_POINT('',#11106);
#3384=VERTEX_POINT('',#11108);
#3385=VERTEX_POINT('',#11110);
#3386=VERTEX_POINT('',#11112);
#3387=VERTEX_POINT('',#11114);
#3388=VERTEX_POINT('',#11116);
#3389=VERTEX_POINT('',#11120);
#3390=VERTEX_POINT('',#11121);
#3391=VERTEX_POINT('',#11123);
#3392=VERTEX_POINT('',#11125);
#3393=VERTEX_POINT('',#11129);
#3394=VERTEX_POINT('',#11131);
#3395=VERTEX_POINT('',#11138);
#3396=VERTEX_POINT('',#11139);
#3397=VERTEX_POINT('',#11141);
#3398=VERTEX_POINT('',#11143);
#3399=VERTEX_POINT('',#11145);
#3400=VERTEX_POINT('',#11147);
#3401=VERTEX_POINT('',#11149);
#3402=VERTEX_POINT('',#11151);
#3403=VERTEX_POINT('',#11153);
#3404=VERTEX_POINT('',#11155);
#3405=VERTEX_POINT('',#11159);
#3406=VERTEX_POINT('',#11161);
#3407=VERTEX_POINT('',#11168);
#3408=VERTEX_POINT('',#11169);
#3409=VERTEX_POINT('',#11171);
#3410=VERTEX_POINT('',#11173);
#3411=VERTEX_POINT('',#11175);
#3412=VERTEX_POINT('',#11177);
#3413=VERTEX_POINT('',#11180);
#3414=VERTEX_POINT('',#11182);
#3415=VERTEX_POINT('',#11188);
#3416=VERTEX_POINT('',#11189);
#3417=VERTEX_POINT('',#11191);
#3418=VERTEX_POINT('',#11193);
#3419=VERTEX_POINT('',#11195);
#3420=VERTEX_POINT('',#11197);
#3421=VERTEX_POINT('',#11199);
#3422=VERTEX_POINT('',#11201);
#3423=VERTEX_POINT('',#11203);
#3424=VERTEX_POINT('',#11205);
#3425=VERTEX_POINT('',#11209);
#3426=VERTEX_POINT('',#11211);
#3427=VERTEX_POINT('',#11215);
#3428=VERTEX_POINT('',#11217);
#3429=VERTEX_POINT('',#11221);
#3430=VERTEX_POINT('',#11222);
#3431=VERTEX_POINT('',#11224);
#3432=VERTEX_POINT('',#11226);
#3433=VERTEX_POINT('',#11230);
#3434=VERTEX_POINT('',#11231);
#3435=VERTEX_POINT('',#11236);
#3436=VERTEX_POINT('',#11237);
#3437=VERTEX_POINT('',#11239);
#3438=VERTEX_POINT('',#11241);
#3439=VERTEX_POINT('',#11243);
#3440=VERTEX_POINT('',#11246);
#3441=VERTEX_POINT('',#11248);
#3442=VERTEX_POINT('',#11250);
#3443=VERTEX_POINT('',#11253);
#3444=VERTEX_POINT('',#11254);
#3445=VERTEX_POINT('',#11259);
#3446=VERTEX_POINT('',#11260);
#3447=VERTEX_POINT('',#11262);
#3448=VERTEX_POINT('',#11264);
#3449=VERTEX_POINT('',#11266);
#3450=VERTEX_POINT('',#11268);
#3451=VERTEX_POINT('',#11270);
#3452=VERTEX_POINT('',#11272);
#3453=VERTEX_POINT('',#11274);
#3454=VERTEX_POINT('',#11276);
#3455=VERTEX_POINT('',#11279);
#3456=VERTEX_POINT('',#11281);
#3457=VERTEX_POINT('',#11283);
#3458=VERTEX_POINT('',#11285);
#3459=VERTEX_POINT('',#11287);
#3460=VERTEX_POINT('',#11289);
#3461=VERTEX_POINT('',#11291);
#3462=VERTEX_POINT('',#11293);
#3463=VERTEX_POINT('',#11297);
#3464=VERTEX_POINT('',#11298);
#3465=VERTEX_POINT('',#11301);
#3466=VERTEX_POINT('',#11303);
#3467=VERTEX_POINT('',#11306);
#3468=VERTEX_POINT('',#11308);
#3469=VERTEX_POINT('',#11312);
#3470=VERTEX_POINT('',#11314);
#3471=VERTEX_POINT('',#11318);
#3472=VERTEX_POINT('',#11320);
#3473=VERTEX_POINT('',#11325);
#3474=VERTEX_POINT('',#11326);
#3475=VERTEX_POINT('',#11329);
#3476=VERTEX_POINT('',#11331);
#3477=VERTEX_POINT('',#11333);
#3478=VERTEX_POINT('',#11335);
#3479=VERTEX_POINT('',#11337);
#3480=VERTEX_POINT('',#11339);
#3481=VERTEX_POINT('',#11342);
#3482=VERTEX_POINT('',#11344);
#3483=VERTEX_POINT('',#11346);
#3484=VERTEX_POINT('',#11348);
#3485=VERTEX_POINT('',#11350);
#3486=VERTEX_POINT('',#11352);
#3487=VERTEX_POINT('',#11356);
#3488=VERTEX_POINT('',#11358);
#3489=VERTEX_POINT('',#11360);
#3490=VERTEX_POINT('',#11363);
#3491=VERTEX_POINT('',#11365);
#3492=VERTEX_POINT('',#11367);
#3493=VERTEX_POINT('',#11369);
#3494=VERTEX_POINT('',#11371);
#3495=VERTEX_POINT('',#11373);
#3496=VERTEX_POINT('',#11375);
#3497=VERTEX_POINT('',#11377);
#3498=VERTEX_POINT('',#11379);
#3499=VERTEX_POINT('',#11381);
#3500=VERTEX_POINT('',#11383);
#3501=VERTEX_POINT('',#11385);
#3502=VERTEX_POINT('',#11387);
#3503=VERTEX_POINT('',#11389);
#3504=VERTEX_POINT('',#11391);
#3505=VERTEX_POINT('',#11393);
#3506=VERTEX_POINT('',#11395);
#3507=VERTEX_POINT('',#11397);
#3508=VERTEX_POINT('',#11400);
#3509=VERTEX_POINT('',#11413);
#3510=VERTEX_POINT('',#11415);
#3511=VERTEX_POINT('',#11419);
#3512=VERTEX_POINT('',#11423);
#3513=VERTEX_POINT('',#11425);
#3514=VERTEX_POINT('',#11429);
#3515=VERTEX_POINT('',#11430);
#3516=VERTEX_POINT('',#11432);
#3517=VERTEX_POINT('',#11434);
#3518=VERTEX_POINT('',#11436);
#3519=VERTEX_POINT('',#11438);
#3520=VERTEX_POINT('',#11440);
#3521=VERTEX_POINT('',#11442);
#3522=VERTEX_POINT('',#11444);
#3523=VERTEX_POINT('',#11447);
#3524=VERTEX_POINT('',#11449);
#3525=VERTEX_POINT('',#11451);
#3526=VERTEX_POINT('',#11453);
#3527=VERTEX_POINT('',#11455);
#3528=VERTEX_POINT('',#11457);
#3529=VERTEX_POINT('',#11459);
#3530=VERTEX_POINT('',#11461);
#3531=VERTEX_POINT('',#11463);
#3532=VERTEX_POINT('',#11467);
#3533=VERTEX_POINT('',#11472);
#3534=VERTEX_POINT('',#11476);
#3535=VERTEX_POINT('',#11480);
#3536=VERTEX_POINT('',#11484);
#3537=VERTEX_POINT('',#11488);
#3538=VERTEX_POINT('',#11490);
#3539=VERTEX_POINT('',#11492);
#3540=VERTEX_POINT('',#11495);
#3541=VERTEX_POINT('',#11497);
#3542=VERTEX_POINT('',#11500);
#3543=VERTEX_POINT('',#11502);
#3544=VERTEX_POINT('',#11505);
#3545=VERTEX_POINT('',#11507);
#3546=VERTEX_POINT('',#11510);
#3547=VERTEX_POINT('',#11512);
#3548=VERTEX_POINT('',#11515);
#3549=VERTEX_POINT('',#11517);
#3550=VERTEX_POINT('',#11520);
#3551=VERTEX_POINT('',#11522);
#3552=VERTEX_POINT('',#11525);
#3553=VERTEX_POINT('',#11527);
#3554=VERTEX_POINT('',#11530);
#3555=VERTEX_POINT('',#11532);
#3556=VERTEX_POINT('',#11535);
#3557=VERTEX_POINT('',#11541);
#3558=VERTEX_POINT('',#11543);
#3559=VERTEX_POINT('',#11550);
#3560=VERTEX_POINT('',#11552);
#3561=VERTEX_POINT('',#11580);
#3562=VERTEX_POINT('',#11584);
#3563=VERTEX_POINT('',#11591);
#3564=VERTEX_POINT('',#11593);
#3565=VERTEX_POINT('',#11597);
#3566=VERTEX_POINT('',#11598);
#3567=VERTEX_POINT('',#11600);
#3568=VERTEX_POINT('',#11602);
#3569=VERTEX_POINT('',#11604);
#3570=VERTEX_POINT('',#11607);
#3571=VERTEX_POINT('',#11611);
#3572=VERTEX_POINT('',#11613);
#3573=VERTEX_POINT('',#11615);
#3574=VERTEX_POINT('',#11618);
#3575=VERTEX_POINT('',#11627);
#3576=VERTEX_POINT('',#11628);
#3577=VERTEX_POINT('',#11630);
#3578=VERTEX_POINT('',#11632);
#3579=VERTEX_POINT('',#11636);
#3580=VERTEX_POINT('',#11638);
#3581=VERTEX_POINT('',#11642);
#3582=VERTEX_POINT('',#11644);
#3583=VERTEX_POINT('',#11648);
#3584=VERTEX_POINT('',#11650);
#3585=VERTEX_POINT('',#11654);
#3586=VERTEX_POINT('',#11656);
#3587=VERTEX_POINT('',#11660);
#3588=VERTEX_POINT('',#11662);
#3589=VERTEX_POINT('',#11674);
#3590=VERTEX_POINT('',#11675);
#3591=VERTEX_POINT('',#11677);
#3592=VERTEX_POINT('',#11679);
#3593=VERTEX_POINT('',#11683);
#3594=VERTEX_POINT('',#11685);
#3595=VERTEX_POINT('',#11689);
#3596=VERTEX_POINT('',#11691);
#3597=VERTEX_POINT('',#11695);
#3598=VERTEX_POINT('',#11697);
#3599=VERTEX_POINT('',#11701);
#3600=VERTEX_POINT('',#11703);
#3601=VERTEX_POINT('',#11715);
#3602=VERTEX_POINT('',#11717);
#3603=VERTEX_POINT('',#11721);
#3604=VERTEX_POINT('',#11723);
#3605=VERTEX_POINT('',#11725);
#3606=VERTEX_POINT('',#11727);
#3607=VERTEX_POINT('',#11731);
#3608=VERTEX_POINT('',#11733);
#3609=VERTEX_POINT('',#11735);
#3610=VERTEX_POINT('',#11737);
#3611=VERTEX_POINT('',#11753);
#3612=VERTEX_POINT('',#11755);
#3613=VERTEX_POINT('',#11759);
#3614=VERTEX_POINT('',#11761);
#3615=VERTEX_POINT('',#11765);
#3616=VERTEX_POINT('',#11767);
#3617=VERTEX_POINT('',#11771);
#3618=VERTEX_POINT('',#11774);
#3619=VERTEX_POINT('',#11776);
#3620=VERTEX_POINT('',#11778);
#3621=VERTEX_POINT('',#11780);
#3622=VERTEX_POINT('',#11782);
#3623=VERTEX_POINT('',#11786);
#3624=VERTEX_POINT('',#11787);
#3625=VERTEX_POINT('',#11806);
#3626=VERTEX_POINT('',#11808);
#3627=VERTEX_POINT('',#11812);
#3628=VERTEX_POINT('',#11814);
#3629=VERTEX_POINT('',#11818);
#3630=VERTEX_POINT('',#11820);
#3631=VERTEX_POINT('',#11824);
#3632=VERTEX_POINT('',#11826);
#3633=VERTEX_POINT('',#11844);
#3634=VERTEX_POINT('',#11848);
#3635=VERTEX_POINT('',#11855);
#3636=VERTEX_POINT('',#11857);
#3637=VERTEX_POINT('',#11861);
#3638=VERTEX_POINT('',#11862);
#3639=VERTEX_POINT('',#11864);
#3640=VERTEX_POINT('',#11866);
#3641=VERTEX_POINT('',#11868);
#3642=VERTEX_POINT('',#11871);
#3643=VERTEX_POINT('',#11875);
#3644=VERTEX_POINT('',#11877);
#3645=VERTEX_POINT('',#11879);
#3646=VERTEX_POINT('',#11882);
#3647=VERTEX_POINT('',#11891);
#3648=VERTEX_POINT('',#11893);
#3649=VERTEX_POINT('',#11897);
#3650=VERTEX_POINT('',#11898);
#3651=VERTEX_POINT('',#11900);
#3652=VERTEX_POINT('',#11902);
#3653=VERTEX_POINT('',#11904);
#3654=VERTEX_POINT('',#11907);
#3655=VERTEX_POINT('',#11911);
#3656=VERTEX_POINT('',#11913);
#3657=VERTEX_POINT('',#11915);
#3658=VERTEX_POINT('',#11918);
#3659=VERTEX_POINT('',#11927);
#3660=VERTEX_POINT('',#11929);
#3661=VERTEX_POINT('',#11933);
#3662=VERTEX_POINT('',#11934);
#3663=VERTEX_POINT('',#11936);
#3664=VERTEX_POINT('',#11938);
#3665=VERTEX_POINT('',#11940);
#3666=VERTEX_POINT('',#11943);
#3667=VERTEX_POINT('',#11947);
#3668=VERTEX_POINT('',#11949);
#3669=VERTEX_POINT('',#11951);
#3670=VERTEX_POINT('',#11954);
#3671=VERTEX_POINT('',#11963);
#3672=VERTEX_POINT('',#11964);
#3673=VERTEX_POINT('',#11966);
#3674=VERTEX_POINT('',#11968);
#3675=VERTEX_POINT('',#11972);
#3676=VERTEX_POINT('',#11974);
#3677=VERTEX_POINT('',#11978);
#3678=VERTEX_POINT('',#11980);
#3679=VERTEX_POINT('',#11984);
#3680=VERTEX_POINT('',#11986);
#3681=VERTEX_POINT('',#11990);
#3682=VERTEX_POINT('',#11992);
#3683=VERTEX_POINT('',#11996);
#3684=VERTEX_POINT('',#11998);
#3685=VERTEX_POINT('',#12010);
#3686=VERTEX_POINT('',#12011);
#3687=VERTEX_POINT('',#12013);
#3688=VERTEX_POINT('',#12015);
#3689=VERTEX_POINT('',#12019);
#3690=VERTEX_POINT('',#12021);
#3691=VERTEX_POINT('',#12025);
#3692=VERTEX_POINT('',#12027);
#3693=VERTEX_POINT('',#12031);
#3694=VERTEX_POINT('',#12033);
#3695=VERTEX_POINT('',#12037);
#3696=VERTEX_POINT('',#12039);
#3697=VERTEX_POINT('',#12043);
#3698=VERTEX_POINT('',#12045);
#3699=VERTEX_POINT('',#12057);
#3700=VERTEX_POINT('',#12058);
#3701=VERTEX_POINT('',#12060);
#3702=VERTEX_POINT('',#12062);
#3703=VERTEX_POINT('',#12066);
#3704=VERTEX_POINT('',#12068);
#3705=VERTEX_POINT('',#12072);
#3706=VERTEX_POINT('',#12074);
#3707=VERTEX_POINT('',#12078);
#3708=VERTEX_POINT('',#12080);
#3709=VERTEX_POINT('',#12084);
#3710=VERTEX_POINT('',#12086);
#3711=VERTEX_POINT('',#12090);
#3712=VERTEX_POINT('',#12092);
#3713=VERTEX_POINT('',#12104);
#3714=VERTEX_POINT('',#12105);
#3715=VERTEX_POINT('',#12107);
#3716=VERTEX_POINT('',#12109);
#3717=VERTEX_POINT('',#12113);
#3718=VERTEX_POINT('',#12115);
#3719=VERTEX_POINT('',#12119);
#3720=VERTEX_POINT('',#12121);
#3721=VERTEX_POINT('',#12125);
#3722=VERTEX_POINT('',#12127);
#3723=VERTEX_POINT('',#12131);
#3724=VERTEX_POINT('',#12133);
#3725=VERTEX_POINT('',#12145);
#3726=VERTEX_POINT('',#12147);
#3727=VERTEX_POINT('',#12151);
#3728=VERTEX_POINT('',#12153);
#3729=VERTEX_POINT('',#12155);
#3730=VERTEX_POINT('',#12157);
#3731=VERTEX_POINT('',#12161);
#3732=VERTEX_POINT('',#12163);
#3733=VERTEX_POINT('',#12165);
#3734=VERTEX_POINT('',#12167);
#3735=VERTEX_POINT('',#12180);
#3736=VERTEX_POINT('',#12181);
#3737=VERTEX_POINT('',#12183);
#3738=VERTEX_POINT('',#12185);
#3739=VERTEX_POINT('',#12189);
#3740=VERTEX_POINT('',#12191);
#3741=VERTEX_POINT('',#12195);
#3742=VERTEX_POINT('',#12197);
#3743=VERTEX_POINT('',#12201);
#3744=VERTEX_POINT('',#12203);
#3745=VERTEX_POINT('',#12207);
#3746=VERTEX_POINT('',#12209);
#3747=VERTEX_POINT('',#12221);
#3748=VERTEX_POINT('',#12223);
#3749=VERTEX_POINT('',#12227);
#3750=VERTEX_POINT('',#12229);
#3751=VERTEX_POINT('',#12231);
#3752=VERTEX_POINT('',#12233);
#3753=VERTEX_POINT('',#12237);
#3754=VERTEX_POINT('',#12239);
#3755=VERTEX_POINT('',#12241);
#3756=VERTEX_POINT('',#12243);
#3757=VERTEX_POINT('',#12256);
#3758=VERTEX_POINT('',#12257);
#3759=VERTEX_POINT('',#12259);
#3760=VERTEX_POINT('',#12261);
#3761=VERTEX_POINT('',#12265);
#3762=VERTEX_POINT('',#12267);
#3763=VERTEX_POINT('',#12271);
#3764=VERTEX_POINT('',#12273);
#3765=VERTEX_POINT('',#12277);
#3766=VERTEX_POINT('',#12279);
#3767=VERTEX_POINT('',#12283);
#3768=VERTEX_POINT('',#12285);
#3769=VERTEX_POINT('',#12297);
#3770=VERTEX_POINT('',#12299);
#3771=VERTEX_POINT('',#12303);
#3772=VERTEX_POINT('',#12305);
#3773=VERTEX_POINT('',#12307);
#3774=VERTEX_POINT('',#12309);
#3775=VERTEX_POINT('',#12313);
#3776=VERTEX_POINT('',#12315);
#3777=VERTEX_POINT('',#12317);
#3778=VERTEX_POINT('',#12319);
#3779=VERTEX_POINT('',#12332);
#3780=VERTEX_POINT('',#12334);
#3781=VERTEX_POINT('',#12343);
#3782=VERTEX_POINT('',#12345);
#3783=VERTEX_POINT('',#12349);
#3784=VERTEX_POINT('',#12353);
#3785=VERTEX_POINT('',#12360);
#3786=VERTEX_POINT('',#12362);
#3787=VERTEX_POINT('',#12366);
#3788=VERTEX_POINT('',#12370);
#3789=EDGE_CURVE('',#3087,#3088,#2935,.T.);
#3790=EDGE_CURVE('',#3087,#3089,#1237,.T.);
#3791=EDGE_CURVE('',#3090,#3089,#2936,.T.);
#3792=EDGE_CURVE('',#3088,#3090,#1238,.T.);
#3793=EDGE_CURVE('',#3088,#3091,#1239,.T.);
#3794=EDGE_CURVE('',#3092,#3090,#1240,.T.);
#3795=EDGE_CURVE('',#3091,#3092,#1241,.T.);
#3796=EDGE_CURVE('',#3091,#3093,#1242,.T.);
#3797=EDGE_CURVE('',#3094,#3092,#1243,.T.);
#3798=EDGE_CURVE('',#3093,#3094,#1244,.T.);
#3799=EDGE_CURVE('',#3093,#3095,#2937,.T.);
#3800=EDGE_CURVE('',#3096,#3094,#2938,.T.);
#3801=EDGE_CURVE('',#3095,#3096,#1245,.T.);
#3802=EDGE_CURVE('',#3095,#3097,#2939,.T.);
#3803=EDGE_CURVE('',#3098,#3096,#2940,.T.);
#3804=EDGE_CURVE('',#3097,#3098,#1246,.T.);
#3805=EDGE_CURVE('',#3097,#3099,#2941,.T.);
#3806=EDGE_CURVE('',#3100,#3098,#2942,.T.);
#3807=EDGE_CURVE('',#3099,#3100,#1247,.T.);
#3808=EDGE_CURVE('',#3099,#3101,#2943,.T.);
#3809=EDGE_CURVE('',#3102,#3100,#2944,.T.);
#3810=EDGE_CURVE('',#3101,#3102,#1248,.T.);
#3811=EDGE_CURVE('',#3101,#3103,#1249,.T.);
#3812=EDGE_CURVE('',#3104,#3102,#1250,.T.);
#3813=EDGE_CURVE('',#3103,#3104,#1251,.T.);
#3814=EDGE_CURVE('',#3103,#3105,#1252,.T.);
#3815=EDGE_CURVE('',#3106,#3104,#1253,.T.);
#3816=EDGE_CURVE('',#3105,#3106,#1254,.T.);
#3817=EDGE_CURVE('',#3105,#3107,#1255,.T.);
#3818=EDGE_CURVE('',#3108,#3106,#1256,.T.);
#3819=EDGE_CURVE('',#3107,#3108,#1257,.T.);
#3820=EDGE_CURVE('',#3107,#3109,#1258,.T.);
#3821=EDGE_CURVE('',#3110,#3108,#1259,.T.);
#3822=EDGE_CURVE('',#3109,#3110,#1260,.T.);
#3823=EDGE_CURVE('',#3109,#3111,#1261,.T.);
#3824=EDGE_CURVE('',#3112,#3110,#1262,.T.);
#3825=EDGE_CURVE('',#3111,#3112,#1263,.T.);
#3826=EDGE_CURVE('',#3111,#3113,#1264,.T.);
#3827=EDGE_CURVE('',#3114,#3112,#1265,.T.);
#3828=EDGE_CURVE('',#3113,#3114,#1266,.T.);
#3829=EDGE_CURVE('',#3113,#3115,#1267,.T.);
#3830=EDGE_CURVE('',#3116,#3114,#1268,.T.);
#3831=EDGE_CURVE('',#3115,#3116,#1269,.T.);
#3832=EDGE_CURVE('',#3115,#3117,#2945,.T.);
#3833=EDGE_CURVE('',#3118,#3116,#2946,.T.);
#3834=EDGE_CURVE('',#3117,#3118,#1270,.T.);
#3835=EDGE_CURVE('',#3117,#3119,#2947,.T.);
#3836=EDGE_CURVE('',#3120,#3118,#2948,.T.);
#3837=EDGE_CURVE('',#3119,#3120,#1271,.T.);
#3838=EDGE_CURVE('',#3119,#3121,#2949,.T.);
#3839=EDGE_CURVE('',#3122,#3120,#2950,.T.);
#3840=EDGE_CURVE('',#3121,#3122,#1272,.T.);
#3841=EDGE_CURVE('',#3121,#3123,#2951,.T.);
#3842=EDGE_CURVE('',#3124,#3122,#2952,.T.);
#3843=EDGE_CURVE('',#3123,#3124,#1273,.T.);
#3844=EDGE_CURVE('',#3123,#3125,#2953,.T.);
#3845=EDGE_CURVE('',#3126,#3124,#2954,.T.);
#3846=EDGE_CURVE('',#3125,#3126,#1274,.T.);
#3847=EDGE_CURVE('',#3125,#3127,#2955,.T.);
#3848=EDGE_CURVE('',#3128,#3126,#2956,.T.);
#3849=EDGE_CURVE('',#3127,#3128,#1275,.T.);
#3850=EDGE_CURVE('',#3127,#3129,#1276,.T.);
#3851=EDGE_CURVE('',#3130,#3128,#1277,.T.);
#3852=EDGE_CURVE('',#3129,#3130,#1278,.T.);
#3853=EDGE_CURVE('',#3129,#3131,#1279,.T.);
#3854=EDGE_CURVE('',#3132,#3130,#1280,.T.);
#3855=EDGE_CURVE('',#3131,#3132,#1281,.T.);
#3856=EDGE_CURVE('',#3131,#3133,#1282,.T.);
#3857=EDGE_CURVE('',#3134,#3132,#1283,.T.);
#3858=EDGE_CURVE('',#3133,#3134,#1284,.T.);
#3859=EDGE_CURVE('',#3133,#3135,#2957,.T.);
#3860=EDGE_CURVE('',#3136,#3134,#2958,.T.);
#3861=EDGE_CURVE('',#3135,#3136,#1285,.T.);
#3862=EDGE_CURVE('',#3135,#3137,#2959,.T.);
#3863=EDGE_CURVE('',#3138,#3136,#2960,.T.);
#3864=EDGE_CURVE('',#3137,#3138,#1286,.T.);
#3865=EDGE_CURVE('',#3137,#3139,#2961,.T.);
#3866=EDGE_CURVE('',#3140,#3138,#2962,.T.);
#3867=EDGE_CURVE('',#3139,#3140,#1287,.T.);
#3868=EDGE_CURVE('',#3139,#3141,#1288,.T.);
#3869=EDGE_CURVE('',#3142,#3140,#1289,.T.);
#3870=EDGE_CURVE('',#3141,#3142,#1290,.T.);
#3871=EDGE_CURVE('',#3141,#3143,#1291,.T.);
#3872=EDGE_CURVE('',#3144,#3142,#1292,.T.);
#3873=EDGE_CURVE('',#3143,#3144,#1293,.T.);
#3874=EDGE_CURVE('',#3143,#3145,#1294,.T.);
#3875=EDGE_CURVE('',#3146,#3144,#1295,.T.);
#3876=EDGE_CURVE('',#3145,#3146,#1296,.T.);
#3877=EDGE_CURVE('',#3145,#3147,#1297,.T.);
#3878=EDGE_CURVE('',#3148,#3146,#1298,.T.);
#3879=EDGE_CURVE('',#3147,#3148,#1299,.T.);
#3880=EDGE_CURVE('',#3147,#3149,#1300,.T.);
#3881=EDGE_CURVE('',#3150,#3148,#1301,.T.);
#3882=EDGE_CURVE('',#3149,#3150,#1302,.T.);
#3883=EDGE_CURVE('',#3149,#3151,#1303,.T.);
#3884=EDGE_CURVE('',#3152,#3150,#1304,.T.);
#3885=EDGE_CURVE('',#3151,#3152,#1305,.T.);
#3886=EDGE_CURVE('',#3151,#3153,#1306,.T.);
#3887=EDGE_CURVE('',#3154,#3152,#1307,.T.);
#3888=EDGE_CURVE('',#3153,#3154,#1308,.T.);
#3889=EDGE_CURVE('',#3153,#3155,#2963,.T.);
#3890=EDGE_CURVE('',#3156,#3154,#2964,.T.);
#3891=EDGE_CURVE('',#3155,#3156,#1309,.T.);
#3892=EDGE_CURVE('',#3155,#3157,#2965,.T.);
#3893=EDGE_CURVE('',#3158,#3156,#2966,.T.);
#3894=EDGE_CURVE('',#3157,#3158,#1310,.T.);
#3895=EDGE_CURVE('',#3157,#3159,#2967,.T.);
#3896=EDGE_CURVE('',#3160,#3158,#2968,.T.);
#3897=EDGE_CURVE('',#3159,#3160,#1311,.T.);
#3898=EDGE_CURVE('',#3159,#3161,#2969,.T.);
#3899=EDGE_CURVE('',#3162,#3160,#2970,.T.);
#3900=EDGE_CURVE('',#3161,#3162,#1312,.T.);
#3901=EDGE_CURVE('',#3161,#3087,#2971,.T.);
#3902=EDGE_CURVE('',#3089,#3162,#2972,.T.);
#3903=EDGE_CURVE('',#3163,#3164,#1313,.T.);
#3904=EDGE_CURVE('',#3163,#3165,#1314,.T.);
#3905=EDGE_CURVE('',#3166,#3165,#1315,.T.);
#3906=EDGE_CURVE('',#3164,#3166,#1316,.T.);
#3907=EDGE_CURVE('',#3164,#3167,#1317,.T.);
#3908=EDGE_CURVE('',#3168,#3166,#1318,.T.);
#3909=EDGE_CURVE('',#3167,#3168,#1319,.T.);
#3910=EDGE_CURVE('',#3167,#3169,#2973,.T.);
#3911=EDGE_CURVE('',#3170,#3168,#2974,.T.);
#3912=EDGE_CURVE('',#3169,#3170,#1320,.T.);
#3913=EDGE_CURVE('',#3169,#3171,#2975,.T.);
#3914=EDGE_CURVE('',#3172,#3170,#2976,.T.);
#3915=EDGE_CURVE('',#3171,#3172,#1321,.T.);
#3916=EDGE_CURVE('',#3171,#3173,#1322,.T.);
#3917=EDGE_CURVE('',#3174,#3172,#1323,.T.);
#3918=EDGE_CURVE('',#3173,#3174,#1324,.T.);
#3919=EDGE_CURVE('',#3173,#3175,#1325,.T.);
#3920=EDGE_CURVE('',#3176,#3174,#1326,.T.);
#3921=EDGE_CURVE('',#3175,#3176,#1327,.T.);
#3922=EDGE_CURVE('',#3175,#3177,#2977,.T.);
#3923=EDGE_CURVE('',#3178,#3176,#2978,.T.);
#3924=EDGE_CURVE('',#3177,#3178,#1328,.T.);
#3925=EDGE_CURVE('',#3177,#3179,#2979,.T.);
#3926=EDGE_CURVE('',#3180,#3178,#2980,.T.);
#3927=EDGE_CURVE('',#3179,#3180,#1329,.T.);
#3928=EDGE_CURVE('',#3179,#3181,#2981,.T.);
#3929=EDGE_CURVE('',#3182,#3180,#2982,.T.);
#3930=EDGE_CURVE('',#3181,#3182,#1330,.T.);
#3931=EDGE_CURVE('',#3181,#3183,#1331,.T.);
#3932=EDGE_CURVE('',#3184,#3182,#1332,.T.);
#3933=EDGE_CURVE('',#3183,#3184,#1333,.T.);
#3934=EDGE_CURVE('',#3183,#3185,#1334,.T.);
#3935=EDGE_CURVE('',#3186,#3184,#1335,.T.);
#3936=EDGE_CURVE('',#3185,#3186,#1336,.T.);
#3937=EDGE_CURVE('',#3185,#3187,#2983,.T.);
#3938=EDGE_CURVE('',#3188,#3186,#2984,.T.);
#3939=EDGE_CURVE('',#3187,#3188,#1337,.T.);
#3940=EDGE_CURVE('',#3187,#3189,#2985,.T.);
#3941=EDGE_CURVE('',#3190,#3188,#2986,.T.);
#3942=EDGE_CURVE('',#3189,#3190,#1338,.T.);
#3943=EDGE_CURVE('',#3189,#3191,#1339,.T.);
#3944=EDGE_CURVE('',#3192,#3190,#1340,.T.);
#3945=EDGE_CURVE('',#3191,#3192,#1341,.T.);
#3946=EDGE_CURVE('',#3191,#3193,#1342,.T.);
#3947=EDGE_CURVE('',#3194,#3192,#1343,.T.);
#3948=EDGE_CURVE('',#3193,#3194,#1344,.T.);
#3949=EDGE_CURVE('',#3193,#3195,#1345,.T.);
#3950=EDGE_CURVE('',#3196,#3194,#1346,.T.);
#3951=EDGE_CURVE('',#3195,#3196,#1347,.T.);
#3952=EDGE_CURVE('',#3195,#3197,#2987,.T.);
#3953=EDGE_CURVE('',#3198,#3196,#2988,.T.);
#3954=EDGE_CURVE('',#3197,#3198,#1348,.T.);
#3955=EDGE_CURVE('',#3197,#3199,#2989,.T.);
#3956=EDGE_CURVE('',#3200,#3198,#2990,.T.);
#3957=EDGE_CURVE('',#3199,#3200,#1349,.T.);
#3958=EDGE_CURVE('',#3199,#3201,#1350,.T.);
#3959=EDGE_CURVE('',#3202,#3200,#1351,.T.);
#3960=EDGE_CURVE('',#3201,#3202,#1352,.T.);
#3961=EDGE_CURVE('',#3201,#3203,#1353,.T.);
#3962=EDGE_CURVE('',#3204,#3202,#1354,.T.);
#3963=EDGE_CURVE('',#3203,#3204,#1355,.T.);
#3964=EDGE_CURVE('',#3203,#3205,#1356,.T.);
#3965=EDGE_CURVE('',#3206,#3204,#1357,.T.);
#3966=EDGE_CURVE('',#3205,#3206,#1358,.T.);
#3967=EDGE_CURVE('',#3205,#3207,#1359,.T.);
#3968=EDGE_CURVE('',#3208,#3206,#1360,.T.);
#3969=EDGE_CURVE('',#3207,#3208,#1361,.T.);
#3970=EDGE_CURVE('',#3207,#3209,#1362,.T.);
#3971=EDGE_CURVE('',#3210,#3208,#1363,.T.);
#3972=EDGE_CURVE('',#3209,#3210,#1364,.T.);
#3973=EDGE_CURVE('',#3209,#3211,#2991,.T.);
#3974=EDGE_CURVE('',#3212,#3210,#2992,.T.);
#3975=EDGE_CURVE('',#3211,#3212,#1365,.T.);
#3976=EDGE_CURVE('',#3211,#3213,#2993,.T.);
#3977=EDGE_CURVE('',#3214,#3212,#2994,.T.);
#3978=EDGE_CURVE('',#3213,#3214,#1366,.T.);
#3979=EDGE_CURVE('',#3213,#3215,#2995,.T.);
#3980=EDGE_CURVE('',#3216,#3214,#2996,.T.);
#3981=EDGE_CURVE('',#3215,#3216,#1367,.T.);
#3982=EDGE_CURVE('',#3215,#3217,#2997,.T.);
#3983=EDGE_CURVE('',#3218,#3216,#2998,.T.);
#3984=EDGE_CURVE('',#3217,#3218,#1368,.T.);
#3985=EDGE_CURVE('',#3217,#3163,#2999,.T.);
#3986=EDGE_CURVE('',#3165,#3218,#3000,.T.);
#3987=EDGE_CURVE('',#3219,#3220,#3001,.T.);
#3988=EDGE_CURVE('',#3219,#3221,#1369,.T.);
#3989=EDGE_CURVE('',#3222,#3221,#3002,.T.);
#3990=EDGE_CURVE('',#3220,#3222,#1370,.T.);
#3991=EDGE_CURVE('',#3220,#3223,#3003,.T.);
#3992=EDGE_CURVE('',#3224,#3222,#3004,.T.);
#3993=EDGE_CURVE('',#3223,#3224,#1371,.T.);
#3994=EDGE_CURVE('',#3223,#3225,#3005,.T.);
#3995=EDGE_CURVE('',#3226,#3224,#3006,.T.);
#3996=EDGE_CURVE('',#3225,#3226,#1372,.T.);
#3997=EDGE_CURVE('',#3225,#3227,#3007,.T.);
#3998=EDGE_CURVE('',#3228,#3226,#3008,.T.);
#3999=EDGE_CURVE('',#3227,#3228,#1373,.T.);
#4000=EDGE_CURVE('',#3227,#3229,#3009,.T.);
#4001=EDGE_CURVE('',#3230,#3228,#3010,.T.);
#4002=EDGE_CURVE('',#3229,#3230,#1374,.T.);
#4003=EDGE_CURVE('',#3229,#3231,#3011,.T.);
#4004=EDGE_CURVE('',#3232,#3230,#3012,.T.);
#4005=EDGE_CURVE('',#3231,#3232,#1375,.T.);
#4006=EDGE_CURVE('',#3231,#3233,#3013,.T.);
#4007=EDGE_CURVE('',#3234,#3232,#3014,.T.);
#4008=EDGE_CURVE('',#3233,#3234,#1376,.T.);
#4009=EDGE_CURVE('',#3233,#3235,#3015,.T.);
#4010=EDGE_CURVE('',#3236,#3234,#3016,.T.);
#4011=EDGE_CURVE('',#3235,#3236,#1377,.T.);
#4012=EDGE_CURVE('',#3235,#3219,#3017,.T.);
#4013=EDGE_CURVE('',#3221,#3236,#3018,.T.);
#4014=EDGE_CURVE('',#3237,#3238,#3019,.T.);
#4015=EDGE_CURVE('',#3237,#3239,#1378,.T.);
#4016=EDGE_CURVE('',#3240,#3239,#3020,.T.);
#4017=EDGE_CURVE('',#3238,#3240,#1379,.T.);
#4018=EDGE_CURVE('',#3238,#3241,#3021,.T.);
#4019=EDGE_CURVE('',#3242,#3240,#3022,.T.);
#4020=EDGE_CURVE('',#3241,#3242,#1380,.T.);
#4021=EDGE_CURVE('',#3241,#3243,#3023,.T.);
#4022=EDGE_CURVE('',#3244,#3242,#3024,.T.);
#4023=EDGE_CURVE('',#3243,#3244,#1381,.T.);
#4024=EDGE_CURVE('',#3243,#3245,#3025,.T.);
#4025=EDGE_CURVE('',#3246,#3244,#3026,.T.);
#4026=EDGE_CURVE('',#3245,#3246,#1382,.T.);
#4027=EDGE_CURVE('',#3245,#3247,#3027,.T.);
#4028=EDGE_CURVE('',#3248,#3246,#3028,.T.);
#4029=EDGE_CURVE('',#3247,#3248,#1383,.T.);
#4030=EDGE_CURVE('',#3247,#3249,#3029,.T.);
#4031=EDGE_CURVE('',#3250,#3248,#3030,.T.);
#4032=EDGE_CURVE('',#3249,#3250,#1384,.T.);
#4033=EDGE_CURVE('',#3249,#3251,#3031,.T.);
#4034=EDGE_CURVE('',#3252,#3250,#3032,.T.);
#4035=EDGE_CURVE('',#3251,#3252,#1385,.T.);
#4036=EDGE_CURVE('',#3251,#3253,#3033,.T.);
#4037=EDGE_CURVE('',#3254,#3252,#3034,.T.);
#4038=EDGE_CURVE('',#3253,#3254,#1386,.T.);
#4039=EDGE_CURVE('',#3253,#3255,#3035,.T.);
#4040=EDGE_CURVE('',#3256,#3254,#3036,.T.);
#4041=EDGE_CURVE('',#3255,#3256,#1387,.T.);
#4042=EDGE_CURVE('',#3255,#3237,#3037,.T.);
#4043=EDGE_CURVE('',#3239,#3256,#3038,.T.);
#4044=EDGE_CURVE('',#3257,#3258,#1388,.T.);
#4045=EDGE_CURVE('',#3259,#3257,#1389,.T.);
#4046=EDGE_CURVE('',#3260,#3259,#1390,.T.);
#4047=EDGE_CURVE('',#3260,#3261,#1391,.T.);
#4048=EDGE_CURVE('',#3262,#3261,#1392,.T.);
#4049=EDGE_CURVE('',#3262,#3263,#1393,.T.);
#4050=EDGE_CURVE('',#3263,#3264,#1394,.T.);
#4051=EDGE_CURVE('',#3264,#3265,#1395,.T.);
#4052=EDGE_CURVE('',#3265,#3266,#1396,.T.);
#4053=EDGE_CURVE('',#3266,#3267,#1397,.T.);
#4054=EDGE_CURVE('',#3267,#3268,#1398,.T.);
#4055=EDGE_CURVE('',#3268,#3258,#1399,.T.);
#4056=EDGE_CURVE('',#3269,#3270,#3039,.T.);
#4057=EDGE_CURVE('',#3270,#3271,#3040,.T.);
#4058=EDGE_CURVE('',#3271,#3272,#3041,.T.);
#4059=EDGE_CURVE('',#3272,#3273,#1400,.T.);
#4060=EDGE_CURVE('',#3273,#3274,#1401,.T.);
#4061=EDGE_CURVE('',#3274,#3275,#1402,.T.);
#4062=EDGE_CURVE('',#3275,#3276,#3042,.T.);
#4063=EDGE_CURVE('',#3276,#3277,#3043,.T.);
#4064=EDGE_CURVE('',#3277,#3278,#3044,.T.);
#4065=EDGE_CURVE('',#3278,#3279,#3045,.T.);
#4066=EDGE_CURVE('',#3279,#3280,#3046,.T.);
#4067=EDGE_CURVE('',#3280,#3281,#3047,.T.);
#4068=EDGE_CURVE('',#3281,#3282,#1403,.T.);
#4069=EDGE_CURVE('',#3282,#3283,#1404,.T.);
#4070=EDGE_CURVE('',#3283,#3284,#3048,.T.);
#4071=EDGE_CURVE('',#3284,#3285,#3049,.T.);
#4072=EDGE_CURVE('',#3285,#3286,#3050,.T.);
#4073=EDGE_CURVE('',#3286,#3287,#3051,.T.);
#4074=EDGE_CURVE('',#3287,#3288,#3052,.T.);
#4075=EDGE_CURVE('',#3288,#3289,#3053,.T.);
#4076=EDGE_CURVE('',#3289,#3290,#3054,.T.);
#4077=EDGE_CURVE('',#3290,#3291,#3055,.T.);
#4078=EDGE_CURVE('',#3291,#3269,#3056,.T.);
#4079=EDGE_CURVE('',#3292,#3293,#1405,.T.);
#4080=EDGE_CURVE('',#3293,#3294,#1406,.T.);
#4081=EDGE_CURVE('',#3294,#3295,#1407,.T.);
#4082=EDGE_CURVE('',#3295,#3292,#1408,.T.);
#4083=EDGE_CURVE('',#3296,#3297,#3057,.T.);
#4084=EDGE_CURVE('',#3296,#3298,#1409,.T.);
#4085=EDGE_CURVE('',#3299,#3298,#3058,.T.);
#4086=EDGE_CURVE('',#3297,#3299,#1410,.T.);
#4087=EDGE_CURVE('',#3297,#3300,#1411,.T.);
#4088=EDGE_CURVE('',#3301,#3299,#1412,.T.);
#4089=EDGE_CURVE('',#3300,#3301,#1413,.T.);
#4090=EDGE_CURVE('',#3300,#3302,#1414,.T.);
#4091=EDGE_CURVE('',#3303,#3301,#1415,.T.);
#4092=EDGE_CURVE('',#3302,#3303,#1416,.T.);
#4093=EDGE_CURVE('',#3302,#3304,#1417,.T.);
#4094=EDGE_CURVE('',#3305,#3303,#1418,.T.);
#4095=EDGE_CURVE('',#3304,#3305,#1419,.T.);
#4096=EDGE_CURVE('',#3304,#3306,#3059,.T.);
#4097=EDGE_CURVE('',#3307,#3305,#3060,.T.);
#4098=EDGE_CURVE('',#3306,#3307,#1420,.T.);
#4099=EDGE_CURVE('',#3306,#3308,#3061,.T.);
#4100=EDGE_CURVE('',#3309,#3307,#3062,.T.);
#4101=EDGE_CURVE('',#3308,#3309,#1421,.T.);
#4102=EDGE_CURVE('',#3308,#3310,#3063,.T.);
#4103=EDGE_CURVE('',#3311,#3309,#3064,.T.);
#4104=EDGE_CURVE('',#3310,#3311,#1422,.T.);
#4105=EDGE_CURVE('',#3310,#3312,#3065,.T.);
#4106=EDGE_CURVE('',#3313,#3311,#3066,.T.);
#4107=EDGE_CURVE('',#3312,#3313,#1423,.T.);
#4108=EDGE_CURVE('',#3312,#3296,#3067,.T.);
#4109=EDGE_CURVE('',#3298,#3313,#3068,.T.);
#4110=EDGE_CURVE('',#3269,#3314,#1424,.T.);
#4111=EDGE_CURVE('',#3315,#3314,#3069,.T.);
#4112=EDGE_CURVE('',#3270,#3315,#1425,.T.);
#4113=EDGE_CURVE('',#3316,#3315,#3070,.T.);
#4114=EDGE_CURVE('',#3271,#3316,#1426,.T.);
#4115=EDGE_CURVE('',#3317,#3316,#3071,.T.);
#4116=EDGE_CURVE('',#3272,#3317,#1427,.T.);
#4117=EDGE_CURVE('',#3318,#3317,#1428,.T.);
#4118=EDGE_CURVE('',#3273,#3318,#1429,.T.);
#4119=EDGE_CURVE('',#3319,#3318,#1430,.T.);
#4120=EDGE_CURVE('',#3274,#3319,#1431,.T.);
#4121=EDGE_CURVE('',#3320,#3319,#1432,.T.);
#4122=EDGE_CURVE('',#3275,#3320,#1433,.T.);
#4123=EDGE_CURVE('',#3321,#3320,#3072,.T.);
#4124=EDGE_CURVE('',#3276,#3321,#1434,.T.);
#4125=EDGE_CURVE('',#3322,#3321,#3073,.T.);
#4126=EDGE_CURVE('',#3277,#3322,#1435,.T.);
#4127=EDGE_CURVE('',#3323,#3322,#3074,.T.);
#4128=EDGE_CURVE('',#3278,#3323,#1436,.T.);
#4129=EDGE_CURVE('',#3324,#3323,#3075,.T.);
#4130=EDGE_CURVE('',#3279,#3324,#1437,.T.);
#4131=EDGE_CURVE('',#3325,#3324,#3076,.T.);
#4132=EDGE_CURVE('',#3280,#3325,#1438,.T.);
#4133=EDGE_CURVE('',#3326,#3325,#3077,.T.);
#4134=EDGE_CURVE('',#3281,#3326,#1439,.T.);
#4135=EDGE_CURVE('',#3327,#3326,#1440,.T.);
#4136=EDGE_CURVE('',#3282,#3327,#1441,.T.);
#4137=EDGE_CURVE('',#3328,#3327,#1442,.T.);
#4138=EDGE_CURVE('',#3283,#3328,#1443,.T.);
#4139=EDGE_CURVE('',#3329,#3328,#3078,.T.);
#4140=EDGE_CURVE('',#3284,#3329,#1444,.T.);
#4141=EDGE_CURVE('',#3330,#3329,#3079,.T.);
#4142=EDGE_CURVE('',#3285,#3330,#1445,.T.);
#4143=EDGE_CURVE('',#3331,#3330,#3080,.T.);
#4144=EDGE_CURVE('',#3286,#3331,#1446,.T.);
#4145=EDGE_CURVE('',#3332,#3331,#3081,.T.);
#4146=EDGE_CURVE('',#3287,#3332,#1447,.T.);
#4147=EDGE_CURVE('',#3333,#3332,#3082,.T.);
#4148=EDGE_CURVE('',#3288,#3333,#1448,.T.);
#4149=EDGE_CURVE('',#3334,#3333,#3083,.T.);
#4150=EDGE_CURVE('',#3289,#3334,#1449,.T.);
#4151=EDGE_CURVE('',#3335,#3334,#3084,.T.);
#4152=EDGE_CURVE('',#3290,#3335,#1450,.T.);
#4153=EDGE_CURVE('',#3336,#3335,#3085,.T.);
#4154=EDGE_CURVE('',#3291,#3336,#1451,.T.);
#4155=EDGE_CURVE('',#3314,#3336,#3086,.T.);
#4156=EDGE_CURVE('',#3292,#3337,#1452,.T.);
#4157=EDGE_CURVE('',#3338,#3337,#1453,.T.);
#4158=EDGE_CURVE('',#3293,#3338,#1454,.T.);
#4159=EDGE_CURVE('',#3339,#3338,#1455,.T.);
#4160=EDGE_CURVE('',#3294,#3339,#1456,.T.);
#4161=EDGE_CURVE('',#3340,#3339,#1457,.T.);
#4162=EDGE_CURVE('',#3295,#3340,#1458,.T.);
#4163=EDGE_CURVE('',#3337,#3340,#1459,.T.);
#4164=EDGE_CURVE('',#3341,#3342,#1460,.T.);
#4165=EDGE_CURVE('',#3342,#3343,#1461,.T.);
#4166=EDGE_CURVE('',#3344,#3343,#1462,.T.);
#4167=EDGE_CURVE('',#3345,#3344,#1463,.T.);
#4168=EDGE_CURVE('',#3345,#3346,#1464,.T.);
#4169=EDGE_CURVE('',#3346,#3347,#1465,.T.);
#4170=EDGE_CURVE('',#3348,#3347,#1466,.T.);
#4171=EDGE_CURVE('',#3349,#3348,#1467,.T.);
#4172=EDGE_CURVE('',#3349,#3350,#1468,.T.);
#4173=EDGE_CURVE('',#3351,#3350,#1469,.T.);
#4174=EDGE_CURVE('',#3352,#3351,#1470,.T.);
#4175=EDGE_CURVE('',#3352,#3353,#1471,.T.);
#4176=EDGE_CURVE('',#3353,#3354,#1472,.T.);
#4177=EDGE_CURVE('',#3355,#3354,#1473,.T.);
#4178=EDGE_CURVE('',#3356,#3355,#1474,.T.);
#4179=EDGE_CURVE('',#3356,#3357,#1475,.T.);
#4180=EDGE_CURVE('',#3357,#3358,#1476,.T.);
#4181=EDGE_CURVE('',#3359,#3358,#1477,.T.);
#4182=EDGE_CURVE('',#3360,#3359,#1478,.T.);
#4183=EDGE_CURVE('',#3360,#3361,#1479,.T.);
#4184=EDGE_CURVE('',#3361,#3362,#1480,.T.);
#4185=EDGE_CURVE('',#3363,#3362,#1481,.T.);
#4186=EDGE_CURVE('',#3364,#3363,#1482,.T.);
#4187=EDGE_CURVE('',#3364,#3365,#1483,.T.);
#4188=EDGE_CURVE('',#3365,#3366,#1484,.T.);
#4189=EDGE_CURVE('',#3366,#3367,#1485,.T.);
#4190=EDGE_CURVE('',#3368,#3367,#1486,.T.);
#4191=EDGE_CURVE('',#3369,#3368,#1487,.T.);
#4192=EDGE_CURVE('',#3369,#3370,#1488,.T.);
#4193=EDGE_CURVE('',#3370,#3371,#1489,.T.);
#4194=EDGE_CURVE('',#3372,#3371,#1490,.T.);
#4195=EDGE_CURVE('',#3341,#3372,#1491,.T.);
#4196=EDGE_CURVE('',#3345,#3373,#1492,.T.);
#4197=EDGE_CURVE('',#3374,#3373,#1493,.T.);
#4198=EDGE_CURVE('',#3346,#3374,#1494,.T.);
#4199=EDGE_CURVE('',#3342,#3375,#1495,.T.);
#4200=EDGE_CURVE('',#3341,#3376,#1496,.T.);
#4201=EDGE_CURVE('',#3375,#3376,#1497,.T.);
#4202=EDGE_CURVE('',#3370,#3377,#1498,.T.);
#4203=EDGE_CURVE('',#3369,#3378,#1499,.T.);
#4204=EDGE_CURVE('',#3377,#3378,#1500,.T.);
#4205=EDGE_CURVE('',#3379,#3380,#1501,.T.);
#4206=EDGE_CURVE('',#3379,#3381,#1502,.T.);
#4207=EDGE_CURVE('',#3382,#3381,#1503,.T.);
#4208=EDGE_CURVE('',#3383,#3382,#1504,.T.);
#4209=EDGE_CURVE('',#3384,#3383,#1505,.T.);
#4210=EDGE_CURVE('',#3385,#3384,#1506,.T.);
#4211=EDGE_CURVE('',#3386,#3385,#1507,.T.);
#4212=EDGE_CURVE('',#3387,#3386,#1508,.T.);
#4213=EDGE_CURVE('',#3387,#3388,#1509,.T.);
#4214=EDGE_CURVE('',#3388,#3380,#1510,.T.);
#4215=EDGE_CURVE('',#3389,#3390,#1511,.T.);
#4216=EDGE_CURVE('',#3389,#3391,#1512,.T.);
#4217=EDGE_CURVE('',#3391,#3392,#1513,.T.);
#4218=EDGE_CURVE('',#3392,#3390,#1514,.T.);
#4219=EDGE_CURVE('',#3393,#3391,#1515,.T.);
#4220=EDGE_CURVE('',#3393,#3394,#1516,.T.);
#4221=EDGE_CURVE('',#3394,#3392,#1517,.T.);
#4222=EDGE_CURVE('',#3385,#3393,#14,.T.);
#4223=EDGE_CURVE('',#3394,#3384,#15,.T.);
#4224=EDGE_CURVE('',#3395,#3396,#1518,.T.);
#4225=EDGE_CURVE('',#3397,#3395,#1519,.T.);
#4226=EDGE_CURVE('',#3397,#3398,#1520,.T.);
#4227=EDGE_CURVE('',#3399,#3398,#1521,.T.);
#4228=EDGE_CURVE('',#3400,#3399,#1522,.T.);
#4229=EDGE_CURVE('',#3400,#3401,#1523,.T.);
#4230=EDGE_CURVE('',#3402,#3401,#1524,.T.);
#4231=EDGE_CURVE('',#3403,#3402,#1525,.T.);
#4232=EDGE_CURVE('',#3404,#3403,#1526,.T.);
#4233=EDGE_CURVE('',#3396,#3404,#1527,.T.);
#4234=EDGE_CURVE('',#3405,#3400,#16,.T.);
#4235=EDGE_CURVE('',#3405,#3406,#1528,.T.);
#4236=EDGE_CURVE('',#3401,#3406,#17,.T.);
#4237=EDGE_CURVE('',#3389,#3405,#1529,.T.);
#4238=EDGE_CURVE('',#3406,#3390,#1530,.T.);
#4239=EDGE_CURVE('',#3407,#3408,#1531,.T.);
#4240=EDGE_CURVE('',#3408,#3409,#1532,.T.);
#4241=EDGE_CURVE('',#3409,#3410,#1533,.T.);
#4242=EDGE_CURVE('',#3410,#3411,#1534,.T.);
#4243=EDGE_CURVE('',#3411,#3412,#1535,.T.);
#4244=EDGE_CURVE('',#3263,#3412,#1536,.T.);
#4245=EDGE_CURVE('',#3262,#3413,#1537,.T.);
#4246=EDGE_CURVE('',#3413,#3414,#1538,.T.);
#4247=EDGE_CURVE('',#3414,#3407,#18,.T.);
#4248=EDGE_CURVE('',#3404,#3381,#1539,.T.);
#4249=EDGE_CURVE('',#3382,#3403,#1540,.T.);
#4250=EDGE_CURVE('',#3415,#3416,#1541,.T.);
#4251=EDGE_CURVE('',#3415,#3417,#1542,.T.);
#4252=EDGE_CURVE('',#3418,#3417,#1543,.T.);
#4253=EDGE_CURVE('',#3419,#3418,#1544,.T.);
#4254=EDGE_CURVE('',#3419,#3420,#1545,.T.);
#4255=EDGE_CURVE('',#3420,#3421,#1546,.T.);
#4256=EDGE_CURVE('',#3421,#3422,#1547,.T.);
#4257=EDGE_CURVE('',#3422,#3423,#1548,.T.);
#4258=EDGE_CURVE('',#3423,#3424,#1549,.T.);
#4259=EDGE_CURVE('',#3424,#3416,#1550,.T.);
#4260=EDGE_CURVE('',#3417,#3425,#19,.T.);
#4261=EDGE_CURVE('',#3426,#3425,#1551,.T.);
#4262=EDGE_CURVE('',#3418,#3426,#20,.T.);
#4263=EDGE_CURVE('',#3425,#3427,#1552,.T.);
#4264=EDGE_CURVE('',#3428,#3427,#1553,.T.);
#4265=EDGE_CURVE('',#3426,#3428,#1554,.T.);
#4266=EDGE_CURVE('',#3429,#3430,#1555,.T.);
#4267=EDGE_CURVE('',#3429,#3431,#1556,.T.);
#4268=EDGE_CURVE('',#3432,#3431,#1557,.T.);
#4269=EDGE_CURVE('',#3430,#3432,#1558,.T.);
#4270=EDGE_CURVE('',#3433,#3434,#1559,.T.);
#4271=EDGE_CURVE('',#3433,#3430,#1560,.T.);
#4272=EDGE_CURVE('',#3434,#3432,#1561,.T.);
#4273=EDGE_CURVE('',#3435,#3436,#1562,.T.);
#4274=EDGE_CURVE('',#3437,#3436,#1563,.T.);
#4275=EDGE_CURVE('',#3437,#3438,#21,.T.);
#4276=EDGE_CURVE('',#3438,#3439,#1564,.T.);
#4277=EDGE_CURVE('',#3439,#3267,#1565,.T.);
#4278=EDGE_CURVE('',#3266,#3440,#1566,.T.);
#4279=EDGE_CURVE('',#3440,#3441,#1567,.T.);
#4280=EDGE_CURVE('',#3441,#3442,#1568,.T.);
#4281=EDGE_CURVE('',#3442,#3435,#1569,.T.);
#4282=EDGE_CURVE('',#3443,#3444,#1570,.T.);
#4283=EDGE_CURVE('',#3443,#3416,#1571,.T.);
#4284=EDGE_CURVE('',#3424,#3444,#1572,.T.);
#4285=EDGE_CURVE('',#3445,#3446,#1573,.T.);
#4286=EDGE_CURVE('',#3446,#3447,#1574,.T.);
#4287=EDGE_CURVE('',#3447,#3448,#1575,.T.);
#4288=EDGE_CURVE('',#3449,#3448,#1576,.T.);
#4289=EDGE_CURVE('',#3449,#3450,#1577,.T.);
#4290=EDGE_CURVE('',#3450,#3451,#1578,.T.);
#4291=EDGE_CURVE('',#3451,#3452,#1579,.T.);
#4292=EDGE_CURVE('',#3453,#3452,#1580,.T.);
#4293=EDGE_CURVE('',#3453,#3454,#1581,.T.);
#4294=EDGE_CURVE('',#3265,#3454,#1582,.T.);
#4295=EDGE_CURVE('',#3264,#3455,#1583,.T.);
#4296=EDGE_CURVE('',#3455,#3456,#1584,.T.);
#4297=EDGE_CURVE('',#3456,#3457,#1585,.T.);
#4298=EDGE_CURVE('',#3457,#3458,#1586,.T.);
#4299=EDGE_CURVE('',#3459,#3458,#1587,.T.);
#4300=EDGE_CURVE('',#3459,#3460,#1588,.T.);
#4301=EDGE_CURVE('',#3460,#3461,#1589,.T.);
#4302=EDGE_CURVE('',#3461,#3462,#1590,.T.);
#4303=EDGE_CURVE('',#3445,#3462,#1591,.T.);
#4304=EDGE_CURVE('',#3463,#3464,#1592,.T.);
#4305=EDGE_CURVE('',#3463,#3446,#1593,.T.);
#4306=EDGE_CURVE('',#3465,#3445,#1594,.T.);
#4307=EDGE_CURVE('',#3466,#3465,#1595,.T.);
#4308=EDGE_CURVE('',#3466,#3460,#1596,.T.);
#4309=EDGE_CURVE('',#3467,#3459,#1597,.T.);
#4310=EDGE_CURVE('',#3468,#3467,#1598,.T.);
#4311=EDGE_CURVE('',#3468,#3456,#1599,.T.);
#4312=EDGE_CURVE('',#3412,#3455,#1600,.T.);
#4313=EDGE_CURVE('',#3411,#3469,#1601,.T.);
#4314=EDGE_CURVE('',#3470,#3469,#1602,.T.);
#4315=EDGE_CURVE('',#3441,#3470,#1603,.T.);
#4316=EDGE_CURVE('',#3454,#3440,#1604,.T.);
#4317=EDGE_CURVE('',#3471,#3453,#1605,.T.);
#4318=EDGE_CURVE('',#3472,#3471,#1606,.T.);
#4319=EDGE_CURVE('',#3472,#3450,#1607,.T.);
#4320=EDGE_CURVE('',#3464,#3449,#1608,.T.);
#4321=EDGE_CURVE('',#3473,#3474,#1609,.T.);
#4322=EDGE_CURVE('',#3473,#3258,#1610,.T.);
#4323=EDGE_CURVE('',#3475,#3268,#1611,.T.);
#4324=EDGE_CURVE('',#3476,#3475,#1612,.T.);
#4325=EDGE_CURVE('',#3477,#3476,#22,.T.);
#4326=EDGE_CURVE('',#3477,#3478,#1613,.T.);
#4327=EDGE_CURVE('',#3479,#3478,#1614,.T.);
#4328=EDGE_CURVE('',#3480,#3479,#1615,.T.);
#4329=EDGE_CURVE('',#3470,#3480,#1616,.T.);
#4330=EDGE_CURVE('',#3481,#3469,#1617,.T.);
#4331=EDGE_CURVE('',#3482,#3481,#1618,.T.);
#4332=EDGE_CURVE('',#3483,#3482,#1619,.T.);
#4333=EDGE_CURVE('',#3484,#3483,#1620,.T.);
#4334=EDGE_CURVE('',#3485,#3484,#23,.T.);
#4335=EDGE_CURVE('',#3486,#3485,#1621,.T.);
#4336=EDGE_CURVE('',#3261,#3486,#1622,.T.);
#4337=EDGE_CURVE('',#3474,#3260,#1623,.T.);
#4338=EDGE_CURVE('',#3375,#3487,#1624,.T.);
#4339=EDGE_CURVE('',#3376,#3488,#1625,.T.);
#4340=EDGE_CURVE('',#3489,#3488,#1626,.T.);
#4341=EDGE_CURVE('',#3377,#3489,#1627,.T.);
#4342=EDGE_CURVE('',#3378,#3490,#1628,.T.);
#4343=EDGE_CURVE('',#3491,#3490,#1629,.T.);
#4344=EDGE_CURVE('',#3492,#3491,#1630,.T.);
#4345=EDGE_CURVE('',#3493,#3492,#1631,.T.);
#4346=EDGE_CURVE('',#3494,#3493,#1632,.T.);
#4347=EDGE_CURVE('',#3495,#3494,#1633,.T.);
#4348=EDGE_CURVE('',#3496,#3495,#1634,.T.);
#4349=EDGE_CURVE('',#3497,#3496,#1635,.T.);
#4350=EDGE_CURVE('',#3498,#3497,#1636,.T.);
#4351=EDGE_CURVE('',#3498,#3499,#1637,.T.);
#4352=EDGE_CURVE('',#3500,#3499,#1638,.T.);
#4353=EDGE_CURVE('',#3501,#3500,#1639,.T.);
#4354=EDGE_CURVE('',#3502,#3501,#1640,.T.);
#4355=EDGE_CURVE('',#3503,#3502,#1641,.T.);
#4356=EDGE_CURVE('',#3504,#3503,#1642,.T.);
#4357=EDGE_CURVE('',#3505,#3504,#1643,.T.);
#4358=EDGE_CURVE('',#3505,#3506,#1644,.T.);
#4359=EDGE_CURVE('',#3507,#3506,#1645,.T.);
#4360=EDGE_CURVE('',#3507,#3374,#1646,.T.);
#4361=EDGE_CURVE('',#3373,#3508,#1647,.T.);
#4362=EDGE_CURVE('',#3487,#3508,#1648,.T.);
#4363=EDGE_CURVE('',#3436,#3478,#1649,.T.);
#4364=EDGE_CURVE('',#3437,#3477,#1650,.T.);
#4365=EDGE_CURVE('',#3408,#3483,#1651,.T.);
#4366=EDGE_CURVE('',#3407,#3484,#1652,.T.);
#4367=EDGE_CURVE('',#3501,#3509,#1653,.T.);
#4368=EDGE_CURVE('',#3509,#3510,#1654,.T.);
#4369=EDGE_CURVE('',#3502,#3510,#1655,.T.);
#4370=EDGE_CURVE('',#3500,#3511,#1656,.T.);
#4371=EDGE_CURVE('',#3511,#3509,#1657,.T.);
#4372=EDGE_CURVE('',#3499,#3512,#1658,.T.);
#4373=EDGE_CURVE('',#3512,#3513,#1659,.T.);
#4374=EDGE_CURVE('',#3513,#3511,#1660,.T.);
#4375=EDGE_CURVE('',#3514,#3515,#1661,.T.);
#4376=EDGE_CURVE('',#3515,#3516,#1662,.T.);
#4377=EDGE_CURVE('',#3517,#3516,#1663,.T.);
#4378=EDGE_CURVE('',#3518,#3517,#1664,.T.);
#4379=EDGE_CURVE('',#3518,#3519,#1665,.T.);
#4380=EDGE_CURVE('',#3519,#3520,#1666,.T.);
#4381=EDGE_CURVE('',#3521,#3520,#1667,.T.);
#4382=EDGE_CURVE('',#3522,#3521,#1668,.T.);
#4383=EDGE_CURVE('',#3522,#3513,#1669,.T.);
#4384=EDGE_CURVE('',#3512,#3523,#1670,.T.);
#4385=EDGE_CURVE('',#3523,#3524,#1671,.T.);
#4386=EDGE_CURVE('',#3524,#3525,#1672,.T.);
#4387=EDGE_CURVE('',#3525,#3526,#1673,.T.);
#4388=EDGE_CURVE('',#3527,#3526,#1674,.T.);
#4389=EDGE_CURVE('',#3528,#3527,#1675,.T.);
#4390=EDGE_CURVE('',#3528,#3529,#1676,.T.);
#4391=EDGE_CURVE('',#3529,#3530,#1677,.T.);
#4392=EDGE_CURVE('',#3531,#3530,#1678,.T.);
#4393=EDGE_CURVE('',#3514,#3531,#1679,.T.);
#4394=EDGE_CURVE('',#3497,#3532,#1680,.T.);
#4395=EDGE_CURVE('',#3532,#3524,#1681,.T.);
#4396=EDGE_CURVE('',#3523,#3498,#1682,.T.);
#4397=EDGE_CURVE('',#3496,#3533,#1683,.T.);
#4398=EDGE_CURVE('',#3533,#3532,#1684,.T.);
#4399=EDGE_CURVE('',#3495,#3534,#1685,.T.);
#4400=EDGE_CURVE('',#3534,#3533,#1686,.T.);
#4401=EDGE_CURVE('',#3494,#3535,#1687,.T.);
#4402=EDGE_CURVE('',#3535,#3534,#1688,.T.);
#4403=EDGE_CURVE('',#3510,#3536,#1689,.T.);
#4404=EDGE_CURVE('',#3503,#3536,#1690,.T.);
#4405=EDGE_CURVE('',#3515,#3537,#1691,.T.);
#4406=EDGE_CURVE('',#3514,#3538,#1692,.T.);
#4407=EDGE_CURVE('',#3538,#3539,#1693,.T.);
#4408=EDGE_CURVE('',#3529,#3539,#1694,.T.);
#4409=EDGE_CURVE('',#3528,#3540,#1695,.T.);
#4410=EDGE_CURVE('',#3540,#3541,#1696,.T.);
#4411=EDGE_CURVE('',#3525,#3541,#1697,.T.);
#4412=EDGE_CURVE('',#3542,#3535,#1698,.T.);
#4413=EDGE_CURVE('',#3543,#3542,#1699,.T.);
#4414=EDGE_CURVE('',#3366,#3543,#1700,.T.);
#4415=EDGE_CURVE('',#3544,#3365,#1701,.T.);
#4416=EDGE_CURVE('',#3544,#3545,#1702,.T.);
#4417=EDGE_CURVE('',#3545,#3362,#1703,.T.);
#4418=EDGE_CURVE('',#3546,#3361,#1704,.T.);
#4419=EDGE_CURVE('',#3546,#3547,#1705,.T.);
#4420=EDGE_CURVE('',#3547,#3358,#1706,.T.);
#4421=EDGE_CURVE('',#3548,#3357,#1707,.T.);
#4422=EDGE_CURVE('',#3548,#3549,#1708,.T.);
#4423=EDGE_CURVE('',#3549,#3354,#1709,.T.);
#4424=EDGE_CURVE('',#3550,#3353,#1710,.T.);
#4425=EDGE_CURVE('',#3550,#3551,#1711,.T.);
#4426=EDGE_CURVE('',#3551,#3350,#1712,.T.);
#4427=EDGE_CURVE('',#3552,#3349,#1713,.T.);
#4428=EDGE_CURVE('',#3553,#3552,#1714,.T.);
#4429=EDGE_CURVE('',#3536,#3553,#1715,.T.);
#4430=EDGE_CURVE('',#3522,#3554,#1716,.T.);
#4431=EDGE_CURVE('',#3554,#3555,#1717,.T.);
#4432=EDGE_CURVE('',#3519,#3555,#1718,.T.);
#4433=EDGE_CURVE('',#3518,#3556,#1719,.T.);
#4434=EDGE_CURVE('',#3556,#3537,#1720,.T.);
#4435=EDGE_CURVE('',#3543,#3492,#1721,.T.);
#4436=EDGE_CURVE('',#3491,#3557,#1722,.T.);
#4437=EDGE_CURVE('',#3557,#3558,#1723,.T.);
#4438=EDGE_CURVE('',#3558,#3367,#1724,.T.);
#4439=EDGE_CURVE('',#3493,#3542,#1725,.T.);
#4440=EDGE_CURVE('',#3559,#3348,#1726,.T.);
#4441=EDGE_CURVE('',#3560,#3559,#1727,.T.);
#4442=EDGE_CURVE('',#3506,#3560,#1728,.T.);
#4443=EDGE_CURVE('',#3505,#3552,#1729,.T.);
#4444=EDGE_CURVE('',#3504,#3553,#1730,.T.);
#4445=EDGE_CURVE('',#3480,#3442,#1731,.T.);
#4446=EDGE_CURVE('',#3479,#3435,#1732,.T.);
#4447=EDGE_CURVE('',#3482,#3409,#1733,.T.);
#4448=EDGE_CURVE('',#3481,#3410,#1734,.T.);
#4449=EDGE_CURVE('',#3476,#3438,#1735,.T.);
#4450=EDGE_CURVE('',#3475,#3439,#1736,.T.);
#4451=EDGE_CURVE('',#3485,#3414,#1737,.T.);
#4452=EDGE_CURVE('',#3486,#3413,#1738,.T.);
#4453=EDGE_CURVE('',#3473,#3561,#1739,.T.);
#4454=EDGE_CURVE('',#3257,#3561,#1740,.T.);
#4455=EDGE_CURVE('',#3259,#3562,#1741,.T.);
#4456=EDGE_CURVE('',#3562,#3474,#1742,.T.);
#4457=EDGE_CURVE('',#3561,#3562,#1743,.T.);
#4458=EDGE_CURVE('',#3471,#3563,#1744,.T.);
#4459=EDGE_CURVE('',#3563,#3564,#1745,.T.);
#4460=EDGE_CURVE('',#3472,#3564,#1746,.T.);
#4461=EDGE_CURVE('',#3565,#3566,#1747,.T.);
#4462=EDGE_CURVE('',#3565,#3567,#1748,.T.);
#4463=EDGE_CURVE('',#3567,#3568,#1749,.T.);
#4464=EDGE_CURVE('',#3569,#3568,#1750,.T.);
#4465=EDGE_CURVE('',#3569,#3452,#1751,.T.);
#4466=EDGE_CURVE('',#3570,#3451,#1752,.T.);
#4467=EDGE_CURVE('',#3566,#3570,#1753,.T.);
#4468=EDGE_CURVE('',#3566,#3571,#1754,.T.);
#4469=EDGE_CURVE('',#3572,#3570,#1755,.T.);
#4470=EDGE_CURVE('',#3573,#3572,#1756,.T.);
#4471=EDGE_CURVE('',#3573,#3569,#1757,.T.);
#4472=EDGE_CURVE('',#3568,#3574,#1758,.T.);
#4473=EDGE_CURVE('',#3574,#3571,#1759,.T.);
#4474=EDGE_CURVE('',#3563,#3573,#1760,.T.);
#4475=EDGE_CURVE('',#3564,#3572,#1761,.T.);
#4476=EDGE_CURVE('',#3575,#3576,#1762,.T.);
#4477=EDGE_CURVE('',#3577,#3576,#1763,.T.);
#4478=EDGE_CURVE('',#3578,#3577,#1764,.T.);
#4479=EDGE_CURVE('',#3578,#3575,#1765,.T.);
#4480=EDGE_CURVE('',#3576,#3579,#1766,.T.);
#4481=EDGE_CURVE('',#3580,#3579,#1767,.T.);
#4482=EDGE_CURVE('',#3577,#3580,#1768,.T.);
#4483=EDGE_CURVE('',#3579,#3581,#1769,.T.);
#4484=EDGE_CURVE('',#3582,#3581,#1770,.T.);
#4485=EDGE_CURVE('',#3580,#3582,#1771,.T.);
#4486=EDGE_CURVE('',#3581,#3583,#1772,.T.);
#4487=EDGE_CURVE('',#3584,#3583,#1773,.T.);
#4488=EDGE_CURVE('',#3582,#3584,#1774,.T.);
#4489=EDGE_CURVE('',#3583,#3585,#1775,.T.);
#4490=EDGE_CURVE('',#3586,#3585,#1776,.T.);
#4491=EDGE_CURVE('',#3584,#3586,#1777,.T.);
#4492=EDGE_CURVE('',#3585,#3587,#1778,.T.);
#4493=EDGE_CURVE('',#3588,#3587,#1779,.T.);
#4494=EDGE_CURVE('',#3586,#3588,#1780,.T.);
#4495=EDGE_CURVE('',#3588,#3565,#1781,.T.);
#4496=EDGE_CURVE('',#3571,#3578,#1782,.T.);
#4497=EDGE_CURVE('',#3587,#3567,#1783,.T.);
#4498=EDGE_CURVE('',#3574,#3575,#1784,.T.);
#4499=EDGE_CURVE('',#3589,#3590,#24,.T.);
#4500=EDGE_CURVE('',#3591,#3590,#1785,.T.);
#4501=EDGE_CURVE('',#3592,#3591,#25,.T.);
#4502=EDGE_CURVE('',#3592,#3589,#1786,.T.);
#4503=EDGE_CURVE('',#3590,#3593,#1787,.T.);
#4504=EDGE_CURVE('',#3594,#3593,#1788,.T.);
#4505=EDGE_CURVE('',#3591,#3594,#1789,.T.);
#4506=EDGE_CURVE('',#3593,#3595,#1790,.T.);
#4507=EDGE_CURVE('',#3596,#3595,#1791,.T.);
#4508=EDGE_CURVE('',#3594,#3596,#1792,.T.);
#4509=EDGE_CURVE('',#3595,#3597,#26,.T.);
#4510=EDGE_CURVE('',#3598,#3597,#1793,.T.);
#4511=EDGE_CURVE('',#3596,#3598,#27,.T.);
#4512=EDGE_CURVE('',#3597,#3599,#28,.T.);
#4513=EDGE_CURVE('',#3600,#3599,#1794,.T.);
#4514=EDGE_CURVE('',#3598,#3600,#29,.T.);
#4515=EDGE_CURVE('',#3351,#3589,#1795,.T.);
#4516=EDGE_CURVE('',#3599,#3551,#1796,.T.);
#4517=EDGE_CURVE('',#3352,#3592,#1797,.T.);
#4518=EDGE_CURVE('',#3600,#3550,#1798,.T.);
#4519=EDGE_CURVE('',#3601,#3521,#1799,.T.);
#4520=EDGE_CURVE('',#3602,#3520,#1800,.T.);
#4521=EDGE_CURVE('',#3602,#3601,#1801,.T.);
#4522=EDGE_CURVE('',#3555,#3603,#1802,.T.);
#4523=EDGE_CURVE('',#3603,#3604,#1803,.T.);
#4524=EDGE_CURVE('',#3604,#3605,#1804,.T.);
#4525=EDGE_CURVE('',#3605,#3606,#1805,.T.);
#4526=EDGE_CURVE('',#3606,#3602,#30,.T.);
#4527=EDGE_CURVE('',#3607,#3601,#31,.T.);
#4528=EDGE_CURVE('',#3608,#3607,#1806,.T.);
#4529=EDGE_CURVE('',#3609,#3608,#1807,.T.);
#4530=EDGE_CURVE('',#3610,#3609,#1808,.T.);
#4531=EDGE_CURVE('',#3554,#3610,#1809,.T.);
#4532=EDGE_CURVE('',#3606,#3607,#1810,.T.);
#4533=EDGE_CURVE('',#3603,#3610,#1811,.T.);
#4534=EDGE_CURVE('',#3604,#3609,#1812,.T.);
#4535=EDGE_CURVE('',#3605,#3608,#1813,.T.);
#4536=EDGE_CURVE('',#3421,#3433,#32,.T.);
#4537=EDGE_CURVE('',#3434,#3422,#33,.T.);
#4538=EDGE_CURVE('',#3427,#3611,#1814,.T.);
#4539=EDGE_CURVE('',#3612,#3611,#1815,.T.);
#4540=EDGE_CURVE('',#3428,#3612,#1816,.T.);
#4541=EDGE_CURVE('',#3611,#3613,#1817,.T.);
#4542=EDGE_CURVE('',#3614,#3613,#1818,.T.);
#4543=EDGE_CURVE('',#3612,#3614,#1819,.T.);
#4544=EDGE_CURVE('',#3613,#3615,#34,.T.);
#4545=EDGE_CURVE('',#3616,#3615,#1820,.T.);
#4546=EDGE_CURVE('',#3616,#3614,#35,.T.);
#4547=EDGE_CURVE('',#3615,#3617,#1821,.T.);
#4548=EDGE_CURVE('',#3617,#3443,#1822,.T.);
#4549=EDGE_CURVE('',#3444,#3618,#1823,.T.);
#4550=EDGE_CURVE('',#3618,#3619,#1824,.T.);
#4551=EDGE_CURVE('',#3620,#3619,#1825,.T.);
#4552=EDGE_CURVE('',#3620,#3621,#1826,.T.);
#4553=EDGE_CURVE('',#3621,#3622,#1827,.T.);
#4554=EDGE_CURVE('',#3616,#3622,#1828,.T.);
#4555=EDGE_CURVE('',#3623,#3624,#1829,.T.);
#4556=EDGE_CURVE('',#3623,#3620,#36,.T.);
#4557=EDGE_CURVE('',#3619,#3624,#37,.T.);
#4558=EDGE_CURVE('',#3429,#3623,#1830,.T.);
#4559=EDGE_CURVE('',#3624,#3431,#1831,.T.);
#4560=EDGE_CURVE('',#3419,#3622,#1832,.T.);
#4561=EDGE_CURVE('',#3618,#3423,#1833,.T.);
#4562=EDGE_CURVE('',#3621,#3420,#1834,.T.);
#4563=EDGE_CURVE('',#3415,#3617,#1835,.T.);
#4564=EDGE_CURVE('',#3380,#3625,#38,.T.);
#4565=EDGE_CURVE('',#3388,#3626,#39,.T.);
#4566=EDGE_CURVE('',#3626,#3625,#1836,.T.);
#4567=EDGE_CURVE('',#3625,#3627,#1837,.T.);
#4568=EDGE_CURVE('',#3626,#3628,#1838,.T.);
#4569=EDGE_CURVE('',#3628,#3627,#1839,.T.);
#4570=EDGE_CURVE('',#3627,#3629,#1840,.T.);
#4571=EDGE_CURVE('',#3628,#3630,#1841,.T.);
#4572=EDGE_CURVE('',#3630,#3629,#1842,.T.);
#4573=EDGE_CURVE('',#3629,#3631,#1843,.T.);
#4574=EDGE_CURVE('',#3630,#3632,#1844,.T.);
#4575=EDGE_CURVE('',#3632,#3631,#1845,.T.);
#4576=EDGE_CURVE('',#3631,#3395,#40,.T.);
#4577=EDGE_CURVE('',#3397,#3632,#41,.T.);
#4578=EDGE_CURVE('',#3387,#3398,#1846,.T.);
#4579=EDGE_CURVE('',#3402,#3383,#1847,.T.);
#4580=EDGE_CURVE('',#3399,#3386,#1848,.T.);
#4581=EDGE_CURVE('',#3379,#3396,#1849,.T.);
#4582=EDGE_CURVE('',#3633,#3347,#1850,.T.);
#4583=EDGE_CURVE('',#3633,#3559,#1851,.T.);
#4584=EDGE_CURVE('',#3507,#3634,#1852,.T.);
#4585=EDGE_CURVE('',#3634,#3633,#1853,.T.);
#4586=EDGE_CURVE('',#3634,#3560,#1854,.T.);
#4587=EDGE_CURVE('',#3635,#3467,#1855,.T.);
#4588=EDGE_CURVE('',#3636,#3635,#1856,.T.);
#4589=EDGE_CURVE('',#3636,#3468,#1857,.T.);
#4590=EDGE_CURVE('',#3637,#3638,#1858,.T.);
#4591=EDGE_CURVE('',#3637,#3639,#1859,.T.);
#4592=EDGE_CURVE('',#3639,#3640,#1860,.T.);
#4593=EDGE_CURVE('',#3640,#3641,#1861,.T.);
#4594=EDGE_CURVE('',#3458,#3641,#1862,.T.);
#4595=EDGE_CURVE('',#3457,#3642,#1863,.T.);
#4596=EDGE_CURVE('',#3642,#3638,#1864,.T.);
#4597=EDGE_CURVE('',#3638,#3643,#1865,.T.);
#4598=EDGE_CURVE('',#3642,#3644,#1866,.T.);
#4599=EDGE_CURVE('',#3644,#3645,#1867,.T.);
#4600=EDGE_CURVE('',#3641,#3645,#1868,.T.);
#4601=EDGE_CURVE('',#3640,#3646,#1869,.T.);
#4602=EDGE_CURVE('',#3646,#3643,#1870,.T.);
#4603=EDGE_CURVE('',#3645,#3635,#1871,.T.);
#4604=EDGE_CURVE('',#3644,#3636,#1872,.T.);
#4605=EDGE_CURVE('',#3647,#3465,#1873,.T.);
#4606=EDGE_CURVE('',#3648,#3647,#1874,.T.);
#4607=EDGE_CURVE('',#3648,#3466,#1875,.T.);
#4608=EDGE_CURVE('',#3649,#3650,#1876,.T.);
#4609=EDGE_CURVE('',#3649,#3651,#1877,.T.);
#4610=EDGE_CURVE('',#3651,#3652,#1878,.T.);
#4611=EDGE_CURVE('',#3652,#3653,#1879,.T.);
#4612=EDGE_CURVE('',#3462,#3653,#1880,.T.);
#4613=EDGE_CURVE('',#3461,#3654,#1881,.T.);
#4614=EDGE_CURVE('',#3654,#3650,#1882,.T.);
#4615=EDGE_CURVE('',#3650,#3655,#1883,.T.);
#4616=EDGE_CURVE('',#3654,#3656,#1884,.T.);
#4617=EDGE_CURVE('',#3656,#3657,#1885,.T.);
#4618=EDGE_CURVE('',#3653,#3657,#1886,.T.);
#4619=EDGE_CURVE('',#3652,#3658,#1887,.T.);
#4620=EDGE_CURVE('',#3658,#3655,#1888,.T.);
#4621=EDGE_CURVE('',#3657,#3647,#1889,.T.);
#4622=EDGE_CURVE('',#3656,#3648,#1890,.T.);
#4623=EDGE_CURVE('',#3659,#3464,#1891,.T.);
#4624=EDGE_CURVE('',#3660,#3659,#1892,.T.);
#4625=EDGE_CURVE('',#3660,#3463,#1893,.T.);
#4626=EDGE_CURVE('',#3661,#3662,#1894,.T.);
#4627=EDGE_CURVE('',#3661,#3663,#1895,.T.);
#4628=EDGE_CURVE('',#3663,#3664,#1896,.T.);
#4629=EDGE_CURVE('',#3664,#3665,#1897,.T.);
#4630=EDGE_CURVE('',#3448,#3665,#1898,.T.);
#4631=EDGE_CURVE('',#3447,#3666,#1899,.T.);
#4632=EDGE_CURVE('',#3666,#3662,#1900,.T.);
#4633=EDGE_CURVE('',#3662,#3667,#1901,.T.);
#4634=EDGE_CURVE('',#3666,#3668,#1902,.T.);
#4635=EDGE_CURVE('',#3668,#3669,#1903,.T.);
#4636=EDGE_CURVE('',#3665,#3669,#1904,.T.);
#4637=EDGE_CURVE('',#3664,#3670,#1905,.T.);
#4638=EDGE_CURVE('',#3670,#3667,#1906,.T.);
#4639=EDGE_CURVE('',#3669,#3659,#1907,.T.);
#4640=EDGE_CURVE('',#3668,#3660,#1908,.T.);
#4641=EDGE_CURVE('',#3671,#3672,#1909,.T.);
#4642=EDGE_CURVE('',#3673,#3672,#1910,.T.);
#4643=EDGE_CURVE('',#3674,#3673,#1911,.T.);
#4644=EDGE_CURVE('',#3674,#3671,#1912,.T.);
#4645=EDGE_CURVE('',#3672,#3675,#1913,.T.);
#4646=EDGE_CURVE('',#3676,#3675,#1914,.T.);
#4647=EDGE_CURVE('',#3673,#3676,#1915,.T.);
#4648=EDGE_CURVE('',#3675,#3677,#1916,.T.);
#4649=EDGE_CURVE('',#3678,#3677,#1917,.T.);
#4650=EDGE_CURVE('',#3676,#3678,#1918,.T.);
#4651=EDGE_CURVE('',#3677,#3679,#1919,.T.);
#4652=EDGE_CURVE('',#3680,#3679,#1920,.T.);
#4653=EDGE_CURVE('',#3678,#3680,#1921,.T.);
#4654=EDGE_CURVE('',#3679,#3681,#1922,.T.);
#4655=EDGE_CURVE('',#3682,#3681,#1923,.T.);
#4656=EDGE_CURVE('',#3680,#3682,#1924,.T.);
#4657=EDGE_CURVE('',#3681,#3683,#1925,.T.);
#4658=EDGE_CURVE('',#3684,#3683,#1926,.T.);
#4659=EDGE_CURVE('',#3682,#3684,#1927,.T.);
#4660=EDGE_CURVE('',#3684,#3661,#1928,.T.);
#4661=EDGE_CURVE('',#3667,#3674,#1929,.T.);
#4662=EDGE_CURVE('',#3683,#3663,#1930,.T.);
#4663=EDGE_CURVE('',#3670,#3671,#1931,.T.);
#4664=EDGE_CURVE('',#3685,#3686,#1932,.T.);
#4665=EDGE_CURVE('',#3687,#3686,#1933,.T.);
#4666=EDGE_CURVE('',#3688,#3687,#1934,.T.);
#4667=EDGE_CURVE('',#3688,#3685,#1935,.T.);
#4668=EDGE_CURVE('',#3686,#3689,#1936,.T.);
#4669=EDGE_CURVE('',#3690,#3689,#1937,.T.);
#4670=EDGE_CURVE('',#3687,#3690,#1938,.T.);
#4671=EDGE_CURVE('',#3689,#3691,#1939,.T.);
#4672=EDGE_CURVE('',#3692,#3691,#1940,.T.);
#4673=EDGE_CURVE('',#3690,#3692,#1941,.T.);
#4674=EDGE_CURVE('',#3691,#3693,#1942,.T.);
#4675=EDGE_CURVE('',#3694,#3693,#1943,.T.);
#4676=EDGE_CURVE('',#3692,#3694,#1944,.T.);
#4677=EDGE_CURVE('',#3693,#3695,#1945,.T.);
#4678=EDGE_CURVE('',#3696,#3695,#1946,.T.);
#4679=EDGE_CURVE('',#3694,#3696,#1947,.T.);
#4680=EDGE_CURVE('',#3695,#3697,#1948,.T.);
#4681=EDGE_CURVE('',#3698,#3697,#1949,.T.);
#4682=EDGE_CURVE('',#3696,#3698,#1950,.T.);
#4683=EDGE_CURVE('',#3698,#3649,#1951,.T.);
#4684=EDGE_CURVE('',#3655,#3688,#1952,.T.);
#4685=EDGE_CURVE('',#3697,#3651,#1953,.T.);
#4686=EDGE_CURVE('',#3658,#3685,#1954,.T.);
#4687=EDGE_CURVE('',#3699,#3700,#1955,.T.);
#4688=EDGE_CURVE('',#3701,#3700,#1956,.T.);
#4689=EDGE_CURVE('',#3702,#3701,#1957,.T.);
#4690=EDGE_CURVE('',#3702,#3699,#1958,.T.);
#4691=EDGE_CURVE('',#3700,#3703,#1959,.T.);
#4692=EDGE_CURVE('',#3704,#3703,#1960,.T.);
#4693=EDGE_CURVE('',#3701,#3704,#1961,.T.);
#4694=EDGE_CURVE('',#3703,#3705,#1962,.T.);
#4695=EDGE_CURVE('',#3706,#3705,#1963,.T.);
#4696=EDGE_CURVE('',#3704,#3706,#1964,.T.);
#4697=EDGE_CURVE('',#3705,#3707,#1965,.T.);
#4698=EDGE_CURVE('',#3708,#3707,#1966,.T.);
#4699=EDGE_CURVE('',#3706,#3708,#1967,.T.);
#4700=EDGE_CURVE('',#3707,#3709,#1968,.T.);
#4701=EDGE_CURVE('',#3710,#3709,#1969,.T.);
#4702=EDGE_CURVE('',#3708,#3710,#1970,.T.);
#4703=EDGE_CURVE('',#3709,#3711,#1971,.T.);
#4704=EDGE_CURVE('',#3712,#3711,#1972,.T.);
#4705=EDGE_CURVE('',#3710,#3712,#1973,.T.);
#4706=EDGE_CURVE('',#3712,#3637,#1974,.T.);
#4707=EDGE_CURVE('',#3643,#3702,#1975,.T.);
#4708=EDGE_CURVE('',#3711,#3639,#1976,.T.);
#4709=EDGE_CURVE('',#3646,#3699,#1977,.T.);
#4710=EDGE_CURVE('',#3713,#3714,#42,.T.);
#4711=EDGE_CURVE('',#3715,#3714,#1978,.T.);
#4712=EDGE_CURVE('',#3716,#3715,#43,.T.);
#4713=EDGE_CURVE('',#3716,#3713,#1979,.T.);
#4714=EDGE_CURVE('',#3714,#3717,#1980,.T.);
#4715=EDGE_CURVE('',#3718,#3717,#1981,.T.);
#4716=EDGE_CURVE('',#3715,#3718,#1982,.T.);
#4717=EDGE_CURVE('',#3717,#3719,#1983,.T.);
#4718=EDGE_CURVE('',#3720,#3719,#1984,.T.);
#4719=EDGE_CURVE('',#3718,#3720,#1985,.T.);
#4720=EDGE_CURVE('',#3719,#3721,#44,.T.);
#4721=EDGE_CURVE('',#3722,#3721,#1986,.T.);
#4722=EDGE_CURVE('',#3720,#3722,#45,.T.);
#4723=EDGE_CURVE('',#3721,#3723,#46,.T.);
#4724=EDGE_CURVE('',#3724,#3723,#1987,.T.);
#4725=EDGE_CURVE('',#3722,#3724,#47,.T.);
#4726=EDGE_CURVE('',#3363,#3713,#1988,.T.);
#4727=EDGE_CURVE('',#3723,#3545,#1989,.T.);
#4728=EDGE_CURVE('',#3364,#3716,#1990,.T.);
#4729=EDGE_CURVE('',#3724,#3544,#1991,.T.);
#4730=EDGE_CURVE('',#3725,#3527,#1992,.T.);
#4731=EDGE_CURVE('',#3726,#3526,#1993,.T.);
#4732=EDGE_CURVE('',#3726,#3725,#1994,.T.);
#4733=EDGE_CURVE('',#3541,#3727,#1995,.T.);
#4734=EDGE_CURVE('',#3727,#3728,#1996,.T.);
#4735=EDGE_CURVE('',#3728,#3729,#1997,.T.);
#4736=EDGE_CURVE('',#3729,#3730,#1998,.T.);
#4737=EDGE_CURVE('',#3730,#3726,#48,.T.);
#4738=EDGE_CURVE('',#3731,#3725,#49,.T.);
#4739=EDGE_CURVE('',#3732,#3731,#1999,.T.);
#4740=EDGE_CURVE('',#3733,#3732,#2000,.T.);
#4741=EDGE_CURVE('',#3734,#3733,#2001,.T.);
#4742=EDGE_CURVE('',#3540,#3734,#2002,.T.);
#4743=EDGE_CURVE('',#3730,#3731,#2003,.T.);
#4744=EDGE_CURVE('',#3727,#3734,#2004,.T.);
#4745=EDGE_CURVE('',#3728,#3733,#2005,.T.);
#4746=EDGE_CURVE('',#3729,#3732,#2006,.T.);
#4747=EDGE_CURVE('',#3735,#3736,#50,.T.);
#4748=EDGE_CURVE('',#3737,#3736,#2007,.T.);
#4749=EDGE_CURVE('',#3738,#3737,#51,.T.);
#4750=EDGE_CURVE('',#3738,#3735,#2008,.T.);
#4751=EDGE_CURVE('',#3736,#3739,#2009,.T.);
#4752=EDGE_CURVE('',#3740,#3739,#2010,.T.);
#4753=EDGE_CURVE('',#3737,#3740,#2011,.T.);
#4754=EDGE_CURVE('',#3739,#3741,#2012,.T.);
#4755=EDGE_CURVE('',#3742,#3741,#2013,.T.);
#4756=EDGE_CURVE('',#3740,#3742,#2014,.T.);
#4757=EDGE_CURVE('',#3741,#3743,#52,.T.);
#4758=EDGE_CURVE('',#3744,#3743,#2015,.T.);
#4759=EDGE_CURVE('',#3742,#3744,#53,.T.);
#4760=EDGE_CURVE('',#3743,#3745,#54,.T.);
#4761=EDGE_CURVE('',#3746,#3745,#2016,.T.);
#4762=EDGE_CURVE('',#3744,#3746,#55,.T.);
#4763=EDGE_CURVE('',#3359,#3735,#2017,.T.);
#4764=EDGE_CURVE('',#3745,#3547,#2018,.T.);
#4765=EDGE_CURVE('',#3360,#3738,#2019,.T.);
#4766=EDGE_CURVE('',#3746,#3546,#2020,.T.);
#4767=EDGE_CURVE('',#3747,#3531,#2021,.T.);
#4768=EDGE_CURVE('',#3748,#3530,#2022,.T.);
#4769=EDGE_CURVE('',#3748,#3747,#2023,.T.);
#4770=EDGE_CURVE('',#3539,#3749,#2024,.T.);
#4771=EDGE_CURVE('',#3749,#3750,#2025,.T.);
#4772=EDGE_CURVE('',#3750,#3751,#2026,.T.);
#4773=EDGE_CURVE('',#3751,#3752,#2027,.T.);
#4774=EDGE_CURVE('',#3752,#3748,#56,.T.);
#4775=EDGE_CURVE('',#3753,#3747,#57,.T.);
#4776=EDGE_CURVE('',#3754,#3753,#2028,.T.);
#4777=EDGE_CURVE('',#3755,#3754,#2029,.T.);
#4778=EDGE_CURVE('',#3756,#3755,#2030,.T.);
#4779=EDGE_CURVE('',#3538,#3756,#2031,.T.);
#4780=EDGE_CURVE('',#3752,#3753,#2032,.T.);
#4781=EDGE_CURVE('',#3749,#3756,#2033,.T.);
#4782=EDGE_CURVE('',#3750,#3755,#2034,.T.);
#4783=EDGE_CURVE('',#3751,#3754,#2035,.T.);
#4784=EDGE_CURVE('',#3757,#3758,#58,.T.);
#4785=EDGE_CURVE('',#3759,#3758,#2036,.T.);
#4786=EDGE_CURVE('',#3760,#3759,#59,.T.);
#4787=EDGE_CURVE('',#3760,#3757,#2037,.T.);
#4788=EDGE_CURVE('',#3758,#3761,#2038,.T.);
#4789=EDGE_CURVE('',#3762,#3761,#2039,.T.);
#4790=EDGE_CURVE('',#3759,#3762,#2040,.T.);
#4791=EDGE_CURVE('',#3761,#3763,#2041,.T.);
#4792=EDGE_CURVE('',#3764,#3763,#2042,.T.);
#4793=EDGE_CURVE('',#3762,#3764,#2043,.T.);
#4794=EDGE_CURVE('',#3763,#3765,#60,.T.);
#4795=EDGE_CURVE('',#3766,#3765,#2044,.T.);
#4796=EDGE_CURVE('',#3764,#3766,#61,.T.);
#4797=EDGE_CURVE('',#3765,#3767,#62,.T.);
#4798=EDGE_CURVE('',#3768,#3767,#2045,.T.);
#4799=EDGE_CURVE('',#3766,#3768,#63,.T.);
#4800=EDGE_CURVE('',#3355,#3757,#2046,.T.);
#4801=EDGE_CURVE('',#3767,#3549,#2047,.T.);
#4802=EDGE_CURVE('',#3356,#3760,#2048,.T.);
#4803=EDGE_CURVE('',#3768,#3548,#2049,.T.);
#4804=EDGE_CURVE('',#3769,#3517,#2050,.T.);
#4805=EDGE_CURVE('',#3770,#3516,#2051,.T.);
#4806=EDGE_CURVE('',#3770,#3769,#2052,.T.);
#4807=EDGE_CURVE('',#3537,#3771,#2053,.T.);
#4808=EDGE_CURVE('',#3771,#3772,#2054,.T.);
#4809=EDGE_CURVE('',#3772,#3773,#2055,.T.);
#4810=EDGE_CURVE('',#3773,#3774,#2056,.T.);
#4811=EDGE_CURVE('',#3774,#3770,#64,.T.);
#4812=EDGE_CURVE('',#3775,#3769,#65,.T.);
#4813=EDGE_CURVE('',#3776,#3775,#2057,.T.);
#4814=EDGE_CURVE('',#3777,#3776,#2058,.T.);
#4815=EDGE_CURVE('',#3778,#3777,#2059,.T.);
#4816=EDGE_CURVE('',#3556,#3778,#2060,.T.);
#4817=EDGE_CURVE('',#3774,#3775,#2061,.T.);
#4818=EDGE_CURVE('',#3771,#3778,#2062,.T.);
#4819=EDGE_CURVE('',#3772,#3777,#2063,.T.);
#4820=EDGE_CURVE('',#3773,#3776,#2064,.T.);
#4821=EDGE_CURVE('',#3779,#3368,#2065,.T.);
#4822=EDGE_CURVE('',#3780,#3779,#2066,.T.);
#4823=EDGE_CURVE('',#3490,#3780,#2067,.T.);
#4824=EDGE_CURVE('',#3558,#3779,#2068,.T.);
#4825=EDGE_CURVE('',#3557,#3780,#2069,.T.);
#4826=EDGE_CURVE('',#3781,#3372,#2070,.T.);
#4827=EDGE_CURVE('',#3782,#3371,#2071,.T.);
#4828=EDGE_CURVE('',#3782,#3781,#2072,.T.);
#4829=EDGE_CURVE('',#3489,#3783,#2073,.T.);
#4830=EDGE_CURVE('',#3783,#3782,#2074,.T.);
#4831=EDGE_CURVE('',#3784,#3781,#2075,.T.);
#4832=EDGE_CURVE('',#3488,#3784,#2076,.T.);
#4833=EDGE_CURVE('',#3783,#3784,#2077,.T.);
#4834=EDGE_CURVE('',#3785,#3344,#2078,.T.);
#4835=EDGE_CURVE('',#3786,#3343,#2079,.T.);
#4836=EDGE_CURVE('',#3786,#3785,#2080,.T.);
#4837=EDGE_CURVE('',#3487,#3787,#2081,.T.);
#4838=EDGE_CURVE('',#3787,#3786,#2082,.T.);
#4839=EDGE_CURVE('',#3788,#3785,#2083,.T.);
#4840=EDGE_CURVE('',#3508,#3788,#2084,.T.);
#4841=EDGE_CURVE('',#3787,#3788,#2085,.T.);
#4842=ORIENTED_EDGE('',*,*,#3789,.F.);
#4843=ORIENTED_EDGE('',*,*,#3790,.T.);
#4844=ORIENTED_EDGE('',*,*,#3791,.F.);
#4845=ORIENTED_EDGE('',*,*,#3792,.F.);
#4846=ORIENTED_EDGE('',*,*,#3793,.F.);
#4847=ORIENTED_EDGE('',*,*,#3792,.T.);
#4848=ORIENTED_EDGE('',*,*,#3794,.F.);
#4849=ORIENTED_EDGE('',*,*,#3795,.F.);
#4850=ORIENTED_EDGE('',*,*,#3796,.F.);
#4851=ORIENTED_EDGE('',*,*,#3795,.T.);
#4852=ORIENTED_EDGE('',*,*,#3797,.F.);
#4853=ORIENTED_EDGE('',*,*,#3798,.F.);
#4854=ORIENTED_EDGE('',*,*,#3799,.F.);
#4855=ORIENTED_EDGE('',*,*,#3798,.T.);
#4856=ORIENTED_EDGE('',*,*,#3800,.F.);
#4857=ORIENTED_EDGE('',*,*,#3801,.F.);
#4858=ORIENTED_EDGE('',*,*,#3802,.F.);
#4859=ORIENTED_EDGE('',*,*,#3801,.T.);
#4860=ORIENTED_EDGE('',*,*,#3803,.F.);
#4861=ORIENTED_EDGE('',*,*,#3804,.F.);
#4862=ORIENTED_EDGE('',*,*,#3805,.F.);
#4863=ORIENTED_EDGE('',*,*,#3804,.T.);
#4864=ORIENTED_EDGE('',*,*,#3806,.F.);
#4865=ORIENTED_EDGE('',*,*,#3807,.F.);
#4866=ORIENTED_EDGE('',*,*,#3808,.F.);
#4867=ORIENTED_EDGE('',*,*,#3807,.T.);
#4868=ORIENTED_EDGE('',*,*,#3809,.F.);
#4869=ORIENTED_EDGE('',*,*,#3810,.F.);
#4870=ORIENTED_EDGE('',*,*,#3811,.F.);
#4871=ORIENTED_EDGE('',*,*,#3810,.T.);
#4872=ORIENTED_EDGE('',*,*,#3812,.F.);
#4873=ORIENTED_EDGE('',*,*,#3813,.F.);
#4874=ORIENTED_EDGE('',*,*,#3814,.F.);
#4875=ORIENTED_EDGE('',*,*,#3813,.T.);
#4876=ORIENTED_EDGE('',*,*,#3815,.F.);
#4877=ORIENTED_EDGE('',*,*,#3816,.F.);
#4878=ORIENTED_EDGE('',*,*,#3817,.F.);
#4879=ORIENTED_EDGE('',*,*,#3816,.T.);
#4880=ORIENTED_EDGE('',*,*,#3818,.F.);
#4881=ORIENTED_EDGE('',*,*,#3819,.F.);
#4882=ORIENTED_EDGE('',*,*,#3820,.F.);
#4883=ORIENTED_EDGE('',*,*,#3819,.T.);
#4884=ORIENTED_EDGE('',*,*,#3821,.F.);
#4885=ORIENTED_EDGE('',*,*,#3822,.F.);
#4886=ORIENTED_EDGE('',*,*,#3823,.F.);
#4887=ORIENTED_EDGE('',*,*,#3822,.T.);
#4888=ORIENTED_EDGE('',*,*,#3824,.F.);
#4889=ORIENTED_EDGE('',*,*,#3825,.F.);
#4890=ORIENTED_EDGE('',*,*,#3826,.F.);
#4891=ORIENTED_EDGE('',*,*,#3825,.T.);
#4892=ORIENTED_EDGE('',*,*,#3827,.F.);
#4893=ORIENTED_EDGE('',*,*,#3828,.F.);
#4894=ORIENTED_EDGE('',*,*,#3829,.F.);
#4895=ORIENTED_EDGE('',*,*,#3828,.T.);
#4896=ORIENTED_EDGE('',*,*,#3830,.F.);
#4897=ORIENTED_EDGE('',*,*,#3831,.F.);
#4898=ORIENTED_EDGE('',*,*,#3832,.F.);
#4899=ORIENTED_EDGE('',*,*,#3831,.T.);
#4900=ORIENTED_EDGE('',*,*,#3833,.F.);
#4901=ORIENTED_EDGE('',*,*,#3834,.F.);
#4902=ORIENTED_EDGE('',*,*,#3835,.F.);
#4903=ORIENTED_EDGE('',*,*,#3834,.T.);
#4904=ORIENTED_EDGE('',*,*,#3836,.F.);
#4905=ORIENTED_EDGE('',*,*,#3837,.F.);
#4906=ORIENTED_EDGE('',*,*,#3838,.F.);
#4907=ORIENTED_EDGE('',*,*,#3837,.T.);
#4908=ORIENTED_EDGE('',*,*,#3839,.F.);
#4909=ORIENTED_EDGE('',*,*,#3840,.F.);
#4910=ORIENTED_EDGE('',*,*,#3841,.F.);
#4911=ORIENTED_EDGE('',*,*,#3840,.T.);
#4912=ORIENTED_EDGE('',*,*,#3842,.F.);
#4913=ORIENTED_EDGE('',*,*,#3843,.F.);
#4914=ORIENTED_EDGE('',*,*,#3844,.F.);
#4915=ORIENTED_EDGE('',*,*,#3843,.T.);
#4916=ORIENTED_EDGE('',*,*,#3845,.F.);
#4917=ORIENTED_EDGE('',*,*,#3846,.F.);
#4918=ORIENTED_EDGE('',*,*,#3847,.F.);
#4919=ORIENTED_EDGE('',*,*,#3846,.T.);
#4920=ORIENTED_EDGE('',*,*,#3848,.F.);
#4921=ORIENTED_EDGE('',*,*,#3849,.F.);
#4922=ORIENTED_EDGE('',*,*,#3850,.F.);
#4923=ORIENTED_EDGE('',*,*,#3849,.T.);
#4924=ORIENTED_EDGE('',*,*,#3851,.F.);
#4925=ORIENTED_EDGE('',*,*,#3852,.F.);
#4926=ORIENTED_EDGE('',*,*,#3853,.F.);
#4927=ORIENTED_EDGE('',*,*,#3852,.T.);
#4928=ORIENTED_EDGE('',*,*,#3854,.F.);
#4929=ORIENTED_EDGE('',*,*,#3855,.F.);
#4930=ORIENTED_EDGE('',*,*,#3856,.F.);
#4931=ORIENTED_EDGE('',*,*,#3855,.T.);
#4932=ORIENTED_EDGE('',*,*,#3857,.F.);
#4933=ORIENTED_EDGE('',*,*,#3858,.F.);
#4934=ORIENTED_EDGE('',*,*,#3859,.F.);
#4935=ORIENTED_EDGE('',*,*,#3858,.T.);
#4936=ORIENTED_EDGE('',*,*,#3860,.F.);
#4937=ORIENTED_EDGE('',*,*,#3861,.F.);
#4938=ORIENTED_EDGE('',*,*,#3862,.F.);
#4939=ORIENTED_EDGE('',*,*,#3861,.T.);
#4940=ORIENTED_EDGE('',*,*,#3863,.F.);
#4941=ORIENTED_EDGE('',*,*,#3864,.F.);
#4942=ORIENTED_EDGE('',*,*,#3865,.F.);
#4943=ORIENTED_EDGE('',*,*,#3864,.T.);
#4944=ORIENTED_EDGE('',*,*,#3866,.F.);
#4945=ORIENTED_EDGE('',*,*,#3867,.F.);
#4946=ORIENTED_EDGE('',*,*,#3868,.F.);
#4947=ORIENTED_EDGE('',*,*,#3867,.T.);
#4948=ORIENTED_EDGE('',*,*,#3869,.F.);
#4949=ORIENTED_EDGE('',*,*,#3870,.F.);
#4950=ORIENTED_EDGE('',*,*,#3871,.F.);
#4951=ORIENTED_EDGE('',*,*,#3870,.T.);
#4952=ORIENTED_EDGE('',*,*,#3872,.F.);
#4953=ORIENTED_EDGE('',*,*,#3873,.F.);
#4954=ORIENTED_EDGE('',*,*,#3874,.F.);
#4955=ORIENTED_EDGE('',*,*,#3873,.T.);
#4956=ORIENTED_EDGE('',*,*,#3875,.F.);
#4957=ORIENTED_EDGE('',*,*,#3876,.F.);
#4958=ORIENTED_EDGE('',*,*,#3877,.F.);
#4959=ORIENTED_EDGE('',*,*,#3876,.T.);
#4960=ORIENTED_EDGE('',*,*,#3878,.F.);
#4961=ORIENTED_EDGE('',*,*,#3879,.F.);
#4962=ORIENTED_EDGE('',*,*,#3880,.F.);
#4963=ORIENTED_EDGE('',*,*,#3879,.T.);
#4964=ORIENTED_EDGE('',*,*,#3881,.F.);
#4965=ORIENTED_EDGE('',*,*,#3882,.F.);
#4966=ORIENTED_EDGE('',*,*,#3883,.F.);
#4967=ORIENTED_EDGE('',*,*,#3882,.T.);
#4968=ORIENTED_EDGE('',*,*,#3884,.F.);
#4969=ORIENTED_EDGE('',*,*,#3885,.F.);
#4970=ORIENTED_EDGE('',*,*,#3886,.F.);
#4971=ORIENTED_EDGE('',*,*,#3885,.T.);
#4972=ORIENTED_EDGE('',*,*,#3887,.F.);
#4973=ORIENTED_EDGE('',*,*,#3888,.F.);
#4974=ORIENTED_EDGE('',*,*,#3889,.F.);
#4975=ORIENTED_EDGE('',*,*,#3888,.T.);
#4976=ORIENTED_EDGE('',*,*,#3890,.F.);
#4977=ORIENTED_EDGE('',*,*,#3891,.F.);
#4978=ORIENTED_EDGE('',*,*,#3892,.F.);
#4979=ORIENTED_EDGE('',*,*,#3891,.T.);
#4980=ORIENTED_EDGE('',*,*,#3893,.F.);
#4981=ORIENTED_EDGE('',*,*,#3894,.F.);
#4982=ORIENTED_EDGE('',*,*,#3895,.F.);
#4983=ORIENTED_EDGE('',*,*,#3894,.T.);
#4984=ORIENTED_EDGE('',*,*,#3896,.F.);
#4985=ORIENTED_EDGE('',*,*,#3897,.F.);
#4986=ORIENTED_EDGE('',*,*,#3898,.F.);
#4987=ORIENTED_EDGE('',*,*,#3897,.T.);
#4988=ORIENTED_EDGE('',*,*,#3899,.F.);
#4989=ORIENTED_EDGE('',*,*,#3900,.F.);
#4990=ORIENTED_EDGE('',*,*,#3901,.F.);
#4991=ORIENTED_EDGE('',*,*,#3900,.T.);
#4992=ORIENTED_EDGE('',*,*,#3902,.F.);
#4993=ORIENTED_EDGE('',*,*,#3790,.F.);
#4994=ORIENTED_EDGE('',*,*,#3902,.T.);
#4995=ORIENTED_EDGE('',*,*,#3899,.T.);
#4996=ORIENTED_EDGE('',*,*,#3896,.T.);
#4997=ORIENTED_EDGE('',*,*,#3893,.T.);
#4998=ORIENTED_EDGE('',*,*,#3890,.T.);
#4999=ORIENTED_EDGE('',*,*,#3887,.T.);
#5000=ORIENTED_EDGE('',*,*,#3884,.T.);
#5001=ORIENTED_EDGE('',*,*,#3881,.T.);
#5002=ORIENTED_EDGE('',*,*,#3878,.T.);
#5003=ORIENTED_EDGE('',*,*,#3875,.T.);
#5004=ORIENTED_EDGE('',*,*,#3872,.T.);
#5005=ORIENTED_EDGE('',*,*,#3869,.T.);
#5006=ORIENTED_EDGE('',*,*,#3866,.T.);
#5007=ORIENTED_EDGE('',*,*,#3863,.T.);
#5008=ORIENTED_EDGE('',*,*,#3860,.T.);
#5009=ORIENTED_EDGE('',*,*,#3857,.T.);
#5010=ORIENTED_EDGE('',*,*,#3854,.T.);
#5011=ORIENTED_EDGE('',*,*,#3851,.T.);
#5012=ORIENTED_EDGE('',*,*,#3848,.T.);
#5013=ORIENTED_EDGE('',*,*,#3845,.T.);
#5014=ORIENTED_EDGE('',*,*,#3842,.T.);
#5015=ORIENTED_EDGE('',*,*,#3839,.T.);
#5016=ORIENTED_EDGE('',*,*,#3836,.T.);
#5017=ORIENTED_EDGE('',*,*,#3833,.T.);
#5018=ORIENTED_EDGE('',*,*,#3830,.T.);
#5019=ORIENTED_EDGE('',*,*,#3827,.T.);
#5020=ORIENTED_EDGE('',*,*,#3824,.T.);
#5021=ORIENTED_EDGE('',*,*,#3821,.T.);
#5022=ORIENTED_EDGE('',*,*,#3818,.T.);
#5023=ORIENTED_EDGE('',*,*,#3815,.T.);
#5024=ORIENTED_EDGE('',*,*,#3812,.T.);
#5025=ORIENTED_EDGE('',*,*,#3809,.T.);
#5026=ORIENTED_EDGE('',*,*,#3806,.T.);
#5027=ORIENTED_EDGE('',*,*,#3803,.T.);
#5028=ORIENTED_EDGE('',*,*,#3800,.T.);
#5029=ORIENTED_EDGE('',*,*,#3797,.T.);
#5030=ORIENTED_EDGE('',*,*,#3794,.T.);
#5031=ORIENTED_EDGE('',*,*,#3791,.T.);
#5032=ORIENTED_EDGE('',*,*,#3903,.F.);
#5033=ORIENTED_EDGE('',*,*,#3904,.T.);
#5034=ORIENTED_EDGE('',*,*,#3905,.F.);
#5035=ORIENTED_EDGE('',*,*,#3906,.F.);
#5036=ORIENTED_EDGE('',*,*,#3907,.F.);
#5037=ORIENTED_EDGE('',*,*,#3906,.T.);
#5038=ORIENTED_EDGE('',*,*,#3908,.F.);
#5039=ORIENTED_EDGE('',*,*,#3909,.F.);
#5040=ORIENTED_EDGE('',*,*,#3910,.F.);
#5041=ORIENTED_EDGE('',*,*,#3909,.T.);
#5042=ORIENTED_EDGE('',*,*,#3911,.F.);
#5043=ORIENTED_EDGE('',*,*,#3912,.F.);
#5044=ORIENTED_EDGE('',*,*,#3913,.F.);
#5045=ORIENTED_EDGE('',*,*,#3912,.T.);
#5046=ORIENTED_EDGE('',*,*,#3914,.F.);
#5047=ORIENTED_EDGE('',*,*,#3915,.F.);
#5048=ORIENTED_EDGE('',*,*,#3916,.F.);
#5049=ORIENTED_EDGE('',*,*,#3915,.T.);
#5050=ORIENTED_EDGE('',*,*,#3917,.F.);
#5051=ORIENTED_EDGE('',*,*,#3918,.F.);
#5052=ORIENTED_EDGE('',*,*,#3919,.F.);
#5053=ORIENTED_EDGE('',*,*,#3918,.T.);
#5054=ORIENTED_EDGE('',*,*,#3920,.F.);
#5055=ORIENTED_EDGE('',*,*,#3921,.F.);
#5056=ORIENTED_EDGE('',*,*,#3922,.F.);
#5057=ORIENTED_EDGE('',*,*,#3921,.T.);
#5058=ORIENTED_EDGE('',*,*,#3923,.F.);
#5059=ORIENTED_EDGE('',*,*,#3924,.F.);
#5060=ORIENTED_EDGE('',*,*,#3925,.F.);
#5061=ORIENTED_EDGE('',*,*,#3924,.T.);
#5062=ORIENTED_EDGE('',*,*,#3926,.F.);
#5063=ORIENTED_EDGE('',*,*,#3927,.F.);
#5064=ORIENTED_EDGE('',*,*,#3928,.F.);
#5065=ORIENTED_EDGE('',*,*,#3927,.T.);
#5066=ORIENTED_EDGE('',*,*,#3929,.F.);
#5067=ORIENTED_EDGE('',*,*,#3930,.F.);
#5068=ORIENTED_EDGE('',*,*,#3931,.F.);
#5069=ORIENTED_EDGE('',*,*,#3930,.T.);
#5070=ORIENTED_EDGE('',*,*,#3932,.F.);
#5071=ORIENTED_EDGE('',*,*,#3933,.F.);
#5072=ORIENTED_EDGE('',*,*,#3934,.F.);
#5073=ORIENTED_EDGE('',*,*,#3933,.T.);
#5074=ORIENTED_EDGE('',*,*,#3935,.F.);
#5075=ORIENTED_EDGE('',*,*,#3936,.F.);
#5076=ORIENTED_EDGE('',*,*,#3937,.F.);
#5077=ORIENTED_EDGE('',*,*,#3936,.T.);
#5078=ORIENTED_EDGE('',*,*,#3938,.F.);
#5079=ORIENTED_EDGE('',*,*,#3939,.F.);
#5080=ORIENTED_EDGE('',*,*,#3940,.F.);
#5081=ORIENTED_EDGE('',*,*,#3939,.T.);
#5082=ORIENTED_EDGE('',*,*,#3941,.F.);
#5083=ORIENTED_EDGE('',*,*,#3942,.F.);
#5084=ORIENTED_EDGE('',*,*,#3943,.F.);
#5085=ORIENTED_EDGE('',*,*,#3942,.T.);
#5086=ORIENTED_EDGE('',*,*,#3944,.F.);
#5087=ORIENTED_EDGE('',*,*,#3945,.F.);
#5088=ORIENTED_EDGE('',*,*,#3946,.F.);
#5089=ORIENTED_EDGE('',*,*,#3945,.T.);
#5090=ORIENTED_EDGE('',*,*,#3947,.F.);
#5091=ORIENTED_EDGE('',*,*,#3948,.F.);
#5092=ORIENTED_EDGE('',*,*,#3949,.F.);
#5093=ORIENTED_EDGE('',*,*,#3948,.T.);
#5094=ORIENTED_EDGE('',*,*,#3950,.F.);
#5095=ORIENTED_EDGE('',*,*,#3951,.F.);
#5096=ORIENTED_EDGE('',*,*,#3952,.F.);
#5097=ORIENTED_EDGE('',*,*,#3951,.T.);
#5098=ORIENTED_EDGE('',*,*,#3953,.F.);
#5099=ORIENTED_EDGE('',*,*,#3954,.F.);
#5100=ORIENTED_EDGE('',*,*,#3955,.F.);
#5101=ORIENTED_EDGE('',*,*,#3954,.T.);
#5102=ORIENTED_EDGE('',*,*,#3956,.F.);
#5103=ORIENTED_EDGE('',*,*,#3957,.F.);
#5104=ORIENTED_EDGE('',*,*,#3958,.F.);
#5105=ORIENTED_EDGE('',*,*,#3957,.T.);
#5106=ORIENTED_EDGE('',*,*,#3959,.F.);
#5107=ORIENTED_EDGE('',*,*,#3960,.F.);
#5108=ORIENTED_EDGE('',*,*,#3961,.F.);
#5109=ORIENTED_EDGE('',*,*,#3960,.T.);
#5110=ORIENTED_EDGE('',*,*,#3962,.F.);
#5111=ORIENTED_EDGE('',*,*,#3963,.F.);
#5112=ORIENTED_EDGE('',*,*,#3964,.F.);
#5113=ORIENTED_EDGE('',*,*,#3963,.T.);
#5114=ORIENTED_EDGE('',*,*,#3965,.F.);
#5115=ORIENTED_EDGE('',*,*,#3966,.F.);
#5116=ORIENTED_EDGE('',*,*,#3967,.F.);
#5117=ORIENTED_EDGE('',*,*,#3966,.T.);
#5118=ORIENTED_EDGE('',*,*,#3968,.F.);
#5119=ORIENTED_EDGE('',*,*,#3969,.F.);
#5120=ORIENTED_EDGE('',*,*,#3970,.F.);
#5121=ORIENTED_EDGE('',*,*,#3969,.T.);
#5122=ORIENTED_EDGE('',*,*,#3971,.F.);
#5123=ORIENTED_EDGE('',*,*,#3972,.F.);
#5124=ORIENTED_EDGE('',*,*,#3973,.F.);
#5125=ORIENTED_EDGE('',*,*,#3972,.T.);
#5126=ORIENTED_EDGE('',*,*,#3974,.F.);
#5127=ORIENTED_EDGE('',*,*,#3975,.F.);
#5128=ORIENTED_EDGE('',*,*,#3976,.F.);
#5129=ORIENTED_EDGE('',*,*,#3975,.T.);
#5130=ORIENTED_EDGE('',*,*,#3977,.F.);
#5131=ORIENTED_EDGE('',*,*,#3978,.F.);
#5132=ORIENTED_EDGE('',*,*,#3979,.F.);
#5133=ORIENTED_EDGE('',*,*,#3978,.T.);
#5134=ORIENTED_EDGE('',*,*,#3980,.F.);
#5135=ORIENTED_EDGE('',*,*,#3981,.F.);
#5136=ORIENTED_EDGE('',*,*,#3982,.F.);
#5137=ORIENTED_EDGE('',*,*,#3981,.T.);
#5138=ORIENTED_EDGE('',*,*,#3983,.F.);
#5139=ORIENTED_EDGE('',*,*,#3984,.F.);
#5140=ORIENTED_EDGE('',*,*,#3985,.F.);
#5141=ORIENTED_EDGE('',*,*,#3984,.T.);
#5142=ORIENTED_EDGE('',*,*,#3986,.F.);
#5143=ORIENTED_EDGE('',*,*,#3904,.F.);
#5144=ORIENTED_EDGE('',*,*,#3986,.T.);
#5145=ORIENTED_EDGE('',*,*,#3983,.T.);
#5146=ORIENTED_EDGE('',*,*,#3980,.T.);
#5147=ORIENTED_EDGE('',*,*,#3977,.T.);
#5148=ORIENTED_EDGE('',*,*,#3974,.T.);
#5149=ORIENTED_EDGE('',*,*,#3971,.T.);
#5150=ORIENTED_EDGE('',*,*,#3968,.T.);
#5151=ORIENTED_EDGE('',*,*,#3965,.T.);
#5152=ORIENTED_EDGE('',*,*,#3962,.T.);
#5153=ORIENTED_EDGE('',*,*,#3959,.T.);
#5154=ORIENTED_EDGE('',*,*,#3956,.T.);
#5155=ORIENTED_EDGE('',*,*,#3953,.T.);
#5156=ORIENTED_EDGE('',*,*,#3950,.T.);
#5157=ORIENTED_EDGE('',*,*,#3947,.T.);
#5158=ORIENTED_EDGE('',*,*,#3944,.T.);
#5159=ORIENTED_EDGE('',*,*,#3941,.T.);
#5160=ORIENTED_EDGE('',*,*,#3938,.T.);
#5161=ORIENTED_EDGE('',*,*,#3935,.T.);
#5162=ORIENTED_EDGE('',*,*,#3932,.T.);
#5163=ORIENTED_EDGE('',*,*,#3929,.T.);
#5164=ORIENTED_EDGE('',*,*,#3926,.T.);
#5165=ORIENTED_EDGE('',*,*,#3923,.T.);
#5166=ORIENTED_EDGE('',*,*,#3920,.T.);
#5167=ORIENTED_EDGE('',*,*,#3917,.T.);
#5168=ORIENTED_EDGE('',*,*,#3914,.T.);
#5169=ORIENTED_EDGE('',*,*,#3911,.T.);
#5170=ORIENTED_EDGE('',*,*,#3908,.T.);
#5171=ORIENTED_EDGE('',*,*,#3905,.T.);
#5172=ORIENTED_EDGE('',*,*,#3987,.F.);
#5173=ORIENTED_EDGE('',*,*,#3988,.T.);
#5174=ORIENTED_EDGE('',*,*,#3989,.F.);
#5175=ORIENTED_EDGE('',*,*,#3990,.F.);
#5176=ORIENTED_EDGE('',*,*,#3991,.F.);
#5177=ORIENTED_EDGE('',*,*,#3990,.T.);
#5178=ORIENTED_EDGE('',*,*,#3992,.F.);
#5179=ORIENTED_EDGE('',*,*,#3993,.F.);
#5180=ORIENTED_EDGE('',*,*,#3994,.F.);
#5181=ORIENTED_EDGE('',*,*,#3993,.T.);
#5182=ORIENTED_EDGE('',*,*,#3995,.F.);
#5183=ORIENTED_EDGE('',*,*,#3996,.F.);
#5184=ORIENTED_EDGE('',*,*,#3997,.F.);
#5185=ORIENTED_EDGE('',*,*,#3996,.T.);
#5186=ORIENTED_EDGE('',*,*,#3998,.F.);
#5187=ORIENTED_EDGE('',*,*,#3999,.F.);
#5188=ORIENTED_EDGE('',*,*,#4000,.F.);
#5189=ORIENTED_EDGE('',*,*,#3999,.T.);
#5190=ORIENTED_EDGE('',*,*,#4001,.F.);
#5191=ORIENTED_EDGE('',*,*,#4002,.F.);
#5192=ORIENTED_EDGE('',*,*,#4003,.F.);
#5193=ORIENTED_EDGE('',*,*,#4002,.T.);
#5194=ORIENTED_EDGE('',*,*,#4004,.F.);
#5195=ORIENTED_EDGE('',*,*,#4005,.F.);
#5196=ORIENTED_EDGE('',*,*,#4006,.F.);
#5197=ORIENTED_EDGE('',*,*,#4005,.T.);
#5198=ORIENTED_EDGE('',*,*,#4007,.F.);
#5199=ORIENTED_EDGE('',*,*,#4008,.F.);
#5200=ORIENTED_EDGE('',*,*,#4009,.F.);
#5201=ORIENTED_EDGE('',*,*,#4008,.T.);
#5202=ORIENTED_EDGE('',*,*,#4010,.F.);
#5203=ORIENTED_EDGE('',*,*,#4011,.F.);
#5204=ORIENTED_EDGE('',*,*,#4012,.F.);
#5205=ORIENTED_EDGE('',*,*,#4011,.T.);
#5206=ORIENTED_EDGE('',*,*,#4013,.F.);
#5207=ORIENTED_EDGE('',*,*,#3988,.F.);
#5208=ORIENTED_EDGE('',*,*,#4014,.F.);
#5209=ORIENTED_EDGE('',*,*,#4015,.T.);
#5210=ORIENTED_EDGE('',*,*,#4016,.F.);
#5211=ORIENTED_EDGE('',*,*,#4017,.F.);
#5212=ORIENTED_EDGE('',*,*,#4018,.F.);
#5213=ORIENTED_EDGE('',*,*,#4017,.T.);
#5214=ORIENTED_EDGE('',*,*,#4019,.F.);
#5215=ORIENTED_EDGE('',*,*,#4020,.F.);
#5216=ORIENTED_EDGE('',*,*,#4021,.F.);
#5217=ORIENTED_EDGE('',*,*,#4020,.T.);
#5218=ORIENTED_EDGE('',*,*,#4022,.F.);
#5219=ORIENTED_EDGE('',*,*,#4023,.F.);
#5220=ORIENTED_EDGE('',*,*,#4024,.F.);
#5221=ORIENTED_EDGE('',*,*,#4023,.T.);
#5222=ORIENTED_EDGE('',*,*,#4025,.F.);
#5223=ORIENTED_EDGE('',*,*,#4026,.F.);
#5224=ORIENTED_EDGE('',*,*,#4027,.F.);
#5225=ORIENTED_EDGE('',*,*,#4026,.T.);
#5226=ORIENTED_EDGE('',*,*,#4028,.F.);
#5227=ORIENTED_EDGE('',*,*,#4029,.F.);
#5228=ORIENTED_EDGE('',*,*,#4030,.F.);
#5229=ORIENTED_EDGE('',*,*,#4029,.T.);
#5230=ORIENTED_EDGE('',*,*,#4031,.F.);
#5231=ORIENTED_EDGE('',*,*,#4032,.F.);
#5232=ORIENTED_EDGE('',*,*,#4033,.F.);
#5233=ORIENTED_EDGE('',*,*,#4032,.T.);
#5234=ORIENTED_EDGE('',*,*,#4034,.F.);
#5235=ORIENTED_EDGE('',*,*,#4035,.F.);
#5236=ORIENTED_EDGE('',*,*,#4036,.F.);
#5237=ORIENTED_EDGE('',*,*,#4035,.T.);
#5238=ORIENTED_EDGE('',*,*,#4037,.F.);
#5239=ORIENTED_EDGE('',*,*,#4038,.F.);
#5240=ORIENTED_EDGE('',*,*,#4039,.F.);
#5241=ORIENTED_EDGE('',*,*,#4038,.T.);
#5242=ORIENTED_EDGE('',*,*,#4040,.F.);
#5243=ORIENTED_EDGE('',*,*,#4041,.F.);
#5244=ORIENTED_EDGE('',*,*,#4042,.F.);
#5245=ORIENTED_EDGE('',*,*,#4041,.T.);
#5246=ORIENTED_EDGE('',*,*,#4043,.F.);
#5247=ORIENTED_EDGE('',*,*,#4015,.F.);
#5248=ORIENTED_EDGE('',*,*,#4043,.T.);
#5249=ORIENTED_EDGE('',*,*,#4040,.T.);
#5250=ORIENTED_EDGE('',*,*,#4037,.T.);
#5251=ORIENTED_EDGE('',*,*,#4034,.T.);
#5252=ORIENTED_EDGE('',*,*,#4031,.T.);
#5253=ORIENTED_EDGE('',*,*,#4028,.T.);
#5254=ORIENTED_EDGE('',*,*,#4025,.T.);
#5255=ORIENTED_EDGE('',*,*,#4022,.T.);
#5256=ORIENTED_EDGE('',*,*,#4019,.T.);
#5257=ORIENTED_EDGE('',*,*,#4016,.T.);
#5258=ORIENTED_EDGE('',*,*,#4013,.T.);
#5259=ORIENTED_EDGE('',*,*,#4010,.T.);
#5260=ORIENTED_EDGE('',*,*,#4007,.T.);
#5261=ORIENTED_EDGE('',*,*,#4004,.T.);
#5262=ORIENTED_EDGE('',*,*,#4001,.T.);
#5263=ORIENTED_EDGE('',*,*,#3998,.T.);
#5264=ORIENTED_EDGE('',*,*,#3995,.T.);
#5265=ORIENTED_EDGE('',*,*,#3992,.T.);
#5266=ORIENTED_EDGE('',*,*,#3989,.T.);
#5267=ORIENTED_EDGE('',*,*,#4044,.F.);
#5268=ORIENTED_EDGE('',*,*,#4045,.F.);
#5269=ORIENTED_EDGE('',*,*,#4046,.F.);
#5270=ORIENTED_EDGE('',*,*,#4047,.T.);
#5271=ORIENTED_EDGE('',*,*,#4048,.F.);
#5272=ORIENTED_EDGE('',*,*,#4049,.T.);
#5273=ORIENTED_EDGE('',*,*,#4050,.T.);
#5274=ORIENTED_EDGE('',*,*,#4051,.T.);
#5275=ORIENTED_EDGE('',*,*,#4052,.T.);
#5276=ORIENTED_EDGE('',*,*,#4053,.T.);
#5277=ORIENTED_EDGE('',*,*,#4054,.T.);
#5278=ORIENTED_EDGE('',*,*,#4055,.T.);
#5279=ORIENTED_EDGE('',*,*,#3789,.T.);
#5280=ORIENTED_EDGE('',*,*,#3793,.T.);
#5281=ORIENTED_EDGE('',*,*,#3796,.T.);
#5282=ORIENTED_EDGE('',*,*,#3799,.T.);
#5283=ORIENTED_EDGE('',*,*,#3802,.T.);
#5284=ORIENTED_EDGE('',*,*,#3805,.T.);
#5285=ORIENTED_EDGE('',*,*,#3808,.T.);
#5286=ORIENTED_EDGE('',*,*,#3811,.T.);
#5287=ORIENTED_EDGE('',*,*,#3814,.T.);
#5288=ORIENTED_EDGE('',*,*,#3817,.T.);
#5289=ORIENTED_EDGE('',*,*,#3820,.T.);
#5290=ORIENTED_EDGE('',*,*,#3823,.T.);
#5291=ORIENTED_EDGE('',*,*,#3826,.T.);
#5292=ORIENTED_EDGE('',*,*,#3829,.T.);
#5293=ORIENTED_EDGE('',*,*,#3832,.T.);
#5294=ORIENTED_EDGE('',*,*,#3835,.T.);
#5295=ORIENTED_EDGE('',*,*,#3838,.T.);
#5296=ORIENTED_EDGE('',*,*,#3841,.T.);
#5297=ORIENTED_EDGE('',*,*,#3844,.T.);
#5298=ORIENTED_EDGE('',*,*,#3847,.T.);
#5299=ORIENTED_EDGE('',*,*,#3850,.T.);
#5300=ORIENTED_EDGE('',*,*,#3853,.T.);
#5301=ORIENTED_EDGE('',*,*,#3856,.T.);
#5302=ORIENTED_EDGE('',*,*,#3859,.T.);
#5303=ORIENTED_EDGE('',*,*,#3862,.T.);
#5304=ORIENTED_EDGE('',*,*,#3865,.T.);
#5305=ORIENTED_EDGE('',*,*,#3868,.T.);
#5306=ORIENTED_EDGE('',*,*,#3871,.T.);
#5307=ORIENTED_EDGE('',*,*,#3874,.T.);
#5308=ORIENTED_EDGE('',*,*,#3877,.T.);
#5309=ORIENTED_EDGE('',*,*,#3880,.T.);
#5310=ORIENTED_EDGE('',*,*,#3883,.T.);
#5311=ORIENTED_EDGE('',*,*,#3886,.T.);
#5312=ORIENTED_EDGE('',*,*,#3889,.T.);
#5313=ORIENTED_EDGE('',*,*,#3892,.T.);
#5314=ORIENTED_EDGE('',*,*,#3895,.T.);
#5315=ORIENTED_EDGE('',*,*,#3898,.T.);
#5316=ORIENTED_EDGE('',*,*,#3901,.T.);
#5317=ORIENTED_EDGE('',*,*,#3903,.T.);
#5318=ORIENTED_EDGE('',*,*,#3907,.T.);
#5319=ORIENTED_EDGE('',*,*,#3910,.T.);
#5320=ORIENTED_EDGE('',*,*,#3913,.T.);
#5321=ORIENTED_EDGE('',*,*,#3916,.T.);
#5322=ORIENTED_EDGE('',*,*,#3919,.T.);
#5323=ORIENTED_EDGE('',*,*,#3922,.T.);
#5324=ORIENTED_EDGE('',*,*,#3925,.T.);
#5325=ORIENTED_EDGE('',*,*,#3928,.T.);
#5326=ORIENTED_EDGE('',*,*,#3931,.T.);
#5327=ORIENTED_EDGE('',*,*,#3934,.T.);
#5328=ORIENTED_EDGE('',*,*,#3937,.T.);
#5329=ORIENTED_EDGE('',*,*,#3940,.T.);
#5330=ORIENTED_EDGE('',*,*,#3943,.T.);
#5331=ORIENTED_EDGE('',*,*,#3946,.T.);
#5332=ORIENTED_EDGE('',*,*,#3949,.T.);
#5333=ORIENTED_EDGE('',*,*,#3952,.T.);
#5334=ORIENTED_EDGE('',*,*,#3955,.T.);
#5335=ORIENTED_EDGE('',*,*,#3958,.T.);
#5336=ORIENTED_EDGE('',*,*,#3961,.T.);
#5337=ORIENTED_EDGE('',*,*,#3964,.T.);
#5338=ORIENTED_EDGE('',*,*,#3967,.T.);
#5339=ORIENTED_EDGE('',*,*,#3970,.T.);
#5340=ORIENTED_EDGE('',*,*,#3973,.T.);
#5341=ORIENTED_EDGE('',*,*,#3976,.T.);
#5342=ORIENTED_EDGE('',*,*,#3979,.T.);
#5343=ORIENTED_EDGE('',*,*,#3982,.T.);
#5344=ORIENTED_EDGE('',*,*,#3985,.T.);
#5345=ORIENTED_EDGE('',*,*,#4056,.T.);
#5346=ORIENTED_EDGE('',*,*,#4057,.T.);
#5347=ORIENTED_EDGE('',*,*,#4058,.T.);
#5348=ORIENTED_EDGE('',*,*,#4059,.T.);
#5349=ORIENTED_EDGE('',*,*,#4060,.T.);
#5350=ORIENTED_EDGE('',*,*,#4061,.T.);
#5351=ORIENTED_EDGE('',*,*,#4062,.T.);
#5352=ORIENTED_EDGE('',*,*,#4063,.T.);
#5353=ORIENTED_EDGE('',*,*,#4064,.T.);
#5354=ORIENTED_EDGE('',*,*,#4065,.T.);
#5355=ORIENTED_EDGE('',*,*,#4066,.T.);
#5356=ORIENTED_EDGE('',*,*,#4067,.T.);
#5357=ORIENTED_EDGE('',*,*,#4068,.T.);
#5358=ORIENTED_EDGE('',*,*,#4069,.T.);
#5359=ORIENTED_EDGE('',*,*,#4070,.T.);
#5360=ORIENTED_EDGE('',*,*,#4071,.T.);
#5361=ORIENTED_EDGE('',*,*,#4072,.T.);
#5362=ORIENTED_EDGE('',*,*,#4073,.T.);
#5363=ORIENTED_EDGE('',*,*,#4074,.T.);
#5364=ORIENTED_EDGE('',*,*,#4075,.T.);
#5365=ORIENTED_EDGE('',*,*,#4076,.T.);
#5366=ORIENTED_EDGE('',*,*,#4077,.T.);
#5367=ORIENTED_EDGE('',*,*,#4078,.T.);
#5368=ORIENTED_EDGE('',*,*,#4079,.T.);
#5369=ORIENTED_EDGE('',*,*,#4080,.T.);
#5370=ORIENTED_EDGE('',*,*,#4081,.T.);
#5371=ORIENTED_EDGE('',*,*,#4082,.T.);
#5372=ORIENTED_EDGE('',*,*,#4014,.T.);
#5373=ORIENTED_EDGE('',*,*,#4018,.T.);
#5374=ORIENTED_EDGE('',*,*,#4021,.T.);
#5375=ORIENTED_EDGE('',*,*,#4024,.T.);
#5376=ORIENTED_EDGE('',*,*,#4027,.T.);
#5377=ORIENTED_EDGE('',*,*,#4030,.T.);
#5378=ORIENTED_EDGE('',*,*,#4033,.T.);
#5379=ORIENTED_EDGE('',*,*,#4036,.T.);
#5380=ORIENTED_EDGE('',*,*,#4039,.T.);
#5381=ORIENTED_EDGE('',*,*,#4042,.T.);
#5382=ORIENTED_EDGE('',*,*,#4083,.F.);
#5383=ORIENTED_EDGE('',*,*,#4084,.T.);
#5384=ORIENTED_EDGE('',*,*,#4085,.F.);
#5385=ORIENTED_EDGE('',*,*,#4086,.F.);
#5386=ORIENTED_EDGE('',*,*,#4087,.F.);
#5387=ORIENTED_EDGE('',*,*,#4086,.T.);
#5388=ORIENTED_EDGE('',*,*,#4088,.F.);
#5389=ORIENTED_EDGE('',*,*,#4089,.F.);
#5390=ORIENTED_EDGE('',*,*,#4090,.F.);
#5391=ORIENTED_EDGE('',*,*,#4089,.T.);
#5392=ORIENTED_EDGE('',*,*,#4091,.F.);
#5393=ORIENTED_EDGE('',*,*,#4092,.F.);
#5394=ORIENTED_EDGE('',*,*,#4093,.F.);
#5395=ORIENTED_EDGE('',*,*,#4092,.T.);
#5396=ORIENTED_EDGE('',*,*,#4094,.F.);
#5397=ORIENTED_EDGE('',*,*,#4095,.F.);
#5398=ORIENTED_EDGE('',*,*,#4096,.F.);
#5399=ORIENTED_EDGE('',*,*,#4095,.T.);
#5400=ORIENTED_EDGE('',*,*,#4097,.F.);
#5401=ORIENTED_EDGE('',*,*,#4098,.F.);
#5402=ORIENTED_EDGE('',*,*,#4099,.F.);
#5403=ORIENTED_EDGE('',*,*,#4098,.T.);
#5404=ORIENTED_EDGE('',*,*,#4100,.F.);
#5405=ORIENTED_EDGE('',*,*,#4101,.F.);
#5406=ORIENTED_EDGE('',*,*,#4102,.F.);
#5407=ORIENTED_EDGE('',*,*,#4101,.T.);
#5408=ORIENTED_EDGE('',*,*,#4103,.F.);
#5409=ORIENTED_EDGE('',*,*,#4104,.F.);
#5410=ORIENTED_EDGE('',*,*,#4105,.F.);
#5411=ORIENTED_EDGE('',*,*,#4104,.T.);
#5412=ORIENTED_EDGE('',*,*,#4106,.F.);
#5413=ORIENTED_EDGE('',*,*,#4107,.F.);
#5414=ORIENTED_EDGE('',*,*,#4108,.F.);
#5415=ORIENTED_EDGE('',*,*,#4107,.T.);
#5416=ORIENTED_EDGE('',*,*,#4109,.F.);
#5417=ORIENTED_EDGE('',*,*,#4084,.F.);
#5418=ORIENTED_EDGE('',*,*,#4056,.F.);
#5419=ORIENTED_EDGE('',*,*,#4110,.T.);
#5420=ORIENTED_EDGE('',*,*,#4111,.F.);
#5421=ORIENTED_EDGE('',*,*,#4112,.F.);
#5422=ORIENTED_EDGE('',*,*,#4057,.F.);
#5423=ORIENTED_EDGE('',*,*,#4112,.T.);
#5424=ORIENTED_EDGE('',*,*,#4113,.F.);
#5425=ORIENTED_EDGE('',*,*,#4114,.F.);
#5426=ORIENTED_EDGE('',*,*,#4058,.F.);
#5427=ORIENTED_EDGE('',*,*,#4114,.T.);
#5428=ORIENTED_EDGE('',*,*,#4115,.F.);
#5429=ORIENTED_EDGE('',*,*,#4116,.F.);
#5430=ORIENTED_EDGE('',*,*,#4059,.F.);
#5431=ORIENTED_EDGE('',*,*,#4116,.T.);
#5432=ORIENTED_EDGE('',*,*,#4117,.F.);
#5433=ORIENTED_EDGE('',*,*,#4118,.F.);
#5434=ORIENTED_EDGE('',*,*,#4060,.F.);
#5435=ORIENTED_EDGE('',*,*,#4118,.T.);
#5436=ORIENTED_EDGE('',*,*,#4119,.F.);
#5437=ORIENTED_EDGE('',*,*,#4120,.F.);
#5438=ORIENTED_EDGE('',*,*,#4061,.F.);
#5439=ORIENTED_EDGE('',*,*,#4120,.T.);
#5440=ORIENTED_EDGE('',*,*,#4121,.F.);
#5441=ORIENTED_EDGE('',*,*,#4122,.F.);
#5442=ORIENTED_EDGE('',*,*,#4062,.F.);
#5443=ORIENTED_EDGE('',*,*,#4122,.T.);
#5444=ORIENTED_EDGE('',*,*,#4123,.F.);
#5445=ORIENTED_EDGE('',*,*,#4124,.F.);
#5446=ORIENTED_EDGE('',*,*,#4063,.F.);
#5447=ORIENTED_EDGE('',*,*,#4124,.T.);
#5448=ORIENTED_EDGE('',*,*,#4125,.F.);
#5449=ORIENTED_EDGE('',*,*,#4126,.F.);
#5450=ORIENTED_EDGE('',*,*,#4064,.F.);
#5451=ORIENTED_EDGE('',*,*,#4126,.T.);
#5452=ORIENTED_EDGE('',*,*,#4127,.F.);
#5453=ORIENTED_EDGE('',*,*,#4128,.F.);
#5454=ORIENTED_EDGE('',*,*,#4065,.F.);
#5455=ORIENTED_EDGE('',*,*,#4128,.T.);
#5456=ORIENTED_EDGE('',*,*,#4129,.F.);
#5457=ORIENTED_EDGE('',*,*,#4130,.F.);
#5458=ORIENTED_EDGE('',*,*,#4066,.F.);
#5459=ORIENTED_EDGE('',*,*,#4130,.T.);
#5460=ORIENTED_EDGE('',*,*,#4131,.F.);
#5461=ORIENTED_EDGE('',*,*,#4132,.F.);
#5462=ORIENTED_EDGE('',*,*,#4067,.F.);
#5463=ORIENTED_EDGE('',*,*,#4132,.T.);
#5464=ORIENTED_EDGE('',*,*,#4133,.F.);
#5465=ORIENTED_EDGE('',*,*,#4134,.F.);
#5466=ORIENTED_EDGE('',*,*,#4068,.F.);
#5467=ORIENTED_EDGE('',*,*,#4134,.T.);
#5468=ORIENTED_EDGE('',*,*,#4135,.F.);
#5469=ORIENTED_EDGE('',*,*,#4136,.F.);
#5470=ORIENTED_EDGE('',*,*,#4069,.F.);
#5471=ORIENTED_EDGE('',*,*,#4136,.T.);
#5472=ORIENTED_EDGE('',*,*,#4137,.F.);
#5473=ORIENTED_EDGE('',*,*,#4138,.F.);
#5474=ORIENTED_EDGE('',*,*,#4070,.F.);
#5475=ORIENTED_EDGE('',*,*,#4138,.T.);
#5476=ORIENTED_EDGE('',*,*,#4139,.F.);
#5477=ORIENTED_EDGE('',*,*,#4140,.F.);
#5478=ORIENTED_EDGE('',*,*,#4071,.F.);
#5479=ORIENTED_EDGE('',*,*,#4140,.T.);
#5480=ORIENTED_EDGE('',*,*,#4141,.F.);
#5481=ORIENTED_EDGE('',*,*,#4142,.F.);
#5482=ORIENTED_EDGE('',*,*,#4072,.F.);
#5483=ORIENTED_EDGE('',*,*,#4142,.T.);
#5484=ORIENTED_EDGE('',*,*,#4143,.F.);
#5485=ORIENTED_EDGE('',*,*,#4144,.F.);
#5486=ORIENTED_EDGE('',*,*,#4073,.F.);
#5487=ORIENTED_EDGE('',*,*,#4144,.T.);
#5488=ORIENTED_EDGE('',*,*,#4145,.F.);
#5489=ORIENTED_EDGE('',*,*,#4146,.F.);
#5490=ORIENTED_EDGE('',*,*,#4074,.F.);
#5491=ORIENTED_EDGE('',*,*,#4146,.T.);
#5492=ORIENTED_EDGE('',*,*,#4147,.F.);
#5493=ORIENTED_EDGE('',*,*,#4148,.F.);
#5494=ORIENTED_EDGE('',*,*,#4075,.F.);
#5495=ORIENTED_EDGE('',*,*,#4148,.T.);
#5496=ORIENTED_EDGE('',*,*,#4149,.F.);
#5497=ORIENTED_EDGE('',*,*,#4150,.F.);
#5498=ORIENTED_EDGE('',*,*,#4076,.F.);
#5499=ORIENTED_EDGE('',*,*,#4150,.T.);
#5500=ORIENTED_EDGE('',*,*,#4151,.F.);
#5501=ORIENTED_EDGE('',*,*,#4152,.F.);
#5502=ORIENTED_EDGE('',*,*,#4077,.F.);
#5503=ORIENTED_EDGE('',*,*,#4152,.T.);
#5504=ORIENTED_EDGE('',*,*,#4153,.F.);
#5505=ORIENTED_EDGE('',*,*,#4154,.F.);
#5506=ORIENTED_EDGE('',*,*,#4078,.F.);
#5507=ORIENTED_EDGE('',*,*,#4154,.T.);
#5508=ORIENTED_EDGE('',*,*,#4155,.F.);
#5509=ORIENTED_EDGE('',*,*,#4110,.F.);
#5510=ORIENTED_EDGE('',*,*,#4155,.T.);
#5511=ORIENTED_EDGE('',*,*,#4153,.T.);
#5512=ORIENTED_EDGE('',*,*,#4151,.T.);
#5513=ORIENTED_EDGE('',*,*,#4149,.T.);
#5514=ORIENTED_EDGE('',*,*,#4147,.T.);
#5515=ORIENTED_EDGE('',*,*,#4145,.T.);
#5516=ORIENTED_EDGE('',*,*,#4143,.T.);
#5517=ORIENTED_EDGE('',*,*,#4141,.T.);
#5518=ORIENTED_EDGE('',*,*,#4139,.T.);
#5519=ORIENTED_EDGE('',*,*,#4137,.T.);
#5520=ORIENTED_EDGE('',*,*,#4135,.T.);
#5521=ORIENTED_EDGE('',*,*,#4133,.T.);
#5522=ORIENTED_EDGE('',*,*,#4131,.T.);
#5523=ORIENTED_EDGE('',*,*,#4129,.T.);
#5524=ORIENTED_EDGE('',*,*,#4127,.T.);
#5525=ORIENTED_EDGE('',*,*,#4125,.T.);
#5526=ORIENTED_EDGE('',*,*,#4123,.T.);
#5527=ORIENTED_EDGE('',*,*,#4121,.T.);
#5528=ORIENTED_EDGE('',*,*,#4119,.T.);
#5529=ORIENTED_EDGE('',*,*,#4117,.T.);
#5530=ORIENTED_EDGE('',*,*,#4115,.T.);
#5531=ORIENTED_EDGE('',*,*,#4113,.T.);
#5532=ORIENTED_EDGE('',*,*,#4111,.T.);
#5533=ORIENTED_EDGE('',*,*,#4109,.T.);
#5534=ORIENTED_EDGE('',*,*,#4106,.T.);
#5535=ORIENTED_EDGE('',*,*,#4103,.T.);
#5536=ORIENTED_EDGE('',*,*,#4100,.T.);
#5537=ORIENTED_EDGE('',*,*,#4097,.T.);
#5538=ORIENTED_EDGE('',*,*,#4094,.T.);
#5539=ORIENTED_EDGE('',*,*,#4091,.T.);
#5540=ORIENTED_EDGE('',*,*,#4088,.T.);
#5541=ORIENTED_EDGE('',*,*,#4085,.T.);
#5542=ORIENTED_EDGE('',*,*,#3987,.T.);
#5543=ORIENTED_EDGE('',*,*,#3991,.T.);
#5544=ORIENTED_EDGE('',*,*,#3994,.T.);
#5545=ORIENTED_EDGE('',*,*,#3997,.T.);
#5546=ORIENTED_EDGE('',*,*,#4000,.T.);
#5547=ORIENTED_EDGE('',*,*,#4003,.T.);
#5548=ORIENTED_EDGE('',*,*,#4006,.T.);
#5549=ORIENTED_EDGE('',*,*,#4009,.T.);
#5550=ORIENTED_EDGE('',*,*,#4012,.T.);
#5551=ORIENTED_EDGE('',*,*,#4079,.F.);
#5552=ORIENTED_EDGE('',*,*,#4156,.T.);
#5553=ORIENTED_EDGE('',*,*,#4157,.F.);
#5554=ORIENTED_EDGE('',*,*,#4158,.F.);
#5555=ORIENTED_EDGE('',*,*,#4080,.F.);
#5556=ORIENTED_EDGE('',*,*,#4158,.T.);
#5557=ORIENTED_EDGE('',*,*,#4159,.F.);
#5558=ORIENTED_EDGE('',*,*,#4160,.F.);
#5559=ORIENTED_EDGE('',*,*,#4081,.F.);
#5560=ORIENTED_EDGE('',*,*,#4160,.T.);
#5561=ORIENTED_EDGE('',*,*,#4161,.F.);
#5562=ORIENTED_EDGE('',*,*,#4162,.F.);
#5563=ORIENTED_EDGE('',*,*,#4082,.F.);
#5564=ORIENTED_EDGE('',*,*,#4162,.T.);
#5565=ORIENTED_EDGE('',*,*,#4163,.F.);
#5566=ORIENTED_EDGE('',*,*,#4156,.F.);
#5567=ORIENTED_EDGE('',*,*,#4163,.T.);
#5568=ORIENTED_EDGE('',*,*,#4161,.T.);
#5569=ORIENTED_EDGE('',*,*,#4159,.T.);
#5570=ORIENTED_EDGE('',*,*,#4157,.T.);
#5571=ORIENTED_EDGE('',*,*,#4164,.T.);
#5572=ORIENTED_EDGE('',*,*,#4165,.T.);
#5573=ORIENTED_EDGE('',*,*,#4166,.F.);
#5574=ORIENTED_EDGE('',*,*,#4167,.F.);
#5575=ORIENTED_EDGE('',*,*,#4168,.T.);
#5576=ORIENTED_EDGE('',*,*,#4169,.T.);
#5577=ORIENTED_EDGE('',*,*,#4170,.F.);
#5578=ORIENTED_EDGE('',*,*,#4171,.F.);
#5579=ORIENTED_EDGE('',*,*,#4172,.T.);
#5580=ORIENTED_EDGE('',*,*,#4173,.F.);
#5581=ORIENTED_EDGE('',*,*,#4174,.F.);
#5582=ORIENTED_EDGE('',*,*,#4175,.T.);
#5583=ORIENTED_EDGE('',*,*,#4176,.T.);
#5584=ORIENTED_EDGE('',*,*,#4177,.F.);
#5585=ORIENTED_EDGE('',*,*,#4178,.F.);
#5586=ORIENTED_EDGE('',*,*,#4179,.T.);
#5587=ORIENTED_EDGE('',*,*,#4180,.T.);
#5588=ORIENTED_EDGE('',*,*,#4181,.F.);
#5589=ORIENTED_EDGE('',*,*,#4182,.F.);
#5590=ORIENTED_EDGE('',*,*,#4183,.T.);
#5591=ORIENTED_EDGE('',*,*,#4184,.T.);
#5592=ORIENTED_EDGE('',*,*,#4185,.F.);
#5593=ORIENTED_EDGE('',*,*,#4186,.F.);
#5594=ORIENTED_EDGE('',*,*,#4187,.T.);
#5595=ORIENTED_EDGE('',*,*,#4188,.T.);
#5596=ORIENTED_EDGE('',*,*,#4189,.T.);
#5597=ORIENTED_EDGE('',*,*,#4190,.F.);
#5598=ORIENTED_EDGE('',*,*,#4191,.F.);
#5599=ORIENTED_EDGE('',*,*,#4192,.T.);
#5600=ORIENTED_EDGE('',*,*,#4193,.T.);
#5601=ORIENTED_EDGE('',*,*,#4194,.F.);
#5602=ORIENTED_EDGE('',*,*,#4195,.F.);
#5603=ORIENTED_EDGE('',*,*,#4168,.F.);
#5604=ORIENTED_EDGE('',*,*,#4196,.T.);
#5605=ORIENTED_EDGE('',*,*,#4197,.F.);
#5606=ORIENTED_EDGE('',*,*,#4198,.F.);
#5607=ORIENTED_EDGE('',*,*,#4199,.F.);
#5608=ORIENTED_EDGE('',*,*,#4164,.F.);
#5609=ORIENTED_EDGE('',*,*,#4200,.T.);
#5610=ORIENTED_EDGE('',*,*,#4201,.F.);
#5611=ORIENTED_EDGE('',*,*,#4202,.F.);
#5612=ORIENTED_EDGE('',*,*,#4192,.F.);
#5613=ORIENTED_EDGE('',*,*,#4203,.T.);
#5614=ORIENTED_EDGE('',*,*,#4204,.F.);
#5615=ORIENTED_EDGE('',*,*,#4205,.F.);
#5616=ORIENTED_EDGE('',*,*,#4206,.T.);
#5617=ORIENTED_EDGE('',*,*,#4207,.F.);
#5618=ORIENTED_EDGE('',*,*,#4208,.F.);
#5619=ORIENTED_EDGE('',*,*,#4209,.F.);
#5620=ORIENTED_EDGE('',*,*,#4210,.F.);
#5621=ORIENTED_EDGE('',*,*,#4211,.F.);
#5622=ORIENTED_EDGE('',*,*,#4212,.F.);
#5623=ORIENTED_EDGE('',*,*,#4213,.T.);
#5624=ORIENTED_EDGE('',*,*,#4214,.T.);
#5625=ORIENTED_EDGE('',*,*,#4215,.F.);
#5626=ORIENTED_EDGE('',*,*,#4216,.T.);
#5627=ORIENTED_EDGE('',*,*,#4217,.T.);
#5628=ORIENTED_EDGE('',*,*,#4218,.T.);
#5629=ORIENTED_EDGE('',*,*,#4219,.F.);
#5630=ORIENTED_EDGE('',*,*,#4220,.T.);
#5631=ORIENTED_EDGE('',*,*,#4221,.T.);
#5632=ORIENTED_EDGE('',*,*,#4217,.F.);
#5633=ORIENTED_EDGE('',*,*,#4220,.F.);
#5634=ORIENTED_EDGE('',*,*,#4222,.F.);
#5635=ORIENTED_EDGE('',*,*,#4210,.T.);
#5636=ORIENTED_EDGE('',*,*,#4223,.F.);
#5637=ORIENTED_EDGE('',*,*,#4224,.F.);
#5638=ORIENTED_EDGE('',*,*,#4225,.F.);
#5639=ORIENTED_EDGE('',*,*,#4226,.T.);
#5640=ORIENTED_EDGE('',*,*,#4227,.F.);
#5641=ORIENTED_EDGE('',*,*,#4228,.F.);
#5642=ORIENTED_EDGE('',*,*,#4229,.T.);
#5643=ORIENTED_EDGE('',*,*,#4230,.F.);
#5644=ORIENTED_EDGE('',*,*,#4231,.F.);
#5645=ORIENTED_EDGE('',*,*,#4232,.F.);
#5646=ORIENTED_EDGE('',*,*,#4233,.F.);
#5647=ORIENTED_EDGE('',*,*,#4229,.F.);
#5648=ORIENTED_EDGE('',*,*,#4234,.F.);
#5649=ORIENTED_EDGE('',*,*,#4235,.T.);
#5650=ORIENTED_EDGE('',*,*,#4236,.F.);
#5651=ORIENTED_EDGE('',*,*,#4235,.F.);
#5652=ORIENTED_EDGE('',*,*,#4237,.F.);
#5653=ORIENTED_EDGE('',*,*,#4215,.T.);
#5654=ORIENTED_EDGE('',*,*,#4238,.F.);
#5655=ORIENTED_EDGE('',*,*,#4239,.T.);
#5656=ORIENTED_EDGE('',*,*,#4240,.T.);
#5657=ORIENTED_EDGE('',*,*,#4241,.T.);
#5658=ORIENTED_EDGE('',*,*,#4242,.T.);
#5659=ORIENTED_EDGE('',*,*,#4243,.T.);
#5660=ORIENTED_EDGE('',*,*,#4244,.F.);
#5661=ORIENTED_EDGE('',*,*,#4049,.F.);
#5662=ORIENTED_EDGE('',*,*,#4245,.T.);
#5663=ORIENTED_EDGE('',*,*,#4246,.T.);
#5664=ORIENTED_EDGE('',*,*,#4247,.T.);
#5665=ORIENTED_EDGE('',*,*,#4248,.F.);
#5666=ORIENTED_EDGE('',*,*,#4232,.T.);
#5667=ORIENTED_EDGE('',*,*,#4249,.F.);
#5668=ORIENTED_EDGE('',*,*,#4207,.T.);
#5669=ORIENTED_EDGE('',*,*,#4250,.F.);
#5670=ORIENTED_EDGE('',*,*,#4251,.T.);
#5671=ORIENTED_EDGE('',*,*,#4252,.F.);
#5672=ORIENTED_EDGE('',*,*,#4253,.F.);
#5673=ORIENTED_EDGE('',*,*,#4254,.T.);
#5674=ORIENTED_EDGE('',*,*,#4255,.T.);
#5675=ORIENTED_EDGE('',*,*,#4256,.T.);
#5676=ORIENTED_EDGE('',*,*,#4257,.T.);
#5677=ORIENTED_EDGE('',*,*,#4258,.T.);
#5678=ORIENTED_EDGE('',*,*,#4259,.T.);
#5679=ORIENTED_EDGE('',*,*,#4260,.T.);
#5680=ORIENTED_EDGE('',*,*,#4261,.F.);
#5681=ORIENTED_EDGE('',*,*,#4262,.F.);
#5682=ORIENTED_EDGE('',*,*,#4252,.T.);
#5683=ORIENTED_EDGE('',*,*,#4263,.T.);
#5684=ORIENTED_EDGE('',*,*,#4264,.F.);
#5685=ORIENTED_EDGE('',*,*,#4265,.F.);
#5686=ORIENTED_EDGE('',*,*,#4261,.T.);
#5687=ORIENTED_EDGE('',*,*,#4266,.F.);
#5688=ORIENTED_EDGE('',*,*,#4267,.T.);
#5689=ORIENTED_EDGE('',*,*,#4268,.F.);
#5690=ORIENTED_EDGE('',*,*,#4269,.F.);
#5691=ORIENTED_EDGE('',*,*,#4270,.F.);
#5692=ORIENTED_EDGE('',*,*,#4271,.T.);
#5693=ORIENTED_EDGE('',*,*,#4269,.T.);
#5694=ORIENTED_EDGE('',*,*,#4272,.F.);
#5695=ORIENTED_EDGE('',*,*,#4273,.T.);
#5696=ORIENTED_EDGE('',*,*,#4274,.F.);
#5697=ORIENTED_EDGE('',*,*,#4275,.T.);
#5698=ORIENTED_EDGE('',*,*,#4276,.T.);
#5699=ORIENTED_EDGE('',*,*,#4277,.T.);
#5700=ORIENTED_EDGE('',*,*,#4053,.F.);
#5701=ORIENTED_EDGE('',*,*,#4278,.T.);
#5702=ORIENTED_EDGE('',*,*,#4279,.T.);
#5703=ORIENTED_EDGE('',*,*,#4280,.T.);
#5704=ORIENTED_EDGE('',*,*,#4281,.T.);
#5705=ORIENTED_EDGE('',*,*,#4282,.F.);
#5706=ORIENTED_EDGE('',*,*,#4283,.T.);
#5707=ORIENTED_EDGE('',*,*,#4259,.F.);
#5708=ORIENTED_EDGE('',*,*,#4284,.T.);
#5709=ORIENTED_EDGE('',*,*,#4285,.T.);
#5710=ORIENTED_EDGE('',*,*,#4286,.T.);
#5711=ORIENTED_EDGE('',*,*,#4287,.T.);
#5712=ORIENTED_EDGE('',*,*,#4288,.F.);
#5713=ORIENTED_EDGE('',*,*,#4289,.T.);
#5714=ORIENTED_EDGE('',*,*,#4290,.T.);
#5715=ORIENTED_EDGE('',*,*,#4291,.T.);
#5716=ORIENTED_EDGE('',*,*,#4292,.F.);
#5717=ORIENTED_EDGE('',*,*,#4293,.T.);
#5718=ORIENTED_EDGE('',*,*,#4294,.F.);
#5719=ORIENTED_EDGE('',*,*,#4051,.F.);
#5720=ORIENTED_EDGE('',*,*,#4295,.T.);
#5721=ORIENTED_EDGE('',*,*,#4296,.T.);
#5722=ORIENTED_EDGE('',*,*,#4297,.T.);
#5723=ORIENTED_EDGE('',*,*,#4298,.T.);
#5724=ORIENTED_EDGE('',*,*,#4299,.F.);
#5725=ORIENTED_EDGE('',*,*,#4300,.T.);
#5726=ORIENTED_EDGE('',*,*,#4301,.T.);
#5727=ORIENTED_EDGE('',*,*,#4302,.T.);
#5728=ORIENTED_EDGE('',*,*,#4303,.F.);
#5729=ORIENTED_EDGE('',*,*,#4304,.F.);
#5730=ORIENTED_EDGE('',*,*,#4305,.T.);
#5731=ORIENTED_EDGE('',*,*,#4285,.F.);
#5732=ORIENTED_EDGE('',*,*,#4306,.F.);
#5733=ORIENTED_EDGE('',*,*,#4307,.F.);
#5734=ORIENTED_EDGE('',*,*,#4308,.T.);
#5735=ORIENTED_EDGE('',*,*,#4300,.F.);
#5736=ORIENTED_EDGE('',*,*,#4309,.F.);
#5737=ORIENTED_EDGE('',*,*,#4310,.F.);
#5738=ORIENTED_EDGE('',*,*,#4311,.T.);
#5739=ORIENTED_EDGE('',*,*,#4296,.F.);
#5740=ORIENTED_EDGE('',*,*,#4312,.F.);
#5741=ORIENTED_EDGE('',*,*,#4243,.F.);
#5742=ORIENTED_EDGE('',*,*,#4313,.T.);
#5743=ORIENTED_EDGE('',*,*,#4314,.F.);
#5744=ORIENTED_EDGE('',*,*,#4315,.F.);
#5745=ORIENTED_EDGE('',*,*,#4279,.F.);
#5746=ORIENTED_EDGE('',*,*,#4316,.F.);
#5747=ORIENTED_EDGE('',*,*,#4293,.F.);
#5748=ORIENTED_EDGE('',*,*,#4317,.F.);
#5749=ORIENTED_EDGE('',*,*,#4318,.F.);
#5750=ORIENTED_EDGE('',*,*,#4319,.T.);
#5751=ORIENTED_EDGE('',*,*,#4289,.F.);
#5752=ORIENTED_EDGE('',*,*,#4320,.F.);
#5753=ORIENTED_EDGE('',*,*,#4321,.F.);
#5754=ORIENTED_EDGE('',*,*,#4322,.T.);
#5755=ORIENTED_EDGE('',*,*,#4055,.F.);
#5756=ORIENTED_EDGE('',*,*,#4323,.F.);
#5757=ORIENTED_EDGE('',*,*,#4324,.F.);
#5758=ORIENTED_EDGE('',*,*,#4325,.F.);
#5759=ORIENTED_EDGE('',*,*,#4326,.T.);
#5760=ORIENTED_EDGE('',*,*,#4327,.F.);
#5761=ORIENTED_EDGE('',*,*,#4328,.F.);
#5762=ORIENTED_EDGE('',*,*,#4329,.F.);
#5763=ORIENTED_EDGE('',*,*,#4314,.T.);
#5764=ORIENTED_EDGE('',*,*,#4330,.F.);
#5765=ORIENTED_EDGE('',*,*,#4331,.F.);
#5766=ORIENTED_EDGE('',*,*,#4332,.F.);
#5767=ORIENTED_EDGE('',*,*,#4333,.F.);
#5768=ORIENTED_EDGE('',*,*,#4334,.F.);
#5769=ORIENTED_EDGE('',*,*,#4335,.F.);
#5770=ORIENTED_EDGE('',*,*,#4336,.F.);
#5771=ORIENTED_EDGE('',*,*,#4047,.F.);
#5772=ORIENTED_EDGE('',*,*,#4337,.F.);
#5773=ORIENTED_EDGE('',*,*,#4338,.F.);
#5774=ORIENTED_EDGE('',*,*,#4201,.T.);
#5775=ORIENTED_EDGE('',*,*,#4339,.T.);
#5776=ORIENTED_EDGE('',*,*,#4340,.F.);
#5777=ORIENTED_EDGE('',*,*,#4341,.F.);
#5778=ORIENTED_EDGE('',*,*,#4204,.T.);
#5779=ORIENTED_EDGE('',*,*,#4342,.T.);
#5780=ORIENTED_EDGE('',*,*,#4343,.F.);
#5781=ORIENTED_EDGE('',*,*,#4344,.F.);
#5782=ORIENTED_EDGE('',*,*,#4345,.F.);
#5783=ORIENTED_EDGE('',*,*,#4346,.F.);
#5784=ORIENTED_EDGE('',*,*,#4347,.F.);
#5785=ORIENTED_EDGE('',*,*,#4348,.F.);
#5786=ORIENTED_EDGE('',*,*,#4349,.F.);
#5787=ORIENTED_EDGE('',*,*,#4350,.F.);
#5788=ORIENTED_EDGE('',*,*,#4351,.T.);
#5789=ORIENTED_EDGE('',*,*,#4352,.F.);
#5790=ORIENTED_EDGE('',*,*,#4353,.F.);
#5791=ORIENTED_EDGE('',*,*,#4354,.F.);
#5792=ORIENTED_EDGE('',*,*,#4355,.F.);
#5793=ORIENTED_EDGE('',*,*,#4356,.F.);
#5794=ORIENTED_EDGE('',*,*,#4357,.F.);
#5795=ORIENTED_EDGE('',*,*,#4358,.T.);
#5796=ORIENTED_EDGE('',*,*,#4359,.F.);
#5797=ORIENTED_EDGE('',*,*,#4360,.T.);
#5798=ORIENTED_EDGE('',*,*,#4197,.T.);
#5799=ORIENTED_EDGE('',*,*,#4361,.T.);
#5800=ORIENTED_EDGE('',*,*,#4362,.F.);
#5801=ORIENTED_EDGE('',*,*,#4363,.T.);
#5802=ORIENTED_EDGE('',*,*,#4326,.F.);
#5803=ORIENTED_EDGE('',*,*,#4364,.F.);
#5804=ORIENTED_EDGE('',*,*,#4274,.T.);
#5805=ORIENTED_EDGE('',*,*,#4333,.T.);
#5806=ORIENTED_EDGE('',*,*,#4365,.F.);
#5807=ORIENTED_EDGE('',*,*,#4239,.F.);
#5808=ORIENTED_EDGE('',*,*,#4366,.T.);
#5809=ORIENTED_EDGE('',*,*,#4316,.T.);
#5810=ORIENTED_EDGE('',*,*,#4278,.F.);
#5811=ORIENTED_EDGE('',*,*,#4052,.F.);
#5812=ORIENTED_EDGE('',*,*,#4294,.T.);
#5813=ORIENTED_EDGE('',*,*,#4312,.T.);
#5814=ORIENTED_EDGE('',*,*,#4295,.F.);
#5815=ORIENTED_EDGE('',*,*,#4050,.F.);
#5816=ORIENTED_EDGE('',*,*,#4244,.T.);
#5817=ORIENTED_EDGE('',*,*,#4083,.T.);
#5818=ORIENTED_EDGE('',*,*,#4087,.T.);
#5819=ORIENTED_EDGE('',*,*,#4090,.T.);
#5820=ORIENTED_EDGE('',*,*,#4093,.T.);
#5821=ORIENTED_EDGE('',*,*,#4096,.T.);
#5822=ORIENTED_EDGE('',*,*,#4099,.T.);
#5823=ORIENTED_EDGE('',*,*,#4102,.T.);
#5824=ORIENTED_EDGE('',*,*,#4105,.T.);
#5825=ORIENTED_EDGE('',*,*,#4108,.T.);
#5826=ORIENTED_EDGE('',*,*,#4354,.T.);
#5827=ORIENTED_EDGE('',*,*,#4367,.T.);
#5828=ORIENTED_EDGE('',*,*,#4368,.T.);
#5829=ORIENTED_EDGE('',*,*,#4369,.F.);
#5830=ORIENTED_EDGE('',*,*,#4353,.T.);
#5831=ORIENTED_EDGE('',*,*,#4370,.T.);
#5832=ORIENTED_EDGE('',*,*,#4371,.T.);
#5833=ORIENTED_EDGE('',*,*,#4367,.F.);
#5834=ORIENTED_EDGE('',*,*,#4352,.T.);
#5835=ORIENTED_EDGE('',*,*,#4372,.T.);
#5836=ORIENTED_EDGE('',*,*,#4373,.T.);
#5837=ORIENTED_EDGE('',*,*,#4374,.T.);
#5838=ORIENTED_EDGE('',*,*,#4370,.F.);
#5839=ORIENTED_EDGE('',*,*,#4375,.T.);
#5840=ORIENTED_EDGE('',*,*,#4376,.T.);
#5841=ORIENTED_EDGE('',*,*,#4377,.F.);
#5842=ORIENTED_EDGE('',*,*,#4378,.F.);
#5843=ORIENTED_EDGE('',*,*,#4379,.T.);
#5844=ORIENTED_EDGE('',*,*,#4380,.T.);
#5845=ORIENTED_EDGE('',*,*,#4381,.F.);
#5846=ORIENTED_EDGE('',*,*,#4382,.F.);
#5847=ORIENTED_EDGE('',*,*,#4383,.T.);
#5848=ORIENTED_EDGE('',*,*,#4373,.F.);
#5849=ORIENTED_EDGE('',*,*,#4384,.T.);
#5850=ORIENTED_EDGE('',*,*,#4385,.T.);
#5851=ORIENTED_EDGE('',*,*,#4386,.T.);
#5852=ORIENTED_EDGE('',*,*,#4387,.T.);
#5853=ORIENTED_EDGE('',*,*,#4388,.F.);
#5854=ORIENTED_EDGE('',*,*,#4389,.F.);
#5855=ORIENTED_EDGE('',*,*,#4390,.T.);
#5856=ORIENTED_EDGE('',*,*,#4391,.T.);
#5857=ORIENTED_EDGE('',*,*,#4392,.F.);
#5858=ORIENTED_EDGE('',*,*,#4393,.F.);
#5859=ORIENTED_EDGE('',*,*,#4350,.T.);
#5860=ORIENTED_EDGE('',*,*,#4394,.T.);
#5861=ORIENTED_EDGE('',*,*,#4395,.T.);
#5862=ORIENTED_EDGE('',*,*,#4385,.F.);
#5863=ORIENTED_EDGE('',*,*,#4396,.T.);
#5864=ORIENTED_EDGE('',*,*,#4349,.T.);
#5865=ORIENTED_EDGE('',*,*,#4397,.T.);
#5866=ORIENTED_EDGE('',*,*,#4398,.T.);
#5867=ORIENTED_EDGE('',*,*,#4394,.F.);
#5868=ORIENTED_EDGE('',*,*,#4348,.T.);
#5869=ORIENTED_EDGE('',*,*,#4399,.T.);
#5870=ORIENTED_EDGE('',*,*,#4400,.T.);
#5871=ORIENTED_EDGE('',*,*,#4397,.F.);
#5872=ORIENTED_EDGE('',*,*,#4347,.T.);
#5873=ORIENTED_EDGE('',*,*,#4401,.T.);
#5874=ORIENTED_EDGE('',*,*,#4402,.T.);
#5875=ORIENTED_EDGE('',*,*,#4399,.F.);
#5876=ORIENTED_EDGE('',*,*,#4355,.T.);
#5877=ORIENTED_EDGE('',*,*,#4369,.T.);
#5878=ORIENTED_EDGE('',*,*,#4403,.T.);
#5879=ORIENTED_EDGE('',*,*,#4404,.F.);
#5880=ORIENTED_EDGE('',*,*,#4405,.F.);
#5881=ORIENTED_EDGE('',*,*,#4375,.F.);
#5882=ORIENTED_EDGE('',*,*,#4406,.T.);
#5883=ORIENTED_EDGE('',*,*,#4407,.T.);
#5884=ORIENTED_EDGE('',*,*,#4408,.F.);
#5885=ORIENTED_EDGE('',*,*,#4390,.F.);
#5886=ORIENTED_EDGE('',*,*,#4409,.T.);
#5887=ORIENTED_EDGE('',*,*,#4410,.T.);
#5888=ORIENTED_EDGE('',*,*,#4411,.F.);
#5889=ORIENTED_EDGE('',*,*,#4386,.F.);
#5890=ORIENTED_EDGE('',*,*,#4395,.F.);
#5891=ORIENTED_EDGE('',*,*,#4398,.F.);
#5892=ORIENTED_EDGE('',*,*,#4400,.F.);
#5893=ORIENTED_EDGE('',*,*,#4402,.F.);
#5894=ORIENTED_EDGE('',*,*,#4412,.F.);
#5895=ORIENTED_EDGE('',*,*,#4413,.F.);
#5896=ORIENTED_EDGE('',*,*,#4414,.F.);
#5897=ORIENTED_EDGE('',*,*,#4188,.F.);
#5898=ORIENTED_EDGE('',*,*,#4415,.F.);
#5899=ORIENTED_EDGE('',*,*,#4416,.T.);
#5900=ORIENTED_EDGE('',*,*,#4417,.T.);
#5901=ORIENTED_EDGE('',*,*,#4184,.F.);
#5902=ORIENTED_EDGE('',*,*,#4418,.F.);
#5903=ORIENTED_EDGE('',*,*,#4419,.T.);
#5904=ORIENTED_EDGE('',*,*,#4420,.T.);
#5905=ORIENTED_EDGE('',*,*,#4180,.F.);
#5906=ORIENTED_EDGE('',*,*,#4421,.F.);
#5907=ORIENTED_EDGE('',*,*,#4422,.T.);
#5908=ORIENTED_EDGE('',*,*,#4423,.T.);
#5909=ORIENTED_EDGE('',*,*,#4176,.F.);
#5910=ORIENTED_EDGE('',*,*,#4424,.F.);
#5911=ORIENTED_EDGE('',*,*,#4425,.T.);
#5912=ORIENTED_EDGE('',*,*,#4426,.T.);
#5913=ORIENTED_EDGE('',*,*,#4172,.F.);
#5914=ORIENTED_EDGE('',*,*,#4427,.F.);
#5915=ORIENTED_EDGE('',*,*,#4428,.F.);
#5916=ORIENTED_EDGE('',*,*,#4429,.F.);
#5917=ORIENTED_EDGE('',*,*,#4403,.F.);
#5918=ORIENTED_EDGE('',*,*,#4368,.F.);
#5919=ORIENTED_EDGE('',*,*,#4371,.F.);
#5920=ORIENTED_EDGE('',*,*,#4374,.F.);
#5921=ORIENTED_EDGE('',*,*,#4383,.F.);
#5922=ORIENTED_EDGE('',*,*,#4430,.T.);
#5923=ORIENTED_EDGE('',*,*,#4431,.T.);
#5924=ORIENTED_EDGE('',*,*,#4432,.F.);
#5925=ORIENTED_EDGE('',*,*,#4379,.F.);
#5926=ORIENTED_EDGE('',*,*,#4433,.T.);
#5927=ORIENTED_EDGE('',*,*,#4434,.T.);
#5928=ORIENTED_EDGE('',*,*,#4372,.F.);
#5929=ORIENTED_EDGE('',*,*,#4351,.F.);
#5930=ORIENTED_EDGE('',*,*,#4396,.F.);
#5931=ORIENTED_EDGE('',*,*,#4384,.F.);
#5932=ORIENTED_EDGE('',*,*,#4414,.T.);
#5933=ORIENTED_EDGE('',*,*,#4435,.T.);
#5934=ORIENTED_EDGE('',*,*,#4344,.T.);
#5935=ORIENTED_EDGE('',*,*,#4436,.T.);
#5936=ORIENTED_EDGE('',*,*,#4437,.T.);
#5937=ORIENTED_EDGE('',*,*,#4438,.T.);
#5938=ORIENTED_EDGE('',*,*,#4189,.F.);
#5939=ORIENTED_EDGE('',*,*,#4412,.T.);
#5940=ORIENTED_EDGE('',*,*,#4401,.F.);
#5941=ORIENTED_EDGE('',*,*,#4346,.T.);
#5942=ORIENTED_EDGE('',*,*,#4439,.T.);
#5943=ORIENTED_EDGE('',*,*,#4413,.T.);
#5944=ORIENTED_EDGE('',*,*,#4439,.F.);
#5945=ORIENTED_EDGE('',*,*,#4345,.T.);
#5946=ORIENTED_EDGE('',*,*,#4435,.F.);
#5947=ORIENTED_EDGE('',*,*,#4171,.T.);
#5948=ORIENTED_EDGE('',*,*,#4440,.F.);
#5949=ORIENTED_EDGE('',*,*,#4441,.F.);
#5950=ORIENTED_EDGE('',*,*,#4442,.F.);
#5951=ORIENTED_EDGE('',*,*,#4358,.F.);
#5952=ORIENTED_EDGE('',*,*,#4443,.T.);
#5953=ORIENTED_EDGE('',*,*,#4427,.T.);
#5954=ORIENTED_EDGE('',*,*,#4428,.T.);
#5955=ORIENTED_EDGE('',*,*,#4443,.F.);
#5956=ORIENTED_EDGE('',*,*,#4357,.T.);
#5957=ORIENTED_EDGE('',*,*,#4444,.T.);
#5958=ORIENTED_EDGE('',*,*,#4429,.T.);
#5959=ORIENTED_EDGE('',*,*,#4444,.F.);
#5960=ORIENTED_EDGE('',*,*,#4356,.T.);
#5961=ORIENTED_EDGE('',*,*,#4404,.T.);
#5962=ORIENTED_EDGE('',*,*,#4445,.F.);
#5963=ORIENTED_EDGE('',*,*,#4328,.T.);
#5964=ORIENTED_EDGE('',*,*,#4446,.T.);
#5965=ORIENTED_EDGE('',*,*,#4281,.F.);
#5966=ORIENTED_EDGE('',*,*,#4315,.T.);
#5967=ORIENTED_EDGE('',*,*,#4329,.T.);
#5968=ORIENTED_EDGE('',*,*,#4445,.T.);
#5969=ORIENTED_EDGE('',*,*,#4280,.F.);
#5970=ORIENTED_EDGE('',*,*,#4446,.F.);
#5971=ORIENTED_EDGE('',*,*,#4327,.T.);
#5972=ORIENTED_EDGE('',*,*,#4363,.F.);
#5973=ORIENTED_EDGE('',*,*,#4273,.F.);
#5974=ORIENTED_EDGE('',*,*,#4447,.F.);
#5975=ORIENTED_EDGE('',*,*,#4331,.T.);
#5976=ORIENTED_EDGE('',*,*,#4448,.T.);
#5977=ORIENTED_EDGE('',*,*,#4241,.F.);
#5978=ORIENTED_EDGE('',*,*,#4448,.F.);
#5979=ORIENTED_EDGE('',*,*,#4330,.T.);
#5980=ORIENTED_EDGE('',*,*,#4313,.F.);
#5981=ORIENTED_EDGE('',*,*,#4242,.F.);
#5982=ORIENTED_EDGE('',*,*,#4365,.T.);
#5983=ORIENTED_EDGE('',*,*,#4332,.T.);
#5984=ORIENTED_EDGE('',*,*,#4447,.T.);
#5985=ORIENTED_EDGE('',*,*,#4240,.F.);
#5986=ORIENTED_EDGE('',*,*,#4449,.F.);
#5987=ORIENTED_EDGE('',*,*,#4324,.T.);
#5988=ORIENTED_EDGE('',*,*,#4450,.T.);
#5989=ORIENTED_EDGE('',*,*,#4276,.F.);
#5990=ORIENTED_EDGE('',*,*,#4450,.F.);
#5991=ORIENTED_EDGE('',*,*,#4323,.T.);
#5992=ORIENTED_EDGE('',*,*,#4054,.F.);
#5993=ORIENTED_EDGE('',*,*,#4277,.F.);
#5994=ORIENTED_EDGE('',*,*,#4364,.T.);
#5995=ORIENTED_EDGE('',*,*,#4325,.T.);
#5996=ORIENTED_EDGE('',*,*,#4449,.T.);
#5997=ORIENTED_EDGE('',*,*,#4275,.F.);
#5998=ORIENTED_EDGE('',*,*,#4451,.F.);
#5999=ORIENTED_EDGE('',*,*,#4334,.T.);
#6000=ORIENTED_EDGE('',*,*,#4366,.F.);
#6001=ORIENTED_EDGE('',*,*,#4247,.F.);
#6002=ORIENTED_EDGE('',*,*,#4452,.F.);
#6003=ORIENTED_EDGE('',*,*,#4335,.T.);
#6004=ORIENTED_EDGE('',*,*,#4451,.T.);
#6005=ORIENTED_EDGE('',*,*,#4246,.F.);
#6006=ORIENTED_EDGE('',*,*,#4048,.T.);
#6007=ORIENTED_EDGE('',*,*,#4336,.T.);
#6008=ORIENTED_EDGE('',*,*,#4452,.T.);
#6009=ORIENTED_EDGE('',*,*,#4245,.F.);
#6010=ORIENTED_EDGE('',*,*,#4044,.T.);
#6011=ORIENTED_EDGE('',*,*,#4322,.F.);
#6012=ORIENTED_EDGE('',*,*,#4453,.T.);
#6013=ORIENTED_EDGE('',*,*,#4454,.F.);
#6014=ORIENTED_EDGE('',*,*,#4046,.T.);
#6015=ORIENTED_EDGE('',*,*,#4455,.T.);
#6016=ORIENTED_EDGE('',*,*,#4456,.T.);
#6017=ORIENTED_EDGE('',*,*,#4337,.T.);
#6018=ORIENTED_EDGE('',*,*,#4045,.T.);
#6019=ORIENTED_EDGE('',*,*,#4454,.T.);
#6020=ORIENTED_EDGE('',*,*,#4457,.T.);
#6021=ORIENTED_EDGE('',*,*,#4455,.F.);
#6022=ORIENTED_EDGE('',*,*,#4453,.F.);
#6023=ORIENTED_EDGE('',*,*,#4321,.T.);
#6024=ORIENTED_EDGE('',*,*,#4456,.F.);
#6025=ORIENTED_EDGE('',*,*,#4457,.F.);
#6026=ORIENTED_EDGE('',*,*,#4458,.T.);
#6027=ORIENTED_EDGE('',*,*,#4459,.T.);
#6028=ORIENTED_EDGE('',*,*,#4460,.F.);
#6029=ORIENTED_EDGE('',*,*,#4318,.T.);
#6030=ORIENTED_EDGE('',*,*,#4461,.F.);
#6031=ORIENTED_EDGE('',*,*,#4462,.T.);
#6032=ORIENTED_EDGE('',*,*,#4463,.T.);
#6033=ORIENTED_EDGE('',*,*,#4464,.F.);
#6034=ORIENTED_EDGE('',*,*,#4465,.T.);
#6035=ORIENTED_EDGE('',*,*,#4291,.F.);
#6036=ORIENTED_EDGE('',*,*,#4466,.F.);
#6037=ORIENTED_EDGE('',*,*,#4467,.F.);
#6038=ORIENTED_EDGE('',*,*,#4468,.F.);
#6039=ORIENTED_EDGE('',*,*,#4467,.T.);
#6040=ORIENTED_EDGE('',*,*,#4469,.F.);
#6041=ORIENTED_EDGE('',*,*,#4470,.F.);
#6042=ORIENTED_EDGE('',*,*,#4471,.T.);
#6043=ORIENTED_EDGE('',*,*,#4464,.T.);
#6044=ORIENTED_EDGE('',*,*,#4472,.T.);
#6045=ORIENTED_EDGE('',*,*,#4473,.T.);
#6046=ORIENTED_EDGE('',*,*,#4474,.T.);
#6047=ORIENTED_EDGE('',*,*,#4470,.T.);
#6048=ORIENTED_EDGE('',*,*,#4475,.F.);
#6049=ORIENTED_EDGE('',*,*,#4459,.F.);
#6050=ORIENTED_EDGE('',*,*,#4460,.T.);
#6051=ORIENTED_EDGE('',*,*,#4475,.T.);
#6052=ORIENTED_EDGE('',*,*,#4469,.T.);
#6053=ORIENTED_EDGE('',*,*,#4466,.T.);
#6054=ORIENTED_EDGE('',*,*,#4290,.F.);
#6055=ORIENTED_EDGE('',*,*,#4319,.F.);
#6056=ORIENTED_EDGE('',*,*,#4458,.F.);
#6057=ORIENTED_EDGE('',*,*,#4317,.T.);
#6058=ORIENTED_EDGE('',*,*,#4292,.T.);
#6059=ORIENTED_EDGE('',*,*,#4465,.F.);
#6060=ORIENTED_EDGE('',*,*,#4471,.F.);
#6061=ORIENTED_EDGE('',*,*,#4474,.F.);
#6062=ORIENTED_EDGE('',*,*,#4476,.T.);
#6063=ORIENTED_EDGE('',*,*,#4477,.F.);
#6064=ORIENTED_EDGE('',*,*,#4478,.F.);
#6065=ORIENTED_EDGE('',*,*,#4479,.T.);
#6066=ORIENTED_EDGE('',*,*,#4480,.T.);
#6067=ORIENTED_EDGE('',*,*,#4481,.F.);
#6068=ORIENTED_EDGE('',*,*,#4482,.F.);
#6069=ORIENTED_EDGE('',*,*,#4477,.T.);
#6070=ORIENTED_EDGE('',*,*,#4483,.T.);
#6071=ORIENTED_EDGE('',*,*,#4484,.F.);
#6072=ORIENTED_EDGE('',*,*,#4485,.F.);
#6073=ORIENTED_EDGE('',*,*,#4481,.T.);
#6074=ORIENTED_EDGE('',*,*,#4486,.T.);
#6075=ORIENTED_EDGE('',*,*,#4487,.F.);
#6076=ORIENTED_EDGE('',*,*,#4488,.F.);
#6077=ORIENTED_EDGE('',*,*,#4484,.T.);
#6078=ORIENTED_EDGE('',*,*,#4489,.T.);
#6079=ORIENTED_EDGE('',*,*,#4490,.F.);
#6080=ORIENTED_EDGE('',*,*,#4491,.F.);
#6081=ORIENTED_EDGE('',*,*,#4487,.T.);
#6082=ORIENTED_EDGE('',*,*,#4492,.T.);
#6083=ORIENTED_EDGE('',*,*,#4493,.F.);
#6084=ORIENTED_EDGE('',*,*,#4494,.F.);
#6085=ORIENTED_EDGE('',*,*,#4490,.T.);
#6086=ORIENTED_EDGE('',*,*,#4495,.T.);
#6087=ORIENTED_EDGE('',*,*,#4461,.T.);
#6088=ORIENTED_EDGE('',*,*,#4468,.T.);
#6089=ORIENTED_EDGE('',*,*,#4496,.T.);
#6090=ORIENTED_EDGE('',*,*,#4478,.T.);
#6091=ORIENTED_EDGE('',*,*,#4482,.T.);
#6092=ORIENTED_EDGE('',*,*,#4485,.T.);
#6093=ORIENTED_EDGE('',*,*,#4488,.T.);
#6094=ORIENTED_EDGE('',*,*,#4491,.T.);
#6095=ORIENTED_EDGE('',*,*,#4494,.T.);
#6096=ORIENTED_EDGE('',*,*,#4463,.F.);
#6097=ORIENTED_EDGE('',*,*,#4497,.F.);
#6098=ORIENTED_EDGE('',*,*,#4492,.F.);
#6099=ORIENTED_EDGE('',*,*,#4489,.F.);
#6100=ORIENTED_EDGE('',*,*,#4486,.F.);
#6101=ORIENTED_EDGE('',*,*,#4483,.F.);
#6102=ORIENTED_EDGE('',*,*,#4480,.F.);
#6103=ORIENTED_EDGE('',*,*,#4476,.F.);
#6104=ORIENTED_EDGE('',*,*,#4498,.F.);
#6105=ORIENTED_EDGE('',*,*,#4472,.F.);
#6106=ORIENTED_EDGE('',*,*,#4473,.F.);
#6107=ORIENTED_EDGE('',*,*,#4498,.T.);
#6108=ORIENTED_EDGE('',*,*,#4479,.F.);
#6109=ORIENTED_EDGE('',*,*,#4496,.F.);
#6110=ORIENTED_EDGE('',*,*,#4462,.F.);
#6111=ORIENTED_EDGE('',*,*,#4495,.F.);
#6112=ORIENTED_EDGE('',*,*,#4493,.T.);
#6113=ORIENTED_EDGE('',*,*,#4497,.T.);
#6114=ORIENTED_EDGE('',*,*,#4499,.T.);
#6115=ORIENTED_EDGE('',*,*,#4500,.F.);
#6116=ORIENTED_EDGE('',*,*,#4501,.F.);
#6117=ORIENTED_EDGE('',*,*,#4502,.T.);
#6118=ORIENTED_EDGE('',*,*,#4503,.T.);
#6119=ORIENTED_EDGE('',*,*,#4504,.F.);
#6120=ORIENTED_EDGE('',*,*,#4505,.F.);
#6121=ORIENTED_EDGE('',*,*,#4500,.T.);
#6122=ORIENTED_EDGE('',*,*,#4506,.T.);
#6123=ORIENTED_EDGE('',*,*,#4507,.F.);
#6124=ORIENTED_EDGE('',*,*,#4508,.F.);
#6125=ORIENTED_EDGE('',*,*,#4504,.T.);
#6126=ORIENTED_EDGE('',*,*,#4509,.T.);
#6127=ORIENTED_EDGE('',*,*,#4510,.F.);
#6128=ORIENTED_EDGE('',*,*,#4511,.F.);
#6129=ORIENTED_EDGE('',*,*,#4507,.T.);
#6130=ORIENTED_EDGE('',*,*,#4512,.T.);
#6131=ORIENTED_EDGE('',*,*,#4513,.F.);
#6132=ORIENTED_EDGE('',*,*,#4514,.F.);
#6133=ORIENTED_EDGE('',*,*,#4510,.T.);
#6134=ORIENTED_EDGE('',*,*,#4515,.F.);
#6135=ORIENTED_EDGE('',*,*,#4173,.T.);
#6136=ORIENTED_EDGE('',*,*,#4426,.F.);
#6137=ORIENTED_EDGE('',*,*,#4516,.F.);
#6138=ORIENTED_EDGE('',*,*,#4512,.F.);
#6139=ORIENTED_EDGE('',*,*,#4509,.F.);
#6140=ORIENTED_EDGE('',*,*,#4506,.F.);
#6141=ORIENTED_EDGE('',*,*,#4503,.F.);
#6142=ORIENTED_EDGE('',*,*,#4499,.F.);
#6143=ORIENTED_EDGE('',*,*,#4175,.F.);
#6144=ORIENTED_EDGE('',*,*,#4517,.T.);
#6145=ORIENTED_EDGE('',*,*,#4501,.T.);
#6146=ORIENTED_EDGE('',*,*,#4505,.T.);
#6147=ORIENTED_EDGE('',*,*,#4508,.T.);
#6148=ORIENTED_EDGE('',*,*,#4511,.T.);
#6149=ORIENTED_EDGE('',*,*,#4514,.T.);
#6150=ORIENTED_EDGE('',*,*,#4518,.T.);
#6151=ORIENTED_EDGE('',*,*,#4424,.T.);
#6152=ORIENTED_EDGE('',*,*,#4425,.F.);
#6153=ORIENTED_EDGE('',*,*,#4518,.F.);
#6154=ORIENTED_EDGE('',*,*,#4513,.T.);
#6155=ORIENTED_EDGE('',*,*,#4516,.T.);
#6156=ORIENTED_EDGE('',*,*,#4517,.F.);
#6157=ORIENTED_EDGE('',*,*,#4174,.T.);
#6158=ORIENTED_EDGE('',*,*,#4515,.T.);
#6159=ORIENTED_EDGE('',*,*,#4502,.F.);
#6160=ORIENTED_EDGE('',*,*,#4519,.T.);
#6161=ORIENTED_EDGE('',*,*,#4381,.T.);
#6162=ORIENTED_EDGE('',*,*,#4520,.F.);
#6163=ORIENTED_EDGE('',*,*,#4521,.T.);
#6164=ORIENTED_EDGE('',*,*,#4380,.F.);
#6165=ORIENTED_EDGE('',*,*,#4432,.T.);
#6166=ORIENTED_EDGE('',*,*,#4522,.T.);
#6167=ORIENTED_EDGE('',*,*,#4523,.T.);
#6168=ORIENTED_EDGE('',*,*,#4524,.T.);
#6169=ORIENTED_EDGE('',*,*,#4525,.T.);
#6170=ORIENTED_EDGE('',*,*,#4526,.T.);
#6171=ORIENTED_EDGE('',*,*,#4520,.T.);
#6172=ORIENTED_EDGE('',*,*,#4430,.F.);
#6173=ORIENTED_EDGE('',*,*,#4382,.T.);
#6174=ORIENTED_EDGE('',*,*,#4519,.F.);
#6175=ORIENTED_EDGE('',*,*,#4527,.F.);
#6176=ORIENTED_EDGE('',*,*,#4528,.F.);
#6177=ORIENTED_EDGE('',*,*,#4529,.F.);
#6178=ORIENTED_EDGE('',*,*,#4530,.F.);
#6179=ORIENTED_EDGE('',*,*,#4531,.F.);
#6180=ORIENTED_EDGE('',*,*,#4527,.T.);
#6181=ORIENTED_EDGE('',*,*,#4521,.F.);
#6182=ORIENTED_EDGE('',*,*,#4526,.F.);
#6183=ORIENTED_EDGE('',*,*,#4532,.T.);
#6184=ORIENTED_EDGE('',*,*,#4431,.F.);
#6185=ORIENTED_EDGE('',*,*,#4531,.T.);
#6186=ORIENTED_EDGE('',*,*,#4533,.F.);
#6187=ORIENTED_EDGE('',*,*,#4522,.F.);
#6188=ORIENTED_EDGE('',*,*,#4530,.T.);
#6189=ORIENTED_EDGE('',*,*,#4534,.F.);
#6190=ORIENTED_EDGE('',*,*,#4523,.F.);
#6191=ORIENTED_EDGE('',*,*,#4533,.T.);
#6192=ORIENTED_EDGE('',*,*,#4529,.T.);
#6193=ORIENTED_EDGE('',*,*,#4535,.F.);
#6194=ORIENTED_EDGE('',*,*,#4524,.F.);
#6195=ORIENTED_EDGE('',*,*,#4534,.T.);
#6196=ORIENTED_EDGE('',*,*,#4528,.T.);
#6197=ORIENTED_EDGE('',*,*,#4532,.F.);
#6198=ORIENTED_EDGE('',*,*,#4525,.F.);
#6199=ORIENTED_EDGE('',*,*,#4535,.T.);
#6200=ORIENTED_EDGE('',*,*,#4256,.F.);
#6201=ORIENTED_EDGE('',*,*,#4536,.T.);
#6202=ORIENTED_EDGE('',*,*,#4270,.T.);
#6203=ORIENTED_EDGE('',*,*,#4537,.T.);
#6204=ORIENTED_EDGE('',*,*,#4264,.T.);
#6205=ORIENTED_EDGE('',*,*,#4538,.T.);
#6206=ORIENTED_EDGE('',*,*,#4539,.F.);
#6207=ORIENTED_EDGE('',*,*,#4540,.F.);
#6208=ORIENTED_EDGE('',*,*,#4539,.T.);
#6209=ORIENTED_EDGE('',*,*,#4541,.T.);
#6210=ORIENTED_EDGE('',*,*,#4542,.F.);
#6211=ORIENTED_EDGE('',*,*,#4543,.F.);
#6212=ORIENTED_EDGE('',*,*,#4542,.T.);
#6213=ORIENTED_EDGE('',*,*,#4544,.T.);
#6214=ORIENTED_EDGE('',*,*,#4545,.F.);
#6215=ORIENTED_EDGE('',*,*,#4546,.T.);
#6216=ORIENTED_EDGE('',*,*,#4547,.T.);
#6217=ORIENTED_EDGE('',*,*,#4548,.T.);
#6218=ORIENTED_EDGE('',*,*,#4282,.T.);
#6219=ORIENTED_EDGE('',*,*,#4549,.T.);
#6220=ORIENTED_EDGE('',*,*,#4550,.T.);
#6221=ORIENTED_EDGE('',*,*,#4551,.F.);
#6222=ORIENTED_EDGE('',*,*,#4552,.T.);
#6223=ORIENTED_EDGE('',*,*,#4553,.T.);
#6224=ORIENTED_EDGE('',*,*,#4554,.F.);
#6225=ORIENTED_EDGE('',*,*,#4545,.T.);
#6226=ORIENTED_EDGE('',*,*,#4555,.F.);
#6227=ORIENTED_EDGE('',*,*,#4556,.T.);
#6228=ORIENTED_EDGE('',*,*,#4551,.T.);
#6229=ORIENTED_EDGE('',*,*,#4557,.T.);
#6230=ORIENTED_EDGE('',*,*,#4267,.F.);
#6231=ORIENTED_EDGE('',*,*,#4558,.T.);
#6232=ORIENTED_EDGE('',*,*,#4555,.T.);
#6233=ORIENTED_EDGE('',*,*,#4559,.T.);
#6234=ORIENTED_EDGE('',*,*,#4560,.F.);
#6235=ORIENTED_EDGE('',*,*,#4253,.T.);
#6236=ORIENTED_EDGE('',*,*,#4262,.T.);
#6237=ORIENTED_EDGE('',*,*,#4265,.T.);
#6238=ORIENTED_EDGE('',*,*,#4540,.T.);
#6239=ORIENTED_EDGE('',*,*,#4543,.T.);
#6240=ORIENTED_EDGE('',*,*,#4546,.F.);
#6241=ORIENTED_EDGE('',*,*,#4554,.T.);
#6242=ORIENTED_EDGE('',*,*,#4561,.F.);
#6243=ORIENTED_EDGE('',*,*,#4549,.F.);
#6244=ORIENTED_EDGE('',*,*,#4284,.F.);
#6245=ORIENTED_EDGE('',*,*,#4258,.F.);
#6246=ORIENTED_EDGE('',*,*,#4272,.T.);
#6247=ORIENTED_EDGE('',*,*,#4268,.T.);
#6248=ORIENTED_EDGE('',*,*,#4559,.F.);
#6249=ORIENTED_EDGE('',*,*,#4557,.F.);
#6250=ORIENTED_EDGE('',*,*,#4550,.F.);
#6251=ORIENTED_EDGE('',*,*,#4561,.T.);
#6252=ORIENTED_EDGE('',*,*,#4257,.F.);
#6253=ORIENTED_EDGE('',*,*,#4537,.F.);
#6254=ORIENTED_EDGE('',*,*,#4255,.F.);
#6255=ORIENTED_EDGE('',*,*,#4562,.F.);
#6256=ORIENTED_EDGE('',*,*,#4552,.F.);
#6257=ORIENTED_EDGE('',*,*,#4556,.F.);
#6258=ORIENTED_EDGE('',*,*,#4558,.F.);
#6259=ORIENTED_EDGE('',*,*,#4266,.T.);
#6260=ORIENTED_EDGE('',*,*,#4271,.F.);
#6261=ORIENTED_EDGE('',*,*,#4536,.F.);
#6262=ORIENTED_EDGE('',*,*,#4560,.T.);
#6263=ORIENTED_EDGE('',*,*,#4553,.F.);
#6264=ORIENTED_EDGE('',*,*,#4562,.T.);
#6265=ORIENTED_EDGE('',*,*,#4254,.F.);
#6266=ORIENTED_EDGE('',*,*,#4283,.F.);
#6267=ORIENTED_EDGE('',*,*,#4548,.F.);
#6268=ORIENTED_EDGE('',*,*,#4563,.F.);
#6269=ORIENTED_EDGE('',*,*,#4250,.T.);
#6270=ORIENTED_EDGE('',*,*,#4547,.F.);
#6271=ORIENTED_EDGE('',*,*,#4544,.F.);
#6272=ORIENTED_EDGE('',*,*,#4541,.F.);
#6273=ORIENTED_EDGE('',*,*,#4538,.F.);
#6274=ORIENTED_EDGE('',*,*,#4263,.F.);
#6275=ORIENTED_EDGE('',*,*,#4260,.F.);
#6276=ORIENTED_EDGE('',*,*,#4251,.F.);
#6277=ORIENTED_EDGE('',*,*,#4563,.T.);
#6278=ORIENTED_EDGE('',*,*,#4564,.F.);
#6279=ORIENTED_EDGE('',*,*,#4214,.F.);
#6280=ORIENTED_EDGE('',*,*,#4565,.T.);
#6281=ORIENTED_EDGE('',*,*,#4566,.T.);
#6282=ORIENTED_EDGE('',*,*,#4567,.F.);
#6283=ORIENTED_EDGE('',*,*,#4566,.F.);
#6284=ORIENTED_EDGE('',*,*,#4568,.T.);
#6285=ORIENTED_EDGE('',*,*,#4569,.T.);
#6286=ORIENTED_EDGE('',*,*,#4570,.F.);
#6287=ORIENTED_EDGE('',*,*,#4569,.F.);
#6288=ORIENTED_EDGE('',*,*,#4571,.T.);
#6289=ORIENTED_EDGE('',*,*,#4572,.T.);
#6290=ORIENTED_EDGE('',*,*,#4573,.F.);
#6291=ORIENTED_EDGE('',*,*,#4572,.F.);
#6292=ORIENTED_EDGE('',*,*,#4574,.T.);
#6293=ORIENTED_EDGE('',*,*,#4575,.T.);
#6294=ORIENTED_EDGE('',*,*,#4576,.F.);
#6295=ORIENTED_EDGE('',*,*,#4575,.F.);
#6296=ORIENTED_EDGE('',*,*,#4577,.F.);
#6297=ORIENTED_EDGE('',*,*,#4225,.T.);
#6298=ORIENTED_EDGE('',*,*,#4213,.F.);
#6299=ORIENTED_EDGE('',*,*,#4578,.T.);
#6300=ORIENTED_EDGE('',*,*,#4226,.F.);
#6301=ORIENTED_EDGE('',*,*,#4577,.T.);
#6302=ORIENTED_EDGE('',*,*,#4574,.F.);
#6303=ORIENTED_EDGE('',*,*,#4571,.F.);
#6304=ORIENTED_EDGE('',*,*,#4568,.F.);
#6305=ORIENTED_EDGE('',*,*,#4565,.F.);
#6306=ORIENTED_EDGE('',*,*,#4249,.T.);
#6307=ORIENTED_EDGE('',*,*,#4231,.T.);
#6308=ORIENTED_EDGE('',*,*,#4579,.T.);
#6309=ORIENTED_EDGE('',*,*,#4208,.T.);
#6310=ORIENTED_EDGE('',*,*,#4209,.T.);
#6311=ORIENTED_EDGE('',*,*,#4579,.F.);
#6312=ORIENTED_EDGE('',*,*,#4230,.T.);
#6313=ORIENTED_EDGE('',*,*,#4236,.T.);
#6314=ORIENTED_EDGE('',*,*,#4238,.T.);
#6315=ORIENTED_EDGE('',*,*,#4218,.F.);
#6316=ORIENTED_EDGE('',*,*,#4221,.F.);
#6317=ORIENTED_EDGE('',*,*,#4223,.T.);
#6318=ORIENTED_EDGE('',*,*,#4219,.T.);
#6319=ORIENTED_EDGE('',*,*,#4216,.F.);
#6320=ORIENTED_EDGE('',*,*,#4237,.T.);
#6321=ORIENTED_EDGE('',*,*,#4234,.T.);
#6322=ORIENTED_EDGE('',*,*,#4228,.T.);
#6323=ORIENTED_EDGE('',*,*,#4580,.T.);
#6324=ORIENTED_EDGE('',*,*,#4211,.T.);
#6325=ORIENTED_EDGE('',*,*,#4222,.T.);
#6326=ORIENTED_EDGE('',*,*,#4580,.F.);
#6327=ORIENTED_EDGE('',*,*,#4227,.T.);
#6328=ORIENTED_EDGE('',*,*,#4578,.F.);
#6329=ORIENTED_EDGE('',*,*,#4212,.T.);
#6330=ORIENTED_EDGE('',*,*,#4248,.T.);
#6331=ORIENTED_EDGE('',*,*,#4206,.F.);
#6332=ORIENTED_EDGE('',*,*,#4581,.T.);
#6333=ORIENTED_EDGE('',*,*,#4233,.T.);
#6334=ORIENTED_EDGE('',*,*,#4224,.T.);
#6335=ORIENTED_EDGE('',*,*,#4581,.F.);
#6336=ORIENTED_EDGE('',*,*,#4205,.T.);
#6337=ORIENTED_EDGE('',*,*,#4564,.T.);
#6338=ORIENTED_EDGE('',*,*,#4567,.T.);
#6339=ORIENTED_EDGE('',*,*,#4570,.T.);
#6340=ORIENTED_EDGE('',*,*,#4573,.T.);
#6341=ORIENTED_EDGE('',*,*,#4576,.T.);
#6342=ORIENTED_EDGE('',*,*,#4440,.T.);
#6343=ORIENTED_EDGE('',*,*,#4170,.T.);
#6344=ORIENTED_EDGE('',*,*,#4582,.F.);
#6345=ORIENTED_EDGE('',*,*,#4583,.T.);
#6346=ORIENTED_EDGE('',*,*,#4169,.F.);
#6347=ORIENTED_EDGE('',*,*,#4198,.T.);
#6348=ORIENTED_EDGE('',*,*,#4360,.F.);
#6349=ORIENTED_EDGE('',*,*,#4584,.T.);
#6350=ORIENTED_EDGE('',*,*,#4585,.T.);
#6351=ORIENTED_EDGE('',*,*,#4582,.T.);
#6352=ORIENTED_EDGE('',*,*,#4442,.T.);
#6353=ORIENTED_EDGE('',*,*,#4586,.F.);
#6354=ORIENTED_EDGE('',*,*,#4584,.F.);
#6355=ORIENTED_EDGE('',*,*,#4359,.T.);
#6356=ORIENTED_EDGE('',*,*,#4441,.T.);
#6357=ORIENTED_EDGE('',*,*,#4583,.F.);
#6358=ORIENTED_EDGE('',*,*,#4585,.F.);
#6359=ORIENTED_EDGE('',*,*,#4586,.T.);
#6360=ORIENTED_EDGE('',*,*,#4587,.F.);
#6361=ORIENTED_EDGE('',*,*,#4588,.F.);
#6362=ORIENTED_EDGE('',*,*,#4589,.T.);
#6363=ORIENTED_EDGE('',*,*,#4310,.T.);
#6364=ORIENTED_EDGE('',*,*,#4590,.F.);
#6365=ORIENTED_EDGE('',*,*,#4591,.T.);
#6366=ORIENTED_EDGE('',*,*,#4592,.T.);
#6367=ORIENTED_EDGE('',*,*,#4593,.T.);
#6368=ORIENTED_EDGE('',*,*,#4594,.F.);
#6369=ORIENTED_EDGE('',*,*,#4298,.F.);
#6370=ORIENTED_EDGE('',*,*,#4595,.T.);
#6371=ORIENTED_EDGE('',*,*,#4596,.T.);
#6372=ORIENTED_EDGE('',*,*,#4597,.F.);
#6373=ORIENTED_EDGE('',*,*,#4596,.F.);
#6374=ORIENTED_EDGE('',*,*,#4598,.T.);
#6375=ORIENTED_EDGE('',*,*,#4599,.T.);
#6376=ORIENTED_EDGE('',*,*,#4600,.F.);
#6377=ORIENTED_EDGE('',*,*,#4593,.F.);
#6378=ORIENTED_EDGE('',*,*,#4601,.T.);
#6379=ORIENTED_EDGE('',*,*,#4602,.T.);
#6380=ORIENTED_EDGE('',*,*,#4603,.F.);
#6381=ORIENTED_EDGE('',*,*,#4599,.F.);
#6382=ORIENTED_EDGE('',*,*,#4604,.T.);
#6383=ORIENTED_EDGE('',*,*,#4588,.T.);
#6384=ORIENTED_EDGE('',*,*,#4589,.F.);
#6385=ORIENTED_EDGE('',*,*,#4604,.F.);
#6386=ORIENTED_EDGE('',*,*,#4598,.F.);
#6387=ORIENTED_EDGE('',*,*,#4595,.F.);
#6388=ORIENTED_EDGE('',*,*,#4297,.F.);
#6389=ORIENTED_EDGE('',*,*,#4311,.F.);
#6390=ORIENTED_EDGE('',*,*,#4587,.T.);
#6391=ORIENTED_EDGE('',*,*,#4309,.T.);
#6392=ORIENTED_EDGE('',*,*,#4299,.T.);
#6393=ORIENTED_EDGE('',*,*,#4594,.T.);
#6394=ORIENTED_EDGE('',*,*,#4600,.T.);
#6395=ORIENTED_EDGE('',*,*,#4603,.T.);
#6396=ORIENTED_EDGE('',*,*,#4605,.F.);
#6397=ORIENTED_EDGE('',*,*,#4606,.F.);
#6398=ORIENTED_EDGE('',*,*,#4607,.T.);
#6399=ORIENTED_EDGE('',*,*,#4307,.T.);
#6400=ORIENTED_EDGE('',*,*,#4608,.F.);
#6401=ORIENTED_EDGE('',*,*,#4609,.T.);
#6402=ORIENTED_EDGE('',*,*,#4610,.T.);
#6403=ORIENTED_EDGE('',*,*,#4611,.T.);
#6404=ORIENTED_EDGE('',*,*,#4612,.F.);
#6405=ORIENTED_EDGE('',*,*,#4302,.F.);
#6406=ORIENTED_EDGE('',*,*,#4613,.T.);
#6407=ORIENTED_EDGE('',*,*,#4614,.T.);
#6408=ORIENTED_EDGE('',*,*,#4615,.F.);
#6409=ORIENTED_EDGE('',*,*,#4614,.F.);
#6410=ORIENTED_EDGE('',*,*,#4616,.T.);
#6411=ORIENTED_EDGE('',*,*,#4617,.T.);
#6412=ORIENTED_EDGE('',*,*,#4618,.F.);
#6413=ORIENTED_EDGE('',*,*,#4611,.F.);
#6414=ORIENTED_EDGE('',*,*,#4619,.T.);
#6415=ORIENTED_EDGE('',*,*,#4620,.T.);
#6416=ORIENTED_EDGE('',*,*,#4621,.F.);
#6417=ORIENTED_EDGE('',*,*,#4617,.F.);
#6418=ORIENTED_EDGE('',*,*,#4622,.T.);
#6419=ORIENTED_EDGE('',*,*,#4606,.T.);
#6420=ORIENTED_EDGE('',*,*,#4607,.F.);
#6421=ORIENTED_EDGE('',*,*,#4622,.F.);
#6422=ORIENTED_EDGE('',*,*,#4616,.F.);
#6423=ORIENTED_EDGE('',*,*,#4613,.F.);
#6424=ORIENTED_EDGE('',*,*,#4301,.F.);
#6425=ORIENTED_EDGE('',*,*,#4308,.F.);
#6426=ORIENTED_EDGE('',*,*,#4605,.T.);
#6427=ORIENTED_EDGE('',*,*,#4306,.T.);
#6428=ORIENTED_EDGE('',*,*,#4303,.T.);
#6429=ORIENTED_EDGE('',*,*,#4612,.T.);
#6430=ORIENTED_EDGE('',*,*,#4618,.T.);
#6431=ORIENTED_EDGE('',*,*,#4621,.T.);
#6432=ORIENTED_EDGE('',*,*,#4623,.F.);
#6433=ORIENTED_EDGE('',*,*,#4624,.F.);
#6434=ORIENTED_EDGE('',*,*,#4625,.T.);
#6435=ORIENTED_EDGE('',*,*,#4304,.T.);
#6436=ORIENTED_EDGE('',*,*,#4626,.F.);
#6437=ORIENTED_EDGE('',*,*,#4627,.T.);
#6438=ORIENTED_EDGE('',*,*,#4628,.T.);
#6439=ORIENTED_EDGE('',*,*,#4629,.T.);
#6440=ORIENTED_EDGE('',*,*,#4630,.F.);
#6441=ORIENTED_EDGE('',*,*,#4287,.F.);
#6442=ORIENTED_EDGE('',*,*,#4631,.T.);
#6443=ORIENTED_EDGE('',*,*,#4632,.T.);
#6444=ORIENTED_EDGE('',*,*,#4633,.F.);
#6445=ORIENTED_EDGE('',*,*,#4632,.F.);
#6446=ORIENTED_EDGE('',*,*,#4634,.T.);
#6447=ORIENTED_EDGE('',*,*,#4635,.T.);
#6448=ORIENTED_EDGE('',*,*,#4636,.F.);
#6449=ORIENTED_EDGE('',*,*,#4629,.F.);
#6450=ORIENTED_EDGE('',*,*,#4637,.T.);
#6451=ORIENTED_EDGE('',*,*,#4638,.T.);
#6452=ORIENTED_EDGE('',*,*,#4639,.F.);
#6453=ORIENTED_EDGE('',*,*,#4635,.F.);
#6454=ORIENTED_EDGE('',*,*,#4640,.T.);
#6455=ORIENTED_EDGE('',*,*,#4624,.T.);
#6456=ORIENTED_EDGE('',*,*,#4625,.F.);
#6457=ORIENTED_EDGE('',*,*,#4640,.F.);
#6458=ORIENTED_EDGE('',*,*,#4634,.F.);
#6459=ORIENTED_EDGE('',*,*,#4631,.F.);
#6460=ORIENTED_EDGE('',*,*,#4286,.F.);
#6461=ORIENTED_EDGE('',*,*,#4305,.F.);
#6462=ORIENTED_EDGE('',*,*,#4623,.T.);
#6463=ORIENTED_EDGE('',*,*,#4320,.T.);
#6464=ORIENTED_EDGE('',*,*,#4288,.T.);
#6465=ORIENTED_EDGE('',*,*,#4630,.T.);
#6466=ORIENTED_EDGE('',*,*,#4636,.T.);
#6467=ORIENTED_EDGE('',*,*,#4639,.T.);
#6468=ORIENTED_EDGE('',*,*,#4641,.T.);
#6469=ORIENTED_EDGE('',*,*,#4642,.F.);
#6470=ORIENTED_EDGE('',*,*,#4643,.F.);
#6471=ORIENTED_EDGE('',*,*,#4644,.T.);
#6472=ORIENTED_EDGE('',*,*,#4645,.T.);
#6473=ORIENTED_EDGE('',*,*,#4646,.F.);
#6474=ORIENTED_EDGE('',*,*,#4647,.F.);
#6475=ORIENTED_EDGE('',*,*,#4642,.T.);
#6476=ORIENTED_EDGE('',*,*,#4648,.T.);
#6477=ORIENTED_EDGE('',*,*,#4649,.F.);
#6478=ORIENTED_EDGE('',*,*,#4650,.F.);
#6479=ORIENTED_EDGE('',*,*,#4646,.T.);
#6480=ORIENTED_EDGE('',*,*,#4651,.T.);
#6481=ORIENTED_EDGE('',*,*,#4652,.F.);
#6482=ORIENTED_EDGE('',*,*,#4653,.F.);
#6483=ORIENTED_EDGE('',*,*,#4649,.T.);
#6484=ORIENTED_EDGE('',*,*,#4654,.T.);
#6485=ORIENTED_EDGE('',*,*,#4655,.F.);
#6486=ORIENTED_EDGE('',*,*,#4656,.F.);
#6487=ORIENTED_EDGE('',*,*,#4652,.T.);
#6488=ORIENTED_EDGE('',*,*,#4657,.T.);
#6489=ORIENTED_EDGE('',*,*,#4658,.F.);
#6490=ORIENTED_EDGE('',*,*,#4659,.F.);
#6491=ORIENTED_EDGE('',*,*,#4655,.T.);
#6492=ORIENTED_EDGE('',*,*,#4660,.T.);
#6493=ORIENTED_EDGE('',*,*,#4626,.T.);
#6494=ORIENTED_EDGE('',*,*,#4633,.T.);
#6495=ORIENTED_EDGE('',*,*,#4661,.T.);
#6496=ORIENTED_EDGE('',*,*,#4643,.T.);
#6497=ORIENTED_EDGE('',*,*,#4647,.T.);
#6498=ORIENTED_EDGE('',*,*,#4650,.T.);
#6499=ORIENTED_EDGE('',*,*,#4653,.T.);
#6500=ORIENTED_EDGE('',*,*,#4656,.T.);
#6501=ORIENTED_EDGE('',*,*,#4659,.T.);
#6502=ORIENTED_EDGE('',*,*,#4628,.F.);
#6503=ORIENTED_EDGE('',*,*,#4662,.F.);
#6504=ORIENTED_EDGE('',*,*,#4657,.F.);
#6505=ORIENTED_EDGE('',*,*,#4654,.F.);
#6506=ORIENTED_EDGE('',*,*,#4651,.F.);
#6507=ORIENTED_EDGE('',*,*,#4648,.F.);
#6508=ORIENTED_EDGE('',*,*,#4645,.F.);
#6509=ORIENTED_EDGE('',*,*,#4641,.F.);
#6510=ORIENTED_EDGE('',*,*,#4663,.F.);
#6511=ORIENTED_EDGE('',*,*,#4637,.F.);
#6512=ORIENTED_EDGE('',*,*,#4638,.F.);
#6513=ORIENTED_EDGE('',*,*,#4663,.T.);
#6514=ORIENTED_EDGE('',*,*,#4644,.F.);
#6515=ORIENTED_EDGE('',*,*,#4661,.F.);
#6516=ORIENTED_EDGE('',*,*,#4627,.F.);
#6517=ORIENTED_EDGE('',*,*,#4660,.F.);
#6518=ORIENTED_EDGE('',*,*,#4658,.T.);
#6519=ORIENTED_EDGE('',*,*,#4662,.T.);
#6520=ORIENTED_EDGE('',*,*,#4664,.T.);
#6521=ORIENTED_EDGE('',*,*,#4665,.F.);
#6522=ORIENTED_EDGE('',*,*,#4666,.F.);
#6523=ORIENTED_EDGE('',*,*,#4667,.T.);
#6524=ORIENTED_EDGE('',*,*,#4668,.T.);
#6525=ORIENTED_EDGE('',*,*,#4669,.F.);
#6526=ORIENTED_EDGE('',*,*,#4670,.F.);
#6527=ORIENTED_EDGE('',*,*,#4665,.T.);
#6528=ORIENTED_EDGE('',*,*,#4671,.T.);
#6529=ORIENTED_EDGE('',*,*,#4672,.F.);
#6530=ORIENTED_EDGE('',*,*,#4673,.F.);
#6531=ORIENTED_EDGE('',*,*,#4669,.T.);
#6532=ORIENTED_EDGE('',*,*,#4674,.T.);
#6533=ORIENTED_EDGE('',*,*,#4675,.F.);
#6534=ORIENTED_EDGE('',*,*,#4676,.F.);
#6535=ORIENTED_EDGE('',*,*,#4672,.T.);
#6536=ORIENTED_EDGE('',*,*,#4677,.T.);
#6537=ORIENTED_EDGE('',*,*,#4678,.F.);
#6538=ORIENTED_EDGE('',*,*,#4679,.F.);
#6539=ORIENTED_EDGE('',*,*,#4675,.T.);
#6540=ORIENTED_EDGE('',*,*,#4680,.T.);
#6541=ORIENTED_EDGE('',*,*,#4681,.F.);
#6542=ORIENTED_EDGE('',*,*,#4682,.F.);
#6543=ORIENTED_EDGE('',*,*,#4678,.T.);
#6544=ORIENTED_EDGE('',*,*,#4683,.T.);
#6545=ORIENTED_EDGE('',*,*,#4608,.T.);
#6546=ORIENTED_EDGE('',*,*,#4615,.T.);
#6547=ORIENTED_EDGE('',*,*,#4684,.T.);
#6548=ORIENTED_EDGE('',*,*,#4666,.T.);
#6549=ORIENTED_EDGE('',*,*,#4670,.T.);
#6550=ORIENTED_EDGE('',*,*,#4673,.T.);
#6551=ORIENTED_EDGE('',*,*,#4676,.T.);
#6552=ORIENTED_EDGE('',*,*,#4679,.T.);
#6553=ORIENTED_EDGE('',*,*,#4682,.T.);
#6554=ORIENTED_EDGE('',*,*,#4610,.F.);
#6555=ORIENTED_EDGE('',*,*,#4685,.F.);
#6556=ORIENTED_EDGE('',*,*,#4680,.F.);
#6557=ORIENTED_EDGE('',*,*,#4677,.F.);
#6558=ORIENTED_EDGE('',*,*,#4674,.F.);
#6559=ORIENTED_EDGE('',*,*,#4671,.F.);
#6560=ORIENTED_EDGE('',*,*,#4668,.F.);
#6561=ORIENTED_EDGE('',*,*,#4664,.F.);
#6562=ORIENTED_EDGE('',*,*,#4686,.F.);
#6563=ORIENTED_EDGE('',*,*,#4619,.F.);
#6564=ORIENTED_EDGE('',*,*,#4620,.F.);
#6565=ORIENTED_EDGE('',*,*,#4686,.T.);
#6566=ORIENTED_EDGE('',*,*,#4667,.F.);
#6567=ORIENTED_EDGE('',*,*,#4684,.F.);
#6568=ORIENTED_EDGE('',*,*,#4609,.F.);
#6569=ORIENTED_EDGE('',*,*,#4683,.F.);
#6570=ORIENTED_EDGE('',*,*,#4681,.T.);
#6571=ORIENTED_EDGE('',*,*,#4685,.T.);
#6572=ORIENTED_EDGE('',*,*,#4687,.T.);
#6573=ORIENTED_EDGE('',*,*,#4688,.F.);
#6574=ORIENTED_EDGE('',*,*,#4689,.F.);
#6575=ORIENTED_EDGE('',*,*,#4690,.T.);
#6576=ORIENTED_EDGE('',*,*,#4691,.T.);
#6577=ORIENTED_EDGE('',*,*,#4692,.F.);
#6578=ORIENTED_EDGE('',*,*,#4693,.F.);
#6579=ORIENTED_EDGE('',*,*,#4688,.T.);
#6580=ORIENTED_EDGE('',*,*,#4694,.T.);
#6581=ORIENTED_EDGE('',*,*,#4695,.F.);
#6582=ORIENTED_EDGE('',*,*,#4696,.F.);
#6583=ORIENTED_EDGE('',*,*,#4692,.T.);
#6584=ORIENTED_EDGE('',*,*,#4697,.T.);
#6585=ORIENTED_EDGE('',*,*,#4698,.F.);
#6586=ORIENTED_EDGE('',*,*,#4699,.F.);
#6587=ORIENTED_EDGE('',*,*,#4695,.T.);
#6588=ORIENTED_EDGE('',*,*,#4700,.T.);
#6589=ORIENTED_EDGE('',*,*,#4701,.F.);
#6590=ORIENTED_EDGE('',*,*,#4702,.F.);
#6591=ORIENTED_EDGE('',*,*,#4698,.T.);
#6592=ORIENTED_EDGE('',*,*,#4703,.T.);
#6593=ORIENTED_EDGE('',*,*,#4704,.F.);
#6594=ORIENTED_EDGE('',*,*,#4705,.F.);
#6595=ORIENTED_EDGE('',*,*,#4701,.T.);
#6596=ORIENTED_EDGE('',*,*,#4706,.T.);
#6597=ORIENTED_EDGE('',*,*,#4590,.T.);
#6598=ORIENTED_EDGE('',*,*,#4597,.T.);
#6599=ORIENTED_EDGE('',*,*,#4707,.T.);
#6600=ORIENTED_EDGE('',*,*,#4689,.T.);
#6601=ORIENTED_EDGE('',*,*,#4693,.T.);
#6602=ORIENTED_EDGE('',*,*,#4696,.T.);
#6603=ORIENTED_EDGE('',*,*,#4699,.T.);
#6604=ORIENTED_EDGE('',*,*,#4702,.T.);
#6605=ORIENTED_EDGE('',*,*,#4705,.T.);
#6606=ORIENTED_EDGE('',*,*,#4592,.F.);
#6607=ORIENTED_EDGE('',*,*,#4708,.F.);
#6608=ORIENTED_EDGE('',*,*,#4703,.F.);
#6609=ORIENTED_EDGE('',*,*,#4700,.F.);
#6610=ORIENTED_EDGE('',*,*,#4697,.F.);
#6611=ORIENTED_EDGE('',*,*,#4694,.F.);
#6612=ORIENTED_EDGE('',*,*,#4691,.F.);
#6613=ORIENTED_EDGE('',*,*,#4687,.F.);
#6614=ORIENTED_EDGE('',*,*,#4709,.F.);
#6615=ORIENTED_EDGE('',*,*,#4601,.F.);
#6616=ORIENTED_EDGE('',*,*,#4602,.F.);
#6617=ORIENTED_EDGE('',*,*,#4709,.T.);
#6618=ORIENTED_EDGE('',*,*,#4690,.F.);
#6619=ORIENTED_EDGE('',*,*,#4707,.F.);
#6620=ORIENTED_EDGE('',*,*,#4591,.F.);
#6621=ORIENTED_EDGE('',*,*,#4706,.F.);
#6622=ORIENTED_EDGE('',*,*,#4704,.T.);
#6623=ORIENTED_EDGE('',*,*,#4708,.T.);
#6624=ORIENTED_EDGE('',*,*,#4710,.T.);
#6625=ORIENTED_EDGE('',*,*,#4711,.F.);
#6626=ORIENTED_EDGE('',*,*,#4712,.F.);
#6627=ORIENTED_EDGE('',*,*,#4713,.T.);
#6628=ORIENTED_EDGE('',*,*,#4714,.T.);
#6629=ORIENTED_EDGE('',*,*,#4715,.F.);
#6630=ORIENTED_EDGE('',*,*,#4716,.F.);
#6631=ORIENTED_EDGE('',*,*,#4711,.T.);
#6632=ORIENTED_EDGE('',*,*,#4717,.T.);
#6633=ORIENTED_EDGE('',*,*,#4718,.F.);
#6634=ORIENTED_EDGE('',*,*,#4719,.F.);
#6635=ORIENTED_EDGE('',*,*,#4715,.T.);
#6636=ORIENTED_EDGE('',*,*,#4720,.T.);
#6637=ORIENTED_EDGE('',*,*,#4721,.F.);
#6638=ORIENTED_EDGE('',*,*,#4722,.F.);
#6639=ORIENTED_EDGE('',*,*,#4718,.T.);
#6640=ORIENTED_EDGE('',*,*,#4723,.T.);
#6641=ORIENTED_EDGE('',*,*,#4724,.F.);
#6642=ORIENTED_EDGE('',*,*,#4725,.F.);
#6643=ORIENTED_EDGE('',*,*,#4721,.T.);
#6644=ORIENTED_EDGE('',*,*,#4726,.F.);
#6645=ORIENTED_EDGE('',*,*,#4185,.T.);
#6646=ORIENTED_EDGE('',*,*,#4417,.F.);
#6647=ORIENTED_EDGE('',*,*,#4727,.F.);
#6648=ORIENTED_EDGE('',*,*,#4723,.F.);
#6649=ORIENTED_EDGE('',*,*,#4720,.F.);
#6650=ORIENTED_EDGE('',*,*,#4717,.F.);
#6651=ORIENTED_EDGE('',*,*,#4714,.F.);
#6652=ORIENTED_EDGE('',*,*,#4710,.F.);
#6653=ORIENTED_EDGE('',*,*,#4187,.F.);
#6654=ORIENTED_EDGE('',*,*,#4728,.T.);
#6655=ORIENTED_EDGE('',*,*,#4712,.T.);
#6656=ORIENTED_EDGE('',*,*,#4716,.T.);
#6657=ORIENTED_EDGE('',*,*,#4719,.T.);
#6658=ORIENTED_EDGE('',*,*,#4722,.T.);
#6659=ORIENTED_EDGE('',*,*,#4725,.T.);
#6660=ORIENTED_EDGE('',*,*,#4729,.T.);
#6661=ORIENTED_EDGE('',*,*,#4415,.T.);
#6662=ORIENTED_EDGE('',*,*,#4416,.F.);
#6663=ORIENTED_EDGE('',*,*,#4729,.F.);
#6664=ORIENTED_EDGE('',*,*,#4724,.T.);
#6665=ORIENTED_EDGE('',*,*,#4727,.T.);
#6666=ORIENTED_EDGE('',*,*,#4728,.F.);
#6667=ORIENTED_EDGE('',*,*,#4186,.T.);
#6668=ORIENTED_EDGE('',*,*,#4726,.T.);
#6669=ORIENTED_EDGE('',*,*,#4713,.F.);
#6670=ORIENTED_EDGE('',*,*,#4730,.T.);
#6671=ORIENTED_EDGE('',*,*,#4388,.T.);
#6672=ORIENTED_EDGE('',*,*,#4731,.F.);
#6673=ORIENTED_EDGE('',*,*,#4732,.T.);
#6674=ORIENTED_EDGE('',*,*,#4387,.F.);
#6675=ORIENTED_EDGE('',*,*,#4411,.T.);
#6676=ORIENTED_EDGE('',*,*,#4733,.T.);
#6677=ORIENTED_EDGE('',*,*,#4734,.T.);
#6678=ORIENTED_EDGE('',*,*,#4735,.T.);
#6679=ORIENTED_EDGE('',*,*,#4736,.T.);
#6680=ORIENTED_EDGE('',*,*,#4737,.T.);
#6681=ORIENTED_EDGE('',*,*,#4731,.T.);
#6682=ORIENTED_EDGE('',*,*,#4409,.F.);
#6683=ORIENTED_EDGE('',*,*,#4389,.T.);
#6684=ORIENTED_EDGE('',*,*,#4730,.F.);
#6685=ORIENTED_EDGE('',*,*,#4738,.F.);
#6686=ORIENTED_EDGE('',*,*,#4739,.F.);
#6687=ORIENTED_EDGE('',*,*,#4740,.F.);
#6688=ORIENTED_EDGE('',*,*,#4741,.F.);
#6689=ORIENTED_EDGE('',*,*,#4742,.F.);
#6690=ORIENTED_EDGE('',*,*,#4738,.T.);
#6691=ORIENTED_EDGE('',*,*,#4732,.F.);
#6692=ORIENTED_EDGE('',*,*,#4737,.F.);
#6693=ORIENTED_EDGE('',*,*,#4743,.T.);
#6694=ORIENTED_EDGE('',*,*,#4410,.F.);
#6695=ORIENTED_EDGE('',*,*,#4742,.T.);
#6696=ORIENTED_EDGE('',*,*,#4744,.F.);
#6697=ORIENTED_EDGE('',*,*,#4733,.F.);
#6698=ORIENTED_EDGE('',*,*,#4741,.T.);
#6699=ORIENTED_EDGE('',*,*,#4745,.F.);
#6700=ORIENTED_EDGE('',*,*,#4734,.F.);
#6701=ORIENTED_EDGE('',*,*,#4744,.T.);
#6702=ORIENTED_EDGE('',*,*,#4740,.T.);
#6703=ORIENTED_EDGE('',*,*,#4746,.F.);
#6704=ORIENTED_EDGE('',*,*,#4735,.F.);
#6705=ORIENTED_EDGE('',*,*,#4745,.T.);
#6706=ORIENTED_EDGE('',*,*,#4739,.T.);
#6707=ORIENTED_EDGE('',*,*,#4743,.F.);
#6708=ORIENTED_EDGE('',*,*,#4736,.F.);
#6709=ORIENTED_EDGE('',*,*,#4746,.T.);
#6710=ORIENTED_EDGE('',*,*,#4747,.T.);
#6711=ORIENTED_EDGE('',*,*,#4748,.F.);
#6712=ORIENTED_EDGE('',*,*,#4749,.F.);
#6713=ORIENTED_EDGE('',*,*,#4750,.T.);
#6714=ORIENTED_EDGE('',*,*,#4751,.T.);
#6715=ORIENTED_EDGE('',*,*,#4752,.F.);
#6716=ORIENTED_EDGE('',*,*,#4753,.F.);
#6717=ORIENTED_EDGE('',*,*,#4748,.T.);
#6718=ORIENTED_EDGE('',*,*,#4754,.T.);
#6719=ORIENTED_EDGE('',*,*,#4755,.F.);
#6720=ORIENTED_EDGE('',*,*,#4756,.F.);
#6721=ORIENTED_EDGE('',*,*,#4752,.T.);
#6722=ORIENTED_EDGE('',*,*,#4757,.T.);
#6723=ORIENTED_EDGE('',*,*,#4758,.F.);
#6724=ORIENTED_EDGE('',*,*,#4759,.F.);
#6725=ORIENTED_EDGE('',*,*,#4755,.T.);
#6726=ORIENTED_EDGE('',*,*,#4760,.T.);
#6727=ORIENTED_EDGE('',*,*,#4761,.F.);
#6728=ORIENTED_EDGE('',*,*,#4762,.F.);
#6729=ORIENTED_EDGE('',*,*,#4758,.T.);
#6730=ORIENTED_EDGE('',*,*,#4763,.F.);
#6731=ORIENTED_EDGE('',*,*,#4181,.T.);
#6732=ORIENTED_EDGE('',*,*,#4420,.F.);
#6733=ORIENTED_EDGE('',*,*,#4764,.F.);
#6734=ORIENTED_EDGE('',*,*,#4760,.F.);
#6735=ORIENTED_EDGE('',*,*,#4757,.F.);
#6736=ORIENTED_EDGE('',*,*,#4754,.F.);
#6737=ORIENTED_EDGE('',*,*,#4751,.F.);
#6738=ORIENTED_EDGE('',*,*,#4747,.F.);
#6739=ORIENTED_EDGE('',*,*,#4183,.F.);
#6740=ORIENTED_EDGE('',*,*,#4765,.T.);
#6741=ORIENTED_EDGE('',*,*,#4749,.T.);
#6742=ORIENTED_EDGE('',*,*,#4753,.T.);
#6743=ORIENTED_EDGE('',*,*,#4756,.T.);
#6744=ORIENTED_EDGE('',*,*,#4759,.T.);
#6745=ORIENTED_EDGE('',*,*,#4762,.T.);
#6746=ORIENTED_EDGE('',*,*,#4766,.T.);
#6747=ORIENTED_EDGE('',*,*,#4418,.T.);
#6748=ORIENTED_EDGE('',*,*,#4419,.F.);
#6749=ORIENTED_EDGE('',*,*,#4766,.F.);
#6750=ORIENTED_EDGE('',*,*,#4761,.T.);
#6751=ORIENTED_EDGE('',*,*,#4764,.T.);
#6752=ORIENTED_EDGE('',*,*,#4765,.F.);
#6753=ORIENTED_EDGE('',*,*,#4182,.T.);
#6754=ORIENTED_EDGE('',*,*,#4763,.T.);
#6755=ORIENTED_EDGE('',*,*,#4750,.F.);
#6756=ORIENTED_EDGE('',*,*,#4767,.T.);
#6757=ORIENTED_EDGE('',*,*,#4392,.T.);
#6758=ORIENTED_EDGE('',*,*,#4768,.F.);
#6759=ORIENTED_EDGE('',*,*,#4769,.T.);
#6760=ORIENTED_EDGE('',*,*,#4391,.F.);
#6761=ORIENTED_EDGE('',*,*,#4408,.T.);
#6762=ORIENTED_EDGE('',*,*,#4770,.T.);
#6763=ORIENTED_EDGE('',*,*,#4771,.T.);
#6764=ORIENTED_EDGE('',*,*,#4772,.T.);
#6765=ORIENTED_EDGE('',*,*,#4773,.T.);
#6766=ORIENTED_EDGE('',*,*,#4774,.T.);
#6767=ORIENTED_EDGE('',*,*,#4768,.T.);
#6768=ORIENTED_EDGE('',*,*,#4406,.F.);
#6769=ORIENTED_EDGE('',*,*,#4393,.T.);
#6770=ORIENTED_EDGE('',*,*,#4767,.F.);
#6771=ORIENTED_EDGE('',*,*,#4775,.F.);
#6772=ORIENTED_EDGE('',*,*,#4776,.F.);
#6773=ORIENTED_EDGE('',*,*,#4777,.F.);
#6774=ORIENTED_EDGE('',*,*,#4778,.F.);
#6775=ORIENTED_EDGE('',*,*,#4779,.F.);
#6776=ORIENTED_EDGE('',*,*,#4775,.T.);
#6777=ORIENTED_EDGE('',*,*,#4769,.F.);
#6778=ORIENTED_EDGE('',*,*,#4774,.F.);
#6779=ORIENTED_EDGE('',*,*,#4780,.T.);
#6780=ORIENTED_EDGE('',*,*,#4407,.F.);
#6781=ORIENTED_EDGE('',*,*,#4779,.T.);
#6782=ORIENTED_EDGE('',*,*,#4781,.F.);
#6783=ORIENTED_EDGE('',*,*,#4770,.F.);
#6784=ORIENTED_EDGE('',*,*,#4778,.T.);
#6785=ORIENTED_EDGE('',*,*,#4782,.F.);
#6786=ORIENTED_EDGE('',*,*,#4771,.F.);
#6787=ORIENTED_EDGE('',*,*,#4781,.T.);
#6788=ORIENTED_EDGE('',*,*,#4777,.T.);
#6789=ORIENTED_EDGE('',*,*,#4783,.F.);
#6790=ORIENTED_EDGE('',*,*,#4772,.F.);
#6791=ORIENTED_EDGE('',*,*,#4782,.T.);
#6792=ORIENTED_EDGE('',*,*,#4776,.T.);
#6793=ORIENTED_EDGE('',*,*,#4780,.F.);
#6794=ORIENTED_EDGE('',*,*,#4773,.F.);
#6795=ORIENTED_EDGE('',*,*,#4783,.T.);
#6796=ORIENTED_EDGE('',*,*,#4784,.T.);
#6797=ORIENTED_EDGE('',*,*,#4785,.F.);
#6798=ORIENTED_EDGE('',*,*,#4786,.F.);
#6799=ORIENTED_EDGE('',*,*,#4787,.T.);
#6800=ORIENTED_EDGE('',*,*,#4788,.T.);
#6801=ORIENTED_EDGE('',*,*,#4789,.F.);
#6802=ORIENTED_EDGE('',*,*,#4790,.F.);
#6803=ORIENTED_EDGE('',*,*,#4785,.T.);
#6804=ORIENTED_EDGE('',*,*,#4791,.T.);
#6805=ORIENTED_EDGE('',*,*,#4792,.F.);
#6806=ORIENTED_EDGE('',*,*,#4793,.F.);
#6807=ORIENTED_EDGE('',*,*,#4789,.T.);
#6808=ORIENTED_EDGE('',*,*,#4794,.T.);
#6809=ORIENTED_EDGE('',*,*,#4795,.F.);
#6810=ORIENTED_EDGE('',*,*,#4796,.F.);
#6811=ORIENTED_EDGE('',*,*,#4792,.T.);
#6812=ORIENTED_EDGE('',*,*,#4797,.T.);
#6813=ORIENTED_EDGE('',*,*,#4798,.F.);
#6814=ORIENTED_EDGE('',*,*,#4799,.F.);
#6815=ORIENTED_EDGE('',*,*,#4795,.T.);
#6816=ORIENTED_EDGE('',*,*,#4800,.F.);
#6817=ORIENTED_EDGE('',*,*,#4177,.T.);
#6818=ORIENTED_EDGE('',*,*,#4423,.F.);
#6819=ORIENTED_EDGE('',*,*,#4801,.F.);
#6820=ORIENTED_EDGE('',*,*,#4797,.F.);
#6821=ORIENTED_EDGE('',*,*,#4794,.F.);
#6822=ORIENTED_EDGE('',*,*,#4791,.F.);
#6823=ORIENTED_EDGE('',*,*,#4788,.F.);
#6824=ORIENTED_EDGE('',*,*,#4784,.F.);
#6825=ORIENTED_EDGE('',*,*,#4179,.F.);
#6826=ORIENTED_EDGE('',*,*,#4802,.T.);
#6827=ORIENTED_EDGE('',*,*,#4786,.T.);
#6828=ORIENTED_EDGE('',*,*,#4790,.T.);
#6829=ORIENTED_EDGE('',*,*,#4793,.T.);
#6830=ORIENTED_EDGE('',*,*,#4796,.T.);
#6831=ORIENTED_EDGE('',*,*,#4799,.T.);
#6832=ORIENTED_EDGE('',*,*,#4803,.T.);
#6833=ORIENTED_EDGE('',*,*,#4421,.T.);
#6834=ORIENTED_EDGE('',*,*,#4422,.F.);
#6835=ORIENTED_EDGE('',*,*,#4803,.F.);
#6836=ORIENTED_EDGE('',*,*,#4798,.T.);
#6837=ORIENTED_EDGE('',*,*,#4801,.T.);
#6838=ORIENTED_EDGE('',*,*,#4802,.F.);
#6839=ORIENTED_EDGE('',*,*,#4178,.T.);
#6840=ORIENTED_EDGE('',*,*,#4800,.T.);
#6841=ORIENTED_EDGE('',*,*,#4787,.F.);
#6842=ORIENTED_EDGE('',*,*,#4804,.T.);
#6843=ORIENTED_EDGE('',*,*,#4377,.T.);
#6844=ORIENTED_EDGE('',*,*,#4805,.F.);
#6845=ORIENTED_EDGE('',*,*,#4806,.T.);
#6846=ORIENTED_EDGE('',*,*,#4376,.F.);
#6847=ORIENTED_EDGE('',*,*,#4405,.T.);
#6848=ORIENTED_EDGE('',*,*,#4807,.T.);
#6849=ORIENTED_EDGE('',*,*,#4808,.T.);
#6850=ORIENTED_EDGE('',*,*,#4809,.T.);
#6851=ORIENTED_EDGE('',*,*,#4810,.T.);
#6852=ORIENTED_EDGE('',*,*,#4811,.T.);
#6853=ORIENTED_EDGE('',*,*,#4805,.T.);
#6854=ORIENTED_EDGE('',*,*,#4433,.F.);
#6855=ORIENTED_EDGE('',*,*,#4378,.T.);
#6856=ORIENTED_EDGE('',*,*,#4804,.F.);
#6857=ORIENTED_EDGE('',*,*,#4812,.F.);
#6858=ORIENTED_EDGE('',*,*,#4813,.F.);
#6859=ORIENTED_EDGE('',*,*,#4814,.F.);
#6860=ORIENTED_EDGE('',*,*,#4815,.F.);
#6861=ORIENTED_EDGE('',*,*,#4816,.F.);
#6862=ORIENTED_EDGE('',*,*,#4812,.T.);
#6863=ORIENTED_EDGE('',*,*,#4806,.F.);
#6864=ORIENTED_EDGE('',*,*,#4811,.F.);
#6865=ORIENTED_EDGE('',*,*,#4817,.T.);
#6866=ORIENTED_EDGE('',*,*,#4434,.F.);
#6867=ORIENTED_EDGE('',*,*,#4816,.T.);
#6868=ORIENTED_EDGE('',*,*,#4818,.F.);
#6869=ORIENTED_EDGE('',*,*,#4807,.F.);
#6870=ORIENTED_EDGE('',*,*,#4815,.T.);
#6871=ORIENTED_EDGE('',*,*,#4819,.F.);
#6872=ORIENTED_EDGE('',*,*,#4808,.F.);
#6873=ORIENTED_EDGE('',*,*,#4818,.T.);
#6874=ORIENTED_EDGE('',*,*,#4814,.T.);
#6875=ORIENTED_EDGE('',*,*,#4820,.F.);
#6876=ORIENTED_EDGE('',*,*,#4809,.F.);
#6877=ORIENTED_EDGE('',*,*,#4819,.T.);
#6878=ORIENTED_EDGE('',*,*,#4813,.T.);
#6879=ORIENTED_EDGE('',*,*,#4817,.F.);
#6880=ORIENTED_EDGE('',*,*,#4810,.F.);
#6881=ORIENTED_EDGE('',*,*,#4820,.T.);
#6882=ORIENTED_EDGE('',*,*,#4203,.F.);
#6883=ORIENTED_EDGE('',*,*,#4191,.T.);
#6884=ORIENTED_EDGE('',*,*,#4821,.F.);
#6885=ORIENTED_EDGE('',*,*,#4822,.F.);
#6886=ORIENTED_EDGE('',*,*,#4823,.F.);
#6887=ORIENTED_EDGE('',*,*,#4342,.F.);
#6888=ORIENTED_EDGE('',*,*,#4821,.T.);
#6889=ORIENTED_EDGE('',*,*,#4190,.T.);
#6890=ORIENTED_EDGE('',*,*,#4438,.F.);
#6891=ORIENTED_EDGE('',*,*,#4824,.T.);
#6892=ORIENTED_EDGE('',*,*,#4823,.T.);
#6893=ORIENTED_EDGE('',*,*,#4825,.F.);
#6894=ORIENTED_EDGE('',*,*,#4436,.F.);
#6895=ORIENTED_EDGE('',*,*,#4343,.T.);
#6896=ORIENTED_EDGE('',*,*,#4822,.T.);
#6897=ORIENTED_EDGE('',*,*,#4824,.F.);
#6898=ORIENTED_EDGE('',*,*,#4437,.F.);
#6899=ORIENTED_EDGE('',*,*,#4825,.T.);
#6900=ORIENTED_EDGE('',*,*,#4826,.T.);
#6901=ORIENTED_EDGE('',*,*,#4194,.T.);
#6902=ORIENTED_EDGE('',*,*,#4827,.F.);
#6903=ORIENTED_EDGE('',*,*,#4828,.T.);
#6904=ORIENTED_EDGE('',*,*,#4193,.F.);
#6905=ORIENTED_EDGE('',*,*,#4202,.T.);
#6906=ORIENTED_EDGE('',*,*,#4341,.T.);
#6907=ORIENTED_EDGE('',*,*,#4829,.T.);
#6908=ORIENTED_EDGE('',*,*,#4830,.T.);
#6909=ORIENTED_EDGE('',*,*,#4827,.T.);
#6910=ORIENTED_EDGE('',*,*,#4200,.F.);
#6911=ORIENTED_EDGE('',*,*,#4195,.T.);
#6912=ORIENTED_EDGE('',*,*,#4826,.F.);
#6913=ORIENTED_EDGE('',*,*,#4831,.F.);
#6914=ORIENTED_EDGE('',*,*,#4832,.F.);
#6915=ORIENTED_EDGE('',*,*,#4339,.F.);
#6916=ORIENTED_EDGE('',*,*,#4832,.T.);
#6917=ORIENTED_EDGE('',*,*,#4833,.F.);
#6918=ORIENTED_EDGE('',*,*,#4829,.F.);
#6919=ORIENTED_EDGE('',*,*,#4340,.T.);
#6920=ORIENTED_EDGE('',*,*,#4831,.T.);
#6921=ORIENTED_EDGE('',*,*,#4828,.F.);
#6922=ORIENTED_EDGE('',*,*,#4830,.F.);
#6923=ORIENTED_EDGE('',*,*,#4833,.T.);
#6924=ORIENTED_EDGE('',*,*,#4834,.T.);
#6925=ORIENTED_EDGE('',*,*,#4166,.T.);
#6926=ORIENTED_EDGE('',*,*,#4835,.F.);
#6927=ORIENTED_EDGE('',*,*,#4836,.T.);
#6928=ORIENTED_EDGE('',*,*,#4165,.F.);
#6929=ORIENTED_EDGE('',*,*,#4199,.T.);
#6930=ORIENTED_EDGE('',*,*,#4338,.T.);
#6931=ORIENTED_EDGE('',*,*,#4837,.T.);
#6932=ORIENTED_EDGE('',*,*,#4838,.T.);
#6933=ORIENTED_EDGE('',*,*,#4835,.T.);
#6934=ORIENTED_EDGE('',*,*,#4196,.F.);
#6935=ORIENTED_EDGE('',*,*,#4167,.T.);
#6936=ORIENTED_EDGE('',*,*,#4834,.F.);
#6937=ORIENTED_EDGE('',*,*,#4839,.F.);
#6938=ORIENTED_EDGE('',*,*,#4840,.F.);
#6939=ORIENTED_EDGE('',*,*,#4361,.F.);
#6940=ORIENTED_EDGE('',*,*,#4840,.T.);
#6941=ORIENTED_EDGE('',*,*,#4841,.F.);
#6942=ORIENTED_EDGE('',*,*,#4837,.F.);
#6943=ORIENTED_EDGE('',*,*,#4362,.T.);
#6944=ORIENTED_EDGE('',*,*,#4839,.T.);
#6945=ORIENTED_EDGE('',*,*,#4836,.F.);
#6946=ORIENTED_EDGE('',*,*,#4838,.F.);
#6947=ORIENTED_EDGE('',*,*,#4841,.T.);
#6948=(
BOUNDED_SURFACE()
B_SPLINE_SURFACE(3,1,((#9270,#9271),(#9272,#9273),(#9274,#9275),(#9276,
#9277)),.UNSPECIFIED.,.F.,.F.,.F.)
B_SPLINE_SURFACE_WITH_KNOTS((4,4),(2,2),(0.,1.),(0.,0.005),
 .UNSPECIFIED.)
GEOMETRIC_REPRESENTATION_ITEM()
RATIONAL_B_SPLINE_SURFACE(((1.,1.),(1.,1.),(1.,1.),(1.,1.)))
REPRESENTATION_ITEM('')
SURFACE()
);
#6949=(
BOUNDED_SURFACE()
B_SPLINE_SURFACE(3,1,((#9304,#9305),(#9306,#9307),(#9308,#9309),(#9310,
#9311)),.UNSPECIFIED.,.F.,.F.,.F.)
B_SPLINE_SURFACE_WITH_KNOTS((4,4),(2,2),(0.,1.),(0.,0.005),
 .UNSPECIFIED.)
GEOMETRIC_REPRESENTATION_ITEM()
RATIONAL_B_SPLINE_SURFACE(((1.,1.),(1.,1.),(1.,1.),(1.,1.)))
REPRESENTATION_ITEM('')
SURFACE()
);
#6950=(
BOUNDED_SURFACE()
B_SPLINE_SURFACE(3,1,((#9323,#9324),(#9325,#9326),(#9327,#9328),(#9329,
#9330)),.UNSPECIFIED.,.F.,.F.,.F.)
B_SPLINE_SURFACE_WITH_KNOTS((4,4),(2,2),(0.,1.),(0.,0.005),
 .UNSPECIFIED.)
GEOMETRIC_REPRESENTATION_ITEM()
RATIONAL_B_SPLINE_SURFACE(((1.,1.),(1.,1.),(1.,1.),(1.,1.)))
REPRESENTATION_ITEM('')
SURFACE()
);
#6951=(
BOUNDED_SURFACE()
B_SPLINE_SURFACE(3,1,((#9342,#9343),(#9344,#9345),(#9346,#9347),(#9348,
#9349)),.UNSPECIFIED.,.F.,.F.,.F.)
B_SPLINE_SURFACE_WITH_KNOTS((4,4),(2,2),(0.,1.),(0.,0.005),
 .UNSPECIFIED.)
GEOMETRIC_REPRESENTATION_ITEM()
RATIONAL_B_SPLINE_SURFACE(((1.,1.),(1.,1.),(1.,1.),(1.,1.)))
REPRESENTATION_ITEM('')
SURFACE()
);
#6952=(
BOUNDED_SURFACE()
B_SPLINE_SURFACE(3,1,((#9361,#9362),(#9363,#9364),(#9365,#9366),(#9367,
#9368)),.UNSPECIFIED.,.F.,.F.,.F.)
B_SPLINE_SURFACE_WITH_KNOTS((4,4),(2,2),(0.,1.),(0.,0.005),
 .UNSPECIFIED.)
GEOMETRIC_REPRESENTATION_ITEM()
RATIONAL_B_SPLINE_SURFACE(((1.,1.),(1.,1.),(1.,1.),(1.,1.)))
REPRESENTATION_ITEM('')
SURFACE()
);
#6953=(
BOUNDED_SURFACE()
B_SPLINE_SURFACE(3,1,((#9422,#9423),(#9424,#9425),(#9426,#9427),(#9428,
#9429)),.UNSPECIFIED.,.F.,.F.,.F.)
B_SPLINE_SURFACE_WITH_KNOTS((4,4),(2,2),(0.,1.),(0.,0.005),
 .UNSPECIFIED.)
GEOMETRIC_REPRESENTATION_ITEM()
RATIONAL_B_SPLINE_SURFACE(((1.,1.),(1.,1.),(1.,1.),(1.,1.)))
REPRESENTATION_ITEM('')
SURFACE()
);
#6954=(
BOUNDED_SURFACE()
B_SPLINE_SURFACE(3,1,((#9441,#9442),(#9443,#9444),(#9445,#9446),(#9447,
#9448)),.UNSPECIFIED.,.F.,.F.,.F.)
B_SPLINE_SURFACE_WITH_KNOTS((4,4),(2,2),(0.,1.),(0.,0.005),
 .UNSPECIFIED.)
GEOMETRIC_REPRESENTATION_ITEM()
RATIONAL_B_SPLINE_SURFACE(((1.,1.),(1.,1.),(1.,1.),(1.,1.)))
REPRESENTATION_ITEM('')
SURFACE()
);
#6955=(
BOUNDED_SURFACE()
B_SPLINE_SURFACE(3,1,((#9460,#9461),(#9462,#9463),(#9464,#9465),(#9466,
#9467)),.UNSPECIFIED.,.F.,.F.,.F.)
B_SPLINE_SURFACE_WITH_KNOTS((4,4),(2,2),(0.,1.),(0.,0.005),
 .UNSPECIFIED.)
GEOMETRIC_REPRESENTATION_ITEM()
RATIONAL_B_SPLINE_SURFACE(((1.,1.),(1.,1.),(1.,1.),(1.,1.)))
REPRESENTATION_ITEM('')
SURFACE()
);
#6956=(
BOUNDED_SURFACE()
B_SPLINE_SURFACE(3,1,((#9479,#9480),(#9481,#9482),(#9483,#9484),(#9485,
#9486)),.UNSPECIFIED.,.F.,.F.,.F.)
B_SPLINE_SURFACE_WITH_KNOTS((4,4),(2,2),(0.,1.),(0.,0.005),
 .UNSPECIFIED.)
GEOMETRIC_REPRESENTATION_ITEM()
RATIONAL_B_SPLINE_SURFACE(((1.,1.),(1.,1.),(1.,1.),(1.,1.)))
REPRESENTATION_ITEM('')
SURFACE()
);
#6957=(
BOUNDED_SURFACE()
B_SPLINE_SURFACE(3,1,((#9498,#9499),(#9500,#9501),(#9502,#9503),(#9504,
#9505)),.UNSPECIFIED.,.F.,.F.,.F.)
B_SPLINE_SURFACE_WITH_KNOTS((4,4),(2,2),(0.,1.),(0.,0.005),
 .UNSPECIFIED.)
GEOMETRIC_REPRESENTATION_ITEM()
RATIONAL_B_SPLINE_SURFACE(((1.,1.),(1.,1.),(1.,1.),(1.,1.)))
REPRESENTATION_ITEM('')
SURFACE()
);
#6958=(
BOUNDED_SURFACE()
B_SPLINE_SURFACE(3,1,((#9517,#9518),(#9519,#9520),(#9521,#9522),(#9523,
#9524)),.UNSPECIFIED.,.F.,.F.,.F.)
B_SPLINE_SURFACE_WITH_KNOTS((4,4),(2,2),(0.,1.),(0.,0.005),
 .UNSPECIFIED.)
GEOMETRIC_REPRESENTATION_ITEM()
RATIONAL_B_SPLINE_SURFACE(((1.,1.),(1.,1.),(1.,1.),(1.,1.)))
REPRESENTATION_ITEM('')
SURFACE()
);
#6959=(
BOUNDED_SURFACE()
B_SPLINE_SURFACE(3,1,((#9554,#9555),(#9556,#9557),(#9558,#9559),(#9560,
#9561)),.UNSPECIFIED.,.F.,.F.,.F.)
B_SPLINE_SURFACE_WITH_KNOTS((4,4),(2,2),(0.,1.),(0.,0.005),
 .UNSPECIFIED.)
GEOMETRIC_REPRESENTATION_ITEM()
RATIONAL_B_SPLINE_SURFACE(((1.,1.),(1.,1.),(1.,1.),(1.,1.)))
REPRESENTATION_ITEM('')
SURFACE()
);
#6960=(
BOUNDED_SURFACE()
B_SPLINE_SURFACE(3,1,((#9573,#9574),(#9575,#9576),(#9577,#9578),(#9579,
#9580)),.UNSPECIFIED.,.F.,.F.,.F.)
B_SPLINE_SURFACE_WITH_KNOTS((4,4),(2,2),(0.,1.),(0.,0.005),
 .UNSPECIFIED.)
GEOMETRIC_REPRESENTATION_ITEM()
RATIONAL_B_SPLINE_SURFACE(((1.,1.),(1.,1.),(1.,1.),(1.,1.)))
REPRESENTATION_ITEM('')
SURFACE()
);
#6961=(
BOUNDED_SURFACE()
B_SPLINE_SURFACE(3,1,((#9592,#9593),(#9594,#9595),(#9596,#9597),(#9598,
#9599)),.UNSPECIFIED.,.F.,.F.,.F.)
B_SPLINE_SURFACE_WITH_KNOTS((4,4),(2,2),(0.,1.),(0.,0.005),
 .UNSPECIFIED.)
GEOMETRIC_REPRESENTATION_ITEM()
RATIONAL_B_SPLINE_SURFACE(((1.,1.),(1.,1.),(1.,1.),(1.,1.)))
REPRESENTATION_ITEM('')
SURFACE()
);
#6962=(
BOUNDED_SURFACE()
B_SPLINE_SURFACE(3,1,((#9653,#9654),(#9655,#9656),(#9657,#9658),(#9659,
#9660)),.UNSPECIFIED.,.F.,.F.,.F.)
B_SPLINE_SURFACE_WITH_KNOTS((4,4),(2,2),(0.,1.),(0.,0.005),
 .UNSPECIFIED.)
GEOMETRIC_REPRESENTATION_ITEM()
RATIONAL_B_SPLINE_SURFACE(((1.,1.),(1.,1.),(1.,1.),(1.,1.)))
REPRESENTATION_ITEM('')
SURFACE()
);
#6963=(
BOUNDED_SURFACE()
B_SPLINE_SURFACE(3,1,((#9672,#9673),(#9674,#9675),(#9676,#9677),(#9678,
#9679)),.UNSPECIFIED.,.F.,.F.,.F.)
B_SPLINE_SURFACE_WITH_KNOTS((4,4),(2,2),(0.,1.),(0.,0.005),
 .UNSPECIFIED.)
GEOMETRIC_REPRESENTATION_ITEM()
RATIONAL_B_SPLINE_SURFACE(((1.,1.),(1.,1.),(1.,1.),(1.,1.)))
REPRESENTATION_ITEM('')
SURFACE()
);
#6964=(
BOUNDED_SURFACE()
B_SPLINE_SURFACE(3,1,((#9691,#9692),(#9693,#9694),(#9695,#9696),(#9697,
#9698)),.UNSPECIFIED.,.F.,.F.,.F.)
B_SPLINE_SURFACE_WITH_KNOTS((4,4),(2,2),(0.,1.),(0.,0.005),
 .UNSPECIFIED.)
GEOMETRIC_REPRESENTATION_ITEM()
RATIONAL_B_SPLINE_SURFACE(((1.,1.),(1.,1.),(1.,1.),(1.,1.)))
REPRESENTATION_ITEM('')
SURFACE()
);
#6965=(
BOUNDED_SURFACE()
B_SPLINE_SURFACE(3,1,((#9710,#9711),(#9712,#9713),(#9714,#9715),(#9716,
#9717)),.UNSPECIFIED.,.F.,.F.,.F.)
B_SPLINE_SURFACE_WITH_KNOTS((4,4),(2,2),(0.,1.),(0.,0.005),
 .UNSPECIFIED.)
GEOMETRIC_REPRESENTATION_ITEM()
RATIONAL_B_SPLINE_SURFACE(((1.,1.),(1.,1.),(1.,1.),(1.,1.)))
REPRESENTATION_ITEM('')
SURFACE()
);
#6966=(
BOUNDED_SURFACE()
B_SPLINE_SURFACE(3,1,((#9729,#9730),(#9731,#9732),(#9733,#9734),(#9735,
#9736)),.UNSPECIFIED.,.F.,.F.,.F.)
B_SPLINE_SURFACE_WITH_KNOTS((4,4),(2,2),(0.,1.),(0.,0.005),
 .UNSPECIFIED.)
GEOMETRIC_REPRESENTATION_ITEM()
RATIONAL_B_SPLINE_SURFACE(((1.,1.),(1.,1.),(1.,1.),(1.,1.)))
REPRESENTATION_ITEM('')
SURFACE()
);
#6967=(
BOUNDED_SURFACE()
B_SPLINE_SURFACE(3,1,((#9761,#9762),(#9763,#9764),(#9765,#9766),(#9767,
#9768)),.UNSPECIFIED.,.F.,.F.,.F.)
B_SPLINE_SURFACE_WITH_KNOTS((4,4),(2,2),(0.,1.),(0.,0.005),
 .UNSPECIFIED.)
GEOMETRIC_REPRESENTATION_ITEM()
RATIONAL_B_SPLINE_SURFACE(((1.,1.),(1.,1.),(1.,1.),(1.,1.)))
REPRESENTATION_ITEM('')
SURFACE()
);
#6968=(
BOUNDED_SURFACE()
B_SPLINE_SURFACE(3,1,((#9780,#9781),(#9782,#9783),(#9784,#9785),(#9786,
#9787)),.UNSPECIFIED.,.F.,.F.,.F.)
B_SPLINE_SURFACE_WITH_KNOTS((4,4),(2,2),(0.,1.),(0.,0.005),
 .UNSPECIFIED.)
GEOMETRIC_REPRESENTATION_ITEM()
RATIONAL_B_SPLINE_SURFACE(((1.,1.),(1.,1.),(1.,1.),(1.,1.)))
REPRESENTATION_ITEM('')
SURFACE()
);
#6969=(
BOUNDED_SURFACE()
B_SPLINE_SURFACE(3,1,((#9811,#9812),(#9813,#9814),(#9815,#9816),(#9817,
#9818)),.UNSPECIFIED.,.F.,.F.,.F.)
B_SPLINE_SURFACE_WITH_KNOTS((4,4),(2,2),(0.,1.),(0.,0.005),
 .UNSPECIFIED.)
GEOMETRIC_REPRESENTATION_ITEM()
RATIONAL_B_SPLINE_SURFACE(((1.,1.),(1.,1.),(1.,1.),(1.,1.)))
REPRESENTATION_ITEM('')
SURFACE()
);
#6970=(
BOUNDED_SURFACE()
B_SPLINE_SURFACE(3,1,((#9830,#9831),(#9832,#9833),(#9834,#9835),(#9836,
#9837)),.UNSPECIFIED.,.F.,.F.,.F.)
B_SPLINE_SURFACE_WITH_KNOTS((4,4),(2,2),(0.,1.),(0.,0.005),
 .UNSPECIFIED.)
GEOMETRIC_REPRESENTATION_ITEM()
RATIONAL_B_SPLINE_SURFACE(((1.,1.),(1.,1.),(1.,1.),(1.,1.)))
REPRESENTATION_ITEM('')
SURFACE()
);
#6971=(
BOUNDED_SURFACE()
B_SPLINE_SURFACE(3,1,((#9849,#9850),(#9851,#9852),(#9853,#9854),(#9855,
#9856)),.UNSPECIFIED.,.F.,.F.,.F.)
B_SPLINE_SURFACE_WITH_KNOTS((4,4),(2,2),(0.,1.),(0.,0.005),
 .UNSPECIFIED.)
GEOMETRIC_REPRESENTATION_ITEM()
RATIONAL_B_SPLINE_SURFACE(((1.,1.),(1.,1.),(1.,1.),(1.,1.)))
REPRESENTATION_ITEM('')
SURFACE()
);
#6972=(
BOUNDED_SURFACE()
B_SPLINE_SURFACE(3,1,((#9880,#9881),(#9882,#9883),(#9884,#9885),(#9886,
#9887)),.UNSPECIFIED.,.F.,.F.,.F.)
B_SPLINE_SURFACE_WITH_KNOTS((4,4),(2,2),(0.,1.),(0.,0.005),
 .UNSPECIFIED.)
GEOMETRIC_REPRESENTATION_ITEM()
RATIONAL_B_SPLINE_SURFACE(((1.,1.),(1.,1.),(1.,1.),(1.,1.)))
REPRESENTATION_ITEM('')
SURFACE()
);
#6973=(
BOUNDED_SURFACE()
B_SPLINE_SURFACE(3,1,((#9899,#9900),(#9901,#9902),(#9903,#9904),(#9905,
#9906)),.UNSPECIFIED.,.F.,.F.,.F.)
B_SPLINE_SURFACE_WITH_KNOTS((4,4),(2,2),(0.,1.),(0.,0.005),
 .UNSPECIFIED.)
GEOMETRIC_REPRESENTATION_ITEM()
RATIONAL_B_SPLINE_SURFACE(((1.,1.),(1.,1.),(1.,1.),(1.,1.)))
REPRESENTATION_ITEM('')
SURFACE()
);
#6974=(
BOUNDED_SURFACE()
B_SPLINE_SURFACE(3,1,((#9936,#9937),(#9938,#9939),(#9940,#9941),(#9942,
#9943)),.UNSPECIFIED.,.F.,.F.,.F.)
B_SPLINE_SURFACE_WITH_KNOTS((4,4),(2,2),(0.,1.),(0.,0.005),
 .UNSPECIFIED.)
GEOMETRIC_REPRESENTATION_ITEM()
RATIONAL_B_SPLINE_SURFACE(((1.,1.),(1.,1.),(1.,1.),(1.,1.)))
REPRESENTATION_ITEM('')
SURFACE()
);
#6975=(
BOUNDED_SURFACE()
B_SPLINE_SURFACE(3,1,((#9955,#9956),(#9957,#9958),(#9959,#9960),(#9961,
#9962)),.UNSPECIFIED.,.F.,.F.,.F.)
B_SPLINE_SURFACE_WITH_KNOTS((4,4),(2,2),(0.,1.),(0.,0.005),
 .UNSPECIFIED.)
GEOMETRIC_REPRESENTATION_ITEM()
RATIONAL_B_SPLINE_SURFACE(((1.,1.),(1.,1.),(1.,1.),(1.,1.)))
REPRESENTATION_ITEM('')
SURFACE()
);
#6976=(
BOUNDED_SURFACE()
B_SPLINE_SURFACE(3,1,((#10004,#10005),(#10006,#10007),(#10008,#10009),(#10010,
#10011)),.UNSPECIFIED.,.F.,.F.,.F.)
B_SPLINE_SURFACE_WITH_KNOTS((4,4),(2,2),(0.,1.),(0.,0.005),
 .UNSPECIFIED.)
GEOMETRIC_REPRESENTATION_ITEM()
RATIONAL_B_SPLINE_SURFACE(((1.,1.),(1.,1.),(1.,1.),(1.,1.)))
REPRESENTATION_ITEM('')
SURFACE()
);
#6977=(
BOUNDED_SURFACE()
B_SPLINE_SURFACE(3,1,((#10023,#10024),(#10025,#10026),(#10027,#10028),(#10029,
#10030)),.UNSPECIFIED.,.F.,.F.,.F.)
B_SPLINE_SURFACE_WITH_KNOTS((4,4),(2,2),(0.,1.),(0.,0.005),
 .UNSPECIFIED.)
GEOMETRIC_REPRESENTATION_ITEM()
RATIONAL_B_SPLINE_SURFACE(((1.,1.),(1.,1.),(1.,1.),(1.,1.)))
REPRESENTATION_ITEM('')
SURFACE()
);
#6978=(
BOUNDED_SURFACE()
B_SPLINE_SURFACE(3,1,((#10042,#10043),(#10044,#10045),(#10046,#10047),(#10048,
#10049)),.UNSPECIFIED.,.F.,.F.,.F.)
B_SPLINE_SURFACE_WITH_KNOTS((4,4),(2,2),(0.,1.),(0.,0.005),
 .UNSPECIFIED.)
GEOMETRIC_REPRESENTATION_ITEM()
RATIONAL_B_SPLINE_SURFACE(((1.,1.),(1.,1.),(1.,1.),(1.,1.)))
REPRESENTATION_ITEM('')
SURFACE()
);
#6979=(
BOUNDED_SURFACE()
B_SPLINE_SURFACE(3,1,((#10061,#10062),(#10063,#10064),(#10065,#10066),(#10067,
#10068)),.UNSPECIFIED.,.F.,.F.,.F.)
B_SPLINE_SURFACE_WITH_KNOTS((4,4),(2,2),(0.,1.),(0.,0.005),
 .UNSPECIFIED.)
GEOMETRIC_REPRESENTATION_ITEM()
RATIONAL_B_SPLINE_SURFACE(((1.,1.),(1.,1.),(1.,1.),(1.,1.)))
REPRESENTATION_ITEM('')
SURFACE()
);
#6980=(
BOUNDED_SURFACE()
B_SPLINE_SURFACE(3,1,((#10080,#10081),(#10082,#10083),(#10084,#10085),(#10086,
#10087)),.UNSPECIFIED.,.F.,.F.,.F.)
B_SPLINE_SURFACE_WITH_KNOTS((4,4),(2,2),(0.,1.),(0.,0.005),
 .UNSPECIFIED.)
GEOMETRIC_REPRESENTATION_ITEM()
RATIONAL_B_SPLINE_SURFACE(((1.,1.),(1.,1.),(1.,1.),(1.,1.)))
REPRESENTATION_ITEM('')
SURFACE()
);
#6981=(
BOUNDED_SURFACE()
B_SPLINE_SURFACE(3,1,((#10097,#10098),(#10099,#10100),(#10101,#10102),(#10103,
#10104)),.UNSPECIFIED.,.F.,.F.,.F.)
B_SPLINE_SURFACE_WITH_KNOTS((4,4),(2,2),(0.,1.),(0.,0.005),
 .UNSPECIFIED.)
GEOMETRIC_REPRESENTATION_ITEM()
RATIONAL_B_SPLINE_SURFACE(((1.,1.),(1.,1.),(1.,1.),(1.,1.)))
REPRESENTATION_ITEM('')
SURFACE()
);
#6982=(
BOUNDED_SURFACE()
B_SPLINE_SURFACE(3,1,((#10119,#10120),(#10121,#10122),(#10123,#10124),(#10125,
#10126)),.UNSPECIFIED.,.F.,.F.,.F.)
B_SPLINE_SURFACE_WITH_KNOTS((4,4),(2,2),(0.,1.),(0.,0.005),
 .UNSPECIFIED.)
GEOMETRIC_REPRESENTATION_ITEM()
RATIONAL_B_SPLINE_SURFACE(((1.,1.),(1.,1.),(1.,1.),(1.,1.)))
REPRESENTATION_ITEM('')
SURFACE()
);
#6983=(
BOUNDED_SURFACE()
B_SPLINE_SURFACE(3,1,((#10138,#10139),(#10140,#10141),(#10142,#10143),(#10144,
#10145)),.UNSPECIFIED.,.F.,.F.,.F.)
B_SPLINE_SURFACE_WITH_KNOTS((4,4),(2,2),(0.,1.),(0.,0.005),
 .UNSPECIFIED.)
GEOMETRIC_REPRESENTATION_ITEM()
RATIONAL_B_SPLINE_SURFACE(((1.,1.),(1.,1.),(1.,1.),(1.,1.)))
REPRESENTATION_ITEM('')
SURFACE()
);
#6984=(
BOUNDED_SURFACE()
B_SPLINE_SURFACE(3,1,((#10157,#10158),(#10159,#10160),(#10161,#10162),(#10163,
#10164)),.UNSPECIFIED.,.F.,.F.,.F.)
B_SPLINE_SURFACE_WITH_KNOTS((4,4),(2,2),(0.,1.),(0.,0.005),
 .UNSPECIFIED.)
GEOMETRIC_REPRESENTATION_ITEM()
RATIONAL_B_SPLINE_SURFACE(((1.,1.),(1.,1.),(1.,1.),(1.,1.)))
REPRESENTATION_ITEM('')
SURFACE()
);
#6985=(
BOUNDED_SURFACE()
B_SPLINE_SURFACE(3,1,((#10176,#10177),(#10178,#10179),(#10180,#10181),(#10182,
#10183)),.UNSPECIFIED.,.F.,.F.,.F.)
B_SPLINE_SURFACE_WITH_KNOTS((4,4),(2,2),(0.,1.),(0.,0.005),
 .UNSPECIFIED.)
GEOMETRIC_REPRESENTATION_ITEM()
RATIONAL_B_SPLINE_SURFACE(((1.,1.),(1.,1.),(1.,1.),(1.,1.)))
REPRESENTATION_ITEM('')
SURFACE()
);
#6986=(
BOUNDED_SURFACE()
B_SPLINE_SURFACE(3,1,((#10195,#10196),(#10197,#10198),(#10199,#10200),(#10201,
#10202)),.UNSPECIFIED.,.F.,.F.,.F.)
B_SPLINE_SURFACE_WITH_KNOTS((4,4),(2,2),(0.,1.),(0.,0.005),
 .UNSPECIFIED.)
GEOMETRIC_REPRESENTATION_ITEM()
RATIONAL_B_SPLINE_SURFACE(((1.,1.),(1.,1.),(1.,1.),(1.,1.)))
REPRESENTATION_ITEM('')
SURFACE()
);
#6987=(
BOUNDED_SURFACE()
B_SPLINE_SURFACE(3,1,((#10214,#10215),(#10216,#10217),(#10218,#10219),(#10220,
#10221)),.UNSPECIFIED.,.F.,.F.,.F.)
B_SPLINE_SURFACE_WITH_KNOTS((4,4),(2,2),(0.,1.),(0.,0.005),
 .UNSPECIFIED.)
GEOMETRIC_REPRESENTATION_ITEM()
RATIONAL_B_SPLINE_SURFACE(((1.,1.),(1.,1.),(1.,1.),(1.,1.)))
REPRESENTATION_ITEM('')
SURFACE()
);
#6988=(
BOUNDED_SURFACE()
B_SPLINE_SURFACE(3,1,((#10233,#10234),(#10235,#10236),(#10237,#10238),(#10239,
#10240)),.UNSPECIFIED.,.F.,.F.,.F.)
B_SPLINE_SURFACE_WITH_KNOTS((4,4),(2,2),(0.,1.),(0.,0.005),
 .UNSPECIFIED.)
GEOMETRIC_REPRESENTATION_ITEM()
RATIONAL_B_SPLINE_SURFACE(((1.,1.),(1.,1.),(1.,1.),(1.,1.)))
REPRESENTATION_ITEM('')
SURFACE()
);
#6989=(
BOUNDED_SURFACE()
B_SPLINE_SURFACE(3,1,((#10252,#10253),(#10254,#10255),(#10256,#10257),(#10258,
#10259)),.UNSPECIFIED.,.F.,.F.,.F.)
B_SPLINE_SURFACE_WITH_KNOTS((4,4),(2,2),(0.,1.),(0.,0.005),
 .UNSPECIFIED.)
GEOMETRIC_REPRESENTATION_ITEM()
RATIONAL_B_SPLINE_SURFACE(((1.,1.),(1.,1.),(1.,1.),(1.,1.)))
REPRESENTATION_ITEM('')
SURFACE()
);
#6990=(
BOUNDED_SURFACE()
B_SPLINE_SURFACE(3,1,((#10268,#10269),(#10270,#10271),(#10272,#10273),(#10274,
#10275)),.UNSPECIFIED.,.F.,.F.,.F.)
B_SPLINE_SURFACE_WITH_KNOTS((4,4),(2,2),(0.,1.),(0.,0.005),
 .UNSPECIFIED.)
GEOMETRIC_REPRESENTATION_ITEM()
RATIONAL_B_SPLINE_SURFACE(((1.,1.),(1.,1.),(1.,1.),(1.,1.)))
REPRESENTATION_ITEM('')
SURFACE()
);
#6991=(
BOUNDED_SURFACE()
B_SPLINE_SURFACE(3,1,((#10290,#10291),(#10292,#10293),(#10294,#10295),(#10296,
#10297)),.UNSPECIFIED.,.F.,.F.,.F.)
B_SPLINE_SURFACE_WITH_KNOTS((4,4),(2,2),(0.,1.),(0.,0.005),
 .UNSPECIFIED.)
GEOMETRIC_REPRESENTATION_ITEM()
RATIONAL_B_SPLINE_SURFACE(((1.,1.),(1.,1.),(1.,1.),(1.,1.)))
REPRESENTATION_ITEM('')
SURFACE()
);
#6992=(
BOUNDED_SURFACE()
B_SPLINE_SURFACE(3,1,((#10309,#10310),(#10311,#10312),(#10313,#10314),(#10315,
#10316)),.UNSPECIFIED.,.F.,.F.,.F.)
B_SPLINE_SURFACE_WITH_KNOTS((4,4),(2,2),(0.,1.),(0.,0.005),
 .UNSPECIFIED.)
GEOMETRIC_REPRESENTATION_ITEM()
RATIONAL_B_SPLINE_SURFACE(((1.,1.),(1.,1.),(1.,1.),(1.,1.)))
REPRESENTATION_ITEM('')
SURFACE()
);
#6993=(
BOUNDED_SURFACE()
B_SPLINE_SURFACE(3,1,((#10328,#10329),(#10330,#10331),(#10332,#10333),(#10334,
#10335)),.UNSPECIFIED.,.F.,.F.,.F.)
B_SPLINE_SURFACE_WITH_KNOTS((4,4),(2,2),(0.,1.),(0.,0.005),
 .UNSPECIFIED.)
GEOMETRIC_REPRESENTATION_ITEM()
RATIONAL_B_SPLINE_SURFACE(((1.,1.),(1.,1.),(1.,1.),(1.,1.)))
REPRESENTATION_ITEM('')
SURFACE()
);
#6994=(
BOUNDED_SURFACE()
B_SPLINE_SURFACE(3,1,((#10347,#10348),(#10349,#10350),(#10351,#10352),(#10353,
#10354)),.UNSPECIFIED.,.F.,.F.,.F.)
B_SPLINE_SURFACE_WITH_KNOTS((4,4),(2,2),(0.,1.),(0.,0.005),
 .UNSPECIFIED.)
GEOMETRIC_REPRESENTATION_ITEM()
RATIONAL_B_SPLINE_SURFACE(((1.,1.),(1.,1.),(1.,1.),(1.,1.)))
REPRESENTATION_ITEM('')
SURFACE()
);
#6995=(
BOUNDED_SURFACE()
B_SPLINE_SURFACE(3,1,((#10366,#10367),(#10368,#10369),(#10370,#10371),(#10372,
#10373)),.UNSPECIFIED.,.F.,.F.,.F.)
B_SPLINE_SURFACE_WITH_KNOTS((4,4),(2,2),(0.,1.),(0.,0.005),
 .UNSPECIFIED.)
GEOMETRIC_REPRESENTATION_ITEM()
RATIONAL_B_SPLINE_SURFACE(((1.,1.),(1.,1.),(1.,1.),(1.,1.)))
REPRESENTATION_ITEM('')
SURFACE()
);
#6996=(
BOUNDED_SURFACE()
B_SPLINE_SURFACE(3,1,((#10385,#10386),(#10387,#10388),(#10389,#10390),(#10391,
#10392)),.UNSPECIFIED.,.F.,.F.,.F.)
B_SPLINE_SURFACE_WITH_KNOTS((4,4),(2,2),(0.,1.),(0.,0.005),
 .UNSPECIFIED.)
GEOMETRIC_REPRESENTATION_ITEM()
RATIONAL_B_SPLINE_SURFACE(((1.,1.),(1.,1.),(1.,1.),(1.,1.)))
REPRESENTATION_ITEM('')
SURFACE()
);
#6997=(
BOUNDED_SURFACE()
B_SPLINE_SURFACE(3,1,((#10404,#10405),(#10406,#10407),(#10408,#10409),(#10410,
#10411)),.UNSPECIFIED.,.F.,.F.,.F.)
B_SPLINE_SURFACE_WITH_KNOTS((4,4),(2,2),(0.,1.),(0.,0.005),
 .UNSPECIFIED.)
GEOMETRIC_REPRESENTATION_ITEM()
RATIONAL_B_SPLINE_SURFACE(((1.,1.),(1.,1.),(1.,1.),(1.,1.)))
REPRESENTATION_ITEM('')
SURFACE()
);
#6998=(
BOUNDED_SURFACE()
B_SPLINE_SURFACE(3,1,((#10423,#10424),(#10425,#10426),(#10427,#10428),(#10429,
#10430)),.UNSPECIFIED.,.F.,.F.,.F.)
B_SPLINE_SURFACE_WITH_KNOTS((4,4),(2,2),(0.,1.),(0.,0.005),
 .UNSPECIFIED.)
GEOMETRIC_REPRESENTATION_ITEM()
RATIONAL_B_SPLINE_SURFACE(((1.,1.),(1.,1.),(1.,1.),(1.,1.)))
REPRESENTATION_ITEM('')
SURFACE()
);
#6999=(
BOUNDED_SURFACE()
B_SPLINE_SURFACE(3,1,((#10442,#10443),(#10444,#10445),(#10446,#10447),(#10448,
#10449)),.UNSPECIFIED.,.F.,.F.,.F.)
B_SPLINE_SURFACE_WITH_KNOTS((4,4),(2,2),(0.,1.),(0.,0.005),
 .UNSPECIFIED.)
GEOMETRIC_REPRESENTATION_ITEM()
RATIONAL_B_SPLINE_SURFACE(((1.,1.),(1.,1.),(1.,1.),(1.,1.)))
REPRESENTATION_ITEM('')
SURFACE()
);
#7000=(
BOUNDED_SURFACE()
B_SPLINE_SURFACE(3,1,((#10592,#10593),(#10594,#10595),(#10596,#10597),(#10598,
#10599)),.UNSPECIFIED.,.F.,.F.,.F.)
B_SPLINE_SURFACE_WITH_KNOTS((4,4),(2,2),(0.,1.),(0.,0.005),
 .UNSPECIFIED.)
GEOMETRIC_REPRESENTATION_ITEM()
RATIONAL_B_SPLINE_SURFACE(((1.,1.),(1.,1.),(1.,1.),(1.,1.)))
REPRESENTATION_ITEM('')
SURFACE()
);
#7001=(
BOUNDED_SURFACE()
B_SPLINE_SURFACE(3,1,((#10632,#10633),(#10634,#10635),(#10636,#10637),(#10638,
#10639)),.UNSPECIFIED.,.F.,.F.,.F.)
B_SPLINE_SURFACE_WITH_KNOTS((4,4),(2,2),(0.,1.),(0.,0.005),
 .UNSPECIFIED.)
GEOMETRIC_REPRESENTATION_ITEM()
RATIONAL_B_SPLINE_SURFACE(((1.,1.),(1.,1.),(1.,1.),(1.,1.)))
REPRESENTATION_ITEM('')
SURFACE()
);
#7002=(
BOUNDED_SURFACE()
B_SPLINE_SURFACE(3,1,((#10651,#10652),(#10653,#10654),(#10655,#10656),(#10657,
#10658)),.UNSPECIFIED.,.F.,.F.,.F.)
B_SPLINE_SURFACE_WITH_KNOTS((4,4),(2,2),(0.,1.),(0.,0.005),
 .UNSPECIFIED.)
GEOMETRIC_REPRESENTATION_ITEM()
RATIONAL_B_SPLINE_SURFACE(((1.,1.),(1.,1.),(1.,1.),(1.,1.)))
REPRESENTATION_ITEM('')
SURFACE()
);
#7003=(
BOUNDED_SURFACE()
B_SPLINE_SURFACE(3,1,((#10670,#10671),(#10672,#10673),(#10674,#10675),(#10676,
#10677)),.UNSPECIFIED.,.F.,.F.,.F.)
B_SPLINE_SURFACE_WITH_KNOTS((4,4),(2,2),(0.,1.),(0.,0.005),
 .UNSPECIFIED.)
GEOMETRIC_REPRESENTATION_ITEM()
RATIONAL_B_SPLINE_SURFACE(((1.,1.),(1.,1.),(1.,1.),(1.,1.)))
REPRESENTATION_ITEM('')
SURFACE()
);
#7004=(
BOUNDED_SURFACE()
B_SPLINE_SURFACE(3,1,((#10689,#10690),(#10691,#10692),(#10693,#10694),(#10695,
#10696)),.UNSPECIFIED.,.F.,.F.,.F.)
B_SPLINE_SURFACE_WITH_KNOTS((4,4),(2,2),(0.,1.),(0.,0.005),
 .UNSPECIFIED.)
GEOMETRIC_REPRESENTATION_ITEM()
RATIONAL_B_SPLINE_SURFACE(((1.,1.),(1.,1.),(1.,1.),(1.,1.)))
REPRESENTATION_ITEM('')
SURFACE()
);
#7005=(
BOUNDED_SURFACE()
B_SPLINE_SURFACE(3,1,((#10708,#10709),(#10710,#10711),(#10712,#10713),(#10714,
#10715)),.UNSPECIFIED.,.F.,.F.,.F.)
B_SPLINE_SURFACE_WITH_KNOTS((4,4),(2,2),(0.,1.),(0.,0.005),
 .UNSPECIFIED.)
GEOMETRIC_REPRESENTATION_ITEM()
RATIONAL_B_SPLINE_SURFACE(((1.,1.),(1.,1.),(1.,1.),(1.,1.)))
REPRESENTATION_ITEM('')
SURFACE()
);
#7006=(
BOUNDED_SURFACE()
B_SPLINE_SURFACE(3,1,((#10724,#10725),(#10726,#10727),(#10728,#10729),(#10730,
#10731)),.UNSPECIFIED.,.F.,.F.,.F.)
B_SPLINE_SURFACE_WITH_KNOTS((4,4),(2,2),(0.,1.),(0.,0.005),
 .UNSPECIFIED.)
GEOMETRIC_REPRESENTATION_ITEM()
RATIONAL_B_SPLINE_SURFACE(((1.,1.),(1.,1.),(1.,1.),(1.,1.)))
REPRESENTATION_ITEM('')
SURFACE()
);
#7007=(
BOUNDED_SURFACE()
B_SPLINE_SURFACE(3,1,((#10740,#10741),(#10742,#10743),(#10744,#10745),(#10746,
#10747)),.UNSPECIFIED.,.F.,.F.,.F.)
B_SPLINE_SURFACE_WITH_KNOTS((4,4),(2,2),(0.,1.),(0.,0.005),
 .UNSPECIFIED.)
GEOMETRIC_REPRESENTATION_ITEM()
RATIONAL_B_SPLINE_SURFACE(((1.,1.),(1.,1.),(1.,1.),(1.,1.)))
REPRESENTATION_ITEM('')
SURFACE()
);
#7008=(
BOUNDED_SURFACE()
B_SPLINE_SURFACE(3,1,((#10754,#10755),(#10756,#10757),(#10758,#10759),(#10760,
#10761)),.UNSPECIFIED.,.F.,.F.,.F.)
B_SPLINE_SURFACE_WITH_KNOTS((4,4),(2,2),(0.,1.),(0.,0.005),
 .UNSPECIFIED.)
GEOMETRIC_REPRESENTATION_ITEM()
RATIONAL_B_SPLINE_SURFACE(((1.,1.),(1.,1.),(1.,1.),(1.,1.)))
REPRESENTATION_ITEM('')
SURFACE()
);
#7009=(
BOUNDED_SURFACE()
B_SPLINE_SURFACE(3,1,((#10780,#10781),(#10782,#10783),(#10784,#10785),(#10786,
#10787)),.UNSPECIFIED.,.F.,.F.,.F.)
B_SPLINE_SURFACE_WITH_KNOTS((4,4),(2,2),(0.,1.),(0.,0.005),
 .UNSPECIFIED.)
GEOMETRIC_REPRESENTATION_ITEM()
RATIONAL_B_SPLINE_SURFACE(((1.,1.),(1.,1.),(1.,1.),(1.,1.)))
REPRESENTATION_ITEM('')
SURFACE()
);
#7010=(
BOUNDED_SURFACE()
B_SPLINE_SURFACE(3,1,((#10794,#10795),(#10796,#10797),(#10798,#10799),(#10800,
#10801)),.UNSPECIFIED.,.F.,.F.,.F.)
B_SPLINE_SURFACE_WITH_KNOTS((4,4),(2,2),(0.,1.),(0.,0.005),
 .UNSPECIFIED.)
GEOMETRIC_REPRESENTATION_ITEM()
RATIONAL_B_SPLINE_SURFACE(((1.,1.),(1.,1.),(1.,1.),(1.,1.)))
REPRESENTATION_ITEM('')
SURFACE()
);
#7011=(
BOUNDED_SURFACE()
B_SPLINE_SURFACE(3,1,((#10808,#10809),(#10810,#10811),(#10812,#10813),(#10814,
#10815)),.UNSPECIFIED.,.F.,.F.,.F.)
B_SPLINE_SURFACE_WITH_KNOTS((4,4),(2,2),(0.,1.),(0.,0.005),
 .UNSPECIFIED.)
GEOMETRIC_REPRESENTATION_ITEM()
RATIONAL_B_SPLINE_SURFACE(((1.,1.),(1.,1.),(1.,1.),(1.,1.)))
REPRESENTATION_ITEM('')
SURFACE()
);
#7012=(
BOUNDED_SURFACE()
B_SPLINE_SURFACE(3,1,((#10822,#10823),(#10824,#10825),(#10826,#10827),(#10828,
#10829)),.UNSPECIFIED.,.F.,.F.,.F.)
B_SPLINE_SURFACE_WITH_KNOTS((4,4),(2,2),(0.,1.),(0.,0.005),
 .UNSPECIFIED.)
GEOMETRIC_REPRESENTATION_ITEM()
RATIONAL_B_SPLINE_SURFACE(((1.,1.),(1.,1.),(1.,1.),(1.,1.)))
REPRESENTATION_ITEM('')
SURFACE()
);
#7013=(
BOUNDED_SURFACE()
B_SPLINE_SURFACE(3,1,((#10836,#10837),(#10838,#10839),(#10840,#10841),(#10842,
#10843)),.UNSPECIFIED.,.F.,.F.,.F.)
B_SPLINE_SURFACE_WITH_KNOTS((4,4),(2,2),(0.,1.),(0.,0.005),
 .UNSPECIFIED.)
GEOMETRIC_REPRESENTATION_ITEM()
RATIONAL_B_SPLINE_SURFACE(((1.,1.),(1.,1.),(1.,1.),(1.,1.)))
REPRESENTATION_ITEM('')
SURFACE()
);
#7014=(
BOUNDED_SURFACE()
B_SPLINE_SURFACE(3,1,((#10850,#10851),(#10852,#10853),(#10854,#10855),(#10856,
#10857)),.UNSPECIFIED.,.F.,.F.,.F.)
B_SPLINE_SURFACE_WITH_KNOTS((4,4),(2,2),(0.,1.),(0.,0.005),
 .UNSPECIFIED.)
GEOMETRIC_REPRESENTATION_ITEM()
RATIONAL_B_SPLINE_SURFACE(((1.,1.),(1.,1.),(1.,1.),(1.,1.)))
REPRESENTATION_ITEM('')
SURFACE()
);
#7015=(
BOUNDED_SURFACE()
B_SPLINE_SURFACE(3,1,((#10872,#10873),(#10874,#10875),(#10876,#10877),(#10878,
#10879)),.UNSPECIFIED.,.F.,.F.,.F.)
B_SPLINE_SURFACE_WITH_KNOTS((4,4),(2,2),(0.,1.),(0.,0.005),
 .UNSPECIFIED.)
GEOMETRIC_REPRESENTATION_ITEM()
RATIONAL_B_SPLINE_SURFACE(((1.,1.),(1.,1.),(1.,1.),(1.,1.)))
REPRESENTATION_ITEM('')
SURFACE()
);
#7016=(
BOUNDED_SURFACE()
B_SPLINE_SURFACE(3,1,((#10886,#10887),(#10888,#10889),(#10890,#10891),(#10892,
#10893)),.UNSPECIFIED.,.F.,.F.,.F.)
B_SPLINE_SURFACE_WITH_KNOTS((4,4),(2,2),(0.,1.),(0.,0.005),
 .UNSPECIFIED.)
GEOMETRIC_REPRESENTATION_ITEM()
RATIONAL_B_SPLINE_SURFACE(((1.,1.),(1.,1.),(1.,1.),(1.,1.)))
REPRESENTATION_ITEM('')
SURFACE()
);
#7017=(
BOUNDED_SURFACE()
B_SPLINE_SURFACE(3,1,((#10900,#10901),(#10902,#10903),(#10904,#10905),(#10906,
#10907)),.UNSPECIFIED.,.F.,.F.,.F.)
B_SPLINE_SURFACE_WITH_KNOTS((4,4),(2,2),(0.,1.),(0.,0.005),
 .UNSPECIFIED.)
GEOMETRIC_REPRESENTATION_ITEM()
RATIONAL_B_SPLINE_SURFACE(((1.,1.),(1.,1.),(1.,1.),(1.,1.)))
REPRESENTATION_ITEM('')
SURFACE()
);
#7018=(
BOUNDED_SURFACE()
B_SPLINE_SURFACE(3,1,((#10914,#10915),(#10916,#10917),(#10918,#10919),(#10920,
#10921)),.UNSPECIFIED.,.F.,.F.,.F.)
B_SPLINE_SURFACE_WITH_KNOTS((4,4),(2,2),(0.,1.),(0.,0.005),
 .UNSPECIFIED.)
GEOMETRIC_REPRESENTATION_ITEM()
RATIONAL_B_SPLINE_SURFACE(((1.,1.),(1.,1.),(1.,1.),(1.,1.)))
REPRESENTATION_ITEM('')
SURFACE()
);
#7019=(
BOUNDED_SURFACE()
B_SPLINE_SURFACE(3,1,((#10928,#10929),(#10930,#10931),(#10932,#10933),(#10934,
#10935)),.UNSPECIFIED.,.F.,.F.,.F.)
B_SPLINE_SURFACE_WITH_KNOTS((4,4),(2,2),(0.,1.),(0.,0.005),
 .UNSPECIFIED.)
GEOMETRIC_REPRESENTATION_ITEM()
RATIONAL_B_SPLINE_SURFACE(((1.,1.),(1.,1.),(1.,1.),(1.,1.)))
REPRESENTATION_ITEM('')
SURFACE()
);
#7020=(
BOUNDED_SURFACE()
B_SPLINE_SURFACE(3,1,((#10942,#10943),(#10944,#10945),(#10946,#10947),(#10948,
#10949)),.UNSPECIFIED.,.F.,.F.,.F.)
B_SPLINE_SURFACE_WITH_KNOTS((4,4),(2,2),(0.,1.),(0.,0.005),
 .UNSPECIFIED.)
GEOMETRIC_REPRESENTATION_ITEM()
RATIONAL_B_SPLINE_SURFACE(((1.,1.),(1.,1.),(1.,1.),(1.,1.)))
REPRESENTATION_ITEM('')
SURFACE()
);
#7021=(
BOUNDED_SURFACE()
B_SPLINE_SURFACE(3,1,((#10956,#10957),(#10958,#10959),(#10960,#10961),(#10962,
#10963)),.UNSPECIFIED.,.F.,.F.,.F.)
B_SPLINE_SURFACE_WITH_KNOTS((4,4),(2,2),(0.,1.),(0.,0.005),
 .UNSPECIFIED.)
GEOMETRIC_REPRESENTATION_ITEM()
RATIONAL_B_SPLINE_SURFACE(((1.,1.),(1.,1.),(1.,1.),(1.,1.)))
REPRESENTATION_ITEM('')
SURFACE()
);
#7022=(
BOUNDED_SURFACE()
B_SPLINE_SURFACE(3,1,((#10970,#10971),(#10972,#10973),(#10974,#10975),(#10976,
#10977)),.UNSPECIFIED.,.F.,.F.,.F.)
B_SPLINE_SURFACE_WITH_KNOTS((4,4),(2,2),(0.,1.),(0.,0.005),
 .UNSPECIFIED.)
GEOMETRIC_REPRESENTATION_ITEM()
RATIONAL_B_SPLINE_SURFACE(((1.,1.),(1.,1.),(1.,1.),(1.,1.)))
REPRESENTATION_ITEM('')
SURFACE()
);
#7023=(
BOUNDED_SURFACE()
B_SPLINE_SURFACE(3,1,((#10984,#10985),(#10986,#10987),(#10988,#10989),(#10990,
#10991)),.UNSPECIFIED.,.F.,.F.,.F.)
B_SPLINE_SURFACE_WITH_KNOTS((4,4),(2,2),(0.,1.),(0.,0.005),
 .UNSPECIFIED.)
GEOMETRIC_REPRESENTATION_ITEM()
RATIONAL_B_SPLINE_SURFACE(((1.,1.),(1.,1.),(1.,1.),(1.,1.)))
REPRESENTATION_ITEM('')
SURFACE()
);
#7024=ADVANCED_FACE('',(#501),#6948,.T.);
#7025=ADVANCED_FACE('',(#502),#240,.T.);
#7026=ADVANCED_FACE('',(#503),#241,.T.);
#7027=ADVANCED_FACE('',(#504),#6949,.T.);
#7028=ADVANCED_FACE('',(#505),#6950,.T.);
#7029=ADVANCED_FACE('',(#506),#6951,.T.);
#7030=ADVANCED_FACE('',(#507),#6952,.T.);
#7031=ADVANCED_FACE('',(#508),#242,.T.);
#7032=ADVANCED_FACE('',(#509),#243,.T.);
#7033=ADVANCED_FACE('',(#510),#244,.T.);
#7034=ADVANCED_FACE('',(#511),#245,.T.);
#7035=ADVANCED_FACE('',(#512),#246,.T.);
#7036=ADVANCED_FACE('',(#513),#247,.T.);
#7037=ADVANCED_FACE('',(#514),#248,.T.);
#7038=ADVANCED_FACE('',(#515),#6953,.T.);
#7039=ADVANCED_FACE('',(#516),#6954,.T.);
#7040=ADVANCED_FACE('',(#517),#6955,.T.);
#7041=ADVANCED_FACE('',(#518),#6956,.T.);
#7042=ADVANCED_FACE('',(#519),#6957,.T.);
#7043=ADVANCED_FACE('',(#520),#6958,.T.);
#7044=ADVANCED_FACE('',(#521),#249,.T.);
#7045=ADVANCED_FACE('',(#522),#250,.T.);
#7046=ADVANCED_FACE('',(#523),#251,.T.);
#7047=ADVANCED_FACE('',(#524),#6959,.T.);
#7048=ADVANCED_FACE('',(#525),#6960,.T.);
#7049=ADVANCED_FACE('',(#526),#6961,.T.);
#7050=ADVANCED_FACE('',(#527),#252,.T.);
#7051=ADVANCED_FACE('',(#528),#253,.T.);
#7052=ADVANCED_FACE('',(#529),#254,.T.);
#7053=ADVANCED_FACE('',(#530),#255,.T.);
#7054=ADVANCED_FACE('',(#531),#256,.T.);
#7055=ADVANCED_FACE('',(#532),#257,.T.);
#7056=ADVANCED_FACE('',(#533),#258,.T.);
#7057=ADVANCED_FACE('',(#534),#6962,.T.);
#7058=ADVANCED_FACE('',(#535),#6963,.T.);
#7059=ADVANCED_FACE('',(#536),#6964,.T.);
#7060=ADVANCED_FACE('',(#537),#6965,.T.);
#7061=ADVANCED_FACE('',(#538),#6966,.T.);
#7062=ADVANCED_FACE('',(#539),#259,.T.);
#7063=ADVANCED_FACE('',(#540),#260,.T.);
#7064=ADVANCED_FACE('',(#541),#261,.T.);
#7065=ADVANCED_FACE('',(#542),#6967,.T.);
#7066=ADVANCED_FACE('',(#543),#6968,.T.);
#7067=ADVANCED_FACE('',(#544),#262,.T.);
#7068=ADVANCED_FACE('',(#545),#263,.T.);
#7069=ADVANCED_FACE('',(#546),#6969,.T.);
#7070=ADVANCED_FACE('',(#547),#6970,.T.);
#7071=ADVANCED_FACE('',(#548),#6971,.T.);
#7072=ADVANCED_FACE('',(#549),#264,.T.);
#7073=ADVANCED_FACE('',(#550),#265,.T.);
#7074=ADVANCED_FACE('',(#551),#6972,.T.);
#7075=ADVANCED_FACE('',(#552),#6973,.T.);
#7076=ADVANCED_FACE('',(#553),#266,.T.);
#7077=ADVANCED_FACE('',(#554),#267,.T.);
#7078=ADVANCED_FACE('',(#555),#268,.T.);
#7079=ADVANCED_FACE('',(#556),#6974,.T.);
#7080=ADVANCED_FACE('',(#557),#6975,.T.);
#7081=ADVANCED_FACE('',(#558),#269,.T.);
#7082=ADVANCED_FACE('',(#559),#270,.T.);
#7083=ADVANCED_FACE('',(#560),#271,.T.);
#7084=ADVANCED_FACE('',(#561),#272,.T.);
#7085=ADVANCED_FACE('',(#562),#273,.T.);
#7086=ADVANCED_FACE('',(#563),#6976,.T.);
#7087=ADVANCED_FACE('',(#564),#6977,.T.);
#7088=ADVANCED_FACE('',(#565),#6978,.T.);
#7089=ADVANCED_FACE('',(#566),#6979,.T.);
#7090=ADVANCED_FACE('',(#567),#6980,.T.);
#7091=ADVANCED_FACE('',(#568),#274,.T.);
#7092=ADVANCED_FACE('',(#569),#6981,.T.);
#7093=ADVANCED_FACE('',(#570),#6982,.T.);
#7094=ADVANCED_FACE('',(#571),#6983,.T.);
#7095=ADVANCED_FACE('',(#572),#6984,.T.);
#7096=ADVANCED_FACE('',(#573),#6985,.T.);
#7097=ADVANCED_FACE('',(#574),#6986,.T.);
#7098=ADVANCED_FACE('',(#575),#6987,.T.);
#7099=ADVANCED_FACE('',(#576),#6988,.T.);
#7100=ADVANCED_FACE('',(#577),#6989,.T.);
#7101=ADVANCED_FACE('',(#578),#6990,.T.);
#7102=ADVANCED_FACE('',(#579),#6991,.T.);
#7103=ADVANCED_FACE('',(#580),#6992,.T.);
#7104=ADVANCED_FACE('',(#581),#6993,.T.);
#7105=ADVANCED_FACE('',(#582),#6994,.T.);
#7106=ADVANCED_FACE('',(#583),#6995,.T.);
#7107=ADVANCED_FACE('',(#584),#6996,.T.);
#7108=ADVANCED_FACE('',(#585),#6997,.T.);
#7109=ADVANCED_FACE('',(#586),#6998,.T.);
#7110=ADVANCED_FACE('',(#587),#6999,.T.);
#7111=ADVANCED_FACE('',(#588,#92),#275,.T.);
#7112=ADVANCED_FACE('',(#589,#93,#94,#95,#96,#97),#276,.T.);
#7113=ADVANCED_FACE('',(#590),#7000,.T.);
#7114=ADVANCED_FACE('',(#591),#277,.T.);
#7115=ADVANCED_FACE('',(#592),#278,.T.);
#7116=ADVANCED_FACE('',(#593),#279,.T.);
#7117=ADVANCED_FACE('',(#594),#7001,.T.);
#7118=ADVANCED_FACE('',(#595),#7002,.T.);
#7119=ADVANCED_FACE('',(#596),#7003,.T.);
#7120=ADVANCED_FACE('',(#597),#7004,.T.);
#7121=ADVANCED_FACE('',(#598),#7005,.T.);
#7122=ADVANCED_FACE('',(#599),#7006,.T.);
#7123=ADVANCED_FACE('',(#600),#7007,.T.);
#7124=ADVANCED_FACE('',(#601),#7008,.T.);
#7125=ADVANCED_FACE('',(#602),#280,.T.);
#7126=ADVANCED_FACE('',(#603),#281,.T.);
#7127=ADVANCED_FACE('',(#604),#282,.T.);
#7128=ADVANCED_FACE('',(#605),#7009,.T.);
#7129=ADVANCED_FACE('',(#606),#7010,.T.);
#7130=ADVANCED_FACE('',(#607),#7011,.T.);
#7131=ADVANCED_FACE('',(#608),#7012,.T.);
#7132=ADVANCED_FACE('',(#609),#7013,.T.);
#7133=ADVANCED_FACE('',(#610),#7014,.T.);
#7134=ADVANCED_FACE('',(#611),#283,.T.);
#7135=ADVANCED_FACE('',(#612),#284,.T.);
#7136=ADVANCED_FACE('',(#613),#7015,.T.);
#7137=ADVANCED_FACE('',(#614),#7016,.T.);
#7138=ADVANCED_FACE('',(#615),#7017,.T.);
#7139=ADVANCED_FACE('',(#616),#7018,.T.);
#7140=ADVANCED_FACE('',(#617),#7019,.T.);
#7141=ADVANCED_FACE('',(#618),#7020,.T.);
#7142=ADVANCED_FACE('',(#619),#7021,.T.);
#7143=ADVANCED_FACE('',(#620),#7022,.T.);
#7144=ADVANCED_FACE('',(#621),#7023,.T.);
#7145=ADVANCED_FACE('',(#622,#98),#285,.T.);
#7146=ADVANCED_FACE('',(#623),#286,.T.);
#7147=ADVANCED_FACE('',(#624),#287,.T.);
#7148=ADVANCED_FACE('',(#625),#288,.T.);
#7149=ADVANCED_FACE('',(#626),#289,.T.);
#7150=ADVANCED_FACE('',(#627),#290,.T.);
#7151=ADVANCED_FACE('',(#628),#291,.T.);
#7152=ADVANCED_FACE('',(#629),#292,.F.);
#7153=ADVANCED_FACE('',(#630),#293,.F.);
#7154=ADVANCED_FACE('',(#631),#294,.F.);
#7155=ADVANCED_FACE('',(#632),#295,.F.);
#7156=ADVANCED_FACE('',(#633),#296,.T.);
#7157=ADVANCED_FACE('',(#634),#297,.T.);
#7158=ADVANCED_FACE('',(#635),#298,.T.);
#7159=ADVANCED_FACE('',(#636),#66,.T.);
#7160=ADVANCED_FACE('',(#637),#299,.T.);
#7161=ADVANCED_FACE('',(#638),#67,.F.);
#7162=ADVANCED_FACE('',(#639),#300,.T.);
#7163=ADVANCED_FACE('',(#640,#99),#301,.F.);
#7164=ADVANCED_FACE('',(#641),#302,.F.);
#7165=ADVANCED_FACE('',(#642),#68,.F.);
#7166=ADVANCED_FACE('',(#643),#303,.F.);
#7167=ADVANCED_FACE('',(#644),#304,.F.);
#7168=ADVANCED_FACE('',(#645),#305,.F.);
#7169=ADVANCED_FACE('',(#646,#100),#306,.F.);
#7170=ADVANCED_FACE('',(#647),#307,.F.);
#7171=ADVANCED_FACE('',(#648),#308,.F.);
#7172=ADVANCED_FACE('',(#649,#101),#309,.F.);
#7173=ADVANCED_FACE('',(#650),#310,.F.);
#7174=ADVANCED_FACE('',(#651),#311,.F.);
#7175=ADVANCED_FACE('',(#652),#312,.F.);
#7176=ADVANCED_FACE('',(#653),#313,.F.);
#7177=ADVANCED_FACE('',(#654),#314,.T.);
#7178=ADVANCED_FACE('',(#655),#315,.F.);
#7179=ADVANCED_FACE('',(#656),#316,.F.);
#7180=ADVANCED_FACE('',(#657),#317,.F.);
#7181=ADVANCED_FACE('',(#658),#318,.F.);
#7182=ADVANCED_FACE('',(#659),#319,.F.);
#7183=ADVANCED_FACE('',(#660),#320,.F.);
#7184=ADVANCED_FACE('',(#661),#321,.F.);
#7185=ADVANCED_FACE('',(#662),#322,.F.);
#7186=ADVANCED_FACE('',(#663),#323,.F.);
#7187=ADVANCED_FACE('',(#664),#324,.T.);
#7188=ADVANCED_FACE('',(#665),#325,.F.);
#7189=ADVANCED_FACE('',(#666),#326,.F.);
#7190=ADVANCED_FACE('',(#667),#327,.F.);
#7191=ADVANCED_FACE('',(#668),#328,.F.);
#7192=ADVANCED_FACE('',(#669),#329,.F.);
#7193=ADVANCED_FACE('',(#670),#330,.F.);
#7194=ADVANCED_FACE('',(#671),#331,.F.);
#7195=ADVANCED_FACE('',(#672),#332,.F.);
#7196=ADVANCED_FACE('',(#673),#333,.F.);
#7197=ADVANCED_FACE('',(#674),#334,.F.);
#7198=ADVANCED_FACE('',(#675),#335,.F.);
#7199=ADVANCED_FACE('',(#676),#336,.F.);
#7200=ADVANCED_FACE('',(#677),#337,.F.);
#7201=ADVANCED_FACE('',(#678),#338,.F.);
#7202=ADVANCED_FACE('',(#679),#339,.F.);
#7203=ADVANCED_FACE('',(#680),#69,.T.);
#7204=ADVANCED_FACE('',(#681),#70,.T.);
#7205=ADVANCED_FACE('',(#682),#340,.F.);
#7206=ADVANCED_FACE('',(#683),#341,.F.);
#7207=ADVANCED_FACE('',(#684),#342,.F.);
#7208=ADVANCED_FACE('',(#685),#343,.F.);
#7209=ADVANCED_FACE('',(#686),#344,.F.);
#7210=ADVANCED_FACE('',(#687),#345,.T.);
#7211=ADVANCED_FACE('',(#688),#346,.T.);
#7212=ADVANCED_FACE('',(#689),#347,.T.);
#7213=ADVANCED_FACE('',(#690),#348,.T.);
#7214=ADVANCED_FACE('',(#691),#349,.T.);
#7215=ADVANCED_FACE('',(#692),#350,.F.);
#7216=ADVANCED_FACE('',(#693),#351,.T.);
#7217=ADVANCED_FACE('',(#694),#352,.F.);
#7218=ADVANCED_FACE('',(#695),#353,.F.);
#7219=ADVANCED_FACE('',(#696),#354,.F.);
#7220=ADVANCED_FACE('',(#697),#355,.F.);
#7221=ADVANCED_FACE('',(#698),#356,.F.);
#7222=ADVANCED_FACE('',(#699),#357,.F.);
#7223=ADVANCED_FACE('',(#700),#358,.T.);
#7224=ADVANCED_FACE('',(#701),#359,.F.);
#7225=ADVANCED_FACE('',(#702),#360,.F.);
#7226=ADVANCED_FACE('',(#703),#361,.F.);
#7227=ADVANCED_FACE('',(#704),#71,.T.);
#7228=ADVANCED_FACE('',(#705),#362,.F.);
#7229=ADVANCED_FACE('',(#706),#363,.F.);
#7230=ADVANCED_FACE('',(#707),#72,.T.);
#7231=ADVANCED_FACE('',(#708),#73,.F.);
#7232=ADVANCED_FACE('',(#709),#364,.F.);
#7233=ADVANCED_FACE('',(#710),#365,.T.);
#7234=ADVANCED_FACE('',(#711),#366,.F.);
#7235=ADVANCED_FACE('',(#712),#367,.F.);
#7236=ADVANCED_FACE('',(#713),#368,.F.);
#7237=ADVANCED_FACE('',(#714),#369,.T.);
#7238=ADVANCED_FACE('',(#715),#370,.F.);
#7239=ADVANCED_FACE('',(#716),#74,.T.);
#7240=ADVANCED_FACE('',(#717),#371,.F.);
#7241=ADVANCED_FACE('',(#718),#372,.F.);
#7242=ADVANCED_FACE('',(#719),#373,.F.);
#7243=ADVANCED_FACE('',(#720),#374,.F.);
#7244=ADVANCED_FACE('',(#721),#75,.T.);
#7245=ADVANCED_FACE('',(#722),#375,.F.);
#7246=ADVANCED_FACE('',(#723),#376,.F.);
#7247=ADVANCED_FACE('',(#724),#76,.T.);
#7248=ADVANCED_FACE('',(#725),#377,.F.);
#7249=ADVANCED_FACE('',(#726),#77,.F.);
#7250=ADVANCED_FACE('',(#727),#378,.F.);
#7251=ADVANCED_FACE('',(#728),#379,.T.);
#7252=ADVANCED_FACE('',(#729),#380,.F.);
#7253=ADVANCED_FACE('',(#730),#381,.F.);
#7254=ADVANCED_FACE('',(#731),#382,.F.);
#7255=ADVANCED_FACE('',(#732),#383,.F.);
#7256=ADVANCED_FACE('',(#733),#384,.T.);
#7257=ADVANCED_FACE('',(#734),#385,.T.);
#7258=ADVANCED_FACE('',(#735),#78,.F.);
#7259=ADVANCED_FACE('',(#736),#386,.T.);
#7260=ADVANCED_FACE('',(#737),#387,.T.);
#7261=ADVANCED_FACE('',(#738),#388,.T.);
#7262=ADVANCED_FACE('',(#739),#79,.T.);
#7263=ADVANCED_FACE('',(#740),#389,.F.);
#7264=ADVANCED_FACE('',(#741),#390,.T.);
#7265=ADVANCED_FACE('',(#742),#391,.T.);
#7266=ADVANCED_FACE('',(#743),#392,.T.);
#7267=ADVANCED_FACE('',(#744),#393,.T.);
#7268=ADVANCED_FACE('',(#745),#394,.F.);
#7269=ADVANCED_FACE('',(#746),#395,.F.);
#7270=ADVANCED_FACE('',(#747),#396,.F.);
#7271=ADVANCED_FACE('',(#748),#397,.T.);
#7272=ADVANCED_FACE('',(#749),#398,.F.);
#7273=ADVANCED_FACE('',(#750),#399,.F.);
#7274=ADVANCED_FACE('',(#751),#400,.T.);
#7275=ADVANCED_FACE('',(#752),#401,.T.);
#7276=ADVANCED_FACE('',(#753),#402,.T.);
#7277=ADVANCED_FACE('',(#754),#403,.T.);
#7278=ADVANCED_FACE('',(#755),#404,.F.);
#7279=ADVANCED_FACE('',(#756),#405,.T.);
#7280=ADVANCED_FACE('',(#757),#406,.T.);
#7281=ADVANCED_FACE('',(#758),#407,.T.);
#7282=ADVANCED_FACE('',(#759),#408,.T.);
#7283=ADVANCED_FACE('',(#760),#409,.T.);
#7284=ADVANCED_FACE('',(#761),#410,.F.);
#7285=ADVANCED_FACE('',(#762),#411,.T.);
#7286=ADVANCED_FACE('',(#763),#412,.T.);
#7287=ADVANCED_FACE('',(#764),#413,.T.);
#7288=ADVANCED_FACE('',(#765),#414,.T.);
#7289=ADVANCED_FACE('',(#766),#415,.T.);
#7290=ADVANCED_FACE('',(#767),#416,.F.);
#7291=ADVANCED_FACE('',(#768),#417,.T.);
#7292=ADVANCED_FACE('',(#769),#418,.F.);
#7293=ADVANCED_FACE('',(#770),#419,.F.);
#7294=ADVANCED_FACE('',(#771),#420,.F.);
#7295=ADVANCED_FACE('',(#772),#421,.F.);
#7296=ADVANCED_FACE('',(#773),#422,.F.);
#7297=ADVANCED_FACE('',(#774),#423,.F.);
#7298=ADVANCED_FACE('',(#775),#424,.T.);
#7299=ADVANCED_FACE('',(#776),#425,.F.);
#7300=ADVANCED_FACE('',(#777),#426,.F.);
#7301=ADVANCED_FACE('',(#778),#427,.F.);
#7302=ADVANCED_FACE('',(#779),#428,.F.);
#7303=ADVANCED_FACE('',(#780),#429,.F.);
#7304=ADVANCED_FACE('',(#781),#430,.F.);
#7305=ADVANCED_FACE('',(#782),#431,.F.);
#7306=ADVANCED_FACE('',(#783),#432,.F.);
#7307=ADVANCED_FACE('',(#784),#433,.F.);
#7308=ADVANCED_FACE('',(#785),#434,.T.);
#7309=ADVANCED_FACE('',(#786),#435,.F.);
#7310=ADVANCED_FACE('',(#787),#436,.F.);
#7311=ADVANCED_FACE('',(#788),#437,.F.);
#7312=ADVANCED_FACE('',(#789),#438,.F.);
#7313=ADVANCED_FACE('',(#790),#439,.F.);
#7314=ADVANCED_FACE('',(#791),#440,.F.);
#7315=ADVANCED_FACE('',(#792),#441,.F.);
#7316=ADVANCED_FACE('',(#793),#442,.F.);
#7317=ADVANCED_FACE('',(#794),#443,.F.);
#7318=ADVANCED_FACE('',(#795),#444,.T.);
#7319=ADVANCED_FACE('',(#796),#445,.F.);
#7320=ADVANCED_FACE('',(#797),#446,.F.);
#7321=ADVANCED_FACE('',(#798),#447,.F.);
#7322=ADVANCED_FACE('',(#799),#80,.T.);
#7323=ADVANCED_FACE('',(#800),#448,.F.);
#7324=ADVANCED_FACE('',(#801),#449,.F.);
#7325=ADVANCED_FACE('',(#802),#81,.T.);
#7326=ADVANCED_FACE('',(#803),#82,.F.);
#7327=ADVANCED_FACE('',(#804),#450,.F.);
#7328=ADVANCED_FACE('',(#805),#451,.T.);
#7329=ADVANCED_FACE('',(#806),#452,.F.);
#7330=ADVANCED_FACE('',(#807),#453,.F.);
#7331=ADVANCED_FACE('',(#808),#454,.F.);
#7332=ADVANCED_FACE('',(#809),#455,.T.);
#7333=ADVANCED_FACE('',(#810),#456,.F.);
#7334=ADVANCED_FACE('',(#811),#83,.T.);
#7335=ADVANCED_FACE('',(#812),#457,.F.);
#7336=ADVANCED_FACE('',(#813),#458,.F.);
#7337=ADVANCED_FACE('',(#814),#459,.F.);
#7338=ADVANCED_FACE('',(#815),#460,.F.);
#7339=ADVANCED_FACE('',(#816),#84,.T.);
#7340=ADVANCED_FACE('',(#817),#461,.F.);
#7341=ADVANCED_FACE('',(#818),#462,.F.);
#7342=ADVANCED_FACE('',(#819),#85,.T.);
#7343=ADVANCED_FACE('',(#820),#86,.F.);
#7344=ADVANCED_FACE('',(#821),#463,.F.);
#7345=ADVANCED_FACE('',(#822),#464,.T.);
#7346=ADVANCED_FACE('',(#823),#465,.F.);
#7347=ADVANCED_FACE('',(#824),#466,.F.);
#7348=ADVANCED_FACE('',(#825),#467,.F.);
#7349=ADVANCED_FACE('',(#826),#468,.T.);
#7350=ADVANCED_FACE('',(#827),#469,.F.);
#7351=ADVANCED_FACE('',(#828),#87,.T.);
#7352=ADVANCED_FACE('',(#829),#470,.F.);
#7353=ADVANCED_FACE('',(#830),#471,.F.);
#7354=ADVANCED_FACE('',(#831),#472,.F.);
#7355=ADVANCED_FACE('',(#832),#473,.F.);
#7356=ADVANCED_FACE('',(#833),#88,.T.);
#7357=ADVANCED_FACE('',(#834),#474,.F.);
#7358=ADVANCED_FACE('',(#835),#475,.F.);
#7359=ADVANCED_FACE('',(#836),#89,.T.);
#7360=ADVANCED_FACE('',(#837),#90,.F.);
#7361=ADVANCED_FACE('',(#838),#476,.F.);
#7362=ADVANCED_FACE('',(#839),#477,.T.);
#7363=ADVANCED_FACE('',(#840),#478,.F.);
#7364=ADVANCED_FACE('',(#841),#479,.F.);
#7365=ADVANCED_FACE('',(#842),#480,.F.);
#7366=ADVANCED_FACE('',(#843),#481,.T.);
#7367=ADVANCED_FACE('',(#844),#482,.F.);
#7368=ADVANCED_FACE('',(#845),#91,.T.);
#7369=ADVANCED_FACE('',(#846),#483,.F.);
#7370=ADVANCED_FACE('',(#847),#484,.F.);
#7371=ADVANCED_FACE('',(#848),#485,.F.);
#7372=ADVANCED_FACE('',(#849),#486,.F.);
#7373=ADVANCED_FACE('',(#850),#487,.F.);
#7374=ADVANCED_FACE('',(#851),#488,.F.);
#7375=ADVANCED_FACE('',(#852),#489,.F.);
#7376=ADVANCED_FACE('',(#853),#490,.F.);
#7377=ADVANCED_FACE('',(#854),#491,.F.);
#7378=ADVANCED_FACE('',(#855),#492,.T.);
#7379=ADVANCED_FACE('',(#856),#493,.F.);
#7380=ADVANCED_FACE('',(#857),#494,.F.);
#7381=ADVANCED_FACE('',(#858),#495,.F.);
#7382=ADVANCED_FACE('',(#859),#496,.F.);
#7383=ADVANCED_FACE('',(#860),#497,.T.);
#7384=ADVANCED_FACE('',(#861),#498,.F.);
#7385=ADVANCED_FACE('',(#862),#499,.F.);
#7386=ADVANCED_FACE('',(#863),#500,.F.);
#7387=CLOSED_SHELL('',(#7024,#7025,#7026,#7027,#7028,#7029,#7030,#7031,
#7032,#7033,#7034,#7035,#7036,#7037,#7038,#7039,#7040,#7041,#7042,#7043,
#7044,#7045,#7046,#7047,#7048,#7049,#7050,#7051,#7052,#7053,#7054,#7055,
#7056,#7057,#7058,#7059,#7060,#7061,#7062,#7063,#7064,#7065,#7066,#7067,
#7068,#7069,#7070,#7071,#7072,#7073,#7074,#7075,#7076,#7077,#7078,#7079,
#7080,#7081,#7082,#7083,#7084,#7085,#7086,#7087,#7088,#7089,#7090,#7091,
#7092,#7093,#7094,#7095,#7096,#7097,#7098,#7099,#7100,#7101,#7102,#7103,
#7104,#7105,#7106,#7107,#7108,#7109,#7110,#7111,#7112,#7113,#7114,#7115,
#7116,#7117,#7118,#7119,#7120,#7121,#7122,#7123,#7124,#7125,#7126,#7127,
#7128,#7129,#7130,#7131,#7132,#7133,#7134,#7135,#7136,#7137,#7138,#7139,
#7140,#7141,#7142,#7143,#7144,#7145,#7146,#7147,#7148,#7149,#7150,#7151,
#7152,#7153,#7154,#7155,#7156,#7157,#7158,#7159,#7160,#7161,#7162,#7163,
#7164,#7165,#7166,#7167,#7168,#7169,#7170,#7171,#7172,#7173,#7174,#7175,
#7176,#7177,#7178,#7179,#7180,#7181,#7182,#7183,#7184,#7185,#7186,#7187,
#7188,#7189,#7190,#7191,#7192,#7193,#7194,#7195,#7196,#7197,#7198,#7199,
#7200,#7201,#7202,#7203,#7204,#7205,#7206,#7207,#7208,#7209,#7210,#7211,
#7212,#7213,#7214,#7215,#7216,#7217,#7218,#7219,#7220,#7221,#7222,#7223,
#7224,#7225,#7226,#7227,#7228,#7229,#7230,#7231,#7232,#7233,#7234,#7235,
#7236,#7237,#7238,#7239,#7240,#7241,#7242,#7243,#7244,#7245,#7246,#7247,
#7248,#7249,#7250,#7251,#7252,#7253,#7254,#7255,#7256,#7257,#7258,#7259,
#7260,#7261,#7262,#7263,#7264,#7265,#7266,#7267,#7268,#7269,#7270,#7271,
#7272,#7273,#7274,#7275,#7276,#7277,#7278,#7279,#7280,#7281,#7282,#7283,
#7284,#7285,#7286,#7287,#7288,#7289,#7290,#7291,#7292,#7293,#7294,#7295,
#7296,#7297,#7298,#7299,#7300,#7301,#7302,#7303,#7304,#7305,#7306,#7307,
#7308,#7309,#7310,#7311,#7312,#7313,#7314,#7315,#7316,#7317,#7318,#7319,
#7320,#7321,#7322,#7323,#7324,#7325,#7326,#7327,#7328,#7329,#7330,#7331,
#7332,#7333,#7334,#7335,#7336,#7337,#7338,#7339,#7340,#7341,#7342,#7343,
#7344,#7345,#7346,#7347,#7348,#7349,#7350,#7351,#7352,#7353,#7354,#7355,
#7356,#7357,#7358,#7359,#7360,#7361,#7362,#7363,#7364,#7365,#7366,#7367,
#7368,#7369,#7370,#7371,#7372,#7373,#7374,#7375,#7376,#7377,#7378,#7379,
#7380,#7381,#7382,#7383,#7384,#7385,#7386));
#7388=DERIVED_UNIT_ELEMENT(#7390,1.);
#7389=DERIVED_UNIT_ELEMENT(#12381,-3.);
#7390=(
MASS_UNIT()
NAMED_UNIT(*)
SI_UNIT(.KILO.,.GRAM.)
);
#7391=DERIVED_UNIT((#7388,#7389));
#7392=MEASURE_REPRESENTATION_ITEM('density measure',
POSITIVE_RATIO_MEASURE(7850.),#7391);
#7393=PROPERTY_DEFINITION_REPRESENTATION(#7398,#7395);
#7394=PROPERTY_DEFINITION_REPRESENTATION(#7399,#7396);
#7395=REPRESENTATION('material name',(#7397),#12378);
#7396=REPRESENTATION('density',(#7392),#12378);
#7397=DESCRIPTIVE_REPRESENTATION_ITEM('Steel','Steel');
#7398=PROPERTY_DEFINITION('material property','material name',#12388);
#7399=PROPERTY_DEFINITION('material property','density of part',#12388);
#7400=AXIS2_PLACEMENT_3D('',#9269,#7740,#7741);
#7401=AXIS2_PLACEMENT_3D('',#9292,#7744,#7745);
#7402=AXIS2_PLACEMENT_3D('',#9298,#7749,#7750);
#7403=AXIS2_PLACEMENT_3D('',#9380,#7758,#7759);
#7404=AXIS2_PLACEMENT_3D('',#9386,#7763,#7764);
#7405=AXIS2_PLACEMENT_3D('',#9392,#7768,#7769);
#7406=AXIS2_PLACEMENT_3D('',#9398,#7773,#7774);
#7407=AXIS2_PLACEMENT_3D('',#9404,#7778,#7779);
#7408=AXIS2_PLACEMENT_3D('',#9410,#7783,#7784);
#7409=AXIS2_PLACEMENT_3D('',#9416,#7788,#7789);
#7410=AXIS2_PLACEMENT_3D('',#9536,#7799,#7800);
#7411=AXIS2_PLACEMENT_3D('',#9542,#7804,#7805);
#7412=AXIS2_PLACEMENT_3D('',#9548,#7809,#7810);
#7413=AXIS2_PLACEMENT_3D('',#9611,#7817,#7818);
#7414=AXIS2_PLACEMENT_3D('',#9617,#7822,#7823);
#7415=AXIS2_PLACEMENT_3D('',#9623,#7827,#7828);
#7416=AXIS2_PLACEMENT_3D('',#9629,#7832,#7833);
#7417=AXIS2_PLACEMENT_3D('',#9635,#7837,#7838);
#7418=AXIS2_PLACEMENT_3D('',#9641,#7842,#7843);
#7419=AXIS2_PLACEMENT_3D('',#9647,#7847,#7848);
#7420=AXIS2_PLACEMENT_3D('',#9745,#7856,#7857);
#7421=AXIS2_PLACEMENT_3D('',#9746,#7858,#7859);
#7422=AXIS2_PLACEMENT_3D('',#9755,#7864,#7865);
#7423=AXIS2_PLACEMENT_3D('',#9799,#7871,#7872);
#7424=AXIS2_PLACEMENT_3D('',#9805,#7876,#7877);
#7425=AXIS2_PLACEMENT_3D('',#9868,#7884,#7885);
#7426=AXIS2_PLACEMENT_3D('',#9874,#7889,#7890);
#7427=AXIS2_PLACEMENT_3D('',#9918,#7896,#7897);
#7428=AXIS2_PLACEMENT_3D('',#9924,#7901,#7902);
#7429=AXIS2_PLACEMENT_3D('',#9930,#7906,#7907);
#7430=AXIS2_PLACEMENT_3D('',#9974,#7913,#7914);
#7431=AXIS2_PLACEMENT_3D('',#9980,#7918,#7919);
#7432=AXIS2_PLACEMENT_3D('',#9986,#7923,#7924);
#7433=AXIS2_PLACEMENT_3D('',#9992,#7928,#7929);
#7434=AXIS2_PLACEMENT_3D('',#9998,#7933,#7934);
#7435=AXIS2_PLACEMENT_3D('',#10096,#7942,#7943);
#7436=AXIS2_PLACEMENT_3D('',#10458,#7963,#7964);
#7437=AXIS2_PLACEMENT_3D('',#10459,#7965,#7966);
#7438=AXIS2_PLACEMENT_3D('',#10614,#7990,#7991);
#7439=AXIS2_PLACEMENT_3D('',#10620,#7995,#7996);
#7440=AXIS2_PLACEMENT_3D('',#10626,#8000,#8001);
#7441=AXIS2_PLACEMENT_3D('',#10768,#8013,#8014);
#7442=AXIS2_PLACEMENT_3D('',#10772,#8017,#8018);
#7443=AXIS2_PLACEMENT_3D('',#10776,#8021,#8022);
#7444=AXIS2_PLACEMENT_3D('',#10864,#8031,#8032);
#7445=AXIS2_PLACEMENT_3D('',#10868,#8035,#8036);
#7446=AXIS2_PLACEMENT_3D('',#10996,#8047,#8048);
#7447=AXIS2_PLACEMENT_3D('',#10997,#8049,#8050);
#7448=AXIS2_PLACEMENT_3D('',#10998,#8051,#8052);
#7449=AXIS2_PLACEMENT_3D('',#11004,#8056,#8057);
#7450=AXIS2_PLACEMENT_3D('',#11008,#8060,#8061);
#7451=AXIS2_PLACEMENT_3D('',#11012,#8064,#8065);
#7452=AXIS2_PLACEMENT_3D('',#11014,#8067,#8068);
#7453=AXIS2_PLACEMENT_3D('',#11015,#8069,#8070);
#7454=AXIS2_PLACEMENT_3D('',#11080,#8103,#8104);
#7455=AXIS2_PLACEMENT_3D('',#11086,#8108,#8109);
#7456=AXIS2_PLACEMENT_3D('',#11092,#8113,#8114);
#7457=AXIS2_PLACEMENT_3D('',#11098,#8118,#8119);
#7458=AXIS2_PLACEMENT_3D('',#11119,#8130,#8131);
#7459=AXIS2_PLACEMENT_3D('',#11128,#8136,#8137);
#7460=AXIS2_PLACEMENT_3D('',#11134,#8141,#8142);
#7461=AXIS2_PLACEMENT_3D('',#11135,#8143,#8144);
#7462=AXIS2_PLACEMENT_3D('',#11136,#8145,#8146);
#7463=AXIS2_PLACEMENT_3D('',#11137,#8147,#8148);
#7464=AXIS2_PLACEMENT_3D('',#11158,#8159,#8160);
#7465=AXIS2_PLACEMENT_3D('',#11160,#8161,#8162);
#7466=AXIS2_PLACEMENT_3D('',#11163,#8164,#8165);
#7467=AXIS2_PLACEMENT_3D('',#11164,#8166,#8167);
#7468=AXIS2_PLACEMENT_3D('',#11167,#8170,#8171);
#7469=AXIS2_PLACEMENT_3D('',#11184,#8180,#8181);
#7470=AXIS2_PLACEMENT_3D('',#11187,#8184,#8185);
#7471=AXIS2_PLACEMENT_3D('',#11208,#8196,#8197);
#7472=AXIS2_PLACEMENT_3D('',#11210,#8198,#8199);
#7473=AXIS2_PLACEMENT_3D('',#11213,#8201,#8202);
#7474=AXIS2_PLACEMENT_3D('',#11214,#8203,#8204);
#7475=AXIS2_PLACEMENT_3D('',#11220,#8208,#8209);
#7476=AXIS2_PLACEMENT_3D('',#11229,#8214,#8215);
#7477=AXIS2_PLACEMENT_3D('',#11235,#8219,#8220);
#7478=AXIS2_PLACEMENT_3D('',#11242,#8223,#8224);
#7479=AXIS2_PLACEMENT_3D('',#11258,#8234,#8235);
#7480=AXIS2_PLACEMENT_3D('',#11296,#8255,#8256);
#7481=AXIS2_PLACEMENT_3D('',#11324,#8274,#8275);
#7482=AXIS2_PLACEMENT_3D('',#11334,#8280,#8281);
#7483=AXIS2_PLACEMENT_3D('',#11351,#8290,#8291);
#7484=AXIS2_PLACEMENT_3D('',#11403,#8320,#8321);
#7485=AXIS2_PLACEMENT_3D('',#11406,#8324,#8325);
#7486=AXIS2_PLACEMENT_3D('',#11409,#8328,#8329);
#7487=AXIS2_PLACEMENT_3D('',#11410,#8330,#8331);
#7488=AXIS2_PLACEMENT_3D('',#11411,#8332,#8333);
#7489=AXIS2_PLACEMENT_3D('',#11412,#8334,#8335);
#7490=AXIS2_PLACEMENT_3D('',#11418,#8339,#8340);
#7491=AXIS2_PLACEMENT_3D('',#11422,#8343,#8344);
#7492=AXIS2_PLACEMENT_3D('',#11428,#8348,#8349);
#7493=AXIS2_PLACEMENT_3D('',#11466,#8369,#8370);
#7494=AXIS2_PLACEMENT_3D('',#11471,#8374,#8375);
#7495=AXIS2_PLACEMENT_3D('',#11475,#8378,#8379);
#7496=AXIS2_PLACEMENT_3D('',#11479,#8382,#8383);
#7497=AXIS2_PLACEMENT_3D('',#11483,#8386,#8387);
#7498=AXIS2_PLACEMENT_3D('',#11487,#8390,#8391);
#7499=AXIS2_PLACEMENT_3D('',#11538,#8422,#8423);
#7500=AXIS2_PLACEMENT_3D('',#11539,#8424,#8425);
#7501=AXIS2_PLACEMENT_3D('',#11546,#8430,#8431);
#7502=AXIS2_PLACEMENT_3D('',#11548,#8433,#8434);
#7503=AXIS2_PLACEMENT_3D('',#11549,#8435,#8436);
#7504=AXIS2_PLACEMENT_3D('',#11556,#8441,#8442);
#7505=AXIS2_PLACEMENT_3D('',#11558,#8444,#8445);
#7506=AXIS2_PLACEMENT_3D('',#11559,#8446,#8447);
#7507=AXIS2_PLACEMENT_3D('',#11562,#8450,#8451);
#7508=AXIS2_PLACEMENT_3D('',#11563,#8452,#8453);
#7509=AXIS2_PLACEMENT_3D('',#11564,#8454,#8455);
#7510=AXIS2_PLACEMENT_3D('',#11567,#8458,#8459);
#7511=AXIS2_PLACEMENT_3D('',#11568,#8460,#8461);
#7512=AXIS2_PLACEMENT_3D('',#11569,#8462,#8463);
#7513=AXIS2_PLACEMENT_3D('',#11572,#8466,#8467);
#7514=AXIS2_PLACEMENT_3D('',#11573,#8468,#8469);
#7515=AXIS2_PLACEMENT_3D('',#11574,#8470,#8471);
#7516=AXIS2_PLACEMENT_3D('',#11576,#8473,#8474);
#7517=AXIS2_PLACEMENT_3D('',#11578,#8476,#8477);
#7518=AXIS2_PLACEMENT_3D('',#11579,#8478,#8479);
#7519=AXIS2_PLACEMENT_3D('',#11583,#8482,#8483);
#7520=AXIS2_PLACEMENT_3D('',#11587,#8486,#8487);
#7521=AXIS2_PLACEMENT_3D('',#11589,#8489,#8490);
#7522=AXIS2_PLACEMENT_3D('',#11590,#8491,#8492);
#7523=AXIS2_PLACEMENT_3D('',#11596,#8496,#8497);
#7524=AXIS2_PLACEMENT_3D('',#11610,#8505,#8506);
#7525=AXIS2_PLACEMENT_3D('',#11621,#8513,#8514);
#7526=AXIS2_PLACEMENT_3D('',#11624,#8517,#8518);
#7527=AXIS2_PLACEMENT_3D('',#11625,#8519,#8520);
#7528=AXIS2_PLACEMENT_3D('',#11626,#8521,#8522);
#7529=AXIS2_PLACEMENT_3D('',#11635,#8527,#8528);
#7530=AXIS2_PLACEMENT_3D('',#11641,#8532,#8533);
#7531=AXIS2_PLACEMENT_3D('',#11647,#8537,#8538);
#7532=AXIS2_PLACEMENT_3D('',#11653,#8542,#8543);
#7533=AXIS2_PLACEMENT_3D('',#11659,#8547,#8548);
#7534=AXIS2_PLACEMENT_3D('',#11665,#8552,#8553);
#7535=AXIS2_PLACEMENT_3D('',#11668,#8556,#8557);
#7536=AXIS2_PLACEMENT_3D('',#11671,#8560,#8561);
#7537=AXIS2_PLACEMENT_3D('',#11672,#8562,#8563);
#7538=AXIS2_PLACEMENT_3D('',#11673,#8564,#8565);
#7539=AXIS2_PLACEMENT_3D('',#11676,#8566,#8567);
#7540=AXIS2_PLACEMENT_3D('',#11680,#8569,#8570);
#7541=AXIS2_PLACEMENT_3D('',#11682,#8572,#8573);
#7542=AXIS2_PLACEMENT_3D('',#11688,#8577,#8578);
#7543=AXIS2_PLACEMENT_3D('',#11694,#8582,#8583);
#7544=AXIS2_PLACEMENT_3D('',#11696,#8584,#8585);
#7545=AXIS2_PLACEMENT_3D('',#11699,#8587,#8588);
#7546=AXIS2_PLACEMENT_3D('',#11700,#8589,#8590);
#7547=AXIS2_PLACEMENT_3D('',#11702,#8591,#8592);
#7548=AXIS2_PLACEMENT_3D('',#11705,#8594,#8595);
#7549=AXIS2_PLACEMENT_3D('',#11706,#8596,#8597);
#7550=AXIS2_PLACEMENT_3D('',#11709,#8600,#8601);
#7551=AXIS2_PLACEMENT_3D('',#11712,#8604,#8605);
#7552=AXIS2_PLACEMENT_3D('',#11713,#8606,#8607);
#7553=AXIS2_PLACEMENT_3D('',#11714,#8608,#8609);
#7554=AXIS2_PLACEMENT_3D('',#11720,#8613,#8614);
#7555=AXIS2_PLACEMENT_3D('',#11729,#8619,#8620);
#7556=AXIS2_PLACEMENT_3D('',#11730,#8621,#8622);
#7557=AXIS2_PLACEMENT_3D('',#11732,#8623,#8624);
#7558=AXIS2_PLACEMENT_3D('',#11740,#8629,#8630);
#7559=AXIS2_PLACEMENT_3D('',#11742,#8632,#8633);
#7560=AXIS2_PLACEMENT_3D('',#11744,#8635,#8636);
#7561=AXIS2_PLACEMENT_3D('',#11746,#8638,#8639);
#7562=AXIS2_PLACEMENT_3D('',#11748,#8641,#8642);
#7563=AXIS2_PLACEMENT_3D('',#11749,#8643,#8644);
#7564=AXIS2_PLACEMENT_3D('',#11750,#8645,#8646);
#7565=AXIS2_PLACEMENT_3D('',#11751,#8647,#8648);
#7566=AXIS2_PLACEMENT_3D('',#11752,#8649,#8650);
#7567=AXIS2_PLACEMENT_3D('',#11758,#8654,#8655);
#7568=AXIS2_PLACEMENT_3D('',#11764,#8659,#8660);
#7569=AXIS2_PLACEMENT_3D('',#11766,#8661,#8662);
#7570=AXIS2_PLACEMENT_3D('',#11769,#8664,#8665);
#7571=AXIS2_PLACEMENT_3D('',#11770,#8666,#8667);
#7572=AXIS2_PLACEMENT_3D('',#11785,#8676,#8677);
#7573=AXIS2_PLACEMENT_3D('',#11789,#8679,#8680);
#7574=AXIS2_PLACEMENT_3D('',#11790,#8681,#8682);
#7575=AXIS2_PLACEMENT_3D('',#11791,#8683,#8684);
#7576=AXIS2_PLACEMENT_3D('',#11794,#8687,#8688);
#7577=AXIS2_PLACEMENT_3D('',#11796,#8690,#8691);
#7578=AXIS2_PLACEMENT_3D('',#11798,#8693,#8694);
#7579=AXIS2_PLACEMENT_3D('',#11799,#8695,#8696);
#7580=AXIS2_PLACEMENT_3D('',#11801,#8698,#8699);
#7581=AXIS2_PLACEMENT_3D('',#11802,#8700,#8701);
#7582=AXIS2_PLACEMENT_3D('',#11804,#8703,#8704);
#7583=AXIS2_PLACEMENT_3D('',#11805,#8705,#8706);
#7584=AXIS2_PLACEMENT_3D('',#11807,#8707,#8708);
#7585=AXIS2_PLACEMENT_3D('',#11809,#8709,#8710);
#7586=AXIS2_PLACEMENT_3D('',#11811,#8712,#8713);
#7587=AXIS2_PLACEMENT_3D('',#11817,#8717,#8718);
#7588=AXIS2_PLACEMENT_3D('',#11823,#8722,#8723);
#7589=AXIS2_PLACEMENT_3D('',#11829,#8727,#8728);
#7590=AXIS2_PLACEMENT_3D('',#11830,#8729,#8730);
#7591=AXIS2_PLACEMENT_3D('',#11831,#8731,#8732);
#7592=AXIS2_PLACEMENT_3D('',#11832,#8733,#8734);
#7593=AXIS2_PLACEMENT_3D('',#11834,#8736,#8737);
#7594=AXIS2_PLACEMENT_3D('',#11836,#8739,#8740);
#7595=AXIS2_PLACEMENT_3D('',#11837,#8741,#8742);
#7596=AXIS2_PLACEMENT_3D('',#11839,#8744,#8745);
#7597=AXIS2_PLACEMENT_3D('',#11840,#8746,#8747);
#7598=AXIS2_PLACEMENT_3D('',#11842,#8749,#8750);
#7599=AXIS2_PLACEMENT_3D('',#11843,#8751,#8752);
#7600=AXIS2_PLACEMENT_3D('',#11847,#8755,#8756);
#7601=AXIS2_PLACEMENT_3D('',#11851,#8759,#8760);
#7602=AXIS2_PLACEMENT_3D('',#11853,#8762,#8763);
#7603=AXIS2_PLACEMENT_3D('',#11854,#8764,#8765);
#7604=AXIS2_PLACEMENT_3D('',#11860,#8769,#8770);
#7605=AXIS2_PLACEMENT_3D('',#11874,#8778,#8779);
#7606=AXIS2_PLACEMENT_3D('',#11885,#8786,#8787);
#7607=AXIS2_PLACEMENT_3D('',#11888,#8790,#8791);
#7608=AXIS2_PLACEMENT_3D('',#11889,#8792,#8793);
#7609=AXIS2_PLACEMENT_3D('',#11890,#8794,#8795);
#7610=AXIS2_PLACEMENT_3D('',#11896,#8799,#8800);
#7611=AXIS2_PLACEMENT_3D('',#11910,#8808,#8809);
#7612=AXIS2_PLACEMENT_3D('',#11921,#8816,#8817);
#7613=AXIS2_PLACEMENT_3D('',#11924,#8820,#8821);
#7614=AXIS2_PLACEMENT_3D('',#11925,#8822,#8823);
#7615=AXIS2_PLACEMENT_3D('',#11926,#8824,#8825);
#7616=AXIS2_PLACEMENT_3D('',#11932,#8829,#8830);
#7617=AXIS2_PLACEMENT_3D('',#11946,#8838,#8839);
#7618=AXIS2_PLACEMENT_3D('',#11957,#8846,#8847);
#7619=AXIS2_PLACEMENT_3D('',#11960,#8850,#8851);
#7620=AXIS2_PLACEMENT_3D('',#11961,#8852,#8853);
#7621=AXIS2_PLACEMENT_3D('',#11962,#8854,#8855);
#7622=AXIS2_PLACEMENT_3D('',#11971,#8860,#8861);
#7623=AXIS2_PLACEMENT_3D('',#11977,#8865,#8866);
#7624=AXIS2_PLACEMENT_3D('',#11983,#8870,#8871);
#7625=AXIS2_PLACEMENT_3D('',#11989,#8875,#8876);
#7626=AXIS2_PLACEMENT_3D('',#11995,#8880,#8881);
#7627=AXIS2_PLACEMENT_3D('',#12001,#8885,#8886);
#7628=AXIS2_PLACEMENT_3D('',#12004,#8889,#8890);
#7629=AXIS2_PLACEMENT_3D('',#12007,#8893,#8894);
#7630=AXIS2_PLACEMENT_3D('',#12008,#8895,#8896);
#7631=AXIS2_PLACEMENT_3D('',#12009,#8897,#8898);
#7632=AXIS2_PLACEMENT_3D('',#12018,#8903,#8904);
#7633=AXIS2_PLACEMENT_3D('',#12024,#8908,#8909);
#7634=AXIS2_PLACEMENT_3D('',#12030,#8913,#8914);
#7635=AXIS2_PLACEMENT_3D('',#12036,#8918,#8919);
#7636=AXIS2_PLACEMENT_3D('',#12042,#8923,#8924);
#7637=AXIS2_PLACEMENT_3D('',#12048,#8928,#8929);
#7638=AXIS2_PLACEMENT_3D('',#12051,#8932,#8933);
#7639=AXIS2_PLACEMENT_3D('',#12054,#8936,#8937);
#7640=AXIS2_PLACEMENT_3D('',#12055,#8938,#8939);
#7641=AXIS2_PLACEMENT_3D('',#12056,#8940,#8941);
#7642=AXIS2_PLACEMENT_3D('',#12065,#8946,#8947);
#7643=AXIS2_PLACEMENT_3D('',#12071,#8951,#8952);
#7644=AXIS2_PLACEMENT_3D('',#12077,#8956,#8957);
#7645=AXIS2_PLACEMENT_3D('',#12083,#8961,#8962);
#7646=AXIS2_PLACEMENT_3D('',#12089,#8966,#8967);
#7647=AXIS2_PLACEMENT_3D('',#12095,#8971,#8972);
#7648=AXIS2_PLACEMENT_3D('',#12098,#8975,#8976);
#7649=AXIS2_PLACEMENT_3D('',#12101,#8979,#8980);
#7650=AXIS2_PLACEMENT_3D('',#12102,#8981,#8982);
#7651=AXIS2_PLACEMENT_3D('',#12103,#8983,#8984);
#7652=AXIS2_PLACEMENT_3D('',#12106,#8985,#8986);
#7653=AXIS2_PLACEMENT_3D('',#12110,#8988,#8989);
#7654=AXIS2_PLACEMENT_3D('',#12112,#8991,#8992);
#7655=AXIS2_PLACEMENT_3D('',#12118,#8996,#8997);
#7656=AXIS2_PLACEMENT_3D('',#12124,#9001,#9002);
#7657=AXIS2_PLACEMENT_3D('',#12126,#9003,#9004);
#7658=AXIS2_PLACEMENT_3D('',#12129,#9006,#9007);
#7659=AXIS2_PLACEMENT_3D('',#12130,#9008,#9009);
#7660=AXIS2_PLACEMENT_3D('',#12132,#9010,#9011);
#7661=AXIS2_PLACEMENT_3D('',#12135,#9013,#9014);
#7662=AXIS2_PLACEMENT_3D('',#12136,#9015,#9016);
#7663=AXIS2_PLACEMENT_3D('',#12139,#9019,#9020);
#7664=AXIS2_PLACEMENT_3D('',#12142,#9023,#9024);
#7665=AXIS2_PLACEMENT_3D('',#12143,#9025,#9026);
#7666=AXIS2_PLACEMENT_3D('',#12144,#9027,#9028);
#7667=AXIS2_PLACEMENT_3D('',#12150,#9032,#9033);
#7668=AXIS2_PLACEMENT_3D('',#12159,#9038,#9039);
#7669=AXIS2_PLACEMENT_3D('',#12160,#9040,#9041);
#7670=AXIS2_PLACEMENT_3D('',#12162,#9042,#9043);
#7671=AXIS2_PLACEMENT_3D('',#12170,#9048,#9049);
#7672=AXIS2_PLACEMENT_3D('',#12172,#9051,#9052);
#7673=AXIS2_PLACEMENT_3D('',#12174,#9054,#9055);
#7674=AXIS2_PLACEMENT_3D('',#12176,#9057,#9058);
#7675=AXIS2_PLACEMENT_3D('',#12178,#9060,#9061);
#7676=AXIS2_PLACEMENT_3D('',#12179,#9062,#9063);
#7677=AXIS2_PLACEMENT_3D('',#12182,#9064,#9065);
#7678=AXIS2_PLACEMENT_3D('',#12186,#9067,#9068);
#7679=AXIS2_PLACEMENT_3D('',#12188,#9070,#9071);
#7680=AXIS2_PLACEMENT_3D('',#12194,#9075,#9076);
#7681=AXIS2_PLACEMENT_3D('',#12200,#9080,#9081);
#7682=AXIS2_PLACEMENT_3D('',#12202,#9082,#9083);
#7683=AXIS2_PLACEMENT_3D('',#12205,#9085,#9086);
#7684=AXIS2_PLACEMENT_3D('',#12206,#9087,#9088);
#7685=AXIS2_PLACEMENT_3D('',#12208,#9089,#9090);
#7686=AXIS2_PLACEMENT_3D('',#12211,#9092,#9093);
#7687=AXIS2_PLACEMENT_3D('',#12212,#9094,#9095);
#7688=AXIS2_PLACEMENT_3D('',#12215,#9098,#9099);
#7689=AXIS2_PLACEMENT_3D('',#12218,#9102,#9103);
#7690=AXIS2_PLACEMENT_3D('',#12219,#9104,#9105);
#7691=AXIS2_PLACEMENT_3D('',#12220,#9106,#9107);
#7692=AXIS2_PLACEMENT_3D('',#12226,#9111,#9112);
#7693=AXIS2_PLACEMENT_3D('',#12235,#9117,#9118);
#7694=AXIS2_PLACEMENT_3D('',#12236,#9119,#9120);
#7695=AXIS2_PLACEMENT_3D('',#12238,#9121,#9122);
#7696=AXIS2_PLACEMENT_3D('',#12246,#9127,#9128);
#7697=AXIS2_PLACEMENT_3D('',#12248,#9130,#9131);
#7698=AXIS2_PLACEMENT_3D('',#12250,#9133,#9134);
#7699=AXIS2_PLACEMENT_3D('',#12252,#9136,#9137);
#7700=AXIS2_PLACEMENT_3D('',#12254,#9139,#9140);
#7701=AXIS2_PLACEMENT_3D('',#12255,#9141,#9142);
#7702=AXIS2_PLACEMENT_3D('',#12258,#9143,#9144);
#7703=AXIS2_PLACEMENT_3D('',#12262,#9146,#9147);
#7704=AXIS2_PLACEMENT_3D('',#12264,#9149,#9150);
#7705=AXIS2_PLACEMENT_3D('',#12270,#9154,#9155);
#7706=AXIS2_PLACEMENT_3D('',#12276,#9159,#9160);
#7707=AXIS2_PLACEMENT_3D('',#12278,#9161,#9162);
#7708=AXIS2_PLACEMENT_3D('',#12281,#9164,#9165);
#7709=AXIS2_PLACEMENT_3D('',#12282,#9166,#9167);
#7710=AXIS2_PLACEMENT_3D('',#12284,#9168,#9169);
#7711=AXIS2_PLACEMENT_3D('',#12287,#9171,#9172);
#7712=AXIS2_PLACEMENT_3D('',#12288,#9173,#9174);
#7713=AXIS2_PLACEMENT_3D('',#12291,#9177,#9178);
#7714=AXIS2_PLACEMENT_3D('',#12294,#9181,#9182);
#7715=AXIS2_PLACEMENT_3D('',#12295,#9183,#9184);
#7716=AXIS2_PLACEMENT_3D('',#12296,#9185,#9186);
#7717=AXIS2_PLACEMENT_3D('',#12302,#9190,#9191);
#7718=AXIS2_PLACEMENT_3D('',#12311,#9196,#9197);
#7719=AXIS2_PLACEMENT_3D('',#12312,#9198,#9199);
#7720=AXIS2_PLACEMENT_3D('',#12314,#9200,#9201);
#7721=AXIS2_PLACEMENT_3D('',#12322,#9206,#9207);
#7722=AXIS2_PLACEMENT_3D('',#12324,#9209,#9210);
#7723=AXIS2_PLACEMENT_3D('',#12326,#9212,#9213);
#7724=AXIS2_PLACEMENT_3D('',#12328,#9215,#9216);
#7725=AXIS2_PLACEMENT_3D('',#12330,#9218,#9219);
#7726=AXIS2_PLACEMENT_3D('',#12331,#9220,#9221);
#7727=AXIS2_PLACEMENT_3D('',#12337,#9225,#9226);
#7728=AXIS2_PLACEMENT_3D('',#12339,#9228,#9229);
#7729=AXIS2_PLACEMENT_3D('',#12341,#9231,#9232);
#7730=AXIS2_PLACEMENT_3D('',#12342,#9233,#9234);
#7731=AXIS2_PLACEMENT_3D('',#12348,#9238,#9239);
#7732=AXIS2_PLACEMENT_3D('',#12352,#9242,#9243);
#7733=AXIS2_PLACEMENT_3D('',#12356,#9246,#9247);
#7734=AXIS2_PLACEMENT_3D('',#12358,#9249,#9250);
#7735=AXIS2_PLACEMENT_3D('',#12359,#9251,#9252);
#7736=AXIS2_PLACEMENT_3D('',#12365,#9256,#9257);
#7737=AXIS2_PLACEMENT_3D('',#12369,#9260,#9261);
#7738=AXIS2_PLACEMENT_3D('',#12373,#9264,#9265);
#7739=AXIS2_PLACEMENT_3D('',#12375,#9267,#9268);
#7740=DIRECTION('axis',(0.,0.,1.));
#7741=DIRECTION('refdir',(1.,0.,0.));
#7742=DIRECTION('',(0.,0.,1.));
#7743=DIRECTION('',(0.,0.,1.));
#7744=DIRECTION('center_axis',(0.6856286858413,0.727951444226558,0.));
#7745=DIRECTION('ref_axis',(-0.727951444226558,0.6856286858413,0.));
#7746=DIRECTION('',(0.727951444226558,-0.6856286858413,0.));
#7747=DIRECTION('',(-0.727951444226558,0.6856286858413,0.));
#7748=DIRECTION('',(0.,0.,1.));
#7749=DIRECTION('center_axis',(-0.712566819448411,0.701604252995359,0.));
#7750=DIRECTION('ref_axis',(-0.701604252995359,-0.712566819448411,0.));
#7751=DIRECTION('',(0.701604252995359,0.712566819448411,0.));
#7752=DIRECTION('',(-0.701604252995359,-0.712566819448411,0.));
#7753=DIRECTION('',(0.,0.,1.));
#7754=DIRECTION('',(0.,0.,1.));
#7755=DIRECTION('',(0.,0.,1.));
#7756=DIRECTION('',(0.,0.,1.));
#7757=DIRECTION('',(0.,0.,1.));
#7758=DIRECTION('center_axis',(0.929879446883667,0.367864396569342,0.));
#7759=DIRECTION('ref_axis',(-0.367864396569342,0.929879446883667,0.));
#7760=DIRECTION('',(0.367864396569342,-0.929879446883667,0.));
#7761=DIRECTION('',(-0.367864396569342,0.929879446883667,0.));
#7762=DIRECTION('',(0.,0.,1.));
#7763=DIRECTION('center_axis',(0.999998018542698,0.0019907060754015,0.));
#7764=DIRECTION('ref_axis',(-0.0019907060754015,0.999998018542698,0.));
#7765=DIRECTION('',(0.0019907060754015,-0.999998018542698,0.));
#7766=DIRECTION('',(-0.0019907060754015,0.999998018542698,0.));
#7767=DIRECTION('',(0.,0.,1.));
#7768=DIRECTION('center_axis',(0.999999120518437,0.00132625878052785,0.));
#7769=DIRECTION('ref_axis',(-0.00132625878052785,0.999999120518437,0.));
#7770=DIRECTION('',(0.00132625878052785,-0.999999120518437,0.));
#7771=DIRECTION('',(-0.00132625878052785,0.999999120518437,0.));
#7772=DIRECTION('',(0.,0.,1.));
#7773=DIRECTION('center_axis',(-5.55042132046072E-15,-1.,0.));
#7774=DIRECTION('ref_axis',(1.,-5.55042132046072E-15,0.));
#7775=DIRECTION('',(-1.,5.55042132046072E-15,0.));
#7776=DIRECTION('',(1.,-5.55042132046072E-15,0.));
#7777=DIRECTION('',(0.,0.,1.));
#7778=DIRECTION('center_axis',(-0.999998794415976,-0.00155279315903034,
0.));
#7779=DIRECTION('ref_axis',(0.00155279315903034,-0.999998794415976,0.));
#7780=DIRECTION('',(-0.00155279315903034,0.999998794415976,0.));
#7781=DIRECTION('',(0.00155279315903034,-0.999998794415976,0.));
#7782=DIRECTION('',(0.,0.,1.));
#7783=DIRECTION('center_axis',(-0.999997283225138,-0.0023309959981946,0.));
#7784=DIRECTION('ref_axis',(0.0023309959981946,-0.999997283225138,0.));
#7785=DIRECTION('',(-0.0023309959981946,0.999997283225138,0.));
#7786=DIRECTION('',(0.0023309959981946,-0.999997283225138,0.));
#7787=DIRECTION('',(0.,0.,1.));
#7788=DIRECTION('center_axis',(-0.947492278987198,-0.319778644158183,0.));
#7789=DIRECTION('ref_axis',(0.319778644158183,-0.947492278987198,0.));
#7790=DIRECTION('',(-0.319778644158183,0.947492278987198,0.));
#7791=DIRECTION('',(0.319778644158183,-0.947492278987198,0.));
#7792=DIRECTION('',(0.,0.,1.));
#7793=DIRECTION('',(0.,0.,1.));
#7794=DIRECTION('',(0.,0.,1.));
#7795=DIRECTION('',(0.,0.,1.));
#7796=DIRECTION('',(0.,0.,1.));
#7797=DIRECTION('',(0.,0.,1.));
#7798=DIRECTION('',(0.,0.,1.));
#7799=DIRECTION('center_axis',(0.999995063376983,-0.00314216830597648,0.));
#7800=DIRECTION('ref_axis',(0.00314216830597648,0.999995063376983,0.));
#7801=DIRECTION('',(-0.00314216830597648,-0.999995063376983,0.));
#7802=DIRECTION('',(0.00314216830597648,0.999995063376983,0.));
#7803=DIRECTION('',(0.,0.,1.));
#7804=DIRECTION('center_axis',(0.,-1.,0.));
#7805=DIRECTION('ref_axis',(1.,0.,0.));
#7806=DIRECTION('',(-1.,0.,0.));
#7807=DIRECTION('',(1.,0.,0.));
#7808=DIRECTION('',(0.,0.,1.));
#7809=DIRECTION('center_axis',(-0.999997244826128,-0.00234741137283136,
0.));
#7810=DIRECTION('ref_axis',(0.00234741137283135,-0.999997244826128,0.));
#7811=DIRECTION('',(-0.00234741137283135,0.999997244826128,0.));
#7812=DIRECTION('',(0.00234741137283135,-0.999997244826128,0.));
#7813=DIRECTION('',(0.,0.,1.));
#7814=DIRECTION('',(0.,0.,1.));
#7815=DIRECTION('',(0.,0.,1.));
#7816=DIRECTION('',(0.,0.,1.));
#7817=DIRECTION('center_axis',(0.940747884031148,-0.339106795406577,0.));
#7818=DIRECTION('ref_axis',(0.339106795406577,0.940747884031148,0.));
#7819=DIRECTION('',(-0.339106795406577,-0.940747884031148,0.));
#7820=DIRECTION('',(0.339106795406577,0.940747884031148,0.));
#7821=DIRECTION('',(0.,0.,1.));
#7822=DIRECTION('center_axis',(0.999997304212034,-0.0023219751645791,0.));
#7823=DIRECTION('ref_axis',(0.0023219751645791,0.999997304212034,0.));
#7824=DIRECTION('',(-0.0023219751645791,-0.999997304212034,0.));
#7825=DIRECTION('',(0.0023219751645791,0.999997304212034,0.));
#7826=DIRECTION('',(0.,0.,1.));
#7827=DIRECTION('center_axis',(0.999998803721861,-0.00154678855950795,0.));
#7828=DIRECTION('ref_axis',(0.00154678855950795,0.999998803721861,0.));
#7829=DIRECTION('',(-0.00154678855950795,-0.999998803721861,0.));
#7830=DIRECTION('',(0.00154678855950795,0.999998803721861,0.));
#7831=DIRECTION('',(0.,0.,1.));
#7832=DIRECTION('center_axis',(-5.39069696591509E-15,-1.,0.));
#7833=DIRECTION('ref_axis',(1.,-5.39069696591509E-15,0.));
#7834=DIRECTION('',(-1.,5.39069696591509E-15,0.));
#7835=DIRECTION('',(1.,-5.39069696591509E-15,0.));
#7836=DIRECTION('',(0.,0.,1.));
#7837=DIRECTION('center_axis',(-1.,9.6311938079974E-16,0.));
#7838=DIRECTION('ref_axis',(-9.6311938079974E-16,-1.,0.));
#7839=DIRECTION('',(9.6311938079974E-16,1.,0.));
#7840=DIRECTION('',(-9.6311938079974E-16,-1.,0.));
#7841=DIRECTION('',(0.,0.,1.));
#7842=DIRECTION('center_axis',(0.,1.,0.));
#7843=DIRECTION('ref_axis',(-1.,0.,0.));
#7844=DIRECTION('',(1.,0.,0.));
#7845=DIRECTION('',(-1.,0.,0.));
#7846=DIRECTION('',(0.,0.,1.));
#7847=DIRECTION('center_axis',(1.,0.,0.));
#7848=DIRECTION('ref_axis',(0.,1.,0.));
#7849=DIRECTION('',(0.,-1.,0.));
#7850=DIRECTION('',(0.,1.,0.));
#7851=DIRECTION('',(0.,0.,1.));
#7852=DIRECTION('',(0.,0.,1.));
#7853=DIRECTION('',(0.,0.,1.));
#7854=DIRECTION('',(0.,0.,1.));
#7855=DIRECTION('',(0.,0.,1.));
#7856=DIRECTION('center_axis',(0.,0.,1.));
#7857=DIRECTION('ref_axis',(-1.,0.,0.));
#7858=DIRECTION('center_axis',(-4.77874284605993E-15,1.,0.));
#7859=DIRECTION('ref_axis',(-1.,-4.77874284605993E-15,0.));
#7860=DIRECTION('',(1.,4.77874284605993E-15,0.));
#7861=DIRECTION('',(0.,0.,1.));
#7862=DIRECTION('',(-1.,-4.77874284605993E-15,0.));
#7863=DIRECTION('',(0.,0.,1.));
#7864=DIRECTION('center_axis',(0.856594507983068,0.515990163562491,0.));
#7865=DIRECTION('ref_axis',(-0.515990163562491,0.856594507983067,0.));
#7866=DIRECTION('',(0.515990163562491,-0.856594507983067,0.));
#7867=DIRECTION('',(-0.515990163562491,0.856594507983067,0.));
#7868=DIRECTION('',(0.,0.,1.));
#7869=DIRECTION('',(0.,0.,1.));
#7870=DIRECTION('',(0.,0.,1.));
#7871=DIRECTION('center_axis',(-0.816775172560776,0.576956079340806,0.));
#7872=DIRECTION('ref_axis',(-0.576956079340806,-0.816775172560776,0.));
#7873=DIRECTION('',(0.576956079340806,0.816775172560776,0.));
#7874=DIRECTION('',(-0.576956079340806,-0.816775172560776,0.));
#7875=DIRECTION('',(0.,0.,1.));
#7876=DIRECTION('center_axis',(-5.60858441813025E-15,1.,0.));
#7877=DIRECTION('ref_axis',(-1.,-5.60858441813025E-15,0.));
#7878=DIRECTION('',(1.,5.60858441813025E-15,0.));
#7879=DIRECTION('',(-1.,-5.60858441813025E-15,0.));
#7880=DIRECTION('',(0.,0.,1.));
#7881=DIRECTION('',(0.,0.,1.));
#7882=DIRECTION('',(0.,0.,1.));
#7883=DIRECTION('',(0.,0.,1.));
#7884=DIRECTION('center_axis',(0.843157953899942,-0.537665941617343,0.));
#7885=DIRECTION('ref_axis',(0.537665941617343,0.843157953899942,0.));
#7886=DIRECTION('',(-0.537665941617343,-0.843157953899942,0.));
#7887=DIRECTION('',(0.537665941617343,0.843157953899942,0.));
#7888=DIRECTION('',(0.,0.,1.));
#7889=DIRECTION('center_axis',(0.849865374872094,0.526999852555497,0.));
#7890=DIRECTION('ref_axis',(-0.526999852555497,0.849865374872094,0.));
#7891=DIRECTION('',(0.526999852555497,-0.849865374872094,0.));
#7892=DIRECTION('',(-0.526999852555497,0.849865374872094,0.));
#7893=DIRECTION('',(0.,0.,1.));
#7894=DIRECTION('',(0.,0.,1.));
#7895=DIRECTION('',(0.,0.,1.));
#7896=DIRECTION('center_axis',(0.854198555614457,0.519946946895714,0.));
#7897=DIRECTION('ref_axis',(-0.519946946895714,0.854198555614457,0.));
#7898=DIRECTION('',(0.519946946895714,-0.854198555614457,0.));
#7899=DIRECTION('',(-0.519946946895714,0.854198555614457,0.));
#7900=DIRECTION('',(0.,0.,1.));
#7901=DIRECTION('center_axis',(0.,-1.,0.));
#7902=DIRECTION('ref_axis',(1.,0.,0.));
#7903=DIRECTION('',(-1.,0.,0.));
#7904=DIRECTION('',(1.,0.,0.));
#7905=DIRECTION('',(0.,0.,1.));
#7906=DIRECTION('center_axis',(-0.852851304076282,-0.522153859638503,0.));
#7907=DIRECTION('ref_axis',(0.522153859638503,-0.852851304076282,0.));
#7908=DIRECTION('',(-0.522153859638503,0.852851304076282,0.));
#7909=DIRECTION('',(0.522153859638503,-0.852851304076282,0.));
#7910=DIRECTION('',(0.,0.,1.));
#7911=DIRECTION('',(0.,0.,1.));
#7912=DIRECTION('',(0.,0.,1.));
#7913=DIRECTION('center_axis',(-0.832050294337839,-0.554700196225237,0.));
#7914=DIRECTION('ref_axis',(0.554700196225237,-0.832050294337839,0.));
#7915=DIRECTION('',(-0.554700196225237,0.832050294337839,0.));
#7916=DIRECTION('',(0.554700196225237,-0.832050294337839,0.));
#7917=DIRECTION('',(0.,0.,1.));
#7918=DIRECTION('center_axis',(0.849235202720298,-0.528014744548497,0.));
#7919=DIRECTION('ref_axis',(0.528014744548497,0.849235202720298,0.));
#7920=DIRECTION('',(-0.528014744548497,-0.849235202720298,0.));
#7921=DIRECTION('',(0.528014744548497,0.849235202720298,0.));
#7922=DIRECTION('',(0.,0.,1.));
#7923=DIRECTION('center_axis',(0.849469391930326,-0.527637898727453,0.));
#7924=DIRECTION('ref_axis',(0.527637898727453,0.849469391930326,0.));
#7925=DIRECTION('',(-0.527637898727453,-0.849469391930326,0.));
#7926=DIRECTION('',(0.527637898727453,0.849469391930326,0.));
#7927=DIRECTION('',(0.,0.,1.));
#7928=DIRECTION('center_axis',(0.,-1.,0.));
#7929=DIRECTION('ref_axis',(1.,0.,0.));
#7930=DIRECTION('',(-1.,0.,0.));
#7931=DIRECTION('',(1.,0.,0.));
#7932=DIRECTION('',(0.,0.,1.));
#7933=DIRECTION('center_axis',(-0.827475774391832,0.561501418337156,0.));
#7934=DIRECTION('ref_axis',(-0.561501418337156,-0.827475774391832,0.));
#7935=DIRECTION('',(0.561501418337156,0.827475774391832,0.));
#7936=DIRECTION('',(-0.561501418337156,-0.827475774391832,0.));
#7937=DIRECTION('',(0.,0.,1.));
#7938=DIRECTION('',(0.,0.,1.));
#7939=DIRECTION('',(0.,0.,1.));
#7940=DIRECTION('',(0.,0.,1.));
#7941=DIRECTION('',(0.,0.,1.));
#7942=DIRECTION('center_axis',(0.,0.,1.));
#7943=DIRECTION('ref_axis',(-1.,0.,0.));
#7944=DIRECTION('',(0.,0.,1.));
#7945=DIRECTION('',(0.,0.,1.));
#7946=DIRECTION('',(0.,0.,1.));
#7947=DIRECTION('',(0.,0.,1.));
#7948=DIRECTION('',(0.,0.,1.));
#7949=DIRECTION('',(0.,0.,1.));
#7950=DIRECTION('',(0.,0.,1.));
#7951=DIRECTION('',(0.,0.,1.));
#7952=DIRECTION('',(0.,0.,1.));
#7953=DIRECTION('',(0.,0.,1.));
#7954=DIRECTION('',(0.,0.,1.));
#7955=DIRECTION('',(0.,0.,1.));
#7956=DIRECTION('',(0.,0.,1.));
#7957=DIRECTION('',(0.,0.,1.));
#7958=DIRECTION('',(0.,0.,1.));
#7959=DIRECTION('',(0.,0.,1.));
#7960=DIRECTION('',(0.,0.,1.));
#7961=DIRECTION('',(0.,0.,1.));
#7962=DIRECTION('',(0.,0.,1.));
#7963=DIRECTION('center_axis',(0.,0.,1.));
#7964=DIRECTION('ref_axis',(-1.,0.,0.));
#7965=DIRECTION('center_axis',(0.,0.,1.));
#7966=DIRECTION('ref_axis',(1.,0.,0.));
#7967=DIRECTION('',(0.,-1.,0.));
#7968=DIRECTION('',(-1.,1.0842021724855E-15,0.));
#7969=DIRECTION('',(1.44560289664734E-15,1.,0.));
#7970=DIRECTION('',(1.,0.,0.));
#7971=DIRECTION('',(0.,-1.,0.));
#7972=DIRECTION('',(1.,0.,0.));
#7973=DIRECTION('',(0.,1.,0.));
#7974=DIRECTION('',(-1.,0.,0.));
#7975=DIRECTION('',(0.,-1.,0.));
#7976=DIRECTION('',(1.,0.,0.));
#7977=DIRECTION('',(0.,-1.,0.));
#7978=DIRECTION('',(1.,0.,0.));
#7979=DIRECTION('',(-2.72805902279923E-14,-1.,0.));
#7980=DIRECTION('',(-1.,0.,0.));
#7981=DIRECTION('',(0.103912021640959,-0.99458649284941,0.));
#7982=DIRECTION('',(0.548656441486805,0.836047910837074,0.));
#7983=DIRECTION('',(1.,0.,0.));
#7984=DIRECTION('',(1.,0.,0.));
#7985=DIRECTION('',(0.,-1.,0.));
#7986=DIRECTION('',(-1.,5.31423317916452E-15,0.));
#7987=DIRECTION('',(4.19638708704188E-17,1.,0.));
#7988=DIRECTION('',(0.,0.,1.));
#7989=DIRECTION('',(0.,0.,1.));
#7990=DIRECTION('center_axis',(1.,1.41914181489056E-14,0.));
#7991=DIRECTION('ref_axis',(-1.41914181489056E-14,1.,0.));
#7992=DIRECTION('',(1.41914181489056E-14,-1.,0.));
#7993=DIRECTION('',(-1.41914181489056E-14,1.,0.));
#7994=DIRECTION('',(0.,0.,1.));
#7995=DIRECTION('center_axis',(0.,1.,0.));
#7996=DIRECTION('ref_axis',(-1.,0.,0.));
#7997=DIRECTION('',(1.,0.,0.));
#7998=DIRECTION('',(-1.,0.,0.));
#7999=DIRECTION('',(0.,0.,1.));
#8000=DIRECTION('center_axis',(-0.997785157856608,-0.066519010523787,0.));
#8001=DIRECTION('ref_axis',(0.066519010523787,-0.997785157856608,0.));
#8002=DIRECTION('',(-0.066519010523787,0.997785157856608,0.));
#8003=DIRECTION('',(0.066519010523787,-0.997785157856608,0.));
#8004=DIRECTION('',(0.,0.,1.));
#8005=DIRECTION('',(0.,0.,1.));
#8006=DIRECTION('',(0.,0.,1.));
#8007=DIRECTION('',(0.,0.,1.));
#8008=DIRECTION('',(0.,0.,1.));
#8009=DIRECTION('',(0.,0.,1.));
#8010=DIRECTION('',(0.,0.,1.));
#8011=DIRECTION('',(0.,0.,1.));
#8012=DIRECTION('',(0.,0.,1.));
#8013=DIRECTION('center_axis',(1.,-2.72805902279923E-14,0.));
#8014=DIRECTION('ref_axis',(2.72805902279923E-14,1.,0.));
#8015=DIRECTION('',(2.72805902279923E-14,1.,0.));
#8016=DIRECTION('',(0.,0.,1.));
#8017=DIRECTION('center_axis',(0.,-1.,0.));
#8018=DIRECTION('ref_axis',(1.,0.,0.));
#8019=DIRECTION('',(1.,0.,0.));
#8020=DIRECTION('',(0.,0.,1.));
#8021=DIRECTION('center_axis',(0.99458649284941,0.103912021640959,0.));
#8022=DIRECTION('ref_axis',(-0.103912021640959,0.99458649284941,0.));
#8023=DIRECTION('',(-0.103912021640959,0.99458649284941,0.));
#8024=DIRECTION('',(0.,0.,1.));
#8025=DIRECTION('',(0.,0.,1.));
#8026=DIRECTION('',(0.,0.,1.));
#8027=DIRECTION('',(0.,0.,1.));
#8028=DIRECTION('',(0.,0.,1.));
#8029=DIRECTION('',(0.,0.,1.));
#8030=DIRECTION('',(0.,0.,1.));
#8031=DIRECTION('center_axis',(-0.836047910837074,0.548656441486805,0.));
#8032=DIRECTION('ref_axis',(-0.548656441486805,-0.836047910837074,0.));
#8033=DIRECTION('',(-0.548656441486805,-0.836047910837074,0.));
#8034=DIRECTION('',(0.,0.,1.));
#8035=DIRECTION('center_axis',(0.,1.,0.));
#8036=DIRECTION('ref_axis',(-1.,0.,0.));
#8037=DIRECTION('',(-1.,0.,0.));
#8038=DIRECTION('',(0.,0.,1.));
#8039=DIRECTION('',(0.,0.,1.));
#8040=DIRECTION('',(0.,0.,1.));
#8041=DIRECTION('',(0.,0.,1.));
#8042=DIRECTION('',(0.,0.,1.));
#8043=DIRECTION('',(0.,0.,1.));
#8044=DIRECTION('',(0.,0.,1.));
#8045=DIRECTION('',(0.,0.,1.));
#8046=DIRECTION('',(0.,0.,1.));
#8047=DIRECTION('center_axis',(0.,0.,1.));
#8048=DIRECTION('ref_axis',(-1.,0.,0.));
#8049=DIRECTION('center_axis',(0.,0.,1.));
#8050=DIRECTION('ref_axis',(1.,0.,0.));
#8051=DIRECTION('center_axis',(0.,1.,0.));
#8052=DIRECTION('ref_axis',(-1.,0.,0.));
#8053=DIRECTION('',(0.,0.,1.));
#8054=DIRECTION('',(-1.,0.,0.));
#8055=DIRECTION('',(0.,0.,1.));
#8056=DIRECTION('center_axis',(1.,0.,0.));
#8057=DIRECTION('ref_axis',(0.,1.,0.));
#8058=DIRECTION('',(0.,1.,0.));
#8059=DIRECTION('',(0.,0.,1.));
#8060=DIRECTION('center_axis',(-5.31423317916452E-15,-1.,0.));
#8061=DIRECTION('ref_axis',(1.,-5.31423317916452E-15,0.));
#8062=DIRECTION('',(1.,-5.31423317916452E-15,0.));
#8063=DIRECTION('',(0.,0.,1.));
#8064=DIRECTION('center_axis',(-1.,4.19638708704188E-17,0.));
#8065=DIRECTION('ref_axis',(-4.19638708704188E-17,-1.,0.));
#8066=DIRECTION('',(-4.19638708704188E-17,-1.,0.));
#8067=DIRECTION('center_axis',(0.,0.,1.));
#8068=DIRECTION('ref_axis',(1.,0.,0.));
#8069=DIRECTION('center_axis',(1.37240781327279E-16,0.,1.));
#8070=DIRECTION('ref_axis',(1.,0.,-1.37240781327279E-16));
#8071=DIRECTION('',(-1.,0.,1.37240781327279E-16));
#8072=DIRECTION('',(0.,1.,0.));
#8073=DIRECTION('',(1.,-1.70053432307022E-31,-1.37240781327279E-16));
#8074=DIRECTION('',(0.,1.,0.));
#8075=DIRECTION('',(-1.,0.,1.37240781327279E-16));
#8076=DIRECTION('',(0.,1.,0.));
#8077=DIRECTION('',(1.,-1.70053432307022E-31,-1.37240781327279E-16));
#8078=DIRECTION('',(0.,-1.,0.));
#8079=DIRECTION('',(1.,0.,-1.37240781327279E-16));
#8080=DIRECTION('',(0.,1.,0.));
#8081=DIRECTION('',(-1.,1.25019077512983E-31,1.37240781327279E-16));
#8082=DIRECTION('',(0.,1.,0.));
#8083=DIRECTION('',(1.,0.,-1.37240781327279E-16));
#8084=DIRECTION('',(0.,1.,0.));
#8085=DIRECTION('',(-1.,1.25019077512983E-31,1.37240781327279E-16));
#8086=DIRECTION('',(0.,1.,0.));
#8087=DIRECTION('',(1.,0.,-1.37240781327279E-16));
#8088=DIRECTION('',(0.,1.,0.));
#8089=DIRECTION('',(-1.,1.25019077512983E-31,1.37240781327279E-16));
#8090=DIRECTION('',(0.,1.,0.));
#8091=DIRECTION('',(1.,0.,-1.37240781327279E-16));
#8092=DIRECTION('',(0.,1.,0.));
#8093=DIRECTION('',(-1.,1.25019077512983E-31,1.37240781327279E-16));
#8094=DIRECTION('',(0.,1.,0.));
#8095=DIRECTION('',(1.,0.,-1.37240781327279E-16));
#8096=DIRECTION('',(0.,-1.,0.));
#8097=DIRECTION('',(1.,-1.70053432307022E-31,-1.37240781327279E-16));
#8098=DIRECTION('',(0.,1.,0.));
#8099=DIRECTION('',(-1.,0.,1.37240781327279E-16));
#8100=DIRECTION('',(0.,1.,0.));
#8101=DIRECTION('',(1.,-1.70053432307022E-31,-1.37240781327279E-16));
#8102=DIRECTION('',(0.,1.,0.));
#8103=DIRECTION('center_axis',(1.27424866501259E-16,0.371390676354103,0.92847669088526));
#8104=DIRECTION('ref_axis',(-1.,-6.62541702987209E-21,1.3724343149409E-16));
#8105=DIRECTION('',(0.,-0.92847669088526,0.371390676354103));
#8106=DIRECTION('',(1.,0.,-1.37240781327279E-16));
#8107=DIRECTION('',(0.,-0.92847669088526,0.371390676354103));
#8108=DIRECTION('center_axis',(1.27424866501259E-16,0.371390676354103,0.92847669088526));
#8109=DIRECTION('ref_axis',(-1.,-6.62541702987209E-21,1.3724343149409E-16));
#8110=DIRECTION('',(0.,-0.92847669088526,0.371390676354103));
#8111=DIRECTION('',(0.,-0.92847669088526,0.371390676354103));
#8112=DIRECTION('',(1.,0.,-1.37240781327279E-16));
#8113=DIRECTION('center_axis',(1.27424866501259E-16,0.371390676354103,0.92847669088526));
#8114=DIRECTION('ref_axis',(-1.,-6.62541702987209E-21,1.3724343149409E-16));
#8115=DIRECTION('',(0.,-0.92847669088526,0.371390676354103));
#8116=DIRECTION('',(0.,-0.92847669088526,0.371390676354103));
#8117=DIRECTION('',(1.,0.,-1.37240781327279E-16));
#8118=DIRECTION('center_axis',(-1.,0.,0.));
#8119=DIRECTION('ref_axis',(0.,0.,1.));
#8120=DIRECTION('',(0.,0.,1.));
#8121=DIRECTION('',(0.,1.,0.));
#8122=DIRECTION('',(0.,0.,1.));
#8123=DIRECTION('',(0.,1.,1.39397422176707E-15));
#8124=DIRECTION('',(0.,0.,1.));
#8125=DIRECTION('',(0.,1.,0.));
#8126=DIRECTION('',(0.,0.,-1.));
#8127=DIRECTION('',(0.,1.,0.));
#8128=DIRECTION('',(0.,0.,1.));
#8129=DIRECTION('',(0.,1.,0.));
#8130=DIRECTION('center_axis',(1.,0.,0.));
#8131=DIRECTION('ref_axis',(0.,0.,-1.));
#8132=DIRECTION('',(0.,1.,0.));
#8133=DIRECTION('',(0.,0.,-1.));
#8134=DIRECTION('',(0.,1.,0.));
#8135=DIRECTION('',(0.,0.,1.));
#8136=DIRECTION('center_axis',(0.,0.,-1.));
#8137=DIRECTION('ref_axis',(-1.,0.,0.));
#8138=DIRECTION('',(1.,0.,0.));
#8139=DIRECTION('',(0.,1.,0.));
#8140=DIRECTION('',(1.,0.,0.));
#8141=DIRECTION('center_axis',(0.,1.,0.));
#8142=DIRECTION('ref_axis',(0.,0.,1.));
#8143=DIRECTION('center_axis',(0.,-1.,0.));
#8144=DIRECTION('ref_axis',(0.,0.,-1.));
#8145=DIRECTION('center_axis',(0.,1.,0.));
#8146=DIRECTION('ref_axis',(0.,0.,1.));
#8147=DIRECTION('center_axis',(1.,0.,0.));
#8148=DIRECTION('ref_axis',(0.,0.,-1.));
#8149=DIRECTION('',(0.,0.,-1.));
#8150=DIRECTION('',(0.,1.,0.));
#8151=DIRECTION('',(0.,0.,-1.));
#8152=DIRECTION('',(0.,-1.,0.));
#8153=DIRECTION('',(0.,0.,1.));
#8154=DIRECTION('',(0.,1.,0.));
#8155=DIRECTION('',(0.,0.,-1.));
#8156=DIRECTION('',(0.,-1.,-1.39397422176707E-15));
#8157=DIRECTION('',(0.,0.,-1.));
#8158=DIRECTION('',(0.,1.,0.));
#8159=DIRECTION('center_axis',(0.,1.,0.));
#8160=DIRECTION('ref_axis',(0.,0.,1.));
#8161=DIRECTION('center_axis',(0.,1.,0.));
#8162=DIRECTION('ref_axis',(0.,0.,-1.));
#8163=DIRECTION('',(0.,1.,0.));
#8164=DIRECTION('center_axis',(0.,-1.,0.));
#8165=DIRECTION('ref_axis',(0.,0.,1.));
#8166=DIRECTION('center_axis',(0.,0.,1.));
#8167=DIRECTION('ref_axis',(1.,0.,0.));
#8168=DIRECTION('',(-1.,0.,0.));
#8169=DIRECTION('',(1.,0.,0.));
#8170=DIRECTION('center_axis',(0.,1.,0.));
#8171=DIRECTION('ref_axis',(0.,0.,1.));
#8172=DIRECTION('',(0.,0.,-1.));
#8173=DIRECTION('',(-1.,0.,0.));
#8174=DIRECTION('',(0.,0.,-1.));
#8175=DIRECTION('',(-0.599999999999999,0.,-0.800000000000001));
#8176=DIRECTION('',(1.,0.,0.));
#8177=DIRECTION('',(0.,0.,-1.));
#8178=DIRECTION('',(0.,0.,-1.));
#8179=DIRECTION('',(1.,0.,0.));
#8180=DIRECTION('center_axis',(0.,1.,0.));
#8181=DIRECTION('ref_axis',(0.,0.,1.));
#8182=DIRECTION('',(-1.,0.,-5.42101086242752E-16));
#8183=DIRECTION('',(1.,0.,0.));
#8184=DIRECTION('center_axis',(-1.,0.,0.));
#8185=DIRECTION('ref_axis',(0.,0.,1.));
#8186=DIRECTION('',(0.,1.,0.));
#8187=DIRECTION('',(0.,0.,1.));
#8188=DIRECTION('',(0.,1.,0.));
#8189=DIRECTION('',(0.,0.,1.));
#8190=DIRECTION('',(0.,1.,0.));
#8191=DIRECTION('',(0.,0.,-1.));
#8192=DIRECTION('',(0.,1.,0.));
#8193=DIRECTION('',(0.,0.,1.));
#8194=DIRECTION('',(0.,1.,1.39397422176707E-15));
#8195=DIRECTION('',(0.,0.,1.));
#8196=DIRECTION('center_axis',(0.,1.,0.));
#8197=DIRECTION('ref_axis',(0.,0.,1.));
#8198=DIRECTION('center_axis',(0.,1.,0.));
#8199=DIRECTION('ref_axis',(1.,0.,0.));
#8200=DIRECTION('',(0.,1.,0.));
#8201=DIRECTION('center_axis',(0.,1.,0.));
#8202=DIRECTION('ref_axis',(1.,0.,0.));
#8203=DIRECTION('center_axis',(0.,0.,1.));
#8204=DIRECTION('ref_axis',(1.,0.,0.));
#8205=DIRECTION('',(1.,1.35525271560688E-15,0.));
#8206=DIRECTION('',(0.,1.,0.));
#8207=DIRECTION('',(1.,2.3039296165317E-14,0.));
#8208=DIRECTION('center_axis',(1.,0.,0.));
#8209=DIRECTION('ref_axis',(0.,0.,-1.));
#8210=DIRECTION('',(0.,0.,-1.));
#8211=DIRECTION('',(0.,1.,0.));
#8212=DIRECTION('',(0.,0.,1.));
#8213=DIRECTION('',(0.,1.,0.));
#8214=DIRECTION('center_axis',(0.,0.,1.));
#8215=DIRECTION('ref_axis',(1.,0.,0.));
#8216=DIRECTION('',(0.,1.,0.));
#8217=DIRECTION('',(-1.,0.,0.));
#8218=DIRECTION('',(-1.,0.,0.));
#8219=DIRECTION('center_axis',(0.,1.,0.));
#8220=DIRECTION('ref_axis',(0.,0.,1.));
#8221=DIRECTION('',(-1.,0.,0.));
#8222=DIRECTION('',(0.,0.,-1.));
#8223=DIRECTION('center_axis',(0.,1.,0.));
#8224=DIRECTION('ref_axis',(0.,0.,1.));
#8225=DIRECTION('',(1.,0.,0.));
#8226=DIRECTION('',(0.,0.,1.));
#8227=DIRECTION('',(0.,0.,-1.));
#8228=DIRECTION('',(1.,0.,0.));
#8229=DIRECTION('',(-0.599999999999999,0.,0.800000000000001));
#8230=DIRECTION('',(0.,0.,1.));
#8231=DIRECTION('',(0.,0.,-1.));
#8232=DIRECTION('',(1.,0.,-5.42101086242752E-16));
#8233=DIRECTION('',(-1.,0.,0.));
#8234=DIRECTION('center_axis',(0.,-1.,0.));
#8235=DIRECTION('ref_axis',(0.,0.,-1.));
#8236=DIRECTION('',(-1.,0.,0.));
#8237=DIRECTION('',(0.,0.,1.));
#8238=DIRECTION('',(-1.,0.,0.));
#8239=DIRECTION('',(0.,0.,1.));
#8240=DIRECTION('',(-1.,0.,0.));
#8241=DIRECTION('',(0.,0.,1.));
#8242=DIRECTION('',(-1.,0.,0.));
#8243=DIRECTION('',(0.,0.,1.));
#8244=DIRECTION('',(-1.,0.,0.));
#8245=DIRECTION('',(0.,0.,-1.));
#8246=DIRECTION('',(0.,0.,-1.));
#8247=DIRECTION('',(-1.,0.,0.));
#8248=DIRECTION('',(0.,0.,1.));
#8249=DIRECTION('',(-1.,0.,0.));
#8250=DIRECTION('',(0.,0.,1.));
#8251=DIRECTION('',(-1.,0.,0.));
#8252=DIRECTION('',(0.,0.,1.));
#8253=DIRECTION('',(-1.,0.,0.));
#8254=DIRECTION('',(0.,0.,1.));
#8255=DIRECTION('center_axis',(0.,0.,1.));
#8256=DIRECTION('ref_axis',(1.,0.,0.));
#8257=DIRECTION('',(-1.,0.,0.));
#8258=DIRECTION('',(0.,1.,0.));
#8259=DIRECTION('',(0.,1.,0.));
#8260=DIRECTION('',(-1.,0.,0.));
#8261=DIRECTION('',(0.,1.,0.));
#8262=DIRECTION('',(0.,1.,0.));
#8263=DIRECTION('',(-1.,0.,0.));
#8264=DIRECTION('',(0.,1.,0.));
#8265=DIRECTION('',(0.,1.,0.));
#8266=DIRECTION('',(0.,-1.,0.));
#8267=DIRECTION('',(1.,0.,0.));
#8268=DIRECTION('',(0.,-1.,0.));
#8269=DIRECTION('',(0.,-1.,0.));
#8270=DIRECTION('',(0.,1.,0.));
#8271=DIRECTION('',(-1.,0.,0.));
#8272=DIRECTION('',(0.,1.,0.));
#8273=DIRECTION('',(0.,1.,0.));
#8274=DIRECTION('center_axis',(0.,1.,0.));
#8275=DIRECTION('ref_axis',(0.,0.,1.));
#8276=DIRECTION('',(1.,-1.08420217248551E-15,0.));
#8277=DIRECTION('',(0.,0.,1.));
#8278=DIRECTION('',(0.,0.,1.));
#8279=DIRECTION('',(1.,0.,0.));
#8280=DIRECTION('center_axis',(0.,1.,0.));
#8281=DIRECTION('ref_axis',(1.,0.,0.));
#8282=DIRECTION('',(0.,0.,-1.));
#8283=DIRECTION('',(-1.,0.,0.));
#8284=DIRECTION('',(0.,0.,1.));
#8285=DIRECTION('',(-0.599999999999999,0.,0.800000000000001));
#8286=DIRECTION('',(-0.599999999999999,0.,-0.800000000000001));
#8287=DIRECTION('',(0.,0.,-1.));
#8288=DIRECTION('',(-1.,0.,0.));
#8289=DIRECTION('',(0.,0.,-1.));
#8290=DIRECTION('center_axis',(0.,1.,0.));
#8291=DIRECTION('ref_axis',(1.,0.,0.));
#8292=DIRECTION('',(1.,0.,0.));
#8293=DIRECTION('',(0.,0.,-1.));
#8294=DIRECTION('',(0.,0.,1.));
#8295=DIRECTION('',(0.,8.03112720359635E-16,-1.));
#8296=DIRECTION('',(0.,8.03112720359635E-16,-1.));
#8297=DIRECTION('',(-1.,0.,0.));
#8298=DIRECTION('',(0.,8.03112720359635E-16,-1.));
#8299=DIRECTION('',(0.,8.03112720359635E-16,-1.));
#8300=DIRECTION('',(-1.,0.,0.));
#8301=DIRECTION('',(0.,8.03112720359635E-16,-1.));
#8302=DIRECTION('',(-1.,0.,0.));
#8303=DIRECTION('',(-0.5633368246415,0.,0.826227342807554));
#8304=DIRECTION('',(-1.,0.,-8.50354645086665E-16));
#8305=DIRECTION('',(0.,0.,1.));
#8306=DIRECTION('',(1.,0.,0.));
#8307=DIRECTION('',(4.95635278850517E-15,0.,1.));
#8308=DIRECTION('',(-1.,0.,1.39397422176708E-16));
#8309=DIRECTION('',(-2.47817639425258E-15,0.,-1.));
#8310=DIRECTION('',(1.,0.,4.61362626589576E-16));
#8311=DIRECTION('',(0.,0.,-1.));
#8312=DIRECTION('',(-1.,0.,0.));
#8313=DIRECTION('',(-0.563336824641498,0.,-0.826227342807556));
#8314=DIRECTION('',(-1.,0.,0.));
#8315=DIRECTION('',(0.,8.03112720359635E-16,-1.));
#8316=DIRECTION('',(-1.,0.,0.));
#8317=DIRECTION('',(0.,-8.03112720359635E-16,1.));
#8318=DIRECTION('',(0.,8.03112720359635E-16,-1.));
#8319=DIRECTION('',(-1.,0.,0.));
#8320=DIRECTION('center_axis',(1.,0.,0.));
#8321=DIRECTION('ref_axis',(0.,0.,-1.));
#8322=DIRECTION('',(0.,-1.,0.));
#8323=DIRECTION('',(0.,-1.,0.));
#8324=DIRECTION('center_axis',(-1.,0.,0.));
#8325=DIRECTION('ref_axis',(0.,0.,1.));
#8326=DIRECTION('',(0.,-1.,0.));
#8327=DIRECTION('',(0.,-1.,0.));
#8328=DIRECTION('center_axis',(1.,0.,0.));
#8329=DIRECTION('ref_axis',(0.,0.,-1.));
#8330=DIRECTION('center_axis',(-1.,0.,0.));
#8331=DIRECTION('ref_axis',(0.,0.,1.));
#8332=DIRECTION('center_axis',(0.,0.,1.));
#8333=DIRECTION('ref_axis',(1.,0.,0.));
#8334=DIRECTION('center_axis',(-1.,0.,0.));
#8335=DIRECTION('ref_axis',(0.,0.,1.));
#8336=DIRECTION('',(0.,1.,0.));
#8337=DIRECTION('',(0.,0.,1.));
#8338=DIRECTION('',(0.,1.,0.));
#8339=DIRECTION('center_axis',(4.61362626589576E-16,0.,-1.));
#8340=DIRECTION('ref_axis',(-1.,0.,-4.61362626589576E-16));
#8341=DIRECTION('',(0.,1.,0.));
#8342=DIRECTION('',(-1.,0.,-4.61362626589576E-16));
#8343=DIRECTION('center_axis',(-1.,0.,2.47817639425258E-15));
#8344=DIRECTION('ref_axis',(2.47817639425258E-15,0.,1.));
#8345=DIRECTION('',(1.21940467809508E-15,0.870562838720134,0.492057256667903));
#8346=DIRECTION('',(0.,1.,0.));
#8347=DIRECTION('',(2.47817639425258E-15,0.,1.));
#8348=DIRECTION('center_axis',(-1.39397422176708E-16,0.,-1.));
#8349=DIRECTION('ref_axis',(-1.,0.,1.39397422176708E-16));
#8350=DIRECTION('',(-1.,0.,1.39397422176708E-16));
#8351=DIRECTION('',(0.,-1.,0.));
#8352=DIRECTION('',(1.,0.,-1.39397422176708E-16));
#8353=DIRECTION('',(0.,-1.,0.));
#8354=DIRECTION('',(-1.,0.,1.39397422176708E-16));
#8355=DIRECTION('',(0.,-1.,0.));
#8356=DIRECTION('',(1.,0.,-1.39397422176708E-16));
#8357=DIRECTION('',(0.,-1.,0.));
#8358=DIRECTION('',(-1.,0.,1.39397422176708E-16));
#8359=DIRECTION('',(1.,0.,-1.39397422176708E-16));
#8360=DIRECTION('',(0.,1.,0.));
#8361=DIRECTION('',(-1.,0.,1.39397422176708E-16));
#8362=DIRECTION('',(0.,-1.,0.));
#8363=DIRECTION('',(1.,0.,-1.39397422176708E-16));
#8364=DIRECTION('',(0.,-1.,0.));
#8365=DIRECTION('',(-1.,0.,1.39397422176708E-16));
#8366=DIRECTION('',(0.,-1.,0.));
#8367=DIRECTION('',(1.,0.,-1.39397422176708E-16));
#8368=DIRECTION('',(0.,-1.,0.));
#8369=DIRECTION('center_axis',(1.,0.,-4.95635278850517E-15));
#8370=DIRECTION('ref_axis',(-4.95635278850517E-15,0.,-1.));
#8371=DIRECTION('',(0.,1.,0.));
#8372=DIRECTION('',(-4.95635278850517E-15,0.,-1.));
#8373=DIRECTION('',(-2.43880935619016E-15,-0.870562838720134,-0.492057256667903));
#8374=DIRECTION('center_axis',(0.,0.,-1.));
#8375=DIRECTION('ref_axis',(-1.,0.,0.));
#8376=DIRECTION('',(0.,1.,0.));
#8377=DIRECTION('',(-1.,0.,0.));
#8378=DIRECTION('center_axis',(1.,0.,0.));
#8379=DIRECTION('ref_axis',(0.,0.,-1.));
#8380=DIRECTION('',(0.,1.,0.));
#8381=DIRECTION('',(0.,0.,-1.));
#8382=DIRECTION('center_axis',(-8.50354645086665E-16,0.,1.));
#8383=DIRECTION('ref_axis',(1.,0.,8.50354645086665E-16));
#8384=DIRECTION('',(0.,1.,0.));
#8385=DIRECTION('',(1.,0.,8.50354645086665E-16));
#8386=DIRECTION('center_axis',(0.,0.,1.));
#8387=DIRECTION('ref_axis',(1.,0.,0.));
#8388=DIRECTION('',(1.,0.,0.));
#8389=DIRECTION('',(0.,1.,0.));
#8390=DIRECTION('center_axis',(0.,-1.,0.));
#8391=DIRECTION('ref_axis',(0.,0.,-1.));
#8392=DIRECTION('',(0.,0.,1.));
#8393=DIRECTION('',(0.,0.,1.));
#8394=DIRECTION('',(1.,0.,0.));
#8395=DIRECTION('',(0.,0.,1.));
#8396=DIRECTION('',(0.,0.,1.));
#8397=DIRECTION('',(1.,0.,0.));
#8398=DIRECTION('',(0.,0.,1.));
#8399=DIRECTION('',(0.5633368246415,0.,-0.826227342807554));
#8400=DIRECTION('',(1.,0.,0.));
#8401=DIRECTION('',(0.,0.,1.));
#8402=DIRECTION('',(0.,0.,1.));
#8403=DIRECTION('',(-1.,0.,0.));
#8404=DIRECTION('',(0.,0.,1.));
#8405=DIRECTION('',(0.,0.,1.));
#8406=DIRECTION('',(-1.,0.,0.));
#8407=DIRECTION('',(0.,0.,1.));
#8408=DIRECTION('',(0.,0.,1.));
#8409=DIRECTION('',(-1.,0.,0.));
#8410=DIRECTION('',(0.,0.,1.));
#8411=DIRECTION('',(0.,0.,1.));
#8412=DIRECTION('',(-1.,0.,0.));
#8413=DIRECTION('',(0.,0.,1.));
#8414=DIRECTION('',(0.,0.,-1.));
#8415=DIRECTION('',(1.,0.,0.));
#8416=DIRECTION('',(0.563336824641498,0.,0.826227342807555));
#8417=DIRECTION('',(0.,0.,1.));
#8418=DIRECTION('',(1.,0.,0.));
#8419=DIRECTION('',(0.,0.,1.));
#8420=DIRECTION('',(0.,0.,1.));
#8421=DIRECTION('',(1.,0.,0.));
#8422=DIRECTION('center_axis',(-1.21354215560424E-16,0.492057256667903,
-0.870562838720134));
#8423=DIRECTION('ref_axis',(1.,9.95220373230002E-21,-1.39391797018077E-16));
#8424=DIRECTION('center_axis',(-1.,0.,0.));
#8425=DIRECTION('ref_axis',(0.,0.,1.));
#8426=DIRECTION('',(0.,-1.,0.));
#8427=DIRECTION('',(0.,0.88235294117647,-0.470588235294119));
#8428=DIRECTION('',(0.,1.,0.));
#8429=DIRECTION('',(0.,1.23908819712629E-15,1.));
#8430=DIRECTION('center_axis',(0.826227342807554,0.,0.5633368246415));
#8431=DIRECTION('ref_axis',(0.5633368246415,0.,-0.826227342807554));
#8432=DIRECTION('',(0.,1.,0.));
#8433=DIRECTION('center_axis',(0.,0.,1.));
#8434=DIRECTION('ref_axis',(1.,0.,0.));
#8435=DIRECTION('center_axis',(1.,0.,0.));
#8436=DIRECTION('ref_axis',(0.,0.,-1.));
#8437=DIRECTION('',(0.,1.23908819712629E-15,1.));
#8438=DIRECTION('',(0.,1.,0.));
#8439=DIRECTION('',(0.,0.88235294117647,-0.470588235294119));
#8440=DIRECTION('',(0.,1.,0.));
#8441=DIRECTION('center_axis',(0.,0.,1.));
#8442=DIRECTION('ref_axis',(1.,0.,0.));
#8443=DIRECTION('',(0.,1.,0.));
#8444=DIRECTION('center_axis',(-0.826227342807555,0.,0.563336824641498));
#8445=DIRECTION('ref_axis',(0.563336824641498,0.,0.826227342807555));
#8446=DIRECTION('center_axis',(1.,0.,0.));
#8447=DIRECTION('ref_axis',(0.,0.,-1.));
#8448=DIRECTION('',(0.,1.,0.));
#8449=DIRECTION('',(0.,1.,0.));
#8450=DIRECTION('center_axis',(0.8,0.,0.599999999999999));
#8451=DIRECTION('ref_axis',(0.599999999999999,0.,-0.800000000000001));
#8452=DIRECTION('center_axis',(0.,0.,1.));
#8453=DIRECTION('ref_axis',(1.,0.,0.));
#8454=DIRECTION('center_axis',(-1.,0.,0.));
#8455=DIRECTION('ref_axis',(0.,0.,1.));
#8456=DIRECTION('',(0.,1.,0.));
#8457=DIRECTION('',(0.,1.,0.));
#8458=DIRECTION('center_axis',(-0.800000000000001,0.,0.599999999999999));
#8459=DIRECTION('ref_axis',(0.599999999999999,0.,0.800000000000001));
#8460=DIRECTION('center_axis',(0.,0.,1.));
#8461=DIRECTION('ref_axis',(1.,0.,0.));
#8462=DIRECTION('center_axis',(0.,0.,-1.));
#8463=DIRECTION('ref_axis',(-1.,0.,0.));
#8464=DIRECTION('',(0.,1.,0.));
#8465=DIRECTION('',(0.,1.,0.));
#8466=DIRECTION('center_axis',(1.,0.,0.));
#8467=DIRECTION('ref_axis',(0.,0.,-1.));
#8468=DIRECTION('center_axis',(0.,-1.,0.));
#8469=DIRECTION('ref_axis',(0.,0.,-1.));
#8470=DIRECTION('center_axis',(0.,-1.,0.));
#8471=DIRECTION('ref_axis',(0.,0.,-1.));
#8472=DIRECTION('',(0.,1.,0.));
#8473=DIRECTION('center_axis',(0.,0.,-1.));
#8474=DIRECTION('ref_axis',(-1.,0.,0.));
#8475=DIRECTION('',(0.,1.,0.));
#8476=DIRECTION('center_axis',(-1.,0.,0.));
#8477=DIRECTION('ref_axis',(0.,0.,1.));
#8478=DIRECTION('center_axis',(-1.,0.,0.));
#8479=DIRECTION('ref_axis',(0.,0.,1.));
#8480=DIRECTION('',(0.,1.,0.));
#8481=DIRECTION('',(0.,0.,-1.));
#8482=DIRECTION('center_axis',(1.,-1.44560289664734E-15,0.));
#8483=DIRECTION('ref_axis',(1.44560289664734E-15,1.,0.));
#8484=DIRECTION('',(0.,0.,-1.));
#8485=DIRECTION('',(-1.44560289664734E-15,-1.,0.));
#8486=DIRECTION('center_axis',(1.0842021724855E-15,1.,0.));
#8487=DIRECTION('ref_axis',(-1.,1.0842021724855E-15,0.));
#8488=DIRECTION('',(1.,-1.0842021724855E-15,0.));
#8489=DIRECTION('center_axis',(0.,0.,1.));
#8490=DIRECTION('ref_axis',(1.,0.,0.));
#8491=DIRECTION('center_axis',(0.,1.,0.));
#8492=DIRECTION('ref_axis',(0.,0.,1.));
#8493=DIRECTION('',(0.,0.,1.));
#8494=DIRECTION('',(1.,0.,0.));
#8495=DIRECTION('',(0.,0.,1.));
#8496=DIRECTION('center_axis',(0.,1.20466908053945E-16,-1.));
#8497=DIRECTION('ref_axis',(0.,1.,1.20466908053945E-16));
#8498=DIRECTION('',(0.,-1.,-1.20466908053945E-16));
#8499=DIRECTION('',(-1.,0.,0.));
#8500=DIRECTION('',(0.,-1.,-1.20466908053945E-16));
#8501=DIRECTION('',(1.,0.,0.));
#8502=DIRECTION('',(0.,1.,1.20466908053945E-16));
#8503=DIRECTION('',(0.,1.,1.20466908053945E-16));
#8504=DIRECTION('',(1.,0.,0.));
#8505=DIRECTION('center_axis',(0.,1.,0.));
#8506=DIRECTION('ref_axis',(0.,0.,1.));
#8507=DIRECTION('',(0.,0.,-1.));
#8508=DIRECTION('',(0.,0.,1.));
#8509=DIRECTION('',(1.,0.,0.));
#8510=DIRECTION('',(0.,0.,1.));
#8511=DIRECTION('',(0.,0.,-1.));
#8512=DIRECTION('',(1.,0.,0.));
#8513=DIRECTION('center_axis',(0.,0.447213595499959,-0.894427190999915));
#8514=DIRECTION('ref_axis',(0.,0.894427190999915,0.447213595499959));
#8515=DIRECTION('',(0.,0.894427190999915,0.447213595499959));
#8516=DIRECTION('',(0.,0.894427190999915,0.447213595499959));
#8517=DIRECTION('center_axis',(1.,0.,0.));
#8518=DIRECTION('ref_axis',(0.,0.,-1.));
#8519=DIRECTION('center_axis',(1.,0.,0.));
#8520=DIRECTION('ref_axis',(0.,0.,-1.));
#8521=DIRECTION('center_axis',(0.,1.,0.));
#8522=DIRECTION('ref_axis',(0.,0.,1.));
#8523=DIRECTION('',(0.,0.,-1.));
#8524=DIRECTION('',(-1.,0.,0.));
#8525=DIRECTION('',(0.,0.,-1.));
#8526=DIRECTION('',(-1.,0.,0.));
#8527=DIRECTION('center_axis',(0.,0.707106781186547,0.707106781186548));
#8528=DIRECTION('ref_axis',(0.,-0.707106781186548,0.707106781186547));
#8529=DIRECTION('',(0.,0.707106781186548,-0.707106781186547));
#8530=DIRECTION('',(-1.,0.,0.));
#8531=DIRECTION('',(0.,0.707106781186548,-0.707106781186547));
#8532=DIRECTION('center_axis',(0.,-1.35525271560689E-16,1.));
#8533=DIRECTION('ref_axis',(0.,-1.,-1.35525271560689E-16));
#8534=DIRECTION('',(0.,1.,1.35525271560689E-16));
#8535=DIRECTION('',(-1.,0.,0.));
#8536=DIRECTION('',(0.,1.,1.35525271560689E-16));
#8537=DIRECTION('center_axis',(0.,-0.707106781186546,0.707106781186549));
#8538=DIRECTION('ref_axis',(0.,-0.707106781186549,-0.707106781186546));
#8539=DIRECTION('',(0.,0.707106781186549,0.707106781186546));
#8540=DIRECTION('',(-1.,0.,0.));
#8541=DIRECTION('',(0.,0.707106781186549,0.707106781186546));
#8542=DIRECTION('center_axis',(0.,-1.,0.));
#8543=DIRECTION('ref_axis',(0.,0.,-1.));
#8544=DIRECTION('',(0.,0.,1.));
#8545=DIRECTION('',(-1.,0.,0.));
#8546=DIRECTION('',(0.,0.,1.));
#8547=DIRECTION('center_axis',(0.,-1.01643953670516E-15,-1.));
#8548=DIRECTION('ref_axis',(0.,1.,-1.01643953670516E-15));
#8549=DIRECTION('',(0.,-1.,1.01643953670516E-15));
#8550=DIRECTION('',(-1.,0.,0.));
#8551=DIRECTION('',(0.,-1.,1.01643953670516E-15));
#8552=DIRECTION('center_axis',(1.,0.,0.));
#8553=DIRECTION('ref_axis',(0.,0.,-1.));
#8554=DIRECTION('',(0.,0.,1.));
#8555=DIRECTION('',(0.,1.,-4.59407700205722E-17));
#8556=DIRECTION('center_axis',(1.,0.,0.));
#8557=DIRECTION('ref_axis',(0.,0.,-1.));
#8558=DIRECTION('',(0.,0.,1.));
#8559=DIRECTION('',(0.,1.,-4.59407700205722E-17));
#8560=DIRECTION('center_axis',(0.,4.59407700205722E-17,1.));
#8561=DIRECTION('ref_axis',(0.,-1.,4.59407700205722E-17));
#8562=DIRECTION('center_axis',(0.,-1.,0.));
#8563=DIRECTION('ref_axis',(0.,0.,-1.));
#8564=DIRECTION('center_axis',(-1.,0.,0.));
#8565=DIRECTION('ref_axis',(0.,0.,1.));
#8566=DIRECTION('center_axis',(1.,0.,0.));
#8567=DIRECTION('ref_axis',(0.,1.,0.));
#8568=DIRECTION('',(-1.,0.,0.));
#8569=DIRECTION('center_axis',(1.,0.,0.));
#8570=DIRECTION('ref_axis',(0.,1.,0.));
#8571=DIRECTION('',(-1.,0.,0.));
#8572=DIRECTION('center_axis',(0.,0.499999999999998,0.86602540378444));
#8573=DIRECTION('ref_axis',(0.,-0.86602540378444,0.499999999999998));
#8574=DIRECTION('',(0.,0.86602540378444,-0.499999999999998));
#8575=DIRECTION('',(-1.,0.,0.));
#8576=DIRECTION('',(0.,0.86602540378444,-0.499999999999998));
#8577=DIRECTION('center_axis',(0.,0.,1.));
#8578=DIRECTION('ref_axis',(1.,0.,0.));
#8579=DIRECTION('',(0.,1.,0.));
#8580=DIRECTION('',(-1.,0.,0.));
#8581=DIRECTION('',(0.,1.,0.));
#8582=DIRECTION('center_axis',(-1.,0.,0.));
#8583=DIRECTION('ref_axis',(0.,0.,1.));
#8584=DIRECTION('center_axis',(1.,0.,0.));
#8585=DIRECTION('ref_axis',(0.,1.,0.));
#8586=DIRECTION('',(-1.,0.,0.));
#8587=DIRECTION('center_axis',(1.,0.,0.));
#8588=DIRECTION('ref_axis',(0.,1.,0.));
#8589=DIRECTION('center_axis',(-1.,0.,0.));
#8590=DIRECTION('ref_axis',(0.,0.,1.));
#8591=DIRECTION('center_axis',(-1.,0.,0.));
#8592=DIRECTION('ref_axis',(0.,1.,0.));
#8593=DIRECTION('',(-1.,0.,0.));
#8594=DIRECTION('center_axis',(-1.,0.,0.));
#8595=DIRECTION('ref_axis',(0.,1.,0.));
#8596=DIRECTION('center_axis',(1.,0.,0.));
#8597=DIRECTION('ref_axis',(0.,0.,-1.));
#8598=DIRECTION('',(0.,-9.1094699624924E-16,-1.));
#8599=DIRECTION('',(0.,0.999782409654792,0.0208598500679779));
#8600=DIRECTION('center_axis',(1.,0.,0.));
#8601=DIRECTION('ref_axis',(0.,0.,-1.));
#8602=DIRECTION('',(0.,-9.1094699624924E-16,-1.));
#8603=DIRECTION('',(0.,0.999782409654792,0.0208598500679779));
#8604=DIRECTION('center_axis',(0.,-0.0208598500679779,0.999782409654792));
#8605=DIRECTION('ref_axis',(0.,-0.999782409654792,-0.0208598500679779));
#8606=DIRECTION('center_axis',(0.,1.,-9.1094699624924E-16));
#8607=DIRECTION('ref_axis',(0.,9.1094699624924E-16,1.));
#8608=DIRECTION('center_axis',(0.,1.,0.));
#8609=DIRECTION('ref_axis',(0.,0.,1.));
#8610=DIRECTION('',(0.,0.,-1.));
#8611=DIRECTION('',(0.,0.,-1.));
#8612=DIRECTION('',(-1.,0.,0.));
#8613=DIRECTION('center_axis',(1.,0.,0.));
#8614=DIRECTION('ref_axis',(0.,0.,-1.));
#8615=DIRECTION('',(0.,-1.,-2.35696124453371E-16));
#8616=DIRECTION('',(0.,-0.707106781186549,0.707106781186546));
#8617=DIRECTION('',(0.,-1.,0.));
#8618=DIRECTION('',(0.,-0.775964665160069,-0.630776377508719));
#8619=DIRECTION('center_axis',(1.,0.,0.));
#8620=DIRECTION('ref_axis',(0.,1.,0.));
#8621=DIRECTION('center_axis',(1.,0.,0.));
#8622=DIRECTION('ref_axis',(0.,0.,-1.));
#8623=DIRECTION('center_axis',(1.,0.,0.));
#8624=DIRECTION('ref_axis',(0.,1.,0.));
#8625=DIRECTION('',(0.,-0.775964665160069,-0.630776377508719));
#8626=DIRECTION('',(0.,-1.,0.));
#8627=DIRECTION('',(0.,-0.707106781186549,0.707106781186546));
#8628=DIRECTION('',(0.,-1.,-2.35696124453371E-16));
#8629=DIRECTION('center_axis',(-1.,0.,0.));
#8630=DIRECTION('ref_axis',(0.,0.,1.));
#8631=DIRECTION('',(-1.,0.,0.));
#8632=DIRECTION('center_axis',(0.,2.35696124453371E-16,-1.));
#8633=DIRECTION('ref_axis',(0.,1.,2.35696124453371E-16));
#8634=DIRECTION('',(-1.,0.,0.));
#8635=DIRECTION('center_axis',(0.,-0.707106781186546,-0.707106781186549));
#8636=DIRECTION('ref_axis',(0.,0.707106781186549,-0.707106781186546));
#8637=DIRECTION('',(-1.,0.,0.));
#8638=DIRECTION('center_axis',(0.,0.,-1.));
#8639=DIRECTION('ref_axis',(-1.,0.,0.));
#8640=DIRECTION('',(-1.,0.,0.));
#8641=DIRECTION('center_axis',(0.,0.630776377508719,-0.775964665160069));
#8642=DIRECTION('ref_axis',(0.,0.775964665160069,0.630776377508719));
#8643=DIRECTION('center_axis',(0.,1.,0.));
#8644=DIRECTION('ref_axis',(0.,0.,1.));
#8645=DIRECTION('center_axis',(0.,1.,0.));
#8646=DIRECTION('ref_axis',(0.,0.,1.));
#8647=DIRECTION('center_axis',(0.,-1.,0.));
#8648=DIRECTION('ref_axis',(0.,0.,-1.));
#8649=DIRECTION('center_axis',(-1.,0.,0.));
#8650=DIRECTION('ref_axis',(0.,0.,1.));
#8651=DIRECTION('',(0.,0.,1.));
#8652=DIRECTION('',(0.,1.,0.));
#8653=DIRECTION('',(0.,0.,1.));
#8654=DIRECTION('center_axis',(0.,0.,-1.));
#8655=DIRECTION('ref_axis',(-1.,0.,0.));
#8656=DIRECTION('',(-1.,-1.35525271560688E-15,0.));
#8657=DIRECTION('',(0.,1.,0.));
#8658=DIRECTION('',(-1.,-2.3039296165317E-14,0.));
#8659=DIRECTION('center_axis',(0.,1.,0.));
#8660=DIRECTION('ref_axis',(0.,0.,1.));
#8661=DIRECTION('center_axis',(0.,-1.,0.));
#8662=DIRECTION('ref_axis',(1.,0.,0.));
#8663=DIRECTION('',(0.,1.,0.));
#8664=DIRECTION('center_axis',(0.,1.,0.));
#8665=DIRECTION('ref_axis',(1.,0.,0.));
#8666=DIRECTION('center_axis',(1.,0.,0.));
#8667=DIRECTION('ref_axis',(0.,0.,-1.));
#8668=DIRECTION('',(0.,0.,-1.));
#8669=DIRECTION('',(0.,1.,0.));
#8670=DIRECTION('',(0.,-1.,-1.39397422176707E-15));
#8671=DIRECTION('',(0.,0.,-1.));
#8672=DIRECTION('',(0.,1.,0.));
#8673=DIRECTION('',(0.,0.,1.));
#8674=DIRECTION('',(0.,-1.,0.));
#8675=DIRECTION('',(0.,0.,-1.));
#8676=DIRECTION('center_axis',(0.,1.,0.));
#8677=DIRECTION('ref_axis',(0.,0.,1.));
#8678=DIRECTION('',(0.,1.,0.));
#8679=DIRECTION('center_axis',(0.,-1.,0.));
#8680=DIRECTION('ref_axis',(0.,0.,1.));
#8681=DIRECTION('center_axis',(0.,1.,0.));
#8682=DIRECTION('ref_axis',(0.,0.,-1.));
#8683=DIRECTION('center_axis',(0.,0.,-1.));
#8684=DIRECTION('ref_axis',(-1.,0.,0.));
#8685=DIRECTION('',(1.,0.,0.));
#8686=DIRECTION('',(-1.,0.,0.));
#8687=DIRECTION('center_axis',(0.,-1.,0.));
#8688=DIRECTION('ref_axis',(0.,0.,-1.));
#8689=DIRECTION('',(-1.,0.,0.));
#8690=DIRECTION('center_axis',(0.,-1.39397422176707E-15,1.));
#8691=DIRECTION('ref_axis',(0.,-1.,-1.39397422176707E-15));
#8692=DIRECTION('',(1.,0.,0.));
#8693=DIRECTION('center_axis',(0.,-1.,0.));
#8694=DIRECTION('ref_axis',(0.,0.,-1.));
#8695=DIRECTION('center_axis',(0.,1.,0.));
#8696=DIRECTION('ref_axis',(0.,0.,1.));
#8697=DIRECTION('',(1.,0.,0.));
#8698=DIRECTION('center_axis',(0.,0.,1.));
#8699=DIRECTION('ref_axis',(1.,0.,0.));
#8700=DIRECTION('center_axis',(5.42101086242752E-16,0.,1.));
#8701=DIRECTION('ref_axis',(1.,0.,-5.42101086242752E-16));
#8702=DIRECTION('',(-1.,0.,5.42101086242752E-16));
#8703=DIRECTION('center_axis',(0.,1.,0.));
#8704=DIRECTION('ref_axis',(0.,0.,1.));
#8705=DIRECTION('center_axis',(0.,1.,0.));
#8706=DIRECTION('ref_axis',(0.,0.,1.));
#8707=DIRECTION('center_axis',(0.,-1.,0.));
#8708=DIRECTION('ref_axis',(-1.,0.,0.));
#8709=DIRECTION('center_axis',(0.,-1.,0.));
#8710=DIRECTION('ref_axis',(-1.,0.,0.));
#8711=DIRECTION('',(0.,1.,0.));
#8712=DIRECTION('center_axis',(0.,0.,-1.));
#8713=DIRECTION('ref_axis',(-1.,0.,0.));
#8714=DIRECTION('',(-1.,-1.35525271560688E-15,0.));
#8715=DIRECTION('',(-1.,-2.3039296165317E-14,0.));
#8716=DIRECTION('',(0.,1.,0.));
#8717=DIRECTION('center_axis',(-1.,0.,0.));
#8718=DIRECTION('ref_axis',(0.,0.,1.));
#8719=DIRECTION('',(0.,0.,1.));
#8720=DIRECTION('',(0.,0.,1.));
#8721=DIRECTION('',(0.,1.,0.));
#8722=DIRECTION('center_axis',(0.,0.,1.));
#8723=DIRECTION('ref_axis',(1.,0.,0.));
#8724=DIRECTION('',(1.,1.35525271560688E-15,0.));
#8725=DIRECTION('',(1.,2.3039296165317E-14,0.));
#8726=DIRECTION('',(0.,1.,0.));
#8727=DIRECTION('center_axis',(0.,1.,0.));
#8728=DIRECTION('ref_axis',(0.,0.,1.));
#8729=DIRECTION('center_axis',(0.,1.,0.));
#8730=DIRECTION('ref_axis',(-1.,0.,0.));
#8731=DIRECTION('center_axis',(0.,-1.,0.));
#8732=DIRECTION('ref_axis',(-1.,0.,0.));
#8733=DIRECTION('center_axis',(0.,1.,0.));
#8734=DIRECTION('ref_axis',(0.,0.,1.));
#8735=DIRECTION('',(1.,0.,0.));
#8736=DIRECTION('center_axis',(0.,1.39397422176707E-15,-1.));
#8737=DIRECTION('ref_axis',(0.,1.,1.39397422176707E-15));
#8738=DIRECTION('',(-1.,0.,0.));
#8739=DIRECTION('center_axis',(0.,1.,0.));
#8740=DIRECTION('ref_axis',(0.,0.,1.));
#8741=DIRECTION('center_axis',(0.,-1.,0.));
#8742=DIRECTION('ref_axis',(0.,0.,-1.));
#8743=DIRECTION('',(-1.,0.,0.));
#8744=DIRECTION('center_axis',(0.,0.,-1.));
#8745=DIRECTION('ref_axis',(-1.,0.,0.));
#8746=DIRECTION('center_axis',(5.42101086242752E-16,0.,-1.));
#8747=DIRECTION('ref_axis',(-1.,0.,-5.42101086242752E-16));
#8748=DIRECTION('',(1.,0.,5.42101086242752E-16));
#8749=DIRECTION('center_axis',(0.,-1.,0.));
#8750=DIRECTION('ref_axis',(0.,0.,-1.));
#8751=DIRECTION('center_axis',(0.,-1.,1.23908819712629E-15));
#8752=DIRECTION('ref_axis',(0.,-1.23908819712629E-15,-1.));
#8753=DIRECTION('',(0.,1.23908819712629E-15,1.));
#8754=DIRECTION('',(-1.,0.,0.));
#8755=DIRECTION('center_axis',(1.,0.,0.));
#8756=DIRECTION('ref_axis',(0.,0.,-1.));
#8757=DIRECTION('',(0.,0.88235294117647,-0.470588235294119));
#8758=DIRECTION('',(0.,1.,0.));
#8759=DIRECTION('center_axis',(0.,0.470588235294119,0.88235294117647));
#8760=DIRECTION('ref_axis',(0.,-0.88235294117647,0.470588235294119));
#8761=DIRECTION('',(-1.,0.,0.));
#8762=DIRECTION('center_axis',(0.,0.,1.));
#8763=DIRECTION('ref_axis',(1.,0.,0.));
#8764=DIRECTION('center_axis',(0.,1.,0.));
#8765=DIRECTION('ref_axis',(0.,0.,1.));
#8766=DIRECTION('',(0.,0.,-1.));
#8767=DIRECTION('',(-1.,0.,0.));
#8768=DIRECTION('',(0.,0.,-1.));
#8769=DIRECTION('center_axis',(0.,1.20466908053945E-16,-1.));
#8770=DIRECTION('ref_axis',(0.,1.,1.20466908053945E-16));
#8771=DIRECTION('',(0.,-1.,-1.20466908053945E-16));
#8772=DIRECTION('',(-1.,0.,0.));
#8773=DIRECTION('',(0.,-1.,-1.20466908053945E-16));
#8774=DIRECTION('',(-1.,0.,0.));
#8775=DIRECTION('',(0.,-1.,-1.20466908053945E-16));
#8776=DIRECTION('',(0.,-1.,-1.20466908053945E-16));
#8777=DIRECTION('',(-1.,0.,0.));
#8778=DIRECTION('center_axis',(0.,1.,0.));
#8779=DIRECTION('ref_axis',(0.,0.,1.));
#8780=DIRECTION('',(0.,0.,-1.));
#8781=DIRECTION('',(0.,0.,-1.));
#8782=DIRECTION('',(-1.,0.,0.));
#8783=DIRECTION('',(0.,0.,-1.));
#8784=DIRECTION('',(0.,0.,-1.));
#8785=DIRECTION('',(1.,0.,0.));
#8786=DIRECTION('center_axis',(0.,0.447213595499959,-0.894427190999915));
#8787=DIRECTION('ref_axis',(0.,0.894427190999915,0.447213595499959));
#8788=DIRECTION('',(0.,-0.894427190999915,-0.447213595499959));
#8789=DIRECTION('',(0.,-0.894427190999915,-0.447213595499959));
#8790=DIRECTION('center_axis',(1.,0.,0.));
#8791=DIRECTION('ref_axis',(0.,0.,-1.));
#8792=DIRECTION('center_axis',(1.,0.,0.));
#8793=DIRECTION('ref_axis',(0.,0.,-1.));
#8794=DIRECTION('center_axis',(0.,1.,0.));
#8795=DIRECTION('ref_axis',(0.,0.,1.));
#8796=DIRECTION('',(0.,0.,-1.));
#8797=DIRECTION('',(-1.,0.,0.));
#8798=DIRECTION('',(0.,0.,-1.));
#8799=DIRECTION('center_axis',(0.,1.20466908053945E-16,-1.));
#8800=DIRECTION('ref_axis',(0.,1.,1.20466908053945E-16));
#8801=DIRECTION('',(0.,-1.,-1.20466908053945E-16));
#8802=DIRECTION('',(-1.,0.,0.));
#8803=DIRECTION('',(0.,-1.,-1.20466908053945E-16));
#8804=DIRECTION('',(-1.,0.,0.));
#8805=DIRECTION('',(0.,-1.,-1.20466908053945E-16));
#8806=DIRECTION('',(0.,-1.,-1.20466908053945E-16));
#8807=DIRECTION('',(-1.,0.,0.));
#8808=DIRECTION('center_axis',(0.,1.,0.));
#8809=DIRECTION('ref_axis',(0.,0.,1.));
#8810=DIRECTION('',(0.,0.,-1.));
#8811=DIRECTION('',(0.,0.,-1.));
#8812=DIRECTION('',(-1.,0.,0.));
#8813=DIRECTION('',(0.,0.,-1.));
#8814=DIRECTION('',(0.,0.,-1.));
#8815=DIRECTION('',(1.,0.,0.));
#8816=DIRECTION('center_axis',(0.,0.447213595499959,-0.894427190999915));
#8817=DIRECTION('ref_axis',(0.,0.894427190999915,0.447213595499959));
#8818=DIRECTION('',(0.,-0.894427190999915,-0.447213595499959));
#8819=DIRECTION('',(0.,-0.894427190999915,-0.447213595499959));
#8820=DIRECTION('center_axis',(1.,0.,0.));
#8821=DIRECTION('ref_axis',(0.,0.,-1.));
#8822=DIRECTION('center_axis',(1.,0.,0.));
#8823=DIRECTION('ref_axis',(0.,0.,-1.));
#8824=DIRECTION('center_axis',(0.,1.,0.));
#8825=DIRECTION('ref_axis',(0.,0.,1.));
#8826=DIRECTION('',(0.,0.,-1.));
#8827=DIRECTION('',(-1.,0.,0.));
#8828=DIRECTION('',(0.,0.,-1.));
#8829=DIRECTION('center_axis',(0.,1.20466908053945E-16,-1.));
#8830=DIRECTION('ref_axis',(0.,1.,1.20466908053945E-16));
#8831=DIRECTION('',(0.,-1.,-1.20466908053945E-16));
#8832=DIRECTION('',(-1.,0.,0.));
#8833=DIRECTION('',(0.,-1.,-1.20466908053945E-16));
#8834=DIRECTION('',(-1.,0.,0.));
#8835=DIRECTION('',(0.,-1.,-1.20466908053945E-16));
#8836=DIRECTION('',(0.,-1.,-1.20466908053945E-16));
#8837=DIRECTION('',(-1.,0.,0.));
#8838=DIRECTION('center_axis',(0.,1.,0.));
#8839=DIRECTION('ref_axis',(0.,0.,1.));
#8840=DIRECTION('',(0.,0.,-1.));
#8841=DIRECTION('',(0.,0.,-1.));
#8842=DIRECTION('',(-1.,0.,0.));
#8843=DIRECTION('',(0.,0.,-1.));
#8844=DIRECTION('',(0.,0.,-1.));
#8845=DIRECTION('',(1.,0.,0.));
#8846=DIRECTION('center_axis',(0.,0.447213595499959,-0.894427190999915));
#8847=DIRECTION('ref_axis',(0.,0.894427190999915,0.447213595499959));
#8848=DIRECTION('',(0.,-0.894427190999915,-0.447213595499959));
#8849=DIRECTION('',(0.,-0.894427190999915,-0.447213595499959));
#8850=DIRECTION('center_axis',(1.,0.,0.));
#8851=DIRECTION('ref_axis',(0.,0.,-1.));
#8852=DIRECTION('center_axis',(1.,0.,0.));
#8853=DIRECTION('ref_axis',(0.,0.,-1.));
#8854=DIRECTION('center_axis',(0.,1.,0.));
#8855=DIRECTION('ref_axis',(0.,0.,1.));
#8856=DIRECTION('',(0.,0.,-1.));
#8857=DIRECTION('',(-1.,0.,0.));
#8858=DIRECTION('',(0.,0.,-1.));
#8859=DIRECTION('',(-1.,0.,0.));
#8860=DIRECTION('center_axis',(0.,0.707106781186547,0.707106781186548));
#8861=DIRECTION('ref_axis',(0.,-0.707106781186548,0.707106781186547));
#8862=DIRECTION('',(0.,0.707106781186548,-0.707106781186547));
#8863=DIRECTION('',(-1.,0.,0.));
#8864=DIRECTION('',(0.,0.707106781186548,-0.707106781186547));
#8865=DIRECTION('center_axis',(0.,-1.35525271560689E-16,1.));
#8866=DIRECTION('ref_axis',(0.,-1.,-1.35525271560689E-16));
#8867=DIRECTION('',(0.,1.,1.35525271560689E-16));
#8868=DIRECTION('',(-1.,0.,0.));
#8869=DIRECTION('',(0.,1.,1.35525271560689E-16));
#8870=DIRECTION('center_axis',(0.,-0.707106781186546,0.707106781186549));
#8871=DIRECTION('ref_axis',(0.,-0.707106781186549,-0.707106781186546));
#8872=DIRECTION('',(0.,0.707106781186549,0.707106781186546));
#8873=DIRECTION('',(-1.,0.,0.));
#8874=DIRECTION('',(0.,0.707106781186549,0.707106781186546));
#8875=DIRECTION('center_axis',(0.,-1.,0.));
#8876=DIRECTION('ref_axis',(0.,0.,-1.));
#8877=DIRECTION('',(0.,0.,1.));
#8878=DIRECTION('',(-1.,0.,0.));
#8879=DIRECTION('',(0.,0.,1.));
#8880=DIRECTION('center_axis',(0.,-1.01643953670516E-15,-1.));
#8881=DIRECTION('ref_axis',(0.,1.,-1.01643953670516E-15));
#8882=DIRECTION('',(0.,-1.,1.01643953670516E-15));
#8883=DIRECTION('',(-1.,0.,0.));
#8884=DIRECTION('',(0.,-1.,1.01643953670516E-15));
#8885=DIRECTION('center_axis',(1.,0.,0.));
#8886=DIRECTION('ref_axis',(0.,0.,-1.));
#8887=DIRECTION('',(0.,0.,1.));
#8888=DIRECTION('',(0.,1.,-4.59407700205722E-17));
#8889=DIRECTION('center_axis',(1.,0.,0.));
#8890=DIRECTION('ref_axis',(0.,0.,-1.));
#8891=DIRECTION('',(0.,0.,1.));
#8892=DIRECTION('',(0.,1.,-4.59407700205722E-17));
#8893=DIRECTION('center_axis',(0.,4.59407700205722E-17,1.));
#8894=DIRECTION('ref_axis',(0.,-1.,4.59407700205722E-17));
#8895=DIRECTION('center_axis',(0.,-1.,0.));
#8896=DIRECTION('ref_axis',(0.,0.,-1.));
#8897=DIRECTION('center_axis',(0.,1.,0.));
#8898=DIRECTION('ref_axis',(0.,0.,1.));
#8899=DIRECTION('',(0.,0.,-1.));
#8900=DIRECTION('',(-1.,0.,0.));
#8901=DIRECTION('',(0.,0.,-1.));
#8902=DIRECTION('',(-1.,0.,0.));
#8903=DIRECTION('center_axis',(0.,0.707106781186547,0.707106781186548));
#8904=DIRECTION('ref_axis',(0.,-0.707106781186548,0.707106781186547));
#8905=DIRECTION('',(0.,0.707106781186548,-0.707106781186547));
#8906=DIRECTION('',(-1.,0.,0.));
#8907=DIRECTION('',(0.,0.707106781186548,-0.707106781186547));
#8908=DIRECTION('center_axis',(0.,-1.35525271560689E-16,1.));
#8909=DIRECTION('ref_axis',(0.,-1.,-1.35525271560689E-16));
#8910=DIRECTION('',(0.,1.,1.35525271560689E-16));
#8911=DIRECTION('',(-1.,0.,0.));
#8912=DIRECTION('',(0.,1.,1.35525271560689E-16));
#8913=DIRECTION('center_axis',(0.,-0.707106781186546,0.707106781186549));
#8914=DIRECTION('ref_axis',(0.,-0.707106781186549,-0.707106781186546));
#8915=DIRECTION('',(0.,0.707106781186549,0.707106781186546));
#8916=DIRECTION('',(-1.,0.,0.));
#8917=DIRECTION('',(0.,0.707106781186549,0.707106781186546));
#8918=DIRECTION('center_axis',(0.,-1.,0.));
#8919=DIRECTION('ref_axis',(0.,0.,-1.));
#8920=DIRECTION('',(0.,0.,1.));
#8921=DIRECTION('',(-1.,0.,0.));
#8922=DIRECTION('',(0.,0.,1.));
#8923=DIRECTION('center_axis',(0.,-1.01643953670516E-15,-1.));
#8924=DIRECTION('ref_axis',(0.,1.,-1.01643953670516E-15));
#8925=DIRECTION('',(0.,-1.,1.01643953670516E-15));
#8926=DIRECTION('',(-1.,0.,0.));
#8927=DIRECTION('',(0.,-1.,1.01643953670516E-15));
#8928=DIRECTION('center_axis',(1.,0.,0.));
#8929=DIRECTION('ref_axis',(0.,0.,-1.));
#8930=DIRECTION('',(0.,0.,1.));
#8931=DIRECTION('',(0.,1.,-4.59407700205722E-17));
#8932=DIRECTION('center_axis',(1.,0.,0.));
#8933=DIRECTION('ref_axis',(0.,0.,-1.));
#8934=DIRECTION('',(0.,0.,1.));
#8935=DIRECTION('',(0.,1.,-4.59407700205722E-17));
#8936=DIRECTION('center_axis',(0.,4.59407700205722E-17,1.));
#8937=DIRECTION('ref_axis',(0.,-1.,4.59407700205722E-17));
#8938=DIRECTION('center_axis',(0.,-1.,0.));
#8939=DIRECTION('ref_axis',(0.,0.,-1.));
#8940=DIRECTION('center_axis',(0.,1.,0.));
#8941=DIRECTION('ref_axis',(0.,0.,1.));
#8942=DIRECTION('',(0.,0.,-1.));
#8943=DIRECTION('',(-1.,0.,0.));
#8944=DIRECTION('',(0.,0.,-1.));
#8945=DIRECTION('',(-1.,0.,0.));
#8946=DIRECTION('center_axis',(0.,0.707106781186547,0.707106781186548));
#8947=DIRECTION('ref_axis',(0.,-0.707106781186548,0.707106781186547));
#8948=DIRECTION('',(0.,0.707106781186548,-0.707106781186547));
#8949=DIRECTION('',(-1.,0.,0.));
#8950=DIRECTION('',(0.,0.707106781186548,-0.707106781186547));
#8951=DIRECTION('center_axis',(0.,-1.35525271560689E-16,1.));
#8952=DIRECTION('ref_axis',(0.,-1.,-1.35525271560689E-16));
#8953=DIRECTION('',(0.,1.,1.35525271560689E-16));
#8954=DIRECTION('',(-1.,0.,0.));
#8955=DIRECTION('',(0.,1.,1.35525271560689E-16));
#8956=DIRECTION('center_axis',(0.,-0.707106781186546,0.707106781186549));
#8957=DIRECTION('ref_axis',(0.,-0.707106781186549,-0.707106781186546));
#8958=DIRECTION('',(0.,0.707106781186549,0.707106781186546));
#8959=DIRECTION('',(-1.,0.,0.));
#8960=DIRECTION('',(0.,0.707106781186549,0.707106781186546));
#8961=DIRECTION('center_axis',(0.,-1.,0.));
#8962=DIRECTION('ref_axis',(0.,0.,-1.));
#8963=DIRECTION('',(0.,0.,1.));
#8964=DIRECTION('',(-1.,0.,0.));
#8965=DIRECTION('',(0.,0.,1.));
#8966=DIRECTION('center_axis',(0.,-1.01643953670516E-15,-1.));
#8967=DIRECTION('ref_axis',(0.,1.,-1.01643953670516E-15));
#8968=DIRECTION('',(0.,-1.,1.01643953670516E-15));
#8969=DIRECTION('',(-1.,0.,0.));
#8970=DIRECTION('',(0.,-1.,1.01643953670516E-15));
#8971=DIRECTION('center_axis',(1.,0.,0.));
#8972=DIRECTION('ref_axis',(0.,0.,-1.));
#8973=DIRECTION('',(0.,0.,1.));
#8974=DIRECTION('',(0.,1.,-4.59407700205722E-17));
#8975=DIRECTION('center_axis',(1.,0.,0.));
#8976=DIRECTION('ref_axis',(0.,0.,-1.));
#8977=DIRECTION('',(0.,0.,1.));
#8978=DIRECTION('',(0.,1.,-4.59407700205722E-17));
#8979=DIRECTION('center_axis',(0.,4.59407700205722E-17,1.));
#8980=DIRECTION('ref_axis',(0.,-1.,4.59407700205722E-17));
#8981=DIRECTION('center_axis',(0.,-1.,0.));
#8982=DIRECTION('ref_axis',(0.,0.,-1.));
#8983=DIRECTION('center_axis',(-1.,0.,0.));
#8984=DIRECTION('ref_axis',(0.,0.,1.));
#8985=DIRECTION('center_axis',(1.,0.,0.));
#8986=DIRECTION('ref_axis',(0.,1.,0.));
#8987=DIRECTION('',(-1.,0.,0.));
#8988=DIRECTION('center_axis',(1.,0.,0.));
#8989=DIRECTION('ref_axis',(0.,1.,0.));
#8990=DIRECTION('',(-1.,0.,0.));
#8991=DIRECTION('center_axis',(0.,0.499999999999998,0.86602540378444));
#8992=DIRECTION('ref_axis',(0.,-0.86602540378444,0.499999999999998));
#8993=DIRECTION('',(0.,0.86602540378444,-0.499999999999998));
#8994=DIRECTION('',(-1.,0.,0.));
#8995=DIRECTION('',(0.,0.86602540378444,-0.499999999999998));
#8996=DIRECTION('center_axis',(0.,0.,1.));
#8997=DIRECTION('ref_axis',(1.,0.,0.));
#8998=DIRECTION('',(0.,1.,0.));
#8999=DIRECTION('',(-1.,0.,0.));
#9000=DIRECTION('',(0.,1.,0.));
#9001=DIRECTION('center_axis',(-1.,0.,0.));
#9002=DIRECTION('ref_axis',(0.,0.,1.));
#9003=DIRECTION('center_axis',(1.,0.,0.));
#9004=DIRECTION('ref_axis',(0.,1.,0.));
#9005=DIRECTION('',(-1.,0.,0.));
#9006=DIRECTION('center_axis',(1.,0.,0.));
#9007=DIRECTION('ref_axis',(0.,1.,0.));
#9008=DIRECTION('center_axis',(-1.,0.,0.));
#9009=DIRECTION('ref_axis',(0.,0.,1.));
#9010=DIRECTION('center_axis',(-1.,0.,0.));
#9011=DIRECTION('ref_axis',(0.,1.,0.));
#9012=DIRECTION('',(-1.,0.,0.));
#9013=DIRECTION('center_axis',(-1.,0.,0.));
#9014=DIRECTION('ref_axis',(0.,1.,0.));
#9015=DIRECTION('center_axis',(1.,0.,0.));
#9016=DIRECTION('ref_axis',(0.,0.,-1.));
#9017=DIRECTION('',(0.,-9.1094699624924E-16,-1.));
#9018=DIRECTION('',(0.,0.999782409654792,0.0208598500679779));
#9019=DIRECTION('center_axis',(1.,0.,0.));
#9020=DIRECTION('ref_axis',(0.,0.,-1.));
#9021=DIRECTION('',(0.,-9.1094699624924E-16,-1.));
#9022=DIRECTION('',(0.,0.999782409654792,0.0208598500679779));
#9023=DIRECTION('center_axis',(0.,-0.0208598500679779,0.999782409654792));
#9024=DIRECTION('ref_axis',(0.,-0.999782409654792,-0.0208598500679779));
#9025=DIRECTION('center_axis',(0.,1.,-9.1094699624924E-16));
#9026=DIRECTION('ref_axis',(0.,9.1094699624924E-16,1.));
#9027=DIRECTION('center_axis',(0.,1.,0.));
#9028=DIRECTION('ref_axis',(0.,0.,1.));
#9029=DIRECTION('',(0.,0.,-1.));
#9030=DIRECTION('',(0.,0.,-1.));
#9031=DIRECTION('',(-1.,0.,0.));
#9032=DIRECTION('center_axis',(1.,0.,0.));
#9033=DIRECTION('ref_axis',(0.,0.,-1.));
#9034=DIRECTION('',(0.,-1.,-2.35696124453371E-16));
#9035=DIRECTION('',(0.,-0.707106781186549,0.707106781186546));
#9036=DIRECTION('',(0.,-1.,0.));
#9037=DIRECTION('',(0.,-0.775964665160069,-0.630776377508719));
#9038=DIRECTION('center_axis',(1.,0.,0.));
#9039=DIRECTION('ref_axis',(0.,1.,0.));
#9040=DIRECTION('center_axis',(1.,0.,0.));
#9041=DIRECTION('ref_axis',(0.,0.,-1.));
#9042=DIRECTION('center_axis',(1.,0.,0.));
#9043=DIRECTION('ref_axis',(0.,1.,0.));
#9044=DIRECTION('',(0.,-0.775964665160069,-0.630776377508719));
#9045=DIRECTION('',(0.,-1.,0.));
#9046=DIRECTION('',(0.,-0.707106781186549,0.707106781186546));
#9047=DIRECTION('',(0.,-1.,-2.35696124453371E-16));
#9048=DIRECTION('center_axis',(-1.,0.,0.));
#9049=DIRECTION('ref_axis',(0.,0.,1.));
#9050=DIRECTION('',(-1.,0.,0.));
#9051=DIRECTION('center_axis',(0.,2.35696124453371E-16,-1.));
#9052=DIRECTION('ref_axis',(0.,1.,2.35696124453371E-16));
#9053=DIRECTION('',(-1.,0.,0.));
#9054=DIRECTION('center_axis',(0.,-0.707106781186546,-0.707106781186549));
#9055=DIRECTION('ref_axis',(0.,0.707106781186549,-0.707106781186546));
#9056=DIRECTION('',(-1.,0.,0.));
#9057=DIRECTION('center_axis',(0.,0.,-1.));
#9058=DIRECTION('ref_axis',(-1.,0.,0.));
#9059=DIRECTION('',(-1.,0.,0.));
#9060=DIRECTION('center_axis',(0.,0.630776377508719,-0.775964665160069));
#9061=DIRECTION('ref_axis',(0.,0.775964665160069,0.630776377508719));
#9062=DIRECTION('center_axis',(-1.,0.,0.));
#9063=DIRECTION('ref_axis',(0.,0.,1.));
#9064=DIRECTION('center_axis',(1.,0.,0.));
#9065=DIRECTION('ref_axis',(0.,1.,0.));
#9066=DIRECTION('',(-1.,0.,0.));
#9067=DIRECTION('center_axis',(1.,0.,0.));
#9068=DIRECTION('ref_axis',(0.,1.,0.));
#9069=DIRECTION('',(-1.,0.,0.));
#9070=DIRECTION('center_axis',(0.,0.499999999999998,0.86602540378444));
#9071=DIRECTION('ref_axis',(0.,-0.86602540378444,0.499999999999998));
#9072=DIRECTION('',(0.,0.86602540378444,-0.499999999999998));
#9073=DIRECTION('',(-1.,0.,0.));
#9074=DIRECTION('',(0.,0.86602540378444,-0.499999999999998));
#9075=DIRECTION('center_axis',(0.,0.,1.));
#9076=DIRECTION('ref_axis',(1.,0.,0.));
#9077=DIRECTION('',(0.,1.,0.));
#9078=DIRECTION('',(-1.,0.,0.));
#9079=DIRECTION('',(0.,1.,0.));
#9080=DIRECTION('center_axis',(-1.,0.,0.));
#9081=DIRECTION('ref_axis',(0.,0.,1.));
#9082=DIRECTION('center_axis',(1.,0.,0.));
#9083=DIRECTION('ref_axis',(0.,1.,0.));
#9084=DIRECTION('',(-1.,0.,0.));
#9085=DIRECTION('center_axis',(1.,0.,0.));
#9086=DIRECTION('ref_axis',(0.,1.,0.));
#9087=DIRECTION('center_axis',(-1.,0.,0.));
#9088=DIRECTION('ref_axis',(0.,0.,1.));
#9089=DIRECTION('center_axis',(-1.,0.,0.));
#9090=DIRECTION('ref_axis',(0.,1.,0.));
#9091=DIRECTION('',(-1.,0.,0.));
#9092=DIRECTION('center_axis',(-1.,0.,0.));
#9093=DIRECTION('ref_axis',(0.,1.,0.));
#9094=DIRECTION('center_axis',(1.,0.,0.));
#9095=DIRECTION('ref_axis',(0.,0.,-1.));
#9096=DIRECTION('',(0.,-9.1094699624924E-16,-1.));
#9097=DIRECTION('',(0.,0.999782409654792,0.0208598500679779));
#9098=DIRECTION('center_axis',(1.,0.,0.));
#9099=DIRECTION('ref_axis',(0.,0.,-1.));
#9100=DIRECTION('',(0.,-9.1094699624924E-16,-1.));
#9101=DIRECTION('',(0.,0.999782409654792,0.0208598500679779));
#9102=DIRECTION('center_axis',(0.,-0.0208598500679779,0.999782409654792));
#9103=DIRECTION('ref_axis',(0.,-0.999782409654792,-0.0208598500679779));
#9104=DIRECTION('center_axis',(0.,1.,-9.1094699624924E-16));
#9105=DIRECTION('ref_axis',(0.,9.1094699624924E-16,1.));
#9106=DIRECTION('center_axis',(0.,1.,0.));
#9107=DIRECTION('ref_axis',(0.,0.,1.));
#9108=DIRECTION('',(0.,0.,-1.));
#9109=DIRECTION('',(0.,0.,-1.));
#9110=DIRECTION('',(-1.,0.,0.));
#9111=DIRECTION('center_axis',(1.,0.,0.));
#9112=DIRECTION('ref_axis',(0.,0.,-1.));
#9113=DIRECTION('',(0.,-1.,-2.35696124453371E-16));
#9114=DIRECTION('',(0.,-0.707106781186549,0.707106781186546));
#9115=DIRECTION('',(0.,-1.,0.));
#9116=DIRECTION('',(0.,-0.775964665160069,-0.630776377508719));
#9117=DIRECTION('center_axis',(1.,0.,0.));
#9118=DIRECTION('ref_axis',(0.,1.,0.));
#9119=DIRECTION('center_axis',(1.,0.,0.));
#9120=DIRECTION('ref_axis',(0.,0.,-1.));
#9121=DIRECTION('center_axis',(1.,0.,0.));
#9122=DIRECTION('ref_axis',(0.,1.,0.));
#9123=DIRECTION('',(0.,-0.775964665160069,-0.630776377508719));
#9124=DIRECTION('',(0.,-1.,0.));
#9125=DIRECTION('',(0.,-0.707106781186549,0.707106781186546));
#9126=DIRECTION('',(0.,-1.,-2.35696124453371E-16));
#9127=DIRECTION('center_axis',(-1.,0.,0.));
#9128=DIRECTION('ref_axis',(0.,0.,1.));
#9129=DIRECTION('',(-1.,0.,0.));
#9130=DIRECTION('center_axis',(0.,2.35696124453371E-16,-1.));
#9131=DIRECTION('ref_axis',(0.,1.,2.35696124453371E-16));
#9132=DIRECTION('',(-1.,0.,0.));
#9133=DIRECTION('center_axis',(0.,-0.707106781186546,-0.707106781186549));
#9134=DIRECTION('ref_axis',(0.,0.707106781186549,-0.707106781186546));
#9135=DIRECTION('',(-1.,0.,0.));
#9136=DIRECTION('center_axis',(0.,0.,-1.));
#9137=DIRECTION('ref_axis',(-1.,0.,0.));
#9138=DIRECTION('',(-1.,0.,0.));
#9139=DIRECTION('center_axis',(0.,0.630776377508719,-0.775964665160069));
#9140=DIRECTION('ref_axis',(0.,0.775964665160069,0.630776377508719));
#9141=DIRECTION('center_axis',(-1.,0.,0.));
#9142=DIRECTION('ref_axis',(0.,0.,1.));
#9143=DIRECTION('center_axis',(1.,0.,0.));
#9144=DIRECTION('ref_axis',(0.,1.,0.));
#9145=DIRECTION('',(-1.,0.,0.));
#9146=DIRECTION('center_axis',(1.,0.,0.));
#9147=DIRECTION('ref_axis',(0.,1.,0.));
#9148=DIRECTION('',(-1.,0.,0.));
#9149=DIRECTION('center_axis',(0.,0.499999999999998,0.86602540378444));
#9150=DIRECTION('ref_axis',(0.,-0.86602540378444,0.499999999999998));
#9151=DIRECTION('',(0.,0.86602540378444,-0.499999999999998));
#9152=DIRECTION('',(-1.,0.,0.));
#9153=DIRECTION('',(0.,0.86602540378444,-0.499999999999998));
#9154=DIRECTION('center_axis',(0.,0.,1.));
#9155=DIRECTION('ref_axis',(1.,0.,0.));
#9156=DIRECTION('',(0.,1.,0.));
#9157=DIRECTION('',(-1.,0.,0.));
#9158=DIRECTION('',(0.,1.,0.));
#9159=DIRECTION('center_axis',(-1.,0.,0.));
#9160=DIRECTION('ref_axis',(0.,0.,1.));
#9161=DIRECTION('center_axis',(1.,0.,0.));
#9162=DIRECTION('ref_axis',(0.,1.,0.));
#9163=DIRECTION('',(-1.,0.,0.));
#9164=DIRECTION('center_axis',(1.,0.,0.));
#9165=DIRECTION('ref_axis',(0.,1.,0.));
#9166=DIRECTION('center_axis',(-1.,0.,0.));
#9167=DIRECTION('ref_axis',(0.,0.,1.));
#9168=DIRECTION('center_axis',(-1.,0.,0.));
#9169=DIRECTION('ref_axis',(0.,1.,0.));
#9170=DIRECTION('',(-1.,0.,0.));
#9171=DIRECTION('center_axis',(-1.,0.,0.));
#9172=DIRECTION('ref_axis',(0.,1.,0.));
#9173=DIRECTION('center_axis',(1.,0.,0.));
#9174=DIRECTION('ref_axis',(0.,0.,-1.));
#9175=DIRECTION('',(0.,-9.1094699624924E-16,-1.));
#9176=DIRECTION('',(0.,0.999782409654792,0.0208598500679779));
#9177=DIRECTION('center_axis',(1.,0.,0.));
#9178=DIRECTION('ref_axis',(0.,0.,-1.));
#9179=DIRECTION('',(0.,-9.1094699624924E-16,-1.));
#9180=DIRECTION('',(0.,0.999782409654792,0.0208598500679779));
#9181=DIRECTION('center_axis',(0.,-0.0208598500679779,0.999782409654792));
#9182=DIRECTION('ref_axis',(0.,-0.999782409654792,-0.0208598500679779));
#9183=DIRECTION('center_axis',(0.,1.,-9.1094699624924E-16));
#9184=DIRECTION('ref_axis',(0.,9.1094699624924E-16,1.));
#9185=DIRECTION('center_axis',(0.,1.,0.));
#9186=DIRECTION('ref_axis',(0.,0.,1.));
#9187=DIRECTION('',(0.,0.,-1.));
#9188=DIRECTION('',(0.,0.,-1.));
#9189=DIRECTION('',(-1.,0.,0.));
#9190=DIRECTION('center_axis',(1.,0.,0.));
#9191=DIRECTION('ref_axis',(0.,0.,-1.));
#9192=DIRECTION('',(0.,-1.,-2.35696124453371E-16));
#9193=DIRECTION('',(0.,-0.707106781186549,0.707106781186546));
#9194=DIRECTION('',(0.,-1.,0.));
#9195=DIRECTION('',(0.,-0.775964665160069,-0.630776377508719));
#9196=DIRECTION('center_axis',(1.,0.,0.));
#9197=DIRECTION('ref_axis',(0.,1.,0.));
#9198=DIRECTION('center_axis',(1.,0.,0.));
#9199=DIRECTION('ref_axis',(0.,0.,-1.));
#9200=DIRECTION('center_axis',(1.,0.,0.));
#9201=DIRECTION('ref_axis',(0.,1.,0.));
#9202=DIRECTION('',(0.,-0.775964665160069,-0.630776377508719));
#9203=DIRECTION('',(0.,-1.,0.));
#9204=DIRECTION('',(0.,-0.707106781186549,0.707106781186546));
#9205=DIRECTION('',(0.,-1.,-2.35696124453371E-16));
#9206=DIRECTION('center_axis',(-1.,0.,0.));
#9207=DIRECTION('ref_axis',(0.,0.,1.));
#9208=DIRECTION('',(-1.,0.,0.));
#9209=DIRECTION('center_axis',(0.,2.35696124453371E-16,-1.));
#9210=DIRECTION('ref_axis',(0.,1.,2.35696124453371E-16));
#9211=DIRECTION('',(-1.,0.,0.));
#9212=DIRECTION('center_axis',(0.,-0.707106781186546,-0.707106781186549));
#9213=DIRECTION('ref_axis',(0.,0.707106781186549,-0.707106781186546));
#9214=DIRECTION('',(-1.,0.,0.));
#9215=DIRECTION('center_axis',(0.,0.,-1.));
#9216=DIRECTION('ref_axis',(-1.,0.,0.));
#9217=DIRECTION('',(-1.,0.,0.));
#9218=DIRECTION('center_axis',(0.,0.630776377508719,-0.775964665160069));
#9219=DIRECTION('ref_axis',(0.,0.775964665160069,0.630776377508719));
#9220=DIRECTION('center_axis',(1.,0.,0.));
#9221=DIRECTION('ref_axis',(0.,0.,-1.));
#9222=DIRECTION('',(0.,1.23908819712629E-15,1.));
#9223=DIRECTION('',(0.,1.,0.));
#9224=DIRECTION('',(0.,0.88235294117647,-0.470588235294119));
#9225=DIRECTION('center_axis',(0.,-1.,1.23908819712629E-15));
#9226=DIRECTION('ref_axis',(0.,-1.23908819712629E-15,-1.));
#9227=DIRECTION('',(-1.,0.,0.));
#9228=DIRECTION('center_axis',(0.,0.470588235294119,0.88235294117647));
#9229=DIRECTION('ref_axis',(0.,-0.88235294117647,0.470588235294119));
#9230=DIRECTION('',(-1.,0.,0.));
#9231=DIRECTION('center_axis',(0.,0.,1.));
#9232=DIRECTION('ref_axis',(1.,0.,0.));
#9233=DIRECTION('center_axis',(0.,-1.,1.23908819712629E-15));
#9234=DIRECTION('ref_axis',(0.,-1.23908819712629E-15,-1.));
#9235=DIRECTION('',(0.,1.23908819712629E-15,1.));
#9236=DIRECTION('',(0.,1.23908819712629E-15,1.));
#9237=DIRECTION('',(-1.,0.,0.));
#9238=DIRECTION('center_axis',(1.,0.,0.));
#9239=DIRECTION('ref_axis',(0.,0.,-1.));
#9240=DIRECTION('',(0.,0.88235294117647,-0.470588235294119));
#9241=DIRECTION('',(0.,1.,0.));
#9242=DIRECTION('center_axis',(1.,0.,0.));
#9243=DIRECTION('ref_axis',(0.,0.,-1.));
#9244=DIRECTION('',(0.,1.,0.));
#9245=DIRECTION('',(0.,0.88235294117647,-0.470588235294119));
#9246=DIRECTION('center_axis',(0.,0.470588235294119,0.88235294117647));
#9247=DIRECTION('ref_axis',(0.,-0.88235294117647,0.470588235294119));
#9248=DIRECTION('',(-1.,0.,0.));
#9249=DIRECTION('center_axis',(0.,0.,1.));
#9250=DIRECTION('ref_axis',(1.,0.,0.));
#9251=DIRECTION('center_axis',(0.,-1.,1.23908819712629E-15));
#9252=DIRECTION('ref_axis',(0.,-1.23908819712629E-15,-1.));
#9253=DIRECTION('',(0.,1.23908819712629E-15,1.));
#9254=DIRECTION('',(0.,1.23908819712629E-15,1.));
#9255=DIRECTION('',(-1.,0.,0.));
#9256=DIRECTION('center_axis',(1.,0.,0.));
#9257=DIRECTION('ref_axis',(0.,0.,-1.));
#9258=DIRECTION('',(0.,0.88235294117647,-0.470588235294119));
#9259=DIRECTION('',(0.,1.,0.));
#9260=DIRECTION('center_axis',(1.,0.,0.));
#9261=DIRECTION('ref_axis',(0.,0.,-1.));
#9262=DIRECTION('',(0.,1.,0.));
#9263=DIRECTION('',(0.,0.88235294117647,-0.470588235294119));
#9264=DIRECTION('center_axis',(0.,0.470588235294119,0.88235294117647));
#9265=DIRECTION('ref_axis',(0.,-0.88235294117647,0.470588235294119));
#9266=DIRECTION('',(-1.,0.,0.));
#9267=DIRECTION('center_axis',(0.,0.,1.));
#9268=DIRECTION('ref_axis',(1.,0.,0.));
#9269=CARTESIAN_POINT('',(0.,0.,0.));
#9270=CARTESIAN_POINT('Ctrl Pts',(-1.24544223770886,3.60134882910164,1.55));
#9271=CARTESIAN_POINT('Ctrl Pts',(-1.24544223770886,3.60134882910164,1.6));
#9272=CARTESIAN_POINT('Ctrl Pts',(-1.28381740437553,3.63779782910164,1.55));
#9273=CARTESIAN_POINT('Ctrl Pts',(-1.28381740437553,3.63779782910164,1.6));
#9274=CARTESIAN_POINT('Ctrl Pts',(-1.32945273770886,3.66461599576831,1.55));
#9275=CARTESIAN_POINT('Ctrl Pts',(-1.32945273770886,3.66461599576831,1.6));
#9276=CARTESIAN_POINT('Ctrl Pts',(-1.37093940437553,3.67513582910164,1.55));
#9277=CARTESIAN_POINT('Ctrl Pts',(-1.37093940437553,3.67513582910164,1.6));
#9278=CARTESIAN_POINT('',(-1.37093940437553,3.67513582910164,1.55));
#9279=CARTESIAN_POINT('',(-1.24544223770886,3.60134882910164,1.55));
#9280=CARTESIAN_POINT('Ctrl Pts',(-1.37093940437553,3.67513582910164,1.55));
#9281=CARTESIAN_POINT('Ctrl Pts',(-1.32945273770886,3.66461599576831,1.55));
#9282=CARTESIAN_POINT('Ctrl Pts',(-1.28381740437553,3.63779782910164,1.55));
#9283=CARTESIAN_POINT('Ctrl Pts',(-1.24544223770886,3.60134882910164,1.55));
#9284=CARTESIAN_POINT('',(-1.37093940437553,3.67513582910164,1.6));
#9285=CARTESIAN_POINT('',(-1.37093940437553,3.67513582910164,1.55));
#9286=CARTESIAN_POINT('',(-1.24544223770886,3.60134882910164,1.6));
#9287=CARTESIAN_POINT('Ctrl Pts',(-1.24544223770886,3.60134882910164,1.6));
#9288=CARTESIAN_POINT('Ctrl Pts',(-1.28381740437553,3.63779782910164,1.6));
#9289=CARTESIAN_POINT('Ctrl Pts',(-1.32945273770886,3.66461599576831,1.6));
#9290=CARTESIAN_POINT('Ctrl Pts',(-1.37093940437553,3.67513582910164,1.6));
#9291=CARTESIAN_POINT('',(-1.24544223770886,3.60134882910164,1.55));
#9292=CARTESIAN_POINT('Origin',(-1.23269990437553,3.58934732910164,1.55));
#9293=CARTESIAN_POINT('',(-1.23269990437553,3.58934732910164,1.55));
#9294=CARTESIAN_POINT('',(-0.0103583557876035,2.43807214961766,1.55));
#9295=CARTESIAN_POINT('',(-1.23269990437553,3.58934732910164,1.6));
#9296=CARTESIAN_POINT('',(-1.23269990437553,3.58934732910164,1.6));
#9297=CARTESIAN_POINT('',(-1.23269990437553,3.58934732910164,1.55));
#9298=CARTESIAN_POINT('Origin',(-1.22321723770886,3.59897816243498,1.55));
#9299=CARTESIAN_POINT('',(-1.22321723770886,3.59897816243498,1.55));
#9300=CARTESIAN_POINT('',(-1.82179020670742,2.99105249079582,1.55));
#9301=CARTESIAN_POINT('',(-1.22321723770886,3.59897816243498,1.6));
#9302=CARTESIAN_POINT('',(-1.22321723770886,3.59897816243498,1.6));
#9303=CARTESIAN_POINT('',(-1.22321723770886,3.59897816243498,1.55));
#9304=CARTESIAN_POINT('Ctrl Pts',(-1.0817180710422,3.67809916243498,1.55));
#9305=CARTESIAN_POINT('Ctrl Pts',(-1.0817180710422,3.67809916243498,1.6));
#9306=CARTESIAN_POINT('Ctrl Pts',(-1.13565073770886,3.66654216243498,1.55));
#9307=CARTESIAN_POINT('Ctrl Pts',(-1.13565073770886,3.66654216243498,1.6));
#9308=CARTESIAN_POINT('Ctrl Pts',(-1.18276773770886,3.64016849576831,1.55));
#9309=CARTESIAN_POINT('Ctrl Pts',(-1.18276773770886,3.64016849576831,1.6));
#9310=CARTESIAN_POINT('Ctrl Pts',(-1.22321723770886,3.59897816243498,1.55));
#9311=CARTESIAN_POINT('Ctrl Pts',(-1.22321723770886,3.59897816243498,1.6));
#9312=CARTESIAN_POINT('',(-1.0817180710422,3.67809916243498,1.55));
#9313=CARTESIAN_POINT('Ctrl Pts',(-1.22321723770886,3.59897816243498,1.55));
#9314=CARTESIAN_POINT('Ctrl Pts',(-1.18276773770886,3.64016849576831,1.55));
#9315=CARTESIAN_POINT('Ctrl Pts',(-1.13565073770886,3.66654216243498,1.55));
#9316=CARTESIAN_POINT('Ctrl Pts',(-1.0817180710422,3.67809916243498,1.55));
#9317=CARTESIAN_POINT('',(-1.0817180710422,3.67809916243498,1.6));
#9318=CARTESIAN_POINT('Ctrl Pts',(-1.0817180710422,3.67809916243498,1.6));
#9319=CARTESIAN_POINT('Ctrl Pts',(-1.13565073770886,3.66654216243498,1.6));
#9320=CARTESIAN_POINT('Ctrl Pts',(-1.18276773770886,3.64016849576831,1.6));
#9321=CARTESIAN_POINT('Ctrl Pts',(-1.22321723770886,3.59897816243498,1.6));
#9322=CARTESIAN_POINT('',(-1.0817180710422,3.67809916243498,1.55));
#9323=CARTESIAN_POINT('Ctrl Pts',(-0.998596571042198,3.68121066243498,1.55));
#9324=CARTESIAN_POINT('Ctrl Pts',(-0.998596571042198,3.68121066243498,1.6));
#9325=CARTESIAN_POINT('Ctrl Pts',(-1.01978440437553,3.68372949576831,1.55));
#9326=CARTESIAN_POINT('Ctrl Pts',(-1.01978440437553,3.68372949576831,1.6));
#9327=CARTESIAN_POINT('Ctrl Pts',(-1.06290090437553,3.68209966243498,1.55));
#9328=CARTESIAN_POINT('Ctrl Pts',(-1.06290090437553,3.68209966243498,1.6));
#9329=CARTESIAN_POINT('Ctrl Pts',(-1.0817180710422,3.67809916243498,1.55));
#9330=CARTESIAN_POINT('Ctrl Pts',(-1.0817180710422,3.67809916243498,1.6));
#9331=CARTESIAN_POINT('',(-0.998596571042198,3.68121066243498,1.55));
#9332=CARTESIAN_POINT('Ctrl Pts',(-1.0817180710422,3.67809916243498,1.55));
#9333=CARTESIAN_POINT('Ctrl Pts',(-1.06290090437553,3.68209966243498,1.55));
#9334=CARTESIAN_POINT('Ctrl Pts',(-1.01978440437553,3.68372949576831,1.55));
#9335=CARTESIAN_POINT('Ctrl Pts',(-0.998596571042198,3.68121066243498,1.55));
#9336=CARTESIAN_POINT('',(-0.998596571042198,3.68121066243498,1.6));
#9337=CARTESIAN_POINT('Ctrl Pts',(-0.998596571042198,3.68121066243498,1.6));
#9338=CARTESIAN_POINT('Ctrl Pts',(-1.01978440437553,3.68372949576831,1.6));
#9339=CARTESIAN_POINT('Ctrl Pts',(-1.06290090437553,3.68209966243498,1.6));
#9340=CARTESIAN_POINT('Ctrl Pts',(-1.0817180710422,3.67809916243498,1.6));
#9341=CARTESIAN_POINT('',(-0.998596571042198,3.68121066243498,1.55));
#9342=CARTESIAN_POINT('Ctrl Pts',(-0.907622237708865,3.65587416243498,1.55));
#9343=CARTESIAN_POINT('Ctrl Pts',(-0.907622237708865,3.65587416243498,1.6));
#9344=CARTESIAN_POINT('Ctrl Pts',(-0.928810071042198,3.66639399576831,1.55));
#9345=CARTESIAN_POINT('Ctrl Pts',(-0.928810071042198,3.66639399576831,1.6));
#9346=CARTESIAN_POINT('Ctrl Pts',(-0.968666904375531,3.67750649576831,1.55));
#9347=CARTESIAN_POINT('Ctrl Pts',(-0.968666904375531,3.67750649576831,1.6));
#9348=CARTESIAN_POINT('Ctrl Pts',(-0.998596571042198,3.68121066243498,1.55));
#9349=CARTESIAN_POINT('Ctrl Pts',(-0.998596571042198,3.68121066243498,1.6));
#9350=CARTESIAN_POINT('',(-0.907622237708865,3.65587416243498,1.55));
#9351=CARTESIAN_POINT('Ctrl Pts',(-0.998596571042198,3.68121066243498,1.55));
#9352=CARTESIAN_POINT('Ctrl Pts',(-0.968666904375531,3.67750649576831,1.55));
#9353=CARTESIAN_POINT('Ctrl Pts',(-0.928810071042198,3.66639399576831,1.55));
#9354=CARTESIAN_POINT('Ctrl Pts',(-0.907622237708865,3.65587416243498,1.55));
#9355=CARTESIAN_POINT('',(-0.907622237708865,3.65587416243498,1.6));
#9356=CARTESIAN_POINT('Ctrl Pts',(-0.907622237708865,3.65587416243498,1.6));
#9357=CARTESIAN_POINT('Ctrl Pts',(-0.928810071042198,3.66639399576831,1.6));
#9358=CARTESIAN_POINT('Ctrl Pts',(-0.968666904375531,3.67750649576831,1.6));
#9359=CARTESIAN_POINT('Ctrl Pts',(-0.998596571042198,3.68121066243498,1.6));
#9360=CARTESIAN_POINT('',(-0.907622237708865,3.65587416243498,1.55));
#9361=CARTESIAN_POINT('Ctrl Pts',(-0.819018571042198,3.55452816243498,1.55));
#9362=CARTESIAN_POINT('Ctrl Pts',(-0.819018571042198,3.55452816243498,1.6));
#9363=CARTESIAN_POINT('Ctrl Pts',(-0.835613237708865,3.59705199576831,1.55));
#9364=CARTESIAN_POINT('Ctrl Pts',(-0.835613237708865,3.59705199576831,1.6));
#9365=CARTESIAN_POINT('Ctrl Pts',(-0.871173237708865,3.63779782910164,1.55));
#9366=CARTESIAN_POINT('Ctrl Pts',(-0.871173237708865,3.63779782910164,1.6));
#9367=CARTESIAN_POINT('Ctrl Pts',(-0.907622237708865,3.65587416243498,1.55));
#9368=CARTESIAN_POINT('Ctrl Pts',(-0.907622237708865,3.65587416243498,1.6));
#9369=CARTESIAN_POINT('',(-0.819018571042198,3.55452816243498,1.55));
#9370=CARTESIAN_POINT('Ctrl Pts',(-0.907622237708865,3.65587416243498,1.55));
#9371=CARTESIAN_POINT('Ctrl Pts',(-0.871173237708865,3.63779782910164,1.55));
#9372=CARTESIAN_POINT('Ctrl Pts',(-0.835613237708865,3.59705199576831,1.55));
#9373=CARTESIAN_POINT('Ctrl Pts',(-0.819018571042198,3.55452816243498,1.55));
#9374=CARTESIAN_POINT('',(-0.819018571042198,3.55452816243498,1.6));
#9375=CARTESIAN_POINT('Ctrl Pts',(-0.819018571042198,3.55452816243498,1.6));
#9376=CARTESIAN_POINT('Ctrl Pts',(-0.835613237708865,3.59705199576831,1.6));
#9377=CARTESIAN_POINT('Ctrl Pts',(-0.871173237708865,3.63779782910164,1.6));
#9378=CARTESIAN_POINT('Ctrl Pts',(-0.907622237708865,3.65587416243498,1.6));
#9379=CARTESIAN_POINT('',(-0.819018571042198,3.55452816243498,1.55));
#9380=CARTESIAN_POINT('Origin',(-0.813684571042198,3.54104499576831,1.55));
#9381=CARTESIAN_POINT('',(-0.813684571042198,3.54104499576831,1.55));
#9382=CARTESIAN_POINT('',(-0.15298713916337,1.87094870963006,1.55));
#9383=CARTESIAN_POINT('',(-0.813684571042198,3.54104499576831,1.6));
#9384=CARTESIAN_POINT('',(-0.813684571042198,3.54104499576831,1.6));
#9385=CARTESIAN_POINT('',(-0.813684571042198,3.54104499576831,1.55));
#9386=CARTESIAN_POINT('Origin',(-0.813240071042198,3.31775782910164,1.55));
#9387=CARTESIAN_POINT('',(-0.813240071042198,3.31775782910164,1.55));
#9388=CARTESIAN_POINT('',(-0.809936125853212,1.65807602916861,1.55));
#9389=CARTESIAN_POINT('',(-0.813240071042198,3.31775782910164,1.6));
#9390=CARTESIAN_POINT('',(-0.813240071042198,3.31775782910164,1.6));
#9391=CARTESIAN_POINT('',(-0.813240071042198,3.31775782910164,1.55));
#9392=CARTESIAN_POINT('Origin',(-0.812943737708865,3.09432249576831,1.55));
#9393=CARTESIAN_POINT('',(-0.812943737708865,3.09432249576831,1.55));
#9394=CARTESIAN_POINT('',(-0.810891088354891,1.54662488287156,1.55));
#9395=CARTESIAN_POINT('',(-0.812943737708865,3.09432249576831,1.6));
#9396=CARTESIAN_POINT('',(-0.812943737708865,3.09432249576831,1.6));
#9397=CARTESIAN_POINT('',(-0.812943737708865,3.09432249576831,1.55));
#9398=CARTESIAN_POINT('Origin',(-1.01296873770886,3.09432249576831,1.55));
#9399=CARTESIAN_POINT('',(-1.01296873770886,3.09432249576831,1.55));
#9400=CARTESIAN_POINT('',(-0.506484368854424,3.09432249576831,1.55));
#9401=CARTESIAN_POINT('',(-1.01296873770886,3.09432249576831,1.6));
#9402=CARTESIAN_POINT('',(-1.01296873770886,3.09432249576831,1.6));
#9403=CARTESIAN_POINT('',(-1.01296873770886,3.09432249576831,1.55));
#9404=CARTESIAN_POINT('Origin',(-1.0132650710422,3.28516116243498,1.55));
#9405=CARTESIAN_POINT('',(-1.0132650710422,3.28516116243498,1.55));
#9406=CARTESIAN_POINT('',(-1.01071326465203,1.64179784716604,1.55));
#9407=CARTESIAN_POINT('',(-1.0132650710422,3.28516116243498,1.6));
#9408=CARTESIAN_POINT('',(-1.0132650710422,3.28516116243498,1.6));
#9409=CARTESIAN_POINT('',(-1.0132650710422,3.28516116243498,1.55));
#9410=CARTESIAN_POINT('Origin',(-1.0137095710422,3.47585166243498,1.55));
#9411=CARTESIAN_POINT('',(-1.0137095710422,3.47585166243498,1.55));
#9412=CARTESIAN_POINT('',(-1.00965572987345,1.73675380104417,1.55));
#9413=CARTESIAN_POINT('',(-1.0137095710422,3.47585166243498,1.6));
#9414=CARTESIAN_POINT('',(-1.0137095710422,3.47585166243498,1.6));
#9415=CARTESIAN_POINT('',(-1.0137095710422,3.47585166243498,1.55));
#9416=CARTESIAN_POINT('Origin',(-1.0177100710422,3.48770499576831,1.55));
#9417=CARTESIAN_POINT('',(-1.0177100710422,3.48770499576831,1.55));
#9418=CARTESIAN_POINT('',(-0.437309353364445,1.76799916561203,1.55));
#9419=CARTESIAN_POINT('',(-1.0177100710422,3.48770499576831,1.6));
#9420=CARTESIAN_POINT('',(-1.0177100710422,3.48770499576831,1.6));
#9421=CARTESIAN_POINT('',(-1.0177100710422,3.48770499576831,1.55));
#9422=CARTESIAN_POINT('Ctrl Pts',(-1.0426020710422,3.52845082910164,1.55));
#9423=CARTESIAN_POINT('Ctrl Pts',(-1.0426020710422,3.52845082910164,1.6));
#9424=CARTESIAN_POINT('Ctrl Pts',(-1.0310450710422,3.51674566243498,1.55));
#9425=CARTESIAN_POINT('Ctrl Pts',(-1.0310450710422,3.51674566243498,1.6));
#9426=CARTESIAN_POINT('Ctrl Pts',(-1.02319223770886,3.50385516243498,1.55));
#9427=CARTESIAN_POINT('Ctrl Pts',(-1.02319223770886,3.50385516243498,1.6));
#9428=CARTESIAN_POINT('Ctrl Pts',(-1.0177100710422,3.48770499576831,1.55));
#9429=CARTESIAN_POINT('Ctrl Pts',(-1.0177100710422,3.48770499576831,1.6));
#9430=CARTESIAN_POINT('',(-1.0426020710422,3.52845082910164,1.55));
#9431=CARTESIAN_POINT('Ctrl Pts',(-1.0177100710422,3.48770499576831,1.55));
#9432=CARTESIAN_POINT('Ctrl Pts',(-1.02319223770886,3.50385516243498,1.55));
#9433=CARTESIAN_POINT('Ctrl Pts',(-1.0310450710422,3.51674566243498,1.55));
#9434=CARTESIAN_POINT('Ctrl Pts',(-1.0426020710422,3.52845082910164,1.55));
#9435=CARTESIAN_POINT('',(-1.0426020710422,3.52845082910164,1.6));
#9436=CARTESIAN_POINT('Ctrl Pts',(-1.0426020710422,3.52845082910164,1.6));
#9437=CARTESIAN_POINT('Ctrl Pts',(-1.0310450710422,3.51674566243498,1.6));
#9438=CARTESIAN_POINT('Ctrl Pts',(-1.02319223770886,3.50385516243498,1.6));
#9439=CARTESIAN_POINT('Ctrl Pts',(-1.0177100710422,3.48770499576831,1.6));
#9440=CARTESIAN_POINT('',(-1.0426020710422,3.52845082910164,1.55));
#9441=CARTESIAN_POINT('Ctrl Pts',(-1.14009573770886,3.55645432910164,1.55));
#9442=CARTESIAN_POINT('Ctrl Pts',(-1.14009573770886,3.55645432910164,1.6));
#9443=CARTESIAN_POINT('Ctrl Pts',(-1.10468390437553,3.56475166243498,1.55));
#9444=CARTESIAN_POINT('Ctrl Pts',(-1.10468390437553,3.56475166243498,1.6));
#9445=CARTESIAN_POINT('Ctrl Pts',(-1.06808673770886,3.55423182910164,1.55));
#9446=CARTESIAN_POINT('Ctrl Pts',(-1.06808673770886,3.55423182910164,1.6));
#9447=CARTESIAN_POINT('Ctrl Pts',(-1.0426020710422,3.52845082910164,1.55));
#9448=CARTESIAN_POINT('Ctrl Pts',(-1.0426020710422,3.52845082910164,1.6));
#9449=CARTESIAN_POINT('',(-1.14009573770886,3.55645432910164,1.55));
#9450=CARTESIAN_POINT('Ctrl Pts',(-1.0426020710422,3.52845082910164,1.55));
#9451=CARTESIAN_POINT('Ctrl Pts',(-1.06808673770886,3.55423182910164,1.55));
#9452=CARTESIAN_POINT('Ctrl Pts',(-1.10468390437553,3.56475166243498,1.55));
#9453=CARTESIAN_POINT('Ctrl Pts',(-1.14009573770886,3.55645432910164,1.55));
#9454=CARTESIAN_POINT('',(-1.14009573770886,3.55645432910164,1.6));
#9455=CARTESIAN_POINT('Ctrl Pts',(-1.14009573770886,3.55645432910164,1.6));
#9456=CARTESIAN_POINT('Ctrl Pts',(-1.10468390437553,3.56475166243498,1.6));
#9457=CARTESIAN_POINT('Ctrl Pts',(-1.06808673770886,3.55423182910164,1.6));
#9458=CARTESIAN_POINT('Ctrl Pts',(-1.0426020710422,3.52845082910164,1.6));
#9459=CARTESIAN_POINT('',(-1.14009573770886,3.55645432910164,1.55));
#9460=CARTESIAN_POINT('Ctrl Pts',(-1.16113540437553,3.54815699576831,1.55));
#9461=CARTESIAN_POINT('Ctrl Pts',(-1.16113540437553,3.54815699576831,1.6));
#9462=CARTESIAN_POINT('Ctrl Pts',(-1.15343073770886,3.55186116243498,1.55));
#9463=CARTESIAN_POINT('Ctrl Pts',(-1.15343073770886,3.55186116243498,1.6));
#9464=CARTESIAN_POINT('Ctrl Pts',(-1.1439480710422,3.55556532910164,1.55));
#9465=CARTESIAN_POINT('Ctrl Pts',(-1.1439480710422,3.55556532910164,1.6));
#9466=CARTESIAN_POINT('Ctrl Pts',(-1.14009573770886,3.55645432910164,1.55));
#9467=CARTESIAN_POINT('Ctrl Pts',(-1.14009573770886,3.55645432910164,1.6));
#9468=CARTESIAN_POINT('',(-1.16113540437553,3.54815699576831,1.55));
#9469=CARTESIAN_POINT('Ctrl Pts',(-1.14009573770886,3.55645432910164,1.55));
#9470=CARTESIAN_POINT('Ctrl Pts',(-1.1439480710422,3.55556532910164,1.55));
#9471=CARTESIAN_POINT('Ctrl Pts',(-1.15343073770886,3.55186116243498,1.55));
#9472=CARTESIAN_POINT('Ctrl Pts',(-1.16113540437553,3.54815699576831,1.55));
#9473=CARTESIAN_POINT('',(-1.16113540437553,3.54815699576831,1.6));
#9474=CARTESIAN_POINT('Ctrl Pts',(-1.16113540437553,3.54815699576831,1.6));
#9475=CARTESIAN_POINT('Ctrl Pts',(-1.15343073770886,3.55186116243498,1.6));
#9476=CARTESIAN_POINT('Ctrl Pts',(-1.1439480710422,3.55556532910164,1.6));
#9477=CARTESIAN_POINT('Ctrl Pts',(-1.14009573770886,3.55645432910164,1.6));
#9478=CARTESIAN_POINT('',(-1.16113540437553,3.54815699576831,1.55));
#9479=CARTESIAN_POINT('Ctrl Pts',(-1.18780540437553,3.52859899576831,1.55));
#9480=CARTESIAN_POINT('Ctrl Pts',(-1.18780540437553,3.52859899576831,1.6));
#9481=CARTESIAN_POINT('Ctrl Pts',(-1.17698923770886,3.53941516243498,1.55));
#9482=CARTESIAN_POINT('Ctrl Pts',(-1.17698923770886,3.53941516243498,1.6));
#9483=CARTESIAN_POINT('Ctrl Pts',(-1.17298873770886,3.54237849576831,1.55));
#9484=CARTESIAN_POINT('Ctrl Pts',(-1.17298873770886,3.54237849576831,1.6));
#9485=CARTESIAN_POINT('Ctrl Pts',(-1.16113540437553,3.54815699576831,1.55));
#9486=CARTESIAN_POINT('Ctrl Pts',(-1.16113540437553,3.54815699576831,1.6));
#9487=CARTESIAN_POINT('',(-1.18780540437553,3.52859899576831,1.55));
#9488=CARTESIAN_POINT('Ctrl Pts',(-1.16113540437553,3.54815699576831,1.55));
#9489=CARTESIAN_POINT('Ctrl Pts',(-1.17298873770886,3.54237849576831,1.55));
#9490=CARTESIAN_POINT('Ctrl Pts',(-1.17698923770886,3.53941516243498,1.55));
#9491=CARTESIAN_POINT('Ctrl Pts',(-1.18780540437553,3.52859899576831,1.55));
#9492=CARTESIAN_POINT('',(-1.18780540437553,3.52859899576831,1.6));
#9493=CARTESIAN_POINT('Ctrl Pts',(-1.18780540437553,3.52859899576831,1.6));
#9494=CARTESIAN_POINT('Ctrl Pts',(-1.17698923770886,3.53941516243498,1.6));
#9495=CARTESIAN_POINT('Ctrl Pts',(-1.17298873770886,3.54237849576831,1.6));
#9496=CARTESIAN_POINT('Ctrl Pts',(-1.16113540437553,3.54815699576831,1.6));
#9497=CARTESIAN_POINT('',(-1.18780540437553,3.52859899576831,1.55));
#9498=CARTESIAN_POINT('Ctrl Pts',(-1.20677073770886,3.50326249576831,1.55));
#9499=CARTESIAN_POINT('Ctrl Pts',(-1.20677073770886,3.50326249576831,1.6));
#9500=CARTESIAN_POINT('Ctrl Pts',(-1.2017330710422,3.51333782910164,1.55));
#9501=CARTESIAN_POINT('Ctrl Pts',(-1.2017330710422,3.51333782910164,1.6));
#9502=CARTESIAN_POINT('Ctrl Pts',(-1.19788073770886,3.51852366243498,1.55));
#9503=CARTESIAN_POINT('Ctrl Pts',(-1.19788073770886,3.51852366243498,1.6));
#9504=CARTESIAN_POINT('Ctrl Pts',(-1.18780540437553,3.52859899576831,1.55));
#9505=CARTESIAN_POINT('Ctrl Pts',(-1.18780540437553,3.52859899576831,1.6));
#9506=CARTESIAN_POINT('',(-1.20677073770886,3.50326249576831,1.55));
#9507=CARTESIAN_POINT('Ctrl Pts',(-1.18780540437553,3.52859899576831,1.55));
#9508=CARTESIAN_POINT('Ctrl Pts',(-1.19788073770886,3.51852366243498,1.55));
#9509=CARTESIAN_POINT('Ctrl Pts',(-1.2017330710422,3.51333782910164,1.55));
#9510=CARTESIAN_POINT('Ctrl Pts',(-1.20677073770886,3.50326249576831,1.55));
#9511=CARTESIAN_POINT('',(-1.20677073770886,3.50326249576831,1.6));
#9512=CARTESIAN_POINT('Ctrl Pts',(-1.20677073770886,3.50326249576831,1.6));
#9513=CARTESIAN_POINT('Ctrl Pts',(-1.2017330710422,3.51333782910164,1.6));
#9514=CARTESIAN_POINT('Ctrl Pts',(-1.19788073770886,3.51852366243498,1.6));
#9515=CARTESIAN_POINT('Ctrl Pts',(-1.18780540437553,3.52859899576831,1.6));
#9516=CARTESIAN_POINT('',(-1.20677073770886,3.50326249576831,1.55));
#9517=CARTESIAN_POINT('Ctrl Pts',(-1.21847590437553,3.28293866243498,1.55));
#9518=CARTESIAN_POINT('Ctrl Pts',(-1.21847590437553,3.28293866243498,1.6));
#9519=CARTESIAN_POINT('Ctrl Pts',(-1.21803140437553,3.49452066243498,1.55));
#9520=CARTESIAN_POINT('Ctrl Pts',(-1.21803140437553,3.49452066243498,1.6));
#9521=CARTESIAN_POINT('Ctrl Pts',(-1.21877223770886,3.47866682910164,1.55));
#9522=CARTESIAN_POINT('Ctrl Pts',(-1.21877223770886,3.47866682910164,1.6));
#9523=CARTESIAN_POINT('Ctrl Pts',(-1.20677073770886,3.50326249576831,1.55));
#9524=CARTESIAN_POINT('Ctrl Pts',(-1.20677073770886,3.50326249576831,1.6));
#9525=CARTESIAN_POINT('',(-1.21847590437553,3.28293866243498,1.55));
#9526=CARTESIAN_POINT('Ctrl Pts',(-1.20677073770886,3.50326249576831,1.55));
#9527=CARTESIAN_POINT('Ctrl Pts',(-1.21877223770886,3.47866682910164,1.55));
#9528=CARTESIAN_POINT('Ctrl Pts',(-1.21803140437553,3.49452066243498,1.55));
#9529=CARTESIAN_POINT('Ctrl Pts',(-1.21847590437553,3.28293866243498,1.55));
#9530=CARTESIAN_POINT('',(-1.21847590437553,3.28293866243498,1.6));
#9531=CARTESIAN_POINT('Ctrl Pts',(-1.21847590437553,3.28293866243498,1.6));
#9532=CARTESIAN_POINT('Ctrl Pts',(-1.21803140437553,3.49452066243498,1.6));
#9533=CARTESIAN_POINT('Ctrl Pts',(-1.21877223770886,3.47866682910164,1.6));
#9534=CARTESIAN_POINT('Ctrl Pts',(-1.20677073770886,3.50326249576831,1.6));
#9535=CARTESIAN_POINT('',(-1.21847590437553,3.28293866243498,1.55));
#9536=CARTESIAN_POINT('Origin',(-1.2190685710422,3.09432249576831,1.55));
#9537=CARTESIAN_POINT('',(-1.2190685710422,3.09432249576831,1.55));
#9538=CARTESIAN_POINT('',(-1.22392397001332,1.54909177320856,1.55));
#9539=CARTESIAN_POINT('',(-1.2190685710422,3.09432249576831,1.6));
#9540=CARTESIAN_POINT('',(-1.2190685710422,3.09432249576831,1.6));
#9541=CARTESIAN_POINT('',(-1.2190685710422,3.09432249576831,1.55));
#9542=CARTESIAN_POINT('Origin',(-1.42916890437553,3.09432249576831,1.55));
#9543=CARTESIAN_POINT('',(-1.42916890437553,3.09432249576831,1.55));
#9544=CARTESIAN_POINT('',(-0.714584452187766,3.09432249576831,1.55));
#9545=CARTESIAN_POINT('',(-1.42916890437553,3.09432249576831,1.6));
#9546=CARTESIAN_POINT('',(-1.42916890437553,3.09432249576831,1.6));
#9547=CARTESIAN_POINT('',(-1.42916890437553,3.09432249576831,1.55));
#9548=CARTESIAN_POINT('Origin',(-1.42961340437553,3.28367949576831,1.55));
#9549=CARTESIAN_POINT('',(-1.42961340437553,3.28367949576831,1.55));
#9550=CARTESIAN_POINT('',(-1.42575540286955,1.64017085422058,1.55));
#9551=CARTESIAN_POINT('',(-1.42961340437553,3.28367949576831,1.6));
#9552=CARTESIAN_POINT('',(-1.42961340437553,3.28367949576831,1.6));
#9553=CARTESIAN_POINT('',(-1.42961340437553,3.28367949576831,1.55));
#9554=CARTESIAN_POINT('Ctrl Pts',(-1.44028140437553,3.50103999576831,1.55));
#9555=CARTESIAN_POINT('Ctrl Pts',(-1.44028140437553,3.50103999576831,1.6));
#9556=CARTESIAN_POINT('Ctrl Pts',(-1.4293170710422,3.47807416243498,1.55));
#9557=CARTESIAN_POINT('Ctrl Pts',(-1.4293170710422,3.47807416243498,1.6));
#9558=CARTESIAN_POINT('Ctrl Pts',(-1.4302060710422,3.49422432910164,1.55));
#9559=CARTESIAN_POINT('Ctrl Pts',(-1.4302060710422,3.49422432910164,1.6));
#9560=CARTESIAN_POINT('Ctrl Pts',(-1.42961340437553,3.28367949576831,1.55));
#9561=CARTESIAN_POINT('Ctrl Pts',(-1.42961340437553,3.28367949576831,1.6));
#9562=CARTESIAN_POINT('',(-1.44028140437553,3.50103999576831,1.55));
#9563=CARTESIAN_POINT('Ctrl Pts',(-1.42961340437553,3.28367949576831,1.55));
#9564=CARTESIAN_POINT('Ctrl Pts',(-1.4302060710422,3.49422432910164,1.55));
#9565=CARTESIAN_POINT('Ctrl Pts',(-1.4293170710422,3.47807416243498,1.55));
#9566=CARTESIAN_POINT('Ctrl Pts',(-1.44028140437553,3.50103999576831,1.55));
#9567=CARTESIAN_POINT('',(-1.44028140437553,3.50103999576831,1.6));
#9568=CARTESIAN_POINT('Ctrl Pts',(-1.44028140437553,3.50103999576831,1.6));
#9569=CARTESIAN_POINT('Ctrl Pts',(-1.4293170710422,3.47807416243498,1.6));
#9570=CARTESIAN_POINT('Ctrl Pts',(-1.4302060710422,3.49422432910164,1.6));
#9571=CARTESIAN_POINT('Ctrl Pts',(-1.42961340437553,3.28367949576831,1.6));
#9572=CARTESIAN_POINT('',(-1.44028140437553,3.50103999576831,1.55));
#9573=CARTESIAN_POINT('Ctrl Pts',(-1.48784290437553,3.54919416243498,1.55));
#9574=CARTESIAN_POINT('Ctrl Pts',(-1.48784290437553,3.54919416243498,1.6));
#9575=CARTESIAN_POINT('Ctrl Pts',(-1.4662105710422,3.53867432910164,1.55));
#9576=CARTESIAN_POINT('Ctrl Pts',(-1.4662105710422,3.53867432910164,1.6));
#9577=CARTESIAN_POINT('Ctrl Pts',(-1.4506530710422,3.52296866243498,1.55));
#9578=CARTESIAN_POINT('Ctrl Pts',(-1.4506530710422,3.52296866243498,1.6));
#9579=CARTESIAN_POINT('Ctrl Pts',(-1.44028140437553,3.50103999576831,1.55));
#9580=CARTESIAN_POINT('Ctrl Pts',(-1.44028140437553,3.50103999576831,1.6));
#9581=CARTESIAN_POINT('',(-1.48784290437553,3.54919416243498,1.55));
#9582=CARTESIAN_POINT('Ctrl Pts',(-1.44028140437553,3.50103999576831,1.55));
#9583=CARTESIAN_POINT('Ctrl Pts',(-1.4506530710422,3.52296866243498,1.55));
#9584=CARTESIAN_POINT('Ctrl Pts',(-1.4662105710422,3.53867432910164,1.55));
#9585=CARTESIAN_POINT('Ctrl Pts',(-1.48784290437553,3.54919416243498,1.55));
#9586=CARTESIAN_POINT('',(-1.48784290437553,3.54919416243498,1.6));
#9587=CARTESIAN_POINT('Ctrl Pts',(-1.48784290437553,3.54919416243498,1.6));
#9588=CARTESIAN_POINT('Ctrl Pts',(-1.4662105710422,3.53867432910164,1.6));
#9589=CARTESIAN_POINT('Ctrl Pts',(-1.4506530710422,3.52296866243498,1.6));
#9590=CARTESIAN_POINT('Ctrl Pts',(-1.44028140437553,3.50103999576831,1.6));
#9591=CARTESIAN_POINT('',(-1.48784290437553,3.54919416243498,1.55));
#9592=CARTESIAN_POINT('Ctrl Pts',(-1.62993473770886,3.49007566243498,1.55));
#9593=CARTESIAN_POINT('Ctrl Pts',(-1.62993473770886,3.49007566243498,1.6));
#9594=CARTESIAN_POINT('Ctrl Pts',(-1.6088950710422,3.54874966243498,1.55));
#9595=CARTESIAN_POINT('Ctrl Pts',(-1.6088950710422,3.54874966243498,1.6));
#9596=CARTESIAN_POINT('Ctrl Pts',(-1.54340540437553,3.57601232910164,1.55));
#9597=CARTESIAN_POINT('Ctrl Pts',(-1.54340540437553,3.57601232910164,1.6));
#9598=CARTESIAN_POINT('Ctrl Pts',(-1.48784290437553,3.54919416243498,1.55));
#9599=CARTESIAN_POINT('Ctrl Pts',(-1.48784290437553,3.54919416243498,1.6));
#9600=CARTESIAN_POINT('',(-1.62993473770886,3.49007566243498,1.55));
#9601=CARTESIAN_POINT('Ctrl Pts',(-1.48784290437553,3.54919416243498,1.55));
#9602=CARTESIAN_POINT('Ctrl Pts',(-1.54340540437553,3.57601232910164,1.55));
#9603=CARTESIAN_POINT('Ctrl Pts',(-1.6088950710422,3.54874966243498,1.55));
#9604=CARTESIAN_POINT('Ctrl Pts',(-1.62993473770886,3.49007566243498,1.55));
#9605=CARTESIAN_POINT('',(-1.62993473770886,3.49007566243498,1.6));
#9606=CARTESIAN_POINT('Ctrl Pts',(-1.62993473770886,3.49007566243498,1.6));
#9607=CARTESIAN_POINT('Ctrl Pts',(-1.6088950710422,3.54874966243498,1.6));
#9608=CARTESIAN_POINT('Ctrl Pts',(-1.54340540437553,3.57601232910164,1.6));
#9609=CARTESIAN_POINT('Ctrl Pts',(-1.48784290437553,3.54919416243498,1.6));
#9610=CARTESIAN_POINT('',(-1.62993473770886,3.49007566243498,1.55));
#9611=CARTESIAN_POINT('Origin',(-1.63452790437553,3.47733332910164,1.55));
#9612=CARTESIAN_POINT('',(-1.63452790437553,3.47733332910164,1.55));
#9613=CARTESIAN_POINT('',(-2.09520693628172,2.19932053091027,1.55));
#9614=CARTESIAN_POINT('',(-1.63452790437553,3.47733332910164,1.6));
#9615=CARTESIAN_POINT('',(-1.63452790437553,3.47733332910164,1.6));
#9616=CARTESIAN_POINT('',(-1.63452790437553,3.47733332910164,1.55));
#9617=CARTESIAN_POINT('Origin',(-1.63497240437553,3.28590199576831,1.55));
#9618=CARTESIAN_POINT('',(-1.63497240437553,3.28590199576831,1.55));
#9619=CARTESIAN_POINT('',(-1.63878287797211,1.64485803350904,1.55));
#9620=CARTESIAN_POINT('',(-1.63497240437553,3.28590199576831,1.6));
#9621=CARTESIAN_POINT('',(-1.63497240437553,3.28590199576831,1.6));
#9622=CARTESIAN_POINT('',(-1.63497240437553,3.28590199576831,1.55));
#9623=CARTESIAN_POINT('Origin',(-1.63526873770886,3.09432249576831,1.55));
#9624=CARTESIAN_POINT('',(-1.63526873770886,3.09432249576831,1.55));
#9625=CARTESIAN_POINT('',(-1.63765990992888,1.54842965552696,1.55));
#9626=CARTESIAN_POINT('',(-1.63526873770886,3.09432249576831,1.6));
#9627=CARTESIAN_POINT('',(-1.63526873770886,3.09432249576831,1.6));
#9628=CARTESIAN_POINT('',(-1.63526873770886,3.09432249576831,1.55));
#9629=CARTESIAN_POINT('Origin',(-1.84122040437553,3.09432249576831,1.55));
#9630=CARTESIAN_POINT('',(-1.84122040437553,3.09432249576831,1.55));
#9631=CARTESIAN_POINT('',(-0.920610202187758,3.09432249576831,1.55));
#9632=CARTESIAN_POINT('',(-1.84122040437553,3.09432249576831,1.6));
#9633=CARTESIAN_POINT('',(-1.84122040437553,3.09432249576831,1.6));
#9634=CARTESIAN_POINT('',(-1.84122040437553,3.09432249576831,1.55));
#9635=CARTESIAN_POINT('Origin',(-1.84122040437553,3.67069082910164,1.55));
#9636=CARTESIAN_POINT('',(-1.84122040437553,3.67069082910164,1.55));
#9637=CARTESIAN_POINT('',(-1.84122040437553,1.83534541455082,1.55));
#9638=CARTESIAN_POINT('',(-1.84122040437553,3.67069082910164,1.6));
#9639=CARTESIAN_POINT('',(-1.84122040437553,3.67069082910164,1.6));
#9640=CARTESIAN_POINT('',(-1.84122040437553,3.67069082910164,1.55));
#9641=CARTESIAN_POINT('Origin',(-1.63526873770886,3.67069082910164,1.55));
#9642=CARTESIAN_POINT('',(-1.63526873770886,3.67069082910164,1.55));
#9643=CARTESIAN_POINT('',(-0.817634368854432,3.67069082910164,1.55));
#9644=CARTESIAN_POINT('',(-1.63526873770886,3.67069082910164,1.6));
#9645=CARTESIAN_POINT('',(-1.63526873770886,3.67069082910164,1.6));
#9646=CARTESIAN_POINT('',(-1.63526873770886,3.67069082910164,1.55));
#9647=CARTESIAN_POINT('Origin',(-1.63526873770886,3.63142666243498,1.55));
#9648=CARTESIAN_POINT('',(-1.63526873770886,3.63142666243498,1.55));
#9649=CARTESIAN_POINT('',(-1.63526873770886,1.81571333121749,1.55));
#9650=CARTESIAN_POINT('',(-1.63526873770886,3.63142666243498,1.6));
#9651=CARTESIAN_POINT('',(-1.63526873770886,3.63142666243498,1.6));
#9652=CARTESIAN_POINT('',(-1.63526873770886,3.63142666243498,1.55));
#9653=CARTESIAN_POINT('Ctrl Pts',(-1.63393523770887,3.59216249576831,1.55));
#9654=CARTESIAN_POINT('Ctrl Pts',(-1.63393523770887,3.59216249576831,1.6));
#9655=CARTESIAN_POINT('Ctrl Pts',(-1.6346760710422,3.59216249576831,1.55));
#9656=CARTESIAN_POINT('Ctrl Pts',(-1.6346760710422,3.59216249576831,1.6));
#9657=CARTESIAN_POINT('Ctrl Pts',(-1.63526873770886,3.60860899576831,1.55));
#9658=CARTESIAN_POINT('Ctrl Pts',(-1.63526873770886,3.60860899576831,1.6));
#9659=CARTESIAN_POINT('Ctrl Pts',(-1.63526873770886,3.63142666243498,1.55));
#9660=CARTESIAN_POINT('Ctrl Pts',(-1.63526873770886,3.63142666243498,1.6));
#9661=CARTESIAN_POINT('',(-1.63393523770887,3.59216249576831,1.55));
#9662=CARTESIAN_POINT('Ctrl Pts',(-1.63526873770886,3.63142666243498,1.55));
#9663=CARTESIAN_POINT('Ctrl Pts',(-1.63526873770886,3.60860899576831,1.55));
#9664=CARTESIAN_POINT('Ctrl Pts',(-1.6346760710422,3.59216249576831,1.55));
#9665=CARTESIAN_POINT('Ctrl Pts',(-1.63393523770887,3.59216249576831,1.55));
#9666=CARTESIAN_POINT('',(-1.63393523770887,3.59216249576831,1.6));
#9667=CARTESIAN_POINT('Ctrl Pts',(-1.63393523770887,3.59216249576831,1.6));
#9668=CARTESIAN_POINT('Ctrl Pts',(-1.6346760710422,3.59216249576831,1.6));
#9669=CARTESIAN_POINT('Ctrl Pts',(-1.63526873770886,3.60860899576831,1.6));
#9670=CARTESIAN_POINT('Ctrl Pts',(-1.63526873770886,3.63142666243498,1.6));
#9671=CARTESIAN_POINT('',(-1.63393523770887,3.59216249576831,1.55));
#9672=CARTESIAN_POINT('Ctrl Pts',(-1.62726773770886,3.59942266243498,1.55));
#9673=CARTESIAN_POINT('Ctrl Pts',(-1.62726773770886,3.59942266243498,1.6));
#9674=CARTESIAN_POINT('Ctrl Pts',(-1.63008290437553,3.59542216243498,1.55));
#9675=CARTESIAN_POINT('Ctrl Pts',(-1.63008290437553,3.59542216243498,1.6));
#9676=CARTESIAN_POINT('Ctrl Pts',(-1.63319440437553,3.59216249576831,1.55));
#9677=CARTESIAN_POINT('Ctrl Pts',(-1.63319440437553,3.59216249576831,1.6));
#9678=CARTESIAN_POINT('Ctrl Pts',(-1.63393523770887,3.59216249576831,1.55));
#9679=CARTESIAN_POINT('Ctrl Pts',(-1.63393523770887,3.59216249576831,1.6));
#9680=CARTESIAN_POINT('',(-1.62726773770886,3.59942266243498,1.55));
#9681=CARTESIAN_POINT('Ctrl Pts',(-1.63393523770887,3.59216249576831,1.55));
#9682=CARTESIAN_POINT('Ctrl Pts',(-1.63319440437553,3.59216249576831,1.55));
#9683=CARTESIAN_POINT('Ctrl Pts',(-1.63008290437553,3.59542216243498,1.55));
#9684=CARTESIAN_POINT('Ctrl Pts',(-1.62726773770886,3.59942266243498,1.55));
#9685=CARTESIAN_POINT('',(-1.62726773770886,3.59942266243498,1.6));
#9686=CARTESIAN_POINT('Ctrl Pts',(-1.62726773770886,3.59942266243498,1.6));
#9687=CARTESIAN_POINT('Ctrl Pts',(-1.63008290437553,3.59542216243498,1.6));
#9688=CARTESIAN_POINT('Ctrl Pts',(-1.63319440437553,3.59216249576831,1.6));
#9689=CARTESIAN_POINT('Ctrl Pts',(-1.63393523770887,3.59216249576831,1.6));
#9690=CARTESIAN_POINT('',(-1.62726773770886,3.59942266243498,1.55));
#9691=CARTESIAN_POINT('Ctrl Pts',(-1.5751130710422,3.64431716243498,1.55));
#9692=CARTESIAN_POINT('Ctrl Pts',(-1.5751130710422,3.64431716243498,1.6));
#9693=CARTESIAN_POINT('Ctrl Pts',(-1.59393023770886,3.63216749576831,1.55));
#9694=CARTESIAN_POINT('Ctrl Pts',(-1.59393023770886,3.63216749576831,1.6));
#9695=CARTESIAN_POINT('Ctrl Pts',(-1.61897040437553,3.61068332910164,1.55));
#9696=CARTESIAN_POINT('Ctrl Pts',(-1.61897040437553,3.61068332910164,1.6));
#9697=CARTESIAN_POINT('Ctrl Pts',(-1.62726773770886,3.59942266243498,1.55));
#9698=CARTESIAN_POINT('Ctrl Pts',(-1.62726773770886,3.59942266243498,1.6));
#9699=CARTESIAN_POINT('',(-1.5751130710422,3.64431716243498,1.55));
#9700=CARTESIAN_POINT('Ctrl Pts',(-1.62726773770886,3.59942266243498,1.55));
#9701=CARTESIAN_POINT('Ctrl Pts',(-1.61897040437553,3.61068332910164,1.55));
#9702=CARTESIAN_POINT('Ctrl Pts',(-1.59393023770886,3.63216749576831,1.55));
#9703=CARTESIAN_POINT('Ctrl Pts',(-1.5751130710422,3.64431716243498,1.55));
#9704=CARTESIAN_POINT('',(-1.5751130710422,3.64431716243498,1.6));
#9705=CARTESIAN_POINT('Ctrl Pts',(-1.5751130710422,3.64431716243498,1.6));
#9706=CARTESIAN_POINT('Ctrl Pts',(-1.59393023770886,3.63216749576831,1.6));
#9707=CARTESIAN_POINT('Ctrl Pts',(-1.61897040437553,3.61068332910164,1.6));
#9708=CARTESIAN_POINT('Ctrl Pts',(-1.62726773770886,3.59942266243498,1.6));
#9709=CARTESIAN_POINT('',(-1.5751130710422,3.64431716243498,1.55));
#9710=CARTESIAN_POINT('Ctrl Pts',(-1.46413623770886,3.68150699576831,1.55));
#9711=CARTESIAN_POINT('Ctrl Pts',(-1.46413623770886,3.68150699576831,1.6));
#9712=CARTESIAN_POINT('Ctrl Pts',(-1.50014073770886,3.67824732910164,1.55));
#9713=CARTESIAN_POINT('Ctrl Pts',(-1.50014073770886,3.67824732910164,1.6));
#9714=CARTESIAN_POINT('Ctrl Pts',(-1.5466650710422,3.66268982910164,1.55));
#9715=CARTESIAN_POINT('Ctrl Pts',(-1.5466650710422,3.66268982910164,1.6));
#9716=CARTESIAN_POINT('Ctrl Pts',(-1.5751130710422,3.64431716243498,1.55));
#9717=CARTESIAN_POINT('Ctrl Pts',(-1.5751130710422,3.64431716243498,1.6));
#9718=CARTESIAN_POINT('',(-1.46413623770886,3.68150699576831,1.55));
#9719=CARTESIAN_POINT('Ctrl Pts',(-1.5751130710422,3.64431716243498,1.55));
#9720=CARTESIAN_POINT('Ctrl Pts',(-1.5466650710422,3.66268982910164,1.55));
#9721=CARTESIAN_POINT('Ctrl Pts',(-1.50014073770886,3.67824732910164,1.55));
#9722=CARTESIAN_POINT('Ctrl Pts',(-1.46413623770886,3.68150699576831,1.55));
#9723=CARTESIAN_POINT('',(-1.46413623770886,3.68150699576831,1.6));
#9724=CARTESIAN_POINT('Ctrl Pts',(-1.46413623770886,3.68150699576831,1.6));
#9725=CARTESIAN_POINT('Ctrl Pts',(-1.50014073770886,3.67824732910164,1.6));
#9726=CARTESIAN_POINT('Ctrl Pts',(-1.5466650710422,3.66268982910164,1.6));
#9727=CARTESIAN_POINT('Ctrl Pts',(-1.5751130710422,3.64431716243498,1.6));
#9728=CARTESIAN_POINT('',(-1.46413623770886,3.68150699576831,1.55));
#9729=CARTESIAN_POINT('Ctrl Pts',(-1.37093940437553,3.67513582910164,1.55));
#9730=CARTESIAN_POINT('Ctrl Pts',(-1.37093940437553,3.67513582910164,1.6));
#9731=CARTESIAN_POINT('Ctrl Pts',(-1.39434973770886,3.68121066243498,1.55));
#9732=CARTESIAN_POINT('Ctrl Pts',(-1.39434973770886,3.68121066243498,1.6));
#9733=CARTESIAN_POINT('Ctrl Pts',(-1.43657723770886,3.68402582910164,1.55));
#9734=CARTESIAN_POINT('Ctrl Pts',(-1.43657723770886,3.68402582910164,1.6));
#9735=CARTESIAN_POINT('Ctrl Pts',(-1.46413623770886,3.68150699576831,1.55));
#9736=CARTESIAN_POINT('Ctrl Pts',(-1.46413623770886,3.68150699576831,1.6));
#9737=CARTESIAN_POINT('Ctrl Pts',(-1.46413623770886,3.68150699576831,1.55));
#9738=CARTESIAN_POINT('Ctrl Pts',(-1.43657723770886,3.68402582910164,1.55));
#9739=CARTESIAN_POINT('Ctrl Pts',(-1.39434973770886,3.68121066243498,1.55));
#9740=CARTESIAN_POINT('Ctrl Pts',(-1.37093940437553,3.67513582910164,1.55));
#9741=CARTESIAN_POINT('Ctrl Pts',(-1.37093940437553,3.67513582910164,1.6));
#9742=CARTESIAN_POINT('Ctrl Pts',(-1.39434973770886,3.68121066243498,1.6));
#9743=CARTESIAN_POINT('Ctrl Pts',(-1.43657723770886,3.68402582910164,1.6));
#9744=CARTESIAN_POINT('Ctrl Pts',(-1.46413623770886,3.68150699576831,1.6));
#9745=CARTESIAN_POINT('Origin',(-1.3270820710422,3.38917416243498,1.6));
#9746=CARTESIAN_POINT('Origin',(1.2492399289578,3.67069082910164,1.55));
#9747=CARTESIAN_POINT('',(1.13307726229114,3.67069082910164,1.55));
#9748=CARTESIAN_POINT('',(1.2492399289578,3.67069082910164,1.55));
#9749=CARTESIAN_POINT('',(0.624619964478893,3.67069082910164,1.55));
#9750=CARTESIAN_POINT('',(1.13307726229114,3.67069082910164,1.6));
#9751=CARTESIAN_POINT('',(1.13307726229114,3.67069082910164,1.55));
#9752=CARTESIAN_POINT('',(1.2492399289578,3.67069082910164,1.6));
#9753=CARTESIAN_POINT('',(1.2492399289578,3.67069082910164,1.6));
#9754=CARTESIAN_POINT('',(1.2492399289578,3.67069082910164,1.55));
#9755=CARTESIAN_POINT('Origin',(1.27931776229114,3.62075866243498,1.55));
#9756=CARTESIAN_POINT('',(1.27931776229114,3.62075866243498,1.55));
#9757=CARTESIAN_POINT('',(1.90918865863811,2.57511091825304,1.55));
#9758=CARTESIAN_POINT('',(1.27931776229114,3.62075866243498,1.6));
#9759=CARTESIAN_POINT('',(1.27931776229114,3.62075866243498,1.6));
#9760=CARTESIAN_POINT('',(1.27931776229114,3.62075866243498,1.55));
#9761=CARTESIAN_POINT('Ctrl Pts',(1.33621376229114,3.53141416243498,1.55));
#9762=CARTESIAN_POINT('Ctrl Pts',(1.33621376229114,3.53141416243498,1.6));
#9763=CARTESIAN_POINT('Ctrl Pts',(1.3345839289578,3.53141416243498,1.55));
#9764=CARTESIAN_POINT('Ctrl Pts',(1.3345839289578,3.53141416243498,1.6));
#9765=CARTESIAN_POINT('Ctrl Pts',(1.30598776229114,3.57630866243498,1.55));
#9766=CARTESIAN_POINT('Ctrl Pts',(1.30598776229114,3.57630866243498,1.6));
#9767=CARTESIAN_POINT('Ctrl Pts',(1.27931776229114,3.62075866243498,1.55));
#9768=CARTESIAN_POINT('Ctrl Pts',(1.27931776229114,3.62075866243498,1.6));
#9769=CARTESIAN_POINT('',(1.33621376229114,3.53141416243498,1.55));
#9770=CARTESIAN_POINT('Ctrl Pts',(1.27931776229114,3.62075866243498,1.55));
#9771=CARTESIAN_POINT('Ctrl Pts',(1.30598776229114,3.57630866243498,1.55));
#9772=CARTESIAN_POINT('Ctrl Pts',(1.3345839289578,3.53141416243498,1.55));
#9773=CARTESIAN_POINT('Ctrl Pts',(1.33621376229114,3.53141416243498,1.55));
#9774=CARTESIAN_POINT('',(1.33621376229114,3.53141416243498,1.6));
#9775=CARTESIAN_POINT('Ctrl Pts',(1.33621376229114,3.53141416243498,1.6));
#9776=CARTESIAN_POINT('Ctrl Pts',(1.3345839289578,3.53141416243498,1.6));
#9777=CARTESIAN_POINT('Ctrl Pts',(1.30598776229114,3.57630866243498,1.6));
#9778=CARTESIAN_POINT('Ctrl Pts',(1.27931776229114,3.62075866243498,1.6));
#9779=CARTESIAN_POINT('',(1.33621376229114,3.53141416243498,1.55));
#9780=CARTESIAN_POINT('Ctrl Pts',(1.38599776229114,3.60105249576831,1.55));
#9781=CARTESIAN_POINT('Ctrl Pts',(1.38599776229114,3.60105249576831,1.6));
#9782=CARTESIAN_POINT('Ctrl Pts',(1.35888326229114,3.56282549576831,1.55));
#9783=CARTESIAN_POINT('Ctrl Pts',(1.35888326229114,3.56282549576831,1.6));
#9784=CARTESIAN_POINT('Ctrl Pts',(1.33651009562447,3.53141416243498,1.55));
#9785=CARTESIAN_POINT('Ctrl Pts',(1.33651009562447,3.53141416243498,1.6));
#9786=CARTESIAN_POINT('Ctrl Pts',(1.33621376229114,3.53141416243498,1.55));
#9787=CARTESIAN_POINT('Ctrl Pts',(1.33621376229114,3.53141416243498,1.6));
#9788=CARTESIAN_POINT('',(1.38599776229114,3.60105249576831,1.55));
#9789=CARTESIAN_POINT('Ctrl Pts',(1.33621376229114,3.53141416243498,1.55));
#9790=CARTESIAN_POINT('Ctrl Pts',(1.33651009562447,3.53141416243498,1.55));
#9791=CARTESIAN_POINT('Ctrl Pts',(1.35888326229114,3.56282549576831,1.55));
#9792=CARTESIAN_POINT('Ctrl Pts',(1.38599776229114,3.60105249576831,1.55));
#9793=CARTESIAN_POINT('',(1.38599776229114,3.60105249576831,1.6));
#9794=CARTESIAN_POINT('Ctrl Pts',(1.38599776229114,3.60105249576831,1.6));
#9795=CARTESIAN_POINT('Ctrl Pts',(1.35888326229114,3.56282549576831,1.6));
#9796=CARTESIAN_POINT('Ctrl Pts',(1.33651009562447,3.53141416243498,1.6));
#9797=CARTESIAN_POINT('Ctrl Pts',(1.33621376229114,3.53141416243498,1.6));
#9798=CARTESIAN_POINT('',(1.38599776229114,3.60105249576831,1.55));
#9799=CARTESIAN_POINT('Origin',(1.43518909562447,3.67069082910164,1.55));
#9800=CARTESIAN_POINT('',(1.43518909562447,3.67069082910164,1.55));
#9801=CARTESIAN_POINT('',(0.331423014263508,2.10813041271716,1.55));
#9802=CARTESIAN_POINT('',(1.43518909562447,3.67069082910164,1.6));
#9803=CARTESIAN_POINT('',(1.43518909562447,3.67069082910164,1.6));
#9804=CARTESIAN_POINT('',(1.43518909562447,3.67069082910164,1.55));
#9805=CARTESIAN_POINT('Origin',(1.5341644289578,3.67069082910164,1.55));
#9806=CARTESIAN_POINT('',(1.5341644289578,3.67069082910164,1.55));
#9807=CARTESIAN_POINT('',(0.767082214478891,3.67069082910164,1.55));
#9808=CARTESIAN_POINT('',(1.5341644289578,3.67069082910164,1.6));
#9809=CARTESIAN_POINT('',(1.5341644289578,3.67069082910164,1.6));
#9810=CARTESIAN_POINT('',(1.5341644289578,3.67069082910164,1.55));
#9811=CARTESIAN_POINT('Ctrl Pts',(1.6332879289578,3.66994999576831,1.55));
#9812=CARTESIAN_POINT('Ctrl Pts',(1.6332879289578,3.66994999576831,1.6));
#9813=CARTESIAN_POINT('Ctrl Pts',(1.6332879289578,3.67039449576831,1.55));
#9814=CARTESIAN_POINT('Ctrl Pts',(1.6332879289578,3.67039449576831,1.6));
#9815=CARTESIAN_POINT('Ctrl Pts',(1.58868976229114,3.67069082910164,1.55));
#9816=CARTESIAN_POINT('Ctrl Pts',(1.58868976229114,3.67069082910164,1.6));
#9817=CARTESIAN_POINT('Ctrl Pts',(1.5341644289578,3.67069082910164,1.55));
#9818=CARTESIAN_POINT('Ctrl Pts',(1.5341644289578,3.67069082910164,1.6));
#9819=CARTESIAN_POINT('',(1.6332879289578,3.66994999576831,1.55));
#9820=CARTESIAN_POINT('Ctrl Pts',(1.5341644289578,3.67069082910164,1.55));
#9821=CARTESIAN_POINT('Ctrl Pts',(1.58868976229114,3.67069082910164,1.55));
#9822=CARTESIAN_POINT('Ctrl Pts',(1.6332879289578,3.67039449576831,1.55));
#9823=CARTESIAN_POINT('Ctrl Pts',(1.6332879289578,3.66994999576831,1.55));
#9824=CARTESIAN_POINT('',(1.6332879289578,3.66994999576831,1.6));
#9825=CARTESIAN_POINT('Ctrl Pts',(1.6332879289578,3.66994999576831,1.6));
#9826=CARTESIAN_POINT('Ctrl Pts',(1.6332879289578,3.67039449576831,1.6));
#9827=CARTESIAN_POINT('Ctrl Pts',(1.58868976229114,3.67069082910164,1.6));
#9828=CARTESIAN_POINT('Ctrl Pts',(1.5341644289578,3.67069082910164,1.6));
#9829=CARTESIAN_POINT('',(1.6332879289578,3.66994999576831,1.55));
#9830=CARTESIAN_POINT('Ctrl Pts',(1.54512876229114,3.54474916243498,1.55));
#9831=CARTESIAN_POINT('Ctrl Pts',(1.54512876229114,3.54474916243498,1.6));
#9832=CARTESIAN_POINT('Ctrl Pts',(1.5941719289578,3.61097966243498,1.55));
#9833=CARTESIAN_POINT('Ctrl Pts',(1.5941719289578,3.61097966243498,1.6));
#9834=CARTESIAN_POINT('Ctrl Pts',(1.6332879289578,3.66639399576831,1.55));
#9835=CARTESIAN_POINT('Ctrl Pts',(1.6332879289578,3.66639399576831,1.6));
#9836=CARTESIAN_POINT('Ctrl Pts',(1.6332879289578,3.66994999576831,1.55));
#9837=CARTESIAN_POINT('Ctrl Pts',(1.6332879289578,3.66994999576831,1.6));
#9838=CARTESIAN_POINT('',(1.54512876229114,3.54474916243498,1.55));
#9839=CARTESIAN_POINT('Ctrl Pts',(1.6332879289578,3.66994999576831,1.55));
#9840=CARTESIAN_POINT('Ctrl Pts',(1.6332879289578,3.66639399576831,1.55));
#9841=CARTESIAN_POINT('Ctrl Pts',(1.5941719289578,3.61097966243498,1.55));
#9842=CARTESIAN_POINT('Ctrl Pts',(1.54512876229114,3.54474916243498,1.55));
#9843=CARTESIAN_POINT('',(1.54512876229114,3.54474916243498,1.6));
#9844=CARTESIAN_POINT('Ctrl Pts',(1.54512876229114,3.54474916243498,1.6));
#9845=CARTESIAN_POINT('Ctrl Pts',(1.5941719289578,3.61097966243498,1.6));
#9846=CARTESIAN_POINT('Ctrl Pts',(1.6332879289578,3.66639399576831,1.6));
#9847=CARTESIAN_POINT('Ctrl Pts',(1.6332879289578,3.66994999576831,1.6));
#9848=CARTESIAN_POINT('',(1.54512876229114,3.54474916243498,1.55));
#9849=CARTESIAN_POINT('Ctrl Pts',(1.45978476229114,3.42458599576831,1.55));
#9850=CARTESIAN_POINT('Ctrl Pts',(1.45978476229114,3.42458599576831,1.6));
#9851=CARTESIAN_POINT('Ctrl Pts',(1.47652759562447,3.45081149576831,1.55));
#9852=CARTESIAN_POINT('Ctrl Pts',(1.47652759562447,3.45081149576831,1.6));
#9853=CARTESIAN_POINT('Ctrl Pts',(1.5003824289578,3.48444532910164,1.55));
#9854=CARTESIAN_POINT('Ctrl Pts',(1.5003824289578,3.48444532910164,1.6));
#9855=CARTESIAN_POINT('Ctrl Pts',(1.54512876229114,3.54474916243498,1.55));
#9856=CARTESIAN_POINT('Ctrl Pts',(1.54512876229114,3.54474916243498,1.6));
#9857=CARTESIAN_POINT('',(1.45978476229114,3.42458599576831,1.55));
#9858=CARTESIAN_POINT('Ctrl Pts',(1.54512876229114,3.54474916243498,1.55));
#9859=CARTESIAN_POINT('Ctrl Pts',(1.5003824289578,3.48444532910164,1.55));
#9860=CARTESIAN_POINT('Ctrl Pts',(1.47652759562447,3.45081149576831,1.55));
#9861=CARTESIAN_POINT('Ctrl Pts',(1.45978476229114,3.42458599576831,1.55));
#9862=CARTESIAN_POINT('',(1.45978476229114,3.42458599576831,1.6));
#9863=CARTESIAN_POINT('Ctrl Pts',(1.45978476229114,3.42458599576831,1.6));
#9864=CARTESIAN_POINT('Ctrl Pts',(1.47652759562447,3.45081149576831,1.6));
#9865=CARTESIAN_POINT('Ctrl Pts',(1.5003824289578,3.48444532910164,1.6));
#9866=CARTESIAN_POINT('Ctrl Pts',(1.54512876229114,3.54474916243498,1.6));
#9867=CARTESIAN_POINT('',(1.45978476229114,3.42458599576831,1.55));
#9868=CARTESIAN_POINT('Origin',(1.44674609562447,3.40413899576831,1.55));
#9869=CARTESIAN_POINT('',(1.44674609562447,3.40413899576831,1.55));
#9870=CARTESIAN_POINT('',(0.466018424108761,1.86617969270955,1.55));
#9871=CARTESIAN_POINT('',(1.44674609562447,3.40413899576831,1.6));
#9872=CARTESIAN_POINT('',(1.44674609562447,3.40413899576831,1.6));
#9873=CARTESIAN_POINT('',(1.44674609562447,3.40413899576831,1.55));
#9874=CARTESIAN_POINT('Origin',(1.48423226229114,3.34368699576831,1.55));
#9875=CARTESIAN_POINT('',(1.48423226229114,3.34368699576831,1.55));
#9876=CARTESIAN_POINT('',(2.02690867899547,2.46854083760482,1.55));
#9877=CARTESIAN_POINT('',(1.48423226229114,3.34368699576831,1.6));
#9878=CARTESIAN_POINT('',(1.48423226229114,3.34368699576831,1.6));
#9879=CARTESIAN_POINT('',(1.48423226229114,3.34368699576831,1.55));
#9880=CARTESIAN_POINT('Ctrl Pts',(1.5777254289578,3.19211249576831,1.55));
#9881=CARTESIAN_POINT('Ctrl Pts',(1.5777254289578,3.19211249576831,1.6));
#9882=CARTESIAN_POINT('Ctrl Pts',(1.54690676229114,3.24219282910164,1.55));
#9883=CARTESIAN_POINT('Ctrl Pts',(1.54690676229114,3.24219282910164,1.6));
#9884=CARTESIAN_POINT('Ctrl Pts',(1.5048274289578,3.31049766243498,1.55));
#9885=CARTESIAN_POINT('Ctrl Pts',(1.5048274289578,3.31049766243498,1.6));
#9886=CARTESIAN_POINT('Ctrl Pts',(1.48423226229114,3.34368699576831,1.55));
#9887=CARTESIAN_POINT('Ctrl Pts',(1.48423226229114,3.34368699576831,1.6));
#9888=CARTESIAN_POINT('',(1.5777254289578,3.19211249576831,1.55));
#9889=CARTESIAN_POINT('Ctrl Pts',(1.48423226229114,3.34368699576831,1.55));
#9890=CARTESIAN_POINT('Ctrl Pts',(1.5048274289578,3.31049766243498,1.55));
#9891=CARTESIAN_POINT('Ctrl Pts',(1.54690676229114,3.24219282910164,1.55));
#9892=CARTESIAN_POINT('Ctrl Pts',(1.5777254289578,3.19211249576831,1.55));
#9893=CARTESIAN_POINT('',(1.5777254289578,3.19211249576831,1.6));
#9894=CARTESIAN_POINT('Ctrl Pts',(1.5777254289578,3.19211249576831,1.6));
#9895=CARTESIAN_POINT('Ctrl Pts',(1.54690676229114,3.24219282910164,1.6));
#9896=CARTESIAN_POINT('Ctrl Pts',(1.5048274289578,3.31049766243498,1.6));
#9897=CARTESIAN_POINT('Ctrl Pts',(1.48423226229114,3.34368699576831,1.6));
#9898=CARTESIAN_POINT('',(1.5777254289578,3.19211249576831,1.55));
#9899=CARTESIAN_POINT('Ctrl Pts',(1.6359549289578,3.09773032910164,1.55));
#9900=CARTESIAN_POINT('Ctrl Pts',(1.6359549289578,3.09773032910164,1.6));
#9901=CARTESIAN_POINT('Ctrl Pts',(1.63476959562447,3.09950832910164,1.55));
#9902=CARTESIAN_POINT('Ctrl Pts',(1.63476959562447,3.09950832910164,1.6));
#9903=CARTESIAN_POINT('Ctrl Pts',(1.60854409562447,3.14203216243498,1.55));
#9904=CARTESIAN_POINT('Ctrl Pts',(1.60854409562447,3.14203216243498,1.6));
#9905=CARTESIAN_POINT('Ctrl Pts',(1.5777254289578,3.19211249576831,1.55));
#9906=CARTESIAN_POINT('Ctrl Pts',(1.5777254289578,3.19211249576831,1.6));
#9907=CARTESIAN_POINT('',(1.6359549289578,3.09773032910164,1.55));
#9908=CARTESIAN_POINT('Ctrl Pts',(1.5777254289578,3.19211249576831,1.55));
#9909=CARTESIAN_POINT('Ctrl Pts',(1.60854409562447,3.14203216243498,1.55));
#9910=CARTESIAN_POINT('Ctrl Pts',(1.63476959562447,3.09950832910164,1.55));
#9911=CARTESIAN_POINT('Ctrl Pts',(1.6359549289578,3.09773032910164,1.55));
#9912=CARTESIAN_POINT('',(1.6359549289578,3.09773032910164,1.6));
#9913=CARTESIAN_POINT('Ctrl Pts',(1.6359549289578,3.09773032910164,1.6));
#9914=CARTESIAN_POINT('Ctrl Pts',(1.63476959562447,3.09950832910164,1.6));
#9915=CARTESIAN_POINT('Ctrl Pts',(1.60854409562447,3.14203216243498,1.6));
#9916=CARTESIAN_POINT('Ctrl Pts',(1.5777254289578,3.19211249576831,1.6));
#9917=CARTESIAN_POINT('',(1.6359549289578,3.09773032910164,1.55));
#9918=CARTESIAN_POINT('Origin',(1.63802926229114,3.09432249576831,1.55));
#9919=CARTESIAN_POINT('',(1.63802926229114,3.09432249576831,1.55));
#9920=CARTESIAN_POINT('',(2.1037658886555,2.32918375245536,1.55));
#9921=CARTESIAN_POINT('',(1.63802926229114,3.09432249576831,1.6));
#9922=CARTESIAN_POINT('',(1.63802926229114,3.09432249576831,1.6));
#9923=CARTESIAN_POINT('',(1.63802926229114,3.09432249576831,1.55));
#9924=CARTESIAN_POINT('Origin',(1.41429759562447,3.09432249576831,1.55));
#9925=CARTESIAN_POINT('',(1.41429759562447,3.09432249576831,1.55));
#9926=CARTESIAN_POINT('',(0.707148797812235,3.09432249576831,1.55));
#9927=CARTESIAN_POINT('',(1.41429759562447,3.09432249576831,1.6));
#9928=CARTESIAN_POINT('',(1.41429759562447,3.09432249576831,1.6));
#9929=CARTESIAN_POINT('',(1.41429759562447,3.09432249576831,1.55));
#9930=CARTESIAN_POINT('Origin',(1.40540759562447,3.10884282910164,1.55));
#9931=CARTESIAN_POINT('',(1.40540759562447,3.10884282910164,1.55));
#9932=CARTESIAN_POINT('',(1.90603348516058,2.29115387619261,1.55));
#9933=CARTESIAN_POINT('',(1.40540759562447,3.10884282910164,1.6));
#9934=CARTESIAN_POINT('',(1.40540759562447,3.10884282910164,1.6));
#9935=CARTESIAN_POINT('',(1.40540759562447,3.10884282910164,1.55));
#9936=CARTESIAN_POINT('Ctrl Pts',(1.34288126229114,3.21730082910164,1.55));
#9937=CARTESIAN_POINT('Ctrl Pts',(1.34288126229114,3.21730082910164,1.6));
#9938=CARTESIAN_POINT('Ctrl Pts',(1.38110826229114,3.15003316243498,1.55));
#9939=CARTESIAN_POINT('Ctrl Pts',(1.38110826229114,3.15003316243498,1.6));
#9940=CARTESIAN_POINT('Ctrl Pts',(1.39562859562447,3.12484482910164,1.55));
#9941=CARTESIAN_POINT('Ctrl Pts',(1.39562859562447,3.12484482910164,1.6));
#9942=CARTESIAN_POINT('Ctrl Pts',(1.40540759562447,3.10884282910164,1.55));
#9943=CARTESIAN_POINT('Ctrl Pts',(1.40540759562447,3.10884282910164,1.6));
#9944=CARTESIAN_POINT('',(1.34288126229114,3.21730082910164,1.55));
#9945=CARTESIAN_POINT('Ctrl Pts',(1.40540759562447,3.10884282910164,1.55));
#9946=CARTESIAN_POINT('Ctrl Pts',(1.39562859562447,3.12484482910164,1.55));
#9947=CARTESIAN_POINT('Ctrl Pts',(1.38110826229114,3.15003316243498,1.55));
#9948=CARTESIAN_POINT('Ctrl Pts',(1.34288126229114,3.21730082910164,1.55));
#9949=CARTESIAN_POINT('',(1.34288126229114,3.21730082910164,1.6));
#9950=CARTESIAN_POINT('Ctrl Pts',(1.34288126229114,3.21730082910164,1.6));
#9951=CARTESIAN_POINT('Ctrl Pts',(1.38110826229114,3.15003316243498,1.6));
#9952=CARTESIAN_POINT('Ctrl Pts',(1.39562859562447,3.12484482910164,1.6));
#9953=CARTESIAN_POINT('Ctrl Pts',(1.40540759562447,3.10884282910164,1.6));
#9954=CARTESIAN_POINT('',(1.34288126229114,3.21730082910164,1.55));
#9955=CARTESIAN_POINT('Ctrl Pts',(1.31250709562447,3.26960366243498,1.55));
#9956=CARTESIAN_POINT('Ctrl Pts',(1.31250709562447,3.26960366243498,1.6));
#9957=CARTESIAN_POINT('Ctrl Pts',(1.3150259289578,3.26575132910164,1.55));
#9958=CARTESIAN_POINT('Ctrl Pts',(1.3150259289578,3.26575132910164,1.6));
#9959=CARTESIAN_POINT('Ctrl Pts',(1.3288054289578,3.24219282910164,1.55));
#9960=CARTESIAN_POINT('Ctrl Pts',(1.3288054289578,3.24219282910164,1.6));
#9961=CARTESIAN_POINT('Ctrl Pts',(1.34288126229114,3.21730082910164,1.55));
#9962=CARTESIAN_POINT('Ctrl Pts',(1.34288126229114,3.21730082910164,1.6));
#9963=CARTESIAN_POINT('',(1.31250709562447,3.26960366243498,1.55));
#9964=CARTESIAN_POINT('Ctrl Pts',(1.34288126229114,3.21730082910164,1.55));
#9965=CARTESIAN_POINT('Ctrl Pts',(1.3288054289578,3.24219282910164,1.55));
#9966=CARTESIAN_POINT('Ctrl Pts',(1.3150259289578,3.26575132910164,1.55));
#9967=CARTESIAN_POINT('Ctrl Pts',(1.31250709562447,3.26960366243498,1.55));
#9968=CARTESIAN_POINT('',(1.31250709562447,3.26960366243498,1.6));
#9969=CARTESIAN_POINT('Ctrl Pts',(1.31250709562447,3.26960366243498,1.6));
#9970=CARTESIAN_POINT('Ctrl Pts',(1.3150259289578,3.26575132910164,1.6));
#9971=CARTESIAN_POINT('Ctrl Pts',(1.3288054289578,3.24219282910164,1.6));
#9972=CARTESIAN_POINT('Ctrl Pts',(1.34288126229114,3.21730082910164,1.6));
#9973=CARTESIAN_POINT('',(1.31250709562447,3.26960366243498,1.55));
#9974=CARTESIAN_POINT('Origin',(1.30776576229114,3.27671566243498,1.55));
#9975=CARTESIAN_POINT('',(1.30776576229114,3.27671566243498,1.55));
#9976=CARTESIAN_POINT('',(1.86273618250057,2.44426003212084,1.55));
#9977=CARTESIAN_POINT('',(1.30776576229114,3.27671566243498,1.6));
#9978=CARTESIAN_POINT('',(1.30776576229114,3.27671566243498,1.6));
#9979=CARTESIAN_POINT('',(1.30776576229114,3.27671566243498,1.55));
#9980=CARTESIAN_POINT('Origin',(1.2510179289578,3.18544499576831,1.55));
#9981=CARTESIAN_POINT('',(1.2510179289578,3.18544499576831,1.55));
#9982=CARTESIAN_POINT('',(0.36243565986609,1.75628917916128,1.55));
#9983=CARTESIAN_POINT('',(1.2510179289578,3.18544499576831,1.6));
#9984=CARTESIAN_POINT('',(1.2510179289578,3.18544499576831,1.6));
#9985=CARTESIAN_POINT('',(1.2510179289578,3.18544499576831,1.55));
#9986=CARTESIAN_POINT('Origin',(1.19441826229114,3.09432249576831,1.55));
#9987=CARTESIAN_POINT('',(1.19441826229114,3.09432249576831,1.55));
#9988=CARTESIAN_POINT('',(0.334697577488323,1.71021720478996,1.55));
#9989=CARTESIAN_POINT('',(1.19441826229114,3.09432249576831,1.6));
#9990=CARTESIAN_POINT('',(1.19441826229114,3.09432249576831,1.6));
#9991=CARTESIAN_POINT('',(1.19441826229114,3.09432249576831,1.55));
#9992=CARTESIAN_POINT('Origin',(0.991429928957803,3.09432249576831,1.55));
#9993=CARTESIAN_POINT('',(0.991429928957803,3.09432249576831,1.55));
#9994=CARTESIAN_POINT('',(0.495714964478901,3.09432249576831,1.55));
#9995=CARTESIAN_POINT('',(0.991429928957803,3.09432249576831,1.6));
#9996=CARTESIAN_POINT('',(0.991429928957803,3.09432249576831,1.6));
#9997=CARTESIAN_POINT('',(0.991429928957803,3.09432249576831,1.55));
#9998=CARTESIAN_POINT('Origin',(0.994245095624469,3.09847116243498,1.55));
#9999=CARTESIAN_POINT('',(0.994245095624469,3.09847116243498,1.55));
#10000=CARTESIAN_POINT('',(0.117690886918997,1.80670706539497,1.55));
#10001=CARTESIAN_POINT('',(0.994245095624469,3.09847116243498,1.6));
#10002=CARTESIAN_POINT('',(0.994245095624469,3.09847116243498,1.6));
#10003=CARTESIAN_POINT('',(0.994245095624469,3.09847116243498,1.55));
#10004=CARTESIAN_POINT('Ctrl Pts',(1.0954429289578,3.24960116243498,1.55));
#10005=CARTESIAN_POINT('Ctrl Pts',(1.0954429289578,3.24960116243498,1.6));
#10006=CARTESIAN_POINT('Ctrl Pts',(1.0412139289578,3.16885032910164,1.55));
#10007=CARTESIAN_POINT('Ctrl Pts',(1.0412139289578,3.16885032910164,1.6));
#10008=CARTESIAN_POINT('Ctrl Pts',(0.995726762291136,3.10084182910164,1.55));
#10009=CARTESIAN_POINT('Ctrl Pts',(0.995726762291136,3.10084182910164,1.6));
#10010=CARTESIAN_POINT('Ctrl Pts',(0.994245095624469,3.09847116243498,1.55));
#10011=CARTESIAN_POINT('Ctrl Pts',(0.994245095624469,3.09847116243498,1.6));
#10012=CARTESIAN_POINT('',(1.0954429289578,3.24960116243498,1.55));
#10013=CARTESIAN_POINT('Ctrl Pts',(0.994245095624469,3.09847116243498,1.55));
#10014=CARTESIAN_POINT('Ctrl Pts',(0.995726762291136,3.10084182910164,1.55));
#10015=CARTESIAN_POINT('Ctrl Pts',(1.0412139289578,3.16885032910164,1.55));
#10016=CARTESIAN_POINT('Ctrl Pts',(1.0954429289578,3.24960116243498,1.55));
#10017=CARTESIAN_POINT('',(1.0954429289578,3.24960116243498,1.6));
#10018=CARTESIAN_POINT('Ctrl Pts',(1.0954429289578,3.24960116243498,1.6));
#10019=CARTESIAN_POINT('Ctrl Pts',(1.0412139289578,3.16885032910164,1.6));
#10020=CARTESIAN_POINT('Ctrl Pts',(0.995726762291136,3.10084182910164,1.6));
#10021=CARTESIAN_POINT('Ctrl Pts',(0.994245095624469,3.09847116243498,1.6));
#10022=CARTESIAN_POINT('',(1.0954429289578,3.24960116243498,1.55));
#10023=CARTESIAN_POINT('Ctrl Pts',(1.19604809562447,3.39999032910164,1.55));
#10024=CARTESIAN_POINT('Ctrl Pts',(1.19604809562447,3.39999032910164,1.6));
#10025=CARTESIAN_POINT('Ctrl Pts',(1.19486276229114,3.39806416243498,1.55));
#10026=CARTESIAN_POINT('Ctrl Pts',(1.19486276229114,3.39806416243498,1.6));
#10027=CARTESIAN_POINT('Ctrl Pts',(1.1496719289578,3.33035199576831,1.55));
#10028=CARTESIAN_POINT('Ctrl Pts',(1.1496719289578,3.33035199576831,1.6));
#10029=CARTESIAN_POINT('Ctrl Pts',(1.0954429289578,3.24960116243498,1.55));
#10030=CARTESIAN_POINT('Ctrl Pts',(1.0954429289578,3.24960116243498,1.6));
#10031=CARTESIAN_POINT('',(1.19604809562447,3.39999032910164,1.55));
#10032=CARTESIAN_POINT('Ctrl Pts',(1.0954429289578,3.24960116243498,1.55));
#10033=CARTESIAN_POINT('Ctrl Pts',(1.1496719289578,3.33035199576831,1.55));
#10034=CARTESIAN_POINT('Ctrl Pts',(1.19486276229114,3.39806416243498,1.55));
#10035=CARTESIAN_POINT('Ctrl Pts',(1.19604809562447,3.39999032910164,1.55));
#10036=CARTESIAN_POINT('',(1.19604809562447,3.39999032910164,1.6));
#10037=CARTESIAN_POINT('Ctrl Pts',(1.19604809562447,3.39999032910164,1.6));
#10038=CARTESIAN_POINT('Ctrl Pts',(1.19486276229114,3.39806416243498,1.6));
#10039=CARTESIAN_POINT('Ctrl Pts',(1.1496719289578,3.33035199576831,1.6));
#10040=CARTESIAN_POINT('Ctrl Pts',(1.0954429289578,3.24960116243498,1.6));
#10041=CARTESIAN_POINT('',(1.19604809562447,3.39999032910164,1.55));
#10042=CARTESIAN_POINT('Ctrl Pts',(1.1083334289578,3.53571099576831,1.55));
#10043=CARTESIAN_POINT('Ctrl Pts',(1.1083334289578,3.53571099576831,1.6));
#10044=CARTESIAN_POINT('Ctrl Pts',(1.19441826229114,3.40888032910164,1.55));
#10045=CARTESIAN_POINT('Ctrl Pts',(1.19441826229114,3.40888032910164,1.6));
#10046=CARTESIAN_POINT('Ctrl Pts',(1.19797426229114,3.40324999576831,1.55));
#10047=CARTESIAN_POINT('Ctrl Pts',(1.19797426229114,3.40324999576831,1.6));
#10048=CARTESIAN_POINT('Ctrl Pts',(1.19604809562447,3.39999032910164,1.55));
#10049=CARTESIAN_POINT('Ctrl Pts',(1.19604809562447,3.39999032910164,1.6));
#10050=CARTESIAN_POINT('',(1.1083334289578,3.53571099576831,1.55));
#10051=CARTESIAN_POINT('Ctrl Pts',(1.19604809562447,3.39999032910164,1.55));
#10052=CARTESIAN_POINT('Ctrl Pts',(1.19797426229114,3.40324999576831,1.55));
#10053=CARTESIAN_POINT('Ctrl Pts',(1.19441826229114,3.40888032910164,1.55));
#10054=CARTESIAN_POINT('Ctrl Pts',(1.1083334289578,3.53571099576831,1.55));
#10055=CARTESIAN_POINT('',(1.1083334289578,3.53571099576831,1.6));
#10056=CARTESIAN_POINT('Ctrl Pts',(1.1083334289578,3.53571099576831,1.6));
#10057=CARTESIAN_POINT('Ctrl Pts',(1.19441826229114,3.40888032910164,1.6));
#10058=CARTESIAN_POINT('Ctrl Pts',(1.19797426229114,3.40324999576831,1.6));
#10059=CARTESIAN_POINT('Ctrl Pts',(1.19604809562447,3.39999032910164,1.6));
#10060=CARTESIAN_POINT('',(1.1083334289578,3.53571099576831,1.55));
#10061=CARTESIAN_POINT('Ctrl Pts',(1.0176554289578,3.66935732910164,1.55));
#10062=CARTESIAN_POINT('Ctrl Pts',(1.0176554289578,3.66935732910164,1.6));
#10063=CARTESIAN_POINT('Ctrl Pts',(1.0180999289578,3.66861649576831,1.55));
#10064=CARTESIAN_POINT('Ctrl Pts',(1.0180999289578,3.66861649576831,1.6));
#10065=CARTESIAN_POINT('Ctrl Pts',(1.05884576229114,3.60846082910164,1.55));
#10066=CARTESIAN_POINT('Ctrl Pts',(1.05884576229114,3.60846082910164,1.6));
#10067=CARTESIAN_POINT('Ctrl Pts',(1.1083334289578,3.53571099576831,1.55));
#10068=CARTESIAN_POINT('Ctrl Pts',(1.1083334289578,3.53571099576831,1.6));
#10069=CARTESIAN_POINT('',(1.0176554289578,3.66935732910164,1.55));
#10070=CARTESIAN_POINT('Ctrl Pts',(1.1083334289578,3.53571099576831,1.55));
#10071=CARTESIAN_POINT('Ctrl Pts',(1.05884576229114,3.60846082910164,1.55));
#10072=CARTESIAN_POINT('Ctrl Pts',(1.0180999289578,3.66861649576831,1.55));
#10073=CARTESIAN_POINT('Ctrl Pts',(1.0176554289578,3.66935732910164,1.55));
#10074=CARTESIAN_POINT('',(1.0176554289578,3.66935732910164,1.6));
#10075=CARTESIAN_POINT('Ctrl Pts',(1.0176554289578,3.66935732910164,1.6));
#10076=CARTESIAN_POINT('Ctrl Pts',(1.0180999289578,3.66861649576831,1.6));
#10077=CARTESIAN_POINT('Ctrl Pts',(1.05884576229114,3.60846082910164,1.6));
#10078=CARTESIAN_POINT('Ctrl Pts',(1.1083334289578,3.53571099576831,1.6));
#10079=CARTESIAN_POINT('',(1.0176554289578,3.66935732910164,1.55));
#10080=CARTESIAN_POINT('Ctrl Pts',(1.13307726229114,3.67069082910164,1.55));
#10081=CARTESIAN_POINT('Ctrl Pts',(1.13307726229114,3.67069082910164,1.6));
#10082=CARTESIAN_POINT('Ctrl Pts',(1.06269809562447,3.67069082910164,1.55));
#10083=CARTESIAN_POINT('Ctrl Pts',(1.06269809562447,3.67069082910164,1.6));
#10084=CARTESIAN_POINT('Ctrl Pts',(1.01706276229114,3.67009816243498,1.55));
#10085=CARTESIAN_POINT('Ctrl Pts',(1.01706276229114,3.67009816243498,1.6));
#10086=CARTESIAN_POINT('Ctrl Pts',(1.0176554289578,3.66935732910164,1.55));
#10087=CARTESIAN_POINT('Ctrl Pts',(1.0176554289578,3.66935732910164,1.6));
#10088=CARTESIAN_POINT('Ctrl Pts',(1.0176554289578,3.66935732910164,1.55));
#10089=CARTESIAN_POINT('Ctrl Pts',(1.01706276229114,3.67009816243498,1.55));
#10090=CARTESIAN_POINT('Ctrl Pts',(1.06269809562447,3.67069082910164,1.55));
#10091=CARTESIAN_POINT('Ctrl Pts',(1.13307726229114,3.67069082910164,1.55));
#10092=CARTESIAN_POINT('Ctrl Pts',(1.13307726229114,3.67069082910164,1.6));
#10093=CARTESIAN_POINT('Ctrl Pts',(1.06269809562447,3.67069082910164,1.6));
#10094=CARTESIAN_POINT('Ctrl Pts',(1.01706276229114,3.67009816243498,1.6));
#10095=CARTESIAN_POINT('Ctrl Pts',(1.0176554289578,3.66935732910164,1.6));
#10096=CARTESIAN_POINT('Origin',(1.31472959562447,3.38250666243498,1.6));
#10097=CARTESIAN_POINT('Ctrl Pts',(-0.493940904375531,3.42991999576831,
1.55));
#10098=CARTESIAN_POINT('Ctrl Pts',(-0.493940904375531,3.42991999576831,
1.6));
#10099=CARTESIAN_POINT('Ctrl Pts',(-0.484161904375531,3.49289082910164,
1.55));
#10100=CARTESIAN_POINT('Ctrl Pts',(-0.484161904375531,3.49289082910164,
1.6));
#10101=CARTESIAN_POINT('Ctrl Pts',(-0.458973571042198,3.53556282910164,
1.55));
#10102=CARTESIAN_POINT('Ctrl Pts',(-0.458973571042198,3.53556282910164,
1.6));
#10103=CARTESIAN_POINT('Ctrl Pts',(-0.421042904375531,3.55363916243498,
1.55));
#10104=CARTESIAN_POINT('Ctrl Pts',(-0.421042904375531,3.55363916243498,
1.6));
#10105=CARTESIAN_POINT('',(-0.421042904375531,3.55363916243498,1.55));
#10106=CARTESIAN_POINT('',(-0.493940904375531,3.42991999576831,1.55));
#10107=CARTESIAN_POINT('Ctrl Pts',(-0.421042904375531,3.55363916243498,
1.55));
#10108=CARTESIAN_POINT('Ctrl Pts',(-0.458973571042198,3.53556282910164,
1.55));
#10109=CARTESIAN_POINT('Ctrl Pts',(-0.484161904375531,3.49289082910164,
1.55));
#10110=CARTESIAN_POINT('Ctrl Pts',(-0.493940904375531,3.42991999576831,
1.55));
#10111=CARTESIAN_POINT('',(-0.421042904375531,3.55363916243498,1.6));
#10112=CARTESIAN_POINT('',(-0.421042904375531,3.55363916243498,1.55));
#10113=CARTESIAN_POINT('',(-0.493940904375531,3.42991999576831,1.6));
#10114=CARTESIAN_POINT('Ctrl Pts',(-0.493940904375531,3.42991999576831,
1.6));
#10115=CARTESIAN_POINT('Ctrl Pts',(-0.484161904375531,3.49289082910164,
1.6));
#10116=CARTESIAN_POINT('Ctrl Pts',(-0.458973571042198,3.53556282910164,
1.6));
#10117=CARTESIAN_POINT('Ctrl Pts',(-0.421042904375531,3.55363916243498,
1.6));
#10118=CARTESIAN_POINT('',(-0.493940904375531,3.42991999576831,1.55));
#10119=CARTESIAN_POINT('Ctrl Pts',(-0.494681737708865,3.32990749576831,
1.55));
#10120=CARTESIAN_POINT('Ctrl Pts',(-0.494681737708865,3.32990749576831,
1.6));
#10121=CARTESIAN_POINT('Ctrl Pts',(-0.497496904375531,3.35153982910164,
1.55));
#10122=CARTESIAN_POINT('Ctrl Pts',(-0.497496904375531,3.35153982910164,
1.6));
#10123=CARTESIAN_POINT('Ctrl Pts',(-0.497052404375531,3.41006566243498,
1.55));
#10124=CARTESIAN_POINT('Ctrl Pts',(-0.497052404375531,3.41006566243498,
1.6));
#10125=CARTESIAN_POINT('Ctrl Pts',(-0.493940904375531,3.42991999576831,
1.55));
#10126=CARTESIAN_POINT('Ctrl Pts',(-0.493940904375531,3.42991999576831,
1.6));
#10127=CARTESIAN_POINT('',(-0.494681737708865,3.32990749576831,1.55));
#10128=CARTESIAN_POINT('Ctrl Pts',(-0.493940904375531,3.42991999576831,
1.55));
#10129=CARTESIAN_POINT('Ctrl Pts',(-0.497052404375531,3.41006566243498,
1.55));
#10130=CARTESIAN_POINT('Ctrl Pts',(-0.497496904375531,3.35153982910164,
1.55));
#10131=CARTESIAN_POINT('Ctrl Pts',(-0.494681737708865,3.32990749576831,
1.55));
#10132=CARTESIAN_POINT('',(-0.494681737708865,3.32990749576831,1.6));
#10133=CARTESIAN_POINT('Ctrl Pts',(-0.494681737708865,3.32990749576831,
1.6));
#10134=CARTESIAN_POINT('Ctrl Pts',(-0.497496904375531,3.35153982910164,
1.6));
#10135=CARTESIAN_POINT('Ctrl Pts',(-0.497052404375531,3.41006566243498,
1.6));
#10136=CARTESIAN_POINT('Ctrl Pts',(-0.493940904375531,3.42991999576831,
1.6));
#10137=CARTESIAN_POINT('',(-0.494681737708865,3.32990749576831,1.55));
#10138=CARTESIAN_POINT('Ctrl Pts',(-0.416153404375531,3.19226066243498,
1.55));
#10139=CARTESIAN_POINT('Ctrl Pts',(-0.416153404375531,3.19226066243498,
1.6));
#10140=CARTESIAN_POINT('Ctrl Pts',(-0.459566237708865,3.21048516243498,
1.55));
#10141=CARTESIAN_POINT('Ctrl Pts',(-0.459566237708865,3.21048516243498,
1.6));
#10142=CARTESIAN_POINT('Ctrl Pts',(-0.484902737708865,3.25478699576831,
1.55));
#10143=CARTESIAN_POINT('Ctrl Pts',(-0.484902737708865,3.25478699576831,
1.6));
#10144=CARTESIAN_POINT('Ctrl Pts',(-0.494681737708865,3.32990749576831,
1.55));
#10145=CARTESIAN_POINT('Ctrl Pts',(-0.494681737708865,3.32990749576831,
1.6));
#10146=CARTESIAN_POINT('',(-0.416153404375531,3.19226066243498,1.55));
#10147=CARTESIAN_POINT('Ctrl Pts',(-0.494681737708865,3.32990749576831,
1.55));
#10148=CARTESIAN_POINT('Ctrl Pts',(-0.484902737708865,3.25478699576831,
1.55));
#10149=CARTESIAN_POINT('Ctrl Pts',(-0.459566237708865,3.21048516243498,
1.55));
#10150=CARTESIAN_POINT('Ctrl Pts',(-0.416153404375531,3.19226066243498,
1.55));
#10151=CARTESIAN_POINT('',(-0.416153404375531,3.19226066243498,1.6));
#10152=CARTESIAN_POINT('Ctrl Pts',(-0.416153404375531,3.19226066243498,
1.6));
#10153=CARTESIAN_POINT('Ctrl Pts',(-0.459566237708865,3.21048516243498,
1.6));
#10154=CARTESIAN_POINT('Ctrl Pts',(-0.484902737708865,3.25478699576831,
1.6));
#10155=CARTESIAN_POINT('Ctrl Pts',(-0.494681737708865,3.32990749576831,
1.6));
#10156=CARTESIAN_POINT('',(-0.416153404375531,3.19226066243498,1.55));
#10157=CARTESIAN_POINT('Ctrl Pts',(-0.351849071042198,3.18677849576831,
1.55));
#10158=CARTESIAN_POINT('Ctrl Pts',(-0.351849071042198,3.18677849576831,
1.6));
#10159=CARTESIAN_POINT('Ctrl Pts',(-0.372740571042198,3.18277799576831,
1.55));
#10160=CARTESIAN_POINT('Ctrl Pts',(-0.372740571042198,3.18277799576831,
1.6));
#10161=CARTESIAN_POINT('Ctrl Pts',(-0.398669737708865,3.18500049576831,
1.55));
#10162=CARTESIAN_POINT('Ctrl Pts',(-0.398669737708865,3.18500049576831,
1.6));
#10163=CARTESIAN_POINT('Ctrl Pts',(-0.416153404375531,3.19226066243498,
1.55));
#10164=CARTESIAN_POINT('Ctrl Pts',(-0.416153404375531,3.19226066243498,
1.6));
#10165=CARTESIAN_POINT('',(-0.351849071042198,3.18677849576831,1.55));
#10166=CARTESIAN_POINT('Ctrl Pts',(-0.416153404375531,3.19226066243498,
1.55));
#10167=CARTESIAN_POINT('Ctrl Pts',(-0.398669737708865,3.18500049576831,
1.55));
#10168=CARTESIAN_POINT('Ctrl Pts',(-0.372740571042198,3.18277799576831,
1.55));
#10169=CARTESIAN_POINT('Ctrl Pts',(-0.351849071042198,3.18677849576831,
1.55));
#10170=CARTESIAN_POINT('',(-0.351849071042198,3.18677849576831,1.6));
#10171=CARTESIAN_POINT('Ctrl Pts',(-0.351849071042198,3.18677849576831,
1.6));
#10172=CARTESIAN_POINT('Ctrl Pts',(-0.372740571042198,3.18277799576831,
1.6));
#10173=CARTESIAN_POINT('Ctrl Pts',(-0.398669737708865,3.18500049576831,
1.6));
#10174=CARTESIAN_POINT('Ctrl Pts',(-0.416153404375531,3.19226066243498,
1.6));
#10175=CARTESIAN_POINT('',(-0.351849071042198,3.18677849576831,1.55));
#10176=CARTESIAN_POINT('Ctrl Pts',(-0.253021904375531,3.35568849576831,
1.55));
#10177=CARTESIAN_POINT('Ctrl Pts',(-0.253021904375531,3.35568849576831,
1.6));
#10178=CARTESIAN_POINT('Ctrl Pts',(-0.258207737708865,3.25330532910164,
1.55));
#10179=CARTESIAN_POINT('Ctrl Pts',(-0.258207737708865,3.25330532910164,
1.6));
#10180=CARTESIAN_POINT('Ctrl Pts',(-0.290359904375531,3.19863182910164,
1.55));
#10181=CARTESIAN_POINT('Ctrl Pts',(-0.290359904375531,3.19863182910164,
1.6));
#10182=CARTESIAN_POINT('Ctrl Pts',(-0.351849071042198,3.18677849576831,
1.55));
#10183=CARTESIAN_POINT('Ctrl Pts',(-0.351849071042198,3.18677849576831,
1.6));
#10184=CARTESIAN_POINT('',(-0.253021904375531,3.35568849576831,1.55));
#10185=CARTESIAN_POINT('Ctrl Pts',(-0.351849071042198,3.18677849576831,
1.55));
#10186=CARTESIAN_POINT('Ctrl Pts',(-0.290359904375531,3.19863182910164,
1.55));
#10187=CARTESIAN_POINT('Ctrl Pts',(-0.258207737708865,3.25330532910164,
1.55));
#10188=CARTESIAN_POINT('Ctrl Pts',(-0.253021904375531,3.35568849576831,
1.55));
#10189=CARTESIAN_POINT('',(-0.253021904375531,3.35568849576831,1.6));
#10190=CARTESIAN_POINT('Ctrl Pts',(-0.253021904375531,3.35568849576831,
1.6));
#10191=CARTESIAN_POINT('Ctrl Pts',(-0.258207737708865,3.25330532910164,
1.6));
#10192=CARTESIAN_POINT('Ctrl Pts',(-0.290359904375531,3.19863182910164,
1.6));
#10193=CARTESIAN_POINT('Ctrl Pts',(-0.351849071042198,3.18677849576831,
1.6));
#10194=CARTESIAN_POINT('',(-0.253021904375531,3.35568849576831,1.55));
#10195=CARTESIAN_POINT('Ctrl Pts',(-0.288878237708864,3.52074616243498,
1.55));
#10196=CARTESIAN_POINT('Ctrl Pts',(-0.288878237708864,3.52074616243498,
1.6));
#10197=CARTESIAN_POINT('Ctrl Pts',(-0.261022904375531,3.48044482910164,
1.55));
#10198=CARTESIAN_POINT('Ctrl Pts',(-0.261022904375531,3.48044482910164,
1.6));
#10199=CARTESIAN_POINT('Ctrl Pts',(-0.249317737708865,3.42651216243498,
1.55));
#10200=CARTESIAN_POINT('Ctrl Pts',(-0.249317737708865,3.42651216243498,
1.6));
#10201=CARTESIAN_POINT('Ctrl Pts',(-0.253021904375531,3.35568849576831,
1.55));
#10202=CARTESIAN_POINT('Ctrl Pts',(-0.253021904375531,3.35568849576831,
1.6));
#10203=CARTESIAN_POINT('',(-0.288878237708864,3.52074616243498,1.55));
#10204=CARTESIAN_POINT('Ctrl Pts',(-0.253021904375531,3.35568849576831,
1.55));
#10205=CARTESIAN_POINT('Ctrl Pts',(-0.249317737708865,3.42651216243498,
1.55));
#10206=CARTESIAN_POINT('Ctrl Pts',(-0.261022904375531,3.48044482910164,
1.55));
#10207=CARTESIAN_POINT('Ctrl Pts',(-0.288878237708864,3.52074616243498,
1.55));
#10208=CARTESIAN_POINT('',(-0.288878237708864,3.52074616243498,1.6));
#10209=CARTESIAN_POINT('Ctrl Pts',(-0.288878237708864,3.52074616243498,
1.6));
#10210=CARTESIAN_POINT('Ctrl Pts',(-0.261022904375531,3.48044482910164,
1.6));
#10211=CARTESIAN_POINT('Ctrl Pts',(-0.249317737708865,3.42651216243498,
1.6));
#10212=CARTESIAN_POINT('Ctrl Pts',(-0.253021904375531,3.35568849576831,
1.6));
#10213=CARTESIAN_POINT('',(-0.288878237708864,3.52074616243498,1.55));
#10214=CARTESIAN_POINT('Ctrl Pts',(-0.346515071042198,3.56223282910164,
1.55));
#10215=CARTESIAN_POINT('Ctrl Pts',(-0.346515071042198,3.56223282910164,
1.6));
#10216=CARTESIAN_POINT('Ctrl Pts',(-0.326808904375531,3.55852866243498,
1.55));
#10217=CARTESIAN_POINT('Ctrl Pts',(-0.326808904375531,3.55852866243498,
1.6));
#10218=CARTESIAN_POINT('Ctrl Pts',(-0.303250404375531,3.54163766243498,
1.55));
#10219=CARTESIAN_POINT('Ctrl Pts',(-0.303250404375531,3.54163766243498,
1.6));
#10220=CARTESIAN_POINT('Ctrl Pts',(-0.288878237708864,3.52074616243498,
1.55));
#10221=CARTESIAN_POINT('Ctrl Pts',(-0.288878237708864,3.52074616243498,
1.6));
#10222=CARTESIAN_POINT('',(-0.346515071042198,3.56223282910164,1.55));
#10223=CARTESIAN_POINT('Ctrl Pts',(-0.288878237708864,3.52074616243498,
1.55));
#10224=CARTESIAN_POINT('Ctrl Pts',(-0.303250404375531,3.54163766243498,
1.55));
#10225=CARTESIAN_POINT('Ctrl Pts',(-0.326808904375531,3.55852866243498,
1.55));
#10226=CARTESIAN_POINT('Ctrl Pts',(-0.346515071042198,3.56223282910164,
1.55));
#10227=CARTESIAN_POINT('',(-0.346515071042198,3.56223282910164,1.6));
#10228=CARTESIAN_POINT('Ctrl Pts',(-0.346515071042198,3.56223282910164,
1.6));
#10229=CARTESIAN_POINT('Ctrl Pts',(-0.326808904375531,3.55852866243498,
1.6));
#10230=CARTESIAN_POINT('Ctrl Pts',(-0.303250404375531,3.54163766243498,
1.6));
#10231=CARTESIAN_POINT('Ctrl Pts',(-0.288878237708864,3.52074616243498,
1.6));
#10232=CARTESIAN_POINT('',(-0.346515071042198,3.56223282910164,1.55));
#10233=CARTESIAN_POINT('Ctrl Pts',(-0.380297071042198,3.56386266243498,
1.55));
#10234=CARTESIAN_POINT('Ctrl Pts',(-0.380297071042198,3.56386266243498,
1.6));
#10235=CARTESIAN_POINT('Ctrl Pts',(-0.365184071042198,3.56489982910164,
1.55));
#10236=CARTESIAN_POINT('Ctrl Pts',(-0.365184071042198,3.56489982910164,
1.6));
#10237=CARTESIAN_POINT('Ctrl Pts',(-0.358664737708864,3.56460349576831,
1.55));
#10238=CARTESIAN_POINT('Ctrl Pts',(-0.358664737708864,3.56460349576831,
1.6));
#10239=CARTESIAN_POINT('Ctrl Pts',(-0.346515071042198,3.56223282910164,
1.55));
#10240=CARTESIAN_POINT('Ctrl Pts',(-0.346515071042198,3.56223282910164,
1.6));
#10241=CARTESIAN_POINT('',(-0.380297071042198,3.56386266243498,1.55));
#10242=CARTESIAN_POINT('Ctrl Pts',(-0.346515071042198,3.56223282910164,
1.55));
#10243=CARTESIAN_POINT('Ctrl Pts',(-0.358664737708864,3.56460349576831,
1.55));
#10244=CARTESIAN_POINT('Ctrl Pts',(-0.365184071042198,3.56489982910164,
1.55));
#10245=CARTESIAN_POINT('Ctrl Pts',(-0.380297071042198,3.56386266243498,
1.55));
#10246=CARTESIAN_POINT('',(-0.380297071042198,3.56386266243498,1.6));
#10247=CARTESIAN_POINT('Ctrl Pts',(-0.380297071042198,3.56386266243498,
1.6));
#10248=CARTESIAN_POINT('Ctrl Pts',(-0.365184071042198,3.56489982910164,
1.6));
#10249=CARTESIAN_POINT('Ctrl Pts',(-0.358664737708864,3.56460349576831,
1.6));
#10250=CARTESIAN_POINT('Ctrl Pts',(-0.346515071042198,3.56223282910164,
1.6));
#10251=CARTESIAN_POINT('',(-0.380297071042198,3.56386266243498,1.55));
#10252=CARTESIAN_POINT('Ctrl Pts',(-0.421042904375531,3.55363916243498,
1.55));
#10253=CARTESIAN_POINT('Ctrl Pts',(-0.421042904375531,3.55363916243498,
1.6));
#10254=CARTESIAN_POINT('Ctrl Pts',(-0.406226237708865,3.56060299576831,
1.55));
#10255=CARTESIAN_POINT('Ctrl Pts',(-0.406226237708865,3.56060299576831,
1.6));
#10256=CARTESIAN_POINT('Ctrl Pts',(-0.398077071042198,3.56267732910164,
1.55));
#10257=CARTESIAN_POINT('Ctrl Pts',(-0.398077071042198,3.56267732910164,
1.6));
#10258=CARTESIAN_POINT('Ctrl Pts',(-0.380297071042198,3.56386266243498,
1.55));
#10259=CARTESIAN_POINT('Ctrl Pts',(-0.380297071042198,3.56386266243498,
1.6));
#10260=CARTESIAN_POINT('Ctrl Pts',(-0.380297071042198,3.56386266243498,
1.55));
#10261=CARTESIAN_POINT('Ctrl Pts',(-0.398077071042198,3.56267732910164,
1.55));
#10262=CARTESIAN_POINT('Ctrl Pts',(-0.406226237708865,3.56060299576831,
1.55));
#10263=CARTESIAN_POINT('Ctrl Pts',(-0.421042904375531,3.55363916243498,
1.55));
#10264=CARTESIAN_POINT('Ctrl Pts',(-0.421042904375531,3.55363916243498,
1.6));
#10265=CARTESIAN_POINT('Ctrl Pts',(-0.406226237708865,3.56060299576831,
1.6));
#10266=CARTESIAN_POINT('Ctrl Pts',(-0.398077071042198,3.56267732910164,
1.6));
#10267=CARTESIAN_POINT('Ctrl Pts',(-0.380297071042198,3.56386266243498,
1.6));
#10268=CARTESIAN_POINT('Ctrl Pts',(-0.261911904375531,3.67795099576831,
1.55));
#10269=CARTESIAN_POINT('Ctrl Pts',(-0.261911904375531,3.67795099576831,
1.6));
#10270=CARTESIAN_POINT('Ctrl Pts',(-0.296286571042198,3.68624832910164,
1.55));
#10271=CARTESIAN_POINT('Ctrl Pts',(-0.296286571042198,3.68624832910164,
1.6));
#10272=CARTESIAN_POINT('Ctrl Pts',(-0.317474404375531,3.68861899576831,
1.55));
#10273=CARTESIAN_POINT('Ctrl Pts',(-0.317474404375531,3.68861899576831,
1.6));
#10274=CARTESIAN_POINT('Ctrl Pts',(-0.362517071042198,3.68921166243498,
1.55));
#10275=CARTESIAN_POINT('Ctrl Pts',(-0.362517071042198,3.68921166243498,
1.6));
#10276=CARTESIAN_POINT('',(-0.362517071042198,3.68921166243498,1.55));
#10277=CARTESIAN_POINT('',(-0.261911904375531,3.67795099576831,1.55));
#10278=CARTESIAN_POINT('Ctrl Pts',(-0.362517071042198,3.68921166243498,
1.55));
#10279=CARTESIAN_POINT('Ctrl Pts',(-0.317474404375531,3.68861899576831,
1.55));
#10280=CARTESIAN_POINT('Ctrl Pts',(-0.296286571042198,3.68624832910164,
1.55));
#10281=CARTESIAN_POINT('Ctrl Pts',(-0.261911904375531,3.67795099576831,
1.55));
#10282=CARTESIAN_POINT('',(-0.362517071042198,3.68921166243498,1.6));
#10283=CARTESIAN_POINT('',(-0.362517071042198,3.68921166243498,1.55));
#10284=CARTESIAN_POINT('',(-0.261911904375531,3.67795099576831,1.6));
#10285=CARTESIAN_POINT('Ctrl Pts',(-0.261911904375531,3.67795099576831,
1.6));
#10286=CARTESIAN_POINT('Ctrl Pts',(-0.296286571042198,3.68624832910164,
1.6));
#10287=CARTESIAN_POINT('Ctrl Pts',(-0.317474404375531,3.68861899576831,
1.6));
#10288=CARTESIAN_POINT('Ctrl Pts',(-0.362517071042198,3.68921166243498,
1.6));
#10289=CARTESIAN_POINT('',(-0.261911904375531,3.67795099576831,1.55));
#10290=CARTESIAN_POINT('Ctrl Pts',(-0.0289939043755311,3.41362166243498,
1.55));
#10291=CARTESIAN_POINT('Ctrl Pts',(-0.0289939043755311,3.41362166243498,
1.6));
#10292=CARTESIAN_POINT('Ctrl Pts',(-0.0426252377088646,3.54934232910164,
1.55));
#10293=CARTESIAN_POINT('Ctrl Pts',(-0.0426252377088646,3.54934232910164,
1.6));
#10294=CARTESIAN_POINT('Ctrl Pts',(-0.126783904375531,3.64490982910164,
1.55));
#10295=CARTESIAN_POINT('Ctrl Pts',(-0.126783904375531,3.64490982910164,
1.6));
#10296=CARTESIAN_POINT('Ctrl Pts',(-0.261911904375531,3.67795099576831,
1.55));
#10297=CARTESIAN_POINT('Ctrl Pts',(-0.261911904375531,3.67795099576831,
1.6));
#10298=CARTESIAN_POINT('',(-0.0289939043755311,3.41362166243498,1.55));
#10299=CARTESIAN_POINT('Ctrl Pts',(-0.261911904375531,3.67795099576831,
1.55));
#10300=CARTESIAN_POINT('Ctrl Pts',(-0.126783904375531,3.64490982910164,
1.55));
#10301=CARTESIAN_POINT('Ctrl Pts',(-0.0426252377088646,3.54934232910164,
1.55));
#10302=CARTESIAN_POINT('Ctrl Pts',(-0.0289939043755311,3.41362166243498,
1.55));
#10303=CARTESIAN_POINT('',(-0.0289939043755311,3.41362166243498,1.6));
#10304=CARTESIAN_POINT('Ctrl Pts',(-0.0289939043755311,3.41362166243498,
1.6));
#10305=CARTESIAN_POINT('Ctrl Pts',(-0.0426252377088646,3.54934232910164,
1.6));
#10306=CARTESIAN_POINT('Ctrl Pts',(-0.126783904375531,3.64490982910164,
1.6));
#10307=CARTESIAN_POINT('Ctrl Pts',(-0.261911904375531,3.67795099576831,
1.6));
#10308=CARTESIAN_POINT('',(-0.0289939043755311,3.41362166243498,1.55));
#10309=CARTESIAN_POINT('Ctrl Pts',(-0.0313645710421978,3.31657249576831,
1.55));
#10310=CARTESIAN_POINT('Ctrl Pts',(-0.0313645710421978,3.31657249576831,
1.6));
#10311=CARTESIAN_POINT('Ctrl Pts',(-0.028104904375531,3.33805666243498,
1.55));
#10312=CARTESIAN_POINT('Ctrl Pts',(-0.028104904375531,3.33805666243498,
1.6));
#10313=CARTESIAN_POINT('Ctrl Pts',(-0.026771404375531,3.39124849576831,
1.55));
#10314=CARTESIAN_POINT('Ctrl Pts',(-0.026771404375531,3.39124849576831,
1.6));
#10315=CARTESIAN_POINT('Ctrl Pts',(-0.0289939043755311,3.41362166243498,
1.55));
#10316=CARTESIAN_POINT('Ctrl Pts',(-0.0289939043755311,3.41362166243498,
1.6));
#10317=CARTESIAN_POINT('',(-0.0313645710421978,3.31657249576831,1.55));
#10318=CARTESIAN_POINT('Ctrl Pts',(-0.0289939043755311,3.41362166243498,
1.55));
#10319=CARTESIAN_POINT('Ctrl Pts',(-0.026771404375531,3.39124849576831,
1.55));
#10320=CARTESIAN_POINT('Ctrl Pts',(-0.028104904375531,3.33805666243498,
1.55));
#10321=CARTESIAN_POINT('Ctrl Pts',(-0.0313645710421978,3.31657249576831,
1.55));
#10322=CARTESIAN_POINT('',(-0.0313645710421978,3.31657249576831,1.6));
#10323=CARTESIAN_POINT('Ctrl Pts',(-0.0313645710421978,3.31657249576831,
1.6));
#10324=CARTESIAN_POINT('Ctrl Pts',(-0.028104904375531,3.33805666243498,
1.6));
#10325=CARTESIAN_POINT('Ctrl Pts',(-0.026771404375531,3.39124849576831,
1.6));
#10326=CARTESIAN_POINT('Ctrl Pts',(-0.0289939043755311,3.41362166243498,
1.6));
#10327=CARTESIAN_POINT('',(-0.0313645710421978,3.31657249576831,1.55));
#10328=CARTESIAN_POINT('Ctrl Pts',(-0.0694434043755313,3.20189149576831,
1.55));
#10329=CARTESIAN_POINT('Ctrl Pts',(-0.0694434043755313,3.20189149576831,
1.6));
#10330=CARTESIAN_POINT('Ctrl Pts',(-0.0509225710421979,3.23433999576831,
1.55));
#10331=CARTESIAN_POINT('Ctrl Pts',(-0.0509225710421979,3.23433999576831,
1.6));
#10332=CARTESIAN_POINT('Ctrl Pts',(-0.038032071042198,3.27330782910164,
1.55));
#10333=CARTESIAN_POINT('Ctrl Pts',(-0.038032071042198,3.27330782910164,
1.6));
#10334=CARTESIAN_POINT('Ctrl Pts',(-0.0313645710421978,3.31657249576831,
1.55));
#10335=CARTESIAN_POINT('Ctrl Pts',(-0.0313645710421978,3.31657249576831,
1.6));
#10336=CARTESIAN_POINT('',(-0.0694434043755313,3.20189149576831,1.55));
#10337=CARTESIAN_POINT('Ctrl Pts',(-0.0313645710421978,3.31657249576831,
1.55));
#10338=CARTESIAN_POINT('Ctrl Pts',(-0.038032071042198,3.27330782910164,
1.55));
#10339=CARTESIAN_POINT('Ctrl Pts',(-0.0509225710421979,3.23433999576831,
1.55));
#10340=CARTESIAN_POINT('Ctrl Pts',(-0.0694434043755313,3.20189149576831,
1.55));
#10341=CARTESIAN_POINT('',(-0.0694434043755313,3.20189149576831,1.6));
#10342=CARTESIAN_POINT('Ctrl Pts',(-0.0694434043755313,3.20189149576831,
1.6));
#10343=CARTESIAN_POINT('Ctrl Pts',(-0.0509225710421979,3.23433999576831,
1.6));
#10344=CARTESIAN_POINT('Ctrl Pts',(-0.038032071042198,3.27330782910164,
1.6));
#10345=CARTESIAN_POINT('Ctrl Pts',(-0.0313645710421978,3.31657249576831,
1.6));
#10346=CARTESIAN_POINT('',(-0.0694434043755313,3.20189149576831,1.55));
#10347=CARTESIAN_POINT('Ctrl Pts',(-0.343996237708865,3.05446566243498,
1.55));
#10348=CARTESIAN_POINT('Ctrl Pts',(-0.343996237708865,3.05446566243498,
1.6));
#10349=CARTESIAN_POINT('Ctrl Pts',(-0.218202737708864,3.06024416243498,
1.55));
#10350=CARTESIAN_POINT('Ctrl Pts',(-0.218202737708864,3.06024416243498,
1.6));
#10351=CARTESIAN_POINT('Ctrl Pts',(-0.120560904375531,3.11269516243498,
1.55));
#10352=CARTESIAN_POINT('Ctrl Pts',(-0.120560904375531,3.11269516243498,
1.6));
#10353=CARTESIAN_POINT('Ctrl Pts',(-0.0694434043755313,3.20189149576831,
1.55));
#10354=CARTESIAN_POINT('Ctrl Pts',(-0.0694434043755313,3.20189149576831,
1.6));
#10355=CARTESIAN_POINT('',(-0.343996237708865,3.05446566243498,1.55));
#10356=CARTESIAN_POINT('Ctrl Pts',(-0.0694434043755313,3.20189149576831,
1.55));
#10357=CARTESIAN_POINT('Ctrl Pts',(-0.120560904375531,3.11269516243498,
1.55));
#10358=CARTESIAN_POINT('Ctrl Pts',(-0.218202737708864,3.06024416243498,
1.55));
#10359=CARTESIAN_POINT('Ctrl Pts',(-0.343996237708865,3.05446566243498,
1.55));
#10360=CARTESIAN_POINT('',(-0.343996237708865,3.05446566243498,1.6));
#10361=CARTESIAN_POINT('Ctrl Pts',(-0.343996237708865,3.05446566243498,
1.6));
#10362=CARTESIAN_POINT('Ctrl Pts',(-0.218202737708864,3.06024416243498,
1.6));
#10363=CARTESIAN_POINT('Ctrl Pts',(-0.120560904375531,3.11269516243498,
1.6));
#10364=CARTESIAN_POINT('Ctrl Pts',(-0.0694434043755313,3.20189149576831,
1.6));
#10365=CARTESIAN_POINT('',(-0.343996237708865,3.05446566243498,1.55));
#10366=CARTESIAN_POINT('Ctrl Pts',(-0.436155904375531,3.05802166243498,
1.55));
#10367=CARTESIAN_POINT('Ctrl Pts',(-0.436155904375531,3.05802166243498,
1.6));
#10368=CARTESIAN_POINT('Ctrl Pts',(-0.413041904375531,3.05476199576831,
1.55));
#10369=CARTESIAN_POINT('Ctrl Pts',(-0.413041904375531,3.05476199576831,
1.6));
#10370=CARTESIAN_POINT('Ctrl Pts',(-0.373185071042198,3.05313216243498,
1.55));
#10371=CARTESIAN_POINT('Ctrl Pts',(-0.373185071042198,3.05313216243498,
1.6));
#10372=CARTESIAN_POINT('Ctrl Pts',(-0.343996237708865,3.05446566243498,
1.55));
#10373=CARTESIAN_POINT('Ctrl Pts',(-0.343996237708865,3.05446566243498,
1.6));
#10374=CARTESIAN_POINT('',(-0.436155904375531,3.05802166243498,1.55));
#10375=CARTESIAN_POINT('Ctrl Pts',(-0.343996237708865,3.05446566243498,
1.55));
#10376=CARTESIAN_POINT('Ctrl Pts',(-0.373185071042198,3.05313216243498,
1.55));
#10377=CARTESIAN_POINT('Ctrl Pts',(-0.413041904375531,3.05476199576831,
1.55));
#10378=CARTESIAN_POINT('Ctrl Pts',(-0.436155904375531,3.05802166243498,
1.55));
#10379=CARTESIAN_POINT('',(-0.436155904375531,3.05802166243498,1.6));
#10380=CARTESIAN_POINT('Ctrl Pts',(-0.436155904375531,3.05802166243498,
1.6));
#10381=CARTESIAN_POINT('Ctrl Pts',(-0.413041904375531,3.05476199576831,
1.6));
#10382=CARTESIAN_POINT('Ctrl Pts',(-0.373185071042198,3.05313216243498,
1.6));
#10383=CARTESIAN_POINT('Ctrl Pts',(-0.343996237708865,3.05446566243498,
1.6));
#10384=CARTESIAN_POINT('',(-0.436155904375531,3.05802166243498,1.55));
#10385=CARTESIAN_POINT('Ctrl Pts',(-0.697521904375531,3.26752932910164,
1.55));
#10386=CARTESIAN_POINT('Ctrl Pts',(-0.697521904375531,3.26752932910164,
1.6));
#10387=CARTESIAN_POINT('Ctrl Pts',(-0.665221571042198,3.15299649576831,
1.55));
#10388=CARTESIAN_POINT('Ctrl Pts',(-0.665221571042198,3.15299649576831,
1.6));
#10389=CARTESIAN_POINT('Ctrl Pts',(-0.571432071042198,3.07787599576831,
1.55));
#10390=CARTESIAN_POINT('Ctrl Pts',(-0.571432071042198,3.07787599576831,
1.6));
#10391=CARTESIAN_POINT('Ctrl Pts',(-0.436155904375531,3.05802166243498,
1.55));
#10392=CARTESIAN_POINT('Ctrl Pts',(-0.436155904375531,3.05802166243498,
1.6));
#10393=CARTESIAN_POINT('',(-0.697521904375531,3.26752932910164,1.55));
#10394=CARTESIAN_POINT('Ctrl Pts',(-0.436155904375531,3.05802166243498,
1.55));
#10395=CARTESIAN_POINT('Ctrl Pts',(-0.571432071042198,3.07787599576831,
1.55));
#10396=CARTESIAN_POINT('Ctrl Pts',(-0.665221571042198,3.15299649576831,
1.55));
#10397=CARTESIAN_POINT('Ctrl Pts',(-0.697521904375531,3.26752932910164,
1.55));
#10398=CARTESIAN_POINT('',(-0.697521904375531,3.26752932910164,1.6));
#10399=CARTESIAN_POINT('Ctrl Pts',(-0.697521904375531,3.26752932910164,
1.6));
#10400=CARTESIAN_POINT('Ctrl Pts',(-0.665221571042198,3.15299649576831,
1.6));
#10401=CARTESIAN_POINT('Ctrl Pts',(-0.571432071042198,3.07787599576831,
1.6));
#10402=CARTESIAN_POINT('Ctrl Pts',(-0.436155904375531,3.05802166243498,
1.6));
#10403=CARTESIAN_POINT('',(-0.697521904375531,3.26752932910164,1.55));
#10404=CARTESIAN_POINT('Ctrl Pts',(-0.697373737708865,3.46859149576831,
1.55));
#10405=CARTESIAN_POINT('Ctrl Pts',(-0.697373737708865,3.46859149576831,
1.6));
#10406=CARTESIAN_POINT('Ctrl Pts',(-0.714709237708865,3.40295366243498,
1.55));
#10407=CARTESIAN_POINT('Ctrl Pts',(-0.714709237708865,3.40295366243498,
1.6));
#10408=CARTESIAN_POINT('Ctrl Pts',(-0.714709237708865,3.32901849576831,
1.55));
#10409=CARTESIAN_POINT('Ctrl Pts',(-0.714709237708865,3.32901849576831,
1.6));
#10410=CARTESIAN_POINT('Ctrl Pts',(-0.697521904375531,3.26752932910164,
1.55));
#10411=CARTESIAN_POINT('Ctrl Pts',(-0.697521904375531,3.26752932910164,
1.6));
#10412=CARTESIAN_POINT('',(-0.697373737708865,3.46859149576831,1.55));
#10413=CARTESIAN_POINT('Ctrl Pts',(-0.697521904375531,3.26752932910164,
1.55));
#10414=CARTESIAN_POINT('Ctrl Pts',(-0.714709237708865,3.32901849576831,
1.55));
#10415=CARTESIAN_POINT('Ctrl Pts',(-0.714709237708865,3.40295366243498,
1.55));
#10416=CARTESIAN_POINT('Ctrl Pts',(-0.697373737708865,3.46859149576831,
1.55));
#10417=CARTESIAN_POINT('',(-0.697373737708865,3.46859149576831,1.6));
#10418=CARTESIAN_POINT('Ctrl Pts',(-0.697373737708865,3.46859149576831,
1.6));
#10419=CARTESIAN_POINT('Ctrl Pts',(-0.714709237708865,3.40295366243498,
1.6));
#10420=CARTESIAN_POINT('Ctrl Pts',(-0.714709237708865,3.32901849576831,
1.6));
#10421=CARTESIAN_POINT('Ctrl Pts',(-0.697521904375531,3.26752932910164,
1.6));
#10422=CARTESIAN_POINT('',(-0.697373737708865,3.46859149576831,1.55));
#10423=CARTESIAN_POINT('Ctrl Pts',(-0.409930404375531,3.68906349576831,
1.55));
#10424=CARTESIAN_POINT('Ctrl Pts',(-0.409930404375531,3.68906349576831,
1.6));
#10425=CARTESIAN_POINT('Ctrl Pts',(-0.560023237708865,3.67572849576831,
1.55));
#10426=CARTESIAN_POINT('Ctrl Pts',(-0.560023237708865,3.67572849576831,
1.6));
#10427=CARTESIAN_POINT('Ctrl Pts',(-0.663591737708865,3.59631116243498,
1.55));
#10428=CARTESIAN_POINT('Ctrl Pts',(-0.663591737708865,3.59631116243498,
1.6));
#10429=CARTESIAN_POINT('Ctrl Pts',(-0.697373737708865,3.46859149576831,
1.55));
#10430=CARTESIAN_POINT('Ctrl Pts',(-0.697373737708865,3.46859149576831,
1.6));
#10431=CARTESIAN_POINT('',(-0.409930404375531,3.68906349576831,1.55));
#10432=CARTESIAN_POINT('Ctrl Pts',(-0.697373737708865,3.46859149576831,
1.55));
#10433=CARTESIAN_POINT('Ctrl Pts',(-0.663591737708865,3.59631116243498,
1.55));
#10434=CARTESIAN_POINT('Ctrl Pts',(-0.560023237708865,3.67572849576831,
1.55));
#10435=CARTESIAN_POINT('Ctrl Pts',(-0.409930404375531,3.68906349576831,
1.55));
#10436=CARTESIAN_POINT('',(-0.409930404375531,3.68906349576831,1.6));
#10437=CARTESIAN_POINT('Ctrl Pts',(-0.409930404375531,3.68906349576831,
1.6));
#10438=CARTESIAN_POINT('Ctrl Pts',(-0.560023237708865,3.67572849576831,
1.6));
#10439=CARTESIAN_POINT('Ctrl Pts',(-0.663591737708865,3.59631116243498,
1.6));
#10440=CARTESIAN_POINT('Ctrl Pts',(-0.697373737708865,3.46859149576831,
1.6));
#10441=CARTESIAN_POINT('',(-0.409930404375531,3.68906349576831,1.55));
#10442=CARTESIAN_POINT('Ctrl Pts',(-0.362517071042198,3.68921166243498,
1.55));
#10443=CARTESIAN_POINT('Ctrl Pts',(-0.362517071042198,3.68921166243498,
1.6));
#10444=CARTESIAN_POINT('Ctrl Pts',(-0.384890237708864,3.68935982910164,
1.55));
#10445=CARTESIAN_POINT('Ctrl Pts',(-0.384890237708864,3.68935982910164,
1.6));
#10446=CARTESIAN_POINT('Ctrl Pts',(-0.406226237708865,3.68935982910164,
1.55));
#10447=CARTESIAN_POINT('Ctrl Pts',(-0.406226237708865,3.68935982910164,
1.6));
#10448=CARTESIAN_POINT('Ctrl Pts',(-0.409930404375531,3.68906349576831,
1.55));
#10449=CARTESIAN_POINT('Ctrl Pts',(-0.409930404375531,3.68906349576831,
1.6));
#10450=CARTESIAN_POINT('Ctrl Pts',(-0.409930404375531,3.68906349576831,
1.55));
#10451=CARTESIAN_POINT('Ctrl Pts',(-0.406226237708865,3.68935982910164,
1.55));
#10452=CARTESIAN_POINT('Ctrl Pts',(-0.384890237708864,3.68935982910164,
1.55));
#10453=CARTESIAN_POINT('Ctrl Pts',(-0.362517071042198,3.68921166243498,
1.55));
#10454=CARTESIAN_POINT('Ctrl Pts',(-0.362517071042198,3.68921166243498,
1.6));
#10455=CARTESIAN_POINT('Ctrl Pts',(-0.384890237708864,3.68935982910164,
1.6));
#10456=CARTESIAN_POINT('Ctrl Pts',(-0.406226237708865,3.68935982910164,
1.6));
#10457=CARTESIAN_POINT('Ctrl Pts',(-0.409930404375531,3.68906349576831,
1.6));
#10458=CARTESIAN_POINT('Origin',(-0.370740321042198,3.37124599576831,1.6));
#10459=CARTESIAN_POINT('Origin',(0.,0.,1.55));
#10460=CARTESIAN_POINT('',(-1.50000000000001,1.9,1.55));
#10461=CARTESIAN_POINT('',(-1.50000000000001,1.6,1.55));
#10462=CARTESIAN_POINT('',(-1.50000000000001,1.9,1.55));
#10463=CARTESIAN_POINT('',(-1.30000000000001,1.9,1.55));
#10464=CARTESIAN_POINT('',(-1.30000000000001,1.9,1.55));
#10465=CARTESIAN_POINT('',(-1.30000000000001,1.6,1.55));
#10466=CARTESIAN_POINT('',(-1.30000000000001,1.6,1.55));
#10467=CARTESIAN_POINT('',(1.75,1.6,1.55));
#10468=CARTESIAN_POINT('',(-2.215,1.6,1.55));
#10469=CARTESIAN_POINT('',(1.75,2.8,1.55));
#10470=CARTESIAN_POINT('',(1.75,13.48,1.55));
#10471=CARTESIAN_POINT('',(2.7,2.8,1.55));
#10472=CARTESIAN_POINT('',(2.215,2.8,1.55));
#10473=CARTESIAN_POINT('',(2.7,4.1,1.55));
#10474=CARTESIAN_POINT('',(2.7,2.8,1.55));
#10475=CARTESIAN_POINT('',(-2.7,4.1,1.55));
#10476=CARTESIAN_POINT('',(2.7,4.1,1.55));
#10477=CARTESIAN_POINT('',(-2.7,2.8,1.55));
#10478=CARTESIAN_POINT('',(-2.7,4.1,1.55));
#10479=CARTESIAN_POINT('',(-1.75,2.8,1.55));
#10480=CARTESIAN_POINT('',(-2.7,2.8,1.55));
#10481=CARTESIAN_POINT('',(-1.75,1.6,1.55));
#10482=CARTESIAN_POINT('',(-1.75,13.48,1.55));
#10483=CARTESIAN_POINT('',(-2.215,1.6,1.55));
#10484=CARTESIAN_POINT('',(0.677316595624469,3.68698916243498,1.55));
#10485=CARTESIAN_POINT('',(0.790515928957802,3.66254166243498,1.55));
#10486=CARTESIAN_POINT('Ctrl Pts',(0.677316595624469,3.68698916243498,1.55));
#10487=CARTESIAN_POINT('Ctrl Pts',(0.718803262291136,3.68447032910164,1.55));
#10488=CARTESIAN_POINT('Ctrl Pts',(0.757030262291136,3.67617299576831,1.55));
#10489=CARTESIAN_POINT('Ctrl Pts',(0.790515928957802,3.66254166243498,1.55));
#10490=CARTESIAN_POINT('',(0.958092428957802,3.49140916243498,1.55));
#10491=CARTESIAN_POINT('Ctrl Pts',(0.790515928957802,3.66254166243498,1.55));
#10492=CARTESIAN_POINT('Ctrl Pts',(0.867414428957802,3.63113032910164,1.55));
#10493=CARTESIAN_POINT('Ctrl Pts',(0.925051262291136,3.57230816243498,1.55));
#10494=CARTESIAN_POINT('Ctrl Pts',(0.958092428957802,3.49140916243498,1.55));
#10495=CARTESIAN_POINT('',(0.987281262291136,3.33776032910164,1.55));
#10496=CARTESIAN_POINT('Ctrl Pts',(0.958092428957802,3.49140916243498,1.55));
#10497=CARTESIAN_POINT('Ctrl Pts',(0.976168762291136,3.44725549576831,1.55));
#10498=CARTESIAN_POINT('Ctrl Pts',(0.987281262291136,3.38872966243498,1.55));
#10499=CARTESIAN_POINT('Ctrl Pts',(0.987281262291136,3.33776032910164,1.55));
#10500=CARTESIAN_POINT('',(0.987281262291135,3.32249916243498,1.55));
#10501=CARTESIAN_POINT('',(0.98728126229109,1.66124958121748,1.55));
#10502=CARTESIAN_POINT('',(0.555819928957803,3.32249916243498,1.55));
#10503=CARTESIAN_POINT('',(0.277909964478901,3.32249916243498,1.55));
#10504=CARTESIAN_POINT('',(0.556857095624469,3.31257199576831,1.55));
#10505=CARTESIAN_POINT('',(0.725027023822949,1.70294554015392,1.55));
#10506=CARTESIAN_POINT('',(0.593157928957802,3.23611799576831,1.55));
#10507=CARTESIAN_POINT('Ctrl Pts',(0.556857095624469,3.31257199576831,1.55));
#10508=CARTESIAN_POINT('Ctrl Pts',(0.560116762291136,3.28056799576831,1.55));
#10509=CARTESIAN_POINT('Ctrl Pts',(0.571821928957802,3.25582416243498,1.55));
#10510=CARTESIAN_POINT('Ctrl Pts',(0.593157928957802,3.23611799576831,1.55));
#10511=CARTESIAN_POINT('',(0.637607928957802,3.21107782910164,1.55));
#10512=CARTESIAN_POINT('Ctrl Pts',(0.593157928957802,3.23611799576831,1.55));
#10513=CARTESIAN_POINT('Ctrl Pts',(0.604714928957802,3.22544999576831,1.55));
#10514=CARTESIAN_POINT('Ctrl Pts',(0.620716928957802,3.21641182910164,1.55));
#10515=CARTESIAN_POINT('Ctrl Pts',(0.637607928957802,3.21107782910164,1.55));
#10516=CARTESIAN_POINT('',(0.668722928957802,3.20766999576831,1.55));
#10517=CARTESIAN_POINT('Ctrl Pts',(0.637607928957802,3.21107782910164,1.55));
#10518=CARTESIAN_POINT('Ctrl Pts',(0.647090595624469,3.20826266243498,1.55));
#10519=CARTESIAN_POINT('Ctrl Pts',(0.651831928957802,3.20766999576831,1.55));
#10520=CARTESIAN_POINT('Ctrl Pts',(0.668722928957802,3.20766999576831,1.55));
#10521=CARTESIAN_POINT('',(0.700430595624469,3.21181866243498,1.55));
#10522=CARTESIAN_POINT('Ctrl Pts',(0.668722928957802,3.20766999576831,1.55));
#10523=CARTESIAN_POINT('Ctrl Pts',(0.686651095624469,3.20781816243498,1.55));
#10524=CARTESIAN_POINT('Ctrl Pts',(0.689910762291136,3.20826266243498,1.55));
#10525=CARTESIAN_POINT('Ctrl Pts',(0.700430595624469,3.21181866243498,1.55));
#10526=CARTESIAN_POINT('',(0.718655095624469,3.21981966243498,1.55));
#10527=CARTESIAN_POINT('Ctrl Pts',(0.700430595624469,3.21181866243498,1.55));
#10528=CARTESIAN_POINT('Ctrl Pts',(0.706801762291135,3.21404116243498,1.55));
#10529=CARTESIAN_POINT('Ctrl Pts',(0.715099095624469,3.21759716243498,1.55));
#10530=CARTESIAN_POINT('Ctrl Pts',(0.718655095624469,3.21981966243498,1.55));
#10531=CARTESIAN_POINT('',(0.747399428957802,3.24782316243498,1.55));
#10532=CARTESIAN_POINT('Ctrl Pts',(0.718655095624469,3.21981966243498,1.55));
#10533=CARTESIAN_POINT('Ctrl Pts',(0.728730428957802,3.22559816243498,1.55));
#10534=CARTESIAN_POINT('Ctrl Pts',(0.740731928957802,3.23730332910164,1.55));
#10535=CARTESIAN_POINT('Ctrl Pts',(0.747399428957802,3.24782316243498,1.55));
#10536=CARTESIAN_POINT('',(0.753622428957802,3.25730582910164,1.55));
#10537=CARTESIAN_POINT('',(-0.106874843508626,1.94607189010512,1.55));
#10538=CARTESIAN_POINT('',(0.860746928957802,3.25730582910164,1.55));
#10539=CARTESIAN_POINT('',(0.430373464478901,3.25730582910164,1.55));
#10540=CARTESIAN_POINT('',(0.968019595624469,3.25567599576831,1.55));
#10541=CARTESIAN_POINT('Ctrl Pts',(0.860746928957802,3.25730582910164,1.55));
#10542=CARTESIAN_POINT('Ctrl Pts',(0.939571595624469,3.25730582910164,1.55));
#10543=CARTESIAN_POINT('Ctrl Pts',(0.968019595624469,3.25686132910164,1.55));
#10544=CARTESIAN_POINT('Ctrl Pts',(0.968019595624469,3.25567599576831,1.55));
#10545=CARTESIAN_POINT('',(0.951128595624469,3.21122599576831,1.55));
#10546=CARTESIAN_POINT('Ctrl Pts',(0.968019595624469,3.25567599576831,1.55));
#10547=CARTESIAN_POINT('Ctrl Pts',(0.968019595624469,3.25137916243498,1.55));
#10548=CARTESIAN_POINT('Ctrl Pts',(0.958092428957802,3.22544999576831,1.55));
#10549=CARTESIAN_POINT('Ctrl Pts',(0.951128595624469,3.21122599576831,1.55));
#10550=CARTESIAN_POINT('',(0.715395428957802,3.06676349576831,1.55));
#10551=CARTESIAN_POINT('Ctrl Pts',(0.951128595624469,3.21122599576831,1.55));
#10552=CARTESIAN_POINT('Ctrl Pts',(0.911123595624469,3.13077149576831,1.55));
#10553=CARTESIAN_POINT('Ctrl Pts',(0.831706262291136,3.08202466243498,1.55));
#10554=CARTESIAN_POINT('Ctrl Pts',(0.715395428957802,3.06676349576831,1.55));
#10555=CARTESIAN_POINT('',(0.599084595624469,3.06661532910164,1.55));
#10556=CARTESIAN_POINT('Ctrl Pts',(0.715395428957802,3.06676349576831,1.55));
#10557=CARTESIAN_POINT('Ctrl Pts',(0.687984595624469,3.06305932910164,1.55));
#10558=CARTESIAN_POINT('Ctrl Pts',(0.624569262291136,3.06305932910164,1.55));
#10559=CARTESIAN_POINT('Ctrl Pts',(0.599084595624469,3.06661532910164,1.55));
#10560=CARTESIAN_POINT('',(0.419506595624469,3.14751432910164,1.55));
#10561=CARTESIAN_POINT('Ctrl Pts',(0.599084595624469,3.06661532910164,1.55));
#10562=CARTESIAN_POINT('Ctrl Pts',(0.524704928957803,3.07713516243498,1.55));
#10563=CARTESIAN_POINT('Ctrl Pts',(0.465586428957802,3.10365699576831,1.55));
#10564=CARTESIAN_POINT('Ctrl Pts',(0.419506595624469,3.14751432910164,1.55));
#10565=CARTESIAN_POINT('',(0.332384595624469,3.36976432910164,1.55));
#10566=CARTESIAN_POINT('Ctrl Pts',(0.419506595624469,3.14751432910164,1.55));
#10567=CARTESIAN_POINT('Ctrl Pts',(0.361277095624469,3.20278049576831,1.55));
#10568=CARTESIAN_POINT('Ctrl Pts',(0.332384595624469,3.27656749576831,1.55));
#10569=CARTESIAN_POINT('Ctrl Pts',(0.332384595624469,3.36976432910164,1.55));
#10570=CARTESIAN_POINT('',(0.350460928957802,3.48518616243498,1.55));
#10571=CARTESIAN_POINT('Ctrl Pts',(0.332384595624469,3.36976432910164,1.55));
#10572=CARTESIAN_POINT('Ctrl Pts',(0.332236428957802,3.41421432910164,1.55));
#10573=CARTESIAN_POINT('Ctrl Pts',(0.337570428957802,3.44784816243498,1.55));
#10574=CARTESIAN_POINT('Ctrl Pts',(0.350460928957802,3.48518616243498,1.55));
#10575=CARTESIAN_POINT('',(0.627236262291136,3.68698916243498,1.55));
#10576=CARTESIAN_POINT('Ctrl Pts',(0.350460928957802,3.48518616243498,1.55));
#10577=CARTESIAN_POINT('Ctrl Pts',(0.390465928957802,3.60179332910164,1.55));
#10578=CARTESIAN_POINT('Ctrl Pts',(0.495812428957803,3.67854366243498,1.55));
#10579=CARTESIAN_POINT('Ctrl Pts',(0.627236262291136,3.68698916243498,1.55));
#10580=CARTESIAN_POINT('Ctrl Pts',(0.627236262291136,3.68698916243498,1.55));
#10581=CARTESIAN_POINT('Ctrl Pts',(0.651980095624469,3.68847082910164,1.55));
#10582=CARTESIAN_POINT('Ctrl Pts',(0.652572762291136,3.68847082910164,1.55));
#10583=CARTESIAN_POINT('Ctrl Pts',(0.677316595624469,3.68698916243498,1.55));
#10584=CARTESIAN_POINT('',(0.0375329289578022,3.92109249576831,1.55));
#10585=CARTESIAN_POINT('',(0.246447928957802,3.92109249576831,1.55));
#10586=CARTESIAN_POINT('',(0.123223964478901,3.92109249576831,1.55));
#10587=CARTESIAN_POINT('',(0.246447928957802,3.09432249576831,1.55));
#10588=CARTESIAN_POINT('',(0.246447928957802,1.54716124788415,1.55));
#10589=CARTESIAN_POINT('',(0.0375329289578022,3.09432249576831,1.55));
#10590=CARTESIAN_POINT('',(0.0187664644789093,3.09432249576831,1.55));
#10591=CARTESIAN_POINT('',(0.0375329289578021,1.96054624788416,1.55));
#10592=CARTESIAN_POINT('Ctrl Pts',(0.556116262291136,3.44740366243498,1.55));
#10593=CARTESIAN_POINT('Ctrl Pts',(0.556116262291136,3.44740366243498,1.6));
#10594=CARTESIAN_POINT('Ctrl Pts',(0.556116262291136,3.45792349576831,1.55));
#10595=CARTESIAN_POINT('Ctrl Pts',(0.556116262291136,3.45792349576831,1.6));
#10596=CARTESIAN_POINT('Ctrl Pts',(0.560709428957802,3.48163016243498,1.55));
#10597=CARTESIAN_POINT('Ctrl Pts',(0.560709428957802,3.48163016243498,1.6));
#10598=CARTESIAN_POINT('Ctrl Pts',(0.564858095624469,3.49214999576831,1.55));
#10599=CARTESIAN_POINT('Ctrl Pts',(0.564858095624469,3.49214999576831,1.6));
#10600=CARTESIAN_POINT('',(0.564858095624469,3.49214999576831,1.55));
#10601=CARTESIAN_POINT('',(0.556116262291136,3.44740366243498,1.55));
#10602=CARTESIAN_POINT('Ctrl Pts',(0.564858095624469,3.49214999576831,1.55));
#10603=CARTESIAN_POINT('Ctrl Pts',(0.560709428957802,3.48163016243498,1.55));
#10604=CARTESIAN_POINT('Ctrl Pts',(0.556116262291136,3.45792349576831,1.55));
#10605=CARTESIAN_POINT('Ctrl Pts',(0.556116262291136,3.44740366243498,1.55));
#10606=CARTESIAN_POINT('',(0.564858095624469,3.49214999576831,1.6));
#10607=CARTESIAN_POINT('',(0.564858095624469,3.49214999576831,1.55));
#10608=CARTESIAN_POINT('',(0.556116262291136,3.44740366243498,1.6));
#10609=CARTESIAN_POINT('Ctrl Pts',(0.556116262291136,3.44740366243498,1.6));
#10610=CARTESIAN_POINT('Ctrl Pts',(0.556116262291136,3.45792349576831,1.6));
#10611=CARTESIAN_POINT('Ctrl Pts',(0.560709428957802,3.48163016243498,1.6));
#10612=CARTESIAN_POINT('Ctrl Pts',(0.564858095624469,3.49214999576831,1.6));
#10613=CARTESIAN_POINT('',(0.556116262291136,3.44740366243498,1.55));
#10614=CARTESIAN_POINT('Origin',(0.556116262291136,3.44251416243498,1.55));
#10615=CARTESIAN_POINT('',(0.556116262291136,3.44251416243498,1.55));
#10616=CARTESIAN_POINT('',(0.55611626229116,1.72125708121749,1.55));
#10617=CARTESIAN_POINT('',(0.556116262291136,3.44251416243498,1.6));
#10618=CARTESIAN_POINT('',(0.556116262291136,3.44251416243498,1.6));
#10619=CARTESIAN_POINT('',(0.556116262291136,3.44251416243498,1.55));
#10620=CARTESIAN_POINT('Origin',(0.762512428957802,3.44251416243498,1.55));
#10621=CARTESIAN_POINT('',(0.762512428957802,3.44251416243498,1.55));
#10622=CARTESIAN_POINT('',(0.381256214478901,3.44251416243498,1.55));
#10623=CARTESIAN_POINT('',(0.762512428957802,3.44251416243498,1.6));
#10624=CARTESIAN_POINT('',(0.659240262291136,3.44251416243498,1.6));
#10625=CARTESIAN_POINT('',(0.762512428957802,3.44251416243498,1.55));
#10626=CARTESIAN_POINT('Origin',(0.761623428957802,3.45584916243498,1.55));
#10627=CARTESIAN_POINT('',(0.761623428957802,3.45584916243498,1.55));
#10628=CARTESIAN_POINT('',(0.874623681186954,1.76084537899803,1.55));
#10629=CARTESIAN_POINT('',(0.761623428957802,3.45584916243498,1.6));
#10630=CARTESIAN_POINT('',(0.761623428957802,3.45584916243498,1.6));
#10631=CARTESIAN_POINT('',(0.761623428957802,3.45584916243498,1.55));
#10632=CARTESIAN_POINT('Ctrl Pts',(0.749177428957802,3.50326249576831,1.55));
#10633=CARTESIAN_POINT('Ctrl Pts',(0.749177428957802,3.50326249576831,1.6));
#10634=CARTESIAN_POINT('Ctrl Pts',(0.757030262291136,3.48681599576831,1.55));
#10635=CARTESIAN_POINT('Ctrl Pts',(0.757030262291136,3.48681599576831,1.6));
#10636=CARTESIAN_POINT('Ctrl Pts',(0.760289928957802,3.47422182910164,1.55));
#10637=CARTESIAN_POINT('Ctrl Pts',(0.760289928957802,3.47422182910164,1.6));
#10638=CARTESIAN_POINT('Ctrl Pts',(0.761623428957802,3.45584916243498,1.55));
#10639=CARTESIAN_POINT('Ctrl Pts',(0.761623428957802,3.45584916243498,1.6));
#10640=CARTESIAN_POINT('',(0.749177428957802,3.50326249576831,1.55));
#10641=CARTESIAN_POINT('Ctrl Pts',(0.761623428957802,3.45584916243498,1.55));
#10642=CARTESIAN_POINT('Ctrl Pts',(0.760289928957802,3.47422182910164,1.55));
#10643=CARTESIAN_POINT('Ctrl Pts',(0.757030262291136,3.48681599576831,1.55));
#10644=CARTESIAN_POINT('Ctrl Pts',(0.749177428957802,3.50326249576831,1.55));
#10645=CARTESIAN_POINT('',(0.749177428957802,3.50326249576831,1.6));
#10646=CARTESIAN_POINT('Ctrl Pts',(0.749177428957802,3.50326249576831,1.6));
#10647=CARTESIAN_POINT('Ctrl Pts',(0.757030262291136,3.48681599576831,1.6));
#10648=CARTESIAN_POINT('Ctrl Pts',(0.760289928957802,3.47422182910164,1.6));
#10649=CARTESIAN_POINT('Ctrl Pts',(0.761623428957802,3.45584916243498,1.6));
#10650=CARTESIAN_POINT('',(0.749177428957802,3.50326249576831,1.55));
#10651=CARTESIAN_POINT('Ctrl Pts',(0.730360262291136,3.52919166243498,1.55));
#10652=CARTESIAN_POINT('Ctrl Pts',(0.730360262291136,3.52919166243498,1.6));
#10653=CARTESIAN_POINT('Ctrl Pts',(0.740435595624469,3.51926449576831,1.55));
#10654=CARTESIAN_POINT('Ctrl Pts',(0.740435595624469,3.51926449576831,1.6));
#10655=CARTESIAN_POINT('Ctrl Pts',(0.743547095624469,3.51511582910164,1.55));
#10656=CARTESIAN_POINT('Ctrl Pts',(0.743547095624469,3.51511582910164,1.6));
#10657=CARTESIAN_POINT('Ctrl Pts',(0.749177428957802,3.50326249576831,1.55));
#10658=CARTESIAN_POINT('Ctrl Pts',(0.749177428957802,3.50326249576831,1.6));
#10659=CARTESIAN_POINT('',(0.730360262291136,3.52919166243498,1.55));
#10660=CARTESIAN_POINT('Ctrl Pts',(0.749177428957802,3.50326249576831,1.55));
#10661=CARTESIAN_POINT('Ctrl Pts',(0.743547095624469,3.51511582910164,1.55));
#10662=CARTESIAN_POINT('Ctrl Pts',(0.740435595624469,3.51926449576831,1.55));
#10663=CARTESIAN_POINT('Ctrl Pts',(0.730360262291136,3.52919166243498,1.55));
#10664=CARTESIAN_POINT('',(0.730360262291136,3.52919166243498,1.6));
#10665=CARTESIAN_POINT('Ctrl Pts',(0.730360262291136,3.52919166243498,1.6));
#10666=CARTESIAN_POINT('Ctrl Pts',(0.740435595624469,3.51926449576831,1.6));
#10667=CARTESIAN_POINT('Ctrl Pts',(0.743547095624469,3.51511582910164,1.6));
#10668=CARTESIAN_POINT('Ctrl Pts',(0.749177428957802,3.50326249576831,1.6));
#10669=CARTESIAN_POINT('',(0.730360262291136,3.52919166243498,1.55));
#10670=CARTESIAN_POINT('Ctrl Pts',(0.685613928957802,3.55512082910164,1.55));
#10671=CARTESIAN_POINT('Ctrl Pts',(0.685613928957802,3.55512082910164,1.6));
#10672=CARTESIAN_POINT('Ctrl Pts',(0.703393928957802,3.55067582910164,1.55));
#10673=CARTESIAN_POINT('Ctrl Pts',(0.703393928957802,3.55067582910164,1.6));
#10674=CARTESIAN_POINT('Ctrl Pts',(0.716580762291136,3.54297116243498,1.55));
#10675=CARTESIAN_POINT('Ctrl Pts',(0.716580762291136,3.54297116243498,1.6));
#10676=CARTESIAN_POINT('Ctrl Pts',(0.730360262291136,3.52919166243498,1.55));
#10677=CARTESIAN_POINT('Ctrl Pts',(0.730360262291136,3.52919166243498,1.6));
#10678=CARTESIAN_POINT('',(0.685613928957802,3.55512082910164,1.55));
#10679=CARTESIAN_POINT('Ctrl Pts',(0.730360262291136,3.52919166243498,1.55));
#10680=CARTESIAN_POINT('Ctrl Pts',(0.716580762291136,3.54297116243498,1.55));
#10681=CARTESIAN_POINT('Ctrl Pts',(0.703393928957802,3.55067582910164,1.55));
#10682=CARTESIAN_POINT('Ctrl Pts',(0.685613928957802,3.55512082910164,1.55));
#10683=CARTESIAN_POINT('',(0.685613928957802,3.55512082910164,1.6));
#10684=CARTESIAN_POINT('Ctrl Pts',(0.685613928957802,3.55512082910164,1.6));
#10685=CARTESIAN_POINT('Ctrl Pts',(0.703393928957802,3.55067582910164,1.6));
#10686=CARTESIAN_POINT('Ctrl Pts',(0.716580762291136,3.54297116243498,1.6));
#10687=CARTESIAN_POINT('Ctrl Pts',(0.730360262291136,3.52919166243498,1.6));
#10688=CARTESIAN_POINT('',(0.685613928957802,3.55512082910164,1.55));
#10689=CARTESIAN_POINT('Ctrl Pts',(0.635385428957802,3.55571349576831,1.55));
#10690=CARTESIAN_POINT('Ctrl Pts',(0.635385428957802,3.55571349576831,1.6));
#10691=CARTESIAN_POINT('Ctrl Pts',(0.648720428957802,3.55897316243498,1.55));
#10692=CARTESIAN_POINT('Ctrl Pts',(0.648720428957802,3.55897316243498,1.6));
#10693=CARTESIAN_POINT('Ctrl Pts',(0.671834428957803,3.55867682910164,1.55));
#10694=CARTESIAN_POINT('Ctrl Pts',(0.671834428957803,3.55867682910164,1.6));
#10695=CARTESIAN_POINT('Ctrl Pts',(0.685613928957802,3.55512082910164,1.55));
#10696=CARTESIAN_POINT('Ctrl Pts',(0.685613928957802,3.55512082910164,1.6));
#10697=CARTESIAN_POINT('',(0.635385428957802,3.55571349576831,1.55));
#10698=CARTESIAN_POINT('Ctrl Pts',(0.685613928957802,3.55512082910164,1.55));
#10699=CARTESIAN_POINT('Ctrl Pts',(0.671834428957803,3.55867682910164,1.55));
#10700=CARTESIAN_POINT('Ctrl Pts',(0.648720428957802,3.55897316243498,1.55));
#10701=CARTESIAN_POINT('Ctrl Pts',(0.635385428957802,3.55571349576831,1.55));
#10702=CARTESIAN_POINT('',(0.635385428957802,3.55571349576831,1.6));
#10703=CARTESIAN_POINT('Ctrl Pts',(0.635385428957802,3.55571349576831,1.6));
#10704=CARTESIAN_POINT('Ctrl Pts',(0.648720428957802,3.55897316243498,1.6));
#10705=CARTESIAN_POINT('Ctrl Pts',(0.671834428957803,3.55867682910164,1.6));
#10706=CARTESIAN_POINT('Ctrl Pts',(0.685613928957802,3.55512082910164,1.6));
#10707=CARTESIAN_POINT('',(0.635385428957802,3.55571349576831,1.55));
#10708=CARTESIAN_POINT('Ctrl Pts',(0.564858095624469,3.49214999576831,1.55));
#10709=CARTESIAN_POINT('Ctrl Pts',(0.564858095624469,3.49214999576831,1.6));
#10710=CARTESIAN_POINT('Ctrl Pts',(0.577007762291136,3.52356132910164,1.55));
#10711=CARTESIAN_POINT('Ctrl Pts',(0.577007762291136,3.52356132910164,1.6));
#10712=CARTESIAN_POINT('Ctrl Pts',(0.604418595624469,3.54830516243498,1.55));
#10713=CARTESIAN_POINT('Ctrl Pts',(0.604418595624469,3.54830516243498,1.6));
#10714=CARTESIAN_POINT('Ctrl Pts',(0.635385428957802,3.55571349576831,1.55));
#10715=CARTESIAN_POINT('Ctrl Pts',(0.635385428957802,3.55571349576831,1.6));
#10716=CARTESIAN_POINT('Ctrl Pts',(0.635385428957802,3.55571349576831,1.55));
#10717=CARTESIAN_POINT('Ctrl Pts',(0.604418595624469,3.54830516243498,1.55));
#10718=CARTESIAN_POINT('Ctrl Pts',(0.577007762291136,3.52356132910164,1.55));
#10719=CARTESIAN_POINT('Ctrl Pts',(0.564858095624469,3.49214999576831,1.55));
#10720=CARTESIAN_POINT('Ctrl Pts',(0.564858095624469,3.49214999576831,1.6));
#10721=CARTESIAN_POINT('Ctrl Pts',(0.577007762291136,3.52356132910164,1.6));
#10722=CARTESIAN_POINT('Ctrl Pts',(0.604418595624469,3.54830516243498,1.6));
#10723=CARTESIAN_POINT('Ctrl Pts',(0.635385428957802,3.55571349576831,1.6));
#10724=CARTESIAN_POINT('Ctrl Pts',(0.790515928957802,3.66254166243498,1.55));
#10725=CARTESIAN_POINT('Ctrl Pts',(0.790515928957802,3.66254166243498,1.6));
#10726=CARTESIAN_POINT('Ctrl Pts',(0.757030262291136,3.67617299576831,1.55));
#10727=CARTESIAN_POINT('Ctrl Pts',(0.757030262291136,3.67617299576831,1.6));
#10728=CARTESIAN_POINT('Ctrl Pts',(0.718803262291136,3.68447032910164,1.55));
#10729=CARTESIAN_POINT('Ctrl Pts',(0.718803262291136,3.68447032910164,1.6));
#10730=CARTESIAN_POINT('Ctrl Pts',(0.677316595624469,3.68698916243498,1.55));
#10731=CARTESIAN_POINT('Ctrl Pts',(0.677316595624469,3.68698916243498,1.6));
#10732=CARTESIAN_POINT('',(0.677316595624469,3.68698916243498,1.6));
#10733=CARTESIAN_POINT('',(0.677316595624469,3.68698916243498,1.55));
#10734=CARTESIAN_POINT('',(0.790515928957802,3.66254166243498,1.6));
#10735=CARTESIAN_POINT('Ctrl Pts',(0.790515928957802,3.66254166243498,1.6));
#10736=CARTESIAN_POINT('Ctrl Pts',(0.757030262291136,3.67617299576831,1.6));
#10737=CARTESIAN_POINT('Ctrl Pts',(0.718803262291136,3.68447032910164,1.6));
#10738=CARTESIAN_POINT('Ctrl Pts',(0.677316595624469,3.68698916243498,1.6));
#10739=CARTESIAN_POINT('',(0.790515928957802,3.66254166243498,1.55));
#10740=CARTESIAN_POINT('Ctrl Pts',(0.958092428957802,3.49140916243498,1.55));
#10741=CARTESIAN_POINT('Ctrl Pts',(0.958092428957802,3.49140916243498,1.6));
#10742=CARTESIAN_POINT('Ctrl Pts',(0.925051262291136,3.57230816243498,1.55));
#10743=CARTESIAN_POINT('Ctrl Pts',(0.925051262291136,3.57230816243498,1.6));
#10744=CARTESIAN_POINT('Ctrl Pts',(0.867414428957802,3.63113032910164,1.55));
#10745=CARTESIAN_POINT('Ctrl Pts',(0.867414428957802,3.63113032910164,1.6));
#10746=CARTESIAN_POINT('Ctrl Pts',(0.790515928957802,3.66254166243498,1.55));
#10747=CARTESIAN_POINT('Ctrl Pts',(0.790515928957802,3.66254166243498,1.6));
#10748=CARTESIAN_POINT('',(0.958092428957802,3.49140916243498,1.6));
#10749=CARTESIAN_POINT('Ctrl Pts',(0.958092428957802,3.49140916243498,1.6));
#10750=CARTESIAN_POINT('Ctrl Pts',(0.925051262291136,3.57230816243498,1.6));
#10751=CARTESIAN_POINT('Ctrl Pts',(0.867414428957802,3.63113032910164,1.6));
#10752=CARTESIAN_POINT('Ctrl Pts',(0.790515928957802,3.66254166243498,1.6));
#10753=CARTESIAN_POINT('',(0.958092428957802,3.49140916243498,1.55));
#10754=CARTESIAN_POINT('Ctrl Pts',(0.987281262291136,3.33776032910164,1.55));
#10755=CARTESIAN_POINT('Ctrl Pts',(0.987281262291136,3.33776032910164,1.6));
#10756=CARTESIAN_POINT('Ctrl Pts',(0.987281262291136,3.38872966243498,1.55));
#10757=CARTESIAN_POINT('Ctrl Pts',(0.987281262291136,3.38872966243498,1.6));
#10758=CARTESIAN_POINT('Ctrl Pts',(0.976168762291136,3.44725549576831,1.55));
#10759=CARTESIAN_POINT('Ctrl Pts',(0.976168762291136,3.44725549576831,1.6));
#10760=CARTESIAN_POINT('Ctrl Pts',(0.958092428957802,3.49140916243498,1.55));
#10761=CARTESIAN_POINT('Ctrl Pts',(0.958092428957802,3.49140916243498,1.6));
#10762=CARTESIAN_POINT('',(0.987281262291136,3.33776032910164,1.6));
#10763=CARTESIAN_POINT('Ctrl Pts',(0.987281262291136,3.33776032910164,1.6));
#10764=CARTESIAN_POINT('Ctrl Pts',(0.987281262291136,3.38872966243498,1.6));
#10765=CARTESIAN_POINT('Ctrl Pts',(0.976168762291136,3.44725549576831,1.6));
#10766=CARTESIAN_POINT('Ctrl Pts',(0.958092428957802,3.49140916243498,1.6));
#10767=CARTESIAN_POINT('',(0.987281262291136,3.33776032910164,1.55));
#10768=CARTESIAN_POINT('Origin',(0.987281262291135,3.32249916243498,1.55));
#10769=CARTESIAN_POINT('',(0.987281262291135,3.32249916243498,1.6));
#10770=CARTESIAN_POINT('',(0.987281262291135,3.32249916243498,1.6));
#10771=CARTESIAN_POINT('',(0.987281262291135,3.32249916243498,1.55));
#10772=CARTESIAN_POINT('Origin',(0.555819928957803,3.32249916243498,1.55));
#10773=CARTESIAN_POINT('',(0.555819928957803,3.32249916243498,1.6));
#10774=CARTESIAN_POINT('',(0.555819928957803,3.32249916243498,1.6));
#10775=CARTESIAN_POINT('',(0.555819928957803,3.32249916243498,1.55));
#10776=CARTESIAN_POINT('Origin',(0.556857095624469,3.31257199576831,1.55));
#10777=CARTESIAN_POINT('',(0.556857095624469,3.31257199576831,1.6));
#10778=CARTESIAN_POINT('',(0.556857095624469,3.31257199576831,1.6));
#10779=CARTESIAN_POINT('',(0.556857095624469,3.31257199576831,1.55));
#10780=CARTESIAN_POINT('Ctrl Pts',(0.593157928957802,3.23611799576831,1.55));
#10781=CARTESIAN_POINT('Ctrl Pts',(0.593157928957802,3.23611799576831,1.6));
#10782=CARTESIAN_POINT('Ctrl Pts',(0.571821928957802,3.25582416243498,1.55));
#10783=CARTESIAN_POINT('Ctrl Pts',(0.571821928957802,3.25582416243498,1.6));
#10784=CARTESIAN_POINT('Ctrl Pts',(0.560116762291136,3.28056799576831,1.55));
#10785=CARTESIAN_POINT('Ctrl Pts',(0.560116762291136,3.28056799576831,1.6));
#10786=CARTESIAN_POINT('Ctrl Pts',(0.556857095624469,3.31257199576831,1.55));
#10787=CARTESIAN_POINT('Ctrl Pts',(0.556857095624469,3.31257199576831,1.6));
#10788=CARTESIAN_POINT('',(0.593157928957802,3.23611799576831,1.6));
#10789=CARTESIAN_POINT('Ctrl Pts',(0.593157928957802,3.23611799576831,1.6));
#10790=CARTESIAN_POINT('Ctrl Pts',(0.571821928957802,3.25582416243498,1.6));
#10791=CARTESIAN_POINT('Ctrl Pts',(0.560116762291136,3.28056799576831,1.6));
#10792=CARTESIAN_POINT('Ctrl Pts',(0.556857095624469,3.31257199576831,1.6));
#10793=CARTESIAN_POINT('',(0.593157928957802,3.23611799576831,1.55));
#10794=CARTESIAN_POINT('Ctrl Pts',(0.637607928957802,3.21107782910164,1.55));
#10795=CARTESIAN_POINT('Ctrl Pts',(0.637607928957802,3.21107782910164,1.6));
#10796=CARTESIAN_POINT('Ctrl Pts',(0.620716928957802,3.21641182910164,1.55));
#10797=CARTESIAN_POINT('Ctrl Pts',(0.620716928957802,3.21641182910164,1.6));
#10798=CARTESIAN_POINT('Ctrl Pts',(0.604714928957802,3.22544999576831,1.55));
#10799=CARTESIAN_POINT('Ctrl Pts',(0.604714928957802,3.22544999576831,1.6));
#10800=CARTESIAN_POINT('Ctrl Pts',(0.593157928957802,3.23611799576831,1.55));
#10801=CARTESIAN_POINT('Ctrl Pts',(0.593157928957802,3.23611799576831,1.6));
#10802=CARTESIAN_POINT('',(0.637607928957802,3.21107782910164,1.6));
#10803=CARTESIAN_POINT('Ctrl Pts',(0.637607928957802,3.21107782910164,1.6));
#10804=CARTESIAN_POINT('Ctrl Pts',(0.620716928957802,3.21641182910164,1.6));
#10805=CARTESIAN_POINT('Ctrl Pts',(0.604714928957802,3.22544999576831,1.6));
#10806=CARTESIAN_POINT('Ctrl Pts',(0.593157928957802,3.23611799576831,1.6));
#10807=CARTESIAN_POINT('',(0.637607928957802,3.21107782910164,1.55));
#10808=CARTESIAN_POINT('Ctrl Pts',(0.668722928957802,3.20766999576831,1.55));
#10809=CARTESIAN_POINT('Ctrl Pts',(0.668722928957802,3.20766999576831,1.6));
#10810=CARTESIAN_POINT('Ctrl Pts',(0.651831928957802,3.20766999576831,1.55));
#10811=CARTESIAN_POINT('Ctrl Pts',(0.651831928957802,3.20766999576831,1.6));
#10812=CARTESIAN_POINT('Ctrl Pts',(0.647090595624469,3.20826266243498,1.55));
#10813=CARTESIAN_POINT('Ctrl Pts',(0.647090595624469,3.20826266243498,1.6));
#10814=CARTESIAN_POINT('Ctrl Pts',(0.637607928957802,3.21107782910164,1.55));
#10815=CARTESIAN_POINT('Ctrl Pts',(0.637607928957802,3.21107782910164,1.6));
#10816=CARTESIAN_POINT('',(0.668722928957802,3.20766999576831,1.6));
#10817=CARTESIAN_POINT('Ctrl Pts',(0.668722928957802,3.20766999576831,1.6));
#10818=CARTESIAN_POINT('Ctrl Pts',(0.651831928957802,3.20766999576831,1.6));
#10819=CARTESIAN_POINT('Ctrl Pts',(0.647090595624469,3.20826266243498,1.6));
#10820=CARTESIAN_POINT('Ctrl Pts',(0.637607928957802,3.21107782910164,1.6));
#10821=CARTESIAN_POINT('',(0.668722928957802,3.20766999576831,1.55));
#10822=CARTESIAN_POINT('Ctrl Pts',(0.700430595624469,3.21181866243498,1.55));
#10823=CARTESIAN_POINT('Ctrl Pts',(0.700430595624469,3.21181866243498,1.6));
#10824=CARTESIAN_POINT('Ctrl Pts',(0.689910762291136,3.20826266243498,1.55));
#10825=CARTESIAN_POINT('Ctrl Pts',(0.689910762291136,3.20826266243498,1.6));
#10826=CARTESIAN_POINT('Ctrl Pts',(0.686651095624469,3.20781816243498,1.55));
#10827=CARTESIAN_POINT('Ctrl Pts',(0.686651095624469,3.20781816243498,1.6));
#10828=CARTESIAN_POINT('Ctrl Pts',(0.668722928957802,3.20766999576831,1.55));
#10829=CARTESIAN_POINT('Ctrl Pts',(0.668722928957802,3.20766999576831,1.6));
#10830=CARTESIAN_POINT('',(0.700430595624469,3.21181866243498,1.6));
#10831=CARTESIAN_POINT('Ctrl Pts',(0.700430595624469,3.21181866243498,1.6));
#10832=CARTESIAN_POINT('Ctrl Pts',(0.689910762291136,3.20826266243498,1.6));
#10833=CARTESIAN_POINT('Ctrl Pts',(0.686651095624469,3.20781816243498,1.6));
#10834=CARTESIAN_POINT('Ctrl Pts',(0.668722928957802,3.20766999576831,1.6));
#10835=CARTESIAN_POINT('',(0.700430595624469,3.21181866243498,1.55));
#10836=CARTESIAN_POINT('Ctrl Pts',(0.718655095624469,3.21981966243498,1.55));
#10837=CARTESIAN_POINT('Ctrl Pts',(0.718655095624469,3.21981966243498,1.6));
#10838=CARTESIAN_POINT('Ctrl Pts',(0.715099095624469,3.21759716243498,1.55));
#10839=CARTESIAN_POINT('Ctrl Pts',(0.715099095624469,3.21759716243498,1.6));
#10840=CARTESIAN_POINT('Ctrl Pts',(0.706801762291135,3.21404116243498,1.55));
#10841=CARTESIAN_POINT('Ctrl Pts',(0.706801762291135,3.21404116243498,1.6));
#10842=CARTESIAN_POINT('Ctrl Pts',(0.700430595624469,3.21181866243498,1.55));
#10843=CARTESIAN_POINT('Ctrl Pts',(0.700430595624469,3.21181866243498,1.6));
#10844=CARTESIAN_POINT('',(0.718655095624469,3.21981966243498,1.6));
#10845=CARTESIAN_POINT('Ctrl Pts',(0.718655095624469,3.21981966243498,1.6));
#10846=CARTESIAN_POINT('Ctrl Pts',(0.715099095624469,3.21759716243498,1.6));
#10847=CARTESIAN_POINT('Ctrl Pts',(0.706801762291135,3.21404116243498,1.6));
#10848=CARTESIAN_POINT('Ctrl Pts',(0.700430595624469,3.21181866243498,1.6));
#10849=CARTESIAN_POINT('',(0.718655095624469,3.21981966243498,1.55));
#10850=CARTESIAN_POINT('Ctrl Pts',(0.747399428957802,3.24782316243498,1.55));
#10851=CARTESIAN_POINT('Ctrl Pts',(0.747399428957802,3.24782316243498,1.6));
#10852=CARTESIAN_POINT('Ctrl Pts',(0.740731928957802,3.23730332910164,1.55));
#10853=CARTESIAN_POINT('Ctrl Pts',(0.740731928957802,3.23730332910164,1.6));
#10854=CARTESIAN_POINT('Ctrl Pts',(0.728730428957802,3.22559816243498,1.55));
#10855=CARTESIAN_POINT('Ctrl Pts',(0.728730428957802,3.22559816243498,1.6));
#10856=CARTESIAN_POINT('Ctrl Pts',(0.718655095624469,3.21981966243498,1.55));
#10857=CARTESIAN_POINT('Ctrl Pts',(0.718655095624469,3.21981966243498,1.6));
#10858=CARTESIAN_POINT('',(0.747399428957802,3.24782316243498,1.6));
#10859=CARTESIAN_POINT('Ctrl Pts',(0.747399428957802,3.24782316243498,1.6));
#10860=CARTESIAN_POINT('Ctrl Pts',(0.740731928957802,3.23730332910164,1.6));
#10861=CARTESIAN_POINT('Ctrl Pts',(0.728730428957802,3.22559816243498,1.6));
#10862=CARTESIAN_POINT('Ctrl Pts',(0.718655095624469,3.21981966243498,1.6));
#10863=CARTESIAN_POINT('',(0.747399428957802,3.24782316243498,1.55));
#10864=CARTESIAN_POINT('Origin',(0.753622428957802,3.25730582910164,1.55));
#10865=CARTESIAN_POINT('',(0.753622428957802,3.25730582910164,1.6));
#10866=CARTESIAN_POINT('',(0.753622428957802,3.25730582910164,1.6));
#10867=CARTESIAN_POINT('',(0.753622428957802,3.25730582910164,1.55));
#10868=CARTESIAN_POINT('Origin',(0.860746928957802,3.25730582910164,1.55));
#10869=CARTESIAN_POINT('',(0.860746928957802,3.25730582910164,1.6));
#10870=CARTESIAN_POINT('',(0.860746928957802,3.25730582910164,1.6));
#10871=CARTESIAN_POINT('',(0.860746928957802,3.25730582910164,1.55));
#10872=CARTESIAN_POINT('Ctrl Pts',(0.968019595624469,3.25567599576831,1.55));
#10873=CARTESIAN_POINT('Ctrl Pts',(0.968019595624469,3.25567599576831,1.6));
#10874=CARTESIAN_POINT('Ctrl Pts',(0.968019595624469,3.25686132910164,1.55));
#10875=CARTESIAN_POINT('Ctrl Pts',(0.968019595624469,3.25686132910164,1.6));
#10876=CARTESIAN_POINT('Ctrl Pts',(0.939571595624469,3.25730582910164,1.55));
#10877=CARTESIAN_POINT('Ctrl Pts',(0.939571595624469,3.25730582910164,1.6));
#10878=CARTESIAN_POINT('Ctrl Pts',(0.860746928957802,3.25730582910164,1.55));
#10879=CARTESIAN_POINT('Ctrl Pts',(0.860746928957802,3.25730582910164,1.6));
#10880=CARTESIAN_POINT('',(0.968019595624469,3.25567599576831,1.6));
#10881=CARTESIAN_POINT('Ctrl Pts',(0.968019595624469,3.25567599576831,1.6));
#10882=CARTESIAN_POINT('Ctrl Pts',(0.968019595624469,3.25686132910164,1.6));
#10883=CARTESIAN_POINT('Ctrl Pts',(0.939571595624469,3.25730582910164,1.6));
#10884=CARTESIAN_POINT('Ctrl Pts',(0.860746928957802,3.25730582910164,1.6));
#10885=CARTESIAN_POINT('',(0.968019595624469,3.25567599576831,1.55));
#10886=CARTESIAN_POINT('Ctrl Pts',(0.951128595624469,3.21122599576831,1.55));
#10887=CARTESIAN_POINT('Ctrl Pts',(0.951128595624469,3.21122599576831,1.6));
#10888=CARTESIAN_POINT('Ctrl Pts',(0.958092428957802,3.22544999576831,1.55));
#10889=CARTESIAN_POINT('Ctrl Pts',(0.958092428957802,3.22544999576831,1.6));
#10890=CARTESIAN_POINT('Ctrl Pts',(0.968019595624469,3.25137916243498,1.55));
#10891=CARTESIAN_POINT('Ctrl Pts',(0.968019595624469,3.25137916243498,1.6));
#10892=CARTESIAN_POINT('Ctrl Pts',(0.968019595624469,3.25567599576831,1.55));
#10893=CARTESIAN_POINT('Ctrl Pts',(0.968019595624469,3.25567599576831,1.6));
#10894=CARTESIAN_POINT('',(0.951128595624469,3.21122599576831,1.6));
#10895=CARTESIAN_POINT('Ctrl Pts',(0.951128595624469,3.21122599576831,1.6));
#10896=CARTESIAN_POINT('Ctrl Pts',(0.958092428957802,3.22544999576831,1.6));
#10897=CARTESIAN_POINT('Ctrl Pts',(0.968019595624469,3.25137916243498,1.6));
#10898=CARTESIAN_POINT('Ctrl Pts',(0.968019595624469,3.25567599576831,1.6));
#10899=CARTESIAN_POINT('',(0.951128595624469,3.21122599576831,1.55));
#10900=CARTESIAN_POINT('Ctrl Pts',(0.715395428957802,3.06676349576831,1.55));
#10901=CARTESIAN_POINT('Ctrl Pts',(0.715395428957802,3.06676349576831,1.6));
#10902=CARTESIAN_POINT('Ctrl Pts',(0.831706262291136,3.08202466243498,1.55));
#10903=CARTESIAN_POINT('Ctrl Pts',(0.831706262291136,3.08202466243498,1.6));
#10904=CARTESIAN_POINT('Ctrl Pts',(0.911123595624469,3.13077149576831,1.55));
#10905=CARTESIAN_POINT('Ctrl Pts',(0.911123595624469,3.13077149576831,1.6));
#10906=CARTESIAN_POINT('Ctrl Pts',(0.951128595624469,3.21122599576831,1.55));
#10907=CARTESIAN_POINT('Ctrl Pts',(0.951128595624469,3.21122599576831,1.6));
#10908=CARTESIAN_POINT('',(0.715395428957802,3.06676349576831,1.6));
#10909=CARTESIAN_POINT('Ctrl Pts',(0.715395428957802,3.06676349576831,1.6));
#10910=CARTESIAN_POINT('Ctrl Pts',(0.831706262291136,3.08202466243498,1.6));
#10911=CARTESIAN_POINT('Ctrl Pts',(0.911123595624469,3.13077149576831,1.6));
#10912=CARTESIAN_POINT('Ctrl Pts',(0.951128595624469,3.21122599576831,1.6));
#10913=CARTESIAN_POINT('',(0.715395428957802,3.06676349576831,1.55));
#10914=CARTESIAN_POINT('Ctrl Pts',(0.599084595624469,3.06661532910164,1.55));
#10915=CARTESIAN_POINT('Ctrl Pts',(0.599084595624469,3.06661532910164,1.6));
#10916=CARTESIAN_POINT('Ctrl Pts',(0.624569262291136,3.06305932910164,1.55));
#10917=CARTESIAN_POINT('Ctrl Pts',(0.624569262291136,3.06305932910164,1.6));
#10918=CARTESIAN_POINT('Ctrl Pts',(0.687984595624469,3.06305932910164,1.55));
#10919=CARTESIAN_POINT('Ctrl Pts',(0.687984595624469,3.06305932910164,1.6));
#10920=CARTESIAN_POINT('Ctrl Pts',(0.715395428957802,3.06676349576831,1.55));
#10921=CARTESIAN_POINT('Ctrl Pts',(0.715395428957802,3.06676349576831,1.6));
#10922=CARTESIAN_POINT('',(0.599084595624469,3.06661532910164,1.6));
#10923=CARTESIAN_POINT('Ctrl Pts',(0.599084595624469,3.06661532910164,1.6));
#10924=CARTESIAN_POINT('Ctrl Pts',(0.624569262291136,3.06305932910164,1.6));
#10925=CARTESIAN_POINT('Ctrl Pts',(0.687984595624469,3.06305932910164,1.6));
#10926=CARTESIAN_POINT('Ctrl Pts',(0.715395428957802,3.06676349576831,1.6));
#10927=CARTESIAN_POINT('',(0.599084595624469,3.06661532910164,1.55));
#10928=CARTESIAN_POINT('Ctrl Pts',(0.419506595624469,3.14751432910164,1.55));
#10929=CARTESIAN_POINT('Ctrl Pts',(0.419506595624469,3.14751432910164,1.6));
#10930=CARTESIAN_POINT('Ctrl Pts',(0.465586428957802,3.10365699576831,1.55));
#10931=CARTESIAN_POINT('Ctrl Pts',(0.465586428957802,3.10365699576831,1.6));
#10932=CARTESIAN_POINT('Ctrl Pts',(0.524704928957803,3.07713516243498,1.55));
#10933=CARTESIAN_POINT('Ctrl Pts',(0.524704928957803,3.07713516243498,1.6));
#10934=CARTESIAN_POINT('Ctrl Pts',(0.599084595624469,3.06661532910164,1.55));
#10935=CARTESIAN_POINT('Ctrl Pts',(0.599084595624469,3.06661532910164,1.6));
#10936=CARTESIAN_POINT('',(0.419506595624469,3.14751432910164,1.6));
#10937=CARTESIAN_POINT('Ctrl Pts',(0.419506595624469,3.14751432910164,1.6));
#10938=CARTESIAN_POINT('Ctrl Pts',(0.465586428957802,3.10365699576831,1.6));
#10939=CARTESIAN_POINT('Ctrl Pts',(0.524704928957803,3.07713516243498,1.6));
#10940=CARTESIAN_POINT('Ctrl Pts',(0.599084595624469,3.06661532910164,1.6));
#10941=CARTESIAN_POINT('',(0.419506595624469,3.14751432910164,1.55));
#10942=CARTESIAN_POINT('Ctrl Pts',(0.332384595624469,3.36976432910164,1.55));
#10943=CARTESIAN_POINT('Ctrl Pts',(0.332384595624469,3.36976432910164,1.6));
#10944=CARTESIAN_POINT('Ctrl Pts',(0.332384595624469,3.27656749576831,1.55));
#10945=CARTESIAN_POINT('Ctrl Pts',(0.332384595624469,3.27656749576831,1.6));
#10946=CARTESIAN_POINT('Ctrl Pts',(0.361277095624469,3.20278049576831,1.55));
#10947=CARTESIAN_POINT('Ctrl Pts',(0.361277095624469,3.20278049576831,1.6));
#10948=CARTESIAN_POINT('Ctrl Pts',(0.419506595624469,3.14751432910164,1.55));
#10949=CARTESIAN_POINT('Ctrl Pts',(0.419506595624469,3.14751432910164,1.6));
#10950=CARTESIAN_POINT('',(0.332384595624469,3.36976432910164,1.6));
#10951=CARTESIAN_POINT('Ctrl Pts',(0.332384595624469,3.36976432910164,1.6));
#10952=CARTESIAN_POINT('Ctrl Pts',(0.332384595624469,3.27656749576831,1.6));
#10953=CARTESIAN_POINT('Ctrl Pts',(0.361277095624469,3.20278049576831,1.6));
#10954=CARTESIAN_POINT('Ctrl Pts',(0.419506595624469,3.14751432910164,1.6));
#10955=CARTESIAN_POINT('',(0.332384595624469,3.36976432910164,1.55));
#10956=CARTESIAN_POINT('Ctrl Pts',(0.350460928957802,3.48518616243498,1.55));
#10957=CARTESIAN_POINT('Ctrl Pts',(0.350460928957802,3.48518616243498,1.6));
#10958=CARTESIAN_POINT('Ctrl Pts',(0.337570428957802,3.44784816243498,1.55));
#10959=CARTESIAN_POINT('Ctrl Pts',(0.337570428957802,3.44784816243498,1.6));
#10960=CARTESIAN_POINT('Ctrl Pts',(0.332236428957802,3.41421432910164,1.55));
#10961=CARTESIAN_POINT('Ctrl Pts',(0.332236428957802,3.41421432910164,1.6));
#10962=CARTESIAN_POINT('Ctrl Pts',(0.332384595624469,3.36976432910164,1.55));
#10963=CARTESIAN_POINT('Ctrl Pts',(0.332384595624469,3.36976432910164,1.6));
#10964=CARTESIAN_POINT('',(0.350460928957802,3.48518616243498,1.6));
#10965=CARTESIAN_POINT('Ctrl Pts',(0.350460928957802,3.48518616243498,1.6));
#10966=CARTESIAN_POINT('Ctrl Pts',(0.337570428957802,3.44784816243498,1.6));
#10967=CARTESIAN_POINT('Ctrl Pts',(0.332236428957802,3.41421432910164,1.6));
#10968=CARTESIAN_POINT('Ctrl Pts',(0.332384595624469,3.36976432910164,1.6));
#10969=CARTESIAN_POINT('',(0.350460928957802,3.48518616243498,1.55));
#10970=CARTESIAN_POINT('Ctrl Pts',(0.627236262291136,3.68698916243498,1.55));
#10971=CARTESIAN_POINT('Ctrl Pts',(0.627236262291136,3.68698916243498,1.6));
#10972=CARTESIAN_POINT('Ctrl Pts',(0.495812428957803,3.67854366243498,1.55));
#10973=CARTESIAN_POINT('Ctrl Pts',(0.495812428957803,3.67854366243498,1.6));
#10974=CARTESIAN_POINT('Ctrl Pts',(0.390465928957802,3.60179332910164,1.55));
#10975=CARTESIAN_POINT('Ctrl Pts',(0.390465928957802,3.60179332910164,1.6));
#10976=CARTESIAN_POINT('Ctrl Pts',(0.350460928957802,3.48518616243498,1.55));
#10977=CARTESIAN_POINT('Ctrl Pts',(0.350460928957802,3.48518616243498,1.6));
#10978=CARTESIAN_POINT('',(0.627236262291136,3.68698916243498,1.6));
#10979=CARTESIAN_POINT('Ctrl Pts',(0.627236262291136,3.68698916243498,1.6));
#10980=CARTESIAN_POINT('Ctrl Pts',(0.495812428957803,3.67854366243498,1.6));
#10981=CARTESIAN_POINT('Ctrl Pts',(0.390465928957802,3.60179332910164,1.6));
#10982=CARTESIAN_POINT('Ctrl Pts',(0.350460928957802,3.48518616243498,1.6));
#10983=CARTESIAN_POINT('',(0.627236262291136,3.68698916243498,1.55));
#10984=CARTESIAN_POINT('Ctrl Pts',(0.677316595624469,3.68698916243498,1.55));
#10985=CARTESIAN_POINT('Ctrl Pts',(0.677316595624469,3.68698916243498,1.6));
#10986=CARTESIAN_POINT('Ctrl Pts',(0.652572762291136,3.68847082910164,1.55));
#10987=CARTESIAN_POINT('Ctrl Pts',(0.652572762291136,3.68847082910164,1.6));
#10988=CARTESIAN_POINT('Ctrl Pts',(0.651980095624469,3.68847082910164,1.55));
#10989=CARTESIAN_POINT('Ctrl Pts',(0.651980095624469,3.68847082910164,1.6));
#10990=CARTESIAN_POINT('Ctrl Pts',(0.627236262291136,3.68698916243498,1.55));
#10991=CARTESIAN_POINT('Ctrl Pts',(0.627236262291136,3.68698916243498,1.6));
#10992=CARTESIAN_POINT('Ctrl Pts',(0.677316595624469,3.68698916243498,1.6));
#10993=CARTESIAN_POINT('Ctrl Pts',(0.652572762291136,3.68847082910164,1.6));
#10994=CARTESIAN_POINT('Ctrl Pts',(0.651980095624469,3.68847082910164,1.6));
#10995=CARTESIAN_POINT('Ctrl Pts',(0.627236262291136,3.68698916243498,1.6));
#10996=CARTESIAN_POINT('Origin',(0.659758845624469,3.37576507910164,1.6));
#10997=CARTESIAN_POINT('Origin',(0.,0.,1.55));
#10998=CARTESIAN_POINT('Origin',(0.246447928957802,3.92109249576831,1.55));
#10999=CARTESIAN_POINT('',(0.0375329289578022,3.92109249576831,1.6));
#11000=CARTESIAN_POINT('',(0.0375329289578022,3.92109249576831,1.55));
#11001=CARTESIAN_POINT('',(0.246447928957802,3.92109249576831,1.6));
#11002=CARTESIAN_POINT('',(0.246447928957802,3.92109249576831,1.6));
#11003=CARTESIAN_POINT('',(0.246447928957802,3.92109249576831,1.55));
#11004=CARTESIAN_POINT('Origin',(0.246447928957802,3.09432249576831,1.55));
#11005=CARTESIAN_POINT('',(0.246447928957802,3.09432249576831,1.6));
#11006=CARTESIAN_POINT('',(0.246447928957802,3.09432249576831,1.6));
#11007=CARTESIAN_POINT('',(0.246447928957802,3.09432249576831,1.55));
#11008=CARTESIAN_POINT('Origin',(0.0375329289578022,3.09432249576831,1.55));
#11009=CARTESIAN_POINT('',(0.0375329289578022,3.09432249576831,1.6));
#11010=CARTESIAN_POINT('',(0.0375329289578022,3.09432249576831,1.6));
#11011=CARTESIAN_POINT('',(0.0375329289578022,3.09432249576831,1.55));
#11012=CARTESIAN_POINT('Origin',(0.0375329289578022,3.92109249576831,1.55));
#11013=CARTESIAN_POINT('',(0.0375329289578022,3.92109249576831,1.6));
#11014=CARTESIAN_POINT('Origin',(0.141990428957802,3.50770749576831,1.6));
#11015=CARTESIAN_POINT('Origin',(1.58,3.15,1.25));
#11016=CARTESIAN_POINT('',(0.285,1.8,1.25));
#11017=CARTESIAN_POINT('',(-0.285,1.8,1.25));
#11018=CARTESIAN_POINT('',(1.58,1.8,1.25));
#11019=CARTESIAN_POINT('',(-0.285,1.85,1.25));
#11020=CARTESIAN_POINT('',(-0.285,3.15,1.25));
#11021=CARTESIAN_POINT('',(-0.515,1.85,1.25));
#11022=CARTESIAN_POINT('',(1.58,1.85,1.25));
#11023=CARTESIAN_POINT('',(-0.515,1.8,1.25));
#11024=CARTESIAN_POINT('',(-0.515,3.15,1.25));
#11025=CARTESIAN_POINT('',(-1.085,1.8,1.25));
#11026=CARTESIAN_POINT('',(1.58,1.8,1.25));
#11027=CARTESIAN_POINT('',(-1.085,1.85,1.25));
#11028=CARTESIAN_POINT('',(-1.085,3.15,1.25));
#11029=CARTESIAN_POINT('',(-1.315,1.85,1.25));
#11030=CARTESIAN_POINT('',(1.58,1.85,1.25));
#11031=CARTESIAN_POINT('',(-1.315,3.15,1.25));
#11032=CARTESIAN_POINT('',(-1.315,16.945,1.25));
#11033=CARTESIAN_POINT('',(-1.3,3.15,1.25));
#11034=CARTESIAN_POINT('',(1.58,3.15,1.25));
#11035=CARTESIAN_POINT('',(-1.3,1.95,1.25));
#11036=CARTESIAN_POINT('',(-1.3,3.15,1.25));
#11037=CARTESIAN_POINT('',(-1.1,1.95,1.25));
#11038=CARTESIAN_POINT('',(1.58,1.95,1.25));
#11039=CARTESIAN_POINT('',(-1.1,3.15,1.25));
#11040=CARTESIAN_POINT('',(-1.1,3.15,1.25));
#11041=CARTESIAN_POINT('',(-0.5,3.15,1.25));
#11042=CARTESIAN_POINT('',(1.58,3.15,1.25));
#11043=CARTESIAN_POINT('',(-0.5,1.95,1.25));
#11044=CARTESIAN_POINT('',(-0.5,3.15,1.25));
#11045=CARTESIAN_POINT('',(-0.3,1.95,1.25));
#11046=CARTESIAN_POINT('',(1.58,1.95,1.25));
#11047=CARTESIAN_POINT('',(-0.3,3.15,1.25));
#11048=CARTESIAN_POINT('',(-0.3,3.15,1.25));
#11049=CARTESIAN_POINT('',(0.3,3.15,1.25));
#11050=CARTESIAN_POINT('',(1.58,3.15,1.25));
#11051=CARTESIAN_POINT('',(0.3,1.95,1.25));
#11052=CARTESIAN_POINT('',(0.3,3.15,1.25));
#11053=CARTESIAN_POINT('',(0.5,1.95,1.25));
#11054=CARTESIAN_POINT('',(1.58,1.95,1.25));
#11055=CARTESIAN_POINT('',(0.5,3.15,1.25));
#11056=CARTESIAN_POINT('',(0.5,3.15,1.25));
#11057=CARTESIAN_POINT('',(1.1,3.15,1.25));
#11058=CARTESIAN_POINT('',(1.58,3.15,1.25));
#11059=CARTESIAN_POINT('',(1.1,1.95,1.25));
#11060=CARTESIAN_POINT('',(1.1,3.15,1.25));
#11061=CARTESIAN_POINT('',(1.3,1.95,1.25));
#11062=CARTESIAN_POINT('',(1.58,1.95,1.25));
#11063=CARTESIAN_POINT('',(1.3,3.15,1.25));
#11064=CARTESIAN_POINT('',(1.3,3.15,1.25));
#11065=CARTESIAN_POINT('',(1.315,3.15,1.25));
#11066=CARTESIAN_POINT('',(1.58,3.15,1.25));
#11067=CARTESIAN_POINT('',(1.315,1.85,1.25));
#11068=CARTESIAN_POINT('',(1.315,16.945,1.25));
#11069=CARTESIAN_POINT('',(1.085,1.85,1.25));
#11070=CARTESIAN_POINT('',(1.58,1.85,1.25));
#11071=CARTESIAN_POINT('',(1.085,1.8,1.25));
#11072=CARTESIAN_POINT('',(1.085,3.15,1.25));
#11073=CARTESIAN_POINT('',(0.515,1.8,1.25));
#11074=CARTESIAN_POINT('',(1.58,1.8,1.25));
#11075=CARTESIAN_POINT('',(0.515,1.85,1.25));
#11076=CARTESIAN_POINT('',(0.515,3.15,1.25));
#11077=CARTESIAN_POINT('',(0.285,1.85,1.25));
#11078=CARTESIAN_POINT('',(1.58,1.85,1.25));
#11079=CARTESIAN_POINT('',(0.285,3.15,1.25));
#11080=CARTESIAN_POINT('Origin',(1.58,1.8,1.25));
#11081=CARTESIAN_POINT('',(-0.515,1.6,1.33));
#11082=CARTESIAN_POINT('',(-0.515,1.8,1.25));
#11083=CARTESIAN_POINT('',(-1.085,1.6,1.33));
#11084=CARTESIAN_POINT('',(-2.215,1.6,1.33));
#11085=CARTESIAN_POINT('',(-1.085,1.8,1.25));
#11086=CARTESIAN_POINT('Origin',(1.58,1.8,1.25));
#11087=CARTESIAN_POINT('',(-0.285,1.6,1.33));
#11088=CARTESIAN_POINT('',(-0.285,1.8,1.25));
#11089=CARTESIAN_POINT('',(0.285000000000001,1.6,1.33));
#11090=CARTESIAN_POINT('',(0.285,1.8,1.25));
#11091=CARTESIAN_POINT('',(-2.215,1.6,1.33));
#11092=CARTESIAN_POINT('Origin',(1.58,1.8,1.25));
#11093=CARTESIAN_POINT('',(0.515,1.6,1.33));
#11094=CARTESIAN_POINT('',(0.515,1.8,1.25));
#11095=CARTESIAN_POINT('',(1.085,1.6,1.33));
#11096=CARTESIAN_POINT('',(1.085,1.8,1.25));
#11097=CARTESIAN_POINT('',(-2.215,1.6,1.33));
#11098=CARTESIAN_POINT('Origin',(2.24,1.64999999999999,0.250000000000001));
#11099=CARTESIAN_POINT('',(2.24,2.65,0.950000000000001));
#11100=CARTESIAN_POINT('',(2.24,2.65,1.2));
#11101=CARTESIAN_POINT('',(2.24,2.65,0.950000000000001));
#11102=CARTESIAN_POINT('',(2.24,2.8,0.950000000000001));
#11103=CARTESIAN_POINT('',(2.24,2.65,0.950000000000001));
#11104=CARTESIAN_POINT('',(2.24,2.8,0.45));
#11105=CARTESIAN_POINT('',(2.24,2.79999999999999,0.250000000000001));
#11106=CARTESIAN_POINT('',(2.24,2.45,0.45));
#11107=CARTESIAN_POINT('',(2.24,1.64999999999999,0.449999999999999));
#11108=CARTESIAN_POINT('',(2.24,2.45,0.250000000000001));
#11109=CARTESIAN_POINT('',(2.24,2.45,0.250000000000001));
#11110=CARTESIAN_POINT('',(2.24,1.75000000000001,0.250000000000001));
#11111=CARTESIAN_POINT('',(2.23999999999999,1.64999999999984,0.250000000000001));
#11112=CARTESIAN_POINT('',(2.24,1.75000000000001,0.45));
#11113=CARTESIAN_POINT('',(2.24,1.75000000000001,0.250000000000001));
#11114=CARTESIAN_POINT('',(2.24,1.65,0.45));
#11115=CARTESIAN_POINT('',(2.24,1.64999999999999,0.45));
#11116=CARTESIAN_POINT('',(2.24,1.64999999999999,1.2));
#11117=CARTESIAN_POINT('',(2.24,1.64999999999999,0.250000000000001));
#11118=CARTESIAN_POINT('',(2.24,1.64999999999999,1.2));
#11119=CARTESIAN_POINT('Origin',(2.74,1.65000000000001,0.150000000000001));
#11120=CARTESIAN_POINT('',(2.74,1.75000000000001,0.150000000000001));
#11121=CARTESIAN_POINT('',(2.74,2.45,0.150000000000001));
#11122=CARTESIAN_POINT('',(2.74,1.65000000000001,0.150000000000001));
#11123=CARTESIAN_POINT('',(2.74,1.75000000000001,-0.0500000000000001));
#11124=CARTESIAN_POINT('',(2.74,1.75000000000001,0.45));
#11125=CARTESIAN_POINT('',(2.74,2.45,-0.0499999999999998));
#11126=CARTESIAN_POINT('',(2.74,1.65000000000001,-0.0499999999999994));
#11127=CARTESIAN_POINT('',(2.74,2.45,-0.0499999999999998));
#11128=CARTESIAN_POINT('Origin',(2.74,1.65000000000001,-0.0499999999999994));
#11129=CARTESIAN_POINT('',(2.53999999999999,1.75000000000001,-0.0500000000000001));
#11130=CARTESIAN_POINT('',(-2.4575,1.75000000000001,-0.0500000000000001));
#11131=CARTESIAN_POINT('',(2.54,2.45,-0.0499999999999998));
#11132=CARTESIAN_POINT('',(2.54,1.65,-0.0499999999999994));
#11133=CARTESIAN_POINT('',(-2.4575,2.45,-0.0499999999999998));
#11134=CARTESIAN_POINT('Origin',(2.54,1.64999999999984,0.250000000000001));
#11135=CARTESIAN_POINT('Origin',(2.54,1.75000000000001,0.250000000000001));
#11136=CARTESIAN_POINT('Origin',(2.54,2.45,0.250000000000001));
#11137=CARTESIAN_POINT('Origin',(2.44,1.65,1.2));
#11138=CARTESIAN_POINT('',(2.44,2.65,1.2));
#11139=CARTESIAN_POINT('',(2.44,2.65,0.950000000000001));
#11140=CARTESIAN_POINT('',(2.44,2.65,1.2));
#11141=CARTESIAN_POINT('',(2.44,1.64999999999984,1.2));
#11142=CARTESIAN_POINT('',(2.44,1.64999999999984,1.2));
#11143=CARTESIAN_POINT('',(2.44,1.65,0.45));
#11144=CARTESIAN_POINT('',(2.44,1.65,1.2));
#11145=CARTESIAN_POINT('',(2.44,1.75000000000001,0.45));
#11146=CARTESIAN_POINT('',(2.44,1.65,0.45));
#11147=CARTESIAN_POINT('',(2.43999999999999,1.75000000000001,0.250000000000001));
#11148=CARTESIAN_POINT('',(2.44,1.75000000000001,1.2));
#11149=CARTESIAN_POINT('',(2.43999999999999,2.45,0.250000000000001));
#11150=CARTESIAN_POINT('',(2.44,1.65,0.250000000000001));
#11151=CARTESIAN_POINT('',(2.44,2.45,0.45));
#11152=CARTESIAN_POINT('',(2.44,2.45,1.2));
#11153=CARTESIAN_POINT('',(2.44,2.8,0.45));
#11154=CARTESIAN_POINT('',(2.44,1.65,0.449999999999999));
#11155=CARTESIAN_POINT('',(2.44,2.8,0.950000000000001));
#11156=CARTESIAN_POINT('',(2.44,2.8,1.2));
#11157=CARTESIAN_POINT('',(2.44,2.65,0.950000000000001));
#11158=CARTESIAN_POINT('Origin',(2.54,1.64999999999984,0.250000000000001));
#11159=CARTESIAN_POINT('',(2.54,1.75000000000001,0.150000000000001));
#11160=CARTESIAN_POINT('Origin',(2.54,1.75000000000001,0.250000000000001));
#11161=CARTESIAN_POINT('',(2.54,2.45,0.150000000000001));
#11162=CARTESIAN_POINT('',(2.54,1.64999999999984,0.150000000000001));
#11163=CARTESIAN_POINT('Origin',(2.54,2.45,0.250000000000001));
#11164=CARTESIAN_POINT('Origin',(2.54,1.65,0.150000000000001));
#11165=CARTESIAN_POINT('',(2.54,1.75000000000001,0.150000000000001));
#11166=CARTESIAN_POINT('',(2.54,2.45,0.150000000000001));
#11167=CARTESIAN_POINT('Origin',(2.215,2.8,1.55));
#11168=CARTESIAN_POINT('',(2.215,2.8,1.12));
#11169=CARTESIAN_POINT('',(2.215,2.8,0.3));
#11170=CARTESIAN_POINT('',(2.215,2.8,1.55));
#11171=CARTESIAN_POINT('',(2.015,2.8,0.3));
#11172=CARTESIAN_POINT('',(2.215,2.8,0.3));
#11173=CARTESIAN_POINT('',(2.015,2.8,0.200000000000001));
#11174=CARTESIAN_POINT('',(2.015,2.8,0.3));
#11175=CARTESIAN_POINT('',(1.865,2.8,0.));
#11176=CARTESIAN_POINT('',(2.015,2.8,0.200000000000001));
#11177=CARTESIAN_POINT('',(2.7,2.8,0.));
#11178=CARTESIAN_POINT('',(2.215,2.8,0.));
#11179=CARTESIAN_POINT('',(2.7,2.8,1.55));
#11180=CARTESIAN_POINT('',(1.75,2.8,1.27));
#11181=CARTESIAN_POINT('',(1.75,2.8,1.55));
#11182=CARTESIAN_POINT('',(2.065,2.8,1.27));
#11183=CARTESIAN_POINT('',(1.75,2.8,1.27));
#11184=CARTESIAN_POINT('Origin',(2.065,2.8,1.12));
#11185=CARTESIAN_POINT('',(2.44,2.8,0.950000000000001));
#11186=CARTESIAN_POINT('',(-2.4575,2.8,0.45));
#11187=CARTESIAN_POINT('Origin',(-2.24,1.65000000000001,0.250000000000001));
#11188=CARTESIAN_POINT('',(-2.24,2.65,0.950000000000001));
#11189=CARTESIAN_POINT('',(-2.24,2.8,0.950000000000001));
#11190=CARTESIAN_POINT('',(-2.24,2.65,0.950000000000001));
#11191=CARTESIAN_POINT('',(-2.24,2.65,1.2));
#11192=CARTESIAN_POINT('',(-2.24,2.65,0.950000000000001));
#11193=CARTESIAN_POINT('',(-2.24,1.65000000000001,1.2));
#11194=CARTESIAN_POINT('',(-2.24,1.65000000000001,1.2));
#11195=CARTESIAN_POINT('',(-2.24,1.65,0.45));
#11196=CARTESIAN_POINT('',(-2.24,1.65000000000001,0.250000000000001));
#11197=CARTESIAN_POINT('',(-2.24,1.75000000000001,0.45));
#11198=CARTESIAN_POINT('',(-2.24,1.65000000000001,0.45));
#11199=CARTESIAN_POINT('',(-2.24,1.75000000000001,0.250000000000001));
#11200=CARTESIAN_POINT('',(-2.24,1.75000000000001,0.250000000000001));
#11201=CARTESIAN_POINT('',(-2.24,2.45,0.250000000000001));
#11202=CARTESIAN_POINT('',(-2.23999999999999,1.65000000000016,0.250000000000001));
#11203=CARTESIAN_POINT('',(-2.24,2.45,0.45));
#11204=CARTESIAN_POINT('',(-2.24,2.45,0.250000000000001));
#11205=CARTESIAN_POINT('',(-2.24,2.8,0.45));
#11206=CARTESIAN_POINT('',(-2.24,1.65000000000001,0.449999999999999));
#11207=CARTESIAN_POINT('',(-2.24,2.80000000000001,0.250000000000001));
#11208=CARTESIAN_POINT('Origin',(-2.14,1.65000000000016,1.2));
#11209=CARTESIAN_POINT('',(-2.14,2.65,1.3));
#11210=CARTESIAN_POINT('Origin',(-2.14,2.65,1.2));
#11211=CARTESIAN_POINT('',(-2.14,1.65000000000016,1.3));
#11212=CARTESIAN_POINT('',(-2.14,1.65000000000016,1.3));
#11213=CARTESIAN_POINT('Origin',(-2.14,1.65000000000016,1.2));
#11214=CARTESIAN_POINT('Origin',(-2.14,1.65000000000002,1.3));
#11215=CARTESIAN_POINT('',(-1.82,2.65,1.3));
#11216=CARTESIAN_POINT('',(-2.14,2.65,1.3));
#11217=CARTESIAN_POINT('',(-1.82,1.65000000000002,1.3));
#11218=CARTESIAN_POINT('',(-1.82,1.65000000000002,1.3));
#11219=CARTESIAN_POINT('',(-2.14,1.65000000000002,1.3));
#11220=CARTESIAN_POINT('Origin',(-2.74,1.64999999999999,0.150000000000001));
#11221=CARTESIAN_POINT('',(-2.74,1.75000000000001,0.150000000000001));
#11222=CARTESIAN_POINT('',(-2.74,1.75000000000001,-0.0500000000000001));
#11223=CARTESIAN_POINT('',(-2.74,1.75000000000001,0.45));
#11224=CARTESIAN_POINT('',(-2.74,2.45,0.150000000000001));
#11225=CARTESIAN_POINT('',(-2.74,1.64999999999999,0.150000000000001));
#11226=CARTESIAN_POINT('',(-2.74,2.45,-0.0499999999999998));
#11227=CARTESIAN_POINT('',(-2.74,2.45,-0.0499999999999998));
#11228=CARTESIAN_POINT('',(-2.74,1.64999999999999,-0.0499999999999994));
#11229=CARTESIAN_POINT('Origin',(-2.74,1.64999999999999,-0.0499999999999994));
#11230=CARTESIAN_POINT('',(-2.54,1.75000000000001,-0.0500000000000001));
#11231=CARTESIAN_POINT('',(-2.54,2.45,-0.0499999999999998));
#11232=CARTESIAN_POINT('',(-2.54,1.65,-0.0499999999999994));
#11233=CARTESIAN_POINT('',(2.4575,1.75000000000001,-0.0500000000000001));
#11234=CARTESIAN_POINT('',(2.4575,2.45,-0.0499999999999998));
#11235=CARTESIAN_POINT('Origin',(-2.7,2.8,1.55));
#11236=CARTESIAN_POINT('',(-2.015,2.8,0.3));
#11237=CARTESIAN_POINT('',(-2.215,2.8,0.3));
#11238=CARTESIAN_POINT('',(-2.015,2.8,0.3));
#11239=CARTESIAN_POINT('',(-2.215,2.8,1.12));
#11240=CARTESIAN_POINT('',(-2.215,2.8,1.55));
#11241=CARTESIAN_POINT('',(-2.065,2.8,1.27));
#11242=CARTESIAN_POINT('Origin',(-2.065,2.8,1.12));
#11243=CARTESIAN_POINT('',(-1.75,2.8,1.27));
#11244=CARTESIAN_POINT('',(-2.065,2.8,1.27));
#11245=CARTESIAN_POINT('',(-1.75,2.8,1.27));
#11246=CARTESIAN_POINT('',(-2.7,2.8,0.));
#11247=CARTESIAN_POINT('',(-2.7,2.8,1.55));
#11248=CARTESIAN_POINT('',(-1.865,2.8,2.22044604925031E-16));
#11249=CARTESIAN_POINT('',(-2.7,2.8,0.));
#11250=CARTESIAN_POINT('',(-2.015,2.8,0.2));
#11251=CARTESIAN_POINT('',(-1.865,2.8,2.22044604925031E-16));
#11252=CARTESIAN_POINT('',(-2.015,2.8,0.200000000000001));
#11253=CARTESIAN_POINT('',(-2.44,2.8,0.950000000000001));
#11254=CARTESIAN_POINT('',(-2.44,2.8,0.45));
#11255=CARTESIAN_POINT('',(-2.44,2.8,1.2));
#11256=CARTESIAN_POINT('',(-2.44,2.8,0.950000000000001));
#11257=CARTESIAN_POINT('',(2.4575,2.8,0.45));
#11258=CARTESIAN_POINT('Origin',(2.7,4.1,1.55));
#11259=CARTESIAN_POINT('',(0.1,4.1,0.));
#11260=CARTESIAN_POINT('',(-0.0999999999999996,4.1,0.));
#11261=CARTESIAN_POINT('',(2.7,4.1,0.));
#11262=CARTESIAN_POINT('',(-0.0999999999999996,4.1,0.3));
#11263=CARTESIAN_POINT('',(-0.0999999999999996,4.1,0.));
#11264=CARTESIAN_POINT('',(-0.7,4.1,0.3));
#11265=CARTESIAN_POINT('',(-0.0999999999999996,4.1,0.3));
#11266=CARTESIAN_POINT('',(-0.7,4.1,0.));
#11267=CARTESIAN_POINT('',(-0.7,4.1,0.));
#11268=CARTESIAN_POINT('',(-0.9,4.1,0.));
#11269=CARTESIAN_POINT('',(2.7,4.1,0.));
#11270=CARTESIAN_POINT('',(-0.9,4.1,0.3));
#11271=CARTESIAN_POINT('',(-0.9,4.1,0.));
#11272=CARTESIAN_POINT('',(-1.5,4.1,0.3));
#11273=CARTESIAN_POINT('',(-0.9,4.1,0.3));
#11274=CARTESIAN_POINT('',(-1.5,4.1,0.));
#11275=CARTESIAN_POINT('',(-1.5,4.1,0.));
#11276=CARTESIAN_POINT('',(-2.7,4.1,0.));
#11277=CARTESIAN_POINT('',(2.7,4.1,0.));
#11278=CARTESIAN_POINT('',(-2.7,4.1,1.55));
#11279=CARTESIAN_POINT('',(2.7,4.1,0.));
#11280=CARTESIAN_POINT('',(2.7,4.1,1.55));
#11281=CARTESIAN_POINT('',(1.5,4.1,0.));
#11282=CARTESIAN_POINT('',(2.7,4.1,0.));
#11283=CARTESIAN_POINT('',(1.5,4.1,0.3));
#11284=CARTESIAN_POINT('',(1.5,4.1,0.));
#11285=CARTESIAN_POINT('',(0.900000000000001,4.1,0.3));
#11286=CARTESIAN_POINT('',(1.5,4.1,0.3));
#11287=CARTESIAN_POINT('',(0.900000000000001,4.1,0.));
#11288=CARTESIAN_POINT('',(0.900000000000001,4.1,0.));
#11289=CARTESIAN_POINT('',(0.7,4.1,0.));
#11290=CARTESIAN_POINT('',(2.7,4.1,0.));
#11291=CARTESIAN_POINT('',(0.7,4.1,0.3));
#11292=CARTESIAN_POINT('',(0.7,4.1,0.));
#11293=CARTESIAN_POINT('',(0.1,4.1,0.3));
#11294=CARTESIAN_POINT('',(0.7,4.1,0.3));
#11295=CARTESIAN_POINT('',(0.1,4.1,0.));
#11296=CARTESIAN_POINT('Origin',(0.,0.,0.));
#11297=CARTESIAN_POINT('',(-0.0999999999999996,3.5,0.));
#11298=CARTESIAN_POINT('',(-0.7,3.5,0.));
#11299=CARTESIAN_POINT('',(-0.0999999999999996,3.5,0.));
#11300=CARTESIAN_POINT('',(-0.0999999999999996,3.5,0.));
#11301=CARTESIAN_POINT('',(0.1,3.5,0.));
#11302=CARTESIAN_POINT('',(0.1,3.5,0.));
#11303=CARTESIAN_POINT('',(0.7,3.5,0.));
#11304=CARTESIAN_POINT('',(0.7,3.5,0.));
#11305=CARTESIAN_POINT('',(0.7,3.5,0.));
#11306=CARTESIAN_POINT('',(0.900000000000001,3.5,0.));
#11307=CARTESIAN_POINT('',(0.900000000000001,3.5,0.));
#11308=CARTESIAN_POINT('',(1.5,3.5,0.));
#11309=CARTESIAN_POINT('',(1.5,3.5,0.));
#11310=CARTESIAN_POINT('',(1.5,3.5,0.));
#11311=CARTESIAN_POINT('',(2.7,2.8,0.));
#11312=CARTESIAN_POINT('',(1.865,1.6,6.7762635780344E-16));
#11313=CARTESIAN_POINT('',(1.865,13.48,6.7762635780344E-16));
#11314=CARTESIAN_POINT('',(-1.865,1.6,2.22044604925031E-16));
#11315=CARTESIAN_POINT('',(-2.215,1.6,0.));
#11316=CARTESIAN_POINT('',(-1.865,13.48,2.22044604925031E-16));
#11317=CARTESIAN_POINT('',(-2.7,4.1,0.));
#11318=CARTESIAN_POINT('',(-1.5,3.5,0.));
#11319=CARTESIAN_POINT('',(-1.5,3.5,0.));
#11320=CARTESIAN_POINT('',(-0.9,3.5,0.));
#11321=CARTESIAN_POINT('',(-0.9,3.5,0.));
#11322=CARTESIAN_POINT('',(-0.9,3.5,0.));
#11323=CARTESIAN_POINT('',(-0.7,3.5,0.));
#11324=CARTESIAN_POINT('Origin',(-2.215,1.6,1.55));
#11325=CARTESIAN_POINT('',(-1.50000000000001,1.6,1.5));
#11326=CARTESIAN_POINT('',(-1.30000000000001,1.6,1.5));
#11327=CARTESIAN_POINT('',(-1.50000000000001,1.6,1.5));
#11328=CARTESIAN_POINT('',(-1.50000000000001,1.6,1.5));
#11329=CARTESIAN_POINT('',(-1.75,1.6,1.27));
#11330=CARTESIAN_POINT('',(-1.75,1.6,1.27));
#11331=CARTESIAN_POINT('',(-2.065,1.6,1.27));
#11332=CARTESIAN_POINT('',(-2.065,1.6,1.27));
#11333=CARTESIAN_POINT('',(-2.215,1.6,1.12));
#11334=CARTESIAN_POINT('Origin',(-2.065,1.6,1.12));
#11335=CARTESIAN_POINT('',(-2.215,1.6,0.3));
#11336=CARTESIAN_POINT('',(-2.215,1.6,1.55));
#11337=CARTESIAN_POINT('',(-2.015,1.6,0.3));
#11338=CARTESIAN_POINT('',(-2.015,1.6,0.3));
#11339=CARTESIAN_POINT('',(-2.015,1.6,0.2));
#11340=CARTESIAN_POINT('',(-2.015,1.6,0.200000000000001));
#11341=CARTESIAN_POINT('',(-1.865,1.6,2.22044604925031E-16));
#11342=CARTESIAN_POINT('',(2.015,1.6,0.200000000000001));
#11343=CARTESIAN_POINT('',(2.015,1.6,0.200000000000001));
#11344=CARTESIAN_POINT('',(2.015,1.6,0.3));
#11345=CARTESIAN_POINT('',(2.015,1.6,0.3));
#11346=CARTESIAN_POINT('',(2.215,1.6,0.3));
#11347=CARTESIAN_POINT('',(2.215,1.6,0.3));
#11348=CARTESIAN_POINT('',(2.215,1.6,1.12));
#11349=CARTESIAN_POINT('',(2.215,1.6,1.55));
#11350=CARTESIAN_POINT('',(2.065,1.6,1.27));
#11351=CARTESIAN_POINT('Origin',(2.065,1.6,1.12));
#11352=CARTESIAN_POINT('',(1.75,1.6,1.27));
#11353=CARTESIAN_POINT('',(1.75,1.6,1.27));
#11354=CARTESIAN_POINT('',(1.75,1.6,1.55));
#11355=CARTESIAN_POINT('',(-1.30000000000001,1.6,1.5));
#11356=CARTESIAN_POINT('',(-0.285,1.6,1.18));
#11357=CARTESIAN_POINT('',(-0.285,1.6,1.45));
#11358=CARTESIAN_POINT('',(0.285,1.6,1.18));
#11359=CARTESIAN_POINT('',(0.285,1.6,1.45));
#11360=CARTESIAN_POINT('',(0.515,1.6,1.18));
#11361=CARTESIAN_POINT('',(0.515,1.6,1.18));
#11362=CARTESIAN_POINT('',(0.515,1.6,1.45));
#11363=CARTESIAN_POINT('',(1.085,1.6,1.18));
#11364=CARTESIAN_POINT('',(1.085,1.6,1.45));
#11365=CARTESIAN_POINT('',(1.315,1.6,1.18));
#11366=CARTESIAN_POINT('',(1.315,1.6,1.18));
#11367=CARTESIAN_POINT('',(1.315,1.6,1.27));
#11368=CARTESIAN_POINT('',(1.315,1.6,1.45));
#11369=CARTESIAN_POINT('',(1.58,1.6,1.27));
#11370=CARTESIAN_POINT('',(1.58,1.6,1.27));
#11371=CARTESIAN_POINT('',(1.73,1.6,1.05));
#11372=CARTESIAN_POINT('',(1.73,1.6,1.05));
#11373=CARTESIAN_POINT('',(1.985,1.6,1.05));
#11374=CARTESIAN_POINT('',(1.985,1.6,1.05));
#11375=CARTESIAN_POINT('',(1.985,1.6,0.6));
#11376=CARTESIAN_POINT('',(1.985,1.6,0.6));
#11377=CARTESIAN_POINT('',(1.75,1.6,0.6));
#11378=CARTESIAN_POINT('',(1.75,1.6,0.6));
#11379=CARTESIAN_POINT('',(1.75,1.6,0.12));
#11380=CARTESIAN_POINT('',(1.75,1.6,0.25));
#11381=CARTESIAN_POINT('',(-1.75,1.6,0.12));
#11382=CARTESIAN_POINT('',(-2.215,1.6,0.120000000000001));
#11383=CARTESIAN_POINT('',(-1.75,1.6,0.600000000000001));
#11384=CARTESIAN_POINT('',(-1.75,1.6,0.600000000000001));
#11385=CARTESIAN_POINT('',(-1.985,1.6,0.600000000000001));
#11386=CARTESIAN_POINT('',(-1.985,1.6,0.600000000000001));
#11387=CARTESIAN_POINT('',(-1.985,1.6,1.05));
#11388=CARTESIAN_POINT('',(-1.985,1.6,1.05));
#11389=CARTESIAN_POINT('',(-1.73,1.6,1.05));
#11390=CARTESIAN_POINT('',(-1.73,1.6,1.05));
#11391=CARTESIAN_POINT('',(-1.58,1.6,1.27));
#11392=CARTESIAN_POINT('',(-1.58,1.6,1.27));
#11393=CARTESIAN_POINT('',(-1.315,1.6,1.27));
#11394=CARTESIAN_POINT('',(-1.315,1.6,1.27));
#11395=CARTESIAN_POINT('',(-1.315,1.6,1.18));
#11396=CARTESIAN_POINT('',(-1.315,1.6,1.45));
#11397=CARTESIAN_POINT('',(-1.085,1.6,1.18));
#11398=CARTESIAN_POINT('',(-1.085,1.6,1.18));
#11399=CARTESIAN_POINT('',(-1.085,1.6,1.45));
#11400=CARTESIAN_POINT('',(-0.515,1.6,1.18));
#11401=CARTESIAN_POINT('',(-0.515,1.6,1.45));
#11402=CARTESIAN_POINT('',(-0.285,1.6,1.18));
#11403=CARTESIAN_POINT('Origin',(-2.215,2.8,1.55));
#11404=CARTESIAN_POINT('',(-2.215,13.48,0.3));
#11405=CARTESIAN_POINT('',(-2.215,13.48,1.12));
#11406=CARTESIAN_POINT('Origin',(2.215,1.6,1.55));
#11407=CARTESIAN_POINT('',(2.215,13.48,0.3));
#11408=CARTESIAN_POINT('',(2.215,13.48,1.12));
#11409=CARTESIAN_POINT('Origin',(-2.7,4.1,1.55));
#11410=CARTESIAN_POINT('Origin',(2.7,2.8,1.55));
#11411=CARTESIAN_POINT('Origin',(0.,0.,1.55));
#11412=CARTESIAN_POINT('Origin',(-1.985,3.15,1.05));
#11413=CARTESIAN_POINT('',(-1.985,3.15,0.600000000000001));
#11414=CARTESIAN_POINT('',(-1.985,3.15,0.600000000000001));
#11415=CARTESIAN_POINT('',(-1.985,3.15,1.05));
#11416=CARTESIAN_POINT('',(-1.985,3.15,1.05));
#11417=CARTESIAN_POINT('',(-1.985,3.15,1.05));
#11418=CARTESIAN_POINT('Origin',(-1.985,3.15,0.600000000000001));
#11419=CARTESIAN_POINT('',(-1.75,3.15,0.600000000000001));
#11420=CARTESIAN_POINT('',(-1.75,3.15,0.600000000000001));
#11421=CARTESIAN_POINT('',(-1.985,3.15,0.600000000000001));
#11422=CARTESIAN_POINT('Origin',(-1.75,3.15,0.600000000000001));
#11423=CARTESIAN_POINT('',(-1.75,1.83,0.250000000000001));
#11424=CARTESIAN_POINT('',(-1.75,2.98032951289398,0.900186246418339));
#11425=CARTESIAN_POINT('',(-1.75,3.15,0.250000000000001));
#11426=CARTESIAN_POINT('',(-1.75,3.15,0.250000000000001));
#11427=CARTESIAN_POINT('',(-1.75,3.15,0.600000000000001));
#11428=CARTESIAN_POINT('Origin',(-1.75,3.15,0.250000000000001));
#11429=CARTESIAN_POINT('',(0.3,3.15,0.25));
#11430=CARTESIAN_POINT('',(-0.3,3.15,0.25));
#11431=CARTESIAN_POINT('',(-1.75,3.15,0.250000000000001));
#11432=CARTESIAN_POINT('',(-0.3,1.95,0.25));
#11433=CARTESIAN_POINT('',(-0.3,3.15,0.25));
#11434=CARTESIAN_POINT('',(-0.5,1.95,0.250000000000001));
#11435=CARTESIAN_POINT('',(-1.75,1.95,0.250000000000001));
#11436=CARTESIAN_POINT('',(-0.5,3.15,0.25));
#11437=CARTESIAN_POINT('',(-0.5,3.15,0.250000000000001));
#11438=CARTESIAN_POINT('',(-1.1,3.15,0.25));
#11439=CARTESIAN_POINT('',(-1.75,3.15,0.250000000000001));
#11440=CARTESIAN_POINT('',(-1.1,1.95,0.250000000000001));
#11441=CARTESIAN_POINT('',(-1.1,3.15,0.250000000000001));
#11442=CARTESIAN_POINT('',(-1.3,1.95,0.250000000000001));
#11443=CARTESIAN_POINT('',(-1.75,1.95,0.250000000000001));
#11444=CARTESIAN_POINT('',(-1.3,3.15,0.25));
#11445=CARTESIAN_POINT('',(-1.3,3.15,0.250000000000001));
#11446=CARTESIAN_POINT('',(-1.75,3.15,0.250000000000001));
#11447=CARTESIAN_POINT('',(1.75,1.83,0.25));
#11448=CARTESIAN_POINT('',(-1.75,1.83,0.250000000000001));
#11449=CARTESIAN_POINT('',(1.75,3.15,0.25));
#11450=CARTESIAN_POINT('',(1.75,3.15,0.25));
#11451=CARTESIAN_POINT('',(1.3,3.15,0.25));
#11452=CARTESIAN_POINT('',(-1.75,3.15,0.250000000000001));
#11453=CARTESIAN_POINT('',(1.3,1.95,0.25));
#11454=CARTESIAN_POINT('',(1.3,3.15,0.25));
#11455=CARTESIAN_POINT('',(1.1,1.95,0.25));
#11456=CARTESIAN_POINT('',(-1.75,1.95,0.250000000000001));
#11457=CARTESIAN_POINT('',(1.1,3.15,0.25));
#11458=CARTESIAN_POINT('',(1.1,3.15,0.25));
#11459=CARTESIAN_POINT('',(0.5,3.15,0.25));
#11460=CARTESIAN_POINT('',(-1.75,3.15,0.250000000000001));
#11461=CARTESIAN_POINT('',(0.5,1.95,0.25));
#11462=CARTESIAN_POINT('',(0.5,3.15,0.25));
#11463=CARTESIAN_POINT('',(0.3,1.95,0.25));
#11464=CARTESIAN_POINT('',(-1.75,1.95,0.250000000000001));
#11465=CARTESIAN_POINT('',(0.3,3.15,0.25));
#11466=CARTESIAN_POINT('Origin',(1.75,3.15,0.25));
#11467=CARTESIAN_POINT('',(1.75,3.15,0.6));
#11468=CARTESIAN_POINT('',(1.75,3.15,0.6));
#11469=CARTESIAN_POINT('',(1.75,3.15,0.25));
#11470=CARTESIAN_POINT('',(1.75,2.8304011461318,0.815444126074499));
#11471=CARTESIAN_POINT('Origin',(1.75,3.15,0.6));
#11472=CARTESIAN_POINT('',(1.985,3.15,0.6));
#11473=CARTESIAN_POINT('',(1.985,3.15,0.6));
#11474=CARTESIAN_POINT('',(1.75,3.15,0.6));
#11475=CARTESIAN_POINT('Origin',(1.985,3.15,0.6));
#11476=CARTESIAN_POINT('',(1.985,3.15,1.05));
#11477=CARTESIAN_POINT('',(1.985,3.15,1.05));
#11478=CARTESIAN_POINT('',(1.985,3.15,0.6));
#11479=CARTESIAN_POINT('Origin',(1.985,3.15,1.05));
#11480=CARTESIAN_POINT('',(1.73,3.15,1.05));
#11481=CARTESIAN_POINT('',(1.73,3.15,1.05));
#11482=CARTESIAN_POINT('',(1.985,3.15,1.05));
#11483=CARTESIAN_POINT('Origin',(-1.73,3.15,1.05));
#11484=CARTESIAN_POINT('',(-1.73,3.15,1.05));
#11485=CARTESIAN_POINT('',(-1.73,3.15,1.05));
#11486=CARTESIAN_POINT('',(-1.73,3.15,1.05));
#11487=CARTESIAN_POINT('Origin',(0.,3.15,0.));
#11488=CARTESIAN_POINT('',(-0.3,3.15,0.4));
#11489=CARTESIAN_POINT('',(-0.3,3.15,0.));
#11490=CARTESIAN_POINT('',(0.3,3.15,0.4));
#11491=CARTESIAN_POINT('',(0.3,3.15,0.));
#11492=CARTESIAN_POINT('',(0.5,3.15,0.4));
#11493=CARTESIAN_POINT('',(0.,3.15,0.4));
#11494=CARTESIAN_POINT('',(0.5,3.15,0.));
#11495=CARTESIAN_POINT('',(1.1,3.15,0.4));
#11496=CARTESIAN_POINT('',(1.1,3.15,0.));
#11497=CARTESIAN_POINT('',(1.3,3.15,0.4));
#11498=CARTESIAN_POINT('',(0.,3.15,0.4));
#11499=CARTESIAN_POINT('',(1.3,3.15,0.));
#11500=CARTESIAN_POINT('',(1.58,3.15,1.27));
#11501=CARTESIAN_POINT('',(1.73,3.15,1.05));
#11502=CARTESIAN_POINT('',(1.315,3.15,1.27));
#11503=CARTESIAN_POINT('',(1.58,3.15,1.27));
#11504=CARTESIAN_POINT('',(1.315,3.15,1.27));
#11505=CARTESIAN_POINT('',(1.3,3.15,1.03810729772406));
#11506=CARTESIAN_POINT('',(1.3,3.15,0.));
#11507=CARTESIAN_POINT('',(1.1,3.15,1.03810729772406));
#11508=CARTESIAN_POINT('',(0.,3.15,1.03810729772406));
#11509=CARTESIAN_POINT('',(1.1,3.15,0.));
#11510=CARTESIAN_POINT('',(0.5,3.15,1.03810729772406));
#11511=CARTESIAN_POINT('',(0.5,3.15,0.));
#11512=CARTESIAN_POINT('',(0.3,3.15,1.03810729772406));
#11513=CARTESIAN_POINT('',(0.,3.15,1.03810729772406));
#11514=CARTESIAN_POINT('',(0.3,3.15,0.));
#11515=CARTESIAN_POINT('',(-0.3,3.15,1.03810729772406));
#11516=CARTESIAN_POINT('',(-0.3,3.15,0.));
#11517=CARTESIAN_POINT('',(-0.5,3.15,1.03810729772406));
#11518=CARTESIAN_POINT('',(0.,3.15,1.03810729772406));
#11519=CARTESIAN_POINT('',(-0.5,3.15,0.));
#11520=CARTESIAN_POINT('',(-1.1,3.15,1.03810729772406));
#11521=CARTESIAN_POINT('',(-1.1,3.15,0.));
#11522=CARTESIAN_POINT('',(-1.3,3.15,1.03810729772406));
#11523=CARTESIAN_POINT('',(0.,3.15,1.03810729772406));
#11524=CARTESIAN_POINT('',(-1.3,3.15,0.));
#11525=CARTESIAN_POINT('',(-1.315,3.15,1.27));
#11526=CARTESIAN_POINT('',(-1.315,3.15,1.25));
#11527=CARTESIAN_POINT('',(-1.58,3.15,1.27));
#11528=CARTESIAN_POINT('',(-1.315,3.15,1.27));
#11529=CARTESIAN_POINT('',(-1.58,3.15,1.27));
#11530=CARTESIAN_POINT('',(-1.3,3.15,0.4));
#11531=CARTESIAN_POINT('',(-1.3,3.15,0.));
#11532=CARTESIAN_POINT('',(-1.1,3.15,0.4));
#11533=CARTESIAN_POINT('',(0.,3.15,0.4));
#11534=CARTESIAN_POINT('',(-1.1,3.15,0.));
#11535=CARTESIAN_POINT('',(-0.5,3.15,0.4));
#11536=CARTESIAN_POINT('',(-0.5,3.15,0.));
#11537=CARTESIAN_POINT('',(0.,3.15,0.4));
#11538=CARTESIAN_POINT('Origin',(-1.75,1.83,0.250000000000001));
#11539=CARTESIAN_POINT('Origin',(1.315,16.945,1.27));
#11540=CARTESIAN_POINT('',(1.315,16.945,1.27));
#11541=CARTESIAN_POINT('',(1.315,1.75,1.1));
#11542=CARTESIAN_POINT('',(1.315,1.6,1.18));
#11543=CARTESIAN_POINT('',(1.315,1.85,1.1));
#11544=CARTESIAN_POINT('',(1.315,1.75,1.1));
#11545=CARTESIAN_POINT('',(1.315,1.85,1.1));
#11546=CARTESIAN_POINT('Origin',(1.73,16.945,1.05));
#11547=CARTESIAN_POINT('',(1.58,16.945,1.27));
#11548=CARTESIAN_POINT('Origin',(1.58,16.945,1.27));
#11549=CARTESIAN_POINT('Origin',(-1.315,16.945,1.25));
#11550=CARTESIAN_POINT('',(-1.315,1.85,1.1));
#11551=CARTESIAN_POINT('',(-1.315,1.85,1.1));
#11552=CARTESIAN_POINT('',(-1.315,1.75,1.1));
#11553=CARTESIAN_POINT('',(-1.315,1.75,1.1));
#11554=CARTESIAN_POINT('',(-1.315,1.6,1.18));
#11555=CARTESIAN_POINT('',(-1.315,16.945,1.27));
#11556=CARTESIAN_POINT('Origin',(-1.315,16.945,1.27));
#11557=CARTESIAN_POINT('',(-1.58,16.945,1.27));
#11558=CARTESIAN_POINT('Origin',(-1.58,16.945,1.27));
#11559=CARTESIAN_POINT('Origin',(-2.015,13.48,0.200000000000001));
#11560=CARTESIAN_POINT('',(-2.015,13.48,0.2));
#11561=CARTESIAN_POINT('',(-2.015,13.48,0.3));
#11562=CARTESIAN_POINT('Origin',(-1.865,13.48,2.22044604925031E-16));
#11563=CARTESIAN_POINT('Origin',(-2.015,13.48,0.3));
#11564=CARTESIAN_POINT('Origin',(2.015,13.48,0.3));
#11565=CARTESIAN_POINT('',(2.015,13.48,0.3));
#11566=CARTESIAN_POINT('',(2.015,13.48,0.200000000000001));
#11567=CARTESIAN_POINT('Origin',(2.015,13.48,0.200000000000001));
#11568=CARTESIAN_POINT('Origin',(2.215,13.48,0.3));
#11569=CARTESIAN_POINT('Origin',(-2.065,13.48,1.27));
#11570=CARTESIAN_POINT('',(-2.065,13.48,1.27));
#11571=CARTESIAN_POINT('',(-1.75,13.48,1.27));
#11572=CARTESIAN_POINT('Origin',(-1.75,13.48,1.27));
#11573=CARTESIAN_POINT('Origin',(-2.065,13.48,1.12));
#11574=CARTESIAN_POINT('Origin',(2.065,13.48,1.12));
#11575=CARTESIAN_POINT('',(2.065,13.48,1.27));
#11576=CARTESIAN_POINT('Origin',(1.75,13.48,1.27));
#11577=CARTESIAN_POINT('',(1.75,13.48,1.27));
#11578=CARTESIAN_POINT('Origin',(1.75,13.48,1.55));
#11579=CARTESIAN_POINT('Origin',(-1.50000000000001,1.9,1.5));
#11580=CARTESIAN_POINT('',(-1.50000000000001,1.9,1.5));
#11581=CARTESIAN_POINT('',(-1.50000000000001,1.9,1.5));
#11582=CARTESIAN_POINT('',(-1.50000000000001,1.9,1.5));
#11583=CARTESIAN_POINT('Origin',(-1.30000000000001,1.6,1.5));
#11584=CARTESIAN_POINT('',(-1.30000000000001,1.9,1.5));
#11585=CARTESIAN_POINT('',(-1.30000000000001,1.9,1.5));
#11586=CARTESIAN_POINT('',(-1.30000000000001,1.6,1.5));
#11587=CARTESIAN_POINT('Origin',(-1.30000000000001,1.9,1.5));
#11588=CARTESIAN_POINT('',(-1.30000000000001,1.9,1.5));
#11589=CARTESIAN_POINT('Origin',(0.,0.,1.5));
#11590=CARTESIAN_POINT('Origin',(-0.9,3.5,0.05));
#11591=CARTESIAN_POINT('',(-1.5,3.5,0.05));
#11592=CARTESIAN_POINT('',(-1.5,3.5,0.05));
#11593=CARTESIAN_POINT('',(-0.9,3.5,0.05));
#11594=CARTESIAN_POINT('',(-0.9,3.5,0.05));
#11595=CARTESIAN_POINT('',(-0.9,3.5,0.05));
#11596=CARTESIAN_POINT('Origin',(-0.9,4.1,0.3));
#11597=CARTESIAN_POINT('',(-1.1,4.02,0.3));
#11598=CARTESIAN_POINT('',(-1.1,3.65,0.3));
#11599=CARTESIAN_POINT('',(-1.1,4.1,0.3));
#11600=CARTESIAN_POINT('',(-1.3,4.02,0.3));
#11601=CARTESIAN_POINT('',(-0.9,4.02,0.3));
#11602=CARTESIAN_POINT('',(-1.3,3.65,0.3));
#11603=CARTESIAN_POINT('',(-1.3,4.1,0.3));
#11604=CARTESIAN_POINT('',(-1.5,3.65,0.3));
#11605=CARTESIAN_POINT('',(-0.9,3.65,0.3));
#11606=CARTESIAN_POINT('',(-1.5,4.1,0.3));
#11607=CARTESIAN_POINT('',(-0.9,3.65,0.3));
#11608=CARTESIAN_POINT('',(-0.9,4.1,0.3));
#11609=CARTESIAN_POINT('',(-0.9,3.65,0.3));
#11610=CARTESIAN_POINT('Origin',(-0.9,3.65,0.3));
#11611=CARTESIAN_POINT('',(-1.1,3.65,0.2));
#11612=CARTESIAN_POINT('',(-1.1,3.65,0.3));
#11613=CARTESIAN_POINT('',(-0.9,3.65,0.125));
#11614=CARTESIAN_POINT('',(-0.9,3.65,0.3));
#11615=CARTESIAN_POINT('',(-1.5,3.65,0.125));
#11616=CARTESIAN_POINT('',(-0.9,3.65,0.125));
#11617=CARTESIAN_POINT('',(-1.5,3.65,0.3));
#11618=CARTESIAN_POINT('',(-1.3,3.65,0.2));
#11619=CARTESIAN_POINT('',(-1.3,3.65,0.3));
#11620=CARTESIAN_POINT('',(-0.9,3.65,0.2));
#11621=CARTESIAN_POINT('Origin',(-0.9,3.65,0.125));
#11622=CARTESIAN_POINT('',(-1.5,3.65,0.125));
#11623=CARTESIAN_POINT('',(-0.9,3.65,0.125));
#11624=CARTESIAN_POINT('Origin',(-0.9,0.,0.));
#11625=CARTESIAN_POINT('Origin',(-1.5,0.,0.));
#11626=CARTESIAN_POINT('Origin',(-1.1,3.72,0.2));
#11627=CARTESIAN_POINT('',(-1.3,3.72,0.2));
#11628=CARTESIAN_POINT('',(-1.3,3.72,0.0500000000000003));
#11629=CARTESIAN_POINT('',(-1.3,3.72,0.2));
#11630=CARTESIAN_POINT('',(-1.1,3.72,0.0500000000000003));
#11631=CARTESIAN_POINT('',(-1.1,3.72,0.0500000000000003));
#11632=CARTESIAN_POINT('',(-1.1,3.72,0.2));
#11633=CARTESIAN_POINT('',(-1.1,3.72,0.2));
#11634=CARTESIAN_POINT('',(-1.1,3.72,0.2));
#11635=CARTESIAN_POINT('Origin',(-1.1,3.72,0.0500000000000003));
#11636=CARTESIAN_POINT('',(-1.3,3.82,-0.0499999999999998));
#11637=CARTESIAN_POINT('',(-1.3,3.72,0.0500000000000003));
#11638=CARTESIAN_POINT('',(-1.1,3.82,-0.0499999999999998));
#11639=CARTESIAN_POINT('',(-1.1,3.82,-0.0499999999999998));
#11640=CARTESIAN_POINT('',(-1.1,3.72,0.0500000000000003));
#11641=CARTESIAN_POINT('Origin',(-1.1,3.82,-0.0499999999999997));
#11642=CARTESIAN_POINT('',(-1.3,4.02,-0.0499999999999997));
#11643=CARTESIAN_POINT('',(-1.3,3.82,-0.0499999999999997));
#11644=CARTESIAN_POINT('',(-1.1,4.02,-0.0499999999999997));
#11645=CARTESIAN_POINT('',(-1.1,4.02,-0.0499999999999997));
#11646=CARTESIAN_POINT('',(-1.1,3.82,-0.0499999999999997));
#11647=CARTESIAN_POINT('Origin',(-1.1,4.02,-0.0499999999999997));
#11648=CARTESIAN_POINT('',(-1.3,4.1,0.0300000000000003));
#11649=CARTESIAN_POINT('',(-1.3,4.02,-0.0499999999999997));
#11650=CARTESIAN_POINT('',(-1.1,4.1,0.0300000000000003));
#11651=CARTESIAN_POINT('',(-1.1,4.1,0.0300000000000003));
#11652=CARTESIAN_POINT('',(-1.1,4.02,-0.0499999999999997));
#11653=CARTESIAN_POINT('Origin',(-1.1,4.1,0.0300000000000003));
#11654=CARTESIAN_POINT('',(-1.3,4.1,0.15));
#11655=CARTESIAN_POINT('',(-1.3,4.1,0.0300000000000003));
#11656=CARTESIAN_POINT('',(-1.1,4.1,0.15));
#11657=CARTESIAN_POINT('',(-1.1,4.1,0.15));
#11658=CARTESIAN_POINT('',(-1.1,4.1,0.0300000000000003));
#11659=CARTESIAN_POINT('Origin',(-1.1,4.1,0.15));
#11660=CARTESIAN_POINT('',(-1.3,4.02,0.15));
#11661=CARTESIAN_POINT('',(-1.3,4.1,0.15));
#11662=CARTESIAN_POINT('',(-1.1,4.02,0.15));
#11663=CARTESIAN_POINT('',(-1.1,4.02,0.15));
#11664=CARTESIAN_POINT('',(-1.1,4.1,0.15));
#11665=CARTESIAN_POINT('Origin',(-1.1,2.03,0.280000000000001));
#11666=CARTESIAN_POINT('',(-1.1,4.02,0.15));
#11667=CARTESIAN_POINT('',(-1.1,1.95,0.2));
#11668=CARTESIAN_POINT('Origin',(-1.3,2.03,0.280000000000001));
#11669=CARTESIAN_POINT('',(-1.3,4.02,0.15));
#11670=CARTESIAN_POINT('',(-1.3,1.95,0.2));
#11671=CARTESIAN_POINT('Origin',(-1.1,1.95,0.2));
#11672=CARTESIAN_POINT('Origin',(-1.1,4.02,0.15));
#11673=CARTESIAN_POINT('Origin',(-1.1,2.04,1.09196152422707));
#11674=CARTESIAN_POINT('',(-1.3,1.95,1.09196152422707));
#11675=CARTESIAN_POINT('',(-1.3,1.995,1.01401923788647));
#11676=CARTESIAN_POINT('Origin',(-1.3,2.04,1.09196152422707));
#11677=CARTESIAN_POINT('',(-1.1,1.995,1.01401923788647));
#11678=CARTESIAN_POINT('',(-1.1,1.995,1.01401923788647));
#11679=CARTESIAN_POINT('',(-1.1,1.95,1.09196152422707));
#11680=CARTESIAN_POINT('Origin',(-1.1,2.04,1.09196152422707));
#11681=CARTESIAN_POINT('',(-1.1,1.95,1.09196152422707));
#11682=CARTESIAN_POINT('Origin',(-1.1,1.995,1.01401923788647));
#11683=CARTESIAN_POINT('',(-1.3,2.05392304845413,0.98));
#11684=CARTESIAN_POINT('',(-1.3,1.995,1.01401923788647));
#11685=CARTESIAN_POINT('',(-1.1,2.05392304845413,0.98));
#11686=CARTESIAN_POINT('',(-1.1,2.05392304845413,0.98));
#11687=CARTESIAN_POINT('',(-1.1,1.995,1.01401923788647));
#11688=CARTESIAN_POINT('Origin',(-1.1,2.05392304845413,0.98));
#11689=CARTESIAN_POINT('',(-1.3,2.23,0.98));
#11690=CARTESIAN_POINT('',(-1.3,2.05392304845413,0.98));
#11691=CARTESIAN_POINT('',(-1.1,2.23,0.98));
#11692=CARTESIAN_POINT('',(-1.1,2.23,0.98));
#11693=CARTESIAN_POINT('',(-1.1,2.05392304845413,0.98));
#11694=CARTESIAN_POINT('Origin',(-1.1,2.15000000000004,1.03999999999998));
#11695=CARTESIAN_POINT('',(-1.3,2.23844332774281,0.993333333333333));
#11696=CARTESIAN_POINT('Origin',(-1.3,2.15000000000004,1.03999999999998));
#11697=CARTESIAN_POINT('',(-1.1,2.23844332774281,0.993333333333333));
#11698=CARTESIAN_POINT('',(-1.1,2.23844332774281,0.993333333333333));
#11699=CARTESIAN_POINT('Origin',(-1.1,2.15000000000004,1.03999999999998));
#11700=CARTESIAN_POINT('Origin',(-1.1,2.28266499161422,0.97));
#11701=CARTESIAN_POINT('',(-1.3,2.28162199911082,1.01998912048274));
#11702=CARTESIAN_POINT('Origin',(-1.3,2.28266499161422,0.97));
#11703=CARTESIAN_POINT('',(-1.1,2.28162199911082,1.01998912048274));
#11704=CARTESIAN_POINT('',(-1.1,2.28162199911082,1.01998912048274));
#11705=CARTESIAN_POINT('Origin',(-1.1,2.28266499161422,0.97));
#11706=CARTESIAN_POINT('Origin',(-1.3,2.03,0.280000000000001));
#11707=CARTESIAN_POINT('',(-1.3,1.95,1.33));
#11708=CARTESIAN_POINT('',(-1.3,2.28162199911082,1.01998912048274));
#11709=CARTESIAN_POINT('Origin',(-1.1,2.03,0.280000000000001));
#11710=CARTESIAN_POINT('',(-1.1,1.95,1.33));
#11711=CARTESIAN_POINT('',(-1.1,2.28162199911082,1.01998912048274));
#11712=CARTESIAN_POINT('Origin',(-1.1,2.28162199911082,1.01998912048274));
#11713=CARTESIAN_POINT('Origin',(-1.1,1.95,1.33));
#11714=CARTESIAN_POINT('Origin',(-1.1,1.95,0.28));
#11715=CARTESIAN_POINT('',(-1.3,1.95,0.280000000000001));
#11716=CARTESIAN_POINT('',(-1.3,1.95,0.28));
#11717=CARTESIAN_POINT('',(-1.1,1.95,0.280000000000001));
#11718=CARTESIAN_POINT('',(-1.1,1.95,0.28));
#11719=CARTESIAN_POINT('',(-1.1,1.95,0.280000000000001));
#11720=CARTESIAN_POINT('Origin',(-1.1,2.03,0.280000000000001));
#11721=CARTESIAN_POINT('',(-1.1,2.34,0.4));
#11722=CARTESIAN_POINT('',(-1.1,3.72,0.4));
#11723=CARTESIAN_POINT('',(-1.1,2.3,0.44));
#11724=CARTESIAN_POINT('',(-1.1,2.34,0.4));
#11725=CARTESIAN_POINT('',(-1.1,2.1,0.44));
#11726=CARTESIAN_POINT('',(-1.1,2.3,0.44));
#11727=CARTESIAN_POINT('',(-1.1,1.9795378897993,0.342077173212806));
#11728=CARTESIAN_POINT('',(-1.1,2.1,0.44));
#11729=CARTESIAN_POINT('Origin',(-1.1,2.03,0.280000000000001));
#11730=CARTESIAN_POINT('Origin',(-1.3,2.03,0.280000000000001));
#11731=CARTESIAN_POINT('',(-1.3,1.9795378897993,0.342077173212806));
#11732=CARTESIAN_POINT('Origin',(-1.3,2.03,0.280000000000001));
#11733=CARTESIAN_POINT('',(-1.3,2.1,0.44));
#11734=CARTESIAN_POINT('',(-1.3,2.1,0.44));
#11735=CARTESIAN_POINT('',(-1.3,2.3,0.44));
#11736=CARTESIAN_POINT('',(-1.3,2.3,0.44));
#11737=CARTESIAN_POINT('',(-1.3,2.34,0.4));
#11738=CARTESIAN_POINT('',(-1.3,2.34,0.4));
#11739=CARTESIAN_POINT('',(-1.3,3.72,0.4));
#11740=CARTESIAN_POINT('Origin',(-1.1,2.03,0.280000000000001));
#11741=CARTESIAN_POINT('',(-1.1,1.9795378897993,0.342077173212806));
#11742=CARTESIAN_POINT('Origin',(-1.1,3.72,0.4));
#11743=CARTESIAN_POINT('',(-1.1,2.34,0.4));
#11744=CARTESIAN_POINT('Origin',(-1.1,2.34,0.4));
#11745=CARTESIAN_POINT('',(-1.1,2.3,0.44));
#11746=CARTESIAN_POINT('Origin',(-1.1,2.3,0.44));
#11747=CARTESIAN_POINT('',(-1.1,2.1,0.44));
#11748=CARTESIAN_POINT('Origin',(-1.1,2.1,0.44));
#11749=CARTESIAN_POINT('Origin',(-2.54,1.65000000000016,0.250000000000001));
#11750=CARTESIAN_POINT('Origin',(-2.54,1.75000000000001,0.250000000000001));
#11751=CARTESIAN_POINT('Origin',(-2.54,2.45,0.250000000000001));
#11752=CARTESIAN_POINT('Origin',(-1.82,1.65000000000002,1.3));
#11753=CARTESIAN_POINT('',(-1.82,2.65,1.5));
#11754=CARTESIAN_POINT('',(-1.82,2.65,1.3));
#11755=CARTESIAN_POINT('',(-1.82,1.65000000000002,1.5));
#11756=CARTESIAN_POINT('',(-1.82,1.65000000000002,1.5));
#11757=CARTESIAN_POINT('',(-1.82,1.65000000000002,1.3));
#11758=CARTESIAN_POINT('Origin',(-1.82,1.65000000000002,1.5));
#11759=CARTESIAN_POINT('',(-2.14,2.65,1.5));
#11760=CARTESIAN_POINT('',(-1.82,2.65,1.5));
#11761=CARTESIAN_POINT('',(-2.14,1.65000000000002,1.5));
#11762=CARTESIAN_POINT('',(-2.14,1.65000000000002,1.5));
#11763=CARTESIAN_POINT('',(-1.82,1.65000000000002,1.5));
#11764=CARTESIAN_POINT('Origin',(-2.14,1.65000000000016,1.2));
#11765=CARTESIAN_POINT('',(-2.44,2.65,1.2));
#11766=CARTESIAN_POINT('Origin',(-2.14,2.65,1.2));
#11767=CARTESIAN_POINT('',(-2.44,1.65000000000016,1.2));
#11768=CARTESIAN_POINT('',(-2.44,1.65000000000016,1.2));
#11769=CARTESIAN_POINT('Origin',(-2.14,1.65000000000016,1.2));
#11770=CARTESIAN_POINT('Origin',(-2.44,1.65,1.2));
#11771=CARTESIAN_POINT('',(-2.44,2.65,0.950000000000001));
#11772=CARTESIAN_POINT('',(-2.44,2.65,1.2));
#11773=CARTESIAN_POINT('',(-2.44,2.65,0.950000000000001));
#11774=CARTESIAN_POINT('',(-2.44,2.45,0.45));
#11775=CARTESIAN_POINT('',(-2.44,1.65,0.449999999999999));
#11776=CARTESIAN_POINT('',(-2.43999999999999,2.45,0.250000000000001));
#11777=CARTESIAN_POINT('',(-2.44,2.45,1.2));
#11778=CARTESIAN_POINT('',(-2.43999999999999,1.75000000000001,0.250000000000001));
#11779=CARTESIAN_POINT('',(-2.44,1.65,0.250000000000001));
#11780=CARTESIAN_POINT('',(-2.44,1.75000000000001,0.45));
#11781=CARTESIAN_POINT('',(-2.44,1.75000000000001,1.2));
#11782=CARTESIAN_POINT('',(-2.44,1.65,0.45));
#11783=CARTESIAN_POINT('',(-2.44,1.65,0.45));
#11784=CARTESIAN_POINT('',(-2.44,1.65,1.2));
#11785=CARTESIAN_POINT('Origin',(-2.54,1.65000000000016,0.250000000000001));
#11786=CARTESIAN_POINT('',(-2.54,1.75000000000001,0.150000000000001));
#11787=CARTESIAN_POINT('',(-2.54,2.45,0.150000000000001));
#11788=CARTESIAN_POINT('',(-2.54,1.65000000000016,0.150000000000001));
#11789=CARTESIAN_POINT('Origin',(-2.54,1.75000000000001,0.250000000000001));
#11790=CARTESIAN_POINT('Origin',(-2.54,2.45,0.250000000000001));
#11791=CARTESIAN_POINT('Origin',(-2.54,1.65,0.150000000000001));
#11792=CARTESIAN_POINT('',(-2.54,1.75000000000001,0.150000000000001));
#11793=CARTESIAN_POINT('',(-2.54,2.45,0.150000000000001));
#11794=CARTESIAN_POINT('Origin',(-2.54,1.65000000000016,0.250000000000001));
#11795=CARTESIAN_POINT('',(2.4575,1.65,0.45));
#11796=CARTESIAN_POINT('Origin',(2.4575,2.45,0.45));
#11797=CARTESIAN_POINT('',(2.4575,2.45,0.45));
#11798=CARTESIAN_POINT('Origin',(2.4575,2.45,-0.0499999999999998));
#11799=CARTESIAN_POINT('Origin',(2.4575,1.75000000000001,0.45));
#11800=CARTESIAN_POINT('',(2.4575,1.75000000000001,0.45));
#11801=CARTESIAN_POINT('Origin',(2.4575,1.65,0.45));
#11802=CARTESIAN_POINT('Origin',(-2.44,2.65,0.950000000000001));
#11803=CARTESIAN_POINT('',(-2.44,2.65,0.950000000000001));
#11804=CARTESIAN_POINT('Origin',(-2.14,2.65,1.2));
#11805=CARTESIAN_POINT('Origin',(2.14,1.64999999999984,1.2));
#11806=CARTESIAN_POINT('',(2.14,2.65,1.3));
#11807=CARTESIAN_POINT('Origin',(2.14,2.65,1.2));
#11808=CARTESIAN_POINT('',(2.14,1.64999999999984,1.3));
#11809=CARTESIAN_POINT('Origin',(2.14,1.64999999999984,1.2));
#11810=CARTESIAN_POINT('',(2.14,1.64999999999984,1.3));
#11811=CARTESIAN_POINT('Origin',(2.14,1.64999999999998,1.3));
#11812=CARTESIAN_POINT('',(1.82,2.65,1.3));
#11813=CARTESIAN_POINT('',(2.14,2.65,1.3));
#11814=CARTESIAN_POINT('',(1.82,1.64999999999998,1.3));
#11815=CARTESIAN_POINT('',(2.14,1.64999999999998,1.3));
#11816=CARTESIAN_POINT('',(1.82,1.64999999999998,1.3));
#11817=CARTESIAN_POINT('Origin',(1.82,1.64999999999998,1.3));
#11818=CARTESIAN_POINT('',(1.82,2.65,1.5));
#11819=CARTESIAN_POINT('',(1.82,2.65,1.3));
#11820=CARTESIAN_POINT('',(1.82,1.64999999999998,1.5));
#11821=CARTESIAN_POINT('',(1.82,1.64999999999998,1.3));
#11822=CARTESIAN_POINT('',(1.82,1.64999999999998,1.5));
#11823=CARTESIAN_POINT('Origin',(1.82,1.64999999999998,1.5));
#11824=CARTESIAN_POINT('',(2.14,2.65,1.5));
#11825=CARTESIAN_POINT('',(1.82,2.65,1.5));
#11826=CARTESIAN_POINT('',(2.14,1.64999999999998,1.5));
#11827=CARTESIAN_POINT('',(1.82,1.64999999999998,1.5));
#11828=CARTESIAN_POINT('',(2.14,1.64999999999998,1.5));
#11829=CARTESIAN_POINT('Origin',(2.14,1.64999999999984,1.2));
#11830=CARTESIAN_POINT('Origin',(2.14,2.65,1.2));
#11831=CARTESIAN_POINT('Origin',(2.14,1.64999999999984,1.2));
#11832=CARTESIAN_POINT('Origin',(2.54,1.64999999999984,0.250000000000001));
#11833=CARTESIAN_POINT('',(-2.4575,1.65,0.45));
#11834=CARTESIAN_POINT('Origin',(-2.4575,2.45,0.45));
#11835=CARTESIAN_POINT('',(-2.4575,2.45,0.45));
#11836=CARTESIAN_POINT('Origin',(-2.4575,2.45,-0.0499999999999998));
#11837=CARTESIAN_POINT('Origin',(-2.4575,1.75000000000001,0.45));
#11838=CARTESIAN_POINT('',(-2.4575,1.75000000000001,0.45));
#11839=CARTESIAN_POINT('Origin',(-2.4575,1.65,0.45));
#11840=CARTESIAN_POINT('Origin',(2.44,2.65,0.950000000000001));
#11841=CARTESIAN_POINT('',(2.44,2.65,0.950000000000001));
#11842=CARTESIAN_POINT('Origin',(2.14,2.65,1.2));
#11843=CARTESIAN_POINT('Origin',(-1.085,1.85,1.1));
#11844=CARTESIAN_POINT('',(-1.085,1.85,1.1));
#11845=CARTESIAN_POINT('',(-1.085,1.85,1.1));
#11846=CARTESIAN_POINT('',(-1.085,1.85,1.1));
#11847=CARTESIAN_POINT('Origin',(-1.085,0.,0.));
#11848=CARTESIAN_POINT('',(-1.085,1.75,1.1));
#11849=CARTESIAN_POINT('',(-1.085,1.6,1.18));
#11850=CARTESIAN_POINT('',(-1.085,1.75,1.1));
#11851=CARTESIAN_POINT('Origin',(-1.085,1.6,1.18));
#11852=CARTESIAN_POINT('',(-1.085,1.75,1.1));
#11853=CARTESIAN_POINT('Origin',(-1.085,1.75,1.1));
#11854=CARTESIAN_POINT('Origin',(1.5,3.5,0.05));
#11855=CARTESIAN_POINT('',(0.900000000000001,3.5,0.05));
#11856=CARTESIAN_POINT('',(0.900000000000001,3.5,0.05));
#11857=CARTESIAN_POINT('',(1.5,3.5,0.05));
#11858=CARTESIAN_POINT('',(1.5,3.5,0.05));
#11859=CARTESIAN_POINT('',(1.5,3.5,0.05));
#11860=CARTESIAN_POINT('Origin',(1.5,4.1,0.3));
#11861=CARTESIAN_POINT('',(1.3,4.02,0.3));
#11862=CARTESIAN_POINT('',(1.3,3.65,0.3));
#11863=CARTESIAN_POINT('',(1.3,4.1,0.3));
#11864=CARTESIAN_POINT('',(1.1,4.02,0.3));
#11865=CARTESIAN_POINT('',(1.5,4.02,0.3));
#11866=CARTESIAN_POINT('',(1.1,3.65,0.3));
#11867=CARTESIAN_POINT('',(1.1,4.1,0.3));
#11868=CARTESIAN_POINT('',(0.900000000000001,3.65,0.3));
#11869=CARTESIAN_POINT('',(1.5,3.65,0.3));
#11870=CARTESIAN_POINT('',(0.900000000000001,4.1,0.3));
#11871=CARTESIAN_POINT('',(1.5,3.65,0.3));
#11872=CARTESIAN_POINT('',(1.5,4.1,0.3));
#11873=CARTESIAN_POINT('',(1.5,3.65,0.3));
#11874=CARTESIAN_POINT('Origin',(1.5,3.65,0.3));
#11875=CARTESIAN_POINT('',(1.3,3.65,0.2));
#11876=CARTESIAN_POINT('',(1.3,3.65,0.3));
#11877=CARTESIAN_POINT('',(1.5,3.65,0.125));
#11878=CARTESIAN_POINT('',(1.5,3.65,0.3));
#11879=CARTESIAN_POINT('',(0.900000000000001,3.65,0.125));
#11880=CARTESIAN_POINT('',(1.5,3.65,0.125));
#11881=CARTESIAN_POINT('',(0.900000000000001,3.65,0.3));
#11882=CARTESIAN_POINT('',(1.1,3.65,0.2));
#11883=CARTESIAN_POINT('',(1.1,3.65,0.3));
#11884=CARTESIAN_POINT('',(1.5,3.65,0.2));
#11885=CARTESIAN_POINT('Origin',(1.5,3.65,0.125));
#11886=CARTESIAN_POINT('',(0.900000000000001,3.65,0.125));
#11887=CARTESIAN_POINT('',(1.5,3.65,0.125));
#11888=CARTESIAN_POINT('Origin',(1.5,0.,0.));
#11889=CARTESIAN_POINT('Origin',(0.900000000000001,0.,0.));
#11890=CARTESIAN_POINT('Origin',(0.7,3.5,0.05));
#11891=CARTESIAN_POINT('',(0.1,3.5,0.05));
#11892=CARTESIAN_POINT('',(0.1,3.5,0.05));
#11893=CARTESIAN_POINT('',(0.7,3.5,0.05));
#11894=CARTESIAN_POINT('',(0.7,3.5,0.05));
#11895=CARTESIAN_POINT('',(0.7,3.5,0.05));
#11896=CARTESIAN_POINT('Origin',(0.7,4.1,0.3));
#11897=CARTESIAN_POINT('',(0.5,4.02,0.3));
#11898=CARTESIAN_POINT('',(0.5,3.65,0.3));
#11899=CARTESIAN_POINT('',(0.5,4.1,0.3));
#11900=CARTESIAN_POINT('',(0.3,4.02,0.3));
#11901=CARTESIAN_POINT('',(0.7,4.02,0.3));
#11902=CARTESIAN_POINT('',(0.3,3.65,0.3));
#11903=CARTESIAN_POINT('',(0.3,4.1,0.3));
#11904=CARTESIAN_POINT('',(0.1,3.65,0.3));
#11905=CARTESIAN_POINT('',(0.7,3.65,0.3));
#11906=CARTESIAN_POINT('',(0.1,4.1,0.3));
#11907=CARTESIAN_POINT('',(0.7,3.65,0.3));
#11908=CARTESIAN_POINT('',(0.7,4.1,0.3));
#11909=CARTESIAN_POINT('',(0.7,3.65,0.3));
#11910=CARTESIAN_POINT('Origin',(0.7,3.65,0.3));
#11911=CARTESIAN_POINT('',(0.5,3.65,0.2));
#11912=CARTESIAN_POINT('',(0.5,3.65,0.3));
#11913=CARTESIAN_POINT('',(0.7,3.65,0.125));
#11914=CARTESIAN_POINT('',(0.7,3.65,0.3));
#11915=CARTESIAN_POINT('',(0.1,3.65,0.125));
#11916=CARTESIAN_POINT('',(0.7,3.65,0.125));
#11917=CARTESIAN_POINT('',(0.1,3.65,0.3));
#11918=CARTESIAN_POINT('',(0.3,3.65,0.2));
#11919=CARTESIAN_POINT('',(0.3,3.65,0.3));
#11920=CARTESIAN_POINT('',(0.7,3.65,0.2));
#11921=CARTESIAN_POINT('Origin',(0.7,3.65,0.125));
#11922=CARTESIAN_POINT('',(0.1,3.65,0.125));
#11923=CARTESIAN_POINT('',(0.7,3.65,0.125));
#11924=CARTESIAN_POINT('Origin',(0.7,0.,0.));
#11925=CARTESIAN_POINT('Origin',(0.1,0.,0.));
#11926=CARTESIAN_POINT('Origin',(-0.0999999999999996,3.5,0.05));
#11927=CARTESIAN_POINT('',(-0.7,3.5,0.05));
#11928=CARTESIAN_POINT('',(-0.7,3.5,0.05));
#11929=CARTESIAN_POINT('',(-0.0999999999999996,3.5,0.05));
#11930=CARTESIAN_POINT('',(-0.0999999999999996,3.5,0.05));
#11931=CARTESIAN_POINT('',(-0.0999999999999996,3.5,0.05));
#11932=CARTESIAN_POINT('Origin',(-0.0999999999999996,4.1,0.3));
#11933=CARTESIAN_POINT('',(-0.3,4.02,0.3));
#11934=CARTESIAN_POINT('',(-0.3,3.65,0.3));
#11935=CARTESIAN_POINT('',(-0.3,4.1,0.3));
#11936=CARTESIAN_POINT('',(-0.5,4.02,0.3));
#11937=CARTESIAN_POINT('',(-0.0999999999999996,4.02,0.3));
#11938=CARTESIAN_POINT('',(-0.5,3.65,0.3));
#11939=CARTESIAN_POINT('',(-0.5,4.1,0.3));
#11940=CARTESIAN_POINT('',(-0.7,3.65,0.3));
#11941=CARTESIAN_POINT('',(-0.0999999999999996,3.65,0.3));
#11942=CARTESIAN_POINT('',(-0.7,4.1,0.3));
#11943=CARTESIAN_POINT('',(-0.0999999999999996,3.65,0.3));
#11944=CARTESIAN_POINT('',(-0.0999999999999996,4.1,0.3));
#11945=CARTESIAN_POINT('',(-0.0999999999999996,3.65,0.3));
#11946=CARTESIAN_POINT('Origin',(-0.0999999999999996,3.65,0.3));
#11947=CARTESIAN_POINT('',(-0.3,3.65,0.2));
#11948=CARTESIAN_POINT('',(-0.3,3.65,0.3));
#11949=CARTESIAN_POINT('',(-0.0999999999999996,3.65,0.125));
#11950=CARTESIAN_POINT('',(-0.0999999999999996,3.65,0.3));
#11951=CARTESIAN_POINT('',(-0.7,3.65,0.125));
#11952=CARTESIAN_POINT('',(-0.0999999999999996,3.65,0.125));
#11953=CARTESIAN_POINT('',(-0.7,3.65,0.3));
#11954=CARTESIAN_POINT('',(-0.5,3.65,0.2));
#11955=CARTESIAN_POINT('',(-0.5,3.65,0.3));
#11956=CARTESIAN_POINT('',(-0.0999999999999996,3.65,0.2));
#11957=CARTESIAN_POINT('Origin',(-0.0999999999999996,3.65,0.125));
#11958=CARTESIAN_POINT('',(-0.7,3.65,0.125));
#11959=CARTESIAN_POINT('',(-0.0999999999999996,3.65,0.125));
#11960=CARTESIAN_POINT('Origin',(-0.0999999999999996,0.,0.));
#11961=CARTESIAN_POINT('Origin',(-0.7,0.,0.));
#11962=CARTESIAN_POINT('Origin',(-0.3,3.72,0.2));
#11963=CARTESIAN_POINT('',(-0.5,3.72,0.2));
#11964=CARTESIAN_POINT('',(-0.5,3.72,0.0500000000000003));
#11965=CARTESIAN_POINT('',(-0.5,3.72,0.2));
#11966=CARTESIAN_POINT('',(-0.3,3.72,0.0500000000000003));
#11967=CARTESIAN_POINT('',(-0.3,3.72,0.0500000000000003));
#11968=CARTESIAN_POINT('',(-0.3,3.72,0.2));
#11969=CARTESIAN_POINT('',(-0.3,3.72,0.2));
#11970=CARTESIAN_POINT('',(-0.3,3.72,0.2));
#11971=CARTESIAN_POINT('Origin',(-0.3,3.72,0.0500000000000003));
#11972=CARTESIAN_POINT('',(-0.5,3.82,-0.0499999999999998));
#11973=CARTESIAN_POINT('',(-0.5,3.72,0.0500000000000003));
#11974=CARTESIAN_POINT('',(-0.3,3.82,-0.0499999999999998));
#11975=CARTESIAN_POINT('',(-0.3,3.82,-0.0499999999999998));
#11976=CARTESIAN_POINT('',(-0.3,3.72,0.0500000000000003));
#11977=CARTESIAN_POINT('Origin',(-0.3,3.82,-0.0499999999999997));
#11978=CARTESIAN_POINT('',(-0.5,4.02,-0.0499999999999997));
#11979=CARTESIAN_POINT('',(-0.5,3.82,-0.0499999999999997));
#11980=CARTESIAN_POINT('',(-0.3,4.02,-0.0499999999999997));
#11981=CARTESIAN_POINT('',(-0.3,4.02,-0.0499999999999997));
#11982=CARTESIAN_POINT('',(-0.3,3.82,-0.0499999999999997));
#11983=CARTESIAN_POINT('Origin',(-0.3,4.02,-0.0499999999999997));
#11984=CARTESIAN_POINT('',(-0.5,4.1,0.0300000000000003));
#11985=CARTESIAN_POINT('',(-0.5,4.02,-0.0499999999999997));
#11986=CARTESIAN_POINT('',(-0.3,4.1,0.0300000000000003));
#11987=CARTESIAN_POINT('',(-0.3,4.1,0.0300000000000003));
#11988=CARTESIAN_POINT('',(-0.3,4.02,-0.0499999999999997));
#11989=CARTESIAN_POINT('Origin',(-0.3,4.1,0.0300000000000003));
#11990=CARTESIAN_POINT('',(-0.5,4.1,0.15));
#11991=CARTESIAN_POINT('',(-0.5,4.1,0.0300000000000003));
#11992=CARTESIAN_POINT('',(-0.3,4.1,0.15));
#11993=CARTESIAN_POINT('',(-0.3,4.1,0.15));
#11994=CARTESIAN_POINT('',(-0.3,4.1,0.0300000000000003));
#11995=CARTESIAN_POINT('Origin',(-0.3,4.1,0.15));
#11996=CARTESIAN_POINT('',(-0.5,4.02,0.15));
#11997=CARTESIAN_POINT('',(-0.5,4.1,0.15));
#11998=CARTESIAN_POINT('',(-0.3,4.02,0.15));
#11999=CARTESIAN_POINT('',(-0.3,4.02,0.15));
#12000=CARTESIAN_POINT('',(-0.3,4.1,0.15));
#12001=CARTESIAN_POINT('Origin',(-0.3,2.03,0.280000000000001));
#12002=CARTESIAN_POINT('',(-0.3,4.02,0.15));
#12003=CARTESIAN_POINT('',(-0.3,1.95,0.2));
#12004=CARTESIAN_POINT('Origin',(-0.5,2.03,0.280000000000001));
#12005=CARTESIAN_POINT('',(-0.5,4.02,0.15));
#12006=CARTESIAN_POINT('',(-0.5,1.95,0.2));
#12007=CARTESIAN_POINT('Origin',(-0.3,1.95,0.2));
#12008=CARTESIAN_POINT('Origin',(-0.3,4.02,0.15));
#12009=CARTESIAN_POINT('Origin',(0.5,3.72,0.2));
#12010=CARTESIAN_POINT('',(0.3,3.72,0.2));
#12011=CARTESIAN_POINT('',(0.3,3.72,0.0500000000000003));
#12012=CARTESIAN_POINT('',(0.3,3.72,0.2));
#12013=CARTESIAN_POINT('',(0.5,3.72,0.0500000000000003));
#12014=CARTESIAN_POINT('',(0.5,3.72,0.0500000000000003));
#12015=CARTESIAN_POINT('',(0.5,3.72,0.2));
#12016=CARTESIAN_POINT('',(0.5,3.72,0.2));
#12017=CARTESIAN_POINT('',(0.5,3.72,0.2));
#12018=CARTESIAN_POINT('Origin',(0.5,3.72,0.0500000000000003));
#12019=CARTESIAN_POINT('',(0.3,3.82,-0.0499999999999998));
#12020=CARTESIAN_POINT('',(0.3,3.72,0.0500000000000003));
#12021=CARTESIAN_POINT('',(0.5,3.82,-0.0499999999999998));
#12022=CARTESIAN_POINT('',(0.5,3.82,-0.0499999999999998));
#12023=CARTESIAN_POINT('',(0.5,3.72,0.0500000000000003));
#12024=CARTESIAN_POINT('Origin',(0.5,3.82,-0.0499999999999997));
#12025=CARTESIAN_POINT('',(0.3,4.02,-0.0499999999999997));
#12026=CARTESIAN_POINT('',(0.3,3.82,-0.0499999999999997));
#12027=CARTESIAN_POINT('',(0.5,4.02,-0.0499999999999997));
#12028=CARTESIAN_POINT('',(0.5,4.02,-0.0499999999999997));
#12029=CARTESIAN_POINT('',(0.5,3.82,-0.0499999999999997));
#12030=CARTESIAN_POINT('Origin',(0.5,4.02,-0.0499999999999997));
#12031=CARTESIAN_POINT('',(0.3,4.1,0.0300000000000003));
#12032=CARTESIAN_POINT('',(0.3,4.02,-0.0499999999999997));
#12033=CARTESIAN_POINT('',(0.5,4.1,0.0300000000000003));
#12034=CARTESIAN_POINT('',(0.5,4.1,0.0300000000000003));
#12035=CARTESIAN_POINT('',(0.5,4.02,-0.0499999999999997));
#12036=CARTESIAN_POINT('Origin',(0.5,4.1,0.0300000000000003));
#12037=CARTESIAN_POINT('',(0.3,4.1,0.15));
#12038=CARTESIAN_POINT('',(0.3,4.1,0.0300000000000003));
#12039=CARTESIAN_POINT('',(0.5,4.1,0.15));
#12040=CARTESIAN_POINT('',(0.5,4.1,0.15));
#12041=CARTESIAN_POINT('',(0.5,4.1,0.0300000000000003));
#12042=CARTESIAN_POINT('Origin',(0.5,4.1,0.15));
#12043=CARTESIAN_POINT('',(0.3,4.02,0.15));
#12044=CARTESIAN_POINT('',(0.3,4.1,0.15));
#12045=CARTESIAN_POINT('',(0.5,4.02,0.15));
#12046=CARTESIAN_POINT('',(0.5,4.02,0.15));
#12047=CARTESIAN_POINT('',(0.5,4.1,0.15));
#12048=CARTESIAN_POINT('Origin',(0.5,2.03,0.280000000000001));
#12049=CARTESIAN_POINT('',(0.5,4.02,0.15));
#12050=CARTESIAN_POINT('',(0.5,1.95,0.2));
#12051=CARTESIAN_POINT('Origin',(0.3,2.03,0.280000000000001));
#12052=CARTESIAN_POINT('',(0.3,4.02,0.15));
#12053=CARTESIAN_POINT('',(0.3,1.95,0.2));
#12054=CARTESIAN_POINT('Origin',(0.5,1.95,0.2));
#12055=CARTESIAN_POINT('Origin',(0.5,4.02,0.15));
#12056=CARTESIAN_POINT('Origin',(1.3,3.72,0.2));
#12057=CARTESIAN_POINT('',(1.1,3.72,0.2));
#12058=CARTESIAN_POINT('',(1.1,3.72,0.0500000000000003));
#12059=CARTESIAN_POINT('',(1.1,3.72,0.2));
#12060=CARTESIAN_POINT('',(1.3,3.72,0.0500000000000003));
#12061=CARTESIAN_POINT('',(1.3,3.72,0.0500000000000003));
#12062=CARTESIAN_POINT('',(1.3,3.72,0.2));
#12063=CARTESIAN_POINT('',(1.3,3.72,0.2));
#12064=CARTESIAN_POINT('',(1.3,3.72,0.2));
#12065=CARTESIAN_POINT('Origin',(1.3,3.72,0.0500000000000003));
#12066=CARTESIAN_POINT('',(1.1,3.82,-0.0499999999999998));
#12067=CARTESIAN_POINT('',(1.1,3.72,0.0500000000000003));
#12068=CARTESIAN_POINT('',(1.3,3.82,-0.0499999999999998));
#12069=CARTESIAN_POINT('',(1.3,3.82,-0.0499999999999998));
#12070=CARTESIAN_POINT('',(1.3,3.72,0.0500000000000003));
#12071=CARTESIAN_POINT('Origin',(1.3,3.82,-0.0499999999999997));
#12072=CARTESIAN_POINT('',(1.1,4.02,-0.0499999999999997));
#12073=CARTESIAN_POINT('',(1.1,3.82,-0.0499999999999997));
#12074=CARTESIAN_POINT('',(1.3,4.02,-0.0499999999999997));
#12075=CARTESIAN_POINT('',(1.3,4.02,-0.0499999999999997));
#12076=CARTESIAN_POINT('',(1.3,3.82,-0.0499999999999997));
#12077=CARTESIAN_POINT('Origin',(1.3,4.02,-0.0499999999999997));
#12078=CARTESIAN_POINT('',(1.1,4.1,0.0300000000000003));
#12079=CARTESIAN_POINT('',(1.1,4.02,-0.0499999999999997));
#12080=CARTESIAN_POINT('',(1.3,4.1,0.0300000000000003));
#12081=CARTESIAN_POINT('',(1.3,4.1,0.0300000000000003));
#12082=CARTESIAN_POINT('',(1.3,4.02,-0.0499999999999997));
#12083=CARTESIAN_POINT('Origin',(1.3,4.1,0.0300000000000003));
#12084=CARTESIAN_POINT('',(1.1,4.1,0.15));
#12085=CARTESIAN_POINT('',(1.1,4.1,0.0300000000000003));
#12086=CARTESIAN_POINT('',(1.3,4.1,0.15));
#12087=CARTESIAN_POINT('',(1.3,4.1,0.15));
#12088=CARTESIAN_POINT('',(1.3,4.1,0.0300000000000003));
#12089=CARTESIAN_POINT('Origin',(1.3,4.1,0.15));
#12090=CARTESIAN_POINT('',(1.1,4.02,0.15));
#12091=CARTESIAN_POINT('',(1.1,4.1,0.15));
#12092=CARTESIAN_POINT('',(1.3,4.02,0.15));
#12093=CARTESIAN_POINT('',(1.3,4.02,0.15));
#12094=CARTESIAN_POINT('',(1.3,4.1,0.15));
#12095=CARTESIAN_POINT('Origin',(1.3,2.03,0.280000000000001));
#12096=CARTESIAN_POINT('',(1.3,4.02,0.15));
#12097=CARTESIAN_POINT('',(1.3,1.95,0.2));
#12098=CARTESIAN_POINT('Origin',(1.1,2.03,0.280000000000001));
#12099=CARTESIAN_POINT('',(1.1,4.02,0.15));
#12100=CARTESIAN_POINT('',(1.1,1.95,0.2));
#12101=CARTESIAN_POINT('Origin',(1.3,1.95,0.2));
#12102=CARTESIAN_POINT('Origin',(1.3,4.02,0.15));
#12103=CARTESIAN_POINT('Origin',(1.3,2.04,1.09196152422707));
#12104=CARTESIAN_POINT('',(1.1,1.95,1.09196152422707));
#12105=CARTESIAN_POINT('',(1.1,1.995,1.01401923788647));
#12106=CARTESIAN_POINT('Origin',(1.1,2.04,1.09196152422707));
#12107=CARTESIAN_POINT('',(1.3,1.995,1.01401923788647));
#12108=CARTESIAN_POINT('',(1.3,1.995,1.01401923788647));
#12109=CARTESIAN_POINT('',(1.3,1.95,1.09196152422707));
#12110=CARTESIAN_POINT('Origin',(1.3,2.04,1.09196152422707));
#12111=CARTESIAN_POINT('',(1.3,1.95,1.09196152422707));
#12112=CARTESIAN_POINT('Origin',(1.3,1.995,1.01401923788647));
#12113=CARTESIAN_POINT('',(1.1,2.05392304845413,0.98));
#12114=CARTESIAN_POINT('',(1.1,1.995,1.01401923788647));
#12115=CARTESIAN_POINT('',(1.3,2.05392304845413,0.98));
#12116=CARTESIAN_POINT('',(1.3,2.05392304845413,0.98));
#12117=CARTESIAN_POINT('',(1.3,1.995,1.01401923788647));
#12118=CARTESIAN_POINT('Origin',(1.3,2.05392304845413,0.98));
#12119=CARTESIAN_POINT('',(1.1,2.23,0.98));
#12120=CARTESIAN_POINT('',(1.1,2.05392304845413,0.98));
#12121=CARTESIAN_POINT('',(1.3,2.23,0.98));
#12122=CARTESIAN_POINT('',(1.3,2.23,0.98));
#12123=CARTESIAN_POINT('',(1.3,2.05392304845413,0.98));
#12124=CARTESIAN_POINT('Origin',(1.3,2.15000000000004,1.03999999999998));
#12125=CARTESIAN_POINT('',(1.1,2.23844332774281,0.993333333333333));
#12126=CARTESIAN_POINT('Origin',(1.1,2.15000000000004,1.03999999999998));
#12127=CARTESIAN_POINT('',(1.3,2.23844332774281,0.993333333333333));
#12128=CARTESIAN_POINT('',(1.3,2.23844332774281,0.993333333333333));
#12129=CARTESIAN_POINT('Origin',(1.3,2.15000000000004,1.03999999999998));
#12130=CARTESIAN_POINT('Origin',(1.3,2.28266499161422,0.97));
#12131=CARTESIAN_POINT('',(1.1,2.28162199911082,1.01998912048274));
#12132=CARTESIAN_POINT('Origin',(1.1,2.28266499161422,0.97));
#12133=CARTESIAN_POINT('',(1.3,2.28162199911082,1.01998912048274));
#12134=CARTESIAN_POINT('',(1.3,2.28162199911082,1.01998912048274));
#12135=CARTESIAN_POINT('Origin',(1.3,2.28266499161422,0.97));
#12136=CARTESIAN_POINT('Origin',(1.1,2.03,0.280000000000001));
#12137=CARTESIAN_POINT('',(1.1,1.95,1.33));
#12138=CARTESIAN_POINT('',(1.1,2.28162199911082,1.01998912048274));
#12139=CARTESIAN_POINT('Origin',(1.3,2.03,0.280000000000001));
#12140=CARTESIAN_POINT('',(1.3,1.95,1.33));
#12141=CARTESIAN_POINT('',(1.3,2.28162199911082,1.01998912048274));
#12142=CARTESIAN_POINT('Origin',(1.3,2.28162199911082,1.01998912048274));
#12143=CARTESIAN_POINT('Origin',(1.3,1.95,1.33));
#12144=CARTESIAN_POINT('Origin',(1.3,1.95,0.28));
#12145=CARTESIAN_POINT('',(1.1,1.95,0.280000000000001));
#12146=CARTESIAN_POINT('',(1.1,1.95,0.28));
#12147=CARTESIAN_POINT('',(1.3,1.95,0.280000000000001));
#12148=CARTESIAN_POINT('',(1.3,1.95,0.28));
#12149=CARTESIAN_POINT('',(1.3,1.95,0.280000000000001));
#12150=CARTESIAN_POINT('Origin',(1.3,2.03,0.280000000000001));
#12151=CARTESIAN_POINT('',(1.3,2.34,0.4));
#12152=CARTESIAN_POINT('',(1.3,3.72,0.4));
#12153=CARTESIAN_POINT('',(1.3,2.3,0.44));
#12154=CARTESIAN_POINT('',(1.3,2.34,0.4));
#12155=CARTESIAN_POINT('',(1.3,2.1,0.44));
#12156=CARTESIAN_POINT('',(1.3,2.3,0.44));
#12157=CARTESIAN_POINT('',(1.3,1.9795378897993,0.342077173212806));
#12158=CARTESIAN_POINT('',(1.3,2.1,0.44));
#12159=CARTESIAN_POINT('Origin',(1.3,2.03,0.280000000000001));
#12160=CARTESIAN_POINT('Origin',(1.1,2.03,0.280000000000001));
#12161=CARTESIAN_POINT('',(1.1,1.9795378897993,0.342077173212806));
#12162=CARTESIAN_POINT('Origin',(1.1,2.03,0.280000000000001));
#12163=CARTESIAN_POINT('',(1.1,2.1,0.44));
#12164=CARTESIAN_POINT('',(1.1,2.1,0.44));
#12165=CARTESIAN_POINT('',(1.1,2.3,0.44));
#12166=CARTESIAN_POINT('',(1.1,2.3,0.44));
#12167=CARTESIAN_POINT('',(1.1,2.34,0.4));
#12168=CARTESIAN_POINT('',(1.1,2.34,0.4));
#12169=CARTESIAN_POINT('',(1.1,3.72,0.4));
#12170=CARTESIAN_POINT('Origin',(1.3,2.03,0.280000000000001));
#12171=CARTESIAN_POINT('',(1.3,1.9795378897993,0.342077173212806));
#12172=CARTESIAN_POINT('Origin',(1.3,3.72,0.4));
#12173=CARTESIAN_POINT('',(1.3,2.34,0.4));
#12174=CARTESIAN_POINT('Origin',(1.3,2.34,0.4));
#12175=CARTESIAN_POINT('',(1.3,2.3,0.44));
#12176=CARTESIAN_POINT('Origin',(1.3,2.3,0.44));
#12177=CARTESIAN_POINT('',(1.3,2.1,0.44));
#12178=CARTESIAN_POINT('Origin',(1.3,2.1,0.44));
#12179=CARTESIAN_POINT('Origin',(0.5,2.04,1.09196152422707));
#12180=CARTESIAN_POINT('',(0.3,1.95,1.09196152422707));
#12181=CARTESIAN_POINT('',(0.3,1.995,1.01401923788647));
#12182=CARTESIAN_POINT('Origin',(0.3,2.04,1.09196152422707));
#12183=CARTESIAN_POINT('',(0.5,1.995,1.01401923788647));
#12184=CARTESIAN_POINT('',(0.5,1.995,1.01401923788647));
#12185=CARTESIAN_POINT('',(0.5,1.95,1.09196152422707));
#12186=CARTESIAN_POINT('Origin',(0.5,2.04,1.09196152422707));
#12187=CARTESIAN_POINT('',(0.5,1.95,1.09196152422707));
#12188=CARTESIAN_POINT('Origin',(0.5,1.995,1.01401923788647));
#12189=CARTESIAN_POINT('',(0.3,2.05392304845413,0.98));
#12190=CARTESIAN_POINT('',(0.3,1.995,1.01401923788647));
#12191=CARTESIAN_POINT('',(0.5,2.05392304845413,0.98));
#12192=CARTESIAN_POINT('',(0.5,2.05392304845413,0.98));
#12193=CARTESIAN_POINT('',(0.5,1.995,1.01401923788647));
#12194=CARTESIAN_POINT('Origin',(0.5,2.05392304845413,0.98));
#12195=CARTESIAN_POINT('',(0.3,2.23,0.98));
#12196=CARTESIAN_POINT('',(0.3,2.05392304845413,0.98));
#12197=CARTESIAN_POINT('',(0.5,2.23,0.98));
#12198=CARTESIAN_POINT('',(0.5,2.23,0.98));
#12199=CARTESIAN_POINT('',(0.5,2.05392304845413,0.98));
#12200=CARTESIAN_POINT('Origin',(0.5,2.15000000000004,1.03999999999998));
#12201=CARTESIAN_POINT('',(0.3,2.23844332774281,0.993333333333333));
#12202=CARTESIAN_POINT('Origin',(0.3,2.15000000000004,1.03999999999998));
#12203=CARTESIAN_POINT('',(0.5,2.23844332774281,0.993333333333333));
#12204=CARTESIAN_POINT('',(0.5,2.23844332774281,0.993333333333333));
#12205=CARTESIAN_POINT('Origin',(0.5,2.15000000000004,1.03999999999998));
#12206=CARTESIAN_POINT('Origin',(0.5,2.28266499161422,0.97));
#12207=CARTESIAN_POINT('',(0.3,2.28162199911082,1.01998912048274));
#12208=CARTESIAN_POINT('Origin',(0.3,2.28266499161422,0.97));
#12209=CARTESIAN_POINT('',(0.5,2.28162199911082,1.01998912048274));
#12210=CARTESIAN_POINT('',(0.5,2.28162199911082,1.01998912048274));
#12211=CARTESIAN_POINT('Origin',(0.5,2.28266499161422,0.97));
#12212=CARTESIAN_POINT('Origin',(0.3,2.03,0.280000000000001));
#12213=CARTESIAN_POINT('',(0.3,1.95,1.33));
#12214=CARTESIAN_POINT('',(0.3,2.28162199911082,1.01998912048274));
#12215=CARTESIAN_POINT('Origin',(0.5,2.03,0.280000000000001));
#12216=CARTESIAN_POINT('',(0.5,1.95,1.33));
#12217=CARTESIAN_POINT('',(0.5,2.28162199911082,1.01998912048274));
#12218=CARTESIAN_POINT('Origin',(0.5,2.28162199911082,1.01998912048274));
#12219=CARTESIAN_POINT('Origin',(0.5,1.95,1.33));
#12220=CARTESIAN_POINT('Origin',(0.5,1.95,0.28));
#12221=CARTESIAN_POINT('',(0.3,1.95,0.280000000000001));
#12222=CARTESIAN_POINT('',(0.3,1.95,0.28));
#12223=CARTESIAN_POINT('',(0.5,1.95,0.280000000000001));
#12224=CARTESIAN_POINT('',(0.5,1.95,0.28));
#12225=CARTESIAN_POINT('',(0.5,1.95,0.280000000000001));
#12226=CARTESIAN_POINT('Origin',(0.5,2.03,0.280000000000001));
#12227=CARTESIAN_POINT('',(0.5,2.34,0.4));
#12228=CARTESIAN_POINT('',(0.5,3.72,0.4));
#12229=CARTESIAN_POINT('',(0.5,2.3,0.44));
#12230=CARTESIAN_POINT('',(0.5,2.34,0.4));
#12231=CARTESIAN_POINT('',(0.5,2.1,0.44));
#12232=CARTESIAN_POINT('',(0.5,2.3,0.44));
#12233=CARTESIAN_POINT('',(0.5,1.9795378897993,0.342077173212806));
#12234=CARTESIAN_POINT('',(0.5,2.1,0.44));
#12235=CARTESIAN_POINT('Origin',(0.5,2.03,0.280000000000001));
#12236=CARTESIAN_POINT('Origin',(0.3,2.03,0.280000000000001));
#12237=CARTESIAN_POINT('',(0.3,1.9795378897993,0.342077173212806));
#12238=CARTESIAN_POINT('Origin',(0.3,2.03,0.280000000000001));
#12239=CARTESIAN_POINT('',(0.3,2.1,0.44));
#12240=CARTESIAN_POINT('',(0.3,2.1,0.44));
#12241=CARTESIAN_POINT('',(0.3,2.3,0.44));
#12242=CARTESIAN_POINT('',(0.3,2.3,0.44));
#12243=CARTESIAN_POINT('',(0.3,2.34,0.4));
#12244=CARTESIAN_POINT('',(0.3,2.34,0.4));
#12245=CARTESIAN_POINT('',(0.3,3.72,0.4));
#12246=CARTESIAN_POINT('Origin',(0.5,2.03,0.280000000000001));
#12247=CARTESIAN_POINT('',(0.5,1.9795378897993,0.342077173212806));
#12248=CARTESIAN_POINT('Origin',(0.5,3.72,0.4));
#12249=CARTESIAN_POINT('',(0.5,2.34,0.4));
#12250=CARTESIAN_POINT('Origin',(0.5,2.34,0.4));
#12251=CARTESIAN_POINT('',(0.5,2.3,0.44));
#12252=CARTESIAN_POINT('Origin',(0.5,2.3,0.44));
#12253=CARTESIAN_POINT('',(0.5,2.1,0.44));
#12254=CARTESIAN_POINT('Origin',(0.5,2.1,0.44));
#12255=CARTESIAN_POINT('Origin',(-0.3,2.04,1.09196152422707));
#12256=CARTESIAN_POINT('',(-0.5,1.95,1.09196152422707));
#12257=CARTESIAN_POINT('',(-0.5,1.995,1.01401923788647));
#12258=CARTESIAN_POINT('Origin',(-0.5,2.04,1.09196152422707));
#12259=CARTESIAN_POINT('',(-0.3,1.995,1.01401923788647));
#12260=CARTESIAN_POINT('',(-0.3,1.995,1.01401923788647));
#12261=CARTESIAN_POINT('',(-0.3,1.95,1.09196152422707));
#12262=CARTESIAN_POINT('Origin',(-0.3,2.04,1.09196152422707));
#12263=CARTESIAN_POINT('',(-0.3,1.95,1.09196152422707));
#12264=CARTESIAN_POINT('Origin',(-0.3,1.995,1.01401923788647));
#12265=CARTESIAN_POINT('',(-0.5,2.05392304845413,0.98));
#12266=CARTESIAN_POINT('',(-0.5,1.995,1.01401923788647));
#12267=CARTESIAN_POINT('',(-0.3,2.05392304845413,0.98));
#12268=CARTESIAN_POINT('',(-0.3,2.05392304845413,0.98));
#12269=CARTESIAN_POINT('',(-0.3,1.995,1.01401923788647));
#12270=CARTESIAN_POINT('Origin',(-0.3,2.05392304845413,0.98));
#12271=CARTESIAN_POINT('',(-0.5,2.23,0.98));
#12272=CARTESIAN_POINT('',(-0.5,2.05392304845413,0.98));
#12273=CARTESIAN_POINT('',(-0.3,2.23,0.98));
#12274=CARTESIAN_POINT('',(-0.3,2.23,0.98));
#12275=CARTESIAN_POINT('',(-0.3,2.05392304845413,0.98));
#12276=CARTESIAN_POINT('Origin',(-0.3,2.15000000000004,1.03999999999998));
#12277=CARTESIAN_POINT('',(-0.5,2.23844332774281,0.993333333333333));
#12278=CARTESIAN_POINT('Origin',(-0.5,2.15000000000004,1.03999999999998));
#12279=CARTESIAN_POINT('',(-0.3,2.23844332774281,0.993333333333333));
#12280=CARTESIAN_POINT('',(-0.3,2.23844332774281,0.993333333333333));
#12281=CARTESIAN_POINT('Origin',(-0.3,2.15000000000004,1.03999999999998));
#12282=CARTESIAN_POINT('Origin',(-0.3,2.28266499161422,0.97));
#12283=CARTESIAN_POINT('',(-0.5,2.28162199911082,1.01998912048274));
#12284=CARTESIAN_POINT('Origin',(-0.5,2.28266499161422,0.97));
#12285=CARTESIAN_POINT('',(-0.3,2.28162199911082,1.01998912048274));
#12286=CARTESIAN_POINT('',(-0.3,2.28162199911082,1.01998912048274));
#12287=CARTESIAN_POINT('Origin',(-0.3,2.28266499161422,0.97));
#12288=CARTESIAN_POINT('Origin',(-0.5,2.03,0.280000000000001));
#12289=CARTESIAN_POINT('',(-0.5,1.95,1.33));
#12290=CARTESIAN_POINT('',(-0.5,2.28162199911082,1.01998912048274));
#12291=CARTESIAN_POINT('Origin',(-0.3,2.03,0.280000000000001));
#12292=CARTESIAN_POINT('',(-0.3,1.95,1.33));
#12293=CARTESIAN_POINT('',(-0.3,2.28162199911082,1.01998912048274));
#12294=CARTESIAN_POINT('Origin',(-0.3,2.28162199911082,1.01998912048274));
#12295=CARTESIAN_POINT('Origin',(-0.3,1.95,1.33));
#12296=CARTESIAN_POINT('Origin',(-0.3,1.95,0.28));
#12297=CARTESIAN_POINT('',(-0.5,1.95,0.280000000000001));
#12298=CARTESIAN_POINT('',(-0.5,1.95,0.28));
#12299=CARTESIAN_POINT('',(-0.3,1.95,0.280000000000001));
#12300=CARTESIAN_POINT('',(-0.3,1.95,0.28));
#12301=CARTESIAN_POINT('',(-0.3,1.95,0.280000000000001));
#12302=CARTESIAN_POINT('Origin',(-0.3,2.03,0.280000000000001));
#12303=CARTESIAN_POINT('',(-0.3,2.34,0.4));
#12304=CARTESIAN_POINT('',(-0.3,3.72,0.4));
#12305=CARTESIAN_POINT('',(-0.3,2.3,0.44));
#12306=CARTESIAN_POINT('',(-0.3,2.34,0.4));
#12307=CARTESIAN_POINT('',(-0.3,2.1,0.44));
#12308=CARTESIAN_POINT('',(-0.3,2.3,0.44));
#12309=CARTESIAN_POINT('',(-0.3,1.9795378897993,0.342077173212806));
#12310=CARTESIAN_POINT('',(-0.3,2.1,0.44));
#12311=CARTESIAN_POINT('Origin',(-0.3,2.03,0.280000000000001));
#12312=CARTESIAN_POINT('Origin',(-0.5,2.03,0.280000000000001));
#12313=CARTESIAN_POINT('',(-0.5,1.9795378897993,0.342077173212806));
#12314=CARTESIAN_POINT('Origin',(-0.5,2.03,0.280000000000001));
#12315=CARTESIAN_POINT('',(-0.5,2.1,0.44));
#12316=CARTESIAN_POINT('',(-0.5,2.1,0.44));
#12317=CARTESIAN_POINT('',(-0.5,2.3,0.44));
#12318=CARTESIAN_POINT('',(-0.5,2.3,0.44));
#12319=CARTESIAN_POINT('',(-0.5,2.34,0.4));
#12320=CARTESIAN_POINT('',(-0.5,2.34,0.4));
#12321=CARTESIAN_POINT('',(-0.5,3.72,0.4));
#12322=CARTESIAN_POINT('Origin',(-0.3,2.03,0.280000000000001));
#12323=CARTESIAN_POINT('',(-0.3,1.9795378897993,0.342077173212806));
#12324=CARTESIAN_POINT('Origin',(-0.3,3.72,0.4));
#12325=CARTESIAN_POINT('',(-0.3,2.34,0.4));
#12326=CARTESIAN_POINT('Origin',(-0.3,2.34,0.4));
#12327=CARTESIAN_POINT('',(-0.3,2.3,0.44));
#12328=CARTESIAN_POINT('Origin',(-0.3,2.3,0.44));
#12329=CARTESIAN_POINT('',(-0.3,2.1,0.44));
#12330=CARTESIAN_POINT('Origin',(-0.3,2.1,0.44));
#12331=CARTESIAN_POINT('Origin',(1.085,0.,0.));
#12332=CARTESIAN_POINT('',(1.085,1.85,1.1));
#12333=CARTESIAN_POINT('',(1.085,1.85,1.1));
#12334=CARTESIAN_POINT('',(1.085,1.75,1.1));
#12335=CARTESIAN_POINT('',(1.085,1.75,1.1));
#12336=CARTESIAN_POINT('',(1.085,1.6,1.18));
#12337=CARTESIAN_POINT('Origin',(1.315,1.85,1.1));
#12338=CARTESIAN_POINT('',(1.315,1.85,1.1));
#12339=CARTESIAN_POINT('Origin',(1.315,1.6,1.18));
#12340=CARTESIAN_POINT('',(1.315,1.75,1.1));
#12341=CARTESIAN_POINT('Origin',(1.315,1.75,1.1));
#12342=CARTESIAN_POINT('Origin',(0.515,1.85,1.1));
#12343=CARTESIAN_POINT('',(0.285,1.85,1.1));
#12344=CARTESIAN_POINT('',(0.285,1.85,1.1));
#12345=CARTESIAN_POINT('',(0.515,1.85,1.1));
#12346=CARTESIAN_POINT('',(0.515,1.85,1.1));
#12347=CARTESIAN_POINT('',(0.515,1.85,1.1));
#12348=CARTESIAN_POINT('Origin',(0.515,0.,0.));
#12349=CARTESIAN_POINT('',(0.515,1.75,1.1));
#12350=CARTESIAN_POINT('',(0.515,1.6,1.18));
#12351=CARTESIAN_POINT('',(0.515,1.75,1.1));
#12352=CARTESIAN_POINT('Origin',(0.285,0.,0.));
#12353=CARTESIAN_POINT('',(0.285,1.75,1.1));
#12354=CARTESIAN_POINT('',(0.285,1.75,1.1));
#12355=CARTESIAN_POINT('',(0.285,1.6,1.18));
#12356=CARTESIAN_POINT('Origin',(0.515,1.6,1.18));
#12357=CARTESIAN_POINT('',(0.515,1.75,1.1));
#12358=CARTESIAN_POINT('Origin',(0.515,1.75,1.1));
#12359=CARTESIAN_POINT('Origin',(-0.285,1.85,1.1));
#12360=CARTESIAN_POINT('',(-0.515,1.85,1.1));
#12361=CARTESIAN_POINT('',(-0.515,1.85,1.1));
#12362=CARTESIAN_POINT('',(-0.285,1.85,1.1));
#12363=CARTESIAN_POINT('',(-0.285,1.85,1.1));
#12364=CARTESIAN_POINT('',(-0.285,1.85,1.1));
#12365=CARTESIAN_POINT('Origin',(-0.285,0.,0.));
#12366=CARTESIAN_POINT('',(-0.285,1.75,1.1));
#12367=CARTESIAN_POINT('',(-0.285,1.6,1.18));
#12368=CARTESIAN_POINT('',(-0.285,1.75,1.1));
#12369=CARTESIAN_POINT('Origin',(-0.515,0.,0.));
#12370=CARTESIAN_POINT('',(-0.515,1.75,1.1));
#12371=CARTESIAN_POINT('',(-0.515,1.75,1.1));
#12372=CARTESIAN_POINT('',(-0.515,1.6,1.18));
#12373=CARTESIAN_POINT('Origin',(-0.285,1.6,1.18));
#12374=CARTESIAN_POINT('',(-0.285,1.75,1.1));
#12375=CARTESIAN_POINT('Origin',(-0.285,1.75,1.1));
#12376=UNCERTAINTY_MEASURE_WITH_UNIT(LENGTH_MEASURE(0.01),#12380,
'DISTANCE_ACCURACY_VALUE',
'Maximum model space distance between geometric entities at asserted c
onnectivities');
#12377=UNCERTAINTY_MEASURE_WITH_UNIT(LENGTH_MEASURE(0.01),#12380,
'DISTANCE_ACCURACY_VALUE',
'Maximum model space distance between geometric entities at asserted c
onnectivities');
#12378=(
GEOMETRIC_REPRESENTATION_CONTEXT(3)
GLOBAL_UNCERTAINTY_ASSIGNED_CONTEXT((#12376))
GLOBAL_UNIT_ASSIGNED_CONTEXT((#12380,#12382,#12383))
REPRESENTATION_CONTEXT('','3D')
);
#12379=(
GEOMETRIC_REPRESENTATION_CONTEXT(3)
GLOBAL_UNCERTAINTY_ASSIGNED_CONTEXT((#12377))
GLOBAL_UNIT_ASSIGNED_CONTEXT((#12380,#12382,#12383))
REPRESENTATION_CONTEXT('','3D')
);
#12380=(
LENGTH_UNIT()
NAMED_UNIT(*)
SI_UNIT(.MILLI.,.METRE.)
);
#12381=(
LENGTH_UNIT()
NAMED_UNIT(*)
SI_UNIT($,.METRE.)
);
#12382=(
NAMED_UNIT(*)
PLANE_ANGLE_UNIT()
SI_UNIT($,.RADIAN.)
);
#12383=(
NAMED_UNIT(*)
SI_UNIT($,.STERADIAN.)
SOLID_ANGLE_UNIT()
);
#12384=SHAPE_DEFINITION_REPRESENTATION(#12385,#12386);
#12385=PRODUCT_DEFINITION_SHAPE('',$,#12388);
#12386=SHAPE_REPRESENTATION('',(#7400),#12378);
#12387=PRODUCT_DEFINITION_CONTEXT('part definition',#12392,'design');
#12388=PRODUCT_DEFINITION('2147210040wbm000_02',
'METUPowerLab_Connectors_SignalConnectors_2147210040 v4',#12389,#12387);
#12389=PRODUCT_DEFINITION_FORMATION('',$,#12394);
#12390=PRODUCT_RELATED_PRODUCT_CATEGORY(
'METUPowerLab_Connectors_SignalConnectors_2147210040 v4',
'METUPowerLab_Connectors_SignalConnectors_2147210040 v4',(#12394));
#12391=APPLICATION_PROTOCOL_DEFINITION('international standard',
'automotive_design',2009,#12392);
#12392=APPLICATION_CONTEXT(
'Core Data for Automotive Mechanical Design Process');
#12393=PRODUCT_CONTEXT('part definition',#12392,'mechanical');
#12394=PRODUCT('2147210040wbm000_02',
'METUPowerLab_Connectors_SignalConnectors_2147210040 v4',$,(#12393));
#12395=PRESENTATION_STYLE_ASSIGNMENT((#12399));
#12396=PRESENTATION_STYLE_ASSIGNMENT((#12400));
#12397=PRESENTATION_STYLE_ASSIGNMENT((#12401));
#12398=PRESENTATION_STYLE_ASSIGNMENT((#12402));
#12399=SURFACE_STYLE_USAGE(.BOTH.,#12403);
#12400=SURFACE_STYLE_USAGE(.BOTH.,#12404);
#12401=SURFACE_STYLE_USAGE(.BOTH.,#12405);
#12402=SURFACE_STYLE_USAGE(.BOTH.,#12406);
#12403=SURFACE_SIDE_STYLE('',(#12407));
#12404=SURFACE_SIDE_STYLE('',(#12408));
#12405=SURFACE_SIDE_STYLE('',(#12409));
#12406=SURFACE_SIDE_STYLE('',(#12410));
#12407=SURFACE_STYLE_FILL_AREA(#12411);
#12408=SURFACE_STYLE_FILL_AREA(#12412);
#12409=SURFACE_STYLE_FILL_AREA(#12413);
#12410=SURFACE_STYLE_FILL_AREA(#12414);
#12411=FILL_AREA_STYLE('Steel - Satin',(#12415));
#12412=FILL_AREA_STYLE(
'EPX 150 - Air Baked (with Carbon M2 M3 L1 3D Printers)',(#12416));
#12413=FILL_AREA_STYLE('ABS (White)',(#12417));
#12414=FILL_AREA_STYLE('Polymide (Kapton)',(#12418));
#12415=FILL_AREA_STYLE_COLOUR('Steel - Satin',#12419);
#12416=FILL_AREA_STYLE_COLOUR(
'EPX 150 - Air Baked (with Carbon M2 M3 L1 3D Printers)',#12420);
#12417=FILL_AREA_STYLE_COLOUR('ABS (White)',#12421);
#12418=FILL_AREA_STYLE_COLOUR('Polymide (Kapton)',#12422);
#12419=COLOUR_RGB('Steel - Satin',0.627450980392157,0.627450980392157,0.627450980392157);
#12420=COLOUR_RGB(
'EPX 150 - Air Baked (with Carbon M2 M3 L1 3D Printers)',0.247058823529412,
0.247058823529412,0.247058823529412);
#12421=COLOUR_RGB('ABS (White)',0.964705882352941,0.964705882352941,0.952941176470588);
#12422=COLOUR_RGB('Polymide (Kapton)',0.784313725490196,0.556862745098039,
0.0274509803921569);
ENDSEC;
END-ISO-10303-21;
