ISO-10303-21;
HEADER;
/* Generated by software containing ST-Developer
 * from STEP Tools, Inc. (www.steptools.com) 
 */

FILE_DESCRIPTION(
/* description */ ('STEP AP214'),
/* implementation_level */ '2;1');

FILE_NAME(
/* name */ 'METUPowerLab_Sensors_Encoders_16-VFQFN_.step',
/* time_stamp */ '2025-06-27T23:25:20+03:00',
/* author */ (''),
/* organization */ (''),
/* preprocessor_version */ 'ST-DEVELOPER v20.1',
/* originating_system */ 'Autodesk Translation Framework v14.10.0.0',
/* authorisation */ '');

FILE_SCHEMA (('AUTOMOTIVE_DESIGN { 1 0 10303 214 3 1 1 }'));
ENDSEC;

DATA;
#10=MECHANICAL_DESIGN_GEOMETRIC_PRESENTATION_REPRESENTATION('',(#15,#16,
#17,#18,#19,#20,#21,#22,#23,#24,#25,#26,#27,#28,#29,#30,#31,#32,#33),#5233);
#11=SHAPE_REPRESENTATION_RELATIONSHIP('SRR','None',#5240,#12);
#12=ADVANCED_BREP_SHAPE_REPRESENTATION('',(#34,#35,#36,#37,#38,#39,#40,
#41,#42,#43,#44,#45,#46,#47,#48,#49,#50,#51,#52),#5232);
#13=FACE_BOUND('',#402,.T.);
#14=FACE_BOUND('',#406,.T.);
#15=STYLED_ITEM('',(#5250),#34);
#16=STYLED_ITEM('',(#5250),#35);
#17=STYLED_ITEM('',(#5250),#36);
#18=STYLED_ITEM('',(#5250),#37);
#19=STYLED_ITEM('',(#5250),#38);
#20=STYLED_ITEM('',(#5250),#39);
#21=STYLED_ITEM('',(#5250),#40);
#22=STYLED_ITEM('',(#5250),#41);
#23=STYLED_ITEM('',(#5250),#42);
#24=STYLED_ITEM('',(#5251),#43);
#25=STYLED_ITEM('',(#5252),#44);
#26=STYLED_ITEM('',(#5250),#45);
#27=STYLED_ITEM('',(#5250),#46);
#28=STYLED_ITEM('',(#5250),#47);
#29=STYLED_ITEM('',(#5250),#48);
#30=STYLED_ITEM('',(#5250),#49);
#31=STYLED_ITEM('',(#5250),#50);
#32=STYLED_ITEM('',(#5250),#51);
#33=STYLED_ITEM('',(#5250),#52);
#34=MANIFOLD_SOLID_BREP('Body1',#3171);
#35=MANIFOLD_SOLID_BREP('Body2',#3172);
#36=MANIFOLD_SOLID_BREP('Body3',#3173);
#37=MANIFOLD_SOLID_BREP('Body4',#3174);
#38=MANIFOLD_SOLID_BREP('Body5',#3175);
#39=MANIFOLD_SOLID_BREP('Body6',#3176);
#40=MANIFOLD_SOLID_BREP('Body7',#3177);
#41=MANIFOLD_SOLID_BREP('Body8',#3178);
#42=MANIFOLD_SOLID_BREP('Body9',#3179);
#43=MANIFOLD_SOLID_BREP('Body10',#3180);
#44=MANIFOLD_SOLID_BREP('Body11',#3181);
#45=MANIFOLD_SOLID_BREP('Body12',#3182);
#46=MANIFOLD_SOLID_BREP('Body13',#3183);
#47=MANIFOLD_SOLID_BREP('Body14',#3184);
#48=MANIFOLD_SOLID_BREP('Body15',#3185);
#49=MANIFOLD_SOLID_BREP('Body16',#3186);
#50=MANIFOLD_SOLID_BREP('Body17',#3187);
#51=MANIFOLD_SOLID_BREP('Body18',#3188);
#52=MANIFOLD_SOLID_BREP('Body19',#3189);
#53=CIRCLE('',#3207,0.12);
#54=CIRCLE('',#3208,0.12);
#55=CIRCLE('',#3213,0.12);
#56=CIRCLE('',#3214,0.12);
#57=CIRCLE('',#3223,0.12);
#58=CIRCLE('',#3224,0.12);
#59=CIRCLE('',#3229,0.12);
#60=CIRCLE('',#3230,0.12);
#61=CIRCLE('',#3239,0.12);
#62=CIRCLE('',#3240,0.12);
#63=CIRCLE('',#3245,0.12);
#64=CIRCLE('',#3246,0.12);
#65=CIRCLE('',#3255,0.12);
#66=CIRCLE('',#3256,0.12);
#67=CIRCLE('',#3261,0.12);
#68=CIRCLE('',#3262,0.12);
#69=CIRCLE('',#3275,0.15);
#70=CIRCLE('',#3276,0.15);
#71=CIRCLE('',#3278,0.12);
#72=CIRCLE('',#3279,0.12);
#73=CIRCLE('',#3281,0.12);
#74=CIRCLE('',#3282,0.12);
#75=CIRCLE('',#3284,0.12);
#76=CIRCLE('',#3285,0.12);
#77=CIRCLE('',#3287,0.12);
#78=CIRCLE('',#3288,0.12);
#79=CIRCLE('',#3292,0.12);
#80=CIRCLE('',#3293,0.12);
#81=CIRCLE('',#3294,0.12);
#82=CIRCLE('',#3295,0.12);
#83=CIRCLE('',#3296,0.12);
#84=CIRCLE('',#3297,0.12);
#85=CIRCLE('',#3298,0.12);
#86=CIRCLE('',#3299,0.12);
#87=CIRCLE('',#3300,0.12);
#88=CIRCLE('',#3301,0.12);
#89=CIRCLE('',#3302,0.12);
#90=CIRCLE('',#3303,0.12);
#91=CIRCLE('',#3312,0.12);
#92=CIRCLE('',#3316,0.12);
#93=CIRCLE('',#3321,0.12);
#94=CIRCLE('',#3331,0.12);
#95=CIRCLE('',#3336,0.12);
#96=CIRCLE('',#3341,0.12);
#97=CIRCLE('',#3355,0.12);
#98=CIRCLE('',#3360,0.12);
#99=CIRCLE('',#3365,0.12);
#100=CIRCLE('',#3370,0.12);
#101=CIRCLE('',#3375,0.12);
#102=CIRCLE('',#3380,0.12);
#103=CIRCLE('',#3387,0.15);
#104=CIRCLE('',#3388,0.15);
#105=CIRCLE('',#3393,0.12);
#106=CIRCLE('',#3394,0.12);
#107=CIRCLE('',#3400,0.12);
#108=CIRCLE('',#3401,0.12);
#109=CIRCLE('',#3409,0.12);
#110=CIRCLE('',#3410,0.12);
#111=CIRCLE('',#3416,0.12);
#112=CIRCLE('',#3417,0.12);
#113=CIRCLE('',#3425,0.12);
#114=CIRCLE('',#3426,0.12);
#115=CIRCLE('',#3432,0.12);
#116=CIRCLE('',#3433,0.12);
#117=CIRCLE('',#3441,0.12);
#118=CIRCLE('',#3442,0.12);
#119=CIRCLE('',#3448,0.12);
#120=CIRCLE('',#3449,0.12);
#121=CYLINDRICAL_SURFACE('',#3206,0.12);
#122=CYLINDRICAL_SURFACE('',#3212,0.12);
#123=CYLINDRICAL_SURFACE('',#3222,0.12);
#124=CYLINDRICAL_SURFACE('',#3228,0.12);
#125=CYLINDRICAL_SURFACE('',#3238,0.12);
#126=CYLINDRICAL_SURFACE('',#3244,0.12);
#127=CYLINDRICAL_SURFACE('',#3254,0.12);
#128=CYLINDRICAL_SURFACE('',#3260,0.12);
#129=CYLINDRICAL_SURFACE('',#3274,0.15);
#130=CYLINDRICAL_SURFACE('',#3277,0.12);
#131=CYLINDRICAL_SURFACE('',#3280,0.12);
#132=CYLINDRICAL_SURFACE('',#3283,0.12);
#133=CYLINDRICAL_SURFACE('',#3286,0.12);
#134=CYLINDRICAL_SURFACE('',#3311,0.12);
#135=CYLINDRICAL_SURFACE('',#3315,0.12);
#136=CYLINDRICAL_SURFACE('',#3320,0.12);
#137=CYLINDRICAL_SURFACE('',#3330,0.12);
#138=CYLINDRICAL_SURFACE('',#3335,0.12);
#139=CYLINDRICAL_SURFACE('',#3340,0.12);
#140=CYLINDRICAL_SURFACE('',#3354,0.12);
#141=CYLINDRICAL_SURFACE('',#3359,0.12);
#142=CYLINDRICAL_SURFACE('',#3364,0.12);
#143=CYLINDRICAL_SURFACE('',#3369,0.12);
#144=CYLINDRICAL_SURFACE('',#3374,0.12);
#145=CYLINDRICAL_SURFACE('',#3379,0.12);
#146=CYLINDRICAL_SURFACE('',#3386,0.15);
#147=CYLINDRICAL_SURFACE('',#3392,0.12);
#148=CYLINDRICAL_SURFACE('',#3399,0.12);
#149=CYLINDRICAL_SURFACE('',#3408,0.12);
#150=CYLINDRICAL_SURFACE('',#3415,0.12);
#151=CYLINDRICAL_SURFACE('',#3424,0.12);
#152=CYLINDRICAL_SURFACE('',#3431,0.12);
#153=CYLINDRICAL_SURFACE('',#3440,0.12);
#154=CYLINDRICAL_SURFACE('',#3447,0.12);
#155=FACE_OUTER_BOUND('',#339,.T.);
#156=FACE_OUTER_BOUND('',#340,.T.);
#157=FACE_OUTER_BOUND('',#341,.T.);
#158=FACE_OUTER_BOUND('',#342,.T.);
#159=FACE_OUTER_BOUND('',#343,.T.);
#160=FACE_OUTER_BOUND('',#344,.T.);
#161=FACE_OUTER_BOUND('',#345,.T.);
#162=FACE_OUTER_BOUND('',#346,.T.);
#163=FACE_OUTER_BOUND('',#347,.T.);
#164=FACE_OUTER_BOUND('',#348,.T.);
#165=FACE_OUTER_BOUND('',#349,.T.);
#166=FACE_OUTER_BOUND('',#350,.T.);
#167=FACE_OUTER_BOUND('',#351,.T.);
#168=FACE_OUTER_BOUND('',#352,.T.);
#169=FACE_OUTER_BOUND('',#353,.T.);
#170=FACE_OUTER_BOUND('',#354,.T.);
#171=FACE_OUTER_BOUND('',#355,.T.);
#172=FACE_OUTER_BOUND('',#356,.T.);
#173=FACE_OUTER_BOUND('',#357,.T.);
#174=FACE_OUTER_BOUND('',#358,.T.);
#175=FACE_OUTER_BOUND('',#359,.T.);
#176=FACE_OUTER_BOUND('',#360,.T.);
#177=FACE_OUTER_BOUND('',#361,.T.);
#178=FACE_OUTER_BOUND('',#362,.T.);
#179=FACE_OUTER_BOUND('',#363,.T.);
#180=FACE_OUTER_BOUND('',#364,.T.);
#181=FACE_OUTER_BOUND('',#365,.T.);
#182=FACE_OUTER_BOUND('',#366,.T.);
#183=FACE_OUTER_BOUND('',#367,.T.);
#184=FACE_OUTER_BOUND('',#368,.T.);
#185=FACE_OUTER_BOUND('',#369,.T.);
#186=FACE_OUTER_BOUND('',#370,.T.);
#187=FACE_OUTER_BOUND('',#371,.T.);
#188=FACE_OUTER_BOUND('',#372,.T.);
#189=FACE_OUTER_BOUND('',#373,.T.);
#190=FACE_OUTER_BOUND('',#374,.T.);
#191=FACE_OUTER_BOUND('',#375,.T.);
#192=FACE_OUTER_BOUND('',#376,.T.);
#193=FACE_OUTER_BOUND('',#377,.T.);
#194=FACE_OUTER_BOUND('',#378,.T.);
#195=FACE_OUTER_BOUND('',#379,.T.);
#196=FACE_OUTER_BOUND('',#380,.T.);
#197=FACE_OUTER_BOUND('',#381,.T.);
#198=FACE_OUTER_BOUND('',#382,.T.);
#199=FACE_OUTER_BOUND('',#383,.T.);
#200=FACE_OUTER_BOUND('',#384,.T.);
#201=FACE_OUTER_BOUND('',#385,.T.);
#202=FACE_OUTER_BOUND('',#386,.T.);
#203=FACE_OUTER_BOUND('',#387,.T.);
#204=FACE_OUTER_BOUND('',#388,.T.);
#205=FACE_OUTER_BOUND('',#389,.T.);
#206=FACE_OUTER_BOUND('',#390,.T.);
#207=FACE_OUTER_BOUND('',#391,.T.);
#208=FACE_OUTER_BOUND('',#392,.T.);
#209=FACE_OUTER_BOUND('',#393,.T.);
#210=FACE_OUTER_BOUND('',#394,.T.);
#211=FACE_OUTER_BOUND('',#395,.T.);
#212=FACE_OUTER_BOUND('',#396,.T.);
#213=FACE_OUTER_BOUND('',#397,.T.);
#214=FACE_OUTER_BOUND('',#398,.T.);
#215=FACE_OUTER_BOUND('',#399,.T.);
#216=FACE_OUTER_BOUND('',#400,.T.);
#217=FACE_OUTER_BOUND('',#401,.T.);
#218=FACE_OUTER_BOUND('',#403,.T.);
#219=FACE_OUTER_BOUND('',#404,.T.);
#220=FACE_OUTER_BOUND('',#405,.T.);
#221=FACE_OUTER_BOUND('',#407,.T.);
#222=FACE_OUTER_BOUND('',#408,.T.);
#223=FACE_OUTER_BOUND('',#409,.T.);
#224=FACE_OUTER_BOUND('',#410,.T.);
#225=FACE_OUTER_BOUND('',#411,.T.);
#226=FACE_OUTER_BOUND('',#412,.T.);
#227=FACE_OUTER_BOUND('',#413,.T.);
#228=FACE_OUTER_BOUND('',#414,.T.);
#229=FACE_OUTER_BOUND('',#415,.T.);
#230=FACE_OUTER_BOUND('',#416,.T.);
#231=FACE_OUTER_BOUND('',#417,.T.);
#232=FACE_OUTER_BOUND('',#418,.T.);
#233=FACE_OUTER_BOUND('',#419,.T.);
#234=FACE_OUTER_BOUND('',#420,.T.);
#235=FACE_OUTER_BOUND('',#421,.T.);
#236=FACE_OUTER_BOUND('',#422,.T.);
#237=FACE_OUTER_BOUND('',#423,.T.);
#238=FACE_OUTER_BOUND('',#424,.T.);
#239=FACE_OUTER_BOUND('',#425,.T.);
#240=FACE_OUTER_BOUND('',#426,.T.);
#241=FACE_OUTER_BOUND('',#427,.T.);
#242=FACE_OUTER_BOUND('',#428,.T.);
#243=FACE_OUTER_BOUND('',#429,.T.);
#244=FACE_OUTER_BOUND('',#430,.T.);
#245=FACE_OUTER_BOUND('',#431,.T.);
#246=FACE_OUTER_BOUND('',#432,.T.);
#247=FACE_OUTER_BOUND('',#433,.T.);
#248=FACE_OUTER_BOUND('',#434,.T.);
#249=FACE_OUTER_BOUND('',#435,.T.);
#250=FACE_OUTER_BOUND('',#436,.T.);
#251=FACE_OUTER_BOUND('',#437,.T.);
#252=FACE_OUTER_BOUND('',#438,.T.);
#253=FACE_OUTER_BOUND('',#439,.T.);
#254=FACE_OUTER_BOUND('',#440,.T.);
#255=FACE_OUTER_BOUND('',#441,.T.);
#256=FACE_OUTER_BOUND('',#442,.T.);
#257=FACE_OUTER_BOUND('',#443,.T.);
#258=FACE_OUTER_BOUND('',#444,.T.);
#259=FACE_OUTER_BOUND('',#445,.T.);
#260=FACE_OUTER_BOUND('',#446,.T.);
#261=FACE_OUTER_BOUND('',#447,.T.);
#262=FACE_OUTER_BOUND('',#448,.T.);
#263=FACE_OUTER_BOUND('',#449,.T.);
#264=FACE_OUTER_BOUND('',#450,.T.);
#265=FACE_OUTER_BOUND('',#451,.T.);
#266=FACE_OUTER_BOUND('',#452,.T.);
#267=FACE_OUTER_BOUND('',#453,.T.);
#268=FACE_OUTER_BOUND('',#454,.T.);
#269=FACE_OUTER_BOUND('',#455,.T.);
#270=FACE_OUTER_BOUND('',#456,.T.);
#271=FACE_OUTER_BOUND('',#457,.T.);
#272=FACE_OUTER_BOUND('',#458,.T.);
#273=FACE_OUTER_BOUND('',#459,.T.);
#274=FACE_OUTER_BOUND('',#460,.T.);
#275=FACE_OUTER_BOUND('',#461,.T.);
#276=FACE_OUTER_BOUND('',#462,.T.);
#277=FACE_OUTER_BOUND('',#463,.T.);
#278=FACE_OUTER_BOUND('',#464,.T.);
#279=FACE_OUTER_BOUND('',#465,.T.);
#280=FACE_OUTER_BOUND('',#466,.T.);
#281=FACE_OUTER_BOUND('',#467,.T.);
#282=FACE_OUTER_BOUND('',#468,.T.);
#283=FACE_OUTER_BOUND('',#469,.T.);
#284=FACE_OUTER_BOUND('',#470,.T.);
#285=FACE_OUTER_BOUND('',#471,.T.);
#286=FACE_OUTER_BOUND('',#472,.T.);
#287=FACE_OUTER_BOUND('',#473,.T.);
#288=FACE_OUTER_BOUND('',#474,.T.);
#289=FACE_OUTER_BOUND('',#475,.T.);
#290=FACE_OUTER_BOUND('',#476,.T.);
#291=FACE_OUTER_BOUND('',#477,.T.);
#292=FACE_OUTER_BOUND('',#478,.T.);
#293=FACE_OUTER_BOUND('',#479,.T.);
#294=FACE_OUTER_BOUND('',#480,.T.);
#295=FACE_OUTER_BOUND('',#481,.T.);
#296=FACE_OUTER_BOUND('',#482,.T.);
#297=FACE_OUTER_BOUND('',#483,.T.);
#298=FACE_OUTER_BOUND('',#484,.T.);
#299=FACE_OUTER_BOUND('',#485,.T.);
#300=FACE_OUTER_BOUND('',#486,.T.);
#301=FACE_OUTER_BOUND('',#487,.T.);
#302=FACE_OUTER_BOUND('',#488,.T.);
#303=FACE_OUTER_BOUND('',#489,.T.);
#304=FACE_OUTER_BOUND('',#490,.T.);
#305=FACE_OUTER_BOUND('',#491,.T.);
#306=FACE_OUTER_BOUND('',#492,.T.);
#307=FACE_OUTER_BOUND('',#493,.T.);
#308=FACE_OUTER_BOUND('',#494,.T.);
#309=FACE_OUTER_BOUND('',#495,.T.);
#310=FACE_OUTER_BOUND('',#496,.T.);
#311=FACE_OUTER_BOUND('',#497,.T.);
#312=FACE_OUTER_BOUND('',#498,.T.);
#313=FACE_OUTER_BOUND('',#499,.T.);
#314=FACE_OUTER_BOUND('',#500,.T.);
#315=FACE_OUTER_BOUND('',#501,.T.);
#316=FACE_OUTER_BOUND('',#502,.T.);
#317=FACE_OUTER_BOUND('',#503,.T.);
#318=FACE_OUTER_BOUND('',#504,.T.);
#319=FACE_OUTER_BOUND('',#505,.T.);
#320=FACE_OUTER_BOUND('',#506,.T.);
#321=FACE_OUTER_BOUND('',#507,.T.);
#322=FACE_OUTER_BOUND('',#508,.T.);
#323=FACE_OUTER_BOUND('',#509,.T.);
#324=FACE_OUTER_BOUND('',#510,.T.);
#325=FACE_OUTER_BOUND('',#511,.T.);
#326=FACE_OUTER_BOUND('',#512,.T.);
#327=FACE_OUTER_BOUND('',#513,.T.);
#328=FACE_OUTER_BOUND('',#514,.T.);
#329=FACE_OUTER_BOUND('',#515,.T.);
#330=FACE_OUTER_BOUND('',#516,.T.);
#331=FACE_OUTER_BOUND('',#517,.T.);
#332=FACE_OUTER_BOUND('',#518,.T.);
#333=FACE_OUTER_BOUND('',#519,.T.);
#334=FACE_OUTER_BOUND('',#520,.T.);
#335=FACE_OUTER_BOUND('',#521,.T.);
#336=FACE_OUTER_BOUND('',#522,.T.);
#337=FACE_OUTER_BOUND('',#523,.T.);
#338=FACE_OUTER_BOUND('',#524,.T.);
#339=EDGE_LOOP('',(#1973,#1974,#1975,#1976));
#340=EDGE_LOOP('',(#1977,#1978,#1979,#1980));
#341=EDGE_LOOP('',(#1981,#1982,#1983,#1984));
#342=EDGE_LOOP('',(#1985,#1986,#1987,#1988));
#343=EDGE_LOOP('',(#1989,#1990,#1991,#1992));
#344=EDGE_LOOP('',(#1993,#1994,#1995,#1996));
#345=EDGE_LOOP('',(#1997,#1998,#1999,#2000));
#346=EDGE_LOOP('',(#2001,#2002,#2003,#2004));
#347=EDGE_LOOP('',(#2005,#2006,#2007,#2008));
#348=EDGE_LOOP('',(#2009,#2010,#2011,#2012));
#349=EDGE_LOOP('',(#2013,#2014,#2015,#2016));
#350=EDGE_LOOP('',(#2017,#2018,#2019,#2020));
#351=EDGE_LOOP('',(#2021,#2022,#2023,#2024));
#352=EDGE_LOOP('',(#2025,#2026,#2027,#2028));
#353=EDGE_LOOP('',(#2029,#2030,#2031,#2032));
#354=EDGE_LOOP('',(#2033,#2034,#2035,#2036));
#355=EDGE_LOOP('',(#2037,#2038,#2039,#2040));
#356=EDGE_LOOP('',(#2041,#2042,#2043,#2044));
#357=EDGE_LOOP('',(#2045,#2046,#2047,#2048));
#358=EDGE_LOOP('',(#2049,#2050,#2051,#2052));
#359=EDGE_LOOP('',(#2053,#2054,#2055,#2056));
#360=EDGE_LOOP('',(#2057,#2058,#2059,#2060));
#361=EDGE_LOOP('',(#2061,#2062,#2063,#2064));
#362=EDGE_LOOP('',(#2065,#2066,#2067,#2068));
#363=EDGE_LOOP('',(#2069,#2070,#2071,#2072));
#364=EDGE_LOOP('',(#2073,#2074,#2075,#2076));
#365=EDGE_LOOP('',(#2077,#2078,#2079,#2080));
#366=EDGE_LOOP('',(#2081,#2082,#2083,#2084));
#367=EDGE_LOOP('',(#2085,#2086,#2087,#2088));
#368=EDGE_LOOP('',(#2089,#2090,#2091,#2092));
#369=EDGE_LOOP('',(#2093,#2094,#2095,#2096));
#370=EDGE_LOOP('',(#2097,#2098,#2099,#2100));
#371=EDGE_LOOP('',(#2101,#2102,#2103,#2104));
#372=EDGE_LOOP('',(#2105,#2106,#2107,#2108));
#373=EDGE_LOOP('',(#2109,#2110,#2111,#2112));
#374=EDGE_LOOP('',(#2113,#2114,#2115,#2116));
#375=EDGE_LOOP('',(#2117,#2118,#2119,#2120));
#376=EDGE_LOOP('',(#2121,#2122,#2123,#2124));
#377=EDGE_LOOP('',(#2125,#2126,#2127,#2128));
#378=EDGE_LOOP('',(#2129,#2130,#2131,#2132));
#379=EDGE_LOOP('',(#2133,#2134,#2135,#2136));
#380=EDGE_LOOP('',(#2137,#2138,#2139,#2140));
#381=EDGE_LOOP('',(#2141,#2142,#2143,#2144));
#382=EDGE_LOOP('',(#2145,#2146,#2147,#2148));
#383=EDGE_LOOP('',(#2149,#2150,#2151,#2152));
#384=EDGE_LOOP('',(#2153,#2154,#2155,#2156));
#385=EDGE_LOOP('',(#2157,#2158,#2159,#2160));
#386=EDGE_LOOP('',(#2161,#2162,#2163,#2164));
#387=EDGE_LOOP('',(#2165,#2166,#2167,#2168,#2169));
#388=EDGE_LOOP('',(#2170,#2171,#2172,#2173,#2174));
#389=EDGE_LOOP('',(#2175,#2176,#2177,#2178));
#390=EDGE_LOOP('',(#2179,#2180,#2181,#2182));
#391=EDGE_LOOP('',(#2183,#2184,#2185,#2186));
#392=EDGE_LOOP('',(#2187,#2188,#2189,#2190));
#393=EDGE_LOOP('',(#2191,#2192,#2193,#2194));
#394=EDGE_LOOP('',(#2195,#2196,#2197,#2198));
#395=EDGE_LOOP('',(#2199,#2200,#2201,#2202));
#396=EDGE_LOOP('',(#2203,#2204,#2205,#2206));
#397=EDGE_LOOP('',(#2207,#2208,#2209,#2210));
#398=EDGE_LOOP('',(#2211,#2212,#2213,#2214));
#399=EDGE_LOOP('',(#2215,#2216,#2217,#2218,#2219,#2220,#2221,#2222,#2223,
#2224,#2225,#2226,#2227,#2228,#2229,#2230,#2231,#2232,#2233,#2234));
#400=EDGE_LOOP('',(#2235,#2236,#2237,#2238,#2239,#2240,#2241,#2242,#2243,
#2244,#2245,#2246,#2247,#2248,#2249,#2250,#2251,#2252,#2253,#2254));
#401=EDGE_LOOP('',(#2255,#2256,#2257,#2258,#2259,#2260,#2261,#2262,#2263,
#2264,#2265,#2266,#2267,#2268,#2269,#2270,#2271,#2272,#2273,#2274,#2275,
#2276,#2277,#2278,#2279,#2280,#2281,#2282,#2283,#2284,#2285,#2286,#2287,
#2288,#2289,#2290,#2291,#2292,#2293,#2294,#2295,#2296,#2297,#2298,#2299,
#2300,#2301,#2302,#2303,#2304,#2305,#2306,#2307,#2308,#2309,#2310,#2311,
#2312,#2313,#2314,#2315,#2316,#2317,#2318,#2319,#2320,#2321,#2322));
#402=EDGE_LOOP('',(#2323,#2324,#2325,#2326,#2327));
#403=EDGE_LOOP('',(#2328,#2329,#2330,#2331,#2332,#2333,#2334,#2335,#2336,
#2337,#2338,#2339,#2340,#2341,#2342,#2343,#2344,#2345,#2346,#2347));
#404=EDGE_LOOP('',(#2348,#2349,#2350,#2351,#2352,#2353,#2354,#2355,#2356,
#2357,#2358,#2359,#2360,#2361,#2362,#2363,#2364,#2365,#2366,#2367));
#405=EDGE_LOOP('',(#2368,#2369,#2370,#2371));
#406=EDGE_LOOP('',(#2372));
#407=EDGE_LOOP('',(#2373,#2374,#2375,#2376));
#408=EDGE_LOOP('',(#2377,#2378,#2379,#2380));
#409=EDGE_LOOP('',(#2381,#2382,#2383,#2384));
#410=EDGE_LOOP('',(#2385,#2386,#2387,#2388));
#411=EDGE_LOOP('',(#2389,#2390,#2391,#2392));
#412=EDGE_LOOP('',(#2393,#2394,#2395,#2396));
#413=EDGE_LOOP('',(#2397,#2398,#2399,#2400));
#414=EDGE_LOOP('',(#2401,#2402,#2403,#2404));
#415=EDGE_LOOP('',(#2405,#2406,#2407,#2408));
#416=EDGE_LOOP('',(#2409,#2410,#2411,#2412));
#417=EDGE_LOOP('',(#2413,#2414,#2415,#2416));
#418=EDGE_LOOP('',(#2417,#2418,#2419,#2420));
#419=EDGE_LOOP('',(#2421,#2422,#2423,#2424));
#420=EDGE_LOOP('',(#2425,#2426,#2427,#2428));
#421=EDGE_LOOP('',(#2429,#2430,#2431,#2432));
#422=EDGE_LOOP('',(#2433,#2434,#2435,#2436));
#423=EDGE_LOOP('',(#2437,#2438,#2439,#2440));
#424=EDGE_LOOP('',(#2441,#2442,#2443,#2444));
#425=EDGE_LOOP('',(#2445,#2446,#2447,#2448));
#426=EDGE_LOOP('',(#2449,#2450,#2451,#2452,#2453));
#427=EDGE_LOOP('',(#2454,#2455,#2456,#2457));
#428=EDGE_LOOP('',(#2458,#2459,#2460,#2461));
#429=EDGE_LOOP('',(#2462,#2463,#2464,#2465));
#430=EDGE_LOOP('',(#2466,#2467,#2468,#2469));
#431=EDGE_LOOP('',(#2470,#2471,#2472,#2473));
#432=EDGE_LOOP('',(#2474,#2475,#2476,#2477));
#433=EDGE_LOOP('',(#2478,#2479,#2480,#2481));
#434=EDGE_LOOP('',(#2482,#2483,#2484,#2485));
#435=EDGE_LOOP('',(#2486,#2487,#2488,#2489));
#436=EDGE_LOOP('',(#2490,#2491,#2492,#2493));
#437=EDGE_LOOP('',(#2494,#2495,#2496,#2497));
#438=EDGE_LOOP('',(#2498,#2499,#2500,#2501));
#439=EDGE_LOOP('',(#2502,#2503,#2504,#2505));
#440=EDGE_LOOP('',(#2506,#2507,#2508,#2509));
#441=EDGE_LOOP('',(#2510,#2511,#2512,#2513));
#442=EDGE_LOOP('',(#2514,#2515,#2516,#2517));
#443=EDGE_LOOP('',(#2518,#2519,#2520,#2521));
#444=EDGE_LOOP('',(#2522,#2523,#2524,#2525));
#445=EDGE_LOOP('',(#2526,#2527,#2528,#2529));
#446=EDGE_LOOP('',(#2530,#2531,#2532,#2533));
#447=EDGE_LOOP('',(#2534,#2535,#2536,#2537));
#448=EDGE_LOOP('',(#2538,#2539,#2540,#2541));
#449=EDGE_LOOP('',(#2542,#2543,#2544,#2545));
#450=EDGE_LOOP('',(#2546,#2547,#2548,#2549));
#451=EDGE_LOOP('',(#2550,#2551,#2552,#2553));
#452=EDGE_LOOP('',(#2554,#2555,#2556,#2557));
#453=EDGE_LOOP('',(#2558,#2559,#2560,#2561));
#454=EDGE_LOOP('',(#2562,#2563,#2564,#2565));
#455=EDGE_LOOP('',(#2566,#2567,#2568,#2569));
#456=EDGE_LOOP('',(#2570,#2571,#2572,#2573));
#457=EDGE_LOOP('',(#2574,#2575,#2576,#2577));
#458=EDGE_LOOP('',(#2578,#2579,#2580,#2581));
#459=EDGE_LOOP('',(#2582,#2583,#2584,#2585));
#460=EDGE_LOOP('',(#2586,#2587,#2588,#2589));
#461=EDGE_LOOP('',(#2590,#2591,#2592,#2593));
#462=EDGE_LOOP('',(#2594,#2595,#2596,#2597));
#463=EDGE_LOOP('',(#2598,#2599,#2600,#2601));
#464=EDGE_LOOP('',(#2602,#2603,#2604,#2605));
#465=EDGE_LOOP('',(#2606,#2607,#2608,#2609));
#466=EDGE_LOOP('',(#2610,#2611,#2612,#2613));
#467=EDGE_LOOP('',(#2614,#2615,#2616,#2617));
#468=EDGE_LOOP('',(#2618,#2619,#2620,#2621));
#469=EDGE_LOOP('',(#2622,#2623,#2624,#2625));
#470=EDGE_LOOP('',(#2626,#2627,#2628,#2629));
#471=EDGE_LOOP('',(#2630,#2631,#2632,#2633));
#472=EDGE_LOOP('',(#2634));
#473=EDGE_LOOP('',(#2635,#2636,#2637,#2638));
#474=EDGE_LOOP('',(#2639,#2640,#2641,#2642));
#475=EDGE_LOOP('',(#2643));
#476=EDGE_LOOP('',(#2644));
#477=EDGE_LOOP('',(#2645,#2646,#2647,#2648));
#478=EDGE_LOOP('',(#2649,#2650,#2651,#2652));
#479=EDGE_LOOP('',(#2653,#2654,#2655,#2656));
#480=EDGE_LOOP('',(#2657,#2658,#2659,#2660));
#481=EDGE_LOOP('',(#2661,#2662,#2663,#2664));
#482=EDGE_LOOP('',(#2665,#2666,#2667,#2668));
#483=EDGE_LOOP('',(#2669,#2670,#2671,#2672));
#484=EDGE_LOOP('',(#2673,#2674,#2675,#2676));
#485=EDGE_LOOP('',(#2677,#2678,#2679,#2680));
#486=EDGE_LOOP('',(#2681,#2682,#2683,#2684));
#487=EDGE_LOOP('',(#2685,#2686,#2687,#2688));
#488=EDGE_LOOP('',(#2689,#2690,#2691,#2692));
#489=EDGE_LOOP('',(#2693,#2694,#2695,#2696));
#490=EDGE_LOOP('',(#2697,#2698,#2699,#2700));
#491=EDGE_LOOP('',(#2701,#2702,#2703,#2704));
#492=EDGE_LOOP('',(#2705,#2706,#2707,#2708));
#493=EDGE_LOOP('',(#2709,#2710,#2711,#2712));
#494=EDGE_LOOP('',(#2713,#2714,#2715,#2716));
#495=EDGE_LOOP('',(#2717,#2718,#2719,#2720));
#496=EDGE_LOOP('',(#2721,#2722,#2723,#2724));
#497=EDGE_LOOP('',(#2725,#2726,#2727,#2728));
#498=EDGE_LOOP('',(#2729,#2730,#2731,#2732));
#499=EDGE_LOOP('',(#2733,#2734,#2735,#2736));
#500=EDGE_LOOP('',(#2737,#2738,#2739,#2740));
#501=EDGE_LOOP('',(#2741,#2742,#2743,#2744));
#502=EDGE_LOOP('',(#2745,#2746,#2747,#2748));
#503=EDGE_LOOP('',(#2749,#2750,#2751,#2752));
#504=EDGE_LOOP('',(#2753,#2754,#2755,#2756));
#505=EDGE_LOOP('',(#2757,#2758,#2759,#2760));
#506=EDGE_LOOP('',(#2761,#2762,#2763,#2764));
#507=EDGE_LOOP('',(#2765,#2766,#2767,#2768));
#508=EDGE_LOOP('',(#2769,#2770,#2771,#2772));
#509=EDGE_LOOP('',(#2773,#2774,#2775,#2776));
#510=EDGE_LOOP('',(#2777,#2778,#2779,#2780));
#511=EDGE_LOOP('',(#2781,#2782,#2783,#2784));
#512=EDGE_LOOP('',(#2785,#2786,#2787,#2788));
#513=EDGE_LOOP('',(#2789,#2790,#2791,#2792));
#514=EDGE_LOOP('',(#2793,#2794,#2795,#2796));
#515=EDGE_LOOP('',(#2797,#2798,#2799,#2800));
#516=EDGE_LOOP('',(#2801,#2802,#2803,#2804));
#517=EDGE_LOOP('',(#2805,#2806,#2807,#2808));
#518=EDGE_LOOP('',(#2809,#2810,#2811,#2812));
#519=EDGE_LOOP('',(#2813,#2814,#2815,#2816));
#520=EDGE_LOOP('',(#2817,#2818,#2819,#2820));
#521=EDGE_LOOP('',(#2821,#2822,#2823,#2824));
#522=EDGE_LOOP('',(#2825,#2826,#2827,#2828));
#523=EDGE_LOOP('',(#2829,#2830,#2831,#2832));
#524=EDGE_LOOP('',(#2833,#2834,#2835,#2836));
#525=LINE('',#4329,#889);
#526=LINE('',#4331,#890);
#527=LINE('',#4333,#891);
#528=LINE('',#4334,#892);
#529=LINE('',#4337,#893);
#530=LINE('',#4339,#894);
#531=LINE('',#4340,#895);
#532=LINE('',#4343,#896);
#533=LINE('',#4345,#897);
#534=LINE('',#4346,#898);
#535=LINE('',#4355,#899);
#536=LINE('',#4357,#900);
#537=LINE('',#4359,#901);
#538=LINE('',#4360,#902);
#539=LINE('',#4366,#903);
#540=LINE('',#4369,#904);
#541=LINE('',#4371,#905);
#542=LINE('',#4372,#906);
#543=LINE('',#4374,#907);
#544=LINE('',#4375,#908);
#545=LINE('',#4381,#909);
#546=LINE('',#4383,#910);
#547=LINE('',#4385,#911);
#548=LINE('',#4386,#912);
#549=LINE('',#4389,#913);
#550=LINE('',#4391,#914);
#551=LINE('',#4392,#915);
#552=LINE('',#4395,#916);
#553=LINE('',#4397,#917);
#554=LINE('',#4398,#918);
#555=LINE('',#4407,#919);
#556=LINE('',#4409,#920);
#557=LINE('',#4411,#921);
#558=LINE('',#4412,#922);
#559=LINE('',#4418,#923);
#560=LINE('',#4421,#924);
#561=LINE('',#4423,#925);
#562=LINE('',#4424,#926);
#563=LINE('',#4426,#927);
#564=LINE('',#4427,#928);
#565=LINE('',#4433,#929);
#566=LINE('',#4435,#930);
#567=LINE('',#4437,#931);
#568=LINE('',#4438,#932);
#569=LINE('',#4441,#933);
#570=LINE('',#4443,#934);
#571=LINE('',#4444,#935);
#572=LINE('',#4447,#936);
#573=LINE('',#4449,#937);
#574=LINE('',#4450,#938);
#575=LINE('',#4459,#939);
#576=LINE('',#4461,#940);
#577=LINE('',#4463,#941);
#578=LINE('',#4464,#942);
#579=LINE('',#4470,#943);
#580=LINE('',#4473,#944);
#581=LINE('',#4475,#945);
#582=LINE('',#4476,#946);
#583=LINE('',#4478,#947);
#584=LINE('',#4479,#948);
#585=LINE('',#4485,#949);
#586=LINE('',#4487,#950);
#587=LINE('',#4489,#951);
#588=LINE('',#4490,#952);
#589=LINE('',#4493,#953);
#590=LINE('',#4495,#954);
#591=LINE('',#4496,#955);
#592=LINE('',#4499,#956);
#593=LINE('',#4501,#957);
#594=LINE('',#4502,#958);
#595=LINE('',#4511,#959);
#596=LINE('',#4513,#960);
#597=LINE('',#4515,#961);
#598=LINE('',#4516,#962);
#599=LINE('',#4522,#963);
#600=LINE('',#4525,#964);
#601=LINE('',#4527,#965);
#602=LINE('',#4528,#966);
#603=LINE('',#4530,#967);
#604=LINE('',#4531,#968);
#605=LINE('',#4537,#969);
#606=LINE('',#4539,#970);
#607=LINE('',#4541,#971);
#608=LINE('',#4543,#972);
#609=LINE('',#4544,#973);
#610=LINE('',#4548,#974);
#611=LINE('',#4550,#975);
#612=LINE('',#4552,#976);
#613=LINE('',#4554,#977);
#614=LINE('',#4555,#978);
#615=LINE('',#4557,#979);
#616=LINE('',#4558,#980);
#617=LINE('',#4560,#981);
#618=LINE('',#4562,#982);
#619=LINE('',#4564,#983);
#620=LINE('',#4570,#984);
#621=LINE('',#4577,#985);
#622=LINE('',#4580,#986);
#623=LINE('',#4586,#987);
#624=LINE('',#4589,#988);
#625=LINE('',#4595,#989);
#626=LINE('',#4598,#990);
#627=LINE('',#4604,#991);
#628=LINE('',#4607,#992);
#629=LINE('',#4611,#993);
#630=LINE('',#4613,#994);
#631=LINE('',#4615,#995);
#632=LINE('',#4617,#996);
#633=LINE('',#4619,#997);
#634=LINE('',#4621,#998);
#635=LINE('',#4623,#999);
#636=LINE('',#4625,#1000);
#637=LINE('',#4627,#1001);
#638=LINE('',#4629,#1002);
#639=LINE('',#4631,#1003);
#640=LINE('',#4633,#1004);
#641=LINE('',#4635,#1005);
#642=LINE('',#4637,#1006);
#643=LINE('',#4639,#1007);
#644=LINE('',#4641,#1008);
#645=LINE('',#4643,#1009);
#646=LINE('',#4645,#1010);
#647=LINE('',#4647,#1011);
#648=LINE('',#4648,#1012);
#649=LINE('',#4652,#1013);
#650=LINE('',#4654,#1014);
#651=LINE('',#4656,#1015);
#652=LINE('',#4658,#1016);
#653=LINE('',#4660,#1017);
#654=LINE('',#4662,#1018);
#655=LINE('',#4664,#1019);
#656=LINE('',#4666,#1020);
#657=LINE('',#4668,#1021);
#658=LINE('',#4670,#1022);
#659=LINE('',#4672,#1023);
#660=LINE('',#4674,#1024);
#661=LINE('',#4676,#1025);
#662=LINE('',#4678,#1026);
#663=LINE('',#4680,#1027);
#664=LINE('',#4682,#1028);
#665=LINE('',#4684,#1029);
#666=LINE('',#4686,#1030);
#667=LINE('',#4688,#1031);
#668=LINE('',#4689,#1032);
#669=LINE('',#4692,#1033);
#670=LINE('',#4694,#1034);
#671=LINE('',#4697,#1035);
#672=LINE('',#4699,#1036);
#673=LINE('',#4702,#1037);
#674=LINE('',#4704,#1038);
#675=LINE('',#4707,#1039);
#676=LINE('',#4709,#1040);
#677=LINE('',#4711,#1041);
#678=LINE('',#4715,#1042);
#679=LINE('',#4717,#1043);
#680=LINE('',#4719,#1044);
#681=LINE('',#4723,#1045);
#682=LINE('',#4725,#1046);
#683=LINE('',#4727,#1047);
#684=LINE('',#4731,#1048);
#685=LINE('',#4733,#1049);
#686=LINE('',#4735,#1050);
#687=LINE('',#4739,#1051);
#688=LINE('',#4740,#1052);
#689=LINE('',#4742,#1053);
#690=LINE('',#4745,#1054);
#691=LINE('',#4747,#1055);
#692=LINE('',#4750,#1056);
#693=LINE('',#4752,#1057);
#694=LINE('',#4755,#1058);
#695=LINE('',#4757,#1059);
#696=LINE('',#4760,#1060);
#697=LINE('',#4762,#1061);
#698=LINE('',#4763,#1062);
#699=LINE('',#4765,#1063);
#700=LINE('',#4767,#1064);
#701=LINE('',#4768,#1065);
#702=LINE('',#4770,#1066);
#703=LINE('',#4772,#1067);
#704=LINE('',#4773,#1068);
#705=LINE('',#4775,#1069);
#706=LINE('',#4777,#1070);
#707=LINE('',#4778,#1071);
#708=LINE('',#4780,#1072);
#709=LINE('',#4781,#1073);
#710=LINE('',#4783,#1074);
#711=LINE('',#4787,#1075);
#712=LINE('',#4789,#1076);
#713=LINE('',#4791,#1077);
#714=LINE('',#4793,#1078);
#715=LINE('',#4794,#1079);
#716=LINE('',#4797,#1080);
#717=LINE('',#4799,#1081);
#718=LINE('',#4801,#1082);
#719=LINE('',#4802,#1083);
#720=LINE('',#4803,#1084);
#721=LINE('',#4805,#1085);
#722=LINE('',#4807,#1086);
#723=LINE('',#4808,#1087);
#724=LINE('',#4810,#1088);
#725=LINE('',#4812,#1089);
#726=LINE('',#4813,#1090);
#727=LINE('',#4815,#1091);
#728=LINE('',#4816,#1092);
#729=LINE('',#4819,#1093);
#730=LINE('',#4821,#1094);
#731=LINE('',#4823,#1095);
#732=LINE('',#4824,#1096);
#733=LINE('',#4826,#1097);
#734=LINE('',#4828,#1098);
#735=LINE('',#4829,#1099);
#736=LINE('',#4831,#1100);
#737=LINE('',#4833,#1101);
#738=LINE('',#4834,#1102);
#739=LINE('',#4835,#1103);
#740=LINE('',#4837,#1104);
#741=LINE('',#4838,#1105);
#742=LINE('',#4841,#1106);
#743=LINE('',#4843,#1107);
#744=LINE('',#4847,#1108);
#745=LINE('',#4848,#1109);
#746=LINE('',#4852,#1110);
#747=LINE('',#4854,#1111);
#748=LINE('',#4858,#1112);
#749=LINE('',#4861,#1113);
#750=LINE('',#4863,#1114);
#751=LINE('',#4865,#1115);
#752=LINE('',#4869,#1116);
#753=LINE('',#4872,#1117);
#754=LINE('',#4874,#1118);
#755=LINE('',#4876,#1119);
#756=LINE('',#4881,#1120);
#757=LINE('',#4882,#1121);
#758=LINE('',#4883,#1122);
#759=LINE('',#4886,#1123);
#760=LINE('',#4887,#1124);
#761=LINE('',#4890,#1125);
#762=LINE('',#4891,#1126);
#763=LINE('',#4894,#1127);
#764=LINE('',#4895,#1128);
#765=LINE('',#4897,#1129);
#766=LINE('',#4900,#1130);
#767=LINE('',#4903,#1131);
#768=LINE('',#4905,#1132);
#769=LINE('',#4907,#1133);
#770=LINE('',#4911,#1134);
#771=LINE('',#4914,#1135);
#772=LINE('',#4916,#1136);
#773=LINE('',#4918,#1137);
#774=LINE('',#4922,#1138);
#775=LINE('',#4925,#1139);
#776=LINE('',#4927,#1140);
#777=LINE('',#4929,#1141);
#778=LINE('',#4932,#1142);
#779=LINE('',#4934,#1143);
#780=LINE('',#4937,#1144);
#781=LINE('',#4939,#1145);
#782=LINE('',#4942,#1146);
#783=LINE('',#4944,#1147);
#784=LINE('',#4948,#1148);
#785=LINE('',#4951,#1149);
#786=LINE('',#4953,#1150);
#787=LINE('',#4955,#1151);
#788=LINE('',#4959,#1152);
#789=LINE('',#4962,#1153);
#790=LINE('',#4964,#1154);
#791=LINE('',#4966,#1155);
#792=LINE('',#4970,#1156);
#793=LINE('',#4973,#1157);
#794=LINE('',#4975,#1158);
#795=LINE('',#4977,#1159);
#796=LINE('',#4981,#1160);
#797=LINE('',#4984,#1161);
#798=LINE('',#4986,#1162);
#799=LINE('',#4988,#1163);
#800=LINE('',#4992,#1164);
#801=LINE('',#4995,#1165);
#802=LINE('',#4997,#1166);
#803=LINE('',#4999,#1167);
#804=LINE('',#5003,#1168);
#805=LINE('',#5006,#1169);
#806=LINE('',#5008,#1170);
#807=LINE('',#5010,#1171);
#808=LINE('',#5018,#1172);
#809=LINE('',#5025,#1173);
#810=LINE('',#5027,#1174);
#811=LINE('',#5029,#1175);
#812=LINE('',#5030,#1176);
#813=LINE('',#5036,#1177);
#814=LINE('',#5039,#1178);
#815=LINE('',#5041,#1179);
#816=LINE('',#5042,#1180);
#817=LINE('',#5044,#1181);
#818=LINE('',#5045,#1182);
#819=LINE('',#5053,#1183);
#820=LINE('',#5056,#1184);
#821=LINE('',#5059,#1185);
#822=LINE('',#5061,#1186);
#823=LINE('',#5062,#1187);
#824=LINE('',#5065,#1188);
#825=LINE('',#5067,#1189);
#826=LINE('',#5068,#1190);
#827=LINE('',#5070,#1191);
#828=LINE('',#5071,#1192);
#829=LINE('',#5077,#1193);
#830=LINE('',#5079,#1194);
#831=LINE('',#5081,#1195);
#832=LINE('',#5082,#1196);
#833=LINE('',#5088,#1197);
#834=LINE('',#5091,#1198);
#835=LINE('',#5093,#1199);
#836=LINE('',#5094,#1200);
#837=LINE('',#5096,#1201);
#838=LINE('',#5097,#1202);
#839=LINE('',#5105,#1203);
#840=LINE('',#5108,#1204);
#841=LINE('',#5111,#1205);
#842=LINE('',#5113,#1206);
#843=LINE('',#5114,#1207);
#844=LINE('',#5117,#1208);
#845=LINE('',#5119,#1209);
#846=LINE('',#5120,#1210);
#847=LINE('',#5122,#1211);
#848=LINE('',#5123,#1212);
#849=LINE('',#5129,#1213);
#850=LINE('',#5131,#1214);
#851=LINE('',#5133,#1215);
#852=LINE('',#5134,#1216);
#853=LINE('',#5140,#1217);
#854=LINE('',#5143,#1218);
#855=LINE('',#5145,#1219);
#856=LINE('',#5146,#1220);
#857=LINE('',#5148,#1221);
#858=LINE('',#5149,#1222);
#859=LINE('',#5157,#1223);
#860=LINE('',#5160,#1224);
#861=LINE('',#5163,#1225);
#862=LINE('',#5165,#1226);
#863=LINE('',#5166,#1227);
#864=LINE('',#5169,#1228);
#865=LINE('',#5171,#1229);
#866=LINE('',#5172,#1230);
#867=LINE('',#5174,#1231);
#868=LINE('',#5175,#1232);
#869=LINE('',#5181,#1233);
#870=LINE('',#5183,#1234);
#871=LINE('',#5185,#1235);
#872=LINE('',#5186,#1236);
#873=LINE('',#5192,#1237);
#874=LINE('',#5195,#1238);
#875=LINE('',#5197,#1239);
#876=LINE('',#5198,#1240);
#877=LINE('',#5200,#1241);
#878=LINE('',#5201,#1242);
#879=LINE('',#5209,#1243);
#880=LINE('',#5212,#1244);
#881=LINE('',#5215,#1245);
#882=LINE('',#5217,#1246);
#883=LINE('',#5218,#1247);
#884=LINE('',#5221,#1248);
#885=LINE('',#5223,#1249);
#886=LINE('',#5224,#1250);
#887=LINE('',#5226,#1251);
#888=LINE('',#5227,#1252);
#889=VECTOR('',#3459,1000.);
#890=VECTOR('',#3460,1000.);
#891=VECTOR('',#3461,1000.);
#892=VECTOR('',#3462,1000.);
#893=VECTOR('',#3465,1000.);
#894=VECTOR('',#3466,1000.);
#895=VECTOR('',#3467,1000.);
#896=VECTOR('',#3470,1000.);
#897=VECTOR('',#3471,1000.);
#898=VECTOR('',#3472,1000.);
#899=VECTOR('',#3485,1000.);
#900=VECTOR('',#3486,1000.);
#901=VECTOR('',#3487,1000.);
#902=VECTOR('',#3488,1000.);
#903=VECTOR('',#3495,1000.);
#904=VECTOR('',#3498,1000.);
#905=VECTOR('',#3499,1000.);
#906=VECTOR('',#3500,1000.);
#907=VECTOR('',#3503,1000.);
#908=VECTOR('',#3504,1000.);
#909=VECTOR('',#3511,1000.);
#910=VECTOR('',#3512,1000.);
#911=VECTOR('',#3513,1000.);
#912=VECTOR('',#3514,1000.);
#913=VECTOR('',#3517,1000.);
#914=VECTOR('',#3518,1000.);
#915=VECTOR('',#3519,1000.);
#916=VECTOR('',#3522,1000.);
#917=VECTOR('',#3523,1000.);
#918=VECTOR('',#3524,1000.);
#919=VECTOR('',#3537,1000.);
#920=VECTOR('',#3538,1000.);
#921=VECTOR('',#3539,1000.);
#922=VECTOR('',#3540,1000.);
#923=VECTOR('',#3547,1000.);
#924=VECTOR('',#3550,1000.);
#925=VECTOR('',#3551,1000.);
#926=VECTOR('',#3552,1000.);
#927=VECTOR('',#3555,1000.);
#928=VECTOR('',#3556,1000.);
#929=VECTOR('',#3563,1000.);
#930=VECTOR('',#3564,1000.);
#931=VECTOR('',#3565,1000.);
#932=VECTOR('',#3566,1000.);
#933=VECTOR('',#3569,1000.);
#934=VECTOR('',#3570,1000.);
#935=VECTOR('',#3571,1000.);
#936=VECTOR('',#3574,1000.);
#937=VECTOR('',#3575,1000.);
#938=VECTOR('',#3576,1000.);
#939=VECTOR('',#3589,1000.);
#940=VECTOR('',#3590,1000.);
#941=VECTOR('',#3591,1000.);
#942=VECTOR('',#3592,1000.);
#943=VECTOR('',#3599,1000.);
#944=VECTOR('',#3602,1000.);
#945=VECTOR('',#3603,1000.);
#946=VECTOR('',#3604,1000.);
#947=VECTOR('',#3607,1000.);
#948=VECTOR('',#3608,1000.);
#949=VECTOR('',#3615,1000.);
#950=VECTOR('',#3616,1000.);
#951=VECTOR('',#3617,1000.);
#952=VECTOR('',#3618,1000.);
#953=VECTOR('',#3621,1000.);
#954=VECTOR('',#3622,1000.);
#955=VECTOR('',#3623,1000.);
#956=VECTOR('',#3626,1000.);
#957=VECTOR('',#3627,1000.);
#958=VECTOR('',#3628,1000.);
#959=VECTOR('',#3641,1000.);
#960=VECTOR('',#3642,1000.);
#961=VECTOR('',#3643,1000.);
#962=VECTOR('',#3644,1000.);
#963=VECTOR('',#3651,1000.);
#964=VECTOR('',#3654,1000.);
#965=VECTOR('',#3655,1000.);
#966=VECTOR('',#3656,1000.);
#967=VECTOR('',#3659,1000.);
#968=VECTOR('',#3660,1000.);
#969=VECTOR('',#3667,1000.);
#970=VECTOR('',#3668,1000.);
#971=VECTOR('',#3669,1000.);
#972=VECTOR('',#3670,1000.);
#973=VECTOR('',#3671,1000.);
#974=VECTOR('',#3674,1000.);
#975=VECTOR('',#3675,1000.);
#976=VECTOR('',#3676,1000.);
#977=VECTOR('',#3677,1000.);
#978=VECTOR('',#3678,1000.);
#979=VECTOR('',#3681,1000.);
#980=VECTOR('',#3682,1000.);
#981=VECTOR('',#3685,1000.);
#982=VECTOR('',#3688,1000.);
#983=VECTOR('',#3691,1000.);
#984=VECTOR('',#3698,0.15);
#985=VECTOR('',#3705,1000.);
#986=VECTOR('',#3708,1000.);
#987=VECTOR('',#3713,1000.);
#988=VECTOR('',#3716,1000.);
#989=VECTOR('',#3721,1000.);
#990=VECTOR('',#3724,1000.);
#991=VECTOR('',#3729,1000.);
#992=VECTOR('',#3732,1000.);
#993=VECTOR('',#3735,1000.);
#994=VECTOR('',#3736,1000.);
#995=VECTOR('',#3737,1000.);
#996=VECTOR('',#3738,1000.);
#997=VECTOR('',#3739,1000.);
#998=VECTOR('',#3740,1000.);
#999=VECTOR('',#3741,1000.);
#1000=VECTOR('',#3742,1000.);
#1001=VECTOR('',#3743,1000.);
#1002=VECTOR('',#3744,1000.);
#1003=VECTOR('',#3745,1000.);
#1004=VECTOR('',#3746,1000.);
#1005=VECTOR('',#3747,1000.);
#1006=VECTOR('',#3748,1000.);
#1007=VECTOR('',#3749,1000.);
#1008=VECTOR('',#3750,1000.);
#1009=VECTOR('',#3751,1000.);
#1010=VECTOR('',#3752,1000.);
#1011=VECTOR('',#3753,1000.);
#1012=VECTOR('',#3754,1000.);
#1013=VECTOR('',#3757,1000.);
#1014=VECTOR('',#3758,1000.);
#1015=VECTOR('',#3759,1000.);
#1016=VECTOR('',#3760,1000.);
#1017=VECTOR('',#3761,1000.);
#1018=VECTOR('',#3762,1000.);
#1019=VECTOR('',#3763,1000.);
#1020=VECTOR('',#3764,1000.);
#1021=VECTOR('',#3765,1000.);
#1022=VECTOR('',#3766,1000.);
#1023=VECTOR('',#3767,1000.);
#1024=VECTOR('',#3768,1000.);
#1025=VECTOR('',#3769,1000.);
#1026=VECTOR('',#3770,1000.);
#1027=VECTOR('',#3771,1000.);
#1028=VECTOR('',#3772,1000.);
#1029=VECTOR('',#3773,1000.);
#1030=VECTOR('',#3774,1000.);
#1031=VECTOR('',#3775,1000.);
#1032=VECTOR('',#3776,1000.);
#1033=VECTOR('',#3779,1000.);
#1034=VECTOR('',#3780,1000.);
#1035=VECTOR('',#3783,1000.);
#1036=VECTOR('',#3784,1000.);
#1037=VECTOR('',#3787,1000.);
#1038=VECTOR('',#3788,1000.);
#1039=VECTOR('',#3791,1000.);
#1040=VECTOR('',#3792,1000.);
#1041=VECTOR('',#3793,1000.);
#1042=VECTOR('',#3796,1000.);
#1043=VECTOR('',#3797,1000.);
#1044=VECTOR('',#3798,1000.);
#1045=VECTOR('',#3801,1000.);
#1046=VECTOR('',#3802,1000.);
#1047=VECTOR('',#3803,1000.);
#1048=VECTOR('',#3806,1000.);
#1049=VECTOR('',#3807,1000.);
#1050=VECTOR('',#3808,1000.);
#1051=VECTOR('',#3811,1000.);
#1052=VECTOR('',#3812,1000.);
#1053=VECTOR('',#3813,1000.);
#1054=VECTOR('',#3816,1000.);
#1055=VECTOR('',#3817,1000.);
#1056=VECTOR('',#3820,1000.);
#1057=VECTOR('',#3821,1000.);
#1058=VECTOR('',#3824,1000.);
#1059=VECTOR('',#3825,1000.);
#1060=VECTOR('',#3828,1000.);
#1061=VECTOR('',#3829,1000.);
#1062=VECTOR('',#3830,1000.);
#1063=VECTOR('',#3831,1000.);
#1064=VECTOR('',#3832,1000.);
#1065=VECTOR('',#3833,1000.);
#1066=VECTOR('',#3834,1000.);
#1067=VECTOR('',#3835,1000.);
#1068=VECTOR('',#3836,1000.);
#1069=VECTOR('',#3837,1000.);
#1070=VECTOR('',#3838,1000.);
#1071=VECTOR('',#3839,1000.);
#1072=VECTOR('',#3840,1000.);
#1073=VECTOR('',#3841,1000.);
#1074=VECTOR('',#3842,1000.);
#1075=VECTOR('',#3845,1000.);
#1076=VECTOR('',#3846,1000.);
#1077=VECTOR('',#3847,1000.);
#1078=VECTOR('',#3848,1000.);
#1079=VECTOR('',#3849,1000.);
#1080=VECTOR('',#3852,1000.);
#1081=VECTOR('',#3853,1000.);
#1082=VECTOR('',#3854,1000.);
#1083=VECTOR('',#3855,1000.);
#1084=VECTOR('',#3856,1000.);
#1085=VECTOR('',#3857,1000.);
#1086=VECTOR('',#3858,1000.);
#1087=VECTOR('',#3859,1000.);
#1088=VECTOR('',#3860,1000.);
#1089=VECTOR('',#3861,1000.);
#1090=VECTOR('',#3862,1000.);
#1091=VECTOR('',#3863,1000.);
#1092=VECTOR('',#3864,1000.);
#1093=VECTOR('',#3867,1000.);
#1094=VECTOR('',#3868,1000.);
#1095=VECTOR('',#3869,1000.);
#1096=VECTOR('',#3870,1000.);
#1097=VECTOR('',#3871,1000.);
#1098=VECTOR('',#3872,1000.);
#1099=VECTOR('',#3873,1000.);
#1100=VECTOR('',#3874,1000.);
#1101=VECTOR('',#3875,1000.);
#1102=VECTOR('',#3876,1000.);
#1103=VECTOR('',#3877,1000.);
#1104=VECTOR('',#3878,1000.);
#1105=VECTOR('',#3879,1000.);
#1106=VECTOR('',#3884,1000.);
#1107=VECTOR('',#3887,1000.);
#1108=VECTOR('',#3892,1000.);
#1109=VECTOR('',#3893,1000.);
#1110=VECTOR('',#3898,1000.);
#1111=VECTOR('',#3901,1000.);
#1112=VECTOR('',#3906,1000.);
#1113=VECTOR('',#3909,1000.);
#1114=VECTOR('',#3912,1000.);
#1115=VECTOR('',#3915,1000.);
#1116=VECTOR('',#3920,1000.);
#1117=VECTOR('',#3923,1000.);
#1118=VECTOR('',#3926,1000.);
#1119=VECTOR('',#3929,1000.);
#1120=VECTOR('',#3934,1000.);
#1121=VECTOR('',#3935,1000.);
#1122=VECTOR('',#3936,1000.);
#1123=VECTOR('',#3939,1000.);
#1124=VECTOR('',#3940,1000.);
#1125=VECTOR('',#3943,1000.);
#1126=VECTOR('',#3944,1000.);
#1127=VECTOR('',#3947,1000.);
#1128=VECTOR('',#3948,1000.);
#1129=VECTOR('',#3951,1000.);
#1130=VECTOR('',#3954,1000.);
#1131=VECTOR('',#3957,1000.);
#1132=VECTOR('',#3960,1000.);
#1133=VECTOR('',#3963,1000.);
#1134=VECTOR('',#3968,1000.);
#1135=VECTOR('',#3971,1000.);
#1136=VECTOR('',#3974,1000.);
#1137=VECTOR('',#3977,1000.);
#1138=VECTOR('',#3982,1000.);
#1139=VECTOR('',#3985,1000.);
#1140=VECTOR('',#3988,1000.);
#1141=VECTOR('',#3991,1000.);
#1142=VECTOR('',#3996,1000.);
#1143=VECTOR('',#3999,1000.);
#1144=VECTOR('',#4004,1000.);
#1145=VECTOR('',#4007,1000.);
#1146=VECTOR('',#4012,1000.);
#1147=VECTOR('',#4015,1000.);
#1148=VECTOR('',#4020,1000.);
#1149=VECTOR('',#4023,1000.);
#1150=VECTOR('',#4026,1000.);
#1151=VECTOR('',#4029,1000.);
#1152=VECTOR('',#4034,1000.);
#1153=VECTOR('',#4037,1000.);
#1154=VECTOR('',#4040,1000.);
#1155=VECTOR('',#4043,1000.);
#1156=VECTOR('',#4048,1000.);
#1157=VECTOR('',#4051,1000.);
#1158=VECTOR('',#4054,1000.);
#1159=VECTOR('',#4057,1000.);
#1160=VECTOR('',#4062,1000.);
#1161=VECTOR('',#4065,1000.);
#1162=VECTOR('',#4068,1000.);
#1163=VECTOR('',#4071,1000.);
#1164=VECTOR('',#4076,1000.);
#1165=VECTOR('',#4079,1000.);
#1166=VECTOR('',#4082,1000.);
#1167=VECTOR('',#4085,1000.);
#1168=VECTOR('',#4090,1000.);
#1169=VECTOR('',#4093,1000.);
#1170=VECTOR('',#4096,1000.);
#1171=VECTOR('',#4099,1000.);
#1172=VECTOR('',#4110,0.15);
#1173=VECTOR('',#4119,1000.);
#1174=VECTOR('',#4120,1000.);
#1175=VECTOR('',#4121,1000.);
#1176=VECTOR('',#4122,1000.);
#1177=VECTOR('',#4129,1000.);
#1178=VECTOR('',#4132,1000.);
#1179=VECTOR('',#4133,1000.);
#1180=VECTOR('',#4134,1000.);
#1181=VECTOR('',#4137,1000.);
#1182=VECTOR('',#4138,1000.);
#1183=VECTOR('',#4147,1000.);
#1184=VECTOR('',#4150,1000.);
#1185=VECTOR('',#4153,1000.);
#1186=VECTOR('',#4154,1000.);
#1187=VECTOR('',#4155,1000.);
#1188=VECTOR('',#4158,1000.);
#1189=VECTOR('',#4159,1000.);
#1190=VECTOR('',#4160,1000.);
#1191=VECTOR('',#4163,1000.);
#1192=VECTOR('',#4164,1000.);
#1193=VECTOR('',#4171,1000.);
#1194=VECTOR('',#4172,1000.);
#1195=VECTOR('',#4173,1000.);
#1196=VECTOR('',#4174,1000.);
#1197=VECTOR('',#4181,1000.);
#1198=VECTOR('',#4184,1000.);
#1199=VECTOR('',#4185,1000.);
#1200=VECTOR('',#4186,1000.);
#1201=VECTOR('',#4189,1000.);
#1202=VECTOR('',#4190,1000.);
#1203=VECTOR('',#4199,1000.);
#1204=VECTOR('',#4202,1000.);
#1205=VECTOR('',#4205,1000.);
#1206=VECTOR('',#4206,1000.);
#1207=VECTOR('',#4207,1000.);
#1208=VECTOR('',#4210,1000.);
#1209=VECTOR('',#4211,1000.);
#1210=VECTOR('',#4212,1000.);
#1211=VECTOR('',#4215,1000.);
#1212=VECTOR('',#4216,1000.);
#1213=VECTOR('',#4223,1000.);
#1214=VECTOR('',#4224,1000.);
#1215=VECTOR('',#4225,1000.);
#1216=VECTOR('',#4226,1000.);
#1217=VECTOR('',#4233,1000.);
#1218=VECTOR('',#4236,1000.);
#1219=VECTOR('',#4237,1000.);
#1220=VECTOR('',#4238,1000.);
#1221=VECTOR('',#4241,1000.);
#1222=VECTOR('',#4242,1000.);
#1223=VECTOR('',#4251,1000.);
#1224=VECTOR('',#4254,1000.);
#1225=VECTOR('',#4257,1000.);
#1226=VECTOR('',#4258,1000.);
#1227=VECTOR('',#4259,1000.);
#1228=VECTOR('',#4262,1000.);
#1229=VECTOR('',#4263,1000.);
#1230=VECTOR('',#4264,1000.);
#1231=VECTOR('',#4267,1000.);
#1232=VECTOR('',#4268,1000.);
#1233=VECTOR('',#4275,1000.);
#1234=VECTOR('',#4276,1000.);
#1235=VECTOR('',#4277,1000.);
#1236=VECTOR('',#4278,1000.);
#1237=VECTOR('',#4285,1000.);
#1238=VECTOR('',#4288,1000.);
#1239=VECTOR('',#4289,1000.);
#1240=VECTOR('',#4290,1000.);
#1241=VECTOR('',#4293,1000.);
#1242=VECTOR('',#4294,1000.);
#1243=VECTOR('',#4303,1000.);
#1244=VECTOR('',#4306,1000.);
#1245=VECTOR('',#4309,1000.);
#1246=VECTOR('',#4310,1000.);
#1247=VECTOR('',#4311,1000.);
#1248=VECTOR('',#4314,1000.);
#1249=VECTOR('',#4315,1000.);
#1250=VECTOR('',#4316,1000.);
#1251=VECTOR('',#4319,1000.);
#1252=VECTOR('',#4320,1000.);
#1253=VERTEX_POINT('',#4327);
#1254=VERTEX_POINT('',#4328);
#1255=VERTEX_POINT('',#4330);
#1256=VERTEX_POINT('',#4332);
#1257=VERTEX_POINT('',#4336);
#1258=VERTEX_POINT('',#4338);
#1259=VERTEX_POINT('',#4342);
#1260=VERTEX_POINT('',#4344);
#1261=VERTEX_POINT('',#4353);
#1262=VERTEX_POINT('',#4354);
#1263=VERTEX_POINT('',#4356);
#1264=VERTEX_POINT('',#4358);
#1265=VERTEX_POINT('',#4362);
#1266=VERTEX_POINT('',#4364);
#1267=VERTEX_POINT('',#4368);
#1268=VERTEX_POINT('',#4370);
#1269=VERTEX_POINT('',#4379);
#1270=VERTEX_POINT('',#4380);
#1271=VERTEX_POINT('',#4382);
#1272=VERTEX_POINT('',#4384);
#1273=VERTEX_POINT('',#4388);
#1274=VERTEX_POINT('',#4390);
#1275=VERTEX_POINT('',#4394);
#1276=VERTEX_POINT('',#4396);
#1277=VERTEX_POINT('',#4405);
#1278=VERTEX_POINT('',#4406);
#1279=VERTEX_POINT('',#4408);
#1280=VERTEX_POINT('',#4410);
#1281=VERTEX_POINT('',#4414);
#1282=VERTEX_POINT('',#4416);
#1283=VERTEX_POINT('',#4420);
#1284=VERTEX_POINT('',#4422);
#1285=VERTEX_POINT('',#4431);
#1286=VERTEX_POINT('',#4432);
#1287=VERTEX_POINT('',#4434);
#1288=VERTEX_POINT('',#4436);
#1289=VERTEX_POINT('',#4440);
#1290=VERTEX_POINT('',#4442);
#1291=VERTEX_POINT('',#4446);
#1292=VERTEX_POINT('',#4448);
#1293=VERTEX_POINT('',#4457);
#1294=VERTEX_POINT('',#4458);
#1295=VERTEX_POINT('',#4460);
#1296=VERTEX_POINT('',#4462);
#1297=VERTEX_POINT('',#4466);
#1298=VERTEX_POINT('',#4468);
#1299=VERTEX_POINT('',#4472);
#1300=VERTEX_POINT('',#4474);
#1301=VERTEX_POINT('',#4483);
#1302=VERTEX_POINT('',#4484);
#1303=VERTEX_POINT('',#4486);
#1304=VERTEX_POINT('',#4488);
#1305=VERTEX_POINT('',#4492);
#1306=VERTEX_POINT('',#4494);
#1307=VERTEX_POINT('',#4498);
#1308=VERTEX_POINT('',#4500);
#1309=VERTEX_POINT('',#4509);
#1310=VERTEX_POINT('',#4510);
#1311=VERTEX_POINT('',#4512);
#1312=VERTEX_POINT('',#4514);
#1313=VERTEX_POINT('',#4518);
#1314=VERTEX_POINT('',#4520);
#1315=VERTEX_POINT('',#4524);
#1316=VERTEX_POINT('',#4526);
#1317=VERTEX_POINT('',#4535);
#1318=VERTEX_POINT('',#4536);
#1319=VERTEX_POINT('',#4538);
#1320=VERTEX_POINT('',#4540);
#1321=VERTEX_POINT('',#4542);
#1322=VERTEX_POINT('',#4546);
#1323=VERTEX_POINT('',#4547);
#1324=VERTEX_POINT('',#4549);
#1325=VERTEX_POINT('',#4551);
#1326=VERTEX_POINT('',#4553);
#1327=VERTEX_POINT('',#4567);
#1328=VERTEX_POINT('',#4569);
#1329=VERTEX_POINT('',#4573);
#1330=VERTEX_POINT('',#4574);
#1331=VERTEX_POINT('',#4576);
#1332=VERTEX_POINT('',#4578);
#1333=VERTEX_POINT('',#4582);
#1334=VERTEX_POINT('',#4583);
#1335=VERTEX_POINT('',#4585);
#1336=VERTEX_POINT('',#4587);
#1337=VERTEX_POINT('',#4591);
#1338=VERTEX_POINT('',#4592);
#1339=VERTEX_POINT('',#4594);
#1340=VERTEX_POINT('',#4596);
#1341=VERTEX_POINT('',#4600);
#1342=VERTEX_POINT('',#4601);
#1343=VERTEX_POINT('',#4603);
#1344=VERTEX_POINT('',#4605);
#1345=VERTEX_POINT('',#4609);
#1346=VERTEX_POINT('',#4610);
#1347=VERTEX_POINT('',#4612);
#1348=VERTEX_POINT('',#4614);
#1349=VERTEX_POINT('',#4616);
#1350=VERTEX_POINT('',#4618);
#1351=VERTEX_POINT('',#4620);
#1352=VERTEX_POINT('',#4622);
#1353=VERTEX_POINT('',#4624);
#1354=VERTEX_POINT('',#4626);
#1355=VERTEX_POINT('',#4628);
#1356=VERTEX_POINT('',#4630);
#1357=VERTEX_POINT('',#4632);
#1358=VERTEX_POINT('',#4634);
#1359=VERTEX_POINT('',#4636);
#1360=VERTEX_POINT('',#4638);
#1361=VERTEX_POINT('',#4640);
#1362=VERTEX_POINT('',#4642);
#1363=VERTEX_POINT('',#4644);
#1364=VERTEX_POINT('',#4646);
#1365=VERTEX_POINT('',#4650);
#1366=VERTEX_POINT('',#4651);
#1367=VERTEX_POINT('',#4653);
#1368=VERTEX_POINT('',#4655);
#1369=VERTEX_POINT('',#4657);
#1370=VERTEX_POINT('',#4659);
#1371=VERTEX_POINT('',#4661);
#1372=VERTEX_POINT('',#4663);
#1373=VERTEX_POINT('',#4665);
#1374=VERTEX_POINT('',#4667);
#1375=VERTEX_POINT('',#4669);
#1376=VERTEX_POINT('',#4671);
#1377=VERTEX_POINT('',#4673);
#1378=VERTEX_POINT('',#4675);
#1379=VERTEX_POINT('',#4677);
#1380=VERTEX_POINT('',#4679);
#1381=VERTEX_POINT('',#4681);
#1382=VERTEX_POINT('',#4683);
#1383=VERTEX_POINT('',#4685);
#1384=VERTEX_POINT('',#4687);
#1385=VERTEX_POINT('',#4691);
#1386=VERTEX_POINT('',#4693);
#1387=VERTEX_POINT('',#4695);
#1388=VERTEX_POINT('',#4698);
#1389=VERTEX_POINT('',#4700);
#1390=VERTEX_POINT('',#4703);
#1391=VERTEX_POINT('',#4705);
#1392=VERTEX_POINT('',#4708);
#1393=VERTEX_POINT('',#4710);
#1394=VERTEX_POINT('',#4712);
#1395=VERTEX_POINT('',#4714);
#1396=VERTEX_POINT('',#4716);
#1397=VERTEX_POINT('',#4718);
#1398=VERTEX_POINT('',#4720);
#1399=VERTEX_POINT('',#4722);
#1400=VERTEX_POINT('',#4724);
#1401=VERTEX_POINT('',#4726);
#1402=VERTEX_POINT('',#4728);
#1403=VERTEX_POINT('',#4730);
#1404=VERTEX_POINT('',#4732);
#1405=VERTEX_POINT('',#4734);
#1406=VERTEX_POINT('',#4736);
#1407=VERTEX_POINT('',#4738);
#1408=VERTEX_POINT('',#4741);
#1409=VERTEX_POINT('',#4743);
#1410=VERTEX_POINT('',#4746);
#1411=VERTEX_POINT('',#4748);
#1412=VERTEX_POINT('',#4751);
#1413=VERTEX_POINT('',#4753);
#1414=VERTEX_POINT('',#4756);
#1415=VERTEX_POINT('',#4758);
#1416=VERTEX_POINT('',#4761);
#1417=VERTEX_POINT('',#4764);
#1418=VERTEX_POINT('',#4766);
#1419=VERTEX_POINT('',#4769);
#1420=VERTEX_POINT('',#4771);
#1421=VERTEX_POINT('',#4774);
#1422=VERTEX_POINT('',#4776);
#1423=VERTEX_POINT('',#4779);
#1424=VERTEX_POINT('',#4782);
#1425=VERTEX_POINT('',#4785);
#1426=VERTEX_POINT('',#4786);
#1427=VERTEX_POINT('',#4788);
#1428=VERTEX_POINT('',#4790);
#1429=VERTEX_POINT('',#4792);
#1430=VERTEX_POINT('',#4796);
#1431=VERTEX_POINT('',#4798);
#1432=VERTEX_POINT('',#4800);
#1433=VERTEX_POINT('',#4804);
#1434=VERTEX_POINT('',#4806);
#1435=VERTEX_POINT('',#4809);
#1436=VERTEX_POINT('',#4811);
#1437=VERTEX_POINT('',#4814);
#1438=VERTEX_POINT('',#4818);
#1439=VERTEX_POINT('',#4820);
#1440=VERTEX_POINT('',#4822);
#1441=VERTEX_POINT('',#4825);
#1442=VERTEX_POINT('',#4827);
#1443=VERTEX_POINT('',#4830);
#1444=VERTEX_POINT('',#4832);
#1445=VERTEX_POINT('',#4836);
#1446=VERTEX_POINT('',#4846);
#1447=VERTEX_POINT('',#4850);
#1448=VERTEX_POINT('',#4857);
#1449=VERTEX_POINT('',#4859);
#1450=VERTEX_POINT('',#4868);
#1451=VERTEX_POINT('',#4870);
#1452=VERTEX_POINT('',#4879);
#1453=VERTEX_POINT('',#4880);
#1454=VERTEX_POINT('',#4885);
#1455=VERTEX_POINT('',#4889);
#1456=VERTEX_POINT('',#4893);
#1457=VERTEX_POINT('',#4899);
#1458=VERTEX_POINT('',#4901);
#1459=VERTEX_POINT('',#4910);
#1460=VERTEX_POINT('',#4912);
#1461=VERTEX_POINT('',#4921);
#1462=VERTEX_POINT('',#4923);
#1463=VERTEX_POINT('',#4947);
#1464=VERTEX_POINT('',#4949);
#1465=VERTEX_POINT('',#4958);
#1466=VERTEX_POINT('',#4960);
#1467=VERTEX_POINT('',#4969);
#1468=VERTEX_POINT('',#4971);
#1469=VERTEX_POINT('',#4980);
#1470=VERTEX_POINT('',#4982);
#1471=VERTEX_POINT('',#4991);
#1472=VERTEX_POINT('',#4993);
#1473=VERTEX_POINT('',#5002);
#1474=VERTEX_POINT('',#5004);
#1475=VERTEX_POINT('',#5015);
#1476=VERTEX_POINT('',#5017);
#1477=VERTEX_POINT('',#5023);
#1478=VERTEX_POINT('',#5024);
#1479=VERTEX_POINT('',#5026);
#1480=VERTEX_POINT('',#5028);
#1481=VERTEX_POINT('',#5032);
#1482=VERTEX_POINT('',#5034);
#1483=VERTEX_POINT('',#5038);
#1484=VERTEX_POINT('',#5040);
#1485=VERTEX_POINT('',#5049);
#1486=VERTEX_POINT('',#5050);
#1487=VERTEX_POINT('',#5052);
#1488=VERTEX_POINT('',#5054);
#1489=VERTEX_POINT('',#5058);
#1490=VERTEX_POINT('',#5060);
#1491=VERTEX_POINT('',#5064);
#1492=VERTEX_POINT('',#5066);
#1493=VERTEX_POINT('',#5075);
#1494=VERTEX_POINT('',#5076);
#1495=VERTEX_POINT('',#5078);
#1496=VERTEX_POINT('',#5080);
#1497=VERTEX_POINT('',#5084);
#1498=VERTEX_POINT('',#5086);
#1499=VERTEX_POINT('',#5090);
#1500=VERTEX_POINT('',#5092);
#1501=VERTEX_POINT('',#5101);
#1502=VERTEX_POINT('',#5102);
#1503=VERTEX_POINT('',#5104);
#1504=VERTEX_POINT('',#5106);
#1505=VERTEX_POINT('',#5110);
#1506=VERTEX_POINT('',#5112);
#1507=VERTEX_POINT('',#5116);
#1508=VERTEX_POINT('',#5118);
#1509=VERTEX_POINT('',#5127);
#1510=VERTEX_POINT('',#5128);
#1511=VERTEX_POINT('',#5130);
#1512=VERTEX_POINT('',#5132);
#1513=VERTEX_POINT('',#5136);
#1514=VERTEX_POINT('',#5138);
#1515=VERTEX_POINT('',#5142);
#1516=VERTEX_POINT('',#5144);
#1517=VERTEX_POINT('',#5153);
#1518=VERTEX_POINT('',#5154);
#1519=VERTEX_POINT('',#5156);
#1520=VERTEX_POINT('',#5158);
#1521=VERTEX_POINT('',#5162);
#1522=VERTEX_POINT('',#5164);
#1523=VERTEX_POINT('',#5168);
#1524=VERTEX_POINT('',#5170);
#1525=VERTEX_POINT('',#5179);
#1526=VERTEX_POINT('',#5180);
#1527=VERTEX_POINT('',#5182);
#1528=VERTEX_POINT('',#5184);
#1529=VERTEX_POINT('',#5188);
#1530=VERTEX_POINT('',#5190);
#1531=VERTEX_POINT('',#5194);
#1532=VERTEX_POINT('',#5196);
#1533=VERTEX_POINT('',#5205);
#1534=VERTEX_POINT('',#5206);
#1535=VERTEX_POINT('',#5208);
#1536=VERTEX_POINT('',#5210);
#1537=VERTEX_POINT('',#5214);
#1538=VERTEX_POINT('',#5216);
#1539=VERTEX_POINT('',#5220);
#1540=VERTEX_POINT('',#5222);
#1541=EDGE_CURVE('',#1253,#1254,#525,.T.);
#1542=EDGE_CURVE('',#1253,#1255,#526,.T.);
#1543=EDGE_CURVE('',#1255,#1256,#527,.T.);
#1544=EDGE_CURVE('',#1254,#1256,#528,.T.);
#1545=EDGE_CURVE('',#1254,#1257,#529,.T.);
#1546=EDGE_CURVE('',#1256,#1258,#530,.T.);
#1547=EDGE_CURVE('',#1257,#1258,#531,.T.);
#1548=EDGE_CURVE('',#1257,#1259,#532,.T.);
#1549=EDGE_CURVE('',#1258,#1260,#533,.T.);
#1550=EDGE_CURVE('',#1259,#1260,#534,.T.);
#1551=EDGE_CURVE('',#1259,#1253,#53,.T.);
#1552=EDGE_CURVE('',#1260,#1255,#54,.T.);
#1553=EDGE_CURVE('',#1261,#1262,#535,.T.);
#1554=EDGE_CURVE('',#1261,#1263,#536,.T.);
#1555=EDGE_CURVE('',#1263,#1264,#537,.T.);
#1556=EDGE_CURVE('',#1262,#1264,#538,.T.);
#1557=EDGE_CURVE('',#1262,#1265,#55,.T.);
#1558=EDGE_CURVE('',#1264,#1266,#56,.T.);
#1559=EDGE_CURVE('',#1265,#1266,#539,.T.);
#1560=EDGE_CURVE('',#1265,#1267,#540,.T.);
#1561=EDGE_CURVE('',#1266,#1268,#541,.T.);
#1562=EDGE_CURVE('',#1267,#1268,#542,.T.);
#1563=EDGE_CURVE('',#1267,#1261,#543,.T.);
#1564=EDGE_CURVE('',#1268,#1263,#544,.T.);
#1565=EDGE_CURVE('',#1269,#1270,#545,.T.);
#1566=EDGE_CURVE('',#1269,#1271,#546,.T.);
#1567=EDGE_CURVE('',#1271,#1272,#547,.T.);
#1568=EDGE_CURVE('',#1270,#1272,#548,.T.);
#1569=EDGE_CURVE('',#1270,#1273,#549,.T.);
#1570=EDGE_CURVE('',#1272,#1274,#550,.T.);
#1571=EDGE_CURVE('',#1273,#1274,#551,.T.);
#1572=EDGE_CURVE('',#1273,#1275,#552,.T.);
#1573=EDGE_CURVE('',#1274,#1276,#553,.T.);
#1574=EDGE_CURVE('',#1275,#1276,#554,.T.);
#1575=EDGE_CURVE('',#1275,#1269,#57,.T.);
#1576=EDGE_CURVE('',#1276,#1271,#58,.T.);
#1577=EDGE_CURVE('',#1277,#1278,#555,.T.);
#1578=EDGE_CURVE('',#1277,#1279,#556,.T.);
#1579=EDGE_CURVE('',#1279,#1280,#557,.T.);
#1580=EDGE_CURVE('',#1278,#1280,#558,.T.);
#1581=EDGE_CURVE('',#1278,#1281,#59,.T.);
#1582=EDGE_CURVE('',#1280,#1282,#60,.T.);
#1583=EDGE_CURVE('',#1281,#1282,#559,.T.);
#1584=EDGE_CURVE('',#1281,#1283,#560,.T.);
#1585=EDGE_CURVE('',#1282,#1284,#561,.T.);
#1586=EDGE_CURVE('',#1283,#1284,#562,.T.);
#1587=EDGE_CURVE('',#1283,#1277,#563,.T.);
#1588=EDGE_CURVE('',#1284,#1279,#564,.T.);
#1589=EDGE_CURVE('',#1285,#1286,#565,.T.);
#1590=EDGE_CURVE('',#1285,#1287,#566,.T.);
#1591=EDGE_CURVE('',#1287,#1288,#567,.T.);
#1592=EDGE_CURVE('',#1286,#1288,#568,.T.);
#1593=EDGE_CURVE('',#1286,#1289,#569,.T.);
#1594=EDGE_CURVE('',#1288,#1290,#570,.T.);
#1595=EDGE_CURVE('',#1289,#1290,#571,.T.);
#1596=EDGE_CURVE('',#1289,#1291,#572,.T.);
#1597=EDGE_CURVE('',#1290,#1292,#573,.T.);
#1598=EDGE_CURVE('',#1291,#1292,#574,.T.);
#1599=EDGE_CURVE('',#1291,#1285,#61,.T.);
#1600=EDGE_CURVE('',#1292,#1287,#62,.T.);
#1601=EDGE_CURVE('',#1293,#1294,#575,.T.);
#1602=EDGE_CURVE('',#1293,#1295,#576,.T.);
#1603=EDGE_CURVE('',#1295,#1296,#577,.T.);
#1604=EDGE_CURVE('',#1294,#1296,#578,.T.);
#1605=EDGE_CURVE('',#1294,#1297,#63,.T.);
#1606=EDGE_CURVE('',#1296,#1298,#64,.T.);
#1607=EDGE_CURVE('',#1297,#1298,#579,.T.);
#1608=EDGE_CURVE('',#1297,#1299,#580,.T.);
#1609=EDGE_CURVE('',#1298,#1300,#581,.T.);
#1610=EDGE_CURVE('',#1299,#1300,#582,.T.);
#1611=EDGE_CURVE('',#1299,#1293,#583,.T.);
#1612=EDGE_CURVE('',#1300,#1295,#584,.T.);
#1613=EDGE_CURVE('',#1301,#1302,#585,.T.);
#1614=EDGE_CURVE('',#1301,#1303,#586,.T.);
#1615=EDGE_CURVE('',#1303,#1304,#587,.T.);
#1616=EDGE_CURVE('',#1302,#1304,#588,.T.);
#1617=EDGE_CURVE('',#1302,#1305,#589,.T.);
#1618=EDGE_CURVE('',#1304,#1306,#590,.T.);
#1619=EDGE_CURVE('',#1305,#1306,#591,.T.);
#1620=EDGE_CURVE('',#1305,#1307,#592,.T.);
#1621=EDGE_CURVE('',#1306,#1308,#593,.T.);
#1622=EDGE_CURVE('',#1307,#1308,#594,.T.);
#1623=EDGE_CURVE('',#1307,#1301,#65,.T.);
#1624=EDGE_CURVE('',#1308,#1303,#66,.T.);
#1625=EDGE_CURVE('',#1309,#1310,#595,.T.);
#1626=EDGE_CURVE('',#1309,#1311,#596,.T.);
#1627=EDGE_CURVE('',#1311,#1312,#597,.T.);
#1628=EDGE_CURVE('',#1310,#1312,#598,.T.);
#1629=EDGE_CURVE('',#1310,#1313,#67,.T.);
#1630=EDGE_CURVE('',#1312,#1314,#68,.T.);
#1631=EDGE_CURVE('',#1313,#1314,#599,.T.);
#1632=EDGE_CURVE('',#1313,#1315,#600,.T.);
#1633=EDGE_CURVE('',#1314,#1316,#601,.T.);
#1634=EDGE_CURVE('',#1315,#1316,#602,.T.);
#1635=EDGE_CURVE('',#1315,#1309,#603,.T.);
#1636=EDGE_CURVE('',#1316,#1311,#604,.T.);
#1637=EDGE_CURVE('',#1317,#1318,#605,.T.);
#1638=EDGE_CURVE('',#1317,#1319,#606,.T.);
#1639=EDGE_CURVE('',#1320,#1319,#607,.T.);
#1640=EDGE_CURVE('',#1321,#1320,#608,.T.);
#1641=EDGE_CURVE('',#1318,#1321,#609,.T.);
#1642=EDGE_CURVE('',#1322,#1323,#610,.T.);
#1643=EDGE_CURVE('',#1323,#1324,#611,.T.);
#1644=EDGE_CURVE('',#1324,#1325,#612,.T.);
#1645=EDGE_CURVE('',#1325,#1326,#613,.T.);
#1646=EDGE_CURVE('',#1326,#1322,#614,.T.);
#1647=EDGE_CURVE('',#1324,#1317,#615,.T.);
#1648=EDGE_CURVE('',#1318,#1325,#616,.T.);
#1649=EDGE_CURVE('',#1321,#1326,#617,.T.);
#1650=EDGE_CURVE('',#1320,#1322,#618,.T.);
#1651=EDGE_CURVE('',#1319,#1323,#619,.T.);
#1652=EDGE_CURVE('',#1327,#1327,#69,.T.);
#1653=EDGE_CURVE('',#1327,#1328,#620,.T.);
#1654=EDGE_CURVE('',#1328,#1328,#70,.T.);
#1655=EDGE_CURVE('',#1329,#1330,#71,.T.);
#1656=EDGE_CURVE('',#1330,#1331,#621,.T.);
#1657=EDGE_CURVE('',#1331,#1332,#72,.T.);
#1658=EDGE_CURVE('',#1329,#1332,#622,.T.);
#1659=EDGE_CURVE('',#1333,#1334,#73,.T.);
#1660=EDGE_CURVE('',#1334,#1335,#623,.T.);
#1661=EDGE_CURVE('',#1335,#1336,#74,.T.);
#1662=EDGE_CURVE('',#1333,#1336,#624,.T.);
#1663=EDGE_CURVE('',#1337,#1338,#75,.T.);
#1664=EDGE_CURVE('',#1338,#1339,#625,.T.);
#1665=EDGE_CURVE('',#1339,#1340,#76,.T.);
#1666=EDGE_CURVE('',#1337,#1340,#626,.T.);
#1667=EDGE_CURVE('',#1341,#1342,#77,.T.);
#1668=EDGE_CURVE('',#1342,#1343,#627,.T.);
#1669=EDGE_CURVE('',#1343,#1344,#78,.T.);
#1670=EDGE_CURVE('',#1341,#1344,#628,.T.);
#1671=EDGE_CURVE('',#1345,#1346,#629,.T.);
#1672=EDGE_CURVE('',#1345,#1347,#630,.T.);
#1673=EDGE_CURVE('',#1347,#1348,#631,.T.);
#1674=EDGE_CURVE('',#1348,#1349,#632,.T.);
#1675=EDGE_CURVE('',#1350,#1349,#633,.T.);
#1676=EDGE_CURVE('',#1351,#1350,#634,.T.);
#1677=EDGE_CURVE('',#1351,#1352,#635,.T.);
#1678=EDGE_CURVE('',#1352,#1353,#636,.T.);
#1679=EDGE_CURVE('',#1354,#1353,#637,.T.);
#1680=EDGE_CURVE('',#1354,#1355,#638,.T.);
#1681=EDGE_CURVE('',#1355,#1356,#639,.T.);
#1682=EDGE_CURVE('',#1356,#1357,#640,.T.);
#1683=EDGE_CURVE('',#1358,#1357,#641,.T.);
#1684=EDGE_CURVE('',#1358,#1359,#642,.T.);
#1685=EDGE_CURVE('',#1359,#1360,#643,.T.);
#1686=EDGE_CURVE('',#1360,#1361,#644,.T.);
#1687=EDGE_CURVE('',#1362,#1361,#645,.T.);
#1688=EDGE_CURVE('',#1362,#1363,#646,.T.);
#1689=EDGE_CURVE('',#1363,#1364,#647,.T.);
#1690=EDGE_CURVE('',#1364,#1346,#648,.T.);
#1691=EDGE_CURVE('',#1365,#1366,#649,.T.);
#1692=EDGE_CURVE('',#1366,#1367,#650,.T.);
#1693=EDGE_CURVE('',#1368,#1367,#651,.T.);
#1694=EDGE_CURVE('',#1368,#1369,#652,.T.);
#1695=EDGE_CURVE('',#1369,#1370,#653,.T.);
#1696=EDGE_CURVE('',#1370,#1371,#654,.T.);
#1697=EDGE_CURVE('',#1372,#1371,#655,.T.);
#1698=EDGE_CURVE('',#1372,#1373,#656,.T.);
#1699=EDGE_CURVE('',#1373,#1374,#657,.T.);
#1700=EDGE_CURVE('',#1374,#1375,#658,.T.);
#1701=EDGE_CURVE('',#1376,#1375,#659,.T.);
#1702=EDGE_CURVE('',#1377,#1376,#660,.T.);
#1703=EDGE_CURVE('',#1377,#1378,#661,.T.);
#1704=EDGE_CURVE('',#1378,#1379,#662,.T.);
#1705=EDGE_CURVE('',#1380,#1379,#663,.T.);
#1706=EDGE_CURVE('',#1380,#1381,#664,.T.);
#1707=EDGE_CURVE('',#1381,#1382,#665,.T.);
#1708=EDGE_CURVE('',#1382,#1383,#666,.T.);
#1709=EDGE_CURVE('',#1384,#1383,#667,.T.);
#1710=EDGE_CURVE('',#1384,#1365,#668,.T.);
#1711=EDGE_CURVE('',#1346,#1385,#669,.T.);
#1712=EDGE_CURVE('',#1386,#1364,#670,.T.);
#1713=EDGE_CURVE('',#1387,#1386,#79,.T.);
#1714=EDGE_CURVE('',#1361,#1387,#671,.T.);
#1715=EDGE_CURVE('',#1388,#1360,#672,.T.);
#1716=EDGE_CURVE('',#1389,#1388,#80,.T.);
#1717=EDGE_CURVE('',#1357,#1389,#673,.T.);
#1718=EDGE_CURVE('',#1390,#1356,#674,.T.);
#1719=EDGE_CURVE('',#1391,#1390,#81,.T.);
#1720=EDGE_CURVE('',#1353,#1391,#675,.T.);
#1721=EDGE_CURVE('',#1392,#1352,#676,.T.);
#1722=EDGE_CURVE('',#1393,#1392,#677,.T.);
#1723=EDGE_CURVE('',#1394,#1393,#82,.T.);
#1724=EDGE_CURVE('',#1395,#1394,#678,.T.);
#1725=EDGE_CURVE('',#1396,#1395,#679,.T.);
#1726=EDGE_CURVE('',#1397,#1396,#680,.T.);
#1727=EDGE_CURVE('',#1398,#1397,#83,.T.);
#1728=EDGE_CURVE('',#1399,#1398,#681,.T.);
#1729=EDGE_CURVE('',#1400,#1399,#682,.T.);
#1730=EDGE_CURVE('',#1401,#1400,#683,.T.);
#1731=EDGE_CURVE('',#1402,#1401,#84,.T.);
#1732=EDGE_CURVE('',#1403,#1402,#684,.T.);
#1733=EDGE_CURVE('',#1404,#1403,#685,.T.);
#1734=EDGE_CURVE('',#1405,#1404,#686,.T.);
#1735=EDGE_CURVE('',#1406,#1405,#85,.T.);
#1736=EDGE_CURVE('',#1407,#1406,#687,.T.);
#1737=EDGE_CURVE('',#1375,#1407,#688,.T.);
#1738=EDGE_CURVE('',#1408,#1374,#689,.T.);
#1739=EDGE_CURVE('',#1409,#1408,#86,.T.);
#1740=EDGE_CURVE('',#1371,#1409,#690,.T.);
#1741=EDGE_CURVE('',#1410,#1370,#691,.T.);
#1742=EDGE_CURVE('',#1411,#1410,#87,.T.);
#1743=EDGE_CURVE('',#1367,#1411,#692,.T.);
#1744=EDGE_CURVE('',#1412,#1366,#693,.T.);
#1745=EDGE_CURVE('',#1413,#1412,#88,.T.);
#1746=EDGE_CURVE('',#1383,#1413,#694,.T.);
#1747=EDGE_CURVE('',#1414,#1382,#695,.T.);
#1748=EDGE_CURVE('',#1415,#1414,#89,.T.);
#1749=EDGE_CURVE('',#1379,#1415,#696,.T.);
#1750=EDGE_CURVE('',#1416,#1378,#697,.T.);
#1751=EDGE_CURVE('',#1340,#1416,#698,.T.);
#1752=EDGE_CURVE('',#1417,#1339,#699,.T.);
#1753=EDGE_CURVE('',#1418,#1417,#700,.T.);
#1754=EDGE_CURVE('',#1332,#1418,#701,.T.);
#1755=EDGE_CURVE('',#1419,#1331,#702,.T.);
#1756=EDGE_CURVE('',#1420,#1419,#703,.T.);
#1757=EDGE_CURVE('',#1336,#1420,#704,.T.);
#1758=EDGE_CURVE('',#1421,#1335,#705,.T.);
#1759=EDGE_CURVE('',#1422,#1421,#706,.T.);
#1760=EDGE_CURVE('',#1344,#1422,#707,.T.);
#1761=EDGE_CURVE('',#1423,#1343,#708,.T.);
#1762=EDGE_CURVE('',#1349,#1423,#709,.T.);
#1763=EDGE_CURVE('',#1424,#1348,#710,.T.);
#1764=EDGE_CURVE('',#1385,#1424,#90,.T.);
#1765=EDGE_CURVE('',#1425,#1426,#711,.T.);
#1766=EDGE_CURVE('',#1426,#1427,#712,.T.);
#1767=EDGE_CURVE('',#1427,#1428,#713,.T.);
#1768=EDGE_CURVE('',#1428,#1429,#714,.T.);
#1769=EDGE_CURVE('',#1429,#1425,#715,.T.);
#1770=EDGE_CURVE('',#1430,#1418,#716,.T.);
#1771=EDGE_CURVE('',#1431,#1417,#717,.T.);
#1772=EDGE_CURVE('',#1431,#1432,#718,.T.);
#1773=EDGE_CURVE('',#1432,#1416,#719,.T.);
#1774=EDGE_CURVE('',#1350,#1377,#720,.T.);
#1775=EDGE_CURVE('',#1433,#1423,#721,.T.);
#1776=EDGE_CURVE('',#1433,#1434,#722,.T.);
#1777=EDGE_CURVE('',#1434,#1422,#723,.T.);
#1778=EDGE_CURVE('',#1435,#1421,#724,.T.);
#1779=EDGE_CURVE('',#1435,#1436,#725,.T.);
#1780=EDGE_CURVE('',#1436,#1420,#726,.T.);
#1781=EDGE_CURVE('',#1437,#1419,#727,.T.);
#1782=EDGE_CURVE('',#1437,#1430,#728,.T.);
#1783=EDGE_CURVE('',#1438,#1404,#729,.T.);
#1784=EDGE_CURVE('',#1439,#1403,#730,.T.);
#1785=EDGE_CURVE('',#1439,#1440,#731,.T.);
#1786=EDGE_CURVE('',#1440,#1400,#732,.T.);
#1787=EDGE_CURVE('',#1441,#1399,#733,.T.);
#1788=EDGE_CURVE('',#1441,#1442,#734,.T.);
#1789=EDGE_CURVE('',#1442,#1396,#735,.T.);
#1790=EDGE_CURVE('',#1443,#1395,#736,.T.);
#1791=EDGE_CURVE('',#1443,#1444,#737,.T.);
#1792=EDGE_CURVE('',#1444,#1392,#738,.T.);
#1793=EDGE_CURVE('',#1376,#1351,#739,.T.);
#1794=EDGE_CURVE('',#1445,#1407,#740,.T.);
#1795=EDGE_CURVE('',#1445,#1438,#741,.T.);
#1796=EDGE_CURVE('',#1434,#1341,#742,.T.);
#1797=EDGE_CURVE('',#1342,#1433,#743,.T.);
#1798=EDGE_CURVE('',#1444,#1446,#744,.T.);
#1799=EDGE_CURVE('',#1446,#1393,#745,.T.);
#1800=EDGE_CURVE('',#1446,#1447,#91,.T.);
#1801=EDGE_CURVE('',#1447,#1394,#746,.T.);
#1802=EDGE_CURVE('',#1447,#1443,#747,.T.);
#1803=EDGE_CURVE('',#1448,#1408,#748,.T.);
#1804=EDGE_CURVE('',#1448,#1449,#92,.T.);
#1805=EDGE_CURVE('',#1449,#1409,#749,.T.);
#1806=EDGE_CURVE('',#1373,#1448,#750,.T.);
#1807=EDGE_CURVE('',#1449,#1372,#751,.T.);
#1808=EDGE_CURVE('',#1450,#1390,#752,.T.);
#1809=EDGE_CURVE('',#1450,#1451,#93,.T.);
#1810=EDGE_CURVE('',#1451,#1391,#753,.T.);
#1811=EDGE_CURVE('',#1451,#1354,#754,.T.);
#1812=EDGE_CURVE('',#1355,#1450,#755,.T.);
#1813=EDGE_CURVE('',#1452,#1453,#756,.T.);
#1814=EDGE_CURVE('',#1452,#1427,#757,.T.);
#1815=EDGE_CURVE('',#1453,#1426,#758,.T.);
#1816=EDGE_CURVE('',#1454,#1425,#759,.T.);
#1817=EDGE_CURVE('',#1453,#1454,#760,.T.);
#1818=EDGE_CURVE('',#1455,#1429,#761,.T.);
#1819=EDGE_CURVE('',#1454,#1455,#762,.T.);
#1820=EDGE_CURVE('',#1428,#1456,#763,.T.);
#1821=EDGE_CURVE('',#1455,#1456,#764,.T.);
#1822=EDGE_CURVE('',#1456,#1452,#765,.T.);
#1823=EDGE_CURVE('',#1457,#1397,#766,.T.);
#1824=EDGE_CURVE('',#1457,#1458,#94,.T.);
#1825=EDGE_CURVE('',#1458,#1398,#767,.T.);
#1826=EDGE_CURVE('',#1442,#1457,#768,.T.);
#1827=EDGE_CURVE('',#1458,#1441,#769,.T.);
#1828=EDGE_CURVE('',#1459,#1401,#770,.T.);
#1829=EDGE_CURVE('',#1459,#1460,#95,.T.);
#1830=EDGE_CURVE('',#1460,#1402,#771,.T.);
#1831=EDGE_CURVE('',#1440,#1459,#772,.T.);
#1832=EDGE_CURVE('',#1460,#1439,#773,.T.);
#1833=EDGE_CURVE('',#1461,#1405,#774,.T.);
#1834=EDGE_CURVE('',#1461,#1462,#96,.T.);
#1835=EDGE_CURVE('',#1462,#1406,#775,.T.);
#1836=EDGE_CURVE('',#1438,#1461,#776,.T.);
#1837=EDGE_CURVE('',#1462,#1445,#777,.T.);
#1838=EDGE_CURVE('',#1432,#1337,#778,.T.);
#1839=EDGE_CURVE('',#1338,#1431,#779,.T.);
#1840=EDGE_CURVE('',#1436,#1333,#780,.T.);
#1841=EDGE_CURVE('',#1334,#1435,#781,.T.);
#1842=EDGE_CURVE('',#1430,#1329,#782,.T.);
#1843=EDGE_CURVE('',#1330,#1437,#783,.T.);
#1844=EDGE_CURVE('',#1463,#1414,#784,.T.);
#1845=EDGE_CURVE('',#1463,#1464,#97,.T.);
#1846=EDGE_CURVE('',#1464,#1415,#785,.T.);
#1847=EDGE_CURVE('',#1381,#1463,#786,.T.);
#1848=EDGE_CURVE('',#1464,#1380,#787,.T.);
#1849=EDGE_CURVE('',#1465,#1410,#788,.T.);
#1850=EDGE_CURVE('',#1465,#1466,#98,.T.);
#1851=EDGE_CURVE('',#1466,#1411,#789,.T.);
#1852=EDGE_CURVE('',#1369,#1465,#790,.T.);
#1853=EDGE_CURVE('',#1466,#1368,#791,.T.);
#1854=EDGE_CURVE('',#1467,#1412,#792,.T.);
#1855=EDGE_CURVE('',#1467,#1468,#99,.T.);
#1856=EDGE_CURVE('',#1468,#1413,#793,.T.);
#1857=EDGE_CURVE('',#1365,#1467,#794,.T.);
#1858=EDGE_CURVE('',#1468,#1384,#795,.T.);
#1859=EDGE_CURVE('',#1469,#1388,#796,.T.);
#1860=EDGE_CURVE('',#1469,#1470,#100,.T.);
#1861=EDGE_CURVE('',#1470,#1389,#797,.T.);
#1862=EDGE_CURVE('',#1470,#1358,#798,.T.);
#1863=EDGE_CURVE('',#1359,#1469,#799,.T.);
#1864=EDGE_CURVE('',#1471,#1386,#800,.T.);
#1865=EDGE_CURVE('',#1471,#1472,#101,.T.);
#1866=EDGE_CURVE('',#1472,#1387,#801,.T.);
#1867=EDGE_CURVE('',#1472,#1362,#802,.T.);
#1868=EDGE_CURVE('',#1363,#1471,#803,.T.);
#1869=EDGE_CURVE('',#1473,#1424,#804,.T.);
#1870=EDGE_CURVE('',#1473,#1474,#102,.T.);
#1871=EDGE_CURVE('',#1474,#1385,#805,.T.);
#1872=EDGE_CURVE('',#1474,#1345,#806,.T.);
#1873=EDGE_CURVE('',#1347,#1473,#807,.T.);
#1874=EDGE_CURVE('',#1475,#1475,#103,.T.);
#1875=EDGE_CURVE('',#1475,#1476,#808,.T.);
#1876=EDGE_CURVE('',#1476,#1476,#104,.T.);
#1877=EDGE_CURVE('',#1477,#1478,#809,.T.);
#1878=EDGE_CURVE('',#1477,#1479,#810,.T.);
#1879=EDGE_CURVE('',#1479,#1480,#811,.T.);
#1880=EDGE_CURVE('',#1478,#1480,#812,.T.);
#1881=EDGE_CURVE('',#1478,#1481,#105,.T.);
#1882=EDGE_CURVE('',#1480,#1482,#106,.T.);
#1883=EDGE_CURVE('',#1481,#1482,#813,.T.);
#1884=EDGE_CURVE('',#1481,#1483,#814,.T.);
#1885=EDGE_CURVE('',#1482,#1484,#815,.T.);
#1886=EDGE_CURVE('',#1483,#1484,#816,.T.);
#1887=EDGE_CURVE('',#1483,#1477,#817,.T.);
#1888=EDGE_CURVE('',#1484,#1479,#818,.T.);
#1889=EDGE_CURVE('',#1485,#1486,#107,.T.);
#1890=EDGE_CURVE('',#1485,#1487,#819,.T.);
#1891=EDGE_CURVE('',#1487,#1488,#108,.T.);
#1892=EDGE_CURVE('',#1486,#1488,#820,.T.);
#1893=EDGE_CURVE('',#1489,#1485,#821,.T.);
#1894=EDGE_CURVE('',#1489,#1490,#822,.T.);
#1895=EDGE_CURVE('',#1490,#1487,#823,.T.);
#1896=EDGE_CURVE('',#1486,#1491,#824,.T.);
#1897=EDGE_CURVE('',#1488,#1492,#825,.T.);
#1898=EDGE_CURVE('',#1491,#1492,#826,.T.);
#1899=EDGE_CURVE('',#1491,#1489,#827,.T.);
#1900=EDGE_CURVE('',#1492,#1490,#828,.T.);
#1901=EDGE_CURVE('',#1493,#1494,#829,.T.);
#1902=EDGE_CURVE('',#1493,#1495,#830,.T.);
#1903=EDGE_CURVE('',#1495,#1496,#831,.T.);
#1904=EDGE_CURVE('',#1494,#1496,#832,.T.);
#1905=EDGE_CURVE('',#1494,#1497,#109,.T.);
#1906=EDGE_CURVE('',#1496,#1498,#110,.T.);
#1907=EDGE_CURVE('',#1497,#1498,#833,.T.);
#1908=EDGE_CURVE('',#1497,#1499,#834,.T.);
#1909=EDGE_CURVE('',#1498,#1500,#835,.T.);
#1910=EDGE_CURVE('',#1499,#1500,#836,.T.);
#1911=EDGE_CURVE('',#1499,#1493,#837,.T.);
#1912=EDGE_CURVE('',#1500,#1495,#838,.T.);
#1913=EDGE_CURVE('',#1501,#1502,#111,.T.);
#1914=EDGE_CURVE('',#1501,#1503,#839,.T.);
#1915=EDGE_CURVE('',#1503,#1504,#112,.T.);
#1916=EDGE_CURVE('',#1502,#1504,#840,.T.);
#1917=EDGE_CURVE('',#1505,#1501,#841,.T.);
#1918=EDGE_CURVE('',#1505,#1506,#842,.T.);
#1919=EDGE_CURVE('',#1506,#1503,#843,.T.);
#1920=EDGE_CURVE('',#1502,#1507,#844,.T.);
#1921=EDGE_CURVE('',#1504,#1508,#845,.T.);
#1922=EDGE_CURVE('',#1507,#1508,#846,.T.);
#1923=EDGE_CURVE('',#1507,#1505,#847,.T.);
#1924=EDGE_CURVE('',#1508,#1506,#848,.T.);
#1925=EDGE_CURVE('',#1509,#1510,#849,.T.);
#1926=EDGE_CURVE('',#1509,#1511,#850,.T.);
#1927=EDGE_CURVE('',#1511,#1512,#851,.T.);
#1928=EDGE_CURVE('',#1510,#1512,#852,.T.);
#1929=EDGE_CURVE('',#1510,#1513,#113,.T.);
#1930=EDGE_CURVE('',#1512,#1514,#114,.T.);
#1931=EDGE_CURVE('',#1513,#1514,#853,.T.);
#1932=EDGE_CURVE('',#1513,#1515,#854,.T.);
#1933=EDGE_CURVE('',#1514,#1516,#855,.T.);
#1934=EDGE_CURVE('',#1515,#1516,#856,.T.);
#1935=EDGE_CURVE('',#1515,#1509,#857,.T.);
#1936=EDGE_CURVE('',#1516,#1511,#858,.T.);
#1937=EDGE_CURVE('',#1517,#1518,#115,.T.);
#1938=EDGE_CURVE('',#1517,#1519,#859,.T.);
#1939=EDGE_CURVE('',#1519,#1520,#116,.T.);
#1940=EDGE_CURVE('',#1518,#1520,#860,.T.);
#1941=EDGE_CURVE('',#1521,#1517,#861,.T.);
#1942=EDGE_CURVE('',#1521,#1522,#862,.T.);
#1943=EDGE_CURVE('',#1522,#1519,#863,.T.);
#1944=EDGE_CURVE('',#1518,#1523,#864,.T.);
#1945=EDGE_CURVE('',#1520,#1524,#865,.T.);
#1946=EDGE_CURVE('',#1523,#1524,#866,.T.);
#1947=EDGE_CURVE('',#1523,#1521,#867,.T.);
#1948=EDGE_CURVE('',#1524,#1522,#868,.T.);
#1949=EDGE_CURVE('',#1525,#1526,#869,.T.);
#1950=EDGE_CURVE('',#1525,#1527,#870,.T.);
#1951=EDGE_CURVE('',#1527,#1528,#871,.T.);
#1952=EDGE_CURVE('',#1526,#1528,#872,.T.);
#1953=EDGE_CURVE('',#1526,#1529,#117,.T.);
#1954=EDGE_CURVE('',#1528,#1530,#118,.T.);
#1955=EDGE_CURVE('',#1529,#1530,#873,.T.);
#1956=EDGE_CURVE('',#1529,#1531,#874,.T.);
#1957=EDGE_CURVE('',#1530,#1532,#875,.T.);
#1958=EDGE_CURVE('',#1531,#1532,#876,.T.);
#1959=EDGE_CURVE('',#1531,#1525,#877,.T.);
#1960=EDGE_CURVE('',#1532,#1527,#878,.T.);
#1961=EDGE_CURVE('',#1533,#1534,#119,.T.);
#1962=EDGE_CURVE('',#1533,#1535,#879,.T.);
#1963=EDGE_CURVE('',#1535,#1536,#120,.T.);
#1964=EDGE_CURVE('',#1534,#1536,#880,.T.);
#1965=EDGE_CURVE('',#1537,#1533,#881,.T.);
#1966=EDGE_CURVE('',#1537,#1538,#882,.T.);
#1967=EDGE_CURVE('',#1538,#1535,#883,.T.);
#1968=EDGE_CURVE('',#1534,#1539,#884,.T.);
#1969=EDGE_CURVE('',#1536,#1540,#885,.T.);
#1970=EDGE_CURVE('',#1539,#1540,#886,.T.);
#1971=EDGE_CURVE('',#1539,#1537,#887,.T.);
#1972=EDGE_CURVE('',#1540,#1538,#888,.T.);
#1973=ORIENTED_EDGE('',*,*,#1541,.F.);
#1974=ORIENTED_EDGE('',*,*,#1542,.T.);
#1975=ORIENTED_EDGE('',*,*,#1543,.T.);
#1976=ORIENTED_EDGE('',*,*,#1544,.F.);
#1977=ORIENTED_EDGE('',*,*,#1545,.F.);
#1978=ORIENTED_EDGE('',*,*,#1544,.T.);
#1979=ORIENTED_EDGE('',*,*,#1546,.T.);
#1980=ORIENTED_EDGE('',*,*,#1547,.F.);
#1981=ORIENTED_EDGE('',*,*,#1548,.F.);
#1982=ORIENTED_EDGE('',*,*,#1547,.T.);
#1983=ORIENTED_EDGE('',*,*,#1549,.T.);
#1984=ORIENTED_EDGE('',*,*,#1550,.F.);
#1985=ORIENTED_EDGE('',*,*,#1551,.F.);
#1986=ORIENTED_EDGE('',*,*,#1550,.T.);
#1987=ORIENTED_EDGE('',*,*,#1552,.T.);
#1988=ORIENTED_EDGE('',*,*,#1542,.F.);
#1989=ORIENTED_EDGE('',*,*,#1543,.F.);
#1990=ORIENTED_EDGE('',*,*,#1552,.F.);
#1991=ORIENTED_EDGE('',*,*,#1549,.F.);
#1992=ORIENTED_EDGE('',*,*,#1546,.F.);
#1993=ORIENTED_EDGE('',*,*,#1551,.T.);
#1994=ORIENTED_EDGE('',*,*,#1541,.T.);
#1995=ORIENTED_EDGE('',*,*,#1545,.T.);
#1996=ORIENTED_EDGE('',*,*,#1548,.T.);
#1997=ORIENTED_EDGE('',*,*,#1553,.F.);
#1998=ORIENTED_EDGE('',*,*,#1554,.T.);
#1999=ORIENTED_EDGE('',*,*,#1555,.T.);
#2000=ORIENTED_EDGE('',*,*,#1556,.F.);
#2001=ORIENTED_EDGE('',*,*,#1557,.F.);
#2002=ORIENTED_EDGE('',*,*,#1556,.T.);
#2003=ORIENTED_EDGE('',*,*,#1558,.T.);
#2004=ORIENTED_EDGE('',*,*,#1559,.F.);
#2005=ORIENTED_EDGE('',*,*,#1560,.F.);
#2006=ORIENTED_EDGE('',*,*,#1559,.T.);
#2007=ORIENTED_EDGE('',*,*,#1561,.T.);
#2008=ORIENTED_EDGE('',*,*,#1562,.F.);
#2009=ORIENTED_EDGE('',*,*,#1563,.F.);
#2010=ORIENTED_EDGE('',*,*,#1562,.T.);
#2011=ORIENTED_EDGE('',*,*,#1564,.T.);
#2012=ORIENTED_EDGE('',*,*,#1554,.F.);
#2013=ORIENTED_EDGE('',*,*,#1555,.F.);
#2014=ORIENTED_EDGE('',*,*,#1564,.F.);
#2015=ORIENTED_EDGE('',*,*,#1561,.F.);
#2016=ORIENTED_EDGE('',*,*,#1558,.F.);
#2017=ORIENTED_EDGE('',*,*,#1563,.T.);
#2018=ORIENTED_EDGE('',*,*,#1553,.T.);
#2019=ORIENTED_EDGE('',*,*,#1557,.T.);
#2020=ORIENTED_EDGE('',*,*,#1560,.T.);
#2021=ORIENTED_EDGE('',*,*,#1565,.F.);
#2022=ORIENTED_EDGE('',*,*,#1566,.T.);
#2023=ORIENTED_EDGE('',*,*,#1567,.T.);
#2024=ORIENTED_EDGE('',*,*,#1568,.F.);
#2025=ORIENTED_EDGE('',*,*,#1569,.F.);
#2026=ORIENTED_EDGE('',*,*,#1568,.T.);
#2027=ORIENTED_EDGE('',*,*,#1570,.T.);
#2028=ORIENTED_EDGE('',*,*,#1571,.F.);
#2029=ORIENTED_EDGE('',*,*,#1572,.F.);
#2030=ORIENTED_EDGE('',*,*,#1571,.T.);
#2031=ORIENTED_EDGE('',*,*,#1573,.T.);
#2032=ORIENTED_EDGE('',*,*,#1574,.F.);
#2033=ORIENTED_EDGE('',*,*,#1575,.F.);
#2034=ORIENTED_EDGE('',*,*,#1574,.T.);
#2035=ORIENTED_EDGE('',*,*,#1576,.T.);
#2036=ORIENTED_EDGE('',*,*,#1566,.F.);
#2037=ORIENTED_EDGE('',*,*,#1567,.F.);
#2038=ORIENTED_EDGE('',*,*,#1576,.F.);
#2039=ORIENTED_EDGE('',*,*,#1573,.F.);
#2040=ORIENTED_EDGE('',*,*,#1570,.F.);
#2041=ORIENTED_EDGE('',*,*,#1575,.T.);
#2042=ORIENTED_EDGE('',*,*,#1565,.T.);
#2043=ORIENTED_EDGE('',*,*,#1569,.T.);
#2044=ORIENTED_EDGE('',*,*,#1572,.T.);
#2045=ORIENTED_EDGE('',*,*,#1577,.F.);
#2046=ORIENTED_EDGE('',*,*,#1578,.T.);
#2047=ORIENTED_EDGE('',*,*,#1579,.T.);
#2048=ORIENTED_EDGE('',*,*,#1580,.F.);
#2049=ORIENTED_EDGE('',*,*,#1581,.F.);
#2050=ORIENTED_EDGE('',*,*,#1580,.T.);
#2051=ORIENTED_EDGE('',*,*,#1582,.T.);
#2052=ORIENTED_EDGE('',*,*,#1583,.F.);
#2053=ORIENTED_EDGE('',*,*,#1584,.F.);
#2054=ORIENTED_EDGE('',*,*,#1583,.T.);
#2055=ORIENTED_EDGE('',*,*,#1585,.T.);
#2056=ORIENTED_EDGE('',*,*,#1586,.F.);
#2057=ORIENTED_EDGE('',*,*,#1587,.F.);
#2058=ORIENTED_EDGE('',*,*,#1586,.T.);
#2059=ORIENTED_EDGE('',*,*,#1588,.T.);
#2060=ORIENTED_EDGE('',*,*,#1578,.F.);
#2061=ORIENTED_EDGE('',*,*,#1579,.F.);
#2062=ORIENTED_EDGE('',*,*,#1588,.F.);
#2063=ORIENTED_EDGE('',*,*,#1585,.F.);
#2064=ORIENTED_EDGE('',*,*,#1582,.F.);
#2065=ORIENTED_EDGE('',*,*,#1587,.T.);
#2066=ORIENTED_EDGE('',*,*,#1577,.T.);
#2067=ORIENTED_EDGE('',*,*,#1581,.T.);
#2068=ORIENTED_EDGE('',*,*,#1584,.T.);
#2069=ORIENTED_EDGE('',*,*,#1589,.F.);
#2070=ORIENTED_EDGE('',*,*,#1590,.T.);
#2071=ORIENTED_EDGE('',*,*,#1591,.T.);
#2072=ORIENTED_EDGE('',*,*,#1592,.F.);
#2073=ORIENTED_EDGE('',*,*,#1593,.F.);
#2074=ORIENTED_EDGE('',*,*,#1592,.T.);
#2075=ORIENTED_EDGE('',*,*,#1594,.T.);
#2076=ORIENTED_EDGE('',*,*,#1595,.F.);
#2077=ORIENTED_EDGE('',*,*,#1596,.F.);
#2078=ORIENTED_EDGE('',*,*,#1595,.T.);
#2079=ORIENTED_EDGE('',*,*,#1597,.T.);
#2080=ORIENTED_EDGE('',*,*,#1598,.F.);
#2081=ORIENTED_EDGE('',*,*,#1599,.F.);
#2082=ORIENTED_EDGE('',*,*,#1598,.T.);
#2083=ORIENTED_EDGE('',*,*,#1600,.T.);
#2084=ORIENTED_EDGE('',*,*,#1590,.F.);
#2085=ORIENTED_EDGE('',*,*,#1591,.F.);
#2086=ORIENTED_EDGE('',*,*,#1600,.F.);
#2087=ORIENTED_EDGE('',*,*,#1597,.F.);
#2088=ORIENTED_EDGE('',*,*,#1594,.F.);
#2089=ORIENTED_EDGE('',*,*,#1599,.T.);
#2090=ORIENTED_EDGE('',*,*,#1589,.T.);
#2091=ORIENTED_EDGE('',*,*,#1593,.T.);
#2092=ORIENTED_EDGE('',*,*,#1596,.T.);
#2093=ORIENTED_EDGE('',*,*,#1601,.F.);
#2094=ORIENTED_EDGE('',*,*,#1602,.T.);
#2095=ORIENTED_EDGE('',*,*,#1603,.T.);
#2096=ORIENTED_EDGE('',*,*,#1604,.F.);
#2097=ORIENTED_EDGE('',*,*,#1605,.F.);
#2098=ORIENTED_EDGE('',*,*,#1604,.T.);
#2099=ORIENTED_EDGE('',*,*,#1606,.T.);
#2100=ORIENTED_EDGE('',*,*,#1607,.F.);
#2101=ORIENTED_EDGE('',*,*,#1608,.F.);
#2102=ORIENTED_EDGE('',*,*,#1607,.T.);
#2103=ORIENTED_EDGE('',*,*,#1609,.T.);
#2104=ORIENTED_EDGE('',*,*,#1610,.F.);
#2105=ORIENTED_EDGE('',*,*,#1611,.F.);
#2106=ORIENTED_EDGE('',*,*,#1610,.T.);
#2107=ORIENTED_EDGE('',*,*,#1612,.T.);
#2108=ORIENTED_EDGE('',*,*,#1602,.F.);
#2109=ORIENTED_EDGE('',*,*,#1603,.F.);
#2110=ORIENTED_EDGE('',*,*,#1612,.F.);
#2111=ORIENTED_EDGE('',*,*,#1609,.F.);
#2112=ORIENTED_EDGE('',*,*,#1606,.F.);
#2113=ORIENTED_EDGE('',*,*,#1611,.T.);
#2114=ORIENTED_EDGE('',*,*,#1601,.T.);
#2115=ORIENTED_EDGE('',*,*,#1605,.T.);
#2116=ORIENTED_EDGE('',*,*,#1608,.T.);
#2117=ORIENTED_EDGE('',*,*,#1613,.F.);
#2118=ORIENTED_EDGE('',*,*,#1614,.T.);
#2119=ORIENTED_EDGE('',*,*,#1615,.T.);
#2120=ORIENTED_EDGE('',*,*,#1616,.F.);
#2121=ORIENTED_EDGE('',*,*,#1617,.F.);
#2122=ORIENTED_EDGE('',*,*,#1616,.T.);
#2123=ORIENTED_EDGE('',*,*,#1618,.T.);
#2124=ORIENTED_EDGE('',*,*,#1619,.F.);
#2125=ORIENTED_EDGE('',*,*,#1620,.F.);
#2126=ORIENTED_EDGE('',*,*,#1619,.T.);
#2127=ORIENTED_EDGE('',*,*,#1621,.T.);
#2128=ORIENTED_EDGE('',*,*,#1622,.F.);
#2129=ORIENTED_EDGE('',*,*,#1623,.F.);
#2130=ORIENTED_EDGE('',*,*,#1622,.T.);
#2131=ORIENTED_EDGE('',*,*,#1624,.T.);
#2132=ORIENTED_EDGE('',*,*,#1614,.F.);
#2133=ORIENTED_EDGE('',*,*,#1615,.F.);
#2134=ORIENTED_EDGE('',*,*,#1624,.F.);
#2135=ORIENTED_EDGE('',*,*,#1621,.F.);
#2136=ORIENTED_EDGE('',*,*,#1618,.F.);
#2137=ORIENTED_EDGE('',*,*,#1623,.T.);
#2138=ORIENTED_EDGE('',*,*,#1613,.T.);
#2139=ORIENTED_EDGE('',*,*,#1617,.T.);
#2140=ORIENTED_EDGE('',*,*,#1620,.T.);
#2141=ORIENTED_EDGE('',*,*,#1625,.F.);
#2142=ORIENTED_EDGE('',*,*,#1626,.T.);
#2143=ORIENTED_EDGE('',*,*,#1627,.T.);
#2144=ORIENTED_EDGE('',*,*,#1628,.F.);
#2145=ORIENTED_EDGE('',*,*,#1629,.F.);
#2146=ORIENTED_EDGE('',*,*,#1628,.T.);
#2147=ORIENTED_EDGE('',*,*,#1630,.T.);
#2148=ORIENTED_EDGE('',*,*,#1631,.F.);
#2149=ORIENTED_EDGE('',*,*,#1632,.F.);
#2150=ORIENTED_EDGE('',*,*,#1631,.T.);
#2151=ORIENTED_EDGE('',*,*,#1633,.T.);
#2152=ORIENTED_EDGE('',*,*,#1634,.F.);
#2153=ORIENTED_EDGE('',*,*,#1635,.F.);
#2154=ORIENTED_EDGE('',*,*,#1634,.T.);
#2155=ORIENTED_EDGE('',*,*,#1636,.T.);
#2156=ORIENTED_EDGE('',*,*,#1626,.F.);
#2157=ORIENTED_EDGE('',*,*,#1627,.F.);
#2158=ORIENTED_EDGE('',*,*,#1636,.F.);
#2159=ORIENTED_EDGE('',*,*,#1633,.F.);
#2160=ORIENTED_EDGE('',*,*,#1630,.F.);
#2161=ORIENTED_EDGE('',*,*,#1635,.T.);
#2162=ORIENTED_EDGE('',*,*,#1625,.T.);
#2163=ORIENTED_EDGE('',*,*,#1629,.T.);
#2164=ORIENTED_EDGE('',*,*,#1632,.T.);
#2165=ORIENTED_EDGE('',*,*,#1637,.F.);
#2166=ORIENTED_EDGE('',*,*,#1638,.T.);
#2167=ORIENTED_EDGE('',*,*,#1639,.F.);
#2168=ORIENTED_EDGE('',*,*,#1640,.F.);
#2169=ORIENTED_EDGE('',*,*,#1641,.F.);
#2170=ORIENTED_EDGE('',*,*,#1642,.T.);
#2171=ORIENTED_EDGE('',*,*,#1643,.T.);
#2172=ORIENTED_EDGE('',*,*,#1644,.T.);
#2173=ORIENTED_EDGE('',*,*,#1645,.T.);
#2174=ORIENTED_EDGE('',*,*,#1646,.T.);
#2175=ORIENTED_EDGE('',*,*,#1644,.F.);
#2176=ORIENTED_EDGE('',*,*,#1647,.T.);
#2177=ORIENTED_EDGE('',*,*,#1637,.T.);
#2178=ORIENTED_EDGE('',*,*,#1648,.T.);
#2179=ORIENTED_EDGE('',*,*,#1648,.F.);
#2180=ORIENTED_EDGE('',*,*,#1641,.T.);
#2181=ORIENTED_EDGE('',*,*,#1649,.T.);
#2182=ORIENTED_EDGE('',*,*,#1645,.F.);
#2183=ORIENTED_EDGE('',*,*,#1649,.F.);
#2184=ORIENTED_EDGE('',*,*,#1640,.T.);
#2185=ORIENTED_EDGE('',*,*,#1650,.T.);
#2186=ORIENTED_EDGE('',*,*,#1646,.F.);
#2187=ORIENTED_EDGE('',*,*,#1639,.T.);
#2188=ORIENTED_EDGE('',*,*,#1651,.T.);
#2189=ORIENTED_EDGE('',*,*,#1642,.F.);
#2190=ORIENTED_EDGE('',*,*,#1650,.F.);
#2191=ORIENTED_EDGE('',*,*,#1638,.F.);
#2192=ORIENTED_EDGE('',*,*,#1647,.F.);
#2193=ORIENTED_EDGE('',*,*,#1643,.F.);
#2194=ORIENTED_EDGE('',*,*,#1651,.F.);
#2195=ORIENTED_EDGE('',*,*,#1652,.F.);
#2196=ORIENTED_EDGE('',*,*,#1653,.T.);
#2197=ORIENTED_EDGE('',*,*,#1654,.T.);
#2198=ORIENTED_EDGE('',*,*,#1653,.F.);
#2199=ORIENTED_EDGE('',*,*,#1655,.T.);
#2200=ORIENTED_EDGE('',*,*,#1656,.T.);
#2201=ORIENTED_EDGE('',*,*,#1657,.T.);
#2202=ORIENTED_EDGE('',*,*,#1658,.F.);
#2203=ORIENTED_EDGE('',*,*,#1659,.T.);
#2204=ORIENTED_EDGE('',*,*,#1660,.T.);
#2205=ORIENTED_EDGE('',*,*,#1661,.T.);
#2206=ORIENTED_EDGE('',*,*,#1662,.F.);
#2207=ORIENTED_EDGE('',*,*,#1663,.T.);
#2208=ORIENTED_EDGE('',*,*,#1664,.T.);
#2209=ORIENTED_EDGE('',*,*,#1665,.T.);
#2210=ORIENTED_EDGE('',*,*,#1666,.F.);
#2211=ORIENTED_EDGE('',*,*,#1667,.T.);
#2212=ORIENTED_EDGE('',*,*,#1668,.T.);
#2213=ORIENTED_EDGE('',*,*,#1669,.T.);
#2214=ORIENTED_EDGE('',*,*,#1670,.F.);
#2215=ORIENTED_EDGE('',*,*,#1671,.F.);
#2216=ORIENTED_EDGE('',*,*,#1672,.T.);
#2217=ORIENTED_EDGE('',*,*,#1673,.T.);
#2218=ORIENTED_EDGE('',*,*,#1674,.T.);
#2219=ORIENTED_EDGE('',*,*,#1675,.F.);
#2220=ORIENTED_EDGE('',*,*,#1676,.F.);
#2221=ORIENTED_EDGE('',*,*,#1677,.T.);
#2222=ORIENTED_EDGE('',*,*,#1678,.T.);
#2223=ORIENTED_EDGE('',*,*,#1679,.F.);
#2224=ORIENTED_EDGE('',*,*,#1680,.T.);
#2225=ORIENTED_EDGE('',*,*,#1681,.T.);
#2226=ORIENTED_EDGE('',*,*,#1682,.T.);
#2227=ORIENTED_EDGE('',*,*,#1683,.F.);
#2228=ORIENTED_EDGE('',*,*,#1684,.T.);
#2229=ORIENTED_EDGE('',*,*,#1685,.T.);
#2230=ORIENTED_EDGE('',*,*,#1686,.T.);
#2231=ORIENTED_EDGE('',*,*,#1687,.F.);
#2232=ORIENTED_EDGE('',*,*,#1688,.T.);
#2233=ORIENTED_EDGE('',*,*,#1689,.T.);
#2234=ORIENTED_EDGE('',*,*,#1690,.T.);
#2235=ORIENTED_EDGE('',*,*,#1691,.T.);
#2236=ORIENTED_EDGE('',*,*,#1692,.T.);
#2237=ORIENTED_EDGE('',*,*,#1693,.F.);
#2238=ORIENTED_EDGE('',*,*,#1694,.T.);
#2239=ORIENTED_EDGE('',*,*,#1695,.T.);
#2240=ORIENTED_EDGE('',*,*,#1696,.T.);
#2241=ORIENTED_EDGE('',*,*,#1697,.F.);
#2242=ORIENTED_EDGE('',*,*,#1698,.T.);
#2243=ORIENTED_EDGE('',*,*,#1699,.T.);
#2244=ORIENTED_EDGE('',*,*,#1700,.T.);
#2245=ORIENTED_EDGE('',*,*,#1701,.F.);
#2246=ORIENTED_EDGE('',*,*,#1702,.F.);
#2247=ORIENTED_EDGE('',*,*,#1703,.T.);
#2248=ORIENTED_EDGE('',*,*,#1704,.T.);
#2249=ORIENTED_EDGE('',*,*,#1705,.F.);
#2250=ORIENTED_EDGE('',*,*,#1706,.T.);
#2251=ORIENTED_EDGE('',*,*,#1707,.T.);
#2252=ORIENTED_EDGE('',*,*,#1708,.T.);
#2253=ORIENTED_EDGE('',*,*,#1709,.F.);
#2254=ORIENTED_EDGE('',*,*,#1710,.T.);
#2255=ORIENTED_EDGE('',*,*,#1711,.F.);
#2256=ORIENTED_EDGE('',*,*,#1690,.F.);
#2257=ORIENTED_EDGE('',*,*,#1712,.F.);
#2258=ORIENTED_EDGE('',*,*,#1713,.F.);
#2259=ORIENTED_EDGE('',*,*,#1714,.F.);
#2260=ORIENTED_EDGE('',*,*,#1686,.F.);
#2261=ORIENTED_EDGE('',*,*,#1715,.F.);
#2262=ORIENTED_EDGE('',*,*,#1716,.F.);
#2263=ORIENTED_EDGE('',*,*,#1717,.F.);
#2264=ORIENTED_EDGE('',*,*,#1682,.F.);
#2265=ORIENTED_EDGE('',*,*,#1718,.F.);
#2266=ORIENTED_EDGE('',*,*,#1719,.F.);
#2267=ORIENTED_EDGE('',*,*,#1720,.F.);
#2268=ORIENTED_EDGE('',*,*,#1678,.F.);
#2269=ORIENTED_EDGE('',*,*,#1721,.F.);
#2270=ORIENTED_EDGE('',*,*,#1722,.F.);
#2271=ORIENTED_EDGE('',*,*,#1723,.F.);
#2272=ORIENTED_EDGE('',*,*,#1724,.F.);
#2273=ORIENTED_EDGE('',*,*,#1725,.F.);
#2274=ORIENTED_EDGE('',*,*,#1726,.F.);
#2275=ORIENTED_EDGE('',*,*,#1727,.F.);
#2276=ORIENTED_EDGE('',*,*,#1728,.F.);
#2277=ORIENTED_EDGE('',*,*,#1729,.F.);
#2278=ORIENTED_EDGE('',*,*,#1730,.F.);
#2279=ORIENTED_EDGE('',*,*,#1731,.F.);
#2280=ORIENTED_EDGE('',*,*,#1732,.F.);
#2281=ORIENTED_EDGE('',*,*,#1733,.F.);
#2282=ORIENTED_EDGE('',*,*,#1734,.F.);
#2283=ORIENTED_EDGE('',*,*,#1735,.F.);
#2284=ORIENTED_EDGE('',*,*,#1736,.F.);
#2285=ORIENTED_EDGE('',*,*,#1737,.F.);
#2286=ORIENTED_EDGE('',*,*,#1700,.F.);
#2287=ORIENTED_EDGE('',*,*,#1738,.F.);
#2288=ORIENTED_EDGE('',*,*,#1739,.F.);
#2289=ORIENTED_EDGE('',*,*,#1740,.F.);
#2290=ORIENTED_EDGE('',*,*,#1696,.F.);
#2291=ORIENTED_EDGE('',*,*,#1741,.F.);
#2292=ORIENTED_EDGE('',*,*,#1742,.F.);
#2293=ORIENTED_EDGE('',*,*,#1743,.F.);
#2294=ORIENTED_EDGE('',*,*,#1692,.F.);
#2295=ORIENTED_EDGE('',*,*,#1744,.F.);
#2296=ORIENTED_EDGE('',*,*,#1745,.F.);
#2297=ORIENTED_EDGE('',*,*,#1746,.F.);
#2298=ORIENTED_EDGE('',*,*,#1708,.F.);
#2299=ORIENTED_EDGE('',*,*,#1747,.F.);
#2300=ORIENTED_EDGE('',*,*,#1748,.F.);
#2301=ORIENTED_EDGE('',*,*,#1749,.F.);
#2302=ORIENTED_EDGE('',*,*,#1704,.F.);
#2303=ORIENTED_EDGE('',*,*,#1750,.F.);
#2304=ORIENTED_EDGE('',*,*,#1751,.F.);
#2305=ORIENTED_EDGE('',*,*,#1665,.F.);
#2306=ORIENTED_EDGE('',*,*,#1752,.F.);
#2307=ORIENTED_EDGE('',*,*,#1753,.F.);
#2308=ORIENTED_EDGE('',*,*,#1754,.F.);
#2309=ORIENTED_EDGE('',*,*,#1657,.F.);
#2310=ORIENTED_EDGE('',*,*,#1755,.F.);
#2311=ORIENTED_EDGE('',*,*,#1756,.F.);
#2312=ORIENTED_EDGE('',*,*,#1757,.F.);
#2313=ORIENTED_EDGE('',*,*,#1661,.F.);
#2314=ORIENTED_EDGE('',*,*,#1758,.F.);
#2315=ORIENTED_EDGE('',*,*,#1759,.F.);
#2316=ORIENTED_EDGE('',*,*,#1760,.F.);
#2317=ORIENTED_EDGE('',*,*,#1669,.F.);
#2318=ORIENTED_EDGE('',*,*,#1761,.F.);
#2319=ORIENTED_EDGE('',*,*,#1762,.F.);
#2320=ORIENTED_EDGE('',*,*,#1674,.F.);
#2321=ORIENTED_EDGE('',*,*,#1763,.F.);
#2322=ORIENTED_EDGE('',*,*,#1764,.F.);
#2323=ORIENTED_EDGE('',*,*,#1765,.T.);
#2324=ORIENTED_EDGE('',*,*,#1766,.T.);
#2325=ORIENTED_EDGE('',*,*,#1767,.T.);
#2326=ORIENTED_EDGE('',*,*,#1768,.T.);
#2327=ORIENTED_EDGE('',*,*,#1769,.T.);
#2328=ORIENTED_EDGE('',*,*,#1770,.T.);
#2329=ORIENTED_EDGE('',*,*,#1753,.T.);
#2330=ORIENTED_EDGE('',*,*,#1771,.F.);
#2331=ORIENTED_EDGE('',*,*,#1772,.T.);
#2332=ORIENTED_EDGE('',*,*,#1773,.T.);
#2333=ORIENTED_EDGE('',*,*,#1750,.T.);
#2334=ORIENTED_EDGE('',*,*,#1703,.F.);
#2335=ORIENTED_EDGE('',*,*,#1774,.F.);
#2336=ORIENTED_EDGE('',*,*,#1675,.T.);
#2337=ORIENTED_EDGE('',*,*,#1762,.T.);
#2338=ORIENTED_EDGE('',*,*,#1775,.F.);
#2339=ORIENTED_EDGE('',*,*,#1776,.T.);
#2340=ORIENTED_EDGE('',*,*,#1777,.T.);
#2341=ORIENTED_EDGE('',*,*,#1759,.T.);
#2342=ORIENTED_EDGE('',*,*,#1778,.F.);
#2343=ORIENTED_EDGE('',*,*,#1779,.T.);
#2344=ORIENTED_EDGE('',*,*,#1780,.T.);
#2345=ORIENTED_EDGE('',*,*,#1756,.T.);
#2346=ORIENTED_EDGE('',*,*,#1781,.F.);
#2347=ORIENTED_EDGE('',*,*,#1782,.T.);
#2348=ORIENTED_EDGE('',*,*,#1783,.T.);
#2349=ORIENTED_EDGE('',*,*,#1733,.T.);
#2350=ORIENTED_EDGE('',*,*,#1784,.F.);
#2351=ORIENTED_EDGE('',*,*,#1785,.T.);
#2352=ORIENTED_EDGE('',*,*,#1786,.T.);
#2353=ORIENTED_EDGE('',*,*,#1729,.T.);
#2354=ORIENTED_EDGE('',*,*,#1787,.F.);
#2355=ORIENTED_EDGE('',*,*,#1788,.T.);
#2356=ORIENTED_EDGE('',*,*,#1789,.T.);
#2357=ORIENTED_EDGE('',*,*,#1725,.T.);
#2358=ORIENTED_EDGE('',*,*,#1790,.F.);
#2359=ORIENTED_EDGE('',*,*,#1791,.T.);
#2360=ORIENTED_EDGE('',*,*,#1792,.T.);
#2361=ORIENTED_EDGE('',*,*,#1721,.T.);
#2362=ORIENTED_EDGE('',*,*,#1677,.F.);
#2363=ORIENTED_EDGE('',*,*,#1793,.F.);
#2364=ORIENTED_EDGE('',*,*,#1701,.T.);
#2365=ORIENTED_EDGE('',*,*,#1737,.T.);
#2366=ORIENTED_EDGE('',*,*,#1794,.F.);
#2367=ORIENTED_EDGE('',*,*,#1795,.T.);
#2368=ORIENTED_EDGE('',*,*,#1793,.T.);
#2369=ORIENTED_EDGE('',*,*,#1676,.T.);
#2370=ORIENTED_EDGE('',*,*,#1774,.T.);
#2371=ORIENTED_EDGE('',*,*,#1702,.T.);
#2372=ORIENTED_EDGE('',*,*,#1654,.F.);
#2373=ORIENTED_EDGE('',*,*,#1760,.T.);
#2374=ORIENTED_EDGE('',*,*,#1777,.F.);
#2375=ORIENTED_EDGE('',*,*,#1796,.T.);
#2376=ORIENTED_EDGE('',*,*,#1670,.T.);
#2377=ORIENTED_EDGE('',*,*,#1761,.T.);
#2378=ORIENTED_EDGE('',*,*,#1668,.F.);
#2379=ORIENTED_EDGE('',*,*,#1797,.T.);
#2380=ORIENTED_EDGE('',*,*,#1775,.T.);
#2381=ORIENTED_EDGE('',*,*,#1796,.F.);
#2382=ORIENTED_EDGE('',*,*,#1776,.F.);
#2383=ORIENTED_EDGE('',*,*,#1797,.F.);
#2384=ORIENTED_EDGE('',*,*,#1667,.F.);
#2385=ORIENTED_EDGE('',*,*,#1722,.T.);
#2386=ORIENTED_EDGE('',*,*,#1792,.F.);
#2387=ORIENTED_EDGE('',*,*,#1798,.T.);
#2388=ORIENTED_EDGE('',*,*,#1799,.T.);
#2389=ORIENTED_EDGE('',*,*,#1723,.T.);
#2390=ORIENTED_EDGE('',*,*,#1799,.F.);
#2391=ORIENTED_EDGE('',*,*,#1800,.T.);
#2392=ORIENTED_EDGE('',*,*,#1801,.T.);
#2393=ORIENTED_EDGE('',*,*,#1724,.T.);
#2394=ORIENTED_EDGE('',*,*,#1801,.F.);
#2395=ORIENTED_EDGE('',*,*,#1802,.T.);
#2396=ORIENTED_EDGE('',*,*,#1790,.T.);
#2397=ORIENTED_EDGE('',*,*,#1798,.F.);
#2398=ORIENTED_EDGE('',*,*,#1791,.F.);
#2399=ORIENTED_EDGE('',*,*,#1802,.F.);
#2400=ORIENTED_EDGE('',*,*,#1800,.F.);
#2401=ORIENTED_EDGE('',*,*,#1739,.T.);
#2402=ORIENTED_EDGE('',*,*,#1803,.F.);
#2403=ORIENTED_EDGE('',*,*,#1804,.T.);
#2404=ORIENTED_EDGE('',*,*,#1805,.T.);
#2405=ORIENTED_EDGE('',*,*,#1738,.T.);
#2406=ORIENTED_EDGE('',*,*,#1699,.F.);
#2407=ORIENTED_EDGE('',*,*,#1806,.T.);
#2408=ORIENTED_EDGE('',*,*,#1803,.T.);
#2409=ORIENTED_EDGE('',*,*,#1740,.T.);
#2410=ORIENTED_EDGE('',*,*,#1805,.F.);
#2411=ORIENTED_EDGE('',*,*,#1807,.T.);
#2412=ORIENTED_EDGE('',*,*,#1697,.T.);
#2413=ORIENTED_EDGE('',*,*,#1698,.F.);
#2414=ORIENTED_EDGE('',*,*,#1807,.F.);
#2415=ORIENTED_EDGE('',*,*,#1804,.F.);
#2416=ORIENTED_EDGE('',*,*,#1806,.F.);
#2417=ORIENTED_EDGE('',*,*,#1719,.T.);
#2418=ORIENTED_EDGE('',*,*,#1808,.F.);
#2419=ORIENTED_EDGE('',*,*,#1809,.T.);
#2420=ORIENTED_EDGE('',*,*,#1810,.T.);
#2421=ORIENTED_EDGE('',*,*,#1720,.T.);
#2422=ORIENTED_EDGE('',*,*,#1810,.F.);
#2423=ORIENTED_EDGE('',*,*,#1811,.T.);
#2424=ORIENTED_EDGE('',*,*,#1679,.T.);
#2425=ORIENTED_EDGE('',*,*,#1718,.T.);
#2426=ORIENTED_EDGE('',*,*,#1681,.F.);
#2427=ORIENTED_EDGE('',*,*,#1812,.T.);
#2428=ORIENTED_EDGE('',*,*,#1808,.T.);
#2429=ORIENTED_EDGE('',*,*,#1809,.F.);
#2430=ORIENTED_EDGE('',*,*,#1812,.F.);
#2431=ORIENTED_EDGE('',*,*,#1680,.F.);
#2432=ORIENTED_EDGE('',*,*,#1811,.F.);
#2433=ORIENTED_EDGE('',*,*,#1813,.F.);
#2434=ORIENTED_EDGE('',*,*,#1814,.T.);
#2435=ORIENTED_EDGE('',*,*,#1766,.F.);
#2436=ORIENTED_EDGE('',*,*,#1815,.F.);
#2437=ORIENTED_EDGE('',*,*,#1816,.F.);
#2438=ORIENTED_EDGE('',*,*,#1817,.F.);
#2439=ORIENTED_EDGE('',*,*,#1815,.T.);
#2440=ORIENTED_EDGE('',*,*,#1765,.F.);
#2441=ORIENTED_EDGE('',*,*,#1818,.F.);
#2442=ORIENTED_EDGE('',*,*,#1819,.F.);
#2443=ORIENTED_EDGE('',*,*,#1816,.T.);
#2444=ORIENTED_EDGE('',*,*,#1769,.F.);
#2445=ORIENTED_EDGE('',*,*,#1768,.F.);
#2446=ORIENTED_EDGE('',*,*,#1820,.T.);
#2447=ORIENTED_EDGE('',*,*,#1821,.F.);
#2448=ORIENTED_EDGE('',*,*,#1818,.T.);
#2449=ORIENTED_EDGE('',*,*,#1821,.T.);
#2450=ORIENTED_EDGE('',*,*,#1822,.T.);
#2451=ORIENTED_EDGE('',*,*,#1813,.T.);
#2452=ORIENTED_EDGE('',*,*,#1817,.T.);
#2453=ORIENTED_EDGE('',*,*,#1819,.T.);
#2454=ORIENTED_EDGE('',*,*,#1727,.T.);
#2455=ORIENTED_EDGE('',*,*,#1823,.F.);
#2456=ORIENTED_EDGE('',*,*,#1824,.T.);
#2457=ORIENTED_EDGE('',*,*,#1825,.T.);
#2458=ORIENTED_EDGE('',*,*,#1726,.T.);
#2459=ORIENTED_EDGE('',*,*,#1789,.F.);
#2460=ORIENTED_EDGE('',*,*,#1826,.T.);
#2461=ORIENTED_EDGE('',*,*,#1823,.T.);
#2462=ORIENTED_EDGE('',*,*,#1728,.T.);
#2463=ORIENTED_EDGE('',*,*,#1825,.F.);
#2464=ORIENTED_EDGE('',*,*,#1827,.T.);
#2465=ORIENTED_EDGE('',*,*,#1787,.T.);
#2466=ORIENTED_EDGE('',*,*,#1826,.F.);
#2467=ORIENTED_EDGE('',*,*,#1788,.F.);
#2468=ORIENTED_EDGE('',*,*,#1827,.F.);
#2469=ORIENTED_EDGE('',*,*,#1824,.F.);
#2470=ORIENTED_EDGE('',*,*,#1731,.T.);
#2471=ORIENTED_EDGE('',*,*,#1828,.F.);
#2472=ORIENTED_EDGE('',*,*,#1829,.T.);
#2473=ORIENTED_EDGE('',*,*,#1830,.T.);
#2474=ORIENTED_EDGE('',*,*,#1730,.T.);
#2475=ORIENTED_EDGE('',*,*,#1786,.F.);
#2476=ORIENTED_EDGE('',*,*,#1831,.T.);
#2477=ORIENTED_EDGE('',*,*,#1828,.T.);
#2478=ORIENTED_EDGE('',*,*,#1732,.T.);
#2479=ORIENTED_EDGE('',*,*,#1830,.F.);
#2480=ORIENTED_EDGE('',*,*,#1832,.T.);
#2481=ORIENTED_EDGE('',*,*,#1784,.T.);
#2482=ORIENTED_EDGE('',*,*,#1831,.F.);
#2483=ORIENTED_EDGE('',*,*,#1785,.F.);
#2484=ORIENTED_EDGE('',*,*,#1832,.F.);
#2485=ORIENTED_EDGE('',*,*,#1829,.F.);
#2486=ORIENTED_EDGE('',*,*,#1735,.T.);
#2487=ORIENTED_EDGE('',*,*,#1833,.F.);
#2488=ORIENTED_EDGE('',*,*,#1834,.T.);
#2489=ORIENTED_EDGE('',*,*,#1835,.T.);
#2490=ORIENTED_EDGE('',*,*,#1734,.T.);
#2491=ORIENTED_EDGE('',*,*,#1783,.F.);
#2492=ORIENTED_EDGE('',*,*,#1836,.T.);
#2493=ORIENTED_EDGE('',*,*,#1833,.T.);
#2494=ORIENTED_EDGE('',*,*,#1736,.T.);
#2495=ORIENTED_EDGE('',*,*,#1835,.F.);
#2496=ORIENTED_EDGE('',*,*,#1837,.T.);
#2497=ORIENTED_EDGE('',*,*,#1794,.T.);
#2498=ORIENTED_EDGE('',*,*,#1836,.F.);
#2499=ORIENTED_EDGE('',*,*,#1795,.F.);
#2500=ORIENTED_EDGE('',*,*,#1837,.F.);
#2501=ORIENTED_EDGE('',*,*,#1834,.F.);
#2502=ORIENTED_EDGE('',*,*,#1751,.T.);
#2503=ORIENTED_EDGE('',*,*,#1773,.F.);
#2504=ORIENTED_EDGE('',*,*,#1838,.T.);
#2505=ORIENTED_EDGE('',*,*,#1666,.T.);
#2506=ORIENTED_EDGE('',*,*,#1752,.T.);
#2507=ORIENTED_EDGE('',*,*,#1664,.F.);
#2508=ORIENTED_EDGE('',*,*,#1839,.T.);
#2509=ORIENTED_EDGE('',*,*,#1771,.T.);
#2510=ORIENTED_EDGE('',*,*,#1838,.F.);
#2511=ORIENTED_EDGE('',*,*,#1772,.F.);
#2512=ORIENTED_EDGE('',*,*,#1839,.F.);
#2513=ORIENTED_EDGE('',*,*,#1663,.F.);
#2514=ORIENTED_EDGE('',*,*,#1757,.T.);
#2515=ORIENTED_EDGE('',*,*,#1780,.F.);
#2516=ORIENTED_EDGE('',*,*,#1840,.T.);
#2517=ORIENTED_EDGE('',*,*,#1662,.T.);
#2518=ORIENTED_EDGE('',*,*,#1758,.T.);
#2519=ORIENTED_EDGE('',*,*,#1660,.F.);
#2520=ORIENTED_EDGE('',*,*,#1841,.T.);
#2521=ORIENTED_EDGE('',*,*,#1778,.T.);
#2522=ORIENTED_EDGE('',*,*,#1840,.F.);
#2523=ORIENTED_EDGE('',*,*,#1779,.F.);
#2524=ORIENTED_EDGE('',*,*,#1841,.F.);
#2525=ORIENTED_EDGE('',*,*,#1659,.F.);
#2526=ORIENTED_EDGE('',*,*,#1754,.T.);
#2527=ORIENTED_EDGE('',*,*,#1770,.F.);
#2528=ORIENTED_EDGE('',*,*,#1842,.T.);
#2529=ORIENTED_EDGE('',*,*,#1658,.T.);
#2530=ORIENTED_EDGE('',*,*,#1755,.T.);
#2531=ORIENTED_EDGE('',*,*,#1656,.F.);
#2532=ORIENTED_EDGE('',*,*,#1843,.T.);
#2533=ORIENTED_EDGE('',*,*,#1781,.T.);
#2534=ORIENTED_EDGE('',*,*,#1842,.F.);
#2535=ORIENTED_EDGE('',*,*,#1782,.F.);
#2536=ORIENTED_EDGE('',*,*,#1843,.F.);
#2537=ORIENTED_EDGE('',*,*,#1655,.F.);
#2538=ORIENTED_EDGE('',*,*,#1748,.T.);
#2539=ORIENTED_EDGE('',*,*,#1844,.F.);
#2540=ORIENTED_EDGE('',*,*,#1845,.T.);
#2541=ORIENTED_EDGE('',*,*,#1846,.T.);
#2542=ORIENTED_EDGE('',*,*,#1747,.T.);
#2543=ORIENTED_EDGE('',*,*,#1707,.F.);
#2544=ORIENTED_EDGE('',*,*,#1847,.T.);
#2545=ORIENTED_EDGE('',*,*,#1844,.T.);
#2546=ORIENTED_EDGE('',*,*,#1749,.T.);
#2547=ORIENTED_EDGE('',*,*,#1846,.F.);
#2548=ORIENTED_EDGE('',*,*,#1848,.T.);
#2549=ORIENTED_EDGE('',*,*,#1705,.T.);
#2550=ORIENTED_EDGE('',*,*,#1706,.F.);
#2551=ORIENTED_EDGE('',*,*,#1848,.F.);
#2552=ORIENTED_EDGE('',*,*,#1845,.F.);
#2553=ORIENTED_EDGE('',*,*,#1847,.F.);
#2554=ORIENTED_EDGE('',*,*,#1742,.T.);
#2555=ORIENTED_EDGE('',*,*,#1849,.F.);
#2556=ORIENTED_EDGE('',*,*,#1850,.T.);
#2557=ORIENTED_EDGE('',*,*,#1851,.T.);
#2558=ORIENTED_EDGE('',*,*,#1741,.T.);
#2559=ORIENTED_EDGE('',*,*,#1695,.F.);
#2560=ORIENTED_EDGE('',*,*,#1852,.T.);
#2561=ORIENTED_EDGE('',*,*,#1849,.T.);
#2562=ORIENTED_EDGE('',*,*,#1743,.T.);
#2563=ORIENTED_EDGE('',*,*,#1851,.F.);
#2564=ORIENTED_EDGE('',*,*,#1853,.T.);
#2565=ORIENTED_EDGE('',*,*,#1693,.T.);
#2566=ORIENTED_EDGE('',*,*,#1694,.F.);
#2567=ORIENTED_EDGE('',*,*,#1853,.F.);
#2568=ORIENTED_EDGE('',*,*,#1850,.F.);
#2569=ORIENTED_EDGE('',*,*,#1852,.F.);
#2570=ORIENTED_EDGE('',*,*,#1745,.T.);
#2571=ORIENTED_EDGE('',*,*,#1854,.F.);
#2572=ORIENTED_EDGE('',*,*,#1855,.T.);
#2573=ORIENTED_EDGE('',*,*,#1856,.T.);
#2574=ORIENTED_EDGE('',*,*,#1744,.T.);
#2575=ORIENTED_EDGE('',*,*,#1691,.F.);
#2576=ORIENTED_EDGE('',*,*,#1857,.T.);
#2577=ORIENTED_EDGE('',*,*,#1854,.T.);
#2578=ORIENTED_EDGE('',*,*,#1746,.T.);
#2579=ORIENTED_EDGE('',*,*,#1856,.F.);
#2580=ORIENTED_EDGE('',*,*,#1858,.T.);
#2581=ORIENTED_EDGE('',*,*,#1709,.T.);
#2582=ORIENTED_EDGE('',*,*,#1710,.F.);
#2583=ORIENTED_EDGE('',*,*,#1858,.F.);
#2584=ORIENTED_EDGE('',*,*,#1855,.F.);
#2585=ORIENTED_EDGE('',*,*,#1857,.F.);
#2586=ORIENTED_EDGE('',*,*,#1716,.T.);
#2587=ORIENTED_EDGE('',*,*,#1859,.F.);
#2588=ORIENTED_EDGE('',*,*,#1860,.T.);
#2589=ORIENTED_EDGE('',*,*,#1861,.T.);
#2590=ORIENTED_EDGE('',*,*,#1717,.T.);
#2591=ORIENTED_EDGE('',*,*,#1861,.F.);
#2592=ORIENTED_EDGE('',*,*,#1862,.T.);
#2593=ORIENTED_EDGE('',*,*,#1683,.T.);
#2594=ORIENTED_EDGE('',*,*,#1715,.T.);
#2595=ORIENTED_EDGE('',*,*,#1685,.F.);
#2596=ORIENTED_EDGE('',*,*,#1863,.T.);
#2597=ORIENTED_EDGE('',*,*,#1859,.T.);
#2598=ORIENTED_EDGE('',*,*,#1860,.F.);
#2599=ORIENTED_EDGE('',*,*,#1863,.F.);
#2600=ORIENTED_EDGE('',*,*,#1684,.F.);
#2601=ORIENTED_EDGE('',*,*,#1862,.F.);
#2602=ORIENTED_EDGE('',*,*,#1713,.T.);
#2603=ORIENTED_EDGE('',*,*,#1864,.F.);
#2604=ORIENTED_EDGE('',*,*,#1865,.T.);
#2605=ORIENTED_EDGE('',*,*,#1866,.T.);
#2606=ORIENTED_EDGE('',*,*,#1714,.T.);
#2607=ORIENTED_EDGE('',*,*,#1866,.F.);
#2608=ORIENTED_EDGE('',*,*,#1867,.T.);
#2609=ORIENTED_EDGE('',*,*,#1687,.T.);
#2610=ORIENTED_EDGE('',*,*,#1712,.T.);
#2611=ORIENTED_EDGE('',*,*,#1689,.F.);
#2612=ORIENTED_EDGE('',*,*,#1868,.T.);
#2613=ORIENTED_EDGE('',*,*,#1864,.T.);
#2614=ORIENTED_EDGE('',*,*,#1865,.F.);
#2615=ORIENTED_EDGE('',*,*,#1868,.F.);
#2616=ORIENTED_EDGE('',*,*,#1688,.F.);
#2617=ORIENTED_EDGE('',*,*,#1867,.F.);
#2618=ORIENTED_EDGE('',*,*,#1764,.T.);
#2619=ORIENTED_EDGE('',*,*,#1869,.F.);
#2620=ORIENTED_EDGE('',*,*,#1870,.T.);
#2621=ORIENTED_EDGE('',*,*,#1871,.T.);
#2622=ORIENTED_EDGE('',*,*,#1711,.T.);
#2623=ORIENTED_EDGE('',*,*,#1871,.F.);
#2624=ORIENTED_EDGE('',*,*,#1872,.T.);
#2625=ORIENTED_EDGE('',*,*,#1671,.T.);
#2626=ORIENTED_EDGE('',*,*,#1763,.T.);
#2627=ORIENTED_EDGE('',*,*,#1673,.F.);
#2628=ORIENTED_EDGE('',*,*,#1873,.T.);
#2629=ORIENTED_EDGE('',*,*,#1869,.T.);
#2630=ORIENTED_EDGE('',*,*,#1870,.F.);
#2631=ORIENTED_EDGE('',*,*,#1873,.F.);
#2632=ORIENTED_EDGE('',*,*,#1672,.F.);
#2633=ORIENTED_EDGE('',*,*,#1872,.F.);
#2634=ORIENTED_EDGE('',*,*,#1652,.T.);
#2635=ORIENTED_EDGE('',*,*,#1822,.F.);
#2636=ORIENTED_EDGE('',*,*,#1820,.F.);
#2637=ORIENTED_EDGE('',*,*,#1767,.F.);
#2638=ORIENTED_EDGE('',*,*,#1814,.F.);
#2639=ORIENTED_EDGE('',*,*,#1874,.T.);
#2640=ORIENTED_EDGE('',*,*,#1875,.T.);
#2641=ORIENTED_EDGE('',*,*,#1876,.F.);
#2642=ORIENTED_EDGE('',*,*,#1875,.F.);
#2643=ORIENTED_EDGE('',*,*,#1876,.T.);
#2644=ORIENTED_EDGE('',*,*,#1874,.F.);
#2645=ORIENTED_EDGE('',*,*,#1877,.F.);
#2646=ORIENTED_EDGE('',*,*,#1878,.T.);
#2647=ORIENTED_EDGE('',*,*,#1879,.T.);
#2648=ORIENTED_EDGE('',*,*,#1880,.F.);
#2649=ORIENTED_EDGE('',*,*,#1881,.F.);
#2650=ORIENTED_EDGE('',*,*,#1880,.T.);
#2651=ORIENTED_EDGE('',*,*,#1882,.T.);
#2652=ORIENTED_EDGE('',*,*,#1883,.F.);
#2653=ORIENTED_EDGE('',*,*,#1884,.F.);
#2654=ORIENTED_EDGE('',*,*,#1883,.T.);
#2655=ORIENTED_EDGE('',*,*,#1885,.T.);
#2656=ORIENTED_EDGE('',*,*,#1886,.F.);
#2657=ORIENTED_EDGE('',*,*,#1887,.F.);
#2658=ORIENTED_EDGE('',*,*,#1886,.T.);
#2659=ORIENTED_EDGE('',*,*,#1888,.T.);
#2660=ORIENTED_EDGE('',*,*,#1878,.F.);
#2661=ORIENTED_EDGE('',*,*,#1879,.F.);
#2662=ORIENTED_EDGE('',*,*,#1888,.F.);
#2663=ORIENTED_EDGE('',*,*,#1885,.F.);
#2664=ORIENTED_EDGE('',*,*,#1882,.F.);
#2665=ORIENTED_EDGE('',*,*,#1887,.T.);
#2666=ORIENTED_EDGE('',*,*,#1877,.T.);
#2667=ORIENTED_EDGE('',*,*,#1881,.T.);
#2668=ORIENTED_EDGE('',*,*,#1884,.T.);
#2669=ORIENTED_EDGE('',*,*,#1889,.F.);
#2670=ORIENTED_EDGE('',*,*,#1890,.T.);
#2671=ORIENTED_EDGE('',*,*,#1891,.T.);
#2672=ORIENTED_EDGE('',*,*,#1892,.F.);
#2673=ORIENTED_EDGE('',*,*,#1893,.F.);
#2674=ORIENTED_EDGE('',*,*,#1894,.T.);
#2675=ORIENTED_EDGE('',*,*,#1895,.T.);
#2676=ORIENTED_EDGE('',*,*,#1890,.F.);
#2677=ORIENTED_EDGE('',*,*,#1896,.F.);
#2678=ORIENTED_EDGE('',*,*,#1892,.T.);
#2679=ORIENTED_EDGE('',*,*,#1897,.T.);
#2680=ORIENTED_EDGE('',*,*,#1898,.F.);
#2681=ORIENTED_EDGE('',*,*,#1899,.F.);
#2682=ORIENTED_EDGE('',*,*,#1898,.T.);
#2683=ORIENTED_EDGE('',*,*,#1900,.T.);
#2684=ORIENTED_EDGE('',*,*,#1894,.F.);
#2685=ORIENTED_EDGE('',*,*,#1895,.F.);
#2686=ORIENTED_EDGE('',*,*,#1900,.F.);
#2687=ORIENTED_EDGE('',*,*,#1897,.F.);
#2688=ORIENTED_EDGE('',*,*,#1891,.F.);
#2689=ORIENTED_EDGE('',*,*,#1899,.T.);
#2690=ORIENTED_EDGE('',*,*,#1893,.T.);
#2691=ORIENTED_EDGE('',*,*,#1889,.T.);
#2692=ORIENTED_EDGE('',*,*,#1896,.T.);
#2693=ORIENTED_EDGE('',*,*,#1901,.F.);
#2694=ORIENTED_EDGE('',*,*,#1902,.T.);
#2695=ORIENTED_EDGE('',*,*,#1903,.T.);
#2696=ORIENTED_EDGE('',*,*,#1904,.F.);
#2697=ORIENTED_EDGE('',*,*,#1905,.F.);
#2698=ORIENTED_EDGE('',*,*,#1904,.T.);
#2699=ORIENTED_EDGE('',*,*,#1906,.T.);
#2700=ORIENTED_EDGE('',*,*,#1907,.F.);
#2701=ORIENTED_EDGE('',*,*,#1908,.F.);
#2702=ORIENTED_EDGE('',*,*,#1907,.T.);
#2703=ORIENTED_EDGE('',*,*,#1909,.T.);
#2704=ORIENTED_EDGE('',*,*,#1910,.F.);
#2705=ORIENTED_EDGE('',*,*,#1911,.F.);
#2706=ORIENTED_EDGE('',*,*,#1910,.T.);
#2707=ORIENTED_EDGE('',*,*,#1912,.T.);
#2708=ORIENTED_EDGE('',*,*,#1902,.F.);
#2709=ORIENTED_EDGE('',*,*,#1903,.F.);
#2710=ORIENTED_EDGE('',*,*,#1912,.F.);
#2711=ORIENTED_EDGE('',*,*,#1909,.F.);
#2712=ORIENTED_EDGE('',*,*,#1906,.F.);
#2713=ORIENTED_EDGE('',*,*,#1911,.T.);
#2714=ORIENTED_EDGE('',*,*,#1901,.T.);
#2715=ORIENTED_EDGE('',*,*,#1905,.T.);
#2716=ORIENTED_EDGE('',*,*,#1908,.T.);
#2717=ORIENTED_EDGE('',*,*,#1913,.F.);
#2718=ORIENTED_EDGE('',*,*,#1914,.T.);
#2719=ORIENTED_EDGE('',*,*,#1915,.T.);
#2720=ORIENTED_EDGE('',*,*,#1916,.F.);
#2721=ORIENTED_EDGE('',*,*,#1917,.F.);
#2722=ORIENTED_EDGE('',*,*,#1918,.T.);
#2723=ORIENTED_EDGE('',*,*,#1919,.T.);
#2724=ORIENTED_EDGE('',*,*,#1914,.F.);
#2725=ORIENTED_EDGE('',*,*,#1920,.F.);
#2726=ORIENTED_EDGE('',*,*,#1916,.T.);
#2727=ORIENTED_EDGE('',*,*,#1921,.T.);
#2728=ORIENTED_EDGE('',*,*,#1922,.F.);
#2729=ORIENTED_EDGE('',*,*,#1923,.F.);
#2730=ORIENTED_EDGE('',*,*,#1922,.T.);
#2731=ORIENTED_EDGE('',*,*,#1924,.T.);
#2732=ORIENTED_EDGE('',*,*,#1918,.F.);
#2733=ORIENTED_EDGE('',*,*,#1919,.F.);
#2734=ORIENTED_EDGE('',*,*,#1924,.F.);
#2735=ORIENTED_EDGE('',*,*,#1921,.F.);
#2736=ORIENTED_EDGE('',*,*,#1915,.F.);
#2737=ORIENTED_EDGE('',*,*,#1923,.T.);
#2738=ORIENTED_EDGE('',*,*,#1917,.T.);
#2739=ORIENTED_EDGE('',*,*,#1913,.T.);
#2740=ORIENTED_EDGE('',*,*,#1920,.T.);
#2741=ORIENTED_EDGE('',*,*,#1925,.F.);
#2742=ORIENTED_EDGE('',*,*,#1926,.T.);
#2743=ORIENTED_EDGE('',*,*,#1927,.T.);
#2744=ORIENTED_EDGE('',*,*,#1928,.F.);
#2745=ORIENTED_EDGE('',*,*,#1929,.F.);
#2746=ORIENTED_EDGE('',*,*,#1928,.T.);
#2747=ORIENTED_EDGE('',*,*,#1930,.T.);
#2748=ORIENTED_EDGE('',*,*,#1931,.F.);
#2749=ORIENTED_EDGE('',*,*,#1932,.F.);
#2750=ORIENTED_EDGE('',*,*,#1931,.T.);
#2751=ORIENTED_EDGE('',*,*,#1933,.T.);
#2752=ORIENTED_EDGE('',*,*,#1934,.F.);
#2753=ORIENTED_EDGE('',*,*,#1935,.F.);
#2754=ORIENTED_EDGE('',*,*,#1934,.T.);
#2755=ORIENTED_EDGE('',*,*,#1936,.T.);
#2756=ORIENTED_EDGE('',*,*,#1926,.F.);
#2757=ORIENTED_EDGE('',*,*,#1927,.F.);
#2758=ORIENTED_EDGE('',*,*,#1936,.F.);
#2759=ORIENTED_EDGE('',*,*,#1933,.F.);
#2760=ORIENTED_EDGE('',*,*,#1930,.F.);
#2761=ORIENTED_EDGE('',*,*,#1935,.T.);
#2762=ORIENTED_EDGE('',*,*,#1925,.T.);
#2763=ORIENTED_EDGE('',*,*,#1929,.T.);
#2764=ORIENTED_EDGE('',*,*,#1932,.T.);
#2765=ORIENTED_EDGE('',*,*,#1937,.F.);
#2766=ORIENTED_EDGE('',*,*,#1938,.T.);
#2767=ORIENTED_EDGE('',*,*,#1939,.T.);
#2768=ORIENTED_EDGE('',*,*,#1940,.F.);
#2769=ORIENTED_EDGE('',*,*,#1941,.F.);
#2770=ORIENTED_EDGE('',*,*,#1942,.T.);
#2771=ORIENTED_EDGE('',*,*,#1943,.T.);
#2772=ORIENTED_EDGE('',*,*,#1938,.F.);
#2773=ORIENTED_EDGE('',*,*,#1944,.F.);
#2774=ORIENTED_EDGE('',*,*,#1940,.T.);
#2775=ORIENTED_EDGE('',*,*,#1945,.T.);
#2776=ORIENTED_EDGE('',*,*,#1946,.F.);
#2777=ORIENTED_EDGE('',*,*,#1947,.F.);
#2778=ORIENTED_EDGE('',*,*,#1946,.T.);
#2779=ORIENTED_EDGE('',*,*,#1948,.T.);
#2780=ORIENTED_EDGE('',*,*,#1942,.F.);
#2781=ORIENTED_EDGE('',*,*,#1943,.F.);
#2782=ORIENTED_EDGE('',*,*,#1948,.F.);
#2783=ORIENTED_EDGE('',*,*,#1945,.F.);
#2784=ORIENTED_EDGE('',*,*,#1939,.F.);
#2785=ORIENTED_EDGE('',*,*,#1947,.T.);
#2786=ORIENTED_EDGE('',*,*,#1941,.T.);
#2787=ORIENTED_EDGE('',*,*,#1937,.T.);
#2788=ORIENTED_EDGE('',*,*,#1944,.T.);
#2789=ORIENTED_EDGE('',*,*,#1949,.F.);
#2790=ORIENTED_EDGE('',*,*,#1950,.T.);
#2791=ORIENTED_EDGE('',*,*,#1951,.T.);
#2792=ORIENTED_EDGE('',*,*,#1952,.F.);
#2793=ORIENTED_EDGE('',*,*,#1953,.F.);
#2794=ORIENTED_EDGE('',*,*,#1952,.T.);
#2795=ORIENTED_EDGE('',*,*,#1954,.T.);
#2796=ORIENTED_EDGE('',*,*,#1955,.F.);
#2797=ORIENTED_EDGE('',*,*,#1956,.F.);
#2798=ORIENTED_EDGE('',*,*,#1955,.T.);
#2799=ORIENTED_EDGE('',*,*,#1957,.T.);
#2800=ORIENTED_EDGE('',*,*,#1958,.F.);
#2801=ORIENTED_EDGE('',*,*,#1959,.F.);
#2802=ORIENTED_EDGE('',*,*,#1958,.T.);
#2803=ORIENTED_EDGE('',*,*,#1960,.T.);
#2804=ORIENTED_EDGE('',*,*,#1950,.F.);
#2805=ORIENTED_EDGE('',*,*,#1951,.F.);
#2806=ORIENTED_EDGE('',*,*,#1960,.F.);
#2807=ORIENTED_EDGE('',*,*,#1957,.F.);
#2808=ORIENTED_EDGE('',*,*,#1954,.F.);
#2809=ORIENTED_EDGE('',*,*,#1959,.T.);
#2810=ORIENTED_EDGE('',*,*,#1949,.T.);
#2811=ORIENTED_EDGE('',*,*,#1953,.T.);
#2812=ORIENTED_EDGE('',*,*,#1956,.T.);
#2813=ORIENTED_EDGE('',*,*,#1961,.F.);
#2814=ORIENTED_EDGE('',*,*,#1962,.T.);
#2815=ORIENTED_EDGE('',*,*,#1963,.T.);
#2816=ORIENTED_EDGE('',*,*,#1964,.F.);
#2817=ORIENTED_EDGE('',*,*,#1965,.F.);
#2818=ORIENTED_EDGE('',*,*,#1966,.T.);
#2819=ORIENTED_EDGE('',*,*,#1967,.T.);
#2820=ORIENTED_EDGE('',*,*,#1962,.F.);
#2821=ORIENTED_EDGE('',*,*,#1968,.F.);
#2822=ORIENTED_EDGE('',*,*,#1964,.T.);
#2823=ORIENTED_EDGE('',*,*,#1969,.T.);
#2824=ORIENTED_EDGE('',*,*,#1970,.F.);
#2825=ORIENTED_EDGE('',*,*,#1971,.F.);
#2826=ORIENTED_EDGE('',*,*,#1970,.T.);
#2827=ORIENTED_EDGE('',*,*,#1972,.T.);
#2828=ORIENTED_EDGE('',*,*,#1966,.F.);
#2829=ORIENTED_EDGE('',*,*,#1967,.F.);
#2830=ORIENTED_EDGE('',*,*,#1972,.F.);
#2831=ORIENTED_EDGE('',*,*,#1969,.F.);
#2832=ORIENTED_EDGE('',*,*,#1963,.F.);
#2833=ORIENTED_EDGE('',*,*,#1971,.T.);
#2834=ORIENTED_EDGE('',*,*,#1965,.T.);
#2835=ORIENTED_EDGE('',*,*,#1961,.T.);
#2836=ORIENTED_EDGE('',*,*,#1968,.T.);
#2837=PLANE('',#3203);
#2838=PLANE('',#3204);
#2839=PLANE('',#3205);
#2840=PLANE('',#3209);
#2841=PLANE('',#3210);
#2842=PLANE('',#3211);
#2843=PLANE('',#3215);
#2844=PLANE('',#3216);
#2845=PLANE('',#3217);
#2846=PLANE('',#3218);
#2847=PLANE('',#3219);
#2848=PLANE('',#3220);
#2849=PLANE('',#3221);
#2850=PLANE('',#3225);
#2851=PLANE('',#3226);
#2852=PLANE('',#3227);
#2853=PLANE('',#3231);
#2854=PLANE('',#3232);
#2855=PLANE('',#3233);
#2856=PLANE('',#3234);
#2857=PLANE('',#3235);
#2858=PLANE('',#3236);
#2859=PLANE('',#3237);
#2860=PLANE('',#3241);
#2861=PLANE('',#3242);
#2862=PLANE('',#3243);
#2863=PLANE('',#3247);
#2864=PLANE('',#3248);
#2865=PLANE('',#3249);
#2866=PLANE('',#3250);
#2867=PLANE('',#3251);
#2868=PLANE('',#3252);
#2869=PLANE('',#3253);
#2870=PLANE('',#3257);
#2871=PLANE('',#3258);
#2872=PLANE('',#3259);
#2873=PLANE('',#3263);
#2874=PLANE('',#3264);
#2875=PLANE('',#3265);
#2876=PLANE('',#3266);
#2877=PLANE('',#3267);
#2878=PLANE('',#3268);
#2879=PLANE('',#3269);
#2880=PLANE('',#3270);
#2881=PLANE('',#3271);
#2882=PLANE('',#3272);
#2883=PLANE('',#3273);
#2884=PLANE('',#3289);
#2885=PLANE('',#3290);
#2886=PLANE('',#3291);
#2887=PLANE('',#3304);
#2888=PLANE('',#3305);
#2889=PLANE('',#3306);
#2890=PLANE('',#3307);
#2891=PLANE('',#3308);
#2892=PLANE('',#3309);
#2893=PLANE('',#3310);
#2894=PLANE('',#3313);
#2895=PLANE('',#3314);
#2896=PLANE('',#3317);
#2897=PLANE('',#3318);
#2898=PLANE('',#3319);
#2899=PLANE('',#3322);
#2900=PLANE('',#3323);
#2901=PLANE('',#3324);
#2902=PLANE('',#3325);
#2903=PLANE('',#3326);
#2904=PLANE('',#3327);
#2905=PLANE('',#3328);
#2906=PLANE('',#3329);
#2907=PLANE('',#3332);
#2908=PLANE('',#3333);
#2909=PLANE('',#3334);
#2910=PLANE('',#3337);
#2911=PLANE('',#3338);
#2912=PLANE('',#3339);
#2913=PLANE('',#3342);
#2914=PLANE('',#3343);
#2915=PLANE('',#3344);
#2916=PLANE('',#3345);
#2917=PLANE('',#3346);
#2918=PLANE('',#3347);
#2919=PLANE('',#3348);
#2920=PLANE('',#3349);
#2921=PLANE('',#3350);
#2922=PLANE('',#3351);
#2923=PLANE('',#3352);
#2924=PLANE('',#3353);
#2925=PLANE('',#3356);
#2926=PLANE('',#3357);
#2927=PLANE('',#3358);
#2928=PLANE('',#3361);
#2929=PLANE('',#3362);
#2930=PLANE('',#3363);
#2931=PLANE('',#3366);
#2932=PLANE('',#3367);
#2933=PLANE('',#3368);
#2934=PLANE('',#3371);
#2935=PLANE('',#3372);
#2936=PLANE('',#3373);
#2937=PLANE('',#3376);
#2938=PLANE('',#3377);
#2939=PLANE('',#3378);
#2940=PLANE('',#3381);
#2941=PLANE('',#3382);
#2942=PLANE('',#3383);
#2943=PLANE('',#3384);
#2944=PLANE('',#3385);
#2945=PLANE('',#3389);
#2946=PLANE('',#3390);
#2947=PLANE('',#3391);
#2948=PLANE('',#3395);
#2949=PLANE('',#3396);
#2950=PLANE('',#3397);
#2951=PLANE('',#3398);
#2952=PLANE('',#3402);
#2953=PLANE('',#3403);
#2954=PLANE('',#3404);
#2955=PLANE('',#3405);
#2956=PLANE('',#3406);
#2957=PLANE('',#3407);
#2958=PLANE('',#3411);
#2959=PLANE('',#3412);
#2960=PLANE('',#3413);
#2961=PLANE('',#3414);
#2962=PLANE('',#3418);
#2963=PLANE('',#3419);
#2964=PLANE('',#3420);
#2965=PLANE('',#3421);
#2966=PLANE('',#3422);
#2967=PLANE('',#3423);
#2968=PLANE('',#3427);
#2969=PLANE('',#3428);
#2970=PLANE('',#3429);
#2971=PLANE('',#3430);
#2972=PLANE('',#3434);
#2973=PLANE('',#3435);
#2974=PLANE('',#3436);
#2975=PLANE('',#3437);
#2976=PLANE('',#3438);
#2977=PLANE('',#3439);
#2978=PLANE('',#3443);
#2979=PLANE('',#3444);
#2980=PLANE('',#3445);
#2981=PLANE('',#3446);
#2982=PLANE('',#3450);
#2983=PLANE('',#3451);
#2984=PLANE('',#3452);
#2985=PLANE('',#3453);
#2986=PLANE('',#3454);
#2987=ADVANCED_FACE('',(#155),#2837,.F.);
#2988=ADVANCED_FACE('',(#156),#2838,.F.);
#2989=ADVANCED_FACE('',(#157),#2839,.F.);
#2990=ADVANCED_FACE('',(#158),#121,.T.);
#2991=ADVANCED_FACE('',(#159),#2840,.F.);
#2992=ADVANCED_FACE('',(#160),#2841,.T.);
#2993=ADVANCED_FACE('',(#161),#2842,.F.);
#2994=ADVANCED_FACE('',(#162),#122,.T.);
#2995=ADVANCED_FACE('',(#163),#2843,.F.);
#2996=ADVANCED_FACE('',(#164),#2844,.F.);
#2997=ADVANCED_FACE('',(#165),#2845,.F.);
#2998=ADVANCED_FACE('',(#166),#2846,.T.);
#2999=ADVANCED_FACE('',(#167),#2847,.F.);
#3000=ADVANCED_FACE('',(#168),#2848,.F.);
#3001=ADVANCED_FACE('',(#169),#2849,.F.);
#3002=ADVANCED_FACE('',(#170),#123,.T.);
#3003=ADVANCED_FACE('',(#171),#2850,.F.);
#3004=ADVANCED_FACE('',(#172),#2851,.T.);
#3005=ADVANCED_FACE('',(#173),#2852,.F.);
#3006=ADVANCED_FACE('',(#174),#124,.T.);
#3007=ADVANCED_FACE('',(#175),#2853,.F.);
#3008=ADVANCED_FACE('',(#176),#2854,.F.);
#3009=ADVANCED_FACE('',(#177),#2855,.F.);
#3010=ADVANCED_FACE('',(#178),#2856,.T.);
#3011=ADVANCED_FACE('',(#179),#2857,.F.);
#3012=ADVANCED_FACE('',(#180),#2858,.F.);
#3013=ADVANCED_FACE('',(#181),#2859,.F.);
#3014=ADVANCED_FACE('',(#182),#125,.T.);
#3015=ADVANCED_FACE('',(#183),#2860,.F.);
#3016=ADVANCED_FACE('',(#184),#2861,.T.);
#3017=ADVANCED_FACE('',(#185),#2862,.F.);
#3018=ADVANCED_FACE('',(#186),#126,.T.);
#3019=ADVANCED_FACE('',(#187),#2863,.F.);
#3020=ADVANCED_FACE('',(#188),#2864,.F.);
#3021=ADVANCED_FACE('',(#189),#2865,.F.);
#3022=ADVANCED_FACE('',(#190),#2866,.T.);
#3023=ADVANCED_FACE('',(#191),#2867,.F.);
#3024=ADVANCED_FACE('',(#192),#2868,.F.);
#3025=ADVANCED_FACE('',(#193),#2869,.F.);
#3026=ADVANCED_FACE('',(#194),#127,.T.);
#3027=ADVANCED_FACE('',(#195),#2870,.F.);
#3028=ADVANCED_FACE('',(#196),#2871,.T.);
#3029=ADVANCED_FACE('',(#197),#2872,.F.);
#3030=ADVANCED_FACE('',(#198),#128,.T.);
#3031=ADVANCED_FACE('',(#199),#2873,.F.);
#3032=ADVANCED_FACE('',(#200),#2874,.F.);
#3033=ADVANCED_FACE('',(#201),#2875,.F.);
#3034=ADVANCED_FACE('',(#202),#2876,.T.);
#3035=ADVANCED_FACE('',(#203),#2877,.T.);
#3036=ADVANCED_FACE('',(#204),#2878,.T.);
#3037=ADVANCED_FACE('',(#205),#2879,.T.);
#3038=ADVANCED_FACE('',(#206),#2880,.T.);
#3039=ADVANCED_FACE('',(#207),#2881,.T.);
#3040=ADVANCED_FACE('',(#208),#2882,.T.);
#3041=ADVANCED_FACE('',(#209),#2883,.F.);
#3042=ADVANCED_FACE('',(#210),#129,.F.);
#3043=ADVANCED_FACE('',(#211),#130,.F.);
#3044=ADVANCED_FACE('',(#212),#131,.F.);
#3045=ADVANCED_FACE('',(#213),#132,.F.);
#3046=ADVANCED_FACE('',(#214),#133,.F.);
#3047=ADVANCED_FACE('',(#215),#2884,.F.);
#3048=ADVANCED_FACE('',(#216),#2885,.F.);
#3049=ADVANCED_FACE('',(#217,#13),#2886,.F.);
#3050=ADVANCED_FACE('',(#218),#2887,.F.);
#3051=ADVANCED_FACE('',(#219),#2888,.F.);
#3052=ADVANCED_FACE('',(#220,#14),#2889,.T.);
#3053=ADVANCED_FACE('',(#221),#2890,.T.);
#3054=ADVANCED_FACE('',(#222),#2891,.T.);
#3055=ADVANCED_FACE('',(#223),#2892,.F.);
#3056=ADVANCED_FACE('',(#224),#2893,.T.);
#3057=ADVANCED_FACE('',(#225),#134,.F.);
#3058=ADVANCED_FACE('',(#226),#2894,.T.);
#3059=ADVANCED_FACE('',(#227),#2895,.F.);
#3060=ADVANCED_FACE('',(#228),#135,.F.);
#3061=ADVANCED_FACE('',(#229),#2896,.T.);
#3062=ADVANCED_FACE('',(#230),#2897,.T.);
#3063=ADVANCED_FACE('',(#231),#2898,.F.);
#3064=ADVANCED_FACE('',(#232),#136,.F.);
#3065=ADVANCED_FACE('',(#233),#2899,.T.);
#3066=ADVANCED_FACE('',(#234),#2900,.T.);
#3067=ADVANCED_FACE('',(#235),#2901,.F.);
#3068=ADVANCED_FACE('',(#236),#2902,.F.);
#3069=ADVANCED_FACE('',(#237),#2903,.F.);
#3070=ADVANCED_FACE('',(#238),#2904,.F.);
#3071=ADVANCED_FACE('',(#239),#2905,.F.);
#3072=ADVANCED_FACE('',(#240),#2906,.F.);
#3073=ADVANCED_FACE('',(#241),#137,.F.);
#3074=ADVANCED_FACE('',(#242),#2907,.T.);
#3075=ADVANCED_FACE('',(#243),#2908,.T.);
#3076=ADVANCED_FACE('',(#244),#2909,.F.);
#3077=ADVANCED_FACE('',(#245),#138,.F.);
#3078=ADVANCED_FACE('',(#246),#2910,.T.);
#3079=ADVANCED_FACE('',(#247),#2911,.T.);
#3080=ADVANCED_FACE('',(#248),#2912,.F.);
#3081=ADVANCED_FACE('',(#249),#139,.F.);
#3082=ADVANCED_FACE('',(#250),#2913,.T.);
#3083=ADVANCED_FACE('',(#251),#2914,.T.);
#3084=ADVANCED_FACE('',(#252),#2915,.F.);
#3085=ADVANCED_FACE('',(#253),#2916,.T.);
#3086=ADVANCED_FACE('',(#254),#2917,.T.);
#3087=ADVANCED_FACE('',(#255),#2918,.F.);
#3088=ADVANCED_FACE('',(#256),#2919,.T.);
#3089=ADVANCED_FACE('',(#257),#2920,.T.);
#3090=ADVANCED_FACE('',(#258),#2921,.F.);
#3091=ADVANCED_FACE('',(#259),#2922,.T.);
#3092=ADVANCED_FACE('',(#260),#2923,.T.);
#3093=ADVANCED_FACE('',(#261),#2924,.F.);
#3094=ADVANCED_FACE('',(#262),#140,.F.);
#3095=ADVANCED_FACE('',(#263),#2925,.T.);
#3096=ADVANCED_FACE('',(#264),#2926,.T.);
#3097=ADVANCED_FACE('',(#265),#2927,.F.);
#3098=ADVANCED_FACE('',(#266),#141,.F.);
#3099=ADVANCED_FACE('',(#267),#2928,.T.);
#3100=ADVANCED_FACE('',(#268),#2929,.T.);
#3101=ADVANCED_FACE('',(#269),#2930,.F.);
#3102=ADVANCED_FACE('',(#270),#142,.F.);
#3103=ADVANCED_FACE('',(#271),#2931,.T.);
#3104=ADVANCED_FACE('',(#272),#2932,.T.);
#3105=ADVANCED_FACE('',(#273),#2933,.F.);
#3106=ADVANCED_FACE('',(#274),#143,.F.);
#3107=ADVANCED_FACE('',(#275),#2934,.T.);
#3108=ADVANCED_FACE('',(#276),#2935,.T.);
#3109=ADVANCED_FACE('',(#277),#2936,.F.);
#3110=ADVANCED_FACE('',(#278),#144,.F.);
#3111=ADVANCED_FACE('',(#279),#2937,.T.);
#3112=ADVANCED_FACE('',(#280),#2938,.T.);
#3113=ADVANCED_FACE('',(#281),#2939,.F.);
#3114=ADVANCED_FACE('',(#282),#145,.F.);
#3115=ADVANCED_FACE('',(#283),#2940,.T.);
#3116=ADVANCED_FACE('',(#284),#2941,.T.);
#3117=ADVANCED_FACE('',(#285),#2942,.F.);
#3118=ADVANCED_FACE('',(#286),#2943,.T.);
#3119=ADVANCED_FACE('',(#287),#2944,.T.);
#3120=ADVANCED_FACE('',(#288),#146,.T.);
#3121=ADVANCED_FACE('',(#289),#2945,.T.);
#3122=ADVANCED_FACE('',(#290),#2946,.F.);
#3123=ADVANCED_FACE('',(#291),#2947,.F.);
#3124=ADVANCED_FACE('',(#292),#147,.T.);
#3125=ADVANCED_FACE('',(#293),#2948,.F.);
#3126=ADVANCED_FACE('',(#294),#2949,.F.);
#3127=ADVANCED_FACE('',(#295),#2950,.F.);
#3128=ADVANCED_FACE('',(#296),#2951,.T.);
#3129=ADVANCED_FACE('',(#297),#148,.T.);
#3130=ADVANCED_FACE('',(#298),#2952,.F.);
#3131=ADVANCED_FACE('',(#299),#2953,.F.);
#3132=ADVANCED_FACE('',(#300),#2954,.F.);
#3133=ADVANCED_FACE('',(#301),#2955,.F.);
#3134=ADVANCED_FACE('',(#302),#2956,.T.);
#3135=ADVANCED_FACE('',(#303),#2957,.F.);
#3136=ADVANCED_FACE('',(#304),#149,.T.);
#3137=ADVANCED_FACE('',(#305),#2958,.F.);
#3138=ADVANCED_FACE('',(#306),#2959,.F.);
#3139=ADVANCED_FACE('',(#307),#2960,.F.);
#3140=ADVANCED_FACE('',(#308),#2961,.T.);
#3141=ADVANCED_FACE('',(#309),#150,.T.);
#3142=ADVANCED_FACE('',(#310),#2962,.F.);
#3143=ADVANCED_FACE('',(#311),#2963,.F.);
#3144=ADVANCED_FACE('',(#312),#2964,.F.);
#3145=ADVANCED_FACE('',(#313),#2965,.F.);
#3146=ADVANCED_FACE('',(#314),#2966,.T.);
#3147=ADVANCED_FACE('',(#315),#2967,.F.);
#3148=ADVANCED_FACE('',(#316),#151,.T.);
#3149=ADVANCED_FACE('',(#317),#2968,.F.);
#3150=ADVANCED_FACE('',(#318),#2969,.F.);
#3151=ADVANCED_FACE('',(#319),#2970,.F.);
#3152=ADVANCED_FACE('',(#320),#2971,.T.);
#3153=ADVANCED_FACE('',(#321),#152,.T.);
#3154=ADVANCED_FACE('',(#322),#2972,.F.);
#3155=ADVANCED_FACE('',(#323),#2973,.F.);
#3156=ADVANCED_FACE('',(#324),#2974,.F.);
#3157=ADVANCED_FACE('',(#325),#2975,.F.);
#3158=ADVANCED_FACE('',(#326),#2976,.T.);
#3159=ADVANCED_FACE('',(#327),#2977,.F.);
#3160=ADVANCED_FACE('',(#328),#153,.T.);
#3161=ADVANCED_FACE('',(#329),#2978,.F.);
#3162=ADVANCED_FACE('',(#330),#2979,.F.);
#3163=ADVANCED_FACE('',(#331),#2980,.F.);
#3164=ADVANCED_FACE('',(#332),#2981,.T.);
#3165=ADVANCED_FACE('',(#333),#154,.T.);
#3166=ADVANCED_FACE('',(#334),#2982,.F.);
#3167=ADVANCED_FACE('',(#335),#2983,.F.);
#3168=ADVANCED_FACE('',(#336),#2984,.F.);
#3169=ADVANCED_FACE('',(#337),#2985,.F.);
#3170=ADVANCED_FACE('',(#338),#2986,.T.);
#3171=CLOSED_SHELL('',(#2987,#2988,#2989,#2990,#2991,#2992));
#3172=CLOSED_SHELL('',(#2993,#2994,#2995,#2996,#2997,#2998));
#3173=CLOSED_SHELL('',(#2999,#3000,#3001,#3002,#3003,#3004));
#3174=CLOSED_SHELL('',(#3005,#3006,#3007,#3008,#3009,#3010));
#3175=CLOSED_SHELL('',(#3011,#3012,#3013,#3014,#3015,#3016));
#3176=CLOSED_SHELL('',(#3017,#3018,#3019,#3020,#3021,#3022));
#3177=CLOSED_SHELL('',(#3023,#3024,#3025,#3026,#3027,#3028));
#3178=CLOSED_SHELL('',(#3029,#3030,#3031,#3032,#3033,#3034));
#3179=CLOSED_SHELL('',(#3035,#3036,#3037,#3038,#3039,#3040,#3041));
#3180=CLOSED_SHELL('',(#3042,#3043,#3044,#3045,#3046,#3047,#3048,#3049,
#3050,#3051,#3052,#3053,#3054,#3055,#3056,#3057,#3058,#3059,#3060,#3061,
#3062,#3063,#3064,#3065,#3066,#3067,#3068,#3069,#3070,#3071,#3072,#3073,
#3074,#3075,#3076,#3077,#3078,#3079,#3080,#3081,#3082,#3083,#3084,#3085,
#3086,#3087,#3088,#3089,#3090,#3091,#3092,#3093,#3094,#3095,#3096,#3097,
#3098,#3099,#3100,#3101,#3102,#3103,#3104,#3105,#3106,#3107,#3108,#3109,
#3110,#3111,#3112,#3113,#3114,#3115,#3116,#3117,#3118,#3119));
#3181=CLOSED_SHELL('',(#3120,#3121,#3122));
#3182=CLOSED_SHELL('',(#3123,#3124,#3125,#3126,#3127,#3128));
#3183=CLOSED_SHELL('',(#3129,#3130,#3131,#3132,#3133,#3134));
#3184=CLOSED_SHELL('',(#3135,#3136,#3137,#3138,#3139,#3140));
#3185=CLOSED_SHELL('',(#3141,#3142,#3143,#3144,#3145,#3146));
#3186=CLOSED_SHELL('',(#3147,#3148,#3149,#3150,#3151,#3152));
#3187=CLOSED_SHELL('',(#3153,#3154,#3155,#3156,#3157,#3158));
#3188=CLOSED_SHELL('',(#3159,#3160,#3161,#3162,#3163,#3164));
#3189=CLOSED_SHELL('',(#3165,#3166,#3167,#3168,#3169,#3170));
#3190=DERIVED_UNIT_ELEMENT(#3192,1.);
#3191=DERIVED_UNIT_ELEMENT(#5235,-3.);
#3192=(
MASS_UNIT()
NAMED_UNIT(*)
SI_UNIT(.KILO.,.GRAM.)
);
#3193=DERIVED_UNIT((#3190,#3191));
#3194=MEASURE_REPRESENTATION_ITEM('density measure',
POSITIVE_RATIO_MEASURE(7850.),#3193);
#3195=PROPERTY_DEFINITION_REPRESENTATION(#3200,#3197);
#3196=PROPERTY_DEFINITION_REPRESENTATION(#3201,#3198);
#3197=REPRESENTATION('material name',(#3199),#5232);
#3198=REPRESENTATION('density',(#3194),#5232);
#3199=DESCRIPTIVE_REPRESENTATION_ITEM('Steel','Steel');
#3200=PROPERTY_DEFINITION('material property','material name',#5242);
#3201=PROPERTY_DEFINITION('material property','density of part',#5242);
#3202=AXIS2_PLACEMENT_3D('',#4325,#3455,#3456);
#3203=AXIS2_PLACEMENT_3D('',#4326,#3457,#3458);
#3204=AXIS2_PLACEMENT_3D('',#4335,#3463,#3464);
#3205=AXIS2_PLACEMENT_3D('',#4341,#3468,#3469);
#3206=AXIS2_PLACEMENT_3D('',#4347,#3473,#3474);
#3207=AXIS2_PLACEMENT_3D('',#4348,#3475,#3476);
#3208=AXIS2_PLACEMENT_3D('',#4349,#3477,#3478);
#3209=AXIS2_PLACEMENT_3D('',#4350,#3479,#3480);
#3210=AXIS2_PLACEMENT_3D('',#4351,#3481,#3482);
#3211=AXIS2_PLACEMENT_3D('',#4352,#3483,#3484);
#3212=AXIS2_PLACEMENT_3D('',#4361,#3489,#3490);
#3213=AXIS2_PLACEMENT_3D('',#4363,#3491,#3492);
#3214=AXIS2_PLACEMENT_3D('',#4365,#3493,#3494);
#3215=AXIS2_PLACEMENT_3D('',#4367,#3496,#3497);
#3216=AXIS2_PLACEMENT_3D('',#4373,#3501,#3502);
#3217=AXIS2_PLACEMENT_3D('',#4376,#3505,#3506);
#3218=AXIS2_PLACEMENT_3D('',#4377,#3507,#3508);
#3219=AXIS2_PLACEMENT_3D('',#4378,#3509,#3510);
#3220=AXIS2_PLACEMENT_3D('',#4387,#3515,#3516);
#3221=AXIS2_PLACEMENT_3D('',#4393,#3520,#3521);
#3222=AXIS2_PLACEMENT_3D('',#4399,#3525,#3526);
#3223=AXIS2_PLACEMENT_3D('',#4400,#3527,#3528);
#3224=AXIS2_PLACEMENT_3D('',#4401,#3529,#3530);
#3225=AXIS2_PLACEMENT_3D('',#4402,#3531,#3532);
#3226=AXIS2_PLACEMENT_3D('',#4403,#3533,#3534);
#3227=AXIS2_PLACEMENT_3D('',#4404,#3535,#3536);
#3228=AXIS2_PLACEMENT_3D('',#4413,#3541,#3542);
#3229=AXIS2_PLACEMENT_3D('',#4415,#3543,#3544);
#3230=AXIS2_PLACEMENT_3D('',#4417,#3545,#3546);
#3231=AXIS2_PLACEMENT_3D('',#4419,#3548,#3549);
#3232=AXIS2_PLACEMENT_3D('',#4425,#3553,#3554);
#3233=AXIS2_PLACEMENT_3D('',#4428,#3557,#3558);
#3234=AXIS2_PLACEMENT_3D('',#4429,#3559,#3560);
#3235=AXIS2_PLACEMENT_3D('',#4430,#3561,#3562);
#3236=AXIS2_PLACEMENT_3D('',#4439,#3567,#3568);
#3237=AXIS2_PLACEMENT_3D('',#4445,#3572,#3573);
#3238=AXIS2_PLACEMENT_3D('',#4451,#3577,#3578);
#3239=AXIS2_PLACEMENT_3D('',#4452,#3579,#3580);
#3240=AXIS2_PLACEMENT_3D('',#4453,#3581,#3582);
#3241=AXIS2_PLACEMENT_3D('',#4454,#3583,#3584);
#3242=AXIS2_PLACEMENT_3D('',#4455,#3585,#3586);
#3243=AXIS2_PLACEMENT_3D('',#4456,#3587,#3588);
#3244=AXIS2_PLACEMENT_3D('',#4465,#3593,#3594);
#3245=AXIS2_PLACEMENT_3D('',#4467,#3595,#3596);
#3246=AXIS2_PLACEMENT_3D('',#4469,#3597,#3598);
#3247=AXIS2_PLACEMENT_3D('',#4471,#3600,#3601);
#3248=AXIS2_PLACEMENT_3D('',#4477,#3605,#3606);
#3249=AXIS2_PLACEMENT_3D('',#4480,#3609,#3610);
#3250=AXIS2_PLACEMENT_3D('',#4481,#3611,#3612);
#3251=AXIS2_PLACEMENT_3D('',#4482,#3613,#3614);
#3252=AXIS2_PLACEMENT_3D('',#4491,#3619,#3620);
#3253=AXIS2_PLACEMENT_3D('',#4497,#3624,#3625);
#3254=AXIS2_PLACEMENT_3D('',#4503,#3629,#3630);
#3255=AXIS2_PLACEMENT_3D('',#4504,#3631,#3632);
#3256=AXIS2_PLACEMENT_3D('',#4505,#3633,#3634);
#3257=AXIS2_PLACEMENT_3D('',#4506,#3635,#3636);
#3258=AXIS2_PLACEMENT_3D('',#4507,#3637,#3638);
#3259=AXIS2_PLACEMENT_3D('',#4508,#3639,#3640);
#3260=AXIS2_PLACEMENT_3D('',#4517,#3645,#3646);
#3261=AXIS2_PLACEMENT_3D('',#4519,#3647,#3648);
#3262=AXIS2_PLACEMENT_3D('',#4521,#3649,#3650);
#3263=AXIS2_PLACEMENT_3D('',#4523,#3652,#3653);
#3264=AXIS2_PLACEMENT_3D('',#4529,#3657,#3658);
#3265=AXIS2_PLACEMENT_3D('',#4532,#3661,#3662);
#3266=AXIS2_PLACEMENT_3D('',#4533,#3663,#3664);
#3267=AXIS2_PLACEMENT_3D('',#4534,#3665,#3666);
#3268=AXIS2_PLACEMENT_3D('',#4545,#3672,#3673);
#3269=AXIS2_PLACEMENT_3D('',#4556,#3679,#3680);
#3270=AXIS2_PLACEMENT_3D('',#4559,#3683,#3684);
#3271=AXIS2_PLACEMENT_3D('',#4561,#3686,#3687);
#3272=AXIS2_PLACEMENT_3D('',#4563,#3689,#3690);
#3273=AXIS2_PLACEMENT_3D('',#4565,#3692,#3693);
#3274=AXIS2_PLACEMENT_3D('',#4566,#3694,#3695);
#3275=AXIS2_PLACEMENT_3D('',#4568,#3696,#3697);
#3276=AXIS2_PLACEMENT_3D('',#4571,#3699,#3700);
#3277=AXIS2_PLACEMENT_3D('',#4572,#3701,#3702);
#3278=AXIS2_PLACEMENT_3D('',#4575,#3703,#3704);
#3279=AXIS2_PLACEMENT_3D('',#4579,#3706,#3707);
#3280=AXIS2_PLACEMENT_3D('',#4581,#3709,#3710);
#3281=AXIS2_PLACEMENT_3D('',#4584,#3711,#3712);
#3282=AXIS2_PLACEMENT_3D('',#4588,#3714,#3715);
#3283=AXIS2_PLACEMENT_3D('',#4590,#3717,#3718);
#3284=AXIS2_PLACEMENT_3D('',#4593,#3719,#3720);
#3285=AXIS2_PLACEMENT_3D('',#4597,#3722,#3723);
#3286=AXIS2_PLACEMENT_3D('',#4599,#3725,#3726);
#3287=AXIS2_PLACEMENT_3D('',#4602,#3727,#3728);
#3288=AXIS2_PLACEMENT_3D('',#4606,#3730,#3731);
#3289=AXIS2_PLACEMENT_3D('',#4608,#3733,#3734);
#3290=AXIS2_PLACEMENT_3D('',#4649,#3755,#3756);
#3291=AXIS2_PLACEMENT_3D('',#4690,#3777,#3778);
#3292=AXIS2_PLACEMENT_3D('',#4696,#3781,#3782);
#3293=AXIS2_PLACEMENT_3D('',#4701,#3785,#3786);
#3294=AXIS2_PLACEMENT_3D('',#4706,#3789,#3790);
#3295=AXIS2_PLACEMENT_3D('',#4713,#3794,#3795);
#3296=AXIS2_PLACEMENT_3D('',#4721,#3799,#3800);
#3297=AXIS2_PLACEMENT_3D('',#4729,#3804,#3805);
#3298=AXIS2_PLACEMENT_3D('',#4737,#3809,#3810);
#3299=AXIS2_PLACEMENT_3D('',#4744,#3814,#3815);
#3300=AXIS2_PLACEMENT_3D('',#4749,#3818,#3819);
#3301=AXIS2_PLACEMENT_3D('',#4754,#3822,#3823);
#3302=AXIS2_PLACEMENT_3D('',#4759,#3826,#3827);
#3303=AXIS2_PLACEMENT_3D('',#4784,#3843,#3844);
#3304=AXIS2_PLACEMENT_3D('',#4795,#3850,#3851);
#3305=AXIS2_PLACEMENT_3D('',#4817,#3865,#3866);
#3306=AXIS2_PLACEMENT_3D('',#4839,#3880,#3881);
#3307=AXIS2_PLACEMENT_3D('',#4840,#3882,#3883);
#3308=AXIS2_PLACEMENT_3D('',#4842,#3885,#3886);
#3309=AXIS2_PLACEMENT_3D('',#4844,#3888,#3889);
#3310=AXIS2_PLACEMENT_3D('',#4845,#3890,#3891);
#3311=AXIS2_PLACEMENT_3D('',#4849,#3894,#3895);
#3312=AXIS2_PLACEMENT_3D('',#4851,#3896,#3897);
#3313=AXIS2_PLACEMENT_3D('',#4853,#3899,#3900);
#3314=AXIS2_PLACEMENT_3D('',#4855,#3902,#3903);
#3315=AXIS2_PLACEMENT_3D('',#4856,#3904,#3905);
#3316=AXIS2_PLACEMENT_3D('',#4860,#3907,#3908);
#3317=AXIS2_PLACEMENT_3D('',#4862,#3910,#3911);
#3318=AXIS2_PLACEMENT_3D('',#4864,#3913,#3914);
#3319=AXIS2_PLACEMENT_3D('',#4866,#3916,#3917);
#3320=AXIS2_PLACEMENT_3D('',#4867,#3918,#3919);
#3321=AXIS2_PLACEMENT_3D('',#4871,#3921,#3922);
#3322=AXIS2_PLACEMENT_3D('',#4873,#3924,#3925);
#3323=AXIS2_PLACEMENT_3D('',#4875,#3927,#3928);
#3324=AXIS2_PLACEMENT_3D('',#4877,#3930,#3931);
#3325=AXIS2_PLACEMENT_3D('',#4878,#3932,#3933);
#3326=AXIS2_PLACEMENT_3D('',#4884,#3937,#3938);
#3327=AXIS2_PLACEMENT_3D('',#4888,#3941,#3942);
#3328=AXIS2_PLACEMENT_3D('',#4892,#3945,#3946);
#3329=AXIS2_PLACEMENT_3D('',#4896,#3949,#3950);
#3330=AXIS2_PLACEMENT_3D('',#4898,#3952,#3953);
#3331=AXIS2_PLACEMENT_3D('',#4902,#3955,#3956);
#3332=AXIS2_PLACEMENT_3D('',#4904,#3958,#3959);
#3333=AXIS2_PLACEMENT_3D('',#4906,#3961,#3962);
#3334=AXIS2_PLACEMENT_3D('',#4908,#3964,#3965);
#3335=AXIS2_PLACEMENT_3D('',#4909,#3966,#3967);
#3336=AXIS2_PLACEMENT_3D('',#4913,#3969,#3970);
#3337=AXIS2_PLACEMENT_3D('',#4915,#3972,#3973);
#3338=AXIS2_PLACEMENT_3D('',#4917,#3975,#3976);
#3339=AXIS2_PLACEMENT_3D('',#4919,#3978,#3979);
#3340=AXIS2_PLACEMENT_3D('',#4920,#3980,#3981);
#3341=AXIS2_PLACEMENT_3D('',#4924,#3983,#3984);
#3342=AXIS2_PLACEMENT_3D('',#4926,#3986,#3987);
#3343=AXIS2_PLACEMENT_3D('',#4928,#3989,#3990);
#3344=AXIS2_PLACEMENT_3D('',#4930,#3992,#3993);
#3345=AXIS2_PLACEMENT_3D('',#4931,#3994,#3995);
#3346=AXIS2_PLACEMENT_3D('',#4933,#3997,#3998);
#3347=AXIS2_PLACEMENT_3D('',#4935,#4000,#4001);
#3348=AXIS2_PLACEMENT_3D('',#4936,#4002,#4003);
#3349=AXIS2_PLACEMENT_3D('',#4938,#4005,#4006);
#3350=AXIS2_PLACEMENT_3D('',#4940,#4008,#4009);
#3351=AXIS2_PLACEMENT_3D('',#4941,#4010,#4011);
#3352=AXIS2_PLACEMENT_3D('',#4943,#4013,#4014);
#3353=AXIS2_PLACEMENT_3D('',#4945,#4016,#4017);
#3354=AXIS2_PLACEMENT_3D('',#4946,#4018,#4019);
#3355=AXIS2_PLACEMENT_3D('',#4950,#4021,#4022);
#3356=AXIS2_PLACEMENT_3D('',#4952,#4024,#4025);
#3357=AXIS2_PLACEMENT_3D('',#4954,#4027,#4028);
#3358=AXIS2_PLACEMENT_3D('',#4956,#4030,#4031);
#3359=AXIS2_PLACEMENT_3D('',#4957,#4032,#4033);
#3360=AXIS2_PLACEMENT_3D('',#4961,#4035,#4036);
#3361=AXIS2_PLACEMENT_3D('',#4963,#4038,#4039);
#3362=AXIS2_PLACEMENT_3D('',#4965,#4041,#4042);
#3363=AXIS2_PLACEMENT_3D('',#4967,#4044,#4045);
#3364=AXIS2_PLACEMENT_3D('',#4968,#4046,#4047);
#3365=AXIS2_PLACEMENT_3D('',#4972,#4049,#4050);
#3366=AXIS2_PLACEMENT_3D('',#4974,#4052,#4053);
#3367=AXIS2_PLACEMENT_3D('',#4976,#4055,#4056);
#3368=AXIS2_PLACEMENT_3D('',#4978,#4058,#4059);
#3369=AXIS2_PLACEMENT_3D('',#4979,#4060,#4061);
#3370=AXIS2_PLACEMENT_3D('',#4983,#4063,#4064);
#3371=AXIS2_PLACEMENT_3D('',#4985,#4066,#4067);
#3372=AXIS2_PLACEMENT_3D('',#4987,#4069,#4070);
#3373=AXIS2_PLACEMENT_3D('',#4989,#4072,#4073);
#3374=AXIS2_PLACEMENT_3D('',#4990,#4074,#4075);
#3375=AXIS2_PLACEMENT_3D('',#4994,#4077,#4078);
#3376=AXIS2_PLACEMENT_3D('',#4996,#4080,#4081);
#3377=AXIS2_PLACEMENT_3D('',#4998,#4083,#4084);
#3378=AXIS2_PLACEMENT_3D('',#5000,#4086,#4087);
#3379=AXIS2_PLACEMENT_3D('',#5001,#4088,#4089);
#3380=AXIS2_PLACEMENT_3D('',#5005,#4091,#4092);
#3381=AXIS2_PLACEMENT_3D('',#5007,#4094,#4095);
#3382=AXIS2_PLACEMENT_3D('',#5009,#4097,#4098);
#3383=AXIS2_PLACEMENT_3D('',#5011,#4100,#4101);
#3384=AXIS2_PLACEMENT_3D('',#5012,#4102,#4103);
#3385=AXIS2_PLACEMENT_3D('',#5013,#4104,#4105);
#3386=AXIS2_PLACEMENT_3D('',#5014,#4106,#4107);
#3387=AXIS2_PLACEMENT_3D('',#5016,#4108,#4109);
#3388=AXIS2_PLACEMENT_3D('',#5019,#4111,#4112);
#3389=AXIS2_PLACEMENT_3D('',#5020,#4113,#4114);
#3390=AXIS2_PLACEMENT_3D('',#5021,#4115,#4116);
#3391=AXIS2_PLACEMENT_3D('',#5022,#4117,#4118);
#3392=AXIS2_PLACEMENT_3D('',#5031,#4123,#4124);
#3393=AXIS2_PLACEMENT_3D('',#5033,#4125,#4126);
#3394=AXIS2_PLACEMENT_3D('',#5035,#4127,#4128);
#3395=AXIS2_PLACEMENT_3D('',#5037,#4130,#4131);
#3396=AXIS2_PLACEMENT_3D('',#5043,#4135,#4136);
#3397=AXIS2_PLACEMENT_3D('',#5046,#4139,#4140);
#3398=AXIS2_PLACEMENT_3D('',#5047,#4141,#4142);
#3399=AXIS2_PLACEMENT_3D('',#5048,#4143,#4144);
#3400=AXIS2_PLACEMENT_3D('',#5051,#4145,#4146);
#3401=AXIS2_PLACEMENT_3D('',#5055,#4148,#4149);
#3402=AXIS2_PLACEMENT_3D('',#5057,#4151,#4152);
#3403=AXIS2_PLACEMENT_3D('',#5063,#4156,#4157);
#3404=AXIS2_PLACEMENT_3D('',#5069,#4161,#4162);
#3405=AXIS2_PLACEMENT_3D('',#5072,#4165,#4166);
#3406=AXIS2_PLACEMENT_3D('',#5073,#4167,#4168);
#3407=AXIS2_PLACEMENT_3D('',#5074,#4169,#4170);
#3408=AXIS2_PLACEMENT_3D('',#5083,#4175,#4176);
#3409=AXIS2_PLACEMENT_3D('',#5085,#4177,#4178);
#3410=AXIS2_PLACEMENT_3D('',#5087,#4179,#4180);
#3411=AXIS2_PLACEMENT_3D('',#5089,#4182,#4183);
#3412=AXIS2_PLACEMENT_3D('',#5095,#4187,#4188);
#3413=AXIS2_PLACEMENT_3D('',#5098,#4191,#4192);
#3414=AXIS2_PLACEMENT_3D('',#5099,#4193,#4194);
#3415=AXIS2_PLACEMENT_3D('',#5100,#4195,#4196);
#3416=AXIS2_PLACEMENT_3D('',#5103,#4197,#4198);
#3417=AXIS2_PLACEMENT_3D('',#5107,#4200,#4201);
#3418=AXIS2_PLACEMENT_3D('',#5109,#4203,#4204);
#3419=AXIS2_PLACEMENT_3D('',#5115,#4208,#4209);
#3420=AXIS2_PLACEMENT_3D('',#5121,#4213,#4214);
#3421=AXIS2_PLACEMENT_3D('',#5124,#4217,#4218);
#3422=AXIS2_PLACEMENT_3D('',#5125,#4219,#4220);
#3423=AXIS2_PLACEMENT_3D('',#5126,#4221,#4222);
#3424=AXIS2_PLACEMENT_3D('',#5135,#4227,#4228);
#3425=AXIS2_PLACEMENT_3D('',#5137,#4229,#4230);
#3426=AXIS2_PLACEMENT_3D('',#5139,#4231,#4232);
#3427=AXIS2_PLACEMENT_3D('',#5141,#4234,#4235);
#3428=AXIS2_PLACEMENT_3D('',#5147,#4239,#4240);
#3429=AXIS2_PLACEMENT_3D('',#5150,#4243,#4244);
#3430=AXIS2_PLACEMENT_3D('',#5151,#4245,#4246);
#3431=AXIS2_PLACEMENT_3D('',#5152,#4247,#4248);
#3432=AXIS2_PLACEMENT_3D('',#5155,#4249,#4250);
#3433=AXIS2_PLACEMENT_3D('',#5159,#4252,#4253);
#3434=AXIS2_PLACEMENT_3D('',#5161,#4255,#4256);
#3435=AXIS2_PLACEMENT_3D('',#5167,#4260,#4261);
#3436=AXIS2_PLACEMENT_3D('',#5173,#4265,#4266);
#3437=AXIS2_PLACEMENT_3D('',#5176,#4269,#4270);
#3438=AXIS2_PLACEMENT_3D('',#5177,#4271,#4272);
#3439=AXIS2_PLACEMENT_3D('',#5178,#4273,#4274);
#3440=AXIS2_PLACEMENT_3D('',#5187,#4279,#4280);
#3441=AXIS2_PLACEMENT_3D('',#5189,#4281,#4282);
#3442=AXIS2_PLACEMENT_3D('',#5191,#4283,#4284);
#3443=AXIS2_PLACEMENT_3D('',#5193,#4286,#4287);
#3444=AXIS2_PLACEMENT_3D('',#5199,#4291,#4292);
#3445=AXIS2_PLACEMENT_3D('',#5202,#4295,#4296);
#3446=AXIS2_PLACEMENT_3D('',#5203,#4297,#4298);
#3447=AXIS2_PLACEMENT_3D('',#5204,#4299,#4300);
#3448=AXIS2_PLACEMENT_3D('',#5207,#4301,#4302);
#3449=AXIS2_PLACEMENT_3D('',#5211,#4304,#4305);
#3450=AXIS2_PLACEMENT_3D('',#5213,#4307,#4308);
#3451=AXIS2_PLACEMENT_3D('',#5219,#4312,#4313);
#3452=AXIS2_PLACEMENT_3D('',#5225,#4317,#4318);
#3453=AXIS2_PLACEMENT_3D('',#5228,#4321,#4322);
#3454=AXIS2_PLACEMENT_3D('',#5229,#4323,#4324);
#3455=DIRECTION('axis',(0.,0.,1.));
#3456=DIRECTION('refdir',(1.,0.,0.));
#3457=DIRECTION('center_axis',(3.87215061601966E-16,0.,1.));
#3458=DIRECTION('ref_axis',(1.,0.,-3.87215061601966E-16));
#3459=DIRECTION('',(-1.,0.,3.87215061601966E-16));
#3460=DIRECTION('',(0.,-1.,0.));
#3461=DIRECTION('',(-1.,0.,3.87215061601966E-16));
#3462=DIRECTION('',(0.,-1.,0.));
#3463=DIRECTION('center_axis',(1.,0.,0.));
#3464=DIRECTION('ref_axis',(0.,0.,-1.));
#3465=DIRECTION('',(0.,0.,1.));
#3466=DIRECTION('',(0.,0.,1.));
#3467=DIRECTION('',(0.,-1.,0.));
#3468=DIRECTION('center_axis',(0.,0.,-1.));
#3469=DIRECTION('ref_axis',(-1.,0.,0.));
#3470=DIRECTION('',(1.,0.,0.));
#3471=DIRECTION('',(1.,0.,0.));
#3472=DIRECTION('',(0.,-1.,0.));
#3473=DIRECTION('center_axis',(0.,-1.,0.));
#3474=DIRECTION('ref_axis',(0.,0.,-1.));
#3475=DIRECTION('center_axis',(0.,1.,0.));
#3476=DIRECTION('ref_axis',(0.,0.,1.));
#3477=DIRECTION('center_axis',(0.,1.,0.));
#3478=DIRECTION('ref_axis',(0.,0.,1.));
#3479=DIRECTION('center_axis',(0.,1.,0.));
#3480=DIRECTION('ref_axis',(0.,0.,1.));
#3481=DIRECTION('center_axis',(0.,1.,0.));
#3482=DIRECTION('ref_axis',(0.,0.,1.));
#3483=DIRECTION('center_axis',(-3.87215061601966E-16,0.,1.));
#3484=DIRECTION('ref_axis',(1.,0.,3.87215061601966E-16));
#3485=DIRECTION('',(-1.,0.,-3.87215061601966E-16));
#3486=DIRECTION('',(0.,-1.,0.));
#3487=DIRECTION('',(-1.,0.,-3.87215061601966E-16));
#3488=DIRECTION('',(0.,-1.,0.));
#3489=DIRECTION('center_axis',(0.,-1.,0.));
#3490=DIRECTION('ref_axis',(0.,0.,-1.));
#3491=DIRECTION('center_axis',(0.,1.,0.));
#3492=DIRECTION('ref_axis',(0.,0.,1.));
#3493=DIRECTION('center_axis',(0.,1.,0.));
#3494=DIRECTION('ref_axis',(0.,0.,1.));
#3495=DIRECTION('',(0.,-1.,0.));
#3496=DIRECTION('center_axis',(0.,0.,-1.));
#3497=DIRECTION('ref_axis',(-1.,0.,0.));
#3498=DIRECTION('',(1.,0.,0.));
#3499=DIRECTION('',(1.,0.,0.));
#3500=DIRECTION('',(0.,-1.,0.));
#3501=DIRECTION('center_axis',(-1.,0.,0.));
#3502=DIRECTION('ref_axis',(0.,0.,1.));
#3503=DIRECTION('',(0.,0.,-1.));
#3504=DIRECTION('',(0.,0.,-1.));
#3505=DIRECTION('center_axis',(0.,1.,0.));
#3506=DIRECTION('ref_axis',(0.,0.,1.));
#3507=DIRECTION('center_axis',(0.,1.,0.));
#3508=DIRECTION('ref_axis',(0.,0.,1.));
#3509=DIRECTION('center_axis',(3.87215061601966E-16,0.,1.));
#3510=DIRECTION('ref_axis',(1.,0.,-3.87215061601966E-16));
#3511=DIRECTION('',(-1.,0.,3.87215061601966E-16));
#3512=DIRECTION('',(0.,-1.,0.));
#3513=DIRECTION('',(-1.,0.,3.87215061601966E-16));
#3514=DIRECTION('',(0.,-1.,0.));
#3515=DIRECTION('center_axis',(1.,0.,0.));
#3516=DIRECTION('ref_axis',(0.,0.,-1.));
#3517=DIRECTION('',(0.,0.,1.));
#3518=DIRECTION('',(0.,0.,1.));
#3519=DIRECTION('',(0.,-1.,0.));
#3520=DIRECTION('center_axis',(0.,0.,-1.));
#3521=DIRECTION('ref_axis',(-1.,0.,0.));
#3522=DIRECTION('',(1.,0.,0.));
#3523=DIRECTION('',(1.,0.,0.));
#3524=DIRECTION('',(0.,-1.,0.));
#3525=DIRECTION('center_axis',(0.,-1.,0.));
#3526=DIRECTION('ref_axis',(0.,0.,-1.));
#3527=DIRECTION('center_axis',(0.,1.,0.));
#3528=DIRECTION('ref_axis',(0.,0.,1.));
#3529=DIRECTION('center_axis',(0.,1.,0.));
#3530=DIRECTION('ref_axis',(0.,0.,1.));
#3531=DIRECTION('center_axis',(0.,1.,0.));
#3532=DIRECTION('ref_axis',(0.,0.,1.));
#3533=DIRECTION('center_axis',(0.,1.,0.));
#3534=DIRECTION('ref_axis',(0.,0.,1.));
#3535=DIRECTION('center_axis',(-3.87215061601966E-16,0.,1.));
#3536=DIRECTION('ref_axis',(1.,0.,3.87215061601966E-16));
#3537=DIRECTION('',(-1.,0.,-3.87215061601966E-16));
#3538=DIRECTION('',(0.,-1.,0.));
#3539=DIRECTION('',(-1.,0.,-3.87215061601966E-16));
#3540=DIRECTION('',(0.,-1.,0.));
#3541=DIRECTION('center_axis',(0.,-1.,0.));
#3542=DIRECTION('ref_axis',(0.,0.,-1.));
#3543=DIRECTION('center_axis',(0.,1.,0.));
#3544=DIRECTION('ref_axis',(0.,0.,1.));
#3545=DIRECTION('center_axis',(0.,1.,0.));
#3546=DIRECTION('ref_axis',(0.,0.,1.));
#3547=DIRECTION('',(0.,-1.,0.));
#3548=DIRECTION('center_axis',(0.,0.,-1.));
#3549=DIRECTION('ref_axis',(-1.,0.,0.));
#3550=DIRECTION('',(1.,0.,0.));
#3551=DIRECTION('',(1.,0.,0.));
#3552=DIRECTION('',(0.,-1.,0.));
#3553=DIRECTION('center_axis',(-1.,0.,0.));
#3554=DIRECTION('ref_axis',(0.,0.,1.));
#3555=DIRECTION('',(0.,0.,-1.));
#3556=DIRECTION('',(0.,0.,-1.));
#3557=DIRECTION('center_axis',(0.,1.,0.));
#3558=DIRECTION('ref_axis',(0.,0.,1.));
#3559=DIRECTION('center_axis',(0.,1.,0.));
#3560=DIRECTION('ref_axis',(0.,0.,1.));
#3561=DIRECTION('center_axis',(3.87215061601966E-16,0.,1.));
#3562=DIRECTION('ref_axis',(1.,0.,-3.87215061601966E-16));
#3563=DIRECTION('',(-1.,0.,3.87215061601966E-16));
#3564=DIRECTION('',(0.,-1.,0.));
#3565=DIRECTION('',(-1.,0.,3.87215061601966E-16));
#3566=DIRECTION('',(0.,-1.,0.));
#3567=DIRECTION('center_axis',(1.,0.,0.));
#3568=DIRECTION('ref_axis',(0.,0.,-1.));
#3569=DIRECTION('',(0.,0.,1.));
#3570=DIRECTION('',(0.,0.,1.));
#3571=DIRECTION('',(0.,-1.,0.));
#3572=DIRECTION('center_axis',(0.,0.,-1.));
#3573=DIRECTION('ref_axis',(-1.,0.,0.));
#3574=DIRECTION('',(1.,0.,0.));
#3575=DIRECTION('',(1.,0.,0.));
#3576=DIRECTION('',(0.,-1.,0.));
#3577=DIRECTION('center_axis',(0.,-1.,0.));
#3578=DIRECTION('ref_axis',(0.,0.,-1.));
#3579=DIRECTION('center_axis',(0.,1.,0.));
#3580=DIRECTION('ref_axis',(0.,0.,1.));
#3581=DIRECTION('center_axis',(0.,1.,0.));
#3582=DIRECTION('ref_axis',(0.,0.,1.));
#3583=DIRECTION('center_axis',(0.,1.,0.));
#3584=DIRECTION('ref_axis',(0.,0.,1.));
#3585=DIRECTION('center_axis',(0.,1.,0.));
#3586=DIRECTION('ref_axis',(0.,0.,1.));
#3587=DIRECTION('center_axis',(-3.87215061601966E-16,0.,1.));
#3588=DIRECTION('ref_axis',(1.,0.,3.87215061601966E-16));
#3589=DIRECTION('',(-1.,0.,-3.87215061601966E-16));
#3590=DIRECTION('',(0.,-1.,0.));
#3591=DIRECTION('',(-1.,0.,-3.87215061601966E-16));
#3592=DIRECTION('',(0.,-1.,0.));
#3593=DIRECTION('center_axis',(0.,-1.,0.));
#3594=DIRECTION('ref_axis',(0.,0.,-1.));
#3595=DIRECTION('center_axis',(0.,1.,0.));
#3596=DIRECTION('ref_axis',(0.,0.,1.));
#3597=DIRECTION('center_axis',(0.,1.,0.));
#3598=DIRECTION('ref_axis',(0.,0.,1.));
#3599=DIRECTION('',(0.,-1.,0.));
#3600=DIRECTION('center_axis',(0.,0.,-1.));
#3601=DIRECTION('ref_axis',(-1.,0.,0.));
#3602=DIRECTION('',(1.,0.,0.));
#3603=DIRECTION('',(1.,0.,0.));
#3604=DIRECTION('',(0.,-1.,0.));
#3605=DIRECTION('center_axis',(-1.,0.,0.));
#3606=DIRECTION('ref_axis',(0.,0.,1.));
#3607=DIRECTION('',(0.,0.,-1.));
#3608=DIRECTION('',(0.,0.,-1.));
#3609=DIRECTION('center_axis',(0.,1.,0.));
#3610=DIRECTION('ref_axis',(0.,0.,1.));
#3611=DIRECTION('center_axis',(0.,1.,0.));
#3612=DIRECTION('ref_axis',(0.,0.,1.));
#3613=DIRECTION('center_axis',(3.87215061601966E-16,0.,1.));
#3614=DIRECTION('ref_axis',(1.,0.,-3.87215061601966E-16));
#3615=DIRECTION('',(-1.,0.,3.87215061601966E-16));
#3616=DIRECTION('',(0.,-1.,0.));
#3617=DIRECTION('',(-1.,0.,3.87215061601966E-16));
#3618=DIRECTION('',(0.,-1.,0.));
#3619=DIRECTION('center_axis',(1.,0.,0.));
#3620=DIRECTION('ref_axis',(0.,0.,-1.));
#3621=DIRECTION('',(0.,0.,1.));
#3622=DIRECTION('',(0.,0.,1.));
#3623=DIRECTION('',(0.,-1.,0.));
#3624=DIRECTION('center_axis',(0.,0.,-1.));
#3625=DIRECTION('ref_axis',(-1.,0.,0.));
#3626=DIRECTION('',(1.,0.,0.));
#3627=DIRECTION('',(1.,0.,0.));
#3628=DIRECTION('',(0.,-1.,0.));
#3629=DIRECTION('center_axis',(0.,-1.,0.));
#3630=DIRECTION('ref_axis',(0.,0.,-1.));
#3631=DIRECTION('center_axis',(0.,1.,0.));
#3632=DIRECTION('ref_axis',(0.,0.,1.));
#3633=DIRECTION('center_axis',(0.,1.,0.));
#3634=DIRECTION('ref_axis',(0.,0.,1.));
#3635=DIRECTION('center_axis',(0.,1.,0.));
#3636=DIRECTION('ref_axis',(0.,0.,1.));
#3637=DIRECTION('center_axis',(0.,1.,0.));
#3638=DIRECTION('ref_axis',(0.,0.,1.));
#3639=DIRECTION('center_axis',(-3.87215061601966E-16,0.,1.));
#3640=DIRECTION('ref_axis',(1.,0.,3.87215061601966E-16));
#3641=DIRECTION('',(-1.,0.,-3.87215061601966E-16));
#3642=DIRECTION('',(0.,-1.,0.));
#3643=DIRECTION('',(-1.,0.,-3.87215061601966E-16));
#3644=DIRECTION('',(0.,-1.,0.));
#3645=DIRECTION('center_axis',(0.,-1.,0.));
#3646=DIRECTION('ref_axis',(0.,0.,-1.));
#3647=DIRECTION('center_axis',(0.,1.,0.));
#3648=DIRECTION('ref_axis',(0.,0.,1.));
#3649=DIRECTION('center_axis',(0.,1.,0.));
#3650=DIRECTION('ref_axis',(0.,0.,1.));
#3651=DIRECTION('',(0.,-1.,0.));
#3652=DIRECTION('center_axis',(0.,0.,-1.));
#3653=DIRECTION('ref_axis',(-1.,0.,0.));
#3654=DIRECTION('',(1.,0.,0.));
#3655=DIRECTION('',(1.,0.,0.));
#3656=DIRECTION('',(0.,-1.,0.));
#3657=DIRECTION('center_axis',(-1.,0.,0.));
#3658=DIRECTION('ref_axis',(0.,0.,1.));
#3659=DIRECTION('',(0.,0.,-1.));
#3660=DIRECTION('',(0.,0.,-1.));
#3661=DIRECTION('center_axis',(0.,1.,0.));
#3662=DIRECTION('ref_axis',(0.,0.,1.));
#3663=DIRECTION('center_axis',(0.,1.,0.));
#3664=DIRECTION('ref_axis',(0.,0.,1.));
#3665=DIRECTION('center_axis',(0.,1.,0.));
#3666=DIRECTION('ref_axis',(0.,0.,1.));
#3667=DIRECTION('',(1.,0.,6.57092225748791E-17));
#3668=DIRECTION('',(-0.707106781186549,0.,0.707106781186546));
#3669=DIRECTION('',(0.,0.,-1.));
#3670=DIRECTION('',(-1.,0.,0.));
#3671=DIRECTION('',(0.,0.,1.));
#3672=DIRECTION('center_axis',(0.,-1.,0.));
#3673=DIRECTION('ref_axis',(0.,0.,-1.));
#3674=DIRECTION('',(0.,0.,-1.));
#3675=DIRECTION('',(0.707106781186549,0.,-0.707106781186546));
#3676=DIRECTION('',(1.,0.,6.57092225748791E-17));
#3677=DIRECTION('',(0.,0.,1.));
#3678=DIRECTION('',(-1.,0.,0.));
#3679=DIRECTION('center_axis',(6.57092225748791E-17,0.,-1.));
#3680=DIRECTION('ref_axis',(-1.,0.,-6.57092225748791E-17));
#3681=DIRECTION('',(0.,1.,0.));
#3682=DIRECTION('',(0.,-1.,0.));
#3683=DIRECTION('center_axis',(1.,0.,0.));
#3684=DIRECTION('ref_axis',(0.,0.,-1.));
#3685=DIRECTION('',(0.,-1.,0.));
#3686=DIRECTION('center_axis',(0.,0.,1.));
#3687=DIRECTION('ref_axis',(1.,0.,0.));
#3688=DIRECTION('',(0.,-1.,0.));
#3689=DIRECTION('center_axis',(-1.,0.,0.));
#3690=DIRECTION('ref_axis',(0.,0.,1.));
#3691=DIRECTION('',(0.,-1.,0.));
#3692=DIRECTION('center_axis',(0.707106781186546,0.,0.707106781186549));
#3693=DIRECTION('ref_axis',(0.,-1.,0.));
#3694=DIRECTION('center_axis',(0.,1.,0.));
#3695=DIRECTION('ref_axis',(0.,0.,1.));
#3696=DIRECTION('center_axis',(0.,1.,0.));
#3697=DIRECTION('ref_axis',(0.,0.,1.));
#3698=DIRECTION('',(0.,1.,0.));
#3699=DIRECTION('center_axis',(0.,1.,0.));
#3700=DIRECTION('ref_axis',(0.,0.,1.));
#3701=DIRECTION('center_axis',(0.,-1.,0.));
#3702=DIRECTION('ref_axis',(0.,0.,-1.));
#3703=DIRECTION('center_axis',(0.,1.,0.));
#3704=DIRECTION('ref_axis',(0.,0.,1.));
#3705=DIRECTION('',(0.,-1.,0.));
#3706=DIRECTION('center_axis',(0.,-1.,0.));
#3707=DIRECTION('ref_axis',(0.,0.,1.));
#3708=DIRECTION('',(0.,-1.,0.));
#3709=DIRECTION('center_axis',(0.,-1.,0.));
#3710=DIRECTION('ref_axis',(0.,0.,-1.));
#3711=DIRECTION('center_axis',(0.,1.,0.));
#3712=DIRECTION('ref_axis',(0.,0.,1.));
#3713=DIRECTION('',(0.,-1.,0.));
#3714=DIRECTION('center_axis',(0.,-1.,0.));
#3715=DIRECTION('ref_axis',(0.,0.,1.));
#3716=DIRECTION('',(0.,-1.,0.));
#3717=DIRECTION('center_axis',(0.,-1.,0.));
#3718=DIRECTION('ref_axis',(0.,0.,-1.));
#3719=DIRECTION('center_axis',(0.,1.,0.));
#3720=DIRECTION('ref_axis',(0.,0.,1.));
#3721=DIRECTION('',(0.,-1.,0.));
#3722=DIRECTION('center_axis',(0.,-1.,0.));
#3723=DIRECTION('ref_axis',(0.,0.,1.));
#3724=DIRECTION('',(0.,-1.,0.));
#3725=DIRECTION('center_axis',(0.,-1.,0.));
#3726=DIRECTION('ref_axis',(0.,0.,-1.));
#3727=DIRECTION('center_axis',(0.,1.,0.));
#3728=DIRECTION('ref_axis',(0.,0.,1.));
#3729=DIRECTION('',(0.,-1.,0.));
#3730=DIRECTION('center_axis',(0.,-1.,0.));
#3731=DIRECTION('ref_axis',(0.,0.,1.));
#3732=DIRECTION('',(0.,-1.,0.));
#3733=DIRECTION('center_axis',(1.,0.,0.));
#3734=DIRECTION('ref_axis',(0.,0.,-1.));
#3735=DIRECTION('',(0.,-1.,0.));
#3736=DIRECTION('',(0.,0.,1.));
#3737=DIRECTION('',(0.,-1.,0.));
#3738=DIRECTION('',(0.,0.,1.));
#3739=DIRECTION('',(0.,-1.,0.));
#3740=DIRECTION('',(0.,0.,1.));
#3741=DIRECTION('',(0.,-1.,0.));
#3742=DIRECTION('',(0.,0.,1.));
#3743=DIRECTION('',(0.,-1.,0.));
#3744=DIRECTION('',(0.,0.,1.));
#3745=DIRECTION('',(0.,-1.,0.));
#3746=DIRECTION('',(0.,0.,1.));
#3747=DIRECTION('',(0.,-1.,0.));
#3748=DIRECTION('',(0.,0.,1.));
#3749=DIRECTION('',(0.,-1.,0.));
#3750=DIRECTION('',(0.,0.,1.));
#3751=DIRECTION('',(0.,-1.,0.));
#3752=DIRECTION('',(0.,0.,1.));
#3753=DIRECTION('',(0.,-1.,0.));
#3754=DIRECTION('',(0.,0.,1.));
#3755=DIRECTION('center_axis',(-1.,0.,0.));
#3756=DIRECTION('ref_axis',(0.,0.,1.));
#3757=DIRECTION('',(0.,-1.,0.));
#3758=DIRECTION('',(0.,0.,-1.));
#3759=DIRECTION('',(0.,-1.,0.));
#3760=DIRECTION('',(0.,0.,-1.));
#3761=DIRECTION('',(0.,-1.,0.));
#3762=DIRECTION('',(0.,0.,-1.));
#3763=DIRECTION('',(0.,-1.,0.));
#3764=DIRECTION('',(0.,0.,-1.));
#3765=DIRECTION('',(0.,-1.,0.));
#3766=DIRECTION('',(0.,0.,-1.));
#3767=DIRECTION('',(0.,-1.,0.));
#3768=DIRECTION('',(0.,0.,-1.));
#3769=DIRECTION('',(0.,-1.,0.));
#3770=DIRECTION('',(0.,0.,-1.));
#3771=DIRECTION('',(0.,-1.,0.));
#3772=DIRECTION('',(0.,0.,-1.));
#3773=DIRECTION('',(0.,-1.,0.));
#3774=DIRECTION('',(0.,0.,-1.));
#3775=DIRECTION('',(0.,-1.,0.));
#3776=DIRECTION('',(0.,0.,-1.));
#3777=DIRECTION('center_axis',(0.,1.,0.));
#3778=DIRECTION('ref_axis',(0.,0.,1.));
#3779=DIRECTION('',(1.,0.,-3.87215061601966E-16));
#3780=DIRECTION('',(-1.,0.,0.));
#3781=DIRECTION('center_axis',(0.,-1.,0.));
#3782=DIRECTION('ref_axis',(0.,0.,1.));
#3783=DIRECTION('',(1.,0.,-3.87215061601966E-16));
#3784=DIRECTION('',(-1.,0.,0.));
#3785=DIRECTION('center_axis',(0.,-1.,0.));
#3786=DIRECTION('ref_axis',(0.,0.,1.));
#3787=DIRECTION('',(1.,0.,-3.87215061601966E-16));
#3788=DIRECTION('',(-1.,0.,0.));
#3789=DIRECTION('center_axis',(0.,-1.,0.));
#3790=DIRECTION('ref_axis',(0.,0.,1.));
#3791=DIRECTION('',(1.,0.,-3.87215061601966E-16));
#3792=DIRECTION('',(-1.,0.,1.44560289664734E-16));
#3793=DIRECTION('',(0.,0.,-1.));
#3794=DIRECTION('center_axis',(0.,-1.,0.));
#3795=DIRECTION('ref_axis',(0.,0.,1.));
#3796=DIRECTION('',(0.,0.,1.));
#3797=DIRECTION('',(-1.,0.,1.44560289664734E-16));
#3798=DIRECTION('',(0.,0.,-1.));
#3799=DIRECTION('center_axis',(0.,-1.,0.));
#3800=DIRECTION('ref_axis',(0.,0.,1.));
#3801=DIRECTION('',(0.,0.,1.));
#3802=DIRECTION('',(-1.,0.,1.44560289664734E-16));
#3803=DIRECTION('',(0.,0.,-1.));
#3804=DIRECTION('center_axis',(0.,-1.,0.));
#3805=DIRECTION('ref_axis',(0.,0.,1.));
#3806=DIRECTION('',(0.,0.,1.));
#3807=DIRECTION('',(-1.,0.,1.44560289664734E-16));
#3808=DIRECTION('',(0.,0.,-1.));
#3809=DIRECTION('center_axis',(0.,-1.,0.));
#3810=DIRECTION('ref_axis',(0.,0.,1.));
#3811=DIRECTION('',(0.,0.,1.));
#3812=DIRECTION('',(-1.,0.,1.44560289664734E-16));
#3813=DIRECTION('',(1.,0.,3.87215061601966E-16));
#3814=DIRECTION('center_axis',(0.,-1.,0.));
#3815=DIRECTION('ref_axis',(0.,0.,1.));
#3816=DIRECTION('',(-1.,0.,0.));
#3817=DIRECTION('',(1.,0.,3.87215061601966E-16));
#3818=DIRECTION('center_axis',(0.,-1.,0.));
#3819=DIRECTION('ref_axis',(0.,0.,1.));
#3820=DIRECTION('',(-1.,0.,0.));
#3821=DIRECTION('',(1.,0.,3.87215061601966E-16));
#3822=DIRECTION('center_axis',(0.,-1.,0.));
#3823=DIRECTION('ref_axis',(0.,0.,1.));
#3824=DIRECTION('',(-1.,0.,0.));
#3825=DIRECTION('',(1.,0.,3.87215061601966E-16));
#3826=DIRECTION('center_axis',(0.,-1.,0.));
#3827=DIRECTION('ref_axis',(0.,0.,1.));
#3828=DIRECTION('',(-1.,0.,0.));
#3829=DIRECTION('',(1.,0.,-1.44560289664734E-16));
#3830=DIRECTION('',(1.1616451848059E-15,0.,1.));
#3831=DIRECTION('',(0.,0.,-1.));
#3832=DIRECTION('',(1.,0.,-1.44560289664734E-16));
#3833=DIRECTION('',(1.1616451848059E-15,0.,1.));
#3834=DIRECTION('',(0.,0.,-1.));
#3835=DIRECTION('',(1.,0.,-1.44560289664734E-16));
#3836=DIRECTION('',(1.1616451848059E-15,0.,1.));
#3837=DIRECTION('',(0.,0.,-1.));
#3838=DIRECTION('',(1.,0.,-1.44560289664734E-16));
#3839=DIRECTION('',(1.1616451848059E-15,0.,1.));
#3840=DIRECTION('',(0.,0.,-1.));
#3841=DIRECTION('',(1.,0.,-1.44560289664734E-16));
#3842=DIRECTION('',(-1.,0.,0.));
#3843=DIRECTION('center_axis',(0.,-1.,0.));
#3844=DIRECTION('ref_axis',(0.,0.,1.));
#3845=DIRECTION('',(0.,0.,-1.));
#3846=DIRECTION('',(-1.,0.,-6.57092225748791E-17));
#3847=DIRECTION('',(-0.707106781186552,0.,0.707106781186543));
#3848=DIRECTION('',(0.,0.,1.));
#3849=DIRECTION('',(1.,0.,0.));
#3850=DIRECTION('center_axis',(-1.44560289664734E-16,0.,-1.));
#3851=DIRECTION('ref_axis',(-1.,0.,1.44560289664734E-16));
#3852=DIRECTION('',(0.,-1.,0.));
#3853=DIRECTION('',(0.,-1.,0.));
#3854=DIRECTION('',(1.,0.,-9.03501810404588E-16));
#3855=DIRECTION('',(0.,-1.,0.));
#3856=DIRECTION('',(1.,0.,-1.44560289664734E-16));
#3857=DIRECTION('',(0.,-1.,0.));
#3858=DIRECTION('',(1.,0.,-9.03501810404588E-16));
#3859=DIRECTION('',(0.,-1.,0.));
#3860=DIRECTION('',(0.,-1.,0.));
#3861=DIRECTION('',(1.,0.,-9.03501810404588E-16));
#3862=DIRECTION('',(0.,-1.,0.));
#3863=DIRECTION('',(0.,-1.,0.));
#3864=DIRECTION('',(1.,0.,-9.03501810404588E-16));
#3865=DIRECTION('center_axis',(1.44560289664734E-16,0.,1.));
#3866=DIRECTION('ref_axis',(1.,0.,-1.44560289664734E-16));
#3867=DIRECTION('',(0.,-1.,0.));
#3868=DIRECTION('',(0.,-1.,0.));
#3869=DIRECTION('',(-1.,0.,-9.03501810404588E-16));
#3870=DIRECTION('',(0.,-1.,0.));
#3871=DIRECTION('',(0.,-1.,0.));
#3872=DIRECTION('',(-1.,0.,-9.03501810404588E-16));
#3873=DIRECTION('',(0.,-1.,0.));
#3874=DIRECTION('',(0.,-1.,0.));
#3875=DIRECTION('',(-1.,0.,-9.03501810404588E-16));
#3876=DIRECTION('',(0.,-1.,0.));
#3877=DIRECTION('',(-1.,0.,1.44560289664734E-16));
#3878=DIRECTION('',(0.,-1.,0.));
#3879=DIRECTION('',(-1.,0.,-9.03501810404588E-16));
#3880=DIRECTION('center_axis',(0.,1.,0.));
#3881=DIRECTION('ref_axis',(0.,0.,1.));
#3882=DIRECTION('center_axis',(-1.,0.,1.1616451848059E-15));
#3883=DIRECTION('ref_axis',(1.1616451848059E-15,0.,1.));
#3884=DIRECTION('',(-1.1616451848059E-15,0.,-1.));
#3885=DIRECTION('center_axis',(1.,0.,0.));
#3886=DIRECTION('ref_axis',(0.,0.,-1.));
#3887=DIRECTION('',(0.,0.,1.));
#3888=DIRECTION('center_axis',(0.,1.,0.));
#3889=DIRECTION('ref_axis',(0.,0.,1.));
#3890=DIRECTION('center_axis',(1.,0.,0.));
#3891=DIRECTION('ref_axis',(0.,0.,-1.));
#3892=DIRECTION('',(0.,0.,1.));
#3893=DIRECTION('',(0.,-1.,0.));
#3894=DIRECTION('center_axis',(0.,-1.,0.));
#3895=DIRECTION('ref_axis',(1.22464679914735E-16,0.,1.));
#3896=DIRECTION('center_axis',(0.,1.,0.));
#3897=DIRECTION('ref_axis',(0.,0.,1.));
#3898=DIRECTION('',(0.,-1.,0.));
#3899=DIRECTION('center_axis',(-1.,0.,0.));
#3900=DIRECTION('ref_axis',(0.,0.,1.));
#3901=DIRECTION('',(0.,0.,-1.));
#3902=DIRECTION('center_axis',(0.,1.,0.));
#3903=DIRECTION('ref_axis',(0.,0.,1.));
#3904=DIRECTION('center_axis',(0.,-1.,0.));
#3905=DIRECTION('ref_axis',(0.,0.,-1.));
#3906=DIRECTION('',(0.,-1.,0.));
#3907=DIRECTION('center_axis',(0.,1.,0.));
#3908=DIRECTION('ref_axis',(0.,0.,1.));
#3909=DIRECTION('',(0.,-1.,0.));
#3910=DIRECTION('center_axis',(-3.87215061601966E-16,0.,1.));
#3911=DIRECTION('ref_axis',(1.,0.,3.87215061601966E-16));
#3912=DIRECTION('',(-1.,0.,-3.87215061601966E-16));
#3913=DIRECTION('center_axis',(0.,0.,-1.));
#3914=DIRECTION('ref_axis',(-1.,0.,0.));
#3915=DIRECTION('',(1.,0.,0.));
#3916=DIRECTION('center_axis',(0.,1.,0.));
#3917=DIRECTION('ref_axis',(0.,0.,1.));
#3918=DIRECTION('center_axis',(0.,-1.,0.));
#3919=DIRECTION('ref_axis',(0.,0.,-1.));
#3920=DIRECTION('',(0.,-1.,0.));
#3921=DIRECTION('center_axis',(0.,1.,0.));
#3922=DIRECTION('ref_axis',(0.,0.,1.));
#3923=DIRECTION('',(0.,-1.,0.));
#3924=DIRECTION('center_axis',(3.87215061601966E-16,0.,1.));
#3925=DIRECTION('ref_axis',(1.,0.,-3.87215061601966E-16));
#3926=DIRECTION('',(-1.,0.,3.87215061601966E-16));
#3927=DIRECTION('center_axis',(0.,0.,-1.));
#3928=DIRECTION('ref_axis',(-1.,0.,0.));
#3929=DIRECTION('',(1.,0.,0.));
#3930=DIRECTION('center_axis',(0.,1.,0.));
#3931=DIRECTION('ref_axis',(0.,0.,1.));
#3932=DIRECTION('center_axis',(6.57092225748791E-17,0.,-1.));
#3933=DIRECTION('ref_axis',(-1.,0.,-6.57092225748791E-17));
#3934=DIRECTION('',(1.,0.,6.57092225748791E-17));
#3935=DIRECTION('',(0.,-1.,0.));
#3936=DIRECTION('',(0.,-1.,0.));
#3937=DIRECTION('center_axis',(1.,0.,0.));
#3938=DIRECTION('ref_axis',(0.,0.,-1.));
#3939=DIRECTION('',(0.,-1.,0.));
#3940=DIRECTION('',(0.,0.,1.));
#3941=DIRECTION('center_axis',(0.,0.,1.));
#3942=DIRECTION('ref_axis',(1.,0.,0.));
#3943=DIRECTION('',(0.,-1.,0.));
#3944=DIRECTION('',(-1.,0.,0.));
#3945=DIRECTION('center_axis',(-1.,0.,0.));
#3946=DIRECTION('ref_axis',(0.,0.,1.));
#3947=DIRECTION('',(0.,1.,0.));
#3948=DIRECTION('',(0.,0.,-1.));
#3949=DIRECTION('center_axis',(0.,1.,0.));
#3950=DIRECTION('ref_axis',(0.,0.,1.));
#3951=DIRECTION('',(0.707106781186552,0.,-0.707106781186543));
#3952=DIRECTION('center_axis',(0.,-1.,0.));
#3953=DIRECTION('ref_axis',(1.22464679914735E-16,0.,1.));
#3954=DIRECTION('',(0.,-1.,0.));
#3955=DIRECTION('center_axis',(0.,1.,0.));
#3956=DIRECTION('ref_axis',(0.,0.,1.));
#3957=DIRECTION('',(0.,-1.,0.));
#3958=DIRECTION('center_axis',(1.,0.,0.));
#3959=DIRECTION('ref_axis',(0.,0.,-1.));
#3960=DIRECTION('',(0.,0.,1.));
#3961=DIRECTION('center_axis',(-1.,0.,0.));
#3962=DIRECTION('ref_axis',(0.,0.,1.));
#3963=DIRECTION('',(0.,0.,-1.));
#3964=DIRECTION('center_axis',(0.,1.,0.));
#3965=DIRECTION('ref_axis',(0.,0.,1.));
#3966=DIRECTION('center_axis',(0.,-1.,0.));
#3967=DIRECTION('ref_axis',(1.22464679914735E-16,0.,1.));
#3968=DIRECTION('',(0.,-1.,0.));
#3969=DIRECTION('center_axis',(0.,1.,0.));
#3970=DIRECTION('ref_axis',(0.,0.,1.));
#3971=DIRECTION('',(0.,-1.,0.));
#3972=DIRECTION('center_axis',(1.,0.,0.));
#3973=DIRECTION('ref_axis',(0.,0.,-1.));
#3974=DIRECTION('',(0.,0.,1.));
#3975=DIRECTION('center_axis',(-1.,0.,0.));
#3976=DIRECTION('ref_axis',(0.,0.,1.));
#3977=DIRECTION('',(0.,0.,-1.));
#3978=DIRECTION('center_axis',(0.,1.,0.));
#3979=DIRECTION('ref_axis',(0.,0.,1.));
#3980=DIRECTION('center_axis',(0.,-1.,0.));
#3981=DIRECTION('ref_axis',(1.22464679914735E-16,0.,1.));
#3982=DIRECTION('',(0.,-1.,0.));
#3983=DIRECTION('center_axis',(0.,1.,0.));
#3984=DIRECTION('ref_axis',(0.,0.,1.));
#3985=DIRECTION('',(0.,-1.,0.));
#3986=DIRECTION('center_axis',(1.,0.,0.));
#3987=DIRECTION('ref_axis',(0.,0.,-1.));
#3988=DIRECTION('',(0.,0.,1.));
#3989=DIRECTION('center_axis',(-1.,0.,0.));
#3990=DIRECTION('ref_axis',(0.,0.,1.));
#3991=DIRECTION('',(0.,0.,-1.));
#3992=DIRECTION('center_axis',(0.,1.,0.));
#3993=DIRECTION('ref_axis',(0.,0.,1.));
#3994=DIRECTION('center_axis',(-1.,0.,1.1616451848059E-15));
#3995=DIRECTION('ref_axis',(1.1616451848059E-15,0.,1.));
#3996=DIRECTION('',(-1.1616451848059E-15,0.,-1.));
#3997=DIRECTION('center_axis',(1.,0.,0.));
#3998=DIRECTION('ref_axis',(0.,0.,-1.));
#3999=DIRECTION('',(0.,0.,1.));
#4000=DIRECTION('center_axis',(0.,1.,0.));
#4001=DIRECTION('ref_axis',(0.,0.,1.));
#4002=DIRECTION('center_axis',(-1.,0.,1.1616451848059E-15));
#4003=DIRECTION('ref_axis',(1.1616451848059E-15,0.,1.));
#4004=DIRECTION('',(-1.1616451848059E-15,0.,-1.));
#4005=DIRECTION('center_axis',(1.,0.,0.));
#4006=DIRECTION('ref_axis',(0.,0.,-1.));
#4007=DIRECTION('',(0.,0.,1.));
#4008=DIRECTION('center_axis',(0.,1.,0.));
#4009=DIRECTION('ref_axis',(0.,0.,1.));
#4010=DIRECTION('center_axis',(-1.,0.,1.1616451848059E-15));
#4011=DIRECTION('ref_axis',(1.1616451848059E-15,0.,1.));
#4012=DIRECTION('',(-1.1616451848059E-15,0.,-1.));
#4013=DIRECTION('center_axis',(1.,0.,0.));
#4014=DIRECTION('ref_axis',(0.,0.,-1.));
#4015=DIRECTION('',(0.,0.,1.));
#4016=DIRECTION('center_axis',(0.,1.,0.));
#4017=DIRECTION('ref_axis',(0.,0.,1.));
#4018=DIRECTION('center_axis',(0.,-1.,0.));
#4019=DIRECTION('ref_axis',(0.,0.,-1.));
#4020=DIRECTION('',(0.,-1.,0.));
#4021=DIRECTION('center_axis',(0.,1.,0.));
#4022=DIRECTION('ref_axis',(0.,0.,1.));
#4023=DIRECTION('',(0.,-1.,0.));
#4024=DIRECTION('center_axis',(-3.87215061601966E-16,0.,1.));
#4025=DIRECTION('ref_axis',(1.,0.,3.87215061601966E-16));
#4026=DIRECTION('',(-1.,0.,-3.87215061601966E-16));
#4027=DIRECTION('center_axis',(0.,0.,-1.));
#4028=DIRECTION('ref_axis',(-1.,0.,0.));
#4029=DIRECTION('',(1.,0.,0.));
#4030=DIRECTION('center_axis',(0.,1.,0.));
#4031=DIRECTION('ref_axis',(0.,0.,1.));
#4032=DIRECTION('center_axis',(0.,-1.,0.));
#4033=DIRECTION('ref_axis',(0.,0.,-1.));
#4034=DIRECTION('',(0.,-1.,0.));
#4035=DIRECTION('center_axis',(0.,1.,0.));
#4036=DIRECTION('ref_axis',(0.,0.,1.));
#4037=DIRECTION('',(0.,-1.,0.));
#4038=DIRECTION('center_axis',(-3.87215061601966E-16,0.,1.));
#4039=DIRECTION('ref_axis',(1.,0.,3.87215061601966E-16));
#4040=DIRECTION('',(-1.,0.,-3.87215061601966E-16));
#4041=DIRECTION('center_axis',(0.,0.,-1.));
#4042=DIRECTION('ref_axis',(-1.,0.,0.));
#4043=DIRECTION('',(1.,0.,0.));
#4044=DIRECTION('center_axis',(0.,1.,0.));
#4045=DIRECTION('ref_axis',(0.,0.,1.));
#4046=DIRECTION('center_axis',(0.,-1.,0.));
#4047=DIRECTION('ref_axis',(0.,0.,-1.));
#4048=DIRECTION('',(0.,-1.,0.));
#4049=DIRECTION('center_axis',(0.,1.,0.));
#4050=DIRECTION('ref_axis',(0.,0.,1.));
#4051=DIRECTION('',(0.,-1.,0.));
#4052=DIRECTION('center_axis',(-3.87215061601966E-16,0.,1.));
#4053=DIRECTION('ref_axis',(1.,0.,3.87215061601966E-16));
#4054=DIRECTION('',(-1.,0.,-3.87215061601966E-16));
#4055=DIRECTION('center_axis',(0.,0.,-1.));
#4056=DIRECTION('ref_axis',(-1.,0.,0.));
#4057=DIRECTION('',(1.,0.,0.));
#4058=DIRECTION('center_axis',(0.,1.,0.));
#4059=DIRECTION('ref_axis',(0.,0.,1.));
#4060=DIRECTION('center_axis',(0.,-1.,0.));
#4061=DIRECTION('ref_axis',(0.,0.,-1.));
#4062=DIRECTION('',(0.,-1.,0.));
#4063=DIRECTION('center_axis',(0.,1.,0.));
#4064=DIRECTION('ref_axis',(0.,0.,1.));
#4065=DIRECTION('',(0.,-1.,0.));
#4066=DIRECTION('center_axis',(3.87215061601966E-16,0.,1.));
#4067=DIRECTION('ref_axis',(1.,0.,-3.87215061601966E-16));
#4068=DIRECTION('',(-1.,0.,3.87215061601966E-16));
#4069=DIRECTION('center_axis',(0.,0.,-1.));
#4070=DIRECTION('ref_axis',(-1.,0.,0.));
#4071=DIRECTION('',(1.,0.,0.));
#4072=DIRECTION('center_axis',(0.,1.,0.));
#4073=DIRECTION('ref_axis',(0.,0.,1.));
#4074=DIRECTION('center_axis',(0.,-1.,0.));
#4075=DIRECTION('ref_axis',(0.,0.,-1.));
#4076=DIRECTION('',(0.,-1.,0.));
#4077=DIRECTION('center_axis',(0.,1.,0.));
#4078=DIRECTION('ref_axis',(0.,0.,1.));
#4079=DIRECTION('',(0.,-1.,0.));
#4080=DIRECTION('center_axis',(3.87215061601966E-16,0.,1.));
#4081=DIRECTION('ref_axis',(1.,0.,-3.87215061601966E-16));
#4082=DIRECTION('',(-1.,0.,3.87215061601966E-16));
#4083=DIRECTION('center_axis',(0.,0.,-1.));
#4084=DIRECTION('ref_axis',(-1.,0.,0.));
#4085=DIRECTION('',(1.,0.,0.));
#4086=DIRECTION('center_axis',(0.,1.,0.));
#4087=DIRECTION('ref_axis',(0.,0.,1.));
#4088=DIRECTION('center_axis',(0.,-1.,0.));
#4089=DIRECTION('ref_axis',(0.,0.,-1.));
#4090=DIRECTION('',(0.,-1.,0.));
#4091=DIRECTION('center_axis',(0.,1.,0.));
#4092=DIRECTION('ref_axis',(0.,0.,1.));
#4093=DIRECTION('',(0.,-1.,0.));
#4094=DIRECTION('center_axis',(3.87215061601966E-16,0.,1.));
#4095=DIRECTION('ref_axis',(1.,0.,-3.87215061601966E-16));
#4096=DIRECTION('',(-1.,0.,3.87215061601966E-16));
#4097=DIRECTION('center_axis',(0.,0.,-1.));
#4098=DIRECTION('ref_axis',(-1.,0.,0.));
#4099=DIRECTION('',(1.,0.,0.));
#4100=DIRECTION('center_axis',(0.,1.,0.));
#4101=DIRECTION('ref_axis',(0.,0.,1.));
#4102=DIRECTION('center_axis',(0.,1.,0.));
#4103=DIRECTION('ref_axis',(0.,0.,1.));
#4104=DIRECTION('center_axis',(0.707106781186543,0.,0.707106781186552));
#4105=DIRECTION('ref_axis',(0.,1.,0.));
#4106=DIRECTION('center_axis',(0.,-1.,0.));
#4107=DIRECTION('ref_axis',(0.,0.,-1.));
#4108=DIRECTION('center_axis',(0.,1.,0.));
#4109=DIRECTION('ref_axis',(0.,0.,1.));
#4110=DIRECTION('',(0.,1.,0.));
#4111=DIRECTION('center_axis',(0.,1.,0.));
#4112=DIRECTION('ref_axis',(0.,0.,1.));
#4113=DIRECTION('center_axis',(0.,1.,0.));
#4114=DIRECTION('ref_axis',(0.,0.,1.));
#4115=DIRECTION('center_axis',(0.,1.,0.));
#4116=DIRECTION('ref_axis',(0.,0.,1.));
#4117=DIRECTION('center_axis',(1.,0.,0.));
#4118=DIRECTION('ref_axis',(0.,0.,-1.));
#4119=DIRECTION('',(0.,0.,1.));
#4120=DIRECTION('',(0.,-1.,0.));
#4121=DIRECTION('',(0.,0.,1.));
#4122=DIRECTION('',(0.,-1.,0.));
#4123=DIRECTION('center_axis',(0.,-1.,0.));
#4124=DIRECTION('ref_axis',(1.22464679914735E-16,0.,1.));
#4125=DIRECTION('center_axis',(0.,1.,0.));
#4126=DIRECTION('ref_axis',(0.,0.,1.));
#4127=DIRECTION('center_axis',(0.,1.,0.));
#4128=DIRECTION('ref_axis',(0.,0.,1.));
#4129=DIRECTION('',(0.,-1.,0.));
#4130=DIRECTION('center_axis',(-1.,0.,0.));
#4131=DIRECTION('ref_axis',(0.,0.,1.));
#4132=DIRECTION('',(0.,0.,-1.));
#4133=DIRECTION('',(0.,0.,-1.));
#4134=DIRECTION('',(0.,-1.,0.));
#4135=DIRECTION('center_axis',(-9.03501810404588E-16,0.,1.));
#4136=DIRECTION('ref_axis',(1.,0.,9.03501810404588E-16));
#4137=DIRECTION('',(-1.,0.,-9.03501810404588E-16));
#4138=DIRECTION('',(-1.,0.,-9.03501810404588E-16));
#4139=DIRECTION('center_axis',(0.,1.,0.));
#4140=DIRECTION('ref_axis',(0.,0.,1.));
#4141=DIRECTION('center_axis',(0.,1.,0.));
#4142=DIRECTION('ref_axis',(0.,0.,1.));
#4143=DIRECTION('center_axis',(0.,-1.,0.));
#4144=DIRECTION('ref_axis',(0.,0.,-1.));
#4145=DIRECTION('center_axis',(0.,1.,0.));
#4146=DIRECTION('ref_axis',(0.,0.,1.));
#4147=DIRECTION('',(0.,-1.,0.));
#4148=DIRECTION('center_axis',(0.,1.,0.));
#4149=DIRECTION('ref_axis',(0.,0.,1.));
#4150=DIRECTION('',(0.,-1.,0.));
#4151=DIRECTION('center_axis',(-1.,0.,1.1616451848059E-15));
#4152=DIRECTION('ref_axis',(1.1616451848059E-15,0.,1.));
#4153=DIRECTION('',(-1.1616451848059E-15,0.,-1.));
#4154=DIRECTION('',(0.,-1.,0.));
#4155=DIRECTION('',(-1.1616451848059E-15,0.,-1.));
#4156=DIRECTION('center_axis',(1.,0.,0.));
#4157=DIRECTION('ref_axis',(0.,0.,-1.));
#4158=DIRECTION('',(0.,0.,1.));
#4159=DIRECTION('',(0.,0.,1.));
#4160=DIRECTION('',(0.,-1.,0.));
#4161=DIRECTION('center_axis',(-9.03501810404588E-16,0.,-1.));
#4162=DIRECTION('ref_axis',(-1.,0.,9.03501810404588E-16));
#4163=DIRECTION('',(1.,0.,-9.03501810404588E-16));
#4164=DIRECTION('',(1.,0.,-9.03501810404588E-16));
#4165=DIRECTION('center_axis',(0.,1.,0.));
#4166=DIRECTION('ref_axis',(0.,0.,1.));
#4167=DIRECTION('center_axis',(0.,1.,0.));
#4168=DIRECTION('ref_axis',(0.,0.,1.));
#4169=DIRECTION('center_axis',(1.,0.,0.));
#4170=DIRECTION('ref_axis',(0.,0.,-1.));
#4171=DIRECTION('',(0.,0.,1.));
#4172=DIRECTION('',(0.,-1.,0.));
#4173=DIRECTION('',(0.,0.,1.));
#4174=DIRECTION('',(0.,-1.,0.));
#4175=DIRECTION('center_axis',(0.,-1.,0.));
#4176=DIRECTION('ref_axis',(1.22464679914735E-16,0.,1.));
#4177=DIRECTION('center_axis',(0.,1.,0.));
#4178=DIRECTION('ref_axis',(0.,0.,1.));
#4179=DIRECTION('center_axis',(0.,1.,0.));
#4180=DIRECTION('ref_axis',(0.,0.,1.));
#4181=DIRECTION('',(0.,-1.,0.));
#4182=DIRECTION('center_axis',(-1.,0.,0.));
#4183=DIRECTION('ref_axis',(0.,0.,1.));
#4184=DIRECTION('',(0.,0.,-1.));
#4185=DIRECTION('',(0.,0.,-1.));
#4186=DIRECTION('',(0.,-1.,0.));
#4187=DIRECTION('center_axis',(-9.03501810404588E-16,0.,1.));
#4188=DIRECTION('ref_axis',(1.,0.,9.03501810404588E-16));
#4189=DIRECTION('',(-1.,0.,-9.03501810404588E-16));
#4190=DIRECTION('',(-1.,0.,-9.03501810404588E-16));
#4191=DIRECTION('center_axis',(0.,1.,0.));
#4192=DIRECTION('ref_axis',(0.,0.,1.));
#4193=DIRECTION('center_axis',(0.,1.,0.));
#4194=DIRECTION('ref_axis',(0.,0.,1.));
#4195=DIRECTION('center_axis',(0.,-1.,0.));
#4196=DIRECTION('ref_axis',(0.,0.,-1.));
#4197=DIRECTION('center_axis',(0.,1.,0.));
#4198=DIRECTION('ref_axis',(0.,0.,1.));
#4199=DIRECTION('',(0.,-1.,0.));
#4200=DIRECTION('center_axis',(0.,1.,0.));
#4201=DIRECTION('ref_axis',(0.,0.,1.));
#4202=DIRECTION('',(0.,-1.,0.));
#4203=DIRECTION('center_axis',(-1.,0.,1.1616451848059E-15));
#4204=DIRECTION('ref_axis',(1.1616451848059E-15,0.,1.));
#4205=DIRECTION('',(-1.1616451848059E-15,0.,-1.));
#4206=DIRECTION('',(0.,-1.,0.));
#4207=DIRECTION('',(-1.1616451848059E-15,0.,-1.));
#4208=DIRECTION('center_axis',(1.,0.,0.));
#4209=DIRECTION('ref_axis',(0.,0.,-1.));
#4210=DIRECTION('',(0.,0.,1.));
#4211=DIRECTION('',(0.,0.,1.));
#4212=DIRECTION('',(0.,-1.,0.));
#4213=DIRECTION('center_axis',(-9.03501810404588E-16,0.,-1.));
#4214=DIRECTION('ref_axis',(-1.,0.,9.03501810404588E-16));
#4215=DIRECTION('',(1.,0.,-9.03501810404588E-16));
#4216=DIRECTION('',(1.,0.,-9.03501810404588E-16));
#4217=DIRECTION('center_axis',(0.,1.,0.));
#4218=DIRECTION('ref_axis',(0.,0.,1.));
#4219=DIRECTION('center_axis',(0.,1.,0.));
#4220=DIRECTION('ref_axis',(0.,0.,1.));
#4221=DIRECTION('center_axis',(1.,0.,0.));
#4222=DIRECTION('ref_axis',(0.,0.,-1.));
#4223=DIRECTION('',(0.,0.,1.));
#4224=DIRECTION('',(0.,-1.,0.));
#4225=DIRECTION('',(0.,0.,1.));
#4226=DIRECTION('',(0.,-1.,0.));
#4227=DIRECTION('center_axis',(0.,-1.,0.));
#4228=DIRECTION('ref_axis',(1.22464679914735E-16,0.,1.));
#4229=DIRECTION('center_axis',(0.,1.,0.));
#4230=DIRECTION('ref_axis',(0.,0.,1.));
#4231=DIRECTION('center_axis',(0.,1.,0.));
#4232=DIRECTION('ref_axis',(0.,0.,1.));
#4233=DIRECTION('',(0.,-1.,0.));
#4234=DIRECTION('center_axis',(-1.,0.,0.));
#4235=DIRECTION('ref_axis',(0.,0.,1.));
#4236=DIRECTION('',(0.,0.,-1.));
#4237=DIRECTION('',(0.,0.,-1.));
#4238=DIRECTION('',(0.,-1.,0.));
#4239=DIRECTION('center_axis',(-9.03501810404588E-16,0.,1.));
#4240=DIRECTION('ref_axis',(1.,0.,9.03501810404588E-16));
#4241=DIRECTION('',(-1.,0.,-9.03501810404588E-16));
#4242=DIRECTION('',(-1.,0.,-9.03501810404588E-16));
#4243=DIRECTION('center_axis',(0.,1.,0.));
#4244=DIRECTION('ref_axis',(0.,0.,1.));
#4245=DIRECTION('center_axis',(0.,1.,0.));
#4246=DIRECTION('ref_axis',(0.,0.,1.));
#4247=DIRECTION('center_axis',(0.,-1.,0.));
#4248=DIRECTION('ref_axis',(0.,0.,-1.));
#4249=DIRECTION('center_axis',(0.,1.,0.));
#4250=DIRECTION('ref_axis',(0.,0.,1.));
#4251=DIRECTION('',(0.,-1.,0.));
#4252=DIRECTION('center_axis',(0.,1.,0.));
#4253=DIRECTION('ref_axis',(0.,0.,1.));
#4254=DIRECTION('',(0.,-1.,0.));
#4255=DIRECTION('center_axis',(-1.,0.,1.1616451848059E-15));
#4256=DIRECTION('ref_axis',(1.1616451848059E-15,0.,1.));
#4257=DIRECTION('',(-1.1616451848059E-15,0.,-1.));
#4258=DIRECTION('',(0.,-1.,0.));
#4259=DIRECTION('',(-1.1616451848059E-15,0.,-1.));
#4260=DIRECTION('center_axis',(1.,0.,0.));
#4261=DIRECTION('ref_axis',(0.,0.,-1.));
#4262=DIRECTION('',(0.,0.,1.));
#4263=DIRECTION('',(0.,0.,1.));
#4264=DIRECTION('',(0.,-1.,0.));
#4265=DIRECTION('center_axis',(-9.03501810404588E-16,0.,-1.));
#4266=DIRECTION('ref_axis',(-1.,0.,9.03501810404588E-16));
#4267=DIRECTION('',(1.,0.,-9.03501810404588E-16));
#4268=DIRECTION('',(1.,0.,-9.03501810404588E-16));
#4269=DIRECTION('center_axis',(0.,1.,0.));
#4270=DIRECTION('ref_axis',(0.,0.,1.));
#4271=DIRECTION('center_axis',(0.,1.,0.));
#4272=DIRECTION('ref_axis',(0.,0.,1.));
#4273=DIRECTION('center_axis',(1.,0.,0.));
#4274=DIRECTION('ref_axis',(0.,0.,-1.));
#4275=DIRECTION('',(0.,0.,1.));
#4276=DIRECTION('',(0.,-1.,0.));
#4277=DIRECTION('',(0.,0.,1.));
#4278=DIRECTION('',(0.,-1.,0.));
#4279=DIRECTION('center_axis',(0.,-1.,0.));
#4280=DIRECTION('ref_axis',(1.22464679914735E-16,0.,1.));
#4281=DIRECTION('center_axis',(0.,1.,0.));
#4282=DIRECTION('ref_axis',(0.,0.,1.));
#4283=DIRECTION('center_axis',(0.,1.,0.));
#4284=DIRECTION('ref_axis',(0.,0.,1.));
#4285=DIRECTION('',(0.,-1.,0.));
#4286=DIRECTION('center_axis',(-1.,0.,0.));
#4287=DIRECTION('ref_axis',(0.,0.,1.));
#4288=DIRECTION('',(0.,0.,-1.));
#4289=DIRECTION('',(0.,0.,-1.));
#4290=DIRECTION('',(0.,-1.,0.));
#4291=DIRECTION('center_axis',(-9.03501810404588E-16,0.,1.));
#4292=DIRECTION('ref_axis',(1.,0.,9.03501810404588E-16));
#4293=DIRECTION('',(-1.,0.,-9.03501810404588E-16));
#4294=DIRECTION('',(-1.,0.,-9.03501810404588E-16));
#4295=DIRECTION('center_axis',(0.,1.,0.));
#4296=DIRECTION('ref_axis',(0.,0.,1.));
#4297=DIRECTION('center_axis',(0.,1.,0.));
#4298=DIRECTION('ref_axis',(0.,0.,1.));
#4299=DIRECTION('center_axis',(0.,-1.,0.));
#4300=DIRECTION('ref_axis',(0.,0.,-1.));
#4301=DIRECTION('center_axis',(0.,1.,0.));
#4302=DIRECTION('ref_axis',(0.,0.,1.));
#4303=DIRECTION('',(0.,-1.,0.));
#4304=DIRECTION('center_axis',(0.,1.,0.));
#4305=DIRECTION('ref_axis',(0.,0.,1.));
#4306=DIRECTION('',(0.,-1.,0.));
#4307=DIRECTION('center_axis',(-1.,0.,1.1616451848059E-15));
#4308=DIRECTION('ref_axis',(1.1616451848059E-15,0.,1.));
#4309=DIRECTION('',(-1.1616451848059E-15,0.,-1.));
#4310=DIRECTION('',(0.,-1.,0.));
#4311=DIRECTION('',(-1.1616451848059E-15,0.,-1.));
#4312=DIRECTION('center_axis',(1.,0.,0.));
#4313=DIRECTION('ref_axis',(0.,0.,-1.));
#4314=DIRECTION('',(0.,0.,1.));
#4315=DIRECTION('',(0.,0.,1.));
#4316=DIRECTION('',(0.,-1.,0.));
#4317=DIRECTION('center_axis',(-9.03501810404588E-16,0.,-1.));
#4318=DIRECTION('ref_axis',(-1.,0.,9.03501810404588E-16));
#4319=DIRECTION('',(1.,0.,-9.03501810404588E-16));
#4320=DIRECTION('',(1.,0.,-9.03501810404588E-16));
#4321=DIRECTION('center_axis',(0.,1.,0.));
#4322=DIRECTION('ref_axis',(0.,0.,1.));
#4323=DIRECTION('center_axis',(0.,1.,0.));
#4324=DIRECTION('ref_axis',(0.,0.,1.));
#4325=CARTESIAN_POINT('',(0.,0.,0.));
#4326=CARTESIAN_POINT('Origin',(-1.5,0.666476151587624,-0.87));
#4327=CARTESIAN_POINT('',(-1.22,0.2,-0.87));
#4328=CARTESIAN_POINT('',(-1.5,0.2,-0.87));
#4329=CARTESIAN_POINT('',(-1.5,0.2,-0.87));
#4330=CARTESIAN_POINT('',(-1.22,0.,-0.87));
#4331=CARTESIAN_POINT('',(-1.22,0.666476151587624,-0.87));
#4332=CARTESIAN_POINT('',(-1.5,0.,-0.87));
#4333=CARTESIAN_POINT('',(-1.5,0.,-0.87));
#4334=CARTESIAN_POINT('',(-1.5,0.666476151587624,-0.87));
#4335=CARTESIAN_POINT('Origin',(-1.5,0.666476151587624,-0.63));
#4336=CARTESIAN_POINT('',(-1.5,0.2,-0.63));
#4337=CARTESIAN_POINT('',(-1.5,0.2,-0.63));
#4338=CARTESIAN_POINT('',(-1.5,0.,-0.63));
#4339=CARTESIAN_POINT('',(-1.5,0.,-0.63));
#4340=CARTESIAN_POINT('',(-1.5,0.666476151587624,-0.63));
#4341=CARTESIAN_POINT('Origin',(-1.5,0.666476151587624,-0.63));
#4342=CARTESIAN_POINT('',(-1.22,0.2,-0.63));
#4343=CARTESIAN_POINT('',(-1.5,0.2,-0.63));
#4344=CARTESIAN_POINT('',(-1.22,0.,-0.63));
#4345=CARTESIAN_POINT('',(-1.5,0.,-0.63));
#4346=CARTESIAN_POINT('',(-1.22,0.666476151587624,-0.63));
#4347=CARTESIAN_POINT('Origin',(-1.22,0.666476151587624,-0.75));
#4348=CARTESIAN_POINT('Origin',(-1.22,0.2,-0.75));
#4349=CARTESIAN_POINT('Origin',(-1.22,0.,-0.75));
#4350=CARTESIAN_POINT('Origin',(-1.22,0.,-0.75));
#4351=CARTESIAN_POINT('Origin',(-0.75,0.2,-1.22));
#4352=CARTESIAN_POINT('Origin',(1.22,0.666476151587624,-0.87));
#4353=CARTESIAN_POINT('',(1.5,0.2,-0.87));
#4354=CARTESIAN_POINT('',(1.22,0.2,-0.87));
#4355=CARTESIAN_POINT('',(1.22,0.2,-0.87));
#4356=CARTESIAN_POINT('',(1.5,0.,-0.87));
#4357=CARTESIAN_POINT('',(1.5,0.666476151587624,-0.87));
#4358=CARTESIAN_POINT('',(1.22,0.,-0.87));
#4359=CARTESIAN_POINT('',(1.22,0.,-0.87));
#4360=CARTESIAN_POINT('',(1.22,0.666476151587624,-0.87));
#4361=CARTESIAN_POINT('Origin',(1.22,0.666476151587624,-0.75));
#4362=CARTESIAN_POINT('',(1.22,0.2,-0.63));
#4363=CARTESIAN_POINT('Origin',(1.22,0.2,-0.75));
#4364=CARTESIAN_POINT('',(1.22,0.,-0.63));
#4365=CARTESIAN_POINT('Origin',(1.22,0.,-0.75));
#4366=CARTESIAN_POINT('',(1.22,0.666476151587624,-0.63));
#4367=CARTESIAN_POINT('Origin',(1.22,0.666476151587624,-0.63));
#4368=CARTESIAN_POINT('',(1.5,0.2,-0.63));
#4369=CARTESIAN_POINT('',(1.22,0.2,-0.63));
#4370=CARTESIAN_POINT('',(1.5,0.,-0.63));
#4371=CARTESIAN_POINT('',(1.22,0.,-0.63));
#4372=CARTESIAN_POINT('',(1.5,0.666476151587624,-0.63));
#4373=CARTESIAN_POINT('Origin',(1.5,0.666476151587624,-0.63));
#4374=CARTESIAN_POINT('',(1.5,0.2,-0.63));
#4375=CARTESIAN_POINT('',(1.5,0.,-0.63));
#4376=CARTESIAN_POINT('Origin',(1.22,0.,-0.75));
#4377=CARTESIAN_POINT('Origin',(-0.75,0.2,-1.22));
#4378=CARTESIAN_POINT('Origin',(-1.5,0.666476151587624,-0.37));
#4379=CARTESIAN_POINT('',(-1.22,0.2,-0.369999999999999));
#4380=CARTESIAN_POINT('',(-1.5,0.2,-0.37));
#4381=CARTESIAN_POINT('',(-1.5,0.2,-0.37));
#4382=CARTESIAN_POINT('',(-1.22,0.,-0.369999999999999));
#4383=CARTESIAN_POINT('',(-1.22,0.666476151587624,-0.369999999999999));
#4384=CARTESIAN_POINT('',(-1.5,0.,-0.37));
#4385=CARTESIAN_POINT('',(-1.5,0.,-0.37));
#4386=CARTESIAN_POINT('',(-1.5,0.666476151587624,-0.37));
#4387=CARTESIAN_POINT('Origin',(-1.5,0.666476151587624,-0.13));
#4388=CARTESIAN_POINT('',(-1.5,0.2,-0.13));
#4389=CARTESIAN_POINT('',(-1.5,0.2,-0.13));
#4390=CARTESIAN_POINT('',(-1.5,0.,-0.13));
#4391=CARTESIAN_POINT('',(-1.5,0.,-0.13));
#4392=CARTESIAN_POINT('',(-1.5,0.666476151587624,-0.13));
#4393=CARTESIAN_POINT('Origin',(-1.5,0.666476151587624,-0.13));
#4394=CARTESIAN_POINT('',(-1.22,0.2,-0.13));
#4395=CARTESIAN_POINT('',(-1.5,0.2,-0.13));
#4396=CARTESIAN_POINT('',(-1.22,0.,-0.13));
#4397=CARTESIAN_POINT('',(-1.5,0.,-0.13));
#4398=CARTESIAN_POINT('',(-1.22,0.666476151587624,-0.13));
#4399=CARTESIAN_POINT('Origin',(-1.22,0.666476151587624,-0.25));
#4400=CARTESIAN_POINT('Origin',(-1.22,0.2,-0.25));
#4401=CARTESIAN_POINT('Origin',(-1.22,0.,-0.25));
#4402=CARTESIAN_POINT('Origin',(-1.22,0.,-0.25));
#4403=CARTESIAN_POINT('Origin',(-0.75,0.2,-1.22));
#4404=CARTESIAN_POINT('Origin',(1.22,0.666476151587624,-0.37));
#4405=CARTESIAN_POINT('',(1.5,0.2,-0.37));
#4406=CARTESIAN_POINT('',(1.22,0.2,-0.37));
#4407=CARTESIAN_POINT('',(1.22,0.2,-0.37));
#4408=CARTESIAN_POINT('',(1.5,0.,-0.37));
#4409=CARTESIAN_POINT('',(1.5,0.666476151587624,-0.37));
#4410=CARTESIAN_POINT('',(1.22,0.,-0.37));
#4411=CARTESIAN_POINT('',(1.22,0.,-0.37));
#4412=CARTESIAN_POINT('',(1.22,0.666476151587624,-0.37));
#4413=CARTESIAN_POINT('Origin',(1.22,0.666476151587624,-0.25));
#4414=CARTESIAN_POINT('',(1.22,0.2,-0.13));
#4415=CARTESIAN_POINT('Origin',(1.22,0.2,-0.25));
#4416=CARTESIAN_POINT('',(1.22,0.,-0.13));
#4417=CARTESIAN_POINT('Origin',(1.22,0.,-0.25));
#4418=CARTESIAN_POINT('',(1.22,0.666476151587624,-0.13));
#4419=CARTESIAN_POINT('Origin',(1.22,0.666476151587624,-0.13));
#4420=CARTESIAN_POINT('',(1.5,0.2,-0.13));
#4421=CARTESIAN_POINT('',(1.22,0.2,-0.13));
#4422=CARTESIAN_POINT('',(1.5,0.,-0.13));
#4423=CARTESIAN_POINT('',(1.22,0.,-0.13));
#4424=CARTESIAN_POINT('',(1.5,0.666476151587624,-0.13));
#4425=CARTESIAN_POINT('Origin',(1.5,0.666476151587624,-0.13));
#4426=CARTESIAN_POINT('',(1.5,0.2,-0.13));
#4427=CARTESIAN_POINT('',(1.5,0.,-0.13));
#4428=CARTESIAN_POINT('Origin',(1.22,0.,-0.25));
#4429=CARTESIAN_POINT('Origin',(-0.75,0.2,-1.22));
#4430=CARTESIAN_POINT('Origin',(-1.5,0.666476151587624,0.13));
#4431=CARTESIAN_POINT('',(-1.22,0.2,0.130000000000001));
#4432=CARTESIAN_POINT('',(-1.5,0.2,0.13));
#4433=CARTESIAN_POINT('',(-1.5,0.2,0.13));
#4434=CARTESIAN_POINT('',(-1.22,0.,0.130000000000001));
#4435=CARTESIAN_POINT('',(-1.22,0.666476151587624,0.130000000000001));
#4436=CARTESIAN_POINT('',(-1.5,0.,0.13));
#4437=CARTESIAN_POINT('',(-1.5,0.,0.13));
#4438=CARTESIAN_POINT('',(-1.5,0.666476151587624,0.13));
#4439=CARTESIAN_POINT('Origin',(-1.5,0.666476151587624,0.37));
#4440=CARTESIAN_POINT('',(-1.5,0.2,0.37));
#4441=CARTESIAN_POINT('',(-1.5,0.2,0.37));
#4442=CARTESIAN_POINT('',(-1.5,0.,0.37));
#4443=CARTESIAN_POINT('',(-1.5,0.,0.37));
#4444=CARTESIAN_POINT('',(-1.5,0.666476151587624,0.37));
#4445=CARTESIAN_POINT('Origin',(-1.5,0.666476151587624,0.37));
#4446=CARTESIAN_POINT('',(-1.22,0.2,0.37));
#4447=CARTESIAN_POINT('',(-1.5,0.2,0.37));
#4448=CARTESIAN_POINT('',(-1.22,0.,0.37));
#4449=CARTESIAN_POINT('',(-1.5,0.,0.37));
#4450=CARTESIAN_POINT('',(-1.22,0.666476151587624,0.37));
#4451=CARTESIAN_POINT('Origin',(-1.22,0.666476151587624,0.25));
#4452=CARTESIAN_POINT('Origin',(-1.22,0.2,0.25));
#4453=CARTESIAN_POINT('Origin',(-1.22,0.,0.25));
#4454=CARTESIAN_POINT('Origin',(-1.22,0.,0.25));
#4455=CARTESIAN_POINT('Origin',(-0.75,0.2,-1.22));
#4456=CARTESIAN_POINT('Origin',(1.22,0.666476151587624,0.13));
#4457=CARTESIAN_POINT('',(1.5,0.2,0.13));
#4458=CARTESIAN_POINT('',(1.22,0.2,0.13));
#4459=CARTESIAN_POINT('',(1.22,0.2,0.13));
#4460=CARTESIAN_POINT('',(1.5,0.,0.13));
#4461=CARTESIAN_POINT('',(1.5,0.666476151587624,0.13));
#4462=CARTESIAN_POINT('',(1.22,0.,0.13));
#4463=CARTESIAN_POINT('',(1.22,0.,0.13));
#4464=CARTESIAN_POINT('',(1.22,0.666476151587624,0.13));
#4465=CARTESIAN_POINT('Origin',(1.22,0.666476151587624,0.25));
#4466=CARTESIAN_POINT('',(1.22,0.2,0.37));
#4467=CARTESIAN_POINT('Origin',(1.22,0.2,0.25));
#4468=CARTESIAN_POINT('',(1.22,0.,0.37));
#4469=CARTESIAN_POINT('Origin',(1.22,0.,0.25));
#4470=CARTESIAN_POINT('',(1.22,0.666476151587624,0.37));
#4471=CARTESIAN_POINT('Origin',(1.22,0.666476151587624,0.37));
#4472=CARTESIAN_POINT('',(1.5,0.2,0.37));
#4473=CARTESIAN_POINT('',(1.22,0.2,0.37));
#4474=CARTESIAN_POINT('',(1.5,0.,0.37));
#4475=CARTESIAN_POINT('',(1.22,0.,0.37));
#4476=CARTESIAN_POINT('',(1.5,0.666476151587624,0.37));
#4477=CARTESIAN_POINT('Origin',(1.5,0.666476151587624,0.37));
#4478=CARTESIAN_POINT('',(1.5,0.2,0.37));
#4479=CARTESIAN_POINT('',(1.5,0.,0.37));
#4480=CARTESIAN_POINT('Origin',(1.22,0.,0.25));
#4481=CARTESIAN_POINT('Origin',(-0.75,0.2,-1.22));
#4482=CARTESIAN_POINT('Origin',(-1.5,0.666476151587624,0.63));
#4483=CARTESIAN_POINT('',(-1.22,0.2,0.630000000000001));
#4484=CARTESIAN_POINT('',(-1.5,0.2,0.63));
#4485=CARTESIAN_POINT('',(-1.5,0.2,0.63));
#4486=CARTESIAN_POINT('',(-1.22,0.,0.630000000000001));
#4487=CARTESIAN_POINT('',(-1.22,0.666476151587624,0.630000000000001));
#4488=CARTESIAN_POINT('',(-1.5,0.,0.63));
#4489=CARTESIAN_POINT('',(-1.5,0.,0.63));
#4490=CARTESIAN_POINT('',(-1.5,0.666476151587624,0.63));
#4491=CARTESIAN_POINT('Origin',(-1.5,0.666476151587624,0.87));
#4492=CARTESIAN_POINT('',(-1.5,0.2,0.87));
#4493=CARTESIAN_POINT('',(-1.5,0.2,0.87));
#4494=CARTESIAN_POINT('',(-1.5,0.,0.87));
#4495=CARTESIAN_POINT('',(-1.5,0.,0.87));
#4496=CARTESIAN_POINT('',(-1.5,0.666476151587624,0.87));
#4497=CARTESIAN_POINT('Origin',(-1.5,0.666476151587624,0.87));
#4498=CARTESIAN_POINT('',(-1.22,0.2,0.87));
#4499=CARTESIAN_POINT('',(-1.5,0.2,0.87));
#4500=CARTESIAN_POINT('',(-1.22,0.,0.87));
#4501=CARTESIAN_POINT('',(-1.5,0.,0.87));
#4502=CARTESIAN_POINT('',(-1.22,0.666476151587624,0.87));
#4503=CARTESIAN_POINT('Origin',(-1.22,0.666476151587624,0.75));
#4504=CARTESIAN_POINT('Origin',(-1.22,0.2,0.75));
#4505=CARTESIAN_POINT('Origin',(-1.22,0.,0.75));
#4506=CARTESIAN_POINT('Origin',(-1.22,0.,0.75));
#4507=CARTESIAN_POINT('Origin',(-0.75,0.2,-1.22));
#4508=CARTESIAN_POINT('Origin',(1.22,0.666476151587624,0.63));
#4509=CARTESIAN_POINT('',(1.5,0.2,0.63));
#4510=CARTESIAN_POINT('',(1.22,0.2,0.63));
#4511=CARTESIAN_POINT('',(1.22,0.2,0.63));
#4512=CARTESIAN_POINT('',(1.5,0.,0.63));
#4513=CARTESIAN_POINT('',(1.5,0.666476151587624,0.63));
#4514=CARTESIAN_POINT('',(1.22,0.,0.63));
#4515=CARTESIAN_POINT('',(1.22,0.,0.63));
#4516=CARTESIAN_POINT('',(1.22,0.666476151587624,0.63));
#4517=CARTESIAN_POINT('Origin',(1.22,0.666476151587624,0.75));
#4518=CARTESIAN_POINT('',(1.22,0.2,0.87));
#4519=CARTESIAN_POINT('Origin',(1.22,0.2,0.75));
#4520=CARTESIAN_POINT('',(1.22,0.,0.87));
#4521=CARTESIAN_POINT('Origin',(1.22,0.,0.75));
#4522=CARTESIAN_POINT('',(1.22,0.666476151587624,0.87));
#4523=CARTESIAN_POINT('Origin',(1.22,0.666476151587624,0.87));
#4524=CARTESIAN_POINT('',(1.5,0.2,0.87));
#4525=CARTESIAN_POINT('',(1.22,0.2,0.87));
#4526=CARTESIAN_POINT('',(1.5,0.,0.87));
#4527=CARTESIAN_POINT('',(1.22,0.,0.87));
#4528=CARTESIAN_POINT('',(1.5,0.666476151587624,0.87));
#4529=CARTESIAN_POINT('Origin',(1.5,0.666476151587624,0.87));
#4530=CARTESIAN_POINT('',(1.5,0.2,0.87));
#4531=CARTESIAN_POINT('',(1.5,0.,0.87));
#4532=CARTESIAN_POINT('Origin',(1.22,0.,0.75));
#4533=CARTESIAN_POINT('Origin',(-0.75,0.2,-1.22));
#4534=CARTESIAN_POINT('Origin',(-0.749999999999999,0.2,1.22));
#4535=CARTESIAN_POINT('',(-0.524999999999999,0.2,-0.825));
#4536=CARTESIAN_POINT('',(0.825,0.2,-0.825));
#4537=CARTESIAN_POINT('',(0.825,0.2,-0.825));
#4538=CARTESIAN_POINT('',(-0.825,0.2,-0.525000000000001));
#4539=CARTESIAN_POINT('',(-1.66,0.2,0.309999999999996));
#4540=CARTESIAN_POINT('',(-0.825,0.2,0.825));
#4541=CARTESIAN_POINT('',(-0.825,0.2,-0.825));
#4542=CARTESIAN_POINT('',(0.825,0.2,0.825));
#4543=CARTESIAN_POINT('',(0.825,0.2,0.825));
#4544=CARTESIAN_POINT('',(0.825,0.2,-0.825));
#4545=CARTESIAN_POINT('Origin',(0.,0.,0.));
#4546=CARTESIAN_POINT('',(-0.825,0.,0.825));
#4547=CARTESIAN_POINT('',(-0.825,0.,-0.525000000000001));
#4548=CARTESIAN_POINT('',(-0.825,0.,-0.825));
#4549=CARTESIAN_POINT('',(-0.524999999999999,0.,-0.825));
#4550=CARTESIAN_POINT('',(-0.674999999999999,0.,-0.675000000000001));
#4551=CARTESIAN_POINT('',(0.825,0.,-0.825));
#4552=CARTESIAN_POINT('',(0.825,0.,-0.825));
#4553=CARTESIAN_POINT('',(0.825,0.,0.825));
#4554=CARTESIAN_POINT('',(0.825,0.,-0.825));
#4555=CARTESIAN_POINT('',(0.825,0.,0.825));
#4556=CARTESIAN_POINT('Origin',(0.825,2.53345237791561,-0.825));
#4557=CARTESIAN_POINT('',(-0.524999999999999,2.53345237791561,-0.825));
#4558=CARTESIAN_POINT('',(0.825,2.53345237791561,-0.825));
#4559=CARTESIAN_POINT('Origin',(0.825,2.53345237791561,-0.825));
#4560=CARTESIAN_POINT('',(0.825,2.53345237791561,0.825));
#4561=CARTESIAN_POINT('Origin',(0.825,2.53345237791561,0.825));
#4562=CARTESIAN_POINT('',(-0.825,2.53345237791561,0.825));
#4563=CARTESIAN_POINT('Origin',(-0.825,2.53345237791561,-0.825));
#4564=CARTESIAN_POINT('',(-0.825,2.53345237791561,-0.525000000000001));
#4565=CARTESIAN_POINT('Origin',(-0.825,2.53345237791561,-0.525000000000001));
#4566=CARTESIAN_POINT('Origin',(-1.2,0.9,-1.2));
#4567=CARTESIAN_POINT('',(-1.2,0.9,-1.35));
#4568=CARTESIAN_POINT('Origin',(-1.2,0.9,-1.2));
#4569=CARTESIAN_POINT('',(-1.2,1.,-1.35));
#4570=CARTESIAN_POINT('',(-1.2,0.9,-1.35));
#4571=CARTESIAN_POINT('Origin',(-1.2,1.,-1.2));
#4572=CARTESIAN_POINT('Origin',(0.250000000000001,0.2,1.22));
#4573=CARTESIAN_POINT('',(0.370000000000001,0.2,1.22));
#4574=CARTESIAN_POINT('',(0.130000000000001,0.2,1.22));
#4575=CARTESIAN_POINT('Origin',(0.250000000000001,0.2,1.22));
#4576=CARTESIAN_POINT('',(0.130000000000001,0.05,1.22));
#4577=CARTESIAN_POINT('',(0.130000000000001,0.2,1.22));
#4578=CARTESIAN_POINT('',(0.370000000000001,0.05,1.22));
#4579=CARTESIAN_POINT('Origin',(0.250000000000001,0.05,1.22));
#4580=CARTESIAN_POINT('',(0.370000000000001,0.2,1.22));
#4581=CARTESIAN_POINT('Origin',(-0.249999999999999,0.2,1.22));
#4582=CARTESIAN_POINT('',(-0.13,0.2,1.22));
#4583=CARTESIAN_POINT('',(-0.369999999999999,0.2,1.22));
#4584=CARTESIAN_POINT('Origin',(-0.249999999999999,0.2,1.22));
#4585=CARTESIAN_POINT('',(-0.369999999999999,0.05,1.22));
#4586=CARTESIAN_POINT('',(-0.369999999999999,0.2,1.22));
#4587=CARTESIAN_POINT('',(-0.13,0.05,1.22));
#4588=CARTESIAN_POINT('Origin',(-0.249999999999999,0.05,1.22));
#4589=CARTESIAN_POINT('',(-0.13,0.2,1.22));
#4590=CARTESIAN_POINT('Origin',(0.750000000000001,0.2,1.22));
#4591=CARTESIAN_POINT('',(0.870000000000001,0.2,1.22));
#4592=CARTESIAN_POINT('',(0.630000000000001,0.2,1.22));
#4593=CARTESIAN_POINT('Origin',(0.750000000000001,0.2,1.22));
#4594=CARTESIAN_POINT('',(0.630000000000001,0.05,1.22));
#4595=CARTESIAN_POINT('',(0.630000000000001,0.2,1.22));
#4596=CARTESIAN_POINT('',(0.870000000000001,0.05,1.22));
#4597=CARTESIAN_POINT('Origin',(0.750000000000001,0.05,1.22));
#4598=CARTESIAN_POINT('',(0.870000000000001,0.2,1.22));
#4599=CARTESIAN_POINT('Origin',(-0.749999999999999,0.2,1.22));
#4600=CARTESIAN_POINT('',(-0.629999999999999,0.2,1.22));
#4601=CARTESIAN_POINT('',(-0.869999999999999,0.2,1.22));
#4602=CARTESIAN_POINT('Origin',(-0.749999999999999,0.2,1.22));
#4603=CARTESIAN_POINT('',(-0.869999999999999,0.05,1.22));
#4604=CARTESIAN_POINT('',(-0.869999999999999,0.2,1.22));
#4605=CARTESIAN_POINT('',(-0.629999999999999,0.05,1.22));
#4606=CARTESIAN_POINT('Origin',(-0.749999999999999,0.05,1.22));
#4607=CARTESIAN_POINT('',(-0.629999999999999,0.2,1.22));
#4608=CARTESIAN_POINT('Origin',(-1.5,6.24264068711929,1.5));
#4609=CARTESIAN_POINT('',(-1.5,0.2,0.63));
#4610=CARTESIAN_POINT('',(-1.5,0.0499999999999997,0.63));
#4611=CARTESIAN_POINT('',(-1.5,0.666476151587624,0.63));
#4612=CARTESIAN_POINT('',(-1.5,0.2,0.87));
#4613=CARTESIAN_POINT('',(-1.5,0.2,0.87));
#4614=CARTESIAN_POINT('',(-1.5,0.0499999999999997,0.87));
#4615=CARTESIAN_POINT('',(-1.5,0.666476151587624,0.87));
#4616=CARTESIAN_POINT('',(-1.5,0.05,1.5));
#4617=CARTESIAN_POINT('',(-1.5,0.05,1.5));
#4618=CARTESIAN_POINT('',(-1.5,1.,1.5));
#4619=CARTESIAN_POINT('',(-1.5,6.24264068711929,1.5));
#4620=CARTESIAN_POINT('',(-1.5,1.,-1.5));
#4621=CARTESIAN_POINT('',(-1.5,1.,1.5));
#4622=CARTESIAN_POINT('',(-1.5,0.05,-1.5));
#4623=CARTESIAN_POINT('',(-1.5,6.24264068711929,-1.5));
#4624=CARTESIAN_POINT('',(-1.5,0.0499999999999997,-0.87));
#4625=CARTESIAN_POINT('',(-1.5,0.05,1.5));
#4626=CARTESIAN_POINT('',(-1.5,0.2,-0.87));
#4627=CARTESIAN_POINT('',(-1.5,0.666476151587624,-0.87));
#4628=CARTESIAN_POINT('',(-1.5,0.2,-0.63));
#4629=CARTESIAN_POINT('',(-1.5,0.2,-0.63));
#4630=CARTESIAN_POINT('',(-1.5,0.0499999999999997,-0.63));
#4631=CARTESIAN_POINT('',(-1.5,0.666476151587624,-0.63));
#4632=CARTESIAN_POINT('',(-1.5,0.0499999999999997,-0.37));
#4633=CARTESIAN_POINT('',(-1.5,0.05,1.5));
#4634=CARTESIAN_POINT('',(-1.5,0.2,-0.37));
#4635=CARTESIAN_POINT('',(-1.5,0.666476151587624,-0.37));
#4636=CARTESIAN_POINT('',(-1.5,0.2,-0.13));
#4637=CARTESIAN_POINT('',(-1.5,0.2,-0.13));
#4638=CARTESIAN_POINT('',(-1.5,0.0499999999999997,-0.13));
#4639=CARTESIAN_POINT('',(-1.5,0.666476151587624,-0.13));
#4640=CARTESIAN_POINT('',(-1.5,0.0499999999999997,0.13));
#4641=CARTESIAN_POINT('',(-1.5,0.05,1.5));
#4642=CARTESIAN_POINT('',(-1.5,0.2,0.13));
#4643=CARTESIAN_POINT('',(-1.5,0.666476151587624,0.13));
#4644=CARTESIAN_POINT('',(-1.5,0.2,0.37));
#4645=CARTESIAN_POINT('',(-1.5,0.2,0.37));
#4646=CARTESIAN_POINT('',(-1.5,0.0499999999999997,0.37));
#4647=CARTESIAN_POINT('',(-1.5,0.666476151587624,0.37));
#4648=CARTESIAN_POINT('',(-1.5,0.05,1.5));
#4649=CARTESIAN_POINT('Origin',(1.5,6.24264068711929,1.5));
#4650=CARTESIAN_POINT('',(1.5,0.2,0.13));
#4651=CARTESIAN_POINT('',(1.5,0.0499999999999997,0.13));
#4652=CARTESIAN_POINT('',(1.5,0.666476151587624,0.13));
#4653=CARTESIAN_POINT('',(1.5,0.0499999999999997,-0.13));
#4654=CARTESIAN_POINT('',(1.5,0.05,1.5));
#4655=CARTESIAN_POINT('',(1.5,0.2,-0.13));
#4656=CARTESIAN_POINT('',(1.5,0.666476151587624,-0.13));
#4657=CARTESIAN_POINT('',(1.5,0.2,-0.37));
#4658=CARTESIAN_POINT('',(1.5,0.2,-0.13));
#4659=CARTESIAN_POINT('',(1.5,0.0499999999999997,-0.37));
#4660=CARTESIAN_POINT('',(1.5,0.666476151587624,-0.37));
#4661=CARTESIAN_POINT('',(1.5,0.0499999999999997,-0.63));
#4662=CARTESIAN_POINT('',(1.5,0.05,1.5));
#4663=CARTESIAN_POINT('',(1.5,0.2,-0.63));
#4664=CARTESIAN_POINT('',(1.5,0.666476151587624,-0.63));
#4665=CARTESIAN_POINT('',(1.5,0.2,-0.87));
#4666=CARTESIAN_POINT('',(1.5,0.2,-0.63));
#4667=CARTESIAN_POINT('',(1.5,0.0499999999999997,-0.87));
#4668=CARTESIAN_POINT('',(1.5,0.666476151587624,-0.87));
#4669=CARTESIAN_POINT('',(1.5,0.05,-1.5));
#4670=CARTESIAN_POINT('',(1.5,0.05,1.5));
#4671=CARTESIAN_POINT('',(1.5,1.,-1.5));
#4672=CARTESIAN_POINT('',(1.5,6.24264068711929,-1.5));
#4673=CARTESIAN_POINT('',(1.5,1.,1.5));
#4674=CARTESIAN_POINT('',(1.5,1.,1.5));
#4675=CARTESIAN_POINT('',(1.5,0.05,1.5));
#4676=CARTESIAN_POINT('',(1.5,6.24264068711929,1.5));
#4677=CARTESIAN_POINT('',(1.5,0.0499999999999997,0.87));
#4678=CARTESIAN_POINT('',(1.5,0.05,1.5));
#4679=CARTESIAN_POINT('',(1.5,0.2,0.87));
#4680=CARTESIAN_POINT('',(1.5,0.666476151587624,0.87));
#4681=CARTESIAN_POINT('',(1.5,0.2,0.63));
#4682=CARTESIAN_POINT('',(1.5,0.2,0.87));
#4683=CARTESIAN_POINT('',(1.5,0.0499999999999997,0.63));
#4684=CARTESIAN_POINT('',(1.5,0.666476151587624,0.63));
#4685=CARTESIAN_POINT('',(1.5,0.0499999999999997,0.37));
#4686=CARTESIAN_POINT('',(1.5,0.05,1.5));
#4687=CARTESIAN_POINT('',(1.5,0.2,0.37));
#4688=CARTESIAN_POINT('',(1.5,0.666476151587624,0.37));
#4689=CARTESIAN_POINT('',(1.5,0.2,0.37));
#4690=CARTESIAN_POINT('Origin',(0.,0.05,0.));
#4691=CARTESIAN_POINT('',(-1.22,0.05,0.630000000000001));
#4692=CARTESIAN_POINT('',(2.43945488809238E-16,0.05,0.63));
#4693=CARTESIAN_POINT('',(-1.22,0.05,0.37));
#4694=CARTESIAN_POINT('',(0.,0.05,0.37));
#4695=CARTESIAN_POINT('',(-1.22,0.05,0.130000000000001));
#4696=CARTESIAN_POINT('Origin',(-1.22,0.05,0.25));
#4697=CARTESIAN_POINT('',(5.03379580082555E-17,0.05,0.13));
#4698=CARTESIAN_POINT('',(-1.22,0.05,-0.13));
#4699=CARTESIAN_POINT('',(0.,0.05,-0.13));
#4700=CARTESIAN_POINT('',(-1.22,0.05,-0.369999999999999));
#4701=CARTESIAN_POINT('Origin',(-1.22,0.05,-0.25));
#4702=CARTESIAN_POINT('',(-1.43269572792727E-16,0.05,-0.37));
#4703=CARTESIAN_POINT('',(-1.22,0.05,-0.63));
#4704=CARTESIAN_POINT('',(0.,0.05,-0.63));
#4705=CARTESIAN_POINT('',(-1.22,0.05,-0.87));
#4706=CARTESIAN_POINT('Origin',(-1.22,0.05,-0.75));
#4707=CARTESIAN_POINT('',(-3.3687710359371E-16,0.05,-0.87));
#4708=CARTESIAN_POINT('',(-0.869999999999999,0.05,-1.5));
#4709=CARTESIAN_POINT('',(1.5,0.05,-1.5));
#4710=CARTESIAN_POINT('',(-0.87,0.05,-1.22));
#4711=CARTESIAN_POINT('',(-0.869999999999999,0.05,0.));
#4712=CARTESIAN_POINT('',(-0.629999999999999,0.05,-1.22));
#4713=CARTESIAN_POINT('Origin',(-0.75,0.05,-1.22));
#4714=CARTESIAN_POINT('',(-0.629999999999999,0.05,-1.5));
#4715=CARTESIAN_POINT('',(-0.629999999999999,0.05,0.));
#4716=CARTESIAN_POINT('',(-0.369999999999999,0.0499999999999997,-1.5));
#4717=CARTESIAN_POINT('',(1.5,0.05,-1.5));
#4718=CARTESIAN_POINT('',(-0.369999999999999,0.05,-1.22));
#4719=CARTESIAN_POINT('',(-0.369999999999999,0.05,0.));
#4720=CARTESIAN_POINT('',(-0.13,0.05,-1.22));
#4721=CARTESIAN_POINT('Origin',(-0.25,0.05,-1.22));
#4722=CARTESIAN_POINT('',(-0.13,0.0499999999999997,-1.5));
#4723=CARTESIAN_POINT('',(-0.13,0.05,0.));
#4724=CARTESIAN_POINT('',(0.130000000000001,0.0499999999999997,-1.5));
#4725=CARTESIAN_POINT('',(1.5,0.05,-1.5));
#4726=CARTESIAN_POINT('',(0.130000000000001,0.05,-1.22));
#4727=CARTESIAN_POINT('',(0.130000000000001,0.05,0.));
#4728=CARTESIAN_POINT('',(0.370000000000001,0.05,-1.22));
#4729=CARTESIAN_POINT('Origin',(0.25,0.05,-1.22));
#4730=CARTESIAN_POINT('',(0.370000000000001,0.0499999999999997,-1.5));
#4731=CARTESIAN_POINT('',(0.370000000000001,0.05,0.));
#4732=CARTESIAN_POINT('',(0.630000000000001,0.0499999999999997,-1.5));
#4733=CARTESIAN_POINT('',(1.5,0.05,-1.5));
#4734=CARTESIAN_POINT('',(0.630000000000001,0.05,-1.22));
#4735=CARTESIAN_POINT('',(0.630000000000001,0.05,0.));
#4736=CARTESIAN_POINT('',(0.870000000000001,0.05,-1.22));
#4737=CARTESIAN_POINT('Origin',(0.750000000000001,0.05,-1.22));
#4738=CARTESIAN_POINT('',(0.870000000000001,0.0499999999999997,-1.5));
#4739=CARTESIAN_POINT('',(0.870000000000001,0.05,0.));
#4740=CARTESIAN_POINT('',(1.5,0.05,-1.5));
#4741=CARTESIAN_POINT('',(1.22,0.05,-0.87));
#4742=CARTESIAN_POINT('',(3.3687710359371E-16,0.05,-0.87));
#4743=CARTESIAN_POINT('',(1.22,0.05,-0.63));
#4744=CARTESIAN_POINT('Origin',(1.22,0.05,-0.75));
#4745=CARTESIAN_POINT('',(0.,0.05,-0.63));
#4746=CARTESIAN_POINT('',(1.22,0.05,-0.37));
#4747=CARTESIAN_POINT('',(1.43269572792727E-16,0.05,-0.37));
#4748=CARTESIAN_POINT('',(1.22,0.05,-0.13));
#4749=CARTESIAN_POINT('Origin',(1.22,0.05,-0.25));
#4750=CARTESIAN_POINT('',(0.,0.05,-0.13));
#4751=CARTESIAN_POINT('',(1.22,0.05,0.13));
#4752=CARTESIAN_POINT('',(-5.03379580082555E-17,0.05,0.13));
#4753=CARTESIAN_POINT('',(1.22,0.05,0.37));
#4754=CARTESIAN_POINT('Origin',(1.22,0.05,0.25));
#4755=CARTESIAN_POINT('',(0.,0.05,0.37));
#4756=CARTESIAN_POINT('',(1.22,0.05,0.63));
#4757=CARTESIAN_POINT('',(-2.43945488809238E-16,0.05,0.63));
#4758=CARTESIAN_POINT('',(1.22,0.05,0.87));
#4759=CARTESIAN_POINT('Origin',(1.22,0.05,0.75));
#4760=CARTESIAN_POINT('',(0.,0.05,0.87));
#4761=CARTESIAN_POINT('',(0.870000000000001,0.0499999999999997,1.5));
#4762=CARTESIAN_POINT('',(1.5,0.05,1.5));
#4763=CARTESIAN_POINT('',(0.869999999999999,0.05,-1.01063131078113E-15));
#4764=CARTESIAN_POINT('',(0.630000000000001,0.0499999999999997,1.5));
#4765=CARTESIAN_POINT('',(0.630000000000001,0.05,0.));
#4766=CARTESIAN_POINT('',(0.370000000000001,0.0499999999999997,1.5));
#4767=CARTESIAN_POINT('',(1.5,0.05,1.5));
#4768=CARTESIAN_POINT('',(0.369999999999999,0.05,-4.29808718378182E-16));
#4769=CARTESIAN_POINT('',(0.130000000000001,0.0499999999999997,1.5));
#4770=CARTESIAN_POINT('',(0.130000000000001,0.05,0.));
#4771=CARTESIAN_POINT('',(-0.129999999999999,0.0499999999999997,1.5));
#4772=CARTESIAN_POINT('',(1.5,0.05,1.5));
#4773=CARTESIAN_POINT('',(-0.130000000000001,0.05,1.51013874024768E-16));
#4774=CARTESIAN_POINT('',(-0.369999999999999,0.0499999999999997,1.5));
#4775=CARTESIAN_POINT('',(-0.369999999999999,0.05,0.));
#4776=CARTESIAN_POINT('',(-0.629999999999999,0.05,1.5));
#4777=CARTESIAN_POINT('',(1.5,0.05,1.5));
#4778=CARTESIAN_POINT('',(-0.630000000000001,0.05,7.31836466427717E-16));
#4779=CARTESIAN_POINT('',(-0.869999999999999,0.05,1.5));
#4780=CARTESIAN_POINT('',(-0.869999999999999,0.05,0.));
#4781=CARTESIAN_POINT('',(1.5,0.05,1.5));
#4782=CARTESIAN_POINT('',(-1.22,0.05,0.87));
#4783=CARTESIAN_POINT('',(0.,0.05,0.87));
#4784=CARTESIAN_POINT('Origin',(-1.22,0.05,0.75));
#4785=CARTESIAN_POINT('',(0.825,0.0500000000000001,0.825));
#4786=CARTESIAN_POINT('',(0.825,0.0500000000000001,-0.825));
#4787=CARTESIAN_POINT('',(0.825,0.05,0.));
#4788=CARTESIAN_POINT('',(-0.524999999999998,0.05,-0.825));
#4789=CARTESIAN_POINT('',(5.42101086242753E-17,0.05,-0.825));
#4790=CARTESIAN_POINT('',(-0.825,0.05,-0.525000000000002));
#4791=CARTESIAN_POINT('',(-0.674999999999996,0.05,-0.675000000000004));
#4792=CARTESIAN_POINT('',(-0.825,0.05,0.825));
#4793=CARTESIAN_POINT('',(-0.825,0.05,0.));
#4794=CARTESIAN_POINT('',(0.,0.05,0.825));
#4795=CARTESIAN_POINT('Origin',(1.5,6.24264068711929,1.5));
#4796=CARTESIAN_POINT('',(0.370000000000001,0.2,1.5));
#4797=CARTESIAN_POINT('',(0.370000000000001,0.2,1.5));
#4798=CARTESIAN_POINT('',(0.630000000000001,0.2,1.5));
#4799=CARTESIAN_POINT('',(0.630000000000001,0.2,1.5));
#4800=CARTESIAN_POINT('',(0.870000000000001,0.2,1.5));
#4801=CARTESIAN_POINT('',(0.870000000000001,0.2,1.5));
#4802=CARTESIAN_POINT('',(0.870000000000001,0.2,1.5));
#4803=CARTESIAN_POINT('',(1.5,1.,1.5));
#4804=CARTESIAN_POINT('',(-0.869999999999999,0.2,1.5));
#4805=CARTESIAN_POINT('',(-0.869999999999999,0.2,1.5));
#4806=CARTESIAN_POINT('',(-0.629999999999999,0.2,1.5));
#4807=CARTESIAN_POINT('',(-0.629999999999999,0.2,1.5));
#4808=CARTESIAN_POINT('',(-0.629999999999999,0.2,1.5));
#4809=CARTESIAN_POINT('',(-0.369999999999999,0.2,1.5));
#4810=CARTESIAN_POINT('',(-0.369999999999999,0.2,1.5));
#4811=CARTESIAN_POINT('',(-0.129999999999999,0.2,1.5));
#4812=CARTESIAN_POINT('',(-0.129999999999999,0.2,1.5));
#4813=CARTESIAN_POINT('',(-0.129999999999999,0.2,1.5));
#4814=CARTESIAN_POINT('',(0.130000000000001,0.2,1.5));
#4815=CARTESIAN_POINT('',(0.130000000000001,0.2,1.5));
#4816=CARTESIAN_POINT('',(0.370000000000001,0.2,1.5));
#4817=CARTESIAN_POINT('Origin',(1.5,6.24264068711929,-1.5));
#4818=CARTESIAN_POINT('',(0.630000000000001,0.2,-1.5));
#4819=CARTESIAN_POINT('',(0.630000000000001,0.2,-1.5));
#4820=CARTESIAN_POINT('',(0.370000000000001,0.2,-1.5));
#4821=CARTESIAN_POINT('',(0.370000000000001,0.2,-1.5));
#4822=CARTESIAN_POINT('',(0.130000000000001,0.2,-1.5));
#4823=CARTESIAN_POINT('',(0.370000000000001,0.2,-1.5));
#4824=CARTESIAN_POINT('',(0.130000000000001,0.2,-1.5));
#4825=CARTESIAN_POINT('',(-0.13,0.2,-1.5));
#4826=CARTESIAN_POINT('',(-0.13,0.2,-1.5));
#4827=CARTESIAN_POINT('',(-0.369999999999999,0.2,-1.5));
#4828=CARTESIAN_POINT('',(-0.13,0.2,-1.5));
#4829=CARTESIAN_POINT('',(-0.369999999999999,0.2,-1.5));
#4830=CARTESIAN_POINT('',(-0.629999999999999,0.2,-1.5));
#4831=CARTESIAN_POINT('',(-0.629999999999999,0.2,-1.5));
#4832=CARTESIAN_POINT('',(-0.869999999999999,0.2,-1.5));
#4833=CARTESIAN_POINT('',(-0.629999999999999,0.2,-1.5));
#4834=CARTESIAN_POINT('',(-0.869999999999999,0.2,-1.5));
#4835=CARTESIAN_POINT('',(1.5,1.,-1.5));
#4836=CARTESIAN_POINT('',(0.870000000000001,0.2,-1.5));
#4837=CARTESIAN_POINT('',(0.870000000000001,0.2,-1.5));
#4838=CARTESIAN_POINT('',(0.870000000000001,0.2,-1.5));
#4839=CARTESIAN_POINT('Origin',(0.,1.,0.));
#4840=CARTESIAN_POINT('Origin',(-0.629999999999999,0.2,1.22));
#4841=CARTESIAN_POINT('',(-0.629999999999999,0.2,1.22));
#4842=CARTESIAN_POINT('Origin',(-0.869999999999999,0.2,1.22));
#4843=CARTESIAN_POINT('',(-0.869999999999999,0.2,1.22));
#4844=CARTESIAN_POINT('Origin',(-0.749999999999999,0.2,1.22));
#4845=CARTESIAN_POINT('Origin',(-0.869999999999999,0.2,-1.22));
#4846=CARTESIAN_POINT('',(-0.87,0.2,-1.22));
#4847=CARTESIAN_POINT('',(-0.869999999999999,0.2,-1.22));
#4848=CARTESIAN_POINT('',(-0.87,0.2,-1.22));
#4849=CARTESIAN_POINT('Origin',(-0.75,0.2,-1.22));
#4850=CARTESIAN_POINT('',(-0.629999999999999,0.2,-1.22));
#4851=CARTESIAN_POINT('Origin',(-0.75,0.2,-1.22));
#4852=CARTESIAN_POINT('',(-0.629999999999999,0.2,-1.22));
#4853=CARTESIAN_POINT('Origin',(-0.629999999999999,0.2,-1.22));
#4854=CARTESIAN_POINT('',(-0.629999999999999,0.2,-1.22));
#4855=CARTESIAN_POINT('Origin',(-0.75,0.2,-1.22));
#4856=CARTESIAN_POINT('Origin',(1.22,0.666476151587624,-0.75));
#4857=CARTESIAN_POINT('',(1.22,0.2,-0.87));
#4858=CARTESIAN_POINT('',(1.22,0.666476151587624,-0.87));
#4859=CARTESIAN_POINT('',(1.22,0.2,-0.63));
#4860=CARTESIAN_POINT('Origin',(1.22,0.2,-0.75));
#4861=CARTESIAN_POINT('',(1.22,0.666476151587624,-0.63));
#4862=CARTESIAN_POINT('Origin',(1.22,0.666476151587624,-0.87));
#4863=CARTESIAN_POINT('',(1.22,0.2,-0.87));
#4864=CARTESIAN_POINT('Origin',(1.22,0.666476151587624,-0.63));
#4865=CARTESIAN_POINT('',(1.22,0.2,-0.63));
#4866=CARTESIAN_POINT('Origin',(-0.75,0.2,-1.22));
#4867=CARTESIAN_POINT('Origin',(-1.22,0.666476151587624,-0.75));
#4868=CARTESIAN_POINT('',(-1.22,0.2,-0.63));
#4869=CARTESIAN_POINT('',(-1.22,0.666476151587624,-0.63));
#4870=CARTESIAN_POINT('',(-1.22,0.2,-0.87));
#4871=CARTESIAN_POINT('Origin',(-1.22,0.2,-0.75));
#4872=CARTESIAN_POINT('',(-1.22,0.666476151587624,-0.87));
#4873=CARTESIAN_POINT('Origin',(-1.5,0.666476151587624,-0.87));
#4874=CARTESIAN_POINT('',(-1.5,0.2,-0.87));
#4875=CARTESIAN_POINT('Origin',(-1.5,0.666476151587624,-0.63));
#4876=CARTESIAN_POINT('',(-1.5,0.2,-0.63));
#4877=CARTESIAN_POINT('Origin',(-0.75,0.2,-1.22));
#4878=CARTESIAN_POINT('Origin',(0.825,2.53345237791561,-0.825));
#4879=CARTESIAN_POINT('',(-0.524999999999998,0.2,-0.825));
#4880=CARTESIAN_POINT('',(0.825,0.2,-0.825));
#4881=CARTESIAN_POINT('',(0.825,0.2,-0.825));
#4882=CARTESIAN_POINT('',(-0.524999999999998,0.0500000000000001,-0.825));
#4883=CARTESIAN_POINT('',(0.825,2.53345237791561,-0.825));
#4884=CARTESIAN_POINT('Origin',(0.825,2.53345237791561,-0.825));
#4885=CARTESIAN_POINT('',(0.825,0.2,0.825));
#4886=CARTESIAN_POINT('',(0.825,2.53345237791561,0.825));
#4887=CARTESIAN_POINT('',(0.825,0.2,-0.825));
#4888=CARTESIAN_POINT('Origin',(0.825,2.53345237791561,0.825));
#4889=CARTESIAN_POINT('',(-0.825,0.2,0.825));
#4890=CARTESIAN_POINT('',(-0.825,2.53345237791561,0.825));
#4891=CARTESIAN_POINT('',(0.825,0.2,0.825));
#4892=CARTESIAN_POINT('Origin',(-0.825,2.53345237791561,-0.825));
#4893=CARTESIAN_POINT('',(-0.825,0.2,-0.525000000000002));
#4894=CARTESIAN_POINT('',(-0.825,0.2,-0.525000000000002));
#4895=CARTESIAN_POINT('',(-0.825,0.2,-0.825));
#4896=CARTESIAN_POINT('Origin',(-0.749999999999999,0.2,1.22));
#4897=CARTESIAN_POINT('',(-0.524999999999998,0.2,-0.825));
#4898=CARTESIAN_POINT('Origin',(-0.25,0.2,-1.22));
#4899=CARTESIAN_POINT('',(-0.369999999999999,0.2,-1.22));
#4900=CARTESIAN_POINT('',(-0.369999999999999,0.2,-1.22));
#4901=CARTESIAN_POINT('',(-0.13,0.2,-1.22));
#4902=CARTESIAN_POINT('Origin',(-0.25,0.2,-1.22));
#4903=CARTESIAN_POINT('',(-0.13,0.2,-1.22));
#4904=CARTESIAN_POINT('Origin',(-0.369999999999999,0.2,-1.22));
#4905=CARTESIAN_POINT('',(-0.369999999999999,0.2,-1.22));
#4906=CARTESIAN_POINT('Origin',(-0.13,0.2,-1.22));
#4907=CARTESIAN_POINT('',(-0.13,0.2,-1.22));
#4908=CARTESIAN_POINT('Origin',(-0.25,0.2,-1.22));
#4909=CARTESIAN_POINT('Origin',(0.25,0.2,-1.22));
#4910=CARTESIAN_POINT('',(0.130000000000001,0.2,-1.22));
#4911=CARTESIAN_POINT('',(0.130000000000001,0.2,-1.22));
#4912=CARTESIAN_POINT('',(0.370000000000001,0.2,-1.22));
#4913=CARTESIAN_POINT('Origin',(0.25,0.2,-1.22));
#4914=CARTESIAN_POINT('',(0.370000000000001,0.2,-1.22));
#4915=CARTESIAN_POINT('Origin',(0.130000000000001,0.2,-1.22));
#4916=CARTESIAN_POINT('',(0.130000000000001,0.2,-1.22));
#4917=CARTESIAN_POINT('Origin',(0.370000000000001,0.2,-1.22));
#4918=CARTESIAN_POINT('',(0.370000000000001,0.2,-1.22));
#4919=CARTESIAN_POINT('Origin',(0.25,0.2,-1.22));
#4920=CARTESIAN_POINT('Origin',(0.750000000000001,0.2,-1.22));
#4921=CARTESIAN_POINT('',(0.630000000000001,0.2,-1.22));
#4922=CARTESIAN_POINT('',(0.630000000000001,0.2,-1.22));
#4923=CARTESIAN_POINT('',(0.870000000000001,0.2,-1.22));
#4924=CARTESIAN_POINT('Origin',(0.750000000000001,0.2,-1.22));
#4925=CARTESIAN_POINT('',(0.870000000000001,0.2,-1.22));
#4926=CARTESIAN_POINT('Origin',(0.630000000000001,0.2,-1.22));
#4927=CARTESIAN_POINT('',(0.630000000000001,0.2,-1.22));
#4928=CARTESIAN_POINT('Origin',(0.870000000000001,0.2,-1.22));
#4929=CARTESIAN_POINT('',(0.870000000000001,0.2,-1.22));
#4930=CARTESIAN_POINT('Origin',(0.750000000000001,0.2,-1.22));
#4931=CARTESIAN_POINT('Origin',(0.870000000000001,0.2,1.22));
#4932=CARTESIAN_POINT('',(0.870000000000001,0.2,1.22));
#4933=CARTESIAN_POINT('Origin',(0.630000000000001,0.2,1.22));
#4934=CARTESIAN_POINT('',(0.630000000000001,0.2,1.22));
#4935=CARTESIAN_POINT('Origin',(0.750000000000001,0.2,1.22));
#4936=CARTESIAN_POINT('Origin',(-0.129999999999999,0.2,1.22));
#4937=CARTESIAN_POINT('',(-0.129999999999999,0.2,1.22));
#4938=CARTESIAN_POINT('Origin',(-0.369999999999999,0.2,1.22));
#4939=CARTESIAN_POINT('',(-0.369999999999999,0.2,1.22));
#4940=CARTESIAN_POINT('Origin',(-0.249999999999999,0.2,1.22));
#4941=CARTESIAN_POINT('Origin',(0.370000000000001,0.2,1.22));
#4942=CARTESIAN_POINT('',(0.370000000000001,0.2,1.22));
#4943=CARTESIAN_POINT('Origin',(0.130000000000001,0.2,1.22));
#4944=CARTESIAN_POINT('',(0.130000000000001,0.2,1.22));
#4945=CARTESIAN_POINT('Origin',(0.250000000000001,0.2,1.22));
#4946=CARTESIAN_POINT('Origin',(1.22,0.666476151587624,0.75));
#4947=CARTESIAN_POINT('',(1.22,0.2,0.63));
#4948=CARTESIAN_POINT('',(1.22,0.666476151587624,0.63));
#4949=CARTESIAN_POINT('',(1.22,0.2,0.87));
#4950=CARTESIAN_POINT('Origin',(1.22,0.2,0.75));
#4951=CARTESIAN_POINT('',(1.22,0.666476151587624,0.87));
#4952=CARTESIAN_POINT('Origin',(1.22,0.666476151587624,0.63));
#4953=CARTESIAN_POINT('',(1.22,0.2,0.63));
#4954=CARTESIAN_POINT('Origin',(1.22,0.666476151587624,0.87));
#4955=CARTESIAN_POINT('',(1.22,0.2,0.87));
#4956=CARTESIAN_POINT('Origin',(-0.75,0.2,-1.22));
#4957=CARTESIAN_POINT('Origin',(1.22,0.666476151587624,-0.25));
#4958=CARTESIAN_POINT('',(1.22,0.2,-0.37));
#4959=CARTESIAN_POINT('',(1.22,0.666476151587624,-0.37));
#4960=CARTESIAN_POINT('',(1.22,0.2,-0.13));
#4961=CARTESIAN_POINT('Origin',(1.22,0.2,-0.25));
#4962=CARTESIAN_POINT('',(1.22,0.666476151587624,-0.13));
#4963=CARTESIAN_POINT('Origin',(1.22,0.666476151587624,-0.37));
#4964=CARTESIAN_POINT('',(1.22,0.2,-0.37));
#4965=CARTESIAN_POINT('Origin',(1.22,0.666476151587624,-0.13));
#4966=CARTESIAN_POINT('',(1.22,0.2,-0.13));
#4967=CARTESIAN_POINT('Origin',(-0.75,0.2,-1.22));
#4968=CARTESIAN_POINT('Origin',(1.22,0.666476151587624,0.25));
#4969=CARTESIAN_POINT('',(1.22,0.2,0.13));
#4970=CARTESIAN_POINT('',(1.22,0.666476151587624,0.13));
#4971=CARTESIAN_POINT('',(1.22,0.2,0.37));
#4972=CARTESIAN_POINT('Origin',(1.22,0.2,0.25));
#4973=CARTESIAN_POINT('',(1.22,0.666476151587624,0.37));
#4974=CARTESIAN_POINT('Origin',(1.22,0.666476151587624,0.13));
#4975=CARTESIAN_POINT('',(1.22,0.2,0.13));
#4976=CARTESIAN_POINT('Origin',(1.22,0.666476151587624,0.37));
#4977=CARTESIAN_POINT('',(1.22,0.2,0.37));
#4978=CARTESIAN_POINT('Origin',(-0.75,0.2,-1.22));
#4979=CARTESIAN_POINT('Origin',(-1.22,0.666476151587624,-0.25));
#4980=CARTESIAN_POINT('',(-1.22,0.2,-0.13));
#4981=CARTESIAN_POINT('',(-1.22,0.666476151587624,-0.13));
#4982=CARTESIAN_POINT('',(-1.22,0.2,-0.369999999999999));
#4983=CARTESIAN_POINT('Origin',(-1.22,0.2,-0.25));
#4984=CARTESIAN_POINT('',(-1.22,0.666476151587624,-0.369999999999999));
#4985=CARTESIAN_POINT('Origin',(-1.5,0.666476151587624,-0.37));
#4986=CARTESIAN_POINT('',(-1.5,0.2,-0.37));
#4987=CARTESIAN_POINT('Origin',(-1.5,0.666476151587624,-0.13));
#4988=CARTESIAN_POINT('',(-1.5,0.2,-0.13));
#4989=CARTESIAN_POINT('Origin',(-0.75,0.2,-1.22));
#4990=CARTESIAN_POINT('Origin',(-1.22,0.666476151587624,0.25));
#4991=CARTESIAN_POINT('',(-1.22,0.2,0.37));
#4992=CARTESIAN_POINT('',(-1.22,0.666476151587624,0.37));
#4993=CARTESIAN_POINT('',(-1.22,0.2,0.130000000000001));
#4994=CARTESIAN_POINT('Origin',(-1.22,0.2,0.25));
#4995=CARTESIAN_POINT('',(-1.22,0.666476151587624,0.130000000000001));
#4996=CARTESIAN_POINT('Origin',(-1.5,0.666476151587624,0.13));
#4997=CARTESIAN_POINT('',(-1.5,0.2,0.13));
#4998=CARTESIAN_POINT('Origin',(-1.5,0.666476151587624,0.37));
#4999=CARTESIAN_POINT('',(-1.5,0.2,0.37));
#5000=CARTESIAN_POINT('Origin',(-0.75,0.2,-1.22));
#5001=CARTESIAN_POINT('Origin',(-1.22,0.666476151587624,0.75));
#5002=CARTESIAN_POINT('',(-1.22,0.2,0.87));
#5003=CARTESIAN_POINT('',(-1.22,0.666476151587624,0.87));
#5004=CARTESIAN_POINT('',(-1.22,0.2,0.630000000000001));
#5005=CARTESIAN_POINT('Origin',(-1.22,0.2,0.75));
#5006=CARTESIAN_POINT('',(-1.22,0.666476151587624,0.630000000000001));
#5007=CARTESIAN_POINT('Origin',(-1.5,0.666476151587624,0.63));
#5008=CARTESIAN_POINT('',(-1.5,0.2,0.63));
#5009=CARTESIAN_POINT('Origin',(-1.5,0.666476151587624,0.87));
#5010=CARTESIAN_POINT('',(-1.5,0.2,0.87));
#5011=CARTESIAN_POINT('Origin',(-0.75,0.2,-1.22));
#5012=CARTESIAN_POINT('Origin',(-1.2,0.9,-1.2));
#5013=CARTESIAN_POINT('Origin',(-0.524999999999998,2.53345237791561,-0.825));
#5014=CARTESIAN_POINT('Origin',(-1.2,1.,-1.2));
#5015=CARTESIAN_POINT('',(-1.2,0.9,-1.05));
#5016=CARTESIAN_POINT('Origin',(-1.2,0.9,-1.2));
#5017=CARTESIAN_POINT('',(-1.2,1.,-1.05));
#5018=CARTESIAN_POINT('',(-1.2,1.,-1.05));
#5019=CARTESIAN_POINT('Origin',(-1.2,1.,-1.2));
#5020=CARTESIAN_POINT('Origin',(-1.2,1.,-1.2));
#5021=CARTESIAN_POINT('Origin',(-1.2,0.9,-1.2));
#5022=CARTESIAN_POINT('Origin',(-0.869999999999999,0.666476151587624,-1.22));
#5023=CARTESIAN_POINT('',(-0.869999999999999,0.2,-1.5));
#5024=CARTESIAN_POINT('',(-0.87,0.2,-1.22));
#5025=CARTESIAN_POINT('',(-0.869999999999999,0.2,-1.22));
#5026=CARTESIAN_POINT('',(-0.869999999999999,0.,-1.5));
#5027=CARTESIAN_POINT('',(-0.869999999999999,0.666476151587624,-1.5));
#5028=CARTESIAN_POINT('',(-0.87,0.,-1.22));
#5029=CARTESIAN_POINT('',(-0.869999999999999,0.,-1.22));
#5030=CARTESIAN_POINT('',(-0.87,0.666476151587624,-1.22));
#5031=CARTESIAN_POINT('Origin',(-0.75,0.666476151587624,-1.22));
#5032=CARTESIAN_POINT('',(-0.629999999999999,0.2,-1.22));
#5033=CARTESIAN_POINT('Origin',(-0.75,0.2,-1.22));
#5034=CARTESIAN_POINT('',(-0.629999999999999,0.,-1.22));
#5035=CARTESIAN_POINT('Origin',(-0.75,0.,-1.22));
#5036=CARTESIAN_POINT('',(-0.629999999999999,0.666476151587624,-1.22));
#5037=CARTESIAN_POINT('Origin',(-0.629999999999999,0.666476151587624,-1.22));
#5038=CARTESIAN_POINT('',(-0.629999999999999,0.2,-1.5));
#5039=CARTESIAN_POINT('',(-0.629999999999999,0.2,-1.22));
#5040=CARTESIAN_POINT('',(-0.629999999999999,0.,-1.5));
#5041=CARTESIAN_POINT('',(-0.629999999999999,0.,-1.22));
#5042=CARTESIAN_POINT('',(-0.629999999999999,0.666476151587624,-1.5));
#5043=CARTESIAN_POINT('Origin',(-0.629999999999999,0.666476151587624,-1.5));
#5044=CARTESIAN_POINT('',(-0.629999999999999,0.2,-1.5));
#5045=CARTESIAN_POINT('',(-0.629999999999999,0.,-1.5));
#5046=CARTESIAN_POINT('Origin',(-0.75,0.,-1.22));
#5047=CARTESIAN_POINT('Origin',(-0.749999999999999,0.2,1.22));
#5048=CARTESIAN_POINT('Origin',(-0.749999999999999,0.666476151587624,1.22));
#5049=CARTESIAN_POINT('',(-0.629999999999999,0.2,1.22));
#5050=CARTESIAN_POINT('',(-0.869999999999999,0.2,1.22));
#5051=CARTESIAN_POINT('Origin',(-0.749999999999999,0.2,1.22));
#5052=CARTESIAN_POINT('',(-0.629999999999999,0.,1.22));
#5053=CARTESIAN_POINT('',(-0.629999999999999,0.666476151587624,1.22));
#5054=CARTESIAN_POINT('',(-0.869999999999999,0.,1.22));
#5055=CARTESIAN_POINT('Origin',(-0.749999999999999,0.,1.22));
#5056=CARTESIAN_POINT('',(-0.869999999999999,0.666476151587624,1.22));
#5057=CARTESIAN_POINT('Origin',(-0.629999999999999,0.666476151587624,1.22));
#5058=CARTESIAN_POINT('',(-0.629999999999999,0.2,1.5));
#5059=CARTESIAN_POINT('',(-0.629999999999999,0.2,1.22));
#5060=CARTESIAN_POINT('',(-0.629999999999999,0.,1.5));
#5061=CARTESIAN_POINT('',(-0.629999999999999,0.666476151587624,1.5));
#5062=CARTESIAN_POINT('',(-0.629999999999999,0.,1.22));
#5063=CARTESIAN_POINT('Origin',(-0.869999999999999,0.666476151587624,1.22));
#5064=CARTESIAN_POINT('',(-0.869999999999999,0.2,1.5));
#5065=CARTESIAN_POINT('',(-0.869999999999999,0.2,1.22));
#5066=CARTESIAN_POINT('',(-0.869999999999999,0.,1.5));
#5067=CARTESIAN_POINT('',(-0.869999999999999,0.,1.22));
#5068=CARTESIAN_POINT('',(-0.869999999999999,0.666476151587624,1.5));
#5069=CARTESIAN_POINT('Origin',(-0.629999999999999,0.666476151587624,1.5));
#5070=CARTESIAN_POINT('',(-0.629999999999999,0.2,1.5));
#5071=CARTESIAN_POINT('',(-0.629999999999999,0.,1.5));
#5072=CARTESIAN_POINT('Origin',(-0.749999999999999,0.,1.22));
#5073=CARTESIAN_POINT('Origin',(-0.749999999999999,0.2,1.22));
#5074=CARTESIAN_POINT('Origin',(-0.369999999999999,0.666476151587624,-1.22));
#5075=CARTESIAN_POINT('',(-0.369999999999999,0.2,-1.5));
#5076=CARTESIAN_POINT('',(-0.369999999999999,0.2,-1.22));
#5077=CARTESIAN_POINT('',(-0.369999999999999,0.2,-1.22));
#5078=CARTESIAN_POINT('',(-0.369999999999999,0.,-1.5));
#5079=CARTESIAN_POINT('',(-0.369999999999999,0.666476151587624,-1.5));
#5080=CARTESIAN_POINT('',(-0.369999999999999,0.,-1.22));
#5081=CARTESIAN_POINT('',(-0.369999999999999,0.,-1.22));
#5082=CARTESIAN_POINT('',(-0.369999999999999,0.666476151587624,-1.22));
#5083=CARTESIAN_POINT('Origin',(-0.25,0.666476151587624,-1.22));
#5084=CARTESIAN_POINT('',(-0.13,0.2,-1.22));
#5085=CARTESIAN_POINT('Origin',(-0.25,0.2,-1.22));
#5086=CARTESIAN_POINT('',(-0.13,0.,-1.22));
#5087=CARTESIAN_POINT('Origin',(-0.25,0.,-1.22));
#5088=CARTESIAN_POINT('',(-0.13,0.666476151587624,-1.22));
#5089=CARTESIAN_POINT('Origin',(-0.13,0.666476151587624,-1.22));
#5090=CARTESIAN_POINT('',(-0.13,0.2,-1.5));
#5091=CARTESIAN_POINT('',(-0.13,0.2,-1.22));
#5092=CARTESIAN_POINT('',(-0.13,0.,-1.5));
#5093=CARTESIAN_POINT('',(-0.13,0.,-1.22));
#5094=CARTESIAN_POINT('',(-0.13,0.666476151587624,-1.5));
#5095=CARTESIAN_POINT('Origin',(-0.13,0.666476151587624,-1.5));
#5096=CARTESIAN_POINT('',(-0.13,0.2,-1.5));
#5097=CARTESIAN_POINT('',(-0.13,0.,-1.5));
#5098=CARTESIAN_POINT('Origin',(-0.25,0.,-1.22));
#5099=CARTESIAN_POINT('Origin',(-0.749999999999999,0.2,1.22));
#5100=CARTESIAN_POINT('Origin',(-0.249999999999999,0.666476151587624,1.22));
#5101=CARTESIAN_POINT('',(-0.13,0.2,1.22));
#5102=CARTESIAN_POINT('',(-0.369999999999999,0.2,1.22));
#5103=CARTESIAN_POINT('Origin',(-0.249999999999999,0.2,1.22));
#5104=CARTESIAN_POINT('',(-0.13,0.,1.22));
#5105=CARTESIAN_POINT('',(-0.13,0.666476151587624,1.22));
#5106=CARTESIAN_POINT('',(-0.369999999999999,0.,1.22));
#5107=CARTESIAN_POINT('Origin',(-0.249999999999999,0.,1.22));
#5108=CARTESIAN_POINT('',(-0.369999999999999,0.666476151587624,1.22));
#5109=CARTESIAN_POINT('Origin',(-0.129999999999999,0.666476151587624,1.22));
#5110=CARTESIAN_POINT('',(-0.129999999999999,0.2,1.5));
#5111=CARTESIAN_POINT('',(-0.129999999999999,0.2,1.22));
#5112=CARTESIAN_POINT('',(-0.129999999999999,0.,1.5));
#5113=CARTESIAN_POINT('',(-0.129999999999999,0.666476151587624,1.5));
#5114=CARTESIAN_POINT('',(-0.129999999999999,0.,1.22));
#5115=CARTESIAN_POINT('Origin',(-0.369999999999999,0.666476151587624,1.22));
#5116=CARTESIAN_POINT('',(-0.369999999999999,0.2,1.5));
#5117=CARTESIAN_POINT('',(-0.369999999999999,0.2,1.22));
#5118=CARTESIAN_POINT('',(-0.369999999999999,0.,1.5));
#5119=CARTESIAN_POINT('',(-0.369999999999999,0.,1.22));
#5120=CARTESIAN_POINT('',(-0.369999999999999,0.666476151587624,1.5));
#5121=CARTESIAN_POINT('Origin',(-0.129999999999999,0.666476151587624,1.5));
#5122=CARTESIAN_POINT('',(-0.129999999999999,0.2,1.5));
#5123=CARTESIAN_POINT('',(-0.129999999999999,0.,1.5));
#5124=CARTESIAN_POINT('Origin',(-0.249999999999999,0.,1.22));
#5125=CARTESIAN_POINT('Origin',(-0.749999999999999,0.2,1.22));
#5126=CARTESIAN_POINT('Origin',(0.130000000000001,0.666476151587624,-1.22));
#5127=CARTESIAN_POINT('',(0.130000000000001,0.2,-1.5));
#5128=CARTESIAN_POINT('',(0.130000000000001,0.2,-1.22));
#5129=CARTESIAN_POINT('',(0.130000000000001,0.2,-1.22));
#5130=CARTESIAN_POINT('',(0.130000000000001,0.,-1.5));
#5131=CARTESIAN_POINT('',(0.130000000000001,0.666476151587624,-1.5));
#5132=CARTESIAN_POINT('',(0.130000000000001,0.,-1.22));
#5133=CARTESIAN_POINT('',(0.130000000000001,0.,-1.22));
#5134=CARTESIAN_POINT('',(0.130000000000001,0.666476151587624,-1.22));
#5135=CARTESIAN_POINT('Origin',(0.25,0.666476151587624,-1.22));
#5136=CARTESIAN_POINT('',(0.370000000000001,0.2,-1.22));
#5137=CARTESIAN_POINT('Origin',(0.25,0.2,-1.22));
#5138=CARTESIAN_POINT('',(0.370000000000001,0.,-1.22));
#5139=CARTESIAN_POINT('Origin',(0.25,0.,-1.22));
#5140=CARTESIAN_POINT('',(0.370000000000001,0.666476151587624,-1.22));
#5141=CARTESIAN_POINT('Origin',(0.370000000000001,0.666476151587624,-1.22));
#5142=CARTESIAN_POINT('',(0.370000000000001,0.2,-1.5));
#5143=CARTESIAN_POINT('',(0.370000000000001,0.2,-1.22));
#5144=CARTESIAN_POINT('',(0.370000000000001,0.,-1.5));
#5145=CARTESIAN_POINT('',(0.370000000000001,0.,-1.22));
#5146=CARTESIAN_POINT('',(0.370000000000001,0.666476151587624,-1.5));
#5147=CARTESIAN_POINT('Origin',(0.370000000000001,0.666476151587624,-1.5));
#5148=CARTESIAN_POINT('',(0.370000000000001,0.2,-1.5));
#5149=CARTESIAN_POINT('',(0.370000000000001,0.,-1.5));
#5150=CARTESIAN_POINT('Origin',(0.25,0.,-1.22));
#5151=CARTESIAN_POINT('Origin',(-0.749999999999999,0.2,1.22));
#5152=CARTESIAN_POINT('Origin',(0.250000000000001,0.666476151587624,1.22));
#5153=CARTESIAN_POINT('',(0.370000000000001,0.2,1.22));
#5154=CARTESIAN_POINT('',(0.130000000000001,0.2,1.22));
#5155=CARTESIAN_POINT('Origin',(0.250000000000001,0.2,1.22));
#5156=CARTESIAN_POINT('',(0.370000000000001,0.,1.22));
#5157=CARTESIAN_POINT('',(0.370000000000001,0.666476151587624,1.22));
#5158=CARTESIAN_POINT('',(0.130000000000001,0.,1.22));
#5159=CARTESIAN_POINT('Origin',(0.250000000000001,0.,1.22));
#5160=CARTESIAN_POINT('',(0.130000000000001,0.666476151587624,1.22));
#5161=CARTESIAN_POINT('Origin',(0.370000000000001,0.666476151587624,1.22));
#5162=CARTESIAN_POINT('',(0.370000000000001,0.2,1.5));
#5163=CARTESIAN_POINT('',(0.370000000000001,0.2,1.22));
#5164=CARTESIAN_POINT('',(0.370000000000001,0.,1.5));
#5165=CARTESIAN_POINT('',(0.370000000000001,0.666476151587624,1.5));
#5166=CARTESIAN_POINT('',(0.370000000000001,0.,1.22));
#5167=CARTESIAN_POINT('Origin',(0.130000000000001,0.666476151587624,1.22));
#5168=CARTESIAN_POINT('',(0.130000000000001,0.2,1.5));
#5169=CARTESIAN_POINT('',(0.130000000000001,0.2,1.22));
#5170=CARTESIAN_POINT('',(0.130000000000001,0.,1.5));
#5171=CARTESIAN_POINT('',(0.130000000000001,0.,1.22));
#5172=CARTESIAN_POINT('',(0.130000000000001,0.666476151587624,1.5));
#5173=CARTESIAN_POINT('Origin',(0.370000000000001,0.666476151587624,1.5));
#5174=CARTESIAN_POINT('',(0.370000000000001,0.2,1.5));
#5175=CARTESIAN_POINT('',(0.370000000000001,0.,1.5));
#5176=CARTESIAN_POINT('Origin',(0.250000000000001,0.,1.22));
#5177=CARTESIAN_POINT('Origin',(-0.749999999999999,0.2,1.22));
#5178=CARTESIAN_POINT('Origin',(0.630000000000001,0.666476151587624,-1.22));
#5179=CARTESIAN_POINT('',(0.630000000000001,0.2,-1.5));
#5180=CARTESIAN_POINT('',(0.630000000000001,0.2,-1.22));
#5181=CARTESIAN_POINT('',(0.630000000000001,0.2,-1.22));
#5182=CARTESIAN_POINT('',(0.630000000000001,0.,-1.5));
#5183=CARTESIAN_POINT('',(0.630000000000001,0.666476151587624,-1.5));
#5184=CARTESIAN_POINT('',(0.630000000000001,0.,-1.22));
#5185=CARTESIAN_POINT('',(0.630000000000001,0.,-1.22));
#5186=CARTESIAN_POINT('',(0.630000000000001,0.666476151587624,-1.22));
#5187=CARTESIAN_POINT('Origin',(0.750000000000001,0.666476151587624,-1.22));
#5188=CARTESIAN_POINT('',(0.870000000000001,0.2,-1.22));
#5189=CARTESIAN_POINT('Origin',(0.750000000000001,0.2,-1.22));
#5190=CARTESIAN_POINT('',(0.870000000000001,0.,-1.22));
#5191=CARTESIAN_POINT('Origin',(0.750000000000001,0.,-1.22));
#5192=CARTESIAN_POINT('',(0.870000000000001,0.666476151587624,-1.22));
#5193=CARTESIAN_POINT('Origin',(0.870000000000001,0.666476151587624,-1.22));
#5194=CARTESIAN_POINT('',(0.870000000000001,0.2,-1.5));
#5195=CARTESIAN_POINT('',(0.870000000000001,0.2,-1.22));
#5196=CARTESIAN_POINT('',(0.870000000000001,0.,-1.5));
#5197=CARTESIAN_POINT('',(0.870000000000001,0.,-1.22));
#5198=CARTESIAN_POINT('',(0.870000000000001,0.666476151587624,-1.5));
#5199=CARTESIAN_POINT('Origin',(0.870000000000001,0.666476151587624,-1.5));
#5200=CARTESIAN_POINT('',(0.870000000000001,0.2,-1.5));
#5201=CARTESIAN_POINT('',(0.870000000000001,0.,-1.5));
#5202=CARTESIAN_POINT('Origin',(0.750000000000001,0.,-1.22));
#5203=CARTESIAN_POINT('Origin',(-0.749999999999999,0.2,1.22));
#5204=CARTESIAN_POINT('Origin',(0.750000000000001,0.666476151587624,1.22));
#5205=CARTESIAN_POINT('',(0.870000000000001,0.2,1.22));
#5206=CARTESIAN_POINT('',(0.630000000000001,0.2,1.22));
#5207=CARTESIAN_POINT('Origin',(0.750000000000001,0.2,1.22));
#5208=CARTESIAN_POINT('',(0.870000000000001,0.,1.22));
#5209=CARTESIAN_POINT('',(0.870000000000001,0.666476151587624,1.22));
#5210=CARTESIAN_POINT('',(0.630000000000001,0.,1.22));
#5211=CARTESIAN_POINT('Origin',(0.750000000000001,0.,1.22));
#5212=CARTESIAN_POINT('',(0.630000000000001,0.666476151587624,1.22));
#5213=CARTESIAN_POINT('Origin',(0.870000000000001,0.666476151587624,1.22));
#5214=CARTESIAN_POINT('',(0.870000000000001,0.2,1.5));
#5215=CARTESIAN_POINT('',(0.870000000000001,0.2,1.22));
#5216=CARTESIAN_POINT('',(0.870000000000001,0.,1.5));
#5217=CARTESIAN_POINT('',(0.870000000000001,0.666476151587624,1.5));
#5218=CARTESIAN_POINT('',(0.870000000000001,0.,1.22));
#5219=CARTESIAN_POINT('Origin',(0.630000000000001,0.666476151587624,1.22));
#5220=CARTESIAN_POINT('',(0.630000000000001,0.2,1.5));
#5221=CARTESIAN_POINT('',(0.630000000000001,0.2,1.22));
#5222=CARTESIAN_POINT('',(0.630000000000001,0.,1.5));
#5223=CARTESIAN_POINT('',(0.630000000000001,0.,1.22));
#5224=CARTESIAN_POINT('',(0.630000000000001,0.666476151587624,1.5));
#5225=CARTESIAN_POINT('Origin',(0.870000000000001,0.666476151587624,1.5));
#5226=CARTESIAN_POINT('',(0.870000000000001,0.2,1.5));
#5227=CARTESIAN_POINT('',(0.870000000000001,0.,1.5));
#5228=CARTESIAN_POINT('Origin',(0.750000000000001,0.,1.22));
#5229=CARTESIAN_POINT('Origin',(-0.749999999999999,0.2,1.22));
#5230=UNCERTAINTY_MEASURE_WITH_UNIT(LENGTH_MEASURE(0.01),#5234,
'DISTANCE_ACCURACY_VALUE',
'Maximum model space distance between geometric entities at asserted c
onnectivities');
#5231=UNCERTAINTY_MEASURE_WITH_UNIT(LENGTH_MEASURE(0.01),#5234,
'DISTANCE_ACCURACY_VALUE',
'Maximum model space distance between geometric entities at asserted c
onnectivities');
#5232=(
GEOMETRIC_REPRESENTATION_CONTEXT(3)
GLOBAL_UNCERTAINTY_ASSIGNED_CONTEXT((#5230))
GLOBAL_UNIT_ASSIGNED_CONTEXT((#5234,#5236,#5237))
REPRESENTATION_CONTEXT('','3D')
);
#5233=(
GEOMETRIC_REPRESENTATION_CONTEXT(3)
GLOBAL_UNCERTAINTY_ASSIGNED_CONTEXT((#5231))
GLOBAL_UNIT_ASSIGNED_CONTEXT((#5234,#5236,#5237))
REPRESENTATION_CONTEXT('','3D')
);
#5234=(
LENGTH_UNIT()
NAMED_UNIT(*)
SI_UNIT(.MILLI.,.METRE.)
);
#5235=(
LENGTH_UNIT()
NAMED_UNIT(*)
SI_UNIT($,.METRE.)
);
#5236=(
NAMED_UNIT(*)
PLANE_ANGLE_UNIT()
SI_UNIT($,.RADIAN.)
);
#5237=(
NAMED_UNIT(*)
SI_UNIT($,.STERADIAN.)
SOLID_ANGLE_UNIT()
);
#5238=SHAPE_DEFINITION_REPRESENTATION(#5239,#5240);
#5239=PRODUCT_DEFINITION_SHAPE('',$,#5242);
#5240=SHAPE_REPRESENTATION('',(#3202),#5232);
#5241=PRODUCT_DEFINITION_CONTEXT('part definition',#5246,'design');
#5242=PRODUCT_DEFINITION('MA730GQ-Z',
'METUPowerLab_Sensors_Encoders_16-VFQFN v1',#5243,#5241);
#5243=PRODUCT_DEFINITION_FORMATION('',$,#5248);
#5244=PRODUCT_RELATED_PRODUCT_CATEGORY(
'METUPowerLab_Sensors_Encoders_16-VFQFN v1',
'METUPowerLab_Sensors_Encoders_16-VFQFN v1',(#5248));
#5245=APPLICATION_PROTOCOL_DEFINITION('international standard',
'automotive_design',2009,#5246);
#5246=APPLICATION_CONTEXT(
'Core Data for Automotive Mechanical Design Process');
#5247=PRODUCT_CONTEXT('part definition',#5246,'mechanical');
#5248=PRODUCT('MA730GQ-Z','METUPowerLab_Sensors_Encoders_16-VFQFN v1',
'STEP AP214',(#5247));
#5249=PRESENTATION_STYLE_ASSIGNMENT((#5253));
#5250=PRESENTATION_STYLE_ASSIGNMENT((#5254));
#5251=PRESENTATION_STYLE_ASSIGNMENT((#5255));
#5252=PRESENTATION_STYLE_ASSIGNMENT((#5256));
#5253=SURFACE_STYLE_USAGE(.BOTH.,#5257);
#5254=SURFACE_STYLE_USAGE(.BOTH.,#5258);
#5255=SURFACE_STYLE_USAGE(.BOTH.,#5259);
#5256=SURFACE_STYLE_USAGE(.BOTH.,#5260);
#5257=SURFACE_SIDE_STYLE('',(#5261));
#5258=SURFACE_SIDE_STYLE('',(#5262));
#5259=SURFACE_SIDE_STYLE('',(#5263));
#5260=SURFACE_SIDE_STYLE('',(#5264));
#5261=SURFACE_STYLE_FILL_AREA(#5265);
#5262=SURFACE_STYLE_FILL_AREA(#5266);
#5263=SURFACE_STYLE_FILL_AREA(#5267);
#5264=SURFACE_STYLE_FILL_AREA(#5268);
#5265=FILL_AREA_STYLE('Steel - Satin',(#5269));
#5266=FILL_AREA_STYLE('Opaque(202,209,238)',(#5270));
#5267=FILL_AREA_STYLE('Opaque(64,64,64)',(#5271));
#5268=FILL_AREA_STYLE('Opaque(255,255,255)',(#5272));
#5269=FILL_AREA_STYLE_COLOUR('Steel - Satin',#5273);
#5270=FILL_AREA_STYLE_COLOUR('Opaque(202,209,238)',#5274);
#5271=FILL_AREA_STYLE_COLOUR('Opaque(64,64,64)',#5275);
#5272=FILL_AREA_STYLE_COLOUR('Opaque(255,255,255)',#5276);
#5273=COLOUR_RGB('Steel - Satin',0.627450980392157,0.627450980392157,0.627450980392157);
#5274=COLOUR_RGB('Opaque(202,209,238)',0.792156862745098,0.819607843137255,
0.933333333333333);
#5275=COLOUR_RGB('Opaque(64,64,64)',0.250980392156863,0.250980392156863,
0.250980392156863);
#5276=COLOUR_RGB('Opaque(255,255,255)',1.,1.,1.);
ENDSEC;
END-ISO-10303-21;
