ISO-10303-21;
HEADER;
FILE_DESCRIPTION (( 'STEP AP214' ),
    '1' );
FILE_NAME ('RLM-3D.STEP',
    '2011-04-07T07:51:49',
    ( '' ),
    ( '' ),
    'SwSTEP 2.0',
    'SolidWorks 2010',
    '' );
FILE_SCHEMA (( 'AUTOMOTIVE_DESIGN' ));
ENDSEC;

DATA;
#1 = VERTEX_POINT ( 'NONE', #1405 ) ;
#2 = VERTEX_POINT ( 'NONE', #1404 ) ;
#3 = ORIENTED_EDGE ( 'NONE', *, *, #1161, .T. ) ;
#4 = EDGE_LOOP ( 'NONE', ( #12, #5, #54, #5046, #8, #10, #3, #5042 ) ) ;
#5 = ORIENTED_EDGE ( 'NONE', *, *, #98, .T. ) ;
#6 = VERTEX_POINT ( 'NONE', #1398 ) ;
#7 = ORIENTED_EDGE ( 'NONE', *, *, #1278, .F. ) ;
#8 = ORIENTED_EDGE ( 'NONE', *, *, #60, .T. ) ;
#9 = VERTEX_POINT ( 'NONE', #1403 ) ;
#10 = ORIENTED_EDGE ( 'NONE', *, *, #5044, .T. ) ;
#11 = VERTEX_POINT ( 'NONE', #1401 ) ;
#12 = ORIENTED_EDGE ( 'NONE', *, *, #13, .T. ) ;
#13 = EDGE_CURVE ( 'NONE', #1, #6, #1406, .T. ) ;
#14 = VERTEX_POINT ( 'NONE', #1395 ) ;
#15 = EDGE_CURVE ( 'NONE', #406, #1269, #1387, .T. ) ;
#16 = ORIENTED_EDGE ( 'NONE', *, *, #1147, .T. ) ;
#17 = EDGE_CURVE ( 'NONE', #373, #1248, #1394, .T. ) ;
#18 = ADVANCED_FACE ( 'NONE', ( #1389 ), #1381, .T. ) ;
#19 = ORIENTED_EDGE ( 'NONE', *, *, #389, .T. ) ;
#20 = VERTEX_POINT ( 'NONE', #1397 ) ;
#21 = ORIENTED_EDGE ( 'NONE', *, *, #1196, .T. ) ;
#22 = ORIENTED_EDGE ( 'NONE', *, *, #384, .T. ) ;
#23 = ADVANCED_FACE ( 'NONE', ( #1388 ), #1383, .T. ) ;
#24 = ORIENTED_EDGE ( 'NONE', *, *, #34, .F. ) ;
#25 = ORIENTED_EDGE ( 'NONE', *, *, #1276, .F. ) ;
#26 = ORIENTED_EDGE ( 'NONE', *, *, #1263, .F. ) ;
#27 = EDGE_LOOP ( 'NONE', ( #68, #70, #91, #79, #61, #81, #206, #80, #99, #198, #105, #101 ) ) ;
#28 = ORIENTED_EDGE ( 'NONE', *, *, #33, .F. ) ;
#29 = EDGE_LOOP ( 'NONE', ( #26, #24, #47, #43 ) ) ;
#30 = ORIENTED_EDGE ( 'NONE', *, *, #459, .T. ) ;
#31 = ORIENTED_EDGE ( 'NONE', *, *, #17, .T. ) ;
#32 = EDGE_LOOP ( 'NONE', ( #25, #28, #30, #31 ) ) ;
#33 = EDGE_CURVE ( 'NONE', #375, #1264, #1439, .T. ) ;
#34 = EDGE_CURVE ( 'NONE', #380, #1329, #1378, .T. ) ;
#35 = ADVANCED_FACE ( 'NONE', ( #1431 ), #1382, .T. ) ;
#36 = EDGE_LOOP ( 'NONE', ( #44, #45, #56, #58 ) ) ;
#37 = ORIENTED_EDGE ( 'NONE', *, *, #34, .T. ) ;
#38 = EDGE_CURVE ( 'NONE', #393, #1259, #1422, .T. ) ;
#39 = ORIENTED_EDGE ( 'NONE', *, *, #1362, .T. ) ;
#40 = ORIENTED_EDGE ( 'NONE', *, *, #458, .T. ) ;
#41 = ADVANCED_FACE ( 'NONE', ( #1441 ), #1430, .T. ) ;
#42 = VERTEX_POINT ( 'NONE', #1425 ) ;
#43 = ORIENTED_EDGE ( 'NONE', *, *, #33, .T. ) ;
#44 = ORIENTED_EDGE ( 'NONE', *, *, #1268, .F. ) ;
#45 = ORIENTED_EDGE ( 'NONE', *, *, #15, .F. ) ;
#46 = ORIENTED_EDGE ( 'NONE', *, *, #410, .T. ) ;
#47 = ORIENTED_EDGE ( 'NONE', *, *, #374, .T. ) ;
#48 = ORIENTED_EDGE ( 'NONE', *, *, #74, .T. ) ;
#49 = ADVANCED_FACE ( 'NONE', ( #1434 ), #1415, .F. ) ;
#50 = EDGE_LOOP ( 'NONE', ( #39, #48, #78, #64 ) ) ;
#51 = ORIENTED_EDGE ( 'NONE', *, *, #1331, .F. ) ;
#52 = ORIENTED_EDGE ( 'NONE', *, *, #38, .F. ) ;
#53 = EDGE_LOOP ( 'NONE', ( #51, #52, #40, #37 ) ) ;
#54 = ORIENTED_EDGE ( 'NONE', *, *, #1190, .F. ) ;
#55 = ORIENTED_EDGE ( 'NONE', *, *, #1209, .F. ) ;
#56 = ORIENTED_EDGE ( 'NONE', *, *, #378, .T. ) ;
#57 = ORIENTED_EDGE ( 'NONE', *, *, #1260, .F. ) ;
#58 = ORIENTED_EDGE ( 'NONE', *, *, #38, .T. ) ;
#59 = VERTEX_POINT ( 'NONE', #1420 ) ;
#60 = EDGE_CURVE ( 'NONE', #2, #9, #1468, .T. ) ;
#61 = ORIENTED_EDGE ( 'NONE', *, *, #1305, .F. ) ;
#62 = VERTEX_POINT ( 'NONE', #1462 ) ;
#63 = VERTEX_POINT ( 'NONE', #1461 ) ;
#64 = ORIENTED_EDGE ( 'NONE', *, *, #75, .T. ) ;
#65 = EDGE_LOOP ( 'NONE', ( #57, #55, #46, #73 ) ) ;
#66 = ADVANCED_FACE ( 'NONE', ( #1460 ), #1463, .T. ) ;
#67 = EDGE_LOOP ( 'NONE', ( #235, #83, #194, #236, #208, #224, #204, #223, #82, #212, #225, #221 ) ) ;
#68 = ORIENTED_EDGE ( 'NONE', *, *, #1321, .F. ) ;
#69 = VERTEX_POINT ( 'NONE', #1457 ) ;
#70 = ORIENTED_EDGE ( 'NONE', *, *, #72, .F. ) ;
#71 = EDGE_LOOP ( 'NONE', ( #572, #573, #578, #5049 ) ) ;
#72 = EDGE_CURVE ( 'NONE', #62, #1322, #1456, .T. ) ;
#73 = ORIENTED_EDGE ( 'NONE', *, *, #15, .T. ) ;
#74 = EDGE_CURVE ( 'NONE', #1365, #443, #1450, .T. ) ;
#75 = EDGE_CURVE ( 'NONE', #445, #1374, #1504, .T. ) ;
#76 = ADVANCED_FACE ( 'NONE', ( #1466 ), #1454, .F. ) ;
#77 = EDGE_CURVE ( 'NONE', #69, #455, #1498, .T. ) ;
#78 = ORIENTED_EDGE ( 'NONE', *, *, #423, .F. ) ;
#79 = ORIENTED_EDGE ( 'NONE', *, *, #90, .T. ) ;
#80 = ORIENTED_EDGE ( 'NONE', *, *, #77, .F. ) ;
#81 = ORIENTED_EDGE ( 'NONE', *, *, #484, .F. ) ;
#82 = ORIENTED_EDGE ( 'NONE', *, *, #264, .F. ) ;
#83 = ORIENTED_EDGE ( 'NONE', *, *, #238, .F. ) ;
#84 = ORIENTED_EDGE ( 'NONE', *, *, #828, .F. ) ;
#85 = VERTEX_POINT ( 'NONE', #1506 ) ;
#86 = ORIENTED_EDGE ( 'NONE', *, *, #1142, .T. ) ;
#87 = ORIENTED_EDGE ( 'NONE', *, *, #442, .F. ) ;
#88 = ORIENTED_EDGE ( 'NONE', *, *, #1209, .T. ) ;
#89 = VERTEX_POINT ( 'NONE', #1455 ) ;
#90 = EDGE_CURVE ( 'NONE', #100, #1294, #1495, .T. ) ;
#91 = ORIENTED_EDGE ( 'NONE', *, *, #93, .T. ) ;
#92 = ORIENTED_EDGE ( 'NONE', *, *, #1141, .T. ) ;
#93 = EDGE_CURVE ( 'NONE', #62, #100, #1487, .T. ) ;
#94 = DIRECTION ( 'NONE',  ( 0.0000000000000000000, 0.7071067811865462400, 0.7071067811865489100 ) ) ;
#95 = DIRECTION ( 'NONE',  ( -0.9999999702104468400, 0.0000000000000000000, -0.0002440883146812271500 ) ) ;
#96 =( NAMED_UNIT ( * ) SI_UNIT ( $, .STERADIAN. ) SOLID_ANGLE_UNIT ( ) );
#97 = ADVANCED_FACE ( 'NONE', ( #1490 ), #1534, .T. ) ;
#98 = EDGE_CURVE ( 'NONE', #6, #42, #1529, .T. ) ;
#99 = ORIENTED_EDGE ( 'NONE', *, *, #200, .F. ) ;
#100 = VERTEX_POINT ( 'NONE', #1532 ) ;
#101 = ORIENTED_EDGE ( 'NONE', *, *, #411, .F. ) ;
#102 = EDGE_CURVE ( 'NONE', #214, #446, #1533, .T. ) ;
#103 = EDGE_CURVE ( 'NONE', #85, #383, #1528, .T. ) ;
#104 = EDGE_LOOP ( 'NONE', ( #209, #1185, #1174, #323, #792, #255, #1175, #1178, #305, #277, #1191, #1186 ) ) ;
#105 = ORIENTED_EDGE ( 'NONE', *, *, #385, .T. ) ;
#106 = ORIENTED_EDGE ( 'NONE', *, *, #1257, .F. ) ;
#107 = ORIENTED_EDGE ( 'NONE', *, *, #111, .F. ) ;
#108 = ADVANCED_FACE ( 'NONE', ( #1509, #1531 ), #1517, .F. ) ;
#109 = EDGE_CURVE ( 'NONE', #534, #1300, #1563, .T. ) ;
#110 = EDGE_CURVE ( 'NONE', #515, #526, #1559, .T. ) ;
#111 = EDGE_CURVE ( 'NONE', #1348, #59, #1562, .T. ) ;
#112 = ORIENTED_EDGE ( 'NONE', *, *, #907, .F. ) ;
#113 = VERTEX_POINT ( 'NONE', #1549 ) ;
#114 = ORIENTED_EDGE ( 'NONE', *, *, #129, .T. ) ;
#115 = ORIENTED_EDGE ( 'NONE', *, *, #125, .F. ) ;
#116 = ORIENTED_EDGE ( 'NONE', *, *, #514, .T. ) ;
#117 = EDGE_LOOP ( 'NONE', ( #114, #124, #122, #516 ) ) ;
#118 = EDGE_CURVE ( 'NONE', #1149, #113, #1555, .T. ) ;
#119 = ORIENTED_EDGE ( 'NONE', *, *, #1275, .F. ) ;
#120 = ORIENTED_EDGE ( 'NONE', *, *, #136, .F. ) ;
#121 = ORIENTED_EDGE ( 'NONE', *, *, #1226, .F. ) ;
#122 = ORIENTED_EDGE ( 'NONE', *, *, #130, .T. ) ;
#123 = EDGE_LOOP ( 'NONE', ( #128, #121, #119, #116 ) ) ;
#124 = ORIENTED_EDGE ( 'NONE', *, *, #510, .T. ) ;
#125 = EDGE_CURVE ( 'NONE', #360, #362, #1544, .T. ) ;
#126 = ADVANCED_FACE ( 'NONE', ( #1548 ), #1535, .F. ) ;
#127 = EDGE_LOOP ( 'NONE', ( #139, #137, #120, #142, #146, #154, #141, #148, #151, #149, #7, #1412, #1410, #1411, #1409, #1407 ) ) ;
#128 = ORIENTED_EDGE ( 'NONE', *, *, #118, .F. ) ;
#129 = EDGE_CURVE ( 'NONE', #1341, #515, #1597, .T. ) ;
#130 = EDGE_CURVE ( 'NONE', #539, #1205, #1591, .T. ) ;
#131 = ORIENTED_EDGE ( 'NONE', *, *, #359, .F. ) ;
#132 = VERTEX_POINT ( 'NONE', #1592 ) ;
#133 = ADVANCED_FACE ( 'NONE', ( #1585 ), #1598, .T. ) ;
#134 = ADVANCED_FACE ( 'NONE', ( #1537, #1508 ), #1584, .F. ) ;
#135 = EDGE_LOOP ( 'NONE', ( #115, #131 ) ) ;
#136 = EDGE_CURVE ( 'NONE', #140, #1234, #1576, .T. ) ;
#137 = ORIENTED_EDGE ( 'NONE', *, *, #1233, .F. ) ;
#138 = EDGE_CURVE ( 'NONE', #1138, #132, #1583, .T. ) ;
#139 = ORIENTED_EDGE ( 'NONE', *, *, #138, .F. ) ;
#140 = VERTEX_POINT ( 'NONE', #1567 ) ;
#141 = ORIENTED_EDGE ( 'NONE', *, *, #520, .F. ) ;
#142 = ORIENTED_EDGE ( 'NONE', *, *, #144, .F. ) ;
#143 = EDGE_CURVE ( 'NONE', #1334, #526, #1571, .T. ) ;
#144 = EDGE_CURVE ( 'NONE', #1221, #140, #1565, .T. ) ;
#145 = VERTEX_POINT ( 'NONE', #1578 ) ;
#146 = ORIENTED_EDGE ( 'NONE', *, *, #1228, .F. ) ;
#147 = ADVANCED_FACE ( 'NONE', ( #1623 ), #1568, .T. ) ;
#148 = ORIENTED_EDGE ( 'NONE', *, *, #155, .F. ) ;
#149 = ORIENTED_EDGE ( 'NONE', *, *, #1216, .F. ) ;
#150 = EDGE_CURVE ( 'NONE', #1158, #145, #1621, .T. ) ;
#151 = ORIENTED_EDGE ( 'NONE', *, *, #150, .F. ) ;
#152 = ORIENTED_EDGE ( 'NONE', *, *, #157, .F. ) ;
#153 = ORIENTED_EDGE ( 'NONE', *, *, #143, .F. ) ;
#154 = ORIENTED_EDGE ( 'NONE', *, *, #130, .F. ) ;
#155 = EDGE_CURVE ( 'NONE', #145, #521, #1582, .T. ) ;
#156 = ORIENTED_EDGE ( 'NONE', *, *, #1344, .T. ) ;
#157 = EDGE_CURVE ( 'NONE', #1144, #513, #1610, .T. ) ;
#158 = EDGE_CURVE ( 'NONE', #132, #1359, #1603, .T. ) ;
#159 = ORIENTED_EDGE ( 'NONE', *, *, #1202, .T. ) ;
#160 = EDGE_LOOP ( 'NONE', ( #159, #162, #164, #152 ) ) ;
#161 = ORIENTED_EDGE ( 'NONE', *, *, #1336, .T. ) ;
#162 = ORIENTED_EDGE ( 'NONE', *, *, #118, .T. ) ;
#163 = EDGE_LOOP ( 'NONE', ( #161, #175, #169, #168 ) ) ;
#164 = ORIENTED_EDGE ( 'NONE', *, *, #511, .F. ) ;
#165 = EDGE_LOOP ( 'NONE', ( #174, #176, #170, #153 ) ) ;
#166 = ADVANCED_FACE ( 'NONE', ( #1617 ), #1605, .T. ) ;
#167 = EDGE_LOOP ( 'NONE', ( #187, #171, #207, #186 ) ) ;
#168 = ORIENTED_EDGE ( 'NONE', *, *, #129, .F. ) ;
#169 = ORIENTED_EDGE ( 'NONE', *, *, #110, .F. ) ;
#170 = ORIENTED_EDGE ( 'NONE', *, *, #531, .F. ) ;
#171 = ORIENTED_EDGE ( 'NONE', *, *, #177, .T. ) ;
#172 = EDGE_CURVE ( 'NONE', #1300, #9, #1653, .T. ) ;
#173 = EDGE_LOOP ( 'NONE', ( #156, #178, #190, #188 ) ) ;
#174 = ORIENTED_EDGE ( 'NONE', *, *, #1333, .T. ) ;
#175 = ORIENTED_EDGE ( 'NONE', *, *, #143, .T. ) ;
#176 = ORIENTED_EDGE ( 'NONE', *, *, #157, .T. ) ;
#177 = EDGE_CURVE ( 'NONE', #1350, #11, #1599, .T. ) ;
#178 = ORIENTED_EDGE ( 'NONE', *, *, #111, .T. ) ;
#179 = ORIENTED_EDGE ( 'NONE', *, *, #1377, .T. ) ;
#180 = ADVANCED_FACE ( 'NONE', ( #1649 ), #1612, .T. ) ;
#181 = EDGE_LOOP ( 'NONE', ( #197, #226, #210, #202 ) ) ;
#182 = EDGE_LOOP ( 'NONE', ( #189, #201, #205, #185 ) ) ;
#183 = ADVANCED_FACE ( 'NONE', ( #1643 ), #1650, .T. ) ;
#184 = ADVANCED_FACE ( 'NONE', ( #1648 ), #1642, .T. ) ;
#185 = ORIENTED_EDGE ( 'NONE', *, *, #529, .F. ) ;
#186 = ORIENTED_EDGE ( 'NONE', *, *, #172, .F. ) ;
#187 = ORIENTED_EDGE ( 'NONE', *, *, #1337, .T. ) ;
#188 = ORIENTED_EDGE ( 'NONE', *, *, #177, .F. ) ;
#189 = ORIENTED_EDGE ( 'NONE', *, *, #109, .T. ) ;
#190 = ORIENTED_EDGE ( 'NONE', *, *, #1161, .F. ) ;
#191 = EDGE_CURVE ( 'NONE', #434, #1310, #1638, .T. ) ;
#192 = ORIENTED_EDGE ( 'NONE', *, *, #492, .T. ) ;
#193 = ADVANCED_FACE ( 'NONE', ( #1647 ), #1634, .F. ) ;
#194 = ORIENTED_EDGE ( 'NONE', *, *, #244, .T. ) ;
#195 = EDGE_CURVE ( 'NONE', #451, #1287, #1697, .T. ) ;
#196 = EDGE_CURVE ( 'NONE', #493, #1376, #1682, .T. ) ;
#197 = ORIENTED_EDGE ( 'NONE', *, *, #441, .F. ) ;
#198 = ORIENTED_EDGE ( 'NONE', *, *, #103, .T. ) ;
#199 = ORIENTED_EDGE ( 'NONE', *, *, #195, .F. ) ;
#200 = EDGE_CURVE ( 'NONE', #85, #69, #1687, .T. ) ;
#201 = ORIENTED_EDGE ( 'NONE', *, *, #172, .T. ) ;
#202 = ORIENTED_EDGE ( 'NONE', *, *, #220, .F. ) ;
#203 = ORIENTED_EDGE ( 'NONE', *, *, #450, .F. ) ;
#204 = ORIENTED_EDGE ( 'NONE', *, *, #462, .T. ) ;
#205 = ORIENTED_EDGE ( 'NONE', *, *, #60, .F. ) ;
#206 = ORIENTED_EDGE ( 'NONE', *, *, #376, .T. ) ;
#207 = ORIENTED_EDGE ( 'NONE', *, *, #5044, .F. ) ;
#208 = ORIENTED_EDGE ( 'NONE', *, *, #1317, .F. ) ;
#209 = ORIENTED_EDGE ( 'NONE', *, *, #1363, .F. ) ;
#210 = ORIENTED_EDGE ( 'NONE', *, *, #1325, .F. ) ;
#211 = ADVANCED_FACE ( 'NONE', ( #1678 ), #1692, .T. ) ;
#212 = ORIENTED_EDGE ( 'NONE', *, *, #102, .T. ) ;
#213 = EDGE_LOOP ( 'NONE', ( #199, #192, #232, #179 ) ) ;
#214 = VERTEX_POINT ( 'NONE', #1683 ) ;
#215 = EDGE_CURVE ( 'NONE', #438, #1311, #1691, .T. ) ;
#216 = EDGE_LOOP ( 'NONE', ( #258, #243, #263, #259 ) ) ;
#217 = ORIENTED_EDGE ( 'NONE', *, *, #1318, .F. ) ;
#218 = EDGE_LOOP ( 'NONE', ( #245, #231, #217, #234 ) ) ;
#219 = ADVANCED_FACE ( 'NONE', ( #1677 ), #1664, .F. ) ;
#220 = EDGE_CURVE ( 'NONE', #401, #1299, #1663, .T. ) ;
#221 = ORIENTED_EDGE ( 'NONE', *, *, #463, .F. ) ;
#222 = ORIENTED_EDGE ( 'NONE', *, *, #655, .T. ) ;
#223 = ORIENTED_EDGE ( 'NONE', *, *, #103, .F. ) ;
#224 = ORIENTED_EDGE ( 'NONE', *, *, #464, .F. ) ;
#225 = ORIENTED_EDGE ( 'NONE', *, *, #449, .T. ) ;
#226 = ORIENTED_EDGE ( 'NONE', *, *, #215, .T. ) ;
#227 = EDGE_LOOP ( 'NONE', ( #203, #252, #230, #247 ) ) ;
#228 = ORIENTED_EDGE ( 'NONE', *, *, #253, .T. ) ;
#229 = ADVANCED_FACE ( 'NONE', ( #1724 ), #1723, .F. ) ;
#230 = ORIENTED_EDGE ( 'NONE', *, *, #1291, .F. ) ;
#231 = ORIENTED_EDGE ( 'NONE', *, *, #191, .T. ) ;
#232 = ORIENTED_EDGE ( 'NONE', *, *, #196, .T. ) ;
#233 = ORIENTED_EDGE ( 'NONE', *, *, #486, .F. ) ;
#234 = ORIENTED_EDGE ( 'NONE', *, *, #215, .F. ) ;
#235 = ORIENTED_EDGE ( 'NONE', *, *, #1358, .F. ) ;
#236 = ORIENTED_EDGE ( 'NONE', *, *, #72, .T. ) ;
#237 = ADVANCED_FACE ( 'NONE', ( #1714 ), #1673, .T. ) ;
#238 = EDGE_CURVE ( 'NONE', #63, #1353, #1751, .T. ) ;
#239 = ADVANCED_FACE ( 'NONE', ( #1753 ), #1739, .T. ) ;
#240 = ADVANCED_FACE ( 'NONE', ( #1785 ), #1780, .T. ) ;
#241 = EDGE_LOOP ( 'NONE', ( #242, #257, #1279, #1408 ) ) ;
#242 = ORIENTED_EDGE ( 'NONE', *, *, #489, .F. ) ;
#243 = ORIENTED_EDGE ( 'NONE', *, *, #246, .T. ) ;
#244 = EDGE_CURVE ( 'NONE', #63, #62, #1783, .T. ) ;
#245 = ORIENTED_EDGE ( 'NONE', *, *, #440, .F. ) ;
#246 = EDGE_CURVE ( 'NONE', #490, #1319, #1768, .T. ) ;
#247 = ORIENTED_EDGE ( 'NONE', *, *, #191, .F. ) ;
#248 = ORIENTED_EDGE ( 'NONE', *, *, #196, .F. ) ;
#249 = ORIENTED_EDGE ( 'NONE', *, *, #1375, .F. ) ;
#250 = EDGE_LOOP ( 'NONE', ( #233, #228, #249, #248 ) ) ;
#251 = ADVANCED_FACE ( 'NONE', ( #1775 ), #1784, .F. ) ;
#252 = ORIENTED_EDGE ( 'NONE', *, *, #195, .T. ) ;
#253 = EDGE_CURVE ( 'NONE', #503, #1323, #1761, .T. ) ;
#254 = ADVANCED_FACE ( 'NONE', ( #1771 ), #1757, .F. ) ;
#255 = ORIENTED_EDGE ( 'NONE', *, *, #1141, .F. ) ;
#256 = ORIENTED_EDGE ( 'NONE', *, *, #587, .F. ) ;
#257 = ORIENTED_EDGE ( 'NONE', *, *, #261, .T. ) ;
#258 = ORIENTED_EDGE ( 'NONE', *, *, #488, .F. ) ;
#259 = ORIENTED_EDGE ( 'NONE', *, *, #253, .F. ) ;
#260 = EDGE_LOOP ( 'NONE', ( #274, #289, #286, #320 ) ) ;
#261 = EDGE_CURVE ( 'NONE', #501, #1296, #1756, .T. ) ;
#262 = ADVANCED_FACE ( 'NONE', ( #1815 ), #1816, .T. ) ;
#263 = ORIENTED_EDGE ( 'NONE', *, *, #1316, .F. ) ;
#264 = EDGE_CURVE ( 'NONE', #214, #85, #1805, .T. ) ;
#265 = EDGE_CURVE ( 'NONE', #140, #1240, #1763, .T. ) ;
#266 = ORIENTED_EDGE ( 'NONE', *, *, #1212, .F. ) ;
#267 = EDGE_LOOP ( 'NONE', ( #268, #272, #288, #287 ) ) ;
#268 = ORIENTED_EDGE ( 'NONE', *, *, #1245, .T. ) ;
#269 = ORIENTED_EDGE ( 'NONE', *, *, #144, .T. ) ;
#270 = ADVANCED_FACE ( 'NONE', ( #1814 ), #1809, .F. ) ;
#271 = ORIENTED_EDGE ( 'NONE', *, *, #265, .T. ) ;
#272 = ORIENTED_EDGE ( 'NONE', *, *, #265, .F. ) ;
#273 = ORIENTED_EDGE ( 'NONE', *, *, #261, .F. ) ;
#274 = ORIENTED_EDGE ( 'NONE', *, *, #150, .T. ) ;
#275 = EDGE_LOOP ( 'NONE', ( #269, #271, #283, #266 ) ) ;
#276 = ORIENTED_EDGE ( 'NONE', *, *, #138, .T. ) ;
#277 = ORIENTED_EDGE ( 'NONE', *, *, #1193, .T. ) ;
#278 = EDGE_CURVE ( 'NONE', #145, #1199, #1808, .T. ) ;
#279 = ORIENTED_EDGE ( 'NONE', *, *, #1295, .F. ) ;
#280 = ADVANCED_FACE ( 'NONE', ( #1852 ), #1793, .F. ) ;
#281 = EDGE_CURVE ( 'NONE', #294, #214, #1850, .T. ) ;
#282 = ADVANCED_FACE ( 'NONE', ( #1797 ), #1847, .F. ) ;
#283 = ORIENTED_EDGE ( 'NONE', *, *, #1250, .T. ) ;
#284 = ORIENTED_EDGE ( 'NONE', *, *, #1251, .T. ) ;
#285 = ORIENTED_EDGE ( 'NONE', *, *, #304, .T. ) ;
#286 = ORIENTED_EDGE ( 'NONE', *, *, #1286, .T. ) ;
#287 = ORIENTED_EDGE ( 'NONE', *, *, #1235, .F. ) ;
#288 = ORIENTED_EDGE ( 'NONE', *, *, #136, .T. ) ;
#289 = ORIENTED_EDGE ( 'NONE', *, *, #278, .T. ) ;
#290 = EDGE_LOOP ( 'NONE', ( #300, #285, #314, #313 ) ) ;
#291 = ORIENTED_EDGE ( 'NONE', *, *, #278, .F. ) ;
#292 = EDGE_LOOP ( 'NONE', ( #293, #291, #302, #296 ) ) ;
#293 = ORIENTED_EDGE ( 'NONE', *, *, #1282, .T. ) ;
#294 = VERTEX_POINT ( 'NONE', #1835 ) ;
#295 = EDGE_LOOP ( 'NONE', ( #276, #5078, #284, #322 ) ) ;
#296 = ORIENTED_EDGE ( 'NONE', *, *, #524, .F. ) ;
#297 = EDGE_LOOP ( 'NONE', ( #301, #310, #309, #316 ) ) ;
#298 = ADVANCED_FACE ( 'NONE', ( #1838 ), #1836, .F. ) ;
#299 = ADVANCED_FACE ( 'NONE', ( #1789 ), #1832, .F. ) ;
#300 = ORIENTED_EDGE ( 'NONE', *, *, #1413, .T. ) ;
#301 = ORIENTED_EDGE ( 'NONE', *, *, #1247, .T. ) ;
#302 = ORIENTED_EDGE ( 'NONE', *, *, #155, .T. ) ;
#303 = ORIENTED_EDGE ( 'NONE', *, *, #1312, .F. ) ;
#304 = EDGE_CURVE ( 'NONE', #1280, #1255, #1837, .T. ) ;
#305 = ORIENTED_EDGE ( 'NONE', *, *, #281, .F. ) ;
#306 = EDGE_LOOP ( 'NONE', ( #5086, #5084, #19, #21 ) ) ;
#307 = ORIENTED_EDGE ( 'NONE', *, *, #311, .F. ) ;
#308 = ORIENTED_EDGE ( 'NONE', *, *, #1242, .T. ) ;
#309 = ORIENTED_EDGE ( 'NONE', *, *, #1278, .T. ) ;
#310 = ORIENTED_EDGE ( 'NONE', *, *, #304, .F. ) ;
#311 = EDGE_CURVE ( 'NONE', #132, #1266, #1882, .T. ) ;
#312 = EDGE_LOOP ( 'NONE', ( #315, #325, #329, #5021 ) ) ;
#313 = ORIENTED_EDGE ( 'NONE', *, *, #98, .F. ) ;
#314 = ORIENTED_EDGE ( 'NONE', *, *, #1241, .T. ) ;
#315 = ORIENTED_EDGE ( 'NONE', *, *, #347, .F. ) ;
#316 = ORIENTED_EDGE ( 'NONE', *, *, #1218, .F. ) ;
#317 = ADVANCED_FACE ( 'NONE', ( #1883 ), #1807, .F. ) ;
#318 = ADVANCED_FACE ( 'NONE', ( #1878 ), #1877, .F. ) ;
#319 = ORIENTED_EDGE ( 'NONE', *, *, #361, .F. ) ;
#320 = ORIENTED_EDGE ( 'NONE', *, *, #1155, .F. ) ;
#321 = ORIENTED_EDGE ( 'NONE', *, *, #1357, .F. ) ;
#322 = ORIENTED_EDGE ( 'NONE', *, *, #1232, .F. ) ;
#323 = ORIENTED_EDGE ( 'NONE', *, *, #238, .T. ) ;
#324 = ORIENTED_EDGE ( 'NONE', *, *, #158, .T. ) ;
#325 = ORIENTED_EDGE ( 'NONE', *, *, #331, .F. ) ;
#326 = EDGE_LOOP ( 'NONE', ( #303, #5085, #22, #16 ) ) ;
#327 = ADVANCED_FACE ( 'NONE', ( #1876 ), #1872, .F. ) ;
#328 = EDGE_LOOP ( 'NONE', ( #308, #307, #324, #321 ) ) ;
#329 = ORIENTED_EDGE ( 'NONE', *, *, #342, .T. ) ;
#330 = ORIENTED_EDGE ( 'NONE', *, *, #331, .T. ) ;
#331 = EDGE_CURVE ( 'NONE', #352, #348, #1874, .T. ) ;
#332 =( NAMED_UNIT ( * ) PLANE_ANGLE_UNIT ( ) SI_UNIT ( $, .RADIAN. ) );
#333 =( NAMED_UNIT ( * ) SI_UNIT ( $, .STERADIAN. ) SOLID_ANGLE_UNIT ( ) );
#334 = UNCERTAINTY_MEASURE_WITH_UNIT (LENGTH_MEASURE( 1.000000000000000100E-005 ), #1473, 'distance_accuracy_value', 'NONE');
#335 = ADVANCED_FACE ( 'NONE', ( #1868 ), #1873, .F. ) ;
#336 = ORIENTED_EDGE ( 'NONE', *, *, #220, .T. ) ;
#337 = EDGE_LOOP ( 'NONE', ( #339, #346, #353, #412 ) ) ;
#338 = ADVANCED_FACE ( 'NONE', ( #1914 ), #1862, .F. ) ;
#339 = ORIENTED_EDGE ( 'NONE', *, *, #416, .F. ) ;
#340 = ORIENTED_EDGE ( 'NONE', *, *, #415, .T. ) ;
#341 = ORIENTED_EDGE ( 'NONE', *, *, #347, .T. ) ;
#342 = EDGE_CURVE ( 'NONE', #352, #343, #1859, .T. ) ;
#343 = VERTEX_POINT ( 'NONE', #1905 ) ;
#344 = ADVANCED_FACE ( 'NONE', ( #1904 ), #1911, .F. ) ;
#345 = EDGE_CURVE ( 'NONE', #348, #352, #1871, .T. ) ;
#346 = ORIENTED_EDGE ( 'NONE', *, *, #357, .T. ) ;
#347 = EDGE_CURVE ( 'NONE', #348, #351, #1864, .T. ) ;
#348 = VERTEX_POINT ( 'NONE', #1901 ) ;
#349 = VERTEX_POINT ( 'NONE', #1890 ) ;
#350 = ORIENTED_EDGE ( 'NONE', *, *, #345, .F. ) ;
#351 = VERTEX_POINT ( 'NONE', #1944 ) ;
#352 = VERTEX_POINT ( 'NONE', #1891 ) ;
#353 = ORIENTED_EDGE ( 'NONE', *, *, #399, .T. ) ;
#354 = VERTEX_POINT ( 'NONE', #1896 ) ;
#355 = ORIENTED_EDGE ( 'NONE', *, *, #359, .T. ) ;
#356 = ORIENTED_EDGE ( 'NONE', *, *, #361, .T. ) ;
#357 = EDGE_CURVE ( 'NONE', #354, #364, #1900, .T. ) ;
#358 = VERTEX_POINT ( 'NONE', #1941 ) ;
#359 = EDGE_CURVE ( 'NONE', #362, #360, #1939, .T. ) ;
#360 = VERTEX_POINT ( 'NONE', #1935 ) ;
#361 = EDGE_CURVE ( 'NONE', #367, #362, #1931, .T. ) ;
#362 = VERTEX_POINT ( 'NONE', #1943 ) ;
#363 = EDGE_CURVE ( 'NONE', #370, #360, #1924, .T. ) ;
#364 = VERTEX_POINT ( 'NONE', #1926 ) ;
#365 = EDGE_CURVE ( 'NONE', #367, #370, #1925, .T. ) ;
#366 = EDGE_LOOP ( 'NONE', ( #369, #356, #355, #368 ) ) ;
#367 = VERTEX_POINT ( 'NONE', #1919 ) ;
#368 = ORIENTED_EDGE ( 'NONE', *, *, #363, .F. ) ;
#369 = ORIENTED_EDGE ( 'NONE', *, *, #365, .F. ) ;
#370 = VERTEX_POINT ( 'NONE', #1936 ) ;
#371 = EDGE_LOOP ( 'NONE', ( #1139, #1236, #1146, #1145 ) ) ;
#372 = MANIFOLD_SOLID_BREP ( 'Boss-Extrude9', #1168 ) ;
#373 = VERTEX_POINT ( 'NONE', #1915 ) ;
#374 = EDGE_CURVE ( 'NONE', #380, #375, #1953, .T. ) ;
#375 = VERTEX_POINT ( 'NONE', #1954 ) ;
#376 = EDGE_CURVE ( 'NONE', #454, #455, #1949, .T. ) ;
#377 = ORIENTED_EDGE ( 'NONE', *, *, #382, .T. ) ;
#378 = EDGE_CURVE ( 'NONE', #406, #393, #2004, .T. ) ;
#379 = EDGE_LOOP ( 'NONE', ( #381, #377, #388, #461, #386, #390, #398, #453, #428, #425, #435, #431, #427 ) ) ;
#380 = VERTEX_POINT ( 'NONE', #1947 ) ;
#381 = ORIENTED_EDGE ( 'NONE', *, *, #376, .F. ) ;
#382 = EDGE_CURVE ( 'NONE', #454, #354, #1968, .T. ) ;
#383 = VERTEX_POINT ( 'NONE', #1997 ) ;
#384 = EDGE_CURVE ( 'NONE', #387, #409, #1955, .T. ) ;
#385 = EDGE_CURVE ( 'NONE', #383, #349, #1990, .T. ) ;
#386 = ORIENTED_EDGE ( 'NONE', *, *, #462, .F. ) ;
#387 = VERTEX_POINT ( 'NONE', #1988 ) ;
#388 = ORIENTED_EDGE ( 'NONE', *, *, #416, .T. ) ;
#389 = EDGE_CURVE ( 'NONE', #373, #387, #1998, .T. ) ;
#390 = ORIENTED_EDGE ( 'NONE', *, *, #391, .T. ) ;
#391 = EDGE_CURVE ( 'NONE', #392, #358, #1983, .T. ) ;
#392 = VERTEX_POINT ( 'NONE', #2005 ) ;
#393 = VERTEX_POINT ( 'NONE', #1969 ) ;
#394 = ORIENTED_EDGE ( 'NONE', *, *, #485, .T. ) ;
#395 = ORIENTED_EDGE ( 'NONE', *, *, #374, .F. ) ;
#396 = ORIENTED_EDGE ( 'NONE', *, *, #459, .F. ) ;
#397 = ORIENTED_EDGE ( 'NONE', *, *, #404, .T. ) ;
#398 = ORIENTED_EDGE ( 'NONE', *, *, #449, .F. ) ;
#399 = EDGE_CURVE ( 'NONE', #364, #403, #1722, .T. ) ;
#400 = EDGE_LOOP ( 'NONE', ( #402, #397, #408, #460, #396, #395, #457, #456 ) ) ;
#401 = VERTEX_POINT ( 'NONE', #2035 ) ;
#402 = ORIENTED_EDGE ( 'NONE', *, *, #410, .F. ) ;
#403 = VERTEX_POINT ( 'NONE', #2032 ) ;
#404 = EDGE_CURVE ( 'NONE', #405, #409, #2027, .T. ) ;
#405 = VERTEX_POINT ( 'NONE', #2030 ) ;
#406 = VERTEX_POINT ( 'NONE', #2028 ) ;
#407 = ADVANCED_FACE ( 'NONE', ( #2023, #2034 ), #2031, .F. ) ;
#408 = ORIENTED_EDGE ( 'NONE', *, *, #384, .F. ) ;
#409 = VERTEX_POINT ( 'NONE', #2021 ) ;
#410 = EDGE_CURVE ( 'NONE', #405, #406, #2022, .T. ) ;
#411 = EDGE_CURVE ( 'NONE', #403, #349, #2020, .T. ) ;
#412 = ORIENTED_EDGE ( 'NONE', *, *, #411, .T. ) ;
#413 = EDGE_LOOP ( 'NONE', ( #350, #341, #340, #414 ) ) ;
#414 = ORIENTED_EDGE ( 'NONE', *, *, #342, .F. ) ;
#415 = EDGE_CURVE ( 'NONE', #351, #343, #2016, .T. ) ;
#416 = EDGE_CURVE ( 'NONE', #354, #349, #2029, .T. ) ;
#417 = EDGE_CURVE ( 'NONE', #502, #497, #2061, .T. ) ;
#418 = ORIENTED_EDGE ( 'NONE', *, *, #494, .F. ) ;
#419 = ORIENTED_EDGE ( 'NONE', *, *, #496, .F. ) ;
#420 = ORIENTED_EDGE ( 'NONE', *, *, #417, .F. ) ;
#421 = ORIENTED_EDGE ( 'NONE', *, *, #486, .T. ) ;
#422 = ORIENTED_EDGE ( 'NONE', *, *, #492, .F. ) ;
#423 = EDGE_CURVE ( 'NONE', #445, #443, #2068, .T. ) ;
#424 = VERTEX_POINT ( 'NONE', #2015 ) ;
#425 = ORIENTED_EDGE ( 'NONE', *, *, #452, .F. ) ;
#426 = ORIENTED_EDGE ( 'NONE', *, *, #481, .F. ) ;
#427 = ORIENTED_EDGE ( 'NONE', *, *, #432, .F. ) ;
#428 = ORIENTED_EDGE ( 'NONE', *, *, #442, .T. ) ;
#429 = EDGE_CURVE ( 'NONE', #424, #446, #2056, .T. ) ;
#430 = EDGE_LOOP ( 'NONE', ( #448, #437, #433, #394, #487, #500, #421, #422 ) ) ;
#431 = ORIENTED_EDGE ( 'NONE', *, *, #423, .T. ) ;
#432 = EDGE_CURVE ( 'NONE', #455, #443, #2064, .T. ) ;
#433 = ORIENTED_EDGE ( 'NONE', *, *, #441, .T. ) ;
#434 = VERTEX_POINT ( 'NONE', #2052 ) ;
#435 = ORIENTED_EDGE ( 'NONE', *, *, #447, .F. ) ;
#436 = ADVANCED_FACE ( 'NONE', ( #2040, #2050 ), #2062, .T. ) ;
#437 = ORIENTED_EDGE ( 'NONE', *, *, #440, .T. ) ;
#438 = VERTEX_POINT ( 'NONE', #2037 ) ;
#439 = VERTEX_POINT ( 'NONE', #2094 ) ;
#440 = EDGE_CURVE ( 'NONE', #434, #438, #2057, .T. ) ;
#441 = EDGE_CURVE ( 'NONE', #438, #401, #2038, .T. ) ;
#442 = EDGE_CURVE ( 'NONE', #424, #444, #2074, .T. ) ;
#443 = VERTEX_POINT ( 'NONE', #2039 ) ;
#444 = VERTEX_POINT ( 'NONE', #2125 ) ;
#445 = VERTEX_POINT ( 'NONE', #2121 ) ;
#446 = VERTEX_POINT ( 'NONE', #2120 ) ;
#447 = EDGE_CURVE ( 'NONE', #445, #439, #2112, .T. ) ;
#448 = ORIENTED_EDGE ( 'NONE', *, *, #450, .T. ) ;
#449 = EDGE_CURVE ( 'NONE', #446, #358, #2116, .T. ) ;
#450 = EDGE_CURVE ( 'NONE', #451, #434, #2117, .T. ) ;
#451 = VERTEX_POINT ( 'NONE', #2118 ) ;
#452 = EDGE_CURVE ( 'NONE', #439, #444, #2098, .T. ) ;
#453 = ORIENTED_EDGE ( 'NONE', *, *, #429, .F. ) ;
#454 = VERTEX_POINT ( 'NONE', #2102 ) ;
#455 = VERTEX_POINT ( 'NONE', #2099 ) ;
#456 = ORIENTED_EDGE ( 'NONE', *, *, #378, .F. ) ;
#457 = ORIENTED_EDGE ( 'NONE', *, *, #458, .F. ) ;
#458 = EDGE_CURVE ( 'NONE', #393, #380, #2104, .T. ) ;
#459 = EDGE_CURVE ( 'NONE', #375, #373, #2153, .T. ) ;
#460 = ORIENTED_EDGE ( 'NONE', *, *, #389, .F. ) ;
#461 = ORIENTED_EDGE ( 'NONE', *, *, #385, .F. ) ;
#462 = EDGE_CURVE ( 'NONE', #392, #383, #2154, .T. ) ;
#463 = EDGE_CURVE ( 'NONE', #468, #358, #2145, .T. ) ;
#464 = EDGE_CURVE ( 'NONE', #392, #471, #2138, .T. ) ;
#465 = ADVANCED_FACE ( 'NONE', ( #2139 ), #2140, .F. ) ;
#466 = ORIENTED_EDGE ( 'NONE', *, *, #391, .F. ) ;
#467 = ORIENTED_EDGE ( 'NONE', *, *, #463, .T. ) ;
#468 = VERTEX_POINT ( 'NONE', #2130 ) ;
#469 = EDGE_CURVE ( 'NONE', #471, #468, #2128, .T. ) ;
#470 = ORIENTED_EDGE ( 'NONE', *, *, #464, .T. ) ;
#471 = VERTEX_POINT ( 'NONE', #2152 ) ;
#472 = ADVANCED_FACE ( 'NONE', ( #2131 ), #2129, .F. ) ;
#473 = EDGE_LOOP ( 'NONE', ( #475, #467, #466, #470 ) ) ;
#474 = EDGE_CURVE ( 'NONE', #479, #364, #2174, .T. ) ;
#475 = ORIENTED_EDGE ( 'NONE', *, *, #469, .T. ) ;
#476 = EDGE_LOOP ( 'NONE', ( #86, #1136, #87, #92 ) ) ;
#477 = ORIENTED_EDGE ( 'NONE', *, *, #474, .T. ) ;
#478 = ORIENTED_EDGE ( 'NONE', *, *, #484, .T. ) ;
#479 = VERTEX_POINT ( 'NONE', #2177 ) ;
#480 = EDGE_LOOP ( 'NONE', ( #499, #482, #478, #477 ) ) ;
#481 = EDGE_CURVE ( 'NONE', #497, #495, #2167, .T. ) ;
#482 = ORIENTED_EDGE ( 'NONE', *, *, #382, .F. ) ;
#483 = ADVANCED_FACE ( 'NONE', ( #2180 ), #2141, .F. ) ;
#484 = EDGE_CURVE ( 'NONE', #454, #479, #2133, .T. ) ;
#485 = EDGE_CURVE ( 'NONE', #401, #501, #2218, .T. ) ;
#486 = EDGE_CURVE ( 'NONE', #503, #493, #2169, .T. ) ;
#487 = ORIENTED_EDGE ( 'NONE', *, *, #489, .T. ) ;
#488 = EDGE_CURVE ( 'NONE', #490, #503, #2210, .T. ) ;
#489 = EDGE_CURVE ( 'NONE', #501, #490, #2157, .T. ) ;
#490 = VERTEX_POINT ( 'NONE', #2211 ) ;
#491 = EDGE_LOOP ( 'NONE', ( #420, #419, #418, #426 ) ) ;
#492 = EDGE_CURVE ( 'NONE', #451, #493, #2199, .T. ) ;
#493 = VERTEX_POINT ( 'NONE', #2202 ) ;
#494 = EDGE_CURVE ( 'NONE', #495, #498, #2200, .T. ) ;
#495 = VERTEX_POINT ( 'NONE', #2201 ) ;
#496 = EDGE_CURVE ( 'NONE', #498, #502, #2191, .T. ) ;
#497 = VERTEX_POINT ( 'NONE', #2189 ) ;
#498 = VERTEX_POINT ( 'NONE', #2188 ) ;
#499 = ORIENTED_EDGE ( 'NONE', *, *, #357, .F. ) ;
#500 = ORIENTED_EDGE ( 'NONE', *, *, #488, .T. ) ;
#501 = VERTEX_POINT ( 'NONE', #2203 ) ;
#502 = VERTEX_POINT ( 'NONE', #2206 ) ;
#503 = VERTEX_POINT ( 'NONE', #2241 ) ;
#504 = ORIENTED_EDGE ( 'NONE', *, *, #505, .F. ) ;
#505 = EDGE_CURVE ( 'NONE', #1252, #534, #2245, .T. ) ;
#506 = ORIENTED_EDGE ( 'NONE', *, *, #529, .T. ) ;
#507 = ORIENTED_EDGE ( 'NONE', *, *, #541, .F. ) ;
#508 = ORIENTED_EDGE ( 'NONE', *, *, #514, .F. ) ;
#509 = ORIENTED_EDGE ( 'NONE', *, *, #1131, .T. ) ;
#510 = EDGE_CURVE ( 'NONE', #515, #539, #2239, .T. ) ;
#511 = EDGE_CURVE ( 'NONE', #513, #113, #2244, .T. ) ;
#512 = EDGE_LOOP ( 'NONE', ( #507, #535 ) ) ;
#513 = VERTEX_POINT ( 'NONE', #2232 ) ;
#514 = EDGE_CURVE ( 'NONE', #1272, #113, #2227, .T. ) ;
#515 = VERTEX_POINT ( 'NONE', #2225 ) ;
#516 = ORIENTED_EDGE ( 'NONE', *, *, #1335, .F. ) ;
#517 = ORIENTED_EDGE ( 'NONE', *, *, #5032, .F. ) ;
#518 = ADVANCED_FACE ( 'NONE', ( #2240 ), #2243, .F. ) ;
#519 = ORIENTED_EDGE ( 'NONE', *, *, #520, .T. ) ;
#520 = EDGE_CURVE ( 'NONE', #521, #539, #1977, .T. ) ;
#521 = VERTEX_POINT ( 'NONE', #2192 ) ;
#522 = EDGE_LOOP ( 'NONE', ( #537, #525, #519, #538, #530, #523, #536, #508 ) ) ;
#523 = ORIENTED_EDGE ( 'NONE', *, *, #531, .T. ) ;
#524 = EDGE_CURVE ( 'NONE', #1283, #521, #1740, .T. ) ;
#525 = ORIENTED_EDGE ( 'NONE', *, *, #524, .T. ) ;
#526 = VERTEX_POINT ( 'NONE', #2270 ) ;
#527 = ORIENTED_EDGE ( 'NONE', *, *, #1159, .F. ) ;
#528 = ORIENTED_EDGE ( 'NONE', *, *, #505, .T. ) ;
#529 = EDGE_CURVE ( 'NONE', #534, #2, #2266, .T. ) ;
#530 = ORIENTED_EDGE ( 'NONE', *, *, #110, .T. ) ;
#531 = EDGE_CURVE ( 'NONE', #526, #513, #2260, .T. ) ;
#532 = ORIENTED_EDGE ( 'NONE', *, *, #1349, .T. ) ;
#533 = ADVANCED_FACE ( 'NONE', ( #2262 ), #2271, .F. ) ;
#534 = VERTEX_POINT ( 'NONE', #2267 ) ;
#535 = ORIENTED_EDGE ( 'NONE', *, *, #415, .F. ) ;
#536 = ORIENTED_EDGE ( 'NONE', *, *, #511, .T. ) ;
#537 = ORIENTED_EDGE ( 'NONE', *, *, #1277, .F. ) ;
#538 = ORIENTED_EDGE ( 'NONE', *, *, #510, .F. ) ;
#539 = VERTEX_POINT ( 'NONE', #2268 ) ;
#540 = EDGE_LOOP ( 'NONE', ( #506, #517, #106, #528 ) ) ;
#541 = EDGE_CURVE ( 'NONE', #343, #351, #2252, .T. ) ;
#542 = EDGE_LOOP ( 'NONE', ( #107, #532, #543, #527 ) ) ;
#543 = ORIENTED_EDGE ( 'NONE', *, *, #545, .T. ) ;
#544 = ORIENTED_EDGE ( 'NONE', *, *, #109, .F. ) ;
#545 = EDGE_CURVE ( 'NONE', #1351, #1, #2247, .T. ) ;
#546 = EDGE_CURVE ( 'NONE', #570, #566, #2302, .T. ) ;
#547 = VERTEX_POINT ( 'NONE', #2303 ) ;
#548 = EDGE_CURVE ( 'NONE', #566, #580, #2295, .T. ) ;
#549 = EDGE_CURVE ( 'NONE', #547, #562, #2296, .T. ) ;
#550 = ORIENTED_EDGE ( 'NONE', *, *, #624, .T. ) ;
#551 = ORIENTED_EDGE ( 'NONE', *, *, #548, .T. ) ;
#552 = EDGE_LOOP ( 'NONE', ( #553, #554, #569, #550 ) ) ;
#553 = ORIENTED_EDGE ( 'NONE', *, *, #549, .T. ) ;
#554 = ORIENTED_EDGE ( 'NONE', *, *, #555, .T. ) ;
#555 = EDGE_CURVE ( 'NONE', #562, #579, #2291, .T. ) ;
#556 = VERTEX_POINT ( 'NONE', #2284 ) ;
#557 = VERTEX_POINT ( 'NONE', #2304 ) ;
#558 = ORIENTED_EDGE ( 'NONE', *, *, #585, .T. ) ;
#559 = EDGE_CURVE ( 'NONE', #577, #583, #2281, .T. ) ;
#560 = EDGE_CURVE ( 'NONE', #583, #5055, #2285, .T. ) ;
#561 = EDGE_CURVE ( 'NONE', #580, #581, #2273, .T. ) ;
#562 = VERTEX_POINT ( 'NONE', #2272 ) ;
#563 = ORIENTED_EDGE ( 'NONE', *, *, #560, .T. ) ;
#564 = EDGE_LOOP ( 'NONE', ( #565, #633, #576, #551 ) ) ;
#565 = ORIENTED_EDGE ( 'NONE', *, *, #561, .T. ) ;
#566 = VERTEX_POINT ( 'NONE', #2286 ) ;
#567 = EDGE_CURVE ( 'NONE', #581, #570, #2333, .T. ) ;
#568 = ORIENTED_EDGE ( 'NONE', *, *, #609, .T. ) ;
#569 = ORIENTED_EDGE ( 'NONE', *, *, #620, .T. ) ;
#570 = VERTEX_POINT ( 'NONE', #2298 ) ;
#571 = EDGE_CURVE ( 'NONE', #5059, #5034, #2335, .T. ) ;
#572 = ORIENTED_EDGE ( 'NONE', *, *, #494, .T. ) ;
#573 = ORIENTED_EDGE ( 'NONE', *, *, #5051, .F. ) ;
#574 = ADVANCED_FACE ( 'NONE', ( #2322 ), #2277, .F. ) ;
#575 = EDGE_LOOP ( 'NONE', ( #584, #558, #5047, #563 ) ) ;
#576 = ORIENTED_EDGE ( 'NONE', *, *, #546, .T. ) ;
#577 = VERTEX_POINT ( 'NONE', #2306 ) ;
#578 = ORIENTED_EDGE ( 'NONE', *, *, #571, .F. ) ;
#579 = VERTEX_POINT ( 'NONE', #2368 ) ;
#580 = VERTEX_POINT ( 'NONE', #2318 ) ;
#581 = VERTEX_POINT ( 'NONE', #2317 ) ;
#582 = ADVANCED_FACE ( 'NONE', ( #2356, #2323, #2362, #2360, #2359, #2357, #2355, #2354, #2353 ), #2369, .T. ) ;
#583 = VERTEX_POINT ( 'NONE', #2351 ) ;
#584 = ORIENTED_EDGE ( 'NONE', *, *, #5072, .T. ) ;
#585 = EDGE_CURVE ( 'NONE', #5056, #577, #2330, .T. ) ;
#586 = EDGE_LOOP ( 'NONE', ( #623, #629, #626, #568 ) ) ;
#587 = EDGE_CURVE ( 'NONE', #5040, #5039, #2361, .T. ) ;
#588 = EDGE_CURVE ( 'NONE', #604, #605, #2389, .T. ) ;
#589 = ORIENTED_EDGE ( 'NONE', *, *, #588, .T. ) ;
#590 = ORIENTED_EDGE ( 'NONE', *, *, #591, .T. ) ;
#591 = EDGE_CURVE ( 'NONE', #605, #20, #2395, .T. ) ;
#592 = ORIENTED_EDGE ( 'NONE', *, *, #619, .T. ) ;
#593 = EDGE_CURVE ( 'NONE', #611, #615, #2380, .T. ) ;
#594 = EDGE_CURVE ( 'NONE', #599, #596, #2373, .T. ) ;
#595 = ORIENTED_EDGE ( 'NONE', *, *, #606, .T. ) ;
#596 = VERTEX_POINT ( 'NONE', #2425 ) ;
#597 = ORIENTED_EDGE ( 'NONE', *, *, #594, .T. ) ;
#598 = VERTEX_POINT ( 'NONE', #2381 ) ;
#599 = VERTEX_POINT ( 'NONE', #2424 ) ;
#600 = ORIENTED_EDGE ( 'NONE', *, *, #601, .T. ) ;
#601 = EDGE_CURVE ( 'NONE', #596, #598, #2423, .T. ) ;
#602 = VERTEX_POINT ( 'NONE', #2383 ) ;
#603 = EDGE_CURVE ( 'NONE', #598, #602, #2374, .T. ) ;
#604 = VERTEX_POINT ( 'NONE', #2422 ) ;
#605 = VERTEX_POINT ( 'NONE', #2376 ) ;
#606 = EDGE_CURVE ( 'NONE', #602, #599, #2414, .T. ) ;
#607 = ORIENTED_EDGE ( 'NONE', *, *, #593, .T. ) ;
#608 = EDGE_LOOP ( 'NONE', ( #613, #618, #592, #607 ) ) ;
#609 = EDGE_CURVE ( 'NONE', #630, #621, #2409, .T. ) ;
#610 = EDGE_CURVE ( 'NONE', #615, #557, #2405, .T. ) ;
#611 = VERTEX_POINT ( 'NONE', #2413 ) ;
#612 = ORIENTED_EDGE ( 'NONE', *, *, #603, .T. ) ;
#613 = ORIENTED_EDGE ( 'NONE', *, *, #610, .T. ) ;
#614 = VERTEX_POINT ( 'NONE', #2400 ) ;
#615 = VERTEX_POINT ( 'NONE', #2418 ) ;
#616 = EDGE_CURVE ( 'NONE', #557, #614, #2399, .T. ) ;
#617 = ORIENTED_EDGE ( 'NONE', *, *, #716, .F. ) ;
#618 = ORIENTED_EDGE ( 'NONE', *, *, #616, .T. ) ;
#619 = EDGE_CURVE ( 'NONE', #614, #611, #2459, .T. ) ;
#620 = EDGE_CURVE ( 'NONE', #579, #556, #2455, .T. ) ;
#621 = VERTEX_POINT ( 'NONE', #2454 ) ;
#622 = VERTEX_POINT ( 'NONE', #2453 ) ;
#623 = ORIENTED_EDGE ( 'NONE', *, *, #625, .T. ) ;
#624 = EDGE_CURVE ( 'NONE', #556, #547, #2460, .T. ) ;
#625 = EDGE_CURVE ( 'NONE', #621, #622, #2401, .T. ) ;
#626 = ORIENTED_EDGE ( 'NONE', *, *, #632, .T. ) ;
#627 = EDGE_LOOP ( 'NONE', ( #597, #600, #612, #595 ) ) ;
#628 = EDGE_CURVE ( 'NONE', #622, #631, #2441, .T. ) ;
#629 = ORIENTED_EDGE ( 'NONE', *, *, #628, .T. ) ;
#630 = VERTEX_POINT ( 'NONE', #2448 ) ;
#631 = VERTEX_POINT ( 'NONE', #2438 ) ;
#632 = EDGE_CURVE ( 'NONE', #631, #630, #2429, .T. ) ;
#633 = ORIENTED_EDGE ( 'NONE', *, *, #567, .T. ) ;
#634 = ORIENTED_EDGE ( 'NONE', *, *, #640, .F. ) ;
#635 = VERTEX_POINT ( 'NONE', #2434 ) ;
#636 = EDGE_LOOP ( 'NONE', ( #634, #704, #701 ) ) ;
#637 = ADVANCED_FACE ( 'NONE', ( #2445 ), #2447, .T. ) ;
#638 = ORIENTED_EDGE ( 'NONE', *, *, #639, .F. ) ;
#639 = EDGE_CURVE ( 'NONE', #643, #635, #2473, .T. ) ;
#640 = EDGE_CURVE ( 'NONE', #641, #635, #2468, .T. ) ;
#641 = VERTEX_POINT ( 'NONE', #2219 ) ;
#642 = EDGE_CURVE ( 'NONE', #651, #652, #2479, .T. ) ;
#643 = VERTEX_POINT ( 'NONE', #2516 ) ;
#644 = ORIENTED_EDGE ( 'NONE', *, *, #650, .F. ) ;
#645 = ORIENTED_EDGE ( 'NONE', *, *, #658, .T. ) ;
#646 = ORIENTED_EDGE ( 'NONE', *, *, #5048, .T. ) ;
#647 = EDGE_CURVE ( 'NONE', #652, #673, #2517, .T. ) ;
#648 = ORIENTED_EDGE ( 'NONE', *, *, #5058, .T. ) ;
#649 = ORIENTED_EDGE ( 'NONE', *, *, #587, .T. ) ;
#650 = EDGE_CURVE ( 'NONE', #635, #651, #2513, .T. ) ;
#651 = VERTEX_POINT ( 'NONE', #2508 ) ;
#652 = VERTEX_POINT ( 'NONE', #2503 ) ;
#653 = ORIENTED_EDGE ( 'NONE', *, *, #571, .T. ) ;
#654 = ADVANCED_FACE ( 'NONE', ( #2499 ), #2504, .T. ) ;
#655 = EDGE_CURVE ( 'NONE', #20, #659, #2547, .T. ) ;
#656 = EDGE_LOOP ( 'NONE', ( #646, #649, #648, #653 ) ) ;
#657 = VERTEX_POINT ( 'NONE', #2497 ) ;
#658 = EDGE_CURVE ( 'NONE', #664, #657, #2537, .T. ) ;
#659 = VERTEX_POINT ( 'NONE', #2543 ) ;
#660 = VERTEX_POINT ( 'NONE', #2534 ) ;
#661 = EDGE_LOOP ( 'NONE', ( #708, #712, #714 ) ) ;
#662 = ORIENTED_EDGE ( 'NONE', *, *, #665, .T. ) ;
#663 = EDGE_LOOP ( 'NONE', ( #668, #667, #671, #645 ) ) ;
#664 = VERTEX_POINT ( 'NONE', #2527 ) ;
#665 = EDGE_CURVE ( 'NONE', #659, #604, #2542, .T. ) ;
#666 = EDGE_CURVE ( 'NONE', #657, #660, #2528, .T. ) ;
#667 = ORIENTED_EDGE ( 'NONE', *, *, #669, .T. ) ;
#668 = ORIENTED_EDGE ( 'NONE', *, *, #666, .T. ) ;
#669 = EDGE_CURVE ( 'NONE', #660, #673, #2525, .T. ) ;
#670 = ORIENTED_EDGE ( 'NONE', *, *, #709, .T. ) ;
#671 = ORIENTED_EDGE ( 'NONE', *, *, #672, .T. ) ;
#672 = EDGE_CURVE ( 'NONE', #673, #664, #2524, .T. ) ;
#673 = VERTEX_POINT ( 'NONE', #2574 ) ;
#674 = EDGE_LOOP ( 'NONE', ( #589, #590, #222, #662 ) ) ;
#675 = ADVANCED_FACE ( 'NONE', ( #2573 ), #2568, .T. ) ;
#676 = ORIENTED_EDGE ( 'NONE', *, *, #640, .T. ) ;
#677 = ORIENTED_EDGE ( 'NONE', *, *, #658, .F. ) ;
#678 = ORIENTED_EDGE ( 'NONE', *, *, #666, .F. ) ;
#679 = EDGE_CURVE ( 'NONE', #635, #657, #2552, .T. ) ;
#680 = VERTEX_POINT ( 'NONE', #2566 ) ;
#681 = ORIENTED_EDGE ( 'NONE', *, *, #679, .T. ) ;
#682 = ORIENTED_EDGE ( 'NONE', *, *, #669, .F. ) ;
#683 = EDGE_CURVE ( 'NONE', #651, #660, #2565, .T. ) ;
#684 = ADVANCED_FACE ( 'NONE', ( #2596 ), #2594, .T. ) ;
#685 = EDGE_CURVE ( 'NONE', #740, #741, #2595, .T. ) ;
#686 = EDGE_LOOP ( 'NONE', ( #682, #742, #744, #747 ) ) ;
#687 = ADVANCED_FACE ( 'NONE', ( #2591 ), #2623, .T. ) ;
#688 = EDGE_LOOP ( 'NONE', ( #677, #693, #676, #681 ) ) ;
#689 = ORIENTED_EDGE ( 'NONE', *, *, #647, .F. ) ;
#690 = ORIENTED_EDGE ( 'NONE', *, *, #705, .T. ) ;
#691 = ORIENTED_EDGE ( 'NONE', *, *, #683, .T. ) ;
#692 = ADVANCED_FACE ( 'NONE', ( #2629 ), #2600, .T. ) ;
#693 = ORIENTED_EDGE ( 'NONE', *, *, #707, .F. ) ;
#694 = ORIENTED_EDGE ( 'NONE', *, *, #672, .F. ) ;
#695 = ORIENTED_EDGE ( 'NONE', *, *, #679, .F. ) ;
#696 = ORIENTED_EDGE ( 'NONE', *, *, #707, .T. ) ;
#697 = ORIENTED_EDGE ( 'NONE', *, *, #699, .T. ) ;
#698 = EDGE_CURVE ( 'NONE', #680, #740, #2642, .T. ) ;
#699 = EDGE_CURVE ( 'NONE', #652, #641, #2645, .T. ) ;
#700 = EDGE_LOOP ( 'NONE', ( #706, #702, #690 ) ) ;
#701 = ORIENTED_EDGE ( 'NONE', *, *, #639, .T. ) ;
#702 = ORIENTED_EDGE ( 'NONE', *, *, #713, .F. ) ;
#703 = ADVANCED_FACE ( 'NONE', ( #2577 ), #2609, .T. ) ;
#704 = ORIENTED_EDGE ( 'NONE', *, *, #705, .F. ) ;
#705 = EDGE_CURVE ( 'NONE', #643, #641, #2667, .T. ) ;
#706 = ORIENTED_EDGE ( 'NONE', *, *, #699, .F. ) ;
#707 = EDGE_CURVE ( 'NONE', #641, #664, #2669, .T. ) ;
#708 = ORIENTED_EDGE ( 'NONE', *, *, #642, .F. ) ;
#709 = EDGE_CURVE ( 'NONE', #643, #651, #2717, .T. ) ;
#710 = EDGE_LOOP ( 'NONE', ( #694, #689, #697, #696 ) ) ;
#711 = EDGE_LOOP ( 'NONE', ( #644, #638, #670 ) ) ;
#712 = ORIENTED_EDGE ( 'NONE', *, *, #709, .F. ) ;
#713 = EDGE_CURVE ( 'NONE', #643, #652, #2684, .T. ) ;
#714 = ORIENTED_EDGE ( 'NONE', *, *, #713, .T. ) ;
#715 = EDGE_CURVE ( 'NONE', #740, #605, #2709, .T. ) ;
#716 = EDGE_CURVE ( 'NONE', #680, #14, #2704, .T. ) ;
#717 = EDGE_CURVE ( 'NONE', #680, #720, #2700, .T. ) ;
#718 = EDGE_CURVE ( 'NONE', #720, #14, #2695, .T. ) ;
#719 = EDGE_CURVE ( 'NONE', #741, #720, #2739, .T. ) ;
#720 = VERTEX_POINT ( 'NONE', #2742 ) ;
#721 = ORIENTED_EDGE ( 'NONE', *, *, #698, .T. ) ;
#722 = EDGE_LOOP ( 'NONE', ( #775, #777, #756, #780 ) ) ;
#723 = EDGE_LOOP ( 'NONE', ( #727, #731, #725 ) ) ;
#724 = ADVANCED_FACE ( 'NONE', ( #2735 ), #2740, .T. ) ;
#725 = ORIENTED_EDGE ( 'NONE', *, *, #716, .T. ) ;
#726 = EDGE_LOOP ( 'NONE', ( #728, #784, #785 ) ) ;
#727 = ORIENTED_EDGE ( 'NONE', *, *, #718, .F. ) ;
#728 = ORIENTED_EDGE ( 'NONE', *, *, #719, .F. ) ;
#729 = EDGE_CURVE ( 'NONE', #741, #20, #2720, .T. ) ;
#730 = ORIENTED_EDGE ( 'NONE', *, *, #655, .F. ) ;
#731 = ORIENTED_EDGE ( 'NONE', *, *, #717, .F. ) ;
#732 = EDGE_LOOP ( 'NONE', ( #771, #790, #770, #773 ) ) ;
#733 = EDGE_LOOP ( 'NONE', ( #737, #617, #721 ) ) ;
#734 = ORIENTED_EDGE ( 'NONE', *, *, #698, .F. ) ;
#735 = EDGE_CURVE ( 'NONE', #680, #741, #2766, .T. ) ;
#736 = ADVANCED_FACE ( 'NONE', ( #2774 ), #2759, .T. ) ;
#737 = ORIENTED_EDGE ( 'NONE', *, *, #746, .F. ) ;
#738 = ORIENTED_EDGE ( 'NONE', *, *, #650, .T. ) ;
#739 = ORIENTED_EDGE ( 'NONE', *, *, #685, .F. ) ;
#740 = VERTEX_POINT ( 'NONE', #2741 ) ;
#741 = VERTEX_POINT ( 'NONE', #2798 ) ;
#742 = ORIENTED_EDGE ( 'NONE', *, *, #683, .F. ) ;
#743 = ADVANCED_FACE ( 'NONE', ( #2802 ), #2801, .T. ) ;
#744 = ORIENTED_EDGE ( 'NONE', *, *, #642, .T. ) ;
#745 = EDGE_LOOP ( 'NONE', ( #739, #734, #749 ) ) ;
#746 = EDGE_CURVE ( 'NONE', #14, #740, #2831, .T. ) ;
#747 = ORIENTED_EDGE ( 'NONE', *, *, #647, .T. ) ;
#748 = ADVANCED_FACE ( 'NONE', ( #2778 ), #2779, .T. ) ;
#749 = ORIENTED_EDGE ( 'NONE', *, *, #735, .T. ) ;
#750 = EDGE_LOOP ( 'NONE', ( #678, #695, #738, #691 ) ) ;
#751 = ADVANCED_FACE ( 'NONE', ( #2832 ), #2803, .T. ) ;
#752 = ORIENTED_EDGE ( 'NONE', *, *, #754, .F. ) ;
#753 = ORIENTED_EDGE ( 'NONE', *, *, #765, .F. ) ;
#754 = EDGE_CURVE ( 'NONE', #762, #826, #2850, .T. ) ;
#755 = EDGE_LOOP ( 'NONE', ( #776, #760, #763, #767 ) ) ;
#756 = ORIENTED_EDGE ( 'NONE', *, *, #746, .T. ) ;
#757 = EDGE_CURVE ( 'NONE', #813, #826, #2804, .T. ) ;
#758 = VERTEX_POINT ( 'NONE', #2842 ) ;
#759 = VERTEX_POINT ( 'NONE', #2841 ) ;
#760 = ORIENTED_EDGE ( 'NONE', *, *, #715, .F. ) ;
#761 = ADVANCED_FACE ( 'NONE', ( #2840 ), #2827, .T. ) ;
#762 = VERTEX_POINT ( 'NONE', #2892 ) ;
#763 = ORIENTED_EDGE ( 'NONE', *, *, #685, .T. ) ;
#764 = EDGE_LOOP ( 'NONE', ( #787, #823, #820 ) ) ;
#765 = EDGE_CURVE ( 'NONE', #826, #758, #2871, .T. ) ;
#766 = ORIENTED_EDGE ( 'NONE', *, *, #779, .T. ) ;
#767 = ORIENTED_EDGE ( 'NONE', *, *, #729, .T. ) ;
#768 = ORIENTED_EDGE ( 'NONE', *, *, #781, .T. ) ;
#769 = ADVANCED_FACE ( 'NONE', ( #2877 ), #2836, .T. ) ;
#770 = ORIENTED_EDGE ( 'NONE', *, *, #718, .T. ) ;
#771 = ORIENTED_EDGE ( 'NONE', *, *, #665, .F. ) ;
#772 = EDGE_CURVE ( 'NONE', #758, #759, #2872, .T. ) ;
#773 = ORIENTED_EDGE ( 'NONE', *, *, #774, .T. ) ;
#774 = EDGE_CURVE ( 'NONE', #14, #604, #2907, .T. ) ;
#775 = ORIENTED_EDGE ( 'NONE', *, *, #588, .F. ) ;
#776 = ORIENTED_EDGE ( 'NONE', *, *, #591, .F. ) ;
#777 = ORIENTED_EDGE ( 'NONE', *, *, #774, .F. ) ;
#778 = ADVANCED_FACE ( 'NONE', ( #2918 ), #2908, .T. ) ;
#779 = EDGE_CURVE ( 'NONE', #762, #758, #2928, .T. ) ;
#780 = ORIENTED_EDGE ( 'NONE', *, *, #715, .T. ) ;
#781 = EDGE_CURVE ( 'NONE', #720, #659, #2938, .T. ) ;
#782 = EDGE_LOOP ( 'NONE', ( #730, #788, #786, #768 ) ) ;
#783 = ADVANCED_FACE ( 'NONE', ( #2705 ), #2968, .T. ) ;
#784 = ORIENTED_EDGE ( 'NONE', *, *, #735, .F. ) ;
#785 = ORIENTED_EDGE ( 'NONE', *, *, #717, .T. ) ;
#786 = ORIENTED_EDGE ( 'NONE', *, *, #719, .T. ) ;
#787 = ORIENTED_EDGE ( 'NONE', *, *, #772, .F. ) ;
#788 = ORIENTED_EDGE ( 'NONE', *, *, #729, .F. ) ;
#789 = ADVANCED_FACE ( 'NONE', ( #2954 ), #2951, .T. ) ;
#790 = ORIENTED_EDGE ( 'NONE', *, *, #781, .F. ) ;
#791 = ORIENTED_EDGE ( 'NONE', *, *, #800, .T. ) ;
#792 = ORIENTED_EDGE ( 'NONE', *, *, #1367, .F. ) ;
#793 = ADVANCED_FACE ( 'NONE', ( #2990 ), #2939, .T. ) ;
#794 = ORIENTED_EDGE ( 'NONE', *, *, #757, .T. ) ;
#795 = ORIENTED_EDGE ( 'NONE', *, *, #606, .F. ) ;
#796 = EDGE_LOOP ( 'NONE', ( #851, #854, #857, #859 ) ) ;
#797 = EDGE_CURVE ( 'NONE', #826, #599, #3025, .T. ) ;
#798 = ORIENTED_EDGE ( 'NONE', *, *, #797, .T. ) ;
#799 = ADVANCED_FACE ( 'NONE', ( #2985 ), #2970, .T. ) ;
#800 = EDGE_CURVE ( 'NONE', #813, #602, #3004, .T. ) ;
#801 = ADVANCED_FACE ( 'NONE', ( #2952 ), #3005, .T. ) ;
#802 = ORIENTED_EDGE ( 'NONE', *, *, #824, .F. ) ;
#803 = EDGE_LOOP ( 'NONE', ( #817, #808, #809, #791 ) ) ;
#804 = ORIENTED_EDGE ( 'NONE', *, *, #811, .T. ) ;
#805 = ADVANCED_FACE ( 'NONE', ( #2983 ), #3039, .T. ) ;
#806 = EDGE_CURVE ( 'NONE', #759, #598, #3077, .T. ) ;
#807 = ORIENTED_EDGE ( 'NONE', *, *, #800, .F. ) ;
#808 = ORIENTED_EDGE ( 'NONE', *, *, #806, .F. ) ;
#809 = ORIENTED_EDGE ( 'NONE', *, *, #810, .T. ) ;
#810 = EDGE_CURVE ( 'NONE', #759, #813, #3079, .T. ) ;
#811 = EDGE_CURVE ( 'NONE', #762, #813, #3072, .T. ) ;
#812 = ORIENTED_EDGE ( 'NONE', *, *, #754, .T. ) ;
#813 = VERTEX_POINT ( 'NONE', #3080 ) ;
#814 = EDGE_LOOP ( 'NONE', ( #822, #802, #804 ) ) ;
#815 = ADVANCED_FACE ( 'NONE', ( #3058 ), #3055, .T. ) ;
#816 = ORIENTED_EDGE ( 'NONE', *, *, #811, .F. ) ;
#817 = ORIENTED_EDGE ( 'NONE', *, *, #603, .F. ) ;
#818 = EDGE_LOOP ( 'NONE', ( #795, #807, #794, #798 ) ) ;
#819 = ADVANCED_FACE ( 'NONE', ( #3056 ), #3101, .T. ) ;
#820 = ORIENTED_EDGE ( 'NONE', *, *, #824, .T. ) ;
#821 = EDGE_LOOP ( 'NONE', ( #753, #752, #766 ) ) ;
#822 = ORIENTED_EDGE ( 'NONE', *, *, #810, .F. ) ;
#823 = ORIENTED_EDGE ( 'NONE', *, *, #779, .F. ) ;
#824 = EDGE_CURVE ( 'NONE', #762, #759, #3130, .T. ) ;
#825 = ORIENTED_EDGE ( 'NONE', *, *, #757, .F. ) ;
#826 = VERTEX_POINT ( 'NONE', #3126 ) ;
#827 = EDGE_LOOP ( 'NONE', ( #825, #816, #812 ) ) ;
#828 = EDGE_CURVE ( 'NONE', #841, #856, #3099, .T. ) ;
#829 = EDGE_CURVE ( 'NONE', #856, #862, #3120, .T. ) ;
#830 = VERTEX_POINT ( 'NONE', #3125 ) ;
#831 = EDGE_CURVE ( 'NONE', #841, #830, #3135, .T. ) ;
#832 = ORIENTED_EDGE ( 'NONE', *, *, #844, .T. ) ;
#833 = ORIENTED_EDGE ( 'NONE', *, *, #903, .F. ) ;
#834 = EDGE_LOOP ( 'NONE', ( #860, #898, #899 ) ) ;
#835 = ADVANCED_FACE ( 'NONE', ( #3066 ), #3124, .T. ) ;
#836 = ORIENTED_EDGE ( 'NONE', *, *, #828, .T. ) ;
#837 = ORIENTED_EDGE ( 'NONE', *, *, #831, .F. ) ;
#838 = ORIENTED_EDGE ( 'NONE', *, *, #806, .T. ) ;
#839 = ADVANCED_FACE ( 'NONE', ( #3162 ), #3188, .T. ) ;
#840 = VERTEX_POINT ( 'NONE', #3182 ) ;
#841 = VERTEX_POINT ( 'NONE', #3179 ) ;
#842 = ORIENTED_EDGE ( 'NONE', *, *, #844, .F. ) ;
#843 = ORIENTED_EDGE ( 'NONE', *, *, #852, .F. ) ;
#844 = EDGE_CURVE ( 'NONE', #841, #862, #3181, .T. ) ;
#845 = EDGE_LOOP ( 'NONE', ( #848, #837, #836 ) ) ;
#846 = ORIENTED_EDGE ( 'NONE', *, *, #847, .T. ) ;
#847 = EDGE_CURVE ( 'NONE', #841, #840, #3187, .T. ) ;
#848 = ORIENTED_EDGE ( 'NONE', *, *, #849, .F. ) ;
#849 = EDGE_CURVE ( 'NONE', #830, #856, #3178, .T. ) ;
#850 = EDGE_LOOP ( 'NONE', ( #864, #84, #832 ) ) ;
#851 = ORIENTED_EDGE ( 'NONE', *, *, #594, .F. ) ;
#852 = EDGE_CURVE ( 'NONE', #862, #840, #3217, .T. ) ;
#853 = ORIENTED_EDGE ( 'NONE', *, *, #855, .F. ) ;
#854 = ORIENTED_EDGE ( 'NONE', *, *, #797, .F. ) ;
#855 = EDGE_CURVE ( 'NONE', #758, #596, #3211, .T. ) ;
#856 = VERTEX_POINT ( 'NONE', #3212 ) ;
#857 = ORIENTED_EDGE ( 'NONE', *, *, #765, .T. ) ;
#858 = EDGE_LOOP ( 'NONE', ( #863, #853, #867, #838 ) ) ;
#859 = ORIENTED_EDGE ( 'NONE', *, *, #855, .T. ) ;
#860 = ORIENTED_EDGE ( 'NONE', *, *, #866, .F. ) ;
#861 = ADVANCED_FACE ( 'NONE', ( #3167 ), #3174, .T. ) ;
#862 = VERTEX_POINT ( 'NONE', #3207 ) ;
#863 = ORIENTED_EDGE ( 'NONE', *, *, #601, .F. ) ;
#864 = ORIENTED_EDGE ( 'NONE', *, *, #829, .F. ) ;
#865 = EDGE_LOOP ( 'NONE', ( #843, #842, #846 ) ) ;
#866 = EDGE_CURVE ( 'NONE', #840, #830, #3246, .T. ) ;
#867 = ORIENTED_EDGE ( 'NONE', *, *, #772, .T. ) ;
#868 = ADVANCED_FACE ( 'NONE', ( #3192 ), #3191, .T. ) ;
#869 = VERTEX_POINT ( 'NONE', #3225 ) ;
#870 = EDGE_CURVE ( 'NONE', #931, #932, #3223, .T. ) ;
#871 = EDGE_LOOP ( 'NONE', ( #878, #875, #886, #929 ) ) ;
#872 = EDGE_CURVE ( 'NONE', #862, #557, #3270, .T. ) ;
#873 = ORIENTED_EDGE ( 'NONE', *, *, #829, .T. ) ;
#874 = ORIENTED_EDGE ( 'NONE', *, *, #870, .F. ) ;
#875 = ORIENTED_EDGE ( 'NONE', *, *, #872, .F. ) ;
#876 = ADVANCED_FACE ( 'NONE', ( #3239 ), #3226, .T. ) ;
#877 = EDGE_LOOP ( 'NONE', ( #936, #112, #913 ) ) ;
#878 = ORIENTED_EDGE ( 'NONE', *, *, #616, .F. ) ;
#879 = EDGE_CURVE ( 'NONE', #927, #940, #3306, .T. ) ;
#880 = EDGE_LOOP ( 'NONE', ( #874, #937, #939 ) ) ;
#881 = ORIENTED_EDGE ( 'NONE', *, *, #892, .F. ) ;
#882 = ORIENTED_EDGE ( 'NONE', *, *, #902, .F. ) ;
#883 = ORIENTED_EDGE ( 'NONE', *, *, #610, .F. ) ;
#884 = ORIENTED_EDGE ( 'NONE', *, *, #903, .T. ) ;
#885 = ORIENTED_EDGE ( 'NONE', *, *, #866, .T. ) ;
#886 = ORIENTED_EDGE ( 'NONE', *, *, #852, .T. ) ;
#887 = ADVANCED_FACE ( 'NONE', ( #3266 ), #3302, .T. ) ;
#888 = ORIENTED_EDGE ( 'NONE', *, *, #849, .T. ) ;
#889 = ORIENTED_EDGE ( 'NONE', *, *, #593, .F. ) ;
#890 = ORIENTED_EDGE ( 'NONE', *, *, #872, .T. ) ;
#891 = EDGE_LOOP ( 'NONE', ( #883, #881, #873, #890 ) ) ;
#892 = EDGE_CURVE ( 'NONE', #856, #615, #3251, .T. ) ;
#893 = ORIENTED_EDGE ( 'NONE', *, *, #892, .T. ) ;
#894 = ORIENTED_EDGE ( 'NONE', *, *, #619, .F. ) ;
#895 = EDGE_LOOP ( 'NONE', ( #889, #833, #888, #893 ) ) ;
#896 = EDGE_LOOP ( 'NONE', ( #894, #882, #885, #884 ) ) ;
#897 = ADVANCED_FACE ( 'NONE', ( #3286 ), #3284, .T. ) ;
#898 = ORIENTED_EDGE ( 'NONE', *, *, #847, .F. ) ;
#899 = ORIENTED_EDGE ( 'NONE', *, *, #831, .T. ) ;
#900 = EDGE_CURVE ( 'NONE', #940, #931, #3285, .T. ) ;
#901 = ADVANCED_FACE ( 'NONE', ( #3308 ), #3356, .T. ) ;
#902 = EDGE_CURVE ( 'NONE', #840, #614, #3340, .T. ) ;
#903 = EDGE_CURVE ( 'NONE', #830, #611, #3325, .T. ) ;
#904 = ADVANCED_FACE ( 'NONE', ( #3330 ), #3379, .T. ) ;
#905 = EDGE_LOOP ( 'NONE', ( #974, #965, #962, #964 ) ) ;
#906 = EDGE_CURVE ( 'NONE', #940, #621, #3366, .T. ) ;
#907 = EDGE_CURVE ( 'NONE', #869, #927, #3412, .T. ) ;
#908 = ORIENTED_EDGE ( 'NONE', *, *, #953, .F. ) ;
#909 = EDGE_LOOP ( 'NONE', ( #979, #973, #978, #959 ) ) ;
#910 = EDGE_CURVE ( 'NONE', #932, #927, #3405, .T. ) ;
#911 = EDGE_CURVE ( 'NONE', #927, #630, #3400, .T. ) ;
#912 = ORIENTED_EDGE ( 'NONE', *, *, #632, .F. ) ;
#913 = ORIENTED_EDGE ( 'NONE', *, *, #926, .T. ) ;
#914 = EDGE_LOOP ( 'NONE', ( #912, #915, #920, #976 ) ) ;
#915 = ORIENTED_EDGE ( 'NONE', *, *, #923, .F. ) ;
#916 = EDGE_LOOP ( 'NONE', ( #919, #918, #921 ) ) ;
#917 = ADVANCED_FACE ( 'NONE', ( #3396 ), #3391, .T. ) ;
#918 = ORIENTED_EDGE ( 'NONE', *, *, #938, .F. ) ;
#919 = ORIENTED_EDGE ( 'NONE', *, *, #910, .F. ) ;
#920 = ORIENTED_EDGE ( 'NONE', *, *, #910, .T. ) ;
#921 = ORIENTED_EDGE ( 'NONE', *, *, #907, .T. ) ;
#922 = ADVANCED_FACE ( 'NONE', ( #3395 ), #3434, .T. ) ;
#923 = EDGE_CURVE ( 'NONE', #932, #631, #3466, .T. ) ;
#924 = ADVANCED_FACE ( 'NONE', ( #3468 ), #3459, .T. ) ;
#925 = ORIENTED_EDGE ( 'NONE', *, *, #926, .F. ) ;
#926 = EDGE_CURVE ( 'NONE', #869, #940, #3460, .T. ) ;
#927 = VERTEX_POINT ( 'NONE', #3438 ) ;
#928 = ADVANCED_FACE ( 'NONE', ( #3437 ), #3440, .T. ) ;
#929 = ORIENTED_EDGE ( 'NONE', *, *, #902, .T. ) ;
#930 = ORIENTED_EDGE ( 'NONE', *, *, #900, .F. ) ;
#931 = VERTEX_POINT ( 'NONE', #3490 ) ;
#932 = VERTEX_POINT ( 'NONE', #3472 ) ;
#933 = ADVANCED_FACE ( 'NONE', ( #3471 ), #3492, .T. ) ;
#934 = EDGE_LOOP ( 'NONE', ( #930, #925, #941 ) ) ;
#935 = EDGE_CURVE ( 'NONE', #869, #931, #3507, .T. ) ;
#936 = ORIENTED_EDGE ( 'NONE', *, *, #879, .F. ) ;
#937 = ORIENTED_EDGE ( 'NONE', *, *, #935, .F. ) ;
#938 = EDGE_CURVE ( 'NONE', #869, #932, #3502, .T. ) ;
#939 = ORIENTED_EDGE ( 'NONE', *, *, #938, .T. ) ;
#940 = VERTEX_POINT ( 'NONE', #3545 ) ;
#941 = ORIENTED_EDGE ( 'NONE', *, *, #935, .T. ) ;
#942 = EDGE_CURVE ( 'NONE', #1016, #556, #3550, .T. ) ;
#943 = EDGE_LOOP ( 'NONE', ( #1002, #1006, #945 ) ) ;
#944 = ADVANCED_FACE ( 'NONE', ( #3508 ), #3539, .T. ) ;
#945 = ORIENTED_EDGE ( 'NONE', *, *, #1017, .T. ) ;
#946 = EDGE_LOOP ( 'NONE', ( #1014, #1013, #957 ) ) ;
#947 = EDGE_LOOP ( 'NONE', ( #908, #952, #955 ) ) ;
#948 = ORIENTED_EDGE ( 'NONE', *, *, #870, .T. ) ;
#949 = EDGE_LOOP ( 'NONE', ( #968, #1000, #958 ) ) ;
#950 = ADVANCED_FACE ( 'NONE', ( #3487 ), #3525, .T. ) ;
#951 = VERTEX_POINT ( 'NONE', #3561 ) ;
#952 = ORIENTED_EDGE ( 'NONE', *, *, #975, .F. ) ;
#953 = EDGE_CURVE ( 'NONE', #972, #951, #3555, .T. ) ;
#954 = VERTEX_POINT ( 'NONE', #3556 ) ;
#955 = ORIENTED_EDGE ( 'NONE', *, *, #956, .T. ) ;
#956 = EDGE_CURVE ( 'NONE', #954, #951, #3599, .T. ) ;
#957 = ORIENTED_EDGE ( 'NONE', *, *, #975, .T. ) ;
#958 = ORIENTED_EDGE ( 'NONE', *, *, #1015, .T. ) ;
#959 = ORIENTED_EDGE ( 'NONE', *, *, #906, .T. ) ;
#960 = EDGE_LOOP ( 'NONE', ( #967, #969, #948, #963 ) ) ;
#961 = ADVANCED_FACE ( 'NONE', ( #3557 ), #3600, .T. ) ;
#962 = ORIENTED_EDGE ( 'NONE', *, *, #900, .T. ) ;
#963 = ORIENTED_EDGE ( 'NONE', *, *, #923, .T. ) ;
#964 = ORIENTED_EDGE ( 'NONE', *, *, #966, .T. ) ;
#965 = ORIENTED_EDGE ( 'NONE', *, *, #906, .F. ) ;
#966 = EDGE_CURVE ( 'NONE', #931, #622, #3095, .T. ) ;
#967 = ORIENTED_EDGE ( 'NONE', *, *, #628, .F. ) ;
#968 = ORIENTED_EDGE ( 'NONE', *, *, #1011, .F. ) ;
#969 = ORIENTED_EDGE ( 'NONE', *, *, #966, .F. ) ;
#970 = ADVANCED_FACE ( 'NONE', ( #3620 ), #3627, .T. ) ;
#971 = VERTEX_POINT ( 'NONE', #3622 ) ;
#972 = VERTEX_POINT ( 'NONE', #3656 ) ;
#973 = ORIENTED_EDGE ( 'NONE', *, *, #911, .F. ) ;
#974 = ORIENTED_EDGE ( 'NONE', *, *, #625, .F. ) ;
#975 = EDGE_CURVE ( 'NONE', #954, #972, #3653, .T. ) ;
#976 = ORIENTED_EDGE ( 'NONE', *, *, #911, .T. ) ;
#977 = ADVANCED_FACE ( 'NONE', ( #3618 ), #3619, .T. ) ;
#978 = ORIENTED_EDGE ( 'NONE', *, *, #879, .T. ) ;
#979 = ORIENTED_EDGE ( 'NONE', *, *, #609, .F. ) ;
#980 = EDGE_CURVE ( 'NONE', #971, #972, #3655, .T. ) ;
#981 = EDGE_LOOP ( 'NONE', ( #1032, #1031, #1026 ) ) ;
#982 = ORIENTED_EDGE ( 'NONE', *, *, #998, .T. ) ;
#983 = EDGE_LOOP ( 'NONE', ( #989, #1040, #1044, #1047 ) ) ;
#984 = ADVANCED_FACE ( 'NONE', ( #3649 ), #3657, .T. ) ;
#985 = ORIENTED_EDGE ( 'NONE', *, *, #980, .T. ) ;
#986 = ORIENTED_EDGE ( 'NONE', *, *, #988, .T. ) ;
#987 = ORIENTED_EDGE ( 'NONE', *, *, #998, .F. ) ;
#988 = EDGE_CURVE ( 'NONE', #972, #562, #3672, .T. ) ;
#989 = ORIENTED_EDGE ( 'NONE', *, *, #555, .F. ) ;
#990 = ADVANCED_FACE ( 'NONE', ( #3669 ), #3714, .T. ) ;
#991 = ORIENTED_EDGE ( 'NONE', *, *, #942, .F. ) ;
#992 = ORIENTED_EDGE ( 'NONE', *, *, #1009, .F. ) ;
#993 = ORIENTED_EDGE ( 'NONE', *, *, #549, .F. ) ;
#994 = ORIENTED_EDGE ( 'NONE', *, *, #942, .T. ) ;
#995 = ADVANCED_FACE ( 'NONE', ( #3716 ), #3633, .T. ) ;
#996 = ORIENTED_EDGE ( 'NONE', *, *, #624, .F. ) ;
#997 = EDGE_LOOP ( 'NONE', ( #993, #987, #985, #986 ) ) ;
#998 = EDGE_CURVE ( 'NONE', #971, #547, #3735, .T. ) ;
#999 = ORIENTED_EDGE ( 'NONE', *, *, #1011, .T. ) ;
#1000 = ORIENTED_EDGE ( 'NONE', *, *, #1017, .F. ) ;
#1001 = ORIENTED_EDGE ( 'NONE', *, *, #620, .F. ) ;
#1002 = ORIENTED_EDGE ( 'NONE', *, *, #1010, .F. ) ;
#1003 = EDGE_LOOP ( 'NONE', ( #1001, #992, #1007, #994 ) ) ;
#1004 = ADVANCED_FACE ( 'NONE', ( #3697 ), #3736, .T. ) ;
#1005 = EDGE_LOOP ( 'NONE', ( #996, #991, #999, #982 ) ) ;
#1006 = ORIENTED_EDGE ( 'NONE', *, *, #956, .F. ) ;
#1007 = ORIENTED_EDGE ( 'NONE', *, *, #1010, .T. ) ;
#1008 = ADVANCED_FACE ( 'NONE', ( #3723 ), #3731, .T. ) ;
#1009 = EDGE_CURVE ( 'NONE', #951, #579, #3796, .T. ) ;
#1010 = EDGE_CURVE ( 'NONE', #951, #1016, #3788, .T. ) ;
#1011 = EDGE_CURVE ( 'NONE', #1016, #971, #3783, .T. ) ;
#1012 = ADVANCED_FACE ( 'NONE', ( #3784 ), #3760, .T. ) ;
#1013 = ORIENTED_EDGE ( 'NONE', *, *, #1015, .F. ) ;
#1014 = ORIENTED_EDGE ( 'NONE', *, *, #980, .F. ) ;
#1015 = EDGE_CURVE ( 'NONE', #954, #971, #3798, .T. ) ;
#1016 = VERTEX_POINT ( 'NONE', #3827 ) ;
#1017 = EDGE_CURVE ( 'NONE', #954, #1016, #3777, .T. ) ;
#1018 = ORIENTED_EDGE ( 'NONE', *, *, #1028, .F. ) ;
#1019 = EDGE_CURVE ( 'NONE', #1048, #566, #3815, .T. ) ;
#1020 = ADVANCED_FACE ( 'NONE', ( #3810 ), #3799, .T. ) ;
#1021 = ORIENTED_EDGE ( 'NONE', *, *, #1019, .F. ) ;
#1022 = EDGE_LOOP ( 'NONE', ( #1093, #1021, #1071, #1023 ) ) ;
#1023 = ORIENTED_EDGE ( 'NONE', *, *, #1087, .T. ) ;
#1024 = ORIENTED_EDGE ( 'NONE', *, *, #1057, .F. ) ;
#1025 = ORIENTED_EDGE ( 'NONE', *, *, #1035, .T. ) ;
#1026 = ORIENTED_EDGE ( 'NONE', *, *, #1042, .T. ) ;
#1027 = ORIENTED_EDGE ( 'NONE', *, *, #1057, .T. ) ;
#1028 = EDGE_CURVE ( 'NONE', #1051, #1048, #3853, .T. ) ;
#1029 = EDGE_CURVE ( 'NONE', #1048, #1053, #3847, .T. ) ;
#1030 = ADVANCED_FACE ( 'NONE', ( #3846 ), #3854, .T. ) ;
#1031 = ORIENTED_EDGE ( 'NONE', *, *, #1033, .F. ) ;
#1032 = ORIENTED_EDGE ( 'NONE', *, *, #1049, .F. ) ;
#1033 = EDGE_CURVE ( 'NONE', #1045, #1053, #3883, .T. ) ;
#1034 = EDGE_LOOP ( 'NONE', ( #1018, #1024, #1025 ) ) ;
#1035 = EDGE_CURVE ( 'NONE', #1045, #1048, #3875, .T. ) ;
#1036 = ORIENTED_EDGE ( 'NONE', *, *, #1033, .T. ) ;
#1037 = EDGE_CURVE ( 'NONE', #1051, #570, #3881, .T. ) ;
#1038 = ADVANCED_FACE ( 'NONE', ( #3870 ), #3857, .T. ) ;
#1039 = EDGE_LOOP ( 'NONE', ( #1055, #1097, #1036 ) ) ;
#1040 = ORIENTED_EDGE ( 'NONE', *, *, #988, .F. ) ;
#1041 = EDGE_LOOP ( 'NONE', ( #1043, #1056, #1027 ) ) ;
#1042 = EDGE_CURVE ( 'NONE', #1045, #1050, #3915, .T. ) ;
#1043 = ORIENTED_EDGE ( 'NONE', *, *, #1046, .F. ) ;
#1044 = ORIENTED_EDGE ( 'NONE', *, *, #953, .T. ) ;
#1045 = VERTEX_POINT ( 'NONE', #3916 ) ;
#1046 = EDGE_CURVE ( 'NONE', #1050, #1051, #3878, .T. ) ;
#1047 = ORIENTED_EDGE ( 'NONE', *, *, #1009, .T. ) ;
#1048 = VERTEX_POINT ( 'NONE', #3917 ) ;
#1049 = EDGE_CURVE ( 'NONE', #1053, #1050, #3918, .T. ) ;
#1050 = VERTEX_POINT ( 'NONE', #3900 ) ;
#1051 = VERTEX_POINT ( 'NONE', #3899 ) ;
#1052 = ADVANCED_FACE ( 'NONE', ( #3892 ), #3890, .T. ) ;
#1053 = VERTEX_POINT ( 'NONE', #3893 ) ;
#1054 = EDGE_LOOP ( 'NONE', ( #1096, #1085, #1088, #1090 ) ) ;
#1055 = ORIENTED_EDGE ( 'NONE', *, *, #1029, .F. ) ;
#1056 = ORIENTED_EDGE ( 'NONE', *, *, #1042, .F. ) ;
#1057 = EDGE_CURVE ( 'NONE', #1045, #1051, #3906, .T. ) ;
#1058 = ADVANCED_FACE ( 'NONE', ( #3935 ), #3927, .T. ) ;
#1059 = ORIENTED_EDGE ( 'NONE', *, *, #1046, .T. ) ;
#1060 = EDGE_LOOP ( 'NONE', ( #1080, #1068, #1066 ) ) ;
#1061 = EDGE_CURVE ( 'NONE', #1125, #1082, #3963, .T. ) ;
#1062 = ORIENTED_EDGE ( 'NONE', *, *, #1089, .T. ) ;
#1063 = ORIENTED_EDGE ( 'NONE', *, *, #1037, .T. ) ;
#1064 = ORIENTED_EDGE ( 'NONE', *, *, #1061, .F. ) ;
#1065 = ADVANCED_FACE ( 'NONE', ( #3967 ), #3964, .T. ) ;
#1066 = ORIENTED_EDGE ( 'NONE', *, *, #1069, .T. ) ;
#1067 = ORIENTED_EDGE ( 'NONE', *, *, #1130, .F. ) ;
#1068 = ORIENTED_EDGE ( 'NONE', *, *, #1089, .F. ) ;
#1069 = EDGE_CURVE ( 'NONE', #1072, #1083, #3998, .T. ) ;
#1070 = EDGE_LOOP ( 'NONE', ( #1064, #1128, #1062 ) ) ;
#1071 = ORIENTED_EDGE ( 'NONE', *, *, #1029, .T. ) ;
#1072 = VERTEX_POINT ( 'NONE', #3989 ) ;
#1073 = ORIENTED_EDGE ( 'NONE', *, *, #567, .F. ) ;
#1074 = ORIENTED_EDGE ( 'NONE', *, *, #1087, .F. ) ;
#1075 = ADVANCED_FACE ( 'NONE', ( #3993 ), #3985, .T. ) ;
#1076 = ORIENTED_EDGE ( 'NONE', *, *, #1049, .T. ) ;
#1077 = EDGE_CURVE ( 'NONE', #1082, #1083, #4027, .T. ) ;
#1078 = EDGE_LOOP ( 'NONE', ( #1073, #1084, #1059, #1063 ) ) ;
#1079 = EDGE_CURVE ( 'NONE', #1050, #581, #4019, .T. ) ;
#1080 = ORIENTED_EDGE ( 'NONE', *, *, #1077, .F. ) ;
#1081 = ORIENTED_EDGE ( 'NONE', *, *, #1079, .T. ) ;
#1082 = VERTEX_POINT ( 'NONE', #4024 ) ;
#1083 = VERTEX_POINT ( 'NONE', #4014 ) ;
#1084 = ORIENTED_EDGE ( 'NONE', *, *, #1079, .F. ) ;
#1085 = ORIENTED_EDGE ( 'NONE', *, *, #1037, .F. ) ;
#1086 = ADVANCED_FACE ( 'NONE', ( #3986 ), #4015, .T. ) ;
#1087 = EDGE_CURVE ( 'NONE', #1053, #580, #4049, .T. ) ;
#1088 = ORIENTED_EDGE ( 'NONE', *, *, #1028, .T. ) ;
#1089 = EDGE_CURVE ( 'NONE', #1072, #1082, #4040, .T. ) ;
#1090 = ORIENTED_EDGE ( 'NONE', *, *, #1019, .T. ) ;
#1091 = ORIENTED_EDGE ( 'NONE', *, *, #561, .F. ) ;
#1092 = ADVANCED_FACE ( 'NONE', ( #4021 ), #4086, .T. ) ;
#1093 = ORIENTED_EDGE ( 'NONE', *, *, #548, .F. ) ;
#1094 = EDGE_CURVE ( 'NONE', #1133, #1125, #4074, .T. ) ;
#1095 = EDGE_LOOP ( 'NONE', ( #1091, #1074, #1076, #1081 ) ) ;
#1096 = ORIENTED_EDGE ( 'NONE', *, *, #546, .F. ) ;
#1097 = ORIENTED_EDGE ( 'NONE', *, *, #1035, .F. ) ;
#1098 = ORIENTED_EDGE ( 'NONE', *, *, #1061, .T. ) ;
#1099 = ORIENTED_EDGE ( 'NONE', *, *, #1105, .T. ) ;
#1100 = ORIENTED_EDGE ( 'NONE', *, *, #1171, .F. ) ;
#1101 = EDGE_CURVE ( 'NONE', #1082, #5056, #4084, .T. ) ;
#1102 = ORIENTED_EDGE ( 'NONE', *, *, #200, .T. ) ;
#1103 = ORIENTED_EDGE ( 'NONE', *, *, #1101, .T. ) ;
#1104 = ADVANCED_FACE ( 'NONE', ( #4080 ), #4075, .T. ) ;
#1105 = EDGE_CURVE ( 'NONE', #1083, #577, #4106, .T. ) ;
#1106 = EDGE_LOOP ( 'NONE', ( #1109, #1112, #1116, #1115 ) ) ;
#1107 = EDGE_CURVE ( 'NONE', #1133, #583, #4101, .T. ) ;
#1108 = ORIENTED_EDGE ( 'NONE', *, *, #1107, .F. ) ;
#1109 = ORIENTED_EDGE ( 'NONE', *, *, #559, .F. ) ;
#1110 = EDGE_LOOP ( 'NONE', ( #1117, #1119, #1166, #1099 ) ) ;
#1111 = EDGE_LOOP ( 'NONE', ( #1114, #1108, #1120, #1172 ) ) ;
#1112 = ORIENTED_EDGE ( 'NONE', *, *, #1105, .F. ) ;
#1113 = ORIENTED_EDGE ( 'NONE', *, *, #5072, .F. ) ;
#1114 = ORIENTED_EDGE ( 'NONE', *, *, #560, .F. ) ;
#1115 = ORIENTED_EDGE ( 'NONE', *, *, #1107, .T. ) ;
#1116 = ORIENTED_EDGE ( 'NONE', *, *, #1130, .T. ) ;
#1117 = ORIENTED_EDGE ( 'NONE', *, *, #585, .F. ) ;
#1118 = ADVANCED_FACE ( 'NONE', ( #4110 ), #4085, .T. ) ;
#1119 = ORIENTED_EDGE ( 'NONE', *, *, #1101, .F. ) ;
#1120 = ORIENTED_EDGE ( 'NONE', *, *, #1094, .T. ) ;
#1121 = ORIENTED_EDGE ( 'NONE', *, *, #1131, .F. ) ;
#1122 = ADVANCED_FACE ( 'NONE', ( #4133 ), #4096, .T. ) ;
#1123 = ORIENTED_EDGE ( 'NONE', *, *, #1069, .F. ) ;
#1124 = ORIENTED_EDGE ( 'NONE', *, *, #1094, .F. ) ;
#1125 = VERTEX_POINT ( 'NONE', #4132 ) ;
#1126 = EDGE_LOOP ( 'NONE', ( #1124, #1121, #1132 ) ) ;
#1127 = ADVANCED_FACE ( 'NONE', ( #4161 ), #4162, .T. ) ;
#1128 = ORIENTED_EDGE ( 'NONE', *, *, #1129, .F. ) ;
#1129 = EDGE_CURVE ( 'NONE', #1072, #1125, #4191, .T. ) ;
#1130 = EDGE_CURVE ( 'NONE', #1083, #1133, #4186, .T. ) ;
#1131 = EDGE_CURVE ( 'NONE', #1072, #1133, #4181, .T. ) ;
#1132 = ORIENTED_EDGE ( 'NONE', *, *, #1129, .T. ) ;
#1133 = VERTEX_POINT ( 'NONE', #4187 ) ;
#1134 = EDGE_LOOP ( 'NONE', ( #1067, #1123, #509 ) ) ;
#1135 = ADVANCED_FACE ( 'NONE', ( #4195 ), #4153, .T. ) ;
#1136 = ORIENTED_EDGE ( 'NONE', *, *, #1140, .T. ) ;
#1137 = VERTEX_POINT ( 'NONE', #4221 ) ;
#1138 = VERTEX_POINT ( 'NONE', #4175 ) ;
#1139 = ORIENTED_EDGE ( 'NONE', *, *, #1233, .T. ) ;
#1140 = EDGE_CURVE ( 'NONE', #1231, #444, #4216, .T. ) ;
#1141 = EDGE_CURVE ( 'NONE', #424, #89, #4208, .T. ) ;
#1142 = EDGE_CURVE ( 'NONE', #89, #1231, #4174, .T. ) ;
#1143 = ADVANCED_FACE ( 'NONE', ( #4197 ), #4202, .F. ) ;
#1144 = VERTEX_POINT ( 'NONE', #4254 ) ;
#1145 = ORIENTED_EDGE ( 'NONE', *, *, #1235, .T. ) ;
#1146 = ORIENTED_EDGE ( 'NONE', *, *, #1237, .F. ) ;
#1147 = EDGE_CURVE ( 'NONE', #409, #1151, #4209, .T. ) ;
#1148 = EDGE_CURVE ( 'NONE', #1151, #1156, #4247, .T. ) ;
#1149 = VERTEX_POINT ( 'NONE', #4204 ) ;
#1150 = ORIENTED_EDGE ( 'NONE', *, *, #404, .F. ) ;
#1151 = VERTEX_POINT ( 'NONE', #4203 ) ;
#1152 = ADVANCED_FACE ( 'NONE', ( #4242 ), #4243, .F. ) ;
#1153 = EDGE_LOOP ( 'NONE', ( #1154, #1160, #1157, #1150, #88, #1224, #1222, #1215 ) ) ;
#1154 = ORIENTED_EDGE ( 'NONE', *, *, #1155, .T. ) ;
#1155 = EDGE_CURVE ( 'NONE', #1158, #1156, #4241, .T. ) ;
#1156 = VERTEX_POINT ( 'NONE', #4240 ) ;
#1157 = ORIENTED_EDGE ( 'NONE', *, *, #1147, .F. ) ;
#1158 = VERTEX_POINT ( 'NONE', #4239 ) ;
#1159 = EDGE_CURVE ( 'NONE', #59, #1, #4233, .T. ) ;
#1160 = ORIENTED_EDGE ( 'NONE', *, *, #1148, .F. ) ;
#1161 = EDGE_CURVE ( 'NONE', #11, #59, #4288, .T. ) ;
#1162 = ORIENTED_EDGE ( 'NONE', *, *, #264, .T. ) ;
#1163 = ADVANCED_FACE ( 'NONE', ( #4224 ), #4238, .T. ) ;
#1164 = ORIENTED_EDGE ( 'NONE', *, *, #5066, .T. ) ;
#1165 = EDGE_LOOP ( 'NONE', ( #1102, #1164, #1169, #1162 ) ) ;
#1166 = ORIENTED_EDGE ( 'NONE', *, *, #1077, .T. ) ;
#1167 = ADVANCED_FACE ( 'NONE', ( #4289 ), #4316, .T. ) ;
#1168 = CLOSED_SHELL ( 'NONE', ( #335, #344, #338, #407, #436, #483, #472, #465, #1239, #1143, #1152, #1210, #1340, #1369, #533, #108, #518, #134, #126, #133, #166, #147, #180, #184, #183, #211, #193, #219, #240, #229, #251, #262, #254, #1227, #270, #280, #282, #298, #299, #317, #318, #327, #5082, #5081, #5079, #5087, #5083, #18, #35, #23, #41, #66, #49, #76, #97, #237, #239, #1176, #4984, #5009, #5012, #5025, #5041, #5038, #5057, #5070, #574, #582, #654, #637, #703, #687, #692, #675, #684, #743, #748, #736, #724, #783, #789, #769, #778, #761, #819, #751, #815, #801, #805, #793, #799, #861, #839, #904, #835, #897, #901, #887, #868, #876, #933, #924, #928, #917, #922, #977, #961, #970, #950, #1012, #944, #1004, #1008, #995, #984, #990, #1052, #1030, #1038, #1020, #1086, #1092, #1075, #1058, #1065, #1127, #1135, #1122, #1104, #1118, #1173, #1163, #1167 ) ) ;
#1169 = ORIENTED_EDGE ( 'NONE', *, *, #281, .T. ) ;
#1170 = EDGE_LOOP ( 'NONE', ( #1113, #1100, #1098, #1103 ) ) ;
#1171 = EDGE_CURVE ( 'NONE', #1125, #5055, #4305, .T. ) ;
#1172 = ORIENTED_EDGE ( 'NONE', *, *, #1171, .T. ) ;
#1173 = ADVANCED_FACE ( 'NONE', ( #4314 ), #4299, .T. ) ;
#1174 = ORIENTED_EDGE ( 'NONE', *, *, #1183, .T. ) ;
#1175 = ORIENTED_EDGE ( 'NONE', *, *, #429, .T. ) ;
#1176 = ADVANCED_FACE ( 'NONE', ( #4313 ), #4337, .T. ) ;
#1177 = VERTEX_POINT ( 'NONE', #4336 ) ;
#1178 = ORIENTED_EDGE ( 'NONE', *, *, #102, .F. ) ;
#1179 = ORIENTED_EDGE ( 'NONE', *, *, #1180, .T. ) ;
#1180 = EDGE_CURVE ( 'NONE', #100, #1177, #4367, .T. ) ;
#1181 = EDGE_LOOP ( 'NONE', ( #4689, #4558, #4916, #5006 ) ) ;
#1182 = EDGE_CURVE ( 'NONE', #1177, #1360, #4363, .T. ) ;
#1183 = EDGE_CURVE ( 'NONE', #1177, #63, #4358, .T. ) ;
#1184 = ORIENTED_EDGE ( 'NONE', *, *, #75, .F. ) ;
#1185 = ORIENTED_EDGE ( 'NONE', *, *, #1182, .F. ) ;
#1186 = ORIENTED_EDGE ( 'NONE', *, *, #1140, .F. ) ;
#1187 = ORIENTED_EDGE ( 'NONE', *, *, #1193, .F. ) ;
#1188 = ORIENTED_EDGE ( 'NONE', *, *, #1182, .T. ) ;
#1189 = EDGE_LOOP ( 'NONE', ( #1192, #1194, #1179, #1188, #5064, #1184, #5069, #1187, #1197, #5068, #1195, #5067 ) ) ;
#1190 = EDGE_CURVE ( 'NONE', #5026, #42, #4301, .T. ) ;
#1191 = ORIENTED_EDGE ( 'NONE', *, *, #452, .T. ) ;
#1192 = ORIENTED_EDGE ( 'NONE', *, *, #1371, .F. ) ;
#1193 = EDGE_CURVE ( 'NONE', #294, #439, #4350, .T. ) ;
#1194 = ORIENTED_EDGE ( 'NONE', *, *, #90, .F. ) ;
#1195 = ORIENTED_EDGE ( 'NONE', *, *, #432, .T. ) ;
#1196 = EDGE_CURVE ( 'NONE', #387, #1297, #4348, .T. ) ;
#1197 = ORIENTED_EDGE ( 'NONE', *, *, #5066, .F. ) ;
#1198 = ORIENTED_EDGE ( 'NONE', *, *, #1282, .F. ) ;
#1199 = VERTEX_POINT ( 'NONE', #4359 ) ;
#1200 = ORIENTED_EDGE ( 'NONE', *, *, #1277, .T. ) ;
#1201 = EDGE_LOOP ( 'NONE', ( #1284, #1281, #1198, #1200, #1274, #1285, #1246, #1244, #1256, #1328, #1258, #1267, #1332, #1243, #1254, #1265, #1249, #1253, #1330, #1270, #1271, #1273, #1302, #1292 ) ) ;
#1202 = EDGE_CURVE ( 'NONE', #1144, #1149, #4347, .T. ) ;
#1203 = ORIENTED_EDGE ( 'NONE', *, *, #1333, .F. ) ;
#1204 = ORIENTED_EDGE ( 'NONE', *, *, #1226, .T. ) ;
#1205 = VERTEX_POINT ( 'NONE', #4346 ) ;
#1206 = EDGE_CURVE ( 'NONE', #1220, #1229, #4397, .T. ) ;
#1207 = VERTEX_POINT ( 'NONE', #4392 ) ;
#1208 = EDGE_CURVE ( 'NONE', #1214, #1207, #4345, .T. ) ;
#1209 = EDGE_CURVE ( 'NONE', #405, #1229, #4391, .T. ) ;
#1210 = ADVANCED_FACE ( 'NONE', ( #4384 ), #4343, .F. ) ;
#1211 = ORIENTED_EDGE ( 'NONE', *, *, #1212, .T. ) ;
#1212 = EDGE_CURVE ( 'NONE', #1221, #1207, #4382, .T. ) ;
#1213 = VERTEX_POINT ( 'NONE', #4377 ) ;
#1214 = VERTEX_POINT ( 'NONE', #4376 ) ;
#1215 = ORIENTED_EDGE ( 'NONE', *, *, #1216, .T. ) ;
#1216 = EDGE_CURVE ( 'NONE', #1213, #1158, #4424, .T. ) ;
#1217 = EDGE_LOOP ( 'NONE', ( #1219, #1211, #1223, #1204, #1230, #1203, #1339, #1338 ) ) ;
#1218 = EDGE_CURVE ( 'NONE', #1220, #1213, #4386, .T. ) ;
#1219 = ORIENTED_EDGE ( 'NONE', *, *, #1228, .T. ) ;
#1220 = VERTEX_POINT ( 'NONE', #4378 ) ;
#1221 = VERTEX_POINT ( 'NONE', #4425 ) ;
#1222 = ORIENTED_EDGE ( 'NONE', *, *, #1218, .T. ) ;
#1223 = ORIENTED_EDGE ( 'NONE', *, *, #1208, .F. ) ;
#1224 = ORIENTED_EDGE ( 'NONE', *, *, #1206, .F. ) ;
#1225 = EDGE_LOOP ( 'NONE', ( #1345, #336, #279, #273 ) ) ;
#1226 = EDGE_CURVE ( 'NONE', #1214, #1149, #4418, .T. ) ;
#1227 = ADVANCED_FACE ( 'NONE', ( #4426 ), #4413, .T. ) ;
#1228 = EDGE_CURVE ( 'NONE', #1205, #1221, #4410, .T. ) ;
#1229 = VERTEX_POINT ( 'NONE', #4402 ) ;
#1230 = ORIENTED_EDGE ( 'NONE', *, *, #1202, .F. ) ;
#1231 = VERTEX_POINT ( 'NONE', #4414 ) ;
#1232 = EDGE_CURVE ( 'NONE', #1138, #1238, #4404, .T. ) ;
#1233 = EDGE_CURVE ( 'NONE', #1234, #1138, #4456, .T. ) ;
#1234 = VERTEX_POINT ( 'NONE', #4460 ) ;
#1235 = EDGE_CURVE ( 'NONE', #1137, #1234, #4452, .T. ) ;
#1236 = ORIENTED_EDGE ( 'NONE', *, *, #1232, .T. ) ;
#1237 = EDGE_CURVE ( 'NONE', #1137, #1238, #4451, .T. ) ;
#1238 = VERTEX_POINT ( 'NONE', #4401 ) ;
#1239 = ADVANCED_FACE ( 'NONE', ( #4444 ), #4442, .F. ) ;
#1240 = VERTEX_POINT ( 'NONE', #4450 ) ;
#1241 = EDGE_CURVE ( 'NONE', #1255, #42, #4433, .T. ) ;
#1242 = EDGE_CURVE ( 'NONE', #1262, #1266, #4434, .T. ) ;
#1243 = ORIENTED_EDGE ( 'NONE', *, *, #1190, .T. ) ;
#1244 = ORIENTED_EDGE ( 'NONE', *, *, #1245, .F. ) ;
#1245 = EDGE_CURVE ( 'NONE', #1137, #1240, #4489, .T. ) ;
#1246 = ORIENTED_EDGE ( 'NONE', *, *, #1250, .F. ) ;
#1247 = EDGE_CURVE ( 'NONE', #1220, #1255, #4429, .T. ) ;
#1248 = VERTEX_POINT ( 'NONE', #4485 ) ;
#1249 = ORIENTED_EDGE ( 'NONE', *, *, #1206, .T. ) ;
#1250 = EDGE_CURVE ( 'NONE', #1240, #1207, #4479, .T. ) ;
#1251 = EDGE_CURVE ( 'NONE', #1266, #1238, #4480, .T. ) ;
#1252 = VERTEX_POINT ( 'NONE', #4474 ) ;
#1253 = ORIENTED_EDGE ( 'NONE', *, *, #1260, .T. ) ;
#1254 = ORIENTED_EDGE ( 'NONE', *, *, #1241, .F. ) ;
#1255 = VERTEX_POINT ( 'NONE', #4481 ) ;
#1256 = ORIENTED_EDGE ( 'NONE', *, *, #1237, .T. ) ;
#1257 = EDGE_CURVE ( 'NONE', #1252, #5026, #4488, .T. ) ;
#1258 = ORIENTED_EDGE ( 'NONE', *, *, #1242, .F. ) ;
#1259 = VERTEX_POINT ( 'NONE', #4475 ) ;
#1260 = EDGE_CURVE ( 'NONE', #1229, #1269, #4468, .T. ) ;
#1261 = EDGE_CURVE ( 'NONE', #1262, #1252, #4519, .T. ) ;
#1262 = VERTEX_POINT ( 'NONE', #4469 ) ;
#1263 = EDGE_CURVE ( 'NONE', #1329, #1264, #4515, .T. ) ;
#1264 = VERTEX_POINT ( 'NONE', #4470 ) ;
#1265 = ORIENTED_EDGE ( 'NONE', *, *, #1247, .F. ) ;
#1266 = VERTEX_POINT ( 'NONE', #4464 ) ;
#1267 = ORIENTED_EDGE ( 'NONE', *, *, #1261, .T. ) ;
#1268 = EDGE_CURVE ( 'NONE', #1269, #1259, #4513, .T. ) ;
#1269 = VERTEX_POINT ( 'NONE', #4508 ) ;
#1270 = ORIENTED_EDGE ( 'NONE', *, *, #1331, .T. ) ;
#1271 = ORIENTED_EDGE ( 'NONE', *, *, #1263, .T. ) ;
#1272 = VERTEX_POINT ( 'NONE', #4465 ) ;
#1273 = ORIENTED_EDGE ( 'NONE', *, *, #1276, .T. ) ;
#1274 = ORIENTED_EDGE ( 'NONE', *, *, #1275, .T. ) ;
#1275 = EDGE_CURVE ( 'NONE', #1272, #1214, #4504, .T. ) ;
#1276 = EDGE_CURVE ( 'NONE', #1264, #1248, #4499, .T. ) ;
#1277 = EDGE_CURVE ( 'NONE', #1283, #1272, #4495, .T. ) ;
#1278 = EDGE_CURVE ( 'NONE', #1280, #1213, #4268, .T. ) ;
#1279 = ORIENTED_EDGE ( 'NONE', *, *, #1307, .F. ) ;
#1280 = VERTEX_POINT ( 'NONE', #4543 ) ;
#1281 = ORIENTED_EDGE ( 'NONE', *, *, #1286, .F. ) ;
#1282 = EDGE_CURVE ( 'NONE', #1283, #1199, #4545, .T. ) ;
#1283 = VERTEX_POINT ( 'NONE', #4541 ) ;
#1284 = ORIENTED_EDGE ( 'NONE', *, *, #1148, .T. ) ;
#1285 = ORIENTED_EDGE ( 'NONE', *, *, #1208, .T. ) ;
#1286 = EDGE_CURVE ( 'NONE', #1199, #1156, #4534, .T. ) ;
#1287 = VERTEX_POINT ( 'NONE', #4536 ) ;
#1288 = ORIENTED_EDGE ( 'NONE', *, *, #399, .F. ) ;
#1289 = ORIENTED_EDGE ( 'NONE', *, *, #1325, .T. ) ;
#1290 = ORIENTED_EDGE ( 'NONE', *, *, #1295, .T. ) ;
#1291 = EDGE_CURVE ( 'NONE', #1310, #1287, #4546, .T. ) ;
#1292 = ORIENTED_EDGE ( 'NONE', *, *, #1312, .T. ) ;
#1293 = ORIENTED_EDGE ( 'NONE', *, *, #1316, .T. ) ;
#1294 = VERTEX_POINT ( 'NONE', #4542 ) ;
#1295 = EDGE_CURVE ( 'NONE', #1296, #1299, #4526, .T. ) ;
#1296 = VERTEX_POINT ( 'NONE', #4527 ) ;
#1297 = VERTEX_POINT ( 'NONE', #4544 ) ;
#1298 = ORIENTED_EDGE ( 'NONE', *, *, #1305, .T. ) ;
#1299 = VERTEX_POINT ( 'NONE', #4522 ) ;
#1300 = VERTEX_POINT ( 'NONE', #4530 ) ;
#1301 = ORIENTED_EDGE ( 'NONE', *, *, #1371, .T. ) ;
#1302 = ORIENTED_EDGE ( 'NONE', *, *, #1308, .T. ) ;
#1303 = ORIENTED_EDGE ( 'NONE', *, *, #1321, .T. ) ;
#1304 = ORIENTED_EDGE ( 'NONE', *, *, #474, .F. ) ;
#1305 = EDGE_CURVE ( 'NONE', #479, #1294, #4579, .T. ) ;
#1306 = ORIENTED_EDGE ( 'NONE', *, *, #1347, .T. ) ;
#1307 = EDGE_CURVE ( 'NONE', #1319, #1296, #4574, .T. ) ;
#1308 = EDGE_CURVE ( 'NONE', #1248, #1297, #4581, .T. ) ;
#1309 = ORIENTED_EDGE ( 'NONE', *, *, #1377, .F. ) ;
#1310 = VERTEX_POINT ( 'NONE', #4520 ) ;
#1311 = VERTEX_POINT ( 'NONE', #4566 ) ;
#1312 = EDGE_CURVE ( 'NONE', #1297, #1151, #4562, .T. ) ;
#1313 = ORIENTED_EDGE ( 'NONE', *, *, #1318, .T. ) ;
#1314 = ORIENTED_EDGE ( 'NONE', *, *, #1307, .T. ) ;
#1315 = EDGE_LOOP ( 'NONE', ( #1320, #1303, #1288, #1304, #1298, #1301, #1361, #1355, #1366, #1373, #1352, #1364, #1354 ) ) ;
#1316 = EDGE_CURVE ( 'NONE', #1323, #1319, #4556, .T. ) ;
#1317 = EDGE_CURVE ( 'NONE', #471, #1322, #4552, .T. ) ;
#1318 = EDGE_CURVE ( 'NONE', #1311, #1310, #4567, .T. ) ;
#1319 = VERTEX_POINT ( 'NONE', #4616 ) ;
#1320 = ORIENTED_EDGE ( 'NONE', *, *, #1317, .T. ) ;
#1321 = EDGE_CURVE ( 'NONE', #1322, #403, #4614, .T. ) ;
#1322 = VERTEX_POINT ( 'NONE', #4611 ) ;
#1323 = VERTEX_POINT ( 'NONE', #4615 ) ;
#1324 = ORIENTED_EDGE ( 'NONE', *, *, #1375, .T. ) ;
#1325 = EDGE_CURVE ( 'NONE', #1299, #1311, #4608, .T. ) ;
#1326 = EDGE_LOOP ( 'NONE', ( #1327, #1309, #1324, #1293, #1314, #1290, #1289, #1313 ) ) ;
#1327 = ORIENTED_EDGE ( 'NONE', *, *, #1291, .T. ) ;
#1328 = ORIENTED_EDGE ( 'NONE', *, *, #1251, .F. ) ;
#1329 = VERTEX_POINT ( 'NONE', #4521 ) ;
#1330 = ORIENTED_EDGE ( 'NONE', *, *, #1268, .T. ) ;
#1331 = EDGE_CURVE ( 'NONE', #1259, #1329, #4569, .T. ) ;
#1332 = ORIENTED_EDGE ( 'NONE', *, *, #1257, .T. ) ;
#1333 = EDGE_CURVE ( 'NONE', #1334, #1144, #4596, .T. ) ;
#1334 = VERTEX_POINT ( 'NONE', #4563 ) ;
#1335 = EDGE_CURVE ( 'NONE', #1341, #1205, #4590, .T. ) ;
#1336 = EDGE_CURVE ( 'NONE', #1341, #1334, #4586, .T. ) ;
#1337 = EDGE_CURVE ( 'NONE', #1300, #1350, #4644, .T. ) ;
#1338 = ORIENTED_EDGE ( 'NONE', *, *, #1335, .T. ) ;
#1339 = ORIENTED_EDGE ( 'NONE', *, *, #1336, .F. ) ;
#1340 = ADVANCED_FACE ( 'NONE', ( #4592, #4639, #4601 ), #4602, .F. ) ;
#1341 = VERTEX_POINT ( 'NONE', #4637 ) ;
#1342 = ORIENTED_EDGE ( 'NONE', *, *, #1344, .F. ) ;
#1343 = ORIENTED_EDGE ( 'NONE', *, *, #1349, .F. ) ;
#1344 = EDGE_CURVE ( 'NONE', #1350, #1348, #4598, .T. ) ;
#1345 = ORIENTED_EDGE ( 'NONE', *, *, #485, .F. ) ;
#1346 = ORIENTED_EDGE ( 'NONE', *, *, #1337, .F. ) ;
#1347 = EDGE_CURVE ( 'NONE', #1359, #1351, #4603, .T. ) ;
#1348 = VERTEX_POINT ( 'NONE', #4630 ) ;
#1349 = EDGE_CURVE ( 'NONE', #1348, #1351, #4638, .T. ) ;
#1350 = VERTEX_POINT ( 'NONE', #4631 ) ;
#1351 = VERTEX_POINT ( 'NONE', #4626 ) ;
#1352 = ORIENTED_EDGE ( 'NONE', *, *, #1367, .T. ) ;
#1353 = VERTEX_POINT ( 'NONE', #4627 ) ;
#1354 = ORIENTED_EDGE ( 'NONE', *, *, #469, .F. ) ;
#1355 = ORIENTED_EDGE ( 'NONE', *, *, #1372, .T. ) ;
#1356 = ORIENTED_EDGE ( 'NONE', *, *, #1357, .T. ) ;
#1357 = EDGE_CURVE ( 'NONE', #1262, #1359, #4618, .T. ) ;
#1358 = EDGE_CURVE ( 'NONE', #1353, #468, #4622, .T. ) ;
#1359 = VERTEX_POINT ( 'NONE', #4617 ) ;
#1360 = VERTEX_POINT ( 'NONE', #4621 ) ;
#1361 = ORIENTED_EDGE ( 'NONE', *, *, #1362, .F. ) ;
#1362 = EDGE_CURVE ( 'NONE', #1374, #1365, #4669, .T. ) ;
#1363 = EDGE_CURVE ( 'NONE', #1360, #1231, #4663, .T. ) ;
#1364 = ORIENTED_EDGE ( 'NONE', *, *, #1358, .T. ) ;
#1365 = VERTEX_POINT ( 'NONE', #4620 ) ;
#1366 = ORIENTED_EDGE ( 'NONE', *, *, #1363, .T. ) ;
#1367 = EDGE_CURVE ( 'NONE', #89, #1353, #4619, .T. ) ;
#1368 = EDGE_LOOP ( 'NONE', ( #1370, #1356, #1306, #1343, #1342, #1346, #544, #504 ) ) ;
#1369 = ADVANCED_FACE ( 'NONE', ( #4658 ), #4671, .F. ) ;
#1370 = ORIENTED_EDGE ( 'NONE', *, *, #1261, .F. ) ;
#1371 = EDGE_CURVE ( 'NONE', #1294, #1365, #4657, .T. ) ;
#1372 = EDGE_CURVE ( 'NONE', #1374, #1360, #4659, .T. ) ;
#1373 = ORIENTED_EDGE ( 'NONE', *, *, #1142, .F. ) ;
#1374 = VERTEX_POINT ( 'NONE', #4651 ) ;
#1375 = EDGE_CURVE ( 'NONE', #1376, #1323, #4652, .T. ) ;
#1376 = VERTEX_POINT ( 'NONE', #4708 ) ;
#1377 = EDGE_CURVE ( 'NONE', #1376, #1287, #4699, .T. ) ;
#1378 = LINE ( 'NONE', #1429, #1428 ) ;
#1379 = CARTESIAN_POINT ( 'NONE',  ( 10.30000000000000200, 7.300000000000000700, -3.549999999999999800 ) ) ;
#1380 = VECTOR ( 'NONE', #1399, 1000.000000000000000 ) ;
#1381 = PLANE ( 'NONE',  #1390 ) ;
#1382 = PLANE ( 'NONE',  #1435 ) ;
#1383 = PLANE ( 'NONE',  #1442 ) ;
#1384 = DIRECTION ( 'NONE',  ( 0.0000000000000000000, 1.000000000000000000, 0.0000000000000000000 ) ) ;
#1385 = VECTOR ( 'NONE', #1384, 1000.000000000000000 ) ;
#1386 = CARTESIAN_POINT ( 'NONE',  ( 10.30000000000000200, 7.300000000000000700, -1.449999999999999500 ) ) ;
#1387 = LINE ( 'NONE', #1386, #1385 ) ;
#1388 = FACE_OUTER_BOUND ( 'NONE', #29, .T. ) ;
#1389 = FACE_OUTER_BOUND ( 'NONE', #306, .T. ) ;
#1390 = AXIS2_PLACEMENT_3D ( 'NONE', #1379, #1396, #1443 ) ;
#1391 = DIRECTION ( 'NONE',  ( 0.0000000000000000000, 0.0000000000000000000, -1.000000000000000000 ) ) ;
#1392 = VECTOR ( 'NONE', #1391, 1000.000000000000000 ) ;
#1393 = CARTESIAN_POINT ( 'NONE',  ( 10.00000000000000200, 0.0000000000000000000, 0.0000000000000000000 ) ) ;
#1394 = LINE ( 'NONE', #1400, #1380 ) ;
#1395 = CARTESIAN_POINT ( 'NONE',  ( 2.670000000000000400, 10.70000000000000100, -3.470000000000041500 ) ) ;
#1396 = DIRECTION ( 'NONE',  ( 0.0000000000000000000, 0.0000000000000000000, -1.000000000000000000 ) ) ;
#1397 = CARTESIAN_POINT ( 'NONE',  ( 2.370000000000000600, 8.500000000000008900, -3.770000000000041800 ) ) ;
#1398 = CARTESIAN_POINT ( 'NONE',  ( 10.00000000000000200, 0.0000000000000000000, -0.4000000000000028000 ) ) ;
#1399 = DIRECTION ( 'NONE',  ( 0.0000000000000000000, 1.000000000000000000, 0.0000000000000000000 ) ) ;
#1400 = CARTESIAN_POINT ( 'NONE',  ( 11.70000000000000100, 7.300000000000000700, -3.549999999999999800 ) ) ;
#1401 = CARTESIAN_POINT ( 'NONE',  ( 10.00000000000000200, 1.700000000000000200, -0.2000000000000006800 ) ) ;
#1402 = CARTESIAN_POINT ( 'NONE',  ( 12.00000000000000000, 7.300000000000000700, -3.250000000000000000 ) ) ;
#1403 = CARTESIAN_POINT ( 'NONE',  ( 10.00000000000000200, 6.700000000000000200, -0.2000000000000000100 ) ) ;
#1404 = CARTESIAN_POINT ( 'NONE',  ( 10.00000000000000200, 6.700000000000000200, 0.0000000000000000000 ) ) ;
#1405 = CARTESIAN_POINT ( 'NONE',  ( 10.00000000000000200, 0.0000000000000000000, 0.0000000000000000000 ) ) ;
#1406 = LINE ( 'NONE', #1393, #1392 ) ;
#1407 = ORIENTED_EDGE ( 'NONE', *, *, #158, .F. ) ;
#1408 = ORIENTED_EDGE ( 'NONE', *, *, #246, .F. ) ;
#1409 = ORIENTED_EDGE ( 'NONE', *, *, #1347, .F. ) ;
#1410 = ORIENTED_EDGE ( 'NONE', *, *, #13, .F. ) ;
#1411 = ORIENTED_EDGE ( 'NONE', *, *, #545, .F. ) ;
#1412 = ORIENTED_EDGE ( 'NONE', *, *, #1413, .F. ) ;
#1413 = EDGE_CURVE ( 'NONE', #6, #1280, #4694, .T. ) ;
#1414 = DIRECTION ( 'NONE',  ( 0.7071067811865475700, -0.0000000000000000000, 0.7071067811865475700 ) ) ;
#1415 = CYLINDRICAL_SURFACE ( 'NONE', #1419, 0.2999999999999999300 ) ;
#1416 = DIRECTION ( 'NONE',  ( 0.0000000000000000000, 1.000000000000000000, 0.0000000000000000000 ) ) ;
#1417 = VECTOR ( 'NONE', #1416, 1000.000000000000000 ) ;
#1418 = CARTESIAN_POINT ( 'NONE',  ( 11.70000000000000100, 7.300000000000000700, -1.449999999999999500 ) ) ;
#1419 = AXIS2_PLACEMENT_3D ( 'NONE', #1471, #1472, #1424 ) ;
#1420 = CARTESIAN_POINT ( 'NONE',  ( 10.00000000000000200, 1.700000000000000200, -5.258380536554696500E-015 ) ) ;
#1421 = DIRECTION ( 'NONE',  ( -0.7071067811865474600, 0.0000000000000000000, -0.7071067811865474600 ) ) ;
#1422 = LINE ( 'NONE', #1418, #1417 ) ;
#1423 = CARTESIAN_POINT ( 'NONE',  ( 11.70000000000000100, 7.300000000000000700, -1.449999999999999500 ) ) ;
#1424 = DIRECTION ( 'NONE',  ( 0.0000000000000000000, 0.0000000000000000000, 1.000000000000000000 ) ) ;
#1425 = CARTESIAN_POINT ( 'NONE',  ( 10.00000000000000200, 8.500000000000000000, -0.4000000000000028000 ) ) ;
#1426 = CARTESIAN_POINT ( 'NONE',  ( 11.70000000000000100, 7.300000000000000700, -3.549999999999999800 ) ) ;
#1427 = DIRECTION ( 'NONE',  ( 0.0000000000000000000, 1.000000000000000000, 0.0000000000000000000 ) ) ;
#1428 = VECTOR ( 'NONE', #1427, 1000.000000000000000 ) ;
#1429 = CARTESIAN_POINT ( 'NONE',  ( 12.00000000000000000, 7.300000000000000700, -1.749999999999999300 ) ) ;
#1430 = PLANE ( 'NONE',  #1440 ) ;
#1431 = FACE_OUTER_BOUND ( 'NONE', #32, .T. ) ;
#1432 = DIRECTION ( 'NONE',  ( 0.0000000000000000000, 1.000000000000000000, 0.0000000000000000000 ) ) ;
#1433 = VECTOR ( 'NONE', #1432, 1000.000000000000000 ) ;
#1434 = FACE_OUTER_BOUND ( 'NONE', #65, .T. ) ;
#1435 = AXIS2_PLACEMENT_3D ( 'NONE', #1426, #1444, #1421 ) ;
#1436 = DIRECTION ( 'NONE',  ( 0.0000000000000000000, 0.0000000000000000000, -1.000000000000000000 ) ) ;
#1437 = DIRECTION ( 'NONE',  ( 1.000000000000000000, 0.0000000000000000000, 0.0000000000000000000 ) ) ;
#1438 = CARTESIAN_POINT ( 'NONE',  ( 12.00000000000000000, 7.300000000000000700, -3.250000000000000000 ) ) ;
#1439 = LINE ( 'NONE', #1438, #1433 ) ;
#1440 = AXIS2_PLACEMENT_3D ( 'NONE', #1423, #1414, #1470 ) ;
#1441 = FACE_OUTER_BOUND ( 'NONE', #53, .T. ) ;
#1442 = AXIS2_PLACEMENT_3D ( 'NONE', #1402, #1437, #1436 ) ;
#1443 = DIRECTION ( 'NONE',  ( -1.000000000000000000, 0.0000000000000000000, -0.0000000000000000000 ) ) ;
#1444 = DIRECTION ( 'NONE',  ( 0.7071067811865475700, 0.0000000000000000000, -0.7071067811865475700 ) ) ;
#1445 = DIRECTION ( 'NONE',  ( -0.0000000000000000000, -1.000000000000000000, -0.0000000000000000000 ) ) ;
#1446 = VECTOR ( 'NONE', #1445, 1000.000000000000000 ) ;
#1447 = VECTOR ( 'NONE', #1464, 1000.000000000000000 ) ;
#1448 = VECTOR ( 'NONE', #1483, 1000.000000000000000 ) ;
#1449 = CARTESIAN_POINT ( 'NONE',  ( 10.67493316334361500, 7.300000000000000700, -2.226218058107894300 ) ) ;
#1450 = LINE ( 'NONE', #1449, #1446 ) ;
#1451 = DIRECTION ( 'NONE',  ( 1.000000000000000000, 0.0000000000000000000, -0.0000000000000000000 ) ) ;
#1452 = DIRECTION ( 'NONE',  ( 0.0000000000000000000, 0.0000000000000000000, 1.000000000000000000 ) ) ;
#1453 = CARTESIAN_POINT ( 'NONE',  ( 10.30000000000000200, 7.300000000000000700, -1.449999999999999500 ) ) ;
#1454 = CYLINDRICAL_SURFACE ( 'NONE', #1500, 0.4250000000000000400 ) ;
#1455 = CARTESIAN_POINT ( 'NONE',  ( 11.27394059929665100, 8.500000000000000000, -2.824933143980407300 ) ) ;
#1456 = LINE ( 'NONE', #1465, #1447 ) ;
#1457 = CARTESIAN_POINT ( 'NONE',  ( 10.67492068097933200, 7.200000000000001100, -2.175079338383875800 ) ) ;
#1458 = DIRECTION ( 'NONE',  ( 0.0000000000000000000, 0.0000000000000000000, -1.000000000000000000 ) ) ;
#1459 = VECTOR ( 'NONE', #1458, 1000.000000000000000 ) ;
#1460 = FACE_OUTER_BOUND ( 'NONE', #36, .T. ) ;
#1461 = CARTESIAN_POINT ( 'NONE',  ( 11.32507931902066600, 10.70000000000000100, -2.824920661616123300 ) ) ;
#1462 = CARTESIAN_POINT ( 'NONE',  ( 11.32492066161612400, 10.70000000000000100, -2.174920680979332700 ) ) ;
#1463 = PLANE ( 'NONE',  #1469 ) ;
#1464 = DIRECTION ( 'NONE',  ( 0.0000000000000000000, -1.000000000000000000, 0.0000000000000000000 ) ) ;
#1465 = CARTESIAN_POINT ( 'NONE',  ( 11.32492066161612400, 10.70000000000000100, -2.174920680979332700 ) ) ;
#1466 = FACE_OUTER_BOUND ( 'NONE', #50, .T. ) ;
#1467 = CARTESIAN_POINT ( 'NONE',  ( 10.00000000000000200, 6.700000000000000200, 0.0000000000000000000 ) ) ;
#1468 = LINE ( 'NONE', #1467, #1459 ) ;
#1469 = AXIS2_PLACEMENT_3D ( 'NONE', #1453, #1452, #1451 ) ;
#1470 = DIRECTION ( 'NONE',  ( 0.7071067811865474600, 0.0000000000000000000, -0.7071067811865474600 ) ) ;
#1471 = CARTESIAN_POINT ( 'NONE',  ( 10.30000000000000100, 7.300000000000000700, -1.149999999999999500 ) ) ;
#1472 = DIRECTION ( 'NONE',  ( 0.0000000000000000000, 1.000000000000000000, 0.0000000000000000000 ) ) ;
#1473 =( LENGTH_UNIT ( ) NAMED_UNIT ( * ) SI_UNIT ( .MILLI., .METRE. ) );
#1474 = MECHANICAL_DESIGN_GEOMETRIC_PRESENTATION_REPRESENTATION (  '', ( #1476 ), #1536 ) ;
#1475 = PRESENTATION_LAYER_ASSIGNMENT (  '', '', ( #1476 ) ) ;
#1476 = STYLED_ITEM ( 'NONE', ( #1477 ), #97 ) ;
#1477 = PRESENTATION_STYLE_ASSIGNMENT (( #1478 ) ) ;
#1478 = SURFACE_STYLE_USAGE ( .BOTH. , #1479 ) ;
#1479 = SURFACE_SIDE_STYLE ('',( #1488 ) ) ;
#1480 = COLOUR_RGB ( '',1.000000000000000000, 0.8000000000000000400, 0.3725490196078431500 ) ;
#1481 = DIRECTION ( 'NONE',  ( -0.9999999702104468400, 0.0000000000000000000, -0.0002440883146818943600 ) ) ;
#1482 = VECTOR ( 'NONE', #1481, 1000.000000000000200 ) ;
#1483 = DIRECTION ( 'NONE',  ( 0.0000000000000000000, -1.000000000000000000, 0.0000000000000000000 ) ) ;
#1484 = DIRECTION ( 'NONE',  ( 0.0000000000000000000, -1.000000000000000000, 0.0000000000000000000 ) ) ;
#1485 = VECTOR ( 'NONE', #1484, 1000.000000000000000 ) ;
#1486 = CARTESIAN_POINT ( 'NONE',  ( 11.32492066161612400, 10.70000000000000100, -2.174920680979332700 ) ) ;
#1487 = LINE ( 'NONE', #1486, #1482 ) ;
#1488 = SURFACE_STYLE_FILL_AREA ( #1489 ) ;
#1489 = FILL_AREA_STYLE ('',( #1496 ) ) ;
#1490 = FACE_OUTER_BOUND ( 'NONE', #27, .T. ) ;
#1491 = DIRECTION ( 'NONE',  ( -0.0000000000000000000, 1.000000000000000000, -0.0000000000000000000 ) ) ;
#1492 = VECTOR ( 'NONE', #1491, 1000.000000000000000 ) ;
#1493 = DIRECTION ( 'NONE',  ( 0.0000000000000000000, 0.0000000000000000000, 1.000000000000000000 ) ) ;
#1494 = CARTESIAN_POINT ( 'NONE',  ( 10.67492068097933200, 10.70000000000000100, -2.175079338383875800 ) ) ;
#1495 = LINE ( 'NONE', #1494, #1485 ) ;
#1496 = FILL_AREA_STYLE_COLOUR ( '', #1480 ) ;
#1497 = CARTESIAN_POINT ( 'NONE',  ( 10.67492068097933200, 7.200000000000001100, -2.175079338383875800 ) ) ;
#1498 = LINE ( 'NONE', #1497, #1492 ) ;
#1499 = DIRECTION ( 'NONE',  ( 0.0000000000000000000, 1.000000000000000000, 0.0000000000000000000 ) ) ;
#1500 = AXIS2_PLACEMENT_3D ( 'NONE', #1505, #1499, #1493 ) ;
#1501 = DIRECTION ( 'NONE',  ( 0.0000000000000000000, 1.000000000000000000, 0.0000000000000000000 ) ) ;
#1502 = VECTOR ( 'NONE', #1501, 1000.000000000000000 ) ;
#1503 = CARTESIAN_POINT ( 'NONE',  ( 10.67506685601959000, 7.300000000000000700, -2.773940599296647500 ) ) ;
#1504 = LINE ( 'NONE', #1503, #1502 ) ;
#1505 = CARTESIAN_POINT ( 'NONE',  ( 11.00000000000000000, 7.300000000000000700, -2.499999999999999600 ) ) ;
#1506 = CARTESIAN_POINT ( 'NONE',  ( 11.32492066161612200, 7.200000000000001100, -2.174920680979332200 ) ) ;
#1507 = CARTESIAN_POINT ( 'NONE',  ( 0.0000000000000000000, 6.700000000000000200, 0.0000000000000000000 ) ) ;
#1508 = FACE_OUTER_BOUND ( 'NONE', #123, .T. ) ;
#1509 = FACE_BOUND ( 'NONE', #512, .T. ) ;
#1510 = DIRECTION ( 'NONE',  ( -0.0000000000000000000, 1.000000000000000000, -0.0000000000000000000 ) ) ;
#1511 = VECTOR ( 'NONE', #1510, 1000.000000000000000 ) ;
#1512 = CARTESIAN_POINT ( 'NONE',  ( 11.32492066161612200, 7.200000000000001100, -2.174920680979332200 ) ) ;
#1513 = AXIS2_PLACEMENT_3D ( 'NONE', #1522, #1519, #1518 ) ;
#1514 = DIRECTION ( 'NONE',  ( -0.0000000000000000000, 1.000000000000000000, -0.0000000000000000000 ) ) ;
#1515 = VECTOR ( 'NONE', #1514, 1000.000000000000000 ) ;
#1516 = CARTESIAN_POINT ( 'NONE',  ( 11.32507931902066500, 7.200000000000001100, -2.824920661616122000 ) ) ;
#1517 = PLANE ( 'NONE',  #1513 ) ;
#1518 = DIRECTION ( 'NONE',  ( -1.000000000000000000, 0.0000000000000000000, -0.0000000000000000000 ) ) ;
#1519 = DIRECTION ( 'NONE',  ( 0.0000000000000000000, 0.0000000000000000000, -1.000000000000000000 ) ) ;
#1520 = DIRECTION ( 'NONE',  ( 0.0000000000000000000, 1.000000000000000000, 0.0000000000000000000 ) ) ;
#1521 = VECTOR ( 'NONE', #1520, 1000.000000000000000 ) ;
#1522 = CARTESIAN_POINT ( 'NONE',  ( 0.0000000000000000000, 8.500000000000000000, 0.0000000000000000000 ) ) ;
#1523 = DIRECTION ( 'NONE',  ( 0.9999999702104468400, 0.0000000000000000000, 0.0002440883146818943600 ) ) ;
#1524 = DIRECTION ( 'NONE',  ( -0.0002440883146818943900, 0.0000000000000000000, 0.9999999702104469500 ) ) ;
#1525 = CARTESIAN_POINT ( 'NONE',  ( 11.32492066161612400, 10.70000000000000100, -2.174920680979332700 ) ) ;
#1526 = AXIS2_PLACEMENT_3D ( 'NONE', #1525, #1524, #1523 ) ;
#1527 = AXIS2_PLACEMENT_3D ( 'NONE', #1551, #1538, #1543 ) ;
#1528 = LINE ( 'NONE', #1512, #1511 ) ;
#1529 = LINE ( 'NONE', #1530, #1521 ) ;
#1530 = CARTESIAN_POINT ( 'NONE',  ( 10.00000000000000200, 8.500000000000000000, -0.4000000000000025800 ) ) ;
#1531 = FACE_OUTER_BOUND ( 'NONE', #540, .T. ) ;
#1532 = CARTESIAN_POINT ( 'NONE',  ( 10.67492068097933200, 10.70000000000000100, -2.175079338383875800 ) ) ;
#1533 = LINE ( 'NONE', #1516, #1515 ) ;
#1534 = PLANE ( 'NONE',  #1526 ) ;
#1535 = PLANE ( 'NONE',  #1527 ) ;
#1536 =( GEOMETRIC_REPRESENTATION_CONTEXT ( 3 ) GLOBAL_UNCERTAINTY_ASSIGNED_CONTEXT ( ( #334 ) ) GLOBAL_UNIT_ASSIGNED_CONTEXT ( ( #1473, #332, #333 ) ) REPRESENTATION_CONTEXT ( 'NONE', 'WORKASPACE' ) );
#1537 = FACE_BOUND ( 'NONE', #135, .T. ) ;
#1538 = DIRECTION ( 'NONE',  ( 0.0000000000000000000, 0.0000000000000000000, 1.000000000000000000 ) ) ;
#1539 = DIRECTION ( 'NONE',  ( -1.000000000000000000, 0.0000000000000000000, 0.0000000000000000000 ) ) ;
#1540 = DIRECTION ( 'NONE',  ( 0.0000000000000000000, 0.0000000000000000000, -1.000000000000000000 ) ) ;
#1541 = CARTESIAN_POINT ( 'NONE',  ( 0.9000000000000001300, 7.600000000000000500, -5.000000000000000900 ) ) ;
#1542 = AXIS2_PLACEMENT_3D ( 'NONE', #1541, #1540, #1539 ) ;
#1543 = DIRECTION ( 'NONE',  ( 1.000000000000000000, 0.0000000000000000000, -0.0000000000000000000 ) ) ;
#1544 = CIRCLE ( 'NONE', #1542, 0.5000000000000003300 ) ;
#1545 = DIRECTION ( 'NONE',  ( -0.7071067811865460200, 0.0000000000000000000, 0.7071067811865490200 ) ) ;
#1546 = DIRECTION ( 'NONE',  ( 1.000000000000000000, -0.0000000000000000000, -0.0000000000000000000 ) ) ;
#1547 = VECTOR ( 'NONE', #1546, 1000.000000000000000 ) ;
#1548 = FACE_OUTER_BOUND ( 'NONE', #117, .T. ) ;
#1549 = CARTESIAN_POINT ( 'NONE',  ( 10.00000000000000200, 6.700000000000001100, -5.000000000000001800 ) ) ;
#1550 = VECTOR ( 'NONE', #1552, 1000.000000000000000 ) ;
#1551 = CARTESIAN_POINT ( 'NONE',  ( 0.0000000000000000000, 8.500000000000000000, -5.000000000000000900 ) ) ;
#1552 = DIRECTION ( 'NONE',  ( 1.000000000000000000, -0.0000000000000000000, -0.0000000000000000000 ) ) ;
#1553 = CARTESIAN_POINT ( 'NONE',  ( -0.9999999999999974500, 1.700000000000000200, -5.258380536554696500E-015 ) ) ;
#1554 = CARTESIAN_POINT ( 'NONE',  ( -0.9999999999999974500, 6.700000000000001100, -5.000000000000001800 ) ) ;
#1555 = LINE ( 'NONE', #1554, #1547 ) ;
#1556 = DIRECTION ( 'NONE',  ( -0.0000000000000000000, -0.0000000000000000000, 1.000000000000000000 ) ) ;
#1557 = VECTOR ( 'NONE', #1556, 1000.000000000000000 ) ;
#1558 = CARTESIAN_POINT ( 'NONE',  ( 10.00000000000000200, 1.700000000000000800, -4.800000000000002500 ) ) ;
#1559 = LINE ( 'NONE', #1558, #1557 ) ;
#1560 = DIRECTION ( 'NONE',  ( 0.0000000000000000000, 0.0000000000000000000, -1.000000000000000000 ) ) ;
#1561 = VECTOR ( 'NONE', #1560, 1000.000000000000000 ) ;
#1562 = LINE ( 'NONE', #1553, #1550 ) ;
#1563 = LINE ( 'NONE', #1507, #1561 ) ;
#1564 = AXIS2_PLACEMENT_3D ( 'NONE', #1566, #1619, #1618 ) ;
#1565 = LINE ( 'NONE', #1626, #1625 ) ;
#1566 = CARTESIAN_POINT ( 'NONE',  ( -0.9999999999999974500, 1.700000000000000800, -4.800000000000002500 ) ) ;
#1567 = CARTESIAN_POINT ( 'NONE',  ( 0.2999999999999996000, 0.0000000000000000000, -4.299999999999999800 ) ) ;
#1568 = PLANE ( 'NONE',  #1564 ) ;
#1569 = VECTOR ( 'NONE', #1586, 1000.000000000000000 ) ;
#1570 = VECTOR ( 'NONE', #1545, 1000.000000000000100 ) ;
#1571 = LINE ( 'NONE', #1630, #1629 ) ;
#1572 = DIRECTION ( 'NONE',  ( 1.000000000000000000, 0.0000000000000000000, -0.0000000000000000000 ) ) ;
#1573 = DIRECTION ( 'NONE',  ( 0.0000000000000000000, 0.0000000000000000000, 1.000000000000000000 ) ) ;
#1574 = CARTESIAN_POINT ( 'NONE',  ( 0.0000000000000000000, 8.500000000000000000, -5.000000000000000900 ) ) ;
#1575 = AXIS2_PLACEMENT_3D ( 'NONE', #1574, #1573, #1572 ) ;
#1576 = LINE ( 'NONE', #1577, #1570 ) ;
#1577 = CARTESIAN_POINT ( 'NONE',  ( 0.5000000000000012200, 0.0000000000000000000, -4.500000000000002700 ) ) ;
#1578 = CARTESIAN_POINT ( 'NONE',  ( 9.700000000000004600, 0.0000000000000000000, -4.300000000000000700 ) ) ;
#1579 = DIRECTION ( 'NONE',  ( 0.0000000000000000000, -0.0000000000000000000, -1.000000000000000000 ) ) ;
#1580 = DIRECTION ( 'NONE',  ( 0.0000000000000000000, -1.000000000000000000, 0.0000000000000000000 ) ) ;
#1581 = CARTESIAN_POINT ( 'NONE',  ( 0.0000000000000000000, 0.0000000000000000000, -5.000000000000000900 ) ) ;
#1582 = LINE ( 'NONE', #1616, #1622 ) ;
#1583 = LINE ( 'NONE', #1587, #1569 ) ;
#1584 = PLANE ( 'NONE',  #1575 ) ;
#1585 = FACE_OUTER_BOUND ( 'NONE', #127, .T. ) ;
#1586 = DIRECTION ( 'NONE',  ( 0.7071067811865470200, 0.0000000000000000000, 0.7071067811865480200 ) ) ;
#1587 = CARTESIAN_POINT ( 'NONE',  ( -2.000000000000000000, 0.0000000000000000000, -3.000000000000004000 ) ) ;
#1588 = DIRECTION ( 'NONE',  ( -1.000000000000000000, -0.0000000000000000000, -0.0000000000000000000 ) ) ;
#1589 = VECTOR ( 'NONE', #1588, 1000.000000000000000 ) ;
#1590 = CARTESIAN_POINT ( 'NONE',  ( 0.0000000000000000000, 0.0000000000000000000, -5.000000000000000900 ) ) ;
#1591 = LINE ( 'NONE', #1590, #1589 ) ;
#1592 = CARTESIAN_POINT ( 'NONE',  ( 0.3000000000000012100, 0.0000000000000000000, -0.6999999999999988500 ) ) ;
#1593 = DIRECTION ( 'NONE',  ( 1.000000000000000000, -0.0000000000000000000, -0.0000000000000000000 ) ) ;
#1594 = VECTOR ( 'NONE', #1593, 1000.000000000000000 ) ;
#1595 = CARTESIAN_POINT ( 'NONE',  ( -0.9999999999999974500, 1.700000000000000800, -4.999999999999996400 ) ) ;
#1596 = AXIS2_PLACEMENT_3D ( 'NONE', #1581, #1580, #1579 ) ;
#1597 = LINE ( 'NONE', #1595, #1594 ) ;
#1598 = PLANE ( 'NONE',  #1596 ) ;
#1599 = LINE ( 'NONE', #1655, #1606 ) ;
#1600 = DIRECTION ( 'NONE',  ( -0.7071067811865502400, 0.0000000000000000000, 0.7071067811865448000 ) ) ;
#1601 = VECTOR ( 'NONE', #1600, 1000.000000000000000 ) ;
#1602 = CARTESIAN_POINT ( 'NONE',  ( 2.300000000000000300, 0.0000000000000000000, -2.699999999999982900 ) ) ;
#1603 = LINE ( 'NONE', #1602, #1601 ) ;
#1604 = AXIS2_PLACEMENT_3D ( 'NONE', #1633, #1632, #1631 ) ;
#1605 = PLANE ( 'NONE',  #1627 ) ;
#1606 = VECTOR ( 'NONE', #1654, 1000.000000000000000 ) ;
#1607 = DIRECTION ( 'NONE',  ( 1.000000000000000000, -0.0000000000000000000, -0.0000000000000000000 ) ) ;
#1608 = VECTOR ( 'NONE', #1607, 1000.000000000000000 ) ;
#1609 = CARTESIAN_POINT ( 'NONE',  ( -0.9999999999999974500, 6.700000000000001100, -4.800000000000001600 ) ) ;
#1610 = LINE ( 'NONE', #1609, #1608 ) ;
#1611 = AXIS2_PLACEMENT_3D ( 'NONE', #1646, #1645, #1644 ) ;
#1612 = PLANE ( 'NONE',  #1611 ) ;
#1613 = DIRECTION ( 'NONE',  ( -0.7071067811865469100, 0.0000000000000000000, -0.7071067811865482400 ) ) ;
#1614 = VECTOR ( 'NONE', #1613, 999.9999999999998900 ) ;
#1615 = DIRECTION ( 'NONE',  ( 0.7071067811865503500, 0.0000000000000000000, -0.7071067811865446900 ) ) ;
#1616 = CARTESIAN_POINT ( 'NONE',  ( 5.199999999999962900, 0.0000000000000000000, 0.2000000000000031200 ) ) ;
#1617 = FACE_OUTER_BOUND ( 'NONE', #160, .T. ) ;
#1618 = DIRECTION ( 'NONE',  ( 0.0000000000000000000, -0.0000000000000000000, 1.000000000000000000 ) ) ;
#1619 = DIRECTION ( 'NONE',  ( 0.0000000000000000000, 1.000000000000000000, 0.0000000000000000000 ) ) ;
#1620 = CARTESIAN_POINT ( 'NONE',  ( 4.500000000000008900, 0.0000000000000000000, -9.500000000000001800 ) ) ;
#1621 = LINE ( 'NONE', #1620, #1614 ) ;
#1622 = VECTOR ( 'NONE', #1615, 1000.000000000000200 ) ;
#1623 = FACE_OUTER_BOUND ( 'NONE', #163, .T. ) ;
#1624 = DIRECTION ( 'NONE',  ( 0.7071067811865496800, 0.0000000000000000000, 0.7071067811865454600 ) ) ;
#1625 = VECTOR ( 'NONE', #1624, 1000.000000000000100 ) ;
#1626 = CARTESIAN_POINT ( 'NONE',  ( -0.2000000000000013700, 0.0000000000000000000, -4.799999999999998900 ) ) ;
#1627 = AXIS2_PLACEMENT_3D ( 'NONE', #1658, #1657, #1656 ) ;
#1628 = DIRECTION ( 'NONE',  ( 1.000000000000000000, -0.0000000000000000000, -0.0000000000000000000 ) ) ;
#1629 = VECTOR ( 'NONE', #1628, 1000.000000000000000 ) ;
#1630 = CARTESIAN_POINT ( 'NONE',  ( -0.9999999999999974500, 1.700000000000000800, -4.800000000000002500 ) ) ;
#1631 = DIRECTION ( 'NONE',  ( 0.0000000000000000000, 0.0000000000000000000, 1.000000000000000000 ) ) ;
#1632 = DIRECTION ( 'NONE',  ( 0.0000000000000000000, 1.000000000000000000, -0.0000000000000000000 ) ) ;
#1633 = CARTESIAN_POINT ( 'NONE',  ( -0.9999999999999974500, 1.700000000000000200, -0.2000000000000006800 ) ) ;
#1634 = PLANE ( 'NONE',  #1635 ) ;
#1635 = AXIS2_PLACEMENT_3D ( 'NONE', #1696, #1693, #1688 ) ;
#1636 = VECTOR ( 'NONE', #1694, 1000.000000000000000 ) ;
#1637 = CARTESIAN_POINT ( 'NONE',  ( 0.5000000000000015500, 7.000000000000000900, -3.600000000000002300 ) ) ;
#1638 = LINE ( 'NONE', #1637, #1636 ) ;
#1639 = DIRECTION ( 'NONE',  ( 0.0000000000000000000, -1.000000000000000000, -1.355252715606880800E-016 ) ) ;
#1640 = DIRECTION ( 'NONE',  ( 0.0000000000000000000, -1.355252715606880800E-016, 1.000000000000000000 ) ) ;
#1641 = CARTESIAN_POINT ( 'NONE',  ( -0.9999999999999974500, 6.700000000000000200, -0.2000000000000000100 ) ) ;
#1642 = PLANE ( 'NONE',  #1604 ) ;
#1643 = FACE_OUTER_BOUND ( 'NONE', #167, .T. ) ;
#1644 = DIRECTION ( 'NONE',  ( 0.0000000000000000000, 1.000000000000000000, 1.734723475976807100E-016 ) ) ;
#1645 = DIRECTION ( 'NONE',  ( 0.0000000000000000000, 1.734723475976807100E-016, -1.000000000000000000 ) ) ;
#1646 = CARTESIAN_POINT ( 'NONE',  ( -0.9999999999999974500, 6.700000000000001100, -4.800000000000001600 ) ) ;
#1647 = FACE_OUTER_BOUND ( 'NONE', #213, .T. ) ;
#1648 = FACE_OUTER_BOUND ( 'NONE', #173, .T. ) ;
#1649 = FACE_OUTER_BOUND ( 'NONE', #165, .T. ) ;
#1650 = PLANE ( 'NONE',  #1659 ) ;
#1651 = DIRECTION ( 'NONE',  ( 1.000000000000000000, -0.0000000000000000000, -0.0000000000000000000 ) ) ;
#1652 = CARTESIAN_POINT ( 'NONE',  ( -0.9999999999999974500, 6.700000000000000200, -0.2000000000000000100 ) ) ;
#1653 = LINE ( 'NONE', #1652, #1660 ) ;
#1654 = DIRECTION ( 'NONE',  ( 1.000000000000000000, -0.0000000000000000000, -0.0000000000000000000 ) ) ;
#1655 = CARTESIAN_POINT ( 'NONE',  ( -0.9999999999999974500, 1.700000000000000200, -0.2000000000000006800 ) ) ;
#1656 = DIRECTION ( 'NONE',  ( 0.0000000000000000000, -0.0000000000000000000, -1.000000000000000000 ) ) ;
#1657 = DIRECTION ( 'NONE',  ( 0.0000000000000000000, -1.000000000000000000, 0.0000000000000000000 ) ) ;
#1658 = CARTESIAN_POINT ( 'NONE',  ( -0.9999999999999974500, 6.700000000000001100, -5.000000000000001800 ) ) ;
#1659 = AXIS2_PLACEMENT_3D ( 'NONE', #1641, #1640, #1639 ) ;
#1660 = VECTOR ( 'NONE', #1651, 1000.000000000000000 ) ;
#1661 = AXIS2_PLACEMENT_3D ( 'NONE', #1676, #1671, #1721 ) ;
#1662 = CARTESIAN_POINT ( 'NONE',  ( 1.500000000000001300, 7.000000000000000900, -0.4000000000000001900 ) ) ;
#1663 = LINE ( 'NONE', #1662, #1716 ) ;
#1664 = CYLINDRICAL_SURFACE ( 'NONE', #1661, 1.000000000000000200 ) ;
#1665 = AXIS2_PLACEMENT_3D ( 'NONE', #1749, #1748, #1747 ) ;
#1666 = DIRECTION ( 'NONE',  ( 0.0000000000000000000, 0.0000000000000000000, -1.000000000000000000 ) ) ;
#1667 = DIRECTION ( 'NONE',  ( 0.0000000000000000000, -1.000000000000000000, -0.0000000000000000000 ) ) ;
#1668 = DIRECTION ( 'NONE',  ( 0.0000000000000000000, 1.000000000000000000, 0.0000000000000000000 ) ) ;
#1669 = VECTOR ( 'NONE', #1668, 1000.000000000000000 ) ;
#1670 = CARTESIAN_POINT ( 'NONE',  ( 0.5000000000000013300, 7.000000000000000900, -1.400000000000000600 ) ) ;
#1671 = DIRECTION ( 'NONE',  ( 0.0000000000000000000, 1.000000000000000000, 0.0000000000000000000 ) ) ;
#1672 = FILL_AREA_STYLE ('',( #1718 ) ) ;
#1673 = PLANE ( 'NONE',  #1665 ) ;
#1674 = DIRECTION ( 'NONE',  ( -0.9999999702104468400, 0.0000000000000000000, -0.0002440883146825622300 ) ) ;
#1675 = VECTOR ( 'NONE', #1674, 1000.000000000000200 ) ;
#1676 = CARTESIAN_POINT ( 'NONE',  ( 1.500000000000001300, 7.000000000000000900, -1.400000000000000600 ) ) ;
#1677 = FACE_OUTER_BOUND ( 'NONE', #181, .T. ) ;
#1678 = FACE_OUTER_BOUND ( 'NONE', #182, .T. ) ;
#1679 = DIRECTION ( 'NONE',  ( 0.0000000000000000000, 1.000000000000000000, 0.0000000000000000000 ) ) ;
#1680 = VECTOR ( 'NONE', #1679, 1000.000000000000000 ) ;
#1681 = CARTESIAN_POINT ( 'NONE',  ( 8.499999999999996400, 7.000000000000000900, -4.600000000000001400 ) ) ;
#1682 = LINE ( 'NONE', #1681, #1680 ) ;
#1683 = CARTESIAN_POINT ( 'NONE',  ( 11.32507931902066500, 7.200000000000001100, -2.824920661616122000 ) ) ;
#1684 = AXIS2_PLACEMENT_3D ( 'NONE', #1695, #1667, #1666 ) ;
#1685 = DIRECTION ( 'NONE',  ( 0.0000000000000000000, 1.000000000000000000, 0.0000000000000000000 ) ) ;
#1686 = CARTESIAN_POINT ( 'NONE',  ( 11.32492066161612200, 7.200000000000001100, -2.174920680979332200 ) ) ;
#1687 = LINE ( 'NONE', #1686, #1675 ) ;
#1688 = DIRECTION ( 'NONE',  ( -1.000000000000000000, 0.0000000000000000000, -0.0000000000000000000 ) ) ;
#1689 = VECTOR ( 'NONE', #1685, 1000.000000000000000 ) ;
#1690 = CARTESIAN_POINT ( 'NONE',  ( 1.500000000000001800, 7.000000000000000900, -4.600000000000002300 ) ) ;
#1691 = LINE ( 'NONE', #1670, #1669 ) ;
#1692 = PLANE ( 'NONE',  #1684 ) ;
#1693 = DIRECTION ( 'NONE',  ( 0.0000000000000000000, 0.0000000000000000000, -1.000000000000000000 ) ) ;
#1694 = DIRECTION ( 'NONE',  ( 0.0000000000000000000, 1.000000000000000000, 0.0000000000000000000 ) ) ;
#1695 = CARTESIAN_POINT ( 'NONE',  ( -0.9999999999999974500, 6.700000000000000200, 0.0000000000000000000 ) ) ;
#1696 = CARTESIAN_POINT ( 'NONE',  ( 1.700000000000001500, 2.500000000000000400, -4.600000000000000500 ) ) ;
#1697 = LINE ( 'NONE', #1690, #1689 ) ;
#1698 = UNCERTAINTY_MEASURE_WITH_UNIT (LENGTH_MEASURE( 1.000000000000000100E-005 ), #1701, 'distance_accuracy_value', 'NONE');
#1699 =( NAMED_UNIT ( * ) SI_UNIT ( $, .STERADIAN. ) SOLID_ANGLE_UNIT ( ) );
#1700 =( NAMED_UNIT ( * ) PLANE_ANGLE_UNIT ( ) SI_UNIT ( $, .RADIAN. ) );
#1701 =( LENGTH_UNIT ( ) NAMED_UNIT ( * ) SI_UNIT ( .MILLI., .METRE. ) );
#1702 = MECHANICAL_DESIGN_GEOMETRIC_PRESENTATION_REPRESENTATION (  '', ( #1704 ), #1755 ) ;
#1703 = PRESENTATION_LAYER_ASSIGNMENT (  '', '', ( #1704 ) ) ;
#1704 = STYLED_ITEM ( 'NONE', ( #1705 ), #237 ) ;
#1705 = PRESENTATION_STYLE_ASSIGNMENT (( #1706 ) ) ;
#1706 = SURFACE_STYLE_USAGE ( .BOTH. , #1707 ) ;
#1707 = SURFACE_SIDE_STYLE ('',( #1712 ) ) ;
#1708 = FILL_AREA_STYLE ('',( #1754 ) ) ;
#1709 = COLOUR_RGB ( '',1.000000000000000000, 0.8000000000000000400, 0.3725490196078431500 ) ;
#1710 = DIRECTION ( 'NONE',  ( 0.0000000000000000000, 0.0000000000000000000, 1.000000000000000000 ) ) ;
#1711 = CARTESIAN_POINT ( 'NONE',  ( 10.67507933838387400, 10.70000000000000100, -2.825079319020666000 ) ) ;
#1712 = SURFACE_STYLE_FILL_AREA ( #1672 ) ;
#1713 = CARTESIAN_POINT ( 'NONE',  ( 10.00000000000000200, 8.500000000000000000, -4.599999999999998800 ) ) ;
#1714 = FACE_OUTER_BOUND ( 'NONE', #67, .T. ) ;
#1715 = DIRECTION ( 'NONE',  ( 0.0000000000000000000, 1.000000000000000000, 0.0000000000000000000 ) ) ;
#1716 = VECTOR ( 'NONE', #1715, 1000.000000000000000 ) ;
#1717 = CARTESIAN_POINT ( 'NONE',  ( 1.500000000000001600, 7.000000000000000900, -3.600000000000002300 ) ) ;
#1718 = FILL_AREA_STYLE_COLOUR ( '', #1719 ) ;
#1719 = COLOUR_RGB ( '',1.000000000000000000, 0.8000000000000000400, 0.3725490196078431500 ) ;
#1720 = AXIS2_PLACEMENT_3D ( 'NONE', #1717, #1725, #1710 ) ;
#1721 = DIRECTION ( 'NONE',  ( 0.0000000000000000000, 0.0000000000000000000, 1.000000000000000000 ) ) ;
#1722 = CIRCLE ( 'NONE', #1726, 0.4250000000000000400 ) ;
#1723 = CYLINDRICAL_SURFACE ( 'NONE', #1720, 1.000000000000000000 ) ;
#1724 = FACE_OUTER_BOUND ( 'NONE', #227, .T. ) ;
#1725 = DIRECTION ( 'NONE',  ( 0.0000000000000000000, 1.000000000000000000, 0.0000000000000000000 ) ) ;
#1726 = AXIS2_PLACEMENT_3D ( 'NONE', #1746, #1745, #1741 ) ;
#1727 =( GEOMETRIC_REPRESENTATION_CONTEXT ( 3 ) GLOBAL_UNCERTAINTY_ASSIGNED_CONTEXT ( ( #1728 ) ) GLOBAL_UNIT_ASSIGNED_CONTEXT ( ( #1731, #1730, #1729 ) ) REPRESENTATION_CONTEXT ( 'NONE', 'WORKASPACE' ) );
#1728 = UNCERTAINTY_MEASURE_WITH_UNIT (LENGTH_MEASURE( 1.000000000000000100E-005 ), #1731, 'distance_accuracy_value', 'NONE');
#1729 =( NAMED_UNIT ( * ) SI_UNIT ( $, .STERADIAN. ) SOLID_ANGLE_UNIT ( ) );
#1730 =( NAMED_UNIT ( * ) PLANE_ANGLE_UNIT ( ) SI_UNIT ( $, .RADIAN. ) );
#1731 =( LENGTH_UNIT ( ) NAMED_UNIT ( * ) SI_UNIT ( .MILLI., .METRE. ) );
#1732 = MECHANICAL_DESIGN_GEOMETRIC_PRESENTATION_REPRESENTATION (  '', ( #1734 ), #1727 ) ;
#1733 = PRESENTATION_LAYER_ASSIGNMENT (  '', '', ( #1734 ) ) ;
#1734 = STYLED_ITEM ( 'NONE', ( #1735 ), #239 ) ;
#1735 = PRESENTATION_STYLE_ASSIGNMENT (( #1736 ) ) ;
#1736 = SURFACE_STYLE_USAGE ( .BOTH. , #1737 ) ;
#1737 = SURFACE_SIDE_STYLE ('',( #1738 ) ) ;
#1738 = SURFACE_STYLE_FILL_AREA ( #1708 ) ;
#1739 = PLANE ( 'NONE',  #1752 ) ;
#1740 = LINE ( 'NONE', #1713, #1982 ) ;
#1741 = DIRECTION ( 'NONE',  ( 0.0000000000000000000, 0.0000000000000000000, 1.000000000000000000 ) ) ;
#1742 = DIRECTION ( 'NONE',  ( 0.0000000000000000000, -1.000000000000000000, 0.0000000000000000000 ) ) ;
#1743 = VECTOR ( 'NONE', #1742, 1000.000000000000000 ) ;
#1744 = DIRECTION ( 'NONE',  ( 0.0002440883146812271700, 0.0000000000000000000, -0.9999999702104469500 ) ) ;
#1745 = DIRECTION ( 'NONE',  ( 0.0000000000000000000, 1.000000000000000000, 0.0000000000000000000 ) ) ;
#1746 = CARTESIAN_POINT ( 'NONE',  ( 11.00000000000000000, 8.500000000000000000, -2.499999999999999600 ) ) ;
#1747 = DIRECTION ( 'NONE',  ( 0.0002440883146805606300, 0.0000000000000000000, -0.9999999702104468400 ) ) ;
#1748 = DIRECTION ( 'NONE',  ( 0.9999999702104469500, 0.0000000000000000000, 0.0002440883146805606600 ) ) ;
#1749 = CARTESIAN_POINT ( 'NONE',  ( 11.32507931902066600, 10.70000000000000100, -2.824920661616123300 ) ) ;
#1750 = CARTESIAN_POINT ( 'NONE',  ( 11.32507931902066600, 10.70000000000000100, -2.824920661616123300 ) ) ;
#1751 = LINE ( 'NONE', #1750, #1743 ) ;
#1752 = AXIS2_PLACEMENT_3D ( 'NONE', #1711, #1744, #95 ) ;
#1753 = FACE_OUTER_BOUND ( 'NONE', #104, .T. ) ;
#1754 = FILL_AREA_STYLE_COLOUR ( '', #1709 ) ;
#1755 =( GEOMETRIC_REPRESENTATION_CONTEXT ( 3 ) GLOBAL_UNCERTAINTY_ASSIGNED_CONTEXT ( ( #1698 ) ) GLOBAL_UNIT_ASSIGNED_CONTEXT ( ( #1701, #1700, #1699 ) ) REPRESENTATION_CONTEXT ( 'NONE', 'WORKASPACE' ) );
#1756 = LINE ( 'NONE', #1812, #1811 ) ;
#1757 = CYLINDRICAL_SURFACE ( 'NONE', #1762, 1.000000000000000200 ) ;
#1759 = VERTEX_POINT ( 'NONE', #4700 ) ;
#1758 = DIRECTION ( 'NONE',  ( 0.0000000000000000000, 1.000000000000000000, 0.0000000000000000000 ) ) ;
#1760 = CARTESIAN_POINT ( 'NONE',  ( 9.499999999999998200, 7.000000000000000900, -3.600000000000001400 ) ) ;
#1761 = LINE ( 'NONE', #1760, #1820 ) ;
#1762 = AXIS2_PLACEMENT_3D ( 'NONE', #1818, #1817, #1819 ) ;
#1763 = LINE ( 'NONE', #1796, #1795 ) ;
#1764 = AXIS2_PLACEMENT_3D ( 'NONE', #1781, #1770, #1769 ) ;
#1765 = DIRECTION ( 'NONE',  ( 0.0000000000000000000, 1.000000000000000000, 0.0000000000000000000 ) ) ;
#1766 = VECTOR ( 'NONE', #1765, 1000.000000000000000 ) ;
#1767 = CARTESIAN_POINT ( 'NONE',  ( 9.499999999999998200, 7.000000000000000900, -1.399999999999999200 ) ) ;
#1768 = LINE ( 'NONE', #1767, #1766 ) ;
#1769 = DIRECTION ( 'NONE',  ( 0.0000000000000000000, 0.0000000000000000000, 1.000000000000000000 ) ) ;
#1770 = DIRECTION ( 'NONE',  ( 0.0000000000000000000, 1.000000000000000000, 0.0000000000000000000 ) ) ;
#1771 = FACE_OUTER_BOUND ( 'NONE', #241, .T. ) ;
#1772 = DIRECTION ( 'NONE',  ( -0.0002440883146805606300, 0.0000000000000000000, 0.9999999702104468400 ) ) ;
#1773 = VECTOR ( 'NONE', #1772, 1000.000000000000200 ) ;
#1774 = CARTESIAN_POINT ( 'NONE',  ( 11.32507931902066600, 10.70000000000000100, -2.824920661616123300 ) ) ;
#1775 = FACE_OUTER_BOUND ( 'NONE', #250, .T. ) ;
#1776 = DIRECTION ( 'NONE',  ( 9.856383386231851400E-017, 0.0000000000000000000, -1.000000000000000000 ) ) ;
#1777 = DIRECTION ( 'NONE',  ( 1.000000000000000000, -0.0000000000000000000, 9.856383386231851400E-017 ) ) ;
#1778 = CARTESIAN_POINT ( 'NONE',  ( 0.5000000000000013300, 7.000000000000000900, -1.400000000000000600 ) ) ;
#1779 = AXIS2_PLACEMENT_3D ( 'NONE', #1778, #1777, #1776 ) ;
#1780 = PLANE ( 'NONE',  #1779 ) ;
#1781 = CARTESIAN_POINT ( 'NONE',  ( 8.499999999999996400, 7.000000000000000900, -3.600000000000001400 ) ) ;
#1782 = CARTESIAN_POINT ( 'NONE',  ( 9.499999999999998200, 7.000000000000000900, -3.600000000000001400 ) ) ;
#1783 = LINE ( 'NONE', #1774, #1773 ) ;
#1784 = CYLINDRICAL_SURFACE ( 'NONE', #1764, 1.000000000000000000 ) ;
#1785 = FACE_OUTER_BOUND ( 'NONE', #218, .T. ) ;
#1786 = AXIS2_PLACEMENT_3D ( 'NONE', #1846, #1845, #1844 ) ;
#1787 = DIRECTION ( 'NONE',  ( -0.7071067811865496800, 0.0000000000000000000, -0.7071067811865454600 ) ) ;
#1788 = DIRECTION ( 'NONE',  ( 0.7071067811865454600, 0.0000000000000000000, -0.7071067811865496800 ) ) ;
#1789 = FACE_OUTER_BOUND ( 'NONE', #290, .T. ) ;
#1791 = EDGE_CURVE ( 'NONE', #1759, #62, #4687, .T. ) ;
#1790 = DIRECTION ( 'NONE',  ( -0.0000000000000000000, 1.000000000000000000, -0.0000000000000000000 ) ) ;
#1792 = CARTESIAN_POINT ( 'NONE',  ( 9.700000000000002800, -0.9999999999999991100, -4.300000000000000700 ) ) ;
#1793 = PLANE ( 'NONE',  #1786 ) ;
#1794 = DIRECTION ( 'NONE',  ( -0.0000000000000000000, 1.000000000000000000, -0.0000000000000000000 ) ) ;
#1795 = VECTOR ( 'NONE', #1794, 1000.000000000000000 ) ;
#1796 = CARTESIAN_POINT ( 'NONE',  ( 0.3000000000000001000, -0.9999999999999991100, -4.299999999999999800 ) ) ;
#1797 = FACE_OUTER_BOUND ( 'NONE', #260, .T. ) ;
#1798 = AXIS2_PLACEMENT_3D ( 'NONE', #1806, #1788, #1787 ) ;
#1799 = DIRECTION ( 'NONE',  ( -0.0002440883146805609600, 0.0000000000000000000, 0.9999999702104468400 ) ) ;
#1800 = VECTOR ( 'NONE', #1799, 1000.000000000000200 ) ;
#1801 = CARTESIAN_POINT ( 'NONE',  ( 11.32507931902066500, 7.200000000000001100, -2.824920661616122000 ) ) ;
#1802 = VECTOR ( 'NONE', #1790, 1000.000000000000000 ) ;
#1803 = DIRECTION ( 'NONE',  ( 0.0000000000000000000, 0.0000000000000000000, 1.000000000000000000 ) ) ;
#1804 = DIRECTION ( 'NONE',  ( -1.000000000000000000, 0.0000000000000000000, 0.0000000000000000000 ) ) ;
#1805 = LINE ( 'NONE', #1801, #1800 ) ;
#1806 = CARTESIAN_POINT ( 'NONE',  ( -0.2423307018695480300, -0.9999999999999991100, -4.842330701869545200 ) ) ;
#1807 = PLANE ( 'NONE',  #1887 ) ;
#1808 = LINE ( 'NONE', #1792, #1802 ) ;
#1809 = PLANE ( 'NONE',  #1798 ) ;
#1810 = DIRECTION ( 'NONE',  ( 0.0000000000000000000, 1.000000000000000000, 0.0000000000000000000 ) ) ;
#1811 = VECTOR ( 'NONE', #1810, 1000.000000000000000 ) ;
#1812 = CARTESIAN_POINT ( 'NONE',  ( 8.499999999999996400, 7.000000000000000900, -0.4000000000000001900 ) ) ;
#1813 = AXIS2_PLACEMENT_3D ( 'NONE', #1782, #1804, #1803 ) ;
#1814 = FACE_OUTER_BOUND ( 'NONE', #275, .T. ) ;
#1815 = FACE_OUTER_BOUND ( 'NONE', #216, .T. ) ;
#1816 = PLANE ( 'NONE',  #1813 ) ;
#1817 = DIRECTION ( 'NONE',  ( 0.0000000000000000000, 1.000000000000000000, 0.0000000000000000000 ) ) ;
#1818 = CARTESIAN_POINT ( 'NONE',  ( 8.499999999999996400, 7.000000000000000900, -1.399999999999999700 ) ) ;
#1819 = DIRECTION ( 'NONE',  ( 0.0000000000000000000, 0.0000000000000000000, 1.000000000000000000 ) ) ;
#1820 = VECTOR ( 'NONE', #1758, 1000.000000000000000 ) ;
#1821 = DIRECTION ( 'NONE',  ( 0.7071067811865503500, 0.0000000000000000000, 0.7071067811865446900 ) ) ;
#1822 = DIRECTION ( 'NONE',  ( -0.7071067811865446900, 0.0000000000000000000, 0.7071067811865503500 ) ) ;
#1823 = CARTESIAN_POINT ( 'NONE',  ( 10.24233070186955200, -0.9999999999999991100, -0.1576692981304552700 ) ) ;
#1824 = CARTESIAN_POINT ( 'NONE',  ( 9.700000000000002800, -0.9999999999999991100, -0.7000000000000000700 ) ) ;
#1825 = DIRECTION ( 'NONE',  ( 0.7071067811865480200, 0.0000000000000000000, -0.7071067811865470200 ) ) ;
#1826 = CARTESIAN_POINT ( 'NONE',  ( 0.3000000000000016500, -0.9999999999999991100, -0.6999999999999989600 ) ) ;
#1827 = DIRECTION ( 'NONE',  ( -0.7071067811865503500, 0.0000000000000000000, 0.7071067811865446900 ) ) ;
#1828 = DIRECTION ( 'NONE',  ( -0.7071067811865446900, 0.0000000000000000000, -0.7071067811865503500 ) ) ;
#1829 = CARTESIAN_POINT ( 'NONE',  ( 10.24233070186955200, -0.9999999999999991100, -4.842330701869546100 ) ) ;
#1830 = DIRECTION ( 'NONE',  ( -0.7071067811865469100, 0.0000000000000000000, 0.7071067811865482400 ) ) ;
#1831 = DIRECTION ( 'NONE',  ( -0.7071067811865482400, 0.0000000000000000000, -0.7071067811865469100 ) ) ;
#1832 = PLANE ( 'NONE',  #1833 ) ;
#1833 = AXIS2_PLACEMENT_3D ( 'NONE', #1823, #1822, #1821 ) ;
#1834 = DIRECTION ( 'NONE',  ( 0.7071067811865469100, 0.0000000000000000000, 0.7071067811865482400 ) ) ;
#1835 = CARTESIAN_POINT ( 'NONE',  ( 10.67507933838387600, 7.200000000000001100, -2.825079319020666000 ) ) ;
#1836 = PLANE ( 'NONE',  #1848 ) ;
#1837 = LINE ( 'NONE', #1886, #1885 ) ;
#1838 = FACE_OUTER_BOUND ( 'NONE', #292, .T. ) ;
#1839 = AXIS2_PLACEMENT_3D ( 'NONE', #1849, #1851, #1834 ) ;
#1840 = DIRECTION ( 'NONE',  ( 0.9999999702104468400, 0.0000000000000000000, 0.0002440883146832300700 ) ) ;
#1841 = VECTOR ( 'NONE', #1840, 1000.000000000000200 ) ;
#1842 = CARTESIAN_POINT ( 'NONE',  ( 10.67507933838387600, 7.200000000000001100, -2.825079319020666000 ) ) ;
#1843 = AXIS2_PLACEMENT_3D ( 'NONE', #1867, #1866, #1865 ) ;
#1844 = DIRECTION ( 'NONE',  ( 0.7071067811865460200, 0.0000000000000000000, -0.7071067811865490200 ) ) ;
#1845 = DIRECTION ( 'NONE',  ( 0.7071067811865490200, 0.0000000000000000000, 0.7071067811865460200 ) ) ;
#1846 = CARTESIAN_POINT ( 'NONE',  ( 0.3000000000000001000, -0.9999999999999991100, -4.299999999999999800 ) ) ;
#1847 = PLANE ( 'NONE',  #1839 ) ;
#1848 = AXIS2_PLACEMENT_3D ( 'NONE', #1829, #1828, #1827 ) ;
#1849 = CARTESIAN_POINT ( 'NONE',  ( 9.700000000000002800, -0.9999999999999991100, -4.300000000000000700 ) ) ;
#1850 = LINE ( 'NONE', #1842, #1841 ) ;
#1851 = DIRECTION ( 'NONE',  ( -0.7071067811865482400, 0.0000000000000000000, 0.7071067811865469100 ) ) ;
#1852 = FACE_OUTER_BOUND ( 'NONE', #267, .T. ) ;
#1853 = AXIS2_PLACEMENT_3D ( 'NONE', #1913, #1909, #1897 ) ;
#1854 = DIRECTION ( 'NONE',  ( 1.000000000000000000, 0.0000000000000000000, 0.0000000000000000000 ) ) ;
#1855 = DIRECTION ( 'NONE',  ( 0.0000000000000000000, 0.0000000000000000000, 1.000000000000000000 ) ) ;
#1856 = CARTESIAN_POINT ( 'NONE',  ( 0.9000000000000001300, 7.600000000000000500, -0.1000000000000000100 ) ) ;
#1857 = AXIS2_PLACEMENT_3D ( 'NONE', #1856, #1855, #1854 ) ;
#1858 = CARTESIAN_POINT ( 'NONE',  ( 1.400000000000000600, 7.600000000000000500, -0.1000000000000000100 ) ) ;
#1859 = LINE ( 'NONE', #1858, #1903 ) ;
#1860 = DIRECTION ( 'NONE',  ( -0.0000000000000000000, -0.0000000000000000000, -1.000000000000000000 ) ) ;
#1861 = CARTESIAN_POINT ( 'NONE',  ( 0.9000000000000001300, 7.600000000000000500, -4.900000000000000400 ) ) ;
#1862 = CYLINDRICAL_SURFACE ( 'NONE', #1910, 0.4250000000000000400 ) ;
#1863 = CARTESIAN_POINT ( 'NONE',  ( 0.3999999999999995200, 7.600000000000000500, -0.1000000000000000100 ) ) ;
#1864 = LINE ( 'NONE', #1863, #1889 ) ;
#1865 = DIRECTION ( 'NONE',  ( 0.7071067811865502400, 0.0000000000000000000, -0.7071067811865448000 ) ) ;
#1866 = DIRECTION ( 'NONE',  ( 0.7071067811865448000, 0.0000000000000000000, 0.7071067811865502400 ) ) ;
#1867 = CARTESIAN_POINT ( 'NONE',  ( -0.2423307018695475300, -0.9999999999999991100, -0.1576692981304539900 ) ) ;
#1868 = FACE_OUTER_BOUND ( 'NONE', #366, .T. ) ;
#1869 = AXIS2_PLACEMENT_3D ( 'NONE', #1861, #1860, #1912 ) ;
#1870 = DIRECTION ( 'NONE',  ( -0.7071067811865470200, 0.0000000000000000000, -0.7071067811865480200 ) ) ;
#1871 = CIRCLE ( 'NONE', #1893, 0.5000000000000005600 ) ;
#1872 = PLANE ( 'NONE',  #1843 ) ;
#1873 = CYLINDRICAL_SURFACE ( 'NONE', #1869, 0.5000000000000003300 ) ;
#1874 = CIRCLE ( 'NONE', #1857, 0.5000000000000005600 ) ;
#1875 = AXIS2_PLACEMENT_3D ( 'NONE', #1826, #1825, #1870 ) ;
#1876 = FACE_OUTER_BOUND ( 'NONE', #328, .T. ) ;
#1877 = PLANE ( 'NONE',  #1875 ) ;
#1878 = FACE_OUTER_BOUND ( 'NONE', #295, .T. ) ;
#1879 = DIRECTION ( 'NONE',  ( -0.0000000000000000000, 1.000000000000000000, -0.0000000000000000000 ) ) ;
#1880 = VECTOR ( 'NONE', #1879, 1000.000000000000000 ) ;
#1881 = CARTESIAN_POINT ( 'NONE',  ( 0.3000000000000016500, -0.9999999999999991100, -0.6999999999999989600 ) ) ;
#1882 = LINE ( 'NONE', #1881, #1880 ) ;
#1883 = FACE_OUTER_BOUND ( 'NONE', #297, .T. ) ;
#1884 = DIRECTION ( 'NONE',  ( -0.0000000000000000000, 1.000000000000000000, -0.0000000000000000000 ) ) ;
#1885 = VECTOR ( 'NONE', #1884, 1000.000000000000000 ) ;
#1886 = CARTESIAN_POINT ( 'NONE',  ( 9.700000000000002800, -0.9999999999999991100, -0.7000000000000000700 ) ) ;
#1887 = AXIS2_PLACEMENT_3D ( 'NONE', #1824, #1831, #1830 ) ;
#1888 = DIRECTION ( 'NONE',  ( -0.0000000000000000000, -0.0000000000000000000, 1.000000000000000000 ) ) ;
#1889 = VECTOR ( 'NONE', #1888, 1000.000000000000000 ) ;
#1890 = CARTESIAN_POINT ( 'NONE',  ( 11.27378194189210300, 7.300000000000000700, -2.174933163343616600 ) ) ;
#1891 = CARTESIAN_POINT ( 'NONE',  ( 1.400000000000000600, 7.600000000000000500, -0.1000000000000000100 ) ) ;
#1892 = DIRECTION ( 'NONE',  ( 1.000000000000000000, 0.0000000000000000000, 0.0000000000000000000 ) ) ;
#1893 = AXIS2_PLACEMENT_3D ( 'NONE', #1895, #1898, #1892 ) ;
#1894 = CARTESIAN_POINT ( 'NONE',  ( 0.9000000000000001300, 7.600000000000000500, -5.000000000000000900 ) ) ;
#1895 = CARTESIAN_POINT ( 'NONE',  ( 0.9000000000000001300, 7.600000000000000500, -0.1000000000000000100 ) ) ;
#1896 = CARTESIAN_POINT ( 'NONE',  ( 11.00000000000000000, 7.300000000000000700, -2.074999999999999700 ) ) ;
#1897 = DIRECTION ( 'NONE',  ( 1.000000000000000000, 0.0000000000000000000, 0.0000000000000000000 ) ) ;
#1898 = DIRECTION ( 'NONE',  ( 0.0000000000000000000, 0.0000000000000000000, 1.000000000000000000 ) ) ;
#1899 = CARTESIAN_POINT ( 'NONE',  ( 11.00000000000000000, 7.300000000000000700, -2.074999999999999700 ) ) ;
#1900 = LINE ( 'NONE', #1899, #1938 ) ;
#1901 = CARTESIAN_POINT ( 'NONE',  ( 0.3999999999999995200, 7.600000000000000500, -0.1000000000000000100 ) ) ;
#1902 = DIRECTION ( 'NONE',  ( -0.0000000000000000000, -0.0000000000000000000, 1.000000000000000000 ) ) ;
#1903 = VECTOR ( 'NONE', #1902, 1000.000000000000000 ) ;
#1904 = FACE_OUTER_BOUND ( 'NONE', #413, .T. ) ;
#1905 = CARTESIAN_POINT ( 'NONE',  ( 1.400000000000000600, 7.600000000000000500, 0.0000000000000000000 ) ) ;
#1906 = DIRECTION ( 'NONE',  ( 0.0000000000000000000, 0.0000000000000000000, 1.000000000000000000 ) ) ;
#1907 = DIRECTION ( 'NONE',  ( 0.0000000000000000000, 1.000000000000000000, 0.0000000000000000000 ) ) ;
#1908 = CARTESIAN_POINT ( 'NONE',  ( 11.00000000000000000, 7.300000000000000700, -2.499999999999999600 ) ) ;
#1909 = DIRECTION ( 'NONE',  ( -0.0000000000000000000, -0.0000000000000000000, 1.000000000000000000 ) ) ;
#1910 = AXIS2_PLACEMENT_3D ( 'NONE', #1908, #1907, #1906 ) ;
#1911 = CYLINDRICAL_SURFACE ( 'NONE', #1853, 0.5000000000000005600 ) ;
#1912 = DIRECTION ( 'NONE',  ( -1.000000000000000000, 0.0000000000000000000, 0.0000000000000000000 ) ) ;
#1913 = CARTESIAN_POINT ( 'NONE',  ( 0.9000000000000001300, 7.600000000000000500, -0.1000000000000000100 ) ) ;
#1914 = FACE_OUTER_BOUND ( 'NONE', #337, .T. ) ;
#1915 = CARTESIAN_POINT ( 'NONE',  ( 11.70000000000000100, 7.300000000000000700, -3.549999999999999800 ) ) ;
#1916 = DIRECTION ( 'NONE',  ( -1.000000000000000000, 0.0000000000000000000, 0.0000000000000000000 ) ) ;
#1917 = DIRECTION ( 'NONE',  ( 0.0000000000000000000, 0.0000000000000000000, -1.000000000000000000 ) ) ;
#1918 = CARTESIAN_POINT ( 'NONE',  ( 0.9000000000000001300, 7.600000000000000500, -4.900000000000000400 ) ) ;
#1919 = CARTESIAN_POINT ( 'NONE',  ( 1.400000000000000400, 7.600000000000000500, -4.900000000000000400 ) ) ;
#1920 = COLOUR_RGB ( '',0.8274509803921568100, 0.8392156862745098200, 0.8274509803921568100 ) ;
#1921 = DIRECTION ( 'NONE',  ( -0.0000000000000000000, -0.0000000000000000000, -1.000000000000000000 ) ) ;
#1922 = VECTOR ( 'NONE', #1921, 1000.000000000000000 ) ;
#1923 = CARTESIAN_POINT ( 'NONE',  ( 0.3999999999999997400, 7.600000000000000500, -4.900000000000000400 ) ) ;
#1924 = LINE ( 'NONE', #1923, #1922 ) ;
#1925 = CIRCLE ( 'NONE', #1940, 0.5000000000000003300 ) ;
#1926 = CARTESIAN_POINT ( 'NONE',  ( 11.00000000000000000, 8.500000000000000000, -2.074999999999999700 ) ) ;
#1927 = FILL_AREA_STYLE ('',( #1932 ) ) ;
#1928 = DIRECTION ( 'NONE',  ( -0.0000000000000000000, -0.0000000000000000000, -1.000000000000000000 ) ) ;
#1929 = VECTOR ( 'NONE', #1928, 1000.000000000000000 ) ;
#1930 = CARTESIAN_POINT ( 'NONE',  ( 1.400000000000000400, 7.600000000000000500, -4.900000000000000400 ) ) ;
#1931 = LINE ( 'NONE', #1930, #1929 ) ;
#1932 = FILL_AREA_STYLE_COLOUR ( '', #1920 ) ;
#1933 = DIRECTION ( 'NONE',  ( -1.000000000000000000, 0.0000000000000000000, 0.0000000000000000000 ) ) ;
#1934 = DIRECTION ( 'NONE',  ( 0.0000000000000000000, 0.0000000000000000000, -1.000000000000000000 ) ) ;
#1935 = CARTESIAN_POINT ( 'NONE',  ( 0.3999999999999997400, 7.600000000000000500, -5.000000000000000900 ) ) ;
#1936 = CARTESIAN_POINT ( 'NONE',  ( 0.3999999999999997400, 7.600000000000000500, -4.900000000000000400 ) ) ;
#1937 = DIRECTION ( 'NONE',  ( 0.0000000000000000000, 1.000000000000000000, 0.0000000000000000000 ) ) ;
#1938 = VECTOR ( 'NONE', #1937, 1000.000000000000000 ) ;
#1939 = CIRCLE ( 'NONE', #1942, 0.5000000000000003300 ) ;
#1940 = AXIS2_PLACEMENT_3D ( 'NONE', #1918, #1917, #1916 ) ;
#1941 = CARTESIAN_POINT ( 'NONE',  ( 11.32506683665638100, 7.300000000000000700, -2.773781941892106100 ) ) ;
#1942 = AXIS2_PLACEMENT_3D ( 'NONE', #1894, #1934, #1933 ) ;
#1943 = CARTESIAN_POINT ( 'NONE',  ( 1.400000000000000400, 7.600000000000000500, -5.000000000000000900 ) ) ;
#1944 = CARTESIAN_POINT ( 'NONE',  ( 0.3999999999999995200, 7.600000000000000500, 0.0000000000000000000 ) ) ;
#1945 = DIRECTION ( 'NONE',  ( -0.9999999702104468400, 0.0000000000000000000, -0.0002440883146825622300 ) ) ;
#1946 = VECTOR ( 'NONE', #1945, 1000.000000000000200 ) ;
#1947 = CARTESIAN_POINT ( 'NONE',  ( 12.00000000000000000, 7.300000000000000700, -1.749999999999999300 ) ) ;
#1948 = CARTESIAN_POINT ( 'NONE',  ( 11.32492066161612200, 7.300000000000000700, -2.174920680979332200 ) ) ;
#1949 = LINE ( 'NONE', #1948, #1946 ) ;
#1950 = DIRECTION ( 'NONE',  ( -0.0000000000000000000, -0.0000000000000000000, -1.000000000000000000 ) ) ;
#1951 = VECTOR ( 'NONE', #1950, 1000.000000000000000 ) ;
#1952 = CARTESIAN_POINT ( 'NONE',  ( 12.00000000000000000, 7.300000000000000700, -3.250000000000000000 ) ) ;
#1953 = LINE ( 'NONE', #1952, #1951 ) ;
#1954 = CARTESIAN_POINT ( 'NONE',  ( 12.00000000000000000, 7.300000000000000700, -3.250000000000000000 ) ) ;
#1955 = CIRCLE ( 'NONE', #1991, 0.2999999999999994900 ) ;
#1956 =( GEOMETRIC_REPRESENTATION_CONTEXT ( 3 ) GLOBAL_UNCERTAINTY_ASSIGNED_CONTEXT ( ( #1957 ) ) GLOBAL_UNIT_ASSIGNED_CONTEXT ( ( #1960, #1959, #1958 ) ) REPRESENTATION_CONTEXT ( 'NONE', 'WORKASPACE' ) );
#1957 = UNCERTAINTY_MEASURE_WITH_UNIT (LENGTH_MEASURE( 1.000000000000000100E-005 ), #1960, 'distance_accuracy_value', 'NONE');
#1958 =( NAMED_UNIT ( * ) SI_UNIT ( $, .STERADIAN. ) SOLID_ANGLE_UNIT ( ) );
#1959 =( NAMED_UNIT ( * ) PLANE_ANGLE_UNIT ( ) SI_UNIT ( $, .RADIAN. ) );
#1960 =( LENGTH_UNIT ( ) NAMED_UNIT ( * ) SI_UNIT ( .MILLI., .METRE. ) );
#1961 = MECHANICAL_DESIGN_GEOMETRIC_PRESENTATION_REPRESENTATION (  '', ( #1963 ), #1956 ) ;
#1962 = PRESENTATION_LAYER_ASSIGNMENT (  '', '', ( #1963 ) ) ;
#1963 = STYLED_ITEM ( 'NONE', ( #1964 ), #372 ) ;
#1964 = PRESENTATION_STYLE_ASSIGNMENT (( #1965 ) ) ;
#1965 = SURFACE_STYLE_USAGE ( .BOTH. , #1966 ) ;
#1966 = SURFACE_SIDE_STYLE ('',( #1967 ) ) ;
#1967 = SURFACE_STYLE_FILL_AREA ( #1927 ) ;
#1968 = CIRCLE ( 'NONE', #1995, 0.4250000000000000400 ) ;
#1969 = CARTESIAN_POINT ( 'NONE',  ( 11.70000000000000100, 7.300000000000000700, -1.449999999999999500 ) ) ;
#1970 = DIRECTION ( 'NONE',  ( 0.0000000000000000000, 0.0000000000000000000, -1.000000000000000000 ) ) ;
#1971 = VECTOR ( 'NONE', #1970, 1000.000000000000000 ) ;
#1972 = CARTESIAN_POINT ( 'NONE',  ( 10.00000000000000200, 0.0000000000000000000, 0.0000000000000000000 ) ) ;
#1973 = DIRECTION ( 'NONE',  ( 0.0000000000000000000, 0.0000000000000000000, 1.000000000000000000 ) ) ;
#1974 = DIRECTION ( 'NONE',  ( 0.0000000000000000000, 1.000000000000000000, 0.0000000000000000000 ) ) ;
#1975 = AXIS2_PLACEMENT_3D ( 'NONE', #1981, #1974, #1973 ) ;
#1976 = MECHANICAL_DESIGN_GEOMETRIC_PRESENTATION_REPRESENTATION (  '', ( #2685 ), #2929 ) ;
#1977 = LINE ( 'NONE', #1972, #1971 ) ;
#1978 = DIRECTION ( 'NONE',  ( -1.000000000000000000, -0.0000000000000000000, -0.0000000000000000000 ) ) ;
#1979 = VECTOR ( 'NONE', #1978, 1000.000000000000000 ) ;
#1980 = CARTESIAN_POINT ( 'NONE',  ( 10.30000000000000200, 7.300000000000000700, -3.549999999999999800 ) ) ;
#1981 = CARTESIAN_POINT ( 'NONE',  ( 11.00000000000000000, 7.300000000000000700, -2.499999999999999600 ) ) ;
#1982 = VECTOR ( 'NONE', #2000, 1000.000000000000000 ) ;
#1983 = CIRCLE ( 'NONE', #1975, 0.4250000000000000400 ) ;
#1984 = DIRECTION ( 'NONE',  ( -0.9999999702104468400, 0.0000000000000000000, -0.0002440883146825622300 ) ) ;
#1985 = VECTOR ( 'NONE', #1984, 1000.000000000000200 ) ;
#1986 = DIRECTION ( 'NONE',  ( 0.0000000000000000000, 0.0000000000000000000, -1.000000000000000000 ) ) ;
#1987 = DIRECTION ( 'NONE',  ( -0.0000000000000000000, -1.000000000000000000, 0.0000000000000000000 ) ) ;
#1988 = CARTESIAN_POINT ( 'NONE',  ( 10.30000000000000200, 7.300000000000000700, -3.549999999999999800 ) ) ;
#1989 = CARTESIAN_POINT ( 'NONE',  ( 11.32492066161612200, 7.300000000000000700, -2.174920680979332200 ) ) ;
#1990 = LINE ( 'NONE', #1989, #1985 ) ;
#1991 = AXIS2_PLACEMENT_3D ( 'NONE', #1996, #1987, #1986 ) ;
#1992 = DIRECTION ( 'NONE',  ( 0.0000000000000000000, 0.0000000000000000000, 1.000000000000000000 ) ) ;
#1993 = DIRECTION ( 'NONE',  ( 0.0000000000000000000, 1.000000000000000000, 0.0000000000000000000 ) ) ;
#1994 = CARTESIAN_POINT ( 'NONE',  ( 11.00000000000000000, 7.300000000000000700, -2.499999999999999600 ) ) ;
#1995 = AXIS2_PLACEMENT_3D ( 'NONE', #1994, #1993, #1992 ) ;
#1996 = CARTESIAN_POINT ( 'NONE',  ( 10.30000000000000100, 7.300000000000000700, -3.849999999999999600 ) ) ;
#1997 = CARTESIAN_POINT ( 'NONE',  ( 11.32492066161612200, 7.300000000000000700, -2.174920680979331800 ) ) ;
#1998 = LINE ( 'NONE', #1980, #1979 ) ;
#1999 = PRESENTATION_LAYER_ASSIGNMENT (  '', '', ( #2685 ) ) ;
#2000 = DIRECTION ( 'NONE',  ( 0.0000000000000000000, -1.000000000000000000, 0.0000000000000000000 ) ) ;
#2001 = DIRECTION ( 'NONE',  ( 1.000000000000000000, 0.0000000000000000000, 0.0000000000000000000 ) ) ;
#2002 = VECTOR ( 'NONE', #2001, 1000.000000000000000 ) ;
#2003 = CARTESIAN_POINT ( 'NONE',  ( 10.30000000000000200, 7.300000000000000700, -1.449999999999999500 ) ) ;
#2004 = LINE ( 'NONE', #2003, #2002 ) ;
#2005 = CARTESIAN_POINT ( 'NONE',  ( 11.32493314398040600, 7.300000000000000700, -2.226059400703349800 ) ) ;
#2006 = VECTOR ( 'NONE', #2073, 1000.000000000000000 ) ;
#2007 = CARTESIAN_POINT ( 'NONE',  ( 11.27378194189210300, 7.300000000000000700, -2.174933163343616600 ) ) ;
#2008 = CARTESIAN_POINT ( 'NONE',  ( 0.9000000000000001300, 7.600000000000000500, 0.0000000000000000000 ) ) ;
#2009 = AXIS2_PLACEMENT_3D ( 'NONE', #2008, #2070, #2069 ) ;
#2010 = CARTESIAN_POINT ( 'NONE',  ( 11.00000000000000000, 7.300000000000000700, -2.499999999999999600 ) ) ;
#2011 = DIRECTION ( 'NONE',  ( 0.0000000000000000000, 0.0000000000000000000, 1.000000000000000000 ) ) ;
#2012 = DIRECTION ( 'NONE',  ( -0.0000000000000000000, -1.000000000000000000, -0.0000000000000000000 ) ) ;
#2013 = CARTESIAN_POINT ( 'NONE',  ( 10.30000000000000100, 7.300000000000000700, -1.149999999999999500 ) ) ;
#2014 = AXIS2_PLACEMENT_3D ( 'NONE', #2013, #2012, #2011 ) ;
#2015 = CARTESIAN_POINT ( 'NONE',  ( 11.27394059929665100, 7.300000000000000700, -2.824933143980406400 ) ) ;
#2016 = CIRCLE ( 'NONE', #2009, 0.5000000000000005600 ) ;
#2017 = DIRECTION ( 'NONE',  ( 0.0000000000000000000, -0.0000000000000000000, 1.000000000000000000 ) ) ;
#2018 = DIRECTION ( 'NONE',  ( 0.0000000000000000000, 1.000000000000000000, 0.0000000000000000000 ) ) ;
#2019 = CARTESIAN_POINT ( 'NONE',  ( 10.30000000000000100, 7.300000000000000700, -1.149999999999999500 ) ) ;
#2020 = LINE ( 'NONE', #2007, #2006 ) ;
#2021 = CARTESIAN_POINT ( 'NONE',  ( 10.00000000000000000, 7.300000000000000700, -3.850000000000001900 ) ) ;
#2022 = CIRCLE ( 'NONE', #2014, 0.2999999999999999300 ) ;
#2023 = FACE_OUTER_BOUND ( 'NONE', #400, .T. ) ;
#2024 = DIRECTION ( 'NONE',  ( 0.0000000000000000000, 0.0000000000000000000, -1.000000000000000000 ) ) ;
#2025 = VECTOR ( 'NONE', #2024, 1000.000000000000000 ) ;
#2026 = CARTESIAN_POINT ( 'NONE',  ( 10.00000000000000200, 7.300000000000000700, 0.0000000000000000000 ) ) ;
#2027 = LINE ( 'NONE', #2026, #2025 ) ;
#2028 = CARTESIAN_POINT ( 'NONE',  ( 10.30000000000000200, 7.300000000000000700, -1.449999999999999500 ) ) ;
#2029 = CIRCLE ( 'NONE', #2067, 0.4250000000000000400 ) ;
#2030 = CARTESIAN_POINT ( 'NONE',  ( 10.00000000000000000, 7.300000000000000700, -1.149999999999997500 ) ) ;
#2031 = PLANE ( 'NONE',  #2033 ) ;
#2032 = CARTESIAN_POINT ( 'NONE',  ( 11.27378194189210300, 8.500000000000000000, -2.174933163343616600 ) ) ;
#2033 = AXIS2_PLACEMENT_3D ( 'NONE', #2019, #2018, #2017 ) ;
#2034 = FACE_BOUND ( 'NONE', #379, .T. ) ;
#2035 = CARTESIAN_POINT ( 'NONE',  ( 1.500000000000001300, 8.400000000000009200, -0.4000000000000001900 ) ) ;
#2036 = FILL_AREA_STYLE ('',( #2045 ) ) ;
#2037 = CARTESIAN_POINT ( 'NONE',  ( 0.5000000000000013300, 8.400000000000009200, -1.400000000000000600 ) ) ;
#2038 = CIRCLE ( 'NONE', #2080, 1.000000000000000200 ) ;
#2039 = CARTESIAN_POINT ( 'NONE',  ( 10.67493316334361500, 7.300000000000000700, -2.226218058107895200 ) ) ;
#2040 = FACE_OUTER_BOUND ( 'NONE', #430, .T. ) ;
#2041 = DIRECTION ( 'NONE',  ( 0.0002440883146832295900, 0.0000000000000000000, -0.9999999702104468400 ) ) ;
#2042 = VECTOR ( 'NONE', #2041, 1000.000000000000200 ) ;
#2043 = SURFACE_SIDE_STYLE ('',( #2044 ) ) ;
#2044 = SURFACE_STYLE_FILL_AREA ( #2036 ) ;
#2045 = FILL_AREA_STYLE_COLOUR ( '', #2051 ) ;
#2046 = AXIS2_PLACEMENT_3D ( 'NONE', #2078, #2079, #2119 ) ;
#2047 = DIRECTION ( 'NONE',  ( 0.9999999702104468400, 0.0000000000000000000, 0.0002440883146832300700 ) ) ;
#2048 = VECTOR ( 'NONE', #2047, 1000.000000000000200 ) ;
#2049 = AXIS2_PLACEMENT_3D ( 'NONE', #2083, #2082, #2081 ) ;
#2050 = FACE_BOUND ( 'NONE', #491, .T. ) ;
#2051 = COLOUR_RGB ( '',0.2509803921568627400, 0.2509803921568627400, 0.3450980392156862700 ) ;
#2052 = CARTESIAN_POINT ( 'NONE',  ( 0.5000000000000015500, 8.400000000000009200, -3.600000000000002300 ) ) ;
#2053 = DIRECTION ( 'NONE',  ( 0.0000000000000000000, 0.0000000000000000000, 1.000000000000000000 ) ) ;
#2054 = DIRECTION ( 'NONE',  ( 0.0000000000000000000, 1.000000000000000000, 0.0000000000000000000 ) ) ;
#2055 = CARTESIAN_POINT ( 'NONE',  ( 10.67507933838387600, 7.300000000000000700, -2.825079319020666000 ) ) ;
#2056 = LINE ( 'NONE', #2055, #2048 ) ;
#2057 = LINE ( 'NONE', #2077, #2076 ) ;
#2058 = DIRECTION ( 'NONE',  ( 1.000000000000000000, 0.0000000000000000000, 0.0000000000000000000 ) ) ;
#2059 = VECTOR ( 'NONE', #2058, 1000.000000000000000 ) ;
#2060 = CARTESIAN_POINT ( 'NONE',  ( 1.020000000000000500, 8.400000000000009200, -3.120000000000048100 ) ) ;
#2061 = LINE ( 'NONE', #2060, #2059 ) ;
#2062 = PLANE ( 'NONE',  #2049 ) ;
#2063 = CARTESIAN_POINT ( 'NONE',  ( 10.67492068097933200, 7.300000000000000700, -2.175079338383875800 ) ) ;
#2064 = LINE ( 'NONE', #2063, #2042 ) ;
#2065 = DIRECTION ( 'NONE',  ( 0.0000000000000000000, 0.0000000000000000000, 1.000000000000000000 ) ) ;
#2066 = DIRECTION ( 'NONE',  ( 0.0000000000000000000, 1.000000000000000000, 0.0000000000000000000 ) ) ;
#2067 = AXIS2_PLACEMENT_3D ( 'NONE', #2072, #2066, #2065 ) ;
#2068 = CIRCLE ( 'NONE', #2071, 0.4250000000000000400 ) ;
#2069 = DIRECTION ( 'NONE',  ( 1.000000000000000000, 0.0000000000000000000, 0.0000000000000000000 ) ) ;
#2070 = DIRECTION ( 'NONE',  ( 0.0000000000000000000, 0.0000000000000000000, 1.000000000000000000 ) ) ;
#2071 = AXIS2_PLACEMENT_3D ( 'NONE', #2010, #2054, #2053 ) ;
#2072 = CARTESIAN_POINT ( 'NONE',  ( 11.00000000000000000, 7.300000000000000700, -2.499999999999999600 ) ) ;
#2073 = DIRECTION ( 'NONE',  ( -0.0000000000000000000, -1.000000000000000000, -0.0000000000000000000 ) ) ;
#2074 = CIRCLE ( 'NONE', #2046, 0.4250000000000000400 ) ;
#2075 = DIRECTION ( 'NONE',  ( -9.856383386231851400E-017, 0.0000000000000000000, 1.000000000000000000 ) ) ;
#2076 = VECTOR ( 'NONE', #2075, 1000.000000000000000 ) ;
#2077 = CARTESIAN_POINT ( 'NONE',  ( 0.5000000000000013300, 8.400000000000009200, -1.400000000000000600 ) ) ;
#2078 = CARTESIAN_POINT ( 'NONE',  ( 11.00000000000000000, 7.300000000000000700, -2.499999999999999600 ) ) ;
#2079 = DIRECTION ( 'NONE',  ( 0.0000000000000000000, 1.000000000000000000, 0.0000000000000000000 ) ) ;
#2080 = AXIS2_PLACEMENT_3D ( 'NONE', #2124, #2123, #2122 ) ;
#2081 = DIRECTION ( 'NONE',  ( 0.0000000000000000000, -0.0000000000000000000, 1.000000000000000000 ) ) ;
#2082 = DIRECTION ( 'NONE',  ( 0.0000000000000000000, 1.000000000000000000, 0.0000000000000000000 ) ) ;
#2083 = CARTESIAN_POINT ( 'NONE',  ( 0.3862637671459513400, 8.400000000000009200, -0.2601474528210211400 ) ) ;
#2084 =( GEOMETRIC_REPRESENTATION_CONTEXT ( 3 ) GLOBAL_UNCERTAINTY_ASSIGNED_CONTEXT ( ( #2085 ) ) GLOBAL_UNIT_ASSIGNED_CONTEXT ( ( #2088, #2087, #2086 ) ) REPRESENTATION_CONTEXT ( 'NONE', 'WORKASPACE' ) );
#2085 = UNCERTAINTY_MEASURE_WITH_UNIT (LENGTH_MEASURE( 1.000000000000000100E-005 ), #2088, 'distance_accuracy_value', 'NONE');
#2086 =( NAMED_UNIT ( * ) SI_UNIT ( $, .STERADIAN. ) SOLID_ANGLE_UNIT ( ) );
#2087 =( NAMED_UNIT ( * ) PLANE_ANGLE_UNIT ( ) SI_UNIT ( $, .RADIAN. ) );
#2088 =( LENGTH_UNIT ( ) NAMED_UNIT ( * ) SI_UNIT ( .MILLI., .METRE. ) );
#2089 = MECHANICAL_DESIGN_GEOMETRIC_PRESENTATION_REPRESENTATION (  '', ( #2091 ), #2084 ) ;
#2090 = PRESENTATION_LAYER_ASSIGNMENT (  '', '', ( #2091 ) ) ;
#2091 = STYLED_ITEM ( 'NONE', ( #2092 ), #436 ) ;
#2092 = PRESENTATION_STYLE_ASSIGNMENT (( #2093 ) ) ;
#2093 = SURFACE_STYLE_USAGE ( .BOTH. , #2043 ) ;
#2094 = CARTESIAN_POINT ( 'NONE',  ( 10.67507933838387600, 7.300000000000000700, -2.825079319020666000 ) ) ;
#2095 = DIRECTION ( 'NONE',  ( 0.9999999702104468400, 0.0000000000000000000, 0.0002440883146832300700 ) ) ;
#2096 = VECTOR ( 'NONE', #2095, 1000.000000000000200 ) ;
#2097 = CARTESIAN_POINT ( 'NONE',  ( 10.67507933838387600, 7.300000000000000700, -2.825079319020666000 ) ) ;
#2098 = LINE ( 'NONE', #2097, #2096 ) ;
#2099 = CARTESIAN_POINT ( 'NONE',  ( 10.67492068097933200, 7.300000000000000700, -2.175079338383875300 ) ) ;
#2100 = AXIS2_PLACEMENT_3D ( 'NONE', #2105, #2134, #2132 ) ;
#2101 = DIRECTION ( 'NONE',  ( 0.0000000000000000000, 0.0000000000000000000, 1.000000000000000000 ) ) ;
#2102 = CARTESIAN_POINT ( 'NONE',  ( 10.72605940070335100, 7.300000000000000700, -2.175066856019591800 ) ) ;
#2103 = CARTESIAN_POINT ( 'NONE',  ( 11.70000000000000100, 7.300000000000000700, -1.449999999999999500 ) ) ;
#2104 = LINE ( 'NONE', #2103, #2156 ) ;
#2105 = CARTESIAN_POINT ( 'NONE',  ( 11.00000000000000000, 7.300000000000000700, -2.499999999999999600 ) ) ;
#2106 = DIRECTION ( 'NONE',  ( -0.0002440883146805609600, 0.0000000000000000000, 0.9999999702104468400 ) ) ;
#2107 = VECTOR ( 'NONE', #2106, 1000.000000000000200 ) ;
#2108 = CARTESIAN_POINT ( 'NONE',  ( 11.32507931902066500, 7.300000000000000700, -2.824920661616122000 ) ) ;
#2109 = DIRECTION ( 'NONE',  ( 0.0002440883146832295900, 0.0000000000000000000, -0.9999999702104468400 ) ) ;
#2110 = VECTOR ( 'NONE', #2109, 1000.000000000000200 ) ;
#2111 = CARTESIAN_POINT ( 'NONE',  ( 10.67492068097933200, 7.300000000000000700, -2.175079338383875800 ) ) ;
#2112 = LINE ( 'NONE', #2111, #2110 ) ;
#2113 = CARTESIAN_POINT ( 'NONE',  ( 1.500000000000001600, 8.400000000000009200, -3.600000000000002300 ) ) ;
#2114 = DIRECTION ( 'NONE',  ( 0.0000000000000000000, 1.000000000000000000, 0.0000000000000000000 ) ) ;
#2115 = AXIS2_PLACEMENT_3D ( 'NONE', #2113, #2114, #2101 ) ;
#2116 = LINE ( 'NONE', #2108, #2107 ) ;
#2117 = CIRCLE ( 'NONE', #2115, 1.000000000000000000 ) ;
#2118 = CARTESIAN_POINT ( 'NONE',  ( 1.500000000000001800, 8.400000000000009200, -4.600000000000002300 ) ) ;
#2119 = DIRECTION ( 'NONE',  ( 0.0000000000000000000, 0.0000000000000000000, 1.000000000000000000 ) ) ;
#2120 = CARTESIAN_POINT ( 'NONE',  ( 11.32507931902066500, 7.300000000000000700, -2.824920661616122000 ) ) ;
#2121 = CARTESIAN_POINT ( 'NONE',  ( 10.67506685601959000, 7.300000000000000700, -2.773940599296647900 ) ) ;
#2122 = DIRECTION ( 'NONE',  ( 0.0000000000000000000, 0.0000000000000000000, 1.000000000000000000 ) ) ;
#2123 = DIRECTION ( 'NONE',  ( 0.0000000000000000000, 1.000000000000000000, 0.0000000000000000000 ) ) ;
#2124 = CARTESIAN_POINT ( 'NONE',  ( 1.500000000000001300, 8.400000000000009200, -1.400000000000000600 ) ) ;
#2125 = CARTESIAN_POINT ( 'NONE',  ( 10.72621805810789300, 7.300000000000000700, -2.825066836656381600 ) ) ;
#2126 = AXIS2_PLACEMENT_3D ( 'NONE', #2185, #2184, #2183 ) ;
#2127 = AXIS2_PLACEMENT_3D ( 'NONE', #2182, #2181, #2176 ) ;
#2128 = CIRCLE ( 'NONE', #2126, 0.4250000000000000400 ) ;
#2129 = CYLINDRICAL_SURFACE ( 'NONE', #2127, 0.4250000000000000400 ) ;
#2130 = CARTESIAN_POINT ( 'NONE',  ( 11.32506683665638100, 8.500000000000000000, -2.773781941892107000 ) ) ;
#2131 = FACE_OUTER_BOUND ( 'NONE', #473, .T. ) ;
#2132 = DIRECTION ( 'NONE',  ( 0.0000000000000000000, 0.0000000000000000000, 1.000000000000000000 ) ) ;
#2133 = LINE ( 'NONE', #2162, #2161 ) ;
#2134 = DIRECTION ( 'NONE',  ( 0.0000000000000000000, 1.000000000000000000, 0.0000000000000000000 ) ) ;
#2135 = DIRECTION ( 'NONE',  ( 0.0000000000000000000, 1.000000000000000000, 0.0000000000000000000 ) ) ;
#2136 = VECTOR ( 'NONE', #2135, 1000.000000000000000 ) ;
#2137 = CARTESIAN_POINT ( 'NONE',  ( 11.32493314398040600, 7.300000000000000700, -2.226059400703349800 ) ) ;
#2138 = LINE ( 'NONE', #2137, #2136 ) ;
#2139 = FACE_OUTER_BOUND ( 'NONE', #476, .T. ) ;
#2140 = CYLINDRICAL_SURFACE ( 'NONE', #2100, 0.4250000000000000400 ) ;
#2141 = CYLINDRICAL_SURFACE ( 'NONE', #2175, 0.4250000000000000400 ) ;
#2142 = DIRECTION ( 'NONE',  ( -0.0000000000000000000, -1.000000000000000000, -0.0000000000000000000 ) ) ;
#2143 = VECTOR ( 'NONE', #2142, 1000.000000000000000 ) ;
#2144 = CARTESIAN_POINT ( 'NONE',  ( 11.32506683665638100, 7.300000000000000700, -2.773781941892107000 ) ) ;
#2145 = LINE ( 'NONE', #2144, #2143 ) ;
#2146 = DIRECTION ( 'NONE',  ( -0.0002440883146805609600, 0.0000000000000000000, 0.9999999702104468400 ) ) ;
#2147 = VECTOR ( 'NONE', #2146, 1000.000000000000200 ) ;
#2148 = CARTESIAN_POINT ( 'NONE',  ( 11.32507931902066500, 7.300000000000000700, -2.824920661616122000 ) ) ;
#2149 = DIRECTION ( 'NONE',  ( -0.7071067811865474600, -0.0000000000000000000, -0.7071067811865474600 ) ) ;
#2150 = VECTOR ( 'NONE', #2149, 1000.000000000000100 ) ;
#2151 = CARTESIAN_POINT ( 'NONE',  ( 11.70000000000000100, 7.300000000000000700, -3.549999999999999800 ) ) ;
#2152 = CARTESIAN_POINT ( 'NONE',  ( 11.32493314398040600, 8.500000000000000000, -2.226059400703349800 ) ) ;
#2153 = LINE ( 'NONE', #2151, #2150 ) ;
#2154 = LINE ( 'NONE', #2148, #2147 ) ;
#2155 = DIRECTION ( 'NONE',  ( 0.7071067811865474600, 0.0000000000000000000, -0.7071067811865474600 ) ) ;
#2156 = VECTOR ( 'NONE', #2155, 1000.000000000000100 ) ;
#2157 = CIRCLE ( 'NONE', #2163, 1.000000000000000200 ) ;
#2158 = AXIS2_PLACEMENT_3D ( 'NONE', #2160, #2213, #2212 ) ;
#2159 = DIRECTION ( 'NONE',  ( 0.0000000000000000000, 1.000000000000000000, 0.0000000000000000000 ) ) ;
#2160 = CARTESIAN_POINT ( 'NONE',  ( 8.499999999999996400, 8.400000000000009200, -3.600000000000001400 ) ) ;
#2161 = VECTOR ( 'NONE', #2159, 1000.000000000000000 ) ;
#2162 = CARTESIAN_POINT ( 'NONE',  ( 10.72605940070335100, 7.300000000000000700, -2.175066856019591800 ) ) ;
#2163 = AXIS2_PLACEMENT_3D ( 'NONE', #2214, #2205, #2204 ) ;
#2164 = DIRECTION ( 'NONE',  ( -0.0000000000000000000, -0.0000000000000000000, -1.000000000000000000 ) ) ;
#2165 = VECTOR ( 'NONE', #2164, 1000.000000000000000 ) ;
#2166 = CARTESIAN_POINT ( 'NONE',  ( 9.019999999999999600, 8.400000000000009200, -4.120000000000048100 ) ) ;
#2167 = LINE ( 'NONE', #2166, #2165 ) ;
#2168 = CARTESIAN_POINT ( 'NONE',  ( 11.00000000000000000, 7.300000000000000700, -2.499999999999999600 ) ) ;
#2169 = CIRCLE ( 'NONE', #2158, 1.000000000000000000 ) ;
#2170 = DIRECTION ( 'NONE',  ( 0.0000000000000000000, 1.000000000000000000, 0.0000000000000000000 ) ) ;
#2171 = DIRECTION ( 'NONE',  ( 0.0000000000000000000, 0.0000000000000000000, 1.000000000000000000 ) ) ;
#2172 = DIRECTION ( 'NONE',  ( 0.0000000000000000000, 1.000000000000000000, 0.0000000000000000000 ) ) ;
#2173 = AXIS2_PLACEMENT_3D ( 'NONE', #2179, #2172, #2171 ) ;
#2174 = CIRCLE ( 'NONE', #2173, 0.4250000000000000400 ) ;
#2175 = AXIS2_PLACEMENT_3D ( 'NONE', #2168, #2170, #2178 ) ;
#2176 = DIRECTION ( 'NONE',  ( 0.0000000000000000000, 0.0000000000000000000, 1.000000000000000000 ) ) ;
#2177 = CARTESIAN_POINT ( 'NONE',  ( 10.72605940070335100, 8.500000000000000000, -2.175066856019591800 ) ) ;
#2178 = DIRECTION ( 'NONE',  ( 0.0000000000000000000, 0.0000000000000000000, 1.000000000000000000 ) ) ;
#2179 = CARTESIAN_POINT ( 'NONE',  ( 11.00000000000000000, 8.500000000000000000, -2.499999999999999600 ) ) ;
#2180 = FACE_OUTER_BOUND ( 'NONE', #480, .T. ) ;
#2181 = DIRECTION ( 'NONE',  ( 0.0000000000000000000, 1.000000000000000000, 0.0000000000000000000 ) ) ;
#2182 = CARTESIAN_POINT ( 'NONE',  ( 11.00000000000000000, 7.300000000000000700, -2.499999999999999600 ) ) ;
#2183 = DIRECTION ( 'NONE',  ( 0.0000000000000000000, 0.0000000000000000000, 1.000000000000000000 ) ) ;
#2184 = DIRECTION ( 'NONE',  ( 0.0000000000000000000, 1.000000000000000000, 0.0000000000000000000 ) ) ;
#2185 = CARTESIAN_POINT ( 'NONE',  ( 11.00000000000000000, 8.500000000000000000, -2.499999999999999600 ) ) ;
#2186 = DIRECTION ( 'NONE',  ( 0.0000000000000000000, 0.0000000000000000000, 1.000000000000000000 ) ) ;
#2187 = VECTOR ( 'NONE', #2186, 1000.000000000000000 ) ;
#2188 = CARTESIAN_POINT ( 'NONE',  ( 1.020000000000000500, 8.400000000000009200, -4.120000000000048100 ) ) ;
#2189 = CARTESIAN_POINT ( 'NONE',  ( 9.019999999999999600, 8.400000000000009200, -3.120000000000048100 ) ) ;
#2190 = CARTESIAN_POINT ( 'NONE',  ( 1.020000000000000500, 8.400000000000009200, -4.120000000000048100 ) ) ;
#2191 = LINE ( 'NONE', #2190, #2187 ) ;
#2192 = CARTESIAN_POINT ( 'NONE',  ( 10.00000000000000200, 0.0000000000000000000, -4.599999999999997900 ) ) ;
#2193 = DIRECTION ( 'NONE',  ( -1.000000000000000000, -0.0000000000000000000, -0.0000000000000000000 ) ) ;
#2194 = VECTOR ( 'NONE', #2193, 1000.000000000000000 ) ;
#2195 = CARTESIAN_POINT ( 'NONE',  ( 1.020000000000000500, 8.400000000000009200, -4.120000000000048100 ) ) ;
#2196 = DIRECTION ( 'NONE',  ( 1.000000000000000000, -0.0000000000000000000, 0.0000000000000000000 ) ) ;
#2197 = VECTOR ( 'NONE', #2196, 1000.000000000000000 ) ;
#2198 = CARTESIAN_POINT ( 'NONE',  ( 1.700000000000001500, 8.400000000000009200, -4.600000000000000500 ) ) ;
#2199 = LINE ( 'NONE', #2198, #2197 ) ;
#2200 = LINE ( 'NONE', #2195, #2194 ) ;
#2201 = CARTESIAN_POINT ( 'NONE',  ( 9.019999999999999600, 8.400000000000009200, -4.120000000000048100 ) ) ;
#2202 = CARTESIAN_POINT ( 'NONE',  ( 8.499999999999996400, 8.400000000000009200, -4.600000000000001400 ) ) ;
#2203 = CARTESIAN_POINT ( 'NONE',  ( 8.499999999999996400, 8.400000000000009200, -0.4000000000000001900 ) ) ;
#2204 = DIRECTION ( 'NONE',  ( 0.0000000000000000000, 0.0000000000000000000, 1.000000000000000000 ) ) ;
#2205 = DIRECTION ( 'NONE',  ( 0.0000000000000000000, 1.000000000000000000, 0.0000000000000000000 ) ) ;
#2206 = CARTESIAN_POINT ( 'NONE',  ( 1.020000000000000500, 8.400000000000009200, -3.120000000000048100 ) ) ;
#2207 = DIRECTION ( 'NONE',  ( 0.0000000000000000000, 0.0000000000000000000, -1.000000000000000000 ) ) ;
#2208 = VECTOR ( 'NONE', #2207, 1000.000000000000000 ) ;
#2209 = CARTESIAN_POINT ( 'NONE',  ( 9.499999999999998200, 8.400000000000009200, -3.600000000000001400 ) ) ;
#2210 = LINE ( 'NONE', #2209, #2208 ) ;
#2211 = CARTESIAN_POINT ( 'NONE',  ( 9.499999999999998200, 8.400000000000009200, -1.399999999999999200 ) ) ;
#2212 = DIRECTION ( 'NONE',  ( 0.0000000000000000000, 0.0000000000000000000, 1.000000000000000000 ) ) ;
#2213 = DIRECTION ( 'NONE',  ( 0.0000000000000000000, 1.000000000000000000, 0.0000000000000000000 ) ) ;
#2214 = CARTESIAN_POINT ( 'NONE',  ( 8.499999999999996400, 8.400000000000009200, -1.399999999999999700 ) ) ;
#2215 = DIRECTION ( 'NONE',  ( 1.000000000000000000, -0.0000000000000000000, 0.0000000000000000000 ) ) ;
#2216 = VECTOR ( 'NONE', #2215, 1000.000000000000000 ) ;
#2217 = CARTESIAN_POINT ( 'NONE',  ( 8.499999999999996400, 8.400000000000009200, -0.4000000000000001900 ) ) ;
#2218 = LINE ( 'NONE', #2217, #2216 ) ;
#2219 = CARTESIAN_POINT ( 'NONE',  ( 1.670000000000000400, 10.70000000000000100, -3.770000000000048400 ) ) ;
#2220 = DIRECTION ( 'NONE',  ( 0.0000000000000000000, 0.0000000000000000000, 1.000000000000000000 ) ) ;
#2221 = DIRECTION ( 'NONE',  ( -1.000000000000000000, 0.0000000000000000000, 0.0000000000000000000 ) ) ;
#2222 = DIRECTION ( 'NONE',  ( -0.0000000000000000000, -1.000000000000000000, -0.0000000000000000000 ) ) ;
#2223 = VECTOR ( 'NONE', #2222, 1000.000000000000000 ) ;
#2224 = CARTESIAN_POINT ( 'NONE',  ( 10.00000000000000200, 8.500000000000000000, -5.000000000000000900 ) ) ;
#2225 = CARTESIAN_POINT ( 'NONE',  ( 10.00000000000000200, 1.700000000000001100, -5.000000000000000900 ) ) ;
#2226 = AXIS2_PLACEMENT_3D ( 'NONE', #2231, #2221, #2220 ) ;
#2227 = LINE ( 'NONE', #2224, #2223 ) ;
#2228 =( LENGTH_UNIT ( ) NAMED_UNIT ( * ) SI_UNIT ( .MILLI., .METRE. ) );
#2229 = DIRECTION ( 'NONE',  ( -0.0000000000000000000, -0.0000000000000000000, -1.000000000000000000 ) ) ;
#2230 = VECTOR ( 'NONE', #2229, 1000.000000000000000 ) ;
#2231 = CARTESIAN_POINT ( 'NONE',  ( 10.00000000000000200, 8.500000000000000000, 0.0000000000000000000 ) ) ;
#2232 = CARTESIAN_POINT ( 'NONE',  ( 10.00000000000000200, 6.700000000000001100, -4.800000000000001600 ) ) ;
#2233 = CARTESIAN_POINT ( 'NONE',  ( 10.00000000000000200, 6.700000000000001100, -5.000000000000001800 ) ) ;
#2234 = DIRECTION ( 'NONE',  ( -0.0000000000000000000, -1.000000000000000000, -0.0000000000000000000 ) ) ;
#2235 = VECTOR ( 'NONE', #2234, 1000.000000000000000 ) ;
#2236 = DIRECTION ( 'NONE',  ( -0.0000000000000000000, -1.000000000000000000, -0.0000000000000000000 ) ) ;
#2237 = VECTOR ( 'NONE', #2236, 1000.000000000000000 ) ;
#2238 = CARTESIAN_POINT ( 'NONE',  ( 10.00000000000000200, 8.500000000000000000, -5.000000000000000900 ) ) ;
#2239 = LINE ( 'NONE', #2238, #2235 ) ;
#2240 = FACE_OUTER_BOUND ( 'NONE', #522, .T. ) ;
#2241 = CARTESIAN_POINT ( 'NONE',  ( 9.499999999999998200, 8.400000000000009200, -3.600000000000001400 ) ) ;
#2242 = CARTESIAN_POINT ( 'NONE',  ( 0.0000000000000000000, 8.500000000000000000, 0.0000000000000000000 ) ) ;
#2243 = PLANE ( 'NONE',  #2226 ) ;
#2244 = LINE ( 'NONE', #2233, #2230 ) ;
#2245 = LINE ( 'NONE', #2242, #2237 ) ;
#2246 = CARTESIAN_POINT ( 'NONE',  ( 0.0000000000000000000, 0.0000000000000000000, 0.0000000000000000000 ) ) ;
#2247 = LINE ( 'NONE', #2246, #2255 ) ;
#2248 = DIRECTION ( 'NONE',  ( 1.000000000000000000, 0.0000000000000000000, 0.0000000000000000000 ) ) ;
#2249 = DIRECTION ( 'NONE',  ( 0.0000000000000000000, 0.0000000000000000000, 1.000000000000000000 ) ) ;
#2250 = CARTESIAN_POINT ( 'NONE',  ( 0.9000000000000001300, 7.600000000000000500, 0.0000000000000000000 ) ) ;
#2251 = AXIS2_PLACEMENT_3D ( 'NONE', #2250, #2249, #2248 ) ;
#2252 = CIRCLE ( 'NONE', #2251, 0.5000000000000005600 ) ;
#2253 = VECTOR ( 'NONE', #2287, 1000.000000000000000 ) ;
#2254 = DIRECTION ( 'NONE',  ( -1.000000000000000000, 0.0000000000000000000, -0.0000000000000000000 ) ) ;
#2255 = VECTOR ( 'NONE', #2305, 1000.000000000000000 ) ;
#2256 = CARTESIAN_POINT ( 'NONE',  ( 0.0000000000000000000, 8.500000000000000000, 0.0000000000000000000 ) ) ;
#2257 = DIRECTION ( 'NONE',  ( -0.0000000000000000000, 1.000000000000000000, 1.734723475976807100E-016 ) ) ;
#2258 = VECTOR ( 'NONE', #2257, 1000.000000000000000 ) ;
#2259 = CARTESIAN_POINT ( 'NONE',  ( 10.00000000000000200, 6.700000000000001100, -4.800000000000001600 ) ) ;
#2260 = LINE ( 'NONE', #2259, #2258 ) ;
#2261 = DIRECTION ( 'NONE',  ( 0.0000000000000000000, 0.0000000000000000000, -1.000000000000000000 ) ) ;
#2262 = FACE_OUTER_BOUND ( 'NONE', #542, .T. ) ;
#2263 = DIRECTION ( 'NONE',  ( 1.000000000000000000, -0.0000000000000000000, -0.0000000000000000000 ) ) ;
#2264 = VECTOR ( 'NONE', #2263, 1000.000000000000000 ) ;
#2265 = CARTESIAN_POINT ( 'NONE',  ( -0.9999999999999974500, 6.700000000000000200, 0.0000000000000000000 ) ) ;
#2266 = LINE ( 'NONE', #2265, #2264 ) ;
#2267 = CARTESIAN_POINT ( 'NONE',  ( 0.0000000000000000000, 6.700000000000000200, 0.0000000000000000000 ) ) ;
#2268 = CARTESIAN_POINT ( 'NONE',  ( 10.00000000000000200, 0.0000000000000000000, -5.000000000000000900 ) ) ;
#2269 = AXIS2_PLACEMENT_3D ( 'NONE', #2256, #2261, #2254 ) ;
#2270 = CARTESIAN_POINT ( 'NONE',  ( 10.00000000000000200, 1.700000000000000800, -4.800000000000002500 ) ) ;
#2271 = PLANE ( 'NONE',  #2269 ) ;
#2272 = CARTESIAN_POINT ( 'NONE',  ( 6.370000000000001000, 8.500000000000008900, -3.470000000000013500 ) ) ;
#2273 = LINE ( 'NONE', #2338, #2337 ) ;
#2274 = DIRECTION ( 'NONE',  ( 0.0000000000000000000, -0.0000000000000000000, 1.000000000000000000 ) ) ;
#2275 = VECTOR ( 'NONE', #2274, 1000.000000000000000 ) ;
#2276 = CARTESIAN_POINT ( 'NONE',  ( 8.669999999999999900, 8.500000000000008900, -3.769999999999999600 ) ) ;
#2277 = PLANE ( 'NONE',  #2331 ) ;
#2278 = DIRECTION ( 'NONE',  ( 1.000000000000000000, -0.0000000000000000000, 0.0000000000000000000 ) ) ;
#2279 = VECTOR ( 'NONE', #2278, 1000.000000000000000 ) ;
#2280 = CARTESIAN_POINT ( 'NONE',  ( 8.370000000000001000, 8.500000000000008900, -3.769999999999999600 ) ) ;
#2281 = LINE ( 'NONE', #2280, #2279 ) ;
#2282 = FILL_AREA_STYLE_COLOUR ( '', #2327 ) ;
#2283 = VECTOR ( 'NONE', #2328, 1000.000000000000000 ) ;
#2284 = CARTESIAN_POINT ( 'NONE',  ( 6.670000000000000800, 8.500000000000008900, -3.770000000000013300 ) ) ;
#2285 = LINE ( 'NONE', #2276, #2275 ) ;
#2286 = CARTESIAN_POINT ( 'NONE',  ( 7.670000000000000800, 8.500000000000008900, -3.770000000000006200 ) ) ;
#2287 = DIRECTION ( 'NONE',  ( 0.0000000000000000000, 0.0000000000000000000, -1.000000000000000000 ) ) ;
#2288 = DIRECTION ( 'NONE',  ( -1.000000000000000000, 0.0000000000000000000, 0.0000000000000000000 ) ) ;
#2289 = VECTOR ( 'NONE', #2288, 1000.000000000000000 ) ;
#2290 = CARTESIAN_POINT ( 'NONE',  ( 6.670000000000000800, 8.500000000000008900, -3.470000000000013500 ) ) ;
#2291 = LINE ( 'NONE', #2297, #2253 ) ;
#2292 = DIRECTION ( 'NONE',  ( 0.0000000000000000000, -0.0000000000000000000, 1.000000000000000000 ) ) ;
#2293 = VECTOR ( 'NONE', #2292, 1000.000000000000000 ) ;
#2294 = CARTESIAN_POINT ( 'NONE',  ( 7.670000000000000800, 8.500000000000008900, -3.770000000000006200 ) ) ;
#2295 = LINE ( 'NONE', #2294, #2293 ) ;
#2296 = LINE ( 'NONE', #2290, #2289 ) ;
#2297 = CARTESIAN_POINT ( 'NONE',  ( 6.370000000000001000, 8.500000000000008900, -3.470000000000013500 ) ) ;
#2298 = CARTESIAN_POINT ( 'NONE',  ( 7.370000000000001000, 8.500000000000008900, -3.770000000000006200 ) ) ;
#2299 = DIRECTION ( 'NONE',  ( 1.000000000000000000, -0.0000000000000000000, 0.0000000000000000000 ) ) ;
#2300 = VECTOR ( 'NONE', #2299, 1000.000000000000000 ) ;
#2301 = CARTESIAN_POINT ( 'NONE',  ( 7.370000000000001000, 8.500000000000008900, -3.770000000000006200 ) ) ;
#2302 = LINE ( 'NONE', #2301, #2300 ) ;
#2303 = CARTESIAN_POINT ( 'NONE',  ( 6.670000000000000800, 8.500000000000008900, -3.470000000000013500 ) ) ;
#2304 = CARTESIAN_POINT ( 'NONE',  ( 4.370000000000001000, 8.500000000000008900, -3.470000000000027700 ) ) ;
#2305 = DIRECTION ( 'NONE',  ( 1.000000000000000000, 0.0000000000000000000, 0.0000000000000000000 ) ) ;
#2306 = CARTESIAN_POINT ( 'NONE',  ( 8.370000000000001000, 8.500000000000008900, -3.769999999999999600 ) ) ;
#2307 =( GEOMETRIC_REPRESENTATION_CONTEXT ( 3 ) GLOBAL_UNCERTAINTY_ASSIGNED_CONTEXT ( ( #2308 ) ) GLOBAL_UNIT_ASSIGNED_CONTEXT ( ( #2311, #2310, #2309 ) ) REPRESENTATION_CONTEXT ( 'NONE', 'WORKASPACE' ) );
#2308 = UNCERTAINTY_MEASURE_WITH_UNIT (LENGTH_MEASURE( 1.000000000000000100E-005 ), #2311, 'distance_accuracy_value', 'NONE');
#2309 =( NAMED_UNIT ( * ) SI_UNIT ( $, .STERADIAN. ) SOLID_ANGLE_UNIT ( ) );
#2310 =( NAMED_UNIT ( * ) PLANE_ANGLE_UNIT ( ) SI_UNIT ( $, .RADIAN. ) );
#2311 =( LENGTH_UNIT ( ) NAMED_UNIT ( * ) SI_UNIT ( .MILLI., .METRE. ) );
#2312 = MECHANICAL_DESIGN_GEOMETRIC_PRESENTATION_REPRESENTATION (  '', ( #2314 ), #2307 ) ;
#2313 = PRESENTATION_LAYER_ASSIGNMENT (  '', '', ( #2314 ) ) ;
#2314 = STYLED_ITEM ( 'NONE', ( #2315 ), #574 ) ;
#2315 = PRESENTATION_STYLE_ASSIGNMENT (( #2316 ) ) ;
#2316 = SURFACE_STYLE_USAGE ( .BOTH. , #2324 ) ;
#2317 = CARTESIAN_POINT ( 'NONE',  ( 7.370000000000001000, 8.500000000000008900, -3.470000000000006400 ) ) ;
#2318 = CARTESIAN_POINT ( 'NONE',  ( 7.670000000000000800, 8.500000000000008900, -3.470000000000006400 ) ) ;
#2319 = CARTESIAN_POINT ( 'NONE',  ( 1.020000000000000500, 8.500000000000008900, -3.120000000000048100 ) ) ;
#2320 = DIRECTION ( 'NONE',  ( -1.000000000000000000, -0.0000000000000000000, -0.0000000000000000000 ) ) ;
#2321 = VECTOR ( 'NONE', #2320, 1000.000000000000000 ) ;
#2322 = FACE_OUTER_BOUND ( 'NONE', #71, .T. ) ;
#2323 = FACE_BOUND ( 'NONE', #564, .T. ) ;
#2324 = SURFACE_SIDE_STYLE ('',( #2325 ) ) ;
#2325 = SURFACE_STYLE_FILL_AREA ( #2326 ) ;
#2326 = FILL_AREA_STYLE ('',( #2282 ) ) ;
#2327 = COLOUR_RGB ( '',0.2509803921568627400, 0.2509803921568627400, 0.2509803921568627400 ) ;
#2328 = DIRECTION ( 'NONE',  ( 0.0000000000000000000, 0.0000000000000000000, -1.000000000000000000 ) ) ;
#2329 = CARTESIAN_POINT ( 'NONE',  ( 8.370000000000001000, 8.500000000000008900, -3.469999999999999800 ) ) ;
#2330 = LINE ( 'NONE', #2329, #2394 ) ;
#2331 = AXIS2_PLACEMENT_3D ( 'NONE', #2365, #2364, #2363 ) ;
#2332 = CARTESIAN_POINT ( 'NONE',  ( 7.370000000000001000, 8.500000000000008900, -3.470000000000006400 ) ) ;
#2333 = LINE ( 'NONE', #2332, #2283 ) ;
#2334 = CARTESIAN_POINT ( 'NONE',  ( 1.020000000000000500, 8.500000000000008900, -4.120000000000048100 ) ) ;
#2335 = LINE ( 'NONE', #2334, #2321 ) ;
#2336 = DIRECTION ( 'NONE',  ( -1.000000000000000000, 0.0000000000000000000, 0.0000000000000000000 ) ) ;
#2337 = VECTOR ( 'NONE', #2336, 1000.000000000000000 ) ;
#2338 = CARTESIAN_POINT ( 'NONE',  ( 7.670000000000000800, 8.500000000000008900, -3.470000000000006400 ) ) ;
#2339 =( GEOMETRIC_REPRESENTATION_CONTEXT ( 3 ) GLOBAL_UNCERTAINTY_ASSIGNED_CONTEXT ( ( #2340 ) ) GLOBAL_UNIT_ASSIGNED_CONTEXT ( ( #2343, #2342, #2341 ) ) REPRESENTATION_CONTEXT ( 'NONE', 'WORKASPACE' ) );
#2340 = UNCERTAINTY_MEASURE_WITH_UNIT (LENGTH_MEASURE( 1.000000000000000100E-005 ), #2343, 'distance_accuracy_value', 'NONE');
#2341 =( NAMED_UNIT ( * ) SI_UNIT ( $, .STERADIAN. ) SOLID_ANGLE_UNIT ( ) );
#2342 =( NAMED_UNIT ( * ) PLANE_ANGLE_UNIT ( ) SI_UNIT ( $, .RADIAN. ) );
#2343 =( LENGTH_UNIT ( ) NAMED_UNIT ( * ) SI_UNIT ( .MILLI., .METRE. ) );
#2344 = MECHANICAL_DESIGN_GEOMETRIC_PRESENTATION_REPRESENTATION (  '', ( #2346 ), #2339 ) ;
#2345 = PRESENTATION_LAYER_ASSIGNMENT (  '', '', ( #2346 ) ) ;
#2346 = STYLED_ITEM ( 'NONE', ( #2347 ), #582 ) ;
#2347 = PRESENTATION_STYLE_ASSIGNMENT (( #2348 ) ) ;
#2348 = SURFACE_STYLE_USAGE ( .BOTH. , #2349 ) ;
#2349 = SURFACE_SIDE_STYLE ('',( #2350 ) ) ;
#2350 = SURFACE_STYLE_FILL_AREA ( #2366 ) ;
#2351 = CARTESIAN_POINT ( 'NONE',  ( 8.669999999999999900, 8.500000000000008900, -3.769999999999999600 ) ) ;
#2352 = COLOUR_RGB ( '',0.2509803921568627400, 0.2509803921568627400, 0.2509803921568627400 ) ;
#2353 = FACE_OUTER_BOUND ( 'NONE', #656, .T. ) ;
#2354 = FACE_BOUND ( 'NONE', #663, .T. ) ;
#2355 = FACE_BOUND ( 'NONE', #674, .T. ) ;
#2356 = FACE_BOUND ( 'NONE', #575, .T. ) ;
#2357 = FACE_BOUND ( 'NONE', #627, .T. ) ;
#2358 = AXIS2_PLACEMENT_3D ( 'NONE', #2319, #2397, #2396 ) ;
#2359 = FACE_BOUND ( 'NONE', #608, .T. ) ;
#2360 = FACE_BOUND ( 'NONE', #586, .T. ) ;
#2361 = LINE ( 'NONE', #2392, #2391 ) ;
#2362 = FACE_BOUND ( 'NONE', #552, .T. ) ;
#2363 = DIRECTION ( 'NONE',  ( 1.000000000000000000, 0.0000000000000000000, -0.0000000000000000000 ) ) ;
#2364 = DIRECTION ( 'NONE',  ( 0.0000000000000000000, 0.0000000000000000000, 1.000000000000000000 ) ) ;
#2365 = CARTESIAN_POINT ( 'NONE',  ( 1.020000000000000500, 8.500000000000008900, -4.120000000000048100 ) ) ;
#2366 = FILL_AREA_STYLE ('',( #2367 ) ) ;
#2367 = FILL_AREA_STYLE_COLOUR ( '', #2352 ) ;
#2368 = CARTESIAN_POINT ( 'NONE',  ( 6.370000000000001000, 8.500000000000008900, -3.770000000000013300 ) ) ;
#2369 = PLANE ( 'NONE',  #2358 ) ;
#2370 = DIRECTION ( 'NONE',  ( -1.000000000000000000, 0.0000000000000000000, 0.0000000000000000000 ) ) ;
#2371 = VECTOR ( 'NONE', #2370, 1000.000000000000000 ) ;
#2372 = CARTESIAN_POINT ( 'NONE',  ( 3.670000000000000400, 8.500000000000008900, -3.470000000000034800 ) ) ;
#2373 = LINE ( 'NONE', #2372, #2371 ) ;
#2374 = LINE ( 'NONE', #2417, #2416 ) ;
#2375 = FILL_AREA_STYLE_COLOUR ( '', #2433 ) ;
#2376 = CARTESIAN_POINT ( 'NONE',  ( 2.370000000000000600, 8.500000000000008900, -3.470000000000041500 ) ) ;
#2377 = DIRECTION ( 'NONE',  ( 0.0000000000000000000, -0.0000000000000000000, 1.000000000000000000 ) ) ;
#2378 = VECTOR ( 'NONE', #2377, 1000.000000000000000 ) ;
#2379 = CARTESIAN_POINT ( 'NONE',  ( 4.670000000000000800, 8.500000000000008900, -3.770000000000027600 ) ) ;
#2380 = LINE ( 'NONE', #2379, #2378 ) ;
#2381 = CARTESIAN_POINT ( 'NONE',  ( 3.370000000000000600, 8.500000000000008900, -3.770000000000034700 ) ) ;
#2382 = DIRECTION ( 'NONE',  ( 0.0000000000000000000, 0.0000000000000000000, -1.000000000000000000 ) ) ;
#2383 = CARTESIAN_POINT ( 'NONE',  ( 3.670000000000000400, 8.500000000000008900, -3.770000000000034700 ) ) ;
#2384 = DIRECTION ( 'NONE',  ( -1.000000000000000000, 0.0000000000000000000, 0.0000000000000000000 ) ) ;
#2385 = VECTOR ( 'NONE', #2384, 1000.000000000000000 ) ;
#2386 = CARTESIAN_POINT ( 'NONE',  ( 2.670000000000000400, 8.500000000000008900, -3.470000000000041500 ) ) ;
#2387 = VECTOR ( 'NONE', #2382, 1000.000000000000000 ) ;
#2388 = CARTESIAN_POINT ( 'NONE',  ( 2.370000000000000600, 8.500000000000008900, -3.470000000000041500 ) ) ;
#2389 = LINE ( 'NONE', #2386, #2385 ) ;
#2390 = DIRECTION ( 'NONE',  ( 1.000000000000000000, 0.0000000000000000000, 0.0000000000000000000 ) ) ;
#2391 = VECTOR ( 'NONE', #2390, 1000.000000000000000 ) ;
#2392 = CARTESIAN_POINT ( 'NONE',  ( 1.020000000000000500, 8.500000000000008900, -3.120000000000048100 ) ) ;
#2393 = DIRECTION ( 'NONE',  ( 0.0000000000000000000, 0.0000000000000000000, -1.000000000000000000 ) ) ;
#2394 = VECTOR ( 'NONE', #2393, 1000.000000000000000 ) ;
#2395 = LINE ( 'NONE', #2388, #2387 ) ;
#2396 = DIRECTION ( 'NONE',  ( 0.0000000000000000000, -0.0000000000000000000, 1.000000000000000000 ) ) ;
#2397 = DIRECTION ( 'NONE',  ( 0.0000000000000000000, 1.000000000000000000, 0.0000000000000000000 ) ) ;
#2398 = CARTESIAN_POINT ( 'NONE',  ( 4.370000000000001000, 8.500000000000008900, -3.470000000000027700 ) ) ;
#2399 = LINE ( 'NONE', #2398, #2462 ) ;
#2400 = CARTESIAN_POINT ( 'NONE',  ( 4.370000000000001000, 8.500000000000008900, -3.770000000000027600 ) ) ;
#2401 = LINE ( 'NONE', #2444, #2443 ) ;
#2402 = DIRECTION ( 'NONE',  ( -1.000000000000000000, 0.0000000000000000000, 0.0000000000000000000 ) ) ;
#2403 = VECTOR ( 'NONE', #2402, 1000.000000000000000 ) ;
#2404 = CARTESIAN_POINT ( 'NONE',  ( 4.670000000000000800, 8.500000000000008900, -3.470000000000027700 ) ) ;
#2405 = LINE ( 'NONE', #2404, #2403 ) ;
#2406 = DIRECTION ( 'NONE',  ( 0.0000000000000000000, -0.0000000000000000000, 1.000000000000000000 ) ) ;
#2407 = VECTOR ( 'NONE', #2406, 1000.000000000000000 ) ;
#2408 = CARTESIAN_POINT ( 'NONE',  ( 5.670000000000000800, 8.500000000000008900, -3.770000000000020900 ) ) ;
#2409 = LINE ( 'NONE', #2408, #2407 ) ;
#2410 = DIRECTION ( 'NONE',  ( 0.0000000000000000000, -0.0000000000000000000, 1.000000000000000000 ) ) ;
#2411 = VECTOR ( 'NONE', #2410, 1000.000000000000000 ) ;
#2412 = CARTESIAN_POINT ( 'NONE',  ( 3.670000000000000400, 8.500000000000008900, -3.770000000000034700 ) ) ;
#2413 = CARTESIAN_POINT ( 'NONE',  ( 4.670000000000000800, 8.500000000000008900, -3.770000000000027600 ) ) ;
#2414 = LINE ( 'NONE', #2412, #2411 ) ;
#2415 = DIRECTION ( 'NONE',  ( 1.000000000000000000, -0.0000000000000000000, 0.0000000000000000000 ) ) ;
#2416 = VECTOR ( 'NONE', #2415, 1000.000000000000000 ) ;
#2417 = CARTESIAN_POINT ( 'NONE',  ( 3.370000000000000600, 8.500000000000008900, -3.770000000000034700 ) ) ;
#2418 = CARTESIAN_POINT ( 'NONE',  ( 4.670000000000000800, 8.500000000000008900, -3.470000000000027700 ) ) ;
#2419 = DIRECTION ( 'NONE',  ( 0.0000000000000000000, 0.0000000000000000000, -1.000000000000000000 ) ) ;
#2420 = VECTOR ( 'NONE', #2419, 1000.000000000000000 ) ;
#2421 = CARTESIAN_POINT ( 'NONE',  ( 3.370000000000000600, 8.500000000000008900, -3.470000000000034800 ) ) ;
#2422 = CARTESIAN_POINT ( 'NONE',  ( 2.670000000000000400, 8.500000000000008900, -3.470000000000041500 ) ) ;
#2423 = LINE ( 'NONE', #2421, #2420 ) ;
#2424 = CARTESIAN_POINT ( 'NONE',  ( 3.670000000000000400, 8.500000000000008900, -3.470000000000034800 ) ) ;
#2425 = CARTESIAN_POINT ( 'NONE',  ( 3.370000000000000600, 8.500000000000008900, -3.470000000000034800 ) ) ;
#2426 = DIRECTION ( 'NONE',  ( 1.000000000000000000, -0.0000000000000000000, 0.0000000000000000000 ) ) ;
#2427 = VECTOR ( 'NONE', #2426, 1000.000000000000000 ) ;
#2428 = CARTESIAN_POINT ( 'NONE',  ( 5.370000000000001000, 8.500000000000008900, -3.770000000000020900 ) ) ;
#2429 = LINE ( 'NONE', #2428, #2427 ) ;
#2430 =( NAMED_UNIT ( * ) PLANE_ANGLE_UNIT ( ) SI_UNIT ( $, .RADIAN. ) );
#2431 = SURFACE_STYLE_USAGE ( .BOTH. , #2432 ) ;
#2432 = SURFACE_SIDE_STYLE ('',( #2439 ) ) ;
#2433 = COLOUR_RGB ( '',1.000000000000000000, 0.8000000000000000400, 0.3725490196078431500 ) ;
#2434 = CARTESIAN_POINT ( 'NONE',  ( 1.670000000000000400, 10.70000000000000100, -3.470000000000048600 ) ) ;
#2435 = DIRECTION ( 'NONE',  ( 0.0000000000000000000, 0.0000000000000000000, -1.000000000000000000 ) ) ;
#2436 = VECTOR ( 'NONE', #2435, 1000.000000000000000 ) ;
#2437 = CARTESIAN_POINT ( 'NONE',  ( 5.370000000000001000, 8.500000000000008900, -3.470000000000020600 ) ) ;
#2438 = CARTESIAN_POINT ( 'NONE',  ( 5.370000000000001000, 8.500000000000008900, -3.770000000000020900 ) ) ;
#2439 = SURFACE_STYLE_FILL_AREA ( #2440 ) ;
#2440 = FILL_AREA_STYLE ('',( #2375 ) ) ;
#2441 = LINE ( 'NONE', #2437, #2436 ) ;
#2442 = DIRECTION ( 'NONE',  ( -1.000000000000000000, 0.0000000000000000000, 0.0000000000000000000 ) ) ;
#2443 = VECTOR ( 'NONE', #2442, 1000.000000000000000 ) ;
#2444 = CARTESIAN_POINT ( 'NONE',  ( 5.670000000000000800, 8.500000000000008900, -3.470000000000020600 ) ) ;
#2445 = FACE_OUTER_BOUND ( 'NONE', #711, .T. ) ;
#2446 = VECTOR ( 'NONE', #2463, 1000.000000000000000 ) ;
#2447 = PLANE ( 'NONE',  #2449 ) ;
#2448 = CARTESIAN_POINT ( 'NONE',  ( 5.670000000000000800, 8.500000000000008900, -3.770000000000020900 ) ) ;
#2449 = AXIS2_PLACEMENT_3D ( 'NONE', #2478, #2477, #2476 ) ;
#2450 = DIRECTION ( 'NONE',  ( 1.000000000000000000, -0.0000000000000000000, 0.0000000000000000000 ) ) ;
#2451 = VECTOR ( 'NONE', #2450, 1000.000000000000000 ) ;
#2452 = CARTESIAN_POINT ( 'NONE',  ( 6.370000000000001000, 8.500000000000008900, -3.770000000000013300 ) ) ;
#2453 = CARTESIAN_POINT ( 'NONE',  ( 5.370000000000001000, 8.500000000000008900, -3.470000000000020600 ) ) ;
#2454 = CARTESIAN_POINT ( 'NONE',  ( 5.670000000000000800, 8.500000000000008900, -3.470000000000020600 ) ) ;
#2455 = LINE ( 'NONE', #2452, #2451 ) ;
#2456 = DIRECTION ( 'NONE',  ( 1.000000000000000000, -0.0000000000000000000, 0.0000000000000000000 ) ) ;
#2457 = VECTOR ( 'NONE', #2456, 1000.000000000000000 ) ;
#2458 = CARTESIAN_POINT ( 'NONE',  ( 4.370000000000001000, 8.500000000000008900, -3.770000000000027600 ) ) ;
#2459 = LINE ( 'NONE', #2458, #2457 ) ;
#2460 = LINE ( 'NONE', #2464, #2446 ) ;
#2461 = DIRECTION ( 'NONE',  ( 0.0000000000000000000, 0.0000000000000000000, -1.000000000000000000 ) ) ;
#2462 = VECTOR ( 'NONE', #2461, 1000.000000000000000 ) ;
#2463 = DIRECTION ( 'NONE',  ( 0.0000000000000000000, -0.0000000000000000000, 1.000000000000000000 ) ) ;
#2464 = CARTESIAN_POINT ( 'NONE',  ( 6.670000000000000800, 8.500000000000008900, -3.770000000000013300 ) ) ;
#2465 = DIRECTION ( 'NONE',  ( 0.0000000000000000000, 0.0000000000000000000, 1.000000000000000000 ) ) ;
#2466 = VECTOR ( 'NONE', #2465, 1000.000000000000000 ) ;
#2467 = CARTESIAN_POINT ( 'NONE',  ( 1.670000000000000400, 10.70000000000000100, -3.770000000000048400 ) ) ;
#2468 = LINE ( 'NONE', #2467, #2466 ) ;
#2469 =( NAMED_UNIT ( * ) SI_UNIT ( $, .STERADIAN. ) SOLID_ANGLE_UNIT ( ) );
#2470 = DIRECTION ( 'NONE',  ( 0.5773502691896264000, -0.5773502691896244000, 0.5773502691896264000 ) ) ;
#2471 = VECTOR ( 'NONE', #2470, 1000.000000000000100 ) ;
#2472 = CARTESIAN_POINT ( 'NONE',  ( 1.670000000000000400, 10.70000000000000100, -3.470000000000048600 ) ) ;
#2473 = LINE ( 'NONE', #2472, #2471 ) ;
#2474 = DIRECTION ( 'NONE',  ( 0.0000000000000000000, 0.0000000000000000000, -1.000000000000000000 ) ) ;
#2475 = CARTESIAN_POINT ( 'NONE',  ( 1.370000000000000600, 10.70000000000000100, -3.470000000000048600 ) ) ;
#2476 = DIRECTION ( 'NONE',  ( 0.0000000000000000000, -0.7071067811865462400, 0.7071067811865489100 ) ) ;
#2477 = DIRECTION ( 'NONE',  ( 0.0000000000000000000, 0.7071067811865489100, 0.7071067811865462400 ) ) ;
#2478 = CARTESIAN_POINT ( 'NONE',  ( 1.370000000000000600, 10.70000000000000100, -3.470000000000048600 ) ) ;
#2479 = LINE ( 'NONE', #2475, #2480 ) ;
#2480 = VECTOR ( 'NONE', #2474, 1000.000000000000000 ) ;
#2481 =( GEOMETRIC_REPRESENTATION_CONTEXT ( 3 ) GLOBAL_UNCERTAINTY_ASSIGNED_CONTEXT ( ( #2482 ) ) GLOBAL_UNIT_ASSIGNED_CONTEXT ( ( #2485, #2484, #2483 ) ) REPRESENTATION_CONTEXT ( 'NONE', 'WORKASPACE' ) );
#2482 = UNCERTAINTY_MEASURE_WITH_UNIT (LENGTH_MEASURE( 1.000000000000000100E-005 ), #2485, 'distance_accuracy_value', 'NONE');
#2483 =( NAMED_UNIT ( * ) SI_UNIT ( $, .STERADIAN. ) SOLID_ANGLE_UNIT ( ) );
#2484 =( NAMED_UNIT ( * ) PLANE_ANGLE_UNIT ( ) SI_UNIT ( $, .RADIAN. ) );
#2485 =( LENGTH_UNIT ( ) NAMED_UNIT ( * ) SI_UNIT ( .MILLI., .METRE. ) );
#2486 = MECHANICAL_DESIGN_GEOMETRIC_PRESENTATION_REPRESENTATION (  '', ( #2488 ), #2481 ) ;
#2487 = PRESENTATION_LAYER_ASSIGNMENT (  '', '', ( #2488 ) ) ;
#2488 = STYLED_ITEM ( 'NONE', ( #2489 ), #637 ) ;
#2489 = PRESENTATION_STYLE_ASSIGNMENT (( #2431 ) ) ;
#2490 =( NAMED_UNIT ( * ) SI_UNIT ( $, .STERADIAN. ) SOLID_ANGLE_UNIT ( ) );
#2491 =( NAMED_UNIT ( * ) PLANE_ANGLE_UNIT ( ) SI_UNIT ( $, .RADIAN. ) );
#2492 =( LENGTH_UNIT ( ) NAMED_UNIT ( * ) SI_UNIT ( .MILLI., .METRE. ) );
#2493 = MECHANICAL_DESIGN_GEOMETRIC_PRESENTATION_REPRESENTATION (  '', ( #2495 ), #2548 ) ;
#2494 = PRESENTATION_LAYER_ASSIGNMENT (  '', '', ( #2495 ) ) ;
#2495 = STYLED_ITEM ( 'NONE', ( #2496 ), #654 ) ;
#2496 = PRESENTATION_STYLE_ASSIGNMENT (( #2510 ) ) ;
#2497 = CARTESIAN_POINT ( 'NONE',  ( 1.670000000000000400, 8.500000000000008900, -3.470000000000048600 ) ) ;
#2498 = FILL_AREA_STYLE_COLOUR ( '', #2512 ) ;
#2499 = FACE_OUTER_BOUND ( 'NONE', #661, .T. ) ;
#2500 = DIRECTION ( 'NONE',  ( -1.000000000000000000, 0.0000000000000000000, 0.0000000000000000000 ) ) ;
#2501 = VECTOR ( 'NONE', #2500, 1000.000000000000000 ) ;
#2502 = CARTESIAN_POINT ( 'NONE',  ( 1.670000000000000400, 10.70000000000000100, -3.470000000000048600 ) ) ;
#2503 = CARTESIAN_POINT ( 'NONE',  ( 1.370000000000000600, 10.70000000000000100, -3.770000000000048400 ) ) ;
#2504 = PLANE ( 'NONE',  #2509 ) ;
#2505 = DIRECTION ( 'NONE',  ( 0.0000000000000000000, -1.000000000000000000, 0.0000000000000000000 ) ) ;
#2506 = VECTOR ( 'NONE', #2505, 1000.000000000000000 ) ;
#2507 = CARTESIAN_POINT ( 'NONE',  ( 1.370000000000000600, 10.70000000000000100, -3.770000000000048400 ) ) ;
#2508 = CARTESIAN_POINT ( 'NONE',  ( 1.370000000000000600, 10.70000000000000100, -3.470000000000048600 ) ) ;
#2509 = AXIS2_PLACEMENT_3D ( 'NONE', #2546, #2545, #2544 ) ;
#2510 = SURFACE_STYLE_USAGE ( .BOTH. , #2511 ) ;
#2511 = SURFACE_SIDE_STYLE ('',( #2514 ) ) ;
#2512 = COLOUR_RGB ( '',1.000000000000000000, 0.8000000000000000400, 0.3725490196078431500 ) ;
#2513 = LINE ( 'NONE', #2502, #2501 ) ;
#2514 = SURFACE_STYLE_FILL_AREA ( #2515 ) ;
#2515 = FILL_AREA_STYLE ('',( #2498 ) ) ;
#2516 = CARTESIAN_POINT ( 'NONE',  ( 1.520000000000000500, 10.85000000000000000, -3.620000000000048500 ) ) ;
#2517 = LINE ( 'NONE', #2507, #2506 ) ;
#2518 = VECTOR ( 'NONE', #2576, 1000.000000000000000 ) ;
#2519 = CARTESIAN_POINT ( 'NONE',  ( 1.670000000000000400, 8.500000000000008900, -3.470000000000048600 ) ) ;
#2520 = SURFACE_STYLE_FILL_AREA ( #2572 ) ;
#2521 = DIRECTION ( 'NONE',  ( 0.0000000000000000000, -0.0000000000000000000, 1.000000000000000000 ) ) ;
#2522 = VECTOR ( 'NONE', #2521, 1000.000000000000000 ) ;
#2523 = CARTESIAN_POINT ( 'NONE',  ( 1.370000000000000600, 8.500000000000008900, -3.770000000000048400 ) ) ;
#2524 = LINE ( 'NONE', #2523, #2571 ) ;
#2525 = LINE ( 'NONE', #2531, #2530 ) ;
#2526 = AXIS2_PLACEMENT_3D ( 'NONE', #2605, #2604, #2603 ) ;
#2527 = CARTESIAN_POINT ( 'NONE',  ( 1.670000000000000400, 8.500000000000008900, -3.770000000000048400 ) ) ;
#2528 = LINE ( 'NONE', #2519, #2518 ) ;
#2529 = DIRECTION ( 'NONE',  ( 0.0000000000000000000, 0.0000000000000000000, -1.000000000000000000 ) ) ;
#2530 = VECTOR ( 'NONE', #2529, 1000.000000000000000 ) ;
#2531 = CARTESIAN_POINT ( 'NONE',  ( 1.370000000000000600, 8.500000000000008900, -3.470000000000048600 ) ) ;
#2532 = DIRECTION ( 'NONE',  ( 0.0000000000000000000, -0.0000000000000000000, 1.000000000000000000 ) ) ;
#2533 = VECTOR ( 'NONE', #2532, 1000.000000000000000 ) ;
#2534 = CARTESIAN_POINT ( 'NONE',  ( 1.370000000000000600, 8.500000000000008900, -3.470000000000048600 ) ) ;
#2535 = FILL_AREA_STYLE_COLOUR ( '', #2575 ) ;
#2536 = CARTESIAN_POINT ( 'NONE',  ( 1.670000000000000400, 8.500000000000008900, -3.770000000000048400 ) ) ;
#2537 = LINE ( 'NONE', #2536, #2533 ) ;
#2538 = DIRECTION ( 'NONE',  ( 1.000000000000000000, -0.0000000000000000000, 0.0000000000000000000 ) ) ;
#2539 = VECTOR ( 'NONE', #2538, 1000.000000000000000 ) ;
#2540 = CARTESIAN_POINT ( 'NONE',  ( 2.370000000000000600, 8.500000000000008900, -3.770000000000041800 ) ) ;
#2541 = CARTESIAN_POINT ( 'NONE',  ( 2.670000000000000400, 8.500000000000008900, -3.770000000000041800 ) ) ;
#2542 = LINE ( 'NONE', #2541, #2522 ) ;
#2543 = CARTESIAN_POINT ( 'NONE',  ( 2.670000000000000400, 8.500000000000008900, -3.770000000000041800 ) ) ;
#2544 = DIRECTION ( 'NONE',  ( -0.7071067811865489100, -0.7071067811865462400, 0.0000000000000000000 ) ) ;
#2545 = DIRECTION ( 'NONE',  ( -0.7071067811865462400, 0.7071067811865489100, 0.0000000000000000000 ) ) ;
#2546 = CARTESIAN_POINT ( 'NONE',  ( 1.370000000000000600, 10.70000000000000100, -3.770000000000048400 ) ) ;
#2547 = LINE ( 'NONE', #2540, #2539 ) ;
#2548 =( GEOMETRIC_REPRESENTATION_CONTEXT ( 3 ) GLOBAL_UNCERTAINTY_ASSIGNED_CONTEXT ( ( #2549 ) ) GLOBAL_UNIT_ASSIGNED_CONTEXT ( ( #2492, #2491, #2490 ) ) REPRESENTATION_CONTEXT ( 'NONE', 'WORKASPACE' ) );
#2549 = UNCERTAINTY_MEASURE_WITH_UNIT (LENGTH_MEASURE( 1.000000000000000100E-005 ), #2492, 'distance_accuracy_value', 'NONE');
#2550 = FILL_AREA_STYLE ('',( #2553 ) ) ;
#2551 = CARTESIAN_POINT ( 'NONE',  ( 1.670000000000000400, 10.70000000000000100, -3.470000000000048600 ) ) ;
#2552 = LINE ( 'NONE', #2551, #2599 ) ;
#2553 = FILL_AREA_STYLE_COLOUR ( '', #2569 ) ;
#2554 =( GEOMETRIC_REPRESENTATION_CONTEXT ( 3 ) GLOBAL_UNCERTAINTY_ASSIGNED_CONTEXT ( ( #2555 ) ) GLOBAL_UNIT_ASSIGNED_CONTEXT ( ( #2558, #2557, #2556 ) ) REPRESENTATION_CONTEXT ( 'NONE', 'WORKASPACE' ) );
#2555 = UNCERTAINTY_MEASURE_WITH_UNIT (LENGTH_MEASURE( 1.000000000000000100E-005 ), #2558, 'distance_accuracy_value', 'NONE');
#2556 =( NAMED_UNIT ( * ) SI_UNIT ( $, .STERADIAN. ) SOLID_ANGLE_UNIT ( ) );
#2557 =( NAMED_UNIT ( * ) PLANE_ANGLE_UNIT ( ) SI_UNIT ( $, .RADIAN. ) );
#2558 =( LENGTH_UNIT ( ) NAMED_UNIT ( * ) SI_UNIT ( .MILLI., .METRE. ) );
#2559 = MECHANICAL_DESIGN_GEOMETRIC_PRESENTATION_REPRESENTATION (  '', ( #2561 ), #2554 ) ;
#2560 = PRESENTATION_LAYER_ASSIGNMENT (  '', '', ( #2561 ) ) ;
#2561 = STYLED_ITEM ( 'NONE', ( #2562 ), #675 ) ;
#2562 = PRESENTATION_STYLE_ASSIGNMENT (( #2563 ) ) ;
#2563 = SURFACE_STYLE_USAGE ( .BOTH. , #2564 ) ;
#2564 = SURFACE_SIDE_STYLE ('',( #2520 ) ) ;
#2565 = LINE ( 'NONE', #2602, #2567 ) ;
#2566 = CARTESIAN_POINT ( 'NONE',  ( 2.520000000000000500, 10.85000000000000000, -3.620000000000041400 ) ) ;
#2567 = VECTOR ( 'NONE', #2601, 1000.000000000000000 ) ;
#2568 = PLANE ( 'NONE',  #2526 ) ;
#2569 = COLOUR_RGB ( '',1.000000000000000000, 0.8000000000000000400, 0.3725490196078431500 ) ;
#2570 = DIRECTION ( 'NONE',  ( 1.000000000000000000, -0.0000000000000000000, 0.0000000000000000000 ) ) ;
#2571 = VECTOR ( 'NONE', #2570, 1000.000000000000000 ) ;
#2572 = FILL_AREA_STYLE ('',( #2535 ) ) ;
#2573 = FACE_OUTER_BOUND ( 'NONE', #688, .T. ) ;
#2574 = CARTESIAN_POINT ( 'NONE',  ( 1.370000000000000600, 8.500000000000008900, -3.770000000000048400 ) ) ;
#2575 = COLOUR_RGB ( '',1.000000000000000000, 0.8000000000000000400, 0.3725490196078431500 ) ;
#2576 = DIRECTION ( 'NONE',  ( -1.000000000000000000, 0.0000000000000000000, 0.0000000000000000000 ) ) ;
#2577 = FACE_OUTER_BOUND ( 'NONE', #636, .T. ) ;
#2578 = FILL_AREA_STYLE_COLOUR ( '', #2590 ) ;
#2579 =( GEOMETRIC_REPRESENTATION_CONTEXT ( 3 ) GLOBAL_UNCERTAINTY_ASSIGNED_CONTEXT ( ( #2580 ) ) GLOBAL_UNIT_ASSIGNED_CONTEXT ( ( #2583, #2582, #2581 ) ) REPRESENTATION_CONTEXT ( 'NONE', 'WORKASPACE' ) );
#2580 = UNCERTAINTY_MEASURE_WITH_UNIT (LENGTH_MEASURE( 1.000000000000000100E-005 ), #2583, 'distance_accuracy_value', 'NONE');
#2581 =( NAMED_UNIT ( * ) SI_UNIT ( $, .STERADIAN. ) SOLID_ANGLE_UNIT ( ) );
#2582 =( NAMED_UNIT ( * ) PLANE_ANGLE_UNIT ( ) SI_UNIT ( $, .RADIAN. ) );
#2583 =( LENGTH_UNIT ( ) NAMED_UNIT ( * ) SI_UNIT ( .MILLI., .METRE. ) );
#2584 = MECHANICAL_DESIGN_GEOMETRIC_PRESENTATION_REPRESENTATION (  '', ( #2586 ), #2579 ) ;
#2585 = PRESENTATION_LAYER_ASSIGNMENT (  '', '', ( #2586 ) ) ;
#2586 = STYLED_ITEM ( 'NONE', ( #2587 ), #684 ) ;
#2587 = PRESENTATION_STYLE_ASSIGNMENT (( #2588 ) ) ;
#2588 = SURFACE_STYLE_USAGE ( .BOTH. , #2592 ) ;
#2589 = FILL_AREA_STYLE ('',( #2578 ) ) ;
#2590 = COLOUR_RGB ( '',1.000000000000000000, 0.8000000000000000400, 0.3725490196078431500 ) ;
#2591 = FACE_OUTER_BOUND ( 'NONE', #700, .T. ) ;
#2592 = SURFACE_SIDE_STYLE ('',( #2593 ) ) ;
#2593 = SURFACE_STYLE_FILL_AREA ( #2550 ) ;
#2594 = PLANE ( 'NONE',  #2606 ) ;
#2595 = LINE ( 'NONE', #2597, #2625 ) ;
#2596 = FACE_OUTER_BOUND ( 'NONE', #750, .T. ) ;
#2597 = CARTESIAN_POINT ( 'NONE',  ( 2.370000000000000600, 10.70000000000000100, -3.470000000000041500 ) ) ;
#2598 = DIRECTION ( 'NONE',  ( 0.0000000000000000000, -1.000000000000000000, 0.0000000000000000000 ) ) ;
#2599 = VECTOR ( 'NONE', #2598, 1000.000000000000000 ) ;
#2600 = PLANE ( 'NONE',  #2610 ) ;
#2601 = DIRECTION ( 'NONE',  ( 0.0000000000000000000, -1.000000000000000000, 0.0000000000000000000 ) ) ;
#2602 = CARTESIAN_POINT ( 'NONE',  ( 1.370000000000000600, 10.70000000000000100, -3.470000000000048600 ) ) ;
#2603 = DIRECTION ( 'NONE',  ( -0.0000000000000000000, 0.0000000000000000000, -1.000000000000000000 ) ) ;
#2604 = DIRECTION ( 'NONE',  ( 1.000000000000000000, 0.0000000000000000000, -0.0000000000000000000 ) ) ;
#2605 = CARTESIAN_POINT ( 'NONE',  ( 1.670000000000000400, 10.70000000000000100, -3.770000000000048400 ) ) ;
#2606 = AXIS2_PLACEMENT_3D ( 'NONE', #2632, #2631, #2630 ) ;
#2607 = COLOUR_RGB ( '',1.000000000000000000, 0.8000000000000000400, 0.3725490196078431500 ) ;
#2608 = FILL_AREA_STYLE_COLOUR ( '', #2607 ) ;
#2609 = PLANE ( 'NONE',  #2637 ) ;
#2610 = AXIS2_PLACEMENT_3D ( 'NONE', #2640, #2639, #2638 ) ;
#2611 =( GEOMETRIC_REPRESENTATION_CONTEXT ( 3 ) GLOBAL_UNCERTAINTY_ASSIGNED_CONTEXT ( ( #2612 ) ) GLOBAL_UNIT_ASSIGNED_CONTEXT ( ( #2615, #2614, #2613 ) ) REPRESENTATION_CONTEXT ( 'NONE', 'WORKASPACE' ) );
#2612 = UNCERTAINTY_MEASURE_WITH_UNIT (LENGTH_MEASURE( 1.000000000000000100E-005 ), #2615, 'distance_accuracy_value', 'NONE');
#2613 =( NAMED_UNIT ( * ) SI_UNIT ( $, .STERADIAN. ) SOLID_ANGLE_UNIT ( ) );
#2614 =( NAMED_UNIT ( * ) PLANE_ANGLE_UNIT ( ) SI_UNIT ( $, .RADIAN. ) );
#2615 =( LENGTH_UNIT ( ) NAMED_UNIT ( * ) SI_UNIT ( .MILLI., .METRE. ) );
#2616 = MECHANICAL_DESIGN_GEOMETRIC_PRESENTATION_REPRESENTATION (  '', ( #2618 ), #2611 ) ;
#2617 = PRESENTATION_LAYER_ASSIGNMENT (  '', '', ( #2618 ) ) ;
#2618 = STYLED_ITEM ( 'NONE', ( #2619 ), #687 ) ;
#2619 = PRESENTATION_STYLE_ASSIGNMENT (( #2620 ) ) ;
#2620 = SURFACE_STYLE_USAGE ( .BOTH. , #2621 ) ;
#2621 = SURFACE_SIDE_STYLE ('',( #2622 ) ) ;
#2622 = SURFACE_STYLE_FILL_AREA ( #2589 ) ;
#2623 = PLANE ( 'NONE',  #2626 ) ;
#2624 = DIRECTION ( 'NONE',  ( 0.0000000000000000000, 0.0000000000000000000, -1.000000000000000000 ) ) ;
#2625 = VECTOR ( 'NONE', #2624, 1000.000000000000000 ) ;
#2626 = AXIS2_PLACEMENT_3D ( 'NONE', #2660, #2659, #2658 ) ;
#2627 = SURFACE_STYLE_FILL_AREA ( #2628 ) ;
#2628 = FILL_AREA_STYLE ('',( #2608 ) ) ;
#2629 = FACE_OUTER_BOUND ( 'NONE', #710, .T. ) ;
#2630 = DIRECTION ( 'NONE',  ( 1.000000000000000000, 0.0000000000000000000, -0.0000000000000000000 ) ) ;
#2631 = DIRECTION ( 'NONE',  ( 0.0000000000000000000, 0.0000000000000000000, 1.000000000000000000 ) ) ;
#2632 = CARTESIAN_POINT ( 'NONE',  ( 1.670000000000000400, 10.70000000000000100, -3.470000000000048600 ) ) ;
#2633 = SURFACE_STYLE_USAGE ( .BOTH. , #2634 ) ;
#2634 = SURFACE_SIDE_STYLE ('',( #2643 ) ) ;
#2635 = DIRECTION ( 'NONE',  ( -0.5773502691896264000, -0.5773502691896244000, 0.5773502691896264000 ) ) ;
#2636 = VECTOR ( 'NONE', #2635, 1000.000000000000100 ) ;
#2637 = AXIS2_PLACEMENT_3D ( 'NONE', #2664, #2663, #2662 ) ;
#2638 = DIRECTION ( 'NONE',  ( -1.000000000000000000, 0.0000000000000000000, -0.0000000000000000000 ) ) ;
#2639 = DIRECTION ( 'NONE',  ( 0.0000000000000000000, 0.0000000000000000000, -1.000000000000000000 ) ) ;
#2640 = CARTESIAN_POINT ( 'NONE',  ( 1.370000000000000600, 10.70000000000000100, -3.770000000000048400 ) ) ;
#2641 = CARTESIAN_POINT ( 'NONE',  ( 2.370000000000000600, 10.70000000000000100, -3.470000000000041500 ) ) ;
#2642 = LINE ( 'NONE', #2641, #2636 ) ;
#2643 = SURFACE_STYLE_FILL_AREA ( #2644 ) ;
#2644 = FILL_AREA_STYLE ('',( #2682 ) ) ;
#2645 = LINE ( 'NONE', #2681, #2680 ) ;
#2646 =( GEOMETRIC_REPRESENTATION_CONTEXT ( 3 ) GLOBAL_UNCERTAINTY_ASSIGNED_CONTEXT ( ( #2647 ) ) GLOBAL_UNIT_ASSIGNED_CONTEXT ( ( #2650, #2649, #2648 ) ) REPRESENTATION_CONTEXT ( 'NONE', 'WORKASPACE' ) );
#2647 = UNCERTAINTY_MEASURE_WITH_UNIT (LENGTH_MEASURE( 1.000000000000000100E-005 ), #2650, 'distance_accuracy_value', 'NONE');
#2648 =( NAMED_UNIT ( * ) SI_UNIT ( $, .STERADIAN. ) SOLID_ANGLE_UNIT ( ) );
#2649 =( NAMED_UNIT ( * ) PLANE_ANGLE_UNIT ( ) SI_UNIT ( $, .RADIAN. ) );
#2650 =( LENGTH_UNIT ( ) NAMED_UNIT ( * ) SI_UNIT ( .MILLI., .METRE. ) );
#2651 = MECHANICAL_DESIGN_GEOMETRIC_PRESENTATION_REPRESENTATION (  '', ( #2653 ), #2646 ) ;
#2652 = PRESENTATION_LAYER_ASSIGNMENT (  '', '', ( #2653 ) ) ;
#2653 = STYLED_ITEM ( 'NONE', ( #2654 ), #692 ) ;
#2654 = PRESENTATION_STYLE_ASSIGNMENT (( #2655 ) ) ;
#2655 = SURFACE_STYLE_USAGE ( .BOTH. , #2656 ) ;
#2656 = SURFACE_SIDE_STYLE ('',( #2627 ) ) ;
#2657 = COLOUR_RGB ( '',1.000000000000000000, 0.8000000000000000400, 0.3725490196078431500 ) ;
#2658 = DIRECTION ( 'NONE',  ( 0.0000000000000000000, 0.7071067811865462400, 0.7071067811865489100 ) ) ;
#2659 = DIRECTION ( 'NONE',  ( 0.0000000000000000000, 0.7071067811865489100, -0.7071067811865462400 ) ) ;
#2660 = CARTESIAN_POINT ( 'NONE',  ( 1.670000000000000400, 10.70000000000000100, -3.770000000000048400 ) ) ;
#2661 = VECTOR ( 'NONE', #2665, 1000.000000000000100 ) ;
#2662 = DIRECTION ( 'NONE',  ( -0.7071067811865489100, 0.7071067811865462400, 0.0000000000000000000 ) ) ;
#2663 = DIRECTION ( 'NONE',  ( 0.7071067811865462400, 0.7071067811865489100, 0.0000000000000000000 ) ) ;
#2664 = CARTESIAN_POINT ( 'NONE',  ( 1.670000000000000400, 10.70000000000000100, -3.470000000000048600 ) ) ;
#2665 = DIRECTION ( 'NONE',  ( 0.5773502691896264000, -0.5773502691896244000, -0.5773502691896264000 ) ) ;
#2666 = CARTESIAN_POINT ( 'NONE',  ( 1.670000000000000400, 10.70000000000000100, -3.770000000000048400 ) ) ;
#2667 = LINE ( 'NONE', #2666, #2661 ) ;
#2668 = CARTESIAN_POINT ( 'NONE',  ( 1.670000000000000400, 10.70000000000000100, -3.770000000000048400 ) ) ;
#2669 = LINE ( 'NONE', #2668, #2719 ) ;
#2670 =( GEOMETRIC_REPRESENTATION_CONTEXT ( 3 ) GLOBAL_UNCERTAINTY_ASSIGNED_CONTEXT ( ( #2671 ) ) GLOBAL_UNIT_ASSIGNED_CONTEXT ( ( #2674, #2673, #2672 ) ) REPRESENTATION_CONTEXT ( 'NONE', 'WORKASPACE' ) );
#2671 = UNCERTAINTY_MEASURE_WITH_UNIT (LENGTH_MEASURE( 1.000000000000000100E-005 ), #2674, 'distance_accuracy_value', 'NONE');
#2672 =( NAMED_UNIT ( * ) SI_UNIT ( $, .STERADIAN. ) SOLID_ANGLE_UNIT ( ) );
#2673 =( NAMED_UNIT ( * ) PLANE_ANGLE_UNIT ( ) SI_UNIT ( $, .RADIAN. ) );
#2674 =( LENGTH_UNIT ( ) NAMED_UNIT ( * ) SI_UNIT ( .MILLI., .METRE. ) );
#2675 = MECHANICAL_DESIGN_GEOMETRIC_PRESENTATION_REPRESENTATION (  '', ( #2677 ), #2670 ) ;
#2676 = PRESENTATION_LAYER_ASSIGNMENT (  '', '', ( #2677 ) ) ;
#2677 = STYLED_ITEM ( 'NONE', ( #2678 ), #703 ) ;
#2678 = PRESENTATION_STYLE_ASSIGNMENT (( #2633 ) ) ;
#2679 = DIRECTION ( 'NONE',  ( 1.000000000000000000, 0.0000000000000000000, 0.0000000000000000000 ) ) ;
#2680 = VECTOR ( 'NONE', #2679, 1000.000000000000000 ) ;
#2681 = CARTESIAN_POINT ( 'NONE',  ( 1.370000000000000600, 10.70000000000000100, -3.770000000000048400 ) ) ;
#2682 = FILL_AREA_STYLE_COLOUR ( '', #2657 ) ;
#2683 = CARTESIAN_POINT ( 'NONE',  ( 1.370000000000000600, 10.70000000000000100, -3.770000000000048400 ) ) ;
#2684 = LINE ( 'NONE', #2683, #2712 ) ;
#2685 = STYLED_ITEM ( 'NONE', ( #2686 ), #783 ) ;
#2686 = PRESENTATION_STYLE_ASSIGNMENT (( #2687 ) ) ;
#2687 = SURFACE_STYLE_USAGE ( .BOTH. , #2688 ) ;
#2688 = SURFACE_SIDE_STYLE ('',( #2689 ) ) ;
#2689 = SURFACE_STYLE_FILL_AREA ( #2690 ) ;
#2690 = FILL_AREA_STYLE ('',( #2691 ) ) ;
#2691 = FILL_AREA_STYLE_COLOUR ( '', #2713 ) ;
#2692 = DIRECTION ( 'NONE',  ( 0.0000000000000000000, 0.0000000000000000000, 1.000000000000000000 ) ) ;
#2693 = VECTOR ( 'NONE', #2692, 1000.000000000000000 ) ;
#2694 = CARTESIAN_POINT ( 'NONE',  ( 2.670000000000000400, 10.70000000000000100, -3.770000000000041800 ) ) ;
#2695 = LINE ( 'NONE', #2694, #2693 ) ;
#2696 =( NAMED_UNIT ( * ) PLANE_ANGLE_UNIT ( ) SI_UNIT ( $, .RADIAN. ) );
#2697 = DIRECTION ( 'NONE',  ( 0.5773502691896264000, -0.5773502691896244000, -0.5773502691896264000 ) ) ;
#2698 = VECTOR ( 'NONE', #2697, 1000.000000000000100 ) ;
#2699 = CARTESIAN_POINT ( 'NONE',  ( 2.670000000000000400, 10.70000000000000100, -3.770000000000041800 ) ) ;
#2700 = LINE ( 'NONE', #2699, #2698 ) ;
#2701 = DIRECTION ( 'NONE',  ( 0.5773502691896264000, -0.5773502691896244000, 0.5773502691896264000 ) ) ;
#2702 = VECTOR ( 'NONE', #2701, 1000.000000000000100 ) ;
#2703 = CARTESIAN_POINT ( 'NONE',  ( 2.670000000000000400, 10.70000000000000100, -3.470000000000041500 ) ) ;
#2704 = LINE ( 'NONE', #2703, #2702 ) ;
#2705 = FACE_OUTER_BOUND ( 'NONE', #726, .T. ) ;
#2706 = DIRECTION ( 'NONE',  ( 0.0000000000000000000, -1.000000000000000000, 0.0000000000000000000 ) ) ;
#2707 = VECTOR ( 'NONE', #2706, 1000.000000000000000 ) ;
#2708 = CARTESIAN_POINT ( 'NONE',  ( 2.370000000000000600, 10.70000000000000100, -3.470000000000041500 ) ) ;
#2709 = LINE ( 'NONE', #2708, #2707 ) ;
#2710 =( LENGTH_UNIT ( ) NAMED_UNIT ( * ) SI_UNIT ( .MILLI., .METRE. ) );
#2711 = DIRECTION ( 'NONE',  ( -0.5773502691896264000, -0.5773502691896244000, -0.5773502691896264000 ) ) ;
#2712 = VECTOR ( 'NONE', #2711, 1000.000000000000100 ) ;
#2713 = COLOUR_RGB ( '',1.000000000000000000, 0.8000000000000000400, 0.3725490196078431500 ) ;
#2714 = DIRECTION ( 'NONE',  ( -0.5773502691896264000, -0.5773502691896244000, 0.5773502691896264000 ) ) ;
#2715 = VECTOR ( 'NONE', #2714, 1000.000000000000100 ) ;
#2716 = CARTESIAN_POINT ( 'NONE',  ( 1.370000000000000600, 10.70000000000000100, -3.470000000000048600 ) ) ;
#2717 = LINE ( 'NONE', #2716, #2715 ) ;
#2718 = DIRECTION ( 'NONE',  ( 0.0000000000000000000, -1.000000000000000000, 0.0000000000000000000 ) ) ;
#2719 = VECTOR ( 'NONE', #2718, 1000.000000000000000 ) ;
#2720 = LINE ( 'NONE', #2763, #2762 ) ;
#2721 =( GEOMETRIC_REPRESENTATION_CONTEXT ( 3 ) GLOBAL_UNCERTAINTY_ASSIGNED_CONTEXT ( ( #2722 ) ) GLOBAL_UNIT_ASSIGNED_CONTEXT ( ( #2725, #2724, #2723 ) ) REPRESENTATION_CONTEXT ( 'NONE', 'WORKASPACE' ) );
#2722 = UNCERTAINTY_MEASURE_WITH_UNIT (LENGTH_MEASURE( 1.000000000000000100E-005 ), #2725, 'distance_accuracy_value', 'NONE');
#2723 =( NAMED_UNIT ( * ) SI_UNIT ( $, .STERADIAN. ) SOLID_ANGLE_UNIT ( ) );
#2724 =( NAMED_UNIT ( * ) PLANE_ANGLE_UNIT ( ) SI_UNIT ( $, .RADIAN. ) );
#2725 =( LENGTH_UNIT ( ) NAMED_UNIT ( * ) SI_UNIT ( .MILLI., .METRE. ) );
#2726 = MECHANICAL_DESIGN_GEOMETRIC_PRESENTATION_REPRESENTATION (  '', ( #2728 ), #2721 ) ;
#2727 = PRESENTATION_LAYER_ASSIGNMENT (  '', '', ( #2728 ) ) ;
#2728 = STYLED_ITEM ( 'NONE', ( #2729 ), #724 ) ;
#2729 = PRESENTATION_STYLE_ASSIGNMENT (( #2730 ) ) ;
#2730 = SURFACE_STYLE_USAGE ( .BOTH. , #2731 ) ;
#2731 = SURFACE_SIDE_STYLE ('',( #2732 ) ) ;
#2732 = SURFACE_STYLE_FILL_AREA ( #2743 ) ;
#2733 = COLOUR_RGB ( '',1.000000000000000000, 0.8000000000000000400, 0.3725490196078431500 ) ;
#2734 = DIRECTION ( 'NONE',  ( -0.5773502691896264000, -0.5773502691896244000, -0.5773502691896264000 ) ) ;
#2735 = FACE_OUTER_BOUND ( 'NONE', #723, .T. ) ;
#2736 = DIRECTION ( 'NONE',  ( 1.000000000000000000, 0.0000000000000000000, 0.0000000000000000000 ) ) ;
#2737 = VECTOR ( 'NONE', #2736, 1000.000000000000000 ) ;
#2738 = CARTESIAN_POINT ( 'NONE',  ( 2.370000000000000600, 10.70000000000000100, -3.770000000000041800 ) ) ;
#2739 = LINE ( 'NONE', #2738, #2737 ) ;
#2740 = PLANE ( 'NONE',  #2770 ) ;
#2741 = CARTESIAN_POINT ( 'NONE',  ( 2.370000000000000600, 10.70000000000000100, -3.470000000000041500 ) ) ;
#2742 = CARTESIAN_POINT ( 'NONE',  ( 2.670000000000000400, 10.70000000000000100, -3.770000000000041800 ) ) ;
#2743 = FILL_AREA_STYLE ('',( #2744 ) ) ;
#2744 = FILL_AREA_STYLE_COLOUR ( '', #2745 ) ;
#2745 = COLOUR_RGB ( '',1.000000000000000000, 0.8000000000000000400, 0.3725490196078431500 ) ;
#2746 =( GEOMETRIC_REPRESENTATION_CONTEXT ( 3 ) GLOBAL_UNCERTAINTY_ASSIGNED_CONTEXT ( ( #2747 ) ) GLOBAL_UNIT_ASSIGNED_CONTEXT ( ( #2750, #2749, #2748 ) ) REPRESENTATION_CONTEXT ( 'NONE', 'WORKASPACE' ) );
#2747 = UNCERTAINTY_MEASURE_WITH_UNIT (LENGTH_MEASURE( 1.000000000000000100E-005 ), #2750, 'distance_accuracy_value', 'NONE');
#2748 =( NAMED_UNIT ( * ) SI_UNIT ( $, .STERADIAN. ) SOLID_ANGLE_UNIT ( ) );
#2749 =( NAMED_UNIT ( * ) PLANE_ANGLE_UNIT ( ) SI_UNIT ( $, .RADIAN. ) );
#2750 =( LENGTH_UNIT ( ) NAMED_UNIT ( * ) SI_UNIT ( .MILLI., .METRE. ) );
#2751 = MECHANICAL_DESIGN_GEOMETRIC_PRESENTATION_REPRESENTATION (  '', ( #2753 ), #2746 ) ;
#2752 = PRESENTATION_LAYER_ASSIGNMENT (  '', '', ( #2753 ) ) ;
#2753 = STYLED_ITEM ( 'NONE', ( #2754 ), #736 ) ;
#2754 = PRESENTATION_STYLE_ASSIGNMENT (( #2755 ) ) ;
#2755 = SURFACE_STYLE_USAGE ( .BOTH. , #2756 ) ;
#2756 = SURFACE_SIDE_STYLE ('',( #2757 ) ) ;
#2757 = SURFACE_STYLE_FILL_AREA ( #2758 ) ;
#2758 = FILL_AREA_STYLE ('',( #2760 ) ) ;
#2759 = PLANE ( 'NONE',  #2771 ) ;
#2760 = FILL_AREA_STYLE_COLOUR ( '', #2764 ) ;
#2761 = DIRECTION ( 'NONE',  ( 0.0000000000000000000, -1.000000000000000000, 0.0000000000000000000 ) ) ;
#2762 = VECTOR ( 'NONE', #2761, 1000.000000000000000 ) ;
#2763 = CARTESIAN_POINT ( 'NONE',  ( 2.370000000000000600, 10.70000000000000100, -3.770000000000041800 ) ) ;
#2764 = COLOUR_RGB ( '',1.000000000000000000, 0.8000000000000000400, 0.3725490196078431500 ) ;
#2765 = CARTESIAN_POINT ( 'NONE',  ( 2.370000000000000600, 10.70000000000000100, -3.770000000000041800 ) ) ;
#2766 = LINE ( 'NONE', #2765, #2772 ) ;
#2767 = DIRECTION ( 'NONE',  ( -0.7071067811865489100, 0.7071067811865462400, 0.0000000000000000000 ) ) ;
#2768 = DIRECTION ( 'NONE',  ( 0.7071067811865462400, 0.7071067811865489100, 0.0000000000000000000 ) ) ;
#2769 = CARTESIAN_POINT ( 'NONE',  ( 2.670000000000000400, 10.70000000000000100, -3.470000000000041500 ) ) ;
#2770 = AXIS2_PLACEMENT_3D ( 'NONE', #2769, #2768, #2767 ) ;
#2771 = AXIS2_PLACEMENT_3D ( 'NONE', #2773, #2797, #2796 ) ;
#2772 = VECTOR ( 'NONE', #2734, 1000.000000000000100 ) ;
#2773 = CARTESIAN_POINT ( 'NONE',  ( 2.370000000000000600, 10.70000000000000100, -3.470000000000041500 ) ) ;
#2774 = FACE_OUTER_BOUND ( 'NONE', #733, .T. ) ;
#2775 = AXIS2_PLACEMENT_3D ( 'NONE', #2835, #2834, #2833 ) ;
#2776 = FILL_AREA_STYLE_COLOUR ( '', #2792 ) ;
#2777 = COLOUR_RGB ( '',1.000000000000000000, 0.8000000000000000400, 0.3725490196078431500 ) ;
#2778 = FACE_OUTER_BOUND ( 'NONE', #745, .T. ) ;
#2779 = PLANE ( 'NONE',  #2808 ) ;
#2780 =( GEOMETRIC_REPRESENTATION_CONTEXT ( 3 ) GLOBAL_UNCERTAINTY_ASSIGNED_CONTEXT ( ( #2781 ) ) GLOBAL_UNIT_ASSIGNED_CONTEXT ( ( #2784, #2783, #2782 ) ) REPRESENTATION_CONTEXT ( 'NONE', 'WORKASPACE' ) );
#2781 = UNCERTAINTY_MEASURE_WITH_UNIT (LENGTH_MEASURE( 1.000000000000000100E-005 ), #2784, 'distance_accuracy_value', 'NONE');
#2782 =( NAMED_UNIT ( * ) SI_UNIT ( $, .STERADIAN. ) SOLID_ANGLE_UNIT ( ) );
#2783 =( NAMED_UNIT ( * ) PLANE_ANGLE_UNIT ( ) SI_UNIT ( $, .RADIAN. ) );
#2784 =( LENGTH_UNIT ( ) NAMED_UNIT ( * ) SI_UNIT ( .MILLI., .METRE. ) );
#2785 = MECHANICAL_DESIGN_GEOMETRIC_PRESENTATION_REPRESENTATION (  '', ( #2787 ), #2780 ) ;
#2786 = PRESENTATION_LAYER_ASSIGNMENT (  '', '', ( #2787 ) ) ;
#2787 = STYLED_ITEM ( 'NONE', ( #2788 ), #743 ) ;
#2788 = PRESENTATION_STYLE_ASSIGNMENT (( #2789 ) ) ;
#2789 = SURFACE_STYLE_USAGE ( .BOTH. , #2799 ) ;
#2790 = SURFACE_STYLE_FILL_AREA ( #2795 ) ;
#2791 = CARTESIAN_POINT ( 'NONE',  ( 3.670000000000000400, 10.70000000000000100, -3.470000000000034800 ) ) ;
#2792 = COLOUR_RGB ( '',1.000000000000000000, 0.8000000000000000400, 0.3725490196078431500 ) ;
#2793 = FILL_AREA_STYLE ('',( #2794 ) ) ;
#2794 = FILL_AREA_STYLE_COLOUR ( '', #2733 ) ;
#2795 = FILL_AREA_STYLE ('',( #2776 ) ) ;
#2796 = DIRECTION ( 'NONE',  ( 0.0000000000000000000, -0.7071067811865462400, 0.7071067811865489100 ) ) ;
#2797 = DIRECTION ( 'NONE',  ( 0.0000000000000000000, 0.7071067811865489100, 0.7071067811865462400 ) ) ;
#2798 = CARTESIAN_POINT ( 'NONE',  ( 2.370000000000000600, 10.70000000000000100, -3.770000000000041800 ) ) ;
#2799 = SURFACE_SIDE_STYLE ('',( #2800 ) ) ;
#2800 = SURFACE_STYLE_FILL_AREA ( #2793 ) ;
#2801 = PLANE ( 'NONE',  #2775 ) ;
#2802 = FACE_OUTER_BOUND ( 'NONE', #686, .T. ) ;
#2803 = PLANE ( 'NONE',  #2814 ) ;
#2804 = LINE ( 'NONE', #2839, #2838 ) ;
#2805 = DIRECTION ( 'NONE',  ( -0.7071067811865489100, -0.7071067811865462400, 0.0000000000000000000 ) ) ;
#2806 = DIRECTION ( 'NONE',  ( -0.7071067811865462400, 0.7071067811865489100, 0.0000000000000000000 ) ) ;
#2807 = CARTESIAN_POINT ( 'NONE',  ( 2.370000000000000600, 10.70000000000000100, -3.770000000000041800 ) ) ;
#2808 = AXIS2_PLACEMENT_3D ( 'NONE', #2807, #2806, #2805 ) ;
#2809 = SURFACE_STYLE_USAGE ( .BOTH. , #2810 ) ;
#2810 = SURFACE_SIDE_STYLE ('',( #2811 ) ) ;
#2811 = SURFACE_STYLE_FILL_AREA ( #2812 ) ;
#2812 = FILL_AREA_STYLE ('',( #2815 ) ) ;
#2813 = AXIS2_PLACEMENT_3D ( 'NONE', #2876, #2875, #2874 ) ;
#2814 = AXIS2_PLACEMENT_3D ( 'NONE', #2849, #2848, #2847 ) ;
#2815 = FILL_AREA_STYLE_COLOUR ( '', #2777 ) ;
#2816 =( GEOMETRIC_REPRESENTATION_CONTEXT ( 3 ) GLOBAL_UNCERTAINTY_ASSIGNED_CONTEXT ( ( #2817 ) ) GLOBAL_UNIT_ASSIGNED_CONTEXT ( ( #2820, #2819, #2818 ) ) REPRESENTATION_CONTEXT ( 'NONE', 'WORKASPACE' ) );
#2817 = UNCERTAINTY_MEASURE_WITH_UNIT (LENGTH_MEASURE( 1.000000000000000100E-005 ), #2820, 'distance_accuracy_value', 'NONE');
#2818 =( NAMED_UNIT ( * ) SI_UNIT ( $, .STERADIAN. ) SOLID_ANGLE_UNIT ( ) );
#2819 =( NAMED_UNIT ( * ) PLANE_ANGLE_UNIT ( ) SI_UNIT ( $, .RADIAN. ) );
#2820 =( LENGTH_UNIT ( ) NAMED_UNIT ( * ) SI_UNIT ( .MILLI., .METRE. ) );
#2821 = MECHANICAL_DESIGN_GEOMETRIC_PRESENTATION_REPRESENTATION (  '', ( #2823 ), #2816 ) ;
#2822 = PRESENTATION_LAYER_ASSIGNMENT (  '', '', ( #2823 ) ) ;
#2823 = STYLED_ITEM ( 'NONE', ( #2824 ), #748 ) ;
#2824 = PRESENTATION_STYLE_ASSIGNMENT (( #2825 ) ) ;
#2825 = SURFACE_STYLE_USAGE ( .BOTH. , #2826 ) ;
#2826 = SURFACE_SIDE_STYLE ('',( #2790 ) ) ;
#2827 = PLANE ( 'NONE',  #2813 ) ;
#2828 = DIRECTION ( 'NONE',  ( -1.000000000000000000, 0.0000000000000000000, 0.0000000000000000000 ) ) ;
#2829 = VECTOR ( 'NONE', #2828, 1000.000000000000000 ) ;
#2830 = CARTESIAN_POINT ( 'NONE',  ( 2.670000000000000400, 10.70000000000000100, -3.470000000000041500 ) ) ;
#2831 = LINE ( 'NONE', #2830, #2829 ) ;
#2832 = FACE_OUTER_BOUND ( 'NONE', #821, .T. ) ;
#2833 = DIRECTION ( 'NONE',  ( -0.0000000000000000000, 0.0000000000000000000, 1.000000000000000000 ) ) ;
#2834 = DIRECTION ( 'NONE',  ( -1.000000000000000000, 0.0000000000000000000, -0.0000000000000000000 ) ) ;
#2835 = CARTESIAN_POINT ( 'NONE',  ( 1.370000000000000600, 10.70000000000000100, -3.470000000000048600 ) ) ;
#2836 = PLANE ( 'NONE',  #2891 ) ;
#2837 = DIRECTION ( 'NONE',  ( 0.0000000000000000000, 0.0000000000000000000, 1.000000000000000000 ) ) ;
#2838 = VECTOR ( 'NONE', #2837, 1000.000000000000000 ) ;
#2839 = CARTESIAN_POINT ( 'NONE',  ( 3.670000000000000400, 10.70000000000000100, -3.770000000000034700 ) ) ;
#2840 = FACE_OUTER_BOUND ( 'NONE', #755, .T. ) ;
#2841 = CARTESIAN_POINT ( 'NONE',  ( 3.370000000000000600, 10.70000000000000100, -3.770000000000034700 ) ) ;
#2842 = CARTESIAN_POINT ( 'NONE',  ( 3.370000000000000600, 10.70000000000000100, -3.470000000000034800 ) ) ;
#2843 = DIRECTION ( 'NONE',  ( 0.5773502691896264000, -0.5773502691896244000, 0.5773502691896264000 ) ) ;
#2844 = VECTOR ( 'NONE', #2843, 1000.000000000000100 ) ;
#2845 = SURFACE_SIDE_STYLE ('',( #2846 ) ) ;
#2846 = SURFACE_STYLE_FILL_AREA ( #2851 ) ;
#2847 = DIRECTION ( 'NONE',  ( 0.0000000000000000000, -0.7071067811865462400, 0.7071067811865489100 ) ) ;
#2848 = DIRECTION ( 'NONE',  ( 0.0000000000000000000, 0.7071067811865489100, 0.7071067811865462400 ) ) ;
#2849 = CARTESIAN_POINT ( 'NONE',  ( 3.370000000000000600, 10.70000000000000100, -3.470000000000034800 ) ) ;
#2850 = LINE ( 'NONE', #2791, #2844 ) ;
#2851 = FILL_AREA_STYLE ('',( #2852 ) ) ;
#2852 = FILL_AREA_STYLE_COLOUR ( '', #2853 ) ;
#2853 = COLOUR_RGB ( '',1.000000000000000000, 0.8000000000000000400, 0.3725490196078431500 ) ;
#2854 =( GEOMETRIC_REPRESENTATION_CONTEXT ( 3 ) GLOBAL_UNCERTAINTY_ASSIGNED_CONTEXT ( ( #2855 ) ) GLOBAL_UNIT_ASSIGNED_CONTEXT ( ( #2858, #2857, #2856 ) ) REPRESENTATION_CONTEXT ( 'NONE', 'WORKASPACE' ) );
#2855 = UNCERTAINTY_MEASURE_WITH_UNIT (LENGTH_MEASURE( 1.000000000000000100E-005 ), #2858, 'distance_accuracy_value', 'NONE');
#2856 =( NAMED_UNIT ( * ) SI_UNIT ( $, .STERADIAN. ) SOLID_ANGLE_UNIT ( ) );
#2857 =( NAMED_UNIT ( * ) PLANE_ANGLE_UNIT ( ) SI_UNIT ( $, .RADIAN. ) );
#2858 =( LENGTH_UNIT ( ) NAMED_UNIT ( * ) SI_UNIT ( .MILLI., .METRE. ) );
#2859 = MECHANICAL_DESIGN_GEOMETRIC_PRESENTATION_REPRESENTATION (  '', ( #2861 ), #2854 ) ;
#2860 = PRESENTATION_LAYER_ASSIGNMENT (  '', '', ( #2861 ) ) ;
#2861 = STYLED_ITEM ( 'NONE', ( #2862 ), #751 ) ;
#2862 = PRESENTATION_STYLE_ASSIGNMENT (( #2809 ) ) ;
#2863 = SURFACE_STYLE_FILL_AREA ( #2864 ) ;
#2864 = FILL_AREA_STYLE ('',( #2867 ) ) ;
#2865 = SURFACE_SIDE_STYLE ('',( #2866 ) ) ;
#2866 = SURFACE_STYLE_FILL_AREA ( #2919 ) ;
#2867 = FILL_AREA_STYLE_COLOUR ( '', #2878 ) ;
#2868 = DIRECTION ( 'NONE',  ( -1.000000000000000000, 0.0000000000000000000, 0.0000000000000000000 ) ) ;
#2869 = VECTOR ( 'NONE', #2868, 1000.000000000000000 ) ;
#2870 = CARTESIAN_POINT ( 'NONE',  ( 3.670000000000000400, 10.70000000000000100, -3.470000000000034800 ) ) ;
#2871 = LINE ( 'NONE', #2870, #2869 ) ;
#2872 = LINE ( 'NONE', #2902, #2898 ) ;
#2873 = AXIS2_PLACEMENT_3D ( 'NONE', #2927, #2926, #2925 ) ;
#2874 = DIRECTION ( 'NONE',  ( -0.0000000000000000000, 0.0000000000000000000, 1.000000000000000000 ) ) ;
#2875 = DIRECTION ( 'NONE',  ( -1.000000000000000000, 0.0000000000000000000, -0.0000000000000000000 ) ) ;
#2876 = CARTESIAN_POINT ( 'NONE',  ( 2.370000000000000600, 10.70000000000000100, -3.470000000000041500 ) ) ;
#2877 = FACE_OUTER_BOUND ( 'NONE', #732, .T. ) ;
#2878 = COLOUR_RGB ( '',1.000000000000000000, 0.8000000000000000400, 0.3725490196078431500 ) ;
#2879 =( GEOMETRIC_REPRESENTATION_CONTEXT ( 3 ) GLOBAL_UNCERTAINTY_ASSIGNED_CONTEXT ( ( #2880 ) ) GLOBAL_UNIT_ASSIGNED_CONTEXT ( ( #2883, #2882, #2881 ) ) REPRESENTATION_CONTEXT ( 'NONE', 'WORKASPACE' ) );
#2880 = UNCERTAINTY_MEASURE_WITH_UNIT (LENGTH_MEASURE( 1.000000000000000100E-005 ), #2883, 'distance_accuracy_value', 'NONE');
#2881 =( NAMED_UNIT ( * ) SI_UNIT ( $, .STERADIAN. ) SOLID_ANGLE_UNIT ( ) );
#2882 =( NAMED_UNIT ( * ) PLANE_ANGLE_UNIT ( ) SI_UNIT ( $, .RADIAN. ) );
#2883 =( LENGTH_UNIT ( ) NAMED_UNIT ( * ) SI_UNIT ( .MILLI., .METRE. ) );
#2884 = MECHANICAL_DESIGN_GEOMETRIC_PRESENTATION_REPRESENTATION (  '', ( #2886 ), #2879 ) ;
#2885 = PRESENTATION_LAYER_ASSIGNMENT (  '', '', ( #2886 ) ) ;
#2886 = STYLED_ITEM ( 'NONE', ( #2887 ), #761 ) ;
#2887 = PRESENTATION_STYLE_ASSIGNMENT (( #2888 ) ) ;
#2888 = SURFACE_STYLE_USAGE ( .BOTH. , #2845 ) ;
#2889 = SURFACE_STYLE_USAGE ( .BOTH. , #2890 ) ;
#2890 = SURFACE_SIDE_STYLE ('',( #2863 ) ) ;
#2891 = AXIS2_PLACEMENT_3D ( 'NONE', #2905, #2904, #2903 ) ;
#2892 = CARTESIAN_POINT ( 'NONE',  ( 3.520000000000000500, 10.85000000000000000, -3.620000000000034700 ) ) ;
#2893 = DIRECTION ( 'NONE',  ( 0.0000000000000000000, -1.000000000000000000, 0.0000000000000000000 ) ) ;
#2894 = FILL_AREA_STYLE_COLOUR ( '', #2897 ) ;
#2895 = PRESENTATION_STYLE_ASSIGNMENT (( #2896 ) ) ;
#2896 = SURFACE_STYLE_USAGE ( .BOTH. , #2865 ) ;
#2897 = COLOUR_RGB ( '',1.000000000000000000, 0.8000000000000000400, 0.3725490196078431500 ) ;
#2898 = VECTOR ( 'NONE', #2901, 1000.000000000000000 ) ;
#2899 = UNCERTAINTY_MEASURE_WITH_UNIT (LENGTH_MEASURE( 1.000000000000000100E-005 ), #2228, 'distance_accuracy_value', 'NONE');
#2900 = CARTESIAN_POINT ( 'NONE',  ( 2.670000000000000400, 10.70000000000000100, -3.470000000000041500 ) ) ;
#2901 = DIRECTION ( 'NONE',  ( 0.0000000000000000000, 0.0000000000000000000, -1.000000000000000000 ) ) ;
#2902 = CARTESIAN_POINT ( 'NONE',  ( 3.370000000000000600, 10.70000000000000100, -3.470000000000034800 ) ) ;
#2903 = DIRECTION ( 'NONE',  ( -0.0000000000000000000, 0.0000000000000000000, -1.000000000000000000 ) ) ;
#2904 = DIRECTION ( 'NONE',  ( 1.000000000000000000, 0.0000000000000000000, -0.0000000000000000000 ) ) ;
#2905 = CARTESIAN_POINT ( 'NONE',  ( 2.670000000000000400, 10.70000000000000100, -3.770000000000041800 ) ) ;
#2906 = VECTOR ( 'NONE', #2893, 1000.000000000000000 ) ;
#2907 = LINE ( 'NONE', #2900, #2906 ) ;
#2908 = PLANE ( 'NONE',  #2873 ) ;
#2909 =( GEOMETRIC_REPRESENTATION_CONTEXT ( 3 ) GLOBAL_UNCERTAINTY_ASSIGNED_CONTEXT ( ( #2910 ) ) GLOBAL_UNIT_ASSIGNED_CONTEXT ( ( #2913, #2912, #2911 ) ) REPRESENTATION_CONTEXT ( 'NONE', 'WORKASPACE' ) );
#2910 = UNCERTAINTY_MEASURE_WITH_UNIT (LENGTH_MEASURE( 1.000000000000000100E-005 ), #2913, 'distance_accuracy_value', 'NONE');
#2911 =( NAMED_UNIT ( * ) SI_UNIT ( $, .STERADIAN. ) SOLID_ANGLE_UNIT ( ) );
#2912 =( NAMED_UNIT ( * ) PLANE_ANGLE_UNIT ( ) SI_UNIT ( $, .RADIAN. ) );
#2913 =( LENGTH_UNIT ( ) NAMED_UNIT ( * ) SI_UNIT ( .MILLI., .METRE. ) );
#2914 = MECHANICAL_DESIGN_GEOMETRIC_PRESENTATION_REPRESENTATION (  '', ( #2916 ), #2909 ) ;
#2915 = PRESENTATION_LAYER_ASSIGNMENT (  '', '', ( #2916 ) ) ;
#2916 = STYLED_ITEM ( 'NONE', ( #2917 ), #769 ) ;
#2917 = PRESENTATION_STYLE_ASSIGNMENT (( #2889 ) ) ;
#2918 = FACE_OUTER_BOUND ( 'NONE', #722, .T. ) ;
#2919 = FILL_AREA_STYLE ('',( #2894 ) ) ;
#2920 = CARTESIAN_POINT ( 'NONE',  ( 2.670000000000000400, 10.70000000000000100, -3.770000000000041800 ) ) ;
#2921 =( NAMED_UNIT ( * ) SI_UNIT ( $, .STERADIAN. ) SOLID_ANGLE_UNIT ( ) );
#2922 = DIRECTION ( 'NONE',  ( -0.5773502691896264000, -0.5773502691896244000, 0.5773502691896264000 ) ) ;
#2923 = VECTOR ( 'NONE', #2922, 1000.000000000000100 ) ;
#2924 = CARTESIAN_POINT ( 'NONE',  ( 3.370000000000000600, 10.70000000000000100, -3.470000000000034800 ) ) ;
#2925 = DIRECTION ( 'NONE',  ( 1.000000000000000000, 0.0000000000000000000, -0.0000000000000000000 ) ) ;
#2926 = DIRECTION ( 'NONE',  ( 0.0000000000000000000, 0.0000000000000000000, 1.000000000000000000 ) ) ;
#2927 = CARTESIAN_POINT ( 'NONE',  ( 2.670000000000000400, 10.70000000000000100, -3.470000000000041500 ) ) ;
#2928 = LINE ( 'NONE', #2924, #2923 ) ;
#2929 =( GEOMETRIC_REPRESENTATION_CONTEXT ( 3 ) GLOBAL_UNCERTAINTY_ASSIGNED_CONTEXT ( ( #2899 ) ) GLOBAL_UNIT_ASSIGNED_CONTEXT ( ( #2228, #2430, #2469 ) ) REPRESENTATION_CONTEXT ( 'NONE', 'WORKASPACE' ) );
#2930 =( GEOMETRIC_REPRESENTATION_CONTEXT ( 3 ) GLOBAL_UNCERTAINTY_ASSIGNED_CONTEXT ( ( #2931 ) ) GLOBAL_UNIT_ASSIGNED_CONTEXT ( ( #2934, #2933, #2932 ) ) REPRESENTATION_CONTEXT ( 'NONE', 'WORKASPACE' ) );
#2931 = UNCERTAINTY_MEASURE_WITH_UNIT (LENGTH_MEASURE( 1.000000000000000100E-005 ), #2934, 'distance_accuracy_value', 'NONE');
#2932 =( NAMED_UNIT ( * ) SI_UNIT ( $, .STERADIAN. ) SOLID_ANGLE_UNIT ( ) );
#2933 =( NAMED_UNIT ( * ) PLANE_ANGLE_UNIT ( ) SI_UNIT ( $, .RADIAN. ) );
#2934 =( LENGTH_UNIT ( ) NAMED_UNIT ( * ) SI_UNIT ( .MILLI., .METRE. ) );
#2935 = MECHANICAL_DESIGN_GEOMETRIC_PRESENTATION_REPRESENTATION (  '', ( #2937 ), #2930 ) ;
#2936 = PRESENTATION_LAYER_ASSIGNMENT (  '', '', ( #2937 ) ) ;
#2937 = STYLED_ITEM ( 'NONE', ( #2895 ), #778 ) ;
#2938 = LINE ( 'NONE', #2920, #1448 ) ;
#2939 = PLANE ( 'NONE',  #2974 ) ;
#2940 =( GEOMETRIC_REPRESENTATION_CONTEXT ( 3 ) GLOBAL_UNCERTAINTY_ASSIGNED_CONTEXT ( ( #2941 ) ) GLOBAL_UNIT_ASSIGNED_CONTEXT ( ( #2944, #2943, #2942 ) ) REPRESENTATION_CONTEXT ( 'NONE', 'WORKASPACE' ) );
#2941 = UNCERTAINTY_MEASURE_WITH_UNIT (LENGTH_MEASURE( 1.000000000000000100E-005 ), #2944, 'distance_accuracy_value', 'NONE');
#2942 =( NAMED_UNIT ( * ) SI_UNIT ( $, .STERADIAN. ) SOLID_ANGLE_UNIT ( ) );
#2943 =( NAMED_UNIT ( * ) PLANE_ANGLE_UNIT ( ) SI_UNIT ( $, .RADIAN. ) );
#2944 =( LENGTH_UNIT ( ) NAMED_UNIT ( * ) SI_UNIT ( .MILLI., .METRE. ) );
#2945 = MECHANICAL_DESIGN_GEOMETRIC_PRESENTATION_REPRESENTATION (  '', ( #2947 ), #2940 ) ;
#2946 = PRESENTATION_LAYER_ASSIGNMENT (  '', '', ( #2947 ) ) ;
#2947 = STYLED_ITEM ( 'NONE', ( #2948 ), #789 ) ;
#2948 = PRESENTATION_STYLE_ASSIGNMENT (( #2949 ) ) ;
#2949 = SURFACE_STYLE_USAGE ( .BOTH. , #2950 ) ;
#2950 = SURFACE_SIDE_STYLE ('',( #2963 ) ) ;
#2951 = PLANE ( 'NONE',  #2966 ) ;
#2952 = FACE_OUTER_BOUND ( 'NONE', #814, .T. ) ;
#2953 = FILL_AREA_STYLE ('',( #2969 ) ) ;
#2954 = FACE_OUTER_BOUND ( 'NONE', #782, .T. ) ;
#2955 = DIRECTION ( 'NONE',  ( 0.0000000000000000000, 0.7071067811865462400, 0.7071067811865489100 ) ) ;
#2956 = DIRECTION ( 'NONE',  ( 0.0000000000000000000, 0.7071067811865489100, -0.7071067811865462400 ) ) ;
#2957 = CARTESIAN_POINT ( 'NONE',  ( 2.670000000000000400, 10.70000000000000100, -3.770000000000041800 ) ) ;
#2958 = AXIS2_PLACEMENT_3D ( 'NONE', #2957, #2956, #2955 ) ;
#2959 = FILL_AREA_STYLE ('',( #2964 ) ) ;
#2960 = PRESENTATION_STYLE_ASSIGNMENT (( #2961 ) ) ;
#2961 = SURFACE_STYLE_USAGE ( .BOTH. , #2991 ) ;
#2962 = FILL_AREA_STYLE ('',( #2989 ) ) ;
#2963 = SURFACE_STYLE_FILL_AREA ( #2959 ) ;
#2964 = FILL_AREA_STYLE_COLOUR ( '', #2965 ) ;
#2965 = COLOUR_RGB ( '',1.000000000000000000, 0.8000000000000000400, 0.3725490196078431500 ) ;
#2966 = AXIS2_PLACEMENT_3D ( 'NONE', #2988, #2987, #2986 ) ;
#2967 = COLOUR_RGB ( '',1.000000000000000000, 0.8000000000000000400, 0.3725490196078431500 ) ;
#2968 = PLANE ( 'NONE',  #2958 ) ;
#2969 = FILL_AREA_STYLE_COLOUR ( '', #2967 ) ;
#2970 = PLANE ( 'NONE',  #3002 ) ;
#2971 = DIRECTION ( 'NONE',  ( -0.0000000000000000000, 0.0000000000000000000, -1.000000000000000000 ) ) ;
#2972 = DIRECTION ( 'NONE',  ( 1.000000000000000000, 0.0000000000000000000, -0.0000000000000000000 ) ) ;
#2973 = CARTESIAN_POINT ( 'NONE',  ( 3.670000000000000400, 10.70000000000000100, -3.770000000000034700 ) ) ;
#2974 = AXIS2_PLACEMENT_3D ( 'NONE', #2973, #2972, #2971 ) ;
#2975 =( GEOMETRIC_REPRESENTATION_CONTEXT ( 3 ) GLOBAL_UNCERTAINTY_ASSIGNED_CONTEXT ( ( #2976 ) ) GLOBAL_UNIT_ASSIGNED_CONTEXT ( ( #2979, #2978, #2977 ) ) REPRESENTATION_CONTEXT ( 'NONE', 'WORKASPACE' ) );
#2976 = UNCERTAINTY_MEASURE_WITH_UNIT (LENGTH_MEASURE( 1.000000000000000100E-005 ), #2979, 'distance_accuracy_value', 'NONE');
#2977 =( NAMED_UNIT ( * ) SI_UNIT ( $, .STERADIAN. ) SOLID_ANGLE_UNIT ( ) );
#2978 =( NAMED_UNIT ( * ) PLANE_ANGLE_UNIT ( ) SI_UNIT ( $, .RADIAN. ) );
#2979 =( LENGTH_UNIT ( ) NAMED_UNIT ( * ) SI_UNIT ( .MILLI., .METRE. ) );
#2980 = MECHANICAL_DESIGN_GEOMETRIC_PRESENTATION_REPRESENTATION (  '', ( #2982 ), #2975 ) ;
#2981 = PRESENTATION_LAYER_ASSIGNMENT (  '', '', ( #2982 ) ) ;
#2982 = STYLED_ITEM ( 'NONE', ( #2960 ), #793 ) ;
#2983 = FACE_OUTER_BOUND ( 'NONE', #803, .T. ) ;
#2984 = COLOUR_RGB ( '',1.000000000000000000, 0.8000000000000000400, 0.3725490196078431500 ) ;
#2985 = FACE_OUTER_BOUND ( 'NONE', #796, .T. ) ;
#2986 = DIRECTION ( 'NONE',  ( -1.000000000000000000, 0.0000000000000000000, -0.0000000000000000000 ) ) ;
#2987 = DIRECTION ( 'NONE',  ( 0.0000000000000000000, 0.0000000000000000000, -1.000000000000000000 ) ) ;
#2988 = CARTESIAN_POINT ( 'NONE',  ( 2.370000000000000600, 10.70000000000000100, -3.770000000000041800 ) ) ;
#2989 = FILL_AREA_STYLE_COLOUR ( '', #2984 ) ;
#2990 = FACE_OUTER_BOUND ( 'NONE', #818, .T. ) ;
#2991 = SURFACE_SIDE_STYLE ('',( #2992 ) ) ;
#2992 = SURFACE_STYLE_FILL_AREA ( #2962 ) ;
#2993 = COLOUR_RGB ( '',1.000000000000000000, 0.8000000000000000400, 0.3725490196078431500 ) ;
#2994 = AXIS2_PLACEMENT_3D ( 'NONE', #3036, #3035, #3034 ) ;
#2995 = DIRECTION ( 'NONE',  ( 0.0000000000000000000, -1.000000000000000000, 0.0000000000000000000 ) ) ;
#2996 = VECTOR ( 'NONE', #2995, 1000.000000000000000 ) ;
#2997 = CARTESIAN_POINT ( 'NONE',  ( 3.670000000000000400, 10.70000000000000100, -3.770000000000034700 ) ) ;
#2998 = FILL_AREA_STYLE ('',( #3020 ) ) ;
#2999 = DIRECTION ( 'NONE',  ( 1.000000000000000000, 0.0000000000000000000, -0.0000000000000000000 ) ) ;
#3000 = DIRECTION ( 'NONE',  ( 0.0000000000000000000, 0.0000000000000000000, 1.000000000000000000 ) ) ;
#3001 = CARTESIAN_POINT ( 'NONE',  ( 3.670000000000000400, 10.70000000000000100, -3.470000000000034800 ) ) ;
#3002 = AXIS2_PLACEMENT_3D ( 'NONE', #3001, #3000, #2999 ) ;
#3003 = AXIS2_PLACEMENT_3D ( 'NONE', #3133, #3132, #3131 ) ;
#3004 = LINE ( 'NONE', #2997, #2996 ) ;
#3005 = PLANE ( 'NONE',  #2994 ) ;
#3006 = CARTESIAN_POINT ( 'NONE',  ( 3.670000000000000400, 10.70000000000000100, -3.470000000000034800 ) ) ;
#3007 = FILL_AREA_STYLE_COLOUR ( '', #2993 ) ;
#3008 =( GEOMETRIC_REPRESENTATION_CONTEXT ( 3 ) GLOBAL_UNCERTAINTY_ASSIGNED_CONTEXT ( ( #3009 ) ) GLOBAL_UNIT_ASSIGNED_CONTEXT ( ( #3012, #3011, #3010 ) ) REPRESENTATION_CONTEXT ( 'NONE', 'WORKASPACE' ) );
#3009 = UNCERTAINTY_MEASURE_WITH_UNIT (LENGTH_MEASURE( 1.000000000000000100E-005 ), #3012, 'distance_accuracy_value', 'NONE');
#3010 =( NAMED_UNIT ( * ) SI_UNIT ( $, .STERADIAN. ) SOLID_ANGLE_UNIT ( ) );
#3011 =( NAMED_UNIT ( * ) PLANE_ANGLE_UNIT ( ) SI_UNIT ( $, .RADIAN. ) );
#3012 =( LENGTH_UNIT ( ) NAMED_UNIT ( * ) SI_UNIT ( .MILLI., .METRE. ) );
#3013 = MECHANICAL_DESIGN_GEOMETRIC_PRESENTATION_REPRESENTATION (  '', ( #3015 ), #3008 ) ;
#3014 = PRESENTATION_LAYER_ASSIGNMENT (  '', '', ( #3015 ) ) ;
#3015 = STYLED_ITEM ( 'NONE', ( #3016 ), #799 ) ;
#3016 = PRESENTATION_STYLE_ASSIGNMENT (( #3017 ) ) ;
#3017 = SURFACE_STYLE_USAGE ( .BOTH. , #3018 ) ;
#3018 = SURFACE_SIDE_STYLE ('',( #3019 ) ) ;
#3019 = SURFACE_STYLE_FILL_AREA ( #2953 ) ;
#3020 = FILL_AREA_STYLE_COLOUR ( '', #3021 ) ;
#3021 = COLOUR_RGB ( '',1.000000000000000000, 0.8000000000000000400, 0.3725490196078431500 ) ;
#3022 = DIRECTION ( 'NONE',  ( 0.0000000000000000000, -1.000000000000000000, 0.0000000000000000000 ) ) ;
#3023 = VECTOR ( 'NONE', #3022, 1000.000000000000000 ) ;
#3024 = CARTESIAN_POINT ( 'NONE',  ( 3.670000000000000400, 10.70000000000000100, -3.470000000000034800 ) ) ;
#3025 = LINE ( 'NONE', #3024, #3023 ) ;
#3026 =( LENGTH_UNIT ( ) NAMED_UNIT ( * ) SI_UNIT ( .MILLI., .METRE. ) );
#3027 = MECHANICAL_DESIGN_GEOMETRIC_PRESENTATION_REPRESENTATION (  '', ( #3029 ), #3081 ) ;
#3028 = PRESENTATION_LAYER_ASSIGNMENT (  '', '', ( #3029 ) ) ;
#3029 = STYLED_ITEM ( 'NONE', ( #3030 ), #805 ) ;
#3030 = PRESENTATION_STYLE_ASSIGNMENT (( #3031 ) ) ;
#3031 = SURFACE_STYLE_USAGE ( .BOTH. , #3032 ) ;
#3032 = SURFACE_SIDE_STYLE ('',( #3033 ) ) ;
#3033 = SURFACE_STYLE_FILL_AREA ( #2998 ) ;
#3034 = DIRECTION ( 'NONE',  ( 0.0000000000000000000, 0.7071067811865462400, 0.7071067811865489100 ) ) ;
#3035 = DIRECTION ( 'NONE',  ( 0.0000000000000000000, 0.7071067811865489100, -0.7071067811865462400 ) ) ;
#3036 = CARTESIAN_POINT ( 'NONE',  ( 3.670000000000000400, 10.70000000000000100, -3.770000000000034700 ) ) ;
#3037 = VECTOR ( 'NONE', #3065, 1000.000000000000000 ) ;
#3038 = AXIS2_PLACEMENT_3D ( 'NONE', #3076, #3075, #3074 ) ;
#3039 = PLANE ( 'NONE',  #3038 ) ;
#3040 =( GEOMETRIC_REPRESENTATION_CONTEXT ( 3 ) GLOBAL_UNCERTAINTY_ASSIGNED_CONTEXT ( ( #3041 ) ) GLOBAL_UNIT_ASSIGNED_CONTEXT ( ( #3044, #3043, #3042 ) ) REPRESENTATION_CONTEXT ( 'NONE', 'WORKASPACE' ) );
#3041 = UNCERTAINTY_MEASURE_WITH_UNIT (LENGTH_MEASURE( 1.000000000000000100E-005 ), #3044, 'distance_accuracy_value', 'NONE');
#3042 =( NAMED_UNIT ( * ) SI_UNIT ( $, .STERADIAN. ) SOLID_ANGLE_UNIT ( ) );
#3043 =( NAMED_UNIT ( * ) PLANE_ANGLE_UNIT ( ) SI_UNIT ( $, .RADIAN. ) );
#3044 =( LENGTH_UNIT ( ) NAMED_UNIT ( * ) SI_UNIT ( .MILLI., .METRE. ) );
#3045 = MECHANICAL_DESIGN_GEOMETRIC_PRESENTATION_REPRESENTATION (  '', ( #3047 ), #3040 ) ;
#3046 = PRESENTATION_LAYER_ASSIGNMENT (  '', '', ( #3047 ) ) ;
#3047 = STYLED_ITEM ( 'NONE', ( #3048 ), #801 ) ;
#3048 = PRESENTATION_STYLE_ASSIGNMENT (( #3049 ) ) ;
#3049 = SURFACE_STYLE_USAGE ( .BOTH. , #3050 ) ;
#3050 = SURFACE_SIDE_STYLE ('',( #3051 ) ) ;
#3051 = SURFACE_STYLE_FILL_AREA ( #3052 ) ;
#3052 = FILL_AREA_STYLE ('',( #3007 ) ) ;
#3053 = PRESENTATION_STYLE_ASSIGNMENT (( #3054 ) ) ;
#3054 = SURFACE_STYLE_USAGE ( .BOTH. , #3063 ) ;
#3055 = PLANE ( 'NONE',  #3073 ) ;
#3056 = FACE_OUTER_BOUND ( 'NONE', #764, .T. ) ;
#3057 = FILL_AREA_STYLE_COLOUR ( '', #3067 ) ;
#3058 = FACE_OUTER_BOUND ( 'NONE', #827, .T. ) ;
#3059 = DIRECTION ( 'NONE',  ( 0.5773502691896264000, -0.5773502691896244000, -0.5773502691896264000 ) ) ;
#3060 = VECTOR ( 'NONE', #3059, 1000.000000000000100 ) ;
#3061 = CARTESIAN_POINT ( 'NONE',  ( 3.670000000000000400, 10.70000000000000100, -3.770000000000034700 ) ) ;
#3062 = FILL_AREA_STYLE ('',( #3100 ) ) ;
#3063 = SURFACE_SIDE_STYLE ('',( #3064 ) ) ;
#3064 = SURFACE_STYLE_FILL_AREA ( #3068 ) ;
#3065 = DIRECTION ( 'NONE',  ( 1.000000000000000000, 0.0000000000000000000, 0.0000000000000000000 ) ) ;
#3066 = FACE_OUTER_BOUND ( 'NONE', #845, .T. ) ;
#3067 = COLOUR_RGB ( '',1.000000000000000000, 0.8000000000000000400, 0.3725490196078431500 ) ;
#3068 = FILL_AREA_STYLE ('',( #3057 ) ) ;
#3069 = DIRECTION ( 'NONE',  ( 0.0000000000000000000, -1.000000000000000000, 0.0000000000000000000 ) ) ;
#3070 = VECTOR ( 'NONE', #3069, 1000.000000000000000 ) ;
#3071 = CARTESIAN_POINT ( 'NONE',  ( 3.370000000000000600, 10.70000000000000100, -3.770000000000034700 ) ) ;
#3072 = LINE ( 'NONE', #3061, #3060 ) ;
#3073 = AXIS2_PLACEMENT_3D ( 'NONE', #3006, #3098, #3097 ) ;
#3074 = DIRECTION ( 'NONE',  ( -1.000000000000000000, 0.0000000000000000000, -0.0000000000000000000 ) ) ;
#3075 = DIRECTION ( 'NONE',  ( 0.0000000000000000000, 0.0000000000000000000, -1.000000000000000000 ) ) ;
#3076 = CARTESIAN_POINT ( 'NONE',  ( 3.370000000000000600, 10.70000000000000100, -3.770000000000034700 ) ) ;
#3077 = LINE ( 'NONE', #3071, #3070 ) ;
#3078 = CARTESIAN_POINT ( 'NONE',  ( 3.370000000000000600, 10.70000000000000100, -3.770000000000034700 ) ) ;
#3079 = LINE ( 'NONE', #3078, #3037 ) ;
#3080 = CARTESIAN_POINT ( 'NONE',  ( 3.670000000000000400, 10.70000000000000100, -3.770000000000034700 ) ) ;
#3081 =( GEOMETRIC_REPRESENTATION_CONTEXT ( 3 ) GLOBAL_UNCERTAINTY_ASSIGNED_CONTEXT ( ( #3082 ) ) GLOBAL_UNIT_ASSIGNED_CONTEXT ( ( #3026, #3084, #3083 ) ) REPRESENTATION_CONTEXT ( 'NONE', 'WORKASPACE' ) );
#3082 = UNCERTAINTY_MEASURE_WITH_UNIT (LENGTH_MEASURE( 1.000000000000000100E-005 ), #3026, 'distance_accuracy_value', 'NONE');
#3083 =( NAMED_UNIT ( * ) SI_UNIT ( $, .STERADIAN. ) SOLID_ANGLE_UNIT ( ) );
#3084 =( NAMED_UNIT ( * ) PLANE_ANGLE_UNIT ( ) SI_UNIT ( $, .RADIAN. ) );
#3085 =( NAMED_UNIT ( * ) PLANE_ANGLE_UNIT ( ) SI_UNIT ( $, .RADIAN. ) );
#3086 =( LENGTH_UNIT ( ) NAMED_UNIT ( * ) SI_UNIT ( .MILLI., .METRE. ) );
#3087 = MECHANICAL_DESIGN_GEOMETRIC_PRESENTATION_REPRESENTATION (  '', ( #3089 ), #3136 ) ;
#3088 = PRESENTATION_LAYER_ASSIGNMENT (  '', '', ( #3089 ) ) ;
#3089 = STYLED_ITEM ( 'NONE', ( #3090 ), #819 ) ;
#3090 = PRESENTATION_STYLE_ASSIGNMENT (( #3091 ) ) ;
#3091 = SURFACE_STYLE_USAGE ( .BOTH. , #3092 ) ;
#3092 = SURFACE_SIDE_STYLE ('',( #3093 ) ) ;
#3093 = SURFACE_STYLE_FILL_AREA ( #3062 ) ;
#3094 = CARTESIAN_POINT ( 'NONE',  ( 5.370000000000001000, 10.70000000000000100, -3.470000000000020600 ) ) ;
#3095 = LINE ( 'NONE', #3094, #3166 ) ;
#3096 = COLOUR_RGB ( '',1.000000000000000000, 0.8000000000000000400, 0.3725490196078431500 ) ;
#3097 = DIRECTION ( 'NONE',  ( -0.7071067811865489100, 0.7071067811865462400, 0.0000000000000000000 ) ) ;
#3098 = DIRECTION ( 'NONE',  ( 0.7071067811865462400, 0.7071067811865489100, 0.0000000000000000000 ) ) ;
#3099 = LINE ( 'NONE', #3123, #3122 ) ;
#3100 = FILL_AREA_STYLE_COLOUR ( '', #3096 ) ;
#3101 = PLANE ( 'NONE',  #3003 ) ;
#3102 =( GEOMETRIC_REPRESENTATION_CONTEXT ( 3 ) GLOBAL_UNCERTAINTY_ASSIGNED_CONTEXT ( ( #3103 ) ) GLOBAL_UNIT_ASSIGNED_CONTEXT ( ( #3106, #3105, #3104 ) ) REPRESENTATION_CONTEXT ( 'NONE', 'WORKASPACE' ) );
#3103 = UNCERTAINTY_MEASURE_WITH_UNIT (LENGTH_MEASURE( 1.000000000000000100E-005 ), #3106, 'distance_accuracy_value', 'NONE');
#3104 =( NAMED_UNIT ( * ) SI_UNIT ( $, .STERADIAN. ) SOLID_ANGLE_UNIT ( ) );
#3105 =( NAMED_UNIT ( * ) PLANE_ANGLE_UNIT ( ) SI_UNIT ( $, .RADIAN. ) );
#3106 =( LENGTH_UNIT ( ) NAMED_UNIT ( * ) SI_UNIT ( .MILLI., .METRE. ) );
#3107 = MECHANICAL_DESIGN_GEOMETRIC_PRESENTATION_REPRESENTATION (  '', ( #3109 ), #3102 ) ;
#3108 = PRESENTATION_LAYER_ASSIGNMENT (  '', '', ( #3109 ) ) ;
#3109 = STYLED_ITEM ( 'NONE', ( #3053 ), #815 ) ;
#3110 = SURFACE_SIDE_STYLE ('',( #3111 ) ) ;
#3111 = SURFACE_STYLE_FILL_AREA ( #3148 ) ;
#3112 = FILL_AREA_STYLE ('',( #3113 ) ) ;
#3113 = FILL_AREA_STYLE_COLOUR ( '', #3134 ) ;
#3114 = AXIS2_PLACEMENT_3D ( 'NONE', #3147, #3146, #3145 ) ;
#3115 = SURFACE_SIDE_STYLE ('',( #3116 ) ) ;
#3116 = SURFACE_STYLE_FILL_AREA ( #3112 ) ;
#3117 = DIRECTION ( 'NONE',  ( -1.000000000000000000, 0.0000000000000000000, 0.0000000000000000000 ) ) ;
#3118 = VECTOR ( 'NONE', #3117, 1000.000000000000000 ) ;
#3119 = CARTESIAN_POINT ( 'NONE',  ( 4.670000000000000800, 10.70000000000000100, -3.470000000000027700 ) ) ;
#3120 = LINE ( 'NONE', #3119, #3118 ) ;
#3121 = DIRECTION ( 'NONE',  ( 0.5773502691896264000, -0.5773502691896244000, 0.5773502691896264000 ) ) ;
#3122 = VECTOR ( 'NONE', #3121, 1000.000000000000100 ) ;
#3123 = CARTESIAN_POINT ( 'NONE',  ( 4.670000000000000800, 10.70000000000000100, -3.470000000000027700 ) ) ;
#3124 = PLANE ( 'NONE',  #3114 ) ;
#3125 = CARTESIAN_POINT ( 'NONE',  ( 4.670000000000000800, 10.70000000000000100, -3.770000000000027600 ) ) ;
#3126 = CARTESIAN_POINT ( 'NONE',  ( 3.670000000000000400, 10.70000000000000100, -3.470000000000034800 ) ) ;
#3127 = DIRECTION ( 'NONE',  ( -0.5773502691896264000, -0.5773502691896244000, -0.5773502691896264000 ) ) ;
#3128 = VECTOR ( 'NONE', #3127, 1000.000000000000100 ) ;
#3129 = CARTESIAN_POINT ( 'NONE',  ( 3.370000000000000600, 10.70000000000000100, -3.770000000000034700 ) ) ;
#3130 = LINE ( 'NONE', #3129, #3128 ) ;
#3131 = DIRECTION ( 'NONE',  ( -0.7071067811865489100, -0.7071067811865462400, 0.0000000000000000000 ) ) ;
#3132 = DIRECTION ( 'NONE',  ( -0.7071067811865462400, 0.7071067811865489100, 0.0000000000000000000 ) ) ;
#3133 = CARTESIAN_POINT ( 'NONE',  ( 3.370000000000000600, 10.70000000000000100, -3.770000000000034700 ) ) ;
#3134 = COLOUR_RGB ( '',1.000000000000000000, 0.8000000000000000400, 0.3725490196078431500 ) ;
#3135 = LINE ( 'NONE', #3165, #3164 ) ;
#3136 =( GEOMETRIC_REPRESENTATION_CONTEXT ( 3 ) GLOBAL_UNCERTAINTY_ASSIGNED_CONTEXT ( ( #3137 ) ) GLOBAL_UNIT_ASSIGNED_CONTEXT ( ( #3086, #3085, #3138 ) ) REPRESENTATION_CONTEXT ( 'NONE', 'WORKASPACE' ) );
#3137 = UNCERTAINTY_MEASURE_WITH_UNIT (LENGTH_MEASURE( 1.000000000000000100E-005 ), #3086, 'distance_accuracy_value', 'NONE');
#3138 =( NAMED_UNIT ( * ) SI_UNIT ( $, .STERADIAN. ) SOLID_ANGLE_UNIT ( ) );
#3139 = MECHANICAL_DESIGN_GEOMETRIC_PRESENTATION_REPRESENTATION (  '', ( #3141 ), #3189 ) ;
#3140 = PRESENTATION_LAYER_ASSIGNMENT (  '', '', ( #3141 ) ) ;
#3141 = STYLED_ITEM ( 'NONE', ( #3142 ), #839 ) ;
#3142 = PRESENTATION_STYLE_ASSIGNMENT (( #3143 ) ) ;
#3143 = SURFACE_STYLE_USAGE ( .BOTH. , #3110 ) ;
#3144 = COLOUR_RGB ( '',1.000000000000000000, 0.8000000000000000400, 0.3725490196078431500 ) ;
#3145 = DIRECTION ( 'NONE',  ( -0.7071067811865489100, 0.7071067811865462400, 0.0000000000000000000 ) ) ;
#3146 = DIRECTION ( 'NONE',  ( 0.7071067811865462400, 0.7071067811865489100, 0.0000000000000000000 ) ) ;
#3147 = CARTESIAN_POINT ( 'NONE',  ( 4.670000000000000800, 10.70000000000000100, -3.470000000000027700 ) ) ;
#3148 = FILL_AREA_STYLE ('',( #3160 ) ) ;
#3149 = DIRECTION ( 'NONE',  ( 0.0000000000000000000, -1.000000000000000000, 0.0000000000000000000 ) ) ;
#3150 =( GEOMETRIC_REPRESENTATION_CONTEXT ( 3 ) GLOBAL_UNCERTAINTY_ASSIGNED_CONTEXT ( ( #3151 ) ) GLOBAL_UNIT_ASSIGNED_CONTEXT ( ( #3154, #3153, #3152 ) ) REPRESENTATION_CONTEXT ( 'NONE', 'WORKASPACE' ) );
#3151 = UNCERTAINTY_MEASURE_WITH_UNIT (LENGTH_MEASURE( 1.000000000000000100E-005 ), #3154, 'distance_accuracy_value', 'NONE');
#3152 =( NAMED_UNIT ( * ) SI_UNIT ( $, .STERADIAN. ) SOLID_ANGLE_UNIT ( ) );
#3153 =( NAMED_UNIT ( * ) PLANE_ANGLE_UNIT ( ) SI_UNIT ( $, .RADIAN. ) );
#3154 =( LENGTH_UNIT ( ) NAMED_UNIT ( * ) SI_UNIT ( .MILLI., .METRE. ) );
#3155 = MECHANICAL_DESIGN_GEOMETRIC_PRESENTATION_REPRESENTATION (  '', ( #3157 ), #3150 ) ;
#3156 = PRESENTATION_LAYER_ASSIGNMENT (  '', '', ( #3157 ) ) ;
#3157 = STYLED_ITEM ( 'NONE', ( #3158 ), #835 ) ;
#3158 = PRESENTATION_STYLE_ASSIGNMENT (( #3159 ) ) ;
#3159 = SURFACE_STYLE_USAGE ( .BOTH. , #3115 ) ;
#3160 = FILL_AREA_STYLE_COLOUR ( '', #3144 ) ;
#3161 =( NAMED_UNIT ( * ) PLANE_ANGLE_UNIT ( ) SI_UNIT ( $, .RADIAN. ) );
#3162 = FACE_OUTER_BOUND ( 'NONE', #865, .T. ) ;
#3163 = DIRECTION ( 'NONE',  ( 0.5773502691896264000, -0.5773502691896244000, -0.5773502691896264000 ) ) ;
#3164 = VECTOR ( 'NONE', #3163, 1000.000000000000100 ) ;
#3165 = CARTESIAN_POINT ( 'NONE',  ( 4.670000000000000800, 10.70000000000000100, -3.770000000000027600 ) ) ;
#3166 = VECTOR ( 'NONE', #3149, 1000.000000000000000 ) ;
#3167 = FACE_OUTER_BOUND ( 'NONE', #858, .T. ) ;
#3168 = DIRECTION ( 'NONE',  ( -0.5773502691896264000, -0.5773502691896244000, -0.5773502691896264000 ) ) ;
#3169 = VECTOR ( 'NONE', #3168, 1000.000000000000100 ) ;
#3170 = CARTESIAN_POINT ( 'NONE',  ( 4.370000000000001000, 10.70000000000000100, -3.770000000000027600 ) ) ;
#3171 = SURFACE_STYLE_USAGE ( .BOTH. , #3172 ) ;
#3172 = SURFACE_SIDE_STYLE ('',( #3173 ) ) ;
#3173 = SURFACE_STYLE_FILL_AREA ( #3218 ) ;
#3174 = PLANE ( 'NONE',  #3213 ) ;
#3175 = DIRECTION ( 'NONE',  ( -0.5773502691896264000, -0.5773502691896244000, 0.5773502691896264000 ) ) ;
#3176 = VECTOR ( 'NONE', #3175, 1000.000000000000100 ) ;
#3177 = CARTESIAN_POINT ( 'NONE',  ( 4.670000000000000800, 10.70000000000000100, -3.770000000000027600 ) ) ;
#3178 = LINE ( 'NONE', #3177, #3221 ) ;
#3179 = CARTESIAN_POINT ( 'NONE',  ( 4.520000000000000500, 10.85000000000000000, -3.620000000000027600 ) ) ;
#3180 = CARTESIAN_POINT ( 'NONE',  ( 4.370000000000001000, 10.70000000000000100, -3.470000000000027700 ) ) ;
#3181 = LINE ( 'NONE', #3180, #3176 ) ;
#3182 = CARTESIAN_POINT ( 'NONE',  ( 4.370000000000001000, 10.70000000000000100, -3.770000000000027600 ) ) ;
#3183 = DIRECTION ( 'NONE',  ( -0.7071067811865489100, -0.7071067811865462400, 0.0000000000000000000 ) ) ;
#3184 = DIRECTION ( 'NONE',  ( -0.7071067811865462400, 0.7071067811865489100, 0.0000000000000000000 ) ) ;
#3185 = CARTESIAN_POINT ( 'NONE',  ( 4.370000000000001000, 10.70000000000000100, -3.770000000000027600 ) ) ;
#3186 = AXIS2_PLACEMENT_3D ( 'NONE', #3185, #3184, #3183 ) ;
#3187 = LINE ( 'NONE', #3170, #3169 ) ;
#3188 = PLANE ( 'NONE',  #3186 ) ;
#3189 =( GEOMETRIC_REPRESENTATION_CONTEXT ( 3 ) GLOBAL_UNCERTAINTY_ASSIGNED_CONTEXT ( ( #3190 ) ) GLOBAL_UNIT_ASSIGNED_CONTEXT ( ( #2710, #2696, #2921 ) ) REPRESENTATION_CONTEXT ( 'NONE', 'WORKASPACE' ) );
#3190 = UNCERTAINTY_MEASURE_WITH_UNIT (LENGTH_MEASURE( 1.000000000000000100E-005 ), #2710, 'distance_accuracy_value', 'NONE');
#3191 = PLANE ( 'NONE',  #3222 ) ;
#3192 = FACE_OUTER_BOUND ( 'NONE', #891, .T. ) ;
#3193 =( GEOMETRIC_REPRESENTATION_CONTEXT ( 3 ) GLOBAL_UNCERTAINTY_ASSIGNED_CONTEXT ( ( #3194 ) ) GLOBAL_UNIT_ASSIGNED_CONTEXT ( ( #3197, #3196, #3195 ) ) REPRESENTATION_CONTEXT ( 'NONE', 'WORKASPACE' ) );
#3194 = UNCERTAINTY_MEASURE_WITH_UNIT (LENGTH_MEASURE( 1.000000000000000100E-005 ), #3197, 'distance_accuracy_value', 'NONE');
#3195 =( NAMED_UNIT ( * ) SI_UNIT ( $, .STERADIAN. ) SOLID_ANGLE_UNIT ( ) );
#3196 =( NAMED_UNIT ( * ) PLANE_ANGLE_UNIT ( ) SI_UNIT ( $, .RADIAN. ) );
#3197 =( LENGTH_UNIT ( ) NAMED_UNIT ( * ) SI_UNIT ( .MILLI., .METRE. ) );
#3198 = MECHANICAL_DESIGN_GEOMETRIC_PRESENTATION_REPRESENTATION (  '', ( #3200 ), #3193 ) ;
#3199 = PRESENTATION_LAYER_ASSIGNMENT (  '', '', ( #3200 ) ) ;
#3200 = STYLED_ITEM ( 'NONE', ( #3201 ), #861 ) ;
#3201 = PRESENTATION_STYLE_ASSIGNMENT (( #3171 ) ) ;
#3202 = FILL_AREA_STYLE ('',( #3243 ) ) ;
#3203 = COLOUR_RGB ( '',1.000000000000000000, 0.8000000000000000400, 0.3725490196078431500 ) ;
#3204 = FILL_AREA_STYLE_COLOUR ( '', #3205 ) ;
#3205 = COLOUR_RGB ( '',1.000000000000000000, 0.8000000000000000400, 0.3725490196078431500 ) ;
#3206 = CARTESIAN_POINT ( 'NONE',  ( 4.670000000000000800, 10.70000000000000100, -3.470000000000027700 ) ) ;
#3207 = CARTESIAN_POINT ( 'NONE',  ( 4.370000000000001000, 10.70000000000000100, -3.470000000000027700 ) ) ;
#3208 = DIRECTION ( 'NONE',  ( 0.0000000000000000000, -1.000000000000000000, 0.0000000000000000000 ) ) ;
#3209 = VECTOR ( 'NONE', #3208, 1000.000000000000000 ) ;
#3210 = CARTESIAN_POINT ( 'NONE',  ( 3.370000000000000600, 10.70000000000000100, -3.470000000000034800 ) ) ;
#3211 = LINE ( 'NONE', #3210, #3209 ) ;
#3212 = CARTESIAN_POINT ( 'NONE',  ( 4.670000000000000800, 10.70000000000000100, -3.470000000000027700 ) ) ;
#3213 = AXIS2_PLACEMENT_3D ( 'NONE', #3249, #3248, #3247 ) ;
#3214 = DIRECTION ( 'NONE',  ( 0.0000000000000000000, 0.0000000000000000000, -1.000000000000000000 ) ) ;
#3215 = VECTOR ( 'NONE', #3214, 1000.000000000000000 ) ;
#3216 = CARTESIAN_POINT ( 'NONE',  ( 4.370000000000001000, 10.70000000000000100, -3.470000000000027700 ) ) ;
#3217 = LINE ( 'NONE', #3216, #3215 ) ;
#3218 = FILL_AREA_STYLE ('',( #3204 ) ) ;
#3219 = AXIS2_PLACEMENT_3D ( 'NONE', #3224, #3305, #3304 ) ;
#3220 = DIRECTION ( 'NONE',  ( 0.0000000000000000000, 0.0000000000000000000, 1.000000000000000000 ) ) ;
#3221 = VECTOR ( 'NONE', #3220, 1000.000000000000000 ) ;
#3222 = AXIS2_PLACEMENT_3D ( 'NONE', #3206, #3280, #3279 ) ;
#3223 = LINE ( 'NONE', #3276, #3275 ) ;
#3224 = CARTESIAN_POINT ( 'NONE',  ( 4.370000000000001000, 10.70000000000000100, -3.470000000000027700 ) ) ;
#3225 = CARTESIAN_POINT ( 'NONE',  ( 5.520000000000000500, 10.85000000000000000, -3.620000000000021000 ) ) ;
#3226 = PLANE ( 'NONE',  #3219 ) ;
#3227 =( GEOMETRIC_REPRESENTATION_CONTEXT ( 3 ) GLOBAL_UNCERTAINTY_ASSIGNED_CONTEXT ( ( #3228 ) ) GLOBAL_UNIT_ASSIGNED_CONTEXT ( ( #3231, #3230, #3229 ) ) REPRESENTATION_CONTEXT ( 'NONE', 'WORKASPACE' ) );
#3228 = UNCERTAINTY_MEASURE_WITH_UNIT (LENGTH_MEASURE( 1.000000000000000100E-005 ), #3231, 'distance_accuracy_value', 'NONE');
#3229 =( NAMED_UNIT ( * ) SI_UNIT ( $, .STERADIAN. ) SOLID_ANGLE_UNIT ( ) );
#3230 =( NAMED_UNIT ( * ) PLANE_ANGLE_UNIT ( ) SI_UNIT ( $, .RADIAN. ) );
#3231 =( LENGTH_UNIT ( ) NAMED_UNIT ( * ) SI_UNIT ( .MILLI., .METRE. ) );
#3232 = MECHANICAL_DESIGN_GEOMETRIC_PRESENTATION_REPRESENTATION (  '', ( #3234 ), #3227 ) ;
#3233 = PRESENTATION_LAYER_ASSIGNMENT (  '', '', ( #3234 ) ) ;
#3234 = STYLED_ITEM ( 'NONE', ( #3235 ), #868 ) ;
#3235 = PRESENTATION_STYLE_ASSIGNMENT (( #3236 ) ) ;
#3236 = SURFACE_STYLE_USAGE ( .BOTH. , #3237 ) ;
#3237 = SURFACE_SIDE_STYLE ('',( #3238 ) ) ;
#3238 = SURFACE_STYLE_FILL_AREA ( #3202 ) ;
#3239 = FACE_OUTER_BOUND ( 'NONE', #871, .T. ) ;
#3240 = FILL_AREA_STYLE_COLOUR ( '', #3203 ) ;
#3241 = DIRECTION ( 'NONE',  ( 1.000000000000000000, 0.0000000000000000000, 0.0000000000000000000 ) ) ;
#3242 = VECTOR ( 'NONE', #3241, 1000.000000000000000 ) ;
#3243 = FILL_AREA_STYLE_COLOUR ( '', #3244 ) ;
#3244 = COLOUR_RGB ( '',1.000000000000000000, 0.8000000000000000400, 0.3725490196078431500 ) ;
#3245 = CARTESIAN_POINT ( 'NONE',  ( 4.370000000000001000, 10.70000000000000100, -3.770000000000027600 ) ) ;
#3246 = LINE ( 'NONE', #3245, #3242 ) ;
#3247 = DIRECTION ( 'NONE',  ( -0.0000000000000000000, 0.0000000000000000000, 1.000000000000000000 ) ) ;
#3248 = DIRECTION ( 'NONE',  ( -1.000000000000000000, 0.0000000000000000000, -0.0000000000000000000 ) ) ;
#3249 = CARTESIAN_POINT ( 'NONE',  ( 3.370000000000000600, 10.70000000000000100, -3.470000000000034800 ) ) ;
#3250 = CARTESIAN_POINT ( 'NONE',  ( 4.670000000000000800, 10.70000000000000100, -3.470000000000027700 ) ) ;
#3251 = LINE ( 'NONE', #3250, #3328 ) ;
#3252 = AXIS2_PLACEMENT_3D ( 'NONE', #3312, #3311, #3310 ) ;
#3253 = FILL_AREA_STYLE_COLOUR ( '', #3300 ) ;
#3254 = AXIS2_PLACEMENT_3D ( 'NONE', #3307, #3282, #3281 ) ;
#3255 =( GEOMETRIC_REPRESENTATION_CONTEXT ( 3 ) GLOBAL_UNCERTAINTY_ASSIGNED_CONTEXT ( ( #3256 ) ) GLOBAL_UNIT_ASSIGNED_CONTEXT ( ( #3259, #3258, #3257 ) ) REPRESENTATION_CONTEXT ( 'NONE', 'WORKASPACE' ) );
#3256 = UNCERTAINTY_MEASURE_WITH_UNIT (LENGTH_MEASURE( 1.000000000000000100E-005 ), #3259, 'distance_accuracy_value', 'NONE');
#3257 =( NAMED_UNIT ( * ) SI_UNIT ( $, .STERADIAN. ) SOLID_ANGLE_UNIT ( ) );
#3258 =( NAMED_UNIT ( * ) PLANE_ANGLE_UNIT ( ) SI_UNIT ( $, .RADIAN. ) );
#3259 =( LENGTH_UNIT ( ) NAMED_UNIT ( * ) SI_UNIT ( .MILLI., .METRE. ) );
#3260 = MECHANICAL_DESIGN_GEOMETRIC_PRESENTATION_REPRESENTATION (  '', ( #3262 ), #3255 ) ;
#3261 = PRESENTATION_LAYER_ASSIGNMENT (  '', '', ( #3262 ) ) ;
#3262 = STYLED_ITEM ( 'NONE', ( #3263 ), #876 ) ;
#3263 = PRESENTATION_STYLE_ASSIGNMENT (( #3277 ) ) ;
#3264 = DIRECTION ( 'NONE',  ( 0.0000000000000000000, 0.0000000000000000000, 1.000000000000000000 ) ) ;
#3265 = CARTESIAN_POINT ( 'NONE',  ( 5.670000000000000800, 10.70000000000000100, -3.770000000000020900 ) ) ;
#3266 = FACE_OUTER_BOUND ( 'NONE', #895, .T. ) ;
#3267 = DIRECTION ( 'NONE',  ( 0.0000000000000000000, -1.000000000000000000, 0.0000000000000000000 ) ) ;
#3268 = VECTOR ( 'NONE', #3267, 1000.000000000000000 ) ;
#3269 = CARTESIAN_POINT ( 'NONE',  ( 4.370000000000001000, 10.70000000000000100, -3.470000000000027700 ) ) ;
#3270 = LINE ( 'NONE', #3269, #3268 ) ;
#3271 = AXIS2_PLACEMENT_3D ( 'NONE', #3339, #3338, #3337 ) ;
#3272 = SURFACE_STYLE_FILL_AREA ( #3273 ) ;
#3273 = FILL_AREA_STYLE ('',( #3240 ) ) ;
#3274 = DIRECTION ( 'NONE',  ( 0.0000000000000000000, 0.0000000000000000000, -1.000000000000000000 ) ) ;
#3275 = VECTOR ( 'NONE', #3274, 1000.000000000000000 ) ;
#3276 = CARTESIAN_POINT ( 'NONE',  ( 5.370000000000001000, 10.70000000000000100, -3.470000000000020600 ) ) ;
#3277 = SURFACE_STYLE_USAGE ( .BOTH. , #3278 ) ;
#3278 = SURFACE_SIDE_STYLE ('',( #3272 ) ) ;
#3279 = DIRECTION ( 'NONE',  ( 1.000000000000000000, 0.0000000000000000000, -0.0000000000000000000 ) ) ;
#3280 = DIRECTION ( 'NONE',  ( 0.0000000000000000000, 0.0000000000000000000, 1.000000000000000000 ) ) ;
#3281 = DIRECTION ( 'NONE',  ( -0.0000000000000000000, 0.0000000000000000000, -1.000000000000000000 ) ) ;
#3282 = DIRECTION ( 'NONE',  ( 1.000000000000000000, 0.0000000000000000000, -0.0000000000000000000 ) ) ;
#3283 = FILL_AREA_STYLE_COLOUR ( '', #3309 ) ;
#3284 = PLANE ( 'NONE',  #3252 ) ;
#3285 = LINE ( 'NONE', #3359, #3358 ) ;
#3286 = FACE_OUTER_BOUND ( 'NONE', #834, .T. ) ;
#3287 =( GEOMETRIC_REPRESENTATION_CONTEXT ( 3 ) GLOBAL_UNCERTAINTY_ASSIGNED_CONTEXT ( ( #3288 ) ) GLOBAL_UNIT_ASSIGNED_CONTEXT ( ( #3291, #3290, #3289 ) ) REPRESENTATION_CONTEXT ( 'NONE', 'WORKASPACE' ) );
#3288 = UNCERTAINTY_MEASURE_WITH_UNIT (LENGTH_MEASURE( 1.000000000000000100E-005 ), #3291, 'distance_accuracy_value', 'NONE');
#3289 =( NAMED_UNIT ( * ) SI_UNIT ( $, .STERADIAN. ) SOLID_ANGLE_UNIT ( ) );
#3290 =( NAMED_UNIT ( * ) PLANE_ANGLE_UNIT ( ) SI_UNIT ( $, .RADIAN. ) );
#3291 =( LENGTH_UNIT ( ) NAMED_UNIT ( * ) SI_UNIT ( .MILLI., .METRE. ) );
#3292 = MECHANICAL_DESIGN_GEOMETRIC_PRESENTATION_REPRESENTATION (  '', ( #3294 ), #3287 ) ;
#3293 = PRESENTATION_LAYER_ASSIGNMENT (  '', '', ( #3294 ) ) ;
#3294 = STYLED_ITEM ( 'NONE', ( #3295 ), #887 ) ;
#3295 = PRESENTATION_STYLE_ASSIGNMENT (( #3296 ) ) ;
#3296 = SURFACE_STYLE_USAGE ( .BOTH. , #3297 ) ;
#3297 = SURFACE_SIDE_STYLE ('',( #3298 ) ) ;
#3298 = SURFACE_STYLE_FILL_AREA ( #3299 ) ;
#3299 = FILL_AREA_STYLE ('',( #3253 ) ) ;
#3300 = COLOUR_RGB ( '',1.000000000000000000, 0.8000000000000000400, 0.3725490196078431500 ) ;
#3301 = VECTOR ( 'NONE', #3264, 1000.000000000000000 ) ;
#3302 = PLANE ( 'NONE',  #3254 ) ;
#3303 = COLOUR_RGB ( '',1.000000000000000000, 0.8000000000000000400, 0.3725490196078431500 ) ;
#3304 = DIRECTION ( 'NONE',  ( -0.0000000000000000000, 0.0000000000000000000, 1.000000000000000000 ) ) ;
#3305 = DIRECTION ( 'NONE',  ( -1.000000000000000000, 0.0000000000000000000, -0.0000000000000000000 ) ) ;
#3306 = LINE ( 'NONE', #3265, #3301 ) ;
#3307 = CARTESIAN_POINT ( 'NONE',  ( 4.670000000000000800, 10.70000000000000100, -3.770000000000027600 ) ) ;
#3308 = FACE_OUTER_BOUND ( 'NONE', #896, .T. ) ;
#3309 = COLOUR_RGB ( '',1.000000000000000000, 0.8000000000000000400, 0.3725490196078431500 ) ;
#3310 = DIRECTION ( 'NONE',  ( 0.0000000000000000000, 0.7071067811865462400, 0.7071067811865489100 ) ) ;
#3311 = DIRECTION ( 'NONE',  ( 0.0000000000000000000, 0.7071067811865489100, -0.7071067811865462400 ) ) ;
#3312 = CARTESIAN_POINT ( 'NONE',  ( 4.670000000000000800, 10.70000000000000100, -3.770000000000027600 ) ) ;
#3313 =( GEOMETRIC_REPRESENTATION_CONTEXT ( 3 ) GLOBAL_UNCERTAINTY_ASSIGNED_CONTEXT ( ( #3314 ) ) GLOBAL_UNIT_ASSIGNED_CONTEXT ( ( #3317, #3316, #3315 ) ) REPRESENTATION_CONTEXT ( 'NONE', 'WORKASPACE' ) );
#3314 = UNCERTAINTY_MEASURE_WITH_UNIT (LENGTH_MEASURE( 1.000000000000000100E-005 ), #3317, 'distance_accuracy_value', 'NONE');
#3315 =( NAMED_UNIT ( * ) SI_UNIT ( $, .STERADIAN. ) SOLID_ANGLE_UNIT ( ) );
#3316 =( NAMED_UNIT ( * ) PLANE_ANGLE_UNIT ( ) SI_UNIT ( $, .RADIAN. ) );
#3317 =( LENGTH_UNIT ( ) NAMED_UNIT ( * ) SI_UNIT ( .MILLI., .METRE. ) );
#3318 = MECHANICAL_DESIGN_GEOMETRIC_PRESENTATION_REPRESENTATION (  '', ( #3320 ), #3313 ) ;
#3319 = PRESENTATION_LAYER_ASSIGNMENT (  '', '', ( #3320 ) ) ;
#3320 = STYLED_ITEM ( 'NONE', ( #3321 ), #897 ) ;
#3321 = PRESENTATION_STYLE_ASSIGNMENT (( #3322 ) ) ;
#3322 = SURFACE_STYLE_USAGE ( .BOTH. , #3323 ) ;
#3323 = SURFACE_SIDE_STYLE ('',( #3324 ) ) ;
#3324 = SURFACE_STYLE_FILL_AREA ( #3331 ) ;
#3325 = LINE ( 'NONE', #3382, #3381 ) ;
#3326 = AXIS2_PLACEMENT_3D ( 'NONE', #3365, #3364, #3363 ) ;
#3327 = DIRECTION ( 'NONE',  ( 0.0000000000000000000, -1.000000000000000000, 0.0000000000000000000 ) ) ;
#3328 = VECTOR ( 'NONE', #3327, 1000.000000000000000 ) ;
#3329 = FILL_AREA_STYLE_COLOUR ( '', #3303 ) ;
#3330 = FACE_OUTER_BOUND ( 'NONE', #850, .T. ) ;
#3331 = FILL_AREA_STYLE ('',( #3329 ) ) ;
#3332 = FILL_AREA_STYLE_COLOUR ( '', #3378 ) ;
#3333 = FILL_AREA_STYLE ('',( #3332 ) ) ;
#3334 = DIRECTION ( 'NONE',  ( 0.0000000000000000000, -1.000000000000000000, 0.0000000000000000000 ) ) ;
#3335 = VECTOR ( 'NONE', #3334, 1000.000000000000000 ) ;
#3336 =( NAMED_UNIT ( * ) SI_UNIT ( $, .STERADIAN. ) SOLID_ANGLE_UNIT ( ) );
#3337 = DIRECTION ( 'NONE',  ( -1.000000000000000000, 0.0000000000000000000, -0.0000000000000000000 ) ) ;
#3338 = DIRECTION ( 'NONE',  ( 0.0000000000000000000, 0.0000000000000000000, -1.000000000000000000 ) ) ;
#3339 = CARTESIAN_POINT ( 'NONE',  ( 4.370000000000001000, 10.70000000000000100, -3.770000000000027600 ) ) ;
#3340 = LINE ( 'NONE', #3341, #3335 ) ;
#3341 = CARTESIAN_POINT ( 'NONE',  ( 4.370000000000001000, 10.70000000000000100, -3.770000000000027600 ) ) ;
#3342 = SURFACE_STYLE_FILL_AREA ( #3333 ) ;
#3343 =( GEOMETRIC_REPRESENTATION_CONTEXT ( 3 ) GLOBAL_UNCERTAINTY_ASSIGNED_CONTEXT ( ( #3344 ) ) GLOBAL_UNIT_ASSIGNED_CONTEXT ( ( #3347, #3346, #3345 ) ) REPRESENTATION_CONTEXT ( 'NONE', 'WORKASPACE' ) );
#3344 = UNCERTAINTY_MEASURE_WITH_UNIT (LENGTH_MEASURE( 1.000000000000000100E-005 ), #3347, 'distance_accuracy_value', 'NONE');
#3345 =( NAMED_UNIT ( * ) SI_UNIT ( $, .STERADIAN. ) SOLID_ANGLE_UNIT ( ) );
#3346 =( NAMED_UNIT ( * ) PLANE_ANGLE_UNIT ( ) SI_UNIT ( $, .RADIAN. ) );
#3347 =( LENGTH_UNIT ( ) NAMED_UNIT ( * ) SI_UNIT ( .MILLI., .METRE. ) );
#3348 = MECHANICAL_DESIGN_GEOMETRIC_PRESENTATION_REPRESENTATION (  '', ( #3350 ), #3343 ) ;
#3349 = PRESENTATION_LAYER_ASSIGNMENT (  '', '', ( #3350 ) ) ;
#3350 = STYLED_ITEM ( 'NONE', ( #3351 ), #901 ) ;
#3351 = PRESENTATION_STYLE_ASSIGNMENT (( #3352 ) ) ;
#3352 = SURFACE_STYLE_USAGE ( .BOTH. , #3353 ) ;
#3353 = SURFACE_SIDE_STYLE ('',( #3354 ) ) ;
#3354 = SURFACE_STYLE_FILL_AREA ( #3355 ) ;
#3355 = FILL_AREA_STYLE ('',( #3283 ) ) ;
#3356 = PLANE ( 'NONE',  #3271 ) ;
#3357 = DIRECTION ( 'NONE',  ( -1.000000000000000000, 0.0000000000000000000, 0.0000000000000000000 ) ) ;
#3358 = VECTOR ( 'NONE', #3357, 1000.000000000000000 ) ;
#3359 = CARTESIAN_POINT ( 'NONE',  ( 5.670000000000000800, 10.70000000000000100, -3.470000000000020600 ) ) ;
#3360 = DIRECTION ( 'NONE',  ( 0.0000000000000000000, -1.000000000000000000, 0.0000000000000000000 ) ) ;
#3361 = VECTOR ( 'NONE', #3360, 1000.000000000000000 ) ;
#3362 = CARTESIAN_POINT ( 'NONE',  ( 5.670000000000000800, 10.70000000000000100, -3.470000000000020600 ) ) ;
#3363 = DIRECTION ( 'NONE',  ( 0.0000000000000000000, -0.7071067811865462400, 0.7071067811865489100 ) ) ;
#3364 = DIRECTION ( 'NONE',  ( 0.0000000000000000000, 0.7071067811865489100, 0.7071067811865462400 ) ) ;
#3365 = CARTESIAN_POINT ( 'NONE',  ( 4.370000000000001000, 10.70000000000000100, -3.470000000000027700 ) ) ;
#3366 = LINE ( 'NONE', #3362, #3361 ) ;
#3367 =( GEOMETRIC_REPRESENTATION_CONTEXT ( 3 ) GLOBAL_UNCERTAINTY_ASSIGNED_CONTEXT ( ( #3368 ) ) GLOBAL_UNIT_ASSIGNED_CONTEXT ( ( #3371, #3370, #3369 ) ) REPRESENTATION_CONTEXT ( 'NONE', 'WORKASPACE' ) );
#3368 = UNCERTAINTY_MEASURE_WITH_UNIT (LENGTH_MEASURE( 1.000000000000000100E-005 ), #3371, 'distance_accuracy_value', 'NONE');
#3369 =( NAMED_UNIT ( * ) SI_UNIT ( $, .STERADIAN. ) SOLID_ANGLE_UNIT ( ) );
#3370 =( NAMED_UNIT ( * ) PLANE_ANGLE_UNIT ( ) SI_UNIT ( $, .RADIAN. ) );
#3371 =( LENGTH_UNIT ( ) NAMED_UNIT ( * ) SI_UNIT ( .MILLI., .METRE. ) );
#3372 = MECHANICAL_DESIGN_GEOMETRIC_PRESENTATION_REPRESENTATION (  '', ( #3374 ), #3367 ) ;
#3373 = PRESENTATION_LAYER_ASSIGNMENT (  '', '', ( #3374 ) ) ;
#3374 = STYLED_ITEM ( 'NONE', ( #3375 ), #904 ) ;
#3375 = PRESENTATION_STYLE_ASSIGNMENT (( #3376 ) ) ;
#3376 = SURFACE_STYLE_USAGE ( .BOTH. , #3377 ) ;
#3377 = SURFACE_SIDE_STYLE ('',( #3342 ) ) ;
#3378 = COLOUR_RGB ( '',1.000000000000000000, 0.8000000000000000400, 0.3725490196078431500 ) ;
#3379 = PLANE ( 'NONE',  #3326 ) ;
#3380 = DIRECTION ( 'NONE',  ( 0.0000000000000000000, -1.000000000000000000, 0.0000000000000000000 ) ) ;
#3381 = VECTOR ( 'NONE', #3380, 1000.000000000000000 ) ;
#3382 = CARTESIAN_POINT ( 'NONE',  ( 4.670000000000000800, 10.70000000000000100, -3.770000000000027600 ) ) ;
#3383 = UNCERTAINTY_MEASURE_WITH_UNIT (LENGTH_MEASURE( 1.000000000000000100E-005 ), #3800, 'distance_accuracy_value', 'NONE');
#3384 =( NAMED_UNIT ( * ) SI_UNIT ( $, .STERADIAN. ) SOLID_ANGLE_UNIT ( ) );
#3385 =( NAMED_UNIT ( * ) PLANE_ANGLE_UNIT ( ) SI_UNIT ( $, .RADIAN. ) );
#3386 =( LENGTH_UNIT ( ) NAMED_UNIT ( * ) SI_UNIT ( .MILLI., .METRE. ) );
#3387 = MECHANICAL_DESIGN_GEOMETRIC_PRESENTATION_REPRESENTATION (  '', ( #3389 ), #3435 ) ;
#3388 = PRESENTATION_LAYER_ASSIGNMENT (  '', '', ( #3389 ) ) ;
#3389 = STYLED_ITEM ( 'NONE', ( #3406 ), #917 ) ;
#3390 = AXIS2_PLACEMENT_3D ( 'NONE', #3431, #3430, #3429 ) ;
#3391 = PLANE ( 'NONE',  #3390 ) ;
#3392 = FILL_AREA_STYLE_COLOUR ( '', #3433 ) ;
#3393 = SURFACE_SIDE_STYLE ('',( #3394 ) ) ;
#3394 = SURFACE_STYLE_FILL_AREA ( #3408 ) ;
#3395 = FACE_OUTER_BOUND ( 'NONE', #914, .T. ) ;
#3396 = FACE_OUTER_BOUND ( 'NONE', #916, .T. ) ;
#3397 = DIRECTION ( 'NONE',  ( 0.0000000000000000000, -1.000000000000000000, 0.0000000000000000000 ) ) ;
#3398 = VECTOR ( 'NONE', #3397, 1000.000000000000000 ) ;
#3399 = CARTESIAN_POINT ( 'NONE',  ( 5.670000000000000800, 10.70000000000000100, -3.770000000000020900 ) ) ;
#3400 = LINE ( 'NONE', #3399, #3398 ) ;
#3401 = COLOUR_RGB ( '',1.000000000000000000, 0.8000000000000000400, 0.3725490196078431500 ) ;
#3402 = DIRECTION ( 'NONE',  ( 1.000000000000000000, 0.0000000000000000000, 0.0000000000000000000 ) ) ;
#3403 = VECTOR ( 'NONE', #3402, 1000.000000000000000 ) ;
#3404 = CARTESIAN_POINT ( 'NONE',  ( 5.370000000000001000, 10.70000000000000100, -3.770000000000020900 ) ) ;
#3405 = LINE ( 'NONE', #3404, #3403 ) ;
#3406 = PRESENTATION_STYLE_ASSIGNMENT (( #3407 ) ) ;
#3407 = SURFACE_STYLE_USAGE ( .BOTH. , #3393 ) ;
#3408 = FILL_AREA_STYLE ('',( #3413 ) ) ;
#3409 = DIRECTION ( 'NONE',  ( 0.5773502691896264000, -0.5773502691896244000, -0.5773502691896264000 ) ) ;
#3410 = VECTOR ( 'NONE', #3409, 1000.000000000000100 ) ;
#3411 = CARTESIAN_POINT ( 'NONE',  ( 5.670000000000000800, 10.70000000000000100, -3.770000000000020900 ) ) ;
#3412 = LINE ( 'NONE', #3411, #3410 ) ;
#3413 = FILL_AREA_STYLE_COLOUR ( '', #3401 ) ;
#3414 = FILL_AREA_STYLE ('',( #3439 ) ) ;
#3415 =( GEOMETRIC_REPRESENTATION_CONTEXT ( 3 ) GLOBAL_UNCERTAINTY_ASSIGNED_CONTEXT ( ( #3416 ) ) GLOBAL_UNIT_ASSIGNED_CONTEXT ( ( #3419, #3418, #3417 ) ) REPRESENTATION_CONTEXT ( 'NONE', 'WORKASPACE' ) );
#3416 = UNCERTAINTY_MEASURE_WITH_UNIT (LENGTH_MEASURE( 1.000000000000000100E-005 ), #3419, 'distance_accuracy_value', 'NONE');
#3417 =( NAMED_UNIT ( * ) SI_UNIT ( $, .STERADIAN. ) SOLID_ANGLE_UNIT ( ) );
#3418 =( NAMED_UNIT ( * ) PLANE_ANGLE_UNIT ( ) SI_UNIT ( $, .RADIAN. ) );
#3419 =( LENGTH_UNIT ( ) NAMED_UNIT ( * ) SI_UNIT ( .MILLI., .METRE. ) );
#3420 = MECHANICAL_DESIGN_GEOMETRIC_PRESENTATION_REPRESENTATION (  '', ( #3422 ), #3415 ) ;
#3421 = PRESENTATION_LAYER_ASSIGNMENT (  '', '', ( #3422 ) ) ;
#3422 = STYLED_ITEM ( 'NONE', ( #3423 ), #922 ) ;
#3423 = PRESENTATION_STYLE_ASSIGNMENT (( #3424 ) ) ;
#3424 = SURFACE_STYLE_USAGE ( .BOTH. , #3425 ) ;
#3425 = SURFACE_SIDE_STYLE ('',( #3426 ) ) ;
#3426 = SURFACE_STYLE_FILL_AREA ( #3427 ) ;
#3427 = FILL_AREA_STYLE ('',( #3392 ) ) ;
#3428 = AXIS2_PLACEMENT_3D ( 'NONE', #3497, #3496, #3495 ) ;
#3429 = DIRECTION ( 'NONE',  ( 0.0000000000000000000, 0.7071067811865462400, 0.7071067811865489100 ) ) ;
#3430 = DIRECTION ( 'NONE',  ( 0.0000000000000000000, 0.7071067811865489100, -0.7071067811865462400 ) ) ;
#3431 = CARTESIAN_POINT ( 'NONE',  ( 5.670000000000000800, 10.70000000000000100, -3.770000000000020900 ) ) ;
#3432 = CARTESIAN_POINT ( 'NONE',  ( 5.670000000000000800, 10.70000000000000100, -3.470000000000020600 ) ) ;
#3433 = COLOUR_RGB ( '',1.000000000000000000, 0.8000000000000000400, 0.3725490196078431500 ) ;
#3434 = PLANE ( 'NONE',  #3464 ) ;
#3435 =( GEOMETRIC_REPRESENTATION_CONTEXT ( 3 ) GLOBAL_UNCERTAINTY_ASSIGNED_CONTEXT ( ( #3436 ) ) GLOBAL_UNIT_ASSIGNED_CONTEXT ( ( #3386, #3385, #3384 ) ) REPRESENTATION_CONTEXT ( 'NONE', 'WORKASPACE' ) );
#3436 = UNCERTAINTY_MEASURE_WITH_UNIT (LENGTH_MEASURE( 1.000000000000000100E-005 ), #3386, 'distance_accuracy_value', 'NONE');
#3437 = FACE_OUTER_BOUND ( 'NONE', #877, .T. ) ;
#3438 = CARTESIAN_POINT ( 'NONE',  ( 5.670000000000000800, 10.70000000000000100, -3.770000000000020900 ) ) ;
#3439 = FILL_AREA_STYLE_COLOUR ( '', #3455 ) ;
#3440 = PLANE ( 'NONE',  #3489 ) ;
#3441 =( GEOMETRIC_REPRESENTATION_CONTEXT ( 3 ) GLOBAL_UNCERTAINTY_ASSIGNED_CONTEXT ( ( #3442 ) ) GLOBAL_UNIT_ASSIGNED_CONTEXT ( ( #3445, #3444, #3443 ) ) REPRESENTATION_CONTEXT ( 'NONE', 'WORKASPACE' ) );
#3442 = UNCERTAINTY_MEASURE_WITH_UNIT (LENGTH_MEASURE( 1.000000000000000100E-005 ), #3445, 'distance_accuracy_value', 'NONE');
#3443 =( NAMED_UNIT ( * ) SI_UNIT ( $, .STERADIAN. ) SOLID_ANGLE_UNIT ( ) );
#3444 =( NAMED_UNIT ( * ) PLANE_ANGLE_UNIT ( ) SI_UNIT ( $, .RADIAN. ) );
#3445 =( LENGTH_UNIT ( ) NAMED_UNIT ( * ) SI_UNIT ( .MILLI., .METRE. ) );
#3446 = MECHANICAL_DESIGN_GEOMETRIC_PRESENTATION_REPRESENTATION (  '', ( #3448 ), #3441 ) ;
#3447 = PRESENTATION_LAYER_ASSIGNMENT (  '', '', ( #3448 ) ) ;
#3448 = STYLED_ITEM ( 'NONE', ( #3449 ), #924 ) ;
#3449 = PRESENTATION_STYLE_ASSIGNMENT (( #3450 ) ) ;
#3450 = SURFACE_STYLE_USAGE ( .BOTH. , #3451 ) ;
#3451 = SURFACE_SIDE_STYLE ('',( #3452 ) ) ;
#3452 = SURFACE_STYLE_FILL_AREA ( #3453 ) ;
#3453 = FILL_AREA_STYLE ('',( #3467 ) ) ;
#3454 = VECTOR ( 'NONE', #3491, 1000.000000000000100 ) ;
#3455 = COLOUR_RGB ( '',1.000000000000000000, 0.8000000000000000400, 0.3725490196078431500 ) ;
#3456 = DIRECTION ( 'NONE',  ( 0.0000000000000000000, -1.000000000000000000, 0.0000000000000000000 ) ) ;
#3457 = VECTOR ( 'NONE', #3456, 1000.000000000000000 ) ;
#3458 = CARTESIAN_POINT ( 'NONE',  ( 5.370000000000001000, 10.70000000000000100, -3.770000000000020900 ) ) ;
#3459 = PLANE ( 'NONE',  #3428 ) ;
#3460 = LINE ( 'NONE', #3432, #3454 ) ;
#3461 = DIRECTION ( 'NONE',  ( -1.000000000000000000, 0.0000000000000000000, -0.0000000000000000000 ) ) ;
#3462 = DIRECTION ( 'NONE',  ( 0.0000000000000000000, 0.0000000000000000000, -1.000000000000000000 ) ) ;
#3463 = CARTESIAN_POINT ( 'NONE',  ( 5.370000000000001000, 10.70000000000000100, -3.770000000000020900 ) ) ;
#3464 = AXIS2_PLACEMENT_3D ( 'NONE', #3463, #3462, #3461 ) ;
#3465 = COLOUR_RGB ( '',1.000000000000000000, 0.8000000000000000400, 0.3725490196078431500 ) ;
#3466 = LINE ( 'NONE', #3458, #3457 ) ;
#3467 = FILL_AREA_STYLE_COLOUR ( '', #3465 ) ;
#3468 = FACE_OUTER_BOUND ( 'NONE', #934, .T. ) ;
#3469 = DIRECTION ( 'NONE',  ( 0.7071067811865462400, 0.7071067811865489100, 0.0000000000000000000 ) ) ;
#3470 = CARTESIAN_POINT ( 'NONE',  ( 5.670000000000000800, 10.70000000000000100, -3.470000000000020600 ) ) ;
#3471 = FACE_OUTER_BOUND ( 'NONE', #880, .T. ) ;
#3472 = CARTESIAN_POINT ( 'NONE',  ( 5.370000000000001000, 10.70000000000000100, -3.770000000000020900 ) ) ;
#3473 = DIRECTION ( 'NONE',  ( -0.5773502691896264000, -0.5773502691896244000, -0.5773502691896264000 ) ) ;
#3474 = CARTESIAN_POINT ( 'NONE',  ( 5.370000000000001000, 10.70000000000000100, -3.770000000000020900 ) ) ;
#3475 =( GEOMETRIC_REPRESENTATION_CONTEXT ( 3 ) GLOBAL_UNCERTAINTY_ASSIGNED_CONTEXT ( ( #3476 ) ) GLOBAL_UNIT_ASSIGNED_CONTEXT ( ( #3479, #3478, #3477 ) ) REPRESENTATION_CONTEXT ( 'NONE', 'WORKASPACE' ) );
#3476 = UNCERTAINTY_MEASURE_WITH_UNIT (LENGTH_MEASURE( 1.000000000000000100E-005 ), #3479, 'distance_accuracy_value', 'NONE');
#3477 =( NAMED_UNIT ( * ) SI_UNIT ( $, .STERADIAN. ) SOLID_ANGLE_UNIT ( ) );
#3478 =( NAMED_UNIT ( * ) PLANE_ANGLE_UNIT ( ) SI_UNIT ( $, .RADIAN. ) );
#3479 =( LENGTH_UNIT ( ) NAMED_UNIT ( * ) SI_UNIT ( .MILLI., .METRE. ) );
#3480 = MECHANICAL_DESIGN_GEOMETRIC_PRESENTATION_REPRESENTATION (  '', ( #3482 ), #3475 ) ;
#3481 = PRESENTATION_LAYER_ASSIGNMENT (  '', '', ( #3482 ) ) ;
#3482 = STYLED_ITEM ( 'NONE', ( #3483 ), #928 ) ;
#3483 = PRESENTATION_STYLE_ASSIGNMENT (( #3484 ) ) ;
#3484 = SURFACE_STYLE_USAGE ( .BOTH. , #3493 ) ;
#3485 = FILL_AREA_STYLE_COLOUR ( '', #3521 ) ;
#3486 = AXIS2_PLACEMENT_3D ( 'NONE', #3505, #3504, #3503 ) ;
#3487 = FACE_OUTER_BOUND ( 'NONE', #947, .T. ) ;
#3488 = FILL_AREA_STYLE ('',( #3485 ) ) ;
#3489 = AXIS2_PLACEMENT_3D ( 'NONE', #3470, #3469, #3522 ) ;
#3490 = CARTESIAN_POINT ( 'NONE',  ( 5.370000000000001000, 10.70000000000000100, -3.470000000000020600 ) ) ;
#3491 = DIRECTION ( 'NONE',  ( 0.5773502691896264000, -0.5773502691896244000, 0.5773502691896264000 ) ) ;
#3492 = PLANE ( 'NONE',  #3486 ) ;
#3493 = SURFACE_SIDE_STYLE ('',( #3494 ) ) ;
#3494 = SURFACE_STYLE_FILL_AREA ( #3414 ) ;
#3495 = DIRECTION ( 'NONE',  ( 0.0000000000000000000, -0.7071067811865462400, 0.7071067811865489100 ) ) ;
#3496 = DIRECTION ( 'NONE',  ( 0.0000000000000000000, 0.7071067811865489100, 0.7071067811865462400 ) ) ;
#3497 = CARTESIAN_POINT ( 'NONE',  ( 5.370000000000001000, 10.70000000000000100, -3.470000000000020600 ) ) ;
#3498 = DIRECTION ( 'NONE',  ( -0.5773502691896264000, -0.5773502691896244000, 0.5773502691896264000 ) ) ;
#3499 = VECTOR ( 'NONE', #3498, 1000.000000000000100 ) ;
#3500 = CARTESIAN_POINT ( 'NONE',  ( 5.370000000000001000, 10.70000000000000100, -3.470000000000020600 ) ) ;
#3501 = AXIS2_PLACEMENT_3D ( 'NONE', #3548, #3575, #3574 ) ;
#3502 = LINE ( 'NONE', #3474, #3546 ) ;
#3503 = DIRECTION ( 'NONE',  ( -0.7071067811865489100, -0.7071067811865462400, 0.0000000000000000000 ) ) ;
#3504 = DIRECTION ( 'NONE',  ( -0.7071067811865462400, 0.7071067811865489100, 0.0000000000000000000 ) ) ;
#3505 = CARTESIAN_POINT ( 'NONE',  ( 5.370000000000001000, 10.70000000000000100, -3.770000000000020900 ) ) ;
#3506 = VECTOR ( 'NONE', #3542, 1000.000000000000000 ) ;
#3507 = LINE ( 'NONE', #3500, #3499 ) ;
#3508 = FACE_OUTER_BOUND ( 'NONE', #949, .T. ) ;
#3509 =( GEOMETRIC_REPRESENTATION_CONTEXT ( 3 ) GLOBAL_UNCERTAINTY_ASSIGNED_CONTEXT ( ( #3510 ) ) GLOBAL_UNIT_ASSIGNED_CONTEXT ( ( #3513, #3512, #3511 ) ) REPRESENTATION_CONTEXT ( 'NONE', 'WORKASPACE' ) );
#3510 = UNCERTAINTY_MEASURE_WITH_UNIT (LENGTH_MEASURE( 1.000000000000000100E-005 ), #3513, 'distance_accuracy_value', 'NONE');
#3511 =( NAMED_UNIT ( * ) SI_UNIT ( $, .STERADIAN. ) SOLID_ANGLE_UNIT ( ) );
#3512 =( NAMED_UNIT ( * ) PLANE_ANGLE_UNIT ( ) SI_UNIT ( $, .RADIAN. ) );
#3513 =( LENGTH_UNIT ( ) NAMED_UNIT ( * ) SI_UNIT ( .MILLI., .METRE. ) );
#3514 = MECHANICAL_DESIGN_GEOMETRIC_PRESENTATION_REPRESENTATION (  '', ( #3516 ), #3509 ) ;
#3515 = PRESENTATION_LAYER_ASSIGNMENT (  '', '', ( #3516 ) ) ;
#3516 = STYLED_ITEM ( 'NONE', ( #3517 ), #933 ) ;
#3517 = PRESENTATION_STYLE_ASSIGNMENT (( #3518 ) ) ;
#3518 = SURFACE_STYLE_USAGE ( .BOTH. , #3519 ) ;
#3519 = SURFACE_SIDE_STYLE ('',( #3520 ) ) ;
#3520 = SURFACE_STYLE_FILL_AREA ( #3488 ) ;
#3521 = COLOUR_RGB ( '',1.000000000000000000, 0.8000000000000000400, 0.3725490196078431500 ) ;
#3522 = DIRECTION ( 'NONE',  ( -0.7071067811865489100, 0.7071067811865462400, 0.0000000000000000000 ) ) ;
#3523 = AXIS2_PLACEMENT_3D ( 'NONE', #3579, #3578, #3577 ) ;
#3524 = AXIS2_PLACEMENT_3D ( 'NONE', #3560, #3559, #3558 ) ;
#3525 = PLANE ( 'NONE',  #3524 ) ;
#3526 =( GEOMETRIC_REPRESENTATION_CONTEXT ( 3 ) GLOBAL_UNCERTAINTY_ASSIGNED_CONTEXT ( ( #3527 ) ) GLOBAL_UNIT_ASSIGNED_CONTEXT ( ( #3530, #3529, #3528 ) ) REPRESENTATION_CONTEXT ( 'NONE', 'WORKASPACE' ) );
#3527 = UNCERTAINTY_MEASURE_WITH_UNIT (LENGTH_MEASURE( 1.000000000000000100E-005 ), #3530, 'distance_accuracy_value', 'NONE');
#3528 =( NAMED_UNIT ( * ) SI_UNIT ( $, .STERADIAN. ) SOLID_ANGLE_UNIT ( ) );
#3529 =( NAMED_UNIT ( * ) PLANE_ANGLE_UNIT ( ) SI_UNIT ( $, .RADIAN. ) );
#3530 =( LENGTH_UNIT ( ) NAMED_UNIT ( * ) SI_UNIT ( .MILLI., .METRE. ) );
#3531 = MECHANICAL_DESIGN_GEOMETRIC_PRESENTATION_REPRESENTATION (  '', ( #3533 ), #3526 ) ;
#3532 = PRESENTATION_LAYER_ASSIGNMENT (  '', '', ( #3533 ) ) ;
#3533 = STYLED_ITEM ( 'NONE', ( #3534 ), #944 ) ;
#3534 = PRESENTATION_STYLE_ASSIGNMENT (( #3535 ) ) ;
#3535 = SURFACE_STYLE_USAGE ( .BOTH. , #3536 ) ;
#3536 = SURFACE_SIDE_STYLE ('',( #3537 ) ) ;
#3537 = SURFACE_STYLE_FILL_AREA ( #3538 ) ;
#3538 = FILL_AREA_STYLE ('',( #3544 ) ) ;
#3539 = PLANE ( 'NONE',  #3501 ) ;
#3540 = FILL_AREA_STYLE_COLOUR ( '', #3541 ) ;
#3541 = COLOUR_RGB ( '',1.000000000000000000, 0.8000000000000000400, 0.3725490196078431500 ) ;
#3542 = DIRECTION ( 'NONE',  ( 0.0000000000000000000, -1.000000000000000000, 0.0000000000000000000 ) ) ;
#3543 = FILL_AREA_STYLE ('',( #3540 ) ) ;
#3544 = FILL_AREA_STYLE_COLOUR ( '', #3547 ) ;
#3545 = CARTESIAN_POINT ( 'NONE',  ( 5.670000000000000800, 10.70000000000000100, -3.470000000000020600 ) ) ;
#3546 = VECTOR ( 'NONE', #3473, 1000.000000000000100 ) ;
#3547 = COLOUR_RGB ( '',1.000000000000000000, 0.8000000000000000400, 0.3725490196078431500 ) ;
#3548 = CARTESIAN_POINT ( 'NONE',  ( 6.670000000000000800, 10.70000000000000100, -3.470000000000013500 ) ) ;
#3549 = CARTESIAN_POINT ( 'NONE',  ( 6.670000000000000800, 10.70000000000000100, -3.770000000000013300 ) ) ;
#3550 = LINE ( 'NONE', #3549, #3506 ) ;
#3551 = COLOUR_RGB ( '',1.000000000000000000, 0.8000000000000000400, 0.3725490196078431500 ) ;
#3552 = DIRECTION ( 'NONE',  ( 0.0000000000000000000, 0.0000000000000000000, -1.000000000000000000 ) ) ;
#3553 = VECTOR ( 'NONE', #3552, 1000.000000000000000 ) ;
#3554 = CARTESIAN_POINT ( 'NONE',  ( 6.370000000000001000, 10.70000000000000100, -3.470000000000013500 ) ) ;
#3555 = LINE ( 'NONE', #3554, #3553 ) ;
#3556 = CARTESIAN_POINT ( 'NONE',  ( 6.520000000000000500, 10.85000000000000000, -3.620000000000013400 ) ) ;
#3557 = FACE_OUTER_BOUND ( 'NONE', #905, .T. ) ;
#3558 = DIRECTION ( 'NONE',  ( -0.7071067811865489100, -0.7071067811865462400, 0.0000000000000000000 ) ) ;
#3559 = DIRECTION ( 'NONE',  ( -0.7071067811865462400, 0.7071067811865489100, 0.0000000000000000000 ) ) ;
#3560 = CARTESIAN_POINT ( 'NONE',  ( 6.370000000000001000, 10.70000000000000100, -3.770000000000013300 ) ) ;
#3561 = CARTESIAN_POINT ( 'NONE',  ( 6.370000000000001000, 10.70000000000000100, -3.770000000000013300 ) ) ;
#3562 =( GEOMETRIC_REPRESENTATION_CONTEXT ( 3 ) GLOBAL_UNCERTAINTY_ASSIGNED_CONTEXT ( ( #3563 ) ) GLOBAL_UNIT_ASSIGNED_CONTEXT ( ( #3566, #3565, #3564 ) ) REPRESENTATION_CONTEXT ( 'NONE', 'WORKASPACE' ) );
#3563 = UNCERTAINTY_MEASURE_WITH_UNIT (LENGTH_MEASURE( 1.000000000000000100E-005 ), #3566, 'distance_accuracy_value', 'NONE');
#3564 =( NAMED_UNIT ( * ) SI_UNIT ( $, .STERADIAN. ) SOLID_ANGLE_UNIT ( ) );
#3565 =( NAMED_UNIT ( * ) PLANE_ANGLE_UNIT ( ) SI_UNIT ( $, .RADIAN. ) );
#3566 =( LENGTH_UNIT ( ) NAMED_UNIT ( * ) SI_UNIT ( .MILLI., .METRE. ) );
#3567 = MECHANICAL_DESIGN_GEOMETRIC_PRESENTATION_REPRESENTATION (  '', ( #3569 ), #3562 ) ;
#3568 = PRESENTATION_LAYER_ASSIGNMENT (  '', '', ( #3569 ) ) ;
#3569 = STYLED_ITEM ( 'NONE', ( #3570 ), #950 ) ;
#3570 = PRESENTATION_STYLE_ASSIGNMENT (( #3571 ) ) ;
#3571 = SURFACE_STYLE_USAGE ( .BOTH. , #3572 ) ;
#3572 = SURFACE_SIDE_STYLE ('',( #3573 ) ) ;
#3573 = SURFACE_STYLE_FILL_AREA ( #3543 ) ;
#3574 = DIRECTION ( 'NONE',  ( -0.7071067811865489100, 0.7071067811865462400, 0.0000000000000000000 ) ) ;
#3575 = DIRECTION ( 'NONE',  ( 0.7071067811865462400, 0.7071067811865489100, 0.0000000000000000000 ) ) ;
#3576 =( NAMED_UNIT ( * ) PLANE_ANGLE_UNIT ( ) SI_UNIT ( $, .RADIAN. ) );
#3577 = DIRECTION ( 'NONE',  ( 1.000000000000000000, 0.0000000000000000000, -0.0000000000000000000 ) ) ;
#3578 = DIRECTION ( 'NONE',  ( 0.0000000000000000000, 0.0000000000000000000, 1.000000000000000000 ) ) ;
#3579 = CARTESIAN_POINT ( 'NONE',  ( 5.670000000000000800, 10.70000000000000100, -3.470000000000020600 ) ) ;
#3580 = MECHANICAL_DESIGN_GEOMETRIC_PRESENTATION_REPRESENTATION (  '', ( #4033 ), #4087 ) ;
#3581 =( GEOMETRIC_REPRESENTATION_CONTEXT ( 3 ) GLOBAL_UNCERTAINTY_ASSIGNED_CONTEXT ( ( #3582 ) ) GLOBAL_UNIT_ASSIGNED_CONTEXT ( ( #3585, #3584, #3583 ) ) REPRESENTATION_CONTEXT ( 'NONE', 'WORKASPACE' ) );
#3582 = UNCERTAINTY_MEASURE_WITH_UNIT (LENGTH_MEASURE( 1.000000000000000100E-005 ), #3585, 'distance_accuracy_value', 'NONE');
#3583 =( NAMED_UNIT ( * ) SI_UNIT ( $, .STERADIAN. ) SOLID_ANGLE_UNIT ( ) );
#3584 =( NAMED_UNIT ( * ) PLANE_ANGLE_UNIT ( ) SI_UNIT ( $, .RADIAN. ) );
#3585 =( LENGTH_UNIT ( ) NAMED_UNIT ( * ) SI_UNIT ( .MILLI., .METRE. ) );
#3586 = MECHANICAL_DESIGN_GEOMETRIC_PRESENTATION_REPRESENTATION (  '', ( #3588 ), #3581 ) ;
#3587 = PRESENTATION_LAYER_ASSIGNMENT (  '', '', ( #3588 ) ) ;
#3588 = STYLED_ITEM ( 'NONE', ( #3589 ), #961 ) ;
#3589 = PRESENTATION_STYLE_ASSIGNMENT (( #3590 ) ) ;
#3590 = SURFACE_STYLE_USAGE ( .BOTH. , #3591 ) ;
#3591 = SURFACE_SIDE_STYLE ('',( #3592 ) ) ;
#3592 = SURFACE_STYLE_FILL_AREA ( #3593 ) ;
#3593 = FILL_AREA_STYLE ('',( #3595 ) ) ;
#3594 =( LENGTH_UNIT ( ) NAMED_UNIT ( * ) SI_UNIT ( .MILLI., .METRE. ) );
#3595 = FILL_AREA_STYLE_COLOUR ( '', #3551 ) ;
#3596 = DIRECTION ( 'NONE',  ( -0.5773502691896264000, -0.5773502691896244000, -0.5773502691896264000 ) ) ;
#3597 = VECTOR ( 'NONE', #3596, 1000.000000000000100 ) ;
#3598 = CARTESIAN_POINT ( 'NONE',  ( 6.370000000000001000, 10.70000000000000100, -3.770000000000013300 ) ) ;
#3599 = LINE ( 'NONE', #3598, #3597 ) ;
#3600 = PLANE ( 'NONE',  #3523 ) ;
#3601 =( GEOMETRIC_REPRESENTATION_CONTEXT ( 3 ) GLOBAL_UNCERTAINTY_ASSIGNED_CONTEXT ( ( #3383 ) ) GLOBAL_UNIT_ASSIGNED_CONTEXT ( ( #3800, #3161, #3336 ) ) REPRESENTATION_CONTEXT ( 'NONE', 'WORKASPACE' ) );
#3602 = DIRECTION ( 'NONE',  ( -1.000000000000000000, 0.0000000000000000000, -0.0000000000000000000 ) ) ;
#3603 = CARTESIAN_POINT ( 'NONE',  ( 5.370000000000001000, 10.70000000000000100, -3.470000000000020600 ) ) ;
#3604 = AXIS2_PLACEMENT_3D ( 'NONE', #3603, #3602, #3658 ) ;
#3605 = COLOUR_RGB ( '',1.000000000000000000, 0.8000000000000000400, 0.3725490196078431500 ) ;
#3606 =( GEOMETRIC_REPRESENTATION_CONTEXT ( 3 ) GLOBAL_UNCERTAINTY_ASSIGNED_CONTEXT ( ( #3607 ) ) GLOBAL_UNIT_ASSIGNED_CONTEXT ( ( #3610, #3609, #3608 ) ) REPRESENTATION_CONTEXT ( 'NONE', 'WORKASPACE' ) );
#3607 = UNCERTAINTY_MEASURE_WITH_UNIT (LENGTH_MEASURE( 1.000000000000000100E-005 ), #3610, 'distance_accuracy_value', 'NONE');
#3608 =( NAMED_UNIT ( * ) SI_UNIT ( $, .STERADIAN. ) SOLID_ANGLE_UNIT ( ) );
#3609 =( NAMED_UNIT ( * ) PLANE_ANGLE_UNIT ( ) SI_UNIT ( $, .RADIAN. ) );
#3610 =( LENGTH_UNIT ( ) NAMED_UNIT ( * ) SI_UNIT ( .MILLI., .METRE. ) );
#3611 = MECHANICAL_DESIGN_GEOMETRIC_PRESENTATION_REPRESENTATION (  '', ( #3613 ), #3606 ) ;
#3612 = PRESENTATION_LAYER_ASSIGNMENT (  '', '', ( #3613 ) ) ;
#3613 = STYLED_ITEM ( 'NONE', ( #3614 ), #970 ) ;
#3614 = PRESENTATION_STYLE_ASSIGNMENT (( #3615 ) ) ;
#3615 = SURFACE_STYLE_USAGE ( .BOTH. , #3616 ) ;
#3616 = SURFACE_SIDE_STYLE ('',( #3623 ) ) ;
#3617 = FILL_AREA_STYLE_COLOUR ( '', #3628 ) ;
#3618 = FACE_OUTER_BOUND ( 'NONE', #909, .T. ) ;
#3619 = PLANE ( 'NONE',  #3621 ) ;
#3620 = FACE_OUTER_BOUND ( 'NONE', #960, .T. ) ;
#3621 = AXIS2_PLACEMENT_3D ( 'NONE', #3631, #3630, #3629 ) ;
#3622 = CARTESIAN_POINT ( 'NONE',  ( 6.670000000000000800, 10.70000000000000100, -3.470000000000013500 ) ) ;
#3623 = SURFACE_STYLE_FILL_AREA ( #3624 ) ;
#3624 = FILL_AREA_STYLE ('',( #3625 ) ) ;
#3625 = FILL_AREA_STYLE_COLOUR ( '', #3626 ) ;
#3626 = COLOUR_RGB ( '',1.000000000000000000, 0.8000000000000000400, 0.3725490196078431500 ) ;
#3627 = PLANE ( 'NONE',  #3604 ) ;
#3628 = COLOUR_RGB ( '',1.000000000000000000, 0.8000000000000000400, 0.3725490196078431500 ) ;
#3629 = DIRECTION ( 'NONE',  ( -0.0000000000000000000, 0.0000000000000000000, -1.000000000000000000 ) ) ;
#3630 = DIRECTION ( 'NONE',  ( 1.000000000000000000, 0.0000000000000000000, -0.0000000000000000000 ) ) ;
#3631 = CARTESIAN_POINT ( 'NONE',  ( 5.670000000000000800, 10.70000000000000100, -3.770000000000020900 ) ) ;
#3632 = FILL_AREA_STYLE ('',( #3634 ) ) ;
#3633 = PLANE ( 'NONE',  #3715 ) ;
#3634 = FILL_AREA_STYLE_COLOUR ( '', #3605 ) ;
#3635 = CARTESIAN_POINT ( 'NONE',  ( 6.670000000000000800, 10.70000000000000100, -3.470000000000013500 ) ) ;
#3636 =( GEOMETRIC_REPRESENTATION_CONTEXT ( 3 ) GLOBAL_UNCERTAINTY_ASSIGNED_CONTEXT ( ( #3637 ) ) GLOBAL_UNIT_ASSIGNED_CONTEXT ( ( #3640, #3639, #3638 ) ) REPRESENTATION_CONTEXT ( 'NONE', 'WORKASPACE' ) );
#3637 = UNCERTAINTY_MEASURE_WITH_UNIT (LENGTH_MEASURE( 1.000000000000000100E-005 ), #3640, 'distance_accuracy_value', 'NONE');
#3638 =( NAMED_UNIT ( * ) SI_UNIT ( $, .STERADIAN. ) SOLID_ANGLE_UNIT ( ) );
#3639 =( NAMED_UNIT ( * ) PLANE_ANGLE_UNIT ( ) SI_UNIT ( $, .RADIAN. ) );
#3640 =( LENGTH_UNIT ( ) NAMED_UNIT ( * ) SI_UNIT ( .MILLI., .METRE. ) );
#3641 = MECHANICAL_DESIGN_GEOMETRIC_PRESENTATION_REPRESENTATION (  '', ( #3643 ), #3636 ) ;
#3642 = PRESENTATION_LAYER_ASSIGNMENT (  '', '', ( #3643 ) ) ;
#3643 = STYLED_ITEM ( 'NONE', ( #3644 ), #977 ) ;
#3644 = PRESENTATION_STYLE_ASSIGNMENT (( #3645 ) ) ;
#3645 = SURFACE_STYLE_USAGE ( .BOTH. , #3646 ) ;
#3646 = SURFACE_SIDE_STYLE ('',( #3647 ) ) ;
#3647 = SURFACE_STYLE_FILL_AREA ( #3654 ) ;
#3648 = AXIS2_PLACEMENT_3D ( 'NONE', #3667, #3666, #3665 ) ;
#3649 = FACE_OUTER_BOUND ( 'NONE', #997, .T. ) ;
#3650 = DIRECTION ( 'NONE',  ( -0.5773502691896264000, -0.5773502691896244000, 0.5773502691896264000 ) ) ;
#3651 = VECTOR ( 'NONE', #3650, 1000.000000000000100 ) ;
#3652 = CARTESIAN_POINT ( 'NONE',  ( 6.370000000000001000, 10.70000000000000100, -3.470000000000013500 ) ) ;
#3653 = LINE ( 'NONE', #3652, #3651 ) ;
#3654 = FILL_AREA_STYLE ('',( #3617 ) ) ;
#3655 = LINE ( 'NONE', #3635, #3687 ) ;
#3656 = CARTESIAN_POINT ( 'NONE',  ( 6.370000000000001000, 10.70000000000000100, -3.470000000000013500 ) ) ;
#3657 = PLANE ( 'NONE',  #3648 ) ;
#3658 = DIRECTION ( 'NONE',  ( -0.0000000000000000000, 0.0000000000000000000, 1.000000000000000000 ) ) ;
#3659 = DIRECTION ( 'NONE',  ( 0.0000000000000000000, -1.000000000000000000, 0.0000000000000000000 ) ) ;
#3660 = CARTESIAN_POINT ( 'NONE',  ( 6.370000000000001000, 10.70000000000000100, -3.470000000000013500 ) ) ;
#3661 = FILL_AREA_STYLE ('',( #3662 ) ) ;
#3662 = FILL_AREA_STYLE_COLOUR ( '', #3663 ) ;
#3663 = COLOUR_RGB ( '',1.000000000000000000, 0.8000000000000000400, 0.3725490196078431500 ) ;
#3664 = VECTOR ( 'NONE', #3659, 1000.000000000000000 ) ;
#3665 = DIRECTION ( 'NONE',  ( 1.000000000000000000, 0.0000000000000000000, -0.0000000000000000000 ) ) ;
#3666 = DIRECTION ( 'NONE',  ( 0.0000000000000000000, 0.0000000000000000000, 1.000000000000000000 ) ) ;
#3667 = CARTESIAN_POINT ( 'NONE',  ( 6.670000000000000800, 10.70000000000000100, -3.470000000000013500 ) ) ;
#3668 = FILL_AREA_STYLE_COLOUR ( '', #3673 ) ;
#3669 = FACE_OUTER_BOUND ( 'NONE', #983, .T. ) ;
#3670 = FILL_AREA_STYLE ('',( #3668 ) ) ;
#3671 = AXIS2_PLACEMENT_3D ( 'NONE', #3700, #3699, #3698 ) ;
#3672 = LINE ( 'NONE', #3660, #3664 ) ;
#3673 = COLOUR_RGB ( '',1.000000000000000000, 0.8000000000000000400, 0.3725490196078431500 ) ;
#3674 =( GEOMETRIC_REPRESENTATION_CONTEXT ( 3 ) GLOBAL_UNCERTAINTY_ASSIGNED_CONTEXT ( ( #3675 ) ) GLOBAL_UNIT_ASSIGNED_CONTEXT ( ( #3678, #3677, #3676 ) ) REPRESENTATION_CONTEXT ( 'NONE', 'WORKASPACE' ) );
#3675 = UNCERTAINTY_MEASURE_WITH_UNIT (LENGTH_MEASURE( 1.000000000000000100E-005 ), #3678, 'distance_accuracy_value', 'NONE');
#3676 =( NAMED_UNIT ( * ) SI_UNIT ( $, .STERADIAN. ) SOLID_ANGLE_UNIT ( ) );
#3677 =( NAMED_UNIT ( * ) PLANE_ANGLE_UNIT ( ) SI_UNIT ( $, .RADIAN. ) );
#3678 =( LENGTH_UNIT ( ) NAMED_UNIT ( * ) SI_UNIT ( .MILLI., .METRE. ) );
#3679 = MECHANICAL_DESIGN_GEOMETRIC_PRESENTATION_REPRESENTATION (  '', ( #3681 ), #3674 ) ;
#3680 = PRESENTATION_LAYER_ASSIGNMENT (  '', '', ( #3681 ) ) ;
#3681 = STYLED_ITEM ( 'NONE', ( #3682 ), #984 ) ;
#3682 = PRESENTATION_STYLE_ASSIGNMENT (( #3683 ) ) ;
#3683 = SURFACE_STYLE_USAGE ( .BOTH. , #3684 ) ;
#3684 = SURFACE_SIDE_STYLE ('',( #3685 ) ) ;
#3685 = SURFACE_STYLE_FILL_AREA ( #3632 ) ;
#3686 = DIRECTION ( 'NONE',  ( -1.000000000000000000, 0.0000000000000000000, 0.0000000000000000000 ) ) ;
#3687 = VECTOR ( 'NONE', #3686, 1000.000000000000000 ) ;
#3688 =( LENGTH_UNIT ( ) NAMED_UNIT ( * ) SI_UNIT ( .MILLI., .METRE. ) );
#3689 = MECHANICAL_DESIGN_GEOMETRIC_PRESENTATION_REPRESENTATION (  '', ( #3691 ), #3739 ) ;
#3690 = PRESENTATION_LAYER_ASSIGNMENT (  '', '', ( #3691 ) ) ;
#3691 = STYLED_ITEM ( 'NONE', ( #3692 ), #995 ) ;
#3692 = PRESENTATION_STYLE_ASSIGNMENT (( #3693 ) ) ;
#3693 = SURFACE_STYLE_USAGE ( .BOTH. , #3694 ) ;
#3694 = SURFACE_SIDE_STYLE ('',( #3695 ) ) ;
#3695 = SURFACE_STYLE_FILL_AREA ( #3661 ) ;
#3696 = CARTESIAN_POINT ( 'NONE',  ( 6.670000000000000800, 10.70000000000000100, -3.470000000000013500 ) ) ;
#3697 = FACE_OUTER_BOUND ( 'NONE', #943, .T. ) ;
#3698 = DIRECTION ( 'NONE',  ( -0.0000000000000000000, 0.0000000000000000000, 1.000000000000000000 ) ) ;
#3699 = DIRECTION ( 'NONE',  ( -1.000000000000000000, 0.0000000000000000000, -0.0000000000000000000 ) ) ;
#3700 = CARTESIAN_POINT ( 'NONE',  ( 6.370000000000001000, 10.70000000000000100, -3.470000000000013500 ) ) ;
#3701 = FILL_AREA_STYLE_COLOUR ( '', #3726 ) ;
#3702 =( GEOMETRIC_REPRESENTATION_CONTEXT ( 3 ) GLOBAL_UNCERTAINTY_ASSIGNED_CONTEXT ( ( #3703 ) ) GLOBAL_UNIT_ASSIGNED_CONTEXT ( ( #3706, #3705, #3704 ) ) REPRESENTATION_CONTEXT ( 'NONE', 'WORKASPACE' ) );
#3703 = UNCERTAINTY_MEASURE_WITH_UNIT (LENGTH_MEASURE( 1.000000000000000100E-005 ), #3706, 'distance_accuracy_value', 'NONE');
#3704 =( NAMED_UNIT ( * ) SI_UNIT ( $, .STERADIAN. ) SOLID_ANGLE_UNIT ( ) );
#3705 =( NAMED_UNIT ( * ) PLANE_ANGLE_UNIT ( ) SI_UNIT ( $, .RADIAN. ) );
#3706 =( LENGTH_UNIT ( ) NAMED_UNIT ( * ) SI_UNIT ( .MILLI., .METRE. ) );
#3707 = MECHANICAL_DESIGN_GEOMETRIC_PRESENTATION_REPRESENTATION (  '', ( #3709 ), #3702 ) ;
#3708 = PRESENTATION_LAYER_ASSIGNMENT (  '', '', ( #3709 ) ) ;
#3709 = STYLED_ITEM ( 'NONE', ( #3710 ), #990 ) ;
#3710 = PRESENTATION_STYLE_ASSIGNMENT (( #3711 ) ) ;
#3711 = SURFACE_STYLE_USAGE ( .BOTH. , #3712 ) ;
#3712 = SURFACE_SIDE_STYLE ('',( #3713 ) ) ;
#3713 = SURFACE_STYLE_FILL_AREA ( #3670 ) ;
#3714 = PLANE ( 'NONE',  #3671 ) ;
#3715 = AXIS2_PLACEMENT_3D ( 'NONE', #3734, #3733, #3732 ) ;
#3716 = FACE_OUTER_BOUND ( 'NONE', #1005, .T. ) ;
#3717 =( NAMED_UNIT ( * ) PLANE_ANGLE_UNIT ( ) SI_UNIT ( $, .RADIAN. ) );
#3718 =( LENGTH_UNIT ( ) NAMED_UNIT ( * ) SI_UNIT ( .MILLI., .METRE. ) );
#3719 = MECHANICAL_DESIGN_GEOMETRIC_PRESENTATION_REPRESENTATION (  '', ( #3721 ), #3763 ) ;
#3720 = PRESENTATION_LAYER_ASSIGNMENT (  '', '', ( #3721 ) ) ;
#3721 = STYLED_ITEM ( 'NONE', ( #3722 ), #1004 ) ;
#3722 = PRESENTATION_STYLE_ASSIGNMENT (( #3729 ) ) ;
#3723 = FACE_OUTER_BOUND ( 'NONE', #1003, .T. ) ;
#3724 = SURFACE_STYLE_FILL_AREA ( #3725 ) ;
#3725 = FILL_AREA_STYLE ('',( #3701 ) ) ;
#3726 = COLOUR_RGB ( '',1.000000000000000000, 0.8000000000000000400, 0.3725490196078431500 ) ;
#3727 = DIRECTION ( 'NONE',  ( 0.0000000000000000000, -1.000000000000000000, 0.0000000000000000000 ) ) ;
#3728 = VECTOR ( 'NONE', #3727, 1000.000000000000000 ) ;
#3729 = SURFACE_STYLE_USAGE ( .BOTH. , #3730 ) ;
#3730 = SURFACE_SIDE_STYLE ('',( #3724 ) ) ;
#3731 = PLANE ( 'NONE',  #3762 ) ;
#3732 = DIRECTION ( 'NONE',  ( -0.0000000000000000000, 0.0000000000000000000, -1.000000000000000000 ) ) ;
#3733 = DIRECTION ( 'NONE',  ( 1.000000000000000000, 0.0000000000000000000, -0.0000000000000000000 ) ) ;
#3734 = CARTESIAN_POINT ( 'NONE',  ( 6.670000000000000800, 10.70000000000000100, -3.770000000000013300 ) ) ;
#3735 = LINE ( 'NONE', #3696, #3728 ) ;
#3736 = PLANE ( 'NONE',  #3738 ) ;
#3737 = FILL_AREA_STYLE ('',( #3761 ) ) ;
#3738 = AXIS2_PLACEMENT_3D ( 'NONE', #3759, #3758, #3757 ) ;
#3739 =( GEOMETRIC_REPRESENTATION_CONTEXT ( 3 ) GLOBAL_UNCERTAINTY_ASSIGNED_CONTEXT ( ( #3740 ) ) GLOBAL_UNIT_ASSIGNED_CONTEXT ( ( #3688, #3742, #3741 ) ) REPRESENTATION_CONTEXT ( 'NONE', 'WORKASPACE' ) );
#3740 = UNCERTAINTY_MEASURE_WITH_UNIT (LENGTH_MEASURE( 1.000000000000000100E-005 ), #3688, 'distance_accuracy_value', 'NONE');
#3741 =( NAMED_UNIT ( * ) SI_UNIT ( $, .STERADIAN. ) SOLID_ANGLE_UNIT ( ) );
#3742 =( NAMED_UNIT ( * ) PLANE_ANGLE_UNIT ( ) SI_UNIT ( $, .RADIAN. ) );
#3743 =( GEOMETRIC_REPRESENTATION_CONTEXT ( 3 ) GLOBAL_UNCERTAINTY_ASSIGNED_CONTEXT ( ( #3744 ) ) GLOBAL_UNIT_ASSIGNED_CONTEXT ( ( #3747, #3746, #3745 ) ) REPRESENTATION_CONTEXT ( 'NONE', 'WORKASPACE' ) );
#3744 = UNCERTAINTY_MEASURE_WITH_UNIT (LENGTH_MEASURE( 1.000000000000000100E-005 ), #3747, 'distance_accuracy_value', 'NONE');
#3745 =( NAMED_UNIT ( * ) SI_UNIT ( $, .STERADIAN. ) SOLID_ANGLE_UNIT ( ) );
#3746 =( NAMED_UNIT ( * ) PLANE_ANGLE_UNIT ( ) SI_UNIT ( $, .RADIAN. ) );
#3747 =( LENGTH_UNIT ( ) NAMED_UNIT ( * ) SI_UNIT ( .MILLI., .METRE. ) );
#3748 = MECHANICAL_DESIGN_GEOMETRIC_PRESENTATION_REPRESENTATION (  '', ( #3750 ), #3743 ) ;
#3749 = PRESENTATION_LAYER_ASSIGNMENT (  '', '', ( #3750 ) ) ;
#3750 = STYLED_ITEM ( 'NONE', ( #3751 ), #1008 ) ;
#3751 = PRESENTATION_STYLE_ASSIGNMENT (( #3752 ) ) ;
#3752 = SURFACE_STYLE_USAGE ( .BOTH. , #3753 ) ;
#3753 = SURFACE_SIDE_STYLE ('',( #3754 ) ) ;
#3754 = SURFACE_STYLE_FILL_AREA ( #3737 ) ;
#3755 = FILL_AREA_STYLE ('',( #3812 ) ) ;
#3756 = COLOUR_RGB ( '',1.000000000000000000, 0.8000000000000000400, 0.3725490196078431500 ) ;
#3757 = DIRECTION ( 'NONE',  ( 0.0000000000000000000, 0.7071067811865462400, 0.7071067811865489100 ) ) ;
#3758 = DIRECTION ( 'NONE',  ( 0.0000000000000000000, 0.7071067811865489100, -0.7071067811865462400 ) ) ;
#3759 = CARTESIAN_POINT ( 'NONE',  ( 6.670000000000000800, 10.70000000000000100, -3.770000000000013300 ) ) ;
#3760 = PLANE ( 'NONE',  #3782 ) ;
#3761 = FILL_AREA_STYLE_COLOUR ( '', #3756 ) ;
#3762 = AXIS2_PLACEMENT_3D ( 'NONE', #3795, #3794, #3793 ) ;
#3763 =( GEOMETRIC_REPRESENTATION_CONTEXT ( 3 ) GLOBAL_UNCERTAINTY_ASSIGNED_CONTEXT ( ( #3764 ) ) GLOBAL_UNIT_ASSIGNED_CONTEXT ( ( #3718, #3717, #3765 ) ) REPRESENTATION_CONTEXT ( 'NONE', 'WORKASPACE' ) );
#3764 = UNCERTAINTY_MEASURE_WITH_UNIT (LENGTH_MEASURE( 1.000000000000000100E-005 ), #3718, 'distance_accuracy_value', 'NONE');
#3765 =( NAMED_UNIT ( * ) SI_UNIT ( $, .STERADIAN. ) SOLID_ANGLE_UNIT ( ) );
#3766 =( NAMED_UNIT ( * ) SI_UNIT ( $, .STERADIAN. ) SOLID_ANGLE_UNIT ( ) );
#3767 =( NAMED_UNIT ( * ) PLANE_ANGLE_UNIT ( ) SI_UNIT ( $, .RADIAN. ) );
#3768 =( LENGTH_UNIT ( ) NAMED_UNIT ( * ) SI_UNIT ( .MILLI., .METRE. ) );
#3769 = MECHANICAL_DESIGN_GEOMETRIC_PRESENTATION_REPRESENTATION (  '', ( #3771 ), #3828 ) ;
#3770 = PRESENTATION_LAYER_ASSIGNMENT (  '', '', ( #3771 ) ) ;
#3771 = STYLED_ITEM ( 'NONE', ( #3772 ), #1012 ) ;
#3772 = PRESENTATION_STYLE_ASSIGNMENT (( #3773 ) ) ;
#3773 = SURFACE_STYLE_USAGE ( .BOTH. , #3774 ) ;
#3774 = SURFACE_SIDE_STYLE ('',( #3775 ) ) ;
#3775 = SURFACE_STYLE_FILL_AREA ( #3797 ) ;
#3776 = CARTESIAN_POINT ( 'NONE',  ( 6.670000000000000800, 10.70000000000000100, -3.770000000000013300 ) ) ;
#3777 = LINE ( 'NONE', #3776, #3814 ) ;
#3778 = COLOUR_RGB ( '',1.000000000000000000, 0.8000000000000000400, 0.3725490196078431500 ) ;
#3779 = DIRECTION ( 'NONE',  ( 0.0000000000000000000, 0.0000000000000000000, 1.000000000000000000 ) ) ;
#3780 = VECTOR ( 'NONE', #3779, 1000.000000000000000 ) ;
#3781 = CARTESIAN_POINT ( 'NONE',  ( 6.670000000000000800, 10.70000000000000100, -3.770000000000013300 ) ) ;
#3782 = AXIS2_PLACEMENT_3D ( 'NONE', #3825, #3824, #3823 ) ;
#3783 = LINE ( 'NONE', #3781, #3780 ) ;
#3784 = FACE_OUTER_BOUND ( 'NONE', #946, .T. ) ;
#3785 = DIRECTION ( 'NONE',  ( 1.000000000000000000, 0.0000000000000000000, 0.0000000000000000000 ) ) ;
#3786 = VECTOR ( 'NONE', #3785, 1000.000000000000000 ) ;
#3787 = CARTESIAN_POINT ( 'NONE',  ( 6.370000000000001000, 10.70000000000000100, -3.770000000000013300 ) ) ;
#3788 = LINE ( 'NONE', #3787, #3786 ) ;
#3789 = FILL_AREA_STYLE_COLOUR ( '', #3778 ) ;
#3790 = DIRECTION ( 'NONE',  ( 0.0000000000000000000, -1.000000000000000000, 0.0000000000000000000 ) ) ;
#3791 = VECTOR ( 'NONE', #3790, 1000.000000000000000 ) ;
#3792 = CARTESIAN_POINT ( 'NONE',  ( 6.370000000000001000, 10.70000000000000100, -3.770000000000013300 ) ) ;
#3793 = DIRECTION ( 'NONE',  ( -1.000000000000000000, 0.0000000000000000000, -0.0000000000000000000 ) ) ;
#3794 = DIRECTION ( 'NONE',  ( 0.0000000000000000000, 0.0000000000000000000, -1.000000000000000000 ) ) ;
#3795 = CARTESIAN_POINT ( 'NONE',  ( 6.370000000000001000, 10.70000000000000100, -3.770000000000013300 ) ) ;
#3796 = LINE ( 'NONE', #3792, #3791 ) ;
#3797 = FILL_AREA_STYLE ('',( #3789 ) ) ;
#3798 = LINE ( 'NONE', #3822, #3817 ) ;
#3799 = PLANE ( 'NONE',  #3813 ) ;
#3800 =( LENGTH_UNIT ( ) NAMED_UNIT ( * ) SI_UNIT ( .MILLI., .METRE. ) );
#3801 = MECHANICAL_DESIGN_GEOMETRIC_PRESENTATION_REPRESENTATION (  '', ( #3803 ), #3601 ) ;
#3802 = PRESENTATION_LAYER_ASSIGNMENT (  '', '', ( #3803 ) ) ;
#3803 = STYLED_ITEM ( 'NONE', ( #3804 ), #1020 ) ;
#3804 = PRESENTATION_STYLE_ASSIGNMENT (( #3805 ) ) ;
#3805 = SURFACE_STYLE_USAGE ( .BOTH. , #3806 ) ;
#3806 = SURFACE_SIDE_STYLE ('',( #3807 ) ) ;
#3807 = SURFACE_STYLE_FILL_AREA ( #3755 ) ;
#3808 =( NAMED_UNIT ( * ) SI_UNIT ( $, .STERADIAN. ) SOLID_ANGLE_UNIT ( ) );
#3809 = VECTOR ( 'NONE', #3820, 1000.000000000000000 ) ;
#3810 = FACE_OUTER_BOUND ( 'NONE', #1034, .T. ) ;
#3811 = DIRECTION ( 'NONE',  ( 0.5773502691896264000, -0.5773502691896244000, -0.5773502691896264000 ) ) ;
#3812 = FILL_AREA_STYLE_COLOUR ( '', #3826 ) ;
#3813 = AXIS2_PLACEMENT_3D ( 'NONE', #3819, #3818, #94 ) ;
#3814 = VECTOR ( 'NONE', #3811, 1000.000000000000100 ) ;
#3815 = LINE ( 'NONE', #3821, #3809 ) ;
#3816 = DIRECTION ( 'NONE',  ( 0.5773502691896264000, -0.5773502691896244000, 0.5773502691896264000 ) ) ;
#3817 = VECTOR ( 'NONE', #3816, 1000.000000000000100 ) ;
#3818 = DIRECTION ( 'NONE',  ( 0.0000000000000000000, 0.7071067811865489100, -0.7071067811865462400 ) ) ;
#3819 = CARTESIAN_POINT ( 'NONE',  ( 7.670000000000000800, 10.70000000000000100, -3.770000000000006200 ) ) ;
#3820 = DIRECTION ( 'NONE',  ( 0.0000000000000000000, -1.000000000000000000, 0.0000000000000000000 ) ) ;
#3821 = CARTESIAN_POINT ( 'NONE',  ( 7.670000000000000800, 10.70000000000000100, -3.770000000000006200 ) ) ;
#3822 = CARTESIAN_POINT ( 'NONE',  ( 6.670000000000000800, 10.70000000000000100, -3.470000000000013500 ) ) ;
#3823 = DIRECTION ( 'NONE',  ( 0.0000000000000000000, -0.7071067811865462400, 0.7071067811865489100 ) ) ;
#3824 = DIRECTION ( 'NONE',  ( 0.0000000000000000000, 0.7071067811865489100, 0.7071067811865462400 ) ) ;
#3825 = CARTESIAN_POINT ( 'NONE',  ( 6.370000000000001000, 10.70000000000000100, -3.470000000000013500 ) ) ;
#3826 = COLOUR_RGB ( '',1.000000000000000000, 0.8000000000000000400, 0.3725490196078431500 ) ;
#3827 = CARTESIAN_POINT ( 'NONE',  ( 6.670000000000000800, 10.70000000000000100, -3.770000000000013300 ) ) ;
#3828 =( GEOMETRIC_REPRESENTATION_CONTEXT ( 3 ) GLOBAL_UNCERTAINTY_ASSIGNED_CONTEXT ( ( #3829 ) ) GLOBAL_UNIT_ASSIGNED_CONTEXT ( ( #3768, #3767, #3766 ) ) REPRESENTATION_CONTEXT ( 'NONE', 'WORKASPACE' ) );
#3829 = UNCERTAINTY_MEASURE_WITH_UNIT (LENGTH_MEASURE( 1.000000000000000100E-005 ), #3768, 'distance_accuracy_value', 'NONE');
#3830 = UNCERTAINTY_MEASURE_WITH_UNIT (LENGTH_MEASURE( 1.000000000000000100E-005 ), #3833, 'distance_accuracy_value', 'NONE');
#3831 =( NAMED_UNIT ( * ) SI_UNIT ( $, .STERADIAN. ) SOLID_ANGLE_UNIT ( ) );
#3832 =( NAMED_UNIT ( * ) PLANE_ANGLE_UNIT ( ) SI_UNIT ( $, .RADIAN. ) );
#3833 =( LENGTH_UNIT ( ) NAMED_UNIT ( * ) SI_UNIT ( .MILLI., .METRE. ) );
#3834 = MECHANICAL_DESIGN_GEOMETRIC_PRESENTATION_REPRESENTATION (  '', ( #3836 ), #3889 ) ;
#3835 = PRESENTATION_LAYER_ASSIGNMENT (  '', '', ( #3836 ) ) ;
#3836 = STYLED_ITEM ( 'NONE', ( #3837 ), #1030 ) ;
#3837 = PRESENTATION_STYLE_ASSIGNMENT (( #3838 ) ) ;
#3838 = SURFACE_STYLE_USAGE ( .BOTH. , #3839 ) ;
#3839 = SURFACE_SIDE_STYLE ('',( #3840 ) ) ;
#3840 = SURFACE_STYLE_FILL_AREA ( #3855 ) ;
#3841 = CARTESIAN_POINT ( 'NONE',  ( 7.370000000000001000, 10.70000000000000100, -3.770000000000006200 ) ) ;
#3842 = DIRECTION ( 'NONE',  ( 0.0000000000000000000, 0.0000000000000000000, 1.000000000000000000 ) ) ;
#3843 = VECTOR ( 'NONE', #3842, 1000.000000000000000 ) ;
#3844 = CARTESIAN_POINT ( 'NONE',  ( 7.670000000000000800, 10.70000000000000100, -3.770000000000006200 ) ) ;
#3845 = AXIS2_PLACEMENT_3D ( 'NONE', #3886, #3885, #3884 ) ;
#3846 = FACE_OUTER_BOUND ( 'NONE', #981, .T. ) ;
#3847 = LINE ( 'NONE', #3844, #3843 ) ;
#3848 = FILL_AREA_STYLE_COLOUR ( '', #3869 ) ;
#3849 = DIRECTION ( 'NONE',  ( 1.000000000000000000, 0.0000000000000000000, 0.0000000000000000000 ) ) ;
#3850 = VECTOR ( 'NONE', #3849, 1000.000000000000000 ) ;
#3851 = CARTESIAN_POINT ( 'NONE',  ( 7.370000000000001000, 10.70000000000000100, -3.770000000000006200 ) ) ;
#3852 = FILL_AREA_STYLE_COLOUR ( '', #3856 ) ;
#3853 = LINE ( 'NONE', #3851, #3850 ) ;
#3854 = PLANE ( 'NONE',  #3845 ) ;
#3855 = FILL_AREA_STYLE ('',( #3852 ) ) ;
#3856 = COLOUR_RGB ( '',1.000000000000000000, 0.8000000000000000400, 0.3725490196078431500 ) ;
#3857 = PLANE ( 'NONE',  #3876 ) ;
#3858 =( NAMED_UNIT ( * ) PLANE_ANGLE_UNIT ( ) SI_UNIT ( $, .RADIAN. ) );
#3859 =( LENGTH_UNIT ( ) NAMED_UNIT ( * ) SI_UNIT ( .MILLI., .METRE. ) );
#3860 = MECHANICAL_DESIGN_GEOMETRIC_PRESENTATION_REPRESENTATION (  '', ( #3862 ), #3919 ) ;
#3861 = PRESENTATION_LAYER_ASSIGNMENT (  '', '', ( #3862 ) ) ;
#3862 = STYLED_ITEM ( 'NONE', ( #3863 ), #1038 ) ;
#3863 = PRESENTATION_STYLE_ASSIGNMENT (( #3864 ) ) ;
#3864 = SURFACE_STYLE_USAGE ( .BOTH. , #3865 ) ;
#3865 = SURFACE_SIDE_STYLE ('',( #3887 ) ) ;
#3866 = VECTOR ( 'NONE', #3908, 1000.000000000000100 ) ;
#3867 = DIRECTION ( 'NONE',  ( 0.0000000000000000000, -1.000000000000000000, 0.0000000000000000000 ) ) ;
#3868 = VECTOR ( 'NONE', #3867, 1000.000000000000000 ) ;
#3869 = COLOUR_RGB ( '',1.000000000000000000, 0.8000000000000000400, 0.3725490196078431500 ) ;
#3870 = FACE_OUTER_BOUND ( 'NONE', #1039, .T. ) ;
#3871 = CARTESIAN_POINT ( 'NONE',  ( 7.370000000000001000, 10.70000000000000100, -3.470000000000006400 ) ) ;
#3872 = DIRECTION ( 'NONE',  ( 0.5773502691896264000, -0.5773502691896244000, -0.5773502691896264000 ) ) ;
#3873 = VECTOR ( 'NONE', #3872, 1000.000000000000100 ) ;
#3874 = CARTESIAN_POINT ( 'NONE',  ( 7.670000000000000800, 10.70000000000000100, -3.770000000000006200 ) ) ;
#3875 = LINE ( 'NONE', #3874, #3873 ) ;
#3876 = AXIS2_PLACEMENT_3D ( 'NONE', #3914, #3913, #3912 ) ;
#3877 = CARTESIAN_POINT ( 'NONE',  ( 7.370000000000001000, 10.70000000000000100, -3.470000000000006400 ) ) ;
#3878 = LINE ( 'NONE', #3877, #3904 ) ;
#3879 = DIRECTION ( 'NONE',  ( 0.5773502691896264000, -0.5773502691896244000, 0.5773502691896264000 ) ) ;
#3880 = VECTOR ( 'NONE', #3879, 1000.000000000000100 ) ;
#3881 = LINE ( 'NONE', #3841, #3868 ) ;
#3882 = CARTESIAN_POINT ( 'NONE',  ( 7.670000000000000800, 10.70000000000000100, -3.470000000000006400 ) ) ;
#3883 = LINE ( 'NONE', #3882, #3880 ) ;
#3884 = DIRECTION ( 'NONE',  ( 0.0000000000000000000, -0.7071067811865462400, 0.7071067811865489100 ) ) ;
#3885 = DIRECTION ( 'NONE',  ( 0.0000000000000000000, 0.7071067811865489100, 0.7071067811865462400 ) ) ;
#3886 = CARTESIAN_POINT ( 'NONE',  ( 7.370000000000001000, 10.70000000000000100, -3.470000000000006400 ) ) ;
#3887 = SURFACE_STYLE_FILL_AREA ( #3888 ) ;
#3888 = FILL_AREA_STYLE ('',( #3848 ) ) ;
#3889 =( GEOMETRIC_REPRESENTATION_CONTEXT ( 3 ) GLOBAL_UNCERTAINTY_ASSIGNED_CONTEXT ( ( #3830 ) ) GLOBAL_UNIT_ASSIGNED_CONTEXT ( ( #3833, #3832, #3831 ) ) REPRESENTATION_CONTEXT ( 'NONE', 'WORKASPACE' ) );
#3890 = PLANE ( 'NONE',  #3905 ) ;
#3891 = AXIS2_PLACEMENT_3D ( 'NONE', #3996, #3995, #3994 ) ;
#3892 = FACE_OUTER_BOUND ( 'NONE', #1041, .T. ) ;
#3893 = CARTESIAN_POINT ( 'NONE',  ( 7.670000000000000800, 10.70000000000000100, -3.470000000000006400 ) ) ;
#3894 = FILL_AREA_STYLE_COLOUR ( '', #3936 ) ;
#3895 = DIRECTION ( 'NONE',  ( -1.000000000000000000, 0.0000000000000000000, 0.0000000000000000000 ) ) ;
#3896 = VECTOR ( 'NONE', #3895, 1000.000000000000000 ) ;
#3897 = CARTESIAN_POINT ( 'NONE',  ( 7.670000000000000800, 10.70000000000000100, -3.470000000000006400 ) ) ;
#3898 = FILL_AREA_STYLE_COLOUR ( '', #3901 ) ;
#3899 = CARTESIAN_POINT ( 'NONE',  ( 7.370000000000001000, 10.70000000000000100, -3.770000000000006200 ) ) ;
#3900 = CARTESIAN_POINT ( 'NONE',  ( 7.370000000000001000, 10.70000000000000100, -3.470000000000006400 ) ) ;
#3901 = COLOUR_RGB ( '',1.000000000000000000, 0.8000000000000000400, 0.3725490196078431500 ) ;
#3902 = AXIS2_PLACEMENT_3D ( 'NONE', #3962, #3961, #3960 ) ;
#3903 = DIRECTION ( 'NONE',  ( 0.0000000000000000000, 0.0000000000000000000, -1.000000000000000000 ) ) ;
#3904 = VECTOR ( 'NONE', #3903, 1000.000000000000000 ) ;
#3905 = AXIS2_PLACEMENT_3D ( 'NONE', #3907, #3934, #3933 ) ;
#3906 = LINE ( 'NONE', #3931, #3930 ) ;
#3907 = CARTESIAN_POINT ( 'NONE',  ( 7.370000000000001000, 10.70000000000000100, -3.770000000000006200 ) ) ;
#3908 = DIRECTION ( 'NONE',  ( -0.5773502691896264000, -0.5773502691896244000, 0.5773502691896264000 ) ) ;
#3909 = SURFACE_SIDE_STYLE ('',( #3910 ) ) ;
#3910 = SURFACE_STYLE_FILL_AREA ( #3911 ) ;
#3911 = FILL_AREA_STYLE ('',( #3898 ) ) ;
#3912 = DIRECTION ( 'NONE',  ( -0.7071067811865489100, 0.7071067811865462400, 0.0000000000000000000 ) ) ;
#3913 = DIRECTION ( 'NONE',  ( 0.7071067811865462400, 0.7071067811865489100, 0.0000000000000000000 ) ) ;
#3914 = CARTESIAN_POINT ( 'NONE',  ( 7.670000000000000800, 10.70000000000000100, -3.470000000000006400 ) ) ;
#3915 = LINE ( 'NONE', #3871, #3866 ) ;
#3916 = CARTESIAN_POINT ( 'NONE',  ( 7.520000000000000500, 10.85000000000000000, -3.620000000000006300 ) ) ;
#3917 = CARTESIAN_POINT ( 'NONE',  ( 7.670000000000000800, 10.70000000000000100, -3.770000000000006200 ) ) ;
#3918 = LINE ( 'NONE', #3897, #3896 ) ;
#3919 =( GEOMETRIC_REPRESENTATION_CONTEXT ( 3 ) GLOBAL_UNCERTAINTY_ASSIGNED_CONTEXT ( ( #3920 ) ) GLOBAL_UNIT_ASSIGNED_CONTEXT ( ( #3859, #3858, #3921 ) ) REPRESENTATION_CONTEXT ( 'NONE', 'WORKASPACE' ) );
#3920 = UNCERTAINTY_MEASURE_WITH_UNIT (LENGTH_MEASURE( 1.000000000000000100E-005 ), #3859, 'distance_accuracy_value', 'NONE');
#3921 =( NAMED_UNIT ( * ) SI_UNIT ( $, .STERADIAN. ) SOLID_ANGLE_UNIT ( ) );
#3922 = PRESENTATION_STYLE_ASSIGNMENT (( #3923 ) ) ;
#3923 = SURFACE_STYLE_USAGE ( .BOTH. , #3924 ) ;
#3924 = SURFACE_SIDE_STYLE ('',( #3925 ) ) ;
#3925 = SURFACE_STYLE_FILL_AREA ( #3926 ) ;
#3926 = FILL_AREA_STYLE ('',( #3894 ) ) ;
#3927 = PLANE ( 'NONE',  #3902 ) ;
#3928 = CARTESIAN_POINT ( 'NONE',  ( 8.669999999999999900, 10.70000000000000100, -3.469999999999999800 ) ) ;
#3929 = DIRECTION ( 'NONE',  ( -0.5773502691896264000, -0.5773502691896244000, -0.5773502691896264000 ) ) ;
#3930 = VECTOR ( 'NONE', #3929, 1000.000000000000100 ) ;
#3931 = CARTESIAN_POINT ( 'NONE',  ( 7.370000000000001000, 10.70000000000000100, -3.770000000000006200 ) ) ;
#3932 = COLOUR_RGB ( '',1.000000000000000000, 0.8000000000000000400, 0.3725490196078431500 ) ;
#3933 = DIRECTION ( 'NONE',  ( -0.7071067811865489100, -0.7071067811865462400, 0.0000000000000000000 ) ) ;
#3934 = DIRECTION ( 'NONE',  ( -0.7071067811865462400, 0.7071067811865489100, 0.0000000000000000000 ) ) ;
#3935 = FACE_OUTER_BOUND ( 'NONE', #1078, .T. ) ;
#3936 = COLOUR_RGB ( '',1.000000000000000000, 0.8000000000000000400, 0.3725490196078431500 ) ;
#3937 =( GEOMETRIC_REPRESENTATION_CONTEXT ( 3 ) GLOBAL_UNCERTAINTY_ASSIGNED_CONTEXT ( ( #3938 ) ) GLOBAL_UNIT_ASSIGNED_CONTEXT ( ( #3941, #3940, #3939 ) ) REPRESENTATION_CONTEXT ( 'NONE', 'WORKASPACE' ) );
#3938 = UNCERTAINTY_MEASURE_WITH_UNIT (LENGTH_MEASURE( 1.000000000000000100E-005 ), #3941, 'distance_accuracy_value', 'NONE');
#3939 =( NAMED_UNIT ( * ) SI_UNIT ( $, .STERADIAN. ) SOLID_ANGLE_UNIT ( ) );
#3940 =( NAMED_UNIT ( * ) PLANE_ANGLE_UNIT ( ) SI_UNIT ( $, .RADIAN. ) );
#3941 =( LENGTH_UNIT ( ) NAMED_UNIT ( * ) SI_UNIT ( .MILLI., .METRE. ) );
#3942 = MECHANICAL_DESIGN_GEOMETRIC_PRESENTATION_REPRESENTATION (  '', ( #3944 ), #3937 ) ;
#3943 = PRESENTATION_LAYER_ASSIGNMENT (  '', '', ( #3944 ) ) ;
#3944 = STYLED_ITEM ( 'NONE', ( #3945 ), #1052 ) ;
#3945 = PRESENTATION_STYLE_ASSIGNMENT (( #3946 ) ) ;
#3946 = SURFACE_STYLE_USAGE ( .BOTH. , #3909 ) ;
#3947 =( LENGTH_UNIT ( ) NAMED_UNIT ( * ) SI_UNIT ( .MILLI., .METRE. ) );
#3948 = MECHANICAL_DESIGN_GEOMETRIC_PRESENTATION_REPRESENTATION (  '', ( #3950 ), #4000 ) ;
#3949 = PRESENTATION_LAYER_ASSIGNMENT (  '', '', ( #3950 ) ) ;
#3950 = STYLED_ITEM ( 'NONE', ( #3951 ), #1065 ) ;
#3951 = PRESENTATION_STYLE_ASSIGNMENT (( #3965 ) ) ;
#3952 = FILL_AREA_STYLE_COLOUR ( '', #3932 ) ;
#3953 = DIRECTION ( 'NONE',  ( -1.000000000000000000, 0.0000000000000000000, 0.0000000000000000000 ) ) ;
#3954 = VECTOR ( 'NONE', #3953, 1000.000000000000000 ) ;
#3955 = VECTOR ( 'NONE', #3988, 1000.000000000000100 ) ;
#3956 = SURFACE_STYLE_FILL_AREA ( #3957 ) ;
#3957 = FILL_AREA_STYLE ('',( #3952 ) ) ;
#3958 = FILL_AREA_STYLE ('',( #3959 ) ) ;
#3959 = FILL_AREA_STYLE_COLOUR ( '', #3987 ) ;
#3960 = DIRECTION ( 'NONE',  ( -0.0000000000000000000, 0.0000000000000000000, 1.000000000000000000 ) ) ;
#3961 = DIRECTION ( 'NONE',  ( -1.000000000000000000, 0.0000000000000000000, -0.0000000000000000000 ) ) ;
#3962 = CARTESIAN_POINT ( 'NONE',  ( 7.370000000000001000, 10.70000000000000100, -3.470000000000006400 ) ) ;
#3963 = LINE ( 'NONE', #3928, #3954 ) ;
#3964 = PLANE ( 'NONE',  #3891 ) ;
#3965 = SURFACE_STYLE_USAGE ( .BOTH. , #3966 ) ;
#3966 = SURFACE_SIDE_STYLE ('',( #3956 ) ) ;
#3967 = FACE_OUTER_BOUND ( 'NONE', #1060, .T. ) ;
#3968 =( GEOMETRIC_REPRESENTATION_CONTEXT ( 3 ) GLOBAL_UNCERTAINTY_ASSIGNED_CONTEXT ( ( #3969 ) ) GLOBAL_UNIT_ASSIGNED_CONTEXT ( ( #3972, #3971, #3970 ) ) REPRESENTATION_CONTEXT ( 'NONE', 'WORKASPACE' ) );
#3969 = UNCERTAINTY_MEASURE_WITH_UNIT (LENGTH_MEASURE( 1.000000000000000100E-005 ), #3972, 'distance_accuracy_value', 'NONE');
#3970 =( NAMED_UNIT ( * ) SI_UNIT ( $, .STERADIAN. ) SOLID_ANGLE_UNIT ( ) );
#3971 =( NAMED_UNIT ( * ) PLANE_ANGLE_UNIT ( ) SI_UNIT ( $, .RADIAN. ) );
#3972 =( LENGTH_UNIT ( ) NAMED_UNIT ( * ) SI_UNIT ( .MILLI., .METRE. ) );
#3973 = MECHANICAL_DESIGN_GEOMETRIC_PRESENTATION_REPRESENTATION (  '', ( #3975 ), #3968 ) ;
#3974 = PRESENTATION_LAYER_ASSIGNMENT (  '', '', ( #3975 ) ) ;
#3975 = STYLED_ITEM ( 'NONE', ( #3922 ), #1058 ) ;
#3976 =( NAMED_UNIT ( * ) PLANE_ANGLE_UNIT ( ) SI_UNIT ( $, .RADIAN. ) );
#3977 =( LENGTH_UNIT ( ) NAMED_UNIT ( * ) SI_UNIT ( .MILLI., .METRE. ) );
#3978 = MECHANICAL_DESIGN_GEOMETRIC_PRESENTATION_REPRESENTATION (  '', ( #3980 ), #4029 ) ;
#3979 = PRESENTATION_LAYER_ASSIGNMENT (  '', '', ( #3980 ) ) ;
#3980 = STYLED_ITEM ( 'NONE', ( #3981 ), #1075 ) ;
#3981 = PRESENTATION_STYLE_ASSIGNMENT (( #3982 ) ) ;
#3982 = SURFACE_STYLE_USAGE ( .BOTH. , #3990 ) ;
#3983 = CARTESIAN_POINT ( 'NONE',  ( 7.670000000000000800, 10.70000000000000100, -3.470000000000006400 ) ) ;
#3984 = AXIS2_PLACEMENT_3D ( 'NONE', #3983, #4026, #4025 ) ;
#3985 = PLANE ( 'NONE',  #3984 ) ;
#3986 = FACE_OUTER_BOUND ( 'NONE', #1054, .T. ) ;
#3987 = COLOUR_RGB ( '',1.000000000000000000, 0.8000000000000000400, 0.3725490196078431500 ) ;
#3988 = DIRECTION ( 'NONE',  ( -0.5773502691896264000, -0.5773502691896244000, -0.5773502691896264000 ) ) ;
#3989 = CARTESIAN_POINT ( 'NONE',  ( 8.519999999999999600, 10.85000000000000000, -3.619999999999999200 ) ) ;
#3990 = SURFACE_SIDE_STYLE ('',( #3991 ) ) ;
#3991 = SURFACE_STYLE_FILL_AREA ( #3958 ) ;
#3992 = CARTESIAN_POINT ( 'NONE',  ( 8.370000000000001000, 10.70000000000000100, -3.469999999999999800 ) ) ;
#3993 = FACE_OUTER_BOUND ( 'NONE', #1095, .T. ) ;
#3994 = DIRECTION ( 'NONE',  ( -0.7071067811865489100, -0.7071067811865462400, 0.0000000000000000000 ) ) ;
#3995 = DIRECTION ( 'NONE',  ( -0.7071067811865462400, 0.7071067811865489100, 0.0000000000000000000 ) ) ;
#3996 = CARTESIAN_POINT ( 'NONE',  ( 8.370000000000001000, 10.70000000000000100, -3.769999999999999600 ) ) ;
#3997 = CARTESIAN_POINT ( 'NONE',  ( 8.370000000000001000, 10.70000000000000100, -3.769999999999999600 ) ) ;
#3998 = LINE ( 'NONE', #3997, #3955 ) ;
#3999 = COLOUR_RGB ( '',1.000000000000000000, 0.8000000000000000400, 0.3725490196078431500 ) ;
#4000 =( GEOMETRIC_REPRESENTATION_CONTEXT ( 3 ) GLOBAL_UNCERTAINTY_ASSIGNED_CONTEXT ( ( #4001 ) ) GLOBAL_UNIT_ASSIGNED_CONTEXT ( ( #3947, #4003, #4002 ) ) REPRESENTATION_CONTEXT ( 'NONE', 'WORKASPACE' ) );
#4001 = UNCERTAINTY_MEASURE_WITH_UNIT (LENGTH_MEASURE( 1.000000000000000100E-005 ), #3947, 'distance_accuracy_value', 'NONE');
#4002 =( NAMED_UNIT ( * ) SI_UNIT ( $, .STERADIAN. ) SOLID_ANGLE_UNIT ( ) );
#4003 =( NAMED_UNIT ( * ) PLANE_ANGLE_UNIT ( ) SI_UNIT ( $, .RADIAN. ) );
#4004 =( LENGTH_UNIT ( ) NAMED_UNIT ( * ) SI_UNIT ( .MILLI., .METRE. ) );
#4005 = MECHANICAL_DESIGN_GEOMETRIC_PRESENTATION_REPRESENTATION (  '', ( #4007 ), #4053 ) ;
#4006 = PRESENTATION_LAYER_ASSIGNMENT (  '', '', ( #4007 ) ) ;
#4007 = STYLED_ITEM ( 'NONE', ( #4008 ), #1086 ) ;
#4008 = PRESENTATION_STYLE_ASSIGNMENT (( #4009 ) ) ;
#4009 = SURFACE_STYLE_USAGE ( .BOTH. , #4010 ) ;
#4010 = SURFACE_SIDE_STYLE ('',( #4011 ) ) ;
#4011 = SURFACE_STYLE_FILL_AREA ( #4012 ) ;
#4012 = FILL_AREA_STYLE ('',( #4020 ) ) ;
#4013 = COLOUR_RGB ( '',1.000000000000000000, 0.8000000000000000400, 0.3725490196078431500 ) ;
#4014 = CARTESIAN_POINT ( 'NONE',  ( 8.370000000000001000, 10.70000000000000100, -3.769999999999999600 ) ) ;
#4015 = PLANE ( 'NONE',  #4028 ) ;
#4016 = DIRECTION ( 'NONE',  ( 0.0000000000000000000, -1.000000000000000000, 0.0000000000000000000 ) ) ;
#4017 = VECTOR ( 'NONE', #4016, 1000.000000000000000 ) ;
#4018 = CARTESIAN_POINT ( 'NONE',  ( 7.370000000000001000, 10.70000000000000100, -3.470000000000006400 ) ) ;
#4019 = LINE ( 'NONE', #4018, #4017 ) ;
#4020 = FILL_AREA_STYLE_COLOUR ( '', #4013 ) ;
#4021 = FACE_OUTER_BOUND ( 'NONE', #1022, .T. ) ;
#4022 = DIRECTION ( 'NONE',  ( 0.0000000000000000000, 0.0000000000000000000, -1.000000000000000000 ) ) ;
#4023 = VECTOR ( 'NONE', #4022, 1000.000000000000000 ) ;
#4024 = CARTESIAN_POINT ( 'NONE',  ( 8.370000000000001000, 10.70000000000000100, -3.469999999999999800 ) ) ;
#4025 = DIRECTION ( 'NONE',  ( 1.000000000000000000, 0.0000000000000000000, -0.0000000000000000000 ) ) ;
#4026 = DIRECTION ( 'NONE',  ( 0.0000000000000000000, 0.0000000000000000000, 1.000000000000000000 ) ) ;
#4027 = LINE ( 'NONE', #3992, #4023 ) ;
#4028 = AXIS2_PLACEMENT_3D ( 'NONE', #4048, #4047, #4046 ) ;
#4029 =( GEOMETRIC_REPRESENTATION_CONTEXT ( 3 ) GLOBAL_UNCERTAINTY_ASSIGNED_CONTEXT ( ( #4030 ) ) GLOBAL_UNIT_ASSIGNED_CONTEXT ( ( #3977, #3976, #4031 ) ) REPRESENTATION_CONTEXT ( 'NONE', 'WORKASPACE' ) );
#4030 = UNCERTAINTY_MEASURE_WITH_UNIT (LENGTH_MEASURE( 1.000000000000000100E-005 ), #3977, 'distance_accuracy_value', 'NONE');
#4031 =( NAMED_UNIT ( * ) SI_UNIT ( $, .STERADIAN. ) SOLID_ANGLE_UNIT ( ) );
#4032 = PRESENTATION_LAYER_ASSIGNMENT (  '', '', ( #4033 ) ) ;
#4033 = STYLED_ITEM ( 'NONE', ( #4034 ), #1092 ) ;
#4034 = PRESENTATION_STYLE_ASSIGNMENT (( #4035 ) ) ;
#4035 = SURFACE_STYLE_USAGE ( .BOTH. , #4041 ) ;
#4036 =( NAMED_UNIT ( * ) PLANE_ANGLE_UNIT ( ) SI_UNIT ( $, .RADIAN. ) );
#4037 = DIRECTION ( 'NONE',  ( -0.5773502691896264000, -0.5773502691896244000, 0.5773502691896264000 ) ) ;
#4038 = VECTOR ( 'NONE', #4037, 1000.000000000000100 ) ;
#4039 = CARTESIAN_POINT ( 'NONE',  ( 8.370000000000001000, 10.70000000000000100, -3.469999999999999800 ) ) ;
#4040 = LINE ( 'NONE', #4039, #4038 ) ;
#4041 = SURFACE_SIDE_STYLE ('',( #4042 ) ) ;
#4042 = SURFACE_STYLE_FILL_AREA ( #4050 ) ;
#4043 = DIRECTION ( 'NONE',  ( 0.0000000000000000000, -1.000000000000000000, 0.0000000000000000000 ) ) ;
#4044 = VECTOR ( 'NONE', #4043, 1000.000000000000000 ) ;
#4045 = CARTESIAN_POINT ( 'NONE',  ( 7.670000000000000800, 10.70000000000000100, -3.470000000000006400 ) ) ;
#4046 = DIRECTION ( 'NONE',  ( -1.000000000000000000, 0.0000000000000000000, -0.0000000000000000000 ) ) ;
#4047 = DIRECTION ( 'NONE',  ( 0.0000000000000000000, 0.0000000000000000000, -1.000000000000000000 ) ) ;
#4048 = CARTESIAN_POINT ( 'NONE',  ( 7.370000000000001000, 10.70000000000000100, -3.770000000000006200 ) ) ;
#4049 = LINE ( 'NONE', #4045, #4044 ) ;
#4050 = FILL_AREA_STYLE ('',( #4051 ) ) ;
#4051 = FILL_AREA_STYLE_COLOUR ( '', #3999 ) ;
#4052 =( LENGTH_UNIT ( ) NAMED_UNIT ( * ) SI_UNIT ( .MILLI., .METRE. ) );
#4053 =( GEOMETRIC_REPRESENTATION_CONTEXT ( 3 ) GLOBAL_UNCERTAINTY_ASSIGNED_CONTEXT ( ( #4054 ) ) GLOBAL_UNIT_ASSIGNED_CONTEXT ( ( #4004, #4056, #4055 ) ) REPRESENTATION_CONTEXT ( 'NONE', 'WORKASPACE' ) );
#4054 = UNCERTAINTY_MEASURE_WITH_UNIT (LENGTH_MEASURE( 1.000000000000000100E-005 ), #4004, 'distance_accuracy_value', 'NONE');
#4055 =( NAMED_UNIT ( * ) SI_UNIT ( $, .STERADIAN. ) SOLID_ANGLE_UNIT ( ) );
#4056 =( NAMED_UNIT ( * ) PLANE_ANGLE_UNIT ( ) SI_UNIT ( $, .RADIAN. ) );
#4057 = MECHANICAL_DESIGN_GEOMETRIC_PRESENTATION_REPRESENTATION (  '', ( #4059 ), #4113 ) ;
#4058 = PRESENTATION_LAYER_ASSIGNMENT (  '', '', ( #4059 ) ) ;
#4059 = STYLED_ITEM ( 'NONE', ( #4060 ), #1104 ) ;
#4060 = PRESENTATION_STYLE_ASSIGNMENT (( #4061 ) ) ;
#4061 = SURFACE_STYLE_USAGE ( .BOTH. , #4082 ) ;
#4062 = FILL_AREA_STYLE ('',( #4111 ) ) ;
#4063 = AXIS2_PLACEMENT_3D ( 'NONE', #4129, #4128, #4127 ) ;
#4064 = DIRECTION ( 'NONE',  ( 0.0000000000000000000, -1.000000000000000000, 0.0000000000000000000 ) ) ;
#4065 = VECTOR ( 'NONE', #4064, 1000.000000000000000 ) ;
#4066 = CARTESIAN_POINT ( 'NONE',  ( 8.370000000000001000, 10.70000000000000100, -3.469999999999999800 ) ) ;
#4067 = FILL_AREA_STYLE ('',( #4068 ) ) ;
#4068 = FILL_AREA_STYLE_COLOUR ( '', #4069 ) ;
#4069 = COLOUR_RGB ( '',1.000000000000000000, 0.8000000000000000400, 0.3725490196078431500 ) ;
#4070 = AXIS2_PLACEMENT_3D ( 'NONE', #4109, #4108, #4107 ) ;
#4071 = DIRECTION ( 'NONE',  ( 0.0000000000000000000, 0.0000000000000000000, 1.000000000000000000 ) ) ;
#4072 = VECTOR ( 'NONE', #4071, 1000.000000000000000 ) ;
#4073 = CARTESIAN_POINT ( 'NONE',  ( 8.669999999999999900, 10.70000000000000100, -3.769999999999999600 ) ) ;
#4074 = LINE ( 'NONE', #4073, #4072 ) ;
#4075 = PLANE ( 'NONE',  #4070 ) ;
#4076 = DIRECTION ( 'NONE',  ( -0.0000000000000000000, 0.0000000000000000000, -1.000000000000000000 ) ) ;
#4077 = DIRECTION ( 'NONE',  ( 1.000000000000000000, 0.0000000000000000000, -0.0000000000000000000 ) ) ;
#4078 = CARTESIAN_POINT ( 'NONE',  ( 7.670000000000000800, 10.70000000000000100, -3.770000000000006200 ) ) ;
#4079 = AXIS2_PLACEMENT_3D ( 'NONE', #4078, #4077, #4076 ) ;
#4080 = FACE_OUTER_BOUND ( 'NONE', #1106, .T. ) ;
#4081 = COLOUR_RGB ( '',1.000000000000000000, 0.8000000000000000400, 0.3725490196078431500 ) ;
#4082 = SURFACE_SIDE_STYLE ('',( #4083 ) ) ;
#4083 = SURFACE_STYLE_FILL_AREA ( #4067 ) ;
#4084 = LINE ( 'NONE', #4066, #4065 ) ;
#4085 = PLANE ( 'NONE',  #4063 ) ;
#4086 = PLANE ( 'NONE',  #4079 ) ;
#4087 =( GEOMETRIC_REPRESENTATION_CONTEXT ( 3 ) GLOBAL_UNCERTAINTY_ASSIGNED_CONTEXT ( ( #4088 ) ) GLOBAL_UNIT_ASSIGNED_CONTEXT ( ( #3594, #3576, #3808 ) ) REPRESENTATION_CONTEXT ( 'NONE', 'WORKASPACE' ) );
#4088 = UNCERTAINTY_MEASURE_WITH_UNIT (LENGTH_MEASURE( 1.000000000000000100E-005 ), #3594, 'distance_accuracy_value', 'NONE');
#4089 = STYLED_ITEM ( 'NONE', ( #4090 ), #1118 ) ;
#4090 = PRESENTATION_STYLE_ASSIGNMENT (( #4091 ) ) ;
#4091 = SURFACE_STYLE_USAGE ( .BOTH. , #4092 ) ;
#4092 = SURFACE_SIDE_STYLE ('',( #4097 ) ) ;
#4093 = FILL_AREA_STYLE ('',( #4102 ) ) ;
#4094 = FILL_AREA_STYLE_COLOUR ( '', #4095 ) ;
#4095 = COLOUR_RGB ( '',1.000000000000000000, 0.8000000000000000400, 0.3725490196078431500 ) ;
#4096 = PLANE ( 'NONE',  #4135 ) ;
#4097 = SURFACE_STYLE_FILL_AREA ( #4062 ) ;
#4098 = DIRECTION ( 'NONE',  ( 0.0000000000000000000, -1.000000000000000000, 0.0000000000000000000 ) ) ;
#4099 = VECTOR ( 'NONE', #4098, 1000.000000000000000 ) ;
#4100 = CARTESIAN_POINT ( 'NONE',  ( 8.669999999999999900, 10.70000000000000100, -3.769999999999999600 ) ) ;
#4101 = LINE ( 'NONE', #4100, #4099 ) ;
#4102 = FILL_AREA_STYLE_COLOUR ( '', #4182 ) ;
#4103 = DIRECTION ( 'NONE',  ( 0.0000000000000000000, -1.000000000000000000, 0.0000000000000000000 ) ) ;
#4104 = VECTOR ( 'NONE', #4103, 1000.000000000000000 ) ;
#4105 = CARTESIAN_POINT ( 'NONE',  ( 8.370000000000001000, 10.70000000000000100, -3.769999999999999600 ) ) ;
#4106 = LINE ( 'NONE', #4105, #4104 ) ;
#4107 = DIRECTION ( 'NONE',  ( -1.000000000000000000, 0.0000000000000000000, -0.0000000000000000000 ) ) ;
#4108 = DIRECTION ( 'NONE',  ( 0.0000000000000000000, 0.0000000000000000000, -1.000000000000000000 ) ) ;
#4109 = CARTESIAN_POINT ( 'NONE',  ( 8.370000000000001000, 10.70000000000000100, -3.769999999999999600 ) ) ;
#4110 = FACE_OUTER_BOUND ( 'NONE', #1111, .T. ) ;
#4111 = FILL_AREA_STYLE_COLOUR ( '', #4081 ) ;
#4112 = AXIS2_PLACEMENT_3D ( 'NONE', #4194, #4193, #4192 ) ;
#4113 =( GEOMETRIC_REPRESENTATION_CONTEXT ( 3 ) GLOBAL_UNCERTAINTY_ASSIGNED_CONTEXT ( ( #4114 ) ) GLOBAL_UNIT_ASSIGNED_CONTEXT ( ( #4117, #4116, #4115 ) ) REPRESENTATION_CONTEXT ( 'NONE', 'WORKASPACE' ) );
#4114 = UNCERTAINTY_MEASURE_WITH_UNIT (LENGTH_MEASURE( 1.000000000000000100E-005 ), #4117, 'distance_accuracy_value', 'NONE');
#4115 =( NAMED_UNIT ( * ) SI_UNIT ( $, .STERADIAN. ) SOLID_ANGLE_UNIT ( ) );
#4116 =( NAMED_UNIT ( * ) PLANE_ANGLE_UNIT ( ) SI_UNIT ( $, .RADIAN. ) );
#4117 =( LENGTH_UNIT ( ) NAMED_UNIT ( * ) SI_UNIT ( .MILLI., .METRE. ) );
#4118 =( NAMED_UNIT ( * ) PLANE_ANGLE_UNIT ( ) SI_UNIT ( $, .RADIAN. ) );
#4119 =( LENGTH_UNIT ( ) NAMED_UNIT ( * ) SI_UNIT ( .MILLI., .METRE. ) );
#4120 = MECHANICAL_DESIGN_GEOMETRIC_PRESENTATION_REPRESENTATION (  '', ( #4122 ), #4163 ) ;
#4121 = PRESENTATION_LAYER_ASSIGNMENT (  '', '', ( #4122 ) ) ;
#4122 = STYLED_ITEM ( 'NONE', ( #4123 ), #1122 ) ;
#4123 = PRESENTATION_STYLE_ASSIGNMENT (( #4124 ) ) ;
#4124 = SURFACE_STYLE_USAGE ( .BOTH. , #4130 ) ;
#4125 = SURFACE_STYLE_USAGE ( .BOTH. , #4126 ) ;
#4126 = SURFACE_SIDE_STYLE ('',( #4154 ) ) ;
#4127 = DIRECTION ( 'NONE',  ( -0.0000000000000000000, 0.0000000000000000000, -1.000000000000000000 ) ) ;
#4128 = DIRECTION ( 'NONE',  ( 1.000000000000000000, 0.0000000000000000000, -0.0000000000000000000 ) ) ;
#4129 = CARTESIAN_POINT ( 'NONE',  ( 8.669999999999999900, 10.70000000000000100, -3.769999999999999600 ) ) ;
#4130 = SURFACE_SIDE_STYLE ('',( #4131 ) ) ;
#4131 = SURFACE_STYLE_FILL_AREA ( #4134 ) ;
#4132 = CARTESIAN_POINT ( 'NONE',  ( 8.669999999999999900, 10.70000000000000100, -3.469999999999999800 ) ) ;
#4133 = FACE_OUTER_BOUND ( 'NONE', #1134, .T. ) ;
#4134 = FILL_AREA_STYLE ('',( #4094 ) ) ;
#4135 = AXIS2_PLACEMENT_3D ( 'NONE', #4158, #4157, #4156 ) ;
#4136 =( GEOMETRIC_REPRESENTATION_CONTEXT ( 3 ) GLOBAL_UNCERTAINTY_ASSIGNED_CONTEXT ( ( #4137 ) ) GLOBAL_UNIT_ASSIGNED_CONTEXT ( ( #4140, #4139, #4138 ) ) REPRESENTATION_CONTEXT ( 'NONE', 'WORKASPACE' ) );
#4137 = UNCERTAINTY_MEASURE_WITH_UNIT (LENGTH_MEASURE( 1.000000000000000100E-005 ), #4140, 'distance_accuracy_value', 'NONE');
#4138 =( NAMED_UNIT ( * ) SI_UNIT ( $, .STERADIAN. ) SOLID_ANGLE_UNIT ( ) );
#4139 =( NAMED_UNIT ( * ) PLANE_ANGLE_UNIT ( ) SI_UNIT ( $, .RADIAN. ) );
#4140 =( LENGTH_UNIT ( ) NAMED_UNIT ( * ) SI_UNIT ( .MILLI., .METRE. ) );
#4141 = MECHANICAL_DESIGN_GEOMETRIC_PRESENTATION_REPRESENTATION (  '', ( #4089 ), #4136 ) ;
#4142 = PRESENTATION_LAYER_ASSIGNMENT (  '', '', ( #4089 ) ) ;
#4143 =( GEOMETRIC_REPRESENTATION_CONTEXT ( 3 ) GLOBAL_UNCERTAINTY_ASSIGNED_CONTEXT ( ( #4144 ) ) GLOBAL_UNIT_ASSIGNED_CONTEXT ( ( #4147, #4146, #4145 ) ) REPRESENTATION_CONTEXT ( 'NONE', 'WORKASPACE' ) );
#4144 = UNCERTAINTY_MEASURE_WITH_UNIT (LENGTH_MEASURE( 1.000000000000000100E-005 ), #4147, 'distance_accuracy_value', 'NONE');
#4145 =( NAMED_UNIT ( * ) SI_UNIT ( $, .STERADIAN. ) SOLID_ANGLE_UNIT ( ) );
#4146 =( NAMED_UNIT ( * ) PLANE_ANGLE_UNIT ( ) SI_UNIT ( $, .RADIAN. ) );
#4147 =( LENGTH_UNIT ( ) NAMED_UNIT ( * ) SI_UNIT ( .MILLI., .METRE. ) );
#4148 = MECHANICAL_DESIGN_GEOMETRIC_PRESENTATION_REPRESENTATION (  '', ( #4150 ), #4143 ) ;
#4149 = PRESENTATION_LAYER_ASSIGNMENT (  '', '', ( #4150 ) ) ;
#4150 = STYLED_ITEM ( 'NONE', ( #4151 ), #1127 ) ;
#4151 = PRESENTATION_STYLE_ASSIGNMENT (( #4125 ) ) ;
#4152 = AXIS2_PLACEMENT_3D ( 'NONE', #4219, #4218, #4217 ) ;
#4153 = PLANE ( 'NONE',  #4152 ) ;
#4154 = SURFACE_STYLE_FILL_AREA ( #4155 ) ;
#4155 = FILL_AREA_STYLE ('',( #4159 ) ) ;
#4156 = DIRECTION ( 'NONE',  ( 0.0000000000000000000, 0.7071067811865462400, 0.7071067811865489100 ) ) ;
#4157 = DIRECTION ( 'NONE',  ( 0.0000000000000000000, 0.7071067811865489100, -0.7071067811865462400 ) ) ;
#4158 = CARTESIAN_POINT ( 'NONE',  ( 8.669999999999999900, 10.70000000000000100, -3.769999999999999600 ) ) ;
#4159 = FILL_AREA_STYLE_COLOUR ( '', #4160 ) ;
#4160 = COLOUR_RGB ( '',1.000000000000000000, 0.8000000000000000400, 0.3725490196078431500 ) ;
#4161 = FACE_OUTER_BOUND ( 'NONE', #1070, .T. ) ;
#4162 = PLANE ( 'NONE',  #4112 ) ;
#4163 =( GEOMETRIC_REPRESENTATION_CONTEXT ( 3 ) GLOBAL_UNCERTAINTY_ASSIGNED_CONTEXT ( ( #4164 ) ) GLOBAL_UNIT_ASSIGNED_CONTEXT ( ( #4119, #4118, #4165 ) ) REPRESENTATION_CONTEXT ( 'NONE', 'WORKASPACE' ) );
#4164 = UNCERTAINTY_MEASURE_WITH_UNIT (LENGTH_MEASURE( 1.000000000000000100E-005 ), #4119, 'distance_accuracy_value', 'NONE');
#4165 =( NAMED_UNIT ( * ) SI_UNIT ( $, .STERADIAN. ) SOLID_ANGLE_UNIT ( ) );
#4166 =( NAMED_UNIT ( * ) SI_UNIT ( $, .STERADIAN. ) SOLID_ANGLE_UNIT ( ) );
#4167 =( NAMED_UNIT ( * ) PLANE_ANGLE_UNIT ( ) SI_UNIT ( $, .RADIAN. ) );
#4168 =( LENGTH_UNIT ( ) NAMED_UNIT ( * ) SI_UNIT ( .MILLI., .METRE. ) );
#4169 = MECHANICAL_DESIGN_GEOMETRIC_PRESENTATION_REPRESENTATION (  '', ( #4171 ), #4222 ) ;
#4170 = PRESENTATION_LAYER_ASSIGNMENT (  '', '', ( #4171 ) ) ;
#4171 = STYLED_ITEM ( 'NONE', ( #4172 ), #1135 ) ;
#4172 = PRESENTATION_STYLE_ASSIGNMENT (( #4173 ) ) ;
#4173 = SURFACE_STYLE_USAGE ( .BOTH. , #4179 ) ;
#4174 = CIRCLE ( 'NONE', #4214, 0.4250000000000000400 ) ;
#4175 = CARTESIAN_POINT ( 'NONE',  ( 0.0000000000000000000, 0.0000000000000000000, -1.000000000000000900 ) ) ;
#4176 = DIRECTION ( 'NONE',  ( 0.5773502691896264000, -0.5773502691896244000, -0.5773502691896264000 ) ) ;
#4177 = VECTOR ( 'NONE', #4176, 1000.000000000000100 ) ;
#4178 = CARTESIAN_POINT ( 'NONE',  ( 8.669999999999999900, 10.70000000000000100, -3.769999999999999600 ) ) ;
#4179 = SURFACE_SIDE_STYLE ('',( #4180 ) ) ;
#4180 = SURFACE_STYLE_FILL_AREA ( #4093 ) ;
#4181 = LINE ( 'NONE', #4178, #4177 ) ;
#4182 = COLOUR_RGB ( '',1.000000000000000000, 0.8000000000000000400, 0.3725490196078431500 ) ;
#4183 = DIRECTION ( 'NONE',  ( 1.000000000000000000, 0.0000000000000000000, 0.0000000000000000000 ) ) ;
#4184 = VECTOR ( 'NONE', #4183, 1000.000000000000000 ) ;
#4185 = CARTESIAN_POINT ( 'NONE',  ( 8.370000000000001000, 10.70000000000000100, -3.769999999999999600 ) ) ;
#4186 = LINE ( 'NONE', #4185, #4184 ) ;
#4187 = CARTESIAN_POINT ( 'NONE',  ( 8.669999999999999900, 10.70000000000000100, -3.769999999999999600 ) ) ;
#4188 = DIRECTION ( 'NONE',  ( 0.5773502691896264000, -0.5773502691896244000, 0.5773502691896264000 ) ) ;
#4189 = VECTOR ( 'NONE', #4188, 1000.000000000000100 ) ;
#4190 = CARTESIAN_POINT ( 'NONE',  ( 8.669999999999999900, 10.70000000000000100, -3.469999999999999800 ) ) ;
#4191 = LINE ( 'NONE', #4190, #4189 ) ;
#4192 = DIRECTION ( 'NONE',  ( 0.0000000000000000000, -0.7071067811865462400, 0.7071067811865489100 ) ) ;
#4193 = DIRECTION ( 'NONE',  ( 0.0000000000000000000, 0.7071067811865489100, 0.7071067811865462400 ) ) ;
#4194 = CARTESIAN_POINT ( 'NONE',  ( 8.370000000000001000, 10.70000000000000100, -3.469999999999999800 ) ) ;
#4195 = FACE_OUTER_BOUND ( 'NONE', #1126, .T. ) ;
#4196 = AXIS2_PLACEMENT_3D ( 'NONE', #4250, #4200, #4236 ) ;
#4197 = FACE_OUTER_BOUND ( 'NONE', #4, .T. ) ;
#4198 = DIRECTION ( 'NONE',  ( 0.0000000000000000000, 0.0000000000000000000, 1.000000000000000000 ) ) ;
#4199 = DIRECTION ( 'NONE',  ( 0.0000000000000000000, 1.000000000000000000, 0.0000000000000000000 ) ) ;
#4200 = DIRECTION ( 'NONE',  ( -1.000000000000000000, 0.0000000000000000000, 0.0000000000000000000 ) ) ;
#4201 = CARTESIAN_POINT ( 'NONE',  ( 10.00000000000000000, 7.300000000000000700, -3.850000000000001900 ) ) ;
#4202 = PLANE ( 'NONE',  #4213 ) ;
#4203 = CARTESIAN_POINT ( 'NONE',  ( 10.00000000000000200, 8.500000000000000000, -3.849999999999999600 ) ) ;
#4204 = CARTESIAN_POINT ( 'NONE',  ( 0.0000000000000000000, 6.700000000000001100, -5.000000000000001800 ) ) ;
#4205 = DIRECTION ( 'NONE',  ( 0.0000000000000000000, 1.000000000000000000, 0.0000000000000000000 ) ) ;
#4206 = VECTOR ( 'NONE', #4205, 1000.000000000000000 ) ;
#4207 = CARTESIAN_POINT ( 'NONE',  ( 11.27394059929665100, 7.300000000000000700, -2.824933143980407300 ) ) ;
#4208 = LINE ( 'NONE', #4207, #4206 ) ;
#4209 = LINE ( 'NONE', #4201, #4249 ) ;
#4210 = FILL_AREA_STYLE_COLOUR ( '', #4227 ) ;
#4211 = DIRECTION ( 'NONE',  ( -0.0000000000000000000, -1.000000000000000000, -0.0000000000000000000 ) ) ;
#4212 = VECTOR ( 'NONE', #4211, 1000.000000000000000 ) ;
#4213 = AXIS2_PLACEMENT_3D ( 'NONE', #4253, #4252, #4251 ) ;
#4214 = AXIS2_PLACEMENT_3D ( 'NONE', #4220, #4199, #4198 ) ;
#4215 = CARTESIAN_POINT ( 'NONE',  ( 10.72621805810789300, 7.300000000000000700, -2.825066836656381600 ) ) ;
#4216 = LINE ( 'NONE', #4215, #4212 ) ;
#4217 = DIRECTION ( 'NONE',  ( -0.7071067811865489100, 0.7071067811865462400, 0.0000000000000000000 ) ) ;
#4218 = DIRECTION ( 'NONE',  ( 0.7071067811865462400, 0.7071067811865489100, 0.0000000000000000000 ) ) ;
#4219 = CARTESIAN_POINT ( 'NONE',  ( 8.669999999999999900, 10.70000000000000100, -3.469999999999999800 ) ) ;
#4220 = CARTESIAN_POINT ( 'NONE',  ( 11.00000000000000000, 8.500000000000000000, -2.499999999999999600 ) ) ;
#4221 = CARTESIAN_POINT ( 'NONE',  ( 1.084202172485504400E-016, 8.500000000000000000, -3.999999999999998200 ) ) ;
#4222 =( GEOMETRIC_REPRESENTATION_CONTEXT ( 3 ) GLOBAL_UNCERTAINTY_ASSIGNED_CONTEXT ( ( #4223 ) ) GLOBAL_UNIT_ASSIGNED_CONTEXT ( ( #4168, #4167, #4166 ) ) REPRESENTATION_CONTEXT ( 'NONE', 'WORKASPACE' ) );
#4223 = UNCERTAINTY_MEASURE_WITH_UNIT (LENGTH_MEASURE( 1.000000000000000100E-005 ), #4168, 'distance_accuracy_value', 'NONE');
#4224 = FACE_OUTER_BOUND ( 'NONE', #1110, .T. ) ;
#4225 = DIRECTION ( 'NONE',  ( -0.0000000000000000000, -1.000000000000000000, -0.0000000000000000000 ) ) ;
#4226 = VECTOR ( 'NONE', #4225, 1000.000000000000000 ) ;
#4227 = COLOUR_RGB ( '',1.000000000000000000, 0.8000000000000000400, 0.3725490196078431500 ) ;
#4228 = PRESENTATION_LAYER_ASSIGNMENT (  '', '', ( #4266 ) ) ;
#4229 = FILL_AREA_STYLE ('',( #4281 ) ) ;
#4230 = DIRECTION ( 'NONE',  ( 0.0000000000000000000, 1.000000000000000000, 0.0000000000000000000 ) ) ;
#4231 = VECTOR ( 'NONE', #4230, 1000.000000000000000 ) ;
#4232 = CARTESIAN_POINT ( 'NONE',  ( 10.00000000000000200, 8.500000000000000000, 0.0000000000000000000 ) ) ;
#4233 = LINE ( 'NONE', #4232, #4226 ) ;
#4234 = SURFACE_STYLE_FILL_AREA ( #4235 ) ;
#4235 = FILL_AREA_STYLE ('',( #4210 ) ) ;
#4236 = DIRECTION ( 'NONE',  ( 0.0000000000000000000, 0.0000000000000000000, 1.000000000000000000 ) ) ;
#4237 = CARTESIAN_POINT ( 'NONE',  ( 10.00000000000000200, 8.500000000000000000, -4.000000000000000000 ) ) ;
#4238 = PLANE ( 'NONE',  #4284 ) ;
#4239 = CARTESIAN_POINT ( 'NONE',  ( 10.00000000000000200, 0.0000000000000000000, -4.000000000000000000 ) ) ;
#4240 = CARTESIAN_POINT ( 'NONE',  ( 10.00000000000000200, 8.500000000000000000, -4.000000000000000000 ) ) ;
#4241 = LINE ( 'NONE', #4237, #4231 ) ;
#4242 = FACE_OUTER_BOUND ( 'NONE', #1153, .T. ) ;
#4243 = PLANE ( 'NONE',  #4196 ) ;
#4244 = DIRECTION ( 'NONE',  ( 0.0000000000000000000, 0.0000000000000000000, -1.000000000000000000 ) ) ;
#4245 = VECTOR ( 'NONE', #4244, 1000.000000000000000 ) ;
#4246 = CARTESIAN_POINT ( 'NONE',  ( 10.00000000000000200, 8.500000000000000000, 0.0000000000000000000 ) ) ;
#4247 = LINE ( 'NONE', #4246, #4245 ) ;
#4248 = DIRECTION ( 'NONE',  ( 0.0000000000000000000, 1.000000000000000000, 0.0000000000000000000 ) ) ;
#4249 = VECTOR ( 'NONE', #4248, 1000.000000000000000 ) ;
#4250 = CARTESIAN_POINT ( 'NONE',  ( 10.00000000000000200, 8.500000000000000000, 0.0000000000000000000 ) ) ;
#4251 = DIRECTION ( 'NONE',  ( 0.0000000000000000000, 0.0000000000000000000, 1.000000000000000000 ) ) ;
#4252 = DIRECTION ( 'NONE',  ( -1.000000000000000000, 0.0000000000000000000, 0.0000000000000000000 ) ) ;
#4253 = CARTESIAN_POINT ( 'NONE',  ( 10.00000000000000200, 8.500000000000000000, 0.0000000000000000000 ) ) ;
#4254 = CARTESIAN_POINT ( 'NONE',  ( 0.0000000000000000000, 6.700000000000001100, -4.800000000000001600 ) ) ;
#4255 = MECHANICAL_DESIGN_GEOMETRIC_PRESENTATION_REPRESENTATION (  '', ( #4257 ), #4318 ) ;
#4256 = PRESENTATION_LAYER_ASSIGNMENT (  '', '', ( #4257 ) ) ;
#4257 = STYLED_ITEM ( 'NONE', ( #4258 ), #1167 ) ;
#4258 = PRESENTATION_STYLE_ASSIGNMENT (( #4259 ) ) ;
#4259 = SURFACE_STYLE_USAGE ( .BOTH. , #4260 ) ;
#4260 = SURFACE_SIDE_STYLE ('',( #4261 ) ) ;
#4261 = SURFACE_STYLE_FILL_AREA ( #4229 ) ;
#4262 =( LENGTH_UNIT ( ) NAMED_UNIT ( * ) SI_UNIT ( .MILLI., .METRE. ) );
#4263 = DIRECTION ( 'NONE',  ( -0.0000000000000000000, 0.0000000000000000000, 1.000000000000000000 ) ) ;
#4264 = DIRECTION ( 'NONE',  ( -1.000000000000000000, 0.0000000000000000000, -0.0000000000000000000 ) ) ;
#4265 = CARTESIAN_POINT ( 'NONE',  ( 8.370000000000001000, 10.70000000000000100, -3.469999999999999800 ) ) ;
#4266 = STYLED_ITEM ( 'NONE', ( #4283 ), #5012 ) ;
#4267 = CARTESIAN_POINT ( 'NONE',  ( 7.000000000000010700, 0.0000000000000000000, 1.999999999999997300 ) ) ;
#4268 = LINE ( 'NONE', #4267, #4511 ) ;
#4269 = MECHANICAL_DESIGN_GEOMETRIC_PRESENTATION_REPRESENTATION (  '', ( #4266 ), #4791 ) ;
#4270 =( GEOMETRIC_REPRESENTATION_CONTEXT ( 3 ) GLOBAL_UNCERTAINTY_ASSIGNED_CONTEXT ( ( #4271 ) ) GLOBAL_UNIT_ASSIGNED_CONTEXT ( ( #4274, #4273, #4272 ) ) REPRESENTATION_CONTEXT ( 'NONE', 'WORKASPACE' ) );
#4271 = UNCERTAINTY_MEASURE_WITH_UNIT (LENGTH_MEASURE( 1.000000000000000100E-005 ), #4274, 'distance_accuracy_value', 'NONE');
#4272 =( NAMED_UNIT ( * ) SI_UNIT ( $, .STERADIAN. ) SOLID_ANGLE_UNIT ( ) );
#4273 =( NAMED_UNIT ( * ) PLANE_ANGLE_UNIT ( ) SI_UNIT ( $, .RADIAN. ) );
#4274 =( LENGTH_UNIT ( ) NAMED_UNIT ( * ) SI_UNIT ( .MILLI., .METRE. ) );
#4275 = MECHANICAL_DESIGN_GEOMETRIC_PRESENTATION_REPRESENTATION (  '', ( #4277 ), #4270 ) ;
#4276 = PRESENTATION_LAYER_ASSIGNMENT (  '', '', ( #4277 ) ) ;
#4277 = STYLED_ITEM ( 'NONE', ( #4278 ), #1163 ) ;
#4278 = PRESENTATION_STYLE_ASSIGNMENT (( #4279 ) ) ;
#4279 = SURFACE_STYLE_USAGE ( .BOTH. , #4280 ) ;
#4280 = SURFACE_SIDE_STYLE ('',( #4234 ) ) ;
#4281 = FILL_AREA_STYLE_COLOUR ( '', #4282 ) ;
#4282 = COLOUR_RGB ( '',1.000000000000000000, 0.8000000000000000400, 0.1215686274509803900 ) ;
#4283 = PRESENTATION_STYLE_ASSIGNMENT (( #4747 ) ) ;
#4284 = AXIS2_PLACEMENT_3D ( 'NONE', #4265, #4264, #4263 ) ;
#4285 = DIRECTION ( 'NONE',  ( 0.0000000000000000000, 0.0000000000000000000, 1.000000000000000000 ) ) ;
#4286 = VECTOR ( 'NONE', #4285, 1000.000000000000000 ) ;
#4287 = CARTESIAN_POINT ( 'NONE',  ( 10.00000000000000200, 1.700000000000000200, -0.2000000000000006800 ) ) ;
#4288 = LINE ( 'NONE', #4287, #4286 ) ;
#4289 = FACE_OUTER_BOUND ( 'NONE', #1165, .T. ) ;
#4290 =( LENGTH_UNIT ( ) NAMED_UNIT ( * ) SI_UNIT ( .MILLI., .METRE. ) );
#4291 = MECHANICAL_DESIGN_GEOMETRIC_PRESENTATION_REPRESENTATION (  '', ( #4293 ), #4338 ) ;
#4292 = PRESENTATION_LAYER_ASSIGNMENT (  '', '', ( #4293 ) ) ;
#4293 = STYLED_ITEM ( 'NONE', ( #4294 ), #1173 ) ;
#4294 = PRESENTATION_STYLE_ASSIGNMENT (( #4295 ) ) ;
#4295 = SURFACE_STYLE_USAGE ( .BOTH. , #4296 ) ;
#4296 = SURFACE_SIDE_STYLE ('',( #4297 ) ) ;
#4297 = SURFACE_STYLE_FILL_AREA ( #4298 ) ;
#4298 = FILL_AREA_STYLE ('',( #4312 ) ) ;
#4299 = PLANE ( 'NONE',  #4317 ) ;
#4300 = CARTESIAN_POINT ( 'NONE',  ( 10.00000000000000200, 8.500000000000000000, 0.0000000000000000000 ) ) ;
#4301 = LINE ( 'NONE', #4300, #4354 ) ;
#4302 = DIRECTION ( 'NONE',  ( 0.0000000000000000000, -1.000000000000000000, 0.0000000000000000000 ) ) ;
#4303 = VECTOR ( 'NONE', #4302, 1000.000000000000000 ) ;
#4304 = CARTESIAN_POINT ( 'NONE',  ( 8.669999999999999900, 10.70000000000000100, -3.469999999999999800 ) ) ;
#4305 = LINE ( 'NONE', #4304, #4303 ) ;
#4306 = AXIS2_PLACEMENT_3D ( 'NONE', #4370, #4369, #4368 ) ;
#4307 = FILL_AREA_STYLE_COLOUR ( '', #4332 ) ;
#4308 = DIRECTION ( 'NONE',  ( 0.0000000000000000000, 0.0000000000000000000, -1.000000000000000000 ) ) ;
#4309 = DIRECTION ( 'NONE',  ( 0.0000000000000000000, -1.000000000000000000, 0.0000000000000000000 ) ) ;
#4310 = CARTESIAN_POINT ( 'NONE',  ( 10.67492068097933200, 7.200000000000001100, -2.175079338383875800 ) ) ;
#4311 = AXIS2_PLACEMENT_3D ( 'NONE', #4310, #4309, #4308 ) ;
#4312 = FILL_AREA_STYLE_COLOUR ( '', #4315 ) ;
#4313 = FACE_OUTER_BOUND ( 'NONE', #1189, .T. ) ;
#4314 = FACE_OUTER_BOUND ( 'NONE', #1170, .T. ) ;
#4315 = COLOUR_RGB ( '',1.000000000000000000, 0.8000000000000000400, 0.3725490196078431500 ) ;
#4316 = PLANE ( 'NONE',  #4311 ) ;
#4317 = AXIS2_PLACEMENT_3D ( 'NONE', #4335, #4334, #4333 ) ;
#4318 =( GEOMETRIC_REPRESENTATION_CONTEXT ( 3 ) GLOBAL_UNCERTAINTY_ASSIGNED_CONTEXT ( ( #4319 ) ) GLOBAL_UNIT_ASSIGNED_CONTEXT ( ( #4052, #4036, #96 ) ) REPRESENTATION_CONTEXT ( 'NONE', 'WORKASPACE' ) );
#4319 = UNCERTAINTY_MEASURE_WITH_UNIT (LENGTH_MEASURE( 1.000000000000000100E-005 ), #4052, 'distance_accuracy_value', 'NONE');
#4320 = UNCERTAINTY_MEASURE_WITH_UNIT (LENGTH_MEASURE( 1.000000000000000100E-005 ), #4323, 'distance_accuracy_value', 'NONE');
#4321 =( NAMED_UNIT ( * ) SI_UNIT ( $, .STERADIAN. ) SOLID_ANGLE_UNIT ( ) );
#4322 =( NAMED_UNIT ( * ) PLANE_ANGLE_UNIT ( ) SI_UNIT ( $, .RADIAN. ) );
#4323 =( LENGTH_UNIT ( ) NAMED_UNIT ( * ) SI_UNIT ( .MILLI., .METRE. ) );
#4324 = MECHANICAL_DESIGN_GEOMETRIC_PRESENTATION_REPRESENTATION (  '', ( #4326 ), #4371 ) ;
#4325 = PRESENTATION_LAYER_ASSIGNMENT (  '', '', ( #4326 ) ) ;
#4326 = STYLED_ITEM ( 'NONE', ( #4327 ), #1176 ) ;
#4327 = PRESENTATION_STYLE_ASSIGNMENT (( #4328 ) ) ;
#4328 = SURFACE_STYLE_USAGE ( .BOTH. , #4329 ) ;
#4329 = SURFACE_SIDE_STYLE ('',( #4330 ) ) ;
#4330 = SURFACE_STYLE_FILL_AREA ( #4331 ) ;
#4331 = FILL_AREA_STYLE ('',( #4307 ) ) ;
#4332 = COLOUR_RGB ( '',1.000000000000000000, 0.8000000000000000400, 0.3725490196078431500 ) ;
#4333 = DIRECTION ( 'NONE',  ( 1.000000000000000000, 0.0000000000000000000, -0.0000000000000000000 ) ) ;
#4334 = DIRECTION ( 'NONE',  ( 0.0000000000000000000, 0.0000000000000000000, 1.000000000000000000 ) ) ;
#4335 = CARTESIAN_POINT ( 'NONE',  ( 8.669999999999999900, 10.70000000000000100, -3.469999999999999800 ) ) ;
#4336 = CARTESIAN_POINT ( 'NONE',  ( 10.67507933838387400, 10.70000000000000100, -2.825079319020666000 ) ) ;
#4337 = PLANE ( 'NONE',  #4306 ) ;
#4338 =( GEOMETRIC_REPRESENTATION_CONTEXT ( 3 ) GLOBAL_UNCERTAINTY_ASSIGNED_CONTEXT ( ( #4339 ) ) GLOBAL_UNIT_ASSIGNED_CONTEXT ( ( #4290, #4341, #4340 ) ) REPRESENTATION_CONTEXT ( 'NONE', 'WORKASPACE' ) );
#4339 = UNCERTAINTY_MEASURE_WITH_UNIT (LENGTH_MEASURE( 1.000000000000000100E-005 ), #4290, 'distance_accuracy_value', 'NONE');
#4340 =( NAMED_UNIT ( * ) SI_UNIT ( $, .STERADIAN. ) SOLID_ANGLE_UNIT ( ) );
#4341 =( NAMED_UNIT ( * ) PLANE_ANGLE_UNIT ( ) SI_UNIT ( $, .RADIAN. ) );
#4342 = VECTOR ( 'NONE', #4400, 1000.000000000000000 ) ;
#4343 = PLANE ( 'NONE',  #4393 ) ;
#4344 = CARTESIAN_POINT ( 'NONE',  ( 0.0000000000000000000, 8.500000000000000000, 0.0000000000000000000 ) ) ;
#4345 = LINE ( 'NONE', #4344, #4387 ) ;
#4346 = CARTESIAN_POINT ( 'NONE',  ( 0.0000000000000000000, 0.0000000000000000000, -5.000000000000000900 ) ) ;
#4347 = LINE ( 'NONE', #4396, #4395 ) ;
#4348 = LINE ( 'NONE', #4352, #4399 ) ;
#4349 = CARTESIAN_POINT ( 'NONE',  ( 10.67507933838387600, 7.200000000000001100, -2.825079319020666000 ) ) ;
#4350 = LINE ( 'NONE', #4349, #4342 ) ;
#4351 = DIRECTION ( 'NONE',  ( 0.0000000000000000000, 1.000000000000000000, 0.0000000000000000000 ) ) ;
#4352 = CARTESIAN_POINT ( 'NONE',  ( 10.30000000000000200, 7.300000000000000700, -3.549999999999999800 ) ) ;
#4353 = DIRECTION ( 'NONE',  ( 0.0000000000000000000, 0.0000000000000000000, -1.000000000000000000 ) ) ;
#4354 = VECTOR ( 'NONE', #4353, 1000.000000000000000 ) ;
#4355 = DIRECTION ( 'NONE',  ( 0.9999999702104468400, 0.0000000000000000000, 0.0002440883146812271500 ) ) ;
#4356 = VECTOR ( 'NONE', #4355, 1000.000000000000200 ) ;
#4357 = CARTESIAN_POINT ( 'NONE',  ( 10.67507933838387400, 10.70000000000000100, -2.825079319020666000 ) ) ;
#4358 = LINE ( 'NONE', #4357, #4356 ) ;
#4359 = CARTESIAN_POINT ( 'NONE',  ( 9.700000000000002800, 8.500000000000000000, -4.300000000000000700 ) ) ;
#4360 = DIRECTION ( 'NONE',  ( 0.0000000000000000000, -1.000000000000000000, 0.0000000000000000000 ) ) ;
#4361 = VECTOR ( 'NONE', #4360, 1000.000000000000000 ) ;
#4362 = CARTESIAN_POINT ( 'NONE',  ( 10.67507933838387400, 10.70000000000000100, -2.825079319020666000 ) ) ;
#4363 = LINE ( 'NONE', #4362, #4361 ) ;
#4364 = DIRECTION ( 'NONE',  ( 0.0002440883146805608000, 0.0000000000000000000, -0.9999999702104468400 ) ) ;
#4365 = VECTOR ( 'NONE', #4364, 1000.000000000000200 ) ;
#4366 = CARTESIAN_POINT ( 'NONE',  ( 10.67492068097933200, 10.70000000000000100, -2.175079338383875800 ) ) ;
#4367 = LINE ( 'NONE', #4366, #4365 ) ;
#4368 = DIRECTION ( 'NONE',  ( -0.0002440883146805608000, 0.0000000000000000000, 0.9999999702104468400 ) ) ;
#4369 = DIRECTION ( 'NONE',  ( -0.9999999702104469500, 0.0000000000000000000, -0.0002440883146805608200 ) ) ;
#4370 = CARTESIAN_POINT ( 'NONE',  ( 10.67492068097933200, 10.70000000000000100, -2.175079338383875800 ) ) ;
#4371 =( GEOMETRIC_REPRESENTATION_CONTEXT ( 3 ) GLOBAL_UNCERTAINTY_ASSIGNED_CONTEXT ( ( #4320 ) ) GLOBAL_UNIT_ASSIGNED_CONTEXT ( ( #4323, #4322, #4321 ) ) REPRESENTATION_CONTEXT ( 'NONE', 'WORKASPACE' ) );
#4372 = CARTESIAN_POINT ( 'NONE',  ( 10.00000000000000200, 8.500000000000000000, -1.000000000000000400 ) ) ;
#4373 = DIRECTION ( 'NONE',  ( 0.0000000000000000000, 0.0000000000000000000, -1.000000000000000000 ) ) ;
#4374 = DIRECTION ( 'NONE',  ( 1.000000000000000000, -0.0000000000000000000, 0.0000000000000000000 ) ) ;
#4375 = CARTESIAN_POINT ( 'NONE',  ( 0.0000000000000000000, 8.500000000000000000, 0.0000000000000000000 ) ) ;
#4376 = CARTESIAN_POINT ( 'NONE',  ( 0.0000000000000000000, 8.500000000000000000, -5.000000000000000900 ) ) ;
#4377 = CARTESIAN_POINT ( 'NONE',  ( 10.00000000000000200, 0.0000000000000000000, -0.9999999999999986700 ) ) ;
#4378 = CARTESIAN_POINT ( 'NONE',  ( 10.00000000000000000, 8.500000000000000000, -0.9999999999999995600 ) ) ;
#4379 = DIRECTION ( 'NONE',  ( 0.0000000000000000000, 1.000000000000000000, 0.0000000000000000000 ) ) ;
#4380 = VECTOR ( 'NONE', #4379, 1000.000000000000000 ) ;
#4381 = CARTESIAN_POINT ( 'NONE',  ( 0.0000000000000000000, 8.500000000000000000, -4.599999999999997900 ) ) ;
#4382 = LINE ( 'NONE', #4381, #4428 ) ;
#4383 = CARTESIAN_POINT ( 'NONE',  ( 10.00000000000000000, 7.300000000000000700, -1.149999999999997500 ) ) ;
#4384 = FACE_OUTER_BOUND ( 'NONE', #1217, .T. ) ;
#4385 = DIRECTION ( 'NONE',  ( -0.0000000000000000000, -0.0000000000000000000, 1.000000000000000000 ) ) ;
#4386 = LINE ( 'NONE', #4372, #4420 ) ;
#4387 = VECTOR ( 'NONE', #4385, 1000.000000000000000 ) ;
#4388 = DIRECTION ( 'NONE',  ( 0.0000000000000000000, 0.0000000000000000000, -1.000000000000000000 ) ) ;
#4389 = VECTOR ( 'NONE', #4388, 1000.000000000000000 ) ;
#4390 = CARTESIAN_POINT ( 'NONE',  ( 10.00000000000000200, 8.500000000000000000, 0.0000000000000000000 ) ) ;
#4391 = LINE ( 'NONE', #4383, #4380 ) ;
#4392 = CARTESIAN_POINT ( 'NONE',  ( 2.710505431213761100E-017, 8.500000000000000000, -4.599999999999997900 ) ) ;
#4393 = AXIS2_PLACEMENT_3D ( 'NONE', #4375, #4374, #4373 ) ;
#4394 = DIRECTION ( 'NONE',  ( 0.0000000000000000000, 0.0000000000000000000, -1.000000000000000000 ) ) ;
#4395 = VECTOR ( 'NONE', #4394, 1000.000000000000000 ) ;
#4396 = CARTESIAN_POINT ( 'NONE',  ( 0.0000000000000000000, 6.700000000000001100, 0.0000000000000000000 ) ) ;
#4397 = LINE ( 'NONE', #4390, #4389 ) ;
#4398 = CARTESIAN_POINT ( 'NONE',  ( 8.499999999999996400, 7.000000000000000900, -0.4000000000000001900 ) ) ;
#4399 = VECTOR ( 'NONE', #4351, 1000.000000000000000 ) ;
#4400 = DIRECTION ( 'NONE',  ( -0.0000000000000000000, 1.000000000000000000, -0.0000000000000000000 ) ) ;
#4401 = CARTESIAN_POINT ( 'NONE',  ( 0.0000000000000000000, 8.500000000000000000, -1.000000000000000900 ) ) ;
#4402 = CARTESIAN_POINT ( 'NONE',  ( 10.00000000000000000, 8.500000000000000000, -1.149999999999997500 ) ) ;
#4403 = CARTESIAN_POINT ( 'NONE',  ( 0.0000000000000000000, 8.500000000000000000, -1.000000000000001100 ) ) ;
#4404 = LINE ( 'NONE', #4403, #4458 ) ;
#4405 = DIRECTION ( 'NONE',  ( -1.000000000000000000, 0.0000000000000000000, -0.0000000000000000000 ) ) ;
#4406 = DIRECTION ( 'NONE',  ( 0.0000000000000000000, 0.0000000000000000000, -1.000000000000000000 ) ) ;
#4407 = DIRECTION ( 'NONE',  ( -0.0000000000000000000, -0.0000000000000000000, 1.000000000000000000 ) ) ;
#4408 = VECTOR ( 'NONE', #4407, 1000.000000000000000 ) ;
#4409 = CARTESIAN_POINT ( 'NONE',  ( 0.0000000000000000000, 0.0000000000000000000, 0.0000000000000000000 ) ) ;
#4410 = LINE ( 'NONE', #4409, #4408 ) ;
#4411 = AXIS2_PLACEMENT_3D ( 'NONE', #4398, #4406, #4405 ) ;
#4412 = DIRECTION ( 'NONE',  ( -0.0000000000000000000, -1.000000000000000000, -0.0000000000000000000 ) ) ;
#4413 = PLANE ( 'NONE',  #4411 ) ;
#4414 = CARTESIAN_POINT ( 'NONE',  ( 10.72621805810789300, 8.500000000000000000, -2.825066836656381600 ) ) ;
#4415 = CARTESIAN_POINT ( 'NONE',  ( -0.2423307018695475300, 8.500000000000000000, -0.1576692981304539900 ) ) ;
#4416 = VECTOR ( 'NONE', #4412, 1000.000000000000000 ) ;
#4417 = CARTESIAN_POINT ( 'NONE',  ( 0.0000000000000000000, 8.500000000000000000, -5.000000000000000900 ) ) ;
#4418 = LINE ( 'NONE', #4417, #4416 ) ;
#4419 = DIRECTION ( 'NONE',  ( 0.0000000000000000000, -1.000000000000000000, 0.0000000000000000000 ) ) ;
#4420 = VECTOR ( 'NONE', #4419, 1000.000000000000000 ) ;
#4421 = DIRECTION ( 'NONE',  ( 0.0000000000000000000, 0.0000000000000000000, -1.000000000000000000 ) ) ;
#4422 = VECTOR ( 'NONE', #4421, 1000.000000000000000 ) ;
#4423 = CARTESIAN_POINT ( 'NONE',  ( 10.00000000000000200, 0.0000000000000000000, 0.0000000000000000000 ) ) ;
#4424 = LINE ( 'NONE', #4423, #4422 ) ;
#4425 = CARTESIAN_POINT ( 'NONE',  ( -2.710505431213761100E-017, 0.0000000000000000000, -4.599999999999997900 ) ) ;
#4426 = FACE_OUTER_BOUND ( 'NONE', #1225, .T. ) ;
#4427 = DIRECTION ( 'NONE',  ( 0.0000000000000000000, 1.000000000000000000, 0.0000000000000000000 ) ) ;
#4428 = VECTOR ( 'NONE', #4427, 1000.000000000000000 ) ;
#4429 = LINE ( 'NONE', #4441, #4483 ) ;
#4430 = DIRECTION ( 'NONE',  ( 0.7071067811865503500, -0.0000000000000000000, 0.7071067811865446900 ) ) ;
#4431 = VECTOR ( 'NONE', #4430, 1000.000000000000200 ) ;
#4432 = CARTESIAN_POINT ( 'NONE',  ( 10.24233070186955200, 8.500000000000000000, -0.1576692981304552700 ) ) ;
#4433 = LINE ( 'NONE', #4432, #4431 ) ;
#4434 = LINE ( 'NONE', #4415, #4438 ) ;
#4435 = DIRECTION ( 'NONE',  ( 0.0000000000000000000, 0.0000000000000000000, -1.000000000000000000 ) ) ;
#4436 = DIRECTION ( 'NONE',  ( 1.000000000000000000, -0.0000000000000000000, 0.0000000000000000000 ) ) ;
#4437 = CARTESIAN_POINT ( 'NONE',  ( 0.0000000000000000000, 8.500000000000000000, 0.0000000000000000000 ) ) ;
#4438 = VECTOR ( 'NONE', #4490, 1000.000000000000000 ) ;
#4439 = CARTESIAN_POINT ( 'NONE',  ( 0.3000000000000001000, 8.500000000000000000, -4.299999999999999800 ) ) ;
#4440 = VECTOR ( 'NONE', #4486, 1000.000000000000100 ) ;
#4441 = CARTESIAN_POINT ( 'NONE',  ( 9.700000000000002800, 8.500000000000000000, -0.7000000000000000700 ) ) ;
#4442 = PLANE ( 'NONE',  #4459 ) ;
#4443 = VECTOR ( 'NONE', #4445, 1000.000000000000000 ) ;
#4444 = FACE_OUTER_BOUND ( 'NONE', #371, .T. ) ;
#4445 = DIRECTION ( 'NONE',  ( -0.0000000000000000000, -0.0000000000000000000, 1.000000000000000000 ) ) ;
#4446 = CARTESIAN_POINT ( 'NONE',  ( 0.0000000000000000000, 8.500000000000000000, 0.0000000000000000000 ) ) ;
#4447 = DIRECTION ( 'NONE',  ( -0.0000000000000000000, -1.000000000000000000, 0.0000000000000000000 ) ) ;
#4448 = VECTOR ( 'NONE', #4447, 1000.000000000000000 ) ;
#4449 = CARTESIAN_POINT ( 'NONE',  ( 0.0000000000000000000, 8.500000000000000000, -3.999999999999998200 ) ) ;
#4450 = CARTESIAN_POINT ( 'NONE',  ( 0.3000000000000001000, 8.500000000000000000, -4.299999999999999800 ) ) ;
#4451 = LINE ( 'NONE', #4446, #4443 ) ;
#4452 = LINE ( 'NONE', #4449, #4448 ) ;
#4453 = DIRECTION ( 'NONE',  ( -0.0000000000000000000, -0.0000000000000000000, 1.000000000000000000 ) ) ;
#4454 = VECTOR ( 'NONE', #4453, 1000.000000000000000 ) ;
#4455 = CARTESIAN_POINT ( 'NONE',  ( 0.0000000000000000000, 0.0000000000000000000, 0.0000000000000000000 ) ) ;
#4456 = LINE ( 'NONE', #4455, #4454 ) ;
#4457 = DIRECTION ( 'NONE',  ( 0.0000000000000000000, 1.000000000000000000, 0.0000000000000000000 ) ) ;
#4458 = VECTOR ( 'NONE', #4457, 1000.000000000000000 ) ;
#4459 = AXIS2_PLACEMENT_3D ( 'NONE', #4437, #4436, #4435 ) ;
#4460 = CARTESIAN_POINT ( 'NONE',  ( 0.0000000000000000000, 0.0000000000000000000, -3.999999999999999100 ) ) ;
#4461 = DIRECTION ( 'NONE',  ( 0.0000000000000000000, 0.0000000000000000000, 1.000000000000000000 ) ) ;
#4462 = DIRECTION ( 'NONE',  ( -0.0000000000000000000, -1.000000000000000000, -0.0000000000000000000 ) ) ;
#4463 = AXIS2_PLACEMENT_3D ( 'NONE', #4484, #4462, #4461 ) ;
#4464 = CARTESIAN_POINT ( 'NONE',  ( 0.3000000000000016500, 8.500000000000000000, -0.6999999999999989600 ) ) ;
#4465 = CARTESIAN_POINT ( 'NONE',  ( 10.00000000000000200, 8.500000000000000000, -5.000000000000000900 ) ) ;
#4466 = DIRECTION ( 'NONE',  ( 1.000000000000000000, 0.0000000000000000000, 0.0000000000000000000 ) ) ;
#4467 = VECTOR ( 'NONE', #4466, 1000.000000000000000 ) ;
#4468 = CIRCLE ( 'NONE', #4463, 0.2999999999999999300 ) ;
#4469 = CARTESIAN_POINT ( 'NONE',  ( 0.0000000000000000000, 8.500000000000000000, -0.3999999999999996300 ) ) ;
#4470 = CARTESIAN_POINT ( 'NONE',  ( 12.00000000000000000, 8.500000000000000000, -3.250000000000000000 ) ) ;
#4471 = DIRECTION ( 'NONE',  ( -0.7071067811865470200, 0.0000000000000000000, -0.7071067811865480200 ) ) ;
#4472 = VECTOR ( 'NONE', #4471, 1000.000000000000000 ) ;
#4473 = CARTESIAN_POINT ( 'NONE',  ( 0.3000000000000016500, 8.500000000000000000, -0.6999999999999989600 ) ) ;
#4474 = CARTESIAN_POINT ( 'NONE',  ( 0.0000000000000000000, 8.500000000000000000, 0.0000000000000000000 ) ) ;
#4475 = CARTESIAN_POINT ( 'NONE',  ( 11.70000000000000100, 8.500000000000000000, -1.449999999999999500 ) ) ;
#4476 = DIRECTION ( 'NONE',  ( -0.7071067811865496800, -0.0000000000000000000, -0.7071067811865454600 ) ) ;
#4477 = VECTOR ( 'NONE', #4476, 1000.000000000000100 ) ;
#4478 = CARTESIAN_POINT ( 'NONE',  ( -0.2423307018695480300, 8.500000000000000000, -4.842330701869545200 ) ) ;
#4479 = LINE ( 'NONE', #4478, #4477 ) ;
#4480 = LINE ( 'NONE', #4473, #4472 ) ;
#4481 = CARTESIAN_POINT ( 'NONE',  ( 9.700000000000002800, 8.500000000000000000, -0.7000000000000000700 ) ) ;
#4482 = DIRECTION ( 'NONE',  ( -0.7071067811865469100, -0.0000000000000000000, 0.7071067811865482400 ) ) ;
#4483 = VECTOR ( 'NONE', #4482, 999.9999999999998900 ) ;
#4484 = CARTESIAN_POINT ( 'NONE',  ( 10.30000000000000100, 8.500000000000000000, -1.149999999999999500 ) ) ;
#4485 = CARTESIAN_POINT ( 'NONE',  ( 11.70000000000000100, 8.500000000000000000, -3.549999999999999800 ) ) ;
#4486 = DIRECTION ( 'NONE',  ( 0.7071067811865460200, -0.0000000000000000000, -0.7071067811865490200 ) ) ;
#4487 = CARTESIAN_POINT ( 'NONE',  ( 0.0000000000000000000, 8.500000000000000000, 0.0000000000000000000 ) ) ;
#4488 = LINE ( 'NONE', #4487, #4467 ) ;
#4489 = LINE ( 'NONE', #4439, #4440 ) ;
#4490 = DIRECTION ( 'NONE',  ( 0.7071067811865502400, 0.0000000000000000000, -0.7071067811865448000 ) ) ;
#4491 =( NAMED_UNIT ( * ) SI_UNIT ( $, .STERADIAN. ) SOLID_ANGLE_UNIT ( ) );
#4492 = DIRECTION ( 'NONE',  ( 0.0000000000000000000, 0.0000000000000000000, -1.000000000000000000 ) ) ;
#4493 = VECTOR ( 'NONE', #4492, 1000.000000000000000 ) ;
#4494 = CARTESIAN_POINT ( 'NONE',  ( 10.00000000000000200, 8.500000000000000000, 0.0000000000000000000 ) ) ;
#4495 = LINE ( 'NONE', #4494, #4493 ) ;
#4496 = DIRECTION ( 'NONE',  ( -0.7071067811865474600, -0.0000000000000000000, -0.7071067811865474600 ) ) ;
#4497 = VECTOR ( 'NONE', #4496, 1000.000000000000100 ) ;
#4498 = CARTESIAN_POINT ( 'NONE',  ( 11.70000000000000100, 8.500000000000000000, -3.549999999999999800 ) ) ;
#4499 = LINE ( 'NONE', #4498, #4497 ) ;
#4500 = DIRECTION ( 'NONE',  ( 0.7071067811865469100, 0.0000000000000000000, -0.7071067811865482400 ) ) ;
#4501 = DIRECTION ( 'NONE',  ( -1.000000000000000000, -0.0000000000000000000, -0.0000000000000000000 ) ) ;
#4502 = VECTOR ( 'NONE', #4501, 1000.000000000000000 ) ;
#4503 = CARTESIAN_POINT ( 'NONE',  ( 0.0000000000000000000, 8.500000000000000000, -5.000000000000000900 ) ) ;
#4504 = LINE ( 'NONE', #4503, #4502 ) ;
#4505 =( NAMED_UNIT ( * ) PLANE_ANGLE_UNIT ( ) SI_UNIT ( $, .RADIAN. ) );
#4506 = DIRECTION ( 'NONE',  ( 1.000000000000000000, 0.0000000000000000000, 0.0000000000000000000 ) ) ;
#4507 = VECTOR ( 'NONE', #4506, 1000.000000000000000 ) ;
#4508 = CARTESIAN_POINT ( 'NONE',  ( 10.30000000000000200, 8.500000000000000000, -1.449999999999999500 ) ) ;
#4509 = DIRECTION ( 'NONE',  ( -0.0000000000000000000, -0.0000000000000000000, -1.000000000000000000 ) ) ;
#4510 = VECTOR ( 'NONE', #4509, 1000.000000000000000 ) ;
#4511 = VECTOR ( 'NONE', #4500, 999.9999999999998900 ) ;
#4512 = CARTESIAN_POINT ( 'NONE',  ( 10.30000000000000200, 8.500000000000000000, -1.449999999999999500 ) ) ;
#4513 = LINE ( 'NONE', #4512, #4507 ) ;
#4514 = CARTESIAN_POINT ( 'NONE',  ( 12.00000000000000000, 8.500000000000000000, -3.250000000000000000 ) ) ;
#4515 = LINE ( 'NONE', #4514, #4510 ) ;
#4516 = DIRECTION ( 'NONE',  ( -0.0000000000000000000, -0.0000000000000000000, 1.000000000000000000 ) ) ;
#4517 = VECTOR ( 'NONE', #4516, 1000.000000000000000 ) ;
#4518 = CARTESIAN_POINT ( 'NONE',  ( 0.0000000000000000000, 8.500000000000000000, 0.0000000000000000000 ) ) ;
#4519 = LINE ( 'NONE', #4518, #4517 ) ;
#4520 = CARTESIAN_POINT ( 'NONE',  ( 0.5000000000000015500, 8.500000000000000000, -3.600000000000002300 ) ) ;
#4521 = CARTESIAN_POINT ( 'NONE',  ( 12.00000000000000000, 8.500000000000000000, -1.749999999999999300 ) ) ;
#4522 = CARTESIAN_POINT ( 'NONE',  ( 1.500000000000001300, 8.500000000000000000, -0.4000000000000001900 ) ) ;
#4523 = DIRECTION ( 'NONE',  ( -1.000000000000000000, 0.0000000000000000000, 0.0000000000000000000 ) ) ;
#4524 = VECTOR ( 'NONE', #4523, 1000.000000000000000 ) ;
#4525 = CARTESIAN_POINT ( 'NONE',  ( 8.499999999999996400, 8.500000000000000000, -0.4000000000000001900 ) ) ;
#4526 = LINE ( 'NONE', #4525, #4524 ) ;
#4527 = CARTESIAN_POINT ( 'NONE',  ( 8.499999999999996400, 8.500000000000000000, -0.4000000000000001900 ) ) ;
#4528 = DIRECTION ( 'NONE',  ( 0.0000000000000000000, 0.0000000000000000000, 1.000000000000000000 ) ) ;
#4529 = DIRECTION ( 'NONE',  ( 0.0000000000000000000, -1.000000000000000000, 0.0000000000000000000 ) ) ;
#4530 = CARTESIAN_POINT ( 'NONE',  ( 0.0000000000000000000, 6.700000000000000200, -0.2000000000000000100 ) ) ;
#4531 = DIRECTION ( 'NONE',  ( 0.7071067811865469100, 0.0000000000000000000, 0.7071067811865482400 ) ) ;
#4532 = VECTOR ( 'NONE', #4531, 999.9999999999998900 ) ;
#4533 = CARTESIAN_POINT ( 'NONE',  ( 9.700000000000002800, 8.500000000000000000, -4.300000000000000700 ) ) ;
#4534 = LINE ( 'NONE', #4533, #4532 ) ;
#4535 = AXIS2_PLACEMENT_3D ( 'NONE', #4537, #4529, #4528 ) ;
#4536 = CARTESIAN_POINT ( 'NONE',  ( 1.500000000000001800, 8.500000000000000000, -4.600000000000002300 ) ) ;
#4537 = CARTESIAN_POINT ( 'NONE',  ( 1.500000000000001600, 8.500000000000000000, -3.600000000000002300 ) ) ;
#4538 = DIRECTION ( 'NONE',  ( -0.7071067811865503500, 0.0000000000000000000, 0.7071067811865446900 ) ) ;
#4539 = VECTOR ( 'NONE', #4538, 1000.000000000000200 ) ;
#4540 = CARTESIAN_POINT ( 'NONE',  ( 10.24233070186955200, 8.500000000000000000, -4.842330701869546100 ) ) ;
#4541 = CARTESIAN_POINT ( 'NONE',  ( 10.00000000000000200, 8.500000000000000000, -4.599999999999998800 ) ) ;
#4542 = CARTESIAN_POINT ( 'NONE',  ( 10.67492068097933200, 8.500000000000000000, -2.175079338383875800 ) ) ;
#4543 = CARTESIAN_POINT ( 'NONE',  ( 9.700000000000004600, 0.0000000000000000000, -0.7000000000000000700 ) ) ;
#4544 = CARTESIAN_POINT ( 'NONE',  ( 10.30000000000000200, 8.500000000000000000, -3.549999999999999800 ) ) ;
#4545 = LINE ( 'NONE', #4540, #4539 ) ;
#4546 = CIRCLE ( 'NONE', #4535, 1.000000000000000000 ) ;
#4547 = DIRECTION ( 'NONE',  ( 9.856383386231850200E-017, 0.0000000000000000000, -1.000000000000000000 ) ) ;
#4548 = VECTOR ( 'NONE', #4547, 1000.000000000000000 ) ;
#4549 = DIRECTION ( 'NONE',  ( -0.0002440883146805606600, 0.0000000000000000000, 0.9999999702104469500 ) ) ;
#4550 = VECTOR ( 'NONE', #4549, 999.9999999999998900 ) ;
#4551 = CARTESIAN_POINT ( 'NONE',  ( 11.32560955571675800, 8.500000000000000000, -4.997235550968464500 ) ) ;
#4552 = LINE ( 'NONE', #4551, #4550 ) ;
#4553 = DIRECTION ( 'NONE',  ( 0.0000000000000000000, 0.0000000000000000000, 1.000000000000000000 ) ) ;
#4554 = VECTOR ( 'NONE', #4553, 1000.000000000000000 ) ;
#4555 = CARTESIAN_POINT ( 'NONE',  ( 9.499999999999998200, 8.500000000000000000, -3.600000000000001400 ) ) ;
#4556 = LINE ( 'NONE', #4555, #4554 ) ;
#4557 = CARTESIAN_POINT ( 'NONE',  ( 0.5000000000000013300, 8.500000000000000000, -1.400000000000000600 ) ) ;
#4558 = ORIENTED_EDGE ( 'NONE', *, *, #4915, .F. ) ;
#4559 = DIRECTION ( 'NONE',  ( 0.0000000000000000000, 0.0000000000000000000, -1.000000000000000000 ) ) ;
#4560 = DIRECTION ( 'NONE',  ( -0.0000000000000000000, -1.000000000000000000, 0.0000000000000000000 ) ) ;
#4561 = AXIS2_PLACEMENT_3D ( 'NONE', #4575, #4560, #4559 ) ;
#4562 = CIRCLE ( 'NONE', #4561, 0.2999999999999994900 ) ;
#4563 = CARTESIAN_POINT ( 'NONE',  ( 0.0000000000000000000, 1.700000000000000800, -4.800000000000002500 ) ) ;
#4564 = DIRECTION ( 'NONE',  ( -1.000000000000000000, -0.0000000000000000000, -0.0000000000000000000 ) ) ;
#4565 = VECTOR ( 'NONE', #4564, 1000.000000000000000 ) ;
#4566 = CARTESIAN_POINT ( 'NONE',  ( 0.5000000000000013300, 8.500000000000000000, -1.400000000000000600 ) ) ;
#4567 = LINE ( 'NONE', #4557, #4548 ) ;
#4568 = CARTESIAN_POINT ( 'NONE',  ( 11.70000000000000100, 8.500000000000000000, -1.449999999999999500 ) ) ;
#4569 = LINE ( 'NONE', #4568, #4600 ) ;
#4570 = DIRECTION ( 'NONE',  ( 0.0000000000000000000, 0.0000000000000000000, -1.000000000000000000 ) ) ;
#4571 = DIRECTION ( 'NONE',  ( 0.0000000000000000000, -1.000000000000000000, 0.0000000000000000000 ) ) ;
#4572 = CARTESIAN_POINT ( 'NONE',  ( 8.499999999999996400, 8.500000000000000000, -1.399999999999999700 ) ) ;
#4573 = AXIS2_PLACEMENT_3D ( 'NONE', #4572, #4571, #4570 ) ;
#4574 = CIRCLE ( 'NONE', #4573, 1.000000000000000400 ) ;
#4575 = CARTESIAN_POINT ( 'NONE',  ( 10.30000000000000100, 8.500000000000000000, -3.849999999999999600 ) ) ;
#4576 = DIRECTION ( 'NONE',  ( -0.9999999702104469500, 0.0000000000000000000, -0.0002440883146818943900 ) ) ;
#4577 = VECTOR ( 'NONE', #4576, 999.9999999999998900 ) ;
#4578 = CARTESIAN_POINT ( 'NONE',  ( -0.0006888941006391408000, 8.500000000000000000, -2.177685130010884600 ) ) ;
#4579 = LINE ( 'NONE', #4578, #4577 ) ;
#4580 = CARTESIAN_POINT ( 'NONE',  ( 10.30000000000000200, 8.500000000000000000, -3.549999999999999800 ) ) ;
#4581 = LINE ( 'NONE', #4580, #4565 ) ;
#4582 = CARTESIAN_POINT ( 'NONE',  ( 0.0000000000000000000, 8.500000000000000000, -5.000000000000000900 ) ) ;
#4583 = VECTOR ( 'NONE', #4645, 1000.000000000000000 ) ;
#4584 = CARTESIAN_POINT ( 'NONE',  ( 0.0000000000000000000, 1.700000000000001100, 0.0000000000000000000 ) ) ;
#4585 = EDGE_LOOP ( 'NONE', ( #5016, #5011, #5014, #5037 ) ) ;
#4586 = LINE ( 'NONE', #4584, #4583 ) ;
#4587 = DIRECTION ( 'NONE',  ( -0.0000000000000000000, -1.000000000000000000, -0.0000000000000000000 ) ) ;
#4588 = VECTOR ( 'NONE', #4587, 1000.000000000000000 ) ;
#4589 = CARTESIAN_POINT ( 'NONE',  ( 0.0000000000000000000, 8.500000000000000000, -5.000000000000000900 ) ) ;
#4590 = LINE ( 'NONE', #4589, #4588 ) ;
#4591 = CARTESIAN_POINT ( 'NONE',  ( 0.0000000000000000000, 0.0000000000000000000, 0.0000000000000000000 ) ) ;
#4592 = FACE_OUTER_BOUND ( 'NONE', #1201, .T. ) ;
#4593 = DIRECTION ( 'NONE',  ( 0.0000000000000000000, 1.000000000000000000, 1.734723475976807100E-016 ) ) ;
#4594 = VECTOR ( 'NONE', #4593, 1000.000000000000000 ) ;
#4595 = CARTESIAN_POINT ( 'NONE',  ( 0.0000000000000000000, 8.500000000000000000, -4.800000000000001600 ) ) ;
#4596 = LINE ( 'NONE', #4595, #4594 ) ;
#4597 = CARTESIAN_POINT ( 'NONE',  ( 0.0000000000000000000, 1.700000000000000200, 0.0000000000000000000 ) ) ;
#4598 = LINE ( 'NONE', #4597, #4633 ) ;
#4599 = DIRECTION ( 'NONE',  ( 0.7071067811865474600, 0.0000000000000000000, -0.7071067811865474600 ) ) ;
#4600 = VECTOR ( 'NONE', #4599, 1000.000000000000100 ) ;
#4601 = FACE_BOUND ( 'NONE', #1315, .T. ) ;
#4602 = PLANE ( 'NONE',  #4640 ) ;
#4603 = LINE ( 'NONE', #4591, #4629 ) ;
#4604 = DIRECTION ( 'NONE',  ( 0.0000000000000000000, 0.0000000000000000000, -1.000000000000000000 ) ) ;
#4605 = DIRECTION ( 'NONE',  ( 0.0000000000000000000, -1.000000000000000000, 0.0000000000000000000 ) ) ;
#4606 = AXIS2_PLACEMENT_3D ( 'NONE', #4612, #4605, #4604 ) ;
#4607 = EDGE_CURVE ( 'NONE', #4970, #1177, #4702, .T. ) ;
#4608 = CIRCLE ( 'NONE', #4606, 1.000000000000000400 ) ;
#4609 = DIRECTION ( 'NONE',  ( -0.9999999702104469500, 0.0000000000000000000, -0.0002440883146818943900 ) ) ;
#4610 = VECTOR ( 'NONE', #4609, 999.9999999999998900 ) ;
#4611 = CARTESIAN_POINT ( 'NONE',  ( 11.32492066161612400, 8.500000000000000000, -2.174920680979332700 ) ) ;
#4612 = CARTESIAN_POINT ( 'NONE',  ( 1.500000000000001300, 8.500000000000000000, -1.400000000000000600 ) ) ;
#4613 = CARTESIAN_POINT ( 'NONE',  ( -0.0006888941006391408000, 8.500000000000000000, -2.177685130010884600 ) ) ;
#4614 = LINE ( 'NONE', #4613, #4610 ) ;
#4615 = CARTESIAN_POINT ( 'NONE',  ( 9.499999999999998200, 8.500000000000000000, -3.600000000000001400 ) ) ;
#4616 = CARTESIAN_POINT ( 'NONE',  ( 9.499999999999998200, 8.500000000000000000, -1.399999999999999200 ) ) ;
#4617 = CARTESIAN_POINT ( 'NONE',  ( 0.0000000000000000000, 0.0000000000000000000, -0.4000000000000001900 ) ) ;
#4618 = LINE ( 'NONE', #4677, #4676 ) ;
#4619 = LINE ( 'NONE', #4670, #4664 ) ;
#4620 = CARTESIAN_POINT ( 'NONE',  ( 10.67493316334361500, 8.500000000000000000, -2.226218058107894300 ) ) ;
#4621 = CARTESIAN_POINT ( 'NONE',  ( 10.67507933838387400, 8.500000000000000000, -2.825079319020666000 ) ) ;
#4622 = LINE ( 'NONE', #4674, #4673 ) ;
#4623 = DIRECTION ( 'NONE',  ( -0.0000000000000000000, -1.000000000000000000, -0.0000000000000000000 ) ) ;
#4624 = VECTOR ( 'NONE', #4623, 1000.000000000000000 ) ;
#4625 = CARTESIAN_POINT ( 'NONE',  ( 0.0000000000000000000, 8.500000000000000000, 0.0000000000000000000 ) ) ;
#4626 = CARTESIAN_POINT ( 'NONE',  ( 0.0000000000000000000, 0.0000000000000000000, 0.0000000000000000000 ) ) ;
#4627 = CARTESIAN_POINT ( 'NONE',  ( 11.32507931902066600, 8.500000000000000000, -2.824920661616123300 ) ) ;
#4628 = DIRECTION ( 'NONE',  ( -0.0000000000000000000, -0.0000000000000000000, 1.000000000000000000 ) ) ;
#4629 = VECTOR ( 'NONE', #4628, 1000.000000000000000 ) ;
#4630 = CARTESIAN_POINT ( 'NONE',  ( 0.0000000000000000000, 1.700000000000000200, -5.258380536554696500E-015 ) ) ;
#4631 = CARTESIAN_POINT ( 'NONE',  ( 0.0000000000000000000, 1.700000000000000200, -0.2000000000000006800 ) ) ;
#4632 = DIRECTION ( 'NONE',  ( 0.0000000000000000000, 0.0000000000000000000, 1.000000000000000000 ) ) ;
#4633 = VECTOR ( 'NONE', #4632, 1000.000000000000000 ) ;
#4634 = AXIS2_PLACEMENT_3D ( 'NONE', #4648, #4647, #4646 ) ;
#4635 = DIRECTION ( 'NONE',  ( 0.0000000000000000000, -0.0000000000000000000, -1.000000000000000000 ) ) ;
#4636 = DIRECTION ( 'NONE',  ( 0.0000000000000000000, -1.000000000000000000, 0.0000000000000000000 ) ) ;
#4637 = CARTESIAN_POINT ( 'NONE',  ( 0.0000000000000000000, 1.700000000000000800, -4.999999999999996400 ) ) ;
#4638 = LINE ( 'NONE', #4625, #4624 ) ;
#4639 = FACE_BOUND ( 'NONE', #1326, .T. ) ;
#4640 = AXIS2_PLACEMENT_3D ( 'NONE', #4582, #4636, #4635 ) ;
#4641 = DIRECTION ( 'NONE',  ( 0.0000000000000000000, -1.000000000000000000, -1.355252715606880800E-016 ) ) ;
#4642 = VECTOR ( 'NONE', #4641, 1000.000000000000000 ) ;
#4643 = CARTESIAN_POINT ( 'NONE',  ( 0.0000000000000000000, 8.500000000000000000, -0.1999999999999997600 ) ) ;
#4644 = LINE ( 'NONE', #4643, #4642 ) ;
#4645 = DIRECTION ( 'NONE',  ( -0.0000000000000000000, 0.0000000000000000000, 1.000000000000000000 ) ) ;
#4646 = DIRECTION ( 'NONE',  ( 0.0000000000000000000, 0.0000000000000000000, -1.000000000000000000 ) ) ;
#4647 = DIRECTION ( 'NONE',  ( 1.000000000000000000, -0.0000000000000000000, 0.0000000000000000000 ) ) ;
#4648 = CARTESIAN_POINT ( 'NONE',  ( 0.0000000000000000000, 8.500000000000000000, 0.0000000000000000000 ) ) ;
#4649 = EDGE_LOOP ( 'NONE', ( #4688, #5065, #4993, #5017 ) ) ;
#4650 = PLANE ( 'NONE',  #4690 ) ;
#4651 = CARTESIAN_POINT ( 'NONE',  ( 10.67506685601959000, 8.500000000000000000, -2.773940599296647500 ) ) ;
#4652 = CIRCLE ( 'NONE', #4706, 1.000000000000000000 ) ;
#4653 = DIRECTION ( 'NONE',  ( 0.9999999702104469500, 0.0000000000000000000, 0.0002440883146812272300 ) ) ;
#4654 = DIRECTION ( 'NONE',  ( 0.0002440883146805608200, 0.0000000000000000000, -0.9999999702104469500 ) ) ;
#4655 = VECTOR ( 'NONE', #4654, 999.9999999999998900 ) ;
#4656 = CARTESIAN_POINT ( 'NONE',  ( 10.67560957507996700, 8.500000000000000000, -4.997394208373006700 ) ) ;
#4657 = LINE ( 'NONE', #4656, #4655 ) ;
#4658 = FACE_OUTER_BOUND ( 'NONE', #1368, .T. ) ;
#4659 = LINE ( 'NONE', #4711, #4710 ) ;
#4660 = DIRECTION ( 'NONE',  ( 0.9999999702104469500, 0.0000000000000000000, 0.0002440883146812272300 ) ) ;
#4661 = VECTOR ( 'NONE', #4660, 999.9999999999998900 ) ;
#4662 = CARTESIAN_POINT ( 'NONE',  ( -0.0005302366960944618100, 8.500000000000000000, -2.827685110647667700 ) ) ;
#4663 = LINE ( 'NONE', #4662, #4661 ) ;
#4664 = VECTOR ( 'NONE', #4653, 999.9999999999998900 ) ;
#4665 = DIRECTION ( 'NONE',  ( 0.0000000000000000000, 0.0000000000000000000, 1.000000000000000000 ) ) ;
#4666 = DIRECTION ( 'NONE',  ( 0.0000000000000000000, 1.000000000000000000, 0.0000000000000000000 ) ) ;
#4667 = CARTESIAN_POINT ( 'NONE',  ( 11.00000000000000000, 8.500000000000000000, -2.499999999999999600 ) ) ;
#4668 = AXIS2_PLACEMENT_3D ( 'NONE', #4667, #4666, #4665 ) ;
#4669 = CIRCLE ( 'NONE', #4668, 0.4250000000000000400 ) ;
#4670 = CARTESIAN_POINT ( 'NONE',  ( -0.0005302366960944618100, 8.500000000000000000, -2.827685110647667700 ) ) ;
#4671 = PLANE ( 'NONE',  #4634 ) ;
#4672 = DIRECTION ( 'NONE',  ( -0.0002440883146805606600, 0.0000000000000000000, 0.9999999702104469500 ) ) ;
#4673 = VECTOR ( 'NONE', #4672, 999.9999999999998900 ) ;
#4674 = CARTESIAN_POINT ( 'NONE',  ( 11.32560955571675800, 8.500000000000000000, -4.997235550968464500 ) ) ;
#4675 = DIRECTION ( 'NONE',  ( -0.0000000000000000000, -1.000000000000000000, 0.0000000000000000000 ) ) ;
#4676 = VECTOR ( 'NONE', #4675, 1000.000000000000000 ) ;
#4677 = CARTESIAN_POINT ( 'NONE',  ( 0.0000000000000000000, 8.500000000000000000, -0.3999999999999996300 ) ) ;
#4678 = LINE ( 'NONE', #4746, #4745 ) ;
#4679 = FILL_AREA_STYLE ('',( #4680 ) ) ;
#4680 = FILL_AREA_STYLE_COLOUR ( '', #4681 ) ;
#4681 = COLOUR_RGB ( '',1.000000000000000000, 0.8000000000000000400, 0.3725490196078431500 ) ;
#4682 = DIRECTION ( 'NONE',  ( -0.5772093275364330600, -0.5773502691896242900, -0.5774911764448070800 ) ) ;
#4683 = VECTOR ( 'NONE', #4682, 1000.000000000000100 ) ;
#4684 = DIRECTION ( 'NONE',  ( 0.5772093275364328400, -0.5773502691896240700, 0.5774911764448073000 ) ) ;
#4685 = VECTOR ( 'NONE', #4684, 1000.000000000000000 ) ;
#4686 = CARTESIAN_POINT ( 'NONE',  ( 11.32492066161612400, 10.70000000000000100, -2.174920680979332700 ) ) ;
#4687 = LINE ( 'NONE', #4686, #4685 ) ;
#4688 = ORIENTED_EDGE ( 'NONE', *, *, #93, .F. ) ;
#4689 = ORIENTED_EDGE ( 'NONE', *, *, #1180, .F. ) ;
#4690 = AXIS2_PLACEMENT_3D ( 'NONE', #4714, #4713, #4712 ) ;
#4691 = VECTOR ( 'NONE', #4692, 1000.000000000000200 ) ;
#4692 = DIRECTION ( 'NONE',  ( -0.7071067811865503500, 0.0000000000000000000, -0.7071067811865446900 ) ) ;
#4693 = CARTESIAN_POINT ( 'NONE',  ( 2.699999999999962000, 0.0000000000000000000, -7.699999999999985100 ) ) ;
#4694 = LINE ( 'NONE', #4693, #4691 ) ;
#4695 = COLOUR_RGB ( '',1.000000000000000000, 0.8000000000000000400, 0.3725490196078431500 ) ;
#4696 = DIRECTION ( 'NONE',  ( -1.000000000000000000, -0.0000000000000000000, -0.0000000000000000000 ) ) ;
#4697 = VECTOR ( 'NONE', #4696, 1000.000000000000000 ) ;
#4698 = CARTESIAN_POINT ( 'NONE',  ( 1.700000000000001500, 8.500000000000000000, -4.600000000000000500 ) ) ;
#4699 = LINE ( 'NONE', #4698, #4697 ) ;
#4700 = CARTESIAN_POINT ( 'NONE',  ( 11.02499389704739300, 11.00000000000000200, -2.474993898536872500 ) ) ;
#4701 = CARTESIAN_POINT ( 'NONE',  ( 10.67507933838387400, 10.70000000000000100, -2.825079319020666000 ) ) ;
#4702 = LINE ( 'NONE', #4701, #4683 ) ;
#4703 = DIRECTION ( 'NONE',  ( 0.0000000000000000000, 0.0000000000000000000, 1.000000000000000000 ) ) ;
#4704 = DIRECTION ( 'NONE',  ( 0.0000000000000000000, -1.000000000000000000, 0.0000000000000000000 ) ) ;
#4705 = CARTESIAN_POINT ( 'NONE',  ( 8.499999999999996400, 8.500000000000000000, -3.600000000000001400 ) ) ;
#4706 = AXIS2_PLACEMENT_3D ( 'NONE', #4705, #4704, #4703 ) ;
#4707 = EDGE_CURVE ( 'NONE', #4970, #4918, #4678, .T. ) ;
#4708 = CARTESIAN_POINT ( 'NONE',  ( 8.499999999999996400, 8.500000000000000000, -4.600000000000001400 ) ) ;
#4709 = DIRECTION ( 'NONE',  ( 0.0002440883146805608200, 0.0000000000000000000, -0.9999999702104469500 ) ) ;
#4710 = VECTOR ( 'NONE', #4709, 999.9999999999998900 ) ;
#4711 = CARTESIAN_POINT ( 'NONE',  ( 10.67560957507996700, 8.500000000000000000, -4.997394208373006700 ) ) ;
#4712 = DIRECTION ( 'NONE',  ( -0.7071067917187463500, -0.7071067706543485700, 0.0000000000000000000 ) ) ;
#4713 = DIRECTION ( 'NONE',  ( -0.7071067601221513500, 0.7071067811865487900, -0.0001725965025190201400 ) ) ;
#4714 = CARTESIAN_POINT ( 'NONE',  ( 10.67507933838387400, 10.70000000000000100, -2.825079319020666000 ) ) ;
#4715 =( GEOMETRIC_REPRESENTATION_CONTEXT ( 3 ) GLOBAL_UNCERTAINTY_ASSIGNED_CONTEXT ( ( #4971 ) ) GLOBAL_UNIT_ASSIGNED_CONTEXT ( ( #4974, #4973, #4972 ) ) REPRESENTATION_CONTEXT ( 'NONE', 'WORKASPACE' ) );
#4716 = FACE_OUTER_BOUND ( 'NONE', #4649, .T. ) ;
#4717 = FACE_OUTER_BOUND ( 'NONE', #4585, .T. ) ;
#4718 = FILL_AREA_STYLE ('',( #4765 ) ) ;
#4719 = AXIS2_PLACEMENT_3D ( 'NONE', #4752, #4751, #4750 ) ;
#4720 =( GEOMETRIC_REPRESENTATION_CONTEXT ( 3 ) GLOBAL_UNCERTAINTY_ASSIGNED_CONTEXT ( ( #4721 ) ) GLOBAL_UNIT_ASSIGNED_CONTEXT ( ( #4724, #4723, #4722 ) ) REPRESENTATION_CONTEXT ( 'NONE', 'WORKASPACE' ) );
#4721 = UNCERTAINTY_MEASURE_WITH_UNIT (LENGTH_MEASURE( 1.000000000000000100E-005 ), #4724, 'distance_accuracy_value', 'NONE');
#4722 =( NAMED_UNIT ( * ) SI_UNIT ( $, .STERADIAN. ) SOLID_ANGLE_UNIT ( ) );
#4723 =( NAMED_UNIT ( * ) PLANE_ANGLE_UNIT ( ) SI_UNIT ( $, .RADIAN. ) );
#4724 =( LENGTH_UNIT ( ) NAMED_UNIT ( * ) SI_UNIT ( .MILLI., .METRE. ) );
#4725 = MECHANICAL_DESIGN_GEOMETRIC_PRESENTATION_REPRESENTATION (  '', ( #4727 ), #4720 ) ;
#4726 = PRESENTATION_LAYER_ASSIGNMENT (  '', '', ( #4727 ) ) ;
#4727 = STYLED_ITEM ( 'NONE', ( #4728 ), #4984 ) ;
#4728 = PRESENTATION_STYLE_ASSIGNMENT (( #4729 ) ) ;
#4729 = SURFACE_STYLE_USAGE ( .BOTH. , #4742 ) ;
#4730 = FILL_AREA_STYLE ('',( #4731 ) ) ;
#4731 = FILL_AREA_STYLE_COLOUR ( '', #4695 ) ;
#4732 = FACE_OUTER_BOUND ( 'NONE', #1181, .T. ) ;
#4733 = CARTESIAN_POINT ( 'NONE',  ( 10.97500610295260300, 11.00000000000000200, -2.525006101463126700 ) ) ;
#4734 = CARTESIAN_POINT ( 'NONE',  ( 10.97499389853687100, 11.00000000000000200, -2.475006102952606500 ) ) ;
#4735 = DIRECTION ( 'NONE',  ( -0.5774911764448069600, -0.5773502691896247300, 0.5772093275364325000 ) ) ;
#4736 = VECTOR ( 'NONE', #4735, 1000.000000000000100 ) ;
#4737 = CARTESIAN_POINT ( 'NONE',  ( 10.67492068097933200, 10.70000000000000100, -2.175079338383875800 ) ) ;
#4738 = LINE ( 'NONE', #4737, #4736 ) ;
#4739 = CARTESIAN_POINT ( 'NONE',  ( 10.67499390747373600, 11.00000000000000200, -2.475079329447011000 ) ) ;
#4740 = LINE ( 'NONE', #4739, #4768 ) ;
#4741 = CARTESIAN_POINT ( 'NONE',  ( 11.02500610146312700, 11.00000000000000200, -2.524993897047392600 ) ) ;
#4742 = SURFACE_SIDE_STYLE ('',( #4743 ) ) ;
#4743 = SURFACE_STYLE_FILL_AREA ( #4679 ) ;
#4744 = DIRECTION ( 'NONE',  ( -0.0002440883146805608000, 0.0000000000000000000, 0.9999999702104468400 ) ) ;
#4745 = VECTOR ( 'NONE', #4744, 1000.000000000000200 ) ;
#4746 = CARTESIAN_POINT ( 'NONE',  ( 10.97507932944700700, 11.00000000000000200, -2.825006092526261900 ) ) ;
#4747 = SURFACE_STYLE_USAGE ( .BOTH. , #4748 ) ;
#4748 = SURFACE_SIDE_STYLE ('',( #4749 ) ) ;
#4749 = SURFACE_STYLE_FILL_AREA ( #4718 ) ;
#4750 = DIRECTION ( 'NONE',  ( 0.0000000000000000000, -0.7071067706543485700, 0.7071067917187463500 ) ) ;
#4751 = DIRECTION ( 'NONE',  ( -0.0001725965025199631300, 0.7071067811865487900, 0.7071067601221513500 ) ) ;
#4752 = CARTESIAN_POINT ( 'NONE',  ( 10.67492068097933200, 10.70000000000000100, -2.175079338383875800 ) ) ;
#4753 =( GEOMETRIC_REPRESENTATION_CONTEXT ( 3 ) GLOBAL_UNCERTAINTY_ASSIGNED_CONTEXT ( ( #4754 ) ) GLOBAL_UNIT_ASSIGNED_CONTEXT ( ( #4757, #4756, #4755 ) ) REPRESENTATION_CONTEXT ( 'NONE', 'WORKASPACE' ) );
#4754 = UNCERTAINTY_MEASURE_WITH_UNIT (LENGTH_MEASURE( 1.000000000000000100E-005 ), #4757, 'distance_accuracy_value', 'NONE');
#4755 =( NAMED_UNIT ( * ) SI_UNIT ( $, .STERADIAN. ) SOLID_ANGLE_UNIT ( ) );
#4756 =( NAMED_UNIT ( * ) PLANE_ANGLE_UNIT ( ) SI_UNIT ( $, .RADIAN. ) );
#4757 =( LENGTH_UNIT ( ) NAMED_UNIT ( * ) SI_UNIT ( .MILLI., .METRE. ) );
#4758 = MECHANICAL_DESIGN_GEOMETRIC_PRESENTATION_REPRESENTATION (  '', ( #4760 ), #4753 ) ;
#4759 = PRESENTATION_LAYER_ASSIGNMENT (  '', '', ( #4760 ) ) ;
#4760 = STYLED_ITEM ( 'NONE', ( #4761 ), #5009 ) ;
#4761 = PRESENTATION_STYLE_ASSIGNMENT (( #4762 ) ) ;
#4762 = SURFACE_STYLE_USAGE ( .BOTH. , #4763 ) ;
#4763 = SURFACE_SIDE_STYLE ('',( #4764 ) ) ;
#4764 = SURFACE_STYLE_FILL_AREA ( #4730 ) ;
#4765 = FILL_AREA_STYLE_COLOUR ( '', #4766 ) ;
#4766 = COLOUR_RGB ( '',1.000000000000000000, 0.8000000000000000400, 0.3725490196078431500 ) ;
#4767 = DIRECTION ( 'NONE',  ( 0.9999999702104468400, -0.0000000000000000000, 0.0002440883146818943600 ) ) ;
#4768 = VECTOR ( 'NONE', #4767, 1000.000000000000200 ) ;
#4769 = PLANE ( 'NONE',  #4719 ) ;
#4770 = VECTOR ( 'NONE', #4778, 1000.000000000000200 ) ;
#4771 = CARTESIAN_POINT ( 'NONE',  ( 11.32500609252626100, 11.00000000000000200, -2.524920670552988100 ) ) ;
#4772 = LINE ( 'NONE', #4771, #4770 ) ;
#4773 = CARTESIAN_POINT ( 'NONE',  ( 10.00000000000000200, 8.500000000000000000, 0.0000000000000000000 ) ) ;
#4774 = DIRECTION ( 'NONE',  ( 0.5774911764448068500, -0.5773502691896246200, -0.5772093275364329500 ) ) ;
#4775 = VECTOR ( 'NONE', #4774, 1000.000000000000100 ) ;
#4776 = CARTESIAN_POINT ( 'NONE',  ( 11.32507931902066600, 10.70000000000000100, -2.824920661616123300 ) ) ;
#4777 = COLOUR_RGB ( '',1.000000000000000000, 0.8000000000000000400, 0.3725490196078431500 ) ;
#4778 = DIRECTION ( 'NONE',  ( -0.9999999702104468400, -0.0000000000000000000, -0.0002440883146812271500 ) ) ;
#4779 = DIRECTION ( 'NONE',  ( 0.0002440883146805606300, -0.0000000000000000000, -0.9999999702104468400 ) ) ;
#4780 = VECTOR ( 'NONE', #4779, 1000.000000000000200 ) ;
#4781 = AXIS2_PLACEMENT_3D ( 'NONE', #4813, #4812, #4811 ) ;
#4782 = DIRECTION ( 'NONE',  ( -0.7071067917187463500, 0.7071067706543485700, 0.0000000000000000000 ) ) ;
#4783 = DIRECTION ( 'NONE',  ( 0.7071067601221513500, 0.7071067811865487900, 0.0001725965025190200300 ) ) ;
#4784 = CARTESIAN_POINT ( 'NONE',  ( 11.32492066161612400, 10.70000000000000100, -2.174920680979332700 ) ) ;
#4785 = AXIS2_PLACEMENT_3D ( 'NONE', #4784, #4783, #4782 ) ;
#4786 = LINE ( 'NONE', #4776, #4775 ) ;
#4787 = LINE ( 'NONE', #4788, #4780 ) ;
#4788 = CARTESIAN_POINT ( 'NONE',  ( 11.02492067055298900, 11.00000000000000200, -2.174993907473736800 ) ) ;
#4789 = CIRCLE ( 'NONE', #4781, 0.5000000000000003300 ) ;
#4790 = PLANE ( 'NONE',  #4785 ) ;
#4791 =( GEOMETRIC_REPRESENTATION_CONTEXT ( 3 ) GLOBAL_UNCERTAINTY_ASSIGNED_CONTEXT ( ( #4792 ) ) GLOBAL_UNIT_ASSIGNED_CONTEXT ( ( #4262, #4505, #4491 ) ) REPRESENTATION_CONTEXT ( 'NONE', 'WORKASPACE' ) );
#4792 = UNCERTAINTY_MEASURE_WITH_UNIT (LENGTH_MEASURE( 1.000000000000000100E-005 ), #4262, 'distance_accuracy_value', 'NONE');
#4793 = FACE_OUTER_BOUND ( 'NONE', #5031, .T. ) ;
#4794 = CARTESIAN_POINT ( 'NONE',  ( 1.020000000000000500, 8.500000000000008900, -4.120000000000048100 ) ) ;
#4795 =( GEOMETRIC_REPRESENTATION_CONTEXT ( 3 ) GLOBAL_UNCERTAINTY_ASSIGNED_CONTEXT ( ( #4797 ) ) GLOBAL_UNIT_ASSIGNED_CONTEXT ( ( #4800, #4799, #4798 ) ) REPRESENTATION_CONTEXT ( 'NONE', 'WORKASPACE' ) );
#4796 = ORIENTED_EDGE ( 'NONE', *, *, #1183, .F. ) ;
#4797 = UNCERTAINTY_MEASURE_WITH_UNIT (LENGTH_MEASURE( 1.000000000000000100E-005 ), #4800, 'distance_accuracy_value', 'NONE');
#4798 =( NAMED_UNIT ( * ) SI_UNIT ( $, .STERADIAN. ) SOLID_ANGLE_UNIT ( ) );
#4799 =( NAMED_UNIT ( * ) PLANE_ANGLE_UNIT ( ) SI_UNIT ( $, .RADIAN. ) );
#4800 =( LENGTH_UNIT ( ) NAMED_UNIT ( * ) SI_UNIT ( .MILLI., .METRE. ) );
#4801 = MECHANICAL_DESIGN_GEOMETRIC_PRESENTATION_REPRESENTATION (  '', ( #4803 ), #4795 ) ;
#4802 = PRESENTATION_LAYER_ASSIGNMENT (  '', '', ( #4803 ) ) ;
#4803 = STYLED_ITEM ( 'NONE', ( #4804 ), #5025 ) ;
#4804 = PRESENTATION_STYLE_ASSIGNMENT (( #4805 ) ) ;
#4805 = SURFACE_STYLE_USAGE ( .BOTH. , #4806 ) ;
#4806 = SURFACE_SIDE_STYLE ('',( #4807 ) ) ;
#4807 = SURFACE_STYLE_FILL_AREA ( #4814 ) ;
#4808 = FILL_AREA_STYLE ('',( #4809 ) ) ;
#4809 = FILL_AREA_STYLE_COLOUR ( '', #4847 ) ;
#4810 = AXIS2_PLACEMENT_3D ( 'NONE', #4881, #4880, #4879 ) ;
#4811 = DIRECTION ( 'NONE',  ( -1.000000000000000000, 0.0000000000000000000, 0.0000000000000000000 ) ) ;
#4812 = DIRECTION ( 'NONE',  ( 0.0000000000000000000, 0.0000000000000000000, -1.000000000000000000 ) ) ;
#4813 = CARTESIAN_POINT ( 'NONE',  ( 0.9000000000000001300, 7.600000000000000500, -4.900000000000000400 ) ) ;
#4814 = FILL_AREA_STYLE ('',( #4821 ) ) ;
#4815 = PLANE ( 'NONE',  #4851 ) ;
#4816 = FACE_OUTER_BOUND ( 'NONE', #5036, .T. ) ;
#4817 = DIRECTION ( 'NONE',  ( -0.0000000000000000000, -1.000000000000000000, -0.0000000000000000000 ) ) ;
#4818 = VECTOR ( 'NONE', #4817, 1000.000000000000000 ) ;
#4819 = CARTESIAN_POINT ( 'NONE',  ( 1.020000000000000500, 8.500000000000008900, -3.120000000000048100 ) ) ;
#4820 = LINE ( 'NONE', #4819, #4818 ) ;
#4821 = FILL_AREA_STYLE_COLOUR ( '', #4777 ) ;
#4822 = LINE ( 'NONE', #4824, #4887 ) ;
#4823 = DIRECTION ( 'NONE',  ( 0.0000000000000000000, 0.0000000000000000000, 1.000000000000000000 ) ) ;
#4824 = CARTESIAN_POINT ( 'NONE',  ( 1.020000000000000500, 8.500000000000008900, -4.120000000000048100 ) ) ;
#4825 = CARTESIAN_POINT ( 'NONE',  ( 8.669999999999999900, 8.500000000000008900, -3.469999999999999800 ) ) ;
#4826 =( GEOMETRIC_REPRESENTATION_CONTEXT ( 3 ) GLOBAL_UNCERTAINTY_ASSIGNED_CONTEXT ( ( #4827 ) ) GLOBAL_UNIT_ASSIGNED_CONTEXT ( ( #4830, #4829, #4828 ) ) REPRESENTATION_CONTEXT ( 'NONE', 'WORKASPACE' ) );
#4827 = UNCERTAINTY_MEASURE_WITH_UNIT (LENGTH_MEASURE( 1.000000000000000100E-005 ), #4830, 'distance_accuracy_value', 'NONE');
#4828 =( NAMED_UNIT ( * ) SI_UNIT ( $, .STERADIAN. ) SOLID_ANGLE_UNIT ( ) );
#4829 =( NAMED_UNIT ( * ) PLANE_ANGLE_UNIT ( ) SI_UNIT ( $, .RADIAN. ) );
#4830 =( LENGTH_UNIT ( ) NAMED_UNIT ( * ) SI_UNIT ( .MILLI., .METRE. ) );
#4831 = MECHANICAL_DESIGN_GEOMETRIC_PRESENTATION_REPRESENTATION (  '', ( #4833 ), #4826 ) ;
#4832 = PRESENTATION_LAYER_ASSIGNMENT (  '', '', ( #4833 ) ) ;
#4833 = STYLED_ITEM ( 'NONE', ( #4845 ), #5038 ) ;
#4834 = PLANE ( 'NONE',  #4852 ) ;
#4835 = PLANE ( 'NONE',  #4810 ) ;
#4836 = SURFACE_SIDE_STYLE ('',( #4837 ) ) ;
#4837 = SURFACE_STYLE_FILL_AREA ( #4808 ) ;
#4838 = PLANE ( 'NONE',  #4882 ) ;
#4839 = CARTESIAN_POINT ( 'NONE',  ( 9.019999999999999600, 8.500000000000008900, -3.120000000000048100 ) ) ;
#4840 = DIRECTION ( 'NONE',  ( -0.0000000000000000000, -1.000000000000000000, -0.0000000000000000000 ) ) ;
#4841 = VECTOR ( 'NONE', #4840, 1000.000000000000000 ) ;
#4842 = CARTESIAN_POINT ( 'NONE',  ( 10.00000000000000200, 8.500000000000000000, 0.0000000000000000000 ) ) ;
#4843 = LINE ( 'NONE', #4842, #4841 ) ;
#4844 = CARTESIAN_POINT ( 'NONE',  ( 1.020000000000000500, 8.500000000000008900, -4.120000000000048100 ) ) ;
#4845 = PRESENTATION_STYLE_ASSIGNMENT (( #4846 ) ) ;
#4846 = SURFACE_STYLE_USAGE ( .BOTH. , #4836 ) ;
#4847 = COLOUR_RGB ( '',0.2509803921568627400, 0.2509803921568627400, 0.2509803921568627400 ) ;
#4848 = DIRECTION ( 'NONE',  ( 0.0000000000000000000, 0.7071067706543485700, 0.7071067917187463500 ) ) ;
#4849 = DIRECTION ( 'NONE',  ( 0.0001725965025194913400, 0.7071067811865487900, -0.7071067601221513500 ) ) ;
#4850 = CARTESIAN_POINT ( 'NONE',  ( 11.32507931902066600, 10.70000000000000100, -2.824920661616123300 ) ) ;
#4851 = AXIS2_PLACEMENT_3D ( 'NONE', #4850, #4849, #4848 ) ;
#4852 = AXIS2_PLACEMENT_3D ( 'NONE', #4794, #4889, #4888 ) ;
#4853 = MECHANICAL_DESIGN_GEOMETRIC_PRESENTATION_REPRESENTATION (  '', ( #4855 ), #4912 ) ;
#4854 = PRESENTATION_LAYER_ASSIGNMENT (  '', '', ( #4855 ) ) ;
#4855 = STYLED_ITEM ( 'NONE', ( #4856 ), #5057 ) ;
#4856 = PRESENTATION_STYLE_ASSIGNMENT (( #4857 ) ) ;
#4857 = SURFACE_STYLE_USAGE ( .BOTH. , #4858 ) ;
#4858 = SURFACE_SIDE_STYLE ('',( #4859 ) ) ;
#4859 = SURFACE_STYLE_FILL_AREA ( #4871 ) ;
#4860 = LINE ( 'NONE', #4910, #4903 ) ;
#4861 = LINE ( 'NONE', #4901, #4893 ) ;
#4862 = FACE_OUTER_BOUND ( 'NONE', #5071, .T. ) ;
#4863 = DIRECTION ( 'NONE',  ( -0.0000000000000000000, -1.000000000000000000, -0.0000000000000000000 ) ) ;
#4864 = VECTOR ( 'NONE', #4863, 1000.000000000000000 ) ;
#4865 = CARTESIAN_POINT ( 'NONE',  ( 9.019999999999999600, 8.500000000000008900, -3.120000000000048100 ) ) ;
#4866 = LINE ( 'NONE', #4865, #4864 ) ;
#4867 = FACE_OUTER_BOUND ( 'NONE', #5028, .T. ) ;
#4868 = CARTESIAN_POINT ( 'NONE',  ( 8.370000000000001000, 8.500000000000008900, -3.469999999999999800 ) ) ;
#4869 = DIRECTION ( 'NONE',  ( -0.0000000000000000000, -1.000000000000000000, -0.0000000000000000000 ) ) ;
#4870 = VECTOR ( 'NONE', #4869, 1000.000000000000000 ) ;
#4871 = FILL_AREA_STYLE ('',( #4872 ) ) ;
#4872 = FILL_AREA_STYLE_COLOUR ( '', #4873 ) ;
#4873 = COLOUR_RGB ( '',0.2509803921568627400, 0.2509803921568627400, 0.2509803921568627400 ) ;
#4874 = COLOUR_RGB ( '',0.2509803921568627400, 0.2509803921568627400, 0.2509803921568627400 ) ;
#4875 = CARTESIAN_POINT ( 'NONE',  ( 1.020000000000000500, 8.500000000000008900, -4.120000000000048100 ) ) ;
#4876 = DIRECTION ( 'NONE',  ( 0.0000000000000000000, -1.000000000000000000, -1.355252715606880500E-016 ) ) ;
#4877 = VECTOR ( 'NONE', #4876, 1000.000000000000000 ) ;
#4878 = LINE ( 'NONE', #4875, #4870 ) ;
#4879 = DIRECTION ( 'NONE',  ( 0.0000000000000000000, 0.0000000000000000000, 1.000000000000000000 ) ) ;
#4880 = DIRECTION ( 'NONE',  ( 0.0000000000000000000, 1.000000000000000000, -0.0000000000000000000 ) ) ;
#4881 = CARTESIAN_POINT ( 'NONE',  ( 10.67492068097933200, 11.00000000000000200, -2.175079338383875800 ) ) ;
#4882 = AXIS2_PLACEMENT_3D ( 'NONE', #4909, #4908, #4907 ) ;
#4883 = CARTESIAN_POINT ( 'NONE',  ( 10.00000000000000200, 6.700000000000000200, -0.2000000000000000100 ) ) ;
#4884 = LINE ( 'NONE', #4883, #4877 ) ;
#4885 = FACE_OUTER_BOUND ( 'NONE', #4987, .T. ) ;
#4886 = CARTESIAN_POINT ( 'NONE',  ( 1.020000000000000500, 8.500000000000008900, -3.120000000000048100 ) ) ;
#4887 = VECTOR ( 'NONE', #4823, 1000.000000000000000 ) ;
#4888 = DIRECTION ( 'NONE',  ( 0.0000000000000000000, 0.0000000000000000000, -1.000000000000000000 ) ) ;
#4889 = DIRECTION ( 'NONE',  ( 1.000000000000000000, 0.0000000000000000000, 0.0000000000000000000 ) ) ;
#4890 = STYLED_ITEM ( 'NONE', ( #4891 ), #5070 ) ;
#4891 = PRESENTATION_STYLE_ASSIGNMENT (( #4894 ) ) ;
#4892 = CYLINDRICAL_SURFACE ( 'NONE', #4920, 0.5000000000000003300 ) ;
#4893 = VECTOR ( 'NONE', #4900, 1000.000000000000200 ) ;
#4894 = SURFACE_STYLE_USAGE ( .BOTH. , #4895 ) ;
#4895 = SURFACE_SIDE_STYLE ('',( #4896 ) ) ;
#4896 = SURFACE_STYLE_FILL_AREA ( #4911 ) ;
#4897 = AXIS2_PLACEMENT_3D ( 'NONE', #4933, #4932, #4931 ) ;
#4898 = PLANE ( 'NONE',  #4897 ) ;
#4899 = CYLINDRICAL_SURFACE ( 'NONE', #4921, 0.5000000000000005600 ) ;
#4900 = DIRECTION ( 'NONE',  ( 0.0002440883146832295900, 0.0000000000000000000, -0.9999999702104468400 ) ) ;
#4901 = CARTESIAN_POINT ( 'NONE',  ( 10.67492068097933200, 7.200000000000001100, -2.175079338383875800 ) ) ;
#4902 = DIRECTION ( 'NONE',  ( -0.0000000000000000000, -0.0000000000000000000, -1.000000000000000000 ) ) ;
#4903 = VECTOR ( 'NONE', #4902, 1000.000000000000000 ) ;
#4904 = FILL_AREA_STYLE_COLOUR ( '', #4874 ) ;
#4905 = DIRECTION ( 'NONE',  ( 1.000000000000000000, 0.0000000000000000000, 0.0000000000000000000 ) ) ;
#4906 = CARTESIAN_POINT ( 'NONE',  ( 9.019999999999999600, 8.500000000000008900, -4.120000000000048100 ) ) ;
#4907 = DIRECTION ( 'NONE',  ( -1.000000000000000000, 0.0000000000000000000, -0.0000000000000000000 ) ) ;
#4908 = DIRECTION ( 'NONE',  ( 0.0000000000000000000, 0.0000000000000000000, -1.000000000000000000 ) ) ;
#4909 = CARTESIAN_POINT ( 'NONE',  ( 1.020000000000000500, 8.500000000000008900, -3.120000000000048100 ) ) ;
#4910 = CARTESIAN_POINT ( 'NONE',  ( 9.019999999999999600, 8.500000000000008900, -4.120000000000048100 ) ) ;
#4911 = FILL_AREA_STYLE ('',( #4904 ) ) ;
#4912 =( GEOMETRIC_REPRESENTATION_CONTEXT ( 3 ) GLOBAL_UNCERTAINTY_ASSIGNED_CONTEXT ( ( #4913 ) ) GLOBAL_UNIT_ASSIGNED_CONTEXT ( ( #4919, #4917, #4914 ) ) REPRESENTATION_CONTEXT ( 'NONE', 'WORKASPACE' ) );
#4913 = UNCERTAINTY_MEASURE_WITH_UNIT (LENGTH_MEASURE( 1.000000000000000100E-005 ), #4919, 'distance_accuracy_value', 'NONE');
#4914 =( NAMED_UNIT ( * ) SI_UNIT ( $, .STERADIAN. ) SOLID_ANGLE_UNIT ( ) );
#4915 = EDGE_CURVE ( 'NONE', #4918, #100, #4738, .T. ) ;
#4916 = ORIENTED_EDGE ( 'NONE', *, *, #4707, .F. ) ;
#4917 =( NAMED_UNIT ( * ) PLANE_ANGLE_UNIT ( ) SI_UNIT ( $, .RADIAN. ) );
#4918 = VERTEX_POINT ( 'NONE', #4734 ) ;
#4919 =( LENGTH_UNIT ( ) NAMED_UNIT ( * ) SI_UNIT ( .MILLI., .METRE. ) );
#4920 = AXIS2_PLACEMENT_3D ( 'NONE', #4937, #4965, #4964 ) ;
#4921 = AXIS2_PLACEMENT_3D ( 'NONE', #4968, #4967, #4905 ) ;
#4922 = FACE_OUTER_BOUND ( 'NONE', #312, .T. ) ;
#4923 = DIRECTION ( 'NONE',  ( -0.0000000000000000000, -1.000000000000000000, -0.0000000000000000000 ) ) ;
#4924 = VECTOR ( 'NONE', #4923, 1000.000000000000000 ) ;
#4925 = CARTESIAN_POINT ( 'NONE',  ( 9.019999999999999600, 8.500000000000008900, -4.120000000000048100 ) ) ;
#4926 = LINE ( 'NONE', #4925, #4924 ) ;
#4927 = AXIS2_PLACEMENT_3D ( 'NONE', #4961, #4960, #4959 ) ;
#4928 = PLANE ( 'NONE',  #4927 ) ;
#4929 = DIRECTION ( 'NONE',  ( -1.000000000000000000, 0.0000000000000000000, 0.0000000000000000000 ) ) ;
#4930 = VECTOR ( 'NONE', #4929, 1000.000000000000000 ) ;
#4931 = DIRECTION ( 'NONE',  ( 0.0000000000000000000, 0.0000000000000000000, 1.000000000000000000 ) ) ;
#4932 = DIRECTION ( 'NONE',  ( -1.000000000000000000, 0.0000000000000000000, 0.0000000000000000000 ) ) ;
#4933 = CARTESIAN_POINT ( 'NONE',  ( 9.019999999999999600, 8.500000000000008900, -4.120000000000048100 ) ) ;
#4934 = CARTESIAN_POINT ( 'NONE',  ( 8.669999999999999900, 8.500000000000008900, -3.469999999999999800 ) ) ;
#4935 = LINE ( 'NONE', #4934, #4930 ) ;
#4936 = FACE_OUTER_BOUND ( 'NONE', #5077, .T. ) ;
#4937 = CARTESIAN_POINT ( 'NONE',  ( 0.9000000000000001300, 7.600000000000000500, -4.900000000000000400 ) ) ;
#4938 =( GEOMETRIC_REPRESENTATION_CONTEXT ( 3 ) GLOBAL_UNCERTAINTY_ASSIGNED_CONTEXT ( ( #4939 ) ) GLOBAL_UNIT_ASSIGNED_CONTEXT ( ( #4942, #4941, #4940 ) ) REPRESENTATION_CONTEXT ( 'NONE', 'WORKASPACE' ) );
#4939 = UNCERTAINTY_MEASURE_WITH_UNIT (LENGTH_MEASURE( 1.000000000000000100E-005 ), #4942, 'distance_accuracy_value', 'NONE');
#4940 =( NAMED_UNIT ( * ) SI_UNIT ( $, .STERADIAN. ) SOLID_ANGLE_UNIT ( ) );
#4941 =( NAMED_UNIT ( * ) PLANE_ANGLE_UNIT ( ) SI_UNIT ( $, .RADIAN. ) );
#4942 =( LENGTH_UNIT ( ) NAMED_UNIT ( * ) SI_UNIT ( .MILLI., .METRE. ) );
#4943 = MECHANICAL_DESIGN_GEOMETRIC_PRESENTATION_REPRESENTATION (  '', ( #4890 ), #4938 ) ;
#4944 = PRESENTATION_LAYER_ASSIGNMENT (  '', '', ( #4890 ) ) ;
#4945 = DIRECTION ( 'NONE',  ( -1.000000000000000000, 0.0000000000000000000, -0.0000000000000000000 ) ) ;
#4946 = DIRECTION ( 'NONE',  ( 0.0000000000000000000, 0.0000000000000000000, -1.000000000000000000 ) ) ;
#4947 = FILL_AREA_STYLE ('',( #4948 ) ) ;
#4948 = FILL_AREA_STYLE_COLOUR ( '', #4980 ) ;
#4949 =( LENGTH_UNIT ( ) NAMED_UNIT ( * ) SI_UNIT ( .MILLI., .METRE. ) );
#4950 = DIRECTION ( 'NONE',  ( 0.0000000000000000000, 0.0000000000000000000, 1.000000000000000000 ) ) ;
#4951 = DIRECTION ( 'NONE',  ( 0.0000000000000000000, 1.000000000000000000, 0.0000000000000000000 ) ) ;
#4952 = FACE_OUTER_BOUND ( 'NONE', #5088, .T. ) ;
#4953 = CARTESIAN_POINT ( 'NONE',  ( 10.30000000000000100, 7.300000000000000700, -3.849999999999999600 ) ) ;
#4954 = AXIS2_PLACEMENT_3D ( 'NONE', #4953, #4951, #4950 ) ;
#4955 = SURFACE_SIDE_STYLE ('',( #4956 ) ) ;
#4956 = SURFACE_STYLE_FILL_AREA ( #4947 ) ;
#4957 = AXIS2_PLACEMENT_3D ( 'NONE', #4962, #4946, #4945 ) ;
#4958 = FACE_OUTER_BOUND ( 'NONE', #326, .T. ) ;
#4959 = DIRECTION ( 'NONE',  ( 1.000000000000000000, 0.0000000000000000000, -0.0000000000000000000 ) ) ;
#4960 = DIRECTION ( 'NONE',  ( 0.0000000000000000000, 0.0000000000000000000, 1.000000000000000000 ) ) ;
#4961 = CARTESIAN_POINT ( 'NONE',  ( 0.9000000000000001300, 7.600000000000000500, -0.1000000000000000100 ) ) ;
#4962 = CARTESIAN_POINT ( 'NONE',  ( 0.9000000000000001300, 7.600000000000000500, -4.900000000000000400 ) ) ;
#4963 = CYLINDRICAL_SURFACE ( 'NONE', #4954, 0.2999999999999999300 ) ;
#4964 = DIRECTION ( 'NONE',  ( -1.000000000000000000, 0.0000000000000000000, 0.0000000000000000000 ) ) ;
#4965 = DIRECTION ( 'NONE',  ( -0.0000000000000000000, -0.0000000000000000000, -1.000000000000000000 ) ) ;
#4966 = PLANE ( 'NONE',  #4957 ) ;
#4967 = DIRECTION ( 'NONE',  ( -0.0000000000000000000, -0.0000000000000000000, 1.000000000000000000 ) ) ;
#4968 = CARTESIAN_POINT ( 'NONE',  ( 0.9000000000000001300, 7.600000000000000500, -0.1000000000000000100 ) ) ;
#4969 = FACE_OUTER_BOUND ( 'NONE', #5060, .T. ) ;
#4970 = VERTEX_POINT ( 'NONE', #4733 ) ;
#4971 = UNCERTAINTY_MEASURE_WITH_UNIT (LENGTH_MEASURE( 1.000000000000000100E-005 ), #4974, 'distance_accuracy_value', 'NONE');
#4972 =( NAMED_UNIT ( * ) SI_UNIT ( $, .STERADIAN. ) SOLID_ANGLE_UNIT ( ) );
#4973 =( NAMED_UNIT ( * ) PLANE_ANGLE_UNIT ( ) SI_UNIT ( $, .RADIAN. ) );
#4974 =( LENGTH_UNIT ( ) NAMED_UNIT ( * ) SI_UNIT ( .MILLI., .METRE. ) );
#4975 = MECHANICAL_DESIGN_GEOMETRIC_PRESENTATION_REPRESENTATION (  '', ( #4977 ), #4715 ) ;
#4976 = PRESENTATION_LAYER_ASSIGNMENT (  '', '', ( #4977 ) ) ;
#4977 = STYLED_ITEM ( 'NONE', ( #4978 ), #4981 ) ;
#4978 = PRESENTATION_STYLE_ASSIGNMENT (( #4979 ) ) ;
#4979 = SURFACE_STYLE_USAGE ( .BOTH. , #4955 ) ;
#4980 = COLOUR_RGB ( '',0.8274509803921568100, 0.8392156862745098200, 0.8274509803921568100 ) ;
#4981 = ADVANCED_BREP_SHAPE_REPRESENTATION ( 'RLM-3D', ( #372, #4992 ), #4982 ) ;
#4982 =( GEOMETRIC_REPRESENTATION_CONTEXT ( 3 ) GLOBAL_UNCERTAINTY_ASSIGNED_CONTEXT ( ( #4983 ) ) GLOBAL_UNIT_ASSIGNED_CONTEXT ( ( #4949, #4986, #4985 ) ) REPRESENTATION_CONTEXT ( 'NONE', 'WORKASPACE' ) );
#4983 = UNCERTAINTY_MEASURE_WITH_UNIT (LENGTH_MEASURE( 1.000000000000000100E-005 ), #4949, 'distance_accuracy_value', 'NONE');
#4984 = ADVANCED_FACE ( 'NONE', ( #4732 ), #4650, .T. ) ;
#4985 =( NAMED_UNIT ( * ) SI_UNIT ( $, .STERADIAN. ) SOLID_ANGLE_UNIT ( ) );
#4986 =( NAMED_UNIT ( * ) PLANE_ANGLE_UNIT ( ) SI_UNIT ( $, .RADIAN. ) );
#4987 = EDGE_LOOP ( 'NONE', ( #5043, #5007, #5045, #5033 ) ) ;
#4988 = VERTEX_POINT ( 'NONE', #4741 ) ;
#4989 = APPLICATION_CONTEXT ( 'automotive_design' ) ;
#4990 = DIRECTION ( 'NONE',  ( 0.0000000000000000000, 0.0000000000000000000, 1.000000000000000000 ) ) ;
#4991 = CARTESIAN_POINT ( 'NONE',  ( 0.0000000000000000000, 0.0000000000000000000, 0.0000000000000000000 ) ) ;
#4992 = AXIS2_PLACEMENT_3D ( 'NONE', #4991, #4990, #4995 ) ;
#4993 = ORIENTED_EDGE ( 'NONE', *, *, #5008, .F. ) ;
#4994 = SHAPE_DEFINITION_REPRESENTATION ( #4996, #4981 ) ;
#4995 = DIRECTION ( 'NONE',  ( 1.000000000000000000, 0.0000000000000000000, 0.0000000000000000000 ) ) ;
#4996 = PRODUCT_DEFINITION_SHAPE ( 'NONE', 'NONE',  #4999 ) ;
#4997 = PRODUCT_RELATED_PRODUCT_CATEGORY ( 'part', '', ( #5003 ) ) ;
#4998 = PRODUCT_DEFINITION_FORMATION_WITH_SPECIFIED_SOURCE ( 'ANY', '', #5003, .NOT_KNOWN. ) ;
#4999 = PRODUCT_DEFINITION ( 'UNKNOWN', '', #4998, #5000 ) ;
#5000 = PRODUCT_DEFINITION_CONTEXT ( 'detailed design', #5002, 'design' ) ;
#5001 = APPLICATION_PROTOCOL_DEFINITION ( 'draft international standard', 'automotive_design', 1998, #5002 ) ;
#5002 = APPLICATION_CONTEXT ( 'automotive_design' ) ;
#5003 = PRODUCT ( 'RLM-3D', 'RLM-3D', '', ( #5004 ) ) ;
#5004 = PRODUCT_CONTEXT ( 'NONE', #4989, 'mechanical' ) ;
#5005 = APPLICATION_PROTOCOL_DEFINITION ( 'draft international standard', 'automotive_design', 1998, #4989 ) ;
#5006 = ORIENTED_EDGE ( 'NONE', *, *, #4607, .T. ) ;
#5007 = ORIENTED_EDGE ( 'NONE', *, *, #5008, .T. ) ;
#5008 = EDGE_CURVE ( 'NONE', #4918, #1759, #4740, .T. ) ;
#5009 = ADVANCED_FACE ( 'NONE', ( #4716 ), #4769, .T. ) ;
#5010 = ORIENTED_EDGE ( 'NONE', *, *, #5015, .T. ) ;
#5011 = ORIENTED_EDGE ( 'NONE', *, *, #5015, .F. ) ;
#5012 = ADVANCED_FACE ( 'NONE', ( #4717 ), #4790, .T. ) ;
#5013 = EDGE_CURVE ( 'NONE', #1759, #4988, #4787, .T. ) ;
#5014 = ORIENTED_EDGE ( 'NONE', *, *, #5013, .F. ) ;
#5015 = EDGE_CURVE ( 'NONE', #4988, #63, #4786, .T. ) ;
#5016 = ORIENTED_EDGE ( 'NONE', *, *, #244, .F. ) ;
#5017 = ORIENTED_EDGE ( 'NONE', *, *, #4915, .T. ) ;
#5018 = ORIENTED_EDGE ( 'NONE', *, *, #496, .T. ) ;
#5019 = ORIENTED_EDGE ( 'NONE', *, *, #363, .T. ) ;
#5020 = EDGE_CURVE ( 'NONE', #4988, #4970, #4772, .T. ) ;
#5021 = ORIENTED_EDGE ( 'NONE', *, *, #541, .T. ) ;
#5022 = EDGE_CURVE ( 'NONE', #5040, #502, #4820, .T. ) ;
#5023 = ORIENTED_EDGE ( 'NONE', *, *, #5024, .T. ) ;
#5024 = EDGE_CURVE ( 'NONE', #370, #367, #4789, .T. ) ;
#5025 = ADVANCED_FACE ( 'NONE', ( #4816 ), #4815, .T. ) ;
#5026 = VERTEX_POINT ( 'NONE', #4773 ) ;
#5027 = ORIENTED_EDGE ( 'NONE', *, *, #5020, .F. ) ;
#5028 = EDGE_LOOP ( 'NONE', ( #5030, #5052, #256, #5076 ) ) ;
#5029 = ORIENTED_EDGE ( 'NONE', *, *, #5022, .F. ) ;
#5030 = ORIENTED_EDGE ( 'NONE', *, *, #417, .T. ) ;
#5031 = EDGE_LOOP ( 'NONE', ( #5018, #5029, #5050, #5063 ) ) ;
#5032 = EDGE_CURVE ( 'NONE', #5026, #2, #4843, .T. ) ;
#5033 = ORIENTED_EDGE ( 'NONE', *, *, #5020, .T. ) ;
#5034 = VERTEX_POINT ( 'NONE', #4844 ) ;
#5035 = ORIENTED_EDGE ( 'NONE', *, *, #4607, .F. ) ;
#5036 = EDGE_LOOP ( 'NONE', ( #4796, #5035, #5027, #5010 ) ) ;
#5037 = ORIENTED_EDGE ( 'NONE', *, *, #1791, .T. ) ;
#5038 = ADVANCED_FACE ( 'NONE', ( #4793 ), #4834, .F. ) ;
#5039 = VERTEX_POINT ( 'NONE', #4839 ) ;
#5040 = VERTEX_POINT ( 'NONE', #4886 ) ;
#5041 = ADVANCED_FACE ( 'NONE', ( #4885 ), #4835, .T. ) ;
#5042 = ORIENTED_EDGE ( 'NONE', *, *, #1159, .T. ) ;
#5043 = ORIENTED_EDGE ( 'NONE', *, *, #4707, .T. ) ;
#5044 = EDGE_CURVE ( 'NONE', #9, #11, #4884, .T. ) ;
#5045 = ORIENTED_EDGE ( 'NONE', *, *, #5013, .T. ) ;
#5046 = ORIENTED_EDGE ( 'NONE', *, *, #5032, .T. ) ;
#5047 = ORIENTED_EDGE ( 'NONE', *, *, #559, .T. ) ;
#5048 = EDGE_CURVE ( 'NONE', #5034, #5040, #4822, .T. ) ;
#5049 = ORIENTED_EDGE ( 'NONE', *, *, #5073, .T. ) ;
#5050 = ORIENTED_EDGE ( 'NONE', *, *, #5048, .F. ) ;
#5051 = EDGE_CURVE ( 'NONE', #5034, #498, #4878, .T. ) ;
#5052 = ORIENTED_EDGE ( 'NONE', *, *, #5053, .F. ) ;
#5053 = EDGE_CURVE ( 'NONE', #5039, #497, #4866, .T. ) ;
#5054 = ORIENTED_EDGE ( 'NONE', *, *, #5073, .F. ) ;
#5055 = VERTEX_POINT ( 'NONE', #4825 ) ;
#5056 = VERTEX_POINT ( 'NONE', #4868 ) ;
#5057 = ADVANCED_FACE ( 'NONE', ( #4867 ), #4838, .F. ) ;
#5058 = EDGE_CURVE ( 'NONE', #5039, #5059, #4860, .T. ) ;
#5059 = VERTEX_POINT ( 'NONE', #4906 ) ;
#5060 = EDGE_LOOP ( 'NONE', ( #330, #5061 ) ) ;
#5061 = ORIENTED_EDGE ( 'NONE', *, *, #345, .T. ) ;
#5062 = ORIENTED_EDGE ( 'NONE', *, *, #5058, .F. ) ;
#5063 = ORIENTED_EDGE ( 'NONE', *, *, #5051, .T. ) ;
#5064 = ORIENTED_EDGE ( 'NONE', *, *, #1372, .F. ) ;
#5065 = ORIENTED_EDGE ( 'NONE', *, *, #1791, .F. ) ;
#5066 = EDGE_CURVE ( 'NONE', #69, #294, #4861, .T. ) ;
#5067 = ORIENTED_EDGE ( 'NONE', *, *, #74, .F. ) ;
#5068 = ORIENTED_EDGE ( 'NONE', *, *, #77, .T. ) ;
#5069 = ORIENTED_EDGE ( 'NONE', *, *, #447, .T. ) ;
#5070 = ADVANCED_FACE ( 'NONE', ( #4862 ), #4898, .F. ) ;
#5071 = EDGE_LOOP ( 'NONE', ( #5075, #5054, #5062, #5074 ) ) ;
#5072 = EDGE_CURVE ( 'NONE', #5055, #5056, #4935, .T. ) ;
#5073 = EDGE_CURVE ( 'NONE', #5059, #495, #4926, .T. ) ;
#5074 = ORIENTED_EDGE ( 'NONE', *, *, #5053, .T. ) ;
#5075 = ORIENTED_EDGE ( 'NONE', *, *, #481, .T. ) ;
#5076 = ORIENTED_EDGE ( 'NONE', *, *, #5022, .T. ) ;
#5077 = EDGE_LOOP ( 'NONE', ( #319, #5080, #5019, #5089 ) ) ;
#5078 = ORIENTED_EDGE ( 'NONE', *, *, #311, .T. ) ;
#5079 = ADVANCED_FACE ( 'NONE', ( #4936 ), #4892, .F. ) ;
#5080 = ORIENTED_EDGE ( 'NONE', *, *, #5024, .F. ) ;
#5081 = ADVANCED_FACE ( 'NONE', ( #4969 ), #4928, .T. ) ;
#5082 = ADVANCED_FACE ( 'NONE', ( #4922 ), #4899, .F. ) ;
#5083 = ADVANCED_FACE ( 'NONE', ( #4958 ), #4963, .F. ) ;
#5084 = ORIENTED_EDGE ( 'NONE', *, *, #17, .F. ) ;
#5085 = ORIENTED_EDGE ( 'NONE', *, *, #1196, .F. ) ;
#5086 = ORIENTED_EDGE ( 'NONE', *, *, #1308, .F. ) ;
#5087 = ADVANCED_FACE ( 'NONE', ( #4952 ), #4966, .T. ) ;
#5088 = EDGE_LOOP ( 'NONE', ( #5023, #5090 ) ) ;
#5089 = ORIENTED_EDGE ( 'NONE', *, *, #125, .T. ) ;
#5090 = ORIENTED_EDGE ( 'NONE', *, *, #365, .T. ) ;
ENDSEC;
END-ISO-10303-21;
