ISO-10303-21;
HEADER;
/* Generated by software containing ST-Developer
 * from STEP Tools, Inc. (www.steptools.com) 
 */

FILE_DESCRIPTION(
/* description */ (''),
/* implementation_level */ '2;1');

FILE_NAME(
/* name */ 'METUPowerLab_Transistors_MOSFETs_8-MLP(5x6)_FDMS8090_.step',

/* time_stamp */ '2025-07-09T15:02:49+03:00',
/* author */ (''),
/* organization */ (''),
/* preprocessor_version */ 'ST-DEVELOPER v20.1',
/* originating_system */ 'Autodesk Translation Framework v14.10.0.0',
/* authorisation */ '');

FILE_SCHEMA (('AUTOMOTIVE_DESIGN { 1 0 10303 214 3 1 1 }'));
ENDSEC;

DATA;
#10=MECHANICAL_DESIGN_GEOMETRIC_PRESENTATION_REPRESENTATION('',(#935,#936,
#937,#938,#939,#940,#941,#942,#943,#944,#945,#946,#947,#948,#949,#950,#951,
#952,#953,#954,#955,#956,#957,#958,#959,#960,#961,#962,#963,#964,#965,#966,
#967,#968,#969,#970,#971,#972,#973,#974,#975,#976,#977,#978,#979,#980,#981,
#982),#15079);
#11=SHAPE_REPRESENTATION_RELATIONSHIP('SRR','None',#15086,#12);
#12=ADVANCED_BREP_SHAPE_REPRESENTATION('',(#13),#15078);
#13=MANIFOLD_SOLID_BREP('Body1',#7539);
#14=(
BOUNDED_CURVE()
B_SPLINE_CURVE(3,(#14264,#14265,#14266,#14267),.UNSPECIFIED.,.F.,.F.)
B_SPLINE_CURVE_WITH_KNOTS((4,4),(-1.,0.),.UNSPECIFIED.)
CURVE()
GEOMETRIC_REPRESENTATION_ITEM()
RATIONAL_B_SPLINE_CURVE((1.,1.,1.,1.))
REPRESENTATION_ITEM('')
);
#15=(
BOUNDED_CURVE()
B_SPLINE_CURVE(3,(#14271,#14272,#14273,#14274),.UNSPECIFIED.,.F.,.F.)
B_SPLINE_CURVE_WITH_KNOTS((4,4),(0.,1.),.UNSPECIFIED.)
CURVE()
GEOMETRIC_REPRESENTATION_ITEM()
RATIONAL_B_SPLINE_CURVE((1.,1.,1.,1.))
REPRESENTATION_ITEM('')
);
#16=(
BOUNDED_CURVE()
B_SPLINE_CURVE(3,(#14285,#14286,#14287,#14288),.UNSPECIFIED.,.F.,.F.)
B_SPLINE_CURVE_WITH_KNOTS((4,4),(-1.,0.),.UNSPECIFIED.)
CURVE()
GEOMETRIC_REPRESENTATION_ITEM()
RATIONAL_B_SPLINE_CURVE((1.,1.,1.,1.))
REPRESENTATION_ITEM('')
);
#17=(
BOUNDED_CURVE()
B_SPLINE_CURVE(3,(#14290,#14291,#14292,#14293),.UNSPECIFIED.,.F.,.F.)
B_SPLINE_CURVE_WITH_KNOTS((4,4),(0.,1.),.UNSPECIFIED.)
CURVE()
GEOMETRIC_REPRESENTATION_ITEM()
RATIONAL_B_SPLINE_CURVE((1.,1.,1.,1.))
REPRESENTATION_ITEM('')
);
#18=(
BOUNDED_CURVE()
B_SPLINE_CURVE(3,(#14304,#14305,#14306,#14307),.UNSPECIFIED.,.F.,.F.)
B_SPLINE_CURVE_WITH_KNOTS((4,4),(-1.,0.),.UNSPECIFIED.)
CURVE()
GEOMETRIC_REPRESENTATION_ITEM()
RATIONAL_B_SPLINE_CURVE((1.,1.,1.,1.))
REPRESENTATION_ITEM('')
);
#19=(
BOUNDED_CURVE()
B_SPLINE_CURVE(3,(#14309,#14310,#14311,#14312),.UNSPECIFIED.,.F.,.F.)
B_SPLINE_CURVE_WITH_KNOTS((4,4),(0.,1.),.UNSPECIFIED.)
CURVE()
GEOMETRIC_REPRESENTATION_ITEM()
RATIONAL_B_SPLINE_CURVE((1.,1.,1.,1.))
REPRESENTATION_ITEM('')
);
#20=(
BOUNDED_CURVE()
B_SPLINE_CURVE(3,(#14323,#14324,#14325,#14326),.UNSPECIFIED.,.F.,.F.)
B_SPLINE_CURVE_WITH_KNOTS((4,4),(-1.,0.),.UNSPECIFIED.)
CURVE()
GEOMETRIC_REPRESENTATION_ITEM()
RATIONAL_B_SPLINE_CURVE((1.,1.,1.,1.))
REPRESENTATION_ITEM('')
);
#21=(
BOUNDED_CURVE()
B_SPLINE_CURVE(3,(#14328,#14329,#14330,#14331),.UNSPECIFIED.,.F.,.F.)
B_SPLINE_CURVE_WITH_KNOTS((4,4),(0.,1.),.UNSPECIFIED.)
CURVE()
GEOMETRIC_REPRESENTATION_ITEM()
RATIONAL_B_SPLINE_CURVE((1.,1.,1.,1.))
REPRESENTATION_ITEM('')
);
#22=(
BOUNDED_CURVE()
B_SPLINE_CURVE(3,(#14348,#14349,#14350,#14351),.UNSPECIFIED.,.F.,.F.)
B_SPLINE_CURVE_WITH_KNOTS((4,4),(-1.,0.),.UNSPECIFIED.)
CURVE()
GEOMETRIC_REPRESENTATION_ITEM()
RATIONAL_B_SPLINE_CURVE((1.,1.,1.,1.))
REPRESENTATION_ITEM('')
);
#23=(
BOUNDED_CURVE()
B_SPLINE_CURVE(3,(#14353,#14354,#14355,#14356),.UNSPECIFIED.,.F.,.F.)
B_SPLINE_CURVE_WITH_KNOTS((4,4),(0.,1.),.UNSPECIFIED.)
CURVE()
GEOMETRIC_REPRESENTATION_ITEM()
RATIONAL_B_SPLINE_CURVE((1.,1.,1.,1.))
REPRESENTATION_ITEM('')
);
#24=(
BOUNDED_CURVE()
B_SPLINE_CURVE(3,(#14367,#14368,#14369,#14370),.UNSPECIFIED.,.F.,.F.)
B_SPLINE_CURVE_WITH_KNOTS((4,4),(-1.,0.),.UNSPECIFIED.)
CURVE()
GEOMETRIC_REPRESENTATION_ITEM()
RATIONAL_B_SPLINE_CURVE((1.,1.,1.,1.))
REPRESENTATION_ITEM('')
);
#25=(
BOUNDED_CURVE()
B_SPLINE_CURVE(3,(#14372,#14373,#14374,#14375),.UNSPECIFIED.,.F.,.F.)
B_SPLINE_CURVE_WITH_KNOTS((4,4),(0.,1.),.UNSPECIFIED.)
CURVE()
GEOMETRIC_REPRESENTATION_ITEM()
RATIONAL_B_SPLINE_CURVE((1.,1.,1.,1.))
REPRESENTATION_ITEM('')
);
#26=(
BOUNDED_CURVE()
B_SPLINE_CURVE(3,(#14386,#14387,#14388,#14389),.UNSPECIFIED.,.F.,.F.)
B_SPLINE_CURVE_WITH_KNOTS((4,4),(-1.,0.),.UNSPECIFIED.)
CURVE()
GEOMETRIC_REPRESENTATION_ITEM()
RATIONAL_B_SPLINE_CURVE((1.,1.,1.,1.))
REPRESENTATION_ITEM('')
);
#27=(
BOUNDED_CURVE()
B_SPLINE_CURVE(3,(#14391,#14392,#14393,#14394),.UNSPECIFIED.,.F.,.F.)
B_SPLINE_CURVE_WITH_KNOTS((4,4),(0.,1.),.UNSPECIFIED.)
CURVE()
GEOMETRIC_REPRESENTATION_ITEM()
RATIONAL_B_SPLINE_CURVE((1.,1.,1.,1.))
REPRESENTATION_ITEM('')
);
#28=(
BOUNDED_CURVE()
B_SPLINE_CURVE(3,(#14405,#14406,#14407,#14408),.UNSPECIFIED.,.F.,.F.)
B_SPLINE_CURVE_WITH_KNOTS((4,4),(-1.,0.),.UNSPECIFIED.)
CURVE()
GEOMETRIC_REPRESENTATION_ITEM()
RATIONAL_B_SPLINE_CURVE((1.,1.,1.,1.))
REPRESENTATION_ITEM('')
);
#29=(
BOUNDED_CURVE()
B_SPLINE_CURVE(3,(#14410,#14411,#14412,#14413),.UNSPECIFIED.,.F.,.F.)
B_SPLINE_CURVE_WITH_KNOTS((4,4),(0.,1.),.UNSPECIFIED.)
CURVE()
GEOMETRIC_REPRESENTATION_ITEM()
RATIONAL_B_SPLINE_CURVE((1.,1.,1.,1.))
REPRESENTATION_ITEM('')
);
#30=(
BOUNDED_CURVE()
B_SPLINE_CURVE(3,(#14489,#14490,#14491,#14492),.UNSPECIFIED.,.F.,.F.)
B_SPLINE_CURVE_WITH_KNOTS((4,4),(-1.,0.),.UNSPECIFIED.)
CURVE()
GEOMETRIC_REPRESENTATION_ITEM()
RATIONAL_B_SPLINE_CURVE((1.,1.,1.,1.))
REPRESENTATION_ITEM('')
);
#31=(
BOUNDED_CURVE()
B_SPLINE_CURVE(3,(#14496,#14497,#14498,#14499),.UNSPECIFIED.,.F.,.F.)
B_SPLINE_CURVE_WITH_KNOTS((4,4),(0.,1.),.UNSPECIFIED.)
CURVE()
GEOMETRIC_REPRESENTATION_ITEM()
RATIONAL_B_SPLINE_CURVE((1.,1.,1.,1.))
REPRESENTATION_ITEM('')
);
#32=(
BOUNDED_CURVE()
B_SPLINE_CURVE(3,(#14510,#14511,#14512,#14513),.UNSPECIFIED.,.F.,.F.)
B_SPLINE_CURVE_WITH_KNOTS((4,4),(-1.,0.),.UNSPECIFIED.)
CURVE()
GEOMETRIC_REPRESENTATION_ITEM()
RATIONAL_B_SPLINE_CURVE((1.,1.,1.,1.))
REPRESENTATION_ITEM('')
);
#33=(
BOUNDED_CURVE()
B_SPLINE_CURVE(3,(#14515,#14516,#14517,#14518),.UNSPECIFIED.,.F.,.F.)
B_SPLINE_CURVE_WITH_KNOTS((4,4),(0.,1.),.UNSPECIFIED.)
CURVE()
GEOMETRIC_REPRESENTATION_ITEM()
RATIONAL_B_SPLINE_CURVE((1.,1.,1.,1.))
REPRESENTATION_ITEM('')
);
#34=(
BOUNDED_CURVE()
B_SPLINE_CURVE(3,(#14529,#14530,#14531,#14532),.UNSPECIFIED.,.F.,.F.)
B_SPLINE_CURVE_WITH_KNOTS((4,4),(-1.,0.),.UNSPECIFIED.)
CURVE()
GEOMETRIC_REPRESENTATION_ITEM()
RATIONAL_B_SPLINE_CURVE((1.,1.,1.,1.))
REPRESENTATION_ITEM('')
);
#35=(
BOUNDED_CURVE()
B_SPLINE_CURVE(3,(#14534,#14535,#14536,#14537),.UNSPECIFIED.,.F.,.F.)
B_SPLINE_CURVE_WITH_KNOTS((4,4),(0.,1.),.UNSPECIFIED.)
CURVE()
GEOMETRIC_REPRESENTATION_ITEM()
RATIONAL_B_SPLINE_CURVE((1.,1.,1.,1.))
REPRESENTATION_ITEM('')
);
#36=(
BOUNDED_CURVE()
B_SPLINE_CURVE(3,(#14548,#14549,#14550,#14551),.UNSPECIFIED.,.F.,.F.)
B_SPLINE_CURVE_WITH_KNOTS((4,4),(-1.,0.),.UNSPECIFIED.)
CURVE()
GEOMETRIC_REPRESENTATION_ITEM()
RATIONAL_B_SPLINE_CURVE((1.,1.,1.,1.))
REPRESENTATION_ITEM('')
);
#37=(
BOUNDED_CURVE()
B_SPLINE_CURVE(3,(#14553,#14554,#14555,#14556),.UNSPECIFIED.,.F.,.F.)
B_SPLINE_CURVE_WITH_KNOTS((4,4),(0.,1.),.UNSPECIFIED.)
CURVE()
GEOMETRIC_REPRESENTATION_ITEM()
RATIONAL_B_SPLINE_CURVE((1.,1.,1.,1.))
REPRESENTATION_ITEM('')
);
#38=(
BOUNDED_CURVE()
B_SPLINE_CURVE(3,(#14567,#14568,#14569,#14570),.UNSPECIFIED.,.F.,.F.)
B_SPLINE_CURVE_WITH_KNOTS((4,4),(-1.,0.),.UNSPECIFIED.)
CURVE()
GEOMETRIC_REPRESENTATION_ITEM()
RATIONAL_B_SPLINE_CURVE((1.,1.,1.,1.))
REPRESENTATION_ITEM('')
);
#39=(
BOUNDED_CURVE()
B_SPLINE_CURVE(3,(#14572,#14573,#14574,#14575),.UNSPECIFIED.,.F.,.F.)
B_SPLINE_CURVE_WITH_KNOTS((4,4),(0.,1.),.UNSPECIFIED.)
CURVE()
GEOMETRIC_REPRESENTATION_ITEM()
RATIONAL_B_SPLINE_CURVE((1.,1.,1.,1.))
REPRESENTATION_ITEM('')
);
#40=(
BOUNDED_CURVE()
B_SPLINE_CURVE(3,(#14586,#14587,#14588,#14589),.UNSPECIFIED.,.F.,.F.)
B_SPLINE_CURVE_WITH_KNOTS((4,4),(-1.,0.),.UNSPECIFIED.)
CURVE()
GEOMETRIC_REPRESENTATION_ITEM()
RATIONAL_B_SPLINE_CURVE((1.,1.,1.,1.))
REPRESENTATION_ITEM('')
);
#41=(
BOUNDED_CURVE()
B_SPLINE_CURVE(3,(#14591,#14592,#14593,#14594),.UNSPECIFIED.,.F.,.F.)
B_SPLINE_CURVE_WITH_KNOTS((4,4),(0.,1.),.UNSPECIFIED.)
CURVE()
GEOMETRIC_REPRESENTATION_ITEM()
RATIONAL_B_SPLINE_CURVE((1.,1.,1.,1.))
REPRESENTATION_ITEM('')
);
#42=(
BOUNDED_CURVE()
B_SPLINE_CURVE(3,(#14605,#14606,#14607,#14608),.UNSPECIFIED.,.F.,.F.)
B_SPLINE_CURVE_WITH_KNOTS((4,4),(-1.,0.),.UNSPECIFIED.)
CURVE()
GEOMETRIC_REPRESENTATION_ITEM()
RATIONAL_B_SPLINE_CURVE((1.,1.,1.,1.))
REPRESENTATION_ITEM('')
);
#43=(
BOUNDED_CURVE()
B_SPLINE_CURVE(3,(#14610,#14611,#14612,#14613),.UNSPECIFIED.,.F.,.F.)
B_SPLINE_CURVE_WITH_KNOTS((4,4),(0.,1.),.UNSPECIFIED.)
CURVE()
GEOMETRIC_REPRESENTATION_ITEM()
RATIONAL_B_SPLINE_CURVE((1.,1.,1.,1.))
REPRESENTATION_ITEM('')
);
#44=(
BOUNDED_CURVE()
B_SPLINE_CURVE(3,(#14630,#14631,#14632,#14633),.UNSPECIFIED.,.F.,.F.)
B_SPLINE_CURVE_WITH_KNOTS((4,4),(-1.,0.),.UNSPECIFIED.)
CURVE()
GEOMETRIC_REPRESENTATION_ITEM()
RATIONAL_B_SPLINE_CURVE((1.,1.,1.,1.))
REPRESENTATION_ITEM('')
);
#45=(
BOUNDED_CURVE()
B_SPLINE_CURVE(3,(#14635,#14636,#14637,#14638),.UNSPECIFIED.,.F.,.F.)
B_SPLINE_CURVE_WITH_KNOTS((4,4),(0.,1.),.UNSPECIFIED.)
CURVE()
GEOMETRIC_REPRESENTATION_ITEM()
RATIONAL_B_SPLINE_CURVE((1.,1.,1.,1.))
REPRESENTATION_ITEM('')
);
#46=(
BOUNDED_CURVE()
B_SPLINE_CURVE(3,(#14649,#14650,#14651,#14652),.UNSPECIFIED.,.F.,.F.)
B_SPLINE_CURVE_WITH_KNOTS((4,4),(-1.,0.),.UNSPECIFIED.)
CURVE()
GEOMETRIC_REPRESENTATION_ITEM()
RATIONAL_B_SPLINE_CURVE((1.,1.,1.,1.))
REPRESENTATION_ITEM('')
);
#47=(
BOUNDED_CURVE()
B_SPLINE_CURVE(3,(#14654,#14655,#14656,#14657),.UNSPECIFIED.,.F.,.F.)
B_SPLINE_CURVE_WITH_KNOTS((4,4),(0.,1.),.UNSPECIFIED.)
CURVE()
GEOMETRIC_REPRESENTATION_ITEM()
RATIONAL_B_SPLINE_CURVE((1.,1.,1.,1.))
REPRESENTATION_ITEM('')
);
#48=(
BOUNDED_CURVE()
B_SPLINE_CURVE(3,(#14668,#14669,#14670,#14671),.UNSPECIFIED.,.F.,.F.)
B_SPLINE_CURVE_WITH_KNOTS((4,4),(-1.,0.),.UNSPECIFIED.)
CURVE()
GEOMETRIC_REPRESENTATION_ITEM()
RATIONAL_B_SPLINE_CURVE((1.,1.,1.,1.))
REPRESENTATION_ITEM('')
);
#49=(
BOUNDED_CURVE()
B_SPLINE_CURVE(3,(#14673,#14674,#14675,#14676),.UNSPECIFIED.,.F.,.F.)
B_SPLINE_CURVE_WITH_KNOTS((4,4),(0.,1.),.UNSPECIFIED.)
CURVE()
GEOMETRIC_REPRESENTATION_ITEM()
RATIONAL_B_SPLINE_CURVE((1.,1.,1.,1.))
REPRESENTATION_ITEM('')
);
#50=(
BOUNDED_CURVE()
B_SPLINE_CURVE(3,(#14687,#14688,#14689,#14690),.UNSPECIFIED.,.F.,.F.)
B_SPLINE_CURVE_WITH_KNOTS((4,4),(-1.,0.),.UNSPECIFIED.)
CURVE()
GEOMETRIC_REPRESENTATION_ITEM()
RATIONAL_B_SPLINE_CURVE((1.,1.,1.,1.))
REPRESENTATION_ITEM('')
);
#51=(
BOUNDED_CURVE()
B_SPLINE_CURVE(3,(#14692,#14693,#14694,#14695),.UNSPECIFIED.,.F.,.F.)
B_SPLINE_CURVE_WITH_KNOTS((4,4),(0.,1.),.UNSPECIFIED.)
CURVE()
GEOMETRIC_REPRESENTATION_ITEM()
RATIONAL_B_SPLINE_CURVE((1.,1.,1.,1.))
REPRESENTATION_ITEM('')
);
#52=(
BOUNDED_CURVE()
B_SPLINE_CURVE(3,(#14706,#14707,#14708,#14709),.UNSPECIFIED.,.F.,.F.)
B_SPLINE_CURVE_WITH_KNOTS((4,4),(-1.,0.),.UNSPECIFIED.)
CURVE()
GEOMETRIC_REPRESENTATION_ITEM()
RATIONAL_B_SPLINE_CURVE((1.,1.,1.,1.))
REPRESENTATION_ITEM('')
);
#53=(
BOUNDED_CURVE()
B_SPLINE_CURVE(3,(#14711,#14712,#14713,#14714),.UNSPECIFIED.,.F.,.F.)
B_SPLINE_CURVE_WITH_KNOTS((4,4),(0.,1.),.UNSPECIFIED.)
CURVE()
GEOMETRIC_REPRESENTATION_ITEM()
RATIONAL_B_SPLINE_CURVE((1.,1.,1.,1.))
REPRESENTATION_ITEM('')
);
#54=(
BOUNDED_CURVE()
B_SPLINE_CURVE(3,(#14725,#14726,#14727,#14728),.UNSPECIFIED.,.F.,.F.)
B_SPLINE_CURVE_WITH_KNOTS((4,4),(-1.,0.),.UNSPECIFIED.)
CURVE()
GEOMETRIC_REPRESENTATION_ITEM()
RATIONAL_B_SPLINE_CURVE((1.,1.,1.,1.))
REPRESENTATION_ITEM('')
);
#55=(
BOUNDED_CURVE()
B_SPLINE_CURVE(3,(#14730,#14731,#14732,#14733),.UNSPECIFIED.,.F.,.F.)
B_SPLINE_CURVE_WITH_KNOTS((4,4),(0.,1.),.UNSPECIFIED.)
CURVE()
GEOMETRIC_REPRESENTATION_ITEM()
RATIONAL_B_SPLINE_CURVE((1.,1.,1.,1.))
REPRESENTATION_ITEM('')
);
#56=(
BOUNDED_CURVE()
B_SPLINE_CURVE(3,(#14744,#14745,#14746,#14747),.UNSPECIFIED.,.F.,.F.)
B_SPLINE_CURVE_WITH_KNOTS((4,4),(-1.,0.),.UNSPECIFIED.)
CURVE()
GEOMETRIC_REPRESENTATION_ITEM()
RATIONAL_B_SPLINE_CURVE((1.,1.,1.,1.))
REPRESENTATION_ITEM('')
);
#57=(
BOUNDED_CURVE()
B_SPLINE_CURVE(3,(#14749,#14750,#14751,#14752),.UNSPECIFIED.,.F.,.F.)
B_SPLINE_CURVE_WITH_KNOTS((4,4),(0.,1.),.UNSPECIFIED.)
CURVE()
GEOMETRIC_REPRESENTATION_ITEM()
RATIONAL_B_SPLINE_CURVE((1.,1.,1.,1.))
REPRESENTATION_ITEM('')
);
#58=(
BOUNDED_CURVE()
B_SPLINE_CURVE(3,(#14763,#14764,#14765,#14766),.UNSPECIFIED.,.F.,.F.)
B_SPLINE_CURVE_WITH_KNOTS((4,4),(-1.,0.),.UNSPECIFIED.)
CURVE()
GEOMETRIC_REPRESENTATION_ITEM()
RATIONAL_B_SPLINE_CURVE((1.,1.,1.,1.))
REPRESENTATION_ITEM('')
);
#59=(
BOUNDED_CURVE()
B_SPLINE_CURVE(3,(#14768,#14769,#14770,#14771),.UNSPECIFIED.,.F.,.F.)
B_SPLINE_CURVE_WITH_KNOTS((4,4),(0.,1.),.UNSPECIFIED.)
CURVE()
GEOMETRIC_REPRESENTATION_ITEM()
RATIONAL_B_SPLINE_CURVE((1.,1.,1.,1.))
REPRESENTATION_ITEM('')
);
#60=(
BOUNDED_CURVE()
B_SPLINE_CURVE(3,(#14787,#14788,#14789,#14790),.UNSPECIFIED.,.F.,.F.)
B_SPLINE_CURVE_WITH_KNOTS((4,4),(-1.,0.),.UNSPECIFIED.)
CURVE()
GEOMETRIC_REPRESENTATION_ITEM()
RATIONAL_B_SPLINE_CURVE((1.,1.,1.,1.))
REPRESENTATION_ITEM('')
);
#61=(
BOUNDED_CURVE()
B_SPLINE_CURVE(3,(#14791,#14792,#14793,#14794),.UNSPECIFIED.,.F.,.F.)
B_SPLINE_CURVE_WITH_KNOTS((4,4),(0.,1.),.UNSPECIFIED.)
CURVE()
GEOMETRIC_REPRESENTATION_ITEM()
RATIONAL_B_SPLINE_CURVE((1.,1.,1.,1.))
REPRESENTATION_ITEM('')
);
#62=(
BOUNDED_SURFACE()
B_SPLINE_SURFACE(3,1,((#14254,#14255),(#14256,#14257),(#14258,#14259),(#14260,
#14261)),.UNSPECIFIED.,.F.,.F.,.F.)
B_SPLINE_SURFACE_WITH_KNOTS((4,4),(2,2),(0.,1.),(0.,0.005),
 .UNSPECIFIED.)
GEOMETRIC_REPRESENTATION_ITEM()
RATIONAL_B_SPLINE_SURFACE(((1.,1.),(1.,1.),(1.,1.),(1.,1.)))
REPRESENTATION_ITEM('')
SURFACE()
);
#63=(
BOUNDED_SURFACE()
B_SPLINE_SURFACE(3,1,((#14276,#14277),(#14278,#14279),(#14280,#14281),(#14282,
#14283)),.UNSPECIFIED.,.F.,.F.,.F.)
B_SPLINE_SURFACE_WITH_KNOTS((4,4),(2,2),(0.,1.),(0.,0.005),
 .UNSPECIFIED.)
GEOMETRIC_REPRESENTATION_ITEM()
RATIONAL_B_SPLINE_SURFACE(((1.,1.),(1.,1.),(1.,1.),(1.,1.)))
REPRESENTATION_ITEM('')
SURFACE()
);
#64=(
BOUNDED_SURFACE()
B_SPLINE_SURFACE(3,1,((#14295,#14296),(#14297,#14298),(#14299,#14300),(#14301,
#14302)),.UNSPECIFIED.,.F.,.F.,.F.)
B_SPLINE_SURFACE_WITH_KNOTS((4,4),(2,2),(0.,1.),(0.,0.005),
 .UNSPECIFIED.)
GEOMETRIC_REPRESENTATION_ITEM()
RATIONAL_B_SPLINE_SURFACE(((1.,1.),(1.,1.),(1.,1.),(1.,1.)))
REPRESENTATION_ITEM('')
SURFACE()
);
#65=(
BOUNDED_SURFACE()
B_SPLINE_SURFACE(3,1,((#14314,#14315),(#14316,#14317),(#14318,#14319),(#14320,
#14321)),.UNSPECIFIED.,.F.,.F.,.F.)
B_SPLINE_SURFACE_WITH_KNOTS((4,4),(2,2),(0.,1.),(0.,0.005),
 .UNSPECIFIED.)
GEOMETRIC_REPRESENTATION_ITEM()
RATIONAL_B_SPLINE_SURFACE(((1.,1.),(1.,1.),(1.,1.),(1.,1.)))
REPRESENTATION_ITEM('')
SURFACE()
);
#66=(
BOUNDED_SURFACE()
B_SPLINE_SURFACE(3,1,((#14339,#14340),(#14341,#14342),(#14343,#14344),(#14345,
#14346)),.UNSPECIFIED.,.F.,.F.,.F.)
B_SPLINE_SURFACE_WITH_KNOTS((4,4),(2,2),(0.,1.),(0.,0.005),
 .UNSPECIFIED.)
GEOMETRIC_REPRESENTATION_ITEM()
RATIONAL_B_SPLINE_SURFACE(((1.,1.),(1.,1.),(1.,1.),(1.,1.)))
REPRESENTATION_ITEM('')
SURFACE()
);
#67=(
BOUNDED_SURFACE()
B_SPLINE_SURFACE(3,1,((#14358,#14359),(#14360,#14361),(#14362,#14363),(#14364,
#14365)),.UNSPECIFIED.,.F.,.F.,.F.)
B_SPLINE_SURFACE_WITH_KNOTS((4,4),(2,2),(0.,1.),(0.,0.005),
 .UNSPECIFIED.)
GEOMETRIC_REPRESENTATION_ITEM()
RATIONAL_B_SPLINE_SURFACE(((1.,1.),(1.,1.),(1.,1.),(1.,1.)))
REPRESENTATION_ITEM('')
SURFACE()
);
#68=(
BOUNDED_SURFACE()
B_SPLINE_SURFACE(3,1,((#14377,#14378),(#14379,#14380),(#14381,#14382),(#14383,
#14384)),.UNSPECIFIED.,.F.,.F.,.F.)
B_SPLINE_SURFACE_WITH_KNOTS((4,4),(2,2),(0.,1.),(0.,0.005),
 .UNSPECIFIED.)
GEOMETRIC_REPRESENTATION_ITEM()
RATIONAL_B_SPLINE_SURFACE(((1.,1.),(1.,1.),(1.,1.),(1.,1.)))
REPRESENTATION_ITEM('')
SURFACE()
);
#69=(
BOUNDED_SURFACE()
B_SPLINE_SURFACE(3,1,((#14396,#14397),(#14398,#14399),(#14400,#14401),(#14402,
#14403)),.UNSPECIFIED.,.F.,.F.,.F.)
B_SPLINE_SURFACE_WITH_KNOTS((4,4),(2,2),(0.,1.),(0.,0.005),
 .UNSPECIFIED.)
GEOMETRIC_REPRESENTATION_ITEM()
RATIONAL_B_SPLINE_SURFACE(((1.,1.),(1.,1.),(1.,1.),(1.,1.)))
REPRESENTATION_ITEM('')
SURFACE()
);
#70=(
BOUNDED_SURFACE()
B_SPLINE_SURFACE(3,1,((#14479,#14480),(#14481,#14482),(#14483,#14484),(#14485,
#14486)),.UNSPECIFIED.,.F.,.F.,.F.)
B_SPLINE_SURFACE_WITH_KNOTS((4,4),(2,2),(0.,1.),(0.,0.005),
 .UNSPECIFIED.)
GEOMETRIC_REPRESENTATION_ITEM()
RATIONAL_B_SPLINE_SURFACE(((1.,1.),(1.,1.),(1.,1.),(1.,1.)))
REPRESENTATION_ITEM('')
SURFACE()
);
#71=(
BOUNDED_SURFACE()
B_SPLINE_SURFACE(3,1,((#14501,#14502),(#14503,#14504),(#14505,#14506),(#14507,
#14508)),.UNSPECIFIED.,.F.,.F.,.F.)
B_SPLINE_SURFACE_WITH_KNOTS((4,4),(2,2),(0.,1.),(0.,0.005),
 .UNSPECIFIED.)
GEOMETRIC_REPRESENTATION_ITEM()
RATIONAL_B_SPLINE_SURFACE(((1.,1.),(1.,1.),(1.,1.),(1.,1.)))
REPRESENTATION_ITEM('')
SURFACE()
);
#72=(
BOUNDED_SURFACE()
B_SPLINE_SURFACE(3,1,((#14520,#14521),(#14522,#14523),(#14524,#14525),(#14526,
#14527)),.UNSPECIFIED.,.F.,.F.,.F.)
B_SPLINE_SURFACE_WITH_KNOTS((4,4),(2,2),(0.,1.),(0.,0.005),
 .UNSPECIFIED.)
GEOMETRIC_REPRESENTATION_ITEM()
RATIONAL_B_SPLINE_SURFACE(((1.,1.),(1.,1.),(1.,1.),(1.,1.)))
REPRESENTATION_ITEM('')
SURFACE()
);
#73=(
BOUNDED_SURFACE()
B_SPLINE_SURFACE(3,1,((#14539,#14540),(#14541,#14542),(#14543,#14544),(#14545,
#14546)),.UNSPECIFIED.,.F.,.F.,.F.)
B_SPLINE_SURFACE_WITH_KNOTS((4,4),(2,2),(0.,1.),(0.,0.005),
 .UNSPECIFIED.)
GEOMETRIC_REPRESENTATION_ITEM()
RATIONAL_B_SPLINE_SURFACE(((1.,1.),(1.,1.),(1.,1.),(1.,1.)))
REPRESENTATION_ITEM('')
SURFACE()
);
#74=(
BOUNDED_SURFACE()
B_SPLINE_SURFACE(3,1,((#14558,#14559),(#14560,#14561),(#14562,#14563),(#14564,
#14565)),.UNSPECIFIED.,.F.,.F.,.F.)
B_SPLINE_SURFACE_WITH_KNOTS((4,4),(2,2),(0.,1.),(0.,0.005),
 .UNSPECIFIED.)
GEOMETRIC_REPRESENTATION_ITEM()
RATIONAL_B_SPLINE_SURFACE(((1.,1.),(1.,1.),(1.,1.),(1.,1.)))
REPRESENTATION_ITEM('')
SURFACE()
);
#75=(
BOUNDED_SURFACE()
B_SPLINE_SURFACE(3,1,((#14577,#14578),(#14579,#14580),(#14581,#14582),(#14583,
#14584)),.UNSPECIFIED.,.F.,.F.,.F.)
B_SPLINE_SURFACE_WITH_KNOTS((4,4),(2,2),(0.,1.),(0.,0.005),
 .UNSPECIFIED.)
GEOMETRIC_REPRESENTATION_ITEM()
RATIONAL_B_SPLINE_SURFACE(((1.,1.),(1.,1.),(1.,1.),(1.,1.)))
REPRESENTATION_ITEM('')
SURFACE()
);
#76=(
BOUNDED_SURFACE()
B_SPLINE_SURFACE(3,1,((#14596,#14597),(#14598,#14599),(#14600,#14601),(#14602,
#14603)),.UNSPECIFIED.,.F.,.F.,.F.)
B_SPLINE_SURFACE_WITH_KNOTS((4,4),(2,2),(0.,1.),(0.,0.005),
 .UNSPECIFIED.)
GEOMETRIC_REPRESENTATION_ITEM()
RATIONAL_B_SPLINE_SURFACE(((1.,1.),(1.,1.),(1.,1.),(1.,1.)))
REPRESENTATION_ITEM('')
SURFACE()
);
#77=(
BOUNDED_SURFACE()
B_SPLINE_SURFACE(3,1,((#14621,#14622),(#14623,#14624),(#14625,#14626),(#14627,
#14628)),.UNSPECIFIED.,.F.,.F.,.F.)
B_SPLINE_SURFACE_WITH_KNOTS((4,4),(2,2),(0.,1.),(0.,0.005),
 .UNSPECIFIED.)
GEOMETRIC_REPRESENTATION_ITEM()
RATIONAL_B_SPLINE_SURFACE(((1.,1.),(1.,1.),(1.,1.),(1.,1.)))
REPRESENTATION_ITEM('')
SURFACE()
);
#78=(
BOUNDED_SURFACE()
B_SPLINE_SURFACE(3,1,((#14640,#14641),(#14642,#14643),(#14644,#14645),(#14646,
#14647)),.UNSPECIFIED.,.F.,.F.,.F.)
B_SPLINE_SURFACE_WITH_KNOTS((4,4),(2,2),(0.,1.),(0.,0.005),
 .UNSPECIFIED.)
GEOMETRIC_REPRESENTATION_ITEM()
RATIONAL_B_SPLINE_SURFACE(((1.,1.),(1.,1.),(1.,1.),(1.,1.)))
REPRESENTATION_ITEM('')
SURFACE()
);
#79=(
BOUNDED_SURFACE()
B_SPLINE_SURFACE(3,1,((#14659,#14660),(#14661,#14662),(#14663,#14664),(#14665,
#14666)),.UNSPECIFIED.,.F.,.F.,.F.)
B_SPLINE_SURFACE_WITH_KNOTS((4,4),(2,2),(0.,1.),(0.,0.005),
 .UNSPECIFIED.)
GEOMETRIC_REPRESENTATION_ITEM()
RATIONAL_B_SPLINE_SURFACE(((1.,1.),(1.,1.),(1.,1.),(1.,1.)))
REPRESENTATION_ITEM('')
SURFACE()
);
#80=(
BOUNDED_SURFACE()
B_SPLINE_SURFACE(3,1,((#14678,#14679),(#14680,#14681),(#14682,#14683),(#14684,
#14685)),.UNSPECIFIED.,.F.,.F.,.F.)
B_SPLINE_SURFACE_WITH_KNOTS((4,4),(2,2),(0.,1.),(0.,0.005),
 .UNSPECIFIED.)
GEOMETRIC_REPRESENTATION_ITEM()
RATIONAL_B_SPLINE_SURFACE(((1.,1.),(1.,1.),(1.,1.),(1.,1.)))
REPRESENTATION_ITEM('')
SURFACE()
);
#81=(
BOUNDED_SURFACE()
B_SPLINE_SURFACE(3,1,((#14697,#14698),(#14699,#14700),(#14701,#14702),(#14703,
#14704)),.UNSPECIFIED.,.F.,.F.,.F.)
B_SPLINE_SURFACE_WITH_KNOTS((4,4),(2,2),(0.,1.),(0.,0.005),
 .UNSPECIFIED.)
GEOMETRIC_REPRESENTATION_ITEM()
RATIONAL_B_SPLINE_SURFACE(((1.,1.),(1.,1.),(1.,1.),(1.,1.)))
REPRESENTATION_ITEM('')
SURFACE()
);
#82=(
BOUNDED_SURFACE()
B_SPLINE_SURFACE(3,1,((#14716,#14717),(#14718,#14719),(#14720,#14721),(#14722,
#14723)),.UNSPECIFIED.,.F.,.F.,.F.)
B_SPLINE_SURFACE_WITH_KNOTS((4,4),(2,2),(0.,1.),(0.,0.005),
 .UNSPECIFIED.)
GEOMETRIC_REPRESENTATION_ITEM()
RATIONAL_B_SPLINE_SURFACE(((1.,1.),(1.,1.),(1.,1.),(1.,1.)))
REPRESENTATION_ITEM('')
SURFACE()
);
#83=(
BOUNDED_SURFACE()
B_SPLINE_SURFACE(3,1,((#14735,#14736),(#14737,#14738),(#14739,#14740),(#14741,
#14742)),.UNSPECIFIED.,.F.,.F.,.F.)
B_SPLINE_SURFACE_WITH_KNOTS((4,4),(2,2),(0.,1.),(0.,0.005),
 .UNSPECIFIED.)
GEOMETRIC_REPRESENTATION_ITEM()
RATIONAL_B_SPLINE_SURFACE(((1.,1.),(1.,1.),(1.,1.),(1.,1.)))
REPRESENTATION_ITEM('')
SURFACE()
);
#84=(
BOUNDED_SURFACE()
B_SPLINE_SURFACE(3,1,((#14754,#14755),(#14756,#14757),(#14758,#14759),(#14760,
#14761)),.UNSPECIFIED.,.F.,.F.,.F.)
B_SPLINE_SURFACE_WITH_KNOTS((4,4),(2,2),(0.,1.),(0.,0.005),
 .UNSPECIFIED.)
GEOMETRIC_REPRESENTATION_ITEM()
RATIONAL_B_SPLINE_SURFACE(((1.,1.),(1.,1.),(1.,1.),(1.,1.)))
REPRESENTATION_ITEM('')
SURFACE()
);
#85=(
BOUNDED_SURFACE()
B_SPLINE_SURFACE(3,1,((#14779,#14780),(#14781,#14782),(#14783,#14784),(#14785,
#14786)),.UNSPECIFIED.,.F.,.F.,.F.)
B_SPLINE_SURFACE_WITH_KNOTS((4,4),(2,2),(0.,1.),(0.,0.005),
 .UNSPECIFIED.)
GEOMETRIC_REPRESENTATION_ITEM()
RATIONAL_B_SPLINE_SURFACE(((1.,1.),(1.,1.),(1.,1.),(1.,1.)))
REPRESENTATION_ITEM('')
SURFACE()
);
#86=FACE_BOUND('',#1503,.T.);
#87=FACE_BOUND('',#1505,.T.);
#88=FACE_BOUND('',#1506,.T.);
#89=FACE_BOUND('',#1507,.T.);
#90=FACE_BOUND('',#1508,.T.);
#91=FACE_BOUND('',#1509,.T.);
#92=FACE_BOUND('',#1510,.T.);
#93=FACE_BOUND('',#1511,.T.);
#94=FACE_BOUND('',#1512,.T.);
#95=FACE_BOUND('',#1513,.T.);
#96=FACE_BOUND('',#1514,.T.);
#97=FACE_BOUND('',#1546,.T.);
#98=FACE_BOUND('',#1581,.T.);
#99=FACE_BOUND('',#1616,.T.);
#100=FACE_BOUND('',#1617,.T.);
#101=FACE_BOUND('',#1700,.T.);
#102=FACE_BOUND('',#1743,.T.);
#103=FACE_BOUND('',#1744,.T.);
#104=FACE_BOUND('',#1747,.T.);
#105=B_SPLINE_CURVE_WITH_KNOTS('',3,(#8658,#8659,#8660,#8661,#8662),
 .UNSPECIFIED.,.F.,.F.,(4,1,4),(0.,0.00110726382007328,0.00193145424392484),
 .UNSPECIFIED.);
#106=B_SPLINE_CURVE_WITH_KNOTS('',3,(#8664,#8665,#8666,#8667,#8668),
 .UNSPECIFIED.,.F.,.F.,(4,1,4),(-0.00193145424392484,-0.00110726382007328,
0.),.UNSPECIFIED.);
#107=B_SPLINE_CURVE_WITH_KNOTS('',3,(#8681,#8682,#8683,#8684,#8685),
 .UNSPECIFIED.,.F.,.F.,(4,1,4),(0.,0.000707336312431089,0.00145223183882952),
 .UNSPECIFIED.);
#108=B_SPLINE_CURVE_WITH_KNOTS('',3,(#8687,#8688,#8689,#8690,#8691),
 .UNSPECIFIED.,.F.,.F.,(4,1,4),(-0.00145223183882952,-0.000707336312431089,
0.),.UNSPECIFIED.);
#109=B_SPLINE_CURVE_WITH_KNOTS('',3,(#8704,#8705,#8706,#8707,#8708),
 .UNSPECIFIED.,.F.,.F.,(4,1,4),(0.,0.000718678864423197,0.00143033074416576),
 .UNSPECIFIED.);
#110=B_SPLINE_CURVE_WITH_KNOTS('',3,(#8710,#8711,#8712,#8713,#8714),
 .UNSPECIFIED.,.F.,.F.,(4,1,4),(-0.00143033074416576,-0.000718678864423197,
0.),.UNSPECIFIED.);
#111=B_SPLINE_CURVE_WITH_KNOTS('',3,(#8727,#8728,#8729,#8730,#8731),
 .UNSPECIFIED.,.F.,.F.,(4,1,4),(0.,0.000831484542099727,0.00193935382962189),
 .UNSPECIFIED.);
#112=B_SPLINE_CURVE_WITH_KNOTS('',3,(#8733,#8734,#8735,#8736,#8737),
 .UNSPECIFIED.,.F.,.F.,(4,1,4),(-0.00193935382962189,-0.000831484542099727,
0.),.UNSPECIFIED.);
#113=B_SPLINE_CURVE_WITH_KNOTS('',3,(#8756,#8757,#8758,#8759,#8760),
 .UNSPECIFIED.,.F.,.F.,(4,1,4),(0.,0.00110787107478991,0.00193935217048721),
 .UNSPECIFIED.);
#114=B_SPLINE_CURVE_WITH_KNOTS('',3,(#8762,#8763,#8764,#8765,#8766),
 .UNSPECIFIED.,.F.,.F.,(4,1,4),(-0.00193935217048721,-0.00110787107478991,
0.),.UNSPECIFIED.);
#115=B_SPLINE_CURVE_WITH_KNOTS('',3,(#8779,#8780,#8781,#8782,#8783),
 .UNSPECIFIED.,.F.,.F.,(4,1,4),(0.,0.000711652152383478,0.00143033074683053),
 .UNSPECIFIED.);
#116=B_SPLINE_CURVE_WITH_KNOTS('',3,(#8785,#8786,#8787,#8788,#8789),
 .UNSPECIFIED.,.F.,.F.,(4,1,4),(-0.00143033074683053,-0.000711652152383478,
0.),.UNSPECIFIED.);
#117=B_SPLINE_CURVE_WITH_KNOTS('',3,(#8802,#8803,#8804,#8805,#8806),
 .UNSPECIFIED.,.F.,.F.,(4,1,4),(0.,0.000744903367266455,0.00145223146456052),
 .UNSPECIFIED.);
#118=B_SPLINE_CURVE_WITH_KNOTS('',3,(#8808,#8809,#8810,#8811,#8812),
 .UNSPECIFIED.,.F.,.F.,(4,1,4),(-0.00145223146456052,-0.000744903367266455,
0.),.UNSPECIFIED.);
#119=B_SPLINE_CURVE_WITH_KNOTS('',3,(#8825,#8826,#8827,#8828,#8829),
 .UNSPECIFIED.,.F.,.F.,(4,1,4),(0.,0.000824190423851562,0.00193145516949656),
 .UNSPECIFIED.);
#120=B_SPLINE_CURVE_WITH_KNOTS('',3,(#8831,#8832,#8833,#8834,#8835),
 .UNSPECIFIED.,.F.,.F.,(4,1,4),(-0.00193145516949656,-0.000824190423851562,
0.),.UNSPECIFIED.);
#121=B_SPLINE_CURVE_WITH_KNOTS('',3,(#8866,#8867,#8868,#8869,#8870),
 .UNSPECIFIED.,.F.,.F.,(4,1,4),(0.,0.0011072651590026,0.00193145724885463),
 .UNSPECIFIED.);
#122=B_SPLINE_CURVE_WITH_KNOTS('',3,(#8872,#8873,#8874,#8875,#8876),
 .UNSPECIFIED.,.F.,.F.,(4,1,4),(-0.00193145724885463,-0.0011072651590026,
0.),.UNSPECIFIED.);
#123=B_SPLINE_CURVE_WITH_KNOTS('',3,(#8889,#8890,#8891,#8892,#8893),
 .UNSPECIFIED.,.F.,.F.,(4,1,4),(0.,0.000707328371601595,0.00145222799208085),
 .UNSPECIFIED.);
#124=B_SPLINE_CURVE_WITH_KNOTS('',3,(#8895,#8896,#8897,#8898,#8899),
 .UNSPECIFIED.,.F.,.F.,(4,1,4),(-0.00145222799208085,-0.000707328371601595,
0.),.UNSPECIFIED.);
#125=B_SPLINE_CURVE_WITH_KNOTS('',3,(#8912,#8913,#8914,#8915,#8916),
 .UNSPECIFIED.,.F.,.F.,(4,1,4),(0.,0.000764844465774939,0.00154913665738677),
 .UNSPECIFIED.);
#126=B_SPLINE_CURVE_WITH_KNOTS('',3,(#8918,#8919,#8920,#8921,#8922),
 .UNSPECIFIED.,.F.,.F.,(4,1,4),(-0.00154913665738677,-0.000764844465774939,
0.),.UNSPECIFIED.);
#127=B_SPLINE_CURVE_WITH_KNOTS('',3,(#8935,#8936,#8937,#8938,#8939),
 .UNSPECIFIED.,.F.,.F.,(4,1,4),(0.,0.000745493087344041,0.00182982931413134),
 .UNSPECIFIED.);
#128=B_SPLINE_CURVE_WITH_KNOTS('',3,(#8941,#8942,#8943,#8944,#8945),
 .UNSPECIFIED.,.F.,.F.,(4,1,4),(-0.00182982931413134,-0.000745493087344041,
0.),.UNSPECIFIED.);
#129=B_SPLINE_CURVE_WITH_KNOTS('',3,(#8970,#8971,#8972,#8973,#8974),
 .UNSPECIFIED.,.F.,.F.,(4,1,4),(0.,0.00110787113765394,0.00193935223335125),
 .UNSPECIFIED.);
#130=B_SPLINE_CURVE_WITH_KNOTS('',3,(#8976,#8977,#8978,#8979,#8980),
 .UNSPECIFIED.,.F.,.F.,(4,1,4),(-0.00193935223335125,-0.00110787113765394,
0.),.UNSPECIFIED.);
#131=B_SPLINE_CURVE_WITH_KNOTS('',3,(#8993,#8994,#8995,#8996,#8997),
 .UNSPECIFIED.,.F.,.F.,(4,1,4),(0.,0.000711657919780687,0.00143032947408237),
 .UNSPECIFIED.);
#132=B_SPLINE_CURVE_WITH_KNOTS('',3,(#8999,#9000,#9001,#9002,#9003),
 .UNSPECIFIED.,.F.,.F.,(4,1,4),(-0.00143032947408237,-0.000711657919780687,
0.),.UNSPECIFIED.);
#133=B_SPLINE_CURVE_WITH_KNOTS('',3,(#9016,#9017,#9018,#9019,#9020),
 .UNSPECIFIED.,.F.,.F.,(4,1,4),(0.,0.000750145266928778,0.00147049178178455),
 .UNSPECIFIED.);
#134=B_SPLINE_CURVE_WITH_KNOTS('',3,(#9022,#9023,#9024,#9025,#9026),
 .UNSPECIFIED.,.F.,.F.,(4,1,4),(-0.00147049178178455,-0.000750145266928778,
0.),.UNSPECIFIED.);
#135=B_SPLINE_CURVE_WITH_KNOTS('',3,(#9039,#9040,#9041,#9042,#9043),
 .UNSPECIFIED.,.F.,.F.,(4,1,4),(0.,0.000831484542099727,0.00193935567975367),
 .UNSPECIFIED.);
#136=B_SPLINE_CURVE_WITH_KNOTS('',3,(#9045,#9046,#9047,#9048,#9049),
 .UNSPECIFIED.,.F.,.F.,(4,1,4),(-0.00193935567975367,-0.000831484542099727,
0.),.UNSPECIFIED.);
#137=B_SPLINE_CURVE_WITH_KNOTS('',3,(#9092,#9093,#9094,#9095,#9096),
 .UNSPECIFIED.,.F.,.F.,(4,1,4),(0.,0.0011078713531996,0.00193935417209155),
 .UNSPECIFIED.);
#138=B_SPLINE_CURVE_WITH_KNOTS('',3,(#9098,#9099,#9100,#9101,#9102),
 .UNSPECIFIED.,.F.,.F.,(4,1,4),(-0.00193935417209155,-0.0011078713531996,
0.),.UNSPECIFIED.);
#139=B_SPLINE_CURVE_WITH_KNOTS('',3,(#9115,#9116,#9117,#9118,#9119),
 .UNSPECIFIED.,.F.,.F.,(4,1,4),(0.,0.000720341956584417,0.0014704901946658),
 .UNSPECIFIED.);
#140=B_SPLINE_CURVE_WITH_KNOTS('',3,(#9121,#9122,#9123,#9124,#9125),
 .UNSPECIFIED.,.F.,.F.,(4,1,4),(-0.0014704901946658,-0.000720341956584417,
0.),.UNSPECIFIED.);
#141=B_SPLINE_CURVE_WITH_KNOTS('',3,(#9138,#9139,#9140,#9141,#9142),
 .UNSPECIFIED.,.F.,.F.,(4,1,4),(0.,0.000718678144492629,0.00143033002423519),
 .UNSPECIFIED.);
#142=B_SPLINE_CURVE_WITH_KNOTS('',3,(#9144,#9145,#9146,#9147,#9148),
 .UNSPECIFIED.,.F.,.F.,(4,1,4),(-0.00143033002423519,-0.000718678144492629,
0.),.UNSPECIFIED.);
#143=B_SPLINE_CURVE_WITH_KNOTS('',3,(#9161,#9162,#9163,#9164,#9165),
 .UNSPECIFIED.,.F.,.F.,(4,1,4),(0.,0.000831482818891955,0.00193935438764029),
 .UNSPECIFIED.);
#144=B_SPLINE_CURVE_WITH_KNOTS('',3,(#9167,#9168,#9169,#9170,#9171),
 .UNSPECIFIED.,.F.,.F.,(4,1,4),(-0.00193935438764029,-0.000831482818891955,
0.),.UNSPECIFIED.);
#145=B_SPLINE_CURVE_WITH_KNOTS('',3,(#9190,#9191,#9192,#9193,#9194),
 .UNSPECIFIED.,.F.,.F.,(4,1,4),(0.,0.00110787156874834,0.00193935108486061),
 .UNSPECIFIED.);
#146=B_SPLINE_CURVE_WITH_KNOTS('',3,(#9196,#9197,#9198,#9199,#9200),
 .UNSPECIFIED.,.F.,.F.,(4,1,4),(-0.00193935108486061,-0.00110787156874834,
0.),.UNSPECIFIED.);
#147=B_SPLINE_CURVE_WITH_KNOTS('',3,(#9213,#9214,#9215,#9216,#9217),
 .UNSPECIFIED.,.F.,.F.,(4,1,4),(0.,0.000711654060875519,0.00143033292529872),
 .UNSPECIFIED.);
#148=B_SPLINE_CURVE_WITH_KNOTS('',3,(#9219,#9220,#9221,#9222,#9223),
 .UNSPECIFIED.,.F.,.F.,(4,1,4),(-0.00143033292529872,-0.000711654060875519,
0.),.UNSPECIFIED.);
#149=B_SPLINE_CURVE_WITH_KNOTS('',3,(#9236,#9237,#9238,#9239,#9240),
 .UNSPECIFIED.,.F.,.F.,(4,1,4),(0.,0.000750148927809572,0.00147049303921423),
 .UNSPECIFIED.);
#150=B_SPLINE_CURVE_WITH_KNOTS('',3,(#9242,#9243,#9244,#9245,#9246),
 .UNSPECIFIED.,.F.,.F.,(4,1,4),(-0.00147049303921423,-0.000750148927809572,
0.),.UNSPECIFIED.);
#151=B_SPLINE_CURVE_WITH_KNOTS('',3,(#9259,#9260,#9261,#9262,#9263),
 .UNSPECIFIED.,.F.,.F.,(4,1,4),(0.,0.000831478654509889,0.00193935022325823),
 .UNSPECIFIED.);
#152=B_SPLINE_CURVE_WITH_KNOTS('',3,(#9265,#9266,#9267,#9268,#9269),
 .UNSPECIFIED.,.F.,.F.,(4,1,4),(-0.00193935022325823,-0.000831478654509889,
0.),.UNSPECIFIED.);
#153=B_SPLINE_CURVE_WITH_KNOTS('',3,(#9325,#9326,#9327,#9328,#9329),
 .UNSPECIFIED.,.F.,.F.,(4,1,4),(0.,0.00110726567121673,0.00193145276306567),
 .UNSPECIFIED.);
#154=B_SPLINE_CURVE_WITH_KNOTS('',3,(#9331,#9332,#9333,#9334,#9335),
 .UNSPECIFIED.,.F.,.F.,(4,1,4),(-0.00193145276306567,-0.00110726567121673,
0.),.UNSPECIFIED.);
#155=B_SPLINE_CURVE_WITH_KNOTS('',3,(#9348,#9349,#9350,#9351,#9352),
 .UNSPECIFIED.,.F.,.F.,(4,1,4),(0.,0.000707338506891054,0.00145223403328949),
 .UNSPECIFIED.);
#156=B_SPLINE_CURVE_WITH_KNOTS('',3,(#9354,#9355,#9356,#9357,#9358),
 .UNSPECIFIED.,.F.,.F.,(4,1,4),(-0.00145223403328949,-0.000707338506891054,
0.),.UNSPECIFIED.);
#157=B_SPLINE_CURVE_WITH_KNOTS('',3,(#9371,#9372,#9373,#9374,#9375),
 .UNSPECIFIED.,.F.,.F.,(4,1,4),(0.,0.000718679584372354,0.00143033146411491),
 .UNSPECIFIED.);
#158=B_SPLINE_CURVE_WITH_KNOTS('',3,(#9377,#9378,#9379,#9380,#9381),
 .UNSPECIFIED.,.F.,.F.,(4,1,4),(-0.00143033146411491,-0.000718679584372354,
0.),.UNSPECIFIED.);
#159=B_SPLINE_CURVE_WITH_KNOTS('',3,(#9394,#9395,#9396,#9397,#9398),
 .UNSPECIFIED.,.F.,.F.,(4,1,4),(0.,0.000831481239326896,0.00193935237698084),
 .UNSPECIFIED.);
#160=B_SPLINE_CURVE_WITH_KNOTS('',3,(#9400,#9401,#9402,#9403,#9404),
 .UNSPECIFIED.,.F.,.F.,(4,1,4),(-0.00193935237698084,-0.000831481239326896,
0.),.UNSPECIFIED.);
#161=B_SPLINE_CURVE_WITH_KNOTS('',3,(#9423,#9424,#9425,#9426,#9427),
 .UNSPECIFIED.,.F.,.F.,(4,1,4),(0.,0.00110787199985509,0.00193935639834248),
 .UNSPECIFIED.);
#162=B_SPLINE_CURVE_WITH_KNOTS('',3,(#9429,#9430,#9431,#9432,#9433),
 .UNSPECIFIED.,.F.,.F.,(4,1,4),(-0.00193935639834248,-0.00110787199985509,
0.),.UNSPECIFIED.);
#163=B_SPLINE_CURVE_WITH_KNOTS('',3,(#9446,#9447,#9448,#9449,#9450),
 .UNSPECIFIED.,.F.,.F.,(4,1,4),(0.,0.000711651879742559,0.00143033002423519),
 .UNSPECIFIED.);
#164=B_SPLINE_CURVE_WITH_KNOTS('',3,(#9452,#9453,#9454,#9455,#9456),
 .UNSPECIFIED.,.F.,.F.,(4,1,4),(-0.00143033002423519,-0.000711651879742559,
0.),.UNSPECIFIED.);
#165=B_SPLINE_CURVE_WITH_KNOTS('',3,(#9469,#9470,#9471,#9472,#9473),
 .UNSPECIFIED.,.F.,.F.,(4,1,4),(0.,0.000744902846329351,0.00145223094362342),
 .UNSPECIFIED.);
#166=B_SPLINE_CURVE_WITH_KNOTS('',3,(#9475,#9476,#9477,#9478,#9479),
 .UNSPECIFIED.,.F.,.F.,(4,1,4),(-0.00145223094362342,-0.000744902846329351,
0.),.UNSPECIFIED.);
#167=B_SPLINE_CURVE_WITH_KNOTS('',3,(#9492,#9493,#9494,#9495,#9496),
 .UNSPECIFIED.,.F.,.F.,(4,1,4),(0.,0.00082419375585755,0.00193145942707428),
 .UNSPECIFIED.);
#168=B_SPLINE_CURVE_WITH_KNOTS('',3,(#9498,#9499,#9500,#9501,#9502),
 .UNSPECIFIED.,.F.,.F.,(4,1,4),(-0.00193145942707428,-0.00082419375585755,
0.),.UNSPECIFIED.);
#169=B_SPLINE_CURVE_WITH_KNOTS('',3,(#9533,#9534,#9535,#9536,#9537),
 .UNSPECIFIED.,.F.,.F.,(4,1,4),(0.,0.00110726608457399,0.00193145484243013),
 .UNSPECIFIED.);
#170=B_SPLINE_CURVE_WITH_KNOTS('',3,(#9539,#9540,#9541,#9542,#9543),
 .UNSPECIFIED.,.F.,.F.,(4,1,4),(-0.00193145484243013,-0.00110726608457399,
0.),.UNSPECIFIED.);
#171=B_SPLINE_CURVE_WITH_KNOTS('',3,(#9556,#9557,#9558,#9559,#9560),
 .UNSPECIFIED.,.F.,.F.,(4,1,4),(0.,0.000707332486238543,0.00145223167260211),
 .UNSPECIFIED.);
#172=B_SPLINE_CURVE_WITH_KNOTS('',3,(#9562,#9563,#9564,#9565,#9566),
 .UNSPECIFIED.,.F.,.F.,(4,1,4),(-0.00145223167260211,-0.000707332486238543,
0.),.UNSPECIFIED.);
#173=B_SPLINE_CURVE_WITH_KNOTS('',3,(#9579,#9580,#9581,#9582,#9583),
 .UNSPECIFIED.,.F.,.F.,(4,1,4),(0.,0.000744904235517439,0.00145223233281151),
 .UNSPECIFIED.);
#174=B_SPLINE_CURVE_WITH_KNOTS('',3,(#9585,#9586,#9587,#9588,#9589),
 .UNSPECIFIED.,.F.,.F.,(4,1,4),(-0.00145223233281151,-0.000744904235517439,
0.),.UNSPECIFIED.);
#175=B_SPLINE_CURVE_WITH_KNOTS('',3,(#9602,#9603,#9604,#9605,#9606),
 .UNSPECIFIED.,.F.,.F.,(4,1,4),(0.,0.000824188757856144,0.00193145484243013),
 .UNSPECIFIED.);
#176=B_SPLINE_CURVE_WITH_KNOTS('',3,(#9608,#9609,#9610,#9611,#9612),
 .UNSPECIFIED.,.F.,.F.,(4,1,4),(-0.00193145484243013,-0.000824188757856144,
0.),.UNSPECIFIED.);
#177=B_SPLINE_CURVE_WITH_KNOTS('',3,(#9649,#9650,#9651,#9652,#9653),
 .UNSPECIFIED.,.F.,.F.,(4,1,4),(0.,0.00113913350895918,0.00197289211761627),
 .UNSPECIFIED.);
#178=B_SPLINE_CURVE_WITH_KNOTS('',3,(#9655,#9656,#9657,#9658,#9659),
 .UNSPECIFIED.,.F.,.F.,(4,1,4),(-0.00197289211761627,-0.00113913350895918,
0.),.UNSPECIFIED.);
#179=B_SPLINE_CURVE_WITH_KNOTS('',3,(#9672,#9673,#9674,#9675,#9676),
 .UNSPECIFIED.,.F.,.F.,(4,1,4),(0.,0.000707328097294067,0.00145223233281151),
 .UNSPECIFIED.);
#180=B_SPLINE_CURVE_WITH_KNOTS('',3,(#9678,#9679,#9680,#9681,#9682),
 .UNSPECIFIED.,.F.,.F.,(4,1,4),(-0.00145223233281151,-0.000707328097294067,
0.),.UNSPECIFIED.);
#181=B_SPLINE_CURVE_WITH_KNOTS('',3,(#9695,#9696,#9697,#9698,#9699),
 .UNSPECIFIED.,.F.,.F.,(4,1,4),(0.,0.000744900575558482,0.00145222867285255),
 .UNSPECIFIED.);
#182=B_SPLINE_CURVE_WITH_KNOTS('',3,(#9701,#9702,#9703,#9704,#9705),
 .UNSPECIFIED.,.F.,.F.,(4,1,4),(-0.00145222867285255,-0.000744900575558482,
0.),.UNSPECIFIED.);
#183=B_SPLINE_CURVE_WITH_KNOTS('',3,(#9718,#9719,#9720,#9721,#9722),
 .UNSPECIFIED.,.F.,.F.,(4,1,4),(0.,0.000833758608657091,0.00197289211761627),
 .UNSPECIFIED.);
#184=B_SPLINE_CURVE_WITH_KNOTS('',3,(#9724,#9725,#9726,#9727,#9728),
 .UNSPECIFIED.,.F.,.F.,(4,1,4),(-0.00197289211761627,-0.000833758608657091,
0.),.UNSPECIFIED.);
#185=B_SPLINE_CURVE_WITH_KNOTS('',3,(#9759,#9760,#9761,#9762,#9763),
 .UNSPECIFIED.,.F.,.F.,(4,1,4),(0.,0.00113911829292791,0.0019728752547002),
 .UNSPECIFIED.);
#186=B_SPLINE_CURVE_WITH_KNOTS('',3,(#9765,#9766,#9767,#9768,#9769),
 .UNSPECIFIED.,.F.,.F.,(4,1,4),(-0.0019728752547002,-0.00113911829292791,
0.),.UNSPECIFIED.);
#187=B_SPLINE_CURVE_WITH_KNOTS('',3,(#9782,#9783,#9784,#9785,#9786),
 .UNSPECIFIED.,.F.,.F.,(4,1,4),(0.,0.000707334117983935,0.00145223103358411),
 .UNSPECIFIED.);
#188=B_SPLINE_CURVE_WITH_KNOTS('',3,(#9788,#9789,#9790,#9791,#9792),
 .UNSPECIFIED.,.F.,.F.,(4,1,4),(-0.00145223103358411,-0.000707334117983935,
0.),.UNSPECIFIED.);
#189=B_SPLINE_CURVE_WITH_KNOTS('',3,(#9805,#9806,#9807,#9808,#9809),
 .UNSPECIFIED.,.F.,.F.,(4,1,4),(0.,0.000718679584372354,0.00143033146411491),
 .UNSPECIFIED.);
#190=B_SPLINE_CURVE_WITH_KNOTS('',3,(#9811,#9812,#9813,#9814,#9815),
 .UNSPECIFIED.,.F.,.F.,(4,1,4),(-0.00143033146411491,-0.000718679584372354,
0.),.UNSPECIFIED.);
#191=B_SPLINE_CURVE_WITH_KNOTS('',3,(#9828,#9829,#9830,#9831,#9832),
 .UNSPECIFIED.,.F.,.F.,(4,1,4),(0.,0.000840968108958922,0.0019806749468232),
 .UNSPECIFIED.);
#192=B_SPLINE_CURVE_WITH_KNOTS('',3,(#9834,#9835,#9836,#9837,#9838),
 .UNSPECIFIED.,.F.,.F.,(4,1,4),(-0.0019806749468232,-0.000840968108958922,
0.),.UNSPECIFIED.);
#193=B_SPLINE_CURVE_WITH_KNOTS('',3,(#9857,#9858,#9859,#9860,#9861),
 .UNSPECIFIED.,.F.,.F.,(4,1,4),(0.,0.00111319314740393,0.00195890537564612),
 .UNSPECIFIED.);
#194=B_SPLINE_CURVE_WITH_KNOTS('',3,(#9863,#9864,#9865,#9866,#9867),
 .UNSPECIFIED.,.F.,.F.,(4,1,4),(-0.00195890537564612,-0.00111319314740393,
0.),.UNSPECIFIED.);
#195=B_SPLINE_CURVE_WITH_KNOTS('',3,(#9880,#9881,#9882,#9883,#9884),
 .UNSPECIFIED.,.F.,.F.,(4,1,4),(0.,0.000721156597175939,0.00144088619389704),
 .UNSPECIFIED.);
#196=B_SPLINE_CURVE_WITH_KNOTS('',3,(#9886,#9887,#9888,#9889,#9890),
 .UNSPECIFIED.,.F.,.F.,(4,1,4),(-0.00144088619389704,-0.000721156597175939,
0.),.UNSPECIFIED.);
#197=B_SPLINE_CURVE_WITH_KNOTS('',3,(#9903,#9904,#9905,#9906,#9907),
 .UNSPECIFIED.,.F.,.F.,(4,1,4),(0.,0.000744904235517439,0.00145223233281151),
 .UNSPECIFIED.);
#198=B_SPLINE_CURVE_WITH_KNOTS('',3,(#9909,#9910,#9911,#9912,#9913),
 .UNSPECIFIED.,.F.,.F.,(4,1,4),(-0.00145223233281151,-0.000744904235517439,
0.),.UNSPECIFIED.);
#199=B_SPLINE_CURVE_WITH_KNOTS('',3,(#9926,#9927,#9928,#9929,#9930),
 .UNSPECIFIED.,.F.,.F.,(4,1,4),(0.,0.000833756961772295,0.00197289006893796),
 .UNSPECIFIED.);
#200=B_SPLINE_CURVE_WITH_KNOTS('',3,(#9932,#9933,#9934,#9935,#9936),
 .UNSPECIFIED.,.F.,.F.,(4,1,4),(-0.00197289006893796,-0.000833756961772295,
0.),.UNSPECIFIED.);
#201=B_SPLINE_CURVE_WITH_KNOTS('',3,(#9972,#9973,#9974,#9975,#9976),
 .UNSPECIFIED.,.F.,.F.,(4,1,4),(0.,0.0049222183410853,0.00960364031974303),
 .UNSPECIFIED.);
#202=B_SPLINE_CURVE_WITH_KNOTS('',3,(#9980,#9981,#9982,#9983,#9984),
 .UNSPECIFIED.,.F.,.F.,(4,1,4),(-0.00960364031974303,-0.0049222183410853,
0.),.UNSPECIFIED.);
#203=B_SPLINE_CURVE_WITH_KNOTS('',3,(#9997,#9998,#9999,#10000,#10001),
 .UNSPECIFIED.,.F.,.F.,(4,1,4),(0.,0.00422108428612907,0.0077150158249163),
 .UNSPECIFIED.);
#204=B_SPLINE_CURVE_WITH_KNOTS('',3,(#10003,#10004,#10005,#10006,#10007),
 .UNSPECIFIED.,.F.,.F.,(4,1,4),(-0.0077150158249163,-0.00422108428612907,
0.),.UNSPECIFIED.);
#205=B_SPLINE_CURVE_WITH_KNOTS('',3,(#10020,#10021,#10022,#10023,#10024),
 .UNSPECIFIED.,.F.,.F.,(4,1,4),(0.,0.00185433144996076,0.00379881254904871),
 .UNSPECIFIED.);
#206=B_SPLINE_CURVE_WITH_KNOTS('',3,(#10026,#10027,#10028,#10029,#10030),
 .UNSPECIFIED.,.F.,.F.,(4,1,4),(-0.00379881254904871,-0.00185433144996076,
0.),.UNSPECIFIED.);
#207=B_SPLINE_CURVE_WITH_KNOTS('',3,(#10043,#10044,#10045,#10046,#10047),
 .UNSPECIFIED.,.F.,.F.,(4,1,4),(0.,0.00281832082574888,0.00572708222043654),
 .UNSPECIFIED.);
#208=B_SPLINE_CURVE_WITH_KNOTS('',3,(#10049,#10050,#10051,#10052,#10053),
 .UNSPECIFIED.,.F.,.F.,(4,1,4),(-0.00572708222043654,-0.00281832082574888,
0.),.UNSPECIFIED.);
#209=B_SPLINE_CURVE_WITH_KNOTS('',3,(#10066,#10067,#10068,#10069,#10070),
 .UNSPECIFIED.,.F.,.F.,(4,1,4),(0.,0.00558980659755546,0.0117437415842923),
 .UNSPECIFIED.);
#210=B_SPLINE_CURVE_WITH_KNOTS('',3,(#10072,#10073,#10074,#10075,#10076),
 .UNSPECIFIED.,.F.,.F.,(4,1,4),(-0.0117437415842923,-0.00558980659755546,
0.),.UNSPECIFIED.);
#211=B_SPLINE_CURVE_WITH_KNOTS('',3,(#10089,#10090,#10091,#10092,#10093),
 .UNSPECIFIED.,.F.,.F.,(4,1,4),(0.,0.00714276418412027,0.0148824091400129),
 .UNSPECIFIED.);
#212=B_SPLINE_CURVE_WITH_KNOTS('',3,(#10095,#10096,#10097,#10098,#10099),
 .UNSPECIFIED.,.F.,.F.,(4,1,4),(-0.0148824091400129,-0.00714276418412027,
0.),.UNSPECIFIED.);
#213=B_SPLINE_CURVE_WITH_KNOTS('',3,(#10118,#10119,#10120,#10121,#10122),
 .UNSPECIFIED.,.F.,.F.,(4,1,4),(0.,0.0049275441157348,0.00962456288340755),
 .UNSPECIFIED.);
#214=B_SPLINE_CURVE_WITH_KNOTS('',3,(#10124,#10125,#10126,#10127,#10128),
 .UNSPECIFIED.,.F.,.F.,(4,1,4),(-0.00962456288340755,-0.0049275441157348,
0.),.UNSPECIFIED.);
#215=B_SPLINE_CURVE_WITH_KNOTS('',3,(#10141,#10142,#10143,#10144,#10145),
 .UNSPECIFIED.,.F.,.F.,(4,1,4),(0.,0.00423987119948766,0.00775421247130918),
 .UNSPECIFIED.);
#216=B_SPLINE_CURVE_WITH_KNOTS('',3,(#10147,#10148,#10149,#10150,#10151),
 .UNSPECIFIED.,.F.,.F.,(4,1,4),(-0.00775421247130918,-0.00423987119948766,
0.),.UNSPECIFIED.);
#217=B_SPLINE_CURVE_WITH_KNOTS('',3,(#10164,#10165,#10166,#10167,#10168),
 .UNSPECIFIED.,.F.,.F.,(4,1,4),(0.,0.00180909641757363,0.00373859968325715),
 .UNSPECIFIED.);
#218=B_SPLINE_CURVE_WITH_KNOTS('',3,(#10170,#10171,#10172,#10173,#10174),
 .UNSPECIFIED.,.F.,.F.,(4,1,4),(-0.00373859968325715,-0.00180909641757363,
0.),.UNSPECIFIED.);
#219=B_SPLINE_CURVE_WITH_KNOTS('',3,(#10187,#10188,#10189,#10190,#10191),
 .UNSPECIFIED.,.F.,.F.,(4,1,4),(0.,0.00284100511906718,0.00578294833683223),
 .UNSPECIFIED.);
#220=B_SPLINE_CURVE_WITH_KNOTS('',3,(#10193,#10194,#10195,#10196,#10197),
 .UNSPECIFIED.,.F.,.F.,(4,1,4),(-0.00578294833683223,-0.00284100511906718,
0.),.UNSPECIFIED.);
#221=B_SPLINE_CURVE_WITH_KNOTS('',3,(#10210,#10211,#10212,#10213,#10214),
 .UNSPECIFIED.,.F.,.F.,(4,1,4),(0.,0.00556049419326383,0.0117193971402905),
 .UNSPECIFIED.);
#222=B_SPLINE_CURVE_WITH_KNOTS('',3,(#10216,#10217,#10218,#10219,#10220),
 .UNSPECIFIED.,.F.,.F.,(4,1,4),(-0.0117193971402905,-0.00556049419326383,
0.),.UNSPECIFIED.);
#223=B_SPLINE_CURVE_WITH_KNOTS('',3,(#10233,#10234,#10235,#10236,#10237),
 .UNSPECIFIED.,.F.,.F.,(4,1,4),(0.,0.00715772447887919,0.0149026788500326),
 .UNSPECIFIED.);
#224=B_SPLINE_CURVE_WITH_KNOTS('',3,(#10239,#10240,#10241,#10242,#10243),
 .UNSPECIFIED.,.F.,.F.,(4,1,4),(-0.0149026788500326,-0.00715772447887919,
0.),.UNSPECIFIED.);
#225=B_SPLINE_CURVE_WITH_KNOTS('',3,(#10268,#10269,#10270,#10271,#10272),
 .UNSPECIFIED.,.F.,.F.,(4,1,4),(0.,0.0104650805361758,0.019434304401358),
 .UNSPECIFIED.);
#226=B_SPLINE_CURVE_WITH_KNOTS('',3,(#10274,#10275,#10276,#10277,#10278),
 .UNSPECIFIED.,.F.,.F.,(4,1,4),(-0.019434304401358,-0.0104650805361758,
0.),.UNSPECIFIED.);
#227=B_SPLINE_CURVE_WITH_KNOTS('',3,(#10291,#10292,#10293,#10294,#10295),
 .UNSPECIFIED.,.F.,.F.,(4,1,4),(0.,0.00629556671645646,0.0124546740638389),
 .UNSPECIFIED.);
#228=B_SPLINE_CURVE_WITH_KNOTS('',3,(#10297,#10298,#10299,#10300,#10301),
 .UNSPECIFIED.,.F.,.F.,(4,1,4),(-0.0124546740638389,-0.00629556671645646,
0.),.UNSPECIFIED.);
#229=B_SPLINE_CURVE_WITH_KNOTS('',3,(#10314,#10315,#10316,#10317,#10318),
 .UNSPECIFIED.,.F.,.F.,(4,1,4),(0.,0.00308773292908949,0.00612840764484491),
 .UNSPECIFIED.);
#230=B_SPLINE_CURVE_WITH_KNOTS('',3,(#10320,#10321,#10322,#10323,#10324),
 .UNSPECIFIED.,.F.,.F.,(4,1,4),(-0.00612840764484491,-0.00308773292908949,
0.),.UNSPECIFIED.);
#231=B_SPLINE_CURVE_WITH_KNOTS('',3,(#10337,#10338,#10339,#10340,#10341),
 .UNSPECIFIED.,.F.,.F.,(4,1,4),(0.,0.00299963704915993,0.00596318917757636),
 .UNSPECIFIED.);
#232=B_SPLINE_CURVE_WITH_KNOTS('',3,(#10343,#10344,#10345,#10346,#10347),
 .UNSPECIFIED.,.F.,.F.,(4,1,4),(-0.00596318917757636,-0.00299963704915993,
0.),.UNSPECIFIED.);
#233=B_SPLINE_CURVE_WITH_KNOTS('',3,(#10360,#10361,#10362,#10363,#10364),
 .UNSPECIFIED.,.F.,.F.,(4,1,4),(0.,0.00224983846961482,0.00529163012529107),
 .UNSPECIFIED.);
#234=B_SPLINE_CURVE_WITH_KNOTS('',3,(#10366,#10367,#10368,#10369,#10370),
 .UNSPECIFIED.,.F.,.F.,(4,1,4),(-0.00529163012529107,-0.00224983846961482,
0.),.UNSPECIFIED.);
#235=B_SPLINE_CURVE_WITH_KNOTS('',3,(#10383,#10384,#10385,#10386,#10387),
 .UNSPECIFIED.,.F.,.F.,(4,1,4),(0.,0.00324832697189831,0.00611220930464694),
 .UNSPECIFIED.);
#236=B_SPLINE_CURVE_WITH_KNOTS('',3,(#10389,#10390,#10391,#10392,#10393),
 .UNSPECIFIED.,.F.,.F.,(4,1,4),(-0.00611220930464694,-0.00324832697189831,
0.),.UNSPECIFIED.);
#237=B_SPLINE_CURVE_WITH_KNOTS('',3,(#10406,#10407,#10408,#10409,#10410),
 .UNSPECIFIED.,.F.,.F.,(4,1,4),(0.,0.00405265251200399,0.00866390497262694),
 .UNSPECIFIED.);
#238=B_SPLINE_CURVE_WITH_KNOTS('',3,(#10412,#10413,#10414,#10415,#10416),
 .UNSPECIFIED.,.F.,.F.,(4,1,4),(-0.00866390497262694,-0.00405265251200399,
0.),.UNSPECIFIED.);
#239=B_SPLINE_CURVE_WITH_KNOTS('',3,(#10435,#10436,#10437,#10438,#10439),
 .UNSPECIFIED.,.F.,.F.,(4,1,4),(0.,0.0104968527649295,0.0194755712860424),
 .UNSPECIFIED.);
#240=B_SPLINE_CURVE_WITH_KNOTS('',3,(#10441,#10442,#10443,#10444,#10445),
 .UNSPECIFIED.,.F.,.F.,(4,1,4),(-0.0194755712860424,-0.0104968527649295,
0.),.UNSPECIFIED.);
#241=B_SPLINE_CURVE_WITH_KNOTS('',3,(#10458,#10459,#10460,#10461,#10462),
 .UNSPECIFIED.,.F.,.F.,(4,1,4),(0.,0.00629556906821187,0.0124546764155943),
 .UNSPECIFIED.);
#242=B_SPLINE_CURVE_WITH_KNOTS('',3,(#10464,#10465,#10466,#10467,#10468),
 .UNSPECIFIED.,.F.,.F.,(4,1,4),(-0.0124546764155943,-0.00629556906821187,
0.),.UNSPECIFIED.);
#243=B_SPLINE_CURVE_WITH_KNOTS('',3,(#10481,#10482,#10483,#10484,#10485),
 .UNSPECIFIED.,.F.,.F.,(4,1,4),(0.,0.00311426826515185,0.00614990044511157),
 .UNSPECIFIED.);
#244=B_SPLINE_CURVE_WITH_KNOTS('',3,(#10487,#10488,#10489,#10490,#10491),
 .UNSPECIFIED.,.F.,.F.,(4,1,4),(-0.00614990044511157,-0.00311426826515185,
0.),.UNSPECIFIED.);
#245=B_SPLINE_CURVE_WITH_KNOTS('',3,(#10504,#10505,#10506,#10507,#10508),
 .UNSPECIFIED.,.F.,.F.,(4,1,4),(0.,0.00298577376102473,0.00594541196170966),
 .UNSPECIFIED.);
#246=B_SPLINE_CURVE_WITH_KNOTS('',3,(#10510,#10511,#10512,#10513,#10514),
 .UNSPECIFIED.,.F.,.F.,(4,1,4),(-0.00594541196170966,-0.00298577376102473,
0.),.UNSPECIFIED.);
#247=B_SPLINE_CURVE_WITH_KNOTS('',3,(#10527,#10528,#10529,#10530,#10531),
 .UNSPECIFIED.,.F.,.F.,(4,1,4),(0.,0.00229144715408909,0.00534021107592566),
 .UNSPECIFIED.);
#248=B_SPLINE_CURVE_WITH_KNOTS('',3,(#10533,#10534,#10535,#10536,#10537),
 .UNSPECIFIED.,.F.,.F.,(4,1,4),(-0.00534021107592566,-0.00229144715408909,
0.),.UNSPECIFIED.);
#249=B_SPLINE_CURVE_WITH_KNOTS('',3,(#10550,#10551,#10552,#10553,#10554),
 .UNSPECIFIED.,.F.,.F.,(4,1,4),(0.,0.00323639704493279,0.00607782576967891),
 .UNSPECIFIED.);
#250=B_SPLINE_CURVE_WITH_KNOTS('',3,(#10556,#10557,#10558,#10559,#10560),
 .UNSPECIFIED.,.F.,.F.,(4,1,4),(-0.00607782576967891,-0.00323639704493279,
0.),.UNSPECIFIED.);
#251=B_SPLINE_CURVE_WITH_KNOTS('',3,(#10572,#10573,#10574,#10575,#10576),
 .UNSPECIFIED.,.F.,.F.,(4,1,4),(0.,0.00405746701834199,0.00870016903452157),
 .UNSPECIFIED.);
#252=B_SPLINE_CURVE_WITH_KNOTS('',3,(#10577,#10578,#10579,#10580,#10581),
 .UNSPECIFIED.,.F.,.F.,(4,1,4),(-0.00870016903452157,-0.00405746701834199,
0.),.UNSPECIFIED.);
#253=B_SPLINE_CURVE_WITH_KNOTS('',3,(#10596,#10597,#10598,#10599,#10600),
 .UNSPECIFIED.,.F.,.F.,(4,1,4),(0.,0.0104650805361758,0.0194343181395472),
 .UNSPECIFIED.);
#254=B_SPLINE_CURVE_WITH_KNOTS('',3,(#10602,#10603,#10604,#10605,#10606),
 .UNSPECIFIED.,.F.,.F.,(4,1,4),(0.,0.00629556671645646,0.0124546740638389),
 .UNSPECIFIED.);
#255=B_SPLINE_CURVE_WITH_KNOTS('',3,(#10608,#10609,#10610,#10611,#10612),
 .UNSPECIFIED.,.F.,.F.,(4,1,4),(0.,0.00308773292908949,0.00612840764484491),
 .UNSPECIFIED.);
#256=B_SPLINE_CURVE_WITH_KNOTS('',3,(#10614,#10615,#10616,#10617,#10618),
 .UNSPECIFIED.,.F.,.F.,(4,1,4),(0.,0.00299961130844908,0.00596318530069457),
 .UNSPECIFIED.);
#257=B_SPLINE_CURVE_WITH_KNOTS('',3,(#10620,#10621,#10622,#10623,#10624),
 .UNSPECIFIED.,.F.,.F.,(4,1,4),(0.,0.00224983846961482,0.00529163012529107),
 .UNSPECIFIED.);
#258=B_SPLINE_CURVE_WITH_KNOTS('',3,(#10626,#10627,#10628,#10629,#10630),
 .UNSPECIFIED.,.F.,.F.,(4,1,4),(0.,0.00324831535658644,0.00611220652789716),
 .UNSPECIFIED.);
#259=B_SPLINE_CURVE_WITH_KNOTS('',3,(#10632,#10633,#10634,#10635,#10636),
 .UNSPECIFIED.,.F.,.F.,(4,1,4),(0.,0.00405264709097371,0.00866390113977123),
 .UNSPECIFIED.);
#260=B_SPLINE_CURVE_WITH_KNOTS('',3,(#10640,#10641,#10642,#10643,#10644),
 .UNSPECIFIED.,.F.,.F.,(4,1,4),(0.,0.0104968527649295,0.0194755712860424),
 .UNSPECIFIED.);
#261=B_SPLINE_CURVE_WITH_KNOTS('',3,(#10646,#10647,#10648,#10649,#10650),
 .UNSPECIFIED.,.F.,.F.,(4,1,4),(0.,0.00629556906821187,0.0124546764155943),
 .UNSPECIFIED.);
#262=B_SPLINE_CURVE_WITH_KNOTS('',3,(#10652,#10653,#10654,#10655,#10656),
 .UNSPECIFIED.,.F.,.F.,(4,1,4),(0.,0.00311426826515185,0.00614990044511157),
 .UNSPECIFIED.);
#263=B_SPLINE_CURVE_WITH_KNOTS('',3,(#10658,#10659,#10660,#10661,#10662),
 .UNSPECIFIED.,.F.,.F.,(4,1,4),(0.,0.00298579946099216,0.00594541582279067),
 .UNSPECIFIED.);
#264=B_SPLINE_CURVE_WITH_KNOTS('',3,(#10664,#10665,#10666,#10667,#10668),
 .UNSPECIFIED.,.F.,.F.,(4,1,4),(0.,0.00229144715408909,0.00534021107592566),
 .UNSPECIFIED.);
#265=B_SPLINE_CURVE_WITH_KNOTS('',3,(#10670,#10671,#10672,#10673,#10674),
 .UNSPECIFIED.,.F.,.F.,(4,1,4),(0.,0.00323640865389532,0.00607782818982073),
 .UNSPECIFIED.);
#266=B_SPLINE_CURVE_WITH_KNOTS('',3,(#10675,#10676,#10677,#10678,#10679),
 .UNSPECIFIED.,.F.,.F.,(4,1,4),(0.,0.00405747219761566,0.00870017421379524),
 .UNSPECIFIED.);
#267=B_SPLINE_CURVE_WITH_KNOTS('',3,(#10686,#10687,#10688,#10689,#10690),
 .UNSPECIFIED.,.F.,.F.,(4,1,4),(0.,0.00110726608457399,0.00193145817442602),
 .UNSPECIFIED.);
#268=B_SPLINE_CURVE_WITH_KNOTS('',3,(#10692,#10693,#10694,#10695,#10696),
 .UNSPECIFIED.,.F.,.F.,(4,1,4),(0.,0.000707330291759899,0.00145222947812347),
 .UNSPECIFIED.);
#269=B_SPLINE_CURVE_WITH_KNOTS('',3,(#10698,#10699,#10700,#10701,#10702),
 .UNSPECIFIED.,.F.,.F.,(4,1,4),(0.,0.000744902846329351,0.00145223313808925),
 .UNSPECIFIED.);
#270=B_SPLINE_CURVE_WITH_KNOTS('',3,(#10704,#10705,#10706,#10707,#10708),
 .UNSPECIFIED.,.F.,.F.,(4,1,4),(0.,0.00082419208985203,0.00193145817442602),
 .UNSPECIFIED.);
#271=B_SPLINE_CURVE_WITH_KNOTS('',3,(#10712,#10713,#10714,#10715,#10716),
 .UNSPECIFIED.,.F.,.F.,(4,1,4),(0.,0.0043576962834983,0.00853962038985723),
 .UNSPECIFIED.);
#272=B_SPLINE_CURVE_WITH_KNOTS('',3,(#10718,#10719,#10720,#10721,#10722),
 .UNSPECIFIED.,.F.,.F.,(4,1,4),(0.,0.00385972781427019,0.00716641716171358),
 .UNSPECIFIED.);
#273=B_SPLINE_CURVE_WITH_KNOTS('',3,(#10724,#10725,#10726,#10727,#10728),
 .UNSPECIFIED.,.F.,.F.,(4,1,4),(0.,0.00512558873177203,0.0100374828756322),
 .UNSPECIFIED.);
#274=B_SPLINE_CURVE_WITH_KNOTS('',3,(#10730,#10731,#10732,#10733,#10734),
 .UNSPECIFIED.,.F.,.F.,(4,1,4),(0.,0.00370812593734048,0.00790760519143318),
 .UNSPECIFIED.);
#275=B_SPLINE_CURVE_WITH_KNOTS('',3,(#10738,#10739,#10740,#10741,#10742),
 .UNSPECIFIED.,.F.,.F.,(4,1,4),(0.,0.00546140810610372,0.0110262531662499),
 .UNSPECIFIED.);
#276=B_SPLINE_CURVE_WITH_KNOTS('',3,(#10744,#10745,#10746,#10747,#10748),
 .UNSPECIFIED.,.F.,.F.,(4,1,4),(0.,0.00582852483409826,0.0122460529424269),
 .UNSPECIFIED.);
#277=B_SPLINE_CURVE_WITH_KNOTS('',3,(#10750,#10751,#10752,#10753,#10754),
 .UNSPECIFIED.,.F.,.F.,(4,1,4),(0.,0.00502855185793634,0.0103002847181931),
 .UNSPECIFIED.);
#278=B_SPLINE_CURVE_WITH_KNOTS('',3,(#10758,#10759,#10760,#10761,#10762),
 .UNSPECIFIED.,.F.,.F.,(4,1,4),(0.,0.00110787199985509,0.00193935309555239),
 .UNSPECIFIED.);
#279=B_SPLINE_CURVE_WITH_KNOTS('',3,(#10764,#10765,#10766,#10767,#10768),
 .UNSPECIFIED.,.F.,.F.,(4,1,4),(0.,0.000711654060875519,0.00143033220536815),
 .UNSPECIFIED.);
#280=B_SPLINE_CURVE_WITH_KNOTS('',3,(#10770,#10771,#10772,#10773,#10774),
 .UNSPECIFIED.,.F.,.F.,(4,1,4),(0.,0.000744902846329351,0.00145223313808925),
 .UNSPECIFIED.);
#281=B_SPLINE_CURVE_WITH_KNOTS('',3,(#10776,#10777,#10778,#10779,#10780),
 .UNSPECIFIED.,.F.,.F.,(4,1,4),(0.,0.000824190423851562,0.0019314560950683),
 .UNSPECIFIED.);
#282=B_SPLINE_CURVE_WITH_KNOTS('',3,(#10788,#10789,#10790,#10791,#10792),
 .UNSPECIFIED.,.F.,.F.,(4,1,4),(0.,0.00110726567121673,0.0019314594270827),
 .UNSPECIFIED.);
#283=B_SPLINE_CURVE_WITH_KNOTS('',3,(#10794,#10795,#10796,#10797,#10798),
 .UNSPECIFIED.,.F.,.F.,(4,1,4),(0.,0.000707328097294067,0.00145223163820847),
 .UNSPECIFIED.);
#284=B_SPLINE_CURVE_WITH_KNOTS('',3,(#10800,#10801,#10802,#10803,#10804),
 .UNSPECIFIED.,.F.,.F.,(4,1,4),(0.,0.000744903540914404,0.00145223163820847),
 .UNSPECIFIED.);
#285=B_SPLINE_CURVE_WITH_KNOTS('',3,(#10806,#10807,#10808,#10809,#10810),
 .UNSPECIFIED.,.F.,.F.,(4,1,4),(0.,0.000824187091891036,0.00193145441661105),
 .UNSPECIFIED.);
#286=B_SPLINE_CURVE_WITH_KNOTS('',3,(#10814,#10815,#10816,#10817,#10818),
 .UNSPECIFIED.,.F.,.F.,(4,1,4),(0.,0.00110726567121673,0.00193145609509355),
 .UNSPECIFIED.);
#287=B_SPLINE_CURVE_WITH_KNOTS('',3,(#10820,#10821,#10822,#10823,#10824),
 .UNSPECIFIED.,.F.,.F.,(4,1,4),(0.,0.000707328097294067,0.00145223163820847),
 .UNSPECIFIED.);
#288=B_SPLINE_CURVE_WITH_KNOTS('',3,(#10826,#10827,#10828,#10829,#10830),
 .UNSPECIFIED.,.F.,.F.,(4,1,4),(0.,0.000711420830779756,0.00139152913703189),
 .UNSPECIFIED.);
#289=B_SPLINE_CURVE_WITH_KNOTS('',3,(#10832,#10833,#10834,#10835,#10836),
 .UNSPECIFIED.,.F.,.F.,(4,1,4),(0.,0.00077258446059273,0.00177817540766014),
 .UNSPECIFIED.);
#290=B_SPLINE_CURVE_WITH_KNOTS('',3,(#10838,#10839,#10840,#10841,#10842),
 .UNSPECIFIED.,.F.,.F.,(4,1,4),(0.,0.00356064759750595,0.00760745321287043),
 .UNSPECIFIED.);
#291=B_SPLINE_CURVE_WITH_KNOTS('',3,(#10844,#10845,#10846,#10847,#10848),
 .UNSPECIFIED.,.F.,.F.,(4,1,4),(0.,0.00455976535741573,0.00971124157014634),
 .UNSPECIFIED.);
#292=B_SPLINE_CURVE_WITH_KNOTS('',3,(#10850,#10851,#10852,#10853,#10854),
 .UNSPECIFIED.,.F.,.F.,(4,1,4),(0.,0.00538565253625439,0.010094208007934),
 .UNSPECIFIED.);
#293=B_SPLINE_CURVE_WITH_KNOTS('',3,(#10856,#10857,#10858,#10859,#10860),
 .UNSPECIFIED.,.F.,.F.,(4,1,4),(0.,0.00424063705493476,0.00821135137050701),
 .UNSPECIFIED.);
#294=B_SPLINE_CURVE_WITH_KNOTS('',3,(#10862,#10863,#10864,#10865,#10866),
 .UNSPECIFIED.,.F.,.F.,(4,1,4),(0.,0.00205534136385986,0.00404521808105568),
 .UNSPECIFIED.);
#295=B_SPLINE_CURVE_WITH_KNOTS('',3,(#10868,#10869,#10870,#10871,#10872),
 .UNSPECIFIED.,.F.,.F.,(4,1,4),(0.,0.00195548235629302,0.00388375726540088),
 .UNSPECIFIED.);
#296=B_SPLINE_CURVE_WITH_KNOTS('',3,(#10874,#10875,#10876,#10877,#10878),
 .UNSPECIFIED.,.F.,.F.,(4,1,4),(0.,0.00199039440132717,0.00408145985268639),
 .UNSPECIFIED.);
#297=B_SPLINE_CURVE_WITH_KNOTS('',3,(#10880,#10881,#10882,#10883,#10884),
 .UNSPECIFIED.,.F.,.F.,(4,1,4),(0.,0.00271435570781894,0.00656255708299627),
 .UNSPECIFIED.);
#298=B_SPLINE_CURVE_WITH_KNOTS('',3,(#10886,#10887,#10888,#10889,#10890),
 .UNSPECIFIED.,.F.,.F.,(4,1,4),(0.,0.00629211080367543,0.0103908631012699),
 .UNSPECIFIED.);
#299=B_SPLINE_CURVE_WITH_KNOTS('',3,(#10892,#10893,#10894,#10895,#10896),
 .UNSPECIFIED.,.F.,.F.,(4,1,4),(0.,0.00382123784985695,0.00735069990865471),
 .UNSPECIFIED.);
#300=B_SPLINE_CURVE_WITH_KNOTS('',3,(#10898,#10899,#10900,#10901,#10902),
 .UNSPECIFIED.,.F.,.F.,(4,1,4),(0.,0.00351791771681949,0.00729793078903504),
 .UNSPECIFIED.);
#301=B_SPLINE_CURVE_WITH_KNOTS('',3,(#10904,#10905,#10906,#10907,#10908),
 .UNSPECIFIED.,.F.,.F.,(4,1,4),(0.,0.00583070391542432,0.0118760239357632),
 .UNSPECIFIED.);
#302=B_SPLINE_CURVE_WITH_KNOTS('',3,(#10910,#10911,#10912,#10913,#10914),
 .UNSPECIFIED.,.F.,.F.,(4,1,4),(0.,0.00662324772633724,0.0141800826313704),
 .UNSPECIFIED.);
#303=B_SPLINE_CURVE_WITH_KNOTS('',3,(#10916,#10917,#10918,#10919,#10920),
 .UNSPECIFIED.,.F.,.F.,(4,1,4),(0.,0.00854510150844008,0.0164211672920846),
 .UNSPECIFIED.);
#304=B_SPLINE_CURVE_WITH_KNOTS('',3,(#10924,#10925,#10926,#10927,#10928),
 .UNSPECIFIED.,.F.,.F.,(4,1,4),(0.,0.00110726732472002,0.00193145774863051),
 .UNSPECIFIED.);
#305=B_SPLINE_CURVE_WITH_KNOTS('',3,(#10930,#10931,#10932,#10933,#10934),
 .UNSPECIFIED.,.F.,.F.,(4,1,4),(0.,0.000707340138701036,0.00145222834517114),
 .UNSPECIFIED.);
#306=B_SPLINE_CURVE_WITH_KNOTS('',3,(#10936,#10937,#10938,#10939,#10940),
 .UNSPECIFIED.,.F.,.F.,(4,1,4),(0.,0.000718685454624349,0.00143033129435552),
 .UNSPECIFIED.);
#307=B_SPLINE_CURVE_WITH_KNOTS('',3,(#10942,#10943,#10944,#10945,#10946),
 .UNSPECIFIED.,.F.,.F.,(4,1,4),(0.,0.000831484398487394,0.00193935639834248),
 .UNSPECIFIED.);
#308=B_SPLINE_CURVE_WITH_KNOTS('',3,(#10950,#10951,#10952,#10953,#10954),
 .UNSPECIFIED.,.F.,.F.,(4,1,4),(0.,0.00113912199648714,0.00197288893500997),
 .UNSPECIFIED.);
#309=B_SPLINE_CURVE_WITH_KNOTS('',3,(#10956,#10957,#10958,#10959,#10960),
 .UNSPECIFIED.,.F.,.F.,(4,1,4),(0.,0.000707340138701036,0.00145222834517114),
 .UNSPECIFIED.);
#310=B_SPLINE_CURVE_WITH_KNOTS('',3,(#10962,#10963,#10964,#10965,#10966),
 .UNSPECIFIED.,.F.,.F.,(4,1,4),(0.,0.000711420830779756,0.00139152913703189),
 .UNSPECIFIED.);
#311=B_SPLINE_CURVE_WITH_KNOTS('',3,(#10968,#10969,#10970,#10971,#10972),
 .UNSPECIFIED.,.F.,.F.,(4,1,4),(0.,0.00077258446059273,0.00177817540766014),
 .UNSPECIFIED.);
#312=B_SPLINE_CURVE_WITH_KNOTS('',3,(#10974,#10975,#10976,#10977,#10978),
 .UNSPECIFIED.,.F.,.F.,(4,1,4),(0.,0.00393018055991992,0.00849993556698726),
 .UNSPECIFIED.);
#313=B_SPLINE_CURVE_WITH_KNOTS('',3,(#10980,#10981,#10982,#10983,#10984),
 .UNSPECIFIED.,.F.,.F.,(4,1,4),(0.,0.00527288689269264,0.0113893517862708),
 .UNSPECIFIED.);
#314=B_SPLINE_CURVE_WITH_KNOTS('',3,(#10986,#10987,#10988,#10989,#10990),
 .UNSPECIFIED.,.F.,.F.,(4,1,4),(0.,0.00610033037063066,0.0113693370235041),
 .UNSPECIFIED.);
#315=B_SPLINE_CURVE_WITH_KNOTS('',3,(#10992,#10993,#10994,#10995,#10996),
 .UNSPECIFIED.,.F.,.F.,(4,1,4),(0.,0.00471025258852255,0.00912539033558874),
 .UNSPECIFIED.);
#316=B_SPLINE_CURVE_WITH_KNOTS('',3,(#10998,#10999,#11000,#11001,#11002),
 .UNSPECIFIED.,.F.,.F.,(4,1,4),(0.,0.00269169757894603,0.00530092014135684),
 .UNSPECIFIED.);
#317=B_SPLINE_CURVE_WITH_KNOTS('',3,(#11004,#11005,#11006,#11007,#11008),
 .UNSPECIFIED.,.F.,.F.,(4,1,4),(0.,0.00270947564610542,0.0057044805807738),
 .UNSPECIFIED.);
#318=B_SPLINE_CURVE_WITH_KNOTS('',3,(#11010,#11011,#11012,#11013,#11014),
 .UNSPECIFIED.,.F.,.F.,(4,1,4),(0.,0.00330224115100241,0.00878976224569732),
 .UNSPECIFIED.);
#319=B_SPLINE_CURVE_WITH_KNOTS('',3,(#11016,#11017,#11018,#11019,#11020),
 .UNSPECIFIED.,.F.,.F.,(4,1,4),(0.,0.00791096207048287,0.013745358039102),
 .UNSPECIFIED.);
#320=B_SPLINE_CURVE_WITH_KNOTS('',3,(#11022,#11023,#11024,#11025,#11026),
 .UNSPECIFIED.,.F.,.F.,(4,1,4),(0.,0.00475369576666904,0.00988084445573093),
 .UNSPECIFIED.);
#321=B_SPLINE_CURVE_WITH_KNOTS('',3,(#11028,#11029,#11030,#11031,#11032),
 .UNSPECIFIED.,.F.,.F.,(4,1,4),(0.,0.00536545196344937,0.0109584964943902),
 .UNSPECIFIED.);
#322=B_SPLINE_CURVE_WITH_KNOTS('',3,(#11034,#11035,#11036,#11037,#11038),
 .UNSPECIFIED.,.F.,.F.,(4,1,4),(0.,0.00605153913117326,0.0128002911935953),
 .UNSPECIFIED.);
#323=B_SPLINE_CURVE_WITH_KNOTS('',3,(#11039,#11040,#11041,#11042,#11043),
 .UNSPECIFIED.,.F.,.F.,(4,1,4),(0.,0.00709764156954469,0.0140308828856532),
 .UNSPECIFIED.);
#324=B_SPLINE_CURVE_WITH_KNOTS('',3,(#11046,#11047,#11048,#11049,#11050),
 .UNSPECIFIED.,.F.,.F.,(4,1,4),(0.,0.00467802694525043,0.00897008607490157),
 .UNSPECIFIED.);
#325=B_SPLINE_CURVE_WITH_KNOTS('',3,(#11052,#11053,#11054,#11055,#11056),
 .UNSPECIFIED.,.F.,.F.,(4,1,4),(0.,0.00407978500691231,0.00808974778824259),
 .UNSPECIFIED.);
#326=B_SPLINE_CURVE_WITH_KNOTS('',3,(#11058,#11059,#11060,#11061,#11062),
 .UNSPECIFIED.,.F.,.F.,(4,1,4),(0.,0.00605949204200955,0.0122843104191057),
 .UNSPECIFIED.);
#327=B_SPLINE_CURVE_WITH_KNOTS('',3,(#11064,#11065,#11066,#11067,#11068),
 .UNSPECIFIED.,.F.,.F.,(4,1,4),(0.,0.00634712350608103,0.0127782211694504),
 .UNSPECIFIED.);
#328=B_SPLINE_CURVE_WITH_KNOTS('',3,(#11070,#11071,#11072,#11073,#11074),
 .UNSPECIFIED.,.F.,.F.,(4,1,4),(0.,0.00643109631423399,0.0127782363620629),
 .UNSPECIFIED.);
#329=B_SPLINE_CURVE_WITH_KNOTS('',3,(#11076,#11077,#11078,#11079,#11080),
 .UNSPECIFIED.,.F.,.F.,(4,1,4),(0.,0.00622480978385598,0.0122843018258655),
 .UNSPECIFIED.);
#330=B_SPLINE_CURVE_WITH_KNOTS('',3,(#11082,#11083,#11084,#11085,#11086),
 .UNSPECIFIED.,.F.,.F.,(4,1,4),(0.,0.0039782424321327,0.00804832277591952),
 .UNSPECIFIED.);
#331=B_SPLINE_CURVE_WITH_KNOTS('',3,(#11088,#11089,#11090,#11091,#11092),
 .UNSPECIFIED.,.F.,.F.,(4,1,4),(0.,0.00430713146340132,0.00902946589332444),
 .UNSPECIFIED.);
#332=B_SPLINE_CURVE_WITH_KNOTS('',3,(#11094,#11095,#11096,#11097,#11098),
 .UNSPECIFIED.,.F.,.F.,(4,1,4),(0.,0.0041070794690374,0.00744649761505935),
 .UNSPECIFIED.);
#333=B_SPLINE_CURVE_WITH_KNOTS('',3,(#11100,#11101,#11102,#11103,#11104),
 .UNSPECIFIED.,.F.,.F.,(4,1,4),(0.,0.0040900345474602,0.00814408444898319),
 .UNSPECIFIED.);
#334=B_SPLINE_CURVE_WITH_KNOTS('',3,(#11106,#11107,#11108,#11109,#11110),
 .UNSPECIFIED.,.F.,.F.,(4,1,4),(0.,0.00564470956998328,0.0115278843380916),
 .UNSPECIFIED.);
#335=B_SPLINE_CURVE_WITH_KNOTS('',3,(#11112,#11113,#11114,#11115,#11116),
 .UNSPECIFIED.,.F.,.F.,(4,1,4),(0.,0.00601374059842569,0.0120612127897929),
 .UNSPECIFIED.);
#336=B_SPLINE_CURVE_WITH_KNOTS('',3,(#11118,#11119,#11120,#11121,#11122),
 .UNSPECIFIED.,.F.,.F.,(4,1,4),(0.,0.00607374150633946,0.0120830084009448),
 .UNSPECIFIED.);
#337=B_SPLINE_CURVE_WITH_KNOTS('',3,(#11124,#11125,#11126,#11127,#11128),
 .UNSPECIFIED.,.F.,.F.,(4,1,4),(0.,0.00587389356312473,0.0115175320604652),
 .UNSPECIFIED.);
#338=B_SPLINE_CURVE_WITH_KNOTS('',3,(#11130,#11131,#11132,#11133,#11134),
 .UNSPECIFIED.,.F.,.F.,(4,1,4),(0.,0.00404348936144691,0.00810501328350396),
 .UNSPECIFIED.);
#339=B_SPLINE_CURVE_WITH_KNOTS('',3,(#11135,#11136,#11137,#11138,#11139),
 .UNSPECIFIED.,.F.,.F.,(4,1,4),(0.,0.00334034102582346,0.00744461243539769),
 .UNSPECIFIED.);
#340=B_SPLINE_CURVE_WITH_KNOTS('',3,(#11142,#11143,#11144,#11145,#11146),
 .UNSPECIFIED.,.F.,.F.,(4,1,4),(0.,0.00527034917821241,0.00998504961585635),
 .UNSPECIFIED.);
#341=B_SPLINE_CURVE_WITH_KNOTS('',3,(#11148,#11149,#11150,#11151,#11152),
 .UNSPECIFIED.,.F.,.F.,(4,1,4),(0.,0.00429592103263309,0.00831301511854386),
 .UNSPECIFIED.);
#342=B_SPLINE_CURVE_WITH_KNOTS('',3,(#11154,#11155,#11156,#11157,#11158),
 .UNSPECIFIED.,.F.,.F.,(4,1,4),(0.,0.00369800502927639,0.00758535280896269),
 .UNSPECIFIED.);
#343=B_SPLINE_CURVE_WITH_KNOTS('',3,(#11160,#11161,#11162,#11163,#11164),
 .UNSPECIFIED.,.F.,.F.,(4,1,4),(0.,0.00408672011267483,0.00844104792138608),
 .UNSPECIFIED.);
#344=B_SPLINE_CURVE_WITH_KNOTS('',3,(#11166,#11167,#11168,#11169,#11170),
 .UNSPECIFIED.,.F.,.F.,(4,1,4),(0.,0.00449678738253311,0.00895479992188811),
 .UNSPECIFIED.);
#345=B_SPLINE_CURVE_WITH_KNOTS('',3,(#11172,#11173,#11174,#11175,#11176),
 .UNSPECIFIED.,.F.,.F.,(4,1,4),(0.,0.00636964560179563,0.0128393057674783),
 .UNSPECIFIED.);
#346=B_SPLINE_CURVE_WITH_KNOTS('',3,(#11178,#11179,#11180,#11181,#11182),
 .UNSPECIFIED.,.F.,.F.,(4,1,4),(0.,0.00626054622209815,0.0125558464461951),
 .UNSPECIFIED.);
#347=B_SPLINE_CURVE_WITH_KNOTS('',3,(#11184,#11185,#11186,#11187,#11188),
 .UNSPECIFIED.,.F.,.F.,(4,1,4),(0.,0.00471952040057141,0.00952344462101621),
 .UNSPECIFIED.);
#348=B_SPLINE_CURVE_WITH_KNOTS('',3,(#11190,#11191,#11192,#11193,#11194),
 .UNSPECIFIED.,.F.,.F.,(4,1,4),(0.,0.00515329787124648,0.0108975094000315),
 .UNSPECIFIED.);
#349=B_SPLINE_CURVE_WITH_KNOTS('',3,(#11196,#11197,#11198,#11199,#11200),
 .UNSPECIFIED.,.F.,.F.,(4,1,4),(0.,0.00827495688056418,0.017490830177247),
 .UNSPECIFIED.);
#350=B_SPLINE_CURVE_WITH_KNOTS('',3,(#11202,#11203,#11204,#11205,#11206),
 .UNSPECIFIED.,.F.,.F.,(4,1,4),(0.,0.00699237774138592,0.0129625451952195),
 .UNSPECIFIED.);
#351=B_SPLINE_CURVE_WITH_KNOTS('',3,(#11208,#11209,#11210,#11211,#11212),
 .UNSPECIFIED.,.F.,.F.,(4,1,4),(0.,0.00391645651980515,0.00818791549692044),
 .UNSPECIFIED.);
#352=B_SPLINE_CURVE_WITH_KNOTS('',3,(#11214,#11215,#11216,#11217,#11218),
 .UNSPECIFIED.,.F.,.F.,(4,1,4),(0.,0.00442621743359481,0.00881576994200694),
 .UNSPECIFIED.);
#353=B_SPLINE_CURVE_WITH_KNOTS('',3,(#11220,#11221,#11222,#11223,#11224),
 .UNSPECIFIED.,.F.,.F.,(4,1,4),(0.,0.00585093730409427,0.0115956224508052),
 .UNSPECIFIED.);
#354=B_SPLINE_CURVE_WITH_KNOTS('',3,(#11226,#11227,#11228,#11229,#11230),
 .UNSPECIFIED.,.F.,.F.,(4,1,4),(0.,0.00351241075554809,0.00650624106545795),
 .UNSPECIFIED.);
#355=B_SPLINE_CURVE_WITH_KNOTS('',3,(#11232,#11233,#11234,#11235,#11236),
 .UNSPECIFIED.,.F.,.F.,(4,1,4),(0.,0.0011341093915956,0.00211445433313285),
 .UNSPECIFIED.);
#356=B_SPLINE_CURVE_WITH_KNOTS('',3,(#11238,#11239,#11240,#11241,#11242),
 .UNSPECIFIED.,.F.,.F.,(4,1,4),(0.,0.000679933068103423,0.0013512362305098),
 .UNSPECIFIED.);
#357=B_SPLINE_CURVE_WITH_KNOTS('',3,(#11244,#11245,#11246,#11247,#11248),
 .UNSPECIFIED.,.F.,.F.,(4,1,4),(0.,0.000675668947113741,0.00135984619328647),
 .UNSPECIFIED.);
#358=B_SPLINE_CURVE_WITH_KNOTS('',3,(#11250,#11251,#11252,#11253,#11254),
 .UNSPECIFIED.,.F.,.F.,(4,1,4),(0.,0.000641182052543088,0.0015756425768967),
 .UNSPECIFIED.);
#359=B_SPLINE_CURVE_WITH_KNOTS('',3,(#11256,#11257,#11258,#11259,#11260),
 .UNSPECIFIED.,.F.,.F.,(4,1,4),(0.,0.00189536894529291,0.00395668207838494),
 .UNSPECIFIED.);
#360=B_SPLINE_CURVE_WITH_KNOTS('',3,(#11262,#11263,#11264,#11265,#11266),
 .UNSPECIFIED.,.F.,.F.,(4,1,4),(0.,0.00861899357069965,0.0173224360323312),
 .UNSPECIFIED.);
#361=B_SPLINE_CURVE_WITH_KNOTS('',3,(#11268,#11269,#11270,#11271,#11272),
 .UNSPECIFIED.,.F.,.F.,(4,1,4),(0.,0.00886723770871151,0.018057576343534),
 .UNSPECIFIED.);
#362=B_SPLINE_CURVE_WITH_KNOTS('',3,(#11273,#11274,#11275,#11276,#11277),
 .UNSPECIFIED.,.F.,.F.,(4,1,4),(0.,0.0021585433816394,0.00504600266834391),
 .UNSPECIFIED.);
#363=B_SPLINE_CURVE_WITH_KNOTS('',3,(#11290,#11291,#11292,#11293,#11294),
 .UNSPECIFIED.,.F.,.F.,(4,1,4),(0.,0.0049222183410853,0.00960364031974303),
 .UNSPECIFIED.);
#364=B_SPLINE_CURVE_WITH_KNOTS('',3,(#11298,#11299,#11300,#11301,#11302),
 .UNSPECIFIED.,.F.,.F.,(4,1,4),(-0.00960364031974303,-0.0049222183410853,
0.),.UNSPECIFIED.);
#365=B_SPLINE_CURVE_WITH_KNOTS('',3,(#11315,#11316,#11317,#11318,#11319),
 .UNSPECIFIED.,.F.,.F.,(4,1,4),(0.,0.00422107353718279,0.00771501961105852),
 .UNSPECIFIED.);
#366=B_SPLINE_CURVE_WITH_KNOTS('',3,(#11321,#11322,#11323,#11324,#11325),
 .UNSPECIFIED.,.F.,.F.,(4,1,4),(-0.00771501961105852,-0.00422107353718279,
0.),.UNSPECIFIED.);
#367=B_SPLINE_CURVE_WITH_KNOTS('',3,(#11338,#11339,#11340,#11341,#11342),
 .UNSPECIFIED.,.F.,.F.,(4,1,4),(0.,0.00185435119631876,0.0037988085521879),
 .UNSPECIFIED.);
#368=B_SPLINE_CURVE_WITH_KNOTS('',3,(#11344,#11345,#11346,#11347,#11348),
 .UNSPECIFIED.,.F.,.F.,(4,1,4),(-0.0037988085521879,-0.00185435119631876,
0.),.UNSPECIFIED.);
#369=B_SPLINE_CURVE_WITH_KNOTS('',3,(#11361,#11362,#11363,#11364,#11365),
 .UNSPECIFIED.,.F.,.F.,(4,1,4),(0.,0.00281834816550811,0.00572708000515615),
 .UNSPECIFIED.);
#370=B_SPLINE_CURVE_WITH_KNOTS('',3,(#11367,#11368,#11369,#11370,#11371),
 .UNSPECIFIED.,.F.,.F.,(4,1,4),(-0.00572708000515615,-0.00281834816550811,
0.),.UNSPECIFIED.);
#371=B_SPLINE_CURVE_WITH_KNOTS('',3,(#11384,#11385,#11386,#11387,#11388),
 .UNSPECIFIED.,.F.,.F.,(4,1,4),(0.,0.00558980659755546,0.0117437415842923),
 .UNSPECIFIED.);
#372=B_SPLINE_CURVE_WITH_KNOTS('',3,(#11390,#11391,#11392,#11393,#11394),
 .UNSPECIFIED.,.F.,.F.,(4,1,4),(-0.0117437415842923,-0.00558980659755546,
0.),.UNSPECIFIED.);
#373=B_SPLINE_CURVE_WITH_KNOTS('',3,(#11407,#11408,#11409,#11410,#11411),
 .UNSPECIFIED.,.F.,.F.,(4,1,4),(0.,0.00714276418412027,0.0148824091400129),
 .UNSPECIFIED.);
#374=B_SPLINE_CURVE_WITH_KNOTS('',3,(#11413,#11414,#11415,#11416,#11417),
 .UNSPECIFIED.,.F.,.F.,(4,1,4),(-0.0148824091400129,-0.00714276418412027,
0.),.UNSPECIFIED.);
#375=B_SPLINE_CURVE_WITH_KNOTS('',3,(#11436,#11437,#11438,#11439,#11440),
 .UNSPECIFIED.,.F.,.F.,(4,1,4),(0.,0.0049275441157348,0.00962456288340755),
 .UNSPECIFIED.);
#376=B_SPLINE_CURVE_WITH_KNOTS('',3,(#11442,#11443,#11444,#11445,#11446),
 .UNSPECIFIED.,.F.,.F.,(4,1,4),(-0.00962456288340755,-0.0049275441157348,
0.),.UNSPECIFIED.);
#377=B_SPLINE_CURVE_WITH_KNOTS('',3,(#11459,#11460,#11461,#11462,#11463),
 .UNSPECIFIED.,.F.,.F.,(4,1,4),(0.,0.00423988197577263,0.00775420852492093),
 .UNSPECIFIED.);
#378=B_SPLINE_CURVE_WITH_KNOTS('',3,(#11465,#11466,#11467,#11468,#11469),
 .UNSPECIFIED.,.F.,.F.,(4,1,4),(-0.00775420852492093,-0.00423988197577263,
0.),.UNSPECIFIED.);
#379=B_SPLINE_CURVE_WITH_KNOTS('',3,(#11482,#11483,#11484,#11485,#11486),
 .UNSPECIFIED.,.F.,.F.,(4,1,4),(0.,0.00180909641757363,0.00373859968325715),
 .UNSPECIFIED.);
#380=B_SPLINE_CURVE_WITH_KNOTS('',3,(#11488,#11489,#11490,#11491,#11492),
 .UNSPECIFIED.,.F.,.F.,(4,1,4),(-0.00373859968325715,-0.00180909641757363,
0.),.UNSPECIFIED.);
#381=B_SPLINE_CURVE_WITH_KNOTS('',3,(#11505,#11506,#11507,#11508,#11509),
 .UNSPECIFIED.,.F.,.F.,(4,1,4),(0.,0.00284100511906718,0.00578294833683223),
 .UNSPECIFIED.);
#382=B_SPLINE_CURVE_WITH_KNOTS('',3,(#11511,#11512,#11513,#11514,#11515),
 .UNSPECIFIED.,.F.,.F.,(4,1,4),(-0.00578294833683223,-0.00284100511906718,
0.),.UNSPECIFIED.);
#383=B_SPLINE_CURVE_WITH_KNOTS('',3,(#11528,#11529,#11530,#11531,#11532),
 .UNSPECIFIED.,.F.,.F.,(4,1,4),(0.,0.00556046556260387,0.0117193881547455),
 .UNSPECIFIED.);
#384=B_SPLINE_CURVE_WITH_KNOTS('',3,(#11534,#11535,#11536,#11537,#11538),
 .UNSPECIFIED.,.F.,.F.,(4,1,4),(-0.0117193881547455,-0.00556046556260387,
0.),.UNSPECIFIED.);
#385=B_SPLINE_CURVE_WITH_KNOTS('',3,(#11551,#11552,#11553,#11554,#11555),
 .UNSPECIFIED.,.F.,.F.,(4,1,4),(0.,0.00715772447887919,0.0149026788500326),
 .UNSPECIFIED.);
#386=B_SPLINE_CURVE_WITH_KNOTS('',3,(#11557,#11558,#11559,#11560,#11561),
 .UNSPECIFIED.,.F.,.F.,(4,1,4),(-0.0149026788500326,-0.00715772447887919,
0.),.UNSPECIFIED.);
#387=B_SPLINE_CURVE_WITH_KNOTS('',3,(#11583,#11584,#11585,#11586,#11587),
 .UNSPECIFIED.,.F.,.F.,(4,1,4),(-0.0194343181395472,-0.0104650805361758,
0.),.UNSPECIFIED.);
#388=B_SPLINE_CURVE_WITH_KNOTS('',3,(#11600,#11601,#11602,#11603,#11604),
 .UNSPECIFIED.,.F.,.F.,(4,1,4),(-0.0124546740638389,-0.00629556671645646,
0.),.UNSPECIFIED.);
#389=B_SPLINE_CURVE_WITH_KNOTS('',3,(#11617,#11618,#11619,#11620,#11621),
 .UNSPECIFIED.,.F.,.F.,(4,1,4),(-0.00612840764484491,-0.00308773292908949,
0.),.UNSPECIFIED.);
#390=B_SPLINE_CURVE_WITH_KNOTS('',3,(#11634,#11635,#11636,#11637,#11638),
 .UNSPECIFIED.,.F.,.F.,(4,1,4),(-0.00596318530069457,-0.00299961130844908,
0.),.UNSPECIFIED.);
#391=B_SPLINE_CURVE_WITH_KNOTS('',3,(#11651,#11652,#11653,#11654,#11655),
 .UNSPECIFIED.,.F.,.F.,(4,1,4),(-0.00529163012529107,-0.00224983846961482,
0.),.UNSPECIFIED.);
#392=B_SPLINE_CURVE_WITH_KNOTS('',3,(#11668,#11669,#11670,#11671,#11672),
 .UNSPECIFIED.,.F.,.F.,(4,1,4),(-0.00611220652789716,-0.00324831535658644,
0.),.UNSPECIFIED.);
#393=B_SPLINE_CURVE_WITH_KNOTS('',3,(#11685,#11686,#11687,#11688,#11689),
 .UNSPECIFIED.,.F.,.F.,(4,1,4),(-0.00866390113977123,-0.00405264709097371,
0.),.UNSPECIFIED.);
#394=B_SPLINE_CURVE_WITH_KNOTS('',3,(#11706,#11707,#11708,#11709,#11710),
 .UNSPECIFIED.,.F.,.F.,(4,1,4),(-0.0194755712860424,-0.0104968527649295,
0.),.UNSPECIFIED.);
#395=B_SPLINE_CURVE_WITH_KNOTS('',3,(#11723,#11724,#11725,#11726,#11727),
 .UNSPECIFIED.,.F.,.F.,(4,1,4),(-0.0124546764155943,-0.00629556906821187,
0.),.UNSPECIFIED.);
#396=B_SPLINE_CURVE_WITH_KNOTS('',3,(#11740,#11741,#11742,#11743,#11744),
 .UNSPECIFIED.,.F.,.F.,(4,1,4),(-0.00614990044511157,-0.00311426826515185,
0.),.UNSPECIFIED.);
#397=B_SPLINE_CURVE_WITH_KNOTS('',3,(#11757,#11758,#11759,#11760,#11761),
 .UNSPECIFIED.,.F.,.F.,(4,1,4),(-0.00594541582279067,-0.00298579946099216,
0.),.UNSPECIFIED.);
#398=B_SPLINE_CURVE_WITH_KNOTS('',3,(#11774,#11775,#11776,#11777,#11778),
 .UNSPECIFIED.,.F.,.F.,(4,1,4),(-0.00534021107592566,-0.00229144715408909,
0.),.UNSPECIFIED.);
#399=B_SPLINE_CURVE_WITH_KNOTS('',3,(#11791,#11792,#11793,#11794,#11795),
 .UNSPECIFIED.,.F.,.F.,(4,1,4),(-0.00607782818982073,-0.00323640865389532,
0.),.UNSPECIFIED.);
#400=B_SPLINE_CURVE_WITH_KNOTS('',3,(#11807,#11808,#11809,#11810,#11811),
 .UNSPECIFIED.,.F.,.F.,(4,1,4),(-0.00870017421379524,-0.00405747219761566,
0.),.UNSPECIFIED.);
#401=B_SPLINE_CURVE_WITH_KNOTS('',3,(#11826,#11827,#11828,#11829,#11830),
 .UNSPECIFIED.,.F.,.F.,(4,1,4),(0.,0.00772054091830273,0.0131952270831192),
 .UNSPECIFIED.);
#402=B_SPLINE_CURVE_WITH_KNOTS('',3,(#11834,#11835,#11836,#11837,#11838),
 .UNSPECIFIED.,.F.,.F.,(4,1,4),(-0.0131952270831192,-0.00772054091830273,
0.),.UNSPECIFIED.);
#403=B_SPLINE_CURVE_WITH_KNOTS('',3,(#11851,#11852,#11853,#11854,#11855),
 .UNSPECIFIED.,.F.,.F.,(4,1,4),(0.,0.00433398047362569,0.00861075365315057),
 .UNSPECIFIED.);
#404=B_SPLINE_CURVE_WITH_KNOTS('',3,(#11857,#11858,#11859,#11860,#11861),
 .UNSPECIFIED.,.F.,.F.,(4,1,4),(-0.00861075365315057,-0.00433398047362569,
0.),.UNSPECIFIED.);
#405=B_SPLINE_CURVE_WITH_KNOTS('',3,(#11874,#11875,#11876,#11877,#11878),
 .UNSPECIFIED.,.F.,.F.,(4,1,4),(0.,0.00440119120672118,0.00912383346460613),
 .UNSPECIFIED.);
#406=B_SPLINE_CURVE_WITH_KNOTS('',3,(#11880,#11881,#11882,#11883,#11884),
 .UNSPECIFIED.,.F.,.F.,(4,1,4),(-0.00912383346460613,-0.00440119120672118,
0.),.UNSPECIFIED.);
#407=B_SPLINE_CURVE_WITH_KNOTS('',3,(#11897,#11898,#11899,#11900,#11901),
 .UNSPECIFIED.,.F.,.F.,(4,1,4),(0.,0.00510108317657046,0.0106497548112275),
 .UNSPECIFIED.);
#408=B_SPLINE_CURVE_WITH_KNOTS('',3,(#11903,#11904,#11905,#11906,#11907),
 .UNSPECIFIED.,.F.,.F.,(4,1,4),(-0.0106497548112275,-0.00510108317657046,
0.),.UNSPECIFIED.);
#409=B_SPLINE_CURVE_WITH_KNOTS('',3,(#11920,#11921,#11922,#11923,#11924),
 .UNSPECIFIED.,.F.,.F.,(4,1,4),(0.,0.00541679435793313,0.010467386164491),
 .UNSPECIFIED.);
#410=B_SPLINE_CURVE_WITH_KNOTS('',3,(#11926,#11927,#11928,#11929,#11930),
 .UNSPECIFIED.,.F.,.F.,(4,1,4),(-0.010467386164491,-0.00541679435793313,
0.),.UNSPECIFIED.);
#411=B_SPLINE_CURVE_WITH_KNOTS('',3,(#11943,#11944,#11945,#11946,#11947),
 .UNSPECIFIED.,.F.,.F.,(4,1,4),(0.,0.00467063604826081,0.00891435970913755),
 .UNSPECIFIED.);
#412=B_SPLINE_CURVE_WITH_KNOTS('',3,(#11949,#11950,#11951,#11952,#11953),
 .UNSPECIFIED.,.F.,.F.,(4,1,4),(-0.00891435970913755,-0.00467063604826081,
0.),.UNSPECIFIED.);
#413=B_SPLINE_CURVE_WITH_KNOTS('',3,(#11966,#11967,#11968,#11969,#11970),
 .UNSPECIFIED.,.F.,.F.,(4,1,4),(0.,0.00252855141414482,0.00520607324923529),
 .UNSPECIFIED.);
#414=B_SPLINE_CURVE_WITH_KNOTS('',3,(#11972,#11973,#11974,#11975,#11976),
 .UNSPECIFIED.,.F.,.F.,(4,1,4),(-0.00520607324923529,-0.00252855141414482,
0.),.UNSPECIFIED.);
#415=B_SPLINE_CURVE_WITH_KNOTS('',3,(#11989,#11990,#11991,#11992,#11993),
 .UNSPECIFIED.,.F.,.F.,(4,1,4),(0.,0.00293662156299555,0.00622064997252418),
 .UNSPECIFIED.);
#416=B_SPLINE_CURVE_WITH_KNOTS('',3,(#11995,#11996,#11997,#11998,#11999),
 .UNSPECIFIED.,.F.,.F.,(4,1,4),(-0.00622064997252418,-0.00293662156299555,
0.),.UNSPECIFIED.);
#417=B_SPLINE_CURVE_WITH_KNOTS('',3,(#12011,#12012,#12013,#12014,#12015),
 .UNSPECIFIED.,.F.,.F.,(4,1,4),(0.,0.00313211961133972,0.00792009310331598),
 .UNSPECIFIED.);
#418=B_SPLINE_CURVE_WITH_KNOTS('',3,(#12016,#12017,#12018,#12019,#12020),
 .UNSPECIFIED.,.F.,.F.,(4,1,4),(-0.00792009310331598,-0.00313211961133972,
0.),.UNSPECIFIED.);
#419=B_SPLINE_CURVE_WITH_KNOTS('',3,(#12034,#12035,#12036,#12037,#12038),
 .UNSPECIFIED.,.F.,.F.,(4,1,4),(-0.00998504961585635,-0.00527034917821241,
0.),.UNSPECIFIED.);
#420=B_SPLINE_CURVE_WITH_KNOTS('',3,(#12051,#12052,#12053,#12054,#12055),
 .UNSPECIFIED.,.F.,.F.,(4,1,4),(-0.00831301511854386,-0.00429592103263309,
0.),.UNSPECIFIED.);
#421=B_SPLINE_CURVE_WITH_KNOTS('',3,(#12068,#12069,#12070,#12071,#12072),
 .UNSPECIFIED.,.F.,.F.,(4,1,4),(-0.00758535280896269,-0.00369800502927639,
0.),.UNSPECIFIED.);
#422=B_SPLINE_CURVE_WITH_KNOTS('',3,(#12085,#12086,#12087,#12088,#12089),
 .UNSPECIFIED.,.F.,.F.,(4,1,4),(-0.00844104792138608,-0.00408672011267483,
0.),.UNSPECIFIED.);
#423=B_SPLINE_CURVE_WITH_KNOTS('',3,(#12102,#12103,#12104,#12105,#12106),
 .UNSPECIFIED.,.F.,.F.,(4,1,4),(-0.00895479992188811,-0.00449678738253311,
0.),.UNSPECIFIED.);
#424=B_SPLINE_CURVE_WITH_KNOTS('',3,(#12119,#12120,#12121,#12122,#12123),
 .UNSPECIFIED.,.F.,.F.,(4,1,4),(-0.0128393057674783,-0.00636964560179563,
0.),.UNSPECIFIED.);
#425=B_SPLINE_CURVE_WITH_KNOTS('',3,(#12136,#12137,#12138,#12139,#12140),
 .UNSPECIFIED.,.F.,.F.,(4,1,4),(-0.0125558464461951,-0.00626054622209815,
0.),.UNSPECIFIED.);
#426=B_SPLINE_CURVE_WITH_KNOTS('',3,(#12153,#12154,#12155,#12156,#12157),
 .UNSPECIFIED.,.F.,.F.,(4,1,4),(-0.00952344462101621,-0.00471952040057141,
0.),.UNSPECIFIED.);
#427=B_SPLINE_CURVE_WITH_KNOTS('',3,(#12170,#12171,#12172,#12173,#12174),
 .UNSPECIFIED.,.F.,.F.,(4,1,4),(-0.0108975094000315,-0.00515329787124648,
0.),.UNSPECIFIED.);
#428=B_SPLINE_CURVE_WITH_KNOTS('',3,(#12187,#12188,#12189,#12190,#12191),
 .UNSPECIFIED.,.F.,.F.,(4,1,4),(-0.017490830177247,-0.00827495688056418,
0.),.UNSPECIFIED.);
#429=B_SPLINE_CURVE_WITH_KNOTS('',3,(#12204,#12205,#12206,#12207,#12208),
 .UNSPECIFIED.,.F.,.F.,(4,1,4),(-0.0129625451952195,-0.00699237774138592,
0.),.UNSPECIFIED.);
#430=B_SPLINE_CURVE_WITH_KNOTS('',3,(#12221,#12222,#12223,#12224,#12225),
 .UNSPECIFIED.,.F.,.F.,(4,1,4),(-0.00818791549692044,-0.00391645651980515,
0.),.UNSPECIFIED.);
#431=B_SPLINE_CURVE_WITH_KNOTS('',3,(#12238,#12239,#12240,#12241,#12242),
 .UNSPECIFIED.,.F.,.F.,(4,1,4),(-0.00881576994200694,-0.00442621743359481,
0.),.UNSPECIFIED.);
#432=B_SPLINE_CURVE_WITH_KNOTS('',3,(#12255,#12256,#12257,#12258,#12259),
 .UNSPECIFIED.,.F.,.F.,(4,1,4),(-0.0115956224508052,-0.00585093730409427,
0.),.UNSPECIFIED.);
#433=B_SPLINE_CURVE_WITH_KNOTS('',3,(#12272,#12273,#12274,#12275,#12276),
 .UNSPECIFIED.,.F.,.F.,(4,1,4),(-0.00650624106545795,-0.00351241075554809,
0.),.UNSPECIFIED.);
#434=B_SPLINE_CURVE_WITH_KNOTS('',3,(#12289,#12290,#12291,#12292,#12293),
 .UNSPECIFIED.,.F.,.F.,(4,1,4),(-0.00211445433313285,-0.0011341093915956,
0.),.UNSPECIFIED.);
#435=B_SPLINE_CURVE_WITH_KNOTS('',3,(#12306,#12307,#12308,#12309,#12310),
 .UNSPECIFIED.,.F.,.F.,(4,1,4),(-0.0013512362305098,-0.000679933068103423,
0.),.UNSPECIFIED.);
#436=B_SPLINE_CURVE_WITH_KNOTS('',3,(#12323,#12324,#12325,#12326,#12327),
 .UNSPECIFIED.,.F.,.F.,(4,1,4),(-0.00135984619328647,-0.000675668947113741,
0.),.UNSPECIFIED.);
#437=B_SPLINE_CURVE_WITH_KNOTS('',3,(#12340,#12341,#12342,#12343,#12344),
 .UNSPECIFIED.,.F.,.F.,(4,1,4),(-0.0015756425768967,-0.000641182052543088,
0.),.UNSPECIFIED.);
#438=B_SPLINE_CURVE_WITH_KNOTS('',3,(#12357,#12358,#12359,#12360,#12361),
 .UNSPECIFIED.,.F.,.F.,(4,1,4),(-0.00395668207838494,-0.00189536894529291,
0.),.UNSPECIFIED.);
#439=B_SPLINE_CURVE_WITH_KNOTS('',3,(#12374,#12375,#12376,#12377,#12378),
 .UNSPECIFIED.,.F.,.F.,(4,1,4),(-0.0173224360323312,-0.00861899357069965,
0.),.UNSPECIFIED.);
#440=B_SPLINE_CURVE_WITH_KNOTS('',3,(#12391,#12392,#12393,#12394,#12395),
 .UNSPECIFIED.,.F.,.F.,(4,1,4),(-0.018057576343534,-0.00886723770871151,
0.),.UNSPECIFIED.);
#441=B_SPLINE_CURVE_WITH_KNOTS('',3,(#12407,#12408,#12409,#12410,#12411),
 .UNSPECIFIED.,.F.,.F.,(4,1,4),(-0.00504600266834391,-0.0021585433816394,
0.),.UNSPECIFIED.);
#442=B_SPLINE_CURVE_WITH_KNOTS('',3,(#12426,#12427,#12428,#12429,#12430),
 .UNSPECIFIED.,.F.,.F.,(4,1,4),(0.,0.00437489776004472,0.00883481255215761),
 .UNSPECIFIED.);
#443=B_SPLINE_CURVE_WITH_KNOTS('',3,(#12434,#12435,#12436,#12437,#12438),
 .UNSPECIFIED.,.F.,.F.,(4,1,4),(-0.00883481255215761,-0.00437489776004472,
0.),.UNSPECIFIED.);
#444=B_SPLINE_CURVE_WITH_KNOTS('',3,(#12451,#12452,#12453,#12454,#12455),
 .UNSPECIFIED.,.F.,.F.,(4,1,4),(0.,0.00456509207126226,0.00924888986978334),
 .UNSPECIFIED.);
#445=B_SPLINE_CURVE_WITH_KNOTS('',3,(#12457,#12458,#12459,#12460,#12461),
 .UNSPECIFIED.,.F.,.F.,(4,1,4),(-0.00924888986978334,-0.00456509207126226,
0.),.UNSPECIFIED.);
#446=B_SPLINE_CURVE_WITH_KNOTS('',3,(#12474,#12475,#12476,#12477,#12478),
 .UNSPECIFIED.,.F.,.F.,(4,1,4),(0.,0.0046532223740091,0.00921811024967243),
 .UNSPECIFIED.);
#447=B_SPLINE_CURVE_WITH_KNOTS('',3,(#12480,#12481,#12482,#12483,#12484),
 .UNSPECIFIED.,.F.,.F.,(4,1,4),(-0.00921811024967243,-0.0046532223740091,
0.),.UNSPECIFIED.);
#448=B_SPLINE_CURVE_WITH_KNOTS('',3,(#12497,#12498,#12499,#12500,#12501),
 .UNSPECIFIED.,.F.,.F.,(4,1,4),(0.,0.00445554986959353,0.00877285361351425),
 .UNSPECIFIED.);
#449=B_SPLINE_CURVE_WITH_KNOTS('',3,(#12503,#12504,#12505,#12506,#12507),
 .UNSPECIFIED.,.F.,.F.,(4,1,4),(-0.00877285361351425,-0.00445554986959353,
0.),.UNSPECIFIED.);
#450=B_SPLINE_CURVE_WITH_KNOTS('',3,(#12520,#12521,#12522,#12523,#12524),
 .UNSPECIFIED.,.F.,.F.,(4,1,4),(0.,0.00401709835625115,0.00826818030257248),
 .UNSPECIFIED.);
#451=B_SPLINE_CURVE_WITH_KNOTS('',3,(#12526,#12527,#12528,#12529,#12530),
 .UNSPECIFIED.,.F.,.F.,(4,1,4),(-0.00826818030257248,-0.00401709835625115,
0.),.UNSPECIFIED.);
#452=B_SPLINE_CURVE_WITH_KNOTS('',3,(#12543,#12544,#12545,#12546,#12547),
 .UNSPECIFIED.,.F.,.F.,(4,1,4),(0.,0.00447843381956592,0.00917593216623453),
 .UNSPECIFIED.);
#453=B_SPLINE_CURVE_WITH_KNOTS('',3,(#12549,#12550,#12551,#12552,#12553),
 .UNSPECIFIED.,.F.,.F.,(4,1,4),(-0.00917593216623453,-0.00447843381956592,
0.),.UNSPECIFIED.);
#454=B_SPLINE_CURVE_WITH_KNOTS('',3,(#12566,#12567,#12568,#12569,#12570),
 .UNSPECIFIED.,.F.,.F.,(4,1,4),(0.,0.00472911808504744,0.00921662730302825),
 .UNSPECIFIED.);
#455=B_SPLINE_CURVE_WITH_KNOTS('',3,(#12572,#12573,#12574,#12575,#12576),
 .UNSPECIFIED.,.F.,.F.,(4,1,4),(-0.00921662730302825,-0.00472911808504744,
0.),.UNSPECIFIED.);
#456=B_SPLINE_CURVE_WITH_KNOTS('',3,(#12588,#12589,#12590,#12591,#12592),
 .UNSPECIFIED.,.F.,.F.,(4,1,4),(0.,0.00424252571995277,0.00822830571151998),
 .UNSPECIFIED.);
#457=B_SPLINE_CURVE_WITH_KNOTS('',3,(#12593,#12594,#12595,#12596,#12597),
 .UNSPECIFIED.,.F.,.F.,(4,1,4),(-0.00822830571151998,-0.00424252571995277,
0.),.UNSPECIFIED.);
#458=B_SPLINE_CURVE_WITH_KNOTS('',3,(#12610,#12611,#12612,#12613,#12614),
 .UNSPECIFIED.,.F.,.F.,(4,1,4),(0.,0.00452796330634543,0.00923383216049234),
 .UNSPECIFIED.);
#459=B_SPLINE_CURVE_WITH_KNOTS('',3,(#12618,#12619,#12620,#12621,#12622),
 .UNSPECIFIED.,.F.,.F.,(4,1,4),(-0.00923383216049234,-0.00452796330634543,
0.),.UNSPECIFIED.);
#460=B_SPLINE_CURVE_WITH_KNOTS('',3,(#12635,#12636,#12637,#12638,#12639),
 .UNSPECIFIED.,.F.,.F.,(4,1,4),(0.,0.00489021681885327,0.00998743060486393),
 .UNSPECIFIED.);
#461=B_SPLINE_CURVE_WITH_KNOTS('',3,(#12641,#12642,#12643,#12644,#12645),
 .UNSPECIFIED.,.F.,.F.,(4,1,4),(-0.00998743060486393,-0.00489021681885327,
0.),.UNSPECIFIED.);
#462=B_SPLINE_CURVE_WITH_KNOTS('',3,(#12658,#12659,#12660,#12661,#12662),
 .UNSPECIFIED.,.F.,.F.,(4,1,4),(0.,0.00509722846543227,0.00998744528428554),
 .UNSPECIFIED.);
#463=B_SPLINE_CURVE_WITH_KNOTS('',3,(#12664,#12665,#12666,#12667,#12668),
 .UNSPECIFIED.,.F.,.F.,(4,1,4),(-0.00998744528428554,-0.00509722846543227,
0.),.UNSPECIFIED.);
#464=B_SPLINE_CURVE_WITH_KNOTS('',3,(#12681,#12682,#12683,#12684,#12685),
 .UNSPECIFIED.,.F.,.F.,(4,1,4),(0.,0.00469720480174657,0.00919378724129044),
 .UNSPECIFIED.);
#465=B_SPLINE_CURVE_WITH_KNOTS('',3,(#12687,#12688,#12689,#12690,#12691),
 .UNSPECIFIED.,.F.,.F.,(4,1,4),(-0.00919378724129044,-0.00469720480174657,
0.),.UNSPECIFIED.);
#466=B_SPLINE_CURVE_WITH_KNOTS('',3,(#12704,#12705,#12706,#12707,#12708),
 .UNSPECIFIED.,.F.,.F.,(4,1,4),(0.,0.00464416288101527,0.00943753717090056),
 .UNSPECIFIED.);
#467=B_SPLINE_CURVE_WITH_KNOTS('',3,(#12710,#12711,#12712,#12713,#12714),
 .UNSPECIFIED.,.F.,.F.,(4,1,4),(-0.00943753717090056,-0.00464416288101527,
0.),.UNSPECIFIED.);
#468=B_SPLINE_CURVE_WITH_KNOTS('',3,(#12727,#12728,#12729,#12730,#12731),
 .UNSPECIFIED.,.F.,.F.,(4,1,4),(0.,0.00492944433345314,0.0100040899798799),
 .UNSPECIFIED.);
#469=B_SPLINE_CURVE_WITH_KNOTS('',3,(#12733,#12734,#12735,#12736,#12737),
 .UNSPECIFIED.,.F.,.F.,(4,1,4),(-0.0100040899798799,-0.00492944433345314,
0.),.UNSPECIFIED.);
#470=B_SPLINE_CURVE_WITH_KNOTS('',3,(#12750,#12751,#12752,#12753,#12754),
 .UNSPECIFIED.,.F.,.F.,(4,1,4),(0.,0.00507463098013389,0.010004075313587),
 .UNSPECIFIED.);
#471=B_SPLINE_CURVE_WITH_KNOTS('',3,(#12756,#12757,#12758,#12759,#12760),
 .UNSPECIFIED.,.F.,.F.,(4,1,4),(-0.010004075313587,-0.00507463098013389,
0.),.UNSPECIFIED.);
#472=B_SPLINE_CURVE_WITH_KNOTS('',3,(#12772,#12773,#12774,#12775,#12776),
 .UNSPECIFIED.,.F.,.F.,(4,1,4),(0.,0.00478468589912968,0.00939743152481244),
 .UNSPECIFIED.);
#473=B_SPLINE_CURVE_WITH_KNOTS('',3,(#12777,#12778,#12779,#12780,#12781),
 .UNSPECIFIED.,.F.,.F.,(4,1,4),(-0.00939743152481244,-0.00478468589912968,
0.),.UNSPECIFIED.);
#474=B_SPLINE_CURVE_WITH_KNOTS('',3,(#12795,#12796,#12797,#12798,#12799),
 .UNSPECIFIED.,.F.,.F.,(4,1,4),(-0.00897008607490157,-0.00467802694525043,
0.),.UNSPECIFIED.);
#475=B_SPLINE_CURVE_WITH_KNOTS('',3,(#12812,#12813,#12814,#12815,#12816),
 .UNSPECIFIED.,.F.,.F.,(4,1,4),(-0.00808974778824259,-0.00407978500691231,
0.),.UNSPECIFIED.);
#476=B_SPLINE_CURVE_WITH_KNOTS('',3,(#12829,#12830,#12831,#12832,#12833),
 .UNSPECIFIED.,.F.,.F.,(4,1,4),(-0.0122843104191057,-0.00605949204200955,
0.),.UNSPECIFIED.);
#477=B_SPLINE_CURVE_WITH_KNOTS('',3,(#12846,#12847,#12848,#12849,#12850),
 .UNSPECIFIED.,.F.,.F.,(4,1,4),(-0.0127782211694504,-0.00634712350608103,
0.),.UNSPECIFIED.);
#478=B_SPLINE_CURVE_WITH_KNOTS('',3,(#12863,#12864,#12865,#12866,#12867),
 .UNSPECIFIED.,.F.,.F.,(4,1,4),(-0.0127782363620629,-0.00643109631423399,
0.),.UNSPECIFIED.);
#479=B_SPLINE_CURVE_WITH_KNOTS('',3,(#12880,#12881,#12882,#12883,#12884),
 .UNSPECIFIED.,.F.,.F.,(4,1,4),(-0.0122843018258655,-0.00622480978385598,
0.),.UNSPECIFIED.);
#480=B_SPLINE_CURVE_WITH_KNOTS('',3,(#12897,#12898,#12899,#12900,#12901),
 .UNSPECIFIED.,.F.,.F.,(4,1,4),(-0.00804832277591952,-0.0039782424321327,
0.),.UNSPECIFIED.);
#481=B_SPLINE_CURVE_WITH_KNOTS('',3,(#12914,#12915,#12916,#12917,#12918),
 .UNSPECIFIED.,.F.,.F.,(4,1,4),(-0.00902946589332444,-0.00430713146340132,
0.),.UNSPECIFIED.);
#482=B_SPLINE_CURVE_WITH_KNOTS('',3,(#12931,#12932,#12933,#12934,#12935),
 .UNSPECIFIED.,.F.,.F.,(4,1,4),(-0.00744649761505935,-0.0041070794690374,
0.),.UNSPECIFIED.);
#483=B_SPLINE_CURVE_WITH_KNOTS('',3,(#12948,#12949,#12950,#12951,#12952),
 .UNSPECIFIED.,.F.,.F.,(4,1,4),(-0.00814408444898319,-0.0040900345474602,
0.),.UNSPECIFIED.);
#484=B_SPLINE_CURVE_WITH_KNOTS('',3,(#12965,#12966,#12967,#12968,#12969),
 .UNSPECIFIED.,.F.,.F.,(4,1,4),(-0.0115278843380916,-0.00564470956998328,
0.),.UNSPECIFIED.);
#485=B_SPLINE_CURVE_WITH_KNOTS('',3,(#12982,#12983,#12984,#12985,#12986),
 .UNSPECIFIED.,.F.,.F.,(4,1,4),(-0.0120612127897929,-0.00601374059842569,
0.),.UNSPECIFIED.);
#486=B_SPLINE_CURVE_WITH_KNOTS('',3,(#12999,#13000,#13001,#13002,#13003),
 .UNSPECIFIED.,.F.,.F.,(4,1,4),(-0.0120830084009448,-0.00607374150633946,
0.),.UNSPECIFIED.);
#487=B_SPLINE_CURVE_WITH_KNOTS('',3,(#13016,#13017,#13018,#13019,#13020),
 .UNSPECIFIED.,.F.,.F.,(4,1,4),(-0.0115175320604652,-0.00587389356312473,
0.),.UNSPECIFIED.);
#488=B_SPLINE_CURVE_WITH_KNOTS('',3,(#13033,#13034,#13035,#13036,#13037),
 .UNSPECIFIED.,.F.,.F.,(4,1,4),(-0.00810501328350396,-0.00404348936144691,
0.),.UNSPECIFIED.);
#489=B_SPLINE_CURVE_WITH_KNOTS('',3,(#13049,#13050,#13051,#13052,#13053),
 .UNSPECIFIED.,.F.,.F.,(4,1,4),(-0.00744461243539769,-0.00334034102582346,
0.),.UNSPECIFIED.);
#490=B_SPLINE_CURVE_WITH_KNOTS('',3,(#13074,#13075,#13076,#13077,#13078),
 .UNSPECIFIED.,.F.,.F.,(4,1,4),(-0.0019314594270827,-0.00110726567121673,
0.),.UNSPECIFIED.);
#491=B_SPLINE_CURVE_WITH_KNOTS('',3,(#13091,#13092,#13093,#13094,#13095),
 .UNSPECIFIED.,.F.,.F.,(4,1,4),(-0.00145223163820847,-0.000707328097294067,
0.),.UNSPECIFIED.);
#492=B_SPLINE_CURVE_WITH_KNOTS('',3,(#13108,#13109,#13110,#13111,#13112),
 .UNSPECIFIED.,.F.,.F.,(4,1,4),(-0.00145223163820847,-0.000744903540914404,
0.),.UNSPECIFIED.);
#493=B_SPLINE_CURVE_WITH_KNOTS('',3,(#13125,#13126,#13127,#13128,#13129),
 .UNSPECIFIED.,.F.,.F.,(4,1,4),(-0.00193145441661105,-0.000824187091891036,
0.),.UNSPECIFIED.);
#494=B_SPLINE_CURVE_WITH_KNOTS('',3,(#13146,#13147,#13148,#13149,#13150),
 .UNSPECIFIED.,.F.,.F.,(4,1,4),(-0.00193145609509355,-0.00110726567121673,
0.),.UNSPECIFIED.);
#495=B_SPLINE_CURVE_WITH_KNOTS('',3,(#13163,#13164,#13165,#13166,#13167),
 .UNSPECIFIED.,.F.,.F.,(4,1,4),(-0.00145223163820847,-0.000707328097294067,
0.),.UNSPECIFIED.);
#496=B_SPLINE_CURVE_WITH_KNOTS('',3,(#13180,#13181,#13182,#13183,#13184),
 .UNSPECIFIED.,.F.,.F.,(4,1,4),(-0.00139152913703189,-0.000711420830779756,
0.),.UNSPECIFIED.);
#497=B_SPLINE_CURVE_WITH_KNOTS('',3,(#13197,#13198,#13199,#13200,#13201),
 .UNSPECIFIED.,.F.,.F.,(4,1,4),(-0.00177817540766014,-0.00077258446059273,
0.),.UNSPECIFIED.);
#498=B_SPLINE_CURVE_WITH_KNOTS('',3,(#13214,#13215,#13216,#13217,#13218),
 .UNSPECIFIED.,.F.,.F.,(4,1,4),(-0.00760745321287043,-0.00356064759750595,
0.),.UNSPECIFIED.);
#499=B_SPLINE_CURVE_WITH_KNOTS('',3,(#13231,#13232,#13233,#13234,#13235),
 .UNSPECIFIED.,.F.,.F.,(4,1,4),(-0.00971124157014634,-0.00455976535741573,
0.),.UNSPECIFIED.);
#500=B_SPLINE_CURVE_WITH_KNOTS('',3,(#13248,#13249,#13250,#13251,#13252),
 .UNSPECIFIED.,.F.,.F.,(4,1,4),(-0.010094208007934,-0.00538565253625439,
0.),.UNSPECIFIED.);
#501=B_SPLINE_CURVE_WITH_KNOTS('',3,(#13265,#13266,#13267,#13268,#13269),
 .UNSPECIFIED.,.F.,.F.,(4,1,4),(-0.00821135137050701,-0.00424063705493476,
0.),.UNSPECIFIED.);
#502=B_SPLINE_CURVE_WITH_KNOTS('',3,(#13282,#13283,#13284,#13285,#13286),
 .UNSPECIFIED.,.F.,.F.,(4,1,4),(-0.00404521808105568,-0.00205534136385986,
0.),.UNSPECIFIED.);
#503=B_SPLINE_CURVE_WITH_KNOTS('',3,(#13299,#13300,#13301,#13302,#13303),
 .UNSPECIFIED.,.F.,.F.,(4,1,4),(-0.00388375726540088,-0.00195548235629302,
0.),.UNSPECIFIED.);
#504=B_SPLINE_CURVE_WITH_KNOTS('',3,(#13316,#13317,#13318,#13319,#13320),
 .UNSPECIFIED.,.F.,.F.,(4,1,4),(-0.00408145985268639,-0.00199039440132717,
0.),.UNSPECIFIED.);
#505=B_SPLINE_CURVE_WITH_KNOTS('',3,(#13333,#13334,#13335,#13336,#13337),
 .UNSPECIFIED.,.F.,.F.,(4,1,4),(-0.00656255708299627,-0.00271435570781894,
0.),.UNSPECIFIED.);
#506=B_SPLINE_CURVE_WITH_KNOTS('',3,(#13350,#13351,#13352,#13353,#13354),
 .UNSPECIFIED.,.F.,.F.,(4,1,4),(-0.0103908631012699,-0.00629211080367543,
0.),.UNSPECIFIED.);
#507=B_SPLINE_CURVE_WITH_KNOTS('',3,(#13367,#13368,#13369,#13370,#13371),
 .UNSPECIFIED.,.F.,.F.,(4,1,4),(-0.00735069990865471,-0.00382123784985695,
0.),.UNSPECIFIED.);
#508=B_SPLINE_CURVE_WITH_KNOTS('',3,(#13384,#13385,#13386,#13387,#13388),
 .UNSPECIFIED.,.F.,.F.,(4,1,4),(-0.00729793078903504,-0.00351791771681949,
0.),.UNSPECIFIED.);
#509=B_SPLINE_CURVE_WITH_KNOTS('',3,(#13401,#13402,#13403,#13404,#13405),
 .UNSPECIFIED.,.F.,.F.,(4,1,4),(-0.0118760239357632,-0.00583070391542432,
0.),.UNSPECIFIED.);
#510=B_SPLINE_CURVE_WITH_KNOTS('',3,(#13418,#13419,#13420,#13421,#13422),
 .UNSPECIFIED.,.F.,.F.,(4,1,4),(-0.0141800826313704,-0.00662324772633724,
0.),.UNSPECIFIED.);
#511=B_SPLINE_CURVE_WITH_KNOTS('',3,(#13435,#13436,#13437,#13438,#13439),
 .UNSPECIFIED.,.F.,.F.,(4,1,4),(-0.0164211672920846,-0.00854510150844008,
0.),.UNSPECIFIED.);
#512=B_SPLINE_CURVE_WITH_KNOTS('',3,(#13456,#13457,#13458,#13459,#13460),
 .UNSPECIFIED.,.F.,.F.,(4,1,4),(-0.00193145774863051,-0.00110726732472002,
0.),.UNSPECIFIED.);
#513=B_SPLINE_CURVE_WITH_KNOTS('',3,(#13473,#13474,#13475,#13476,#13477),
 .UNSPECIFIED.,.F.,.F.,(4,1,4),(-0.00145222834517114,-0.000707340138701036,
0.),.UNSPECIFIED.);
#514=B_SPLINE_CURVE_WITH_KNOTS('',3,(#13490,#13491,#13492,#13493,#13494),
 .UNSPECIFIED.,.F.,.F.,(4,1,4),(-0.00143033129435552,-0.000718685454624349,
0.),.UNSPECIFIED.);
#515=B_SPLINE_CURVE_WITH_KNOTS('',3,(#13507,#13508,#13509,#13510,#13511),
 .UNSPECIFIED.,.F.,.F.,(4,1,4),(-0.00193935639834248,-0.000831484398487394,
0.),.UNSPECIFIED.);
#516=B_SPLINE_CURVE_WITH_KNOTS('',3,(#13528,#13529,#13530,#13531,#13532),
 .UNSPECIFIED.,.F.,.F.,(4,1,4),(-0.00197288893500997,-0.00113912199648714,
0.),.UNSPECIFIED.);
#517=B_SPLINE_CURVE_WITH_KNOTS('',3,(#13545,#13546,#13547,#13548,#13549),
 .UNSPECIFIED.,.F.,.F.,(4,1,4),(-0.00145222834517114,-0.000707340138701036,
0.),.UNSPECIFIED.);
#518=B_SPLINE_CURVE_WITH_KNOTS('',3,(#13562,#13563,#13564,#13565,#13566),
 .UNSPECIFIED.,.F.,.F.,(4,1,4),(-0.00139152913703189,-0.000711420830779756,
0.),.UNSPECIFIED.);
#519=B_SPLINE_CURVE_WITH_KNOTS('',3,(#13579,#13580,#13581,#13582,#13583),
 .UNSPECIFIED.,.F.,.F.,(4,1,4),(-0.00177817540766014,-0.00077258446059273,
0.),.UNSPECIFIED.);
#520=B_SPLINE_CURVE_WITH_KNOTS('',3,(#13596,#13597,#13598,#13599,#13600),
 .UNSPECIFIED.,.F.,.F.,(4,1,4),(-0.00849993556698726,-0.00393018055991992,
0.),.UNSPECIFIED.);
#521=B_SPLINE_CURVE_WITH_KNOTS('',3,(#13613,#13614,#13615,#13616,#13617),
 .UNSPECIFIED.,.F.,.F.,(4,1,4),(-0.0113893517862708,-0.00527288689269264,
0.),.UNSPECIFIED.);
#522=B_SPLINE_CURVE_WITH_KNOTS('',3,(#13630,#13631,#13632,#13633,#13634),
 .UNSPECIFIED.,.F.,.F.,(4,1,4),(-0.0113693370235041,-0.00610033037063066,
0.),.UNSPECIFIED.);
#523=B_SPLINE_CURVE_WITH_KNOTS('',3,(#13647,#13648,#13649,#13650,#13651),
 .UNSPECIFIED.,.F.,.F.,(4,1,4),(-0.00912539033558874,-0.00471025258852255,
0.),.UNSPECIFIED.);
#524=B_SPLINE_CURVE_WITH_KNOTS('',3,(#13664,#13665,#13666,#13667,#13668),
 .UNSPECIFIED.,.F.,.F.,(4,1,4),(-0.00530092014135684,-0.00269169757894603,
0.),.UNSPECIFIED.);
#525=B_SPLINE_CURVE_WITH_KNOTS('',3,(#13681,#13682,#13683,#13684,#13685),
 .UNSPECIFIED.,.F.,.F.,(4,1,4),(-0.0057044805807738,-0.00270947564610542,
0.),.UNSPECIFIED.);
#526=B_SPLINE_CURVE_WITH_KNOTS('',3,(#13698,#13699,#13700,#13701,#13702),
 .UNSPECIFIED.,.F.,.F.,(4,1,4),(-0.00878976224569732,-0.00330224115100241,
0.),.UNSPECIFIED.);
#527=B_SPLINE_CURVE_WITH_KNOTS('',3,(#13715,#13716,#13717,#13718,#13719),
 .UNSPECIFIED.,.F.,.F.,(4,1,4),(-0.013745358039102,-0.00791096207048287,
0.),.UNSPECIFIED.);
#528=B_SPLINE_CURVE_WITH_KNOTS('',3,(#13732,#13733,#13734,#13735,#13736),
 .UNSPECIFIED.,.F.,.F.,(4,1,4),(-0.00988084445573093,-0.00475369576666904,
0.),.UNSPECIFIED.);
#529=B_SPLINE_CURVE_WITH_KNOTS('',3,(#13749,#13750,#13751,#13752,#13753),
 .UNSPECIFIED.,.F.,.F.,(4,1,4),(-0.0109584964943902,-0.00536545196344937,
0.),.UNSPECIFIED.);
#530=B_SPLINE_CURVE_WITH_KNOTS('',3,(#13766,#13767,#13768,#13769,#13770),
 .UNSPECIFIED.,.F.,.F.,(4,1,4),(-0.0128002911935953,-0.00605153913117326,
0.),.UNSPECIFIED.);
#531=B_SPLINE_CURVE_WITH_KNOTS('',3,(#13782,#13783,#13784,#13785,#13786),
 .UNSPECIFIED.,.F.,.F.,(4,1,4),(-0.0140308828856532,-0.00709764156954469,
0.),.UNSPECIFIED.);
#532=B_SPLINE_CURVE_WITH_KNOTS('',3,(#13808,#13809,#13810,#13811,#13812),
 .UNSPECIFIED.,.F.,.F.,(4,1,4),(0.,0.00444720318893147,0.00910318342292296),
 .UNSPECIFIED.);
#533=B_SPLINE_CURVE_WITH_KNOTS('',3,(#13814,#13815,#13816,#13817,#13818),
 .UNSPECIFIED.,.F.,.F.,(4,1,4),(-0.00910318342292296,-0.00444720318893147,
0.),.UNSPECIFIED.);
#534=B_SPLINE_CURVE_WITH_KNOTS('',3,(#13831,#13832,#13833,#13834,#13835),
 .UNSPECIFIED.,.F.,.F.,(4,1,4),(0.,0.00474301691221023,0.00930519928834145),
 .UNSPECIFIED.);
#535=B_SPLINE_CURVE_WITH_KNOTS('',3,(#13837,#13838,#13839,#13840,#13841),
 .UNSPECIFIED.,.F.,.F.,(4,1,4),(-0.00930519928834145,-0.00474301691221023,
0.),.UNSPECIFIED.);
#536=B_SPLINE_CURVE_WITH_KNOTS('',3,(#13854,#13855,#13856,#13857,#13858),
 .UNSPECIFIED.,.F.,.F.,(4,1,4),(0.,0.00435987107435798,0.00843407616767562),
 .UNSPECIFIED.);
#537=B_SPLINE_CURVE_WITH_KNOTS('',3,(#13860,#13861,#13862,#13863,#13864),
 .UNSPECIFIED.,.F.,.F.,(4,1,4),(-0.00843407616767562,-0.00435987107435798,
0.),.UNSPECIFIED.);
#538=B_SPLINE_CURVE_WITH_KNOTS('',3,(#13883,#13884,#13885,#13886,#13887),
 .UNSPECIFIED.,.F.,.F.,(4,1,4),(0.,0.0031630048100068,0.00606431153394253),
 .UNSPECIFIED.);
#539=B_SPLINE_CURVE_WITH_KNOTS('',3,(#13889,#13890,#13891,#13892,#13893),
 .UNSPECIFIED.,.F.,.F.,(4,1,4),(-0.00606431153394253,-0.0031630048100068,
0.),.UNSPECIFIED.);
#540=B_SPLINE_CURVE_WITH_KNOTS('',3,(#13906,#13907,#13908,#13909,#13910),
 .UNSPECIFIED.,.F.,.F.,(4,1,4),(0.,0.00414724102325613,0.00846058610738827),
 .UNSPECIFIED.);
#541=B_SPLINE_CURVE_WITH_KNOTS('',3,(#13912,#13913,#13914,#13915,#13916),
 .UNSPECIFIED.,.F.,.F.,(4,1,4),(-0.00846058610738827,-0.00414724102325613,
0.),.UNSPECIFIED.);
#542=B_SPLINE_CURVE_WITH_KNOTS('',3,(#13929,#13930,#13931,#13932,#13933),
 .UNSPECIFIED.,.F.,.F.,(4,1,4),(0.,0.00261863207118793,0.00571652440441832),
 .UNSPECIFIED.);
#543=B_SPLINE_CURVE_WITH_KNOTS('',3,(#13935,#13936,#13937,#13938,#13939),
 .UNSPECIFIED.,.F.,.F.,(4,1,4),(-0.00571652440441832,-0.00261863207118793,
0.),.UNSPECIFIED.);
#544=B_SPLINE_CURVE_WITH_KNOTS('',3,(#13952,#13953,#13954,#13955,#13956),
 .UNSPECIFIED.,.F.,.F.,(4,1,4),(0.,0.0033217915320963,0.00668847343195732),
 .UNSPECIFIED.);
#545=B_SPLINE_CURVE_WITH_KNOTS('',3,(#13958,#13959,#13960,#13961,#13962),
 .UNSPECIFIED.,.F.,.F.,(4,1,4),(-0.00668847343195732,-0.0033217915320963,
0.),.UNSPECIFIED.);
#546=B_SPLINE_CURVE_WITH_KNOTS('',3,(#13994,#13995,#13996,#13997,#13998),
 .UNSPECIFIED.,.F.,.F.,(4,1,4),(-0.00193145817442602,-0.00110726608457399,
0.),.UNSPECIFIED.);
#547=B_SPLINE_CURVE_WITH_KNOTS('',3,(#14011,#14012,#14013,#14014,#14015),
 .UNSPECIFIED.,.F.,.F.,(4,1,4),(-0.00145222947812347,-0.000707330291759899,
0.),.UNSPECIFIED.);
#548=B_SPLINE_CURVE_WITH_KNOTS('',3,(#14028,#14029,#14030,#14031,#14032),
 .UNSPECIFIED.,.F.,.F.,(4,1,4),(-0.00145223313808925,-0.000744902846329351,
0.),.UNSPECIFIED.);
#549=B_SPLINE_CURVE_WITH_KNOTS('',3,(#14045,#14046,#14047,#14048,#14049),
 .UNSPECIFIED.,.F.,.F.,(4,1,4),(-0.00193145817442602,-0.00082419208985203,
0.),.UNSPECIFIED.);
#550=B_SPLINE_CURVE_WITH_KNOTS('',3,(#14066,#14067,#14068,#14069,#14070),
 .UNSPECIFIED.,.F.,.F.,(4,1,4),(-0.00853962038985723,-0.0043576962834983,
0.),.UNSPECIFIED.);
#551=B_SPLINE_CURVE_WITH_KNOTS('',3,(#14083,#14084,#14085,#14086,#14087),
 .UNSPECIFIED.,.F.,.F.,(4,1,4),(-0.00716641716171358,-0.00385972781427019,
0.),.UNSPECIFIED.);
#552=B_SPLINE_CURVE_WITH_KNOTS('',3,(#14100,#14101,#14102,#14103,#14104),
 .UNSPECIFIED.,.F.,.F.,(4,1,4),(-0.0100374828756322,-0.00512558873177203,
0.),.UNSPECIFIED.);
#553=B_SPLINE_CURVE_WITH_KNOTS('',3,(#14117,#14118,#14119,#14120,#14121),
 .UNSPECIFIED.,.F.,.F.,(4,1,4),(-0.00790760519143318,-0.00370812593734048,
0.),.UNSPECIFIED.);
#554=B_SPLINE_CURVE_WITH_KNOTS('',3,(#14138,#14139,#14140,#14141,#14142),
 .UNSPECIFIED.,.F.,.F.,(4,1,4),(-0.0110262531662499,-0.00546140810610372,
0.),.UNSPECIFIED.);
#555=B_SPLINE_CURVE_WITH_KNOTS('',3,(#14155,#14156,#14157,#14158,#14159),
 .UNSPECIFIED.,.F.,.F.,(4,1,4),(-0.0122460529424269,-0.00582852483409826,
0.),.UNSPECIFIED.);
#556=B_SPLINE_CURVE_WITH_KNOTS('',3,(#14172,#14173,#14174,#14175,#14176),
 .UNSPECIFIED.,.F.,.F.,(4,1,4),(-0.0103002847181931,-0.00502855185793634,
0.),.UNSPECIFIED.);
#557=B_SPLINE_CURVE_WITH_KNOTS('',3,(#14193,#14194,#14195,#14196,#14197),
 .UNSPECIFIED.,.F.,.F.,(4,1,4),(-0.00193935309555239,-0.00110787199985509,
0.),.UNSPECIFIED.);
#558=B_SPLINE_CURVE_WITH_KNOTS('',3,(#14210,#14211,#14212,#14213,#14214),
 .UNSPECIFIED.,.F.,.F.,(4,1,4),(-0.00143033220536815,-0.000711654060875519,
0.),.UNSPECIFIED.);
#559=B_SPLINE_CURVE_WITH_KNOTS('',3,(#14227,#14228,#14229,#14230,#14231),
 .UNSPECIFIED.,.F.,.F.,(4,1,4),(-0.00145223313808925,-0.000744902846329351,
0.),.UNSPECIFIED.);
#560=B_SPLINE_CURVE_WITH_KNOTS('',3,(#14244,#14245,#14246,#14247,#14248),
 .UNSPECIFIED.,.F.,.F.,(4,1,4),(-0.0019314560950683,-0.000824190423851562,
0.),.UNSPECIFIED.);
#561=B_SPLINE_SURFACE_WITH_KNOTS('',3,1,((#8647,#8648),(#8649,#8650),(#8651,
#8652),(#8653,#8654),(#8655,#8656)),.UNSPECIFIED.,.F.,.F.,.F.,(4,1,4),(2,
2),(-0.00193145424392484,-0.00110726382007328,0.),(0.,0.005),
 .UNSPECIFIED.);
#562=B_SPLINE_SURFACE_WITH_KNOTS('',3,1,((#8670,#8671),(#8672,#8673),(#8674,
#8675),(#8676,#8677),(#8678,#8679)),.UNSPECIFIED.,.F.,.F.,.F.,(4,1,4),(2,
2),(-0.00145223183882952,-0.000707336312431089,0.),(0.,0.005),
 .UNSPECIFIED.);
#563=B_SPLINE_SURFACE_WITH_KNOTS('',3,1,((#8693,#8694),(#8695,#8696),(#8697,
#8698),(#8699,#8700),(#8701,#8702)),.UNSPECIFIED.,.F.,.F.,.F.,(4,1,4),(2,
2),(-0.00143033074416576,-0.000718678864423197,0.),(0.,0.005),
 .UNSPECIFIED.);
#564=B_SPLINE_SURFACE_WITH_KNOTS('',3,1,((#8716,#8717),(#8718,#8719),(#8720,
#8721),(#8722,#8723),(#8724,#8725)),.UNSPECIFIED.,.F.,.F.,.F.,(4,1,4),(2,
2),(-0.00193935382962189,-0.000831484542099727,0.),(0.,0.005),
 .UNSPECIFIED.);
#565=B_SPLINE_SURFACE_WITH_KNOTS('',3,1,((#8745,#8746),(#8747,#8748),(#8749,
#8750),(#8751,#8752),(#8753,#8754)),.UNSPECIFIED.,.F.,.F.,.F.,(4,1,4),(2,
2),(-0.00193935217048721,-0.00110787107478991,0.),(0.,0.005),
 .UNSPECIFIED.);
#566=B_SPLINE_SURFACE_WITH_KNOTS('',3,1,((#8768,#8769),(#8770,#8771),(#8772,
#8773),(#8774,#8775),(#8776,#8777)),.UNSPECIFIED.,.F.,.F.,.F.,(4,1,4),(2,
2),(-0.00143033074683053,-0.000711652152383478,0.),(0.,0.005),
 .UNSPECIFIED.);
#567=B_SPLINE_SURFACE_WITH_KNOTS('',3,1,((#8791,#8792),(#8793,#8794),(#8795,
#8796),(#8797,#8798),(#8799,#8800)),.UNSPECIFIED.,.F.,.F.,.F.,(4,1,4),(2,
2),(-0.00145223146456052,-0.000744903367266455,0.),(0.,0.005),
 .UNSPECIFIED.);
#568=B_SPLINE_SURFACE_WITH_KNOTS('',3,1,((#8814,#8815),(#8816,#8817),(#8818,
#8819),(#8820,#8821),(#8822,#8823)),.UNSPECIFIED.,.F.,.F.,.F.,(4,1,4),(2,
2),(-0.00193145516949656,-0.000824190423851562,0.),(0.,0.005),
 .UNSPECIFIED.);
#569=B_SPLINE_SURFACE_WITH_KNOTS('',3,1,((#8855,#8856),(#8857,#8858),(#8859,
#8860),(#8861,#8862),(#8863,#8864)),.UNSPECIFIED.,.F.,.F.,.F.,(4,1,4),(2,
2),(-0.00193145724885463,-0.0011072651590026,0.),(0.,0.005),
 .UNSPECIFIED.);
#570=B_SPLINE_SURFACE_WITH_KNOTS('',3,1,((#8878,#8879),(#8880,#8881),(#8882,
#8883),(#8884,#8885),(#8886,#8887)),.UNSPECIFIED.,.F.,.F.,.F.,(4,1,4),(2,
2),(-0.00145222799208085,-0.000707328371601595,0.),(0.,0.005),
 .UNSPECIFIED.);
#571=B_SPLINE_SURFACE_WITH_KNOTS('',3,1,((#8901,#8902),(#8903,#8904),(#8905,
#8906),(#8907,#8908),(#8909,#8910)),.UNSPECIFIED.,.F.,.F.,.F.,(4,1,4),(2,
2),(-0.00154913665738677,-0.000764844465774939,0.),(0.,0.005),
 .UNSPECIFIED.);
#572=B_SPLINE_SURFACE_WITH_KNOTS('',3,1,((#8924,#8925),(#8926,#8927),(#8928,
#8929),(#8930,#8931),(#8932,#8933)),.UNSPECIFIED.,.F.,.F.,.F.,(4,1,4),(2,
2),(-0.00182982931413134,-0.000745493087344041,0.),(0.,0.005),
 .UNSPECIFIED.);
#573=B_SPLINE_SURFACE_WITH_KNOTS('',3,1,((#8959,#8960),(#8961,#8962),(#8963,
#8964),(#8965,#8966),(#8967,#8968)),.UNSPECIFIED.,.F.,.F.,.F.,(4,1,4),(2,
2),(-0.00193935223335125,-0.00110787113765394,0.),(0.,0.005),
 .UNSPECIFIED.);
#574=B_SPLINE_SURFACE_WITH_KNOTS('',3,1,((#8982,#8983),(#8984,#8985),(#8986,
#8987),(#8988,#8989),(#8990,#8991)),.UNSPECIFIED.,.F.,.F.,.F.,(4,1,4),(2,
2),(-0.00143032947408237,-0.000711657919780687,0.),(0.,0.005),
 .UNSPECIFIED.);
#575=B_SPLINE_SURFACE_WITH_KNOTS('',3,1,((#9005,#9006),(#9007,#9008),(#9009,
#9010),(#9011,#9012),(#9013,#9014)),.UNSPECIFIED.,.F.,.F.,.F.,(4,1,4),(2,
2),(-0.00147049178178455,-0.000750145266928778,0.),(0.,0.005),
 .UNSPECIFIED.);
#576=B_SPLINE_SURFACE_WITH_KNOTS('',3,1,((#9028,#9029),(#9030,#9031),(#9032,
#9033),(#9034,#9035),(#9036,#9037)),.UNSPECIFIED.,.F.,.F.,.F.,(4,1,4),(2,
2),(-0.00193935567975367,-0.000831484542099727,0.),(0.,0.005),
 .UNSPECIFIED.);
#577=B_SPLINE_SURFACE_WITH_KNOTS('',3,1,((#9081,#9082),(#9083,#9084),(#9085,
#9086),(#9087,#9088),(#9089,#9090)),.UNSPECIFIED.,.F.,.F.,.F.,(4,1,4),(2,
2),(-0.00193935417209155,-0.0011078713531996,0.),(0.,0.005),
 .UNSPECIFIED.);
#578=B_SPLINE_SURFACE_WITH_KNOTS('',3,1,((#9104,#9105),(#9106,#9107),(#9108,
#9109),(#9110,#9111),(#9112,#9113)),.UNSPECIFIED.,.F.,.F.,.F.,(4,1,4),(2,
2),(-0.0014704901946658,-0.000720341956584417,0.),(0.,0.005),
 .UNSPECIFIED.);
#579=B_SPLINE_SURFACE_WITH_KNOTS('',3,1,((#9127,#9128),(#9129,#9130),(#9131,
#9132),(#9133,#9134),(#9135,#9136)),.UNSPECIFIED.,.F.,.F.,.F.,(4,1,4),(2,
2),(-0.00143033002423519,-0.000718678144492629,0.),(0.,0.005),
 .UNSPECIFIED.);
#580=B_SPLINE_SURFACE_WITH_KNOTS('',3,1,((#9150,#9151),(#9152,#9153),(#9154,
#9155),(#9156,#9157),(#9158,#9159)),.UNSPECIFIED.,.F.,.F.,.F.,(4,1,4),(2,
2),(-0.00193935438764029,-0.000831482818891955,0.),(0.,0.005),
 .UNSPECIFIED.);
#581=B_SPLINE_SURFACE_WITH_KNOTS('',3,1,((#9179,#9180),(#9181,#9182),(#9183,
#9184),(#9185,#9186),(#9187,#9188)),.UNSPECIFIED.,.F.,.F.,.F.,(4,1,4),(2,
2),(-0.00193935108486061,-0.00110787156874834,0.),(0.,0.005),
 .UNSPECIFIED.);
#582=B_SPLINE_SURFACE_WITH_KNOTS('',3,1,((#9202,#9203),(#9204,#9205),(#9206,
#9207),(#9208,#9209),(#9210,#9211)),.UNSPECIFIED.,.F.,.F.,.F.,(4,1,4),(2,
2),(-0.00143033292529872,-0.000711654060875519,0.),(0.,0.005),
 .UNSPECIFIED.);
#583=B_SPLINE_SURFACE_WITH_KNOTS('',3,1,((#9225,#9226),(#9227,#9228),(#9229,
#9230),(#9231,#9232),(#9233,#9234)),.UNSPECIFIED.,.F.,.F.,.F.,(4,1,4),(2,
2),(-0.00147049303921423,-0.000750148927809572,0.),(0.,0.005),
 .UNSPECIFIED.);
#584=B_SPLINE_SURFACE_WITH_KNOTS('',3,1,((#9248,#9249),(#9250,#9251),(#9252,
#9253),(#9254,#9255),(#9256,#9257)),.UNSPECIFIED.,.F.,.F.,.F.,(4,1,4),(2,
2),(-0.00193935022325823,-0.000831478654509889,0.),(0.,0.005),
 .UNSPECIFIED.);
#585=B_SPLINE_SURFACE_WITH_KNOTS('',3,1,((#9314,#9315),(#9316,#9317),(#9318,
#9319),(#9320,#9321),(#9322,#9323)),.UNSPECIFIED.,.F.,.F.,.F.,(4,1,4),(2,
2),(-0.00193145276306567,-0.00110726567121673,0.),(0.,0.005),
 .UNSPECIFIED.);
#586=B_SPLINE_SURFACE_WITH_KNOTS('',3,1,((#9337,#9338),(#9339,#9340),(#9341,
#9342),(#9343,#9344),(#9345,#9346)),.UNSPECIFIED.,.F.,.F.,.F.,(4,1,4),(2,
2),(-0.00145223403328949,-0.000707338506891054,0.),(0.,0.005),
 .UNSPECIFIED.);
#587=B_SPLINE_SURFACE_WITH_KNOTS('',3,1,((#9360,#9361),(#9362,#9363),(#9364,
#9365),(#9366,#9367),(#9368,#9369)),.UNSPECIFIED.,.F.,.F.,.F.,(4,1,4),(2,
2),(-0.00143033146411491,-0.000718679584372354,0.),(0.,0.005),
 .UNSPECIFIED.);
#588=B_SPLINE_SURFACE_WITH_KNOTS('',3,1,((#9383,#9384),(#9385,#9386),(#9387,
#9388),(#9389,#9390),(#9391,#9392)),.UNSPECIFIED.,.F.,.F.,.F.,(4,1,4),(2,
2),(-0.00193935237698084,-0.000831481239326896,0.),(0.,0.005),
 .UNSPECIFIED.);
#589=B_SPLINE_SURFACE_WITH_KNOTS('',3,1,((#9412,#9413),(#9414,#9415),(#9416,
#9417),(#9418,#9419),(#9420,#9421)),.UNSPECIFIED.,.F.,.F.,.F.,(4,1,4),(2,
2),(-0.00193935639834248,-0.00110787199985509,0.),(0.,0.005),
 .UNSPECIFIED.);
#590=B_SPLINE_SURFACE_WITH_KNOTS('',3,1,((#9435,#9436),(#9437,#9438),(#9439,
#9440),(#9441,#9442),(#9443,#9444)),.UNSPECIFIED.,.F.,.F.,.F.,(4,1,4),(2,
2),(-0.00143033002423519,-0.000711651879742559,0.),(0.,0.005),
 .UNSPECIFIED.);
#591=B_SPLINE_SURFACE_WITH_KNOTS('',3,1,((#9458,#9459),(#9460,#9461),(#9462,
#9463),(#9464,#9465),(#9466,#9467)),.UNSPECIFIED.,.F.,.F.,.F.,(4,1,4),(2,
2),(-0.00145223094362342,-0.000744902846329351,0.),(0.,0.005),
 .UNSPECIFIED.);
#592=B_SPLINE_SURFACE_WITH_KNOTS('',3,1,((#9481,#9482),(#9483,#9484),(#9485,
#9486),(#9487,#9488),(#9489,#9490)),.UNSPECIFIED.,.F.,.F.,.F.,(4,1,4),(2,
2),(-0.00193145942707428,-0.00082419375585755,0.),(0.,0.005),
 .UNSPECIFIED.);
#593=B_SPLINE_SURFACE_WITH_KNOTS('',3,1,((#9522,#9523),(#9524,#9525),(#9526,
#9527),(#9528,#9529),(#9530,#9531)),.UNSPECIFIED.,.F.,.F.,.F.,(4,1,4),(2,
2),(-0.00193145484243013,-0.00110726608457399,0.),(0.,0.005),
 .UNSPECIFIED.);
#594=B_SPLINE_SURFACE_WITH_KNOTS('',3,1,((#9545,#9546),(#9547,#9548),(#9549,
#9550),(#9551,#9552),(#9553,#9554)),.UNSPECIFIED.,.F.,.F.,.F.,(4,1,4),(2,
2),(-0.00145223167260211,-0.000707332486238543,0.),(0.,0.005),
 .UNSPECIFIED.);
#595=B_SPLINE_SURFACE_WITH_KNOTS('',3,1,((#9568,#9569),(#9570,#9571),(#9572,
#9573),(#9574,#9575),(#9576,#9577)),.UNSPECIFIED.,.F.,.F.,.F.,(4,1,4),(2,
2),(-0.00145223233281151,-0.000744904235517439,0.),(0.,0.005),
 .UNSPECIFIED.);
#596=B_SPLINE_SURFACE_WITH_KNOTS('',3,1,((#9591,#9592),(#9593,#9594),(#9595,
#9596),(#9597,#9598),(#9599,#9600)),.UNSPECIFIED.,.F.,.F.,.F.,(4,1,4),(2,
2),(-0.00193145484243013,-0.000824188757856144,0.),(0.,0.005),
 .UNSPECIFIED.);
#597=B_SPLINE_SURFACE_WITH_KNOTS('',3,1,((#9638,#9639),(#9640,#9641),(#9642,
#9643),(#9644,#9645),(#9646,#9647)),.UNSPECIFIED.,.F.,.F.,.F.,(4,1,4),(2,
2),(-0.00197289211761627,-0.00113913350895918,0.),(0.,0.005),
 .UNSPECIFIED.);
#598=B_SPLINE_SURFACE_WITH_KNOTS('',3,1,((#9661,#9662),(#9663,#9664),(#9665,
#9666),(#9667,#9668),(#9669,#9670)),.UNSPECIFIED.,.F.,.F.,.F.,(4,1,4),(2,
2),(-0.00145223233281151,-0.000707328097294067,0.),(0.,0.005),
 .UNSPECIFIED.);
#599=B_SPLINE_SURFACE_WITH_KNOTS('',3,1,((#9684,#9685),(#9686,#9687),(#9688,
#9689),(#9690,#9691),(#9692,#9693)),.UNSPECIFIED.,.F.,.F.,.F.,(4,1,4),(2,
2),(-0.00145222867285255,-0.000744900575558482,0.),(0.,0.005),
 .UNSPECIFIED.);
#600=B_SPLINE_SURFACE_WITH_KNOTS('',3,1,((#9707,#9708),(#9709,#9710),(#9711,
#9712),(#9713,#9714),(#9715,#9716)),.UNSPECIFIED.,.F.,.F.,.F.,(4,1,4),(2,
2),(-0.00197289211761627,-0.000833758608657091,0.),(0.,0.005),
 .UNSPECIFIED.);
#601=B_SPLINE_SURFACE_WITH_KNOTS('',3,1,((#9748,#9749),(#9750,#9751),(#9752,
#9753),(#9754,#9755),(#9756,#9757)),.UNSPECIFIED.,.F.,.F.,.F.,(4,1,4),(2,
2),(-0.0019728752547002,-0.00113911829292791,0.),(0.,0.005),
 .UNSPECIFIED.);
#602=B_SPLINE_SURFACE_WITH_KNOTS('',3,1,((#9771,#9772),(#9773,#9774),(#9775,
#9776),(#9777,#9778),(#9779,#9780)),.UNSPECIFIED.,.F.,.F.,.F.,(4,1,4),(2,
2),(-0.00145223103358411,-0.000707334117983935,0.),(0.,0.005),
 .UNSPECIFIED.);
#603=B_SPLINE_SURFACE_WITH_KNOTS('',3,1,((#9794,#9795),(#9796,#9797),(#9798,
#9799),(#9800,#9801),(#9802,#9803)),.UNSPECIFIED.,.F.,.F.,.F.,(4,1,4),(2,
2),(-0.00143033146411491,-0.000718679584372354,0.),(0.,0.005),
 .UNSPECIFIED.);
#604=B_SPLINE_SURFACE_WITH_KNOTS('',3,1,((#9817,#9818),(#9819,#9820),(#9821,
#9822),(#9823,#9824),(#9825,#9826)),.UNSPECIFIED.,.F.,.F.,.F.,(4,1,4),(2,
2),(-0.0019806749468232,-0.000840968108958922,0.),(0.,0.005),
 .UNSPECIFIED.);
#605=B_SPLINE_SURFACE_WITH_KNOTS('',3,1,((#9846,#9847),(#9848,#9849),(#9850,
#9851),(#9852,#9853),(#9854,#9855)),.UNSPECIFIED.,.F.,.F.,.F.,(4,1,4),(2,
2),(-0.00195890537564612,-0.00111319314740393,0.),(0.,0.005),
 .UNSPECIFIED.);
#606=B_SPLINE_SURFACE_WITH_KNOTS('',3,1,((#9869,#9870),(#9871,#9872),(#9873,
#9874),(#9875,#9876),(#9877,#9878)),.UNSPECIFIED.,.F.,.F.,.F.,(4,1,4),(2,
2),(-0.00144088619389704,-0.000721156597175939,0.),(0.,0.005),
 .UNSPECIFIED.);
#607=B_SPLINE_SURFACE_WITH_KNOTS('',3,1,((#9892,#9893),(#9894,#9895),(#9896,
#9897),(#9898,#9899),(#9900,#9901)),.UNSPECIFIED.,.F.,.F.,.F.,(4,1,4),(2,
2),(-0.00145223233281151,-0.000744904235517439,0.),(0.,0.005),
 .UNSPECIFIED.);
#608=B_SPLINE_SURFACE_WITH_KNOTS('',3,1,((#9915,#9916),(#9917,#9918),(#9919,
#9920),(#9921,#9922),(#9923,#9924)),.UNSPECIFIED.,.F.,.F.,.F.,(4,1,4),(2,
2),(-0.00197289006893796,-0.000833756961772295,0.),(0.,0.005),
 .UNSPECIFIED.);
#609=B_SPLINE_SURFACE_WITH_KNOTS('',3,1,((#9960,#9961),(#9962,#9963),(#9964,
#9965),(#9966,#9967),(#9968,#9969)),.UNSPECIFIED.,.F.,.F.,.F.,(4,1,4),(2,
2),(-0.00960364031974303,-0.0049222183410853,0.),(0.,0.005),
 .UNSPECIFIED.);
#610=B_SPLINE_SURFACE_WITH_KNOTS('',3,1,((#9986,#9987),(#9988,#9989),(#9990,
#9991),(#9992,#9993),(#9994,#9995)),.UNSPECIFIED.,.F.,.F.,.F.,(4,1,4),(2,
2),(-0.0077150158249163,-0.00422108428612907,0.),(0.,0.005),
 .UNSPECIFIED.);
#611=B_SPLINE_SURFACE_WITH_KNOTS('',3,1,((#10009,#10010),(#10011,#10012),
(#10013,#10014),(#10015,#10016),(#10017,#10018)),.UNSPECIFIED.,.F.,.F.,
 .F.,(4,1,4),(2,2),(-0.00379881254904871,-0.00185433144996076,0.),(0.,0.005),
 .UNSPECIFIED.);
#612=B_SPLINE_SURFACE_WITH_KNOTS('',3,1,((#10032,#10033),(#10034,#10035),
(#10036,#10037),(#10038,#10039),(#10040,#10041)),.UNSPECIFIED.,.F.,.F.,
 .F.,(4,1,4),(2,2),(-0.00572708222043654,-0.00281832082574888,0.),(0.,0.005),
 .UNSPECIFIED.);
#613=B_SPLINE_SURFACE_WITH_KNOTS('',3,1,((#10055,#10056),(#10057,#10058),
(#10059,#10060),(#10061,#10062),(#10063,#10064)),.UNSPECIFIED.,.F.,.F.,
 .F.,(4,1,4),(2,2),(-0.0117437415842923,-0.00558980659755546,0.),(0.,0.005),
 .UNSPECIFIED.);
#614=B_SPLINE_SURFACE_WITH_KNOTS('',3,1,((#10078,#10079),(#10080,#10081),
(#10082,#10083),(#10084,#10085),(#10086,#10087)),.UNSPECIFIED.,.F.,.F.,
 .F.,(4,1,4),(2,2),(-0.0148824091400129,-0.00714276418412027,0.),(0.,0.005),
 .UNSPECIFIED.);
#615=B_SPLINE_SURFACE_WITH_KNOTS('',3,1,((#10107,#10108),(#10109,#10110),
(#10111,#10112),(#10113,#10114),(#10115,#10116)),.UNSPECIFIED.,.F.,.F.,
 .F.,(4,1,4),(2,2),(-0.00962456288340755,-0.0049275441157348,0.),(0.,0.005),
 .UNSPECIFIED.);
#616=B_SPLINE_SURFACE_WITH_KNOTS('',3,1,((#10130,#10131),(#10132,#10133),
(#10134,#10135),(#10136,#10137),(#10138,#10139)),.UNSPECIFIED.,.F.,.F.,
 .F.,(4,1,4),(2,2),(-0.00775421247130918,-0.00423987119948766,0.),(0.,0.005),
 .UNSPECIFIED.);
#617=B_SPLINE_SURFACE_WITH_KNOTS('',3,1,((#10153,#10154),(#10155,#10156),
(#10157,#10158),(#10159,#10160),(#10161,#10162)),.UNSPECIFIED.,.F.,.F.,
 .F.,(4,1,4),(2,2),(-0.00373859968325715,-0.00180909641757363,0.),(0.,0.005),
 .UNSPECIFIED.);
#618=B_SPLINE_SURFACE_WITH_KNOTS('',3,1,((#10176,#10177),(#10178,#10179),
(#10180,#10181),(#10182,#10183),(#10184,#10185)),.UNSPECIFIED.,.F.,.F.,
 .F.,(4,1,4),(2,2),(-0.00578294833683223,-0.00284100511906718,0.),(0.,0.005),
 .UNSPECIFIED.);
#619=B_SPLINE_SURFACE_WITH_KNOTS('',3,1,((#10199,#10200),(#10201,#10202),
(#10203,#10204),(#10205,#10206),(#10207,#10208)),.UNSPECIFIED.,.F.,.F.,
 .F.,(4,1,4),(2,2),(-0.0117193971402905,-0.00556049419326383,0.),(0.,0.005),
 .UNSPECIFIED.);
#620=B_SPLINE_SURFACE_WITH_KNOTS('',3,1,((#10222,#10223),(#10224,#10225),
(#10226,#10227),(#10228,#10229),(#10230,#10231)),.UNSPECIFIED.,.F.,.F.,
 .F.,(4,1,4),(2,2),(-0.0149026788500326,-0.00715772447887919,0.),(0.,0.005),
 .UNSPECIFIED.);
#621=B_SPLINE_SURFACE_WITH_KNOTS('',3,1,((#10257,#10258),(#10259,#10260),
(#10261,#10262),(#10263,#10264),(#10265,#10266)),.UNSPECIFIED.,.F.,.F.,
 .F.,(4,1,4),(2,2),(-0.019434304401358,-0.0104650805361758,0.),(0.,0.005),
 .UNSPECIFIED.);
#622=B_SPLINE_SURFACE_WITH_KNOTS('',3,1,((#10280,#10281),(#10282,#10283),
(#10284,#10285),(#10286,#10287),(#10288,#10289)),.UNSPECIFIED.,.F.,.F.,
 .F.,(4,1,4),(2,2),(-0.0124546740638389,-0.00629556671645646,0.),(0.,0.005),
 .UNSPECIFIED.);
#623=B_SPLINE_SURFACE_WITH_KNOTS('',3,1,((#10303,#10304),(#10305,#10306),
(#10307,#10308),(#10309,#10310),(#10311,#10312)),.UNSPECIFIED.,.F.,.F.,
 .F.,(4,1,4),(2,2),(-0.00612840764484491,-0.00308773292908949,0.),(0.,0.005),
 .UNSPECIFIED.);
#624=B_SPLINE_SURFACE_WITH_KNOTS('',3,1,((#10326,#10327),(#10328,#10329),
(#10330,#10331),(#10332,#10333),(#10334,#10335)),.UNSPECIFIED.,.F.,.F.,
 .F.,(4,1,4),(2,2),(-0.00596318917757636,-0.00299963704915993,0.),(0.,0.005),
 .UNSPECIFIED.);
#625=B_SPLINE_SURFACE_WITH_KNOTS('',3,1,((#10349,#10350),(#10351,#10352),
(#10353,#10354),(#10355,#10356),(#10357,#10358)),.UNSPECIFIED.,.F.,.F.,
 .F.,(4,1,4),(2,2),(-0.00529163012529107,-0.00224983846961482,0.),(0.,0.005),
 .UNSPECIFIED.);
#626=B_SPLINE_SURFACE_WITH_KNOTS('',3,1,((#10372,#10373),(#10374,#10375),
(#10376,#10377),(#10378,#10379),(#10380,#10381)),.UNSPECIFIED.,.F.,.F.,
 .F.,(4,1,4),(2,2),(-0.00611220930464694,-0.00324832697189831,0.),(0.,0.005),
 .UNSPECIFIED.);
#627=B_SPLINE_SURFACE_WITH_KNOTS('',3,1,((#10395,#10396),(#10397,#10398),
(#10399,#10400),(#10401,#10402),(#10403,#10404)),.UNSPECIFIED.,.F.,.F.,
 .F.,(4,1,4),(2,2),(-0.00866390497262694,-0.00405265251200399,0.),(0.,0.005),
 .UNSPECIFIED.);
#628=B_SPLINE_SURFACE_WITH_KNOTS('',3,1,((#10424,#10425),(#10426,#10427),
(#10428,#10429),(#10430,#10431),(#10432,#10433)),.UNSPECIFIED.,.F.,.F.,
 .F.,(4,1,4),(2,2),(-0.0194755712860424,-0.0104968527649295,0.),(0.,0.005),
 .UNSPECIFIED.);
#629=B_SPLINE_SURFACE_WITH_KNOTS('',3,1,((#10447,#10448),(#10449,#10450),
(#10451,#10452),(#10453,#10454),(#10455,#10456)),.UNSPECIFIED.,.F.,.F.,
 .F.,(4,1,4),(2,2),(-0.0124546764155943,-0.00629556906821187,0.),(0.,0.005),
 .UNSPECIFIED.);
#630=B_SPLINE_SURFACE_WITH_KNOTS('',3,1,((#10470,#10471),(#10472,#10473),
(#10474,#10475),(#10476,#10477),(#10478,#10479)),.UNSPECIFIED.,.F.,.F.,
 .F.,(4,1,4),(2,2),(-0.00614990044511157,-0.00311426826515185,0.),(0.,0.005),
 .UNSPECIFIED.);
#631=B_SPLINE_SURFACE_WITH_KNOTS('',3,1,((#10493,#10494),(#10495,#10496),
(#10497,#10498),(#10499,#10500),(#10501,#10502)),.UNSPECIFIED.,.F.,.F.,
 .F.,(4,1,4),(2,2),(-0.00594541196170966,-0.00298577376102473,0.),(0.,0.005),
 .UNSPECIFIED.);
#632=B_SPLINE_SURFACE_WITH_KNOTS('',3,1,((#10516,#10517),(#10518,#10519),
(#10520,#10521),(#10522,#10523),(#10524,#10525)),.UNSPECIFIED.,.F.,.F.,
 .F.,(4,1,4),(2,2),(-0.00534021107592566,-0.00229144715408909,0.),(0.,0.005),
 .UNSPECIFIED.);
#633=B_SPLINE_SURFACE_WITH_KNOTS('',3,1,((#10539,#10540),(#10541,#10542),
(#10543,#10544),(#10545,#10546),(#10547,#10548)),.UNSPECIFIED.,.F.,.F.,
 .F.,(4,1,4),(2,2),(-0.00607782576967891,-0.00323639704493279,0.),(0.,0.005),
 .UNSPECIFIED.);
#634=B_SPLINE_SURFACE_WITH_KNOTS('',3,1,((#10562,#10563),(#10564,#10565),
(#10566,#10567),(#10568,#10569),(#10570,#10571)),.UNSPECIFIED.,.F.,.F.,
 .F.,(4,1,4),(2,2),(-0.00870016903452157,-0.00405746701834199,0.),(0.,0.005),
 .UNSPECIFIED.);
#635=B_SPLINE_SURFACE_WITH_KNOTS('',3,1,((#11278,#11279),(#11280,#11281),
(#11282,#11283),(#11284,#11285),(#11286,#11287)),.UNSPECIFIED.,.F.,.F.,
 .F.,(4,1,4),(2,2),(-0.00960364031974303,-0.0049222183410853,0.),(0.,0.005),
 .UNSPECIFIED.);
#636=B_SPLINE_SURFACE_WITH_KNOTS('',3,1,((#11304,#11305),(#11306,#11307),
(#11308,#11309),(#11310,#11311),(#11312,#11313)),.UNSPECIFIED.,.F.,.F.,
 .F.,(4,1,4),(2,2),(-0.00771501961105852,-0.00422107353718279,0.),(0.,0.005),
 .UNSPECIFIED.);
#637=B_SPLINE_SURFACE_WITH_KNOTS('',3,1,((#11327,#11328),(#11329,#11330),
(#11331,#11332),(#11333,#11334),(#11335,#11336)),.UNSPECIFIED.,.F.,.F.,
 .F.,(4,1,4),(2,2),(-0.0037988085521879,-0.00185435119631876,0.),(0.,0.005),
 .UNSPECIFIED.);
#638=B_SPLINE_SURFACE_WITH_KNOTS('',3,1,((#11350,#11351),(#11352,#11353),
(#11354,#11355),(#11356,#11357),(#11358,#11359)),.UNSPECIFIED.,.F.,.F.,
 .F.,(4,1,4),(2,2),(-0.00572708000515615,-0.00281834816550811,0.),(0.,0.005),
 .UNSPECIFIED.);
#639=B_SPLINE_SURFACE_WITH_KNOTS('',3,1,((#11373,#11374),(#11375,#11376),
(#11377,#11378),(#11379,#11380),(#11381,#11382)),.UNSPECIFIED.,.F.,.F.,
 .F.,(4,1,4),(2,2),(-0.0117437415842923,-0.00558980659755546,0.),(0.,0.005),
 .UNSPECIFIED.);
#640=B_SPLINE_SURFACE_WITH_KNOTS('',3,1,((#11396,#11397),(#11398,#11399),
(#11400,#11401),(#11402,#11403),(#11404,#11405)),.UNSPECIFIED.,.F.,.F.,
 .F.,(4,1,4),(2,2),(-0.0148824091400129,-0.00714276418412027,0.),(0.,0.005),
 .UNSPECIFIED.);
#641=B_SPLINE_SURFACE_WITH_KNOTS('',3,1,((#11425,#11426),(#11427,#11428),
(#11429,#11430),(#11431,#11432),(#11433,#11434)),.UNSPECIFIED.,.F.,.F.,
 .F.,(4,1,4),(2,2),(-0.00962456288340755,-0.0049275441157348,0.),(0.,0.005),
 .UNSPECIFIED.);
#642=B_SPLINE_SURFACE_WITH_KNOTS('',3,1,((#11448,#11449),(#11450,#11451),
(#11452,#11453),(#11454,#11455),(#11456,#11457)),.UNSPECIFIED.,.F.,.F.,
 .F.,(4,1,4),(2,2),(-0.00775420852492093,-0.00423988197577263,0.),(0.,0.005),
 .UNSPECIFIED.);
#643=B_SPLINE_SURFACE_WITH_KNOTS('',3,1,((#11471,#11472),(#11473,#11474),
(#11475,#11476),(#11477,#11478),(#11479,#11480)),.UNSPECIFIED.,.F.,.F.,
 .F.,(4,1,4),(2,2),(-0.00373859968325715,-0.00180909641757363,0.),(0.,0.005),
 .UNSPECIFIED.);
#644=B_SPLINE_SURFACE_WITH_KNOTS('',3,1,((#11494,#11495),(#11496,#11497),
(#11498,#11499),(#11500,#11501),(#11502,#11503)),.UNSPECIFIED.,.F.,.F.,
 .F.,(4,1,4),(2,2),(-0.00578294833683223,-0.00284100511906718,0.),(0.,0.005),
 .UNSPECIFIED.);
#645=B_SPLINE_SURFACE_WITH_KNOTS('',3,1,((#11517,#11518),(#11519,#11520),
(#11521,#11522),(#11523,#11524),(#11525,#11526)),.UNSPECIFIED.,.F.,.F.,
 .F.,(4,1,4),(2,2),(-0.0117193881547455,-0.00556046556260387,0.),(0.,0.005),
 .UNSPECIFIED.);
#646=B_SPLINE_SURFACE_WITH_KNOTS('',3,1,((#11540,#11541),(#11542,#11543),
(#11544,#11545),(#11546,#11547),(#11548,#11549)),.UNSPECIFIED.,.F.,.F.,
 .F.,(4,1,4),(2,2),(-0.0149026788500326,-0.00715772447887919,0.),(0.,0.005),
 .UNSPECIFIED.);
#647=B_SPLINE_SURFACE_WITH_KNOTS('',3,1,((#11572,#11573),(#11574,#11575),
(#11576,#11577),(#11578,#11579),(#11580,#11581)),.UNSPECIFIED.,.F.,.F.,
 .F.,(4,1,4),(2,2),(-0.0194343181395472,-0.0104650805361758,0.),(0.,0.005),
 .UNSPECIFIED.);
#648=B_SPLINE_SURFACE_WITH_KNOTS('',3,1,((#11589,#11590),(#11591,#11592),
(#11593,#11594),(#11595,#11596),(#11597,#11598)),.UNSPECIFIED.,.F.,.F.,
 .F.,(4,1,4),(2,2),(-0.0124546740638389,-0.00629556671645646,0.),(0.,0.005),
 .UNSPECIFIED.);
#649=B_SPLINE_SURFACE_WITH_KNOTS('',3,1,((#11606,#11607),(#11608,#11609),
(#11610,#11611),(#11612,#11613),(#11614,#11615)),.UNSPECIFIED.,.F.,.F.,
 .F.,(4,1,4),(2,2),(-0.00612840764484491,-0.00308773292908949,0.),(0.,0.005),
 .UNSPECIFIED.);
#650=B_SPLINE_SURFACE_WITH_KNOTS('',3,1,((#11623,#11624),(#11625,#11626),
(#11627,#11628),(#11629,#11630),(#11631,#11632)),.UNSPECIFIED.,.F.,.F.,
 .F.,(4,1,4),(2,2),(-0.00596318530069457,-0.00299961130844908,0.),(0.,0.005),
 .UNSPECIFIED.);
#651=B_SPLINE_SURFACE_WITH_KNOTS('',3,1,((#11640,#11641),(#11642,#11643),
(#11644,#11645),(#11646,#11647),(#11648,#11649)),.UNSPECIFIED.,.F.,.F.,
 .F.,(4,1,4),(2,2),(-0.00529163012529107,-0.00224983846961482,0.),(0.,0.005),
 .UNSPECIFIED.);
#652=B_SPLINE_SURFACE_WITH_KNOTS('',3,1,((#11657,#11658),(#11659,#11660),
(#11661,#11662),(#11663,#11664),(#11665,#11666)),.UNSPECIFIED.,.F.,.F.,
 .F.,(4,1,4),(2,2),(-0.00611220652789716,-0.00324831535658644,0.),(0.,0.005),
 .UNSPECIFIED.);
#653=B_SPLINE_SURFACE_WITH_KNOTS('',3,1,((#11674,#11675),(#11676,#11677),
(#11678,#11679),(#11680,#11681),(#11682,#11683)),.UNSPECIFIED.,.F.,.F.,
 .F.,(4,1,4),(2,2),(-0.00866390113977123,-0.00405264709097371,0.),(0.,0.005),
 .UNSPECIFIED.);
#654=B_SPLINE_SURFACE_WITH_KNOTS('',3,1,((#11695,#11696),(#11697,#11698),
(#11699,#11700),(#11701,#11702),(#11703,#11704)),.UNSPECIFIED.,.F.,.F.,
 .F.,(4,1,4),(2,2),(-0.0194755712860424,-0.0104968527649295,0.),(0.,0.005),
 .UNSPECIFIED.);
#655=B_SPLINE_SURFACE_WITH_KNOTS('',3,1,((#11712,#11713),(#11714,#11715),
(#11716,#11717),(#11718,#11719),(#11720,#11721)),.UNSPECIFIED.,.F.,.F.,
 .F.,(4,1,4),(2,2),(-0.0124546764155943,-0.00629556906821187,0.),(0.,0.005),
 .UNSPECIFIED.);
#656=B_SPLINE_SURFACE_WITH_KNOTS('',3,1,((#11729,#11730),(#11731,#11732),
(#11733,#11734),(#11735,#11736),(#11737,#11738)),.UNSPECIFIED.,.F.,.F.,
 .F.,(4,1,4),(2,2),(-0.00614990044511157,-0.00311426826515185,0.),(0.,0.005),
 .UNSPECIFIED.);
#657=B_SPLINE_SURFACE_WITH_KNOTS('',3,1,((#11746,#11747),(#11748,#11749),
(#11750,#11751),(#11752,#11753),(#11754,#11755)),.UNSPECIFIED.,.F.,.F.,
 .F.,(4,1,4),(2,2),(-0.00594541582279067,-0.00298579946099216,0.),(0.,0.005),
 .UNSPECIFIED.);
#658=B_SPLINE_SURFACE_WITH_KNOTS('',3,1,((#11763,#11764),(#11765,#11766),
(#11767,#11768),(#11769,#11770),(#11771,#11772)),.UNSPECIFIED.,.F.,.F.,
 .F.,(4,1,4),(2,2),(-0.00534021107592566,-0.00229144715408909,0.),(0.,0.005),
 .UNSPECIFIED.);
#659=B_SPLINE_SURFACE_WITH_KNOTS('',3,1,((#11780,#11781),(#11782,#11783),
(#11784,#11785),(#11786,#11787),(#11788,#11789)),.UNSPECIFIED.,.F.,.F.,
 .F.,(4,1,4),(2,2),(-0.00607782818982073,-0.00323640865389532,0.),(0.,0.005),
 .UNSPECIFIED.);
#660=B_SPLINE_SURFACE_WITH_KNOTS('',3,1,((#11797,#11798),(#11799,#11800),
(#11801,#11802),(#11803,#11804),(#11805,#11806)),.UNSPECIFIED.,.F.,.F.,
 .F.,(4,1,4),(2,2),(-0.00870017421379524,-0.00405747219761566,0.),(0.,0.005),
 .UNSPECIFIED.);
#661=B_SPLINE_SURFACE_WITH_KNOTS('',3,1,((#11814,#11815),(#11816,#11817),
(#11818,#11819),(#11820,#11821),(#11822,#11823)),.UNSPECIFIED.,.F.,.F.,
 .F.,(4,1,4),(2,2),(-0.0131952270831192,-0.00772054091830273,0.),(0.,0.005),
 .UNSPECIFIED.);
#662=B_SPLINE_SURFACE_WITH_KNOTS('',3,1,((#11840,#11841),(#11842,#11843),
(#11844,#11845),(#11846,#11847),(#11848,#11849)),.UNSPECIFIED.,.F.,.F.,
 .F.,(4,1,4),(2,2),(-0.00861075365315057,-0.00433398047362569,0.),(0.,0.005),
 .UNSPECIFIED.);
#663=B_SPLINE_SURFACE_WITH_KNOTS('',3,1,((#11863,#11864),(#11865,#11866),
(#11867,#11868),(#11869,#11870),(#11871,#11872)),.UNSPECIFIED.,.F.,.F.,
 .F.,(4,1,4),(2,2),(-0.00912383346460613,-0.00440119120672118,0.),(0.,0.005),
 .UNSPECIFIED.);
#664=B_SPLINE_SURFACE_WITH_KNOTS('',3,1,((#11886,#11887),(#11888,#11889),
(#11890,#11891),(#11892,#11893),(#11894,#11895)),.UNSPECIFIED.,.F.,.F.,
 .F.,(4,1,4),(2,2),(-0.0106497548112275,-0.00510108317657046,0.),(0.,0.005),
 .UNSPECIFIED.);
#665=B_SPLINE_SURFACE_WITH_KNOTS('',3,1,((#11909,#11910),(#11911,#11912),
(#11913,#11914),(#11915,#11916),(#11917,#11918)),.UNSPECIFIED.,.F.,.F.,
 .F.,(4,1,4),(2,2),(-0.010467386164491,-0.00541679435793313,0.),(0.,0.005),
 .UNSPECIFIED.);
#666=B_SPLINE_SURFACE_WITH_KNOTS('',3,1,((#11932,#11933),(#11934,#11935),
(#11936,#11937),(#11938,#11939),(#11940,#11941)),.UNSPECIFIED.,.F.,.F.,
 .F.,(4,1,4),(2,2),(-0.00891435970913755,-0.00467063604826081,0.),(0.,0.005),
 .UNSPECIFIED.);
#667=B_SPLINE_SURFACE_WITH_KNOTS('',3,1,((#11955,#11956),(#11957,#11958),
(#11959,#11960),(#11961,#11962),(#11963,#11964)),.UNSPECIFIED.,.F.,.F.,
 .F.,(4,1,4),(2,2),(-0.00520607324923529,-0.00252855141414482,0.),(0.,0.005),
 .UNSPECIFIED.);
#668=B_SPLINE_SURFACE_WITH_KNOTS('',3,1,((#11978,#11979),(#11980,#11981),
(#11982,#11983),(#11984,#11985),(#11986,#11987)),.UNSPECIFIED.,.F.,.F.,
 .F.,(4,1,4),(2,2),(-0.00622064997252418,-0.00293662156299555,0.),(0.,0.005),
 .UNSPECIFIED.);
#669=B_SPLINE_SURFACE_WITH_KNOTS('',3,1,((#12001,#12002),(#12003,#12004),
(#12005,#12006),(#12007,#12008),(#12009,#12010)),.UNSPECIFIED.,.F.,.F.,
 .F.,(4,1,4),(2,2),(-0.00792009310331598,-0.00313211961133972,0.),(0.,0.005),
 .UNSPECIFIED.);
#670=B_SPLINE_SURFACE_WITH_KNOTS('',3,1,((#12021,#12022),(#12023,#12024),
(#12025,#12026),(#12027,#12028),(#12029,#12030)),.UNSPECIFIED.,.F.,.F.,
 .F.,(4,1,4),(2,2),(-0.00998504961585635,-0.00527034917821241,0.),(0.,0.005),
 .UNSPECIFIED.);
#671=B_SPLINE_SURFACE_WITH_KNOTS('',3,1,((#12040,#12041),(#12042,#12043),
(#12044,#12045),(#12046,#12047),(#12048,#12049)),.UNSPECIFIED.,.F.,.F.,
 .F.,(4,1,4),(2,2),(-0.00831301511854386,-0.00429592103263309,0.),(0.,0.005),
 .UNSPECIFIED.);
#672=B_SPLINE_SURFACE_WITH_KNOTS('',3,1,((#12057,#12058),(#12059,#12060),
(#12061,#12062),(#12063,#12064),(#12065,#12066)),.UNSPECIFIED.,.F.,.F.,
 .F.,(4,1,4),(2,2),(-0.00758535280896269,-0.00369800502927639,0.),(0.,0.005),
 .UNSPECIFIED.);
#673=B_SPLINE_SURFACE_WITH_KNOTS('',3,1,((#12074,#12075),(#12076,#12077),
(#12078,#12079),(#12080,#12081),(#12082,#12083)),.UNSPECIFIED.,.F.,.F.,
 .F.,(4,1,4),(2,2),(-0.00844104792138608,-0.00408672011267483,0.),(0.,0.005),
 .UNSPECIFIED.);
#674=B_SPLINE_SURFACE_WITH_KNOTS('',3,1,((#12091,#12092),(#12093,#12094),
(#12095,#12096),(#12097,#12098),(#12099,#12100)),.UNSPECIFIED.,.F.,.F.,
 .F.,(4,1,4),(2,2),(-0.00895479992188811,-0.00449678738253311,0.),(0.,0.005),
 .UNSPECIFIED.);
#675=B_SPLINE_SURFACE_WITH_KNOTS('',3,1,((#12108,#12109),(#12110,#12111),
(#12112,#12113),(#12114,#12115),(#12116,#12117)),.UNSPECIFIED.,.F.,.F.,
 .F.,(4,1,4),(2,2),(-0.0128393057674783,-0.00636964560179563,0.),(0.,0.005),
 .UNSPECIFIED.);
#676=B_SPLINE_SURFACE_WITH_KNOTS('',3,1,((#12125,#12126),(#12127,#12128),
(#12129,#12130),(#12131,#12132),(#12133,#12134)),.UNSPECIFIED.,.F.,.F.,
 .F.,(4,1,4),(2,2),(-0.0125558464461951,-0.00626054622209815,0.),(0.,0.005),
 .UNSPECIFIED.);
#677=B_SPLINE_SURFACE_WITH_KNOTS('',3,1,((#12142,#12143),(#12144,#12145),
(#12146,#12147),(#12148,#12149),(#12150,#12151)),.UNSPECIFIED.,.F.,.F.,
 .F.,(4,1,4),(2,2),(-0.00952344462101621,-0.00471952040057141,0.),(0.,0.005),
 .UNSPECIFIED.);
#678=B_SPLINE_SURFACE_WITH_KNOTS('',3,1,((#12159,#12160),(#12161,#12162),
(#12163,#12164),(#12165,#12166),(#12167,#12168)),.UNSPECIFIED.,.F.,.F.,
 .F.,(4,1,4),(2,2),(-0.0108975094000315,-0.00515329787124648,0.),(0.,0.005),
 .UNSPECIFIED.);
#679=B_SPLINE_SURFACE_WITH_KNOTS('',3,1,((#12176,#12177),(#12178,#12179),
(#12180,#12181),(#12182,#12183),(#12184,#12185)),.UNSPECIFIED.,.F.,.F.,
 .F.,(4,1,4),(2,2),(-0.017490830177247,-0.00827495688056418,0.),(0.,0.005),
 .UNSPECIFIED.);
#680=B_SPLINE_SURFACE_WITH_KNOTS('',3,1,((#12193,#12194),(#12195,#12196),
(#12197,#12198),(#12199,#12200),(#12201,#12202)),.UNSPECIFIED.,.F.,.F.,
 .F.,(4,1,4),(2,2),(-0.0129625451952195,-0.00699237774138592,0.),(0.,0.005),
 .UNSPECIFIED.);
#681=B_SPLINE_SURFACE_WITH_KNOTS('',3,1,((#12210,#12211),(#12212,#12213),
(#12214,#12215),(#12216,#12217),(#12218,#12219)),.UNSPECIFIED.,.F.,.F.,
 .F.,(4,1,4),(2,2),(-0.00818791549692044,-0.00391645651980515,0.),(0.,0.005),
 .UNSPECIFIED.);
#682=B_SPLINE_SURFACE_WITH_KNOTS('',3,1,((#12227,#12228),(#12229,#12230),
(#12231,#12232),(#12233,#12234),(#12235,#12236)),.UNSPECIFIED.,.F.,.F.,
 .F.,(4,1,4),(2,2),(-0.00881576994200694,-0.00442621743359481,0.),(0.,0.005),
 .UNSPECIFIED.);
#683=B_SPLINE_SURFACE_WITH_KNOTS('',3,1,((#12244,#12245),(#12246,#12247),
(#12248,#12249),(#12250,#12251),(#12252,#12253)),.UNSPECIFIED.,.F.,.F.,
 .F.,(4,1,4),(2,2),(-0.0115956224508052,-0.00585093730409427,0.),(0.,0.005),
 .UNSPECIFIED.);
#684=B_SPLINE_SURFACE_WITH_KNOTS('',3,1,((#12261,#12262),(#12263,#12264),
(#12265,#12266),(#12267,#12268),(#12269,#12270)),.UNSPECIFIED.,.F.,.F.,
 .F.,(4,1,4),(2,2),(-0.00650624106545795,-0.00351241075554809,0.),(0.,0.005),
 .UNSPECIFIED.);
#685=B_SPLINE_SURFACE_WITH_KNOTS('',3,1,((#12278,#12279),(#12280,#12281),
(#12282,#12283),(#12284,#12285),(#12286,#12287)),.UNSPECIFIED.,.F.,.F.,
 .F.,(4,1,4),(2,2),(-0.00211445433313285,-0.0011341093915956,0.),(0.,0.005),
 .UNSPECIFIED.);
#686=B_SPLINE_SURFACE_WITH_KNOTS('',3,1,((#12295,#12296),(#12297,#12298),
(#12299,#12300),(#12301,#12302),(#12303,#12304)),.UNSPECIFIED.,.F.,.F.,
 .F.,(4,1,4),(2,2),(-0.0013512362305098,-0.000679933068103423,0.),(0.,0.005),
 .UNSPECIFIED.);
#687=B_SPLINE_SURFACE_WITH_KNOTS('',3,1,((#12312,#12313),(#12314,#12315),
(#12316,#12317),(#12318,#12319),(#12320,#12321)),.UNSPECIFIED.,.F.,.F.,
 .F.,(4,1,4),(2,2),(-0.00135984619328647,-0.000675668947113741,0.),(0.,
0.005),.UNSPECIFIED.);
#688=B_SPLINE_SURFACE_WITH_KNOTS('',3,1,((#12329,#12330),(#12331,#12332),
(#12333,#12334),(#12335,#12336),(#12337,#12338)),.UNSPECIFIED.,.F.,.F.,
 .F.,(4,1,4),(2,2),(-0.0015756425768967,-0.000641182052543088,0.),(0.,0.005),
 .UNSPECIFIED.);
#689=B_SPLINE_SURFACE_WITH_KNOTS('',3,1,((#12346,#12347),(#12348,#12349),
(#12350,#12351),(#12352,#12353),(#12354,#12355)),.UNSPECIFIED.,.F.,.F.,
 .F.,(4,1,4),(2,2),(-0.00395668207838494,-0.00189536894529291,0.),(0.,0.005),
 .UNSPECIFIED.);
#690=B_SPLINE_SURFACE_WITH_KNOTS('',3,1,((#12363,#12364),(#12365,#12366),
(#12367,#12368),(#12369,#12370),(#12371,#12372)),.UNSPECIFIED.,.F.,.F.,
 .F.,(4,1,4),(2,2),(-0.0173224360323312,-0.00861899357069965,0.),(0.,0.005),
 .UNSPECIFIED.);
#691=B_SPLINE_SURFACE_WITH_KNOTS('',3,1,((#12380,#12381),(#12382,#12383),
(#12384,#12385),(#12386,#12387),(#12388,#12389)),.UNSPECIFIED.,.F.,.F.,
 .F.,(4,1,4),(2,2),(-0.018057576343534,-0.00886723770871151,0.),(0.,0.005),
 .UNSPECIFIED.);
#692=B_SPLINE_SURFACE_WITH_KNOTS('',3,1,((#12397,#12398),(#12399,#12400),
(#12401,#12402),(#12403,#12404),(#12405,#12406)),.UNSPECIFIED.,.F.,.F.,
 .F.,(4,1,4),(2,2),(-0.00504600266834391,-0.0021585433816394,0.),(0.,0.005),
 .UNSPECIFIED.);
#693=B_SPLINE_SURFACE_WITH_KNOTS('',3,1,((#12414,#12415),(#12416,#12417),
(#12418,#12419),(#12420,#12421),(#12422,#12423)),.UNSPECIFIED.,.F.,.F.,
 .F.,(4,1,4),(2,2),(-0.00883481255215761,-0.00437489776004472,0.),(0.,0.005),
 .UNSPECIFIED.);
#694=B_SPLINE_SURFACE_WITH_KNOTS('',3,1,((#12440,#12441),(#12442,#12443),
(#12444,#12445),(#12446,#12447),(#12448,#12449)),.UNSPECIFIED.,.F.,.F.,
 .F.,(4,1,4),(2,2),(-0.00924888986978334,-0.00456509207126226,0.),(0.,0.005),
 .UNSPECIFIED.);
#695=B_SPLINE_SURFACE_WITH_KNOTS('',3,1,((#12463,#12464),(#12465,#12466),
(#12467,#12468),(#12469,#12470),(#12471,#12472)),.UNSPECIFIED.,.F.,.F.,
 .F.,(4,1,4),(2,2),(-0.00921811024967243,-0.0046532223740091,0.),(0.,0.005),
 .UNSPECIFIED.);
#696=B_SPLINE_SURFACE_WITH_KNOTS('',3,1,((#12486,#12487),(#12488,#12489),
(#12490,#12491),(#12492,#12493),(#12494,#12495)),.UNSPECIFIED.,.F.,.F.,
 .F.,(4,1,4),(2,2),(-0.00877285361351425,-0.00445554986959353,0.),(0.,0.005),
 .UNSPECIFIED.);
#697=B_SPLINE_SURFACE_WITH_KNOTS('',3,1,((#12509,#12510),(#12511,#12512),
(#12513,#12514),(#12515,#12516),(#12517,#12518)),.UNSPECIFIED.,.F.,.F.,
 .F.,(4,1,4),(2,2),(-0.00826818030257248,-0.00401709835625115,0.),(0.,0.005),
 .UNSPECIFIED.);
#698=B_SPLINE_SURFACE_WITH_KNOTS('',3,1,((#12532,#12533),(#12534,#12535),
(#12536,#12537),(#12538,#12539),(#12540,#12541)),.UNSPECIFIED.,.F.,.F.,
 .F.,(4,1,4),(2,2),(-0.00917593216623453,-0.00447843381956592,0.),(0.,0.005),
 .UNSPECIFIED.);
#699=B_SPLINE_SURFACE_WITH_KNOTS('',3,1,((#12555,#12556),(#12557,#12558),
(#12559,#12560),(#12561,#12562),(#12563,#12564)),.UNSPECIFIED.,.F.,.F.,
 .F.,(4,1,4),(2,2),(-0.00921662730302825,-0.00472911808504744,0.),(0.,0.005),
 .UNSPECIFIED.);
#700=B_SPLINE_SURFACE_WITH_KNOTS('',3,1,((#12578,#12579),(#12580,#12581),
(#12582,#12583),(#12584,#12585),(#12586,#12587)),.UNSPECIFIED.,.F.,.F.,
 .F.,(4,1,4),(2,2),(-0.00822830571151998,-0.00424252571995277,0.),(0.,0.005),
 .UNSPECIFIED.);
#701=B_SPLINE_SURFACE_WITH_KNOTS('',3,1,((#12598,#12599),(#12600,#12601),
(#12602,#12603),(#12604,#12605),(#12606,#12607)),.UNSPECIFIED.,.F.,.F.,
 .F.,(4,1,4),(2,2),(-0.00923383216049234,-0.00452796330634543,0.),(0.,0.005),
 .UNSPECIFIED.);
#702=B_SPLINE_SURFACE_WITH_KNOTS('',3,1,((#12624,#12625),(#12626,#12627),
(#12628,#12629),(#12630,#12631),(#12632,#12633)),.UNSPECIFIED.,.F.,.F.,
 .F.,(4,1,4),(2,2),(-0.00998743060486393,-0.00489021681885327,0.),(0.,0.005),
 .UNSPECIFIED.);
#703=B_SPLINE_SURFACE_WITH_KNOTS('',3,1,((#12647,#12648),(#12649,#12650),
(#12651,#12652),(#12653,#12654),(#12655,#12656)),.UNSPECIFIED.,.F.,.F.,
 .F.,(4,1,4),(2,2),(-0.00998744528428554,-0.00509722846543227,0.),(0.,0.005),
 .UNSPECIFIED.);
#704=B_SPLINE_SURFACE_WITH_KNOTS('',3,1,((#12670,#12671),(#12672,#12673),
(#12674,#12675),(#12676,#12677),(#12678,#12679)),.UNSPECIFIED.,.F.,.F.,
 .F.,(4,1,4),(2,2),(-0.00919378724129044,-0.00469720480174657,0.),(0.,0.005),
 .UNSPECIFIED.);
#705=B_SPLINE_SURFACE_WITH_KNOTS('',3,1,((#12693,#12694),(#12695,#12696),
(#12697,#12698),(#12699,#12700),(#12701,#12702)),.UNSPECIFIED.,.F.,.F.,
 .F.,(4,1,4),(2,2),(-0.00943753717090056,-0.00464416288101527,0.),(0.,0.005),
 .UNSPECIFIED.);
#706=B_SPLINE_SURFACE_WITH_KNOTS('',3,1,((#12716,#12717),(#12718,#12719),
(#12720,#12721),(#12722,#12723),(#12724,#12725)),.UNSPECIFIED.,.F.,.F.,
 .F.,(4,1,4),(2,2),(-0.0100040899798799,-0.00492944433345314,0.),(0.,0.005),
 .UNSPECIFIED.);
#707=B_SPLINE_SURFACE_WITH_KNOTS('',3,1,((#12739,#12740),(#12741,#12742),
(#12743,#12744),(#12745,#12746),(#12747,#12748)),.UNSPECIFIED.,.F.,.F.,
 .F.,(4,1,4),(2,2),(-0.010004075313587,-0.00507463098013389,0.),(0.,0.005),
 .UNSPECIFIED.);
#708=B_SPLINE_SURFACE_WITH_KNOTS('',3,1,((#12762,#12763),(#12764,#12765),
(#12766,#12767),(#12768,#12769),(#12770,#12771)),.UNSPECIFIED.,.F.,.F.,
 .F.,(4,1,4),(2,2),(-0.00939743152481244,-0.00478468589912968,0.),(0.,0.005),
 .UNSPECIFIED.);
#709=B_SPLINE_SURFACE_WITH_KNOTS('',3,1,((#12782,#12783),(#12784,#12785),
(#12786,#12787),(#12788,#12789),(#12790,#12791)),.UNSPECIFIED.,.F.,.F.,
 .F.,(4,1,4),(2,2),(-0.00897008607490157,-0.00467802694525043,0.),(0.,0.005),
 .UNSPECIFIED.);
#710=B_SPLINE_SURFACE_WITH_KNOTS('',3,1,((#12801,#12802),(#12803,#12804),
(#12805,#12806),(#12807,#12808),(#12809,#12810)),.UNSPECIFIED.,.F.,.F.,
 .F.,(4,1,4),(2,2),(-0.00808974778824259,-0.00407978500691231,0.),(0.,0.005),
 .UNSPECIFIED.);
#711=B_SPLINE_SURFACE_WITH_KNOTS('',3,1,((#12818,#12819),(#12820,#12821),
(#12822,#12823),(#12824,#12825),(#12826,#12827)),.UNSPECIFIED.,.F.,.F.,
 .F.,(4,1,4),(2,2),(-0.0122843104191057,-0.00605949204200955,0.),(0.,0.005),
 .UNSPECIFIED.);
#712=B_SPLINE_SURFACE_WITH_KNOTS('',3,1,((#12835,#12836),(#12837,#12838),
(#12839,#12840),(#12841,#12842),(#12843,#12844)),.UNSPECIFIED.,.F.,.F.,
 .F.,(4,1,4),(2,2),(-0.0127782211694504,-0.00634712350608103,0.),(0.,0.005),
 .UNSPECIFIED.);
#713=B_SPLINE_SURFACE_WITH_KNOTS('',3,1,((#12852,#12853),(#12854,#12855),
(#12856,#12857),(#12858,#12859),(#12860,#12861)),.UNSPECIFIED.,.F.,.F.,
 .F.,(4,1,4),(2,2),(-0.0127782363620629,-0.00643109631423399,0.),(0.,0.005),
 .UNSPECIFIED.);
#714=B_SPLINE_SURFACE_WITH_KNOTS('',3,1,((#12869,#12870),(#12871,#12872),
(#12873,#12874),(#12875,#12876),(#12877,#12878)),.UNSPECIFIED.,.F.,.F.,
 .F.,(4,1,4),(2,2),(-0.0122843018258655,-0.00622480978385598,0.),(0.,0.005),
 .UNSPECIFIED.);
#715=B_SPLINE_SURFACE_WITH_KNOTS('',3,1,((#12886,#12887),(#12888,#12889),
(#12890,#12891),(#12892,#12893),(#12894,#12895)),.UNSPECIFIED.,.F.,.F.,
 .F.,(4,1,4),(2,2),(-0.00804832277591952,-0.0039782424321327,0.),(0.,0.005),
 .UNSPECIFIED.);
#716=B_SPLINE_SURFACE_WITH_KNOTS('',3,1,((#12903,#12904),(#12905,#12906),
(#12907,#12908),(#12909,#12910),(#12911,#12912)),.UNSPECIFIED.,.F.,.F.,
 .F.,(4,1,4),(2,2),(-0.00902946589332444,-0.00430713146340132,0.),(0.,0.005),
 .UNSPECIFIED.);
#717=B_SPLINE_SURFACE_WITH_KNOTS('',3,1,((#12920,#12921),(#12922,#12923),
(#12924,#12925),(#12926,#12927),(#12928,#12929)),.UNSPECIFIED.,.F.,.F.,
 .F.,(4,1,4),(2,2),(-0.00744649761505935,-0.0041070794690374,0.),(0.,0.005),
 .UNSPECIFIED.);
#718=B_SPLINE_SURFACE_WITH_KNOTS('',3,1,((#12937,#12938),(#12939,#12940),
(#12941,#12942),(#12943,#12944),(#12945,#12946)),.UNSPECIFIED.,.F.,.F.,
 .F.,(4,1,4),(2,2),(-0.00814408444898319,-0.0040900345474602,0.),(0.,0.005),
 .UNSPECIFIED.);
#719=B_SPLINE_SURFACE_WITH_KNOTS('',3,1,((#12954,#12955),(#12956,#12957),
(#12958,#12959),(#12960,#12961),(#12962,#12963)),.UNSPECIFIED.,.F.,.F.,
 .F.,(4,1,4),(2,2),(-0.0115278843380916,-0.00564470956998328,0.),(0.,0.005),
 .UNSPECIFIED.);
#720=B_SPLINE_SURFACE_WITH_KNOTS('',3,1,((#12971,#12972),(#12973,#12974),
(#12975,#12976),(#12977,#12978),(#12979,#12980)),.UNSPECIFIED.,.F.,.F.,
 .F.,(4,1,4),(2,2),(-0.0120612127897929,-0.00601374059842569,0.),(0.,0.005),
 .UNSPECIFIED.);
#721=B_SPLINE_SURFACE_WITH_KNOTS('',3,1,((#12988,#12989),(#12990,#12991),
(#12992,#12993),(#12994,#12995),(#12996,#12997)),.UNSPECIFIED.,.F.,.F.,
 .F.,(4,1,4),(2,2),(-0.0120830084009448,-0.00607374150633946,0.),(0.,0.005),
 .UNSPECIFIED.);
#722=B_SPLINE_SURFACE_WITH_KNOTS('',3,1,((#13005,#13006),(#13007,#13008),
(#13009,#13010),(#13011,#13012),(#13013,#13014)),.UNSPECIFIED.,.F.,.F.,
 .F.,(4,1,4),(2,2),(-0.0115175320604652,-0.00587389356312473,0.),(0.,0.005),
 .UNSPECIFIED.);
#723=B_SPLINE_SURFACE_WITH_KNOTS('',3,1,((#13022,#13023),(#13024,#13025),
(#13026,#13027),(#13028,#13029),(#13030,#13031)),.UNSPECIFIED.,.F.,.F.,
 .F.,(4,1,4),(2,2),(-0.00810501328350396,-0.00404348936144691,0.),(0.,0.005),
 .UNSPECIFIED.);
#724=B_SPLINE_SURFACE_WITH_KNOTS('',3,1,((#13039,#13040),(#13041,#13042),
(#13043,#13044),(#13045,#13046),(#13047,#13048)),.UNSPECIFIED.,.F.,.F.,
 .F.,(4,1,4),(2,2),(-0.00744461243539769,-0.00334034102582346,0.),(0.,0.005),
 .UNSPECIFIED.);
#725=B_SPLINE_SURFACE_WITH_KNOTS('',3,1,((#13063,#13064),(#13065,#13066),
(#13067,#13068),(#13069,#13070),(#13071,#13072)),.UNSPECIFIED.,.F.,.F.,
 .F.,(4,1,4),(2,2),(-0.0019314594270827,-0.00110726567121673,0.),(0.,0.005),
 .UNSPECIFIED.);
#726=B_SPLINE_SURFACE_WITH_KNOTS('',3,1,((#13080,#13081),(#13082,#13083),
(#13084,#13085),(#13086,#13087),(#13088,#13089)),.UNSPECIFIED.,.F.,.F.,
 .F.,(4,1,4),(2,2),(-0.00145223163820847,-0.000707328097294067,0.),(0.,
0.005),.UNSPECIFIED.);
#727=B_SPLINE_SURFACE_WITH_KNOTS('',3,1,((#13097,#13098),(#13099,#13100),
(#13101,#13102),(#13103,#13104),(#13105,#13106)),.UNSPECIFIED.,.F.,.F.,
 .F.,(4,1,4),(2,2),(-0.00145223163820847,-0.000744903540914404,0.),(0.,
0.005),.UNSPECIFIED.);
#728=B_SPLINE_SURFACE_WITH_KNOTS('',3,1,((#13114,#13115),(#13116,#13117),
(#13118,#13119),(#13120,#13121),(#13122,#13123)),.UNSPECIFIED.,.F.,.F.,
 .F.,(4,1,4),(2,2),(-0.00193145441661105,-0.000824187091891036,0.),(0.,
0.005),.UNSPECIFIED.);
#729=B_SPLINE_SURFACE_WITH_KNOTS('',3,1,((#13135,#13136),(#13137,#13138),
(#13139,#13140),(#13141,#13142),(#13143,#13144)),.UNSPECIFIED.,.F.,.F.,
 .F.,(4,1,4),(2,2),(-0.00193145609509355,-0.00110726567121673,0.),(0.,0.005),
 .UNSPECIFIED.);
#730=B_SPLINE_SURFACE_WITH_KNOTS('',3,1,((#13152,#13153),(#13154,#13155),
(#13156,#13157),(#13158,#13159),(#13160,#13161)),.UNSPECIFIED.,.F.,.F.,
 .F.,(4,1,4),(2,2),(-0.00145223163820847,-0.000707328097294067,0.),(0.,
0.005),.UNSPECIFIED.);
#731=B_SPLINE_SURFACE_WITH_KNOTS('',3,1,((#13169,#13170),(#13171,#13172),
(#13173,#13174),(#13175,#13176),(#13177,#13178)),.UNSPECIFIED.,.F.,.F.,
 .F.,(4,1,4),(2,2),(-0.00139152913703189,-0.000711420830779756,0.),(0.,
0.005),.UNSPECIFIED.);
#732=B_SPLINE_SURFACE_WITH_KNOTS('',3,1,((#13186,#13187),(#13188,#13189),
(#13190,#13191),(#13192,#13193),(#13194,#13195)),.UNSPECIFIED.,.F.,.F.,
 .F.,(4,1,4),(2,2),(-0.00177817540766014,-0.00077258446059273,0.),(0.,0.005),
 .UNSPECIFIED.);
#733=B_SPLINE_SURFACE_WITH_KNOTS('',3,1,((#13203,#13204),(#13205,#13206),
(#13207,#13208),(#13209,#13210),(#13211,#13212)),.UNSPECIFIED.,.F.,.F.,
 .F.,(4,1,4),(2,2),(-0.00760745321287043,-0.00356064759750595,0.),(0.,0.005),
 .UNSPECIFIED.);
#734=B_SPLINE_SURFACE_WITH_KNOTS('',3,1,((#13220,#13221),(#13222,#13223),
(#13224,#13225),(#13226,#13227),(#13228,#13229)),.UNSPECIFIED.,.F.,.F.,
 .F.,(4,1,4),(2,2),(-0.00971124157014634,-0.00455976535741573,0.),(0.,0.005),
 .UNSPECIFIED.);
#735=B_SPLINE_SURFACE_WITH_KNOTS('',3,1,((#13237,#13238),(#13239,#13240),
(#13241,#13242),(#13243,#13244),(#13245,#13246)),.UNSPECIFIED.,.F.,.F.,
 .F.,(4,1,4),(2,2),(-0.010094208007934,-0.00538565253625439,0.),(0.,0.005),
 .UNSPECIFIED.);
#736=B_SPLINE_SURFACE_WITH_KNOTS('',3,1,((#13254,#13255),(#13256,#13257),
(#13258,#13259),(#13260,#13261),(#13262,#13263)),.UNSPECIFIED.,.F.,.F.,
 .F.,(4,1,4),(2,2),(-0.00821135137050701,-0.00424063705493476,0.),(0.,0.005),
 .UNSPECIFIED.);
#737=B_SPLINE_SURFACE_WITH_KNOTS('',3,1,((#13271,#13272),(#13273,#13274),
(#13275,#13276),(#13277,#13278),(#13279,#13280)),.UNSPECIFIED.,.F.,.F.,
 .F.,(4,1,4),(2,2),(-0.00404521808105568,-0.00205534136385986,0.),(0.,0.005),
 .UNSPECIFIED.);
#738=B_SPLINE_SURFACE_WITH_KNOTS('',3,1,((#13288,#13289),(#13290,#13291),
(#13292,#13293),(#13294,#13295),(#13296,#13297)),.UNSPECIFIED.,.F.,.F.,
 .F.,(4,1,4),(2,2),(-0.00388375726540088,-0.00195548235629302,0.),(0.,0.005),
 .UNSPECIFIED.);
#739=B_SPLINE_SURFACE_WITH_KNOTS('',3,1,((#13305,#13306),(#13307,#13308),
(#13309,#13310),(#13311,#13312),(#13313,#13314)),.UNSPECIFIED.,.F.,.F.,
 .F.,(4,1,4),(2,2),(-0.00408145985268639,-0.00199039440132717,0.),(0.,0.005),
 .UNSPECIFIED.);
#740=B_SPLINE_SURFACE_WITH_KNOTS('',3,1,((#13322,#13323),(#13324,#13325),
(#13326,#13327),(#13328,#13329),(#13330,#13331)),.UNSPECIFIED.,.F.,.F.,
 .F.,(4,1,4),(2,2),(-0.00656255708299627,-0.00271435570781894,0.),(0.,0.005),
 .UNSPECIFIED.);
#741=B_SPLINE_SURFACE_WITH_KNOTS('',3,1,((#13339,#13340),(#13341,#13342),
(#13343,#13344),(#13345,#13346),(#13347,#13348)),.UNSPECIFIED.,.F.,.F.,
 .F.,(4,1,4),(2,2),(-0.0103908631012699,-0.00629211080367543,0.),(0.,0.005),
 .UNSPECIFIED.);
#742=B_SPLINE_SURFACE_WITH_KNOTS('',3,1,((#13356,#13357),(#13358,#13359),
(#13360,#13361),(#13362,#13363),(#13364,#13365)),.UNSPECIFIED.,.F.,.F.,
 .F.,(4,1,4),(2,2),(-0.00735069990865471,-0.00382123784985695,0.),(0.,0.005),
 .UNSPECIFIED.);
#743=B_SPLINE_SURFACE_WITH_KNOTS('',3,1,((#13373,#13374),(#13375,#13376),
(#13377,#13378),(#13379,#13380),(#13381,#13382)),.UNSPECIFIED.,.F.,.F.,
 .F.,(4,1,4),(2,2),(-0.00729793078903504,-0.00351791771681949,0.),(0.,0.005),
 .UNSPECIFIED.);
#744=B_SPLINE_SURFACE_WITH_KNOTS('',3,1,((#13390,#13391),(#13392,#13393),
(#13394,#13395),(#13396,#13397),(#13398,#13399)),.UNSPECIFIED.,.F.,.F.,
 .F.,(4,1,4),(2,2),(-0.0118760239357632,-0.00583070391542432,0.),(0.,0.005),
 .UNSPECIFIED.);
#745=B_SPLINE_SURFACE_WITH_KNOTS('',3,1,((#13407,#13408),(#13409,#13410),
(#13411,#13412),(#13413,#13414),(#13415,#13416)),.UNSPECIFIED.,.F.,.F.,
 .F.,(4,1,4),(2,2),(-0.0141800826313704,-0.00662324772633724,0.),(0.,0.005),
 .UNSPECIFIED.);
#746=B_SPLINE_SURFACE_WITH_KNOTS('',3,1,((#13424,#13425),(#13426,#13427),
(#13428,#13429),(#13430,#13431),(#13432,#13433)),.UNSPECIFIED.,.F.,.F.,
 .F.,(4,1,4),(2,2),(-0.0164211672920846,-0.00854510150844008,0.),(0.,0.005),
 .UNSPECIFIED.);
#747=B_SPLINE_SURFACE_WITH_KNOTS('',3,1,((#13445,#13446),(#13447,#13448),
(#13449,#13450),(#13451,#13452),(#13453,#13454)),.UNSPECIFIED.,.F.,.F.,
 .F.,(4,1,4),(2,2),(-0.00193145774863051,-0.00110726732472002,0.),(0.,0.005),
 .UNSPECIFIED.);
#748=B_SPLINE_SURFACE_WITH_KNOTS('',3,1,((#13462,#13463),(#13464,#13465),
(#13466,#13467),(#13468,#13469),(#13470,#13471)),.UNSPECIFIED.,.F.,.F.,
 .F.,(4,1,4),(2,2),(-0.00145222834517114,-0.000707340138701036,0.),(0.,
0.005),.UNSPECIFIED.);
#749=B_SPLINE_SURFACE_WITH_KNOTS('',3,1,((#13479,#13480),(#13481,#13482),
(#13483,#13484),(#13485,#13486),(#13487,#13488)),.UNSPECIFIED.,.F.,.F.,
 .F.,(4,1,4),(2,2),(-0.00143033129435552,-0.000718685454624349,0.),(0.,
0.005),.UNSPECIFIED.);
#750=B_SPLINE_SURFACE_WITH_KNOTS('',3,1,((#13496,#13497),(#13498,#13499),
(#13500,#13501),(#13502,#13503),(#13504,#13505)),.UNSPECIFIED.,.F.,.F.,
 .F.,(4,1,4),(2,2),(-0.00193935639834248,-0.000831484398487394,0.),(0.,
0.005),.UNSPECIFIED.);
#751=B_SPLINE_SURFACE_WITH_KNOTS('',3,1,((#13517,#13518),(#13519,#13520),
(#13521,#13522),(#13523,#13524),(#13525,#13526)),.UNSPECIFIED.,.F.,.F.,
 .F.,(4,1,4),(2,2),(-0.00197288893500997,-0.00113912199648714,0.),(0.,0.005),
 .UNSPECIFIED.);
#752=B_SPLINE_SURFACE_WITH_KNOTS('',3,1,((#13534,#13535),(#13536,#13537),
(#13538,#13539),(#13540,#13541),(#13542,#13543)),.UNSPECIFIED.,.F.,.F.,
 .F.,(4,1,4),(2,2),(-0.00145222834517114,-0.000707340138701036,0.),(0.,
0.005),.UNSPECIFIED.);
#753=B_SPLINE_SURFACE_WITH_KNOTS('',3,1,((#13551,#13552),(#13553,#13554),
(#13555,#13556),(#13557,#13558),(#13559,#13560)),.UNSPECIFIED.,.F.,.F.,
 .F.,(4,1,4),(2,2),(-0.00139152913703189,-0.000711420830779756,0.),(0.,
0.005),.UNSPECIFIED.);
#754=B_SPLINE_SURFACE_WITH_KNOTS('',3,1,((#13568,#13569),(#13570,#13571),
(#13572,#13573),(#13574,#13575),(#13576,#13577)),.UNSPECIFIED.,.F.,.F.,
 .F.,(4,1,4),(2,2),(-0.00177817540766014,-0.00077258446059273,0.),(0.,0.005),
 .UNSPECIFIED.);
#755=B_SPLINE_SURFACE_WITH_KNOTS('',3,1,((#13585,#13586),(#13587,#13588),
(#13589,#13590),(#13591,#13592),(#13593,#13594)),.UNSPECIFIED.,.F.,.F.,
 .F.,(4,1,4),(2,2),(-0.00849993556698726,-0.00393018055991992,0.),(0.,0.005),
 .UNSPECIFIED.);
#756=B_SPLINE_SURFACE_WITH_KNOTS('',3,1,((#13602,#13603),(#13604,#13605),
(#13606,#13607),(#13608,#13609),(#13610,#13611)),.UNSPECIFIED.,.F.,.F.,
 .F.,(4,1,4),(2,2),(-0.0113893517862708,-0.00527288689269264,0.),(0.,0.005),
 .UNSPECIFIED.);
#757=B_SPLINE_SURFACE_WITH_KNOTS('',3,1,((#13619,#13620),(#13621,#13622),
(#13623,#13624),(#13625,#13626),(#13627,#13628)),.UNSPECIFIED.,.F.,.F.,
 .F.,(4,1,4),(2,2),(-0.0113693370235041,-0.00610033037063066,0.),(0.,0.005),
 .UNSPECIFIED.);
#758=B_SPLINE_SURFACE_WITH_KNOTS('',3,1,((#13636,#13637),(#13638,#13639),
(#13640,#13641),(#13642,#13643),(#13644,#13645)),.UNSPECIFIED.,.F.,.F.,
 .F.,(4,1,4),(2,2),(-0.00912539033558874,-0.00471025258852255,0.),(0.,0.005),
 .UNSPECIFIED.);
#759=B_SPLINE_SURFACE_WITH_KNOTS('',3,1,((#13653,#13654),(#13655,#13656),
(#13657,#13658),(#13659,#13660),(#13661,#13662)),.UNSPECIFIED.,.F.,.F.,
 .F.,(4,1,4),(2,2),(-0.00530092014135684,-0.00269169757894603,0.),(0.,0.005),
 .UNSPECIFIED.);
#760=B_SPLINE_SURFACE_WITH_KNOTS('',3,1,((#13670,#13671),(#13672,#13673),
(#13674,#13675),(#13676,#13677),(#13678,#13679)),.UNSPECIFIED.,.F.,.F.,
 .F.,(4,1,4),(2,2),(-0.0057044805807738,-0.00270947564610542,0.),(0.,0.005),
 .UNSPECIFIED.);
#761=B_SPLINE_SURFACE_WITH_KNOTS('',3,1,((#13687,#13688),(#13689,#13690),
(#13691,#13692),(#13693,#13694),(#13695,#13696)),.UNSPECIFIED.,.F.,.F.,
 .F.,(4,1,4),(2,2),(-0.00878976224569732,-0.00330224115100241,0.),(0.,0.005),
 .UNSPECIFIED.);
#762=B_SPLINE_SURFACE_WITH_KNOTS('',3,1,((#13704,#13705),(#13706,#13707),
(#13708,#13709),(#13710,#13711),(#13712,#13713)),.UNSPECIFIED.,.F.,.F.,
 .F.,(4,1,4),(2,2),(-0.013745358039102,-0.00791096207048287,0.),(0.,0.005),
 .UNSPECIFIED.);
#763=B_SPLINE_SURFACE_WITH_KNOTS('',3,1,((#13721,#13722),(#13723,#13724),
(#13725,#13726),(#13727,#13728),(#13729,#13730)),.UNSPECIFIED.,.F.,.F.,
 .F.,(4,1,4),(2,2),(-0.00988084445573093,-0.00475369576666904,0.),(0.,0.005),
 .UNSPECIFIED.);
#764=B_SPLINE_SURFACE_WITH_KNOTS('',3,1,((#13738,#13739),(#13740,#13741),
(#13742,#13743),(#13744,#13745),(#13746,#13747)),.UNSPECIFIED.,.F.,.F.,
 .F.,(4,1,4),(2,2),(-0.0109584964943902,-0.00536545196344937,0.),(0.,0.005),
 .UNSPECIFIED.);
#765=B_SPLINE_SURFACE_WITH_KNOTS('',3,1,((#13755,#13756),(#13757,#13758),
(#13759,#13760),(#13761,#13762),(#13763,#13764)),.UNSPECIFIED.,.F.,.F.,
 .F.,(4,1,4),(2,2),(-0.0128002911935953,-0.00605153913117326,0.),(0.,0.005),
 .UNSPECIFIED.);
#766=B_SPLINE_SURFACE_WITH_KNOTS('',3,1,((#13772,#13773),(#13774,#13775),
(#13776,#13777),(#13778,#13779),(#13780,#13781)),.UNSPECIFIED.,.F.,.F.,
 .F.,(4,1,4),(2,2),(-0.0140308828856532,-0.00709764156954469,0.),(0.,0.005),
 .UNSPECIFIED.);
#767=B_SPLINE_SURFACE_WITH_KNOTS('',3,1,((#13797,#13798),(#13799,#13800),
(#13801,#13802),(#13803,#13804),(#13805,#13806)),.UNSPECIFIED.,.F.,.F.,
 .F.,(4,1,4),(2,2),(-0.00910318342292296,-0.00444720318893147,0.),(0.,0.005),
 .UNSPECIFIED.);
#768=B_SPLINE_SURFACE_WITH_KNOTS('',3,1,((#13820,#13821),(#13822,#13823),
(#13824,#13825),(#13826,#13827),(#13828,#13829)),.UNSPECIFIED.,.F.,.F.,
 .F.,(4,1,4),(2,2),(-0.00930519928834145,-0.00474301691221023,0.),(0.,0.005),
 .UNSPECIFIED.);
#769=B_SPLINE_SURFACE_WITH_KNOTS('',3,1,((#13843,#13844),(#13845,#13846),
(#13847,#13848),(#13849,#13850),(#13851,#13852)),.UNSPECIFIED.,.F.,.F.,
 .F.,(4,1,4),(2,2),(-0.00843407616767562,-0.00435987107435798,0.),(0.,0.005),
 .UNSPECIFIED.);
#770=B_SPLINE_SURFACE_WITH_KNOTS('',3,1,((#13872,#13873),(#13874,#13875),
(#13876,#13877),(#13878,#13879),(#13880,#13881)),.UNSPECIFIED.,.F.,.F.,
 .F.,(4,1,4),(2,2),(-0.00606431153394253,-0.0031630048100068,0.),(0.,0.005),
 .UNSPECIFIED.);
#771=B_SPLINE_SURFACE_WITH_KNOTS('',3,1,((#13895,#13896),(#13897,#13898),
(#13899,#13900),(#13901,#13902),(#13903,#13904)),.UNSPECIFIED.,.F.,.F.,
 .F.,(4,1,4),(2,2),(-0.00846058610738827,-0.00414724102325613,0.),(0.,0.005),
 .UNSPECIFIED.);
#772=B_SPLINE_SURFACE_WITH_KNOTS('',3,1,((#13918,#13919),(#13920,#13921),
(#13922,#13923),(#13924,#13925),(#13926,#13927)),.UNSPECIFIED.,.F.,.F.,
 .F.,(4,1,4),(2,2),(-0.00571652440441832,-0.00261863207118793,0.),(0.,0.005),
 .UNSPECIFIED.);
#773=B_SPLINE_SURFACE_WITH_KNOTS('',3,1,((#13941,#13942),(#13943,#13944),
(#13945,#13946),(#13947,#13948),(#13949,#13950)),.UNSPECIFIED.,.F.,.F.,
 .F.,(4,1,4),(2,2),(-0.00668847343195732,-0.0033217915320963,0.),(0.,0.005),
 .UNSPECIFIED.);
#774=B_SPLINE_SURFACE_WITH_KNOTS('',3,1,((#13983,#13984),(#13985,#13986),
(#13987,#13988),(#13989,#13990),(#13991,#13992)),.UNSPECIFIED.,.F.,.F.,
 .F.,(4,1,4),(2,2),(-0.00193145817442602,-0.00110726608457399,0.),(0.,0.005),
 .UNSPECIFIED.);
#775=B_SPLINE_SURFACE_WITH_KNOTS('',3,1,((#14000,#14001),(#14002,#14003),
(#14004,#14005),(#14006,#14007),(#14008,#14009)),.UNSPECIFIED.,.F.,.F.,
 .F.,(4,1,4),(2,2),(-0.00145222947812347,-0.000707330291759899,0.),(0.,
0.005),.UNSPECIFIED.);
#776=B_SPLINE_SURFACE_WITH_KNOTS('',3,1,((#14017,#14018),(#14019,#14020),
(#14021,#14022),(#14023,#14024),(#14025,#14026)),.UNSPECIFIED.,.F.,.F.,
 .F.,(4,1,4),(2,2),(-0.00145223313808925,-0.000744902846329351,0.),(0.,
0.005),.UNSPECIFIED.);
#777=B_SPLINE_SURFACE_WITH_KNOTS('',3,1,((#14034,#14035),(#14036,#14037),
(#14038,#14039),(#14040,#14041),(#14042,#14043)),.UNSPECIFIED.,.F.,.F.,
 .F.,(4,1,4),(2,2),(-0.00193145817442602,-0.00082419208985203,0.),(0.,0.005),
 .UNSPECIFIED.);
#778=B_SPLINE_SURFACE_WITH_KNOTS('',3,1,((#14055,#14056),(#14057,#14058),
(#14059,#14060),(#14061,#14062),(#14063,#14064)),.UNSPECIFIED.,.F.,.F.,
 .F.,(4,1,4),(2,2),(-0.00853962038985723,-0.0043576962834983,0.),(0.,0.005),
 .UNSPECIFIED.);
#779=B_SPLINE_SURFACE_WITH_KNOTS('',3,1,((#14072,#14073),(#14074,#14075),
(#14076,#14077),(#14078,#14079),(#14080,#14081)),.UNSPECIFIED.,.F.,.F.,
 .F.,(4,1,4),(2,2),(-0.00716641716171358,-0.00385972781427019,0.),(0.,0.005),
 .UNSPECIFIED.);
#780=B_SPLINE_SURFACE_WITH_KNOTS('',3,1,((#14089,#14090),(#14091,#14092),
(#14093,#14094),(#14095,#14096),(#14097,#14098)),.UNSPECIFIED.,.F.,.F.,
 .F.,(4,1,4),(2,2),(-0.0100374828756322,-0.00512558873177203,0.),(0.,0.005),
 .UNSPECIFIED.);
#781=B_SPLINE_SURFACE_WITH_KNOTS('',3,1,((#14106,#14107),(#14108,#14109),
(#14110,#14111),(#14112,#14113),(#14114,#14115)),.UNSPECIFIED.,.F.,.F.,
 .F.,(4,1,4),(2,2),(-0.00790760519143318,-0.00370812593734048,0.),(0.,0.005),
 .UNSPECIFIED.);
#782=B_SPLINE_SURFACE_WITH_KNOTS('',3,1,((#14127,#14128),(#14129,#14130),
(#14131,#14132),(#14133,#14134),(#14135,#14136)),.UNSPECIFIED.,.F.,.F.,
 .F.,(4,1,4),(2,2),(-0.0110262531662499,-0.00546140810610372,0.),(0.,0.005),
 .UNSPECIFIED.);
#783=B_SPLINE_SURFACE_WITH_KNOTS('',3,1,((#14144,#14145),(#14146,#14147),
(#14148,#14149),(#14150,#14151),(#14152,#14153)),.UNSPECIFIED.,.F.,.F.,
 .F.,(4,1,4),(2,2),(-0.0122460529424269,-0.00582852483409826,0.),(0.,0.005),
 .UNSPECIFIED.);
#784=B_SPLINE_SURFACE_WITH_KNOTS('',3,1,((#14161,#14162),(#14163,#14164),
(#14165,#14166),(#14167,#14168),(#14169,#14170)),.UNSPECIFIED.,.F.,.F.,
 .F.,(4,1,4),(2,2),(-0.0103002847181931,-0.00502855185793634,0.),(0.,0.005),
 .UNSPECIFIED.);
#785=B_SPLINE_SURFACE_WITH_KNOTS('',3,1,((#14182,#14183),(#14184,#14185),
(#14186,#14187),(#14188,#14189),(#14190,#14191)),.UNSPECIFIED.,.F.,.F.,
 .F.,(4,1,4),(2,2),(-0.00193935309555239,-0.00110787199985509,0.),(0.,0.005),
 .UNSPECIFIED.);
#786=B_SPLINE_SURFACE_WITH_KNOTS('',3,1,((#14199,#14200),(#14201,#14202),
(#14203,#14204),(#14205,#14206),(#14207,#14208)),.UNSPECIFIED.,.F.,.F.,
 .F.,(4,1,4),(2,2),(-0.00143033220536815,-0.000711654060875519,0.),(0.,
0.005),.UNSPECIFIED.);
#787=B_SPLINE_SURFACE_WITH_KNOTS('',3,1,((#14216,#14217),(#14218,#14219),
(#14220,#14221),(#14222,#14223),(#14224,#14225)),.UNSPECIFIED.,.F.,.F.,
 .F.,(4,1,4),(2,2),(-0.00145223313808925,-0.000744902846329351,0.),(0.,
0.005),.UNSPECIFIED.);
#788=B_SPLINE_SURFACE_WITH_KNOTS('',3,1,((#14233,#14234),(#14235,#14236),
(#14237,#14238),(#14239,#14240),(#14241,#14242)),.UNSPECIFIED.,.F.,.F.,
 .F.,(4,1,4),(2,2),(-0.0019314560950683,-0.000824190423851562,0.),(0.,0.005),
 .UNSPECIFIED.);
#789=PLANE('',#7556);
#790=PLANE('',#7557);
#791=PLANE('',#7558);
#792=PLANE('',#7559);
#793=PLANE('',#7560);
#794=PLANE('',#7561);
#795=PLANE('',#7562);
#796=PLANE('',#7563);
#797=PLANE('',#7564);
#798=PLANE('',#7565);
#799=PLANE('',#7566);
#800=PLANE('',#7567);
#801=PLANE('',#7568);
#802=PLANE('',#7569);
#803=PLANE('',#7570);
#804=PLANE('',#7571);
#805=PLANE('',#7572);
#806=PLANE('',#7573);
#807=PLANE('',#7574);
#808=PLANE('',#7575);
#809=PLANE('',#7576);
#810=PLANE('',#7577);
#811=PLANE('',#7578);
#812=PLANE('',#7579);
#813=PLANE('',#7580);
#814=PLANE('',#7581);
#815=PLANE('',#7582);
#816=PLANE('',#7583);
#817=PLANE('',#7584);
#818=PLANE('',#7585);
#819=PLANE('',#7586);
#820=PLANE('',#7587);
#821=PLANE('',#7588);
#822=PLANE('',#7589);
#823=PLANE('',#7590);
#824=PLANE('',#7591);
#825=PLANE('',#7592);
#826=PLANE('',#7593);
#827=PLANE('',#7594);
#828=PLANE('',#7595);
#829=PLANE('',#7596);
#830=PLANE('',#7597);
#831=PLANE('',#7598);
#832=PLANE('',#7599);
#833=PLANE('',#7600);
#834=PLANE('',#7601);
#835=PLANE('',#7603);
#836=PLANE('',#7604);
#837=PLANE('',#7605);
#838=PLANE('',#7606);
#839=PLANE('',#7607);
#840=PLANE('',#7608);
#841=PLANE('',#7609);
#842=PLANE('',#7610);
#843=PLANE('',#7611);
#844=PLANE('',#7612);
#845=PLANE('',#7613);
#846=PLANE('',#7614);
#847=PLANE('',#7615);
#848=PLANE('',#7616);
#849=PLANE('',#7617);
#850=PLANE('',#7618);
#851=PLANE('',#7619);
#852=PLANE('',#7620);
#853=PLANE('',#7621);
#854=PLANE('',#7622);
#855=PLANE('',#7623);
#856=PLANE('',#7624);
#857=PLANE('',#7625);
#858=PLANE('',#7626);
#859=PLANE('',#7627);
#860=PLANE('',#7628);
#861=PLANE('',#7629);
#862=PLANE('',#7630);
#863=PLANE('',#7631);
#864=PLANE('',#7632);
#865=PLANE('',#7633);
#866=PLANE('',#7634);
#867=PLANE('',#7635);
#868=PLANE('',#7636);
#869=PLANE('',#7637);
#870=PLANE('',#7638);
#871=PLANE('',#7639);
#872=PLANE('',#7640);
#873=PLANE('',#7641);
#874=PLANE('',#7642);
#875=PLANE('',#7643);
#876=PLANE('',#7644);
#877=PLANE('',#7645);
#878=PLANE('',#7648);
#879=PLANE('',#7649);
#880=PLANE('',#7650);
#881=PLANE('',#7651);
#882=PLANE('',#7652);
#883=PLANE('',#7653);
#884=PLANE('',#7654);
#885=PLANE('',#7655);
#886=PLANE('',#7656);
#887=PLANE('',#7657);
#888=PLANE('',#7658);
#889=PLANE('',#7659);
#890=PLANE('',#7660);
#891=PLANE('',#7661);
#892=PLANE('',#7662);
#893=PLANE('',#7663);
#894=PLANE('',#7664);
#895=PLANE('',#7665);
#896=PLANE('',#7666);
#897=PLANE('',#7667);
#898=PLANE('',#7668);
#899=PLANE('',#7669);
#900=PLANE('',#7670);
#901=PLANE('',#7671);
#902=PLANE('',#7672);
#903=PLANE('',#7673);
#904=PLANE('',#7674);
#905=PLANE('',#7675);
#906=PLANE('',#7676);
#907=PLANE('',#7677);
#908=PLANE('',#7678);
#909=PLANE('',#7679);
#910=PLANE('',#7680);
#911=PLANE('',#7681);
#912=PLANE('',#7682);
#913=PLANE('',#7683);
#914=PLANE('',#7684);
#915=PLANE('',#7685);
#916=PLANE('',#7686);
#917=PLANE('',#7687);
#918=PLANE('',#7688);
#919=PLANE('',#7689);
#920=PLANE('',#7690);
#921=PLANE('',#7691);
#922=PLANE('',#7692);
#923=PLANE('',#7693);
#924=PLANE('',#7694);
#925=PLANE('',#7695);
#926=PLANE('',#7696);
#927=PLANE('',#7697);
#928=PLANE('',#7698);
#929=PLANE('',#7699);
#930=PLANE('',#7700);
#931=PLANE('',#7701);
#932=PLANE('',#7702);
#933=PLANE('',#7703);
#934=PLANE('',#7704);
#935=STYLED_ITEM('',(#15097),#7140);
#936=STYLED_ITEM('',(#15097),#7181);
#937=STYLED_ITEM('',(#15097),#7227);
#938=STYLED_ITEM('',(#15097),#7258);
#939=STYLED_ITEM('',(#15097),#7290);
#940=STYLED_ITEM('',(#15097),#7324);
#941=STYLED_ITEM('',(#15097),#7358);
#942=STYLED_ITEM('',(#15097),#7407);
#943=STYLED_ITEM('',(#15097),#7440);
#944=STYLED_ITEM('',(#15097),#7452);
#945=STYLED_ITEM('',(#15097),#7482);
#946=STYLED_ITEM('',(#15097),#7486);
#947=STYLED_ITEM('',(#15097),#7488);
#948=STYLED_ITEM('',(#15097),#7490);
#949=STYLED_ITEM('',(#15097),#7492);
#950=STYLED_ITEM('',(#15097),#7493);
#951=STYLED_ITEM('',(#15097),#7496);
#952=STYLED_ITEM('',(#15097),#7498);
#953=STYLED_ITEM('',(#15097),#7500);
#954=STYLED_ITEM('',(#15097),#7503);
#955=STYLED_ITEM('',(#15097),#7504);
#956=STYLED_ITEM('',(#15097),#7505);
#957=STYLED_ITEM('',(#15097),#7506);
#958=STYLED_ITEM('',(#15097),#7510);
#959=STYLED_ITEM('',(#15097),#7511);
#960=STYLED_ITEM('',(#15097),#7513);
#961=STYLED_ITEM('',(#15097),#7514);
#962=STYLED_ITEM('',(#15097),#7515);
#963=STYLED_ITEM('',(#15097),#7516);
#964=STYLED_ITEM('',(#15097),#7517);
#965=STYLED_ITEM('',(#15097),#7518);
#966=STYLED_ITEM('',(#15097),#7519);
#967=STYLED_ITEM('',(#15097),#7520);
#968=STYLED_ITEM('',(#15097),#7521);
#969=STYLED_ITEM('',(#15097),#7522);
#970=STYLED_ITEM('',(#15097),#7523);
#971=STYLED_ITEM('',(#15097),#7524);
#972=STYLED_ITEM('',(#15097),#7525);
#973=STYLED_ITEM('',(#15097),#7526);
#974=STYLED_ITEM('',(#15097),#7527);
#975=STYLED_ITEM('',(#15097),#7528);
#976=STYLED_ITEM('',(#15097),#7529);
#977=STYLED_ITEM('',(#15097),#7530);
#978=STYLED_ITEM('',(#15097),#7531);
#979=STYLED_ITEM('',(#15097),#7532);
#980=STYLED_ITEM('',(#15097),#7533);
#981=STYLED_ITEM('',(#15097),#7534);
#982=STYLED_ITEM('',(#15096),#13);
#983=FACE_OUTER_BOUND('',#1383,.T.);
#984=FACE_OUTER_BOUND('',#1384,.T.);
#985=FACE_OUTER_BOUND('',#1385,.T.);
#986=FACE_OUTER_BOUND('',#1386,.T.);
#987=FACE_OUTER_BOUND('',#1387,.T.);
#988=FACE_OUTER_BOUND('',#1388,.T.);
#989=FACE_OUTER_BOUND('',#1389,.T.);
#990=FACE_OUTER_BOUND('',#1390,.T.);
#991=FACE_OUTER_BOUND('',#1391,.T.);
#992=FACE_OUTER_BOUND('',#1392,.T.);
#993=FACE_OUTER_BOUND('',#1393,.T.);
#994=FACE_OUTER_BOUND('',#1394,.T.);
#995=FACE_OUTER_BOUND('',#1395,.T.);
#996=FACE_OUTER_BOUND('',#1396,.T.);
#997=FACE_OUTER_BOUND('',#1397,.T.);
#998=FACE_OUTER_BOUND('',#1398,.T.);
#999=FACE_OUTER_BOUND('',#1399,.T.);
#1000=FACE_OUTER_BOUND('',#1400,.T.);
#1001=FACE_OUTER_BOUND('',#1401,.T.);
#1002=FACE_OUTER_BOUND('',#1402,.T.);
#1003=FACE_OUTER_BOUND('',#1403,.T.);
#1004=FACE_OUTER_BOUND('',#1404,.T.);
#1005=FACE_OUTER_BOUND('',#1405,.T.);
#1006=FACE_OUTER_BOUND('',#1406,.T.);
#1007=FACE_OUTER_BOUND('',#1407,.T.);
#1008=FACE_OUTER_BOUND('',#1408,.T.);
#1009=FACE_OUTER_BOUND('',#1409,.T.);
#1010=FACE_OUTER_BOUND('',#1410,.T.);
#1011=FACE_OUTER_BOUND('',#1411,.T.);
#1012=FACE_OUTER_BOUND('',#1412,.T.);
#1013=FACE_OUTER_BOUND('',#1413,.T.);
#1014=FACE_OUTER_BOUND('',#1414,.T.);
#1015=FACE_OUTER_BOUND('',#1415,.T.);
#1016=FACE_OUTER_BOUND('',#1416,.T.);
#1017=FACE_OUTER_BOUND('',#1417,.T.);
#1018=FACE_OUTER_BOUND('',#1418,.T.);
#1019=FACE_OUTER_BOUND('',#1419,.T.);
#1020=FACE_OUTER_BOUND('',#1420,.T.);
#1021=FACE_OUTER_BOUND('',#1421,.T.);
#1022=FACE_OUTER_BOUND('',#1422,.T.);
#1023=FACE_OUTER_BOUND('',#1423,.T.);
#1024=FACE_OUTER_BOUND('',#1424,.T.);
#1025=FACE_OUTER_BOUND('',#1425,.T.);
#1026=FACE_OUTER_BOUND('',#1426,.T.);
#1027=FACE_OUTER_BOUND('',#1427,.T.);
#1028=FACE_OUTER_BOUND('',#1428,.T.);
#1029=FACE_OUTER_BOUND('',#1429,.T.);
#1030=FACE_OUTER_BOUND('',#1430,.T.);
#1031=FACE_OUTER_BOUND('',#1431,.T.);
#1032=FACE_OUTER_BOUND('',#1432,.T.);
#1033=FACE_OUTER_BOUND('',#1433,.T.);
#1034=FACE_OUTER_BOUND('',#1434,.T.);
#1035=FACE_OUTER_BOUND('',#1435,.T.);
#1036=FACE_OUTER_BOUND('',#1436,.T.);
#1037=FACE_OUTER_BOUND('',#1437,.T.);
#1038=FACE_OUTER_BOUND('',#1438,.T.);
#1039=FACE_OUTER_BOUND('',#1439,.T.);
#1040=FACE_OUTER_BOUND('',#1440,.T.);
#1041=FACE_OUTER_BOUND('',#1441,.T.);
#1042=FACE_OUTER_BOUND('',#1442,.T.);
#1043=FACE_OUTER_BOUND('',#1443,.T.);
#1044=FACE_OUTER_BOUND('',#1444,.T.);
#1045=FACE_OUTER_BOUND('',#1445,.T.);
#1046=FACE_OUTER_BOUND('',#1446,.T.);
#1047=FACE_OUTER_BOUND('',#1447,.T.);
#1048=FACE_OUTER_BOUND('',#1448,.T.);
#1049=FACE_OUTER_BOUND('',#1449,.T.);
#1050=FACE_OUTER_BOUND('',#1450,.T.);
#1051=FACE_OUTER_BOUND('',#1451,.T.);
#1052=FACE_OUTER_BOUND('',#1452,.T.);
#1053=FACE_OUTER_BOUND('',#1453,.T.);
#1054=FACE_OUTER_BOUND('',#1454,.T.);
#1055=FACE_OUTER_BOUND('',#1455,.T.);
#1056=FACE_OUTER_BOUND('',#1456,.T.);
#1057=FACE_OUTER_BOUND('',#1457,.T.);
#1058=FACE_OUTER_BOUND('',#1458,.T.);
#1059=FACE_OUTER_BOUND('',#1459,.T.);
#1060=FACE_OUTER_BOUND('',#1460,.T.);
#1061=FACE_OUTER_BOUND('',#1461,.T.);
#1062=FACE_OUTER_BOUND('',#1462,.T.);
#1063=FACE_OUTER_BOUND('',#1463,.T.);
#1064=FACE_OUTER_BOUND('',#1464,.T.);
#1065=FACE_OUTER_BOUND('',#1465,.T.);
#1066=FACE_OUTER_BOUND('',#1466,.T.);
#1067=FACE_OUTER_BOUND('',#1467,.T.);
#1068=FACE_OUTER_BOUND('',#1468,.T.);
#1069=FACE_OUTER_BOUND('',#1469,.T.);
#1070=FACE_OUTER_BOUND('',#1470,.T.);
#1071=FACE_OUTER_BOUND('',#1471,.T.);
#1072=FACE_OUTER_BOUND('',#1472,.T.);
#1073=FACE_OUTER_BOUND('',#1473,.T.);
#1074=FACE_OUTER_BOUND('',#1474,.T.);
#1075=FACE_OUTER_BOUND('',#1475,.T.);
#1076=FACE_OUTER_BOUND('',#1476,.T.);
#1077=FACE_OUTER_BOUND('',#1477,.T.);
#1078=FACE_OUTER_BOUND('',#1478,.T.);
#1079=FACE_OUTER_BOUND('',#1479,.T.);
#1080=FACE_OUTER_BOUND('',#1480,.T.);
#1081=FACE_OUTER_BOUND('',#1481,.T.);
#1082=FACE_OUTER_BOUND('',#1482,.T.);
#1083=FACE_OUTER_BOUND('',#1483,.T.);
#1084=FACE_OUTER_BOUND('',#1484,.T.);
#1085=FACE_OUTER_BOUND('',#1485,.T.);
#1086=FACE_OUTER_BOUND('',#1486,.T.);
#1087=FACE_OUTER_BOUND('',#1487,.T.);
#1088=FACE_OUTER_BOUND('',#1488,.T.);
#1089=FACE_OUTER_BOUND('',#1489,.T.);
#1090=FACE_OUTER_BOUND('',#1490,.T.);
#1091=FACE_OUTER_BOUND('',#1491,.T.);
#1092=FACE_OUTER_BOUND('',#1492,.T.);
#1093=FACE_OUTER_BOUND('',#1493,.T.);
#1094=FACE_OUTER_BOUND('',#1494,.T.);
#1095=FACE_OUTER_BOUND('',#1495,.T.);
#1096=FACE_OUTER_BOUND('',#1496,.T.);
#1097=FACE_OUTER_BOUND('',#1497,.T.);
#1098=FACE_OUTER_BOUND('',#1498,.T.);
#1099=FACE_OUTER_BOUND('',#1499,.T.);
#1100=FACE_OUTER_BOUND('',#1500,.T.);
#1101=FACE_OUTER_BOUND('',#1501,.T.);
#1102=FACE_OUTER_BOUND('',#1502,.T.);
#1103=FACE_OUTER_BOUND('',#1504,.T.);
#1104=FACE_OUTER_BOUND('',#1515,.T.);
#1105=FACE_OUTER_BOUND('',#1516,.T.);
#1106=FACE_OUTER_BOUND('',#1517,.T.);
#1107=FACE_OUTER_BOUND('',#1518,.T.);
#1108=FACE_OUTER_BOUND('',#1519,.T.);
#1109=FACE_OUTER_BOUND('',#1520,.T.);
#1110=FACE_OUTER_BOUND('',#1521,.T.);
#1111=FACE_OUTER_BOUND('',#1522,.T.);
#1112=FACE_OUTER_BOUND('',#1523,.T.);
#1113=FACE_OUTER_BOUND('',#1524,.T.);
#1114=FACE_OUTER_BOUND('',#1525,.T.);
#1115=FACE_OUTER_BOUND('',#1526,.T.);
#1116=FACE_OUTER_BOUND('',#1527,.T.);
#1117=FACE_OUTER_BOUND('',#1528,.T.);
#1118=FACE_OUTER_BOUND('',#1529,.T.);
#1119=FACE_OUTER_BOUND('',#1530,.T.);
#1120=FACE_OUTER_BOUND('',#1531,.T.);
#1121=FACE_OUTER_BOUND('',#1532,.T.);
#1122=FACE_OUTER_BOUND('',#1533,.T.);
#1123=FACE_OUTER_BOUND('',#1534,.T.);
#1124=FACE_OUTER_BOUND('',#1535,.T.);
#1125=FACE_OUTER_BOUND('',#1536,.T.);
#1126=FACE_OUTER_BOUND('',#1537,.T.);
#1127=FACE_OUTER_BOUND('',#1538,.T.);
#1128=FACE_OUTER_BOUND('',#1539,.T.);
#1129=FACE_OUTER_BOUND('',#1540,.T.);
#1130=FACE_OUTER_BOUND('',#1541,.T.);
#1131=FACE_OUTER_BOUND('',#1542,.T.);
#1132=FACE_OUTER_BOUND('',#1543,.T.);
#1133=FACE_OUTER_BOUND('',#1544,.T.);
#1134=FACE_OUTER_BOUND('',#1545,.T.);
#1135=FACE_OUTER_BOUND('',#1547,.T.);
#1136=FACE_OUTER_BOUND('',#1548,.T.);
#1137=FACE_OUTER_BOUND('',#1549,.T.);
#1138=FACE_OUTER_BOUND('',#1550,.T.);
#1139=FACE_OUTER_BOUND('',#1551,.T.);
#1140=FACE_OUTER_BOUND('',#1552,.T.);
#1141=FACE_OUTER_BOUND('',#1553,.T.);
#1142=FACE_OUTER_BOUND('',#1554,.T.);
#1143=FACE_OUTER_BOUND('',#1555,.T.);
#1144=FACE_OUTER_BOUND('',#1556,.T.);
#1145=FACE_OUTER_BOUND('',#1557,.T.);
#1146=FACE_OUTER_BOUND('',#1558,.T.);
#1147=FACE_OUTER_BOUND('',#1559,.T.);
#1148=FACE_OUTER_BOUND('',#1560,.T.);
#1149=FACE_OUTER_BOUND('',#1561,.T.);
#1150=FACE_OUTER_BOUND('',#1562,.T.);
#1151=FACE_OUTER_BOUND('',#1563,.T.);
#1152=FACE_OUTER_BOUND('',#1564,.T.);
#1153=FACE_OUTER_BOUND('',#1565,.T.);
#1154=FACE_OUTER_BOUND('',#1566,.T.);
#1155=FACE_OUTER_BOUND('',#1567,.T.);
#1156=FACE_OUTER_BOUND('',#1568,.T.);
#1157=FACE_OUTER_BOUND('',#1569,.T.);
#1158=FACE_OUTER_BOUND('',#1570,.T.);
#1159=FACE_OUTER_BOUND('',#1571,.T.);
#1160=FACE_OUTER_BOUND('',#1572,.T.);
#1161=FACE_OUTER_BOUND('',#1573,.T.);
#1162=FACE_OUTER_BOUND('',#1574,.T.);
#1163=FACE_OUTER_BOUND('',#1575,.T.);
#1164=FACE_OUTER_BOUND('',#1576,.T.);
#1165=FACE_OUTER_BOUND('',#1577,.T.);
#1166=FACE_OUTER_BOUND('',#1578,.T.);
#1167=FACE_OUTER_BOUND('',#1579,.T.);
#1168=FACE_OUTER_BOUND('',#1580,.T.);
#1169=FACE_OUTER_BOUND('',#1582,.T.);
#1170=FACE_OUTER_BOUND('',#1583,.T.);
#1171=FACE_OUTER_BOUND('',#1584,.T.);
#1172=FACE_OUTER_BOUND('',#1585,.T.);
#1173=FACE_OUTER_BOUND('',#1586,.T.);
#1174=FACE_OUTER_BOUND('',#1587,.T.);
#1175=FACE_OUTER_BOUND('',#1588,.T.);
#1176=FACE_OUTER_BOUND('',#1589,.T.);
#1177=FACE_OUTER_BOUND('',#1590,.T.);
#1178=FACE_OUTER_BOUND('',#1591,.T.);
#1179=FACE_OUTER_BOUND('',#1592,.T.);
#1180=FACE_OUTER_BOUND('',#1593,.T.);
#1181=FACE_OUTER_BOUND('',#1594,.T.);
#1182=FACE_OUTER_BOUND('',#1595,.T.);
#1183=FACE_OUTER_BOUND('',#1596,.T.);
#1184=FACE_OUTER_BOUND('',#1597,.T.);
#1185=FACE_OUTER_BOUND('',#1598,.T.);
#1186=FACE_OUTER_BOUND('',#1599,.T.);
#1187=FACE_OUTER_BOUND('',#1600,.T.);
#1188=FACE_OUTER_BOUND('',#1601,.T.);
#1189=FACE_OUTER_BOUND('',#1602,.T.);
#1190=FACE_OUTER_BOUND('',#1603,.T.);
#1191=FACE_OUTER_BOUND('',#1604,.T.);
#1192=FACE_OUTER_BOUND('',#1605,.T.);
#1193=FACE_OUTER_BOUND('',#1606,.T.);
#1194=FACE_OUTER_BOUND('',#1607,.T.);
#1195=FACE_OUTER_BOUND('',#1608,.T.);
#1196=FACE_OUTER_BOUND('',#1609,.T.);
#1197=FACE_OUTER_BOUND('',#1610,.T.);
#1198=FACE_OUTER_BOUND('',#1611,.T.);
#1199=FACE_OUTER_BOUND('',#1612,.T.);
#1200=FACE_OUTER_BOUND('',#1613,.T.);
#1201=FACE_OUTER_BOUND('',#1614,.T.);
#1202=FACE_OUTER_BOUND('',#1615,.T.);
#1203=FACE_OUTER_BOUND('',#1618,.T.);
#1204=FACE_OUTER_BOUND('',#1619,.T.);
#1205=FACE_OUTER_BOUND('',#1620,.T.);
#1206=FACE_OUTER_BOUND('',#1621,.T.);
#1207=FACE_OUTER_BOUND('',#1622,.T.);
#1208=FACE_OUTER_BOUND('',#1623,.T.);
#1209=FACE_OUTER_BOUND('',#1624,.T.);
#1210=FACE_OUTER_BOUND('',#1625,.T.);
#1211=FACE_OUTER_BOUND('',#1626,.T.);
#1212=FACE_OUTER_BOUND('',#1627,.T.);
#1213=FACE_OUTER_BOUND('',#1628,.T.);
#1214=FACE_OUTER_BOUND('',#1629,.T.);
#1215=FACE_OUTER_BOUND('',#1630,.T.);
#1216=FACE_OUTER_BOUND('',#1631,.T.);
#1217=FACE_OUTER_BOUND('',#1632,.T.);
#1218=FACE_OUTER_BOUND('',#1633,.T.);
#1219=FACE_OUTER_BOUND('',#1634,.T.);
#1220=FACE_OUTER_BOUND('',#1635,.T.);
#1221=FACE_OUTER_BOUND('',#1636,.T.);
#1222=FACE_OUTER_BOUND('',#1637,.T.);
#1223=FACE_OUTER_BOUND('',#1638,.T.);
#1224=FACE_OUTER_BOUND('',#1639,.T.);
#1225=FACE_OUTER_BOUND('',#1640,.T.);
#1226=FACE_OUTER_BOUND('',#1641,.T.);
#1227=FACE_OUTER_BOUND('',#1642,.T.);
#1228=FACE_OUTER_BOUND('',#1643,.T.);
#1229=FACE_OUTER_BOUND('',#1644,.T.);
#1230=FACE_OUTER_BOUND('',#1645,.T.);
#1231=FACE_OUTER_BOUND('',#1646,.T.);
#1232=FACE_OUTER_BOUND('',#1647,.T.);
#1233=FACE_OUTER_BOUND('',#1648,.T.);
#1234=FACE_OUTER_BOUND('',#1649,.T.);
#1235=FACE_OUTER_BOUND('',#1650,.T.);
#1236=FACE_OUTER_BOUND('',#1651,.T.);
#1237=FACE_OUTER_BOUND('',#1652,.T.);
#1238=FACE_OUTER_BOUND('',#1653,.T.);
#1239=FACE_OUTER_BOUND('',#1654,.T.);
#1240=FACE_OUTER_BOUND('',#1655,.T.);
#1241=FACE_OUTER_BOUND('',#1656,.T.);
#1242=FACE_OUTER_BOUND('',#1657,.T.);
#1243=FACE_OUTER_BOUND('',#1658,.T.);
#1244=FACE_OUTER_BOUND('',#1659,.T.);
#1245=FACE_OUTER_BOUND('',#1660,.T.);
#1246=FACE_OUTER_BOUND('',#1661,.T.);
#1247=FACE_OUTER_BOUND('',#1662,.T.);
#1248=FACE_OUTER_BOUND('',#1663,.T.);
#1249=FACE_OUTER_BOUND('',#1664,.T.);
#1250=FACE_OUTER_BOUND('',#1665,.T.);
#1251=FACE_OUTER_BOUND('',#1666,.T.);
#1252=FACE_OUTER_BOUND('',#1667,.T.);
#1253=FACE_OUTER_BOUND('',#1668,.T.);
#1254=FACE_OUTER_BOUND('',#1669,.T.);
#1255=FACE_OUTER_BOUND('',#1670,.T.);
#1256=FACE_OUTER_BOUND('',#1671,.T.);
#1257=FACE_OUTER_BOUND('',#1672,.T.);
#1258=FACE_OUTER_BOUND('',#1673,.T.);
#1259=FACE_OUTER_BOUND('',#1674,.T.);
#1260=FACE_OUTER_BOUND('',#1675,.T.);
#1261=FACE_OUTER_BOUND('',#1676,.T.);
#1262=FACE_OUTER_BOUND('',#1677,.T.);
#1263=FACE_OUTER_BOUND('',#1678,.T.);
#1264=FACE_OUTER_BOUND('',#1679,.T.);
#1265=FACE_OUTER_BOUND('',#1680,.T.);
#1266=FACE_OUTER_BOUND('',#1681,.T.);
#1267=FACE_OUTER_BOUND('',#1682,.T.);
#1268=FACE_OUTER_BOUND('',#1683,.T.);
#1269=FACE_OUTER_BOUND('',#1684,.T.);
#1270=FACE_OUTER_BOUND('',#1685,.T.);
#1271=FACE_OUTER_BOUND('',#1686,.T.);
#1272=FACE_OUTER_BOUND('',#1687,.T.);
#1273=FACE_OUTER_BOUND('',#1688,.T.);
#1274=FACE_OUTER_BOUND('',#1689,.T.);
#1275=FACE_OUTER_BOUND('',#1690,.T.);
#1276=FACE_OUTER_BOUND('',#1691,.T.);
#1277=FACE_OUTER_BOUND('',#1692,.T.);
#1278=FACE_OUTER_BOUND('',#1693,.T.);
#1279=FACE_OUTER_BOUND('',#1694,.T.);
#1280=FACE_OUTER_BOUND('',#1695,.T.);
#1281=FACE_OUTER_BOUND('',#1696,.T.);
#1282=FACE_OUTER_BOUND('',#1697,.T.);
#1283=FACE_OUTER_BOUND('',#1698,.T.);
#1284=FACE_OUTER_BOUND('',#1699,.T.);
#1285=FACE_OUTER_BOUND('',#1701,.T.);
#1286=FACE_OUTER_BOUND('',#1702,.T.);
#1287=FACE_OUTER_BOUND('',#1703,.T.);
#1288=FACE_OUTER_BOUND('',#1704,.T.);
#1289=FACE_OUTER_BOUND('',#1705,.T.);
#1290=FACE_OUTER_BOUND('',#1706,.T.);
#1291=FACE_OUTER_BOUND('',#1707,.T.);
#1292=FACE_OUTER_BOUND('',#1708,.T.);
#1293=FACE_OUTER_BOUND('',#1709,.T.);
#1294=FACE_OUTER_BOUND('',#1710,.T.);
#1295=FACE_OUTER_BOUND('',#1711,.T.);
#1296=FACE_OUTER_BOUND('',#1712,.T.);
#1297=FACE_OUTER_BOUND('',#1713,.T.);
#1298=FACE_OUTER_BOUND('',#1714,.T.);
#1299=FACE_OUTER_BOUND('',#1715,.T.);
#1300=FACE_OUTER_BOUND('',#1716,.T.);
#1301=FACE_OUTER_BOUND('',#1717,.T.);
#1302=FACE_OUTER_BOUND('',#1718,.T.);
#1303=FACE_OUTER_BOUND('',#1719,.T.);
#1304=FACE_OUTER_BOUND('',#1720,.T.);
#1305=FACE_OUTER_BOUND('',#1721,.T.);
#1306=FACE_OUTER_BOUND('',#1722,.T.);
#1307=FACE_OUTER_BOUND('',#1723,.T.);
#1308=FACE_OUTER_BOUND('',#1724,.T.);
#1309=FACE_OUTER_BOUND('',#1725,.T.);
#1310=FACE_OUTER_BOUND('',#1726,.T.);
#1311=FACE_OUTER_BOUND('',#1727,.T.);
#1312=FACE_OUTER_BOUND('',#1728,.T.);
#1313=FACE_OUTER_BOUND('',#1729,.T.);
#1314=FACE_OUTER_BOUND('',#1730,.T.);
#1315=FACE_OUTER_BOUND('',#1731,.T.);
#1316=FACE_OUTER_BOUND('',#1732,.T.);
#1317=FACE_OUTER_BOUND('',#1733,.T.);
#1318=FACE_OUTER_BOUND('',#1734,.T.);
#1319=FACE_OUTER_BOUND('',#1735,.T.);
#1320=FACE_OUTER_BOUND('',#1736,.T.);
#1321=FACE_OUTER_BOUND('',#1737,.T.);
#1322=FACE_OUTER_BOUND('',#1738,.T.);
#1323=FACE_OUTER_BOUND('',#1739,.T.);
#1324=FACE_OUTER_BOUND('',#1740,.T.);
#1325=FACE_OUTER_BOUND('',#1741,.T.);
#1326=FACE_OUTER_BOUND('',#1742,.T.);
#1327=FACE_OUTER_BOUND('',#1745,.T.);
#1328=FACE_OUTER_BOUND('',#1746,.T.);
#1329=FACE_OUTER_BOUND('',#1748,.T.);
#1330=FACE_OUTER_BOUND('',#1749,.T.);
#1331=FACE_OUTER_BOUND('',#1750,.T.);
#1332=FACE_OUTER_BOUND('',#1751,.T.);
#1333=FACE_OUTER_BOUND('',#1752,.T.);
#1334=FACE_OUTER_BOUND('',#1753,.T.);
#1335=FACE_OUTER_BOUND('',#1754,.T.);
#1336=FACE_OUTER_BOUND('',#1755,.T.);
#1337=FACE_OUTER_BOUND('',#1756,.T.);
#1338=FACE_OUTER_BOUND('',#1757,.T.);
#1339=FACE_OUTER_BOUND('',#1758,.T.);
#1340=FACE_OUTER_BOUND('',#1759,.T.);
#1341=FACE_OUTER_BOUND('',#1760,.T.);
#1342=FACE_OUTER_BOUND('',#1761,.T.);
#1343=FACE_OUTER_BOUND('',#1762,.T.);
#1344=FACE_OUTER_BOUND('',#1763,.T.);
#1345=FACE_OUTER_BOUND('',#1764,.T.);
#1346=FACE_OUTER_BOUND('',#1765,.T.);
#1347=FACE_OUTER_BOUND('',#1766,.T.);
#1348=FACE_OUTER_BOUND('',#1767,.T.);
#1349=FACE_OUTER_BOUND('',#1768,.T.);
#1350=FACE_OUTER_BOUND('',#1769,.T.);
#1351=FACE_OUTER_BOUND('',#1770,.T.);
#1352=FACE_OUTER_BOUND('',#1771,.T.);
#1353=FACE_OUTER_BOUND('',#1772,.T.);
#1354=FACE_OUTER_BOUND('',#1773,.T.);
#1355=FACE_OUTER_BOUND('',#1774,.T.);
#1356=FACE_OUTER_BOUND('',#1775,.T.);
#1357=FACE_OUTER_BOUND('',#1776,.T.);
#1358=FACE_OUTER_BOUND('',#1777,.T.);
#1359=FACE_OUTER_BOUND('',#1778,.T.);
#1360=FACE_OUTER_BOUND('',#1779,.T.);
#1361=FACE_OUTER_BOUND('',#1780,.T.);
#1362=FACE_OUTER_BOUND('',#1781,.T.);
#1363=FACE_OUTER_BOUND('',#1782,.T.);
#1364=FACE_OUTER_BOUND('',#1783,.T.);
#1365=FACE_OUTER_BOUND('',#1784,.T.);
#1366=FACE_OUTER_BOUND('',#1785,.T.);
#1367=FACE_OUTER_BOUND('',#1786,.T.);
#1368=FACE_OUTER_BOUND('',#1787,.T.);
#1369=FACE_OUTER_BOUND('',#1788,.T.);
#1370=FACE_OUTER_BOUND('',#1789,.T.);
#1371=FACE_OUTER_BOUND('',#1790,.T.);
#1372=FACE_OUTER_BOUND('',#1791,.T.);
#1373=FACE_OUTER_BOUND('',#1792,.T.);
#1374=FACE_OUTER_BOUND('',#1793,.T.);
#1375=FACE_OUTER_BOUND('',#1794,.T.);
#1376=FACE_OUTER_BOUND('',#1795,.T.);
#1377=FACE_OUTER_BOUND('',#1796,.T.);
#1378=FACE_OUTER_BOUND('',#1797,.T.);
#1379=FACE_OUTER_BOUND('',#1798,.T.);
#1380=FACE_OUTER_BOUND('',#1799,.T.);
#1381=FACE_OUTER_BOUND('',#1800,.T.);
#1382=FACE_OUTER_BOUND('',#1801,.T.);
#1383=EDGE_LOOP('',(#4895,#4896,#4897,#4898));
#1384=EDGE_LOOP('',(#4899));
#1385=EDGE_LOOP('',(#4900,#4901,#4902,#4903));
#1386=EDGE_LOOP('',(#4904,#4905,#4906,#4907));
#1387=EDGE_LOOP('',(#4908,#4909,#4910,#4911));
#1388=EDGE_LOOP('',(#4912,#4913,#4914,#4915));
#1389=EDGE_LOOP('',(#4916,#4917,#4918,#4919));
#1390=EDGE_LOOP('',(#4920,#4921,#4922,#4923));
#1391=EDGE_LOOP('',(#4924,#4925,#4926,#4927));
#1392=EDGE_LOOP('',(#4928,#4929,#4930,#4931));
#1393=EDGE_LOOP('',(#4932,#4933,#4934,#4935));
#1394=EDGE_LOOP('',(#4936,#4937,#4938,#4939));
#1395=EDGE_LOOP('',(#4940,#4941,#4942,#4943));
#1396=EDGE_LOOP('',(#4944,#4945,#4946,#4947));
#1397=EDGE_LOOP('',(#4948,#4949,#4950,#4951));
#1398=EDGE_LOOP('',(#4952,#4953,#4954,#4955));
#1399=EDGE_LOOP('',(#4956,#4957,#4958,#4959));
#1400=EDGE_LOOP('',(#4960,#4961,#4962,#4963));
#1401=EDGE_LOOP('',(#4964,#4965,#4966,#4967));
#1402=EDGE_LOOP('',(#4968,#4969,#4970,#4971));
#1403=EDGE_LOOP('',(#4972,#4973,#4974,#4975));
#1404=EDGE_LOOP('',(#4976,#4977,#4978,#4979));
#1405=EDGE_LOOP('',(#4980,#4981,#4982,#4983));
#1406=EDGE_LOOP('',(#4984,#4985,#4986,#4987));
#1407=EDGE_LOOP('',(#4988,#4989,#4990,#4991));
#1408=EDGE_LOOP('',(#4992,#4993,#4994,#4995));
#1409=EDGE_LOOP('',(#4996,#4997,#4998,#4999));
#1410=EDGE_LOOP('',(#5000,#5001,#5002,#5003));
#1411=EDGE_LOOP('',(#5004,#5005,#5006,#5007));
#1412=EDGE_LOOP('',(#5008,#5009,#5010,#5011));
#1413=EDGE_LOOP('',(#5012,#5013,#5014,#5015));
#1414=EDGE_LOOP('',(#5016,#5017,#5018,#5019));
#1415=EDGE_LOOP('',(#5020,#5021,#5022,#5023));
#1416=EDGE_LOOP('',(#5024,#5025,#5026,#5027));
#1417=EDGE_LOOP('',(#5028,#5029,#5030,#5031));
#1418=EDGE_LOOP('',(#5032,#5033,#5034,#5035));
#1419=EDGE_LOOP('',(#5036,#5037,#5038,#5039));
#1420=EDGE_LOOP('',(#5040,#5041,#5042,#5043));
#1421=EDGE_LOOP('',(#5044,#5045,#5046,#5047));
#1422=EDGE_LOOP('',(#5048,#5049,#5050,#5051));
#1423=EDGE_LOOP('',(#5052,#5053,#5054,#5055));
#1424=EDGE_LOOP('',(#5056,#5057,#5058,#5059));
#1425=EDGE_LOOP('',(#5060,#5061,#5062,#5063,#5064,#5065,#5066,#5067,#5068,
#5069,#5070,#5071,#5072,#5073,#5074,#5075,#5076,#5077,#5078,#5079,#5080,
#5081,#5082,#5083,#5084,#5085,#5086,#5087,#5088,#5089,#5090,#5091,#5092,
#5093,#5094,#5095,#5096,#5097,#5098,#5099));
#1426=EDGE_LOOP('',(#5100,#5101,#5102,#5103));
#1427=EDGE_LOOP('',(#5104,#5105,#5106,#5107));
#1428=EDGE_LOOP('',(#5108,#5109,#5110,#5111));
#1429=EDGE_LOOP('',(#5112,#5113,#5114,#5115));
#1430=EDGE_LOOP('',(#5116,#5117,#5118,#5119));
#1431=EDGE_LOOP('',(#5120,#5121,#5122,#5123));
#1432=EDGE_LOOP('',(#5124,#5125,#5126,#5127));
#1433=EDGE_LOOP('',(#5128,#5129,#5130,#5131));
#1434=EDGE_LOOP('',(#5132,#5133,#5134,#5135));
#1435=EDGE_LOOP('',(#5136,#5137,#5138,#5139));
#1436=EDGE_LOOP('',(#5140,#5141,#5142,#5143));
#1437=EDGE_LOOP('',(#5144,#5145,#5146,#5147));
#1438=EDGE_LOOP('',(#5148,#5149,#5150,#5151));
#1439=EDGE_LOOP('',(#5152,#5153,#5154,#5155));
#1440=EDGE_LOOP('',(#5156,#5157,#5158,#5159));
#1441=EDGE_LOOP('',(#5160,#5161,#5162,#5163));
#1442=EDGE_LOOP('',(#5164,#5165,#5166,#5167));
#1443=EDGE_LOOP('',(#5168,#5169,#5170,#5171));
#1444=EDGE_LOOP('',(#5172,#5173,#5174,#5175));
#1445=EDGE_LOOP('',(#5176,#5177,#5178,#5179));
#1446=EDGE_LOOP('',(#5180,#5181,#5182,#5183));
#1447=EDGE_LOOP('',(#5184,#5185,#5186,#5187));
#1448=EDGE_LOOP('',(#5188,#5189,#5190,#5191));
#1449=EDGE_LOOP('',(#5192,#5193,#5194,#5195));
#1450=EDGE_LOOP('',(#5196,#5197,#5198,#5199));
#1451=EDGE_LOOP('',(#5200,#5201,#5202,#5203));
#1452=EDGE_LOOP('',(#5204,#5205,#5206,#5207));
#1453=EDGE_LOOP('',(#5208,#5209,#5210,#5211));
#1454=EDGE_LOOP('',(#5212,#5213,#5214,#5215));
#1455=EDGE_LOOP('',(#5216,#5217,#5218,#5219));
#1456=EDGE_LOOP('',(#5220,#5221,#5222,#5223));
#1457=EDGE_LOOP('',(#5224,#5225,#5226,#5227));
#1458=EDGE_LOOP('',(#5228,#5229,#5230,#5231));
#1459=EDGE_LOOP('',(#5232,#5233,#5234,#5235));
#1460=EDGE_LOOP('',(#5236,#5237,#5238,#5239));
#1461=EDGE_LOOP('',(#5240,#5241,#5242,#5243));
#1462=EDGE_LOOP('',(#5244,#5245,#5246,#5247));
#1463=EDGE_LOOP('',(#5248,#5249,#5250,#5251));
#1464=EDGE_LOOP('',(#5252,#5253,#5254,#5255));
#1465=EDGE_LOOP('',(#5256,#5257,#5258,#5259));
#1466=EDGE_LOOP('',(#5260,#5261,#5262,#5263));
#1467=EDGE_LOOP('',(#5264,#5265,#5266,#5267));
#1468=EDGE_LOOP('',(#5268,#5269,#5270,#5271));
#1469=EDGE_LOOP('',(#5272,#5273,#5274,#5275));
#1470=EDGE_LOOP('',(#5276,#5277,#5278,#5279));
#1471=EDGE_LOOP('',(#5280,#5281,#5282,#5283,#5284,#5285,#5286,#5287,#5288,
#5289,#5290,#5291,#5292,#5293,#5294,#5295,#5296,#5297,#5298,#5299,#5300,
#5301,#5302,#5303,#5304,#5305,#5306,#5307,#5308,#5309,#5310,#5311,#5312,
#5313,#5314,#5315,#5316,#5317,#5318,#5319,#5320,#5321,#5322,#5323,#5324));
#1472=EDGE_LOOP('',(#5325,#5326,#5327,#5328));
#1473=EDGE_LOOP('',(#5329,#5330,#5331,#5332));
#1474=EDGE_LOOP('',(#5333,#5334,#5335,#5336));
#1475=EDGE_LOOP('',(#5337,#5338,#5339,#5340));
#1476=EDGE_LOOP('',(#5341,#5342,#5343,#5344));
#1477=EDGE_LOOP('',(#5345,#5346,#5347,#5348));
#1478=EDGE_LOOP('',(#5349,#5350,#5351,#5352));
#1479=EDGE_LOOP('',(#5353,#5354,#5355,#5356));
#1480=EDGE_LOOP('',(#5357,#5358,#5359,#5360));
#1481=EDGE_LOOP('',(#5361,#5362,#5363,#5364));
#1482=EDGE_LOOP('',(#5365,#5366,#5367,#5368));
#1483=EDGE_LOOP('',(#5369,#5370,#5371,#5372));
#1484=EDGE_LOOP('',(#5373,#5374,#5375,#5376));
#1485=EDGE_LOOP('',(#5377,#5378,#5379,#5380));
#1486=EDGE_LOOP('',(#5381,#5382,#5383,#5384));
#1487=EDGE_LOOP('',(#5385,#5386,#5387,#5388));
#1488=EDGE_LOOP('',(#5389,#5390,#5391,#5392));
#1489=EDGE_LOOP('',(#5393,#5394,#5395,#5396));
#1490=EDGE_LOOP('',(#5397,#5398,#5399,#5400));
#1491=EDGE_LOOP('',(#5401,#5402,#5403,#5404));
#1492=EDGE_LOOP('',(#5405,#5406,#5407,#5408));
#1493=EDGE_LOOP('',(#5409,#5410,#5411,#5412));
#1494=EDGE_LOOP('',(#5413,#5414,#5415,#5416));
#1495=EDGE_LOOP('',(#5417,#5418,#5419,#5420));
#1496=EDGE_LOOP('',(#5421,#5422,#5423,#5424));
#1497=EDGE_LOOP('',(#5425,#5426,#5427,#5428));
#1498=EDGE_LOOP('',(#5429,#5430,#5431,#5432));
#1499=EDGE_LOOP('',(#5433,#5434,#5435,#5436));
#1500=EDGE_LOOP('',(#5437,#5438,#5439,#5440));
#1501=EDGE_LOOP('',(#5441,#5442,#5443,#5444));
#1502=EDGE_LOOP('',(#5445,#5446,#5447,#5448,#5449,#5450,#5451,#5452,#5453,
#5454,#5455,#5456,#5457,#5458,#5459,#5460));
#1503=EDGE_LOOP('',(#5461,#5462,#5463,#5464,#5465,#5466,#5467,#5468,#5469,
#5470,#5471,#5472,#5473,#5474));
#1504=EDGE_LOOP('',(#5475,#5476,#5477,#5478));
#1505=EDGE_LOOP('',(#5479));
#1506=EDGE_LOOP('',(#5480,#5481,#5482,#5483,#5484,#5485,#5486,#5487,#5488,
#5489,#5490,#5491,#5492,#5493,#5494,#5495,#5496,#5497,#5498,#5499,#5500,
#5501,#5502,#5503,#5504,#5505,#5506,#5507,#5508,#5509,#5510,#5511,#5512,
#5513,#5514,#5515,#5516,#5517,#5518,#5519));
#1507=EDGE_LOOP('',(#5520,#5521,#5522,#5523,#5524,#5525,#5526,#5527,#5528,
#5529,#5530,#5531,#5532,#5533,#5534,#5535,#5536,#5537,#5538,#5539,#5540,
#5541,#5542,#5543,#5544,#5545,#5546,#5547,#5548,#5549,#5550,#5551,#5552,
#5553,#5554,#5555,#5556,#5557,#5558,#5559,#5560,#5561,#5562,#5563,#5564));
#1508=EDGE_LOOP('',(#5565,#5566,#5567,#5568,#5569,#5570,#5571,#5572,#5573,
#5574,#5575,#5576,#5577,#5578,#5579,#5580));
#1509=EDGE_LOOP('',(#5581,#5582,#5583,#5584,#5585,#5586,#5587,#5588,#5589,
#5590,#5591,#5592,#5593,#5594,#5595,#5596,#5597,#5598,#5599,#5600,#5601));
#1510=EDGE_LOOP('',(#5602));
#1511=EDGE_LOOP('',(#5603,#5604,#5605,#5606,#5607,#5608,#5609,#5610,#5611,
#5612,#5613,#5614,#5615,#5616,#5617,#5618,#5619,#5620,#5621,#5622,#5623,
#5624,#5625,#5626,#5627,#5628,#5629,#5630,#5631,#5632,#5633,#5634,#5635,
#5636,#5637,#5638,#5639,#5640,#5641,#5642,#5643,#5644,#5645,#5646,#5647,
#5648));
#1512=EDGE_LOOP('',(#5649,#5650,#5651,#5652,#5653,#5654,#5655,#5656,#5657,
#5658,#5659,#5660,#5661,#5662,#5663,#5664));
#1513=EDGE_LOOP('',(#5665,#5666,#5667,#5668,#5669,#5670,#5671,#5672,#5673,
#5674,#5675,#5676,#5677,#5678,#5679,#5680,#5681,#5682,#5683,#5684,#5685,
#5686,#5687));
#1514=EDGE_LOOP('',(#5688,#5689,#5690,#5691,#5692,#5693,#5694,#5695,#5696,
#5697,#5698,#5699,#5700,#5701,#5702,#5703));
#1515=EDGE_LOOP('',(#5704,#5705,#5706,#5707));
#1516=EDGE_LOOP('',(#5708,#5709,#5710,#5711));
#1517=EDGE_LOOP('',(#5712,#5713,#5714,#5715));
#1518=EDGE_LOOP('',(#5716,#5717,#5718,#5719));
#1519=EDGE_LOOP('',(#5720,#5721,#5722,#5723));
#1520=EDGE_LOOP('',(#5724,#5725,#5726,#5727));
#1521=EDGE_LOOP('',(#5728,#5729,#5730,#5731));
#1522=EDGE_LOOP('',(#5732,#5733,#5734,#5735));
#1523=EDGE_LOOP('',(#5736,#5737,#5738,#5739));
#1524=EDGE_LOOP('',(#5740,#5741,#5742,#5743));
#1525=EDGE_LOOP('',(#5744,#5745,#5746,#5747));
#1526=EDGE_LOOP('',(#5748,#5749,#5750,#5751));
#1527=EDGE_LOOP('',(#5752,#5753,#5754,#5755));
#1528=EDGE_LOOP('',(#5756,#5757,#5758,#5759));
#1529=EDGE_LOOP('',(#5760,#5761,#5762,#5763));
#1530=EDGE_LOOP('',(#5764,#5765,#5766,#5767));
#1531=EDGE_LOOP('',(#5768,#5769,#5770,#5771));
#1532=EDGE_LOOP('',(#5772,#5773,#5774,#5775));
#1533=EDGE_LOOP('',(#5776,#5777,#5778,#5779));
#1534=EDGE_LOOP('',(#5780,#5781,#5782,#5783));
#1535=EDGE_LOOP('',(#5784,#5785,#5786,#5787));
#1536=EDGE_LOOP('',(#5788,#5789,#5790,#5791));
#1537=EDGE_LOOP('',(#5792,#5793,#5794,#5795));
#1538=EDGE_LOOP('',(#5796,#5797,#5798,#5799));
#1539=EDGE_LOOP('',(#5800,#5801,#5802,#5803));
#1540=EDGE_LOOP('',(#5804,#5805,#5806,#5807));
#1541=EDGE_LOOP('',(#5808,#5809,#5810,#5811));
#1542=EDGE_LOOP('',(#5812,#5813,#5814,#5815));
#1543=EDGE_LOOP('',(#5816,#5817,#5818,#5819));
#1544=EDGE_LOOP('',(#5820,#5821,#5822,#5823));
#1545=EDGE_LOOP('',(#5824,#5825,#5826,#5827,#5828,#5829,#5830,#5831,#5832,
#5833,#5834,#5835,#5836,#5837,#5838,#5839));
#1546=EDGE_LOOP('',(#5840,#5841,#5842,#5843,#5844,#5845,#5846,#5847,#5848,
#5849,#5850,#5851,#5852,#5853));
#1547=EDGE_LOOP('',(#5854,#5855,#5856,#5857,#5858,#5859,#5860,#5861,#5862,
#5863,#5864,#5865,#5866,#5867));
#1548=EDGE_LOOP('',(#5868,#5869,#5870,#5871));
#1549=EDGE_LOOP('',(#5872,#5873,#5874,#5875));
#1550=EDGE_LOOP('',(#5876,#5877,#5878,#5879));
#1551=EDGE_LOOP('',(#5880,#5881,#5882,#5883));
#1552=EDGE_LOOP('',(#5884,#5885,#5886,#5887));
#1553=EDGE_LOOP('',(#5888,#5889,#5890,#5891));
#1554=EDGE_LOOP('',(#5892,#5893,#5894,#5895));
#1555=EDGE_LOOP('',(#5896,#5897,#5898,#5899));
#1556=EDGE_LOOP('',(#5900,#5901,#5902,#5903));
#1557=EDGE_LOOP('',(#5904,#5905,#5906,#5907));
#1558=EDGE_LOOP('',(#5908,#5909,#5910,#5911));
#1559=EDGE_LOOP('',(#5912,#5913,#5914,#5915));
#1560=EDGE_LOOP('',(#5916,#5917,#5918,#5919));
#1561=EDGE_LOOP('',(#5920,#5921,#5922,#5923));
#1562=EDGE_LOOP('',(#5924,#5925,#5926,#5927));
#1563=EDGE_LOOP('',(#5928,#5929,#5930,#5931));
#1564=EDGE_LOOP('',(#5932,#5933,#5934,#5935));
#1565=EDGE_LOOP('',(#5936,#5937,#5938,#5939));
#1566=EDGE_LOOP('',(#5940,#5941,#5942,#5943));
#1567=EDGE_LOOP('',(#5944,#5945,#5946,#5947));
#1568=EDGE_LOOP('',(#5948,#5949,#5950,#5951));
#1569=EDGE_LOOP('',(#5952,#5953,#5954,#5955));
#1570=EDGE_LOOP('',(#5956,#5957,#5958,#5959));
#1571=EDGE_LOOP('',(#5960,#5961,#5962,#5963));
#1572=EDGE_LOOP('',(#5964,#5965,#5966,#5967));
#1573=EDGE_LOOP('',(#5968,#5969,#5970,#5971));
#1574=EDGE_LOOP('',(#5972,#5973,#5974,#5975));
#1575=EDGE_LOOP('',(#5976,#5977,#5978,#5979));
#1576=EDGE_LOOP('',(#5980,#5981,#5982,#5983));
#1577=EDGE_LOOP('',(#5984,#5985,#5986,#5987));
#1578=EDGE_LOOP('',(#5988,#5989,#5990,#5991));
#1579=EDGE_LOOP('',(#5992,#5993,#5994,#5995));
#1580=EDGE_LOOP('',(#5996,#5997,#5998,#5999,#6000,#6001,#6002,#6003,#6004,
#6005,#6006,#6007,#6008,#6009,#6010,#6011,#6012,#6013,#6014,#6015,#6016,
#6017,#6018));
#1581=EDGE_LOOP('',(#6019,#6020,#6021,#6022,#6023,#6024,#6025,#6026,#6027));
#1582=EDGE_LOOP('',(#6028,#6029,#6030,#6031,#6032,#6033,#6034,#6035,#6036,
#6037,#6038,#6039,#6040,#6041));
#1583=EDGE_LOOP('',(#6042,#6043,#6044,#6045));
#1584=EDGE_LOOP('',(#6046,#6047,#6048,#6049));
#1585=EDGE_LOOP('',(#6050,#6051,#6052,#6053));
#1586=EDGE_LOOP('',(#6054,#6055,#6056,#6057));
#1587=EDGE_LOOP('',(#6058,#6059,#6060,#6061));
#1588=EDGE_LOOP('',(#6062,#6063,#6064,#6065));
#1589=EDGE_LOOP('',(#6066,#6067,#6068,#6069));
#1590=EDGE_LOOP('',(#6070,#6071,#6072,#6073));
#1591=EDGE_LOOP('',(#6074,#6075,#6076,#6077));
#1592=EDGE_LOOP('',(#6078,#6079,#6080,#6081));
#1593=EDGE_LOOP('',(#6082,#6083,#6084,#6085));
#1594=EDGE_LOOP('',(#6086,#6087,#6088,#6089));
#1595=EDGE_LOOP('',(#6090,#6091,#6092,#6093));
#1596=EDGE_LOOP('',(#6094,#6095,#6096,#6097));
#1597=EDGE_LOOP('',(#6098,#6099,#6100,#6101));
#1598=EDGE_LOOP('',(#6102,#6103,#6104,#6105));
#1599=EDGE_LOOP('',(#6106,#6107,#6108,#6109));
#1600=EDGE_LOOP('',(#6110,#6111,#6112,#6113));
#1601=EDGE_LOOP('',(#6114,#6115,#6116,#6117));
#1602=EDGE_LOOP('',(#6118,#6119,#6120,#6121));
#1603=EDGE_LOOP('',(#6122,#6123,#6124,#6125));
#1604=EDGE_LOOP('',(#6126,#6127,#6128,#6129));
#1605=EDGE_LOOP('',(#6130,#6131,#6132,#6133));
#1606=EDGE_LOOP('',(#6134,#6135,#6136,#6137));
#1607=EDGE_LOOP('',(#6138,#6139,#6140,#6141));
#1608=EDGE_LOOP('',(#6142,#6143,#6144,#6145));
#1609=EDGE_LOOP('',(#6146,#6147,#6148,#6149));
#1610=EDGE_LOOP('',(#6150,#6151,#6152,#6153));
#1611=EDGE_LOOP('',(#6154,#6155,#6156,#6157));
#1612=EDGE_LOOP('',(#6158,#6159,#6160,#6161));
#1613=EDGE_LOOP('',(#6162,#6163,#6164,#6165));
#1614=EDGE_LOOP('',(#6166,#6167,#6168,#6169));
#1615=EDGE_LOOP('',(#6170,#6171,#6172,#6173,#6174,#6175,#6176,#6177,#6178,
#6179,#6180,#6181,#6182,#6183,#6184,#6185));
#1616=EDGE_LOOP('',(#6186,#6187,#6188,#6189,#6190,#6191,#6192,#6193));
#1617=EDGE_LOOP('',(#6194,#6195,#6196,#6197,#6198,#6199,#6200,#6201));
#1618=EDGE_LOOP('',(#6202,#6203,#6204,#6205,#6206,#6207,#6208,#6209,#6210));
#1619=EDGE_LOOP('',(#6211,#6212,#6213,#6214,#6215,#6216,#6217,#6218));
#1620=EDGE_LOOP('',(#6219,#6220,#6221,#6222));
#1621=EDGE_LOOP('',(#6223,#6224,#6225,#6226));
#1622=EDGE_LOOP('',(#6227,#6228,#6229,#6230));
#1623=EDGE_LOOP('',(#6231,#6232,#6233,#6234));
#1624=EDGE_LOOP('',(#6235,#6236,#6237,#6238));
#1625=EDGE_LOOP('',(#6239,#6240,#6241,#6242));
#1626=EDGE_LOOP('',(#6243,#6244,#6245,#6246));
#1627=EDGE_LOOP('',(#6247,#6248,#6249,#6250));
#1628=EDGE_LOOP('',(#6251,#6252,#6253,#6254));
#1629=EDGE_LOOP('',(#6255,#6256,#6257,#6258));
#1630=EDGE_LOOP('',(#6259,#6260,#6261,#6262));
#1631=EDGE_LOOP('',(#6263,#6264,#6265,#6266));
#1632=EDGE_LOOP('',(#6267,#6268,#6269,#6270));
#1633=EDGE_LOOP('',(#6271,#6272,#6273,#6274));
#1634=EDGE_LOOP('',(#6275,#6276,#6277,#6278));
#1635=EDGE_LOOP('',(#6279,#6280,#6281,#6282));
#1636=EDGE_LOOP('',(#6283,#6284,#6285,#6286));
#1637=EDGE_LOOP('',(#6287,#6288,#6289,#6290));
#1638=EDGE_LOOP('',(#6291,#6292,#6293,#6294));
#1639=EDGE_LOOP('',(#6295,#6296,#6297,#6298));
#1640=EDGE_LOOP('',(#6299,#6300,#6301,#6302));
#1641=EDGE_LOOP('',(#6303,#6304,#6305,#6306));
#1642=EDGE_LOOP('',(#6307,#6308,#6309,#6310));
#1643=EDGE_LOOP('',(#6311,#6312,#6313,#6314));
#1644=EDGE_LOOP('',(#6315,#6316,#6317,#6318));
#1645=EDGE_LOOP('',(#6319,#6320,#6321,#6322));
#1646=EDGE_LOOP('',(#6323,#6324,#6325,#6326));
#1647=EDGE_LOOP('',(#6327,#6328,#6329,#6330));
#1648=EDGE_LOOP('',(#6331,#6332,#6333,#6334));
#1649=EDGE_LOOP('',(#6335,#6336,#6337,#6338));
#1650=EDGE_LOOP('',(#6339,#6340,#6341,#6342));
#1651=EDGE_LOOP('',(#6343,#6344,#6345,#6346));
#1652=EDGE_LOOP('',(#6347,#6348,#6349,#6350));
#1653=EDGE_LOOP('',(#6351,#6352,#6353,#6354));
#1654=EDGE_LOOP('',(#6355,#6356,#6357,#6358));
#1655=EDGE_LOOP('',(#6359,#6360,#6361,#6362));
#1656=EDGE_LOOP('',(#6363,#6364,#6365,#6366));
#1657=EDGE_LOOP('',(#6367,#6368,#6369,#6370));
#1658=EDGE_LOOP('',(#6371,#6372,#6373,#6374));
#1659=EDGE_LOOP('',(#6375,#6376,#6377,#6378));
#1660=EDGE_LOOP('',(#6379,#6380,#6381,#6382));
#1661=EDGE_LOOP('',(#6383,#6384,#6385,#6386));
#1662=EDGE_LOOP('',(#6387,#6388,#6389,#6390));
#1663=EDGE_LOOP('',(#6391,#6392,#6393,#6394));
#1664=EDGE_LOOP('',(#6395,#6396,#6397,#6398));
#1665=EDGE_LOOP('',(#6399,#6400,#6401,#6402));
#1666=EDGE_LOOP('',(#6403,#6404,#6405,#6406,#6407,#6408,#6409,#6410,#6411,
#6412,#6413,#6414,#6415,#6416,#6417,#6418,#6419,#6420,#6421,#6422,#6423,
#6424,#6425,#6426,#6427,#6428,#6429,#6430,#6431,#6432,#6433,#6434,#6435,
#6436,#6437,#6438,#6439,#6440,#6441,#6442,#6443,#6444,#6445,#6446,#6447,
#6448));
#1667=EDGE_LOOP('',(#6449,#6450,#6451,#6452));
#1668=EDGE_LOOP('',(#6453,#6454,#6455,#6456));
#1669=EDGE_LOOP('',(#6457,#6458,#6459,#6460));
#1670=EDGE_LOOP('',(#6461,#6462,#6463,#6464));
#1671=EDGE_LOOP('',(#6465,#6466,#6467,#6468));
#1672=EDGE_LOOP('',(#6469,#6470,#6471,#6472));
#1673=EDGE_LOOP('',(#6473,#6474,#6475,#6476));
#1674=EDGE_LOOP('',(#6477,#6478,#6479,#6480));
#1675=EDGE_LOOP('',(#6481,#6482,#6483,#6484));
#1676=EDGE_LOOP('',(#6485,#6486,#6487,#6488));
#1677=EDGE_LOOP('',(#6489,#6490,#6491,#6492));
#1678=EDGE_LOOP('',(#6493,#6494,#6495,#6496));
#1679=EDGE_LOOP('',(#6497,#6498,#6499,#6500));
#1680=EDGE_LOOP('',(#6501,#6502,#6503,#6504));
#1681=EDGE_LOOP('',(#6505,#6506,#6507,#6508));
#1682=EDGE_LOOP('',(#6509,#6510,#6511,#6512));
#1683=EDGE_LOOP('',(#6513,#6514,#6515,#6516));
#1684=EDGE_LOOP('',(#6517,#6518,#6519,#6520));
#1685=EDGE_LOOP('',(#6521,#6522,#6523,#6524));
#1686=EDGE_LOOP('',(#6525,#6526,#6527,#6528));
#1687=EDGE_LOOP('',(#6529,#6530,#6531,#6532));
#1688=EDGE_LOOP('',(#6533,#6534,#6535,#6536));
#1689=EDGE_LOOP('',(#6537,#6538,#6539,#6540));
#1690=EDGE_LOOP('',(#6541,#6542,#6543,#6544));
#1691=EDGE_LOOP('',(#6545,#6546,#6547,#6548));
#1692=EDGE_LOOP('',(#6549,#6550,#6551,#6552));
#1693=EDGE_LOOP('',(#6553,#6554,#6555,#6556));
#1694=EDGE_LOOP('',(#6557,#6558,#6559,#6560));
#1695=EDGE_LOOP('',(#6561,#6562,#6563,#6564));
#1696=EDGE_LOOP('',(#6565,#6566,#6567,#6568));
#1697=EDGE_LOOP('',(#6569,#6570,#6571,#6572));
#1698=EDGE_LOOP('',(#6573,#6574,#6575,#6576));
#1699=EDGE_LOOP('',(#6577,#6578,#6579,#6580,#6581,#6582,#6583,#6584,#6585,
#6586,#6587,#6588,#6589,#6590,#6591,#6592,#6593,#6594,#6595,#6596,#6597));
#1700=EDGE_LOOP('',(#6598,#6599,#6600,#6601,#6602,#6603,#6604,#6605,#6606,
#6607,#6608));
#1701=EDGE_LOOP('',(#6609,#6610,#6611,#6612,#6613,#6614,#6615,#6616));
#1702=EDGE_LOOP('',(#6617,#6618,#6619,#6620));
#1703=EDGE_LOOP('',(#6621,#6622,#6623,#6624));
#1704=EDGE_LOOP('',(#6625,#6626,#6627,#6628));
#1705=EDGE_LOOP('',(#6629,#6630,#6631,#6632));
#1706=EDGE_LOOP('',(#6633,#6634,#6635,#6636));
#1707=EDGE_LOOP('',(#6637,#6638,#6639,#6640));
#1708=EDGE_LOOP('',(#6641,#6642,#6643,#6644));
#1709=EDGE_LOOP('',(#6645,#6646,#6647,#6648));
#1710=EDGE_LOOP('',(#6649,#6650,#6651,#6652));
#1711=EDGE_LOOP('',(#6653,#6654,#6655,#6656));
#1712=EDGE_LOOP('',(#6657,#6658,#6659,#6660,#6661,#6662,#6663,#6664,#6665,
#6666));
#1713=EDGE_LOOP('',(#6667,#6668,#6669,#6670));
#1714=EDGE_LOOP('',(#6671,#6672,#6673,#6674));
#1715=EDGE_LOOP('',(#6675,#6676,#6677,#6678));
#1716=EDGE_LOOP('',(#6679,#6680,#6681,#6682));
#1717=EDGE_LOOP('',(#6683,#6684,#6685,#6686));
#1718=EDGE_LOOP('',(#6687,#6688,#6689,#6690));
#1719=EDGE_LOOP('',(#6691,#6692,#6693,#6694));
#1720=EDGE_LOOP('',(#6695,#6696,#6697,#6698));
#1721=EDGE_LOOP('',(#6699,#6700,#6701,#6702));
#1722=EDGE_LOOP('',(#6703,#6704,#6705,#6706));
#1723=EDGE_LOOP('',(#6707,#6708,#6709,#6710));
#1724=EDGE_LOOP('',(#6711,#6712,#6713,#6714));
#1725=EDGE_LOOP('',(#6715,#6716,#6717,#6718));
#1726=EDGE_LOOP('',(#6719,#6720,#6721,#6722));
#1727=EDGE_LOOP('',(#6723,#6724,#6725,#6726));
#1728=EDGE_LOOP('',(#6727,#6728,#6729,#6730));
#1729=EDGE_LOOP('',(#6731,#6732,#6733,#6734));
#1730=EDGE_LOOP('',(#6735,#6736,#6737,#6738));
#1731=EDGE_LOOP('',(#6739,#6740,#6741,#6742));
#1732=EDGE_LOOP('',(#6743,#6744,#6745,#6746));
#1733=EDGE_LOOP('',(#6747,#6748,#6749,#6750));
#1734=EDGE_LOOP('',(#6751,#6752,#6753,#6754));
#1735=EDGE_LOOP('',(#6755,#6756,#6757,#6758));
#1736=EDGE_LOOP('',(#6759,#6760,#6761,#6762));
#1737=EDGE_LOOP('',(#6763,#6764,#6765,#6766));
#1738=EDGE_LOOP('',(#6767,#6768,#6769,#6770));
#1739=EDGE_LOOP('',(#6771,#6772,#6773,#6774));
#1740=EDGE_LOOP('',(#6775,#6776,#6777,#6778));
#1741=EDGE_LOOP('',(#6779,#6780,#6781,#6782));
#1742=EDGE_LOOP('',(#6783));
#1743=EDGE_LOOP('',(#6784,#6785,#6786,#6787,#6788,#6789,#6790,#6791,#6792,
#6793,#6794,#6795,#6796,#6797,#6798,#6799,#6800,#6801));
#1744=EDGE_LOOP('',(#6802,#6803,#6804,#6805,#6806,#6807,#6808,#6809,#6810,
#6811));
#1745=EDGE_LOOP('',(#6812,#6813,#6814,#6815,#6816,#6817,#6818,#6819,#6820,
#6821,#6822));
#1746=EDGE_LOOP('',(#6823,#6824,#6825,#6826,#6827,#6828,#6829,#6830,#6831,
#6832,#6833,#6834,#6835,#6836,#6837,#6838,#6839,#6840));
#1747=EDGE_LOOP('',(#6841,#6842,#6843,#6844,#6845,#6846,#6847,#6848,#6849,
#6850));
#1748=EDGE_LOOP('',(#6851,#6852,#6853,#6854));
#1749=EDGE_LOOP('',(#6855,#6856,#6857,#6858));
#1750=EDGE_LOOP('',(#6859,#6860,#6861,#6862));
#1751=EDGE_LOOP('',(#6863,#6864,#6865,#6866));
#1752=EDGE_LOOP('',(#6867,#6868,#6869,#6870));
#1753=EDGE_LOOP('',(#6871,#6872,#6873,#6874));
#1754=EDGE_LOOP('',(#6875,#6876,#6877,#6878));
#1755=EDGE_LOOP('',(#6879,#6880,#6881,#6882));
#1756=EDGE_LOOP('',(#6883,#6884,#6885,#6886,#6887));
#1757=EDGE_LOOP('',(#6888,#6889,#6890,#6891));
#1758=EDGE_LOOP('',(#6892,#6893,#6894,#6895));
#1759=EDGE_LOOP('',(#6896,#6897,#6898,#6899));
#1760=EDGE_LOOP('',(#6900,#6901,#6902,#6903));
#1761=EDGE_LOOP('',(#6904,#6905,#6906,#6907));
#1762=EDGE_LOOP('',(#6908,#6909,#6910,#6911));
#1763=EDGE_LOOP('',(#6912,#6913,#6914,#6915));
#1764=EDGE_LOOP('',(#6916,#6917,#6918,#6919,#6920,#6921,#6922,#6923,#6924,
#6925,#6926,#6927));
#1765=EDGE_LOOP('',(#6928,#6929,#6930,#6931));
#1766=EDGE_LOOP('',(#6932,#6933,#6934,#6935));
#1767=EDGE_LOOP('',(#6936,#6937,#6938,#6939,#6940));
#1768=EDGE_LOOP('',(#6941,#6942,#6943,#6944,#6945));
#1769=EDGE_LOOP('',(#6946,#6947,#6948,#6949,#6950,#6951,#6952,#6953,#6954,
#6955,#6956,#6957));
#1770=EDGE_LOOP('',(#6958,#6959,#6960,#6961,#6962,#6963,#6964,#6965,#6966,
#6967,#6968,#6969,#6970,#6971,#6972,#6973,#6974,#6975,#6976,#6977));
#1771=EDGE_LOOP('',(#6978,#6979,#6980,#6981));
#1772=EDGE_LOOP('',(#6982,#6983,#6984,#6985));
#1773=EDGE_LOOP('',(#6986,#6987,#6988,#6989,#6990));
#1774=EDGE_LOOP('',(#6991,#6992,#6993,#6994));
#1775=EDGE_LOOP('',(#6995,#6996,#6997,#6998));
#1776=EDGE_LOOP('',(#6999,#7000,#7001,#7002,#7003));
#1777=EDGE_LOOP('',(#7004,#7005,#7006,#7007));
#1778=EDGE_LOOP('',(#7008,#7009,#7010,#7011,#7012));
#1779=EDGE_LOOP('',(#7013,#7014,#7015,#7016));
#1780=EDGE_LOOP('',(#7017,#7018,#7019,#7020,#7021));
#1781=EDGE_LOOP('',(#7022,#7023,#7024,#7025,#7026));
#1782=EDGE_LOOP('',(#7027,#7028,#7029,#7030));
#1783=EDGE_LOOP('',(#7031,#7032,#7033,#7034,#7035));
#1784=EDGE_LOOP('',(#7036,#7037,#7038,#7039));
#1785=EDGE_LOOP('',(#7040,#7041,#7042,#7043,#7044));
#1786=EDGE_LOOP('',(#7045,#7046,#7047,#7048));
#1787=EDGE_LOOP('',(#7049,#7050,#7051,#7052,#7053));
#1788=EDGE_LOOP('',(#7054,#7055,#7056,#7057));
#1789=EDGE_LOOP('',(#7058,#7059,#7060,#7061,#7062));
#1790=EDGE_LOOP('',(#7063,#7064,#7065,#7066));
#1791=EDGE_LOOP('',(#7067,#7068,#7069,#7070,#7071));
#1792=EDGE_LOOP('',(#7072,#7073,#7074,#7075));
#1793=EDGE_LOOP('',(#7076,#7077,#7078,#7079,#7080));
#1794=EDGE_LOOP('',(#7081,#7082,#7083,#7084,#7085));
#1795=EDGE_LOOP('',(#7086,#7087,#7088,#7089));
#1796=EDGE_LOOP('',(#7090,#7091,#7092,#7093,#7094));
#1797=EDGE_LOOP('',(#7095,#7096,#7097,#7098,#7099,#7100,#7101,#7102,#7103,
#7104,#7105,#7106));
#1798=EDGE_LOOP('',(#7107,#7108,#7109,#7110));
#1799=EDGE_LOOP('',(#7111,#7112,#7113,#7114,#7115,#7116,#7117,#7118,#7119,
#7120));
#1800=EDGE_LOOP('',(#7121,#7122,#7123,#7124,#7125,#7126,#7127,#7128,#7129,
#7130,#7131,#7132));
#1801=EDGE_LOOP('',(#7133,#7134,#7135,#7136));
#1802=LINE('',#8629,#2415);
#1803=LINE('',#8635,#2416);
#1804=LINE('',#8637,#2417);
#1805=LINE('',#8639,#2418);
#1806=LINE('',#8640,#2419);
#1807=LINE('',#8643,#2420);
#1808=LINE('',#8645,#2421);
#1809=LINE('',#8646,#2422);
#1810=LINE('',#8669,#2423);
#1811=LINE('',#8692,#2424);
#1812=LINE('',#8715,#2425);
#1813=LINE('',#8738,#2426);
#1814=LINE('',#8741,#2427);
#1815=LINE('',#8743,#2428);
#1816=LINE('',#8744,#2429);
#1817=LINE('',#8767,#2430);
#1818=LINE('',#8790,#2431);
#1819=LINE('',#8813,#2432);
#1820=LINE('',#8836,#2433);
#1821=LINE('',#8839,#2434);
#1822=LINE('',#8841,#2435);
#1823=LINE('',#8842,#2436);
#1824=LINE('',#8845,#2437);
#1825=LINE('',#8847,#2438);
#1826=LINE('',#8848,#2439);
#1827=LINE('',#8851,#2440);
#1828=LINE('',#8853,#2441);
#1829=LINE('',#8854,#2442);
#1830=LINE('',#8877,#2443);
#1831=LINE('',#8900,#2444);
#1832=LINE('',#8923,#2445);
#1833=LINE('',#8946,#2446);
#1834=LINE('',#8949,#2447);
#1835=LINE('',#8951,#2448);
#1836=LINE('',#8952,#2449);
#1837=LINE('',#8955,#2450);
#1838=LINE('',#8957,#2451);
#1839=LINE('',#8958,#2452);
#1840=LINE('',#8981,#2453);
#1841=LINE('',#9004,#2454);
#1842=LINE('',#9027,#2455);
#1843=LINE('',#9050,#2456);
#1844=LINE('',#9053,#2457);
#1845=LINE('',#9055,#2458);
#1846=LINE('',#9056,#2459);
#1847=LINE('',#9059,#2460);
#1848=LINE('',#9061,#2461);
#1849=LINE('',#9062,#2462);
#1850=LINE('',#9065,#2463);
#1851=LINE('',#9067,#2464);
#1852=LINE('',#9068,#2465);
#1853=LINE('',#9071,#2466);
#1854=LINE('',#9073,#2467);
#1855=LINE('',#9074,#2468);
#1856=LINE('',#9077,#2469);
#1857=LINE('',#9079,#2470);
#1858=LINE('',#9080,#2471);
#1859=LINE('',#9103,#2472);
#1860=LINE('',#9126,#2473);
#1861=LINE('',#9149,#2474);
#1862=LINE('',#9172,#2475);
#1863=LINE('',#9175,#2476);
#1864=LINE('',#9177,#2477);
#1865=LINE('',#9178,#2478);
#1866=LINE('',#9201,#2479);
#1867=LINE('',#9224,#2480);
#1868=LINE('',#9247,#2481);
#1869=LINE('',#9270,#2482);
#1870=LINE('',#9273,#2483);
#1871=LINE('',#9275,#2484);
#1872=LINE('',#9276,#2485);
#1873=LINE('',#9278,#2486);
#1874=LINE('',#9279,#2487);
#1875=LINE('',#9284,#2488);
#1876=LINE('',#9286,#2489);
#1877=LINE('',#9288,#2490);
#1878=LINE('',#9289,#2491);
#1879=LINE('',#9292,#2492);
#1880=LINE('',#9294,#2493);
#1881=LINE('',#9295,#2494);
#1882=LINE('',#9298,#2495);
#1883=LINE('',#9300,#2496);
#1884=LINE('',#9301,#2497);
#1885=LINE('',#9304,#2498);
#1886=LINE('',#9306,#2499);
#1887=LINE('',#9307,#2500);
#1888=LINE('',#9310,#2501);
#1889=LINE('',#9312,#2502);
#1890=LINE('',#9313,#2503);
#1891=LINE('',#9336,#2504);
#1892=LINE('',#9359,#2505);
#1893=LINE('',#9382,#2506);
#1894=LINE('',#9405,#2507);
#1895=LINE('',#9408,#2508);
#1896=LINE('',#9410,#2509);
#1897=LINE('',#9411,#2510);
#1898=LINE('',#9434,#2511);
#1899=LINE('',#9457,#2512);
#1900=LINE('',#9480,#2513);
#1901=LINE('',#9503,#2514);
#1902=LINE('',#9506,#2515);
#1903=LINE('',#9508,#2516);
#1904=LINE('',#9509,#2517);
#1905=LINE('',#9512,#2518);
#1906=LINE('',#9514,#2519);
#1907=LINE('',#9515,#2520);
#1908=LINE('',#9518,#2521);
#1909=LINE('',#9520,#2522);
#1910=LINE('',#9521,#2523);
#1911=LINE('',#9544,#2524);
#1912=LINE('',#9567,#2525);
#1913=LINE('',#9590,#2526);
#1914=LINE('',#9613,#2527);
#1915=LINE('',#9616,#2528);
#1916=LINE('',#9618,#2529);
#1917=LINE('',#9619,#2530);
#1918=LINE('',#9622,#2531);
#1919=LINE('',#9624,#2532);
#1920=LINE('',#9625,#2533);
#1921=LINE('',#9628,#2534);
#1922=LINE('',#9630,#2535);
#1923=LINE('',#9631,#2536);
#1924=LINE('',#9634,#2537);
#1925=LINE('',#9636,#2538);
#1926=LINE('',#9637,#2539);
#1927=LINE('',#9660,#2540);
#1928=LINE('',#9683,#2541);
#1929=LINE('',#9706,#2542);
#1930=LINE('',#9729,#2543);
#1931=LINE('',#9732,#2544);
#1932=LINE('',#9734,#2545);
#1933=LINE('',#9735,#2546);
#1934=LINE('',#9738,#2547);
#1935=LINE('',#9740,#2548);
#1936=LINE('',#9741,#2549);
#1937=LINE('',#9744,#2550);
#1938=LINE('',#9746,#2551);
#1939=LINE('',#9747,#2552);
#1940=LINE('',#9770,#2553);
#1941=LINE('',#9793,#2554);
#1942=LINE('',#9816,#2555);
#1943=LINE('',#9839,#2556);
#1944=LINE('',#9842,#2557);
#1945=LINE('',#9844,#2558);
#1946=LINE('',#9845,#2559);
#1947=LINE('',#9868,#2560);
#1948=LINE('',#9891,#2561);
#1949=LINE('',#9914,#2562);
#1950=LINE('',#9937,#2563);
#1951=LINE('',#9940,#2564);
#1952=LINE('',#9942,#2565);
#1953=LINE('',#9943,#2566);
#1954=LINE('',#9946,#2567);
#1955=LINE('',#9948,#2568);
#1956=LINE('',#9949,#2569);
#1957=LINE('',#9952,#2570);
#1958=LINE('',#9954,#2571);
#1959=LINE('',#9955,#2572);
#1960=LINE('',#9957,#2573);
#1961=LINE('',#9958,#2574);
#1962=LINE('',#9978,#2575);
#1963=LINE('',#9985,#2576);
#1964=LINE('',#10008,#2577);
#1965=LINE('',#10031,#2578);
#1966=LINE('',#10054,#2579);
#1967=LINE('',#10077,#2580);
#1968=LINE('',#10100,#2581);
#1969=LINE('',#10103,#2582);
#1970=LINE('',#10105,#2583);
#1971=LINE('',#10106,#2584);
#1972=LINE('',#10129,#2585);
#1973=LINE('',#10152,#2586);
#1974=LINE('',#10175,#2587);
#1975=LINE('',#10198,#2588);
#1976=LINE('',#10221,#2589);
#1977=LINE('',#10244,#2590);
#1978=LINE('',#10246,#2591);
#1979=LINE('',#10247,#2592);
#1980=LINE('',#10251,#2593);
#1981=LINE('',#10253,#2594);
#1982=LINE('',#10255,#2595);
#1983=LINE('',#10256,#2596);
#1984=LINE('',#10279,#2597);
#1985=LINE('',#10302,#2598);
#1986=LINE('',#10325,#2599);
#1987=LINE('',#10348,#2600);
#1988=LINE('',#10371,#2601);
#1989=LINE('',#10394,#2602);
#1990=LINE('',#10417,#2603);
#1991=LINE('',#10420,#2604);
#1992=LINE('',#10422,#2605);
#1993=LINE('',#10423,#2606);
#1994=LINE('',#10446,#2607);
#1995=LINE('',#10469,#2608);
#1996=LINE('',#10492,#2609);
#1997=LINE('',#10515,#2610);
#1998=LINE('',#10538,#2611);
#1999=LINE('',#10561,#2612);
#2000=LINE('',#10586,#2613);
#2001=LINE('',#10588,#2614);
#2002=LINE('',#10590,#2615);
#2003=LINE('',#10591,#2616);
#2004=LINE('',#10594,#2617);
#2005=LINE('',#10638,#2618);
#2006=LINE('',#10682,#2619);
#2007=LINE('',#10684,#2620);
#2008=LINE('',#10710,#2621);
#2009=LINE('',#10736,#2622);
#2010=LINE('',#10756,#2623);
#2011=LINE('',#10781,#2624);
#2012=LINE('',#10786,#2625);
#2013=LINE('',#10812,#2626);
#2014=LINE('',#10922,#2627);
#2015=LINE('',#10948,#2628);
#2016=LINE('',#11296,#2629);
#2017=LINE('',#11303,#2630);
#2018=LINE('',#11326,#2631);
#2019=LINE('',#11349,#2632);
#2020=LINE('',#11372,#2633);
#2021=LINE('',#11395,#2634);
#2022=LINE('',#11418,#2635);
#2023=LINE('',#11421,#2636);
#2024=LINE('',#11423,#2637);
#2025=LINE('',#11424,#2638);
#2026=LINE('',#11447,#2639);
#2027=LINE('',#11470,#2640);
#2028=LINE('',#11493,#2641);
#2029=LINE('',#11516,#2642);
#2030=LINE('',#11539,#2643);
#2031=LINE('',#11562,#2644);
#2032=LINE('',#11564,#2645);
#2033=LINE('',#11565,#2646);
#2034=LINE('',#11568,#2647);
#2035=LINE('',#11570,#2648);
#2036=LINE('',#11571,#2649);
#2037=LINE('',#11588,#2650);
#2038=LINE('',#11605,#2651);
#2039=LINE('',#11622,#2652);
#2040=LINE('',#11639,#2653);
#2041=LINE('',#11656,#2654);
#2042=LINE('',#11673,#2655);
#2043=LINE('',#11690,#2656);
#2044=LINE('',#11693,#2657);
#2045=LINE('',#11694,#2658);
#2046=LINE('',#11711,#2659);
#2047=LINE('',#11728,#2660);
#2048=LINE('',#11745,#2661);
#2049=LINE('',#11762,#2662);
#2050=LINE('',#11779,#2663);
#2051=LINE('',#11796,#2664);
#2052=LINE('',#11832,#2665);
#2053=LINE('',#11839,#2666);
#2054=LINE('',#11862,#2667);
#2055=LINE('',#11885,#2668);
#2056=LINE('',#11908,#2669);
#2057=LINE('',#11931,#2670);
#2058=LINE('',#11954,#2671);
#2059=LINE('',#11977,#2672);
#2060=LINE('',#12000,#2673);
#2061=LINE('',#12032,#2674);
#2062=LINE('',#12039,#2675);
#2063=LINE('',#12056,#2676);
#2064=LINE('',#12073,#2677);
#2065=LINE('',#12090,#2678);
#2066=LINE('',#12107,#2679);
#2067=LINE('',#12124,#2680);
#2068=LINE('',#12141,#2681);
#2069=LINE('',#12158,#2682);
#2070=LINE('',#12175,#2683);
#2071=LINE('',#12192,#2684);
#2072=LINE('',#12209,#2685);
#2073=LINE('',#12226,#2686);
#2074=LINE('',#12243,#2687);
#2075=LINE('',#12260,#2688);
#2076=LINE('',#12277,#2689);
#2077=LINE('',#12294,#2690);
#2078=LINE('',#12311,#2691);
#2079=LINE('',#12328,#2692);
#2080=LINE('',#12345,#2693);
#2081=LINE('',#12362,#2694);
#2082=LINE('',#12379,#2695);
#2083=LINE('',#12396,#2696);
#2084=LINE('',#12432,#2697);
#2085=LINE('',#12439,#2698);
#2086=LINE('',#12462,#2699);
#2087=LINE('',#12485,#2700);
#2088=LINE('',#12508,#2701);
#2089=LINE('',#12531,#2702);
#2090=LINE('',#12554,#2703);
#2091=LINE('',#12577,#2704);
#2092=LINE('',#12616,#2705);
#2093=LINE('',#12623,#2706);
#2094=LINE('',#12646,#2707);
#2095=LINE('',#12669,#2708);
#2096=LINE('',#12692,#2709);
#2097=LINE('',#12715,#2710);
#2098=LINE('',#12738,#2711);
#2099=LINE('',#12761,#2712);
#2100=LINE('',#12793,#2713);
#2101=LINE('',#12800,#2714);
#2102=LINE('',#12817,#2715);
#2103=LINE('',#12834,#2716);
#2104=LINE('',#12851,#2717);
#2105=LINE('',#12868,#2718);
#2106=LINE('',#12885,#2719);
#2107=LINE('',#12902,#2720);
#2108=LINE('',#12919,#2721);
#2109=LINE('',#12936,#2722);
#2110=LINE('',#12953,#2723);
#2111=LINE('',#12970,#2724);
#2112=LINE('',#12987,#2725);
#2113=LINE('',#13004,#2726);
#2114=LINE('',#13021,#2727);
#2115=LINE('',#13038,#2728);
#2116=LINE('',#13059,#2729);
#2117=LINE('',#13061,#2730);
#2118=LINE('',#13062,#2731);
#2119=LINE('',#13079,#2732);
#2120=LINE('',#13096,#2733);
#2121=LINE('',#13113,#2734);
#2122=LINE('',#13130,#2735);
#2123=LINE('',#13133,#2736);
#2124=LINE('',#13134,#2737);
#2125=LINE('',#13151,#2738);
#2126=LINE('',#13168,#2739);
#2127=LINE('',#13185,#2740);
#2128=LINE('',#13202,#2741);
#2129=LINE('',#13219,#2742);
#2130=LINE('',#13236,#2743);
#2131=LINE('',#13253,#2744);
#2132=LINE('',#13270,#2745);
#2133=LINE('',#13287,#2746);
#2134=LINE('',#13304,#2747);
#2135=LINE('',#13321,#2748);
#2136=LINE('',#13338,#2749);
#2137=LINE('',#13355,#2750);
#2138=LINE('',#13372,#2751);
#2139=LINE('',#13389,#2752);
#2140=LINE('',#13406,#2753);
#2141=LINE('',#13423,#2754);
#2142=LINE('',#13440,#2755);
#2143=LINE('',#13443,#2756);
#2144=LINE('',#13444,#2757);
#2145=LINE('',#13461,#2758);
#2146=LINE('',#13478,#2759);
#2147=LINE('',#13495,#2760);
#2148=LINE('',#13512,#2761);
#2149=LINE('',#13515,#2762);
#2150=LINE('',#13516,#2763);
#2151=LINE('',#13533,#2764);
#2152=LINE('',#13550,#2765);
#2153=LINE('',#13567,#2766);
#2154=LINE('',#13584,#2767);
#2155=LINE('',#13601,#2768);
#2156=LINE('',#13618,#2769);
#2157=LINE('',#13635,#2770);
#2158=LINE('',#13652,#2771);
#2159=LINE('',#13669,#2772);
#2160=LINE('',#13686,#2773);
#2161=LINE('',#13703,#2774);
#2162=LINE('',#13720,#2775);
#2163=LINE('',#13737,#2776);
#2164=LINE('',#13754,#2777);
#2165=LINE('',#13771,#2778);
#2166=LINE('',#13791,#2779);
#2167=LINE('',#13793,#2780);
#2168=LINE('',#13795,#2781);
#2169=LINE('',#13796,#2782);
#2170=LINE('',#13819,#2783);
#2171=LINE('',#13842,#2784);
#2172=LINE('',#13865,#2785);
#2173=LINE('',#13868,#2786);
#2174=LINE('',#13870,#2787);
#2175=LINE('',#13871,#2788);
#2176=LINE('',#13894,#2789);
#2177=LINE('',#13917,#2790);
#2178=LINE('',#13940,#2791);
#2179=LINE('',#13963,#2792);
#2180=LINE('',#13966,#2793);
#2181=LINE('',#13968,#2794);
#2182=LINE('',#13969,#2795);
#2183=LINE('',#13971,#2796);
#2184=LINE('',#13972,#2797);
#2185=LINE('',#13975,#2798);
#2186=LINE('',#13977,#2799);
#2187=LINE('',#13978,#2800);
#2188=LINE('',#13981,#2801);
#2189=LINE('',#13982,#2802);
#2190=LINE('',#13999,#2803);
#2191=LINE('',#14016,#2804);
#2192=LINE('',#14033,#2805);
#2193=LINE('',#14050,#2806);
#2194=LINE('',#14053,#2807);
#2195=LINE('',#14054,#2808);
#2196=LINE('',#14071,#2809);
#2197=LINE('',#14088,#2810);
#2198=LINE('',#14105,#2811);
#2199=LINE('',#14122,#2812);
#2200=LINE('',#14125,#2813);
#2201=LINE('',#14126,#2814);
#2202=LINE('',#14143,#2815);
#2203=LINE('',#14160,#2816);
#2204=LINE('',#14177,#2817);
#2205=LINE('',#14180,#2818);
#2206=LINE('',#14181,#2819);
#2207=LINE('',#14198,#2820);
#2208=LINE('',#14215,#2821);
#2209=LINE('',#14232,#2822);
#2210=LINE('',#14249,#2823);
#2211=LINE('',#14251,#2824);
#2212=LINE('',#14269,#2825);
#2213=LINE('',#14275,#2826);
#2214=LINE('',#14294,#2827);
#2215=LINE('',#14313,#2828);
#2216=LINE('',#14332,#2829);
#2217=LINE('',#14335,#2830);
#2218=LINE('',#14337,#2831);
#2219=LINE('',#14338,#2832);
#2220=LINE('',#14357,#2833);
#2221=LINE('',#14376,#2834);
#2222=LINE('',#14395,#2835);
#2223=LINE('',#14414,#2836);
#2224=LINE('',#14416,#2837);
#2225=LINE('',#14417,#2838);
#2226=LINE('',#14422,#2839);
#2227=LINE('',#14424,#2840);
#2228=LINE('',#14426,#2841);
#2229=LINE('',#14427,#2842);
#2230=LINE('',#14430,#2843);
#2231=LINE('',#14432,#2844);
#2232=LINE('',#14433,#2845);
#2233=LINE('',#14436,#2846);
#2234=LINE('',#14438,#2847);
#2235=LINE('',#14439,#2848);
#2236=LINE('',#14442,#2849);
#2237=LINE('',#14444,#2850);
#2238=LINE('',#14445,#2851);
#2239=LINE('',#14448,#2852);
#2240=LINE('',#14450,#2853);
#2241=LINE('',#14451,#2854);
#2242=LINE('',#14454,#2855);
#2243=LINE('',#14456,#2856);
#2244=LINE('',#14457,#2857);
#2245=LINE('',#14460,#2858);
#2246=LINE('',#14462,#2859);
#2247=LINE('',#14463,#2860);
#2248=LINE('',#14466,#2861);
#2249=LINE('',#14468,#2862);
#2250=LINE('',#14469,#2863);
#2251=LINE('',#14472,#2864);
#2252=LINE('',#14474,#2865);
#2253=LINE('',#14475,#2866);
#2254=LINE('',#14477,#2867);
#2255=LINE('',#14478,#2868);
#2256=LINE('',#14494,#2869);
#2257=LINE('',#14500,#2870);
#2258=LINE('',#14519,#2871);
#2259=LINE('',#14538,#2872);
#2260=LINE('',#14557,#2873);
#2261=LINE('',#14576,#2874);
#2262=LINE('',#14595,#2875);
#2263=LINE('',#14614,#2876);
#2264=LINE('',#14617,#2877);
#2265=LINE('',#14619,#2878);
#2266=LINE('',#14620,#2879);
#2267=LINE('',#14639,#2880);
#2268=LINE('',#14658,#2881);
#2269=LINE('',#14677,#2882);
#2270=LINE('',#14696,#2883);
#2271=LINE('',#14715,#2884);
#2272=LINE('',#14734,#2885);
#2273=LINE('',#14753,#2886);
#2274=LINE('',#14772,#2887);
#2275=LINE('',#14775,#2888);
#2276=LINE('',#14777,#2889);
#2277=LINE('',#14778,#2890);
#2278=LINE('',#14798,#2891);
#2279=LINE('',#14805,#2892);
#2280=LINE('',#14807,#2893);
#2281=LINE('',#14809,#2894);
#2282=LINE('',#14810,#2895);
#2283=LINE('',#14814,#2896);
#2284=LINE('',#14815,#2897);
#2285=LINE('',#14816,#2898);
#2286=LINE('',#14820,#2899);
#2287=LINE('',#14822,#2900);
#2288=LINE('',#14824,#2901);
#2289=LINE('',#14825,#2902);
#2290=LINE('',#14829,#2903);
#2291=LINE('',#14830,#2904);
#2292=LINE('',#14831,#2905);
#2293=LINE('',#14835,#2906);
#2294=LINE('',#14837,#2907);
#2295=LINE('',#14839,#2908);
#2296=LINE('',#14840,#2909);
#2297=LINE('',#14844,#2910);
#2298=LINE('',#14845,#2911);
#2299=LINE('',#14846,#2912);
#2300=LINE('',#14850,#2913);
#2301=LINE('',#14852,#2914);
#2302=LINE('',#14854,#2915);
#2303=LINE('',#14855,#2916);
#2304=LINE('',#14859,#2917);
#2305=LINE('',#14860,#2918);
#2306=LINE('',#14861,#2919);
#2307=LINE('',#14865,#2920);
#2308=LINE('',#14867,#2921);
#2309=LINE('',#14869,#2922);
#2310=LINE('',#14871,#2923);
#2311=LINE('',#14872,#2924);
#2312=LINE('',#14876,#2925);
#2313=LINE('',#14878,#2926);
#2314=LINE('',#14880,#2927);
#2315=LINE('',#14881,#2928);
#2316=LINE('',#14885,#2929);
#2317=LINE('',#14887,#2930);
#2318=LINE('',#14888,#2931);
#2319=LINE('',#14889,#2932);
#2320=LINE('',#14893,#2933);
#2321=LINE('',#14894,#2934);
#2322=LINE('',#14895,#2935);
#2323=LINE('',#14898,#2936);
#2324=LINE('',#14899,#2937);
#2325=LINE('',#14900,#2938);
#2326=LINE('',#14903,#2939);
#2327=LINE('',#14904,#2940);
#2328=LINE('',#14908,#2941);
#2329=LINE('',#14910,#2942);
#2330=LINE('',#14912,#2943);
#2331=LINE('',#14913,#2944);
#2332=LINE('',#14916,#2945);
#2333=LINE('',#14918,#2946);
#2334=LINE('',#14919,#2947);
#2335=LINE('',#14922,#2948);
#2336=LINE('',#14924,#2949);
#2337=LINE('',#14926,#2950);
#2338=LINE('',#14927,#2951);
#2339=LINE('',#14929,#2952);
#2340=LINE('',#14930,#2953);
#2341=LINE('',#14931,#2954);
#2342=LINE('',#14934,#2955);
#2343=LINE('',#14936,#2956);
#2344=LINE('',#14937,#2957);
#2345=LINE('',#14940,#2958);
#2346=LINE('',#14942,#2959);
#2347=LINE('',#14943,#2960);
#2348=LINE('',#14946,#2961);
#2349=LINE('',#14947,#2962);
#2350=LINE('',#14950,#2963);
#2351=LINE('',#14952,#2964);
#2352=LINE('',#14953,#2965);
#2353=LINE('',#14956,#2966);
#2354=LINE('',#14957,#2967);
#2355=LINE('',#14959,#2968);
#2356=LINE('',#14960,#2969);
#2357=LINE('',#14962,#2970);
#2358=LINE('',#14963,#2971);
#2359=LINE('',#14966,#2972);
#2360=LINE('',#14967,#2973);
#2361=LINE('',#14969,#2974);
#2362=LINE('',#14971,#2975);
#2363=LINE('',#14972,#2976);
#2364=LINE('',#14973,#2977);
#2365=LINE('',#14975,#2978);
#2366=LINE('',#14977,#2979);
#2367=LINE('',#14978,#2980);
#2368=LINE('',#14980,#2981);
#2369=LINE('',#14981,#2982);
#2370=LINE('',#14983,#2983);
#2371=LINE('',#14985,#2984);
#2372=LINE('',#14986,#2985);
#2373=LINE('',#14988,#2986);
#2374=LINE('',#14989,#2987);
#2375=LINE('',#14991,#2988);
#2376=LINE('',#14994,#2989);
#2377=LINE('',#14995,#2990);
#2378=LINE('',#14997,#2991);
#2379=LINE('',#15002,#2992);
#2380=LINE('',#15003,#2993);
#2381=LINE('',#15004,#2994);
#2382=LINE('',#15005,#2995);
#2383=LINE('',#15008,#2996);
#2384=LINE('',#15009,#2997);
#2385=LINE('',#15012,#2998);
#2386=LINE('',#15013,#2999);
#2387=LINE('',#15015,#3000);
#2388=LINE('',#15017,#3001);
#2389=LINE('',#15020,#3002);
#2390=LINE('',#15024,#3003);
#2391=LINE('',#15025,#3004);
#2392=LINE('',#15028,#3005);
#2393=LINE('',#15029,#3006);
#2394=LINE('',#15031,#3007);
#2395=LINE('',#15035,#3008);
#2396=LINE('',#15036,#3009);
#2397=LINE('',#15039,#3010);
#2398=LINE('',#15040,#3011);
#2399=LINE('',#15042,#3012);
#2400=LINE('',#15046,#3013);
#2401=LINE('',#15048,#3014);
#2402=LINE('',#15049,#3015);
#2403=LINE('',#15052,#3016);
#2404=LINE('',#15054,#3017);
#2405=LINE('',#15055,#3018);
#2406=LINE('',#15057,#3019);
#2407=LINE('',#15058,#3020);
#2408=LINE('',#15061,#3021);
#2409=LINE('',#15062,#3022);
#2410=LINE('',#15065,#3023);
#2411=LINE('',#15066,#3024);
#2412=LINE('',#15068,#3025);
#2413=LINE('',#15071,#3026);
#2414=LINE('',#15074,#3027);
#2415=VECTOR('',#7711,0.197505010915623);
#2416=VECTOR('',#7718,10.);
#2417=VECTOR('',#7719,10.);
#2418=VECTOR('',#7720,10.);
#2419=VECTOR('',#7721,10.);
#2420=VECTOR('',#7724,10.);
#2421=VECTOR('',#7725,10.);
#2422=VECTOR('',#7726,10.);
#2423=VECTOR('',#7727,10.);
#2424=VECTOR('',#7728,10.);
#2425=VECTOR('',#7729,10.);
#2426=VECTOR('',#7730,10.);
#2427=VECTOR('',#7733,10.);
#2428=VECTOR('',#7734,10.);
#2429=VECTOR('',#7735,10.);
#2430=VECTOR('',#7736,10.);
#2431=VECTOR('',#7737,10.);
#2432=VECTOR('',#7738,10.);
#2433=VECTOR('',#7739,10.);
#2434=VECTOR('',#7742,10.);
#2435=VECTOR('',#7743,10.);
#2436=VECTOR('',#7744,10.);
#2437=VECTOR('',#7747,10.);
#2438=VECTOR('',#7748,10.);
#2439=VECTOR('',#7749,10.);
#2440=VECTOR('',#7752,10.);
#2441=VECTOR('',#7753,10.);
#2442=VECTOR('',#7754,10.);
#2443=VECTOR('',#7755,10.);
#2444=VECTOR('',#7756,10.);
#2445=VECTOR('',#7757,10.);
#2446=VECTOR('',#7758,10.);
#2447=VECTOR('',#7761,10.);
#2448=VECTOR('',#7762,10.);
#2449=VECTOR('',#7763,10.);
#2450=VECTOR('',#7766,10.);
#2451=VECTOR('',#7767,10.);
#2452=VECTOR('',#7768,10.);
#2453=VECTOR('',#7769,10.);
#2454=VECTOR('',#7770,10.);
#2455=VECTOR('',#7771,10.);
#2456=VECTOR('',#7772,10.);
#2457=VECTOR('',#7775,10.);
#2458=VECTOR('',#7776,10.);
#2459=VECTOR('',#7777,10.);
#2460=VECTOR('',#7780,10.);
#2461=VECTOR('',#7781,10.);
#2462=VECTOR('',#7782,10.);
#2463=VECTOR('',#7785,10.);
#2464=VECTOR('',#7786,10.);
#2465=VECTOR('',#7787,10.);
#2466=VECTOR('',#7790,10.);
#2467=VECTOR('',#7791,10.);
#2468=VECTOR('',#7792,10.);
#2469=VECTOR('',#7795,10.);
#2470=VECTOR('',#7796,10.);
#2471=VECTOR('',#7797,10.);
#2472=VECTOR('',#7798,10.);
#2473=VECTOR('',#7799,10.);
#2474=VECTOR('',#7800,10.);
#2475=VECTOR('',#7801,10.);
#2476=VECTOR('',#7804,10.);
#2477=VECTOR('',#7805,10.);
#2478=VECTOR('',#7806,10.);
#2479=VECTOR('',#7807,10.);
#2480=VECTOR('',#7808,10.);
#2481=VECTOR('',#7809,10.);
#2482=VECTOR('',#7810,10.);
#2483=VECTOR('',#7813,10.);
#2484=VECTOR('',#7814,10.);
#2485=VECTOR('',#7815,10.);
#2486=VECTOR('',#7818,10.);
#2487=VECTOR('',#7819,10.);
#2488=VECTOR('',#7824,10.);
#2489=VECTOR('',#7825,10.);
#2490=VECTOR('',#7826,10.);
#2491=VECTOR('',#7827,10.);
#2492=VECTOR('',#7830,10.);
#2493=VECTOR('',#7831,10.);
#2494=VECTOR('',#7832,10.);
#2495=VECTOR('',#7835,10.);
#2496=VECTOR('',#7836,10.);
#2497=VECTOR('',#7837,10.);
#2498=VECTOR('',#7840,10.);
#2499=VECTOR('',#7841,10.);
#2500=VECTOR('',#7842,10.);
#2501=VECTOR('',#7845,10.);
#2502=VECTOR('',#7846,10.);
#2503=VECTOR('',#7847,10.);
#2504=VECTOR('',#7848,10.);
#2505=VECTOR('',#7849,10.);
#2506=VECTOR('',#7850,10.);
#2507=VECTOR('',#7851,10.);
#2508=VECTOR('',#7854,10.);
#2509=VECTOR('',#7855,10.);
#2510=VECTOR('',#7856,10.);
#2511=VECTOR('',#7857,10.);
#2512=VECTOR('',#7858,10.);
#2513=VECTOR('',#7859,10.);
#2514=VECTOR('',#7860,10.);
#2515=VECTOR('',#7863,10.);
#2516=VECTOR('',#7864,10.);
#2517=VECTOR('',#7865,10.);
#2518=VECTOR('',#7868,10.);
#2519=VECTOR('',#7869,10.);
#2520=VECTOR('',#7870,10.);
#2521=VECTOR('',#7873,10.);
#2522=VECTOR('',#7874,10.);
#2523=VECTOR('',#7875,10.);
#2524=VECTOR('',#7876,10.);
#2525=VECTOR('',#7877,10.);
#2526=VECTOR('',#7878,10.);
#2527=VECTOR('',#7879,10.);
#2528=VECTOR('',#7882,10.);
#2529=VECTOR('',#7883,10.);
#2530=VECTOR('',#7884,10.);
#2531=VECTOR('',#7887,10.);
#2532=VECTOR('',#7888,10.);
#2533=VECTOR('',#7889,10.);
#2534=VECTOR('',#7892,10.);
#2535=VECTOR('',#7893,10.);
#2536=VECTOR('',#7894,10.);
#2537=VECTOR('',#7897,10.);
#2538=VECTOR('',#7898,10.);
#2539=VECTOR('',#7899,10.);
#2540=VECTOR('',#7900,10.);
#2541=VECTOR('',#7901,10.);
#2542=VECTOR('',#7902,10.);
#2543=VECTOR('',#7903,10.);
#2544=VECTOR('',#7906,10.);
#2545=VECTOR('',#7907,10.);
#2546=VECTOR('',#7908,10.);
#2547=VECTOR('',#7911,10.);
#2548=VECTOR('',#7912,10.);
#2549=VECTOR('',#7913,10.);
#2550=VECTOR('',#7916,10.);
#2551=VECTOR('',#7917,10.);
#2552=VECTOR('',#7918,10.);
#2553=VECTOR('',#7919,10.);
#2554=VECTOR('',#7920,10.);
#2555=VECTOR('',#7921,10.);
#2556=VECTOR('',#7922,10.);
#2557=VECTOR('',#7925,10.);
#2558=VECTOR('',#7926,10.);
#2559=VECTOR('',#7927,10.);
#2560=VECTOR('',#7928,10.);
#2561=VECTOR('',#7929,10.);
#2562=VECTOR('',#7930,10.);
#2563=VECTOR('',#7931,10.);
#2564=VECTOR('',#7934,10.);
#2565=VECTOR('',#7935,10.);
#2566=VECTOR('',#7936,10.);
#2567=VECTOR('',#7939,10.);
#2568=VECTOR('',#7940,10.);
#2569=VECTOR('',#7941,10.);
#2570=VECTOR('',#7944,10.);
#2571=VECTOR('',#7945,10.);
#2572=VECTOR('',#7946,10.);
#2573=VECTOR('',#7949,10.);
#2574=VECTOR('',#7950,10.);
#2575=VECTOR('',#7953,10.);
#2576=VECTOR('',#7954,10.);
#2577=VECTOR('',#7955,10.);
#2578=VECTOR('',#7956,10.);
#2579=VECTOR('',#7957,10.);
#2580=VECTOR('',#7958,10.);
#2581=VECTOR('',#7959,10.);
#2582=VECTOR('',#7962,10.);
#2583=VECTOR('',#7963,10.);
#2584=VECTOR('',#7964,10.);
#2585=VECTOR('',#7965,10.);
#2586=VECTOR('',#7966,10.);
#2587=VECTOR('',#7967,10.);
#2588=VECTOR('',#7968,10.);
#2589=VECTOR('',#7969,10.);
#2590=VECTOR('',#7970,10.);
#2591=VECTOR('',#7973,10.);
#2592=VECTOR('',#7974,10.);
#2593=VECTOR('',#7977,10.);
#2594=VECTOR('',#7978,10.);
#2595=VECTOR('',#7979,10.);
#2596=VECTOR('',#7980,10.);
#2597=VECTOR('',#7981,10.);
#2598=VECTOR('',#7982,10.);
#2599=VECTOR('',#7983,10.);
#2600=VECTOR('',#7984,10.);
#2601=VECTOR('',#7985,10.);
#2602=VECTOR('',#7986,10.);
#2603=VECTOR('',#7987,10.);
#2604=VECTOR('',#7990,10.);
#2605=VECTOR('',#7991,10.);
#2606=VECTOR('',#7992,10.);
#2607=VECTOR('',#7993,10.);
#2608=VECTOR('',#7994,10.);
#2609=VECTOR('',#7995,10.);
#2610=VECTOR('',#7996,10.);
#2611=VECTOR('',#7997,10.);
#2612=VECTOR('',#7998,10.);
#2613=VECTOR('',#8003,10.);
#2614=VECTOR('',#8004,10.);
#2615=VECTOR('',#8005,10.);
#2616=VECTOR('',#8006,10.);
#2617=VECTOR('',#8007,10.);
#2618=VECTOR('',#8008,10.);
#2619=VECTOR('',#8009,10.);
#2620=VECTOR('',#8010,10.);
#2621=VECTOR('',#8011,10.);
#2622=VECTOR('',#8012,10.);
#2623=VECTOR('',#8013,10.);
#2624=VECTOR('',#8014,10.);
#2625=VECTOR('',#8017,10.);
#2626=VECTOR('',#8018,10.);
#2627=VECTOR('',#8019,10.);
#2628=VECTOR('',#8020,10.);
#2629=VECTOR('',#8021,10.);
#2630=VECTOR('',#8022,10.);
#2631=VECTOR('',#8023,10.);
#2632=VECTOR('',#8024,10.);
#2633=VECTOR('',#8025,10.);
#2634=VECTOR('',#8026,10.);
#2635=VECTOR('',#8027,10.);
#2636=VECTOR('',#8030,10.);
#2637=VECTOR('',#8031,10.);
#2638=VECTOR('',#8032,10.);
#2639=VECTOR('',#8033,10.);
#2640=VECTOR('',#8034,10.);
#2641=VECTOR('',#8035,10.);
#2642=VECTOR('',#8036,10.);
#2643=VECTOR('',#8037,10.);
#2644=VECTOR('',#8038,10.);
#2645=VECTOR('',#8041,10.);
#2646=VECTOR('',#8042,10.);
#2647=VECTOR('',#8045,10.);
#2648=VECTOR('',#8046,10.);
#2649=VECTOR('',#8047,10.);
#2650=VECTOR('',#8048,10.);
#2651=VECTOR('',#8049,10.);
#2652=VECTOR('',#8050,10.);
#2653=VECTOR('',#8051,10.);
#2654=VECTOR('',#8052,10.);
#2655=VECTOR('',#8053,10.);
#2656=VECTOR('',#8054,10.);
#2657=VECTOR('',#8057,10.);
#2658=VECTOR('',#8058,10.);
#2659=VECTOR('',#8059,10.);
#2660=VECTOR('',#8060,10.);
#2661=VECTOR('',#8061,10.);
#2662=VECTOR('',#8062,10.);
#2663=VECTOR('',#8063,10.);
#2664=VECTOR('',#8064,10.);
#2665=VECTOR('',#8069,10.);
#2666=VECTOR('',#8070,10.);
#2667=VECTOR('',#8071,10.);
#2668=VECTOR('',#8072,10.);
#2669=VECTOR('',#8073,10.);
#2670=VECTOR('',#8074,10.);
#2671=VECTOR('',#8075,10.);
#2672=VECTOR('',#8076,10.);
#2673=VECTOR('',#8077,10.);
#2674=VECTOR('',#8078,10.);
#2675=VECTOR('',#8079,10.);
#2676=VECTOR('',#8080,10.);
#2677=VECTOR('',#8081,10.);
#2678=VECTOR('',#8082,10.);
#2679=VECTOR('',#8083,10.);
#2680=VECTOR('',#8084,10.);
#2681=VECTOR('',#8085,10.);
#2682=VECTOR('',#8086,10.);
#2683=VECTOR('',#8087,10.);
#2684=VECTOR('',#8088,10.);
#2685=VECTOR('',#8089,10.);
#2686=VECTOR('',#8090,10.);
#2687=VECTOR('',#8091,10.);
#2688=VECTOR('',#8092,10.);
#2689=VECTOR('',#8093,10.);
#2690=VECTOR('',#8094,10.);
#2691=VECTOR('',#8095,10.);
#2692=VECTOR('',#8096,10.);
#2693=VECTOR('',#8097,10.);
#2694=VECTOR('',#8098,10.);
#2695=VECTOR('',#8099,10.);
#2696=VECTOR('',#8100,10.);
#2697=VECTOR('',#8105,10.);
#2698=VECTOR('',#8106,10.);
#2699=VECTOR('',#8107,10.);
#2700=VECTOR('',#8108,10.);
#2701=VECTOR('',#8109,10.);
#2702=VECTOR('',#8110,10.);
#2703=VECTOR('',#8111,10.);
#2704=VECTOR('',#8112,10.);
#2705=VECTOR('',#8113,10.);
#2706=VECTOR('',#8114,10.);
#2707=VECTOR('',#8115,10.);
#2708=VECTOR('',#8116,10.);
#2709=VECTOR('',#8117,10.);
#2710=VECTOR('',#8118,10.);
#2711=VECTOR('',#8119,10.);
#2712=VECTOR('',#8120,10.);
#2713=VECTOR('',#8121,10.);
#2714=VECTOR('',#8122,10.);
#2715=VECTOR('',#8123,10.);
#2716=VECTOR('',#8124,10.);
#2717=VECTOR('',#8125,10.);
#2718=VECTOR('',#8126,10.);
#2719=VECTOR('',#8127,10.);
#2720=VECTOR('',#8128,10.);
#2721=VECTOR('',#8129,10.);
#2722=VECTOR('',#8130,10.);
#2723=VECTOR('',#8131,10.);
#2724=VECTOR('',#8132,10.);
#2725=VECTOR('',#8133,10.);
#2726=VECTOR('',#8134,10.);
#2727=VECTOR('',#8135,10.);
#2728=VECTOR('',#8136,10.);
#2729=VECTOR('',#8145,10.);
#2730=VECTOR('',#8146,10.);
#2731=VECTOR('',#8147,10.);
#2732=VECTOR('',#8148,10.);
#2733=VECTOR('',#8149,10.);
#2734=VECTOR('',#8150,10.);
#2735=VECTOR('',#8151,10.);
#2736=VECTOR('',#8154,10.);
#2737=VECTOR('',#8155,10.);
#2738=VECTOR('',#8156,10.);
#2739=VECTOR('',#8157,10.);
#2740=VECTOR('',#8158,10.);
#2741=VECTOR('',#8159,10.);
#2742=VECTOR('',#8160,10.);
#2743=VECTOR('',#8161,10.);
#2744=VECTOR('',#8162,10.);
#2745=VECTOR('',#8163,10.);
#2746=VECTOR('',#8164,10.);
#2747=VECTOR('',#8165,10.);
#2748=VECTOR('',#8166,10.);
#2749=VECTOR('',#8167,10.);
#2750=VECTOR('',#8168,10.);
#2751=VECTOR('',#8169,10.);
#2752=VECTOR('',#8170,10.);
#2753=VECTOR('',#8171,10.);
#2754=VECTOR('',#8172,10.);
#2755=VECTOR('',#8173,10.);
#2756=VECTOR('',#8176,10.);
#2757=VECTOR('',#8177,10.);
#2758=VECTOR('',#8178,10.);
#2759=VECTOR('',#8179,10.);
#2760=VECTOR('',#8180,10.);
#2761=VECTOR('',#8181,10.);
#2762=VECTOR('',#8184,10.);
#2763=VECTOR('',#8185,10.);
#2764=VECTOR('',#8186,10.);
#2765=VECTOR('',#8187,10.);
#2766=VECTOR('',#8188,10.);
#2767=VECTOR('',#8189,10.);
#2768=VECTOR('',#8190,10.);
#2769=VECTOR('',#8191,10.);
#2770=VECTOR('',#8192,10.);
#2771=VECTOR('',#8193,10.);
#2772=VECTOR('',#8194,10.);
#2773=VECTOR('',#8195,10.);
#2774=VECTOR('',#8196,10.);
#2775=VECTOR('',#8197,10.);
#2776=VECTOR('',#8198,10.);
#2777=VECTOR('',#8199,10.);
#2778=VECTOR('',#8200,10.);
#2779=VECTOR('',#8205,10.);
#2780=VECTOR('',#8206,10.);
#2781=VECTOR('',#8207,10.);
#2782=VECTOR('',#8208,10.);
#2783=VECTOR('',#8209,10.);
#2784=VECTOR('',#8210,10.);
#2785=VECTOR('',#8211,10.);
#2786=VECTOR('',#8214,10.);
#2787=VECTOR('',#8215,10.);
#2788=VECTOR('',#8216,10.);
#2789=VECTOR('',#8217,10.);
#2790=VECTOR('',#8218,10.);
#2791=VECTOR('',#8219,10.);
#2792=VECTOR('',#8220,10.);
#2793=VECTOR('',#8223,10.);
#2794=VECTOR('',#8224,10.);
#2795=VECTOR('',#8225,10.);
#2796=VECTOR('',#8228,10.);
#2797=VECTOR('',#8229,10.);
#2798=VECTOR('',#8232,10.);
#2799=VECTOR('',#8233,10.);
#2800=VECTOR('',#8234,10.);
#2801=VECTOR('',#8237,10.);
#2802=VECTOR('',#8238,10.);
#2803=VECTOR('',#8239,10.);
#2804=VECTOR('',#8240,10.);
#2805=VECTOR('',#8241,10.);
#2806=VECTOR('',#8242,10.);
#2807=VECTOR('',#8245,10.);
#2808=VECTOR('',#8246,10.);
#2809=VECTOR('',#8247,10.);
#2810=VECTOR('',#8248,10.);
#2811=VECTOR('',#8249,10.);
#2812=VECTOR('',#8250,10.);
#2813=VECTOR('',#8253,10.);
#2814=VECTOR('',#8254,10.);
#2815=VECTOR('',#8255,10.);
#2816=VECTOR('',#8256,10.);
#2817=VECTOR('',#8257,10.);
#2818=VECTOR('',#8260,10.);
#2819=VECTOR('',#8261,10.);
#2820=VECTOR('',#8262,10.);
#2821=VECTOR('',#8263,10.);
#2822=VECTOR('',#8264,10.);
#2823=VECTOR('',#8265,10.);
#2824=VECTOR('',#8268,10.);
#2825=VECTOR('',#8273,10.);
#2826=VECTOR('',#8274,10.);
#2827=VECTOR('',#8275,10.);
#2828=VECTOR('',#8276,10.);
#2829=VECTOR('',#8277,10.);
#2830=VECTOR('',#8280,10.);
#2831=VECTOR('',#8281,10.);
#2832=VECTOR('',#8282,10.);
#2833=VECTOR('',#8283,10.);
#2834=VECTOR('',#8284,10.);
#2835=VECTOR('',#8285,10.);
#2836=VECTOR('',#8286,10.);
#2837=VECTOR('',#8289,10.);
#2838=VECTOR('',#8290,10.);
#2839=VECTOR('',#8295,10.);
#2840=VECTOR('',#8296,10.);
#2841=VECTOR('',#8297,10.);
#2842=VECTOR('',#8298,10.);
#2843=VECTOR('',#8301,10.);
#2844=VECTOR('',#8302,10.);
#2845=VECTOR('',#8303,10.);
#2846=VECTOR('',#8306,10.);
#2847=VECTOR('',#8307,10.);
#2848=VECTOR('',#8308,10.);
#2849=VECTOR('',#8311,10.);
#2850=VECTOR('',#8312,10.);
#2851=VECTOR('',#8313,10.);
#2852=VECTOR('',#8316,10.);
#2853=VECTOR('',#8317,10.);
#2854=VECTOR('',#8318,10.);
#2855=VECTOR('',#8321,10.);
#2856=VECTOR('',#8322,10.);
#2857=VECTOR('',#8323,10.);
#2858=VECTOR('',#8326,10.);
#2859=VECTOR('',#8327,10.);
#2860=VECTOR('',#8328,10.);
#2861=VECTOR('',#8331,10.);
#2862=VECTOR('',#8332,10.);
#2863=VECTOR('',#8333,10.);
#2864=VECTOR('',#8336,10.);
#2865=VECTOR('',#8337,10.);
#2866=VECTOR('',#8338,10.);
#2867=VECTOR('',#8341,10.);
#2868=VECTOR('',#8342,10.);
#2869=VECTOR('',#8343,10.);
#2870=VECTOR('',#8344,10.);
#2871=VECTOR('',#8345,10.);
#2872=VECTOR('',#8346,10.);
#2873=VECTOR('',#8347,10.);
#2874=VECTOR('',#8348,10.);
#2875=VECTOR('',#8349,10.);
#2876=VECTOR('',#8350,10.);
#2877=VECTOR('',#8353,10.);
#2878=VECTOR('',#8354,10.);
#2879=VECTOR('',#8355,10.);
#2880=VECTOR('',#8356,10.);
#2881=VECTOR('',#8357,10.);
#2882=VECTOR('',#8358,10.);
#2883=VECTOR('',#8359,10.);
#2884=VECTOR('',#8360,10.);
#2885=VECTOR('',#8361,10.);
#2886=VECTOR('',#8362,10.);
#2887=VECTOR('',#8363,10.);
#2888=VECTOR('',#8366,10.);
#2889=VECTOR('',#8367,10.);
#2890=VECTOR('',#8368,10.);
#2891=VECTOR('',#8373,1.05833333333333);
#2892=VECTOR('',#8382,10.);
#2893=VECTOR('',#8383,10.);
#2894=VECTOR('',#8384,10.);
#2895=VECTOR('',#8385,10.);
#2896=VECTOR('',#8388,10.);
#2897=VECTOR('',#8389,10.);
#2898=VECTOR('',#8390,10.);
#2899=VECTOR('',#8393,10.);
#2900=VECTOR('',#8394,10.);
#2901=VECTOR('',#8395,10.);
#2902=VECTOR('',#8396,10.);
#2903=VECTOR('',#8399,10.);
#2904=VECTOR('',#8400,10.);
#2905=VECTOR('',#8401,10.);
#2906=VECTOR('',#8404,10.);
#2907=VECTOR('',#8405,10.);
#2908=VECTOR('',#8406,10.);
#2909=VECTOR('',#8407,10.);
#2910=VECTOR('',#8410,10.);
#2911=VECTOR('',#8411,10.);
#2912=VECTOR('',#8412,10.);
#2913=VECTOR('',#8415,10.);
#2914=VECTOR('',#8416,10.);
#2915=VECTOR('',#8417,10.);
#2916=VECTOR('',#8418,10.);
#2917=VECTOR('',#8421,10.);
#2918=VECTOR('',#8422,10.);
#2919=VECTOR('',#8423,10.);
#2920=VECTOR('',#8426,10.);
#2921=VECTOR('',#8427,10.);
#2922=VECTOR('',#8428,10.);
#2923=VECTOR('',#8429,10.);
#2924=VECTOR('',#8430,10.);
#2925=VECTOR('',#8433,10.);
#2926=VECTOR('',#8434,10.);
#2927=VECTOR('',#8435,10.);
#2928=VECTOR('',#8436,10.);
#2929=VECTOR('',#8439,10.);
#2930=VECTOR('',#8440,10.);
#2931=VECTOR('',#8441,10.);
#2932=VECTOR('',#8442,10.);
#2933=VECTOR('',#8445,10.);
#2934=VECTOR('',#8446,10.);
#2935=VECTOR('',#8447,10.);
#2936=VECTOR('',#8450,10.);
#2937=VECTOR('',#8451,10.);
#2938=VECTOR('',#8452,10.);
#2939=VECTOR('',#8455,10.);
#2940=VECTOR('',#8456,10.);
#2941=VECTOR('',#8459,10.);
#2942=VECTOR('',#8460,10.);
#2943=VECTOR('',#8461,10.);
#2944=VECTOR('',#8462,10.);
#2945=VECTOR('',#8465,10.);
#2946=VECTOR('',#8466,10.);
#2947=VECTOR('',#8467,10.);
#2948=VECTOR('',#8470,10.);
#2949=VECTOR('',#8471,10.);
#2950=VECTOR('',#8472,10.);
#2951=VECTOR('',#8473,10.);
#2952=VECTOR('',#8474,10.);
#2953=VECTOR('',#8475,10.);
#2954=VECTOR('',#8476,10.);
#2955=VECTOR('',#8479,10.);
#2956=VECTOR('',#8480,10.);
#2957=VECTOR('',#8481,10.);
#2958=VECTOR('',#8484,10.);
#2959=VECTOR('',#8485,10.);
#2960=VECTOR('',#8486,10.);
#2961=VECTOR('',#8489,10.);
#2962=VECTOR('',#8490,10.);
#2963=VECTOR('',#8493,10.);
#2964=VECTOR('',#8494,10.);
#2965=VECTOR('',#8495,10.);
#2966=VECTOR('',#8498,10.);
#2967=VECTOR('',#8499,10.);
#2968=VECTOR('',#8500,10.);
#2969=VECTOR('',#8501,10.);
#2970=VECTOR('',#8502,10.);
#2971=VECTOR('',#8503,10.);
#2972=VECTOR('',#8506,10.);
#2973=VECTOR('',#8507,10.);
#2974=VECTOR('',#8508,10.);
#2975=VECTOR('',#8509,10.);
#2976=VECTOR('',#8510,10.);
#2977=VECTOR('',#8511,10.);
#2978=VECTOR('',#8512,10.);
#2979=VECTOR('',#8513,10.);
#2980=VECTOR('',#8514,10.);
#2981=VECTOR('',#8515,10.);
#2982=VECTOR('',#8516,10.);
#2983=VECTOR('',#8517,10.);
#2984=VECTOR('',#8518,10.);
#2985=VECTOR('',#8519,10.);
#2986=VECTOR('',#8520,10.);
#2987=VECTOR('',#8521,10.);
#2988=VECTOR('',#8524,10.);
#2989=VECTOR('',#8527,10.);
#2990=VECTOR('',#8528,10.);
#2991=VECTOR('',#8531,10.);
#2992=VECTOR('',#8536,10.);
#2993=VECTOR('',#8537,10.);
#2994=VECTOR('',#8538,10.);
#2995=VECTOR('',#8539,10.);
#2996=VECTOR('',#8542,10.);
#2997=VECTOR('',#8543,10.);
#2998=VECTOR('',#8546,10.);
#2999=VECTOR('',#8547,10.);
#3000=VECTOR('',#8550,10.);
#3001=VECTOR('',#8553,10.);
#3002=VECTOR('',#8558,10.);
#3003=VECTOR('',#8563,10.);
#3004=VECTOR('',#8564,10.);
#3005=VECTOR('',#8567,10.);
#3006=VECTOR('',#8568,10.);
#3007=VECTOR('',#8571,10.);
#3008=VECTOR('',#8576,10.);
#3009=VECTOR('',#8577,10.);
#3010=VECTOR('',#8580,10.);
#3011=VECTOR('',#8581,10.);
#3012=VECTOR('',#8584,10.);
#3013=VECTOR('',#8589,10.);
#3014=VECTOR('',#8590,10.);
#3015=VECTOR('',#8591,10.);
#3016=VECTOR('',#8594,10.);
#3017=VECTOR('',#8595,10.);
#3018=VECTOR('',#8596,10.);
#3019=VECTOR('',#8599,10.);
#3020=VECTOR('',#8600,10.);
#3021=VECTOR('',#8603,10.);
#3022=VECTOR('',#8604,10.);
#3023=VECTOR('',#8607,10.);
#3024=VECTOR('',#8608,10.);
#3025=VECTOR('',#8611,10.);
#3026=VECTOR('',#8616,10.);
#3027=VECTOR('',#8621,10.);
#3028=CIRCLE('',#7554,0.197505010915623);
#3029=CIRCLE('',#7555,0.197505010915623);
#3030=CIRCLE('',#7602,1.05833333333333);
#3031=CIRCLE('',#7647,1.05833333333333);
#3032=VERTEX_POINT('',#8626);
#3033=VERTEX_POINT('',#8628);
#3034=VERTEX_POINT('',#8633);
#3035=VERTEX_POINT('',#8634);
#3036=VERTEX_POINT('',#8636);
#3037=VERTEX_POINT('',#8638);
#3038=VERTEX_POINT('',#8642);
#3039=VERTEX_POINT('',#8644);
#3040=VERTEX_POINT('',#8657);
#3041=VERTEX_POINT('',#8663);
#3042=VERTEX_POINT('',#8680);
#3043=VERTEX_POINT('',#8686);
#3044=VERTEX_POINT('',#8703);
#3045=VERTEX_POINT('',#8709);
#3046=VERTEX_POINT('',#8726);
#3047=VERTEX_POINT('',#8732);
#3048=VERTEX_POINT('',#8740);
#3049=VERTEX_POINT('',#8742);
#3050=VERTEX_POINT('',#8755);
#3051=VERTEX_POINT('',#8761);
#3052=VERTEX_POINT('',#8778);
#3053=VERTEX_POINT('',#8784);
#3054=VERTEX_POINT('',#8801);
#3055=VERTEX_POINT('',#8807);
#3056=VERTEX_POINT('',#8824);
#3057=VERTEX_POINT('',#8830);
#3058=VERTEX_POINT('',#8838);
#3059=VERTEX_POINT('',#8840);
#3060=VERTEX_POINT('',#8844);
#3061=VERTEX_POINT('',#8846);
#3062=VERTEX_POINT('',#8850);
#3063=VERTEX_POINT('',#8852);
#3064=VERTEX_POINT('',#8865);
#3065=VERTEX_POINT('',#8871);
#3066=VERTEX_POINT('',#8888);
#3067=VERTEX_POINT('',#8894);
#3068=VERTEX_POINT('',#8911);
#3069=VERTEX_POINT('',#8917);
#3070=VERTEX_POINT('',#8934);
#3071=VERTEX_POINT('',#8940);
#3072=VERTEX_POINT('',#8948);
#3073=VERTEX_POINT('',#8950);
#3074=VERTEX_POINT('',#8954);
#3075=VERTEX_POINT('',#8956);
#3076=VERTEX_POINT('',#8969);
#3077=VERTEX_POINT('',#8975);
#3078=VERTEX_POINT('',#8992);
#3079=VERTEX_POINT('',#8998);
#3080=VERTEX_POINT('',#9015);
#3081=VERTEX_POINT('',#9021);
#3082=VERTEX_POINT('',#9038);
#3083=VERTEX_POINT('',#9044);
#3084=VERTEX_POINT('',#9052);
#3085=VERTEX_POINT('',#9054);
#3086=VERTEX_POINT('',#9058);
#3087=VERTEX_POINT('',#9060);
#3088=VERTEX_POINT('',#9064);
#3089=VERTEX_POINT('',#9066);
#3090=VERTEX_POINT('',#9070);
#3091=VERTEX_POINT('',#9072);
#3092=VERTEX_POINT('',#9076);
#3093=VERTEX_POINT('',#9078);
#3094=VERTEX_POINT('',#9091);
#3095=VERTEX_POINT('',#9097);
#3096=VERTEX_POINT('',#9114);
#3097=VERTEX_POINT('',#9120);
#3098=VERTEX_POINT('',#9137);
#3099=VERTEX_POINT('',#9143);
#3100=VERTEX_POINT('',#9160);
#3101=VERTEX_POINT('',#9166);
#3102=VERTEX_POINT('',#9174);
#3103=VERTEX_POINT('',#9176);
#3104=VERTEX_POINT('',#9189);
#3105=VERTEX_POINT('',#9195);
#3106=VERTEX_POINT('',#9212);
#3107=VERTEX_POINT('',#9218);
#3108=VERTEX_POINT('',#9235);
#3109=VERTEX_POINT('',#9241);
#3110=VERTEX_POINT('',#9258);
#3111=VERTEX_POINT('',#9264);
#3112=VERTEX_POINT('',#9272);
#3113=VERTEX_POINT('',#9274);
#3114=VERTEX_POINT('',#9282);
#3115=VERTEX_POINT('',#9283);
#3116=VERTEX_POINT('',#9285);
#3117=VERTEX_POINT('',#9287);
#3118=VERTEX_POINT('',#9291);
#3119=VERTEX_POINT('',#9293);
#3120=VERTEX_POINT('',#9297);
#3121=VERTEX_POINT('',#9299);
#3122=VERTEX_POINT('',#9303);
#3123=VERTEX_POINT('',#9305);
#3124=VERTEX_POINT('',#9309);
#3125=VERTEX_POINT('',#9311);
#3126=VERTEX_POINT('',#9324);
#3127=VERTEX_POINT('',#9330);
#3128=VERTEX_POINT('',#9347);
#3129=VERTEX_POINT('',#9353);
#3130=VERTEX_POINT('',#9370);
#3131=VERTEX_POINT('',#9376);
#3132=VERTEX_POINT('',#9393);
#3133=VERTEX_POINT('',#9399);
#3134=VERTEX_POINT('',#9407);
#3135=VERTEX_POINT('',#9409);
#3136=VERTEX_POINT('',#9422);
#3137=VERTEX_POINT('',#9428);
#3138=VERTEX_POINT('',#9445);
#3139=VERTEX_POINT('',#9451);
#3140=VERTEX_POINT('',#9468);
#3141=VERTEX_POINT('',#9474);
#3142=VERTEX_POINT('',#9491);
#3143=VERTEX_POINT('',#9497);
#3144=VERTEX_POINT('',#9505);
#3145=VERTEX_POINT('',#9507);
#3146=VERTEX_POINT('',#9511);
#3147=VERTEX_POINT('',#9513);
#3148=VERTEX_POINT('',#9517);
#3149=VERTEX_POINT('',#9519);
#3150=VERTEX_POINT('',#9532);
#3151=VERTEX_POINT('',#9538);
#3152=VERTEX_POINT('',#9555);
#3153=VERTEX_POINT('',#9561);
#3154=VERTEX_POINT('',#9578);
#3155=VERTEX_POINT('',#9584);
#3156=VERTEX_POINT('',#9601);
#3157=VERTEX_POINT('',#9607);
#3158=VERTEX_POINT('',#9615);
#3159=VERTEX_POINT('',#9617);
#3160=VERTEX_POINT('',#9621);
#3161=VERTEX_POINT('',#9623);
#3162=VERTEX_POINT('',#9627);
#3163=VERTEX_POINT('',#9629);
#3164=VERTEX_POINT('',#9633);
#3165=VERTEX_POINT('',#9635);
#3166=VERTEX_POINT('',#9648);
#3167=VERTEX_POINT('',#9654);
#3168=VERTEX_POINT('',#9671);
#3169=VERTEX_POINT('',#9677);
#3170=VERTEX_POINT('',#9694);
#3171=VERTEX_POINT('',#9700);
#3172=VERTEX_POINT('',#9717);
#3173=VERTEX_POINT('',#9723);
#3174=VERTEX_POINT('',#9731);
#3175=VERTEX_POINT('',#9733);
#3176=VERTEX_POINT('',#9737);
#3177=VERTEX_POINT('',#9739);
#3178=VERTEX_POINT('',#9743);
#3179=VERTEX_POINT('',#9745);
#3180=VERTEX_POINT('',#9758);
#3181=VERTEX_POINT('',#9764);
#3182=VERTEX_POINT('',#9781);
#3183=VERTEX_POINT('',#9787);
#3184=VERTEX_POINT('',#9804);
#3185=VERTEX_POINT('',#9810);
#3186=VERTEX_POINT('',#9827);
#3187=VERTEX_POINT('',#9833);
#3188=VERTEX_POINT('',#9841);
#3189=VERTEX_POINT('',#9843);
#3190=VERTEX_POINT('',#9856);
#3191=VERTEX_POINT('',#9862);
#3192=VERTEX_POINT('',#9879);
#3193=VERTEX_POINT('',#9885);
#3194=VERTEX_POINT('',#9902);
#3195=VERTEX_POINT('',#9908);
#3196=VERTEX_POINT('',#9925);
#3197=VERTEX_POINT('',#9931);
#3198=VERTEX_POINT('',#9939);
#3199=VERTEX_POINT('',#9941);
#3200=VERTEX_POINT('',#9945);
#3201=VERTEX_POINT('',#9947);
#3202=VERTEX_POINT('',#9951);
#3203=VERTEX_POINT('',#9953);
#3204=VERTEX_POINT('',#9970);
#3205=VERTEX_POINT('',#9971);
#3206=VERTEX_POINT('',#9977);
#3207=VERTEX_POINT('',#9979);
#3208=VERTEX_POINT('',#9996);
#3209=VERTEX_POINT('',#10002);
#3210=VERTEX_POINT('',#10019);
#3211=VERTEX_POINT('',#10025);
#3212=VERTEX_POINT('',#10042);
#3213=VERTEX_POINT('',#10048);
#3214=VERTEX_POINT('',#10065);
#3215=VERTEX_POINT('',#10071);
#3216=VERTEX_POINT('',#10088);
#3217=VERTEX_POINT('',#10094);
#3218=VERTEX_POINT('',#10102);
#3219=VERTEX_POINT('',#10104);
#3220=VERTEX_POINT('',#10117);
#3221=VERTEX_POINT('',#10123);
#3222=VERTEX_POINT('',#10140);
#3223=VERTEX_POINT('',#10146);
#3224=VERTEX_POINT('',#10163);
#3225=VERTEX_POINT('',#10169);
#3226=VERTEX_POINT('',#10186);
#3227=VERTEX_POINT('',#10192);
#3228=VERTEX_POINT('',#10209);
#3229=VERTEX_POINT('',#10215);
#3230=VERTEX_POINT('',#10232);
#3231=VERTEX_POINT('',#10238);
#3232=VERTEX_POINT('',#10249);
#3233=VERTEX_POINT('',#10250);
#3234=VERTEX_POINT('',#10252);
#3235=VERTEX_POINT('',#10254);
#3236=VERTEX_POINT('',#10267);
#3237=VERTEX_POINT('',#10273);
#3238=VERTEX_POINT('',#10290);
#3239=VERTEX_POINT('',#10296);
#3240=VERTEX_POINT('',#10313);
#3241=VERTEX_POINT('',#10319);
#3242=VERTEX_POINT('',#10336);
#3243=VERTEX_POINT('',#10342);
#3244=VERTEX_POINT('',#10359);
#3245=VERTEX_POINT('',#10365);
#3246=VERTEX_POINT('',#10382);
#3247=VERTEX_POINT('',#10388);
#3248=VERTEX_POINT('',#10405);
#3249=VERTEX_POINT('',#10411);
#3250=VERTEX_POINT('',#10419);
#3251=VERTEX_POINT('',#10421);
#3252=VERTEX_POINT('',#10434);
#3253=VERTEX_POINT('',#10440);
#3254=VERTEX_POINT('',#10457);
#3255=VERTEX_POINT('',#10463);
#3256=VERTEX_POINT('',#10480);
#3257=VERTEX_POINT('',#10486);
#3258=VERTEX_POINT('',#10503);
#3259=VERTEX_POINT('',#10509);
#3260=VERTEX_POINT('',#10526);
#3261=VERTEX_POINT('',#10532);
#3262=VERTEX_POINT('',#10549);
#3263=VERTEX_POINT('',#10555);
#3264=VERTEX_POINT('',#10584);
#3265=VERTEX_POINT('',#10585);
#3266=VERTEX_POINT('',#10587);
#3267=VERTEX_POINT('',#10589);
#3268=VERTEX_POINT('',#10592);
#3269=VERTEX_POINT('',#10593);
#3270=VERTEX_POINT('',#10595);
#3271=VERTEX_POINT('',#10601);
#3272=VERTEX_POINT('',#10607);
#3273=VERTEX_POINT('',#10613);
#3274=VERTEX_POINT('',#10619);
#3275=VERTEX_POINT('',#10625);
#3276=VERTEX_POINT('',#10631);
#3277=VERTEX_POINT('',#10637);
#3278=VERTEX_POINT('',#10639);
#3279=VERTEX_POINT('',#10645);
#3280=VERTEX_POINT('',#10651);
#3281=VERTEX_POINT('',#10657);
#3282=VERTEX_POINT('',#10663);
#3283=VERTEX_POINT('',#10669);
#3284=VERTEX_POINT('',#10680);
#3285=VERTEX_POINT('',#10681);
#3286=VERTEX_POINT('',#10683);
#3287=VERTEX_POINT('',#10685);
#3288=VERTEX_POINT('',#10691);
#3289=VERTEX_POINT('',#10697);
#3290=VERTEX_POINT('',#10703);
#3291=VERTEX_POINT('',#10709);
#3292=VERTEX_POINT('',#10711);
#3293=VERTEX_POINT('',#10717);
#3294=VERTEX_POINT('',#10723);
#3295=VERTEX_POINT('',#10729);
#3296=VERTEX_POINT('',#10735);
#3297=VERTEX_POINT('',#10737);
#3298=VERTEX_POINT('',#10743);
#3299=VERTEX_POINT('',#10749);
#3300=VERTEX_POINT('',#10755);
#3301=VERTEX_POINT('',#10757);
#3302=VERTEX_POINT('',#10763);
#3303=VERTEX_POINT('',#10769);
#3304=VERTEX_POINT('',#10775);
#3305=VERTEX_POINT('',#10782);
#3306=VERTEX_POINT('',#10784);
#3307=VERTEX_POINT('',#10785);
#3308=VERTEX_POINT('',#10787);
#3309=VERTEX_POINT('',#10793);
#3310=VERTEX_POINT('',#10799);
#3311=VERTEX_POINT('',#10805);
#3312=VERTEX_POINT('',#10811);
#3313=VERTEX_POINT('',#10813);
#3314=VERTEX_POINT('',#10819);
#3315=VERTEX_POINT('',#10825);
#3316=VERTEX_POINT('',#10831);
#3317=VERTEX_POINT('',#10837);
#3318=VERTEX_POINT('',#10843);
#3319=VERTEX_POINT('',#10849);
#3320=VERTEX_POINT('',#10855);
#3321=VERTEX_POINT('',#10861);
#3322=VERTEX_POINT('',#10867);
#3323=VERTEX_POINT('',#10873);
#3324=VERTEX_POINT('',#10879);
#3325=VERTEX_POINT('',#10885);
#3326=VERTEX_POINT('',#10891);
#3327=VERTEX_POINT('',#10897);
#3328=VERTEX_POINT('',#10903);
#3329=VERTEX_POINT('',#10909);
#3330=VERTEX_POINT('',#10915);
#3331=VERTEX_POINT('',#10921);
#3332=VERTEX_POINT('',#10923);
#3333=VERTEX_POINT('',#10929);
#3334=VERTEX_POINT('',#10935);
#3335=VERTEX_POINT('',#10941);
#3336=VERTEX_POINT('',#10947);
#3337=VERTEX_POINT('',#10949);
#3338=VERTEX_POINT('',#10955);
#3339=VERTEX_POINT('',#10961);
#3340=VERTEX_POINT('',#10967);
#3341=VERTEX_POINT('',#10973);
#3342=VERTEX_POINT('',#10979);
#3343=VERTEX_POINT('',#10985);
#3344=VERTEX_POINT('',#10991);
#3345=VERTEX_POINT('',#10997);
#3346=VERTEX_POINT('',#11003);
#3347=VERTEX_POINT('',#11009);
#3348=VERTEX_POINT('',#11015);
#3349=VERTEX_POINT('',#11021);
#3350=VERTEX_POINT('',#11027);
#3351=VERTEX_POINT('',#11033);
#3352=VERTEX_POINT('',#11044);
#3353=VERTEX_POINT('',#11045);
#3354=VERTEX_POINT('',#11051);
#3355=VERTEX_POINT('',#11057);
#3356=VERTEX_POINT('',#11063);
#3357=VERTEX_POINT('',#11069);
#3358=VERTEX_POINT('',#11075);
#3359=VERTEX_POINT('',#11081);
#3360=VERTEX_POINT('',#11087);
#3361=VERTEX_POINT('',#11093);
#3362=VERTEX_POINT('',#11099);
#3363=VERTEX_POINT('',#11105);
#3364=VERTEX_POINT('',#11111);
#3365=VERTEX_POINT('',#11117);
#3366=VERTEX_POINT('',#11123);
#3367=VERTEX_POINT('',#11129);
#3368=VERTEX_POINT('',#11140);
#3369=VERTEX_POINT('',#11141);
#3370=VERTEX_POINT('',#11147);
#3371=VERTEX_POINT('',#11153);
#3372=VERTEX_POINT('',#11159);
#3373=VERTEX_POINT('',#11165);
#3374=VERTEX_POINT('',#11171);
#3375=VERTEX_POINT('',#11177);
#3376=VERTEX_POINT('',#11183);
#3377=VERTEX_POINT('',#11189);
#3378=VERTEX_POINT('',#11195);
#3379=VERTEX_POINT('',#11201);
#3380=VERTEX_POINT('',#11207);
#3381=VERTEX_POINT('',#11213);
#3382=VERTEX_POINT('',#11219);
#3383=VERTEX_POINT('',#11225);
#3384=VERTEX_POINT('',#11231);
#3385=VERTEX_POINT('',#11237);
#3386=VERTEX_POINT('',#11243);
#3387=VERTEX_POINT('',#11249);
#3388=VERTEX_POINT('',#11255);
#3389=VERTEX_POINT('',#11261);
#3390=VERTEX_POINT('',#11267);
#3391=VERTEX_POINT('',#11288);
#3392=VERTEX_POINT('',#11289);
#3393=VERTEX_POINT('',#11295);
#3394=VERTEX_POINT('',#11297);
#3395=VERTEX_POINT('',#11314);
#3396=VERTEX_POINT('',#11320);
#3397=VERTEX_POINT('',#11337);
#3398=VERTEX_POINT('',#11343);
#3399=VERTEX_POINT('',#11360);
#3400=VERTEX_POINT('',#11366);
#3401=VERTEX_POINT('',#11383);
#3402=VERTEX_POINT('',#11389);
#3403=VERTEX_POINT('',#11406);
#3404=VERTEX_POINT('',#11412);
#3405=VERTEX_POINT('',#11420);
#3406=VERTEX_POINT('',#11422);
#3407=VERTEX_POINT('',#11435);
#3408=VERTEX_POINT('',#11441);
#3409=VERTEX_POINT('',#11458);
#3410=VERTEX_POINT('',#11464);
#3411=VERTEX_POINT('',#11481);
#3412=VERTEX_POINT('',#11487);
#3413=VERTEX_POINT('',#11504);
#3414=VERTEX_POINT('',#11510);
#3415=VERTEX_POINT('',#11527);
#3416=VERTEX_POINT('',#11533);
#3417=VERTEX_POINT('',#11550);
#3418=VERTEX_POINT('',#11556);
#3419=VERTEX_POINT('',#11567);
#3420=VERTEX_POINT('',#11569);
#3421=VERTEX_POINT('',#11582);
#3422=VERTEX_POINT('',#11599);
#3423=VERTEX_POINT('',#11616);
#3424=VERTEX_POINT('',#11633);
#3425=VERTEX_POINT('',#11650);
#3426=VERTEX_POINT('',#11667);
#3427=VERTEX_POINT('',#11684);
#3428=VERTEX_POINT('',#11692);
#3429=VERTEX_POINT('',#11705);
#3430=VERTEX_POINT('',#11722);
#3431=VERTEX_POINT('',#11739);
#3432=VERTEX_POINT('',#11756);
#3433=VERTEX_POINT('',#11773);
#3434=VERTEX_POINT('',#11790);
#3435=VERTEX_POINT('',#11824);
#3436=VERTEX_POINT('',#11825);
#3437=VERTEX_POINT('',#11831);
#3438=VERTEX_POINT('',#11833);
#3439=VERTEX_POINT('',#11850);
#3440=VERTEX_POINT('',#11856);
#3441=VERTEX_POINT('',#11873);
#3442=VERTEX_POINT('',#11879);
#3443=VERTEX_POINT('',#11896);
#3444=VERTEX_POINT('',#11902);
#3445=VERTEX_POINT('',#11919);
#3446=VERTEX_POINT('',#11925);
#3447=VERTEX_POINT('',#11942);
#3448=VERTEX_POINT('',#11948);
#3449=VERTEX_POINT('',#11965);
#3450=VERTEX_POINT('',#11971);
#3451=VERTEX_POINT('',#11988);
#3452=VERTEX_POINT('',#11994);
#3453=VERTEX_POINT('',#12031);
#3454=VERTEX_POINT('',#12033);
#3455=VERTEX_POINT('',#12050);
#3456=VERTEX_POINT('',#12067);
#3457=VERTEX_POINT('',#12084);
#3458=VERTEX_POINT('',#12101);
#3459=VERTEX_POINT('',#12118);
#3460=VERTEX_POINT('',#12135);
#3461=VERTEX_POINT('',#12152);
#3462=VERTEX_POINT('',#12169);
#3463=VERTEX_POINT('',#12186);
#3464=VERTEX_POINT('',#12203);
#3465=VERTEX_POINT('',#12220);
#3466=VERTEX_POINT('',#12237);
#3467=VERTEX_POINT('',#12254);
#3468=VERTEX_POINT('',#12271);
#3469=VERTEX_POINT('',#12288);
#3470=VERTEX_POINT('',#12305);
#3471=VERTEX_POINT('',#12322);
#3472=VERTEX_POINT('',#12339);
#3473=VERTEX_POINT('',#12356);
#3474=VERTEX_POINT('',#12373);
#3475=VERTEX_POINT('',#12390);
#3476=VERTEX_POINT('',#12424);
#3477=VERTEX_POINT('',#12425);
#3478=VERTEX_POINT('',#12431);
#3479=VERTEX_POINT('',#12433);
#3480=VERTEX_POINT('',#12450);
#3481=VERTEX_POINT('',#12456);
#3482=VERTEX_POINT('',#12473);
#3483=VERTEX_POINT('',#12479);
#3484=VERTEX_POINT('',#12496);
#3485=VERTEX_POINT('',#12502);
#3486=VERTEX_POINT('',#12519);
#3487=VERTEX_POINT('',#12525);
#3488=VERTEX_POINT('',#12542);
#3489=VERTEX_POINT('',#12548);
#3490=VERTEX_POINT('',#12565);
#3491=VERTEX_POINT('',#12571);
#3492=VERTEX_POINT('',#12608);
#3493=VERTEX_POINT('',#12609);
#3494=VERTEX_POINT('',#12615);
#3495=VERTEX_POINT('',#12617);
#3496=VERTEX_POINT('',#12634);
#3497=VERTEX_POINT('',#12640);
#3498=VERTEX_POINT('',#12657);
#3499=VERTEX_POINT('',#12663);
#3500=VERTEX_POINT('',#12680);
#3501=VERTEX_POINT('',#12686);
#3502=VERTEX_POINT('',#12703);
#3503=VERTEX_POINT('',#12709);
#3504=VERTEX_POINT('',#12726);
#3505=VERTEX_POINT('',#12732);
#3506=VERTEX_POINT('',#12749);
#3507=VERTEX_POINT('',#12755);
#3508=VERTEX_POINT('',#12792);
#3509=VERTEX_POINT('',#12794);
#3510=VERTEX_POINT('',#12811);
#3511=VERTEX_POINT('',#12828);
#3512=VERTEX_POINT('',#12845);
#3513=VERTEX_POINT('',#12862);
#3514=VERTEX_POINT('',#12879);
#3515=VERTEX_POINT('',#12896);
#3516=VERTEX_POINT('',#12913);
#3517=VERTEX_POINT('',#12930);
#3518=VERTEX_POINT('',#12947);
#3519=VERTEX_POINT('',#12964);
#3520=VERTEX_POINT('',#12981);
#3521=VERTEX_POINT('',#12998);
#3522=VERTEX_POINT('',#13015);
#3523=VERTEX_POINT('',#13032);
#3524=VERTEX_POINT('',#13058);
#3525=VERTEX_POINT('',#13060);
#3526=VERTEX_POINT('',#13073);
#3527=VERTEX_POINT('',#13090);
#3528=VERTEX_POINT('',#13107);
#3529=VERTEX_POINT('',#13124);
#3530=VERTEX_POINT('',#13132);
#3531=VERTEX_POINT('',#13145);
#3532=VERTEX_POINT('',#13162);
#3533=VERTEX_POINT('',#13179);
#3534=VERTEX_POINT('',#13196);
#3535=VERTEX_POINT('',#13213);
#3536=VERTEX_POINT('',#13230);
#3537=VERTEX_POINT('',#13247);
#3538=VERTEX_POINT('',#13264);
#3539=VERTEX_POINT('',#13281);
#3540=VERTEX_POINT('',#13298);
#3541=VERTEX_POINT('',#13315);
#3542=VERTEX_POINT('',#13332);
#3543=VERTEX_POINT('',#13349);
#3544=VERTEX_POINT('',#13366);
#3545=VERTEX_POINT('',#13383);
#3546=VERTEX_POINT('',#13400);
#3547=VERTEX_POINT('',#13417);
#3548=VERTEX_POINT('',#13434);
#3549=VERTEX_POINT('',#13442);
#3550=VERTEX_POINT('',#13455);
#3551=VERTEX_POINT('',#13472);
#3552=VERTEX_POINT('',#13489);
#3553=VERTEX_POINT('',#13506);
#3554=VERTEX_POINT('',#13514);
#3555=VERTEX_POINT('',#13527);
#3556=VERTEX_POINT('',#13544);
#3557=VERTEX_POINT('',#13561);
#3558=VERTEX_POINT('',#13578);
#3559=VERTEX_POINT('',#13595);
#3560=VERTEX_POINT('',#13612);
#3561=VERTEX_POINT('',#13629);
#3562=VERTEX_POINT('',#13646);
#3563=VERTEX_POINT('',#13663);
#3564=VERTEX_POINT('',#13680);
#3565=VERTEX_POINT('',#13697);
#3566=VERTEX_POINT('',#13714);
#3567=VERTEX_POINT('',#13731);
#3568=VERTEX_POINT('',#13748);
#3569=VERTEX_POINT('',#13765);
#3570=VERTEX_POINT('',#13789);
#3571=VERTEX_POINT('',#13790);
#3572=VERTEX_POINT('',#13792);
#3573=VERTEX_POINT('',#13794);
#3574=VERTEX_POINT('',#13807);
#3575=VERTEX_POINT('',#13813);
#3576=VERTEX_POINT('',#13830);
#3577=VERTEX_POINT('',#13836);
#3578=VERTEX_POINT('',#13853);
#3579=VERTEX_POINT('',#13859);
#3580=VERTEX_POINT('',#13867);
#3581=VERTEX_POINT('',#13869);
#3582=VERTEX_POINT('',#13882);
#3583=VERTEX_POINT('',#13888);
#3584=VERTEX_POINT('',#13905);
#3585=VERTEX_POINT('',#13911);
#3586=VERTEX_POINT('',#13928);
#3587=VERTEX_POINT('',#13934);
#3588=VERTEX_POINT('',#13951);
#3589=VERTEX_POINT('',#13957);
#3590=VERTEX_POINT('',#13965);
#3591=VERTEX_POINT('',#13967);
#3592=VERTEX_POINT('',#13974);
#3593=VERTEX_POINT('',#13976);
#3594=VERTEX_POINT('',#13980);
#3595=VERTEX_POINT('',#13993);
#3596=VERTEX_POINT('',#14010);
#3597=VERTEX_POINT('',#14027);
#3598=VERTEX_POINT('',#14044);
#3599=VERTEX_POINT('',#14052);
#3600=VERTEX_POINT('',#14065);
#3601=VERTEX_POINT('',#14082);
#3602=VERTEX_POINT('',#14099);
#3603=VERTEX_POINT('',#14116);
#3604=VERTEX_POINT('',#14124);
#3605=VERTEX_POINT('',#14137);
#3606=VERTEX_POINT('',#14154);
#3607=VERTEX_POINT('',#14171);
#3608=VERTEX_POINT('',#14179);
#3609=VERTEX_POINT('',#14192);
#3610=VERTEX_POINT('',#14209);
#3611=VERTEX_POINT('',#14226);
#3612=VERTEX_POINT('',#14243);
#3613=VERTEX_POINT('',#14262);
#3614=VERTEX_POINT('',#14263);
#3615=VERTEX_POINT('',#14268);
#3616=VERTEX_POINT('',#14270);
#3617=VERTEX_POINT('',#14284);
#3618=VERTEX_POINT('',#14289);
#3619=VERTEX_POINT('',#14303);
#3620=VERTEX_POINT('',#14308);
#3621=VERTEX_POINT('',#14322);
#3622=VERTEX_POINT('',#14327);
#3623=VERTEX_POINT('',#14334);
#3624=VERTEX_POINT('',#14336);
#3625=VERTEX_POINT('',#14347);
#3626=VERTEX_POINT('',#14352);
#3627=VERTEX_POINT('',#14366);
#3628=VERTEX_POINT('',#14371);
#3629=VERTEX_POINT('',#14385);
#3630=VERTEX_POINT('',#14390);
#3631=VERTEX_POINT('',#14404);
#3632=VERTEX_POINT('',#14409);
#3633=VERTEX_POINT('',#14420);
#3634=VERTEX_POINT('',#14421);
#3635=VERTEX_POINT('',#14423);
#3636=VERTEX_POINT('',#14425);
#3637=VERTEX_POINT('',#14429);
#3638=VERTEX_POINT('',#14431);
#3639=VERTEX_POINT('',#14435);
#3640=VERTEX_POINT('',#14437);
#3641=VERTEX_POINT('',#14441);
#3642=VERTEX_POINT('',#14443);
#3643=VERTEX_POINT('',#14447);
#3644=VERTEX_POINT('',#14449);
#3645=VERTEX_POINT('',#14453);
#3646=VERTEX_POINT('',#14455);
#3647=VERTEX_POINT('',#14459);
#3648=VERTEX_POINT('',#14461);
#3649=VERTEX_POINT('',#14465);
#3650=VERTEX_POINT('',#14467);
#3651=VERTEX_POINT('',#14471);
#3652=VERTEX_POINT('',#14473);
#3653=VERTEX_POINT('',#14487);
#3654=VERTEX_POINT('',#14488);
#3655=VERTEX_POINT('',#14493);
#3656=VERTEX_POINT('',#14495);
#3657=VERTEX_POINT('',#14509);
#3658=VERTEX_POINT('',#14514);
#3659=VERTEX_POINT('',#14528);
#3660=VERTEX_POINT('',#14533);
#3661=VERTEX_POINT('',#14547);
#3662=VERTEX_POINT('',#14552);
#3663=VERTEX_POINT('',#14566);
#3664=VERTEX_POINT('',#14571);
#3665=VERTEX_POINT('',#14585);
#3666=VERTEX_POINT('',#14590);
#3667=VERTEX_POINT('',#14604);
#3668=VERTEX_POINT('',#14609);
#3669=VERTEX_POINT('',#14616);
#3670=VERTEX_POINT('',#14618);
#3671=VERTEX_POINT('',#14629);
#3672=VERTEX_POINT('',#14634);
#3673=VERTEX_POINT('',#14648);
#3674=VERTEX_POINT('',#14653);
#3675=VERTEX_POINT('',#14667);
#3676=VERTEX_POINT('',#14672);
#3677=VERTEX_POINT('',#14686);
#3678=VERTEX_POINT('',#14691);
#3679=VERTEX_POINT('',#14705);
#3680=VERTEX_POINT('',#14710);
#3681=VERTEX_POINT('',#14724);
#3682=VERTEX_POINT('',#14729);
#3683=VERTEX_POINT('',#14743);
#3684=VERTEX_POINT('',#14748);
#3685=VERTEX_POINT('',#14762);
#3686=VERTEX_POINT('',#14767);
#3687=VERTEX_POINT('',#14774);
#3688=VERTEX_POINT('',#14776);
#3689=VERTEX_POINT('',#14796);
#3690=VERTEX_POINT('',#14803);
#3691=VERTEX_POINT('',#14804);
#3692=VERTEX_POINT('',#14806);
#3693=VERTEX_POINT('',#14808);
#3694=VERTEX_POINT('',#14812);
#3695=VERTEX_POINT('',#14813);
#3696=VERTEX_POINT('',#14818);
#3697=VERTEX_POINT('',#14819);
#3698=VERTEX_POINT('',#14821);
#3699=VERTEX_POINT('',#14823);
#3700=VERTEX_POINT('',#14827);
#3701=VERTEX_POINT('',#14828);
#3702=VERTEX_POINT('',#14833);
#3703=VERTEX_POINT('',#14834);
#3704=VERTEX_POINT('',#14836);
#3705=VERTEX_POINT('',#14838);
#3706=VERTEX_POINT('',#14842);
#3707=VERTEX_POINT('',#14843);
#3708=VERTEX_POINT('',#14848);
#3709=VERTEX_POINT('',#14849);
#3710=VERTEX_POINT('',#14851);
#3711=VERTEX_POINT('',#14853);
#3712=VERTEX_POINT('',#14857);
#3713=VERTEX_POINT('',#14858);
#3714=VERTEX_POINT('',#14863);
#3715=VERTEX_POINT('',#14864);
#3716=VERTEX_POINT('',#14866);
#3717=VERTEX_POINT('',#14868);
#3718=VERTEX_POINT('',#14870);
#3719=VERTEX_POINT('',#14874);
#3720=VERTEX_POINT('',#14875);
#3721=VERTEX_POINT('',#14877);
#3722=VERTEX_POINT('',#14879);
#3723=VERTEX_POINT('',#14883);
#3724=VERTEX_POINT('',#14884);
#3725=VERTEX_POINT('',#14886);
#3726=VERTEX_POINT('',#14891);
#3727=VERTEX_POINT('',#14892);
#3728=VERTEX_POINT('',#14897);
#3729=VERTEX_POINT('',#14902);
#3730=VERTEX_POINT('',#14906);
#3731=VERTEX_POINT('',#14907);
#3732=VERTEX_POINT('',#14909);
#3733=VERTEX_POINT('',#14911);
#3734=VERTEX_POINT('',#14915);
#3735=VERTEX_POINT('',#14917);
#3736=VERTEX_POINT('',#14921);
#3737=VERTEX_POINT('',#14923);
#3738=VERTEX_POINT('',#14925);
#3739=VERTEX_POINT('',#14928);
#3740=VERTEX_POINT('',#14933);
#3741=VERTEX_POINT('',#14935);
#3742=VERTEX_POINT('',#14939);
#3743=VERTEX_POINT('',#14941);
#3744=VERTEX_POINT('',#14945);
#3745=VERTEX_POINT('',#14949);
#3746=VERTEX_POINT('',#14951);
#3747=VERTEX_POINT('',#14955);
#3748=VERTEX_POINT('',#14958);
#3749=VERTEX_POINT('',#14961);
#3750=VERTEX_POINT('',#14965);
#3751=VERTEX_POINT('',#14968);
#3752=VERTEX_POINT('',#14970);
#3753=VERTEX_POINT('',#14974);
#3754=VERTEX_POINT('',#14976);
#3755=VERTEX_POINT('',#14979);
#3756=VERTEX_POINT('',#14982);
#3757=VERTEX_POINT('',#14984);
#3758=VERTEX_POINT('',#14987);
#3759=VERTEX_POINT('',#14993);
#3760=VERTEX_POINT('',#15000);
#3761=VERTEX_POINT('',#15001);
#3762=VERTEX_POINT('',#15007);
#3763=VERTEX_POINT('',#15011);
#3764=VERTEX_POINT('',#15023);
#3765=VERTEX_POINT('',#15027);
#3766=VERTEX_POINT('',#15034);
#3767=VERTEX_POINT('',#15038);
#3768=VERTEX_POINT('',#15045);
#3769=VERTEX_POINT('',#15047);
#3770=VERTEX_POINT('',#15051);
#3771=VERTEX_POINT('',#15053);
#3772=VERTEX_POINT('',#15060);
#3773=VERTEX_POINT('',#15064);
#3774=EDGE_CURVE('',#3032,#3032,#3028,.T.);
#3775=EDGE_CURVE('',#3032,#3033,#1802,.T.);
#3776=EDGE_CURVE('',#3033,#3033,#3029,.T.);
#3777=EDGE_CURVE('',#3034,#3035,#1803,.T.);
#3778=EDGE_CURVE('',#3034,#3036,#1804,.T.);
#3779=EDGE_CURVE('',#3037,#3036,#1805,.T.);
#3780=EDGE_CURVE('',#3035,#3037,#1806,.T.);
#3781=EDGE_CURVE('',#3035,#3038,#1807,.T.);
#3782=EDGE_CURVE('',#3039,#3037,#1808,.T.);
#3783=EDGE_CURVE('',#3038,#3039,#1809,.T.);
#3784=EDGE_CURVE('',#3038,#3040,#105,.T.);
#3785=EDGE_CURVE('',#3041,#3039,#106,.T.);
#3786=EDGE_CURVE('',#3040,#3041,#1810,.T.);
#3787=EDGE_CURVE('',#3040,#3042,#107,.T.);
#3788=EDGE_CURVE('',#3043,#3041,#108,.T.);
#3789=EDGE_CURVE('',#3042,#3043,#1811,.T.);
#3790=EDGE_CURVE('',#3042,#3044,#109,.T.);
#3791=EDGE_CURVE('',#3045,#3043,#110,.T.);
#3792=EDGE_CURVE('',#3044,#3045,#1812,.T.);
#3793=EDGE_CURVE('',#3044,#3046,#111,.T.);
#3794=EDGE_CURVE('',#3047,#3045,#112,.T.);
#3795=EDGE_CURVE('',#3046,#3047,#1813,.T.);
#3796=EDGE_CURVE('',#3046,#3048,#1814,.T.);
#3797=EDGE_CURVE('',#3049,#3047,#1815,.T.);
#3798=EDGE_CURVE('',#3048,#3049,#1816,.T.);
#3799=EDGE_CURVE('',#3048,#3050,#113,.T.);
#3800=EDGE_CURVE('',#3051,#3049,#114,.T.);
#3801=EDGE_CURVE('',#3050,#3051,#1817,.T.);
#3802=EDGE_CURVE('',#3050,#3052,#115,.T.);
#3803=EDGE_CURVE('',#3053,#3051,#116,.T.);
#3804=EDGE_CURVE('',#3052,#3053,#1818,.T.);
#3805=EDGE_CURVE('',#3052,#3054,#117,.T.);
#3806=EDGE_CURVE('',#3055,#3053,#118,.T.);
#3807=EDGE_CURVE('',#3054,#3055,#1819,.T.);
#3808=EDGE_CURVE('',#3054,#3056,#119,.T.);
#3809=EDGE_CURVE('',#3057,#3055,#120,.T.);
#3810=EDGE_CURVE('',#3056,#3057,#1820,.T.);
#3811=EDGE_CURVE('',#3056,#3058,#1821,.T.);
#3812=EDGE_CURVE('',#3059,#3057,#1822,.T.);
#3813=EDGE_CURVE('',#3058,#3059,#1823,.T.);
#3814=EDGE_CURVE('',#3058,#3060,#1824,.T.);
#3815=EDGE_CURVE('',#3061,#3059,#1825,.T.);
#3816=EDGE_CURVE('',#3060,#3061,#1826,.T.);
#3817=EDGE_CURVE('',#3060,#3062,#1827,.T.);
#3818=EDGE_CURVE('',#3063,#3061,#1828,.T.);
#3819=EDGE_CURVE('',#3062,#3063,#1829,.T.);
#3820=EDGE_CURVE('',#3062,#3064,#121,.T.);
#3821=EDGE_CURVE('',#3065,#3063,#122,.T.);
#3822=EDGE_CURVE('',#3064,#3065,#1830,.T.);
#3823=EDGE_CURVE('',#3064,#3066,#123,.T.);
#3824=EDGE_CURVE('',#3067,#3065,#124,.T.);
#3825=EDGE_CURVE('',#3066,#3067,#1831,.T.);
#3826=EDGE_CURVE('',#3066,#3068,#125,.T.);
#3827=EDGE_CURVE('',#3069,#3067,#126,.T.);
#3828=EDGE_CURVE('',#3068,#3069,#1832,.T.);
#3829=EDGE_CURVE('',#3068,#3070,#127,.T.);
#3830=EDGE_CURVE('',#3071,#3069,#128,.T.);
#3831=EDGE_CURVE('',#3070,#3071,#1833,.T.);
#3832=EDGE_CURVE('',#3070,#3072,#1834,.T.);
#3833=EDGE_CURVE('',#3073,#3071,#1835,.T.);
#3834=EDGE_CURVE('',#3072,#3073,#1836,.T.);
#3835=EDGE_CURVE('',#3072,#3074,#1837,.T.);
#3836=EDGE_CURVE('',#3075,#3073,#1838,.T.);
#3837=EDGE_CURVE('',#3074,#3075,#1839,.T.);
#3838=EDGE_CURVE('',#3074,#3076,#129,.T.);
#3839=EDGE_CURVE('',#3077,#3075,#130,.T.);
#3840=EDGE_CURVE('',#3076,#3077,#1840,.T.);
#3841=EDGE_CURVE('',#3076,#3078,#131,.T.);
#3842=EDGE_CURVE('',#3079,#3077,#132,.T.);
#3843=EDGE_CURVE('',#3078,#3079,#1841,.T.);
#3844=EDGE_CURVE('',#3078,#3080,#133,.T.);
#3845=EDGE_CURVE('',#3081,#3079,#134,.T.);
#3846=EDGE_CURVE('',#3080,#3081,#1842,.T.);
#3847=EDGE_CURVE('',#3080,#3082,#135,.T.);
#3848=EDGE_CURVE('',#3083,#3081,#136,.T.);
#3849=EDGE_CURVE('',#3082,#3083,#1843,.T.);
#3850=EDGE_CURVE('',#3082,#3084,#1844,.T.);
#3851=EDGE_CURVE('',#3085,#3083,#1845,.T.);
#3852=EDGE_CURVE('',#3084,#3085,#1846,.T.);
#3853=EDGE_CURVE('',#3084,#3086,#1847,.T.);
#3854=EDGE_CURVE('',#3087,#3085,#1848,.T.);
#3855=EDGE_CURVE('',#3086,#3087,#1849,.T.);
#3856=EDGE_CURVE('',#3086,#3088,#1850,.T.);
#3857=EDGE_CURVE('',#3089,#3087,#1851,.T.);
#3858=EDGE_CURVE('',#3088,#3089,#1852,.T.);
#3859=EDGE_CURVE('',#3088,#3090,#1853,.T.);
#3860=EDGE_CURVE('',#3091,#3089,#1854,.T.);
#3861=EDGE_CURVE('',#3090,#3091,#1855,.T.);
#3862=EDGE_CURVE('',#3090,#3092,#1856,.T.);
#3863=EDGE_CURVE('',#3093,#3091,#1857,.T.);
#3864=EDGE_CURVE('',#3092,#3093,#1858,.T.);
#3865=EDGE_CURVE('',#3092,#3094,#137,.T.);
#3866=EDGE_CURVE('',#3095,#3093,#138,.T.);
#3867=EDGE_CURVE('',#3094,#3095,#1859,.T.);
#3868=EDGE_CURVE('',#3094,#3096,#139,.T.);
#3869=EDGE_CURVE('',#3097,#3095,#140,.T.);
#3870=EDGE_CURVE('',#3096,#3097,#1860,.T.);
#3871=EDGE_CURVE('',#3096,#3098,#141,.T.);
#3872=EDGE_CURVE('',#3099,#3097,#142,.T.);
#3873=EDGE_CURVE('',#3098,#3099,#1861,.T.);
#3874=EDGE_CURVE('',#3098,#3100,#143,.T.);
#3875=EDGE_CURVE('',#3101,#3099,#144,.T.);
#3876=EDGE_CURVE('',#3100,#3101,#1862,.T.);
#3877=EDGE_CURVE('',#3100,#3102,#1863,.T.);
#3878=EDGE_CURVE('',#3103,#3101,#1864,.T.);
#3879=EDGE_CURVE('',#3102,#3103,#1865,.T.);
#3880=EDGE_CURVE('',#3102,#3104,#145,.T.);
#3881=EDGE_CURVE('',#3105,#3103,#146,.T.);
#3882=EDGE_CURVE('',#3104,#3105,#1866,.T.);
#3883=EDGE_CURVE('',#3104,#3106,#147,.T.);
#3884=EDGE_CURVE('',#3107,#3105,#148,.T.);
#3885=EDGE_CURVE('',#3106,#3107,#1867,.T.);
#3886=EDGE_CURVE('',#3106,#3108,#149,.T.);
#3887=EDGE_CURVE('',#3109,#3107,#150,.T.);
#3888=EDGE_CURVE('',#3108,#3109,#1868,.T.);
#3889=EDGE_CURVE('',#3108,#3110,#151,.T.);
#3890=EDGE_CURVE('',#3111,#3109,#152,.T.);
#3891=EDGE_CURVE('',#3110,#3111,#1869,.T.);
#3892=EDGE_CURVE('',#3110,#3112,#1870,.T.);
#3893=EDGE_CURVE('',#3113,#3111,#1871,.T.);
#3894=EDGE_CURVE('',#3112,#3113,#1872,.T.);
#3895=EDGE_CURVE('',#3112,#3034,#1873,.T.);
#3896=EDGE_CURVE('',#3036,#3113,#1874,.T.);
#3897=EDGE_CURVE('',#3114,#3115,#1875,.T.);
#3898=EDGE_CURVE('',#3114,#3116,#1876,.T.);
#3899=EDGE_CURVE('',#3117,#3116,#1877,.T.);
#3900=EDGE_CURVE('',#3115,#3117,#1878,.T.);
#3901=EDGE_CURVE('',#3115,#3118,#1879,.T.);
#3902=EDGE_CURVE('',#3119,#3117,#1880,.T.);
#3903=EDGE_CURVE('',#3118,#3119,#1881,.T.);
#3904=EDGE_CURVE('',#3118,#3120,#1882,.T.);
#3905=EDGE_CURVE('',#3121,#3119,#1883,.T.);
#3906=EDGE_CURVE('',#3120,#3121,#1884,.T.);
#3907=EDGE_CURVE('',#3120,#3122,#1885,.T.);
#3908=EDGE_CURVE('',#3123,#3121,#1886,.T.);
#3909=EDGE_CURVE('',#3122,#3123,#1887,.T.);
#3910=EDGE_CURVE('',#3122,#3124,#1888,.T.);
#3911=EDGE_CURVE('',#3125,#3123,#1889,.T.);
#3912=EDGE_CURVE('',#3124,#3125,#1890,.T.);
#3913=EDGE_CURVE('',#3124,#3126,#153,.T.);
#3914=EDGE_CURVE('',#3127,#3125,#154,.T.);
#3915=EDGE_CURVE('',#3126,#3127,#1891,.T.);
#3916=EDGE_CURVE('',#3126,#3128,#155,.T.);
#3917=EDGE_CURVE('',#3129,#3127,#156,.T.);
#3918=EDGE_CURVE('',#3128,#3129,#1892,.T.);
#3919=EDGE_CURVE('',#3128,#3130,#157,.T.);
#3920=EDGE_CURVE('',#3131,#3129,#158,.T.);
#3921=EDGE_CURVE('',#3130,#3131,#1893,.T.);
#3922=EDGE_CURVE('',#3130,#3132,#159,.T.);
#3923=EDGE_CURVE('',#3133,#3131,#160,.T.);
#3924=EDGE_CURVE('',#3132,#3133,#1894,.T.);
#3925=EDGE_CURVE('',#3132,#3134,#1895,.T.);
#3926=EDGE_CURVE('',#3135,#3133,#1896,.T.);
#3927=EDGE_CURVE('',#3134,#3135,#1897,.T.);
#3928=EDGE_CURVE('',#3134,#3136,#161,.T.);
#3929=EDGE_CURVE('',#3137,#3135,#162,.T.);
#3930=EDGE_CURVE('',#3136,#3137,#1898,.T.);
#3931=EDGE_CURVE('',#3136,#3138,#163,.T.);
#3932=EDGE_CURVE('',#3139,#3137,#164,.T.);
#3933=EDGE_CURVE('',#3138,#3139,#1899,.T.);
#3934=EDGE_CURVE('',#3138,#3140,#165,.T.);
#3935=EDGE_CURVE('',#3141,#3139,#166,.T.);
#3936=EDGE_CURVE('',#3140,#3141,#1900,.T.);
#3937=EDGE_CURVE('',#3140,#3142,#167,.T.);
#3938=EDGE_CURVE('',#3143,#3141,#168,.T.);
#3939=EDGE_CURVE('',#3142,#3143,#1901,.T.);
#3940=EDGE_CURVE('',#3142,#3144,#1902,.T.);
#3941=EDGE_CURVE('',#3145,#3143,#1903,.T.);
#3942=EDGE_CURVE('',#3144,#3145,#1904,.T.);
#3943=EDGE_CURVE('',#3144,#3146,#1905,.T.);
#3944=EDGE_CURVE('',#3147,#3145,#1906,.T.);
#3945=EDGE_CURVE('',#3146,#3147,#1907,.T.);
#3946=EDGE_CURVE('',#3146,#3148,#1908,.T.);
#3947=EDGE_CURVE('',#3149,#3147,#1909,.T.);
#3948=EDGE_CURVE('',#3148,#3149,#1910,.T.);
#3949=EDGE_CURVE('',#3148,#3150,#169,.T.);
#3950=EDGE_CURVE('',#3151,#3149,#170,.T.);
#3951=EDGE_CURVE('',#3150,#3151,#1911,.T.);
#3952=EDGE_CURVE('',#3150,#3152,#171,.T.);
#3953=EDGE_CURVE('',#3153,#3151,#172,.T.);
#3954=EDGE_CURVE('',#3152,#3153,#1912,.T.);
#3955=EDGE_CURVE('',#3152,#3154,#173,.T.);
#3956=EDGE_CURVE('',#3155,#3153,#174,.T.);
#3957=EDGE_CURVE('',#3154,#3155,#1913,.T.);
#3958=EDGE_CURVE('',#3154,#3156,#175,.T.);
#3959=EDGE_CURVE('',#3157,#3155,#176,.T.);
#3960=EDGE_CURVE('',#3156,#3157,#1914,.T.);
#3961=EDGE_CURVE('',#3156,#3158,#1915,.T.);
#3962=EDGE_CURVE('',#3159,#3157,#1916,.T.);
#3963=EDGE_CURVE('',#3158,#3159,#1917,.T.);
#3964=EDGE_CURVE('',#3158,#3160,#1918,.T.);
#3965=EDGE_CURVE('',#3161,#3159,#1919,.T.);
#3966=EDGE_CURVE('',#3160,#3161,#1920,.T.);
#3967=EDGE_CURVE('',#3160,#3162,#1921,.T.);
#3968=EDGE_CURVE('',#3163,#3161,#1922,.T.);
#3969=EDGE_CURVE('',#3162,#3163,#1923,.T.);
#3970=EDGE_CURVE('',#3162,#3164,#1924,.T.);
#3971=EDGE_CURVE('',#3165,#3163,#1925,.T.);
#3972=EDGE_CURVE('',#3164,#3165,#1926,.T.);
#3973=EDGE_CURVE('',#3164,#3166,#177,.T.);
#3974=EDGE_CURVE('',#3167,#3165,#178,.T.);
#3975=EDGE_CURVE('',#3166,#3167,#1927,.T.);
#3976=EDGE_CURVE('',#3166,#3168,#179,.T.);
#3977=EDGE_CURVE('',#3169,#3167,#180,.T.);
#3978=EDGE_CURVE('',#3168,#3169,#1928,.T.);
#3979=EDGE_CURVE('',#3168,#3170,#181,.T.);
#3980=EDGE_CURVE('',#3171,#3169,#182,.T.);
#3981=EDGE_CURVE('',#3170,#3171,#1929,.T.);
#3982=EDGE_CURVE('',#3170,#3172,#183,.T.);
#3983=EDGE_CURVE('',#3173,#3171,#184,.T.);
#3984=EDGE_CURVE('',#3172,#3173,#1930,.T.);
#3985=EDGE_CURVE('',#3172,#3174,#1931,.T.);
#3986=EDGE_CURVE('',#3175,#3173,#1932,.T.);
#3987=EDGE_CURVE('',#3174,#3175,#1933,.T.);
#3988=EDGE_CURVE('',#3174,#3176,#1934,.T.);
#3989=EDGE_CURVE('',#3177,#3175,#1935,.T.);
#3990=EDGE_CURVE('',#3176,#3177,#1936,.T.);
#3991=EDGE_CURVE('',#3176,#3178,#1937,.T.);
#3992=EDGE_CURVE('',#3179,#3177,#1938,.T.);
#3993=EDGE_CURVE('',#3178,#3179,#1939,.T.);
#3994=EDGE_CURVE('',#3178,#3180,#185,.T.);
#3995=EDGE_CURVE('',#3181,#3179,#186,.T.);
#3996=EDGE_CURVE('',#3180,#3181,#1940,.T.);
#3997=EDGE_CURVE('',#3180,#3182,#187,.T.);
#3998=EDGE_CURVE('',#3183,#3181,#188,.T.);
#3999=EDGE_CURVE('',#3182,#3183,#1941,.T.);
#4000=EDGE_CURVE('',#3182,#3184,#189,.T.);
#4001=EDGE_CURVE('',#3185,#3183,#190,.T.);
#4002=EDGE_CURVE('',#3184,#3185,#1942,.T.);
#4003=EDGE_CURVE('',#3184,#3186,#191,.T.);
#4004=EDGE_CURVE('',#3187,#3185,#192,.T.);
#4005=EDGE_CURVE('',#3186,#3187,#1943,.T.);
#4006=EDGE_CURVE('',#3186,#3188,#1944,.T.);
#4007=EDGE_CURVE('',#3189,#3187,#1945,.T.);
#4008=EDGE_CURVE('',#3188,#3189,#1946,.T.);
#4009=EDGE_CURVE('',#3188,#3190,#193,.T.);
#4010=EDGE_CURVE('',#3191,#3189,#194,.T.);
#4011=EDGE_CURVE('',#3190,#3191,#1947,.T.);
#4012=EDGE_CURVE('',#3190,#3192,#195,.T.);
#4013=EDGE_CURVE('',#3193,#3191,#196,.T.);
#4014=EDGE_CURVE('',#3192,#3193,#1948,.T.);
#4015=EDGE_CURVE('',#3192,#3194,#197,.T.);
#4016=EDGE_CURVE('',#3195,#3193,#198,.T.);
#4017=EDGE_CURVE('',#3194,#3195,#1949,.T.);
#4018=EDGE_CURVE('',#3194,#3196,#199,.T.);
#4019=EDGE_CURVE('',#3197,#3195,#200,.T.);
#4020=EDGE_CURVE('',#3196,#3197,#1950,.T.);
#4021=EDGE_CURVE('',#3196,#3198,#1951,.T.);
#4022=EDGE_CURVE('',#3199,#3197,#1952,.T.);
#4023=EDGE_CURVE('',#3198,#3199,#1953,.T.);
#4024=EDGE_CURVE('',#3198,#3200,#1954,.T.);
#4025=EDGE_CURVE('',#3201,#3199,#1955,.T.);
#4026=EDGE_CURVE('',#3200,#3201,#1956,.T.);
#4027=EDGE_CURVE('',#3200,#3202,#1957,.T.);
#4028=EDGE_CURVE('',#3203,#3201,#1958,.T.);
#4029=EDGE_CURVE('',#3202,#3203,#1959,.T.);
#4030=EDGE_CURVE('',#3202,#3114,#1960,.T.);
#4031=EDGE_CURVE('',#3116,#3203,#1961,.T.);
#4032=EDGE_CURVE('',#3204,#3205,#201,.T.);
#4033=EDGE_CURVE('',#3204,#3206,#1962,.T.);
#4034=EDGE_CURVE('',#3207,#3206,#202,.T.);
#4035=EDGE_CURVE('',#3205,#3207,#1963,.T.);
#4036=EDGE_CURVE('',#3205,#3208,#203,.T.);
#4037=EDGE_CURVE('',#3209,#3207,#204,.T.);
#4038=EDGE_CURVE('',#3208,#3209,#1964,.T.);
#4039=EDGE_CURVE('',#3208,#3210,#205,.T.);
#4040=EDGE_CURVE('',#3211,#3209,#206,.T.);
#4041=EDGE_CURVE('',#3210,#3211,#1965,.T.);
#4042=EDGE_CURVE('',#3210,#3212,#207,.T.);
#4043=EDGE_CURVE('',#3213,#3211,#208,.T.);
#4044=EDGE_CURVE('',#3212,#3213,#1966,.T.);
#4045=EDGE_CURVE('',#3212,#3214,#209,.T.);
#4046=EDGE_CURVE('',#3215,#3213,#210,.T.);
#4047=EDGE_CURVE('',#3214,#3215,#1967,.T.);
#4048=EDGE_CURVE('',#3214,#3216,#211,.T.);
#4049=EDGE_CURVE('',#3217,#3215,#212,.T.);
#4050=EDGE_CURVE('',#3216,#3217,#1968,.T.);
#4051=EDGE_CURVE('',#3216,#3218,#1969,.T.);
#4052=EDGE_CURVE('',#3219,#3217,#1970,.T.);
#4053=EDGE_CURVE('',#3218,#3219,#1971,.T.);
#4054=EDGE_CURVE('',#3218,#3220,#213,.T.);
#4055=EDGE_CURVE('',#3221,#3219,#214,.T.);
#4056=EDGE_CURVE('',#3220,#3221,#1972,.T.);
#4057=EDGE_CURVE('',#3220,#3222,#215,.T.);
#4058=EDGE_CURVE('',#3223,#3221,#216,.T.);
#4059=EDGE_CURVE('',#3222,#3223,#1973,.T.);
#4060=EDGE_CURVE('',#3222,#3224,#217,.T.);
#4061=EDGE_CURVE('',#3225,#3223,#218,.T.);
#4062=EDGE_CURVE('',#3224,#3225,#1974,.T.);
#4063=EDGE_CURVE('',#3224,#3226,#219,.T.);
#4064=EDGE_CURVE('',#3227,#3225,#220,.T.);
#4065=EDGE_CURVE('',#3226,#3227,#1975,.T.);
#4066=EDGE_CURVE('',#3226,#3228,#221,.T.);
#4067=EDGE_CURVE('',#3229,#3227,#222,.T.);
#4068=EDGE_CURVE('',#3228,#3229,#1976,.T.);
#4069=EDGE_CURVE('',#3228,#3230,#223,.T.);
#4070=EDGE_CURVE('',#3231,#3229,#224,.T.);
#4071=EDGE_CURVE('',#3230,#3231,#1977,.T.);
#4072=EDGE_CURVE('',#3230,#3204,#1978,.T.);
#4073=EDGE_CURVE('',#3206,#3231,#1979,.T.);
#4074=EDGE_CURVE('',#3232,#3233,#1980,.T.);
#4075=EDGE_CURVE('',#3232,#3234,#1981,.T.);
#4076=EDGE_CURVE('',#3235,#3234,#1982,.T.);
#4077=EDGE_CURVE('',#3233,#3235,#1983,.T.);
#4078=EDGE_CURVE('',#3233,#3236,#225,.T.);
#4079=EDGE_CURVE('',#3237,#3235,#226,.T.);
#4080=EDGE_CURVE('',#3236,#3237,#1984,.T.);
#4081=EDGE_CURVE('',#3236,#3238,#227,.T.);
#4082=EDGE_CURVE('',#3239,#3237,#228,.T.);
#4083=EDGE_CURVE('',#3238,#3239,#1985,.T.);
#4084=EDGE_CURVE('',#3238,#3240,#229,.T.);
#4085=EDGE_CURVE('',#3241,#3239,#230,.T.);
#4086=EDGE_CURVE('',#3240,#3241,#1986,.T.);
#4087=EDGE_CURVE('',#3240,#3242,#231,.T.);
#4088=EDGE_CURVE('',#3243,#3241,#232,.T.);
#4089=EDGE_CURVE('',#3242,#3243,#1987,.T.);
#4090=EDGE_CURVE('',#3242,#3244,#233,.T.);
#4091=EDGE_CURVE('',#3245,#3243,#234,.T.);
#4092=EDGE_CURVE('',#3244,#3245,#1988,.T.);
#4093=EDGE_CURVE('',#3244,#3246,#235,.T.);
#4094=EDGE_CURVE('',#3247,#3245,#236,.T.);
#4095=EDGE_CURVE('',#3246,#3247,#1989,.T.);
#4096=EDGE_CURVE('',#3246,#3248,#237,.T.);
#4097=EDGE_CURVE('',#3249,#3247,#238,.T.);
#4098=EDGE_CURVE('',#3248,#3249,#1990,.T.);
#4099=EDGE_CURVE('',#3248,#3250,#1991,.T.);
#4100=EDGE_CURVE('',#3251,#3249,#1992,.T.);
#4101=EDGE_CURVE('',#3250,#3251,#1993,.T.);
#4102=EDGE_CURVE('',#3250,#3252,#239,.T.);
#4103=EDGE_CURVE('',#3253,#3251,#240,.T.);
#4104=EDGE_CURVE('',#3252,#3253,#1994,.T.);
#4105=EDGE_CURVE('',#3252,#3254,#241,.T.);
#4106=EDGE_CURVE('',#3255,#3253,#242,.T.);
#4107=EDGE_CURVE('',#3254,#3255,#1995,.T.);
#4108=EDGE_CURVE('',#3254,#3256,#243,.T.);
#4109=EDGE_CURVE('',#3257,#3255,#244,.T.);
#4110=EDGE_CURVE('',#3256,#3257,#1996,.T.);
#4111=EDGE_CURVE('',#3256,#3258,#245,.T.);
#4112=EDGE_CURVE('',#3259,#3257,#246,.T.);
#4113=EDGE_CURVE('',#3258,#3259,#1997,.T.);
#4114=EDGE_CURVE('',#3258,#3260,#247,.T.);
#4115=EDGE_CURVE('',#3261,#3259,#248,.T.);
#4116=EDGE_CURVE('',#3260,#3261,#1998,.T.);
#4117=EDGE_CURVE('',#3260,#3262,#249,.T.);
#4118=EDGE_CURVE('',#3263,#3261,#250,.T.);
#4119=EDGE_CURVE('',#3262,#3263,#1999,.T.);
#4120=EDGE_CURVE('',#3262,#3232,#251,.T.);
#4121=EDGE_CURVE('',#3234,#3263,#252,.T.);
#4122=EDGE_CURVE('',#3264,#3265,#2000,.T.);
#4123=EDGE_CURVE('',#3265,#3266,#2001,.T.);
#4124=EDGE_CURVE('',#3266,#3267,#2002,.T.);
#4125=EDGE_CURVE('',#3267,#3264,#2003,.T.);
#4126=EDGE_CURVE('',#3268,#3269,#2004,.T.);
#4127=EDGE_CURVE('',#3269,#3270,#253,.T.);
#4128=EDGE_CURVE('',#3270,#3271,#254,.T.);
#4129=EDGE_CURVE('',#3271,#3272,#255,.T.);
#4130=EDGE_CURVE('',#3272,#3273,#256,.T.);
#4131=EDGE_CURVE('',#3273,#3274,#257,.T.);
#4132=EDGE_CURVE('',#3274,#3275,#258,.T.);
#4133=EDGE_CURVE('',#3275,#3276,#259,.T.);
#4134=EDGE_CURVE('',#3276,#3277,#2005,.T.);
#4135=EDGE_CURVE('',#3277,#3278,#260,.T.);
#4136=EDGE_CURVE('',#3278,#3279,#261,.T.);
#4137=EDGE_CURVE('',#3279,#3280,#262,.T.);
#4138=EDGE_CURVE('',#3280,#3281,#263,.T.);
#4139=EDGE_CURVE('',#3281,#3282,#264,.T.);
#4140=EDGE_CURVE('',#3282,#3283,#265,.T.);
#4141=EDGE_CURVE('',#3283,#3268,#266,.T.);
#4142=EDGE_CURVE('',#3284,#3285,#2006,.T.);
#4143=EDGE_CURVE('',#3285,#3286,#2007,.T.);
#4144=EDGE_CURVE('',#3286,#3287,#267,.T.);
#4145=EDGE_CURVE('',#3287,#3288,#268,.T.);
#4146=EDGE_CURVE('',#3288,#3289,#269,.T.);
#4147=EDGE_CURVE('',#3289,#3290,#270,.T.);
#4148=EDGE_CURVE('',#3290,#3291,#2008,.T.);
#4149=EDGE_CURVE('',#3291,#3292,#271,.T.);
#4150=EDGE_CURVE('',#3292,#3293,#272,.T.);
#4151=EDGE_CURVE('',#3293,#3294,#273,.T.);
#4152=EDGE_CURVE('',#3294,#3295,#274,.T.);
#4153=EDGE_CURVE('',#3295,#3296,#2009,.T.);
#4154=EDGE_CURVE('',#3296,#3297,#275,.T.);
#4155=EDGE_CURVE('',#3297,#3298,#276,.T.);
#4156=EDGE_CURVE('',#3298,#3299,#277,.T.);
#4157=EDGE_CURVE('',#3299,#3300,#2010,.T.);
#4158=EDGE_CURVE('',#3300,#3301,#278,.T.);
#4159=EDGE_CURVE('',#3301,#3302,#279,.T.);
#4160=EDGE_CURVE('',#3302,#3303,#280,.T.);
#4161=EDGE_CURVE('',#3303,#3304,#281,.T.);
#4162=EDGE_CURVE('',#3304,#3284,#2011,.T.);
#4163=EDGE_CURVE('',#3305,#3305,#3030,.T.);
#4164=EDGE_CURVE('',#3306,#3307,#2012,.T.);
#4165=EDGE_CURVE('',#3307,#3308,#282,.T.);
#4166=EDGE_CURVE('',#3308,#3309,#283,.T.);
#4167=EDGE_CURVE('',#3309,#3310,#284,.T.);
#4168=EDGE_CURVE('',#3310,#3311,#285,.T.);
#4169=EDGE_CURVE('',#3311,#3312,#2013,.T.);
#4170=EDGE_CURVE('',#3312,#3313,#286,.T.);
#4171=EDGE_CURVE('',#3313,#3314,#287,.T.);
#4172=EDGE_CURVE('',#3314,#3315,#288,.T.);
#4173=EDGE_CURVE('',#3315,#3316,#289,.T.);
#4174=EDGE_CURVE('',#3316,#3317,#290,.T.);
#4175=EDGE_CURVE('',#3317,#3318,#291,.T.);
#4176=EDGE_CURVE('',#3318,#3319,#292,.T.);
#4177=EDGE_CURVE('',#3319,#3320,#293,.T.);
#4178=EDGE_CURVE('',#3320,#3321,#294,.T.);
#4179=EDGE_CURVE('',#3321,#3322,#295,.T.);
#4180=EDGE_CURVE('',#3322,#3323,#296,.T.);
#4181=EDGE_CURVE('',#3323,#3324,#297,.T.);
#4182=EDGE_CURVE('',#3324,#3325,#298,.T.);
#4183=EDGE_CURVE('',#3325,#3326,#299,.T.);
#4184=EDGE_CURVE('',#3326,#3327,#300,.T.);
#4185=EDGE_CURVE('',#3327,#3328,#301,.T.);
#4186=EDGE_CURVE('',#3328,#3329,#302,.T.);
#4187=EDGE_CURVE('',#3329,#3330,#303,.T.);
#4188=EDGE_CURVE('',#3330,#3331,#2014,.T.);
#4189=EDGE_CURVE('',#3331,#3332,#304,.T.);
#4190=EDGE_CURVE('',#3332,#3333,#305,.T.);
#4191=EDGE_CURVE('',#3333,#3334,#306,.T.);
#4192=EDGE_CURVE('',#3334,#3335,#307,.T.);
#4193=EDGE_CURVE('',#3335,#3336,#2015,.T.);
#4194=EDGE_CURVE('',#3336,#3337,#308,.T.);
#4195=EDGE_CURVE('',#3337,#3338,#309,.T.);
#4196=EDGE_CURVE('',#3338,#3339,#310,.T.);
#4197=EDGE_CURVE('',#3339,#3340,#311,.T.);
#4198=EDGE_CURVE('',#3340,#3341,#312,.T.);
#4199=EDGE_CURVE('',#3341,#3342,#313,.T.);
#4200=EDGE_CURVE('',#3342,#3343,#314,.T.);
#4201=EDGE_CURVE('',#3343,#3344,#315,.T.);
#4202=EDGE_CURVE('',#3344,#3345,#316,.T.);
#4203=EDGE_CURVE('',#3345,#3346,#317,.T.);
#4204=EDGE_CURVE('',#3346,#3347,#318,.T.);
#4205=EDGE_CURVE('',#3347,#3348,#319,.T.);
#4206=EDGE_CURVE('',#3348,#3349,#320,.T.);
#4207=EDGE_CURVE('',#3349,#3350,#321,.T.);
#4208=EDGE_CURVE('',#3350,#3351,#322,.T.);
#4209=EDGE_CURVE('',#3351,#3306,#323,.T.);
#4210=EDGE_CURVE('',#3352,#3353,#324,.T.);
#4211=EDGE_CURVE('',#3353,#3354,#325,.T.);
#4212=EDGE_CURVE('',#3354,#3355,#326,.T.);
#4213=EDGE_CURVE('',#3355,#3356,#327,.T.);
#4214=EDGE_CURVE('',#3356,#3357,#328,.T.);
#4215=EDGE_CURVE('',#3357,#3358,#329,.T.);
#4216=EDGE_CURVE('',#3358,#3359,#330,.T.);
#4217=EDGE_CURVE('',#3359,#3360,#331,.T.);
#4218=EDGE_CURVE('',#3360,#3361,#332,.T.);
#4219=EDGE_CURVE('',#3361,#3362,#333,.T.);
#4220=EDGE_CURVE('',#3362,#3363,#334,.T.);
#4221=EDGE_CURVE('',#3363,#3364,#335,.T.);
#4222=EDGE_CURVE('',#3364,#3365,#336,.T.);
#4223=EDGE_CURVE('',#3365,#3366,#337,.T.);
#4224=EDGE_CURVE('',#3366,#3367,#338,.T.);
#4225=EDGE_CURVE('',#3367,#3352,#339,.T.);
#4226=EDGE_CURVE('',#3368,#3369,#340,.T.);
#4227=EDGE_CURVE('',#3369,#3370,#341,.T.);
#4228=EDGE_CURVE('',#3370,#3371,#342,.T.);
#4229=EDGE_CURVE('',#3371,#3372,#343,.T.);
#4230=EDGE_CURVE('',#3372,#3373,#344,.T.);
#4231=EDGE_CURVE('',#3373,#3374,#345,.T.);
#4232=EDGE_CURVE('',#3374,#3375,#346,.T.);
#4233=EDGE_CURVE('',#3375,#3376,#347,.T.);
#4234=EDGE_CURVE('',#3376,#3377,#348,.T.);
#4235=EDGE_CURVE('',#3377,#3378,#349,.T.);
#4236=EDGE_CURVE('',#3378,#3379,#350,.T.);
#4237=EDGE_CURVE('',#3379,#3380,#351,.T.);
#4238=EDGE_CURVE('',#3380,#3381,#352,.T.);
#4239=EDGE_CURVE('',#3381,#3382,#353,.T.);
#4240=EDGE_CURVE('',#3382,#3383,#354,.T.);
#4241=EDGE_CURVE('',#3383,#3384,#355,.T.);
#4242=EDGE_CURVE('',#3384,#3385,#356,.T.);
#4243=EDGE_CURVE('',#3385,#3386,#357,.T.);
#4244=EDGE_CURVE('',#3386,#3387,#358,.T.);
#4245=EDGE_CURVE('',#3387,#3388,#359,.T.);
#4246=EDGE_CURVE('',#3388,#3389,#360,.T.);
#4247=EDGE_CURVE('',#3389,#3390,#361,.T.);
#4248=EDGE_CURVE('',#3390,#3368,#362,.T.);
#4249=EDGE_CURVE('',#3391,#3392,#363,.T.);
#4250=EDGE_CURVE('',#3391,#3393,#2016,.T.);
#4251=EDGE_CURVE('',#3394,#3393,#364,.T.);
#4252=EDGE_CURVE('',#3392,#3394,#2017,.T.);
#4253=EDGE_CURVE('',#3392,#3395,#365,.T.);
#4254=EDGE_CURVE('',#3396,#3394,#366,.T.);
#4255=EDGE_CURVE('',#3395,#3396,#2018,.T.);
#4256=EDGE_CURVE('',#3395,#3397,#367,.T.);
#4257=EDGE_CURVE('',#3398,#3396,#368,.T.);
#4258=EDGE_CURVE('',#3397,#3398,#2019,.T.);
#4259=EDGE_CURVE('',#3397,#3399,#369,.T.);
#4260=EDGE_CURVE('',#3400,#3398,#370,.T.);
#4261=EDGE_CURVE('',#3399,#3400,#2020,.T.);
#4262=EDGE_CURVE('',#3399,#3401,#371,.T.);
#4263=EDGE_CURVE('',#3402,#3400,#372,.T.);
#4264=EDGE_CURVE('',#3401,#3402,#2021,.T.);
#4265=EDGE_CURVE('',#3401,#3403,#373,.T.);
#4266=EDGE_CURVE('',#3404,#3402,#374,.T.);
#4267=EDGE_CURVE('',#3403,#3404,#2022,.T.);
#4268=EDGE_CURVE('',#3403,#3405,#2023,.T.);
#4269=EDGE_CURVE('',#3406,#3404,#2024,.T.);
#4270=EDGE_CURVE('',#3405,#3406,#2025,.T.);
#4271=EDGE_CURVE('',#3405,#3407,#375,.T.);
#4272=EDGE_CURVE('',#3408,#3406,#376,.T.);
#4273=EDGE_CURVE('',#3407,#3408,#2026,.T.);
#4274=EDGE_CURVE('',#3407,#3409,#377,.T.);
#4275=EDGE_CURVE('',#3410,#3408,#378,.T.);
#4276=EDGE_CURVE('',#3409,#3410,#2027,.T.);
#4277=EDGE_CURVE('',#3409,#3411,#379,.T.);
#4278=EDGE_CURVE('',#3412,#3410,#380,.T.);
#4279=EDGE_CURVE('',#3411,#3412,#2028,.T.);
#4280=EDGE_CURVE('',#3411,#3413,#381,.T.);
#4281=EDGE_CURVE('',#3414,#3412,#382,.T.);
#4282=EDGE_CURVE('',#3413,#3414,#2029,.T.);
#4283=EDGE_CURVE('',#3413,#3415,#383,.T.);
#4284=EDGE_CURVE('',#3416,#3414,#384,.T.);
#4285=EDGE_CURVE('',#3415,#3416,#2030,.T.);
#4286=EDGE_CURVE('',#3415,#3417,#385,.T.);
#4287=EDGE_CURVE('',#3418,#3416,#386,.T.);
#4288=EDGE_CURVE('',#3417,#3418,#2031,.T.);
#4289=EDGE_CURVE('',#3417,#3391,#2032,.T.);
#4290=EDGE_CURVE('',#3393,#3418,#2033,.T.);
#4291=EDGE_CURVE('',#3268,#3419,#2034,.T.);
#4292=EDGE_CURVE('',#3420,#3419,#2035,.T.);
#4293=EDGE_CURVE('',#3269,#3420,#2036,.T.);
#4294=EDGE_CURVE('',#3421,#3420,#387,.T.);
#4295=EDGE_CURVE('',#3270,#3421,#2037,.T.);
#4296=EDGE_CURVE('',#3422,#3421,#388,.T.);
#4297=EDGE_CURVE('',#3271,#3422,#2038,.T.);
#4298=EDGE_CURVE('',#3423,#3422,#389,.T.);
#4299=EDGE_CURVE('',#3272,#3423,#2039,.T.);
#4300=EDGE_CURVE('',#3424,#3423,#390,.T.);
#4301=EDGE_CURVE('',#3273,#3424,#2040,.T.);
#4302=EDGE_CURVE('',#3425,#3424,#391,.T.);
#4303=EDGE_CURVE('',#3274,#3425,#2041,.T.);
#4304=EDGE_CURVE('',#3426,#3425,#392,.T.);
#4305=EDGE_CURVE('',#3275,#3426,#2042,.T.);
#4306=EDGE_CURVE('',#3427,#3426,#393,.T.);
#4307=EDGE_CURVE('',#3276,#3427,#2043,.T.);
#4308=EDGE_CURVE('',#3428,#3427,#2044,.T.);
#4309=EDGE_CURVE('',#3277,#3428,#2045,.T.);
#4310=EDGE_CURVE('',#3429,#3428,#394,.T.);
#4311=EDGE_CURVE('',#3278,#3429,#2046,.T.);
#4312=EDGE_CURVE('',#3430,#3429,#395,.T.);
#4313=EDGE_CURVE('',#3279,#3430,#2047,.T.);
#4314=EDGE_CURVE('',#3431,#3430,#396,.T.);
#4315=EDGE_CURVE('',#3280,#3431,#2048,.T.);
#4316=EDGE_CURVE('',#3432,#3431,#397,.T.);
#4317=EDGE_CURVE('',#3281,#3432,#2049,.T.);
#4318=EDGE_CURVE('',#3433,#3432,#398,.T.);
#4319=EDGE_CURVE('',#3282,#3433,#2050,.T.);
#4320=EDGE_CURVE('',#3434,#3433,#399,.T.);
#4321=EDGE_CURVE('',#3283,#3434,#2051,.T.);
#4322=EDGE_CURVE('',#3419,#3434,#400,.T.);
#4323=EDGE_CURVE('',#3435,#3436,#401,.T.);
#4324=EDGE_CURVE('',#3435,#3437,#2052,.T.);
#4325=EDGE_CURVE('',#3438,#3437,#402,.T.);
#4326=EDGE_CURVE('',#3436,#3438,#2053,.T.);
#4327=EDGE_CURVE('',#3436,#3439,#403,.T.);
#4328=EDGE_CURVE('',#3440,#3438,#404,.T.);
#4329=EDGE_CURVE('',#3439,#3440,#2054,.T.);
#4330=EDGE_CURVE('',#3439,#3441,#405,.T.);
#4331=EDGE_CURVE('',#3442,#3440,#406,.T.);
#4332=EDGE_CURVE('',#3441,#3442,#2055,.T.);
#4333=EDGE_CURVE('',#3441,#3443,#407,.T.);
#4334=EDGE_CURVE('',#3444,#3442,#408,.T.);
#4335=EDGE_CURVE('',#3443,#3444,#2056,.T.);
#4336=EDGE_CURVE('',#3443,#3445,#409,.T.);
#4337=EDGE_CURVE('',#3446,#3444,#410,.T.);
#4338=EDGE_CURVE('',#3445,#3446,#2057,.T.);
#4339=EDGE_CURVE('',#3445,#3447,#411,.T.);
#4340=EDGE_CURVE('',#3448,#3446,#412,.T.);
#4341=EDGE_CURVE('',#3447,#3448,#2058,.T.);
#4342=EDGE_CURVE('',#3447,#3449,#413,.T.);
#4343=EDGE_CURVE('',#3450,#3448,#414,.T.);
#4344=EDGE_CURVE('',#3449,#3450,#2059,.T.);
#4345=EDGE_CURVE('',#3449,#3451,#415,.T.);
#4346=EDGE_CURVE('',#3452,#3450,#416,.T.);
#4347=EDGE_CURVE('',#3451,#3452,#2060,.T.);
#4348=EDGE_CURVE('',#3451,#3435,#417,.T.);
#4349=EDGE_CURVE('',#3437,#3452,#418,.T.);
#4350=EDGE_CURVE('',#3368,#3453,#2061,.T.);
#4351=EDGE_CURVE('',#3454,#3453,#419,.T.);
#4352=EDGE_CURVE('',#3369,#3454,#2062,.T.);
#4353=EDGE_CURVE('',#3455,#3454,#420,.T.);
#4354=EDGE_CURVE('',#3370,#3455,#2063,.T.);
#4355=EDGE_CURVE('',#3456,#3455,#421,.T.);
#4356=EDGE_CURVE('',#3371,#3456,#2064,.T.);
#4357=EDGE_CURVE('',#3457,#3456,#422,.T.);
#4358=EDGE_CURVE('',#3372,#3457,#2065,.T.);
#4359=EDGE_CURVE('',#3458,#3457,#423,.T.);
#4360=EDGE_CURVE('',#3373,#3458,#2066,.T.);
#4361=EDGE_CURVE('',#3459,#3458,#424,.T.);
#4362=EDGE_CURVE('',#3374,#3459,#2067,.T.);
#4363=EDGE_CURVE('',#3460,#3459,#425,.T.);
#4364=EDGE_CURVE('',#3375,#3460,#2068,.T.);
#4365=EDGE_CURVE('',#3461,#3460,#426,.T.);
#4366=EDGE_CURVE('',#3376,#3461,#2069,.T.);
#4367=EDGE_CURVE('',#3462,#3461,#427,.T.);
#4368=EDGE_CURVE('',#3377,#3462,#2070,.T.);
#4369=EDGE_CURVE('',#3463,#3462,#428,.T.);
#4370=EDGE_CURVE('',#3378,#3463,#2071,.T.);
#4371=EDGE_CURVE('',#3464,#3463,#429,.T.);
#4372=EDGE_CURVE('',#3379,#3464,#2072,.T.);
#4373=EDGE_CURVE('',#3465,#3464,#430,.T.);
#4374=EDGE_CURVE('',#3380,#3465,#2073,.T.);
#4375=EDGE_CURVE('',#3466,#3465,#431,.T.);
#4376=EDGE_CURVE('',#3381,#3466,#2074,.T.);
#4377=EDGE_CURVE('',#3467,#3466,#432,.T.);
#4378=EDGE_CURVE('',#3382,#3467,#2075,.T.);
#4379=EDGE_CURVE('',#3468,#3467,#433,.T.);
#4380=EDGE_CURVE('',#3383,#3468,#2076,.T.);
#4381=EDGE_CURVE('',#3469,#3468,#434,.T.);
#4382=EDGE_CURVE('',#3384,#3469,#2077,.T.);
#4383=EDGE_CURVE('',#3470,#3469,#435,.T.);
#4384=EDGE_CURVE('',#3385,#3470,#2078,.T.);
#4385=EDGE_CURVE('',#3471,#3470,#436,.T.);
#4386=EDGE_CURVE('',#3386,#3471,#2079,.T.);
#4387=EDGE_CURVE('',#3472,#3471,#437,.T.);
#4388=EDGE_CURVE('',#3387,#3472,#2080,.T.);
#4389=EDGE_CURVE('',#3473,#3472,#438,.T.);
#4390=EDGE_CURVE('',#3388,#3473,#2081,.T.);
#4391=EDGE_CURVE('',#3474,#3473,#439,.T.);
#4392=EDGE_CURVE('',#3389,#3474,#2082,.T.);
#4393=EDGE_CURVE('',#3475,#3474,#440,.T.);
#4394=EDGE_CURVE('',#3390,#3475,#2083,.T.);
#4395=EDGE_CURVE('',#3453,#3475,#441,.T.);
#4396=EDGE_CURVE('',#3476,#3477,#442,.T.);
#4397=EDGE_CURVE('',#3476,#3478,#2084,.T.);
#4398=EDGE_CURVE('',#3479,#3478,#443,.T.);
#4399=EDGE_CURVE('',#3477,#3479,#2085,.T.);
#4400=EDGE_CURVE('',#3477,#3480,#444,.T.);
#4401=EDGE_CURVE('',#3481,#3479,#445,.T.);
#4402=EDGE_CURVE('',#3480,#3481,#2086,.T.);
#4403=EDGE_CURVE('',#3480,#3482,#446,.T.);
#4404=EDGE_CURVE('',#3483,#3481,#447,.T.);
#4405=EDGE_CURVE('',#3482,#3483,#2087,.T.);
#4406=EDGE_CURVE('',#3482,#3484,#448,.T.);
#4407=EDGE_CURVE('',#3485,#3483,#449,.T.);
#4408=EDGE_CURVE('',#3484,#3485,#2088,.T.);
#4409=EDGE_CURVE('',#3484,#3486,#450,.T.);
#4410=EDGE_CURVE('',#3487,#3485,#451,.T.);
#4411=EDGE_CURVE('',#3486,#3487,#2089,.T.);
#4412=EDGE_CURVE('',#3486,#3488,#452,.T.);
#4413=EDGE_CURVE('',#3489,#3487,#453,.T.);
#4414=EDGE_CURVE('',#3488,#3489,#2090,.T.);
#4415=EDGE_CURVE('',#3488,#3490,#454,.T.);
#4416=EDGE_CURVE('',#3491,#3489,#455,.T.);
#4417=EDGE_CURVE('',#3490,#3491,#2091,.T.);
#4418=EDGE_CURVE('',#3490,#3476,#456,.T.);
#4419=EDGE_CURVE('',#3478,#3491,#457,.T.);
#4420=EDGE_CURVE('',#3492,#3493,#458,.T.);
#4421=EDGE_CURVE('',#3492,#3494,#2092,.T.);
#4422=EDGE_CURVE('',#3495,#3494,#459,.T.);
#4423=EDGE_CURVE('',#3493,#3495,#2093,.T.);
#4424=EDGE_CURVE('',#3493,#3496,#460,.T.);
#4425=EDGE_CURVE('',#3497,#3495,#461,.T.);
#4426=EDGE_CURVE('',#3496,#3497,#2094,.T.);
#4427=EDGE_CURVE('',#3496,#3498,#462,.T.);
#4428=EDGE_CURVE('',#3499,#3497,#463,.T.);
#4429=EDGE_CURVE('',#3498,#3499,#2095,.T.);
#4430=EDGE_CURVE('',#3498,#3500,#464,.T.);
#4431=EDGE_CURVE('',#3501,#3499,#465,.T.);
#4432=EDGE_CURVE('',#3500,#3501,#2096,.T.);
#4433=EDGE_CURVE('',#3500,#3502,#466,.T.);
#4434=EDGE_CURVE('',#3503,#3501,#467,.T.);
#4435=EDGE_CURVE('',#3502,#3503,#2097,.T.);
#4436=EDGE_CURVE('',#3502,#3504,#468,.T.);
#4437=EDGE_CURVE('',#3505,#3503,#469,.T.);
#4438=EDGE_CURVE('',#3504,#3505,#2098,.T.);
#4439=EDGE_CURVE('',#3504,#3506,#470,.T.);
#4440=EDGE_CURVE('',#3507,#3505,#471,.T.);
#4441=EDGE_CURVE('',#3506,#3507,#2099,.T.);
#4442=EDGE_CURVE('',#3506,#3492,#472,.T.);
#4443=EDGE_CURVE('',#3494,#3507,#473,.T.);
#4444=EDGE_CURVE('',#3352,#3508,#2100,.T.);
#4445=EDGE_CURVE('',#3509,#3508,#474,.T.);
#4446=EDGE_CURVE('',#3353,#3509,#2101,.T.);
#4447=EDGE_CURVE('',#3510,#3509,#475,.T.);
#4448=EDGE_CURVE('',#3354,#3510,#2102,.T.);
#4449=EDGE_CURVE('',#3511,#3510,#476,.T.);
#4450=EDGE_CURVE('',#3355,#3511,#2103,.T.);
#4451=EDGE_CURVE('',#3512,#3511,#477,.T.);
#4452=EDGE_CURVE('',#3356,#3512,#2104,.T.);
#4453=EDGE_CURVE('',#3513,#3512,#478,.T.);
#4454=EDGE_CURVE('',#3357,#3513,#2105,.T.);
#4455=EDGE_CURVE('',#3514,#3513,#479,.T.);
#4456=EDGE_CURVE('',#3358,#3514,#2106,.T.);
#4457=EDGE_CURVE('',#3515,#3514,#480,.T.);
#4458=EDGE_CURVE('',#3359,#3515,#2107,.T.);
#4459=EDGE_CURVE('',#3516,#3515,#481,.T.);
#4460=EDGE_CURVE('',#3360,#3516,#2108,.T.);
#4461=EDGE_CURVE('',#3517,#3516,#482,.T.);
#4462=EDGE_CURVE('',#3361,#3517,#2109,.T.);
#4463=EDGE_CURVE('',#3518,#3517,#483,.T.);
#4464=EDGE_CURVE('',#3362,#3518,#2110,.T.);
#4465=EDGE_CURVE('',#3519,#3518,#484,.T.);
#4466=EDGE_CURVE('',#3363,#3519,#2111,.T.);
#4467=EDGE_CURVE('',#3520,#3519,#485,.T.);
#4468=EDGE_CURVE('',#3364,#3520,#2112,.T.);
#4469=EDGE_CURVE('',#3521,#3520,#486,.T.);
#4470=EDGE_CURVE('',#3365,#3521,#2113,.T.);
#4471=EDGE_CURVE('',#3522,#3521,#487,.T.);
#4472=EDGE_CURVE('',#3366,#3522,#2114,.T.);
#4473=EDGE_CURVE('',#3523,#3522,#488,.T.);
#4474=EDGE_CURVE('',#3367,#3523,#2115,.T.);
#4475=EDGE_CURVE('',#3508,#3523,#489,.T.);
#4476=EDGE_CURVE('',#3306,#3524,#2116,.T.);
#4477=EDGE_CURVE('',#3525,#3524,#2117,.T.);
#4478=EDGE_CURVE('',#3307,#3525,#2118,.T.);
#4479=EDGE_CURVE('',#3526,#3525,#490,.T.);
#4480=EDGE_CURVE('',#3308,#3526,#2119,.T.);
#4481=EDGE_CURVE('',#3527,#3526,#491,.T.);
#4482=EDGE_CURVE('',#3309,#3527,#2120,.T.);
#4483=EDGE_CURVE('',#3528,#3527,#492,.T.);
#4484=EDGE_CURVE('',#3310,#3528,#2121,.T.);
#4485=EDGE_CURVE('',#3529,#3528,#493,.T.);
#4486=EDGE_CURVE('',#3311,#3529,#2122,.T.);
#4487=EDGE_CURVE('',#3530,#3529,#2123,.T.);
#4488=EDGE_CURVE('',#3312,#3530,#2124,.T.);
#4489=EDGE_CURVE('',#3531,#3530,#494,.T.);
#4490=EDGE_CURVE('',#3313,#3531,#2125,.T.);
#4491=EDGE_CURVE('',#3532,#3531,#495,.T.);
#4492=EDGE_CURVE('',#3314,#3532,#2126,.T.);
#4493=EDGE_CURVE('',#3533,#3532,#496,.T.);
#4494=EDGE_CURVE('',#3315,#3533,#2127,.T.);
#4495=EDGE_CURVE('',#3534,#3533,#497,.T.);
#4496=EDGE_CURVE('',#3316,#3534,#2128,.T.);
#4497=EDGE_CURVE('',#3535,#3534,#498,.T.);
#4498=EDGE_CURVE('',#3317,#3535,#2129,.T.);
#4499=EDGE_CURVE('',#3536,#3535,#499,.T.);
#4500=EDGE_CURVE('',#3318,#3536,#2130,.T.);
#4501=EDGE_CURVE('',#3537,#3536,#500,.T.);
#4502=EDGE_CURVE('',#3319,#3537,#2131,.T.);
#4503=EDGE_CURVE('',#3538,#3537,#501,.T.);
#4504=EDGE_CURVE('',#3320,#3538,#2132,.T.);
#4505=EDGE_CURVE('',#3539,#3538,#502,.T.);
#4506=EDGE_CURVE('',#3321,#3539,#2133,.T.);
#4507=EDGE_CURVE('',#3540,#3539,#503,.T.);
#4508=EDGE_CURVE('',#3322,#3540,#2134,.T.);
#4509=EDGE_CURVE('',#3541,#3540,#504,.T.);
#4510=EDGE_CURVE('',#3323,#3541,#2135,.T.);
#4511=EDGE_CURVE('',#3542,#3541,#505,.T.);
#4512=EDGE_CURVE('',#3324,#3542,#2136,.T.);
#4513=EDGE_CURVE('',#3543,#3542,#506,.T.);
#4514=EDGE_CURVE('',#3325,#3543,#2137,.T.);
#4515=EDGE_CURVE('',#3544,#3543,#507,.T.);
#4516=EDGE_CURVE('',#3326,#3544,#2138,.T.);
#4517=EDGE_CURVE('',#3545,#3544,#508,.T.);
#4518=EDGE_CURVE('',#3327,#3545,#2139,.T.);
#4519=EDGE_CURVE('',#3546,#3545,#509,.T.);
#4520=EDGE_CURVE('',#3328,#3546,#2140,.T.);
#4521=EDGE_CURVE('',#3547,#3546,#510,.T.);
#4522=EDGE_CURVE('',#3329,#3547,#2141,.T.);
#4523=EDGE_CURVE('',#3548,#3547,#511,.T.);
#4524=EDGE_CURVE('',#3330,#3548,#2142,.T.);
#4525=EDGE_CURVE('',#3549,#3548,#2143,.T.);
#4526=EDGE_CURVE('',#3331,#3549,#2144,.T.);
#4527=EDGE_CURVE('',#3550,#3549,#512,.T.);
#4528=EDGE_CURVE('',#3332,#3550,#2145,.T.);
#4529=EDGE_CURVE('',#3551,#3550,#513,.T.);
#4530=EDGE_CURVE('',#3333,#3551,#2146,.T.);
#4531=EDGE_CURVE('',#3552,#3551,#514,.T.);
#4532=EDGE_CURVE('',#3334,#3552,#2147,.T.);
#4533=EDGE_CURVE('',#3553,#3552,#515,.T.);
#4534=EDGE_CURVE('',#3335,#3553,#2148,.T.);
#4535=EDGE_CURVE('',#3554,#3553,#2149,.T.);
#4536=EDGE_CURVE('',#3336,#3554,#2150,.T.);
#4537=EDGE_CURVE('',#3555,#3554,#516,.T.);
#4538=EDGE_CURVE('',#3337,#3555,#2151,.T.);
#4539=EDGE_CURVE('',#3556,#3555,#517,.T.);
#4540=EDGE_CURVE('',#3338,#3556,#2152,.T.);
#4541=EDGE_CURVE('',#3557,#3556,#518,.T.);
#4542=EDGE_CURVE('',#3339,#3557,#2153,.T.);
#4543=EDGE_CURVE('',#3558,#3557,#519,.T.);
#4544=EDGE_CURVE('',#3340,#3558,#2154,.T.);
#4545=EDGE_CURVE('',#3559,#3558,#520,.T.);
#4546=EDGE_CURVE('',#3341,#3559,#2155,.T.);
#4547=EDGE_CURVE('',#3560,#3559,#521,.T.);
#4548=EDGE_CURVE('',#3342,#3560,#2156,.T.);
#4549=EDGE_CURVE('',#3561,#3560,#522,.T.);
#4550=EDGE_CURVE('',#3343,#3561,#2157,.T.);
#4551=EDGE_CURVE('',#3562,#3561,#523,.T.);
#4552=EDGE_CURVE('',#3344,#3562,#2158,.T.);
#4553=EDGE_CURVE('',#3563,#3562,#524,.T.);
#4554=EDGE_CURVE('',#3345,#3563,#2159,.T.);
#4555=EDGE_CURVE('',#3564,#3563,#525,.T.);
#4556=EDGE_CURVE('',#3346,#3564,#2160,.T.);
#4557=EDGE_CURVE('',#3565,#3564,#526,.T.);
#4558=EDGE_CURVE('',#3347,#3565,#2161,.T.);
#4559=EDGE_CURVE('',#3566,#3565,#527,.T.);
#4560=EDGE_CURVE('',#3348,#3566,#2162,.T.);
#4561=EDGE_CURVE('',#3567,#3566,#528,.T.);
#4562=EDGE_CURVE('',#3349,#3567,#2163,.T.);
#4563=EDGE_CURVE('',#3568,#3567,#529,.T.);
#4564=EDGE_CURVE('',#3350,#3568,#2164,.T.);
#4565=EDGE_CURVE('',#3569,#3568,#530,.T.);
#4566=EDGE_CURVE('',#3351,#3569,#2165,.T.);
#4567=EDGE_CURVE('',#3524,#3569,#531,.T.);
#4568=EDGE_CURVE('',#3570,#3571,#2166,.T.);
#4569=EDGE_CURVE('',#3570,#3572,#2167,.T.);
#4570=EDGE_CURVE('',#3573,#3572,#2168,.T.);
#4571=EDGE_CURVE('',#3571,#3573,#2169,.T.);
#4572=EDGE_CURVE('',#3571,#3574,#532,.T.);
#4573=EDGE_CURVE('',#3575,#3573,#533,.T.);
#4574=EDGE_CURVE('',#3574,#3575,#2170,.T.);
#4575=EDGE_CURVE('',#3574,#3576,#534,.T.);
#4576=EDGE_CURVE('',#3577,#3575,#535,.T.);
#4577=EDGE_CURVE('',#3576,#3577,#2171,.T.);
#4578=EDGE_CURVE('',#3576,#3578,#536,.T.);
#4579=EDGE_CURVE('',#3579,#3577,#537,.T.);
#4580=EDGE_CURVE('',#3578,#3579,#2172,.T.);
#4581=EDGE_CURVE('',#3578,#3580,#2173,.T.);
#4582=EDGE_CURVE('',#3581,#3579,#2174,.T.);
#4583=EDGE_CURVE('',#3580,#3581,#2175,.T.);
#4584=EDGE_CURVE('',#3580,#3582,#538,.T.);
#4585=EDGE_CURVE('',#3583,#3581,#539,.T.);
#4586=EDGE_CURVE('',#3582,#3583,#2176,.T.);
#4587=EDGE_CURVE('',#3582,#3584,#540,.T.);
#4588=EDGE_CURVE('',#3585,#3583,#541,.T.);
#4589=EDGE_CURVE('',#3584,#3585,#2177,.T.);
#4590=EDGE_CURVE('',#3584,#3586,#542,.T.);
#4591=EDGE_CURVE('',#3587,#3585,#543,.T.);
#4592=EDGE_CURVE('',#3586,#3587,#2178,.T.);
#4593=EDGE_CURVE('',#3586,#3588,#544,.T.);
#4594=EDGE_CURVE('',#3589,#3587,#545,.T.);
#4595=EDGE_CURVE('',#3588,#3589,#2179,.T.);
#4596=EDGE_CURVE('',#3588,#3590,#2180,.T.);
#4597=EDGE_CURVE('',#3591,#3589,#2181,.T.);
#4598=EDGE_CURVE('',#3590,#3591,#2182,.T.);
#4599=EDGE_CURVE('',#3590,#3570,#2183,.T.);
#4600=EDGE_CURVE('',#3572,#3591,#2184,.T.);
#4601=EDGE_CURVE('',#3284,#3592,#2185,.T.);
#4602=EDGE_CURVE('',#3593,#3592,#2186,.T.);
#4603=EDGE_CURVE('',#3285,#3593,#2187,.T.);
#4604=EDGE_CURVE('',#3594,#3593,#2188,.T.);
#4605=EDGE_CURVE('',#3286,#3594,#2189,.T.);
#4606=EDGE_CURVE('',#3595,#3594,#546,.T.);
#4607=EDGE_CURVE('',#3287,#3595,#2190,.T.);
#4608=EDGE_CURVE('',#3596,#3595,#547,.T.);
#4609=EDGE_CURVE('',#3288,#3596,#2191,.T.);
#4610=EDGE_CURVE('',#3597,#3596,#548,.T.);
#4611=EDGE_CURVE('',#3289,#3597,#2192,.T.);
#4612=EDGE_CURVE('',#3598,#3597,#549,.T.);
#4613=EDGE_CURVE('',#3290,#3598,#2193,.T.);
#4614=EDGE_CURVE('',#3599,#3598,#2194,.T.);
#4615=EDGE_CURVE('',#3291,#3599,#2195,.T.);
#4616=EDGE_CURVE('',#3600,#3599,#550,.T.);
#4617=EDGE_CURVE('',#3292,#3600,#2196,.T.);
#4618=EDGE_CURVE('',#3601,#3600,#551,.T.);
#4619=EDGE_CURVE('',#3293,#3601,#2197,.T.);
#4620=EDGE_CURVE('',#3602,#3601,#552,.T.);
#4621=EDGE_CURVE('',#3294,#3602,#2198,.T.);
#4622=EDGE_CURVE('',#3603,#3602,#553,.T.);
#4623=EDGE_CURVE('',#3295,#3603,#2199,.T.);
#4624=EDGE_CURVE('',#3604,#3603,#2200,.T.);
#4625=EDGE_CURVE('',#3296,#3604,#2201,.T.);
#4626=EDGE_CURVE('',#3605,#3604,#554,.T.);
#4627=EDGE_CURVE('',#3297,#3605,#2202,.T.);
#4628=EDGE_CURVE('',#3606,#3605,#555,.T.);
#4629=EDGE_CURVE('',#3298,#3606,#2203,.T.);
#4630=EDGE_CURVE('',#3607,#3606,#556,.T.);
#4631=EDGE_CURVE('',#3299,#3607,#2204,.T.);
#4632=EDGE_CURVE('',#3608,#3607,#2205,.T.);
#4633=EDGE_CURVE('',#3300,#3608,#2206,.T.);
#4634=EDGE_CURVE('',#3609,#3608,#557,.T.);
#4635=EDGE_CURVE('',#3301,#3609,#2207,.T.);
#4636=EDGE_CURVE('',#3610,#3609,#558,.T.);
#4637=EDGE_CURVE('',#3302,#3610,#2208,.T.);
#4638=EDGE_CURVE('',#3611,#3610,#559,.T.);
#4639=EDGE_CURVE('',#3303,#3611,#2209,.T.);
#4640=EDGE_CURVE('',#3612,#3611,#560,.T.);
#4641=EDGE_CURVE('',#3304,#3612,#2210,.T.);
#4642=EDGE_CURVE('',#3592,#3612,#2211,.T.);
#4643=EDGE_CURVE('',#3613,#3614,#14,.T.);
#4644=EDGE_CURVE('',#3613,#3615,#2212,.T.);
#4645=EDGE_CURVE('',#3616,#3615,#15,.T.);
#4646=EDGE_CURVE('',#3614,#3616,#2213,.T.);
#4647=EDGE_CURVE('',#3614,#3617,#16,.T.);
#4648=EDGE_CURVE('',#3618,#3616,#17,.T.);
#4649=EDGE_CURVE('',#3617,#3618,#2214,.T.);
#4650=EDGE_CURVE('',#3617,#3619,#18,.T.);
#4651=EDGE_CURVE('',#3620,#3618,#19,.T.);
#4652=EDGE_CURVE('',#3619,#3620,#2215,.T.);
#4653=EDGE_CURVE('',#3619,#3621,#20,.T.);
#4654=EDGE_CURVE('',#3622,#3620,#21,.T.);
#4655=EDGE_CURVE('',#3621,#3622,#2216,.T.);
#4656=EDGE_CURVE('',#3621,#3623,#2217,.T.);
#4657=EDGE_CURVE('',#3624,#3622,#2218,.T.);
#4658=EDGE_CURVE('',#3623,#3624,#2219,.T.);
#4659=EDGE_CURVE('',#3623,#3625,#22,.T.);
#4660=EDGE_CURVE('',#3626,#3624,#23,.T.);
#4661=EDGE_CURVE('',#3625,#3626,#2220,.T.);
#4662=EDGE_CURVE('',#3625,#3627,#24,.T.);
#4663=EDGE_CURVE('',#3628,#3626,#25,.T.);
#4664=EDGE_CURVE('',#3627,#3628,#2221,.T.);
#4665=EDGE_CURVE('',#3627,#3629,#26,.T.);
#4666=EDGE_CURVE('',#3630,#3628,#27,.T.);
#4667=EDGE_CURVE('',#3629,#3630,#2222,.T.);
#4668=EDGE_CURVE('',#3629,#3631,#28,.T.);
#4669=EDGE_CURVE('',#3632,#3630,#29,.T.);
#4670=EDGE_CURVE('',#3631,#3632,#2223,.T.);
#4671=EDGE_CURVE('',#3631,#3613,#2224,.T.);
#4672=EDGE_CURVE('',#3615,#3632,#2225,.T.);
#4673=EDGE_CURVE('',#3633,#3634,#2226,.T.);
#4674=EDGE_CURVE('',#3633,#3635,#2227,.T.);
#4675=EDGE_CURVE('',#3636,#3635,#2228,.T.);
#4676=EDGE_CURVE('',#3634,#3636,#2229,.T.);
#4677=EDGE_CURVE('',#3634,#3637,#2230,.T.);
#4678=EDGE_CURVE('',#3638,#3636,#2231,.T.);
#4679=EDGE_CURVE('',#3637,#3638,#2232,.T.);
#4680=EDGE_CURVE('',#3637,#3639,#2233,.T.);
#4681=EDGE_CURVE('',#3640,#3638,#2234,.T.);
#4682=EDGE_CURVE('',#3639,#3640,#2235,.T.);
#4683=EDGE_CURVE('',#3639,#3641,#2236,.T.);
#4684=EDGE_CURVE('',#3642,#3640,#2237,.T.);
#4685=EDGE_CURVE('',#3641,#3642,#2238,.T.);
#4686=EDGE_CURVE('',#3641,#3643,#2239,.T.);
#4687=EDGE_CURVE('',#3644,#3642,#2240,.T.);
#4688=EDGE_CURVE('',#3643,#3644,#2241,.T.);
#4689=EDGE_CURVE('',#3643,#3645,#2242,.T.);
#4690=EDGE_CURVE('',#3646,#3644,#2243,.T.);
#4691=EDGE_CURVE('',#3645,#3646,#2244,.T.);
#4692=EDGE_CURVE('',#3645,#3647,#2245,.T.);
#4693=EDGE_CURVE('',#3648,#3646,#2246,.T.);
#4694=EDGE_CURVE('',#3647,#3648,#2247,.T.);
#4695=EDGE_CURVE('',#3647,#3649,#2248,.T.);
#4696=EDGE_CURVE('',#3650,#3648,#2249,.T.);
#4697=EDGE_CURVE('',#3649,#3650,#2250,.T.);
#4698=EDGE_CURVE('',#3649,#3651,#2251,.T.);
#4699=EDGE_CURVE('',#3652,#3650,#2252,.T.);
#4700=EDGE_CURVE('',#3651,#3652,#2253,.T.);
#4701=EDGE_CURVE('',#3651,#3633,#2254,.T.);
#4702=EDGE_CURVE('',#3635,#3652,#2255,.T.);
#4703=EDGE_CURVE('',#3653,#3654,#30,.T.);
#4704=EDGE_CURVE('',#3653,#3655,#2256,.T.);
#4705=EDGE_CURVE('',#3656,#3655,#31,.T.);
#4706=EDGE_CURVE('',#3654,#3656,#2257,.T.);
#4707=EDGE_CURVE('',#3654,#3657,#32,.T.);
#4708=EDGE_CURVE('',#3658,#3656,#33,.T.);
#4709=EDGE_CURVE('',#3657,#3658,#2258,.T.);
#4710=EDGE_CURVE('',#3657,#3659,#34,.T.);
#4711=EDGE_CURVE('',#3660,#3658,#35,.T.);
#4712=EDGE_CURVE('',#3659,#3660,#2259,.T.);
#4713=EDGE_CURVE('',#3659,#3661,#36,.T.);
#4714=EDGE_CURVE('',#3662,#3660,#37,.T.);
#4715=EDGE_CURVE('',#3661,#3662,#2260,.T.);
#4716=EDGE_CURVE('',#3661,#3663,#38,.T.);
#4717=EDGE_CURVE('',#3664,#3662,#39,.T.);
#4718=EDGE_CURVE('',#3663,#3664,#2261,.T.);
#4719=EDGE_CURVE('',#3663,#3665,#40,.T.);
#4720=EDGE_CURVE('',#3666,#3664,#41,.T.);
#4721=EDGE_CURVE('',#3665,#3666,#2262,.T.);
#4722=EDGE_CURVE('',#3665,#3667,#42,.T.);
#4723=EDGE_CURVE('',#3668,#3666,#43,.T.);
#4724=EDGE_CURVE('',#3667,#3668,#2263,.T.);
#4725=EDGE_CURVE('',#3667,#3669,#2264,.T.);
#4726=EDGE_CURVE('',#3670,#3668,#2265,.T.);
#4727=EDGE_CURVE('',#3669,#3670,#2266,.T.);
#4728=EDGE_CURVE('',#3669,#3671,#44,.T.);
#4729=EDGE_CURVE('',#3672,#3670,#45,.T.);
#4730=EDGE_CURVE('',#3671,#3672,#2267,.T.);
#4731=EDGE_CURVE('',#3671,#3673,#46,.T.);
#4732=EDGE_CURVE('',#3674,#3672,#47,.T.);
#4733=EDGE_CURVE('',#3673,#3674,#2268,.T.);
#4734=EDGE_CURVE('',#3673,#3675,#48,.T.);
#4735=EDGE_CURVE('',#3676,#3674,#49,.T.);
#4736=EDGE_CURVE('',#3675,#3676,#2269,.T.);
#4737=EDGE_CURVE('',#3675,#3677,#50,.T.);
#4738=EDGE_CURVE('',#3678,#3676,#51,.T.);
#4739=EDGE_CURVE('',#3677,#3678,#2270,.T.);
#4740=EDGE_CURVE('',#3677,#3679,#52,.T.);
#4741=EDGE_CURVE('',#3680,#3678,#53,.T.);
#4742=EDGE_CURVE('',#3679,#3680,#2271,.T.);
#4743=EDGE_CURVE('',#3679,#3681,#54,.T.);
#4744=EDGE_CURVE('',#3682,#3680,#55,.T.);
#4745=EDGE_CURVE('',#3681,#3682,#2272,.T.);
#4746=EDGE_CURVE('',#3681,#3683,#56,.T.);
#4747=EDGE_CURVE('',#3684,#3682,#57,.T.);
#4748=EDGE_CURVE('',#3683,#3684,#2273,.T.);
#4749=EDGE_CURVE('',#3683,#3685,#58,.T.);
#4750=EDGE_CURVE('',#3686,#3684,#59,.T.);
#4751=EDGE_CURVE('',#3685,#3686,#2274,.T.);
#4752=EDGE_CURVE('',#3685,#3687,#2275,.T.);
#4753=EDGE_CURVE('',#3688,#3686,#2276,.T.);
#4754=EDGE_CURVE('',#3687,#3688,#2277,.T.);
#4755=EDGE_CURVE('',#3687,#3653,#60,.T.);
#4756=EDGE_CURVE('',#3655,#3688,#61,.T.);
#4757=EDGE_CURVE('',#3689,#3689,#3031,.T.);
#4758=EDGE_CURVE('',#3689,#3305,#2278,.T.);
#4759=EDGE_CURVE('',#3690,#3691,#2279,.T.);
#4760=EDGE_CURVE('',#3690,#3692,#2280,.T.);
#4761=EDGE_CURVE('',#3693,#3692,#2281,.T.);
#4762=EDGE_CURVE('',#3691,#3693,#2282,.T.);
#4763=EDGE_CURVE('',#3694,#3695,#2283,.T.);
#4764=EDGE_CURVE('',#3695,#3693,#2284,.T.);
#4765=EDGE_CURVE('',#3692,#3694,#2285,.T.);
#4766=EDGE_CURVE('',#3696,#3697,#2286,.T.);
#4767=EDGE_CURVE('',#3696,#3698,#2287,.T.);
#4768=EDGE_CURVE('',#3699,#3698,#2288,.T.);
#4769=EDGE_CURVE('',#3697,#3699,#2289,.T.);
#4770=EDGE_CURVE('',#3700,#3701,#2290,.T.);
#4771=EDGE_CURVE('',#3701,#3699,#2291,.T.);
#4772=EDGE_CURVE('',#3698,#3700,#2292,.T.);
#4773=EDGE_CURVE('',#3702,#3703,#2293,.T.);
#4774=EDGE_CURVE('',#3702,#3704,#2294,.T.);
#4775=EDGE_CURVE('',#3705,#3704,#2295,.T.);
#4776=EDGE_CURVE('',#3703,#3705,#2296,.T.);
#4777=EDGE_CURVE('',#3706,#3707,#2297,.T.);
#4778=EDGE_CURVE('',#3707,#3705,#2298,.T.);
#4779=EDGE_CURVE('',#3704,#3706,#2299,.T.);
#4780=EDGE_CURVE('',#3708,#3709,#2300,.T.);
#4781=EDGE_CURVE('',#3708,#3710,#2301,.T.);
#4782=EDGE_CURVE('',#3711,#3710,#2302,.T.);
#4783=EDGE_CURVE('',#3709,#3711,#2303,.T.);
#4784=EDGE_CURVE('',#3712,#3713,#2304,.T.);
#4785=EDGE_CURVE('',#3713,#3711,#2305,.T.);
#4786=EDGE_CURVE('',#3710,#3712,#2306,.T.);
#4787=EDGE_CURVE('',#3714,#3715,#2307,.T.);
#4788=EDGE_CURVE('',#3716,#3715,#2308,.T.);
#4789=EDGE_CURVE('',#3717,#3716,#2309,.T.);
#4790=EDGE_CURVE('',#3717,#3718,#2310,.T.);
#4791=EDGE_CURVE('',#3718,#3714,#2311,.T.);
#4792=EDGE_CURVE('',#3719,#3720,#2312,.T.);
#4793=EDGE_CURVE('',#3720,#3721,#2313,.T.);
#4794=EDGE_CURVE('',#3721,#3722,#2314,.T.);
#4795=EDGE_CURVE('',#3722,#3719,#2315,.T.);
#4796=EDGE_CURVE('',#3723,#3724,#2316,.T.);
#4797=EDGE_CURVE('',#3725,#3724,#2317,.T.);
#4798=EDGE_CURVE('',#3725,#3720,#2318,.T.);
#4799=EDGE_CURVE('',#3720,#3723,#2319,.T.);
#4800=EDGE_CURVE('',#3726,#3727,#2320,.T.);
#4801=EDGE_CURVE('',#3727,#3725,#2321,.T.);
#4802=EDGE_CURVE('',#3724,#3726,#2322,.T.);
#4803=EDGE_CURVE('',#3719,#3728,#2323,.T.);
#4804=EDGE_CURVE('',#3715,#3728,#2324,.T.);
#4805=EDGE_CURVE('',#3714,#3719,#2325,.T.);
#4806=EDGE_CURVE('',#3729,#3716,#2326,.T.);
#4807=EDGE_CURVE('',#3728,#3729,#2327,.T.);
#4808=EDGE_CURVE('',#3730,#3731,#2328,.T.);
#4809=EDGE_CURVE('',#3730,#3732,#2329,.T.);
#4810=EDGE_CURVE('',#3733,#3732,#2330,.T.);
#4811=EDGE_CURVE('',#3731,#3733,#2331,.T.);
#4812=EDGE_CURVE('',#3732,#3734,#2332,.T.);
#4813=EDGE_CURVE('',#3734,#3735,#2333,.T.);
#4814=EDGE_CURVE('',#3735,#3733,#2334,.T.);
#4815=EDGE_CURVE('',#3731,#3736,#2335,.T.);
#4816=EDGE_CURVE('',#3736,#3737,#2336,.T.);
#4817=EDGE_CURVE('',#3737,#3738,#2337,.T.);
#4818=EDGE_CURVE('',#3738,#3265,#2338,.T.);
#4819=EDGE_CURVE('',#3739,#3264,#2339,.T.);
#4820=EDGE_CURVE('',#3723,#3739,#2340,.T.);
#4821=EDGE_CURVE('',#3714,#3730,#2341,.T.);
#4822=EDGE_CURVE('',#3736,#3740,#2342,.T.);
#4823=EDGE_CURVE('',#3741,#3740,#2343,.T.);
#4824=EDGE_CURVE('',#3737,#3741,#2344,.T.);
#4825=EDGE_CURVE('',#3740,#3742,#2345,.T.);
#4826=EDGE_CURVE('',#3742,#3743,#2346,.T.);
#4827=EDGE_CURVE('',#3743,#3741,#2347,.T.);
#4828=EDGE_CURVE('',#3744,#3727,#2348,.T.);
#4829=EDGE_CURVE('',#3721,#3744,#2349,.T.);
#4830=EDGE_CURVE('',#3745,#3723,#2350,.T.);
#4831=EDGE_CURVE('',#3745,#3746,#2351,.T.);
#4832=EDGE_CURVE('',#3746,#3726,#2352,.T.);
#4833=EDGE_CURVE('',#3746,#3747,#2353,.T.);
#4834=EDGE_CURVE('',#3747,#3735,#2354,.T.);
#4835=EDGE_CURVE('',#3748,#3734,#2355,.T.);
#4836=EDGE_CURVE('',#3748,#3717,#2356,.T.);
#4837=EDGE_CURVE('',#3749,#3729,#2357,.T.);
#4838=EDGE_CURVE('',#3749,#3744,#2358,.T.);
#4839=EDGE_CURVE('',#3750,#3739,#2359,.T.);
#4840=EDGE_CURVE('',#3691,#3750,#2360,.T.);
#4841=EDGE_CURVE('',#3691,#3751,#2361,.T.);
#4842=EDGE_CURVE('',#3751,#3752,#2362,.T.);
#4843=EDGE_CURVE('',#3752,#3708,#2363,.T.);
#4844=EDGE_CURVE('',#3703,#3708,#2364,.T.);
#4845=EDGE_CURVE('',#3703,#3753,#2365,.T.);
#4846=EDGE_CURVE('',#3753,#3754,#2366,.T.);
#4847=EDGE_CURVE('',#3754,#3702,#2367,.T.);
#4848=EDGE_CURVE('',#3755,#3702,#2368,.T.);
#4849=EDGE_CURVE('',#3738,#3755,#2369,.T.);
#4850=EDGE_CURVE('',#3737,#3756,#2370,.T.);
#4851=EDGE_CURVE('',#3756,#3757,#2371,.T.);
#4852=EDGE_CURVE('',#3757,#3736,#2372,.T.);
#4853=EDGE_CURVE('',#3731,#3758,#2373,.T.);
#4854=EDGE_CURVE('',#3758,#3745,#2374,.T.);
#4855=EDGE_CURVE('',#3750,#3267,#2375,.T.);
#4856=EDGE_CURVE('',#3759,#3718,#2376,.T.);
#4857=EDGE_CURVE('',#3730,#3759,#2377,.T.);
#4858=EDGE_CURVE('',#3748,#3759,#2378,.T.);
#4859=EDGE_CURVE('',#3760,#3761,#2379,.T.);
#4860=EDGE_CURVE('',#3696,#3760,#2380,.T.);
#4861=EDGE_CURVE('',#3709,#3696,#2381,.T.);
#4862=EDGE_CURVE('',#3761,#3709,#2382,.T.);
#4863=EDGE_CURVE('',#3762,#3760,#2383,.T.);
#4864=EDGE_CURVE('',#3762,#3700,#2384,.T.);
#4865=EDGE_CURVE('',#3763,#3761,#2385,.T.);
#4866=EDGE_CURVE('',#3762,#3763,#2386,.T.);
#4867=EDGE_CURVE('',#3763,#3713,#2387,.T.);
#4868=EDGE_CURVE('',#3722,#3749,#2388,.T.);
#4869=EDGE_CURVE('',#3758,#3747,#2389,.T.);
#4870=EDGE_CURVE('',#3764,#3743,#2390,.T.);
#4871=EDGE_CURVE('',#3756,#3764,#2391,.T.);
#4872=EDGE_CURVE('',#3765,#3764,#2392,.T.);
#4873=EDGE_CURVE('',#3757,#3765,#2393,.T.);
#4874=EDGE_CURVE('',#3765,#3742,#2394,.T.);
#4875=EDGE_CURVE('',#3766,#3707,#2395,.T.);
#4876=EDGE_CURVE('',#3753,#3766,#2396,.T.);
#4877=EDGE_CURVE('',#3767,#3766,#2397,.T.);
#4878=EDGE_CURVE('',#3754,#3767,#2398,.T.);
#4879=EDGE_CURVE('',#3767,#3706,#2399,.T.);
#4880=EDGE_CURVE('',#3697,#3768,#2400,.T.);
#4881=EDGE_CURVE('',#3769,#3701,#2401,.T.);
#4882=EDGE_CURVE('',#3768,#3769,#2402,.T.);
#4883=EDGE_CURVE('',#3768,#3770,#2403,.T.);
#4884=EDGE_CURVE('',#3771,#3769,#2404,.T.);
#4885=EDGE_CURVE('',#3770,#3771,#2405,.T.);
#4886=EDGE_CURVE('',#3770,#3690,#2406,.T.);
#4887=EDGE_CURVE('',#3771,#3694,#2407,.T.);
#4888=EDGE_CURVE('',#3772,#3695,#2408,.T.);
#4889=EDGE_CURVE('',#3751,#3772,#2409,.T.);
#4890=EDGE_CURVE('',#3773,#3772,#2410,.T.);
#4891=EDGE_CURVE('',#3752,#3773,#2411,.T.);
#4892=EDGE_CURVE('',#3773,#3712,#2412,.T.);
#4893=EDGE_CURVE('',#3697,#3690,#2413,.T.);
#4894=EDGE_CURVE('',#3755,#3266,#2414,.T.);
#4895=ORIENTED_EDGE('',*,*,#3774,.F.);
#4896=ORIENTED_EDGE('',*,*,#3775,.T.);
#4897=ORIENTED_EDGE('',*,*,#3776,.F.);
#4898=ORIENTED_EDGE('',*,*,#3775,.F.);
#4899=ORIENTED_EDGE('',*,*,#3774,.T.);
#4900=ORIENTED_EDGE('',*,*,#3777,.F.);
#4901=ORIENTED_EDGE('',*,*,#3778,.T.);
#4902=ORIENTED_EDGE('',*,*,#3779,.F.);
#4903=ORIENTED_EDGE('',*,*,#3780,.F.);
#4904=ORIENTED_EDGE('',*,*,#3781,.F.);
#4905=ORIENTED_EDGE('',*,*,#3780,.T.);
#4906=ORIENTED_EDGE('',*,*,#3782,.F.);
#4907=ORIENTED_EDGE('',*,*,#3783,.F.);
#4908=ORIENTED_EDGE('',*,*,#3784,.F.);
#4909=ORIENTED_EDGE('',*,*,#3783,.T.);
#4910=ORIENTED_EDGE('',*,*,#3785,.F.);
#4911=ORIENTED_EDGE('',*,*,#3786,.F.);
#4912=ORIENTED_EDGE('',*,*,#3787,.F.);
#4913=ORIENTED_EDGE('',*,*,#3786,.T.);
#4914=ORIENTED_EDGE('',*,*,#3788,.F.);
#4915=ORIENTED_EDGE('',*,*,#3789,.F.);
#4916=ORIENTED_EDGE('',*,*,#3790,.F.);
#4917=ORIENTED_EDGE('',*,*,#3789,.T.);
#4918=ORIENTED_EDGE('',*,*,#3791,.F.);
#4919=ORIENTED_EDGE('',*,*,#3792,.F.);
#4920=ORIENTED_EDGE('',*,*,#3793,.F.);
#4921=ORIENTED_EDGE('',*,*,#3792,.T.);
#4922=ORIENTED_EDGE('',*,*,#3794,.F.);
#4923=ORIENTED_EDGE('',*,*,#3795,.F.);
#4924=ORIENTED_EDGE('',*,*,#3796,.F.);
#4925=ORIENTED_EDGE('',*,*,#3795,.T.);
#4926=ORIENTED_EDGE('',*,*,#3797,.F.);
#4927=ORIENTED_EDGE('',*,*,#3798,.F.);
#4928=ORIENTED_EDGE('',*,*,#3799,.F.);
#4929=ORIENTED_EDGE('',*,*,#3798,.T.);
#4930=ORIENTED_EDGE('',*,*,#3800,.F.);
#4931=ORIENTED_EDGE('',*,*,#3801,.F.);
#4932=ORIENTED_EDGE('',*,*,#3802,.F.);
#4933=ORIENTED_EDGE('',*,*,#3801,.T.);
#4934=ORIENTED_EDGE('',*,*,#3803,.F.);
#4935=ORIENTED_EDGE('',*,*,#3804,.F.);
#4936=ORIENTED_EDGE('',*,*,#3805,.F.);
#4937=ORIENTED_EDGE('',*,*,#3804,.T.);
#4938=ORIENTED_EDGE('',*,*,#3806,.F.);
#4939=ORIENTED_EDGE('',*,*,#3807,.F.);
#4940=ORIENTED_EDGE('',*,*,#3808,.F.);
#4941=ORIENTED_EDGE('',*,*,#3807,.T.);
#4942=ORIENTED_EDGE('',*,*,#3809,.F.);
#4943=ORIENTED_EDGE('',*,*,#3810,.F.);
#4944=ORIENTED_EDGE('',*,*,#3811,.F.);
#4945=ORIENTED_EDGE('',*,*,#3810,.T.);
#4946=ORIENTED_EDGE('',*,*,#3812,.F.);
#4947=ORIENTED_EDGE('',*,*,#3813,.F.);
#4948=ORIENTED_EDGE('',*,*,#3814,.F.);
#4949=ORIENTED_EDGE('',*,*,#3813,.T.);
#4950=ORIENTED_EDGE('',*,*,#3815,.F.);
#4951=ORIENTED_EDGE('',*,*,#3816,.F.);
#4952=ORIENTED_EDGE('',*,*,#3817,.F.);
#4953=ORIENTED_EDGE('',*,*,#3816,.T.);
#4954=ORIENTED_EDGE('',*,*,#3818,.F.);
#4955=ORIENTED_EDGE('',*,*,#3819,.F.);
#4956=ORIENTED_EDGE('',*,*,#3820,.F.);
#4957=ORIENTED_EDGE('',*,*,#3819,.T.);
#4958=ORIENTED_EDGE('',*,*,#3821,.F.);
#4959=ORIENTED_EDGE('',*,*,#3822,.F.);
#4960=ORIENTED_EDGE('',*,*,#3823,.F.);
#4961=ORIENTED_EDGE('',*,*,#3822,.T.);
#4962=ORIENTED_EDGE('',*,*,#3824,.F.);
#4963=ORIENTED_EDGE('',*,*,#3825,.F.);
#4964=ORIENTED_EDGE('',*,*,#3826,.F.);
#4965=ORIENTED_EDGE('',*,*,#3825,.T.);
#4966=ORIENTED_EDGE('',*,*,#3827,.F.);
#4967=ORIENTED_EDGE('',*,*,#3828,.F.);
#4968=ORIENTED_EDGE('',*,*,#3829,.F.);
#4969=ORIENTED_EDGE('',*,*,#3828,.T.);
#4970=ORIENTED_EDGE('',*,*,#3830,.F.);
#4971=ORIENTED_EDGE('',*,*,#3831,.F.);
#4972=ORIENTED_EDGE('',*,*,#3832,.F.);
#4973=ORIENTED_EDGE('',*,*,#3831,.T.);
#4974=ORIENTED_EDGE('',*,*,#3833,.F.);
#4975=ORIENTED_EDGE('',*,*,#3834,.F.);
#4976=ORIENTED_EDGE('',*,*,#3835,.F.);
#4977=ORIENTED_EDGE('',*,*,#3834,.T.);
#4978=ORIENTED_EDGE('',*,*,#3836,.F.);
#4979=ORIENTED_EDGE('',*,*,#3837,.F.);
#4980=ORIENTED_EDGE('',*,*,#3838,.F.);
#4981=ORIENTED_EDGE('',*,*,#3837,.T.);
#4982=ORIENTED_EDGE('',*,*,#3839,.F.);
#4983=ORIENTED_EDGE('',*,*,#3840,.F.);
#4984=ORIENTED_EDGE('',*,*,#3841,.F.);
#4985=ORIENTED_EDGE('',*,*,#3840,.T.);
#4986=ORIENTED_EDGE('',*,*,#3842,.F.);
#4987=ORIENTED_EDGE('',*,*,#3843,.F.);
#4988=ORIENTED_EDGE('',*,*,#3844,.F.);
#4989=ORIENTED_EDGE('',*,*,#3843,.T.);
#4990=ORIENTED_EDGE('',*,*,#3845,.F.);
#4991=ORIENTED_EDGE('',*,*,#3846,.F.);
#4992=ORIENTED_EDGE('',*,*,#3847,.F.);
#4993=ORIENTED_EDGE('',*,*,#3846,.T.);
#4994=ORIENTED_EDGE('',*,*,#3848,.F.);
#4995=ORIENTED_EDGE('',*,*,#3849,.F.);
#4996=ORIENTED_EDGE('',*,*,#3850,.F.);
#4997=ORIENTED_EDGE('',*,*,#3849,.T.);
#4998=ORIENTED_EDGE('',*,*,#3851,.F.);
#4999=ORIENTED_EDGE('',*,*,#3852,.F.);
#5000=ORIENTED_EDGE('',*,*,#3853,.F.);
#5001=ORIENTED_EDGE('',*,*,#3852,.T.);
#5002=ORIENTED_EDGE('',*,*,#3854,.F.);
#5003=ORIENTED_EDGE('',*,*,#3855,.F.);
#5004=ORIENTED_EDGE('',*,*,#3856,.F.);
#5005=ORIENTED_EDGE('',*,*,#3855,.T.);
#5006=ORIENTED_EDGE('',*,*,#3857,.F.);
#5007=ORIENTED_EDGE('',*,*,#3858,.F.);
#5008=ORIENTED_EDGE('',*,*,#3859,.F.);
#5009=ORIENTED_EDGE('',*,*,#3858,.T.);
#5010=ORIENTED_EDGE('',*,*,#3860,.F.);
#5011=ORIENTED_EDGE('',*,*,#3861,.F.);
#5012=ORIENTED_EDGE('',*,*,#3862,.F.);
#5013=ORIENTED_EDGE('',*,*,#3861,.T.);
#5014=ORIENTED_EDGE('',*,*,#3863,.F.);
#5015=ORIENTED_EDGE('',*,*,#3864,.F.);
#5016=ORIENTED_EDGE('',*,*,#3865,.F.);
#5017=ORIENTED_EDGE('',*,*,#3864,.T.);
#5018=ORIENTED_EDGE('',*,*,#3866,.F.);
#5019=ORIENTED_EDGE('',*,*,#3867,.F.);
#5020=ORIENTED_EDGE('',*,*,#3868,.F.);
#5021=ORIENTED_EDGE('',*,*,#3867,.T.);
#5022=ORIENTED_EDGE('',*,*,#3869,.F.);
#5023=ORIENTED_EDGE('',*,*,#3870,.F.);
#5024=ORIENTED_EDGE('',*,*,#3871,.F.);
#5025=ORIENTED_EDGE('',*,*,#3870,.T.);
#5026=ORIENTED_EDGE('',*,*,#3872,.F.);
#5027=ORIENTED_EDGE('',*,*,#3873,.F.);
#5028=ORIENTED_EDGE('',*,*,#3874,.F.);
#5029=ORIENTED_EDGE('',*,*,#3873,.T.);
#5030=ORIENTED_EDGE('',*,*,#3875,.F.);
#5031=ORIENTED_EDGE('',*,*,#3876,.F.);
#5032=ORIENTED_EDGE('',*,*,#3877,.F.);
#5033=ORIENTED_EDGE('',*,*,#3876,.T.);
#5034=ORIENTED_EDGE('',*,*,#3878,.F.);
#5035=ORIENTED_EDGE('',*,*,#3879,.F.);
#5036=ORIENTED_EDGE('',*,*,#3880,.F.);
#5037=ORIENTED_EDGE('',*,*,#3879,.T.);
#5038=ORIENTED_EDGE('',*,*,#3881,.F.);
#5039=ORIENTED_EDGE('',*,*,#3882,.F.);
#5040=ORIENTED_EDGE('',*,*,#3883,.F.);
#5041=ORIENTED_EDGE('',*,*,#3882,.T.);
#5042=ORIENTED_EDGE('',*,*,#3884,.F.);
#5043=ORIENTED_EDGE('',*,*,#3885,.F.);
#5044=ORIENTED_EDGE('',*,*,#3886,.F.);
#5045=ORIENTED_EDGE('',*,*,#3885,.T.);
#5046=ORIENTED_EDGE('',*,*,#3887,.F.);
#5047=ORIENTED_EDGE('',*,*,#3888,.F.);
#5048=ORIENTED_EDGE('',*,*,#3889,.F.);
#5049=ORIENTED_EDGE('',*,*,#3888,.T.);
#5050=ORIENTED_EDGE('',*,*,#3890,.F.);
#5051=ORIENTED_EDGE('',*,*,#3891,.F.);
#5052=ORIENTED_EDGE('',*,*,#3892,.F.);
#5053=ORIENTED_EDGE('',*,*,#3891,.T.);
#5054=ORIENTED_EDGE('',*,*,#3893,.F.);
#5055=ORIENTED_EDGE('',*,*,#3894,.F.);
#5056=ORIENTED_EDGE('',*,*,#3895,.F.);
#5057=ORIENTED_EDGE('',*,*,#3894,.T.);
#5058=ORIENTED_EDGE('',*,*,#3896,.F.);
#5059=ORIENTED_EDGE('',*,*,#3778,.F.);
#5060=ORIENTED_EDGE('',*,*,#3896,.T.);
#5061=ORIENTED_EDGE('',*,*,#3893,.T.);
#5062=ORIENTED_EDGE('',*,*,#3890,.T.);
#5063=ORIENTED_EDGE('',*,*,#3887,.T.);
#5064=ORIENTED_EDGE('',*,*,#3884,.T.);
#5065=ORIENTED_EDGE('',*,*,#3881,.T.);
#5066=ORIENTED_EDGE('',*,*,#3878,.T.);
#5067=ORIENTED_EDGE('',*,*,#3875,.T.);
#5068=ORIENTED_EDGE('',*,*,#3872,.T.);
#5069=ORIENTED_EDGE('',*,*,#3869,.T.);
#5070=ORIENTED_EDGE('',*,*,#3866,.T.);
#5071=ORIENTED_EDGE('',*,*,#3863,.T.);
#5072=ORIENTED_EDGE('',*,*,#3860,.T.);
#5073=ORIENTED_EDGE('',*,*,#3857,.T.);
#5074=ORIENTED_EDGE('',*,*,#3854,.T.);
#5075=ORIENTED_EDGE('',*,*,#3851,.T.);
#5076=ORIENTED_EDGE('',*,*,#3848,.T.);
#5077=ORIENTED_EDGE('',*,*,#3845,.T.);
#5078=ORIENTED_EDGE('',*,*,#3842,.T.);
#5079=ORIENTED_EDGE('',*,*,#3839,.T.);
#5080=ORIENTED_EDGE('',*,*,#3836,.T.);
#5081=ORIENTED_EDGE('',*,*,#3833,.T.);
#5082=ORIENTED_EDGE('',*,*,#3830,.T.);
#5083=ORIENTED_EDGE('',*,*,#3827,.T.);
#5084=ORIENTED_EDGE('',*,*,#3824,.T.);
#5085=ORIENTED_EDGE('',*,*,#3821,.T.);
#5086=ORIENTED_EDGE('',*,*,#3818,.T.);
#5087=ORIENTED_EDGE('',*,*,#3815,.T.);
#5088=ORIENTED_EDGE('',*,*,#3812,.T.);
#5089=ORIENTED_EDGE('',*,*,#3809,.T.);
#5090=ORIENTED_EDGE('',*,*,#3806,.T.);
#5091=ORIENTED_EDGE('',*,*,#3803,.T.);
#5092=ORIENTED_EDGE('',*,*,#3800,.T.);
#5093=ORIENTED_EDGE('',*,*,#3797,.T.);
#5094=ORIENTED_EDGE('',*,*,#3794,.T.);
#5095=ORIENTED_EDGE('',*,*,#3791,.T.);
#5096=ORIENTED_EDGE('',*,*,#3788,.T.);
#5097=ORIENTED_EDGE('',*,*,#3785,.T.);
#5098=ORIENTED_EDGE('',*,*,#3782,.T.);
#5099=ORIENTED_EDGE('',*,*,#3779,.T.);
#5100=ORIENTED_EDGE('',*,*,#3897,.F.);
#5101=ORIENTED_EDGE('',*,*,#3898,.T.);
#5102=ORIENTED_EDGE('',*,*,#3899,.F.);
#5103=ORIENTED_EDGE('',*,*,#3900,.F.);
#5104=ORIENTED_EDGE('',*,*,#3901,.F.);
#5105=ORIENTED_EDGE('',*,*,#3900,.T.);
#5106=ORIENTED_EDGE('',*,*,#3902,.F.);
#5107=ORIENTED_EDGE('',*,*,#3903,.F.);
#5108=ORIENTED_EDGE('',*,*,#3904,.F.);
#5109=ORIENTED_EDGE('',*,*,#3903,.T.);
#5110=ORIENTED_EDGE('',*,*,#3905,.F.);
#5111=ORIENTED_EDGE('',*,*,#3906,.F.);
#5112=ORIENTED_EDGE('',*,*,#3907,.F.);
#5113=ORIENTED_EDGE('',*,*,#3906,.T.);
#5114=ORIENTED_EDGE('',*,*,#3908,.F.);
#5115=ORIENTED_EDGE('',*,*,#3909,.F.);
#5116=ORIENTED_EDGE('',*,*,#3910,.F.);
#5117=ORIENTED_EDGE('',*,*,#3909,.T.);
#5118=ORIENTED_EDGE('',*,*,#3911,.F.);
#5119=ORIENTED_EDGE('',*,*,#3912,.F.);
#5120=ORIENTED_EDGE('',*,*,#3913,.F.);
#5121=ORIENTED_EDGE('',*,*,#3912,.T.);
#5122=ORIENTED_EDGE('',*,*,#3914,.F.);
#5123=ORIENTED_EDGE('',*,*,#3915,.F.);
#5124=ORIENTED_EDGE('',*,*,#3916,.F.);
#5125=ORIENTED_EDGE('',*,*,#3915,.T.);
#5126=ORIENTED_EDGE('',*,*,#3917,.F.);
#5127=ORIENTED_EDGE('',*,*,#3918,.F.);
#5128=ORIENTED_EDGE('',*,*,#3919,.F.);
#5129=ORIENTED_EDGE('',*,*,#3918,.T.);
#5130=ORIENTED_EDGE('',*,*,#3920,.F.);
#5131=ORIENTED_EDGE('',*,*,#3921,.F.);
#5132=ORIENTED_EDGE('',*,*,#3922,.F.);
#5133=ORIENTED_EDGE('',*,*,#3921,.T.);
#5134=ORIENTED_EDGE('',*,*,#3923,.F.);
#5135=ORIENTED_EDGE('',*,*,#3924,.F.);
#5136=ORIENTED_EDGE('',*,*,#3925,.F.);
#5137=ORIENTED_EDGE('',*,*,#3924,.T.);
#5138=ORIENTED_EDGE('',*,*,#3926,.F.);
#5139=ORIENTED_EDGE('',*,*,#3927,.F.);
#5140=ORIENTED_EDGE('',*,*,#3928,.F.);
#5141=ORIENTED_EDGE('',*,*,#3927,.T.);
#5142=ORIENTED_EDGE('',*,*,#3929,.F.);
#5143=ORIENTED_EDGE('',*,*,#3930,.F.);
#5144=ORIENTED_EDGE('',*,*,#3931,.F.);
#5145=ORIENTED_EDGE('',*,*,#3930,.T.);
#5146=ORIENTED_EDGE('',*,*,#3932,.F.);
#5147=ORIENTED_EDGE('',*,*,#3933,.F.);
#5148=ORIENTED_EDGE('',*,*,#3934,.F.);
#5149=ORIENTED_EDGE('',*,*,#3933,.T.);
#5150=ORIENTED_EDGE('',*,*,#3935,.F.);
#5151=ORIENTED_EDGE('',*,*,#3936,.F.);
#5152=ORIENTED_EDGE('',*,*,#3937,.F.);
#5153=ORIENTED_EDGE('',*,*,#3936,.T.);
#5154=ORIENTED_EDGE('',*,*,#3938,.F.);
#5155=ORIENTED_EDGE('',*,*,#3939,.F.);
#5156=ORIENTED_EDGE('',*,*,#3940,.F.);
#5157=ORIENTED_EDGE('',*,*,#3939,.T.);
#5158=ORIENTED_EDGE('',*,*,#3941,.F.);
#5159=ORIENTED_EDGE('',*,*,#3942,.F.);
#5160=ORIENTED_EDGE('',*,*,#3943,.F.);
#5161=ORIENTED_EDGE('',*,*,#3942,.T.);
#5162=ORIENTED_EDGE('',*,*,#3944,.F.);
#5163=ORIENTED_EDGE('',*,*,#3945,.F.);
#5164=ORIENTED_EDGE('',*,*,#3946,.F.);
#5165=ORIENTED_EDGE('',*,*,#3945,.T.);
#5166=ORIENTED_EDGE('',*,*,#3947,.F.);
#5167=ORIENTED_EDGE('',*,*,#3948,.F.);
#5168=ORIENTED_EDGE('',*,*,#3949,.F.);
#5169=ORIENTED_EDGE('',*,*,#3948,.T.);
#5170=ORIENTED_EDGE('',*,*,#3950,.F.);
#5171=ORIENTED_EDGE('',*,*,#3951,.F.);
#5172=ORIENTED_EDGE('',*,*,#3952,.F.);
#5173=ORIENTED_EDGE('',*,*,#3951,.T.);
#5174=ORIENTED_EDGE('',*,*,#3953,.F.);
#5175=ORIENTED_EDGE('',*,*,#3954,.F.);
#5176=ORIENTED_EDGE('',*,*,#3955,.F.);
#5177=ORIENTED_EDGE('',*,*,#3954,.T.);
#5178=ORIENTED_EDGE('',*,*,#3956,.F.);
#5179=ORIENTED_EDGE('',*,*,#3957,.F.);
#5180=ORIENTED_EDGE('',*,*,#3958,.F.);
#5181=ORIENTED_EDGE('',*,*,#3957,.T.);
#5182=ORIENTED_EDGE('',*,*,#3959,.F.);
#5183=ORIENTED_EDGE('',*,*,#3960,.F.);
#5184=ORIENTED_EDGE('',*,*,#3961,.F.);
#5185=ORIENTED_EDGE('',*,*,#3960,.T.);
#5186=ORIENTED_EDGE('',*,*,#3962,.F.);
#5187=ORIENTED_EDGE('',*,*,#3963,.F.);
#5188=ORIENTED_EDGE('',*,*,#3964,.F.);
#5189=ORIENTED_EDGE('',*,*,#3963,.T.);
#5190=ORIENTED_EDGE('',*,*,#3965,.F.);
#5191=ORIENTED_EDGE('',*,*,#3966,.F.);
#5192=ORIENTED_EDGE('',*,*,#3967,.F.);
#5193=ORIENTED_EDGE('',*,*,#3966,.T.);
#5194=ORIENTED_EDGE('',*,*,#3968,.F.);
#5195=ORIENTED_EDGE('',*,*,#3969,.F.);
#5196=ORIENTED_EDGE('',*,*,#3970,.F.);
#5197=ORIENTED_EDGE('',*,*,#3969,.T.);
#5198=ORIENTED_EDGE('',*,*,#3971,.F.);
#5199=ORIENTED_EDGE('',*,*,#3972,.F.);
#5200=ORIENTED_EDGE('',*,*,#3973,.F.);
#5201=ORIENTED_EDGE('',*,*,#3972,.T.);
#5202=ORIENTED_EDGE('',*,*,#3974,.F.);
#5203=ORIENTED_EDGE('',*,*,#3975,.F.);
#5204=ORIENTED_EDGE('',*,*,#3976,.F.);
#5205=ORIENTED_EDGE('',*,*,#3975,.T.);
#5206=ORIENTED_EDGE('',*,*,#3977,.F.);
#5207=ORIENTED_EDGE('',*,*,#3978,.F.);
#5208=ORIENTED_EDGE('',*,*,#3979,.F.);
#5209=ORIENTED_EDGE('',*,*,#3978,.T.);
#5210=ORIENTED_EDGE('',*,*,#3980,.F.);
#5211=ORIENTED_EDGE('',*,*,#3981,.F.);
#5212=ORIENTED_EDGE('',*,*,#3982,.F.);
#5213=ORIENTED_EDGE('',*,*,#3981,.T.);
#5214=ORIENTED_EDGE('',*,*,#3983,.F.);
#5215=ORIENTED_EDGE('',*,*,#3984,.F.);
#5216=ORIENTED_EDGE('',*,*,#3985,.F.);
#5217=ORIENTED_EDGE('',*,*,#3984,.T.);
#5218=ORIENTED_EDGE('',*,*,#3986,.F.);
#5219=ORIENTED_EDGE('',*,*,#3987,.F.);
#5220=ORIENTED_EDGE('',*,*,#3988,.F.);
#5221=ORIENTED_EDGE('',*,*,#3987,.T.);
#5222=ORIENTED_EDGE('',*,*,#3989,.F.);
#5223=ORIENTED_EDGE('',*,*,#3990,.F.);
#5224=ORIENTED_EDGE('',*,*,#3991,.F.);
#5225=ORIENTED_EDGE('',*,*,#3990,.T.);
#5226=ORIENTED_EDGE('',*,*,#3992,.F.);
#5227=ORIENTED_EDGE('',*,*,#3993,.F.);
#5228=ORIENTED_EDGE('',*,*,#3994,.F.);
#5229=ORIENTED_EDGE('',*,*,#3993,.T.);
#5230=ORIENTED_EDGE('',*,*,#3995,.F.);
#5231=ORIENTED_EDGE('',*,*,#3996,.F.);
#5232=ORIENTED_EDGE('',*,*,#3997,.F.);
#5233=ORIENTED_EDGE('',*,*,#3996,.T.);
#5234=ORIENTED_EDGE('',*,*,#3998,.F.);
#5235=ORIENTED_EDGE('',*,*,#3999,.F.);
#5236=ORIENTED_EDGE('',*,*,#4000,.F.);
#5237=ORIENTED_EDGE('',*,*,#3999,.T.);
#5238=ORIENTED_EDGE('',*,*,#4001,.F.);
#5239=ORIENTED_EDGE('',*,*,#4002,.F.);
#5240=ORIENTED_EDGE('',*,*,#4003,.F.);
#5241=ORIENTED_EDGE('',*,*,#4002,.T.);
#5242=ORIENTED_EDGE('',*,*,#4004,.F.);
#5243=ORIENTED_EDGE('',*,*,#4005,.F.);
#5244=ORIENTED_EDGE('',*,*,#4006,.F.);
#5245=ORIENTED_EDGE('',*,*,#4005,.T.);
#5246=ORIENTED_EDGE('',*,*,#4007,.F.);
#5247=ORIENTED_EDGE('',*,*,#4008,.F.);
#5248=ORIENTED_EDGE('',*,*,#4009,.F.);
#5249=ORIENTED_EDGE('',*,*,#4008,.T.);
#5250=ORIENTED_EDGE('',*,*,#4010,.F.);
#5251=ORIENTED_EDGE('',*,*,#4011,.F.);
#5252=ORIENTED_EDGE('',*,*,#4012,.F.);
#5253=ORIENTED_EDGE('',*,*,#4011,.T.);
#5254=ORIENTED_EDGE('',*,*,#4013,.F.);
#5255=ORIENTED_EDGE('',*,*,#4014,.F.);
#5256=ORIENTED_EDGE('',*,*,#4015,.F.);
#5257=ORIENTED_EDGE('',*,*,#4014,.T.);
#5258=ORIENTED_EDGE('',*,*,#4016,.F.);
#5259=ORIENTED_EDGE('',*,*,#4017,.F.);
#5260=ORIENTED_EDGE('',*,*,#4018,.F.);
#5261=ORIENTED_EDGE('',*,*,#4017,.T.);
#5262=ORIENTED_EDGE('',*,*,#4019,.F.);
#5263=ORIENTED_EDGE('',*,*,#4020,.F.);
#5264=ORIENTED_EDGE('',*,*,#4021,.F.);
#5265=ORIENTED_EDGE('',*,*,#4020,.T.);
#5266=ORIENTED_EDGE('',*,*,#4022,.F.);
#5267=ORIENTED_EDGE('',*,*,#4023,.F.);
#5268=ORIENTED_EDGE('',*,*,#4024,.F.);
#5269=ORIENTED_EDGE('',*,*,#4023,.T.);
#5270=ORIENTED_EDGE('',*,*,#4025,.F.);
#5271=ORIENTED_EDGE('',*,*,#4026,.F.);
#5272=ORIENTED_EDGE('',*,*,#4027,.F.);
#5273=ORIENTED_EDGE('',*,*,#4026,.T.);
#5274=ORIENTED_EDGE('',*,*,#4028,.F.);
#5275=ORIENTED_EDGE('',*,*,#4029,.F.);
#5276=ORIENTED_EDGE('',*,*,#4030,.F.);
#5277=ORIENTED_EDGE('',*,*,#4029,.T.);
#5278=ORIENTED_EDGE('',*,*,#4031,.F.);
#5279=ORIENTED_EDGE('',*,*,#3898,.F.);
#5280=ORIENTED_EDGE('',*,*,#4031,.T.);
#5281=ORIENTED_EDGE('',*,*,#4028,.T.);
#5282=ORIENTED_EDGE('',*,*,#4025,.T.);
#5283=ORIENTED_EDGE('',*,*,#4022,.T.);
#5284=ORIENTED_EDGE('',*,*,#4019,.T.);
#5285=ORIENTED_EDGE('',*,*,#4016,.T.);
#5286=ORIENTED_EDGE('',*,*,#4013,.T.);
#5287=ORIENTED_EDGE('',*,*,#4010,.T.);
#5288=ORIENTED_EDGE('',*,*,#4007,.T.);
#5289=ORIENTED_EDGE('',*,*,#4004,.T.);
#5290=ORIENTED_EDGE('',*,*,#4001,.T.);
#5291=ORIENTED_EDGE('',*,*,#3998,.T.);
#5292=ORIENTED_EDGE('',*,*,#3995,.T.);
#5293=ORIENTED_EDGE('',*,*,#3992,.T.);
#5294=ORIENTED_EDGE('',*,*,#3989,.T.);
#5295=ORIENTED_EDGE('',*,*,#3986,.T.);
#5296=ORIENTED_EDGE('',*,*,#3983,.T.);
#5297=ORIENTED_EDGE('',*,*,#3980,.T.);
#5298=ORIENTED_EDGE('',*,*,#3977,.T.);
#5299=ORIENTED_EDGE('',*,*,#3974,.T.);
#5300=ORIENTED_EDGE('',*,*,#3971,.T.);
#5301=ORIENTED_EDGE('',*,*,#3968,.T.);
#5302=ORIENTED_EDGE('',*,*,#3965,.T.);
#5303=ORIENTED_EDGE('',*,*,#3962,.T.);
#5304=ORIENTED_EDGE('',*,*,#3959,.T.);
#5305=ORIENTED_EDGE('',*,*,#3956,.T.);
#5306=ORIENTED_EDGE('',*,*,#3953,.T.);
#5307=ORIENTED_EDGE('',*,*,#3950,.T.);
#5308=ORIENTED_EDGE('',*,*,#3947,.T.);
#5309=ORIENTED_EDGE('',*,*,#3944,.T.);
#5310=ORIENTED_EDGE('',*,*,#3941,.T.);
#5311=ORIENTED_EDGE('',*,*,#3938,.T.);
#5312=ORIENTED_EDGE('',*,*,#3935,.T.);
#5313=ORIENTED_EDGE('',*,*,#3932,.T.);
#5314=ORIENTED_EDGE('',*,*,#3929,.T.);
#5315=ORIENTED_EDGE('',*,*,#3926,.T.);
#5316=ORIENTED_EDGE('',*,*,#3923,.T.);
#5317=ORIENTED_EDGE('',*,*,#3920,.T.);
#5318=ORIENTED_EDGE('',*,*,#3917,.T.);
#5319=ORIENTED_EDGE('',*,*,#3914,.T.);
#5320=ORIENTED_EDGE('',*,*,#3911,.T.);
#5321=ORIENTED_EDGE('',*,*,#3908,.T.);
#5322=ORIENTED_EDGE('',*,*,#3905,.T.);
#5323=ORIENTED_EDGE('',*,*,#3902,.T.);
#5324=ORIENTED_EDGE('',*,*,#3899,.T.);
#5325=ORIENTED_EDGE('',*,*,#4032,.F.);
#5326=ORIENTED_EDGE('',*,*,#4033,.T.);
#5327=ORIENTED_EDGE('',*,*,#4034,.F.);
#5328=ORIENTED_EDGE('',*,*,#4035,.F.);
#5329=ORIENTED_EDGE('',*,*,#4036,.F.);
#5330=ORIENTED_EDGE('',*,*,#4035,.T.);
#5331=ORIENTED_EDGE('',*,*,#4037,.F.);
#5332=ORIENTED_EDGE('',*,*,#4038,.F.);
#5333=ORIENTED_EDGE('',*,*,#4039,.F.);
#5334=ORIENTED_EDGE('',*,*,#4038,.T.);
#5335=ORIENTED_EDGE('',*,*,#4040,.F.);
#5336=ORIENTED_EDGE('',*,*,#4041,.F.);
#5337=ORIENTED_EDGE('',*,*,#4042,.F.);
#5338=ORIENTED_EDGE('',*,*,#4041,.T.);
#5339=ORIENTED_EDGE('',*,*,#4043,.F.);
#5340=ORIENTED_EDGE('',*,*,#4044,.F.);
#5341=ORIENTED_EDGE('',*,*,#4045,.F.);
#5342=ORIENTED_EDGE('',*,*,#4044,.T.);
#5343=ORIENTED_EDGE('',*,*,#4046,.F.);
#5344=ORIENTED_EDGE('',*,*,#4047,.F.);
#5345=ORIENTED_EDGE('',*,*,#4048,.F.);
#5346=ORIENTED_EDGE('',*,*,#4047,.T.);
#5347=ORIENTED_EDGE('',*,*,#4049,.F.);
#5348=ORIENTED_EDGE('',*,*,#4050,.F.);
#5349=ORIENTED_EDGE('',*,*,#4051,.F.);
#5350=ORIENTED_EDGE('',*,*,#4050,.T.);
#5351=ORIENTED_EDGE('',*,*,#4052,.F.);
#5352=ORIENTED_EDGE('',*,*,#4053,.F.);
#5353=ORIENTED_EDGE('',*,*,#4054,.F.);
#5354=ORIENTED_EDGE('',*,*,#4053,.T.);
#5355=ORIENTED_EDGE('',*,*,#4055,.F.);
#5356=ORIENTED_EDGE('',*,*,#4056,.F.);
#5357=ORIENTED_EDGE('',*,*,#4057,.F.);
#5358=ORIENTED_EDGE('',*,*,#4056,.T.);
#5359=ORIENTED_EDGE('',*,*,#4058,.F.);
#5360=ORIENTED_EDGE('',*,*,#4059,.F.);
#5361=ORIENTED_EDGE('',*,*,#4060,.F.);
#5362=ORIENTED_EDGE('',*,*,#4059,.T.);
#5363=ORIENTED_EDGE('',*,*,#4061,.F.);
#5364=ORIENTED_EDGE('',*,*,#4062,.F.);
#5365=ORIENTED_EDGE('',*,*,#4063,.F.);
#5366=ORIENTED_EDGE('',*,*,#4062,.T.);
#5367=ORIENTED_EDGE('',*,*,#4064,.F.);
#5368=ORIENTED_EDGE('',*,*,#4065,.F.);
#5369=ORIENTED_EDGE('',*,*,#4066,.F.);
#5370=ORIENTED_EDGE('',*,*,#4065,.T.);
#5371=ORIENTED_EDGE('',*,*,#4067,.F.);
#5372=ORIENTED_EDGE('',*,*,#4068,.F.);
#5373=ORIENTED_EDGE('',*,*,#4069,.F.);
#5374=ORIENTED_EDGE('',*,*,#4068,.T.);
#5375=ORIENTED_EDGE('',*,*,#4070,.F.);
#5376=ORIENTED_EDGE('',*,*,#4071,.F.);
#5377=ORIENTED_EDGE('',*,*,#4072,.F.);
#5378=ORIENTED_EDGE('',*,*,#4071,.T.);
#5379=ORIENTED_EDGE('',*,*,#4073,.F.);
#5380=ORIENTED_EDGE('',*,*,#4033,.F.);
#5381=ORIENTED_EDGE('',*,*,#4074,.F.);
#5382=ORIENTED_EDGE('',*,*,#4075,.T.);
#5383=ORIENTED_EDGE('',*,*,#4076,.F.);
#5384=ORIENTED_EDGE('',*,*,#4077,.F.);
#5385=ORIENTED_EDGE('',*,*,#4078,.F.);
#5386=ORIENTED_EDGE('',*,*,#4077,.T.);
#5387=ORIENTED_EDGE('',*,*,#4079,.F.);
#5388=ORIENTED_EDGE('',*,*,#4080,.F.);
#5389=ORIENTED_EDGE('',*,*,#4081,.F.);
#5390=ORIENTED_EDGE('',*,*,#4080,.T.);
#5391=ORIENTED_EDGE('',*,*,#4082,.F.);
#5392=ORIENTED_EDGE('',*,*,#4083,.F.);
#5393=ORIENTED_EDGE('',*,*,#4084,.F.);
#5394=ORIENTED_EDGE('',*,*,#4083,.T.);
#5395=ORIENTED_EDGE('',*,*,#4085,.F.);
#5396=ORIENTED_EDGE('',*,*,#4086,.F.);
#5397=ORIENTED_EDGE('',*,*,#4087,.F.);
#5398=ORIENTED_EDGE('',*,*,#4086,.T.);
#5399=ORIENTED_EDGE('',*,*,#4088,.F.);
#5400=ORIENTED_EDGE('',*,*,#4089,.F.);
#5401=ORIENTED_EDGE('',*,*,#4090,.F.);
#5402=ORIENTED_EDGE('',*,*,#4089,.T.);
#5403=ORIENTED_EDGE('',*,*,#4091,.F.);
#5404=ORIENTED_EDGE('',*,*,#4092,.F.);
#5405=ORIENTED_EDGE('',*,*,#4093,.F.);
#5406=ORIENTED_EDGE('',*,*,#4092,.T.);
#5407=ORIENTED_EDGE('',*,*,#4094,.F.);
#5408=ORIENTED_EDGE('',*,*,#4095,.F.);
#5409=ORIENTED_EDGE('',*,*,#4096,.F.);
#5410=ORIENTED_EDGE('',*,*,#4095,.T.);
#5411=ORIENTED_EDGE('',*,*,#4097,.F.);
#5412=ORIENTED_EDGE('',*,*,#4098,.F.);
#5413=ORIENTED_EDGE('',*,*,#4099,.F.);
#5414=ORIENTED_EDGE('',*,*,#4098,.T.);
#5415=ORIENTED_EDGE('',*,*,#4100,.F.);
#5416=ORIENTED_EDGE('',*,*,#4101,.F.);
#5417=ORIENTED_EDGE('',*,*,#4102,.F.);
#5418=ORIENTED_EDGE('',*,*,#4101,.T.);
#5419=ORIENTED_EDGE('',*,*,#4103,.F.);
#5420=ORIENTED_EDGE('',*,*,#4104,.F.);
#5421=ORIENTED_EDGE('',*,*,#4105,.F.);
#5422=ORIENTED_EDGE('',*,*,#4104,.T.);
#5423=ORIENTED_EDGE('',*,*,#4106,.F.);
#5424=ORIENTED_EDGE('',*,*,#4107,.F.);
#5425=ORIENTED_EDGE('',*,*,#4108,.F.);
#5426=ORIENTED_EDGE('',*,*,#4107,.T.);
#5427=ORIENTED_EDGE('',*,*,#4109,.F.);
#5428=ORIENTED_EDGE('',*,*,#4110,.F.);
#5429=ORIENTED_EDGE('',*,*,#4111,.F.);
#5430=ORIENTED_EDGE('',*,*,#4110,.T.);
#5431=ORIENTED_EDGE('',*,*,#4112,.F.);
#5432=ORIENTED_EDGE('',*,*,#4113,.F.);
#5433=ORIENTED_EDGE('',*,*,#4114,.F.);
#5434=ORIENTED_EDGE('',*,*,#4113,.T.);
#5435=ORIENTED_EDGE('',*,*,#4115,.F.);
#5436=ORIENTED_EDGE('',*,*,#4116,.F.);
#5437=ORIENTED_EDGE('',*,*,#4117,.F.);
#5438=ORIENTED_EDGE('',*,*,#4116,.T.);
#5439=ORIENTED_EDGE('',*,*,#4118,.F.);
#5440=ORIENTED_EDGE('',*,*,#4119,.F.);
#5441=ORIENTED_EDGE('',*,*,#4120,.F.);
#5442=ORIENTED_EDGE('',*,*,#4119,.T.);
#5443=ORIENTED_EDGE('',*,*,#4121,.F.);
#5444=ORIENTED_EDGE('',*,*,#4075,.F.);
#5445=ORIENTED_EDGE('',*,*,#4121,.T.);
#5446=ORIENTED_EDGE('',*,*,#4118,.T.);
#5447=ORIENTED_EDGE('',*,*,#4115,.T.);
#5448=ORIENTED_EDGE('',*,*,#4112,.T.);
#5449=ORIENTED_EDGE('',*,*,#4109,.T.);
#5450=ORIENTED_EDGE('',*,*,#4106,.T.);
#5451=ORIENTED_EDGE('',*,*,#4103,.T.);
#5452=ORIENTED_EDGE('',*,*,#4100,.T.);
#5453=ORIENTED_EDGE('',*,*,#4097,.T.);
#5454=ORIENTED_EDGE('',*,*,#4094,.T.);
#5455=ORIENTED_EDGE('',*,*,#4091,.T.);
#5456=ORIENTED_EDGE('',*,*,#4088,.T.);
#5457=ORIENTED_EDGE('',*,*,#4085,.T.);
#5458=ORIENTED_EDGE('',*,*,#4082,.T.);
#5459=ORIENTED_EDGE('',*,*,#4079,.T.);
#5460=ORIENTED_EDGE('',*,*,#4076,.T.);
#5461=ORIENTED_EDGE('',*,*,#4073,.T.);
#5462=ORIENTED_EDGE('',*,*,#4070,.T.);
#5463=ORIENTED_EDGE('',*,*,#4067,.T.);
#5464=ORIENTED_EDGE('',*,*,#4064,.T.);
#5465=ORIENTED_EDGE('',*,*,#4061,.T.);
#5466=ORIENTED_EDGE('',*,*,#4058,.T.);
#5467=ORIENTED_EDGE('',*,*,#4055,.T.);
#5468=ORIENTED_EDGE('',*,*,#4052,.T.);
#5469=ORIENTED_EDGE('',*,*,#4049,.T.);
#5470=ORIENTED_EDGE('',*,*,#4046,.T.);
#5471=ORIENTED_EDGE('',*,*,#4043,.T.);
#5472=ORIENTED_EDGE('',*,*,#4040,.T.);
#5473=ORIENTED_EDGE('',*,*,#4037,.T.);
#5474=ORIENTED_EDGE('',*,*,#4034,.T.);
#5475=ORIENTED_EDGE('',*,*,#4122,.T.);
#5476=ORIENTED_EDGE('',*,*,#4123,.T.);
#5477=ORIENTED_EDGE('',*,*,#4124,.T.);
#5478=ORIENTED_EDGE('',*,*,#4125,.T.);
#5479=ORIENTED_EDGE('',*,*,#3776,.T.);
#5480=ORIENTED_EDGE('',*,*,#3777,.T.);
#5481=ORIENTED_EDGE('',*,*,#3781,.T.);
#5482=ORIENTED_EDGE('',*,*,#3784,.T.);
#5483=ORIENTED_EDGE('',*,*,#3787,.T.);
#5484=ORIENTED_EDGE('',*,*,#3790,.T.);
#5485=ORIENTED_EDGE('',*,*,#3793,.T.);
#5486=ORIENTED_EDGE('',*,*,#3796,.T.);
#5487=ORIENTED_EDGE('',*,*,#3799,.T.);
#5488=ORIENTED_EDGE('',*,*,#3802,.T.);
#5489=ORIENTED_EDGE('',*,*,#3805,.T.);
#5490=ORIENTED_EDGE('',*,*,#3808,.T.);
#5491=ORIENTED_EDGE('',*,*,#3811,.T.);
#5492=ORIENTED_EDGE('',*,*,#3814,.T.);
#5493=ORIENTED_EDGE('',*,*,#3817,.T.);
#5494=ORIENTED_EDGE('',*,*,#3820,.T.);
#5495=ORIENTED_EDGE('',*,*,#3823,.T.);
#5496=ORIENTED_EDGE('',*,*,#3826,.T.);
#5497=ORIENTED_EDGE('',*,*,#3829,.T.);
#5498=ORIENTED_EDGE('',*,*,#3832,.T.);
#5499=ORIENTED_EDGE('',*,*,#3835,.T.);
#5500=ORIENTED_EDGE('',*,*,#3838,.T.);
#5501=ORIENTED_EDGE('',*,*,#3841,.T.);
#5502=ORIENTED_EDGE('',*,*,#3844,.T.);
#5503=ORIENTED_EDGE('',*,*,#3847,.T.);
#5504=ORIENTED_EDGE('',*,*,#3850,.T.);
#5505=ORIENTED_EDGE('',*,*,#3853,.T.);
#5506=ORIENTED_EDGE('',*,*,#3856,.T.);
#5507=ORIENTED_EDGE('',*,*,#3859,.T.);
#5508=ORIENTED_EDGE('',*,*,#3862,.T.);
#5509=ORIENTED_EDGE('',*,*,#3865,.T.);
#5510=ORIENTED_EDGE('',*,*,#3868,.T.);
#5511=ORIENTED_EDGE('',*,*,#3871,.T.);
#5512=ORIENTED_EDGE('',*,*,#3874,.T.);
#5513=ORIENTED_EDGE('',*,*,#3877,.T.);
#5514=ORIENTED_EDGE('',*,*,#3880,.T.);
#5515=ORIENTED_EDGE('',*,*,#3883,.T.);
#5516=ORIENTED_EDGE('',*,*,#3886,.T.);
#5517=ORIENTED_EDGE('',*,*,#3889,.T.);
#5518=ORIENTED_EDGE('',*,*,#3892,.T.);
#5519=ORIENTED_EDGE('',*,*,#3895,.T.);
#5520=ORIENTED_EDGE('',*,*,#3897,.T.);
#5521=ORIENTED_EDGE('',*,*,#3901,.T.);
#5522=ORIENTED_EDGE('',*,*,#3904,.T.);
#5523=ORIENTED_EDGE('',*,*,#3907,.T.);
#5524=ORIENTED_EDGE('',*,*,#3910,.T.);
#5525=ORIENTED_EDGE('',*,*,#3913,.T.);
#5526=ORIENTED_EDGE('',*,*,#3916,.T.);
#5527=ORIENTED_EDGE('',*,*,#3919,.T.);
#5528=ORIENTED_EDGE('',*,*,#3922,.T.);
#5529=ORIENTED_EDGE('',*,*,#3925,.T.);
#5530=ORIENTED_EDGE('',*,*,#3928,.T.);
#5531=ORIENTED_EDGE('',*,*,#3931,.T.);
#5532=ORIENTED_EDGE('',*,*,#3934,.T.);
#5533=ORIENTED_EDGE('',*,*,#3937,.T.);
#5534=ORIENTED_EDGE('',*,*,#3940,.T.);
#5535=ORIENTED_EDGE('',*,*,#3943,.T.);
#5536=ORIENTED_EDGE('',*,*,#3946,.T.);
#5537=ORIENTED_EDGE('',*,*,#3949,.T.);
#5538=ORIENTED_EDGE('',*,*,#3952,.T.);
#5539=ORIENTED_EDGE('',*,*,#3955,.T.);
#5540=ORIENTED_EDGE('',*,*,#3958,.T.);
#5541=ORIENTED_EDGE('',*,*,#3961,.T.);
#5542=ORIENTED_EDGE('',*,*,#3964,.T.);
#5543=ORIENTED_EDGE('',*,*,#3967,.T.);
#5544=ORIENTED_EDGE('',*,*,#3970,.T.);
#5545=ORIENTED_EDGE('',*,*,#3973,.T.);
#5546=ORIENTED_EDGE('',*,*,#3976,.T.);
#5547=ORIENTED_EDGE('',*,*,#3979,.T.);
#5548=ORIENTED_EDGE('',*,*,#3982,.T.);
#5549=ORIENTED_EDGE('',*,*,#3985,.T.);
#5550=ORIENTED_EDGE('',*,*,#3988,.T.);
#5551=ORIENTED_EDGE('',*,*,#3991,.T.);
#5552=ORIENTED_EDGE('',*,*,#3994,.T.);
#5553=ORIENTED_EDGE('',*,*,#3997,.T.);
#5554=ORIENTED_EDGE('',*,*,#4000,.T.);
#5555=ORIENTED_EDGE('',*,*,#4003,.T.);
#5556=ORIENTED_EDGE('',*,*,#4006,.T.);
#5557=ORIENTED_EDGE('',*,*,#4009,.T.);
#5558=ORIENTED_EDGE('',*,*,#4012,.T.);
#5559=ORIENTED_EDGE('',*,*,#4015,.T.);
#5560=ORIENTED_EDGE('',*,*,#4018,.T.);
#5561=ORIENTED_EDGE('',*,*,#4021,.T.);
#5562=ORIENTED_EDGE('',*,*,#4024,.T.);
#5563=ORIENTED_EDGE('',*,*,#4027,.T.);
#5564=ORIENTED_EDGE('',*,*,#4030,.T.);
#5565=ORIENTED_EDGE('',*,*,#4126,.T.);
#5566=ORIENTED_EDGE('',*,*,#4127,.T.);
#5567=ORIENTED_EDGE('',*,*,#4128,.T.);
#5568=ORIENTED_EDGE('',*,*,#4129,.T.);
#5569=ORIENTED_EDGE('',*,*,#4130,.T.);
#5570=ORIENTED_EDGE('',*,*,#4131,.T.);
#5571=ORIENTED_EDGE('',*,*,#4132,.T.);
#5572=ORIENTED_EDGE('',*,*,#4133,.T.);
#5573=ORIENTED_EDGE('',*,*,#4134,.T.);
#5574=ORIENTED_EDGE('',*,*,#4135,.T.);
#5575=ORIENTED_EDGE('',*,*,#4136,.T.);
#5576=ORIENTED_EDGE('',*,*,#4137,.T.);
#5577=ORIENTED_EDGE('',*,*,#4138,.T.);
#5578=ORIENTED_EDGE('',*,*,#4139,.T.);
#5579=ORIENTED_EDGE('',*,*,#4140,.T.);
#5580=ORIENTED_EDGE('',*,*,#4141,.T.);
#5581=ORIENTED_EDGE('',*,*,#4142,.T.);
#5582=ORIENTED_EDGE('',*,*,#4143,.T.);
#5583=ORIENTED_EDGE('',*,*,#4144,.T.);
#5584=ORIENTED_EDGE('',*,*,#4145,.T.);
#5585=ORIENTED_EDGE('',*,*,#4146,.T.);
#5586=ORIENTED_EDGE('',*,*,#4147,.T.);
#5587=ORIENTED_EDGE('',*,*,#4148,.T.);
#5588=ORIENTED_EDGE('',*,*,#4149,.T.);
#5589=ORIENTED_EDGE('',*,*,#4150,.T.);
#5590=ORIENTED_EDGE('',*,*,#4151,.T.);
#5591=ORIENTED_EDGE('',*,*,#4152,.T.);
#5592=ORIENTED_EDGE('',*,*,#4153,.T.);
#5593=ORIENTED_EDGE('',*,*,#4154,.T.);
#5594=ORIENTED_EDGE('',*,*,#4155,.T.);
#5595=ORIENTED_EDGE('',*,*,#4156,.T.);
#5596=ORIENTED_EDGE('',*,*,#4157,.T.);
#5597=ORIENTED_EDGE('',*,*,#4158,.T.);
#5598=ORIENTED_EDGE('',*,*,#4159,.T.);
#5599=ORIENTED_EDGE('',*,*,#4160,.T.);
#5600=ORIENTED_EDGE('',*,*,#4161,.T.);
#5601=ORIENTED_EDGE('',*,*,#4162,.T.);
#5602=ORIENTED_EDGE('',*,*,#4163,.T.);
#5603=ORIENTED_EDGE('',*,*,#4164,.T.);
#5604=ORIENTED_EDGE('',*,*,#4165,.T.);
#5605=ORIENTED_EDGE('',*,*,#4166,.T.);
#5606=ORIENTED_EDGE('',*,*,#4167,.T.);
#5607=ORIENTED_EDGE('',*,*,#4168,.T.);
#5608=ORIENTED_EDGE('',*,*,#4169,.T.);
#5609=ORIENTED_EDGE('',*,*,#4170,.T.);
#5610=ORIENTED_EDGE('',*,*,#4171,.T.);
#5611=ORIENTED_EDGE('',*,*,#4172,.T.);
#5612=ORIENTED_EDGE('',*,*,#4173,.T.);
#5613=ORIENTED_EDGE('',*,*,#4174,.T.);
#5614=ORIENTED_EDGE('',*,*,#4175,.T.);
#5615=ORIENTED_EDGE('',*,*,#4176,.T.);
#5616=ORIENTED_EDGE('',*,*,#4177,.T.);
#5617=ORIENTED_EDGE('',*,*,#4178,.T.);
#5618=ORIENTED_EDGE('',*,*,#4179,.T.);
#5619=ORIENTED_EDGE('',*,*,#4180,.T.);
#5620=ORIENTED_EDGE('',*,*,#4181,.T.);
#5621=ORIENTED_EDGE('',*,*,#4182,.T.);
#5622=ORIENTED_EDGE('',*,*,#4183,.T.);
#5623=ORIENTED_EDGE('',*,*,#4184,.T.);
#5624=ORIENTED_EDGE('',*,*,#4185,.T.);
#5625=ORIENTED_EDGE('',*,*,#4186,.T.);
#5626=ORIENTED_EDGE('',*,*,#4187,.T.);
#5627=ORIENTED_EDGE('',*,*,#4188,.T.);
#5628=ORIENTED_EDGE('',*,*,#4189,.T.);
#5629=ORIENTED_EDGE('',*,*,#4190,.T.);
#5630=ORIENTED_EDGE('',*,*,#4191,.T.);
#5631=ORIENTED_EDGE('',*,*,#4192,.T.);
#5632=ORIENTED_EDGE('',*,*,#4193,.T.);
#5633=ORIENTED_EDGE('',*,*,#4194,.T.);
#5634=ORIENTED_EDGE('',*,*,#4195,.T.);
#5635=ORIENTED_EDGE('',*,*,#4196,.T.);
#5636=ORIENTED_EDGE('',*,*,#4197,.T.);
#5637=ORIENTED_EDGE('',*,*,#4198,.T.);
#5638=ORIENTED_EDGE('',*,*,#4199,.T.);
#5639=ORIENTED_EDGE('',*,*,#4200,.T.);
#5640=ORIENTED_EDGE('',*,*,#4201,.T.);
#5641=ORIENTED_EDGE('',*,*,#4202,.T.);
#5642=ORIENTED_EDGE('',*,*,#4203,.T.);
#5643=ORIENTED_EDGE('',*,*,#4204,.T.);
#5644=ORIENTED_EDGE('',*,*,#4205,.T.);
#5645=ORIENTED_EDGE('',*,*,#4206,.T.);
#5646=ORIENTED_EDGE('',*,*,#4207,.T.);
#5647=ORIENTED_EDGE('',*,*,#4208,.T.);
#5648=ORIENTED_EDGE('',*,*,#4209,.T.);
#5649=ORIENTED_EDGE('',*,*,#4210,.T.);
#5650=ORIENTED_EDGE('',*,*,#4211,.T.);
#5651=ORIENTED_EDGE('',*,*,#4212,.T.);
#5652=ORIENTED_EDGE('',*,*,#4213,.T.);
#5653=ORIENTED_EDGE('',*,*,#4214,.T.);
#5654=ORIENTED_EDGE('',*,*,#4215,.T.);
#5655=ORIENTED_EDGE('',*,*,#4216,.T.);
#5656=ORIENTED_EDGE('',*,*,#4217,.T.);
#5657=ORIENTED_EDGE('',*,*,#4218,.T.);
#5658=ORIENTED_EDGE('',*,*,#4219,.T.);
#5659=ORIENTED_EDGE('',*,*,#4220,.T.);
#5660=ORIENTED_EDGE('',*,*,#4221,.T.);
#5661=ORIENTED_EDGE('',*,*,#4222,.T.);
#5662=ORIENTED_EDGE('',*,*,#4223,.T.);
#5663=ORIENTED_EDGE('',*,*,#4224,.T.);
#5664=ORIENTED_EDGE('',*,*,#4225,.T.);
#5665=ORIENTED_EDGE('',*,*,#4226,.T.);
#5666=ORIENTED_EDGE('',*,*,#4227,.T.);
#5667=ORIENTED_EDGE('',*,*,#4228,.T.);
#5668=ORIENTED_EDGE('',*,*,#4229,.T.);
#5669=ORIENTED_EDGE('',*,*,#4230,.T.);
#5670=ORIENTED_EDGE('',*,*,#4231,.T.);
#5671=ORIENTED_EDGE('',*,*,#4232,.T.);
#5672=ORIENTED_EDGE('',*,*,#4233,.T.);
#5673=ORIENTED_EDGE('',*,*,#4234,.T.);
#5674=ORIENTED_EDGE('',*,*,#4235,.T.);
#5675=ORIENTED_EDGE('',*,*,#4236,.T.);
#5676=ORIENTED_EDGE('',*,*,#4237,.T.);
#5677=ORIENTED_EDGE('',*,*,#4238,.T.);
#5678=ORIENTED_EDGE('',*,*,#4239,.T.);
#5679=ORIENTED_EDGE('',*,*,#4240,.T.);
#5680=ORIENTED_EDGE('',*,*,#4241,.T.);
#5681=ORIENTED_EDGE('',*,*,#4242,.T.);
#5682=ORIENTED_EDGE('',*,*,#4243,.T.);
#5683=ORIENTED_EDGE('',*,*,#4244,.T.);
#5684=ORIENTED_EDGE('',*,*,#4245,.T.);
#5685=ORIENTED_EDGE('',*,*,#4246,.T.);
#5686=ORIENTED_EDGE('',*,*,#4247,.T.);
#5687=ORIENTED_EDGE('',*,*,#4248,.T.);
#5688=ORIENTED_EDGE('',*,*,#4074,.T.);
#5689=ORIENTED_EDGE('',*,*,#4078,.T.);
#5690=ORIENTED_EDGE('',*,*,#4081,.T.);
#5691=ORIENTED_EDGE('',*,*,#4084,.T.);
#5692=ORIENTED_EDGE('',*,*,#4087,.T.);
#5693=ORIENTED_EDGE('',*,*,#4090,.T.);
#5694=ORIENTED_EDGE('',*,*,#4093,.T.);
#5695=ORIENTED_EDGE('',*,*,#4096,.T.);
#5696=ORIENTED_EDGE('',*,*,#4099,.T.);
#5697=ORIENTED_EDGE('',*,*,#4102,.T.);
#5698=ORIENTED_EDGE('',*,*,#4105,.T.);
#5699=ORIENTED_EDGE('',*,*,#4108,.T.);
#5700=ORIENTED_EDGE('',*,*,#4111,.T.);
#5701=ORIENTED_EDGE('',*,*,#4114,.T.);
#5702=ORIENTED_EDGE('',*,*,#4117,.T.);
#5703=ORIENTED_EDGE('',*,*,#4120,.T.);
#5704=ORIENTED_EDGE('',*,*,#4249,.F.);
#5705=ORIENTED_EDGE('',*,*,#4250,.T.);
#5706=ORIENTED_EDGE('',*,*,#4251,.F.);
#5707=ORIENTED_EDGE('',*,*,#4252,.F.);
#5708=ORIENTED_EDGE('',*,*,#4253,.F.);
#5709=ORIENTED_EDGE('',*,*,#4252,.T.);
#5710=ORIENTED_EDGE('',*,*,#4254,.F.);
#5711=ORIENTED_EDGE('',*,*,#4255,.F.);
#5712=ORIENTED_EDGE('',*,*,#4256,.F.);
#5713=ORIENTED_EDGE('',*,*,#4255,.T.);
#5714=ORIENTED_EDGE('',*,*,#4257,.F.);
#5715=ORIENTED_EDGE('',*,*,#4258,.F.);
#5716=ORIENTED_EDGE('',*,*,#4259,.F.);
#5717=ORIENTED_EDGE('',*,*,#4258,.T.);
#5718=ORIENTED_EDGE('',*,*,#4260,.F.);
#5719=ORIENTED_EDGE('',*,*,#4261,.F.);
#5720=ORIENTED_EDGE('',*,*,#4262,.F.);
#5721=ORIENTED_EDGE('',*,*,#4261,.T.);
#5722=ORIENTED_EDGE('',*,*,#4263,.F.);
#5723=ORIENTED_EDGE('',*,*,#4264,.F.);
#5724=ORIENTED_EDGE('',*,*,#4265,.F.);
#5725=ORIENTED_EDGE('',*,*,#4264,.T.);
#5726=ORIENTED_EDGE('',*,*,#4266,.F.);
#5727=ORIENTED_EDGE('',*,*,#4267,.F.);
#5728=ORIENTED_EDGE('',*,*,#4268,.F.);
#5729=ORIENTED_EDGE('',*,*,#4267,.T.);
#5730=ORIENTED_EDGE('',*,*,#4269,.F.);
#5731=ORIENTED_EDGE('',*,*,#4270,.F.);
#5732=ORIENTED_EDGE('',*,*,#4271,.F.);
#5733=ORIENTED_EDGE('',*,*,#4270,.T.);
#5734=ORIENTED_EDGE('',*,*,#4272,.F.);
#5735=ORIENTED_EDGE('',*,*,#4273,.F.);
#5736=ORIENTED_EDGE('',*,*,#4274,.F.);
#5737=ORIENTED_EDGE('',*,*,#4273,.T.);
#5738=ORIENTED_EDGE('',*,*,#4275,.F.);
#5739=ORIENTED_EDGE('',*,*,#4276,.F.);
#5740=ORIENTED_EDGE('',*,*,#4277,.F.);
#5741=ORIENTED_EDGE('',*,*,#4276,.T.);
#5742=ORIENTED_EDGE('',*,*,#4278,.F.);
#5743=ORIENTED_EDGE('',*,*,#4279,.F.);
#5744=ORIENTED_EDGE('',*,*,#4280,.F.);
#5745=ORIENTED_EDGE('',*,*,#4279,.T.);
#5746=ORIENTED_EDGE('',*,*,#4281,.F.);
#5747=ORIENTED_EDGE('',*,*,#4282,.F.);
#5748=ORIENTED_EDGE('',*,*,#4283,.F.);
#5749=ORIENTED_EDGE('',*,*,#4282,.T.);
#5750=ORIENTED_EDGE('',*,*,#4284,.F.);
#5751=ORIENTED_EDGE('',*,*,#4285,.F.);
#5752=ORIENTED_EDGE('',*,*,#4286,.F.);
#5753=ORIENTED_EDGE('',*,*,#4285,.T.);
#5754=ORIENTED_EDGE('',*,*,#4287,.F.);
#5755=ORIENTED_EDGE('',*,*,#4288,.F.);
#5756=ORIENTED_EDGE('',*,*,#4289,.F.);
#5757=ORIENTED_EDGE('',*,*,#4288,.T.);
#5758=ORIENTED_EDGE('',*,*,#4290,.F.);
#5759=ORIENTED_EDGE('',*,*,#4250,.F.);
#5760=ORIENTED_EDGE('',*,*,#4126,.F.);
#5761=ORIENTED_EDGE('',*,*,#4291,.T.);
#5762=ORIENTED_EDGE('',*,*,#4292,.F.);
#5763=ORIENTED_EDGE('',*,*,#4293,.F.);
#5764=ORIENTED_EDGE('',*,*,#4127,.F.);
#5765=ORIENTED_EDGE('',*,*,#4293,.T.);
#5766=ORIENTED_EDGE('',*,*,#4294,.F.);
#5767=ORIENTED_EDGE('',*,*,#4295,.F.);
#5768=ORIENTED_EDGE('',*,*,#4128,.F.);
#5769=ORIENTED_EDGE('',*,*,#4295,.T.);
#5770=ORIENTED_EDGE('',*,*,#4296,.F.);
#5771=ORIENTED_EDGE('',*,*,#4297,.F.);
#5772=ORIENTED_EDGE('',*,*,#4129,.F.);
#5773=ORIENTED_EDGE('',*,*,#4297,.T.);
#5774=ORIENTED_EDGE('',*,*,#4298,.F.);
#5775=ORIENTED_EDGE('',*,*,#4299,.F.);
#5776=ORIENTED_EDGE('',*,*,#4130,.F.);
#5777=ORIENTED_EDGE('',*,*,#4299,.T.);
#5778=ORIENTED_EDGE('',*,*,#4300,.F.);
#5779=ORIENTED_EDGE('',*,*,#4301,.F.);
#5780=ORIENTED_EDGE('',*,*,#4131,.F.);
#5781=ORIENTED_EDGE('',*,*,#4301,.T.);
#5782=ORIENTED_EDGE('',*,*,#4302,.F.);
#5783=ORIENTED_EDGE('',*,*,#4303,.F.);
#5784=ORIENTED_EDGE('',*,*,#4132,.F.);
#5785=ORIENTED_EDGE('',*,*,#4303,.T.);
#5786=ORIENTED_EDGE('',*,*,#4304,.F.);
#5787=ORIENTED_EDGE('',*,*,#4305,.F.);
#5788=ORIENTED_EDGE('',*,*,#4133,.F.);
#5789=ORIENTED_EDGE('',*,*,#4305,.T.);
#5790=ORIENTED_EDGE('',*,*,#4306,.F.);
#5791=ORIENTED_EDGE('',*,*,#4307,.F.);
#5792=ORIENTED_EDGE('',*,*,#4134,.F.);
#5793=ORIENTED_EDGE('',*,*,#4307,.T.);
#5794=ORIENTED_EDGE('',*,*,#4308,.F.);
#5795=ORIENTED_EDGE('',*,*,#4309,.F.);
#5796=ORIENTED_EDGE('',*,*,#4135,.F.);
#5797=ORIENTED_EDGE('',*,*,#4309,.T.);
#5798=ORIENTED_EDGE('',*,*,#4310,.F.);
#5799=ORIENTED_EDGE('',*,*,#4311,.F.);
#5800=ORIENTED_EDGE('',*,*,#4136,.F.);
#5801=ORIENTED_EDGE('',*,*,#4311,.T.);
#5802=ORIENTED_EDGE('',*,*,#4312,.F.);
#5803=ORIENTED_EDGE('',*,*,#4313,.F.);
#5804=ORIENTED_EDGE('',*,*,#4137,.F.);
#5805=ORIENTED_EDGE('',*,*,#4313,.T.);
#5806=ORIENTED_EDGE('',*,*,#4314,.F.);
#5807=ORIENTED_EDGE('',*,*,#4315,.F.);
#5808=ORIENTED_EDGE('',*,*,#4138,.F.);
#5809=ORIENTED_EDGE('',*,*,#4315,.T.);
#5810=ORIENTED_EDGE('',*,*,#4316,.F.);
#5811=ORIENTED_EDGE('',*,*,#4317,.F.);
#5812=ORIENTED_EDGE('',*,*,#4139,.F.);
#5813=ORIENTED_EDGE('',*,*,#4317,.T.);
#5814=ORIENTED_EDGE('',*,*,#4318,.F.);
#5815=ORIENTED_EDGE('',*,*,#4319,.F.);
#5816=ORIENTED_EDGE('',*,*,#4140,.F.);
#5817=ORIENTED_EDGE('',*,*,#4319,.T.);
#5818=ORIENTED_EDGE('',*,*,#4320,.F.);
#5819=ORIENTED_EDGE('',*,*,#4321,.F.);
#5820=ORIENTED_EDGE('',*,*,#4141,.F.);
#5821=ORIENTED_EDGE('',*,*,#4321,.T.);
#5822=ORIENTED_EDGE('',*,*,#4322,.F.);
#5823=ORIENTED_EDGE('',*,*,#4291,.F.);
#5824=ORIENTED_EDGE('',*,*,#4322,.T.);
#5825=ORIENTED_EDGE('',*,*,#4320,.T.);
#5826=ORIENTED_EDGE('',*,*,#4318,.T.);
#5827=ORIENTED_EDGE('',*,*,#4316,.T.);
#5828=ORIENTED_EDGE('',*,*,#4314,.T.);
#5829=ORIENTED_EDGE('',*,*,#4312,.T.);
#5830=ORIENTED_EDGE('',*,*,#4310,.T.);
#5831=ORIENTED_EDGE('',*,*,#4308,.T.);
#5832=ORIENTED_EDGE('',*,*,#4306,.T.);
#5833=ORIENTED_EDGE('',*,*,#4304,.T.);
#5834=ORIENTED_EDGE('',*,*,#4302,.T.);
#5835=ORIENTED_EDGE('',*,*,#4300,.T.);
#5836=ORIENTED_EDGE('',*,*,#4298,.T.);
#5837=ORIENTED_EDGE('',*,*,#4296,.T.);
#5838=ORIENTED_EDGE('',*,*,#4294,.T.);
#5839=ORIENTED_EDGE('',*,*,#4292,.T.);
#5840=ORIENTED_EDGE('',*,*,#4290,.T.);
#5841=ORIENTED_EDGE('',*,*,#4287,.T.);
#5842=ORIENTED_EDGE('',*,*,#4284,.T.);
#5843=ORIENTED_EDGE('',*,*,#4281,.T.);
#5844=ORIENTED_EDGE('',*,*,#4278,.T.);
#5845=ORIENTED_EDGE('',*,*,#4275,.T.);
#5846=ORIENTED_EDGE('',*,*,#4272,.T.);
#5847=ORIENTED_EDGE('',*,*,#4269,.T.);
#5848=ORIENTED_EDGE('',*,*,#4266,.T.);
#5849=ORIENTED_EDGE('',*,*,#4263,.T.);
#5850=ORIENTED_EDGE('',*,*,#4260,.T.);
#5851=ORIENTED_EDGE('',*,*,#4257,.T.);
#5852=ORIENTED_EDGE('',*,*,#4254,.T.);
#5853=ORIENTED_EDGE('',*,*,#4251,.T.);
#5854=ORIENTED_EDGE('',*,*,#4032,.T.);
#5855=ORIENTED_EDGE('',*,*,#4036,.T.);
#5856=ORIENTED_EDGE('',*,*,#4039,.T.);
#5857=ORIENTED_EDGE('',*,*,#4042,.T.);
#5858=ORIENTED_EDGE('',*,*,#4045,.T.);
#5859=ORIENTED_EDGE('',*,*,#4048,.T.);
#5860=ORIENTED_EDGE('',*,*,#4051,.T.);
#5861=ORIENTED_EDGE('',*,*,#4054,.T.);
#5862=ORIENTED_EDGE('',*,*,#4057,.T.);
#5863=ORIENTED_EDGE('',*,*,#4060,.T.);
#5864=ORIENTED_EDGE('',*,*,#4063,.T.);
#5865=ORIENTED_EDGE('',*,*,#4066,.T.);
#5866=ORIENTED_EDGE('',*,*,#4069,.T.);
#5867=ORIENTED_EDGE('',*,*,#4072,.T.);
#5868=ORIENTED_EDGE('',*,*,#4323,.F.);
#5869=ORIENTED_EDGE('',*,*,#4324,.T.);
#5870=ORIENTED_EDGE('',*,*,#4325,.F.);
#5871=ORIENTED_EDGE('',*,*,#4326,.F.);
#5872=ORIENTED_EDGE('',*,*,#4327,.F.);
#5873=ORIENTED_EDGE('',*,*,#4326,.T.);
#5874=ORIENTED_EDGE('',*,*,#4328,.F.);
#5875=ORIENTED_EDGE('',*,*,#4329,.F.);
#5876=ORIENTED_EDGE('',*,*,#4330,.F.);
#5877=ORIENTED_EDGE('',*,*,#4329,.T.);
#5878=ORIENTED_EDGE('',*,*,#4331,.F.);
#5879=ORIENTED_EDGE('',*,*,#4332,.F.);
#5880=ORIENTED_EDGE('',*,*,#4333,.F.);
#5881=ORIENTED_EDGE('',*,*,#4332,.T.);
#5882=ORIENTED_EDGE('',*,*,#4334,.F.);
#5883=ORIENTED_EDGE('',*,*,#4335,.F.);
#5884=ORIENTED_EDGE('',*,*,#4336,.F.);
#5885=ORIENTED_EDGE('',*,*,#4335,.T.);
#5886=ORIENTED_EDGE('',*,*,#4337,.F.);
#5887=ORIENTED_EDGE('',*,*,#4338,.F.);
#5888=ORIENTED_EDGE('',*,*,#4339,.F.);
#5889=ORIENTED_EDGE('',*,*,#4338,.T.);
#5890=ORIENTED_EDGE('',*,*,#4340,.F.);
#5891=ORIENTED_EDGE('',*,*,#4341,.F.);
#5892=ORIENTED_EDGE('',*,*,#4342,.F.);
#5893=ORIENTED_EDGE('',*,*,#4341,.T.);
#5894=ORIENTED_EDGE('',*,*,#4343,.F.);
#5895=ORIENTED_EDGE('',*,*,#4344,.F.);
#5896=ORIENTED_EDGE('',*,*,#4345,.F.);
#5897=ORIENTED_EDGE('',*,*,#4344,.T.);
#5898=ORIENTED_EDGE('',*,*,#4346,.F.);
#5899=ORIENTED_EDGE('',*,*,#4347,.F.);
#5900=ORIENTED_EDGE('',*,*,#4348,.F.);
#5901=ORIENTED_EDGE('',*,*,#4347,.T.);
#5902=ORIENTED_EDGE('',*,*,#4349,.F.);
#5903=ORIENTED_EDGE('',*,*,#4324,.F.);
#5904=ORIENTED_EDGE('',*,*,#4226,.F.);
#5905=ORIENTED_EDGE('',*,*,#4350,.T.);
#5906=ORIENTED_EDGE('',*,*,#4351,.F.);
#5907=ORIENTED_EDGE('',*,*,#4352,.F.);
#5908=ORIENTED_EDGE('',*,*,#4227,.F.);
#5909=ORIENTED_EDGE('',*,*,#4352,.T.);
#5910=ORIENTED_EDGE('',*,*,#4353,.F.);
#5911=ORIENTED_EDGE('',*,*,#4354,.F.);
#5912=ORIENTED_EDGE('',*,*,#4228,.F.);
#5913=ORIENTED_EDGE('',*,*,#4354,.T.);
#5914=ORIENTED_EDGE('',*,*,#4355,.F.);
#5915=ORIENTED_EDGE('',*,*,#4356,.F.);
#5916=ORIENTED_EDGE('',*,*,#4229,.F.);
#5917=ORIENTED_EDGE('',*,*,#4356,.T.);
#5918=ORIENTED_EDGE('',*,*,#4357,.F.);
#5919=ORIENTED_EDGE('',*,*,#4358,.F.);
#5920=ORIENTED_EDGE('',*,*,#4230,.F.);
#5921=ORIENTED_EDGE('',*,*,#4358,.T.);
#5922=ORIENTED_EDGE('',*,*,#4359,.F.);
#5923=ORIENTED_EDGE('',*,*,#4360,.F.);
#5924=ORIENTED_EDGE('',*,*,#4231,.F.);
#5925=ORIENTED_EDGE('',*,*,#4360,.T.);
#5926=ORIENTED_EDGE('',*,*,#4361,.F.);
#5927=ORIENTED_EDGE('',*,*,#4362,.F.);
#5928=ORIENTED_EDGE('',*,*,#4232,.F.);
#5929=ORIENTED_EDGE('',*,*,#4362,.T.);
#5930=ORIENTED_EDGE('',*,*,#4363,.F.);
#5931=ORIENTED_EDGE('',*,*,#4364,.F.);
#5932=ORIENTED_EDGE('',*,*,#4233,.F.);
#5933=ORIENTED_EDGE('',*,*,#4364,.T.);
#5934=ORIENTED_EDGE('',*,*,#4365,.F.);
#5935=ORIENTED_EDGE('',*,*,#4366,.F.);
#5936=ORIENTED_EDGE('',*,*,#4234,.F.);
#5937=ORIENTED_EDGE('',*,*,#4366,.T.);
#5938=ORIENTED_EDGE('',*,*,#4367,.F.);
#5939=ORIENTED_EDGE('',*,*,#4368,.F.);
#5940=ORIENTED_EDGE('',*,*,#4235,.F.);
#5941=ORIENTED_EDGE('',*,*,#4368,.T.);
#5942=ORIENTED_EDGE('',*,*,#4369,.F.);
#5943=ORIENTED_EDGE('',*,*,#4370,.F.);
#5944=ORIENTED_EDGE('',*,*,#4236,.F.);
#5945=ORIENTED_EDGE('',*,*,#4370,.T.);
#5946=ORIENTED_EDGE('',*,*,#4371,.F.);
#5947=ORIENTED_EDGE('',*,*,#4372,.F.);
#5948=ORIENTED_EDGE('',*,*,#4237,.F.);
#5949=ORIENTED_EDGE('',*,*,#4372,.T.);
#5950=ORIENTED_EDGE('',*,*,#4373,.F.);
#5951=ORIENTED_EDGE('',*,*,#4374,.F.);
#5952=ORIENTED_EDGE('',*,*,#4238,.F.);
#5953=ORIENTED_EDGE('',*,*,#4374,.T.);
#5954=ORIENTED_EDGE('',*,*,#4375,.F.);
#5955=ORIENTED_EDGE('',*,*,#4376,.F.);
#5956=ORIENTED_EDGE('',*,*,#4239,.F.);
#5957=ORIENTED_EDGE('',*,*,#4376,.T.);
#5958=ORIENTED_EDGE('',*,*,#4377,.F.);
#5959=ORIENTED_EDGE('',*,*,#4378,.F.);
#5960=ORIENTED_EDGE('',*,*,#4240,.F.);
#5961=ORIENTED_EDGE('',*,*,#4378,.T.);
#5962=ORIENTED_EDGE('',*,*,#4379,.F.);
#5963=ORIENTED_EDGE('',*,*,#4380,.F.);
#5964=ORIENTED_EDGE('',*,*,#4241,.F.);
#5965=ORIENTED_EDGE('',*,*,#4380,.T.);
#5966=ORIENTED_EDGE('',*,*,#4381,.F.);
#5967=ORIENTED_EDGE('',*,*,#4382,.F.);
#5968=ORIENTED_EDGE('',*,*,#4242,.F.);
#5969=ORIENTED_EDGE('',*,*,#4382,.T.);
#5970=ORIENTED_EDGE('',*,*,#4383,.F.);
#5971=ORIENTED_EDGE('',*,*,#4384,.F.);
#5972=ORIENTED_EDGE('',*,*,#4243,.F.);
#5973=ORIENTED_EDGE('',*,*,#4384,.T.);
#5974=ORIENTED_EDGE('',*,*,#4385,.F.);
#5975=ORIENTED_EDGE('',*,*,#4386,.F.);
#5976=ORIENTED_EDGE('',*,*,#4244,.F.);
#5977=ORIENTED_EDGE('',*,*,#4386,.T.);
#5978=ORIENTED_EDGE('',*,*,#4387,.F.);
#5979=ORIENTED_EDGE('',*,*,#4388,.F.);
#5980=ORIENTED_EDGE('',*,*,#4245,.F.);
#5981=ORIENTED_EDGE('',*,*,#4388,.T.);
#5982=ORIENTED_EDGE('',*,*,#4389,.F.);
#5983=ORIENTED_EDGE('',*,*,#4390,.F.);
#5984=ORIENTED_EDGE('',*,*,#4246,.F.);
#5985=ORIENTED_EDGE('',*,*,#4390,.T.);
#5986=ORIENTED_EDGE('',*,*,#4391,.F.);
#5987=ORIENTED_EDGE('',*,*,#4392,.F.);
#5988=ORIENTED_EDGE('',*,*,#4247,.F.);
#5989=ORIENTED_EDGE('',*,*,#4392,.T.);
#5990=ORIENTED_EDGE('',*,*,#4393,.F.);
#5991=ORIENTED_EDGE('',*,*,#4394,.F.);
#5992=ORIENTED_EDGE('',*,*,#4248,.F.);
#5993=ORIENTED_EDGE('',*,*,#4394,.T.);
#5994=ORIENTED_EDGE('',*,*,#4395,.F.);
#5995=ORIENTED_EDGE('',*,*,#4350,.F.);
#5996=ORIENTED_EDGE('',*,*,#4395,.T.);
#5997=ORIENTED_EDGE('',*,*,#4393,.T.);
#5998=ORIENTED_EDGE('',*,*,#4391,.T.);
#5999=ORIENTED_EDGE('',*,*,#4389,.T.);
#6000=ORIENTED_EDGE('',*,*,#4387,.T.);
#6001=ORIENTED_EDGE('',*,*,#4385,.T.);
#6002=ORIENTED_EDGE('',*,*,#4383,.T.);
#6003=ORIENTED_EDGE('',*,*,#4381,.T.);
#6004=ORIENTED_EDGE('',*,*,#4379,.T.);
#6005=ORIENTED_EDGE('',*,*,#4377,.T.);
#6006=ORIENTED_EDGE('',*,*,#4375,.T.);
#6007=ORIENTED_EDGE('',*,*,#4373,.T.);
#6008=ORIENTED_EDGE('',*,*,#4371,.T.);
#6009=ORIENTED_EDGE('',*,*,#4369,.T.);
#6010=ORIENTED_EDGE('',*,*,#4367,.T.);
#6011=ORIENTED_EDGE('',*,*,#4365,.T.);
#6012=ORIENTED_EDGE('',*,*,#4363,.T.);
#6013=ORIENTED_EDGE('',*,*,#4361,.T.);
#6014=ORIENTED_EDGE('',*,*,#4359,.T.);
#6015=ORIENTED_EDGE('',*,*,#4357,.T.);
#6016=ORIENTED_EDGE('',*,*,#4355,.T.);
#6017=ORIENTED_EDGE('',*,*,#4353,.T.);
#6018=ORIENTED_EDGE('',*,*,#4351,.T.);
#6019=ORIENTED_EDGE('',*,*,#4349,.T.);
#6020=ORIENTED_EDGE('',*,*,#4346,.T.);
#6021=ORIENTED_EDGE('',*,*,#4343,.T.);
#6022=ORIENTED_EDGE('',*,*,#4340,.T.);
#6023=ORIENTED_EDGE('',*,*,#4337,.T.);
#6024=ORIENTED_EDGE('',*,*,#4334,.T.);
#6025=ORIENTED_EDGE('',*,*,#4331,.T.);
#6026=ORIENTED_EDGE('',*,*,#4328,.T.);
#6027=ORIENTED_EDGE('',*,*,#4325,.T.);
#6028=ORIENTED_EDGE('',*,*,#4249,.T.);
#6029=ORIENTED_EDGE('',*,*,#4253,.T.);
#6030=ORIENTED_EDGE('',*,*,#4256,.T.);
#6031=ORIENTED_EDGE('',*,*,#4259,.T.);
#6032=ORIENTED_EDGE('',*,*,#4262,.T.);
#6033=ORIENTED_EDGE('',*,*,#4265,.T.);
#6034=ORIENTED_EDGE('',*,*,#4268,.T.);
#6035=ORIENTED_EDGE('',*,*,#4271,.T.);
#6036=ORIENTED_EDGE('',*,*,#4274,.T.);
#6037=ORIENTED_EDGE('',*,*,#4277,.T.);
#6038=ORIENTED_EDGE('',*,*,#4280,.T.);
#6039=ORIENTED_EDGE('',*,*,#4283,.T.);
#6040=ORIENTED_EDGE('',*,*,#4286,.T.);
#6041=ORIENTED_EDGE('',*,*,#4289,.T.);
#6042=ORIENTED_EDGE('',*,*,#4396,.F.);
#6043=ORIENTED_EDGE('',*,*,#4397,.T.);
#6044=ORIENTED_EDGE('',*,*,#4398,.F.);
#6045=ORIENTED_EDGE('',*,*,#4399,.F.);
#6046=ORIENTED_EDGE('',*,*,#4400,.F.);
#6047=ORIENTED_EDGE('',*,*,#4399,.T.);
#6048=ORIENTED_EDGE('',*,*,#4401,.F.);
#6049=ORIENTED_EDGE('',*,*,#4402,.F.);
#6050=ORIENTED_EDGE('',*,*,#4403,.F.);
#6051=ORIENTED_EDGE('',*,*,#4402,.T.);
#6052=ORIENTED_EDGE('',*,*,#4404,.F.);
#6053=ORIENTED_EDGE('',*,*,#4405,.F.);
#6054=ORIENTED_EDGE('',*,*,#4406,.F.);
#6055=ORIENTED_EDGE('',*,*,#4405,.T.);
#6056=ORIENTED_EDGE('',*,*,#4407,.F.);
#6057=ORIENTED_EDGE('',*,*,#4408,.F.);
#6058=ORIENTED_EDGE('',*,*,#4409,.F.);
#6059=ORIENTED_EDGE('',*,*,#4408,.T.);
#6060=ORIENTED_EDGE('',*,*,#4410,.F.);
#6061=ORIENTED_EDGE('',*,*,#4411,.F.);
#6062=ORIENTED_EDGE('',*,*,#4412,.F.);
#6063=ORIENTED_EDGE('',*,*,#4411,.T.);
#6064=ORIENTED_EDGE('',*,*,#4413,.F.);
#6065=ORIENTED_EDGE('',*,*,#4414,.F.);
#6066=ORIENTED_EDGE('',*,*,#4415,.F.);
#6067=ORIENTED_EDGE('',*,*,#4414,.T.);
#6068=ORIENTED_EDGE('',*,*,#4416,.F.);
#6069=ORIENTED_EDGE('',*,*,#4417,.F.);
#6070=ORIENTED_EDGE('',*,*,#4418,.F.);
#6071=ORIENTED_EDGE('',*,*,#4417,.T.);
#6072=ORIENTED_EDGE('',*,*,#4419,.F.);
#6073=ORIENTED_EDGE('',*,*,#4397,.F.);
#6074=ORIENTED_EDGE('',*,*,#4420,.F.);
#6075=ORIENTED_EDGE('',*,*,#4421,.T.);
#6076=ORIENTED_EDGE('',*,*,#4422,.F.);
#6077=ORIENTED_EDGE('',*,*,#4423,.F.);
#6078=ORIENTED_EDGE('',*,*,#4424,.F.);
#6079=ORIENTED_EDGE('',*,*,#4423,.T.);
#6080=ORIENTED_EDGE('',*,*,#4425,.F.);
#6081=ORIENTED_EDGE('',*,*,#4426,.F.);
#6082=ORIENTED_EDGE('',*,*,#4427,.F.);
#6083=ORIENTED_EDGE('',*,*,#4426,.T.);
#6084=ORIENTED_EDGE('',*,*,#4428,.F.);
#6085=ORIENTED_EDGE('',*,*,#4429,.F.);
#6086=ORIENTED_EDGE('',*,*,#4430,.F.);
#6087=ORIENTED_EDGE('',*,*,#4429,.T.);
#6088=ORIENTED_EDGE('',*,*,#4431,.F.);
#6089=ORIENTED_EDGE('',*,*,#4432,.F.);
#6090=ORIENTED_EDGE('',*,*,#4433,.F.);
#6091=ORIENTED_EDGE('',*,*,#4432,.T.);
#6092=ORIENTED_EDGE('',*,*,#4434,.F.);
#6093=ORIENTED_EDGE('',*,*,#4435,.F.);
#6094=ORIENTED_EDGE('',*,*,#4436,.F.);
#6095=ORIENTED_EDGE('',*,*,#4435,.T.);
#6096=ORIENTED_EDGE('',*,*,#4437,.F.);
#6097=ORIENTED_EDGE('',*,*,#4438,.F.);
#6098=ORIENTED_EDGE('',*,*,#4439,.F.);
#6099=ORIENTED_EDGE('',*,*,#4438,.T.);
#6100=ORIENTED_EDGE('',*,*,#4440,.F.);
#6101=ORIENTED_EDGE('',*,*,#4441,.F.);
#6102=ORIENTED_EDGE('',*,*,#4442,.F.);
#6103=ORIENTED_EDGE('',*,*,#4441,.T.);
#6104=ORIENTED_EDGE('',*,*,#4443,.F.);
#6105=ORIENTED_EDGE('',*,*,#4421,.F.);
#6106=ORIENTED_EDGE('',*,*,#4210,.F.);
#6107=ORIENTED_EDGE('',*,*,#4444,.T.);
#6108=ORIENTED_EDGE('',*,*,#4445,.F.);
#6109=ORIENTED_EDGE('',*,*,#4446,.F.);
#6110=ORIENTED_EDGE('',*,*,#4211,.F.);
#6111=ORIENTED_EDGE('',*,*,#4446,.T.);
#6112=ORIENTED_EDGE('',*,*,#4447,.F.);
#6113=ORIENTED_EDGE('',*,*,#4448,.F.);
#6114=ORIENTED_EDGE('',*,*,#4212,.F.);
#6115=ORIENTED_EDGE('',*,*,#4448,.T.);
#6116=ORIENTED_EDGE('',*,*,#4449,.F.);
#6117=ORIENTED_EDGE('',*,*,#4450,.F.);
#6118=ORIENTED_EDGE('',*,*,#4213,.F.);
#6119=ORIENTED_EDGE('',*,*,#4450,.T.);
#6120=ORIENTED_EDGE('',*,*,#4451,.F.);
#6121=ORIENTED_EDGE('',*,*,#4452,.F.);
#6122=ORIENTED_EDGE('',*,*,#4214,.F.);
#6123=ORIENTED_EDGE('',*,*,#4452,.T.);
#6124=ORIENTED_EDGE('',*,*,#4453,.F.);
#6125=ORIENTED_EDGE('',*,*,#4454,.F.);
#6126=ORIENTED_EDGE('',*,*,#4215,.F.);
#6127=ORIENTED_EDGE('',*,*,#4454,.T.);
#6128=ORIENTED_EDGE('',*,*,#4455,.F.);
#6129=ORIENTED_EDGE('',*,*,#4456,.F.);
#6130=ORIENTED_EDGE('',*,*,#4216,.F.);
#6131=ORIENTED_EDGE('',*,*,#4456,.T.);
#6132=ORIENTED_EDGE('',*,*,#4457,.F.);
#6133=ORIENTED_EDGE('',*,*,#4458,.F.);
#6134=ORIENTED_EDGE('',*,*,#4217,.F.);
#6135=ORIENTED_EDGE('',*,*,#4458,.T.);
#6136=ORIENTED_EDGE('',*,*,#4459,.F.);
#6137=ORIENTED_EDGE('',*,*,#4460,.F.);
#6138=ORIENTED_EDGE('',*,*,#4218,.F.);
#6139=ORIENTED_EDGE('',*,*,#4460,.T.);
#6140=ORIENTED_EDGE('',*,*,#4461,.F.);
#6141=ORIENTED_EDGE('',*,*,#4462,.F.);
#6142=ORIENTED_EDGE('',*,*,#4219,.F.);
#6143=ORIENTED_EDGE('',*,*,#4462,.T.);
#6144=ORIENTED_EDGE('',*,*,#4463,.F.);
#6145=ORIENTED_EDGE('',*,*,#4464,.F.);
#6146=ORIENTED_EDGE('',*,*,#4220,.F.);
#6147=ORIENTED_EDGE('',*,*,#4464,.T.);
#6148=ORIENTED_EDGE('',*,*,#4465,.F.);
#6149=ORIENTED_EDGE('',*,*,#4466,.F.);
#6150=ORIENTED_EDGE('',*,*,#4221,.F.);
#6151=ORIENTED_EDGE('',*,*,#4466,.T.);
#6152=ORIENTED_EDGE('',*,*,#4467,.F.);
#6153=ORIENTED_EDGE('',*,*,#4468,.F.);
#6154=ORIENTED_EDGE('',*,*,#4222,.F.);
#6155=ORIENTED_EDGE('',*,*,#4468,.T.);
#6156=ORIENTED_EDGE('',*,*,#4469,.F.);
#6157=ORIENTED_EDGE('',*,*,#4470,.F.);
#6158=ORIENTED_EDGE('',*,*,#4223,.F.);
#6159=ORIENTED_EDGE('',*,*,#4470,.T.);
#6160=ORIENTED_EDGE('',*,*,#4471,.F.);
#6161=ORIENTED_EDGE('',*,*,#4472,.F.);
#6162=ORIENTED_EDGE('',*,*,#4224,.F.);
#6163=ORIENTED_EDGE('',*,*,#4472,.T.);
#6164=ORIENTED_EDGE('',*,*,#4473,.F.);
#6165=ORIENTED_EDGE('',*,*,#4474,.F.);
#6166=ORIENTED_EDGE('',*,*,#4225,.F.);
#6167=ORIENTED_EDGE('',*,*,#4474,.T.);
#6168=ORIENTED_EDGE('',*,*,#4475,.F.);
#6169=ORIENTED_EDGE('',*,*,#4444,.F.);
#6170=ORIENTED_EDGE('',*,*,#4475,.T.);
#6171=ORIENTED_EDGE('',*,*,#4473,.T.);
#6172=ORIENTED_EDGE('',*,*,#4471,.T.);
#6173=ORIENTED_EDGE('',*,*,#4469,.T.);
#6174=ORIENTED_EDGE('',*,*,#4467,.T.);
#6175=ORIENTED_EDGE('',*,*,#4465,.T.);
#6176=ORIENTED_EDGE('',*,*,#4463,.T.);
#6177=ORIENTED_EDGE('',*,*,#4461,.T.);
#6178=ORIENTED_EDGE('',*,*,#4459,.T.);
#6179=ORIENTED_EDGE('',*,*,#4457,.T.);
#6180=ORIENTED_EDGE('',*,*,#4455,.T.);
#6181=ORIENTED_EDGE('',*,*,#4453,.T.);
#6182=ORIENTED_EDGE('',*,*,#4451,.T.);
#6183=ORIENTED_EDGE('',*,*,#4449,.T.);
#6184=ORIENTED_EDGE('',*,*,#4447,.T.);
#6185=ORIENTED_EDGE('',*,*,#4445,.T.);
#6186=ORIENTED_EDGE('',*,*,#4443,.T.);
#6187=ORIENTED_EDGE('',*,*,#4440,.T.);
#6188=ORIENTED_EDGE('',*,*,#4437,.T.);
#6189=ORIENTED_EDGE('',*,*,#4434,.T.);
#6190=ORIENTED_EDGE('',*,*,#4431,.T.);
#6191=ORIENTED_EDGE('',*,*,#4428,.T.);
#6192=ORIENTED_EDGE('',*,*,#4425,.T.);
#6193=ORIENTED_EDGE('',*,*,#4422,.T.);
#6194=ORIENTED_EDGE('',*,*,#4419,.T.);
#6195=ORIENTED_EDGE('',*,*,#4416,.T.);
#6196=ORIENTED_EDGE('',*,*,#4413,.T.);
#6197=ORIENTED_EDGE('',*,*,#4410,.T.);
#6198=ORIENTED_EDGE('',*,*,#4407,.T.);
#6199=ORIENTED_EDGE('',*,*,#4404,.T.);
#6200=ORIENTED_EDGE('',*,*,#4401,.T.);
#6201=ORIENTED_EDGE('',*,*,#4398,.T.);
#6202=ORIENTED_EDGE('',*,*,#4323,.T.);
#6203=ORIENTED_EDGE('',*,*,#4327,.T.);
#6204=ORIENTED_EDGE('',*,*,#4330,.T.);
#6205=ORIENTED_EDGE('',*,*,#4333,.T.);
#6206=ORIENTED_EDGE('',*,*,#4336,.T.);
#6207=ORIENTED_EDGE('',*,*,#4339,.T.);
#6208=ORIENTED_EDGE('',*,*,#4342,.T.);
#6209=ORIENTED_EDGE('',*,*,#4345,.T.);
#6210=ORIENTED_EDGE('',*,*,#4348,.T.);
#6211=ORIENTED_EDGE('',*,*,#4420,.T.);
#6212=ORIENTED_EDGE('',*,*,#4424,.T.);
#6213=ORIENTED_EDGE('',*,*,#4427,.T.);
#6214=ORIENTED_EDGE('',*,*,#4430,.T.);
#6215=ORIENTED_EDGE('',*,*,#4433,.T.);
#6216=ORIENTED_EDGE('',*,*,#4436,.T.);
#6217=ORIENTED_EDGE('',*,*,#4439,.T.);
#6218=ORIENTED_EDGE('',*,*,#4442,.T.);
#6219=ORIENTED_EDGE('',*,*,#4164,.F.);
#6220=ORIENTED_EDGE('',*,*,#4476,.T.);
#6221=ORIENTED_EDGE('',*,*,#4477,.F.);
#6222=ORIENTED_EDGE('',*,*,#4478,.F.);
#6223=ORIENTED_EDGE('',*,*,#4165,.F.);
#6224=ORIENTED_EDGE('',*,*,#4478,.T.);
#6225=ORIENTED_EDGE('',*,*,#4479,.F.);
#6226=ORIENTED_EDGE('',*,*,#4480,.F.);
#6227=ORIENTED_EDGE('',*,*,#4166,.F.);
#6228=ORIENTED_EDGE('',*,*,#4480,.T.);
#6229=ORIENTED_EDGE('',*,*,#4481,.F.);
#6230=ORIENTED_EDGE('',*,*,#4482,.F.);
#6231=ORIENTED_EDGE('',*,*,#4167,.F.);
#6232=ORIENTED_EDGE('',*,*,#4482,.T.);
#6233=ORIENTED_EDGE('',*,*,#4483,.F.);
#6234=ORIENTED_EDGE('',*,*,#4484,.F.);
#6235=ORIENTED_EDGE('',*,*,#4168,.F.);
#6236=ORIENTED_EDGE('',*,*,#4484,.T.);
#6237=ORIENTED_EDGE('',*,*,#4485,.F.);
#6238=ORIENTED_EDGE('',*,*,#4486,.F.);
#6239=ORIENTED_EDGE('',*,*,#4169,.F.);
#6240=ORIENTED_EDGE('',*,*,#4486,.T.);
#6241=ORIENTED_EDGE('',*,*,#4487,.F.);
#6242=ORIENTED_EDGE('',*,*,#4488,.F.);
#6243=ORIENTED_EDGE('',*,*,#4170,.F.);
#6244=ORIENTED_EDGE('',*,*,#4488,.T.);
#6245=ORIENTED_EDGE('',*,*,#4489,.F.);
#6246=ORIENTED_EDGE('',*,*,#4490,.F.);
#6247=ORIENTED_EDGE('',*,*,#4171,.F.);
#6248=ORIENTED_EDGE('',*,*,#4490,.T.);
#6249=ORIENTED_EDGE('',*,*,#4491,.F.);
#6250=ORIENTED_EDGE('',*,*,#4492,.F.);
#6251=ORIENTED_EDGE('',*,*,#4172,.F.);
#6252=ORIENTED_EDGE('',*,*,#4492,.T.);
#6253=ORIENTED_EDGE('',*,*,#4493,.F.);
#6254=ORIENTED_EDGE('',*,*,#4494,.F.);
#6255=ORIENTED_EDGE('',*,*,#4173,.F.);
#6256=ORIENTED_EDGE('',*,*,#4494,.T.);
#6257=ORIENTED_EDGE('',*,*,#4495,.F.);
#6258=ORIENTED_EDGE('',*,*,#4496,.F.);
#6259=ORIENTED_EDGE('',*,*,#4174,.F.);
#6260=ORIENTED_EDGE('',*,*,#4496,.T.);
#6261=ORIENTED_EDGE('',*,*,#4497,.F.);
#6262=ORIENTED_EDGE('',*,*,#4498,.F.);
#6263=ORIENTED_EDGE('',*,*,#4175,.F.);
#6264=ORIENTED_EDGE('',*,*,#4498,.T.);
#6265=ORIENTED_EDGE('',*,*,#4499,.F.);
#6266=ORIENTED_EDGE('',*,*,#4500,.F.);
#6267=ORIENTED_EDGE('',*,*,#4176,.F.);
#6268=ORIENTED_EDGE('',*,*,#4500,.T.);
#6269=ORIENTED_EDGE('',*,*,#4501,.F.);
#6270=ORIENTED_EDGE('',*,*,#4502,.F.);
#6271=ORIENTED_EDGE('',*,*,#4177,.F.);
#6272=ORIENTED_EDGE('',*,*,#4502,.T.);
#6273=ORIENTED_EDGE('',*,*,#4503,.F.);
#6274=ORIENTED_EDGE('',*,*,#4504,.F.);
#6275=ORIENTED_EDGE('',*,*,#4178,.F.);
#6276=ORIENTED_EDGE('',*,*,#4504,.T.);
#6277=ORIENTED_EDGE('',*,*,#4505,.F.);
#6278=ORIENTED_EDGE('',*,*,#4506,.F.);
#6279=ORIENTED_EDGE('',*,*,#4179,.F.);
#6280=ORIENTED_EDGE('',*,*,#4506,.T.);
#6281=ORIENTED_EDGE('',*,*,#4507,.F.);
#6282=ORIENTED_EDGE('',*,*,#4508,.F.);
#6283=ORIENTED_EDGE('',*,*,#4180,.F.);
#6284=ORIENTED_EDGE('',*,*,#4508,.T.);
#6285=ORIENTED_EDGE('',*,*,#4509,.F.);
#6286=ORIENTED_EDGE('',*,*,#4510,.F.);
#6287=ORIENTED_EDGE('',*,*,#4181,.F.);
#6288=ORIENTED_EDGE('',*,*,#4510,.T.);
#6289=ORIENTED_EDGE('',*,*,#4511,.F.);
#6290=ORIENTED_EDGE('',*,*,#4512,.F.);
#6291=ORIENTED_EDGE('',*,*,#4182,.F.);
#6292=ORIENTED_EDGE('',*,*,#4512,.T.);
#6293=ORIENTED_EDGE('',*,*,#4513,.F.);
#6294=ORIENTED_EDGE('',*,*,#4514,.F.);
#6295=ORIENTED_EDGE('',*,*,#4183,.F.);
#6296=ORIENTED_EDGE('',*,*,#4514,.T.);
#6297=ORIENTED_EDGE('',*,*,#4515,.F.);
#6298=ORIENTED_EDGE('',*,*,#4516,.F.);
#6299=ORIENTED_EDGE('',*,*,#4184,.F.);
#6300=ORIENTED_EDGE('',*,*,#4516,.T.);
#6301=ORIENTED_EDGE('',*,*,#4517,.F.);
#6302=ORIENTED_EDGE('',*,*,#4518,.F.);
#6303=ORIENTED_EDGE('',*,*,#4185,.F.);
#6304=ORIENTED_EDGE('',*,*,#4518,.T.);
#6305=ORIENTED_EDGE('',*,*,#4519,.F.);
#6306=ORIENTED_EDGE('',*,*,#4520,.F.);
#6307=ORIENTED_EDGE('',*,*,#4186,.F.);
#6308=ORIENTED_EDGE('',*,*,#4520,.T.);
#6309=ORIENTED_EDGE('',*,*,#4521,.F.);
#6310=ORIENTED_EDGE('',*,*,#4522,.F.);
#6311=ORIENTED_EDGE('',*,*,#4187,.F.);
#6312=ORIENTED_EDGE('',*,*,#4522,.T.);
#6313=ORIENTED_EDGE('',*,*,#4523,.F.);
#6314=ORIENTED_EDGE('',*,*,#4524,.F.);
#6315=ORIENTED_EDGE('',*,*,#4188,.F.);
#6316=ORIENTED_EDGE('',*,*,#4524,.T.);
#6317=ORIENTED_EDGE('',*,*,#4525,.F.);
#6318=ORIENTED_EDGE('',*,*,#4526,.F.);
#6319=ORIENTED_EDGE('',*,*,#4189,.F.);
#6320=ORIENTED_EDGE('',*,*,#4526,.T.);
#6321=ORIENTED_EDGE('',*,*,#4527,.F.);
#6322=ORIENTED_EDGE('',*,*,#4528,.F.);
#6323=ORIENTED_EDGE('',*,*,#4190,.F.);
#6324=ORIENTED_EDGE('',*,*,#4528,.T.);
#6325=ORIENTED_EDGE('',*,*,#4529,.F.);
#6326=ORIENTED_EDGE('',*,*,#4530,.F.);
#6327=ORIENTED_EDGE('',*,*,#4191,.F.);
#6328=ORIENTED_EDGE('',*,*,#4530,.T.);
#6329=ORIENTED_EDGE('',*,*,#4531,.F.);
#6330=ORIENTED_EDGE('',*,*,#4532,.F.);
#6331=ORIENTED_EDGE('',*,*,#4192,.F.);
#6332=ORIENTED_EDGE('',*,*,#4532,.T.);
#6333=ORIENTED_EDGE('',*,*,#4533,.F.);
#6334=ORIENTED_EDGE('',*,*,#4534,.F.);
#6335=ORIENTED_EDGE('',*,*,#4193,.F.);
#6336=ORIENTED_EDGE('',*,*,#4534,.T.);
#6337=ORIENTED_EDGE('',*,*,#4535,.F.);
#6338=ORIENTED_EDGE('',*,*,#4536,.F.);
#6339=ORIENTED_EDGE('',*,*,#4194,.F.);
#6340=ORIENTED_EDGE('',*,*,#4536,.T.);
#6341=ORIENTED_EDGE('',*,*,#4537,.F.);
#6342=ORIENTED_EDGE('',*,*,#4538,.F.);
#6343=ORIENTED_EDGE('',*,*,#4195,.F.);
#6344=ORIENTED_EDGE('',*,*,#4538,.T.);
#6345=ORIENTED_EDGE('',*,*,#4539,.F.);
#6346=ORIENTED_EDGE('',*,*,#4540,.F.);
#6347=ORIENTED_EDGE('',*,*,#4196,.F.);
#6348=ORIENTED_EDGE('',*,*,#4540,.T.);
#6349=ORIENTED_EDGE('',*,*,#4541,.F.);
#6350=ORIENTED_EDGE('',*,*,#4542,.F.);
#6351=ORIENTED_EDGE('',*,*,#4197,.F.);
#6352=ORIENTED_EDGE('',*,*,#4542,.T.);
#6353=ORIENTED_EDGE('',*,*,#4543,.F.);
#6354=ORIENTED_EDGE('',*,*,#4544,.F.);
#6355=ORIENTED_EDGE('',*,*,#4198,.F.);
#6356=ORIENTED_EDGE('',*,*,#4544,.T.);
#6357=ORIENTED_EDGE('',*,*,#4545,.F.);
#6358=ORIENTED_EDGE('',*,*,#4546,.F.);
#6359=ORIENTED_EDGE('',*,*,#4199,.F.);
#6360=ORIENTED_EDGE('',*,*,#4546,.T.);
#6361=ORIENTED_EDGE('',*,*,#4547,.F.);
#6362=ORIENTED_EDGE('',*,*,#4548,.F.);
#6363=ORIENTED_EDGE('',*,*,#4200,.F.);
#6364=ORIENTED_EDGE('',*,*,#4548,.T.);
#6365=ORIENTED_EDGE('',*,*,#4549,.F.);
#6366=ORIENTED_EDGE('',*,*,#4550,.F.);
#6367=ORIENTED_EDGE('',*,*,#4201,.F.);
#6368=ORIENTED_EDGE('',*,*,#4550,.T.);
#6369=ORIENTED_EDGE('',*,*,#4551,.F.);
#6370=ORIENTED_EDGE('',*,*,#4552,.F.);
#6371=ORIENTED_EDGE('',*,*,#4202,.F.);
#6372=ORIENTED_EDGE('',*,*,#4552,.T.);
#6373=ORIENTED_EDGE('',*,*,#4553,.F.);
#6374=ORIENTED_EDGE('',*,*,#4554,.F.);
#6375=ORIENTED_EDGE('',*,*,#4203,.F.);
#6376=ORIENTED_EDGE('',*,*,#4554,.T.);
#6377=ORIENTED_EDGE('',*,*,#4555,.F.);
#6378=ORIENTED_EDGE('',*,*,#4556,.F.);
#6379=ORIENTED_EDGE('',*,*,#4204,.F.);
#6380=ORIENTED_EDGE('',*,*,#4556,.T.);
#6381=ORIENTED_EDGE('',*,*,#4557,.F.);
#6382=ORIENTED_EDGE('',*,*,#4558,.F.);
#6383=ORIENTED_EDGE('',*,*,#4205,.F.);
#6384=ORIENTED_EDGE('',*,*,#4558,.T.);
#6385=ORIENTED_EDGE('',*,*,#4559,.F.);
#6386=ORIENTED_EDGE('',*,*,#4560,.F.);
#6387=ORIENTED_EDGE('',*,*,#4206,.F.);
#6388=ORIENTED_EDGE('',*,*,#4560,.T.);
#6389=ORIENTED_EDGE('',*,*,#4561,.F.);
#6390=ORIENTED_EDGE('',*,*,#4562,.F.);
#6391=ORIENTED_EDGE('',*,*,#4207,.F.);
#6392=ORIENTED_EDGE('',*,*,#4562,.T.);
#6393=ORIENTED_EDGE('',*,*,#4563,.F.);
#6394=ORIENTED_EDGE('',*,*,#4564,.F.);
#6395=ORIENTED_EDGE('',*,*,#4208,.F.);
#6396=ORIENTED_EDGE('',*,*,#4564,.T.);
#6397=ORIENTED_EDGE('',*,*,#4565,.F.);
#6398=ORIENTED_EDGE('',*,*,#4566,.F.);
#6399=ORIENTED_EDGE('',*,*,#4209,.F.);
#6400=ORIENTED_EDGE('',*,*,#4566,.T.);
#6401=ORIENTED_EDGE('',*,*,#4567,.F.);
#6402=ORIENTED_EDGE('',*,*,#4476,.F.);
#6403=ORIENTED_EDGE('',*,*,#4567,.T.);
#6404=ORIENTED_EDGE('',*,*,#4565,.T.);
#6405=ORIENTED_EDGE('',*,*,#4563,.T.);
#6406=ORIENTED_EDGE('',*,*,#4561,.T.);
#6407=ORIENTED_EDGE('',*,*,#4559,.T.);
#6408=ORIENTED_EDGE('',*,*,#4557,.T.);
#6409=ORIENTED_EDGE('',*,*,#4555,.T.);
#6410=ORIENTED_EDGE('',*,*,#4553,.T.);
#6411=ORIENTED_EDGE('',*,*,#4551,.T.);
#6412=ORIENTED_EDGE('',*,*,#4549,.T.);
#6413=ORIENTED_EDGE('',*,*,#4547,.T.);
#6414=ORIENTED_EDGE('',*,*,#4545,.T.);
#6415=ORIENTED_EDGE('',*,*,#4543,.T.);
#6416=ORIENTED_EDGE('',*,*,#4541,.T.);
#6417=ORIENTED_EDGE('',*,*,#4539,.T.);
#6418=ORIENTED_EDGE('',*,*,#4537,.T.);
#6419=ORIENTED_EDGE('',*,*,#4535,.T.);
#6420=ORIENTED_EDGE('',*,*,#4533,.T.);
#6421=ORIENTED_EDGE('',*,*,#4531,.T.);
#6422=ORIENTED_EDGE('',*,*,#4529,.T.);
#6423=ORIENTED_EDGE('',*,*,#4527,.T.);
#6424=ORIENTED_EDGE('',*,*,#4525,.T.);
#6425=ORIENTED_EDGE('',*,*,#4523,.T.);
#6426=ORIENTED_EDGE('',*,*,#4521,.T.);
#6427=ORIENTED_EDGE('',*,*,#4519,.T.);
#6428=ORIENTED_EDGE('',*,*,#4517,.T.);
#6429=ORIENTED_EDGE('',*,*,#4515,.T.);
#6430=ORIENTED_EDGE('',*,*,#4513,.T.);
#6431=ORIENTED_EDGE('',*,*,#4511,.T.);
#6432=ORIENTED_EDGE('',*,*,#4509,.T.);
#6433=ORIENTED_EDGE('',*,*,#4507,.T.);
#6434=ORIENTED_EDGE('',*,*,#4505,.T.);
#6435=ORIENTED_EDGE('',*,*,#4503,.T.);
#6436=ORIENTED_EDGE('',*,*,#4501,.T.);
#6437=ORIENTED_EDGE('',*,*,#4499,.T.);
#6438=ORIENTED_EDGE('',*,*,#4497,.T.);
#6439=ORIENTED_EDGE('',*,*,#4495,.T.);
#6440=ORIENTED_EDGE('',*,*,#4493,.T.);
#6441=ORIENTED_EDGE('',*,*,#4491,.T.);
#6442=ORIENTED_EDGE('',*,*,#4489,.T.);
#6443=ORIENTED_EDGE('',*,*,#4487,.T.);
#6444=ORIENTED_EDGE('',*,*,#4485,.T.);
#6445=ORIENTED_EDGE('',*,*,#4483,.T.);
#6446=ORIENTED_EDGE('',*,*,#4481,.T.);
#6447=ORIENTED_EDGE('',*,*,#4479,.T.);
#6448=ORIENTED_EDGE('',*,*,#4477,.T.);
#6449=ORIENTED_EDGE('',*,*,#4568,.F.);
#6450=ORIENTED_EDGE('',*,*,#4569,.T.);
#6451=ORIENTED_EDGE('',*,*,#4570,.F.);
#6452=ORIENTED_EDGE('',*,*,#4571,.F.);
#6453=ORIENTED_EDGE('',*,*,#4572,.F.);
#6454=ORIENTED_EDGE('',*,*,#4571,.T.);
#6455=ORIENTED_EDGE('',*,*,#4573,.F.);
#6456=ORIENTED_EDGE('',*,*,#4574,.F.);
#6457=ORIENTED_EDGE('',*,*,#4575,.F.);
#6458=ORIENTED_EDGE('',*,*,#4574,.T.);
#6459=ORIENTED_EDGE('',*,*,#4576,.F.);
#6460=ORIENTED_EDGE('',*,*,#4577,.F.);
#6461=ORIENTED_EDGE('',*,*,#4578,.F.);
#6462=ORIENTED_EDGE('',*,*,#4577,.T.);
#6463=ORIENTED_EDGE('',*,*,#4579,.F.);
#6464=ORIENTED_EDGE('',*,*,#4580,.F.);
#6465=ORIENTED_EDGE('',*,*,#4581,.F.);
#6466=ORIENTED_EDGE('',*,*,#4580,.T.);
#6467=ORIENTED_EDGE('',*,*,#4582,.F.);
#6468=ORIENTED_EDGE('',*,*,#4583,.F.);
#6469=ORIENTED_EDGE('',*,*,#4584,.F.);
#6470=ORIENTED_EDGE('',*,*,#4583,.T.);
#6471=ORIENTED_EDGE('',*,*,#4585,.F.);
#6472=ORIENTED_EDGE('',*,*,#4586,.F.);
#6473=ORIENTED_EDGE('',*,*,#4587,.F.);
#6474=ORIENTED_EDGE('',*,*,#4586,.T.);
#6475=ORIENTED_EDGE('',*,*,#4588,.F.);
#6476=ORIENTED_EDGE('',*,*,#4589,.F.);
#6477=ORIENTED_EDGE('',*,*,#4590,.F.);
#6478=ORIENTED_EDGE('',*,*,#4589,.T.);
#6479=ORIENTED_EDGE('',*,*,#4591,.F.);
#6480=ORIENTED_EDGE('',*,*,#4592,.F.);
#6481=ORIENTED_EDGE('',*,*,#4593,.F.);
#6482=ORIENTED_EDGE('',*,*,#4592,.T.);
#6483=ORIENTED_EDGE('',*,*,#4594,.F.);
#6484=ORIENTED_EDGE('',*,*,#4595,.F.);
#6485=ORIENTED_EDGE('',*,*,#4596,.F.);
#6486=ORIENTED_EDGE('',*,*,#4595,.T.);
#6487=ORIENTED_EDGE('',*,*,#4597,.F.);
#6488=ORIENTED_EDGE('',*,*,#4598,.F.);
#6489=ORIENTED_EDGE('',*,*,#4599,.F.);
#6490=ORIENTED_EDGE('',*,*,#4598,.T.);
#6491=ORIENTED_EDGE('',*,*,#4600,.F.);
#6492=ORIENTED_EDGE('',*,*,#4569,.F.);
#6493=ORIENTED_EDGE('',*,*,#4142,.F.);
#6494=ORIENTED_EDGE('',*,*,#4601,.T.);
#6495=ORIENTED_EDGE('',*,*,#4602,.F.);
#6496=ORIENTED_EDGE('',*,*,#4603,.F.);
#6497=ORIENTED_EDGE('',*,*,#4143,.F.);
#6498=ORIENTED_EDGE('',*,*,#4603,.T.);
#6499=ORIENTED_EDGE('',*,*,#4604,.F.);
#6500=ORIENTED_EDGE('',*,*,#4605,.F.);
#6501=ORIENTED_EDGE('',*,*,#4144,.F.);
#6502=ORIENTED_EDGE('',*,*,#4605,.T.);
#6503=ORIENTED_EDGE('',*,*,#4606,.F.);
#6504=ORIENTED_EDGE('',*,*,#4607,.F.);
#6505=ORIENTED_EDGE('',*,*,#4145,.F.);
#6506=ORIENTED_EDGE('',*,*,#4607,.T.);
#6507=ORIENTED_EDGE('',*,*,#4608,.F.);
#6508=ORIENTED_EDGE('',*,*,#4609,.F.);
#6509=ORIENTED_EDGE('',*,*,#4146,.F.);
#6510=ORIENTED_EDGE('',*,*,#4609,.T.);
#6511=ORIENTED_EDGE('',*,*,#4610,.F.);
#6512=ORIENTED_EDGE('',*,*,#4611,.F.);
#6513=ORIENTED_EDGE('',*,*,#4147,.F.);
#6514=ORIENTED_EDGE('',*,*,#4611,.T.);
#6515=ORIENTED_EDGE('',*,*,#4612,.F.);
#6516=ORIENTED_EDGE('',*,*,#4613,.F.);
#6517=ORIENTED_EDGE('',*,*,#4148,.F.);
#6518=ORIENTED_EDGE('',*,*,#4613,.T.);
#6519=ORIENTED_EDGE('',*,*,#4614,.F.);
#6520=ORIENTED_EDGE('',*,*,#4615,.F.);
#6521=ORIENTED_EDGE('',*,*,#4149,.F.);
#6522=ORIENTED_EDGE('',*,*,#4615,.T.);
#6523=ORIENTED_EDGE('',*,*,#4616,.F.);
#6524=ORIENTED_EDGE('',*,*,#4617,.F.);
#6525=ORIENTED_EDGE('',*,*,#4150,.F.);
#6526=ORIENTED_EDGE('',*,*,#4617,.T.);
#6527=ORIENTED_EDGE('',*,*,#4618,.F.);
#6528=ORIENTED_EDGE('',*,*,#4619,.F.);
#6529=ORIENTED_EDGE('',*,*,#4151,.F.);
#6530=ORIENTED_EDGE('',*,*,#4619,.T.);
#6531=ORIENTED_EDGE('',*,*,#4620,.F.);
#6532=ORIENTED_EDGE('',*,*,#4621,.F.);
#6533=ORIENTED_EDGE('',*,*,#4152,.F.);
#6534=ORIENTED_EDGE('',*,*,#4621,.T.);
#6535=ORIENTED_EDGE('',*,*,#4622,.F.);
#6536=ORIENTED_EDGE('',*,*,#4623,.F.);
#6537=ORIENTED_EDGE('',*,*,#4153,.F.);
#6538=ORIENTED_EDGE('',*,*,#4623,.T.);
#6539=ORIENTED_EDGE('',*,*,#4624,.F.);
#6540=ORIENTED_EDGE('',*,*,#4625,.F.);
#6541=ORIENTED_EDGE('',*,*,#4154,.F.);
#6542=ORIENTED_EDGE('',*,*,#4625,.T.);
#6543=ORIENTED_EDGE('',*,*,#4626,.F.);
#6544=ORIENTED_EDGE('',*,*,#4627,.F.);
#6545=ORIENTED_EDGE('',*,*,#4155,.F.);
#6546=ORIENTED_EDGE('',*,*,#4627,.T.);
#6547=ORIENTED_EDGE('',*,*,#4628,.F.);
#6548=ORIENTED_EDGE('',*,*,#4629,.F.);
#6549=ORIENTED_EDGE('',*,*,#4156,.F.);
#6550=ORIENTED_EDGE('',*,*,#4629,.T.);
#6551=ORIENTED_EDGE('',*,*,#4630,.F.);
#6552=ORIENTED_EDGE('',*,*,#4631,.F.);
#6553=ORIENTED_EDGE('',*,*,#4157,.F.);
#6554=ORIENTED_EDGE('',*,*,#4631,.T.);
#6555=ORIENTED_EDGE('',*,*,#4632,.F.);
#6556=ORIENTED_EDGE('',*,*,#4633,.F.);
#6557=ORIENTED_EDGE('',*,*,#4158,.F.);
#6558=ORIENTED_EDGE('',*,*,#4633,.T.);
#6559=ORIENTED_EDGE('',*,*,#4634,.F.);
#6560=ORIENTED_EDGE('',*,*,#4635,.F.);
#6561=ORIENTED_EDGE('',*,*,#4159,.F.);
#6562=ORIENTED_EDGE('',*,*,#4635,.T.);
#6563=ORIENTED_EDGE('',*,*,#4636,.F.);
#6564=ORIENTED_EDGE('',*,*,#4637,.F.);
#6565=ORIENTED_EDGE('',*,*,#4160,.F.);
#6566=ORIENTED_EDGE('',*,*,#4637,.T.);
#6567=ORIENTED_EDGE('',*,*,#4638,.F.);
#6568=ORIENTED_EDGE('',*,*,#4639,.F.);
#6569=ORIENTED_EDGE('',*,*,#4161,.F.);
#6570=ORIENTED_EDGE('',*,*,#4639,.T.);
#6571=ORIENTED_EDGE('',*,*,#4640,.F.);
#6572=ORIENTED_EDGE('',*,*,#4641,.F.);
#6573=ORIENTED_EDGE('',*,*,#4162,.F.);
#6574=ORIENTED_EDGE('',*,*,#4641,.T.);
#6575=ORIENTED_EDGE('',*,*,#4642,.F.);
#6576=ORIENTED_EDGE('',*,*,#4601,.F.);
#6577=ORIENTED_EDGE('',*,*,#4642,.T.);
#6578=ORIENTED_EDGE('',*,*,#4640,.T.);
#6579=ORIENTED_EDGE('',*,*,#4638,.T.);
#6580=ORIENTED_EDGE('',*,*,#4636,.T.);
#6581=ORIENTED_EDGE('',*,*,#4634,.T.);
#6582=ORIENTED_EDGE('',*,*,#4632,.T.);
#6583=ORIENTED_EDGE('',*,*,#4630,.T.);
#6584=ORIENTED_EDGE('',*,*,#4628,.T.);
#6585=ORIENTED_EDGE('',*,*,#4626,.T.);
#6586=ORIENTED_EDGE('',*,*,#4624,.T.);
#6587=ORIENTED_EDGE('',*,*,#4622,.T.);
#6588=ORIENTED_EDGE('',*,*,#4620,.T.);
#6589=ORIENTED_EDGE('',*,*,#4618,.T.);
#6590=ORIENTED_EDGE('',*,*,#4616,.T.);
#6591=ORIENTED_EDGE('',*,*,#4614,.T.);
#6592=ORIENTED_EDGE('',*,*,#4612,.T.);
#6593=ORIENTED_EDGE('',*,*,#4610,.T.);
#6594=ORIENTED_EDGE('',*,*,#4608,.T.);
#6595=ORIENTED_EDGE('',*,*,#4606,.T.);
#6596=ORIENTED_EDGE('',*,*,#4604,.T.);
#6597=ORIENTED_EDGE('',*,*,#4602,.T.);
#6598=ORIENTED_EDGE('',*,*,#4600,.T.);
#6599=ORIENTED_EDGE('',*,*,#4597,.T.);
#6600=ORIENTED_EDGE('',*,*,#4594,.T.);
#6601=ORIENTED_EDGE('',*,*,#4591,.T.);
#6602=ORIENTED_EDGE('',*,*,#4588,.T.);
#6603=ORIENTED_EDGE('',*,*,#4585,.T.);
#6604=ORIENTED_EDGE('',*,*,#4582,.T.);
#6605=ORIENTED_EDGE('',*,*,#4579,.T.);
#6606=ORIENTED_EDGE('',*,*,#4576,.T.);
#6607=ORIENTED_EDGE('',*,*,#4573,.T.);
#6608=ORIENTED_EDGE('',*,*,#4570,.T.);
#6609=ORIENTED_EDGE('',*,*,#4396,.T.);
#6610=ORIENTED_EDGE('',*,*,#4400,.T.);
#6611=ORIENTED_EDGE('',*,*,#4403,.T.);
#6612=ORIENTED_EDGE('',*,*,#4406,.T.);
#6613=ORIENTED_EDGE('',*,*,#4409,.T.);
#6614=ORIENTED_EDGE('',*,*,#4412,.T.);
#6615=ORIENTED_EDGE('',*,*,#4415,.T.);
#6616=ORIENTED_EDGE('',*,*,#4418,.T.);
#6617=ORIENTED_EDGE('',*,*,#4643,.F.);
#6618=ORIENTED_EDGE('',*,*,#4644,.T.);
#6619=ORIENTED_EDGE('',*,*,#4645,.F.);
#6620=ORIENTED_EDGE('',*,*,#4646,.F.);
#6621=ORIENTED_EDGE('',*,*,#4647,.F.);
#6622=ORIENTED_EDGE('',*,*,#4646,.T.);
#6623=ORIENTED_EDGE('',*,*,#4648,.F.);
#6624=ORIENTED_EDGE('',*,*,#4649,.F.);
#6625=ORIENTED_EDGE('',*,*,#4650,.F.);
#6626=ORIENTED_EDGE('',*,*,#4649,.T.);
#6627=ORIENTED_EDGE('',*,*,#4651,.F.);
#6628=ORIENTED_EDGE('',*,*,#4652,.F.);
#6629=ORIENTED_EDGE('',*,*,#4653,.F.);
#6630=ORIENTED_EDGE('',*,*,#4652,.T.);
#6631=ORIENTED_EDGE('',*,*,#4654,.F.);
#6632=ORIENTED_EDGE('',*,*,#4655,.F.);
#6633=ORIENTED_EDGE('',*,*,#4656,.F.);
#6634=ORIENTED_EDGE('',*,*,#4655,.T.);
#6635=ORIENTED_EDGE('',*,*,#4657,.F.);
#6636=ORIENTED_EDGE('',*,*,#4658,.F.);
#6637=ORIENTED_EDGE('',*,*,#4659,.F.);
#6638=ORIENTED_EDGE('',*,*,#4658,.T.);
#6639=ORIENTED_EDGE('',*,*,#4660,.F.);
#6640=ORIENTED_EDGE('',*,*,#4661,.F.);
#6641=ORIENTED_EDGE('',*,*,#4662,.F.);
#6642=ORIENTED_EDGE('',*,*,#4661,.T.);
#6643=ORIENTED_EDGE('',*,*,#4663,.F.);
#6644=ORIENTED_EDGE('',*,*,#4664,.F.);
#6645=ORIENTED_EDGE('',*,*,#4665,.F.);
#6646=ORIENTED_EDGE('',*,*,#4664,.T.);
#6647=ORIENTED_EDGE('',*,*,#4666,.F.);
#6648=ORIENTED_EDGE('',*,*,#4667,.F.);
#6649=ORIENTED_EDGE('',*,*,#4668,.F.);
#6650=ORIENTED_EDGE('',*,*,#4667,.T.);
#6651=ORIENTED_EDGE('',*,*,#4669,.F.);
#6652=ORIENTED_EDGE('',*,*,#4670,.F.);
#6653=ORIENTED_EDGE('',*,*,#4671,.F.);
#6654=ORIENTED_EDGE('',*,*,#4670,.T.);
#6655=ORIENTED_EDGE('',*,*,#4672,.F.);
#6656=ORIENTED_EDGE('',*,*,#4644,.F.);
#6657=ORIENTED_EDGE('',*,*,#4672,.T.);
#6658=ORIENTED_EDGE('',*,*,#4669,.T.);
#6659=ORIENTED_EDGE('',*,*,#4666,.T.);
#6660=ORIENTED_EDGE('',*,*,#4663,.T.);
#6661=ORIENTED_EDGE('',*,*,#4660,.T.);
#6662=ORIENTED_EDGE('',*,*,#4657,.T.);
#6663=ORIENTED_EDGE('',*,*,#4654,.T.);
#6664=ORIENTED_EDGE('',*,*,#4651,.T.);
#6665=ORIENTED_EDGE('',*,*,#4648,.T.);
#6666=ORIENTED_EDGE('',*,*,#4645,.T.);
#6667=ORIENTED_EDGE('',*,*,#4673,.F.);
#6668=ORIENTED_EDGE('',*,*,#4674,.T.);
#6669=ORIENTED_EDGE('',*,*,#4675,.F.);
#6670=ORIENTED_EDGE('',*,*,#4676,.F.);
#6671=ORIENTED_EDGE('',*,*,#4677,.F.);
#6672=ORIENTED_EDGE('',*,*,#4676,.T.);
#6673=ORIENTED_EDGE('',*,*,#4678,.F.);
#6674=ORIENTED_EDGE('',*,*,#4679,.F.);
#6675=ORIENTED_EDGE('',*,*,#4680,.F.);
#6676=ORIENTED_EDGE('',*,*,#4679,.T.);
#6677=ORIENTED_EDGE('',*,*,#4681,.F.);
#6678=ORIENTED_EDGE('',*,*,#4682,.F.);
#6679=ORIENTED_EDGE('',*,*,#4683,.F.);
#6680=ORIENTED_EDGE('',*,*,#4682,.T.);
#6681=ORIENTED_EDGE('',*,*,#4684,.F.);
#6682=ORIENTED_EDGE('',*,*,#4685,.F.);
#6683=ORIENTED_EDGE('',*,*,#4686,.F.);
#6684=ORIENTED_EDGE('',*,*,#4685,.T.);
#6685=ORIENTED_EDGE('',*,*,#4687,.F.);
#6686=ORIENTED_EDGE('',*,*,#4688,.F.);
#6687=ORIENTED_EDGE('',*,*,#4689,.F.);
#6688=ORIENTED_EDGE('',*,*,#4688,.T.);
#6689=ORIENTED_EDGE('',*,*,#4690,.F.);
#6690=ORIENTED_EDGE('',*,*,#4691,.F.);
#6691=ORIENTED_EDGE('',*,*,#4692,.F.);
#6692=ORIENTED_EDGE('',*,*,#4691,.T.);
#6693=ORIENTED_EDGE('',*,*,#4693,.F.);
#6694=ORIENTED_EDGE('',*,*,#4694,.F.);
#6695=ORIENTED_EDGE('',*,*,#4695,.F.);
#6696=ORIENTED_EDGE('',*,*,#4694,.T.);
#6697=ORIENTED_EDGE('',*,*,#4696,.F.);
#6698=ORIENTED_EDGE('',*,*,#4697,.F.);
#6699=ORIENTED_EDGE('',*,*,#4698,.F.);
#6700=ORIENTED_EDGE('',*,*,#4697,.T.);
#6701=ORIENTED_EDGE('',*,*,#4699,.F.);
#6702=ORIENTED_EDGE('',*,*,#4700,.F.);
#6703=ORIENTED_EDGE('',*,*,#4701,.F.);
#6704=ORIENTED_EDGE('',*,*,#4700,.T.);
#6705=ORIENTED_EDGE('',*,*,#4702,.F.);
#6706=ORIENTED_EDGE('',*,*,#4674,.F.);
#6707=ORIENTED_EDGE('',*,*,#4703,.F.);
#6708=ORIENTED_EDGE('',*,*,#4704,.T.);
#6709=ORIENTED_EDGE('',*,*,#4705,.F.);
#6710=ORIENTED_EDGE('',*,*,#4706,.F.);
#6711=ORIENTED_EDGE('',*,*,#4707,.F.);
#6712=ORIENTED_EDGE('',*,*,#4706,.T.);
#6713=ORIENTED_EDGE('',*,*,#4708,.F.);
#6714=ORIENTED_EDGE('',*,*,#4709,.F.);
#6715=ORIENTED_EDGE('',*,*,#4710,.F.);
#6716=ORIENTED_EDGE('',*,*,#4709,.T.);
#6717=ORIENTED_EDGE('',*,*,#4711,.F.);
#6718=ORIENTED_EDGE('',*,*,#4712,.F.);
#6719=ORIENTED_EDGE('',*,*,#4713,.F.);
#6720=ORIENTED_EDGE('',*,*,#4712,.T.);
#6721=ORIENTED_EDGE('',*,*,#4714,.F.);
#6722=ORIENTED_EDGE('',*,*,#4715,.F.);
#6723=ORIENTED_EDGE('',*,*,#4716,.F.);
#6724=ORIENTED_EDGE('',*,*,#4715,.T.);
#6725=ORIENTED_EDGE('',*,*,#4717,.F.);
#6726=ORIENTED_EDGE('',*,*,#4718,.F.);
#6727=ORIENTED_EDGE('',*,*,#4719,.F.);
#6728=ORIENTED_EDGE('',*,*,#4718,.T.);
#6729=ORIENTED_EDGE('',*,*,#4720,.F.);
#6730=ORIENTED_EDGE('',*,*,#4721,.F.);
#6731=ORIENTED_EDGE('',*,*,#4722,.F.);
#6732=ORIENTED_EDGE('',*,*,#4721,.T.);
#6733=ORIENTED_EDGE('',*,*,#4723,.F.);
#6734=ORIENTED_EDGE('',*,*,#4724,.F.);
#6735=ORIENTED_EDGE('',*,*,#4725,.F.);
#6736=ORIENTED_EDGE('',*,*,#4724,.T.);
#6737=ORIENTED_EDGE('',*,*,#4726,.F.);
#6738=ORIENTED_EDGE('',*,*,#4727,.F.);
#6739=ORIENTED_EDGE('',*,*,#4728,.F.);
#6740=ORIENTED_EDGE('',*,*,#4727,.T.);
#6741=ORIENTED_EDGE('',*,*,#4729,.F.);
#6742=ORIENTED_EDGE('',*,*,#4730,.F.);
#6743=ORIENTED_EDGE('',*,*,#4731,.F.);
#6744=ORIENTED_EDGE('',*,*,#4730,.T.);
#6745=ORIENTED_EDGE('',*,*,#4732,.F.);
#6746=ORIENTED_EDGE('',*,*,#4733,.F.);
#6747=ORIENTED_EDGE('',*,*,#4734,.F.);
#6748=ORIENTED_EDGE('',*,*,#4733,.T.);
#6749=ORIENTED_EDGE('',*,*,#4735,.F.);
#6750=ORIENTED_EDGE('',*,*,#4736,.F.);
#6751=ORIENTED_EDGE('',*,*,#4737,.F.);
#6752=ORIENTED_EDGE('',*,*,#4736,.T.);
#6753=ORIENTED_EDGE('',*,*,#4738,.F.);
#6754=ORIENTED_EDGE('',*,*,#4739,.F.);
#6755=ORIENTED_EDGE('',*,*,#4740,.F.);
#6756=ORIENTED_EDGE('',*,*,#4739,.T.);
#6757=ORIENTED_EDGE('',*,*,#4741,.F.);
#6758=ORIENTED_EDGE('',*,*,#4742,.F.);
#6759=ORIENTED_EDGE('',*,*,#4743,.F.);
#6760=ORIENTED_EDGE('',*,*,#4742,.T.);
#6761=ORIENTED_EDGE('',*,*,#4744,.F.);
#6762=ORIENTED_EDGE('',*,*,#4745,.F.);
#6763=ORIENTED_EDGE('',*,*,#4746,.F.);
#6764=ORIENTED_EDGE('',*,*,#4745,.T.);
#6765=ORIENTED_EDGE('',*,*,#4747,.F.);
#6766=ORIENTED_EDGE('',*,*,#4748,.F.);
#6767=ORIENTED_EDGE('',*,*,#4749,.F.);
#6768=ORIENTED_EDGE('',*,*,#4748,.T.);
#6769=ORIENTED_EDGE('',*,*,#4750,.F.);
#6770=ORIENTED_EDGE('',*,*,#4751,.F.);
#6771=ORIENTED_EDGE('',*,*,#4752,.F.);
#6772=ORIENTED_EDGE('',*,*,#4751,.T.);
#6773=ORIENTED_EDGE('',*,*,#4753,.F.);
#6774=ORIENTED_EDGE('',*,*,#4754,.F.);
#6775=ORIENTED_EDGE('',*,*,#4755,.F.);
#6776=ORIENTED_EDGE('',*,*,#4754,.T.);
#6777=ORIENTED_EDGE('',*,*,#4756,.F.);
#6778=ORIENTED_EDGE('',*,*,#4704,.F.);
#6779=ORIENTED_EDGE('',*,*,#4757,.F.);
#6780=ORIENTED_EDGE('',*,*,#4758,.T.);
#6781=ORIENTED_EDGE('',*,*,#4163,.F.);
#6782=ORIENTED_EDGE('',*,*,#4758,.F.);
#6783=ORIENTED_EDGE('',*,*,#4757,.T.);
#6784=ORIENTED_EDGE('',*,*,#4756,.T.);
#6785=ORIENTED_EDGE('',*,*,#4753,.T.);
#6786=ORIENTED_EDGE('',*,*,#4750,.T.);
#6787=ORIENTED_EDGE('',*,*,#4747,.T.);
#6788=ORIENTED_EDGE('',*,*,#4744,.T.);
#6789=ORIENTED_EDGE('',*,*,#4741,.T.);
#6790=ORIENTED_EDGE('',*,*,#4738,.T.);
#6791=ORIENTED_EDGE('',*,*,#4735,.T.);
#6792=ORIENTED_EDGE('',*,*,#4732,.T.);
#6793=ORIENTED_EDGE('',*,*,#4729,.T.);
#6794=ORIENTED_EDGE('',*,*,#4726,.T.);
#6795=ORIENTED_EDGE('',*,*,#4723,.T.);
#6796=ORIENTED_EDGE('',*,*,#4720,.T.);
#6797=ORIENTED_EDGE('',*,*,#4717,.T.);
#6798=ORIENTED_EDGE('',*,*,#4714,.T.);
#6799=ORIENTED_EDGE('',*,*,#4711,.T.);
#6800=ORIENTED_EDGE('',*,*,#4708,.T.);
#6801=ORIENTED_EDGE('',*,*,#4705,.T.);
#6802=ORIENTED_EDGE('',*,*,#4702,.T.);
#6803=ORIENTED_EDGE('',*,*,#4699,.T.);
#6804=ORIENTED_EDGE('',*,*,#4696,.T.);
#6805=ORIENTED_EDGE('',*,*,#4693,.T.);
#6806=ORIENTED_EDGE('',*,*,#4690,.T.);
#6807=ORIENTED_EDGE('',*,*,#4687,.T.);
#6808=ORIENTED_EDGE('',*,*,#4684,.T.);
#6809=ORIENTED_EDGE('',*,*,#4681,.T.);
#6810=ORIENTED_EDGE('',*,*,#4678,.T.);
#6811=ORIENTED_EDGE('',*,*,#4675,.T.);
#6812=ORIENTED_EDGE('',*,*,#4568,.T.);
#6813=ORIENTED_EDGE('',*,*,#4572,.T.);
#6814=ORIENTED_EDGE('',*,*,#4575,.T.);
#6815=ORIENTED_EDGE('',*,*,#4578,.T.);
#6816=ORIENTED_EDGE('',*,*,#4581,.T.);
#6817=ORIENTED_EDGE('',*,*,#4584,.T.);
#6818=ORIENTED_EDGE('',*,*,#4587,.T.);
#6819=ORIENTED_EDGE('',*,*,#4590,.T.);
#6820=ORIENTED_EDGE('',*,*,#4593,.T.);
#6821=ORIENTED_EDGE('',*,*,#4596,.T.);
#6822=ORIENTED_EDGE('',*,*,#4599,.T.);
#6823=ORIENTED_EDGE('',*,*,#4703,.T.);
#6824=ORIENTED_EDGE('',*,*,#4707,.T.);
#6825=ORIENTED_EDGE('',*,*,#4710,.T.);
#6826=ORIENTED_EDGE('',*,*,#4713,.T.);
#6827=ORIENTED_EDGE('',*,*,#4716,.T.);
#6828=ORIENTED_EDGE('',*,*,#4719,.T.);
#6829=ORIENTED_EDGE('',*,*,#4722,.T.);
#6830=ORIENTED_EDGE('',*,*,#4725,.T.);
#6831=ORIENTED_EDGE('',*,*,#4728,.T.);
#6832=ORIENTED_EDGE('',*,*,#4731,.T.);
#6833=ORIENTED_EDGE('',*,*,#4734,.T.);
#6834=ORIENTED_EDGE('',*,*,#4737,.T.);
#6835=ORIENTED_EDGE('',*,*,#4740,.T.);
#6836=ORIENTED_EDGE('',*,*,#4743,.T.);
#6837=ORIENTED_EDGE('',*,*,#4746,.T.);
#6838=ORIENTED_EDGE('',*,*,#4749,.T.);
#6839=ORIENTED_EDGE('',*,*,#4752,.T.);
#6840=ORIENTED_EDGE('',*,*,#4755,.T.);
#6841=ORIENTED_EDGE('',*,*,#4643,.T.);
#6842=ORIENTED_EDGE('',*,*,#4647,.T.);
#6843=ORIENTED_EDGE('',*,*,#4650,.T.);
#6844=ORIENTED_EDGE('',*,*,#4653,.T.);
#6845=ORIENTED_EDGE('',*,*,#4656,.T.);
#6846=ORIENTED_EDGE('',*,*,#4659,.T.);
#6847=ORIENTED_EDGE('',*,*,#4662,.T.);
#6848=ORIENTED_EDGE('',*,*,#4665,.T.);
#6849=ORIENTED_EDGE('',*,*,#4668,.T.);
#6850=ORIENTED_EDGE('',*,*,#4671,.T.);
#6851=ORIENTED_EDGE('',*,*,#4759,.F.);
#6852=ORIENTED_EDGE('',*,*,#4760,.T.);
#6853=ORIENTED_EDGE('',*,*,#4761,.F.);
#6854=ORIENTED_EDGE('',*,*,#4762,.F.);
#6855=ORIENTED_EDGE('',*,*,#4763,.T.);
#6856=ORIENTED_EDGE('',*,*,#4764,.T.);
#6857=ORIENTED_EDGE('',*,*,#4761,.T.);
#6858=ORIENTED_EDGE('',*,*,#4765,.T.);
#6859=ORIENTED_EDGE('',*,*,#4766,.F.);
#6860=ORIENTED_EDGE('',*,*,#4767,.T.);
#6861=ORIENTED_EDGE('',*,*,#4768,.F.);
#6862=ORIENTED_EDGE('',*,*,#4769,.F.);
#6863=ORIENTED_EDGE('',*,*,#4770,.T.);
#6864=ORIENTED_EDGE('',*,*,#4771,.T.);
#6865=ORIENTED_EDGE('',*,*,#4768,.T.);
#6866=ORIENTED_EDGE('',*,*,#4772,.T.);
#6867=ORIENTED_EDGE('',*,*,#4773,.F.);
#6868=ORIENTED_EDGE('',*,*,#4774,.T.);
#6869=ORIENTED_EDGE('',*,*,#4775,.F.);
#6870=ORIENTED_EDGE('',*,*,#4776,.F.);
#6871=ORIENTED_EDGE('',*,*,#4777,.T.);
#6872=ORIENTED_EDGE('',*,*,#4778,.T.);
#6873=ORIENTED_EDGE('',*,*,#4775,.T.);
#6874=ORIENTED_EDGE('',*,*,#4779,.T.);
#6875=ORIENTED_EDGE('',*,*,#4780,.F.);
#6876=ORIENTED_EDGE('',*,*,#4781,.T.);
#6877=ORIENTED_EDGE('',*,*,#4782,.F.);
#6878=ORIENTED_EDGE('',*,*,#4783,.F.);
#6879=ORIENTED_EDGE('',*,*,#4784,.T.);
#6880=ORIENTED_EDGE('',*,*,#4785,.T.);
#6881=ORIENTED_EDGE('',*,*,#4782,.T.);
#6882=ORIENTED_EDGE('',*,*,#4786,.T.);
#6883=ORIENTED_EDGE('',*,*,#4787,.T.);
#6884=ORIENTED_EDGE('',*,*,#4788,.F.);
#6885=ORIENTED_EDGE('',*,*,#4789,.F.);
#6886=ORIENTED_EDGE('',*,*,#4790,.T.);
#6887=ORIENTED_EDGE('',*,*,#4791,.T.);
#6888=ORIENTED_EDGE('',*,*,#4792,.T.);
#6889=ORIENTED_EDGE('',*,*,#4793,.T.);
#6890=ORIENTED_EDGE('',*,*,#4794,.T.);
#6891=ORIENTED_EDGE('',*,*,#4795,.T.);
#6892=ORIENTED_EDGE('',*,*,#4796,.T.);
#6893=ORIENTED_EDGE('',*,*,#4797,.F.);
#6894=ORIENTED_EDGE('',*,*,#4798,.T.);
#6895=ORIENTED_EDGE('',*,*,#4799,.T.);
#6896=ORIENTED_EDGE('',*,*,#4800,.T.);
#6897=ORIENTED_EDGE('',*,*,#4801,.T.);
#6898=ORIENTED_EDGE('',*,*,#4797,.T.);
#6899=ORIENTED_EDGE('',*,*,#4802,.T.);
#6900=ORIENTED_EDGE('',*,*,#4803,.T.);
#6901=ORIENTED_EDGE('',*,*,#4804,.F.);
#6902=ORIENTED_EDGE('',*,*,#4787,.F.);
#6903=ORIENTED_EDGE('',*,*,#4805,.T.);
#6904=ORIENTED_EDGE('',*,*,#4806,.T.);
#6905=ORIENTED_EDGE('',*,*,#4788,.T.);
#6906=ORIENTED_EDGE('',*,*,#4804,.T.);
#6907=ORIENTED_EDGE('',*,*,#4807,.T.);
#6908=ORIENTED_EDGE('',*,*,#4808,.F.);
#6909=ORIENTED_EDGE('',*,*,#4809,.T.);
#6910=ORIENTED_EDGE('',*,*,#4810,.F.);
#6911=ORIENTED_EDGE('',*,*,#4811,.F.);
#6912=ORIENTED_EDGE('',*,*,#4810,.T.);
#6913=ORIENTED_EDGE('',*,*,#4812,.T.);
#6914=ORIENTED_EDGE('',*,*,#4813,.T.);
#6915=ORIENTED_EDGE('',*,*,#4814,.T.);
#6916=ORIENTED_EDGE('',*,*,#4808,.T.);
#6917=ORIENTED_EDGE('',*,*,#4815,.T.);
#6918=ORIENTED_EDGE('',*,*,#4816,.T.);
#6919=ORIENTED_EDGE('',*,*,#4817,.T.);
#6920=ORIENTED_EDGE('',*,*,#4818,.T.);
#6921=ORIENTED_EDGE('',*,*,#4122,.F.);
#6922=ORIENTED_EDGE('',*,*,#4819,.F.);
#6923=ORIENTED_EDGE('',*,*,#4820,.F.);
#6924=ORIENTED_EDGE('',*,*,#4799,.F.);
#6925=ORIENTED_EDGE('',*,*,#4792,.F.);
#6926=ORIENTED_EDGE('',*,*,#4805,.F.);
#6927=ORIENTED_EDGE('',*,*,#4821,.T.);
#6928=ORIENTED_EDGE('',*,*,#4816,.F.);
#6929=ORIENTED_EDGE('',*,*,#4822,.T.);
#6930=ORIENTED_EDGE('',*,*,#4823,.F.);
#6931=ORIENTED_EDGE('',*,*,#4824,.F.);
#6932=ORIENTED_EDGE('',*,*,#4823,.T.);
#6933=ORIENTED_EDGE('',*,*,#4825,.T.);
#6934=ORIENTED_EDGE('',*,*,#4826,.T.);
#6935=ORIENTED_EDGE('',*,*,#4827,.T.);
#6936=ORIENTED_EDGE('',*,*,#4828,.F.);
#6937=ORIENTED_EDGE('',*,*,#4829,.F.);
#6938=ORIENTED_EDGE('',*,*,#4793,.F.);
#6939=ORIENTED_EDGE('',*,*,#4798,.F.);
#6940=ORIENTED_EDGE('',*,*,#4801,.F.);
#6941=ORIENTED_EDGE('',*,*,#4830,.F.);
#6942=ORIENTED_EDGE('',*,*,#4831,.T.);
#6943=ORIENTED_EDGE('',*,*,#4832,.T.);
#6944=ORIENTED_EDGE('',*,*,#4802,.F.);
#6945=ORIENTED_EDGE('',*,*,#4796,.F.);
#6946=ORIENTED_EDGE('',*,*,#4832,.F.);
#6947=ORIENTED_EDGE('',*,*,#4833,.T.);
#6948=ORIENTED_EDGE('',*,*,#4834,.T.);
#6949=ORIENTED_EDGE('',*,*,#4813,.F.);
#6950=ORIENTED_EDGE('',*,*,#4835,.F.);
#6951=ORIENTED_EDGE('',*,*,#4836,.T.);
#6952=ORIENTED_EDGE('',*,*,#4789,.T.);
#6953=ORIENTED_EDGE('',*,*,#4806,.F.);
#6954=ORIENTED_EDGE('',*,*,#4837,.F.);
#6955=ORIENTED_EDGE('',*,*,#4838,.T.);
#6956=ORIENTED_EDGE('',*,*,#4828,.T.);
#6957=ORIENTED_EDGE('',*,*,#4800,.F.);
#6958=ORIENTED_EDGE('',*,*,#4820,.T.);
#6959=ORIENTED_EDGE('',*,*,#4839,.F.);
#6960=ORIENTED_EDGE('',*,*,#4840,.F.);
#6961=ORIENTED_EDGE('',*,*,#4841,.T.);
#6962=ORIENTED_EDGE('',*,*,#4842,.T.);
#6963=ORIENTED_EDGE('',*,*,#4843,.T.);
#6964=ORIENTED_EDGE('',*,*,#4844,.F.);
#6965=ORIENTED_EDGE('',*,*,#4845,.T.);
#6966=ORIENTED_EDGE('',*,*,#4846,.T.);
#6967=ORIENTED_EDGE('',*,*,#4847,.T.);
#6968=ORIENTED_EDGE('',*,*,#4848,.F.);
#6969=ORIENTED_EDGE('',*,*,#4849,.F.);
#6970=ORIENTED_EDGE('',*,*,#4817,.F.);
#6971=ORIENTED_EDGE('',*,*,#4850,.T.);
#6972=ORIENTED_EDGE('',*,*,#4851,.T.);
#6973=ORIENTED_EDGE('',*,*,#4852,.T.);
#6974=ORIENTED_EDGE('',*,*,#4815,.F.);
#6975=ORIENTED_EDGE('',*,*,#4853,.T.);
#6976=ORIENTED_EDGE('',*,*,#4854,.T.);
#6977=ORIENTED_EDGE('',*,*,#4830,.T.);
#6978=ORIENTED_EDGE('',*,*,#4819,.T.);
#6979=ORIENTED_EDGE('',*,*,#4125,.F.);
#6980=ORIENTED_EDGE('',*,*,#4855,.F.);
#6981=ORIENTED_EDGE('',*,*,#4839,.T.);
#6982=ORIENTED_EDGE('',*,*,#4791,.F.);
#6983=ORIENTED_EDGE('',*,*,#4856,.F.);
#6984=ORIENTED_EDGE('',*,*,#4857,.F.);
#6985=ORIENTED_EDGE('',*,*,#4821,.F.);
#6986=ORIENTED_EDGE('',*,*,#4857,.T.);
#6987=ORIENTED_EDGE('',*,*,#4858,.F.);
#6988=ORIENTED_EDGE('',*,*,#4835,.T.);
#6989=ORIENTED_EDGE('',*,*,#4812,.F.);
#6990=ORIENTED_EDGE('',*,*,#4809,.F.);
#6991=ORIENTED_EDGE('',*,*,#4856,.T.);
#6992=ORIENTED_EDGE('',*,*,#4790,.F.);
#6993=ORIENTED_EDGE('',*,*,#4836,.F.);
#6994=ORIENTED_EDGE('',*,*,#4858,.T.);
#6995=ORIENTED_EDGE('',*,*,#4859,.F.);
#6996=ORIENTED_EDGE('',*,*,#4860,.F.);
#6997=ORIENTED_EDGE('',*,*,#4861,.F.);
#6998=ORIENTED_EDGE('',*,*,#4862,.F.);
#6999=ORIENTED_EDGE('',*,*,#4860,.T.);
#7000=ORIENTED_EDGE('',*,*,#4863,.F.);
#7001=ORIENTED_EDGE('',*,*,#4864,.T.);
#7002=ORIENTED_EDGE('',*,*,#4772,.F.);
#7003=ORIENTED_EDGE('',*,*,#4767,.F.);
#7004=ORIENTED_EDGE('',*,*,#4859,.T.);
#7005=ORIENTED_EDGE('',*,*,#4865,.F.);
#7006=ORIENTED_EDGE('',*,*,#4866,.F.);
#7007=ORIENTED_EDGE('',*,*,#4863,.T.);
#7008=ORIENTED_EDGE('',*,*,#4862,.T.);
#7009=ORIENTED_EDGE('',*,*,#4783,.T.);
#7010=ORIENTED_EDGE('',*,*,#4785,.F.);
#7011=ORIENTED_EDGE('',*,*,#4867,.F.);
#7012=ORIENTED_EDGE('',*,*,#4865,.T.);
#7013=ORIENTED_EDGE('',*,*,#4794,.F.);
#7014=ORIENTED_EDGE('',*,*,#4829,.T.);
#7015=ORIENTED_EDGE('',*,*,#4838,.F.);
#7016=ORIENTED_EDGE('',*,*,#4868,.F.);
#7017=ORIENTED_EDGE('',*,*,#4795,.F.);
#7018=ORIENTED_EDGE('',*,*,#4868,.T.);
#7019=ORIENTED_EDGE('',*,*,#4837,.T.);
#7020=ORIENTED_EDGE('',*,*,#4807,.F.);
#7021=ORIENTED_EDGE('',*,*,#4803,.F.);
#7022=ORIENTED_EDGE('',*,*,#4853,.F.);
#7023=ORIENTED_EDGE('',*,*,#4811,.T.);
#7024=ORIENTED_EDGE('',*,*,#4814,.F.);
#7025=ORIENTED_EDGE('',*,*,#4834,.F.);
#7026=ORIENTED_EDGE('',*,*,#4869,.F.);
#7027=ORIENTED_EDGE('',*,*,#4854,.F.);
#7028=ORIENTED_EDGE('',*,*,#4869,.T.);
#7029=ORIENTED_EDGE('',*,*,#4833,.F.);
#7030=ORIENTED_EDGE('',*,*,#4831,.F.);
#7031=ORIENTED_EDGE('',*,*,#4850,.F.);
#7032=ORIENTED_EDGE('',*,*,#4824,.T.);
#7033=ORIENTED_EDGE('',*,*,#4827,.F.);
#7034=ORIENTED_EDGE('',*,*,#4870,.F.);
#7035=ORIENTED_EDGE('',*,*,#4871,.F.);
#7036=ORIENTED_EDGE('',*,*,#4851,.F.);
#7037=ORIENTED_EDGE('',*,*,#4871,.T.);
#7038=ORIENTED_EDGE('',*,*,#4872,.F.);
#7039=ORIENTED_EDGE('',*,*,#4873,.F.);
#7040=ORIENTED_EDGE('',*,*,#4852,.F.);
#7041=ORIENTED_EDGE('',*,*,#4873,.T.);
#7042=ORIENTED_EDGE('',*,*,#4874,.T.);
#7043=ORIENTED_EDGE('',*,*,#4825,.F.);
#7044=ORIENTED_EDGE('',*,*,#4822,.F.);
#7045=ORIENTED_EDGE('',*,*,#4874,.F.);
#7046=ORIENTED_EDGE('',*,*,#4872,.T.);
#7047=ORIENTED_EDGE('',*,*,#4870,.T.);
#7048=ORIENTED_EDGE('',*,*,#4826,.F.);
#7049=ORIENTED_EDGE('',*,*,#4845,.F.);
#7050=ORIENTED_EDGE('',*,*,#4776,.T.);
#7051=ORIENTED_EDGE('',*,*,#4778,.F.);
#7052=ORIENTED_EDGE('',*,*,#4875,.F.);
#7053=ORIENTED_EDGE('',*,*,#4876,.F.);
#7054=ORIENTED_EDGE('',*,*,#4846,.F.);
#7055=ORIENTED_EDGE('',*,*,#4876,.T.);
#7056=ORIENTED_EDGE('',*,*,#4877,.F.);
#7057=ORIENTED_EDGE('',*,*,#4878,.F.);
#7058=ORIENTED_EDGE('',*,*,#4847,.F.);
#7059=ORIENTED_EDGE('',*,*,#4878,.T.);
#7060=ORIENTED_EDGE('',*,*,#4879,.T.);
#7061=ORIENTED_EDGE('',*,*,#4779,.F.);
#7062=ORIENTED_EDGE('',*,*,#4774,.F.);
#7063=ORIENTED_EDGE('',*,*,#4879,.F.);
#7064=ORIENTED_EDGE('',*,*,#4877,.T.);
#7065=ORIENTED_EDGE('',*,*,#4875,.T.);
#7066=ORIENTED_EDGE('',*,*,#4777,.F.);
#7067=ORIENTED_EDGE('',*,*,#4880,.F.);
#7068=ORIENTED_EDGE('',*,*,#4769,.T.);
#7069=ORIENTED_EDGE('',*,*,#4771,.F.);
#7070=ORIENTED_EDGE('',*,*,#4881,.F.);
#7071=ORIENTED_EDGE('',*,*,#4882,.F.);
#7072=ORIENTED_EDGE('',*,*,#4883,.F.);
#7073=ORIENTED_EDGE('',*,*,#4882,.T.);
#7074=ORIENTED_EDGE('',*,*,#4884,.F.);
#7075=ORIENTED_EDGE('',*,*,#4885,.F.);
#7076=ORIENTED_EDGE('',*,*,#4886,.F.);
#7077=ORIENTED_EDGE('',*,*,#4885,.T.);
#7078=ORIENTED_EDGE('',*,*,#4887,.T.);
#7079=ORIENTED_EDGE('',*,*,#4765,.F.);
#7080=ORIENTED_EDGE('',*,*,#4760,.F.);
#7081=ORIENTED_EDGE('',*,*,#4841,.F.);
#7082=ORIENTED_EDGE('',*,*,#4762,.T.);
#7083=ORIENTED_EDGE('',*,*,#4764,.F.);
#7084=ORIENTED_EDGE('',*,*,#4888,.F.);
#7085=ORIENTED_EDGE('',*,*,#4889,.F.);
#7086=ORIENTED_EDGE('',*,*,#4842,.F.);
#7087=ORIENTED_EDGE('',*,*,#4889,.T.);
#7088=ORIENTED_EDGE('',*,*,#4890,.F.);
#7089=ORIENTED_EDGE('',*,*,#4891,.F.);
#7090=ORIENTED_EDGE('',*,*,#4843,.F.);
#7091=ORIENTED_EDGE('',*,*,#4891,.T.);
#7092=ORIENTED_EDGE('',*,*,#4892,.T.);
#7093=ORIENTED_EDGE('',*,*,#4786,.F.);
#7094=ORIENTED_EDGE('',*,*,#4781,.F.);
#7095=ORIENTED_EDGE('',*,*,#4892,.F.);
#7096=ORIENTED_EDGE('',*,*,#4890,.T.);
#7097=ORIENTED_EDGE('',*,*,#4888,.T.);
#7098=ORIENTED_EDGE('',*,*,#4763,.F.);
#7099=ORIENTED_EDGE('',*,*,#4887,.F.);
#7100=ORIENTED_EDGE('',*,*,#4884,.T.);
#7101=ORIENTED_EDGE('',*,*,#4881,.T.);
#7102=ORIENTED_EDGE('',*,*,#4770,.F.);
#7103=ORIENTED_EDGE('',*,*,#4864,.F.);
#7104=ORIENTED_EDGE('',*,*,#4866,.T.);
#7105=ORIENTED_EDGE('',*,*,#4867,.T.);
#7106=ORIENTED_EDGE('',*,*,#4784,.F.);
#7107=ORIENTED_EDGE('',*,*,#4880,.T.);
#7108=ORIENTED_EDGE('',*,*,#4883,.T.);
#7109=ORIENTED_EDGE('',*,*,#4886,.T.);
#7110=ORIENTED_EDGE('',*,*,#4893,.F.);
#7111=ORIENTED_EDGE('',*,*,#4673,.T.);
#7112=ORIENTED_EDGE('',*,*,#4677,.T.);
#7113=ORIENTED_EDGE('',*,*,#4680,.T.);
#7114=ORIENTED_EDGE('',*,*,#4683,.T.);
#7115=ORIENTED_EDGE('',*,*,#4686,.T.);
#7116=ORIENTED_EDGE('',*,*,#4689,.T.);
#7117=ORIENTED_EDGE('',*,*,#4692,.T.);
#7118=ORIENTED_EDGE('',*,*,#4695,.T.);
#7119=ORIENTED_EDGE('',*,*,#4698,.T.);
#7120=ORIENTED_EDGE('',*,*,#4701,.T.);
#7121=ORIENTED_EDGE('',*,*,#4759,.T.);
#7122=ORIENTED_EDGE('',*,*,#4840,.T.);
#7123=ORIENTED_EDGE('',*,*,#4855,.T.);
#7124=ORIENTED_EDGE('',*,*,#4124,.F.);
#7125=ORIENTED_EDGE('',*,*,#4894,.F.);
#7126=ORIENTED_EDGE('',*,*,#4848,.T.);
#7127=ORIENTED_EDGE('',*,*,#4773,.T.);
#7128=ORIENTED_EDGE('',*,*,#4844,.T.);
#7129=ORIENTED_EDGE('',*,*,#4780,.T.);
#7130=ORIENTED_EDGE('',*,*,#4861,.T.);
#7131=ORIENTED_EDGE('',*,*,#4766,.T.);
#7132=ORIENTED_EDGE('',*,*,#4893,.T.);
#7133=ORIENTED_EDGE('',*,*,#4849,.T.);
#7134=ORIENTED_EDGE('',*,*,#4894,.T.);
#7135=ORIENTED_EDGE('',*,*,#4123,.F.);
#7136=ORIENTED_EDGE('',*,*,#4818,.F.);
#7137=CYLINDRICAL_SURFACE('',#7553,0.197505010915623);
#7138=CYLINDRICAL_SURFACE('',#7646,1.05833333333333);
#7139=ADVANCED_FACE('',(#983),#7137,.T.);
#7140=ADVANCED_FACE('',(#984),#789,.T.);
#7141=ADVANCED_FACE('',(#985),#790,.T.);
#7142=ADVANCED_FACE('',(#986),#791,.T.);
#7143=ADVANCED_FACE('',(#987),#561,.T.);
#7144=ADVANCED_FACE('',(#988),#562,.T.);
#7145=ADVANCED_FACE('',(#989),#563,.T.);
#7146=ADVANCED_FACE('',(#990),#564,.T.);
#7147=ADVANCED_FACE('',(#991),#792,.T.);
#7148=ADVANCED_FACE('',(#992),#565,.T.);
#7149=ADVANCED_FACE('',(#993),#566,.T.);
#7150=ADVANCED_FACE('',(#994),#567,.T.);
#7151=ADVANCED_FACE('',(#995),#568,.T.);
#7152=ADVANCED_FACE('',(#996),#793,.T.);
#7153=ADVANCED_FACE('',(#997),#794,.T.);
#7154=ADVANCED_FACE('',(#998),#795,.T.);
#7155=ADVANCED_FACE('',(#999),#569,.T.);
#7156=ADVANCED_FACE('',(#1000),#570,.T.);
#7157=ADVANCED_FACE('',(#1001),#571,.T.);
#7158=ADVANCED_FACE('',(#1002),#572,.T.);
#7159=ADVANCED_FACE('',(#1003),#796,.T.);
#7160=ADVANCED_FACE('',(#1004),#797,.T.);
#7161=ADVANCED_FACE('',(#1005),#573,.T.);
#7162=ADVANCED_FACE('',(#1006),#574,.T.);
#7163=ADVANCED_FACE('',(#1007),#575,.T.);
#7164=ADVANCED_FACE('',(#1008),#576,.T.);
#7165=ADVANCED_FACE('',(#1009),#798,.T.);
#7166=ADVANCED_FACE('',(#1010),#799,.T.);
#7167=ADVANCED_FACE('',(#1011),#800,.T.);
#7168=ADVANCED_FACE('',(#1012),#801,.T.);
#7169=ADVANCED_FACE('',(#1013),#802,.T.);
#7170=ADVANCED_FACE('',(#1014),#577,.T.);
#7171=ADVANCED_FACE('',(#1015),#578,.T.);
#7172=ADVANCED_FACE('',(#1016),#579,.T.);
#7173=ADVANCED_FACE('',(#1017),#580,.T.);
#7174=ADVANCED_FACE('',(#1018),#803,.T.);
#7175=ADVANCED_FACE('',(#1019),#581,.T.);
#7176=ADVANCED_FACE('',(#1020),#582,.T.);
#7177=ADVANCED_FACE('',(#1021),#583,.T.);
#7178=ADVANCED_FACE('',(#1022),#584,.T.);
#7179=ADVANCED_FACE('',(#1023),#804,.T.);
#7180=ADVANCED_FACE('',(#1024),#805,.T.);
#7181=ADVANCED_FACE('',(#1025),#806,.T.);
#7182=ADVANCED_FACE('',(#1026),#807,.T.);
#7183=ADVANCED_FACE('',(#1027),#808,.T.);
#7184=ADVANCED_FACE('',(#1028),#809,.T.);
#7185=ADVANCED_FACE('',(#1029),#810,.T.);
#7186=ADVANCED_FACE('',(#1030),#811,.T.);
#7187=ADVANCED_FACE('',(#1031),#585,.T.);
#7188=ADVANCED_FACE('',(#1032),#586,.T.);
#7189=ADVANCED_FACE('',(#1033),#587,.T.);
#7190=ADVANCED_FACE('',(#1034),#588,.T.);
#7191=ADVANCED_FACE('',(#1035),#812,.T.);
#7192=ADVANCED_FACE('',(#1036),#589,.T.);
#7193=ADVANCED_FACE('',(#1037),#590,.T.);
#7194=ADVANCED_FACE('',(#1038),#591,.T.);
#7195=ADVANCED_FACE('',(#1039),#592,.T.);
#7196=ADVANCED_FACE('',(#1040),#813,.T.);
#7197=ADVANCED_FACE('',(#1041),#814,.T.);
#7198=ADVANCED_FACE('',(#1042),#815,.T.);
#7199=ADVANCED_FACE('',(#1043),#593,.T.);
#7200=ADVANCED_FACE('',(#1044),#594,.T.);
#7201=ADVANCED_FACE('',(#1045),#595,.T.);
#7202=ADVANCED_FACE('',(#1046),#596,.T.);
#7203=ADVANCED_FACE('',(#1047),#816,.T.);
#7204=ADVANCED_FACE('',(#1048),#817,.T.);
#7205=ADVANCED_FACE('',(#1049),#818,.T.);
#7206=ADVANCED_FACE('',(#1050),#819,.T.);
#7207=ADVANCED_FACE('',(#1051),#597,.T.);
#7208=ADVANCED_FACE('',(#1052),#598,.T.);
#7209=ADVANCED_FACE('',(#1053),#599,.T.);
#7210=ADVANCED_FACE('',(#1054),#600,.T.);
#7211=ADVANCED_FACE('',(#1055),#820,.T.);
#7212=ADVANCED_FACE('',(#1056),#821,.T.);
#7213=ADVANCED_FACE('',(#1057),#822,.T.);
#7214=ADVANCED_FACE('',(#1058),#601,.T.);
#7215=ADVANCED_FACE('',(#1059),#602,.T.);
#7216=ADVANCED_FACE('',(#1060),#603,.T.);
#7217=ADVANCED_FACE('',(#1061),#604,.T.);
#7218=ADVANCED_FACE('',(#1062),#823,.T.);
#7219=ADVANCED_FACE('',(#1063),#605,.T.);
#7220=ADVANCED_FACE('',(#1064),#606,.T.);
#7221=ADVANCED_FACE('',(#1065),#607,.T.);
#7222=ADVANCED_FACE('',(#1066),#608,.T.);
#7223=ADVANCED_FACE('',(#1067),#824,.T.);
#7224=ADVANCED_FACE('',(#1068),#825,.T.);
#7225=ADVANCED_FACE('',(#1069),#826,.T.);
#7226=ADVANCED_FACE('',(#1070),#827,.T.);
#7227=ADVANCED_FACE('',(#1071),#828,.T.);
#7228=ADVANCED_FACE('',(#1072),#609,.T.);
#7229=ADVANCED_FACE('',(#1073),#610,.T.);
#7230=ADVANCED_FACE('',(#1074),#611,.T.);
#7231=ADVANCED_FACE('',(#1075),#612,.T.);
#7232=ADVANCED_FACE('',(#1076),#613,.T.);
#7233=ADVANCED_FACE('',(#1077),#614,.T.);
#7234=ADVANCED_FACE('',(#1078),#829,.T.);
#7235=ADVANCED_FACE('',(#1079),#615,.T.);
#7236=ADVANCED_FACE('',(#1080),#616,.T.);
#7237=ADVANCED_FACE('',(#1081),#617,.T.);
#7238=ADVANCED_FACE('',(#1082),#618,.T.);
#7239=ADVANCED_FACE('',(#1083),#619,.T.);
#7240=ADVANCED_FACE('',(#1084),#620,.T.);
#7241=ADVANCED_FACE('',(#1085),#830,.T.);
#7242=ADVANCED_FACE('',(#1086),#831,.T.);
#7243=ADVANCED_FACE('',(#1087),#621,.T.);
#7244=ADVANCED_FACE('',(#1088),#622,.T.);
#7245=ADVANCED_FACE('',(#1089),#623,.T.);
#7246=ADVANCED_FACE('',(#1090),#624,.T.);
#7247=ADVANCED_FACE('',(#1091),#625,.T.);
#7248=ADVANCED_FACE('',(#1092),#626,.T.);
#7249=ADVANCED_FACE('',(#1093),#627,.T.);
#7250=ADVANCED_FACE('',(#1094),#832,.T.);
#7251=ADVANCED_FACE('',(#1095),#628,.T.);
#7252=ADVANCED_FACE('',(#1096),#629,.T.);
#7253=ADVANCED_FACE('',(#1097),#630,.T.);
#7254=ADVANCED_FACE('',(#1098),#631,.T.);
#7255=ADVANCED_FACE('',(#1099),#632,.T.);
#7256=ADVANCED_FACE('',(#1100),#633,.T.);
#7257=ADVANCED_FACE('',(#1101),#634,.T.);
#7258=ADVANCED_FACE('',(#1102,#86),#833,.T.);
#7259=ADVANCED_FACE('',(#1103,#87,#88,#89,#90,#91,#92,#93,#94,#95,#96),
#834,.T.);
#7260=ADVANCED_FACE('',(#1104),#635,.T.);
#7261=ADVANCED_FACE('',(#1105),#636,.T.);
#7262=ADVANCED_FACE('',(#1106),#637,.T.);
#7263=ADVANCED_FACE('',(#1107),#638,.T.);
#7264=ADVANCED_FACE('',(#1108),#639,.T.);
#7265=ADVANCED_FACE('',(#1109),#640,.T.);
#7266=ADVANCED_FACE('',(#1110),#835,.T.);
#7267=ADVANCED_FACE('',(#1111),#641,.T.);
#7268=ADVANCED_FACE('',(#1112),#642,.T.);
#7269=ADVANCED_FACE('',(#1113),#643,.T.);
#7270=ADVANCED_FACE('',(#1114),#644,.T.);
#7271=ADVANCED_FACE('',(#1115),#645,.T.);
#7272=ADVANCED_FACE('',(#1116),#646,.T.);
#7273=ADVANCED_FACE('',(#1117),#836,.T.);
#7274=ADVANCED_FACE('',(#1118),#837,.T.);
#7275=ADVANCED_FACE('',(#1119),#647,.T.);
#7276=ADVANCED_FACE('',(#1120),#648,.T.);
#7277=ADVANCED_FACE('',(#1121),#649,.T.);
#7278=ADVANCED_FACE('',(#1122),#650,.T.);
#7279=ADVANCED_FACE('',(#1123),#651,.T.);
#7280=ADVANCED_FACE('',(#1124),#652,.T.);
#7281=ADVANCED_FACE('',(#1125),#653,.T.);
#7282=ADVANCED_FACE('',(#1126),#838,.T.);
#7283=ADVANCED_FACE('',(#1127),#654,.T.);
#7284=ADVANCED_FACE('',(#1128),#655,.T.);
#7285=ADVANCED_FACE('',(#1129),#656,.T.);
#7286=ADVANCED_FACE('',(#1130),#657,.T.);
#7287=ADVANCED_FACE('',(#1131),#658,.T.);
#7288=ADVANCED_FACE('',(#1132),#659,.T.);
#7289=ADVANCED_FACE('',(#1133),#660,.T.);
#7290=ADVANCED_FACE('',(#1134,#97),#839,.T.);
#7291=ADVANCED_FACE('',(#1135),#840,.T.);
#7292=ADVANCED_FACE('',(#1136),#661,.T.);
#7293=ADVANCED_FACE('',(#1137),#662,.T.);
#7294=ADVANCED_FACE('',(#1138),#663,.T.);
#7295=ADVANCED_FACE('',(#1139),#664,.T.);
#7296=ADVANCED_FACE('',(#1140),#665,.T.);
#7297=ADVANCED_FACE('',(#1141),#666,.T.);
#7298=ADVANCED_FACE('',(#1142),#667,.T.);
#7299=ADVANCED_FACE('',(#1143),#668,.T.);
#7300=ADVANCED_FACE('',(#1144),#669,.T.);
#7301=ADVANCED_FACE('',(#1145),#670,.T.);
#7302=ADVANCED_FACE('',(#1146),#671,.T.);
#7303=ADVANCED_FACE('',(#1147),#672,.T.);
#7304=ADVANCED_FACE('',(#1148),#673,.T.);
#7305=ADVANCED_FACE('',(#1149),#674,.T.);
#7306=ADVANCED_FACE('',(#1150),#675,.T.);
#7307=ADVANCED_FACE('',(#1151),#676,.T.);
#7308=ADVANCED_FACE('',(#1152),#677,.T.);
#7309=ADVANCED_FACE('',(#1153),#678,.T.);
#7310=ADVANCED_FACE('',(#1154),#679,.T.);
#7311=ADVANCED_FACE('',(#1155),#680,.T.);
#7312=ADVANCED_FACE('',(#1156),#681,.T.);
#7313=ADVANCED_FACE('',(#1157),#682,.T.);
#7314=ADVANCED_FACE('',(#1158),#683,.T.);
#7315=ADVANCED_FACE('',(#1159),#684,.T.);
#7316=ADVANCED_FACE('',(#1160),#685,.T.);
#7317=ADVANCED_FACE('',(#1161),#686,.T.);
#7318=ADVANCED_FACE('',(#1162),#687,.T.);
#7319=ADVANCED_FACE('',(#1163),#688,.T.);
#7320=ADVANCED_FACE('',(#1164),#689,.T.);
#7321=ADVANCED_FACE('',(#1165),#690,.T.);
#7322=ADVANCED_FACE('',(#1166),#691,.T.);
#7323=ADVANCED_FACE('',(#1167),#692,.T.);
#7324=ADVANCED_FACE('',(#1168,#98),#841,.T.);
#7325=ADVANCED_FACE('',(#1169),#842,.T.);
#7326=ADVANCED_FACE('',(#1170),#693,.T.);
#7327=ADVANCED_FACE('',(#1171),#694,.T.);
#7328=ADVANCED_FACE('',(#1172),#695,.T.);
#7329=ADVANCED_FACE('',(#1173),#696,.T.);
#7330=ADVANCED_FACE('',(#1174),#697,.T.);
#7331=ADVANCED_FACE('',(#1175),#698,.T.);
#7332=ADVANCED_FACE('',(#1176),#699,.T.);
#7333=ADVANCED_FACE('',(#1177),#700,.T.);
#7334=ADVANCED_FACE('',(#1178),#701,.T.);
#7335=ADVANCED_FACE('',(#1179),#702,.T.);
#7336=ADVANCED_FACE('',(#1180),#703,.T.);
#7337=ADVANCED_FACE('',(#1181),#704,.T.);
#7338=ADVANCED_FACE('',(#1182),#705,.T.);
#7339=ADVANCED_FACE('',(#1183),#706,.T.);
#7340=ADVANCED_FACE('',(#1184),#707,.T.);
#7341=ADVANCED_FACE('',(#1185),#708,.T.);
#7342=ADVANCED_FACE('',(#1186),#709,.T.);
#7343=ADVANCED_FACE('',(#1187),#710,.T.);
#7344=ADVANCED_FACE('',(#1188),#711,.T.);
#7345=ADVANCED_FACE('',(#1189),#712,.T.);
#7346=ADVANCED_FACE('',(#1190),#713,.T.);
#7347=ADVANCED_FACE('',(#1191),#714,.T.);
#7348=ADVANCED_FACE('',(#1192),#715,.T.);
#7349=ADVANCED_FACE('',(#1193),#716,.T.);
#7350=ADVANCED_FACE('',(#1194),#717,.T.);
#7351=ADVANCED_FACE('',(#1195),#718,.T.);
#7352=ADVANCED_FACE('',(#1196),#719,.T.);
#7353=ADVANCED_FACE('',(#1197),#720,.T.);
#7354=ADVANCED_FACE('',(#1198),#721,.T.);
#7355=ADVANCED_FACE('',(#1199),#722,.T.);
#7356=ADVANCED_FACE('',(#1200),#723,.T.);
#7357=ADVANCED_FACE('',(#1201),#724,.T.);
#7358=ADVANCED_FACE('',(#1202,#99,#100),#843,.T.);
#7359=ADVANCED_FACE('',(#1203),#844,.T.);
#7360=ADVANCED_FACE('',(#1204),#845,.T.);
#7361=ADVANCED_FACE('',(#1205),#846,.T.);
#7362=ADVANCED_FACE('',(#1206),#725,.T.);
#7363=ADVANCED_FACE('',(#1207),#726,.T.);
#7364=ADVANCED_FACE('',(#1208),#727,.T.);
#7365=ADVANCED_FACE('',(#1209),#728,.T.);
#7366=ADVANCED_FACE('',(#1210),#847,.T.);
#7367=ADVANCED_FACE('',(#1211),#729,.T.);
#7368=ADVANCED_FACE('',(#1212),#730,.T.);
#7369=ADVANCED_FACE('',(#1213),#731,.T.);
#7370=ADVANCED_FACE('',(#1214),#732,.T.);
#7371=ADVANCED_FACE('',(#1215),#733,.T.);
#7372=ADVANCED_FACE('',(#1216),#734,.T.);
#7373=ADVANCED_FACE('',(#1217),#735,.T.);
#7374=ADVANCED_FACE('',(#1218),#736,.T.);
#7375=ADVANCED_FACE('',(#1219),#737,.T.);
#7376=ADVANCED_FACE('',(#1220),#738,.T.);
#7377=ADVANCED_FACE('',(#1221),#739,.T.);
#7378=ADVANCED_FACE('',(#1222),#740,.T.);
#7379=ADVANCED_FACE('',(#1223),#741,.T.);
#7380=ADVANCED_FACE('',(#1224),#742,.T.);
#7381=ADVANCED_FACE('',(#1225),#743,.T.);
#7382=ADVANCED_FACE('',(#1226),#744,.T.);
#7383=ADVANCED_FACE('',(#1227),#745,.T.);
#7384=ADVANCED_FACE('',(#1228),#746,.T.);
#7385=ADVANCED_FACE('',(#1229),#848,.T.);
#7386=ADVANCED_FACE('',(#1230),#747,.T.);
#7387=ADVANCED_FACE('',(#1231),#748,.T.);
#7388=ADVANCED_FACE('',(#1232),#749,.T.);
#7389=ADVANCED_FACE('',(#1233),#750,.T.);
#7390=ADVANCED_FACE('',(#1234),#849,.T.);
#7391=ADVANCED_FACE('',(#1235),#751,.T.);
#7392=ADVANCED_FACE('',(#1236),#752,.T.);
#7393=ADVANCED_FACE('',(#1237),#753,.T.);
#7394=ADVANCED_FACE('',(#1238),#754,.T.);
#7395=ADVANCED_FACE('',(#1239),#755,.T.);
#7396=ADVANCED_FACE('',(#1240),#756,.T.);
#7397=ADVANCED_FACE('',(#1241),#757,.T.);
#7398=ADVANCED_FACE('',(#1242),#758,.T.);
#7399=ADVANCED_FACE('',(#1243),#759,.T.);
#7400=ADVANCED_FACE('',(#1244),#760,.T.);
#7401=ADVANCED_FACE('',(#1245),#761,.T.);
#7402=ADVANCED_FACE('',(#1246),#762,.T.);
#7403=ADVANCED_FACE('',(#1247),#763,.T.);
#7404=ADVANCED_FACE('',(#1248),#764,.T.);
#7405=ADVANCED_FACE('',(#1249),#765,.T.);
#7406=ADVANCED_FACE('',(#1250),#766,.T.);
#7407=ADVANCED_FACE('',(#1251),#850,.T.);
#7408=ADVANCED_FACE('',(#1252),#851,.T.);
#7409=ADVANCED_FACE('',(#1253),#767,.T.);
#7410=ADVANCED_FACE('',(#1254),#768,.T.);
#7411=ADVANCED_FACE('',(#1255),#769,.T.);
#7412=ADVANCED_FACE('',(#1256),#852,.T.);
#7413=ADVANCED_FACE('',(#1257),#770,.T.);
#7414=ADVANCED_FACE('',(#1258),#771,.T.);
#7415=ADVANCED_FACE('',(#1259),#772,.T.);
#7416=ADVANCED_FACE('',(#1260),#773,.T.);
#7417=ADVANCED_FACE('',(#1261),#853,.T.);
#7418=ADVANCED_FACE('',(#1262),#854,.T.);
#7419=ADVANCED_FACE('',(#1263),#855,.T.);
#7420=ADVANCED_FACE('',(#1264),#856,.T.);
#7421=ADVANCED_FACE('',(#1265),#774,.T.);
#7422=ADVANCED_FACE('',(#1266),#775,.T.);
#7423=ADVANCED_FACE('',(#1267),#776,.T.);
#7424=ADVANCED_FACE('',(#1268),#777,.T.);
#7425=ADVANCED_FACE('',(#1269),#857,.T.);
#7426=ADVANCED_FACE('',(#1270),#778,.T.);
#7427=ADVANCED_FACE('',(#1271),#779,.T.);
#7428=ADVANCED_FACE('',(#1272),#780,.T.);
#7429=ADVANCED_FACE('',(#1273),#781,.T.);
#7430=ADVANCED_FACE('',(#1274),#858,.T.);
#7431=ADVANCED_FACE('',(#1275),#782,.T.);
#7432=ADVANCED_FACE('',(#1276),#783,.T.);
#7433=ADVANCED_FACE('',(#1277),#784,.T.);
#7434=ADVANCED_FACE('',(#1278),#859,.T.);
#7435=ADVANCED_FACE('',(#1279),#785,.T.);
#7436=ADVANCED_FACE('',(#1280),#786,.T.);
#7437=ADVANCED_FACE('',(#1281),#787,.T.);
#7438=ADVANCED_FACE('',(#1282),#788,.T.);
#7439=ADVANCED_FACE('',(#1283),#860,.T.);
#7440=ADVANCED_FACE('',(#1284,#101),#861,.T.);
#7441=ADVANCED_FACE('',(#1285),#862,.T.);
#7442=ADVANCED_FACE('',(#1286),#62,.T.);
#7443=ADVANCED_FACE('',(#1287),#63,.T.);
#7444=ADVANCED_FACE('',(#1288),#64,.T.);
#7445=ADVANCED_FACE('',(#1289),#65,.T.);
#7446=ADVANCED_FACE('',(#1290),#863,.T.);
#7447=ADVANCED_FACE('',(#1291),#66,.T.);
#7448=ADVANCED_FACE('',(#1292),#67,.T.);
#7449=ADVANCED_FACE('',(#1293),#68,.T.);
#7450=ADVANCED_FACE('',(#1294),#69,.T.);
#7451=ADVANCED_FACE('',(#1295),#864,.T.);
#7452=ADVANCED_FACE('',(#1296),#865,.T.);
#7453=ADVANCED_FACE('',(#1297),#866,.T.);
#7454=ADVANCED_FACE('',(#1298),#867,.T.);
#7455=ADVANCED_FACE('',(#1299),#868,.T.);
#7456=ADVANCED_FACE('',(#1300),#869,.T.);
#7457=ADVANCED_FACE('',(#1301),#870,.T.);
#7458=ADVANCED_FACE('',(#1302),#871,.T.);
#7459=ADVANCED_FACE('',(#1303),#872,.T.);
#7460=ADVANCED_FACE('',(#1304),#873,.T.);
#7461=ADVANCED_FACE('',(#1305),#874,.T.);
#7462=ADVANCED_FACE('',(#1306),#875,.T.);
#7463=ADVANCED_FACE('',(#1307),#70,.T.);
#7464=ADVANCED_FACE('',(#1308),#71,.T.);
#7465=ADVANCED_FACE('',(#1309),#72,.T.);
#7466=ADVANCED_FACE('',(#1310),#73,.T.);
#7467=ADVANCED_FACE('',(#1311),#74,.T.);
#7468=ADVANCED_FACE('',(#1312),#75,.T.);
#7469=ADVANCED_FACE('',(#1313),#76,.T.);
#7470=ADVANCED_FACE('',(#1314),#876,.T.);
#7471=ADVANCED_FACE('',(#1315),#77,.T.);
#7472=ADVANCED_FACE('',(#1316),#78,.T.);
#7473=ADVANCED_FACE('',(#1317),#79,.T.);
#7474=ADVANCED_FACE('',(#1318),#80,.T.);
#7475=ADVANCED_FACE('',(#1319),#81,.T.);
#7476=ADVANCED_FACE('',(#1320),#82,.T.);
#7477=ADVANCED_FACE('',(#1321),#83,.T.);
#7478=ADVANCED_FACE('',(#1322),#84,.T.);
#7479=ADVANCED_FACE('',(#1323),#877,.T.);
#7480=ADVANCED_FACE('',(#1324),#85,.T.);
#7481=ADVANCED_FACE('',(#1325),#7138,.T.);
#7482=ADVANCED_FACE('',(#1326,#102,#103),#878,.T.);
#7483=ADVANCED_FACE('',(#1327),#879,.T.);
#7484=ADVANCED_FACE('',(#1328,#104),#880,.T.);
#7485=ADVANCED_FACE('',(#1329),#881,.T.);
#7486=ADVANCED_FACE('',(#1330),#882,.T.);
#7487=ADVANCED_FACE('',(#1331),#883,.T.);
#7488=ADVANCED_FACE('',(#1332),#884,.T.);
#7489=ADVANCED_FACE('',(#1333),#885,.T.);
#7490=ADVANCED_FACE('',(#1334),#886,.T.);
#7491=ADVANCED_FACE('',(#1335),#887,.T.);
#7492=ADVANCED_FACE('',(#1336),#888,.T.);
#7493=ADVANCED_FACE('',(#1337),#889,.T.);
#7494=ADVANCED_FACE('',(#1338),#890,.F.);
#7495=ADVANCED_FACE('',(#1339),#891,.T.);
#7496=ADVANCED_FACE('',(#1340),#892,.T.);
#7497=ADVANCED_FACE('',(#1341),#893,.T.);
#7498=ADVANCED_FACE('',(#1342),#894,.T.);
#7499=ADVANCED_FACE('',(#1343),#895,.T.);
#7500=ADVANCED_FACE('',(#1344),#896,.T.);
#7501=ADVANCED_FACE('',(#1345),#897,.T.);
#7502=ADVANCED_FACE('',(#1346),#898,.T.);
#7503=ADVANCED_FACE('',(#1347),#899,.T.);
#7504=ADVANCED_FACE('',(#1348),#900,.T.);
#7505=ADVANCED_FACE('',(#1349),#901,.T.);
#7506=ADVANCED_FACE('',(#1350),#902,.T.);
#7507=ADVANCED_FACE('',(#1351),#903,.F.);
#7508=ADVANCED_FACE('',(#1352),#904,.T.);
#7509=ADVANCED_FACE('',(#1353),#905,.F.);
#7510=ADVANCED_FACE('',(#1354),#906,.T.);
#7511=ADVANCED_FACE('',(#1355),#907,.T.);
#7512=ADVANCED_FACE('',(#1356),#908,.F.);
#7513=ADVANCED_FACE('',(#1357),#909,.T.);
#7514=ADVANCED_FACE('',(#1358),#910,.T.);
#7515=ADVANCED_FACE('',(#1359),#911,.T.);
#7516=ADVANCED_FACE('',(#1360),#912,.T.);
#7517=ADVANCED_FACE('',(#1361),#913,.T.);
#7518=ADVANCED_FACE('',(#1362),#914,.T.);
#7519=ADVANCED_FACE('',(#1363),#915,.T.);
#7520=ADVANCED_FACE('',(#1364),#916,.T.);
#7521=ADVANCED_FACE('',(#1365),#917,.T.);
#7522=ADVANCED_FACE('',(#1366),#918,.T.);
#7523=ADVANCED_FACE('',(#1367),#919,.T.);
#7524=ADVANCED_FACE('',(#1368),#920,.T.);
#7525=ADVANCED_FACE('',(#1369),#921,.T.);
#7526=ADVANCED_FACE('',(#1370),#922,.T.);
#7527=ADVANCED_FACE('',(#1371),#923,.T.);
#7528=ADVANCED_FACE('',(#1372),#924,.T.);
#7529=ADVANCED_FACE('',(#1373),#925,.T.);
#7530=ADVANCED_FACE('',(#1374),#926,.T.);
#7531=ADVANCED_FACE('',(#1375),#927,.T.);
#7532=ADVANCED_FACE('',(#1376),#928,.T.);
#7533=ADVANCED_FACE('',(#1377),#929,.T.);
#7534=ADVANCED_FACE('',(#1378),#930,.T.);
#7535=ADVANCED_FACE('',(#1379),#931,.F.);
#7536=ADVANCED_FACE('',(#1380),#932,.T.);
#7537=ADVANCED_FACE('',(#1381),#933,.T.);
#7538=ADVANCED_FACE('',(#1382),#934,.T.);
#7539=CLOSED_SHELL('',(#7139,#7140,#7141,#7142,#7143,#7144,#7145,#7146,
#7147,#7148,#7149,#7150,#7151,#7152,#7153,#7154,#7155,#7156,#7157,#7158,
#7159,#7160,#7161,#7162,#7163,#7164,#7165,#7166,#7167,#7168,#7169,#7170,
#7171,#7172,#7173,#7174,#7175,#7176,#7177,#7178,#7179,#7180,#7181,#7182,
#7183,#7184,#7185,#7186,#7187,#7188,#7189,#7190,#7191,#7192,#7193,#7194,
#7195,#7196,#7197,#7198,#7199,#7200,#7201,#7202,#7203,#7204,#7205,#7206,
#7207,#7208,#7209,#7210,#7211,#7212,#7213,#7214,#7215,#7216,#7217,#7218,
#7219,#7220,#7221,#7222,#7223,#7224,#7225,#7226,#7227,#7228,#7229,#7230,
#7231,#7232,#7233,#7234,#7235,#7236,#7237,#7238,#7239,#7240,#7241,#7242,
#7243,#7244,#7245,#7246,#7247,#7248,#7249,#7250,#7251,#7252,#7253,#7254,
#7255,#7256,#7257,#7258,#7259,#7260,#7261,#7262,#7263,#7264,#7265,#7266,
#7267,#7268,#7269,#7270,#7271,#7272,#7273,#7274,#7275,#7276,#7277,#7278,
#7279,#7280,#7281,#7282,#7283,#7284,#7285,#7286,#7287,#7288,#7289,#7290,
#7291,#7292,#7293,#7294,#7295,#7296,#7297,#7298,#7299,#7300,#7301,#7302,
#7303,#7304,#7305,#7306,#7307,#7308,#7309,#7310,#7311,#7312,#7313,#7314,
#7315,#7316,#7317,#7318,#7319,#7320,#7321,#7322,#7323,#7324,#7325,#7326,
#7327,#7328,#7329,#7330,#7331,#7332,#7333,#7334,#7335,#7336,#7337,#7338,
#7339,#7340,#7341,#7342,#7343,#7344,#7345,#7346,#7347,#7348,#7349,#7350,
#7351,#7352,#7353,#7354,#7355,#7356,#7357,#7358,#7359,#7360,#7361,#7362,
#7363,#7364,#7365,#7366,#7367,#7368,#7369,#7370,#7371,#7372,#7373,#7374,
#7375,#7376,#7377,#7378,#7379,#7380,#7381,#7382,#7383,#7384,#7385,#7386,
#7387,#7388,#7389,#7390,#7391,#7392,#7393,#7394,#7395,#7396,#7397,#7398,
#7399,#7400,#7401,#7402,#7403,#7404,#7405,#7406,#7407,#7408,#7409,#7410,
#7411,#7412,#7413,#7414,#7415,#7416,#7417,#7418,#7419,#7420,#7421,#7422,
#7423,#7424,#7425,#7426,#7427,#7428,#7429,#7430,#7431,#7432,#7433,#7434,
#7435,#7436,#7437,#7438,#7439,#7440,#7441,#7442,#7443,#7444,#7445,#7446,
#7447,#7448,#7449,#7450,#7451,#7452,#7453,#7454,#7455,#7456,#7457,#7458,
#7459,#7460,#7461,#7462,#7463,#7464,#7465,#7466,#7467,#7468,#7469,#7470,
#7471,#7472,#7473,#7474,#7475,#7476,#7477,#7478,#7479,#7480,#7481,#7482,
#7483,#7484,#7485,#7486,#7487,#7488,#7489,#7490,#7491,#7492,#7493,#7494,
#7495,#7496,#7497,#7498,#7499,#7500,#7501,#7502,#7503,#7504,#7505,#7506,
#7507,#7508,#7509,#7510,#7511,#7512,#7513,#7514,#7515,#7516,#7517,#7518,
#7519,#7520,#7521,#7522,#7523,#7524,#7525,#7526,#7527,#7528,#7529,#7530,
#7531,#7532,#7533,#7534,#7535,#7536,#7537,#7538));
#7540=DERIVED_UNIT_ELEMENT(#7542,1.);
#7541=DERIVED_UNIT_ELEMENT(#15081,-3.);
#7542=(
MASS_UNIT()
NAMED_UNIT(*)
SI_UNIT(.KILO.,.GRAM.)
);
#7543=DERIVED_UNIT((#7540,#7541));
#7544=MEASURE_REPRESENTATION_ITEM('density measure',
POSITIVE_RATIO_MEASURE(7850.),#7543);
#7545=PROPERTY_DEFINITION_REPRESENTATION(#7550,#7547);
#7546=PROPERTY_DEFINITION_REPRESENTATION(#7551,#7548);
#7547=REPRESENTATION('material name',(#7549),#15078);
#7548=REPRESENTATION('density',(#7544),#15078);
#7549=DESCRIPTIVE_REPRESENTATION_ITEM('Steel','Steel');
#7550=PROPERTY_DEFINITION('material property','material name',#15088);
#7551=PROPERTY_DEFINITION('material property','density of part',#15088);
#7552=AXIS2_PLACEMENT_3D('',#8624,#7705,#7706);
#7553=AXIS2_PLACEMENT_3D('',#8625,#7707,#7708);
#7554=AXIS2_PLACEMENT_3D('',#8627,#7709,#7710);
#7555=AXIS2_PLACEMENT_3D('',#8630,#7712,#7713);
#7556=AXIS2_PLACEMENT_3D('',#8631,#7714,#7715);
#7557=AXIS2_PLACEMENT_3D('',#8632,#7716,#7717);
#7558=AXIS2_PLACEMENT_3D('',#8641,#7722,#7723);
#7559=AXIS2_PLACEMENT_3D('',#8739,#7731,#7732);
#7560=AXIS2_PLACEMENT_3D('',#8837,#7740,#7741);
#7561=AXIS2_PLACEMENT_3D('',#8843,#7745,#7746);
#7562=AXIS2_PLACEMENT_3D('',#8849,#7750,#7751);
#7563=AXIS2_PLACEMENT_3D('',#8947,#7759,#7760);
#7564=AXIS2_PLACEMENT_3D('',#8953,#7764,#7765);
#7565=AXIS2_PLACEMENT_3D('',#9051,#7773,#7774);
#7566=AXIS2_PLACEMENT_3D('',#9057,#7778,#7779);
#7567=AXIS2_PLACEMENT_3D('',#9063,#7783,#7784);
#7568=AXIS2_PLACEMENT_3D('',#9069,#7788,#7789);
#7569=AXIS2_PLACEMENT_3D('',#9075,#7793,#7794);
#7570=AXIS2_PLACEMENT_3D('',#9173,#7802,#7803);
#7571=AXIS2_PLACEMENT_3D('',#9271,#7811,#7812);
#7572=AXIS2_PLACEMENT_3D('',#9277,#7816,#7817);
#7573=AXIS2_PLACEMENT_3D('',#9280,#7820,#7821);
#7574=AXIS2_PLACEMENT_3D('',#9281,#7822,#7823);
#7575=AXIS2_PLACEMENT_3D('',#9290,#7828,#7829);
#7576=AXIS2_PLACEMENT_3D('',#9296,#7833,#7834);
#7577=AXIS2_PLACEMENT_3D('',#9302,#7838,#7839);
#7578=AXIS2_PLACEMENT_3D('',#9308,#7843,#7844);
#7579=AXIS2_PLACEMENT_3D('',#9406,#7852,#7853);
#7580=AXIS2_PLACEMENT_3D('',#9504,#7861,#7862);
#7581=AXIS2_PLACEMENT_3D('',#9510,#7866,#7867);
#7582=AXIS2_PLACEMENT_3D('',#9516,#7871,#7872);
#7583=AXIS2_PLACEMENT_3D('',#9614,#7880,#7881);
#7584=AXIS2_PLACEMENT_3D('',#9620,#7885,#7886);
#7585=AXIS2_PLACEMENT_3D('',#9626,#7890,#7891);
#7586=AXIS2_PLACEMENT_3D('',#9632,#7895,#7896);
#7587=AXIS2_PLACEMENT_3D('',#9730,#7904,#7905);
#7588=AXIS2_PLACEMENT_3D('',#9736,#7909,#7910);
#7589=AXIS2_PLACEMENT_3D('',#9742,#7914,#7915);
#7590=AXIS2_PLACEMENT_3D('',#9840,#7923,#7924);
#7591=AXIS2_PLACEMENT_3D('',#9938,#7932,#7933);
#7592=AXIS2_PLACEMENT_3D('',#9944,#7937,#7938);
#7593=AXIS2_PLACEMENT_3D('',#9950,#7942,#7943);
#7594=AXIS2_PLACEMENT_3D('',#9956,#7947,#7948);
#7595=AXIS2_PLACEMENT_3D('',#9959,#7951,#7952);
#7596=AXIS2_PLACEMENT_3D('',#10101,#7960,#7961);
#7597=AXIS2_PLACEMENT_3D('',#10245,#7971,#7972);
#7598=AXIS2_PLACEMENT_3D('',#10248,#7975,#7976);
#7599=AXIS2_PLACEMENT_3D('',#10418,#7988,#7989);
#7600=AXIS2_PLACEMENT_3D('',#10582,#7999,#8000);
#7601=AXIS2_PLACEMENT_3D('',#10583,#8001,#8002);
#7602=AXIS2_PLACEMENT_3D('',#10783,#8015,#8016);
#7603=AXIS2_PLACEMENT_3D('',#11419,#8028,#8029);
#7604=AXIS2_PLACEMENT_3D('',#11563,#8039,#8040);
#7605=AXIS2_PLACEMENT_3D('',#11566,#8043,#8044);
#7606=AXIS2_PLACEMENT_3D('',#11691,#8055,#8056);
#7607=AXIS2_PLACEMENT_3D('',#11812,#8065,#8066);
#7608=AXIS2_PLACEMENT_3D('',#11813,#8067,#8068);
#7609=AXIS2_PLACEMENT_3D('',#12412,#8101,#8102);
#7610=AXIS2_PLACEMENT_3D('',#12413,#8103,#8104);
#7611=AXIS2_PLACEMENT_3D('',#13054,#8137,#8138);
#7612=AXIS2_PLACEMENT_3D('',#13055,#8139,#8140);
#7613=AXIS2_PLACEMENT_3D('',#13056,#8141,#8142);
#7614=AXIS2_PLACEMENT_3D('',#13057,#8143,#8144);
#7615=AXIS2_PLACEMENT_3D('',#13131,#8152,#8153);
#7616=AXIS2_PLACEMENT_3D('',#13441,#8174,#8175);
#7617=AXIS2_PLACEMENT_3D('',#13513,#8182,#8183);
#7618=AXIS2_PLACEMENT_3D('',#13787,#8201,#8202);
#7619=AXIS2_PLACEMENT_3D('',#13788,#8203,#8204);
#7620=AXIS2_PLACEMENT_3D('',#13866,#8212,#8213);
#7621=AXIS2_PLACEMENT_3D('',#13964,#8221,#8222);
#7622=AXIS2_PLACEMENT_3D('',#13970,#8226,#8227);
#7623=AXIS2_PLACEMENT_3D('',#13973,#8230,#8231);
#7624=AXIS2_PLACEMENT_3D('',#13979,#8235,#8236);
#7625=AXIS2_PLACEMENT_3D('',#14051,#8243,#8244);
#7626=AXIS2_PLACEMENT_3D('',#14123,#8251,#8252);
#7627=AXIS2_PLACEMENT_3D('',#14178,#8258,#8259);
#7628=AXIS2_PLACEMENT_3D('',#14250,#8266,#8267);
#7629=AXIS2_PLACEMENT_3D('',#14252,#8269,#8270);
#7630=AXIS2_PLACEMENT_3D('',#14253,#8271,#8272);
#7631=AXIS2_PLACEMENT_3D('',#14333,#8278,#8279);
#7632=AXIS2_PLACEMENT_3D('',#14415,#8287,#8288);
#7633=AXIS2_PLACEMENT_3D('',#14418,#8291,#8292);
#7634=AXIS2_PLACEMENT_3D('',#14419,#8293,#8294);
#7635=AXIS2_PLACEMENT_3D('',#14428,#8299,#8300);
#7636=AXIS2_PLACEMENT_3D('',#14434,#8304,#8305);
#7637=AXIS2_PLACEMENT_3D('',#14440,#8309,#8310);
#7638=AXIS2_PLACEMENT_3D('',#14446,#8314,#8315);
#7639=AXIS2_PLACEMENT_3D('',#14452,#8319,#8320);
#7640=AXIS2_PLACEMENT_3D('',#14458,#8324,#8325);
#7641=AXIS2_PLACEMENT_3D('',#14464,#8329,#8330);
#7642=AXIS2_PLACEMENT_3D('',#14470,#8334,#8335);
#7643=AXIS2_PLACEMENT_3D('',#14476,#8339,#8340);
#7644=AXIS2_PLACEMENT_3D('',#14615,#8351,#8352);
#7645=AXIS2_PLACEMENT_3D('',#14773,#8364,#8365);
#7646=AXIS2_PLACEMENT_3D('',#14795,#8369,#8370);
#7647=AXIS2_PLACEMENT_3D('',#14797,#8371,#8372);
#7648=AXIS2_PLACEMENT_3D('',#14799,#8374,#8375);
#7649=AXIS2_PLACEMENT_3D('',#14800,#8376,#8377);
#7650=AXIS2_PLACEMENT_3D('',#14801,#8378,#8379);
#7651=AXIS2_PLACEMENT_3D('',#14802,#8380,#8381);
#7652=AXIS2_PLACEMENT_3D('',#14811,#8386,#8387);
#7653=AXIS2_PLACEMENT_3D('',#14817,#8391,#8392);
#7654=AXIS2_PLACEMENT_3D('',#14826,#8397,#8398);
#7655=AXIS2_PLACEMENT_3D('',#14832,#8402,#8403);
#7656=AXIS2_PLACEMENT_3D('',#14841,#8408,#8409);
#7657=AXIS2_PLACEMENT_3D('',#14847,#8413,#8414);
#7658=AXIS2_PLACEMENT_3D('',#14856,#8419,#8420);
#7659=AXIS2_PLACEMENT_3D('',#14862,#8424,#8425);
#7660=AXIS2_PLACEMENT_3D('',#14873,#8431,#8432);
#7661=AXIS2_PLACEMENT_3D('',#14882,#8437,#8438);
#7662=AXIS2_PLACEMENT_3D('',#14890,#8443,#8444);
#7663=AXIS2_PLACEMENT_3D('',#14896,#8448,#8449);
#7664=AXIS2_PLACEMENT_3D('',#14901,#8453,#8454);
#7665=AXIS2_PLACEMENT_3D('',#14905,#8457,#8458);
#7666=AXIS2_PLACEMENT_3D('',#14914,#8463,#8464);
#7667=AXIS2_PLACEMENT_3D('',#14920,#8468,#8469);
#7668=AXIS2_PLACEMENT_3D('',#14932,#8477,#8478);
#7669=AXIS2_PLACEMENT_3D('',#14938,#8482,#8483);
#7670=AXIS2_PLACEMENT_3D('',#14944,#8487,#8488);
#7671=AXIS2_PLACEMENT_3D('',#14948,#8491,#8492);
#7672=AXIS2_PLACEMENT_3D('',#14954,#8496,#8497);
#7673=AXIS2_PLACEMENT_3D('',#14964,#8504,#8505);
#7674=AXIS2_PLACEMENT_3D('',#14990,#8522,#8523);
#7675=AXIS2_PLACEMENT_3D('',#14992,#8525,#8526);
#7676=AXIS2_PLACEMENT_3D('',#14996,#8529,#8530);
#7677=AXIS2_PLACEMENT_3D('',#14998,#8532,#8533);
#7678=AXIS2_PLACEMENT_3D('',#14999,#8534,#8535);
#7679=AXIS2_PLACEMENT_3D('',#15006,#8540,#8541);
#7680=AXIS2_PLACEMENT_3D('',#15010,#8544,#8545);
#7681=AXIS2_PLACEMENT_3D('',#15014,#8548,#8549);
#7682=AXIS2_PLACEMENT_3D('',#15016,#8551,#8552);
#7683=AXIS2_PLACEMENT_3D('',#15018,#8554,#8555);
#7684=AXIS2_PLACEMENT_3D('',#15019,#8556,#8557);
#7685=AXIS2_PLACEMENT_3D('',#15021,#8559,#8560);
#7686=AXIS2_PLACEMENT_3D('',#15022,#8561,#8562);
#7687=AXIS2_PLACEMENT_3D('',#15026,#8565,#8566);
#7688=AXIS2_PLACEMENT_3D('',#15030,#8569,#8570);
#7689=AXIS2_PLACEMENT_3D('',#15032,#8572,#8573);
#7690=AXIS2_PLACEMENT_3D('',#15033,#8574,#8575);
#7691=AXIS2_PLACEMENT_3D('',#15037,#8578,#8579);
#7692=AXIS2_PLACEMENT_3D('',#15041,#8582,#8583);
#7693=AXIS2_PLACEMENT_3D('',#15043,#8585,#8586);
#7694=AXIS2_PLACEMENT_3D('',#15044,#8587,#8588);
#7695=AXIS2_PLACEMENT_3D('',#15050,#8592,#8593);
#7696=AXIS2_PLACEMENT_3D('',#15056,#8597,#8598);
#7697=AXIS2_PLACEMENT_3D('',#15059,#8601,#8602);
#7698=AXIS2_PLACEMENT_3D('',#15063,#8605,#8606);
#7699=AXIS2_PLACEMENT_3D('',#15067,#8609,#8610);
#7700=AXIS2_PLACEMENT_3D('',#15069,#8612,#8613);
#7701=AXIS2_PLACEMENT_3D('',#15070,#8614,#8615);
#7702=AXIS2_PLACEMENT_3D('',#15072,#8617,#8618);
#7703=AXIS2_PLACEMENT_3D('',#15073,#8619,#8620);
#7704=AXIS2_PLACEMENT_3D('',#15075,#8622,#8623);
#7705=DIRECTION('axis',(0.,0.,1.));
#7706=DIRECTION('refdir',(1.,0.,0.));
#7707=DIRECTION('center_axis',(0.,0.,1.));
#7708=DIRECTION('ref_axis',(-1.,0.,0.));
#7709=DIRECTION('center_axis',(0.,0.,1.));
#7710=DIRECTION('ref_axis',(-1.,0.,0.));
#7711=DIRECTION('',(0.,0.,-1.));
#7712=DIRECTION('center_axis',(0.,0.,-1.));
#7713=DIRECTION('ref_axis',(-1.,0.,0.));
#7714=DIRECTION('center_axis',(0.,0.,1.));
#7715=DIRECTION('ref_axis',(-1.,0.,0.));
#7716=DIRECTION('center_axis',(1.,0.,0.));
#7717=DIRECTION('ref_axis',(0.,1.,0.));
#7718=DIRECTION('',(0.,-1.,0.));
#7719=DIRECTION('',(0.,0.,1.));
#7720=DIRECTION('',(0.,1.,0.));
#7721=DIRECTION('',(0.,0.,1.));
#7722=DIRECTION('center_axis',(0.,1.,0.));
#7723=DIRECTION('ref_axis',(-1.,0.,0.));
#7724=DIRECTION('',(1.,0.,0.));
#7725=DIRECTION('',(-1.,0.,0.));
#7726=DIRECTION('',(0.,0.,1.));
#7727=DIRECTION('',(0.,0.,1.));
#7728=DIRECTION('',(0.,0.,1.));
#7729=DIRECTION('',(0.,0.,1.));
#7730=DIRECTION('',(0.,0.,1.));
#7731=DIRECTION('center_axis',(0.,-1.,0.));
#7732=DIRECTION('ref_axis',(1.,0.,0.));
#7733=DIRECTION('',(-1.,0.,0.));
#7734=DIRECTION('',(1.,0.,0.));
#7735=DIRECTION('',(0.,0.,1.));
#7736=DIRECTION('',(0.,0.,1.));
#7737=DIRECTION('',(0.,0.,1.));
#7738=DIRECTION('',(0.,0.,1.));
#7739=DIRECTION('',(0.,0.,1.));
#7740=DIRECTION('center_axis',(0.,1.,0.));
#7741=DIRECTION('ref_axis',(-1.,0.,0.));
#7742=DIRECTION('',(1.,0.,0.));
#7743=DIRECTION('',(-1.,0.,0.));
#7744=DIRECTION('',(0.,0.,1.));
#7745=DIRECTION('center_axis',(-1.,0.,0.));
#7746=DIRECTION('ref_axis',(0.,-1.,0.));
#7747=DIRECTION('',(0.,1.,0.));
#7748=DIRECTION('',(0.,-1.,0.));
#7749=DIRECTION('',(0.,0.,1.));
#7750=DIRECTION('center_axis',(0.,-1.,0.));
#7751=DIRECTION('ref_axis',(1.,0.,0.));
#7752=DIRECTION('',(-1.,0.,0.));
#7753=DIRECTION('',(1.,0.,0.));
#7754=DIRECTION('',(0.,0.,1.));
#7755=DIRECTION('',(0.,0.,1.));
#7756=DIRECTION('',(0.,0.,1.));
#7757=DIRECTION('',(0.,0.,1.));
#7758=DIRECTION('',(0.,0.,1.));
#7759=DIRECTION('center_axis',(0.,1.,0.));
#7760=DIRECTION('ref_axis',(-1.,0.,0.));
#7761=DIRECTION('',(1.,0.,0.));
#7762=DIRECTION('',(-1.,0.,0.));
#7763=DIRECTION('',(0.,0.,1.));
#7764=DIRECTION('center_axis',(1.,0.,0.));
#7765=DIRECTION('ref_axis',(0.,1.,0.));
#7766=DIRECTION('',(0.,-1.,0.));
#7767=DIRECTION('',(0.,1.,0.));
#7768=DIRECTION('',(0.,0.,1.));
#7769=DIRECTION('',(0.,0.,1.));
#7770=DIRECTION('',(0.,0.,1.));
#7771=DIRECTION('',(0.,0.,1.));
#7772=DIRECTION('',(0.,0.,1.));
#7773=DIRECTION('center_axis',(-1.,0.,0.));
#7774=DIRECTION('ref_axis',(0.,-1.,0.));
#7775=DIRECTION('',(0.,1.,0.));
#7776=DIRECTION('',(0.,-1.,0.));
#7777=DIRECTION('',(0.,0.,1.));
#7778=DIRECTION('center_axis',(0.,-1.,0.));
#7779=DIRECTION('ref_axis',(1.,0.,0.));
#7780=DIRECTION('',(-1.,0.,0.));
#7781=DIRECTION('',(1.,0.,0.));
#7782=DIRECTION('',(0.,0.,1.));
#7783=DIRECTION('center_axis',(1.,0.,0.));
#7784=DIRECTION('ref_axis',(0.,1.,0.));
#7785=DIRECTION('',(0.,-1.,0.));
#7786=DIRECTION('',(0.,1.,0.));
#7787=DIRECTION('',(0.,0.,1.));
#7788=DIRECTION('center_axis',(0.,1.,0.));
#7789=DIRECTION('ref_axis',(-1.,0.,0.));
#7790=DIRECTION('',(1.,0.,0.));
#7791=DIRECTION('',(-1.,0.,0.));
#7792=DIRECTION('',(0.,0.,1.));
#7793=DIRECTION('center_axis',(-1.,0.,0.));
#7794=DIRECTION('ref_axis',(0.,-1.,0.));
#7795=DIRECTION('',(0.,1.,0.));
#7796=DIRECTION('',(0.,-1.,0.));
#7797=DIRECTION('',(0.,0.,1.));
#7798=DIRECTION('',(0.,0.,1.));
#7799=DIRECTION('',(0.,0.,1.));
#7800=DIRECTION('',(0.,0.,1.));
#7801=DIRECTION('',(0.,0.,1.));
#7802=DIRECTION('center_axis',(1.,0.,0.));
#7803=DIRECTION('ref_axis',(0.,1.,0.));
#7804=DIRECTION('',(0.,-1.,0.));
#7805=DIRECTION('',(0.,1.,0.));
#7806=DIRECTION('',(0.,0.,1.));
#7807=DIRECTION('',(0.,0.,1.));
#7808=DIRECTION('',(0.,0.,1.));
#7809=DIRECTION('',(0.,0.,1.));
#7810=DIRECTION('',(0.,0.,1.));
#7811=DIRECTION('center_axis',(-1.,0.,0.));
#7812=DIRECTION('ref_axis',(0.,-1.,0.));
#7813=DIRECTION('',(0.,1.,0.));
#7814=DIRECTION('',(0.,-1.,0.));
#7815=DIRECTION('',(0.,0.,1.));
#7816=DIRECTION('center_axis',(0.,-1.,0.));
#7817=DIRECTION('ref_axis',(1.,0.,0.));
#7818=DIRECTION('',(-1.,0.,0.));
#7819=DIRECTION('',(1.,0.,0.));
#7820=DIRECTION('center_axis',(0.,0.,1.));
#7821=DIRECTION('ref_axis',(-1.,0.,0.));
#7822=DIRECTION('center_axis',(0.,-1.,0.));
#7823=DIRECTION('ref_axis',(1.,0.,0.));
#7824=DIRECTION('',(-1.,0.,0.));
#7825=DIRECTION('',(0.,0.,1.));
#7826=DIRECTION('',(1.,0.,0.));
#7827=DIRECTION('',(0.,0.,1.));
#7828=DIRECTION('center_axis',(-0.915498633307206,-0.402321081243126,0.));
#7829=DIRECTION('ref_axis',(0.402321081243126,-0.915498633307206,0.));
#7830=DIRECTION('',(-0.402321081243126,0.915498633307206,0.));
#7831=DIRECTION('',(0.402321081243126,-0.915498633307206,0.));
#7832=DIRECTION('',(0.,0.,1.));
#7833=DIRECTION('center_axis',(0.,-1.,0.));
#7834=DIRECTION('ref_axis',(1.,0.,0.));
#7835=DIRECTION('',(-1.,0.,0.));
#7836=DIRECTION('',(1.,0.,0.));
#7837=DIRECTION('',(0.,0.,1.));
#7838=DIRECTION('center_axis',(1.,0.,0.));
#7839=DIRECTION('ref_axis',(0.,1.,0.));
#7840=DIRECTION('',(0.,-1.,0.));
#7841=DIRECTION('',(0.,1.,0.));
#7842=DIRECTION('',(0.,0.,1.));
#7843=DIRECTION('center_axis',(0.,1.,0.));
#7844=DIRECTION('ref_axis',(-1.,0.,0.));
#7845=DIRECTION('',(1.,0.,0.));
#7846=DIRECTION('',(-1.,0.,0.));
#7847=DIRECTION('',(0.,0.,1.));
#7848=DIRECTION('',(0.,0.,1.));
#7849=DIRECTION('',(0.,0.,1.));
#7850=DIRECTION('',(0.,0.,1.));
#7851=DIRECTION('',(0.,0.,1.));
#7852=DIRECTION('center_axis',(0.,-1.,0.));
#7853=DIRECTION('ref_axis',(1.,0.,0.));
#7854=DIRECTION('',(-1.,0.,0.));
#7855=DIRECTION('',(1.,0.,0.));
#7856=DIRECTION('',(0.,0.,1.));
#7857=DIRECTION('',(0.,0.,1.));
#7858=DIRECTION('',(0.,0.,1.));
#7859=DIRECTION('',(0.,0.,1.));
#7860=DIRECTION('',(0.,0.,1.));
#7861=DIRECTION('center_axis',(0.,1.,0.));
#7862=DIRECTION('ref_axis',(-1.,0.,0.));
#7863=DIRECTION('',(1.,0.,0.));
#7864=DIRECTION('',(-1.,0.,0.));
#7865=DIRECTION('',(0.,0.,1.));
#7866=DIRECTION('center_axis',(-1.,0.,0.));
#7867=DIRECTION('ref_axis',(0.,-1.,0.));
#7868=DIRECTION('',(0.,1.,0.));
#7869=DIRECTION('',(0.,-1.,0.));
#7870=DIRECTION('',(0.,0.,1.));
#7871=DIRECTION('center_axis',(0.,-1.,0.));
#7872=DIRECTION('ref_axis',(1.,0.,0.));
#7873=DIRECTION('',(-1.,0.,0.));
#7874=DIRECTION('',(1.,0.,0.));
#7875=DIRECTION('',(0.,0.,1.));
#7876=DIRECTION('',(0.,0.,1.));
#7877=DIRECTION('',(0.,0.,1.));
#7878=DIRECTION('',(0.,0.,1.));
#7879=DIRECTION('',(0.,0.,1.));
#7880=DIRECTION('center_axis',(0.,1.,0.));
#7881=DIRECTION('ref_axis',(-1.,0.,0.));
#7882=DIRECTION('',(1.,0.,0.));
#7883=DIRECTION('',(-1.,0.,0.));
#7884=DIRECTION('',(0.,0.,1.));
#7885=DIRECTION('center_axis',(0.915575941699296,0.402145116819099,0.));
#7886=DIRECTION('ref_axis',(-0.402145116819099,0.915575941699296,0.));
#7887=DIRECTION('',(0.402145116819099,-0.915575941699296,0.));
#7888=DIRECTION('',(-0.402145116819099,0.915575941699296,0.));
#7889=DIRECTION('',(0.,0.,1.));
#7890=DIRECTION('center_axis',(-0.917894443168956,0.396824635323403,0.));
#7891=DIRECTION('ref_axis',(-0.396824635323403,-0.917894443168956,0.));
#7892=DIRECTION('',(0.396824635323403,0.917894443168956,0.));
#7893=DIRECTION('',(-0.396824635323403,-0.917894443168956,0.));
#7894=DIRECTION('',(0.,0.,1.));
#7895=DIRECTION('center_axis',(0.,1.,0.));
#7896=DIRECTION('ref_axis',(-1.,0.,0.));
#7897=DIRECTION('',(1.,0.,0.));
#7898=DIRECTION('',(-1.,0.,0.));
#7899=DIRECTION('',(0.,0.,1.));
#7900=DIRECTION('',(0.,0.,1.));
#7901=DIRECTION('',(0.,0.,1.));
#7902=DIRECTION('',(0.,0.,1.));
#7903=DIRECTION('',(0.,0.,1.));
#7904=DIRECTION('center_axis',(0.,-1.,0.));
#7905=DIRECTION('ref_axis',(1.,0.,0.));
#7906=DIRECTION('',(-1.,0.,0.));
#7907=DIRECTION('',(1.,0.,0.));
#7908=DIRECTION('',(0.,0.,1.));
#7909=DIRECTION('center_axis',(1.,0.,0.));
#7910=DIRECTION('ref_axis',(0.,1.,0.));
#7911=DIRECTION('',(0.,-1.,0.));
#7912=DIRECTION('',(0.,1.,0.));
#7913=DIRECTION('',(0.,0.,1.));
#7914=DIRECTION('center_axis',(0.,1.,0.));
#7915=DIRECTION('ref_axis',(-1.,0.,0.));
#7916=DIRECTION('',(1.,0.,0.));
#7917=DIRECTION('',(-1.,0.,0.));
#7918=DIRECTION('',(0.,0.,1.));
#7919=DIRECTION('',(0.,0.,1.));
#7920=DIRECTION('',(0.,0.,1.));
#7921=DIRECTION('',(0.,0.,1.));
#7922=DIRECTION('',(0.,0.,1.));
#7923=DIRECTION('center_axis',(0.,-1.,0.));
#7924=DIRECTION('ref_axis',(1.,0.,0.));
#7925=DIRECTION('',(-1.,0.,0.));
#7926=DIRECTION('',(1.,0.,0.));
#7927=DIRECTION('',(0.,0.,1.));
#7928=DIRECTION('',(0.,0.,1.));
#7929=DIRECTION('',(0.,0.,1.));
#7930=DIRECTION('',(0.,0.,1.));
#7931=DIRECTION('',(0.,0.,1.));
#7932=DIRECTION('center_axis',(0.,1.,0.));
#7933=DIRECTION('ref_axis',(-1.,0.,0.));
#7934=DIRECTION('',(1.,0.,0.));
#7935=DIRECTION('',(-1.,0.,0.));
#7936=DIRECTION('',(0.,0.,1.));
#7937=DIRECTION('center_axis',(-1.,0.,0.));
#7938=DIRECTION('ref_axis',(0.,-1.,0.));
#7939=DIRECTION('',(0.,1.,0.));
#7940=DIRECTION('',(0.,-1.,0.));
#7941=DIRECTION('',(0.,0.,1.));
#7942=DIRECTION('center_axis',(0.,-1.,0.));
#7943=DIRECTION('ref_axis',(1.,0.,0.));
#7944=DIRECTION('',(-1.,0.,0.));
#7945=DIRECTION('',(1.,0.,0.));
#7946=DIRECTION('',(0.,0.,1.));
#7947=DIRECTION('center_axis',(0.918237985700941,-0.396029041379389,0.));
#7948=DIRECTION('ref_axis',(0.396029041379389,0.918237985700941,0.));
#7949=DIRECTION('',(-0.396029041379389,-0.918237985700941,0.));
#7950=DIRECTION('',(0.396029041379389,0.918237985700941,0.));
#7951=DIRECTION('center_axis',(0.,0.,1.));
#7952=DIRECTION('ref_axis',(-1.,0.,0.));
#7953=DIRECTION('',(0.,0.,1.));
#7954=DIRECTION('',(0.,0.,1.));
#7955=DIRECTION('',(0.,0.,1.));
#7956=DIRECTION('',(0.,0.,1.));
#7957=DIRECTION('',(0.,0.,1.));
#7958=DIRECTION('',(0.,0.,1.));
#7959=DIRECTION('',(0.,0.,1.));
#7960=DIRECTION('center_axis',(1.,0.,0.));
#7961=DIRECTION('ref_axis',(0.,1.,0.));
#7962=DIRECTION('',(0.,-1.,0.));
#7963=DIRECTION('',(0.,1.,0.));
#7964=DIRECTION('',(0.,0.,1.));
#7965=DIRECTION('',(0.,0.,1.));
#7966=DIRECTION('',(0.,0.,1.));
#7967=DIRECTION('',(0.,0.,1.));
#7968=DIRECTION('',(0.,0.,1.));
#7969=DIRECTION('',(0.,0.,1.));
#7970=DIRECTION('',(0.,0.,1.));
#7971=DIRECTION('center_axis',(-1.,0.,0.));
#7972=DIRECTION('ref_axis',(0.,-1.,0.));
#7973=DIRECTION('',(0.,1.,0.));
#7974=DIRECTION('',(0.,-1.,0.));
#7975=DIRECTION('center_axis',(1.,0.,0.));
#7976=DIRECTION('ref_axis',(0.,1.,0.));
#7977=DIRECTION('',(0.,-1.,0.));
#7978=DIRECTION('',(0.,0.,1.));
#7979=DIRECTION('',(0.,1.,0.));
#7980=DIRECTION('',(0.,0.,1.));
#7981=DIRECTION('',(0.,0.,1.));
#7982=DIRECTION('',(0.,0.,1.));
#7983=DIRECTION('',(0.,0.,1.));
#7984=DIRECTION('',(0.,0.,1.));
#7985=DIRECTION('',(0.,0.,1.));
#7986=DIRECTION('',(0.,0.,1.));
#7987=DIRECTION('',(0.,0.,1.));
#7988=DIRECTION('center_axis',(-1.,0.,0.));
#7989=DIRECTION('ref_axis',(0.,-1.,0.));
#7990=DIRECTION('',(0.,1.,0.));
#7991=DIRECTION('',(0.,-1.,0.));
#7992=DIRECTION('',(0.,0.,1.));
#7993=DIRECTION('',(0.,0.,1.));
#7994=DIRECTION('',(0.,0.,1.));
#7995=DIRECTION('',(0.,0.,1.));
#7996=DIRECTION('',(0.,0.,1.));
#7997=DIRECTION('',(0.,0.,1.));
#7998=DIRECTION('',(0.,0.,1.));
#7999=DIRECTION('center_axis',(0.,0.,1.));
#8000=DIRECTION('ref_axis',(-1.,0.,0.));
#8001=DIRECTION('center_axis',(0.,0.,1.));
#8002=DIRECTION('ref_axis',(1.,0.,0.));
#8003=DIRECTION('',(-1.,0.,0.));
#8004=DIRECTION('',(0.,-1.,0.));
#8005=DIRECTION('',(1.,0.,0.));
#8006=DIRECTION('',(0.,1.,0.));
#8007=DIRECTION('',(0.,-1.,0.));
#8008=DIRECTION('',(0.,1.,0.));
#8009=DIRECTION('',(0.,1.,0.));
#8010=DIRECTION('',(-1.,0.,0.));
#8011=DIRECTION('',(1.,0.,0.));
#8012=DIRECTION('',(0.,-1.,0.));
#8013=DIRECTION('',(-1.,0.,0.));
#8014=DIRECTION('',(1.,0.,0.));
#8015=DIRECTION('center_axis',(0.,0.,-1.));
#8016=DIRECTION('ref_axis',(1.,0.,0.));
#8017=DIRECTION('',(0.,1.,0.));
#8018=DIRECTION('',(0.,-1.,0.));
#8019=DIRECTION('',(0.,-1.,0.));
#8020=DIRECTION('',(0.,1.,0.));
#8021=DIRECTION('',(0.,0.,1.));
#8022=DIRECTION('',(0.,0.,1.));
#8023=DIRECTION('',(0.,0.,1.));
#8024=DIRECTION('',(0.,0.,1.));
#8025=DIRECTION('',(0.,0.,1.));
#8026=DIRECTION('',(0.,0.,1.));
#8027=DIRECTION('',(0.,0.,1.));
#8028=DIRECTION('center_axis',(1.,0.,0.));
#8029=DIRECTION('ref_axis',(0.,1.,0.));
#8030=DIRECTION('',(0.,-1.,0.));
#8031=DIRECTION('',(0.,1.,0.));
#8032=DIRECTION('',(0.,0.,1.));
#8033=DIRECTION('',(0.,0.,1.));
#8034=DIRECTION('',(0.,0.,1.));
#8035=DIRECTION('',(0.,0.,1.));
#8036=DIRECTION('',(0.,0.,1.));
#8037=DIRECTION('',(0.,0.,1.));
#8038=DIRECTION('',(0.,0.,1.));
#8039=DIRECTION('center_axis',(-1.,0.,0.));
#8040=DIRECTION('ref_axis',(0.,-1.,0.));
#8041=DIRECTION('',(0.,1.,0.));
#8042=DIRECTION('',(0.,-1.,0.));
#8043=DIRECTION('center_axis',(1.,0.,0.));
#8044=DIRECTION('ref_axis',(0.,1.,0.));
#8045=DIRECTION('',(0.,0.,1.));
#8046=DIRECTION('',(0.,1.,0.));
#8047=DIRECTION('',(0.,0.,1.));
#8048=DIRECTION('',(0.,0.,1.));
#8049=DIRECTION('',(0.,0.,1.));
#8050=DIRECTION('',(0.,0.,1.));
#8051=DIRECTION('',(0.,0.,1.));
#8052=DIRECTION('',(0.,0.,1.));
#8053=DIRECTION('',(0.,0.,1.));
#8054=DIRECTION('',(0.,0.,1.));
#8055=DIRECTION('center_axis',(-1.,0.,0.));
#8056=DIRECTION('ref_axis',(0.,-1.,0.));
#8057=DIRECTION('',(0.,-1.,0.));
#8058=DIRECTION('',(0.,0.,1.));
#8059=DIRECTION('',(0.,0.,1.));
#8060=DIRECTION('',(0.,0.,1.));
#8061=DIRECTION('',(0.,0.,1.));
#8062=DIRECTION('',(0.,0.,1.));
#8063=DIRECTION('',(0.,0.,1.));
#8064=DIRECTION('',(0.,0.,1.));
#8065=DIRECTION('center_axis',(0.,0.,1.));
#8066=DIRECTION('ref_axis',(-1.,0.,0.));
#8067=DIRECTION('center_axis',(0.,0.,1.));
#8068=DIRECTION('ref_axis',(1.,0.,0.));
#8069=DIRECTION('',(0.,0.,1.));
#8070=DIRECTION('',(0.,0.,1.));
#8071=DIRECTION('',(0.,0.,1.));
#8072=DIRECTION('',(0.,0.,1.));
#8073=DIRECTION('',(0.,0.,1.));
#8074=DIRECTION('',(0.,0.,1.));
#8075=DIRECTION('',(0.,0.,1.));
#8076=DIRECTION('',(0.,0.,1.));
#8077=DIRECTION('',(0.,0.,1.));
#8078=DIRECTION('',(0.,0.,1.));
#8079=DIRECTION('',(0.,0.,1.));
#8080=DIRECTION('',(0.,0.,1.));
#8081=DIRECTION('',(0.,0.,1.));
#8082=DIRECTION('',(0.,0.,1.));
#8083=DIRECTION('',(0.,0.,1.));
#8084=DIRECTION('',(0.,0.,1.));
#8085=DIRECTION('',(0.,0.,1.));
#8086=DIRECTION('',(0.,0.,1.));
#8087=DIRECTION('',(0.,0.,1.));
#8088=DIRECTION('',(0.,0.,1.));
#8089=DIRECTION('',(0.,0.,1.));
#8090=DIRECTION('',(0.,0.,1.));
#8091=DIRECTION('',(0.,0.,1.));
#8092=DIRECTION('',(0.,0.,1.));
#8093=DIRECTION('',(0.,0.,1.));
#8094=DIRECTION('',(0.,0.,1.));
#8095=DIRECTION('',(0.,0.,1.));
#8096=DIRECTION('',(0.,0.,1.));
#8097=DIRECTION('',(0.,0.,1.));
#8098=DIRECTION('',(0.,0.,1.));
#8099=DIRECTION('',(0.,0.,1.));
#8100=DIRECTION('',(0.,0.,1.));
#8101=DIRECTION('center_axis',(0.,0.,1.));
#8102=DIRECTION('ref_axis',(-1.,0.,0.));
#8103=DIRECTION('center_axis',(0.,0.,1.));
#8104=DIRECTION('ref_axis',(1.,0.,0.));
#8105=DIRECTION('',(0.,0.,1.));
#8106=DIRECTION('',(0.,0.,1.));
#8107=DIRECTION('',(0.,0.,1.));
#8108=DIRECTION('',(0.,0.,1.));
#8109=DIRECTION('',(0.,0.,1.));
#8110=DIRECTION('',(0.,0.,1.));
#8111=DIRECTION('',(0.,0.,1.));
#8112=DIRECTION('',(0.,0.,1.));
#8113=DIRECTION('',(0.,0.,1.));
#8114=DIRECTION('',(0.,0.,1.));
#8115=DIRECTION('',(0.,0.,1.));
#8116=DIRECTION('',(0.,0.,1.));
#8117=DIRECTION('',(0.,0.,1.));
#8118=DIRECTION('',(0.,0.,1.));
#8119=DIRECTION('',(0.,0.,1.));
#8120=DIRECTION('',(0.,0.,1.));
#8121=DIRECTION('',(0.,0.,1.));
#8122=DIRECTION('',(0.,0.,1.));
#8123=DIRECTION('',(0.,0.,1.));
#8124=DIRECTION('',(0.,0.,1.));
#8125=DIRECTION('',(0.,0.,1.));
#8126=DIRECTION('',(0.,0.,1.));
#8127=DIRECTION('',(0.,0.,1.));
#8128=DIRECTION('',(0.,0.,1.));
#8129=DIRECTION('',(0.,0.,1.));
#8130=DIRECTION('',(0.,0.,1.));
#8131=DIRECTION('',(0.,0.,1.));
#8132=DIRECTION('',(0.,0.,1.));
#8133=DIRECTION('',(0.,0.,1.));
#8134=DIRECTION('',(0.,0.,1.));
#8135=DIRECTION('',(0.,0.,1.));
#8136=DIRECTION('',(0.,0.,1.));
#8137=DIRECTION('center_axis',(0.,0.,1.));
#8138=DIRECTION('ref_axis',(-1.,0.,0.));
#8139=DIRECTION('center_axis',(0.,0.,1.));
#8140=DIRECTION('ref_axis',(1.,0.,0.));
#8141=DIRECTION('center_axis',(0.,0.,1.));
#8142=DIRECTION('ref_axis',(1.,0.,0.));
#8143=DIRECTION('center_axis',(-1.,0.,0.));
#8144=DIRECTION('ref_axis',(0.,-1.,0.));
#8145=DIRECTION('',(0.,0.,1.));
#8146=DIRECTION('',(0.,-1.,0.));
#8147=DIRECTION('',(0.,0.,1.));
#8148=DIRECTION('',(0.,0.,1.));
#8149=DIRECTION('',(0.,0.,1.));
#8150=DIRECTION('',(0.,0.,1.));
#8151=DIRECTION('',(0.,0.,1.));
#8152=DIRECTION('center_axis',(1.,0.,0.));
#8153=DIRECTION('ref_axis',(0.,1.,0.));
#8154=DIRECTION('',(0.,1.,0.));
#8155=DIRECTION('',(0.,0.,1.));
#8156=DIRECTION('',(0.,0.,1.));
#8157=DIRECTION('',(0.,0.,1.));
#8158=DIRECTION('',(0.,0.,1.));
#8159=DIRECTION('',(0.,0.,1.));
#8160=DIRECTION('',(0.,0.,1.));
#8161=DIRECTION('',(0.,0.,1.));
#8162=DIRECTION('',(0.,0.,1.));
#8163=DIRECTION('',(0.,0.,1.));
#8164=DIRECTION('',(0.,0.,1.));
#8165=DIRECTION('',(0.,0.,1.));
#8166=DIRECTION('',(0.,0.,1.));
#8167=DIRECTION('',(0.,0.,1.));
#8168=DIRECTION('',(0.,0.,1.));
#8169=DIRECTION('',(0.,0.,1.));
#8170=DIRECTION('',(0.,0.,1.));
#8171=DIRECTION('',(0.,0.,1.));
#8172=DIRECTION('',(0.,0.,1.));
#8173=DIRECTION('',(0.,0.,1.));
#8174=DIRECTION('center_axis',(1.,0.,0.));
#8175=DIRECTION('ref_axis',(0.,1.,0.));
#8176=DIRECTION('',(0.,1.,0.));
#8177=DIRECTION('',(0.,0.,1.));
#8178=DIRECTION('',(0.,0.,1.));
#8179=DIRECTION('',(0.,0.,1.));
#8180=DIRECTION('',(0.,0.,1.));
#8181=DIRECTION('',(0.,0.,1.));
#8182=DIRECTION('center_axis',(-1.,0.,0.));
#8183=DIRECTION('ref_axis',(0.,-1.,0.));
#8184=DIRECTION('',(0.,-1.,0.));
#8185=DIRECTION('',(0.,0.,1.));
#8186=DIRECTION('',(0.,0.,1.));
#8187=DIRECTION('',(0.,0.,1.));
#8188=DIRECTION('',(0.,0.,1.));
#8189=DIRECTION('',(0.,0.,1.));
#8190=DIRECTION('',(0.,0.,1.));
#8191=DIRECTION('',(0.,0.,1.));
#8192=DIRECTION('',(0.,0.,1.));
#8193=DIRECTION('',(0.,0.,1.));
#8194=DIRECTION('',(0.,0.,1.));
#8195=DIRECTION('',(0.,0.,1.));
#8196=DIRECTION('',(0.,0.,1.));
#8197=DIRECTION('',(0.,0.,1.));
#8198=DIRECTION('',(0.,0.,1.));
#8199=DIRECTION('',(0.,0.,1.));
#8200=DIRECTION('',(0.,0.,1.));
#8201=DIRECTION('center_axis',(0.,0.,1.));
#8202=DIRECTION('ref_axis',(-1.,0.,0.));
#8203=DIRECTION('center_axis',(0.,1.,0.));
#8204=DIRECTION('ref_axis',(-1.,0.,0.));
#8205=DIRECTION('',(1.,0.,0.));
#8206=DIRECTION('',(0.,0.,1.));
#8207=DIRECTION('',(-1.,0.,0.));
#8208=DIRECTION('',(0.,0.,1.));
#8209=DIRECTION('',(0.,0.,1.));
#8210=DIRECTION('',(0.,0.,1.));
#8211=DIRECTION('',(0.,0.,1.));
#8212=DIRECTION('center_axis',(-1.,0.,0.));
#8213=DIRECTION('ref_axis',(0.,-1.,0.));
#8214=DIRECTION('',(0.,1.,0.));
#8215=DIRECTION('',(0.,-1.,0.));
#8216=DIRECTION('',(0.,0.,1.));
#8217=DIRECTION('',(0.,0.,1.));
#8218=DIRECTION('',(0.,0.,1.));
#8219=DIRECTION('',(0.,0.,1.));
#8220=DIRECTION('',(0.,0.,1.));
#8221=DIRECTION('center_axis',(0.,-1.,0.));
#8222=DIRECTION('ref_axis',(1.,0.,0.));
#8223=DIRECTION('',(-1.,0.,0.));
#8224=DIRECTION('',(1.,0.,0.));
#8225=DIRECTION('',(0.,0.,1.));
#8226=DIRECTION('center_axis',(1.,0.,0.));
#8227=DIRECTION('ref_axis',(0.,1.,0.));
#8228=DIRECTION('',(0.,-1.,0.));
#8229=DIRECTION('',(0.,1.,0.));
#8230=DIRECTION('center_axis',(-1.,0.,0.));
#8231=DIRECTION('ref_axis',(0.,-1.,0.));
#8232=DIRECTION('',(0.,0.,1.));
#8233=DIRECTION('',(0.,-1.,0.));
#8234=DIRECTION('',(0.,0.,1.));
#8235=DIRECTION('center_axis',(0.,-1.,0.));
#8236=DIRECTION('ref_axis',(1.,0.,0.));
#8237=DIRECTION('',(1.,0.,0.));
#8238=DIRECTION('',(0.,0.,1.));
#8239=DIRECTION('',(0.,0.,1.));
#8240=DIRECTION('',(0.,0.,1.));
#8241=DIRECTION('',(0.,0.,1.));
#8242=DIRECTION('',(0.,0.,1.));
#8243=DIRECTION('center_axis',(0.,1.,0.));
#8244=DIRECTION('ref_axis',(-1.,0.,0.));
#8245=DIRECTION('',(-1.,0.,0.));
#8246=DIRECTION('',(0.,0.,1.));
#8247=DIRECTION('',(0.,0.,1.));
#8248=DIRECTION('',(0.,0.,1.));
#8249=DIRECTION('',(0.,0.,1.));
#8250=DIRECTION('',(0.,0.,1.));
#8251=DIRECTION('center_axis',(1.,0.,0.));
#8252=DIRECTION('ref_axis',(0.,1.,0.));
#8253=DIRECTION('',(0.,1.,0.));
#8254=DIRECTION('',(0.,0.,1.));
#8255=DIRECTION('',(0.,0.,1.));
#8256=DIRECTION('',(0.,0.,1.));
#8257=DIRECTION('',(0.,0.,1.));
#8258=DIRECTION('center_axis',(0.,-1.,0.));
#8259=DIRECTION('ref_axis',(1.,0.,0.));
#8260=DIRECTION('',(1.,0.,0.));
#8261=DIRECTION('',(0.,0.,1.));
#8262=DIRECTION('',(0.,0.,1.));
#8263=DIRECTION('',(0.,0.,1.));
#8264=DIRECTION('',(0.,0.,1.));
#8265=DIRECTION('',(0.,0.,1.));
#8266=DIRECTION('center_axis',(0.,1.,0.));
#8267=DIRECTION('ref_axis',(-1.,0.,0.));
#8268=DIRECTION('',(-1.,0.,0.));
#8269=DIRECTION('center_axis',(0.,0.,1.));
#8270=DIRECTION('ref_axis',(-1.,0.,0.));
#8271=DIRECTION('center_axis',(0.,0.,1.));
#8272=DIRECTION('ref_axis',(1.,0.,0.));
#8273=DIRECTION('',(0.,0.,1.));
#8274=DIRECTION('',(0.,0.,1.));
#8275=DIRECTION('',(0.,0.,1.));
#8276=DIRECTION('',(0.,0.,1.));
#8277=DIRECTION('',(0.,0.,1.));
#8278=DIRECTION('center_axis',(-1.,0.,0.));
#8279=DIRECTION('ref_axis',(0.,-1.,0.));
#8280=DIRECTION('',(0.,1.,0.));
#8281=DIRECTION('',(0.,-1.,0.));
#8282=DIRECTION('',(0.,0.,1.));
#8283=DIRECTION('',(0.,0.,1.));
#8284=DIRECTION('',(0.,0.,1.));
#8285=DIRECTION('',(0.,0.,1.));
#8286=DIRECTION('',(0.,0.,1.));
#8287=DIRECTION('center_axis',(1.,0.,0.));
#8288=DIRECTION('ref_axis',(0.,1.,0.));
#8289=DIRECTION('',(0.,-1.,0.));
#8290=DIRECTION('',(0.,1.,0.));
#8291=DIRECTION('center_axis',(0.,0.,1.));
#8292=DIRECTION('ref_axis',(-1.,0.,0.));
#8293=DIRECTION('center_axis',(-0.962560773482763,-0.271065964946295,0.));
#8294=DIRECTION('ref_axis',(0.271065964946295,-0.962560773482763,0.));
#8295=DIRECTION('',(-0.271065964946295,0.962560773482763,0.));
#8296=DIRECTION('',(0.,0.,1.));
#8297=DIRECTION('',(0.271065964946295,-0.962560773482763,0.));
#8298=DIRECTION('',(0.,0.,1.));
#8299=DIRECTION('center_axis',(0.,-1.,0.));
#8300=DIRECTION('ref_axis',(1.,0.,0.));
#8301=DIRECTION('',(-1.,0.,0.));
#8302=DIRECTION('',(1.,0.,0.));
#8303=DIRECTION('',(0.,0.,1.));
#8304=DIRECTION('center_axis',(1.,-2.72475228458981E-16,0.));
#8305=DIRECTION('ref_axis',(2.72475228458981E-16,1.,0.));
#8306=DIRECTION('',(-2.72475228458981E-16,-1.,0.));
#8307=DIRECTION('',(2.72475228458981E-16,1.,0.));
#8308=DIRECTION('',(0.,0.,1.));
#8309=DIRECTION('center_axis',(0.,1.,0.));
#8310=DIRECTION('ref_axis',(-1.,0.,0.));
#8311=DIRECTION('',(1.,0.,0.));
#8312=DIRECTION('',(-1.,0.,0.));
#8313=DIRECTION('',(0.,0.,1.));
#8314=DIRECTION('center_axis',(-1.,0.,0.));
#8315=DIRECTION('ref_axis',(0.,-1.,0.));
#8316=DIRECTION('',(0.,1.,0.));
#8317=DIRECTION('',(0.,-1.,0.));
#8318=DIRECTION('',(0.,0.,1.));
#8319=DIRECTION('center_axis',(0.967146086425265,0.254221257003213,0.));
#8320=DIRECTION('ref_axis',(-0.254221257003213,0.967146086425265,0.));
#8321=DIRECTION('',(0.254221257003213,-0.967146086425265,0.));
#8322=DIRECTION('',(-0.254221257003213,0.967146086425265,0.));
#8323=DIRECTION('',(0.,0.,1.));
#8324=DIRECTION('center_axis',(2.72475228458981E-15,1.,0.));
#8325=DIRECTION('ref_axis',(-1.,2.72475228458981E-15,0.));
#8326=DIRECTION('',(1.,-2.72475228458981E-15,0.));
#8327=DIRECTION('',(-1.,2.72475228458981E-15,0.));
#8328=DIRECTION('',(0.,0.,1.));
#8329=DIRECTION('center_axis',(-1.,0.,0.));
#8330=DIRECTION('ref_axis',(0.,-1.,0.));
#8331=DIRECTION('',(0.,1.,0.));
#8332=DIRECTION('',(0.,-1.,0.));
#8333=DIRECTION('',(0.,0.,1.));
#8334=DIRECTION('center_axis',(0.,-1.,0.));
#8335=DIRECTION('ref_axis',(1.,0.,0.));
#8336=DIRECTION('',(-1.,0.,0.));
#8337=DIRECTION('',(1.,0.,0.));
#8338=DIRECTION('',(0.,0.,1.));
#8339=DIRECTION('center_axis',(1.,0.,0.));
#8340=DIRECTION('ref_axis',(0.,1.,0.));
#8341=DIRECTION('',(0.,-1.,0.));
#8342=DIRECTION('',(0.,1.,0.));
#8343=DIRECTION('',(0.,0.,1.));
#8344=DIRECTION('',(0.,0.,1.));
#8345=DIRECTION('',(0.,0.,1.));
#8346=DIRECTION('',(0.,0.,1.));
#8347=DIRECTION('',(0.,0.,1.));
#8348=DIRECTION('',(0.,0.,1.));
#8349=DIRECTION('',(0.,0.,1.));
#8350=DIRECTION('',(0.,0.,1.));
#8351=DIRECTION('center_axis',(1.,-7.94719416338693E-16,0.));
#8352=DIRECTION('ref_axis',(7.94719416338693E-16,1.,0.));
#8353=DIRECTION('',(-7.94719416338693E-16,-1.,0.));
#8354=DIRECTION('',(7.94719416338693E-16,1.,0.));
#8355=DIRECTION('',(0.,0.,1.));
#8356=DIRECTION('',(0.,0.,1.));
#8357=DIRECTION('',(0.,0.,1.));
#8358=DIRECTION('',(0.,0.,1.));
#8359=DIRECTION('',(0.,0.,1.));
#8360=DIRECTION('',(0.,0.,1.));
#8361=DIRECTION('',(0.,0.,1.));
#8362=DIRECTION('',(0.,0.,1.));
#8363=DIRECTION('',(0.,0.,1.));
#8364=DIRECTION('center_axis',(-1.,0.,0.));
#8365=DIRECTION('ref_axis',(0.,-1.,0.));
#8366=DIRECTION('',(0.,1.,0.));
#8367=DIRECTION('',(0.,-1.,0.));
#8368=DIRECTION('',(0.,0.,1.));
#8369=DIRECTION('center_axis',(0.,0.,1.));
#8370=DIRECTION('ref_axis',(1.,0.,0.));
#8371=DIRECTION('center_axis',(0.,0.,1.));
#8372=DIRECTION('ref_axis',(1.,0.,0.));
#8373=DIRECTION('',(0.,0.,-1.));
#8374=DIRECTION('center_axis',(0.,0.,1.));
#8375=DIRECTION('ref_axis',(-1.,0.,0.));
#8376=DIRECTION('center_axis',(0.,0.,1.));
#8377=DIRECTION('ref_axis',(1.,0.,0.));
#8378=DIRECTION('center_axis',(0.,0.,1.));
#8379=DIRECTION('ref_axis',(1.,0.,0.));
#8380=DIRECTION('center_axis',(0.,0.,1.));
#8381=DIRECTION('ref_axis',(-1.,0.,0.));
#8382=DIRECTION('',(1.,0.,0.));
#8383=DIRECTION('',(0.,-1.,0.));
#8384=DIRECTION('',(-1.,0.,0.));
#8385=DIRECTION('',(0.,-1.,0.));
#8386=DIRECTION('center_axis',(0.,-1.,0.));
#8387=DIRECTION('ref_axis',(0.,0.,-1.));
#8388=DIRECTION('',(1.,0.,0.));
#8389=DIRECTION('',(0.,0.,1.));
#8390=DIRECTION('',(0.,0.,-1.));
#8391=DIRECTION('center_axis',(0.,0.,1.));
#8392=DIRECTION('ref_axis',(-1.,0.,0.));
#8393=DIRECTION('',(1.,0.,0.));
#8394=DIRECTION('',(0.,-1.,0.));
#8395=DIRECTION('',(-1.,0.,0.));
#8396=DIRECTION('',(0.,-1.,0.));
#8397=DIRECTION('center_axis',(0.,-1.,0.));
#8398=DIRECTION('ref_axis',(0.,0.,-1.));
#8399=DIRECTION('',(1.,0.,0.));
#8400=DIRECTION('',(0.,0.,1.));
#8401=DIRECTION('',(0.,0.,-1.));
#8402=DIRECTION('center_axis',(0.,0.,1.));
#8403=DIRECTION('ref_axis',(-1.,0.,0.));
#8404=DIRECTION('',(1.,0.,0.));
#8405=DIRECTION('',(0.,-1.,0.));
#8406=DIRECTION('',(-1.,0.,0.));
#8407=DIRECTION('',(0.,-1.,0.));
#8408=DIRECTION('center_axis',(0.,-1.,0.));
#8409=DIRECTION('ref_axis',(0.,0.,-1.));
#8410=DIRECTION('',(1.,0.,0.));
#8411=DIRECTION('',(0.,0.,1.));
#8412=DIRECTION('',(0.,0.,-1.));
#8413=DIRECTION('center_axis',(0.,0.,1.));
#8414=DIRECTION('ref_axis',(-1.,0.,0.));
#8415=DIRECTION('',(1.,0.,0.));
#8416=DIRECTION('',(0.,-1.,0.));
#8417=DIRECTION('',(-1.,0.,0.));
#8418=DIRECTION('',(0.,-1.,0.));
#8419=DIRECTION('center_axis',(0.,-1.,0.));
#8420=DIRECTION('ref_axis',(0.,0.,-1.));
#8421=DIRECTION('',(1.,0.,0.));
#8422=DIRECTION('',(0.,0.,1.));
#8423=DIRECTION('',(0.,0.,-1.));
#8424=DIRECTION('center_axis',(-1.,0.,0.));
#8425=DIRECTION('ref_axis',(0.,-1.,0.));
#8426=DIRECTION('',(0.,1.,0.));
#8427=DIRECTION('',(0.,0.,1.));
#8428=DIRECTION('',(0.,1.,0.));
#8429=DIRECTION('',(0.,0.,1.));
#8430=DIRECTION('',(0.,1.,0.));
#8431=DIRECTION('center_axis',(0.,0.,1.));
#8432=DIRECTION('ref_axis',(1.,0.,0.));
#8433=DIRECTION('',(1.,0.,0.));
#8434=DIRECTION('',(0.,-1.,0.));
#8435=DIRECTION('',(-1.,0.,0.));
#8436=DIRECTION('',(0.,1.,0.));
#8437=DIRECTION('center_axis',(0.,0.,1.));
#8438=DIRECTION('ref_axis',(1.,0.,0.));
#8439=DIRECTION('',(0.,1.,0.));
#8440=DIRECTION('',(1.,0.,0.));
#8441=DIRECTION('',(0.,-1.,0.));
#8442=DIRECTION('',(1.,0.,0.));
#8443=DIRECTION('center_axis',(0.,1.,0.));
#8444=DIRECTION('ref_axis',(0.,0.,1.));
#8445=DIRECTION('',(-1.,0.,0.));
#8446=DIRECTION('',(0.,0.,1.));
#8447=DIRECTION('',(0.,0.,-1.));
#8448=DIRECTION('center_axis',(0.,0.,1.));
#8449=DIRECTION('ref_axis',(1.,0.,0.));
#8450=DIRECTION('',(0.,1.,0.));
#8451=DIRECTION('',(1.,0.,0.));
#8452=DIRECTION('',(1.,0.,0.));
#8453=DIRECTION('center_axis',(0.,1.,0.));
#8454=DIRECTION('ref_axis',(0.,0.,1.));
#8455=DIRECTION('',(-1.,0.,0.));
#8456=DIRECTION('',(0.,0.,-1.));
#8457=DIRECTION('center_axis',(0.,0.,1.));
#8458=DIRECTION('ref_axis',(1.,0.,0.));
#8459=DIRECTION('',(-1.,0.,0.));
#8460=DIRECTION('',(0.,1.,0.));
#8461=DIRECTION('',(1.,0.,0.));
#8462=DIRECTION('',(0.,1.,0.));
#8463=DIRECTION('center_axis',(0.,1.,0.));
#8464=DIRECTION('ref_axis',(0.,0.,1.));
#8465=DIRECTION('',(0.,0.,-1.));
#8466=DIRECTION('',(-1.,0.,0.));
#8467=DIRECTION('',(0.,0.,1.));
#8468=DIRECTION('center_axis',(0.,1.,0.));
#8469=DIRECTION('ref_axis',(-1.,0.,0.));
#8470=DIRECTION('',(-1.,0.,0.));
#8471=DIRECTION('',(-1.,0.,0.));
#8472=DIRECTION('',(-1.,0.,0.));
#8473=DIRECTION('',(0.,0.,1.));
#8474=DIRECTION('',(0.,0.,1.));
#8475=DIRECTION('',(1.,0.,0.));
#8476=DIRECTION('',(-1.,0.,0.));
#8477=DIRECTION('center_axis',(0.,0.,1.));
#8478=DIRECTION('ref_axis',(1.,0.,0.));
#8479=DIRECTION('',(0.,1.,0.));
#8480=DIRECTION('',(1.,0.,0.));
#8481=DIRECTION('',(0.,1.,0.));
#8482=DIRECTION('center_axis',(0.,1.,0.));
#8483=DIRECTION('ref_axis',(0.,0.,1.));
#8484=DIRECTION('',(0.,0.,-1.));
#8485=DIRECTION('',(-1.,0.,0.));
#8486=DIRECTION('',(0.,0.,1.));
#8487=DIRECTION('center_axis',(-1.,0.,0.));
#8488=DIRECTION('ref_axis',(0.,1.,0.));
#8489=DIRECTION('',(0.,1.,0.));
#8490=DIRECTION('',(0.,0.,-1.));
#8491=DIRECTION('center_axis',(1.,0.,0.));
#8492=DIRECTION('ref_axis',(0.,-1.,0.));
#8493=DIRECTION('',(0.,1.,0.));
#8494=DIRECTION('',(0.,0.,-1.));
#8495=DIRECTION('',(0.,1.,0.));
#8496=DIRECTION('center_axis',(0.,0.,-1.));
#8497=DIRECTION('ref_axis',(-1.,0.,0.));
#8498=DIRECTION('',(-1.,0.,0.));
#8499=DIRECTION('',(0.,1.,0.));
#8500=DIRECTION('',(0.,1.,0.));
#8501=DIRECTION('',(1.,0.,0.));
#8502=DIRECTION('',(0.,1.,0.));
#8503=DIRECTION('',(1.,0.,0.));
#8504=DIRECTION('center_axis',(0.,0.,1.));
#8505=DIRECTION('ref_axis',(1.,0.,0.));
#8506=DIRECTION('',(0.,1.,0.));
#8507=DIRECTION('',(1.,0.,0.));
#8508=DIRECTION('',(0.,1.,0.));
#8509=DIRECTION('',(-1.,0.,0.));
#8510=DIRECTION('',(0.,-1.,0.));
#8511=DIRECTION('',(1.,0.,0.));
#8512=DIRECTION('',(0.,1.,0.));
#8513=DIRECTION('',(-1.,0.,0.));
#8514=DIRECTION('',(0.,-1.,0.));
#8515=DIRECTION('',(1.,0.,0.));
#8516=DIRECTION('',(0.,-1.,0.));
#8517=DIRECTION('',(0.,-1.,0.));
#8518=DIRECTION('',(1.,0.,0.));
#8519=DIRECTION('',(0.,1.,0.));
#8520=DIRECTION('',(0.,-1.,0.));
#8521=DIRECTION('',(1.,0.,0.));
#8522=DIRECTION('center_axis',(1.,0.,0.));
#8523=DIRECTION('ref_axis',(0.,1.,0.));
#8524=DIRECTION('',(0.,0.,1.));
#8525=DIRECTION('center_axis',(0.,0.,1.));
#8526=DIRECTION('ref_axis',(1.,0.,0.));
#8527=DIRECTION('',(1.,0.,0.));
#8528=DIRECTION('',(0.,-1.,0.));
#8529=DIRECTION('center_axis',(1.,0.,0.));
#8530=DIRECTION('ref_axis',(0.,1.,0.));
#8531=DIRECTION('',(0.,0.,1.));
#8532=DIRECTION('center_axis',(0.,1.,0.));
#8533=DIRECTION('ref_axis',(-1.,0.,0.));
#8534=DIRECTION('center_axis',(0.,0.,1.));
#8535=DIRECTION('ref_axis',(1.,0.,0.));
#8536=DIRECTION('',(-1.,0.,0.));
#8537=DIRECTION('',(0.,1.,0.));
#8538=DIRECTION('',(1.,0.,0.));
#8539=DIRECTION('',(0.,-1.,0.));
#8540=DIRECTION('center_axis',(-1.,0.,0.));
#8541=DIRECTION('ref_axis',(0.,-1.,0.));
#8542=DIRECTION('',(0.,0.,1.));
#8543=DIRECTION('',(0.,-1.,0.));
#8544=DIRECTION('center_axis',(0.,-1.,0.));
#8545=DIRECTION('ref_axis',(1.,0.,0.));
#8546=DIRECTION('',(0.,0.,1.));
#8547=DIRECTION('',(-1.,0.,0.));
#8548=DIRECTION('center_axis',(1.,0.,0.));
#8549=DIRECTION('ref_axis',(0.,1.,0.));
#8550=DIRECTION('',(0.,-1.,0.));
#8551=DIRECTION('center_axis',(0.,1.,0.));
#8552=DIRECTION('ref_axis',(1.,0.,0.));
#8553=DIRECTION('',(0.,0.,-1.));
#8554=DIRECTION('center_axis',(1.,0.,0.));
#8555=DIRECTION('ref_axis',(0.,-1.,0.));
#8556=DIRECTION('center_axis',(-1.,0.,0.));
#8557=DIRECTION('ref_axis',(0.,1.,0.));
#8558=DIRECTION('',(0.,0.,-1.));
#8559=DIRECTION('center_axis',(0.,-1.,0.));
#8560=DIRECTION('ref_axis',(-1.,0.,0.));
#8561=DIRECTION('center_axis',(-1.,0.,0.));
#8562=DIRECTION('ref_axis',(0.,1.,0.));
#8563=DIRECTION('',(0.,1.,0.));
#8564=DIRECTION('',(0.,0.,-1.));
#8565=DIRECTION('center_axis',(0.,-1.,0.));
#8566=DIRECTION('ref_axis',(-1.,0.,0.));
#8567=DIRECTION('',(-1.,0.,0.));
#8568=DIRECTION('',(0.,0.,-1.));
#8569=DIRECTION('center_axis',(1.,0.,0.));
#8570=DIRECTION('ref_axis',(0.,-1.,0.));
#8571=DIRECTION('',(0.,1.,0.));
#8572=DIRECTION('center_axis',(0.,0.,-1.));
#8573=DIRECTION('ref_axis',(-1.,0.,0.));
#8574=DIRECTION('center_axis',(1.,0.,0.));
#8575=DIRECTION('ref_axis',(0.,-1.,0.));
#8576=DIRECTION('',(0.,-1.,0.));
#8577=DIRECTION('',(0.,0.,-1.));
#8578=DIRECTION('center_axis',(0.,1.,0.));
#8579=DIRECTION('ref_axis',(1.,0.,0.));
#8580=DIRECTION('',(1.,0.,0.));
#8581=DIRECTION('',(0.,0.,-1.));
#8582=DIRECTION('center_axis',(-1.,0.,0.));
#8583=DIRECTION('ref_axis',(0.,1.,0.));
#8584=DIRECTION('',(0.,-1.,0.));
#8585=DIRECTION('center_axis',(0.,0.,-1.));
#8586=DIRECTION('ref_axis',(-1.,0.,0.));
#8587=DIRECTION('center_axis',(1.,0.,0.));
#8588=DIRECTION('ref_axis',(0.,-1.,0.));
#8589=DIRECTION('',(0.,1.,0.));
#8590=DIRECTION('',(0.,-1.,0.));
#8591=DIRECTION('',(0.,0.,-1.));
#8592=DIRECTION('center_axis',(0.,-1.,0.));
#8593=DIRECTION('ref_axis',(-1.,0.,0.));
#8594=DIRECTION('',(1.,0.,0.));
#8595=DIRECTION('',(-1.,0.,0.));
#8596=DIRECTION('',(0.,0.,-1.));
#8597=DIRECTION('center_axis',(-1.,0.,0.));
#8598=DIRECTION('ref_axis',(0.,1.,0.));
#8599=DIRECTION('',(0.,-1.,0.));
#8600=DIRECTION('',(0.,-1.,0.));
#8601=DIRECTION('center_axis',(1.,0.,0.));
#8602=DIRECTION('ref_axis',(0.,-1.,0.));
#8603=DIRECTION('',(0.,-1.,0.));
#8604=DIRECTION('',(0.,0.,-1.));
#8605=DIRECTION('center_axis',(0.,1.,0.));
#8606=DIRECTION('ref_axis',(1.,0.,0.));
#8607=DIRECTION('',(1.,0.,0.));
#8608=DIRECTION('',(0.,0.,-1.));
#8609=DIRECTION('center_axis',(-1.,0.,0.));
#8610=DIRECTION('ref_axis',(0.,1.,0.));
#8611=DIRECTION('',(0.,-1.,0.));
#8612=DIRECTION('center_axis',(0.,0.,-1.));
#8613=DIRECTION('ref_axis',(-1.,0.,0.));
#8614=DIRECTION('center_axis',(0.,0.,1.));
#8615=DIRECTION('ref_axis',(1.,0.,0.));
#8616=DIRECTION('',(1.,0.,0.));
#8617=DIRECTION('center_axis',(0.,0.,1.));
#8618=DIRECTION('ref_axis',(1.,0.,0.));
#8619=DIRECTION('center_axis',(0.,-1.,0.));
#8620=DIRECTION('ref_axis',(1.,0.,0.));
#8621=DIRECTION('',(0.,0.,1.));
#8622=DIRECTION('center_axis',(-1.,0.,0.));
#8623=DIRECTION('ref_axis',(0.,-1.,0.));
#8624=CARTESIAN_POINT('',(0.,0.,0.));
#8625=CARTESIAN_POINT('Origin',(0.599999986588955,0.599999986588955,0.8));
#8626=CARTESIAN_POINT('',(0.797504997504578,0.599999986588955,0.85));
#8627=CARTESIAN_POINT('Origin',(0.599999986588955,0.599999986588955,0.85));
#8628=CARTESIAN_POINT('',(0.797504997504578,0.599999986588955,0.8));
#8629=CARTESIAN_POINT('',(0.797504997504578,0.599999986588955,0.8));
#8630=CARTESIAN_POINT('Origin',(0.599999986588955,0.599999986588955,0.8));
#8631=CARTESIAN_POINT('Origin',(0.599999986588955,0.599999986588955,0.85));
#8632=CARTESIAN_POINT('Origin',(0.508119650185108,2.73589733988047,0.8));
#8633=CARTESIAN_POINT('',(0.508119650185108,2.94145289808512,0.8));
#8634=CARTESIAN_POINT('',(0.508119650185108,2.73589733988047,0.8));
#8635=CARTESIAN_POINT('',(0.508119650185108,2.86794866994023,0.8));
#8636=CARTESIAN_POINT('',(0.508119650185108,2.94145289808512,0.85));
#8637=CARTESIAN_POINT('',(0.508119650185108,2.94145289808512,0.8));
#8638=CARTESIAN_POINT('',(0.508119650185108,2.73589733988047,0.85));
#8639=CARTESIAN_POINT('',(0.508119650185108,2.94145289808512,0.85));
#8640=CARTESIAN_POINT('',(0.508119650185108,2.73589733988047,0.8));
#8641=CARTESIAN_POINT('Origin',(0.631196573376656,2.73589733988047,0.8));
#8642=CARTESIAN_POINT('',(0.631196573376656,2.73589733988047,0.8));
#8643=CARTESIAN_POINT('',(1.56559828668833,2.73589733988047,0.8));
#8644=CARTESIAN_POINT('',(0.631196573376656,2.73589733988047,0.85));
#8645=CARTESIAN_POINT('',(0.508119650185108,2.73589733988047,0.85));
#8646=CARTESIAN_POINT('',(0.631196573376656,2.73589733988047,0.8));
#8647=CARTESIAN_POINT('Ctrl Pts',(0.649572629481554,2.73098286241293,0.8));
#8648=CARTESIAN_POINT('Ctrl Pts',(0.649572629481554,2.73098286241293,0.85));
#8649=CARTESIAN_POINT('Ctrl Pts',(0.647173628880827,2.73240858783898,0.8));
#8650=CARTESIAN_POINT('Ctrl Pts',(0.647173628880827,2.73240858783898,0.85));
#8651=CARTESIAN_POINT('Ctrl Pts',(0.641551675801343,2.73574971307547,0.8));
#8652=CARTESIAN_POINT('Ctrl Pts',(0.641551675801343,2.73574971307547,0.85));
#8653=CARTESIAN_POINT('Ctrl Pts',(0.634969819208131,2.73584354686098,0.8));
#8654=CARTESIAN_POINT('Ctrl Pts',(0.634969819208131,2.73584354686098,0.85));
#8655=CARTESIAN_POINT('Ctrl Pts',(0.631196573376656,2.73589733988047,0.8));
#8656=CARTESIAN_POINT('Ctrl Pts',(0.631196573376656,2.73589733988047,0.85));
#8657=CARTESIAN_POINT('',(0.649572629481554,2.73098286241293,0.8));
#8658=CARTESIAN_POINT('Ctrl Pts',(0.631196573376656,2.73589733988047,0.8));
#8659=CARTESIAN_POINT('Ctrl Pts',(0.634969819208131,2.73584354686098,0.8));
#8660=CARTESIAN_POINT('Ctrl Pts',(0.641551675801343,2.73574971307547,0.8));
#8661=CARTESIAN_POINT('Ctrl Pts',(0.647173628880827,2.73240858783898,0.8));
#8662=CARTESIAN_POINT('Ctrl Pts',(0.649572629481554,2.73098286241293,0.8));
#8663=CARTESIAN_POINT('',(0.649572629481554,2.73098286241293,0.85));
#8664=CARTESIAN_POINT('Ctrl Pts',(0.649572629481554,2.73098286241293,0.85));
#8665=CARTESIAN_POINT('Ctrl Pts',(0.647173628880827,2.73240858783898,0.85));
#8666=CARTESIAN_POINT('Ctrl Pts',(0.641551675801343,2.73574971307547,0.85));
#8667=CARTESIAN_POINT('Ctrl Pts',(0.634969819208131,2.73584354686098,0.85));
#8668=CARTESIAN_POINT('Ctrl Pts',(0.631196573376656,2.73589733988047,0.85));
#8669=CARTESIAN_POINT('',(0.649572629481554,2.73098286241293,0.8));
#8670=CARTESIAN_POINT('Ctrl Pts',(0.655128192156553,2.71794866770506,0.8));
#8671=CARTESIAN_POINT('Ctrl Pts',(0.655128192156553,2.71794866770506,0.85));
#8672=CARTESIAN_POINT('Ctrl Pts',(0.654921625633138,2.72049915834833,0.8));
#8673=CARTESIAN_POINT('Ctrl Pts',(0.654921625633138,2.72049915834833,0.85));
#8674=CARTESIAN_POINT('Ctrl Pts',(0.654518908108991,2.72547153848156,0.8));
#8675=CARTESIAN_POINT('Ctrl Pts',(0.654518908108991,2.72547153848156,0.85));
#8676=CARTESIAN_POINT('Ctrl Pts',(0.651192713794497,2.72917770542173,0.8));
#8677=CARTESIAN_POINT('Ctrl Pts',(0.651192713794497,2.72917770542173,0.85));
#8678=CARTESIAN_POINT('Ctrl Pts',(0.649572629481554,2.73098286241293,0.8));
#8679=CARTESIAN_POINT('Ctrl Pts',(0.649572629481554,2.73098286241293,0.85));
#8680=CARTESIAN_POINT('',(0.655128192156553,2.71794866770506,0.8));
#8681=CARTESIAN_POINT('Ctrl Pts',(0.649572629481554,2.73098286241293,0.8));
#8682=CARTESIAN_POINT('Ctrl Pts',(0.651192713794497,2.72917770542173,0.8));
#8683=CARTESIAN_POINT('Ctrl Pts',(0.654518908108991,2.72547153848156,0.8));
#8684=CARTESIAN_POINT('Ctrl Pts',(0.654921625633138,2.72049915834833,0.8));
#8685=CARTESIAN_POINT('Ctrl Pts',(0.655128192156553,2.71794866770506,0.8));
#8686=CARTESIAN_POINT('',(0.655128192156553,2.71794866770506,0.85));
#8687=CARTESIAN_POINT('Ctrl Pts',(0.655128192156553,2.71794866770506,0.85));
#8688=CARTESIAN_POINT('Ctrl Pts',(0.654921625633138,2.72049915834833,0.85));
#8689=CARTESIAN_POINT('Ctrl Pts',(0.654518908108991,2.72547153848156,0.85));
#8690=CARTESIAN_POINT('Ctrl Pts',(0.651192713794497,2.72917770542173,0.85));
#8691=CARTESIAN_POINT('Ctrl Pts',(0.649572629481554,2.73098286241293,0.85));
#8692=CARTESIAN_POINT('',(0.655128192156553,2.71794866770506,0.8));
#8693=CARTESIAN_POINT('Ctrl Pts',(0.649572629481554,2.70512815564871,0.8));
#8694=CARTESIAN_POINT('Ctrl Pts',(0.649572629481554,2.70512815564871,0.85));
#8695=CARTESIAN_POINT('Ctrl Pts',(0.651192986167539,2.70695062577589,0.8));
#8696=CARTESIAN_POINT('Ctrl Pts',(0.651192986167539,2.70695062577589,0.85));
#8697=CARTESIAN_POINT('Ctrl Pts',(0.654449699246574,2.71061356144349,0.8));
#8698=CARTESIAN_POINT('Ctrl Pts',(0.654449699246574,2.71061356144349,0.85));
#8699=CARTESIAN_POINT('Ctrl Pts',(0.654901288325079,2.71549563733357,0.8));
#8700=CARTESIAN_POINT('Ctrl Pts',(0.654901288325079,2.71549563733357,0.85));
#8701=CARTESIAN_POINT('Ctrl Pts',(0.655128192156553,2.71794866770506,0.8));
#8702=CARTESIAN_POINT('Ctrl Pts',(0.655128192156553,2.71794866770506,0.85));
#8703=CARTESIAN_POINT('',(0.649572629481554,2.70512815564871,0.8));
#8704=CARTESIAN_POINT('Ctrl Pts',(0.655128192156553,2.71794866770506,0.8));
#8705=CARTESIAN_POINT('Ctrl Pts',(0.654901288325079,2.71549563733357,0.8));
#8706=CARTESIAN_POINT('Ctrl Pts',(0.654449699246574,2.71061356144349,0.8));
#8707=CARTESIAN_POINT('Ctrl Pts',(0.651192986167539,2.70695062577589,0.8));
#8708=CARTESIAN_POINT('Ctrl Pts',(0.649572629481554,2.70512815564871,0.8));
#8709=CARTESIAN_POINT('',(0.649572629481554,2.70512815564871,0.85));
#8710=CARTESIAN_POINT('Ctrl Pts',(0.649572629481554,2.70512815564871,0.85));
#8711=CARTESIAN_POINT('Ctrl Pts',(0.651192986167539,2.70695062577589,0.85));
#8712=CARTESIAN_POINT('Ctrl Pts',(0.654449699246574,2.71061356144349,0.85));
#8713=CARTESIAN_POINT('Ctrl Pts',(0.654901288325079,2.71549563733357,0.85));
#8714=CARTESIAN_POINT('Ctrl Pts',(0.655128192156553,2.71794866770506,0.85));
#8715=CARTESIAN_POINT('',(0.649572629481554,2.70512815564871,0.8));
#8716=CARTESIAN_POINT('Ctrl Pts',(0.631196573376656,2.69999992102385,0.8));
#8717=CARTESIAN_POINT('Ctrl Pts',(0.631196573376656,2.69999992102385,0.85));
#8718=CARTESIAN_POINT('Ctrl Pts',(0.634977208767535,2.70006140287713,0.8));
#8719=CARTESIAN_POINT('Ctrl Pts',(0.634977208767535,2.70006140287713,0.85));
#8720=CARTESIAN_POINT('Ctrl Pts',(0.641595308760274,2.7001690284508,0.8));
#8721=CARTESIAN_POINT('Ctrl Pts',(0.641595308760274,2.7001690284508,0.85));
#8722=CARTESIAN_POINT('Ctrl Pts',(0.647178762363641,2.70364000042123,0.8));
#8723=CARTESIAN_POINT('Ctrl Pts',(0.647178762363641,2.70364000042123,0.85));
#8724=CARTESIAN_POINT('Ctrl Pts',(0.649572629481554,2.70512815564871,0.8));
#8725=CARTESIAN_POINT('Ctrl Pts',(0.649572629481554,2.70512815564871,0.85));
#8726=CARTESIAN_POINT('',(0.631196573376656,2.69999992102385,0.8));
#8727=CARTESIAN_POINT('Ctrl Pts',(0.649572629481554,2.70512815564871,0.8));
#8728=CARTESIAN_POINT('Ctrl Pts',(0.647178762363641,2.70364000042123,0.8));
#8729=CARTESIAN_POINT('Ctrl Pts',(0.641595308760274,2.7001690284508,0.8));
#8730=CARTESIAN_POINT('Ctrl Pts',(0.634977208767535,2.70006140287713,0.8));
#8731=CARTESIAN_POINT('Ctrl Pts',(0.631196573376656,2.69999992102385,0.8));
#8732=CARTESIAN_POINT('',(0.631196573376656,2.69999992102385,0.85));
#8733=CARTESIAN_POINT('Ctrl Pts',(0.631196573376656,2.69999992102385,0.85));
#8734=CARTESIAN_POINT('Ctrl Pts',(0.634977208767535,2.70006140287713,0.85));
#8735=CARTESIAN_POINT('Ctrl Pts',(0.641595308760274,2.7001690284508,0.85));
#8736=CARTESIAN_POINT('Ctrl Pts',(0.647178762363641,2.70364000042123,0.85));
#8737=CARTESIAN_POINT('Ctrl Pts',(0.649572629481554,2.70512815564871,0.85));
#8738=CARTESIAN_POINT('',(0.631196573376656,2.69999992102385,0.8));
#8739=CARTESIAN_POINT('Origin',(0.423931609839201,2.69999992102385,0.8));
#8740=CARTESIAN_POINT('',(0.423931609839201,2.69999992102385,0.8));
#8741=CARTESIAN_POINT('',(1.4619658049196,2.69999992102385,0.8));
#8742=CARTESIAN_POINT('',(0.423931609839201,2.69999992102385,0.85));
#8743=CARTESIAN_POINT('',(0.631196573376656,2.69999992102385,0.85));
#8744=CARTESIAN_POINT('',(0.423931609839201,2.69999992102385,0.8));
#8745=CARTESIAN_POINT('Ctrl Pts',(0.405555544421077,2.70512815564871,0.8));
#8746=CARTESIAN_POINT('Ctrl Pts',(0.405555544421077,2.70512815564871,0.85));
#8747=CARTESIAN_POINT('Ctrl Pts',(0.407949414646278,2.70364003485819,0.8));
#8748=CARTESIAN_POINT('Ctrl Pts',(0.407949414646278,2.70364003485819,0.85));
#8749=CARTESIAN_POINT('Ctrl Pts',(0.413532893863222,2.70016913179139,0.8));
#8750=CARTESIAN_POINT('Ctrl Pts',(0.413532893863222,2.70016913179139,0.85));
#8751=CARTESIAN_POINT('Ctrl Pts',(0.420150975564177,2.700061440545,0.8));
#8752=CARTESIAN_POINT('Ctrl Pts',(0.420150975564177,2.700061440545,0.85));
#8753=CARTESIAN_POINT('Ctrl Pts',(0.423931609839201,2.69999992102385,0.8));
#8754=CARTESIAN_POINT('Ctrl Pts',(0.423931609839201,2.69999992102385,0.85));
#8755=CARTESIAN_POINT('',(0.405555544421077,2.70512815564871,0.8));
#8756=CARTESIAN_POINT('Ctrl Pts',(0.423931609839201,2.69999992102385,0.8));
#8757=CARTESIAN_POINT('Ctrl Pts',(0.420150975564177,2.700061440545,0.8));
#8758=CARTESIAN_POINT('Ctrl Pts',(0.413532893863222,2.70016913179139,0.8));
#8759=CARTESIAN_POINT('Ctrl Pts',(0.407949414646278,2.70364003485819,0.8));
#8760=CARTESIAN_POINT('Ctrl Pts',(0.405555544421077,2.70512815564871,0.8));
#8761=CARTESIAN_POINT('',(0.405555544421077,2.70512815564871,0.85));
#8762=CARTESIAN_POINT('Ctrl Pts',(0.405555544421077,2.70512815564871,0.85));
#8763=CARTESIAN_POINT('Ctrl Pts',(0.407949414646278,2.70364003485819,0.85));
#8764=CARTESIAN_POINT('Ctrl Pts',(0.413532893863222,2.70016913179139,0.85));
#8765=CARTESIAN_POINT('Ctrl Pts',(0.420150975564177,2.700061440545,0.85));
#8766=CARTESIAN_POINT('Ctrl Pts',(0.423931609839201,2.69999992102385,0.85));
#8767=CARTESIAN_POINT('',(0.405555544421077,2.70512815564871,0.8));
#8768=CARTESIAN_POINT('Ctrl Pts',(0.399999991059303,2.71794866770506,0.8));
#8769=CARTESIAN_POINT('Ctrl Pts',(0.399999991059303,2.71794866770506,0.85));
#8770=CARTESIAN_POINT('Ctrl Pts',(0.400226889026971,2.7154956370021,0.8));
#8771=CARTESIAN_POINT('Ctrl Pts',(0.400226889026971,2.7154956370021,0.85));
#8772=CARTESIAN_POINT('Ctrl Pts',(0.400678466605678,2.71061355860924,0.8));
#8773=CARTESIAN_POINT('Ctrl Pts',(0.400678466605678,2.71061355860924,0.85));
#8774=CARTESIAN_POINT('Ctrl Pts',(0.403935184647923,2.7069506252982,0.8));
#8775=CARTESIAN_POINT('Ctrl Pts',(0.403935184647923,2.7069506252982,0.85));
#8776=CARTESIAN_POINT('Ctrl Pts',(0.405555544421077,2.70512815564871,0.8));
#8777=CARTESIAN_POINT('Ctrl Pts',(0.405555544421077,2.70512815564871,0.85));
#8778=CARTESIAN_POINT('',(0.399999991059303,2.71794866770506,0.8));
#8779=CARTESIAN_POINT('Ctrl Pts',(0.405555544421077,2.70512815564871,0.8));
#8780=CARTESIAN_POINT('Ctrl Pts',(0.403935184647923,2.7069506252982,0.8));
#8781=CARTESIAN_POINT('Ctrl Pts',(0.400678466605678,2.71061355860924,0.8));
#8782=CARTESIAN_POINT('Ctrl Pts',(0.400226889026971,2.7154956370021,0.8));
#8783=CARTESIAN_POINT('Ctrl Pts',(0.399999991059303,2.71794866770506,0.8));
#8784=CARTESIAN_POINT('',(0.399999991059303,2.71794866770506,0.85));
#8785=CARTESIAN_POINT('Ctrl Pts',(0.399999991059303,2.71794866770506,0.85));
#8786=CARTESIAN_POINT('Ctrl Pts',(0.400226889026971,2.7154956370021,0.85));
#8787=CARTESIAN_POINT('Ctrl Pts',(0.400678466605678,2.71061355860924,0.85));
#8788=CARTESIAN_POINT('Ctrl Pts',(0.403935184647923,2.7069506252982,0.85));
#8789=CARTESIAN_POINT('Ctrl Pts',(0.405555544421077,2.70512815564871,0.85));
#8790=CARTESIAN_POINT('',(0.399999991059303,2.71794866770506,0.8));
#8791=CARTESIAN_POINT('Ctrl Pts',(0.405555544421077,2.73098286241293,0.8));
#8792=CARTESIAN_POINT('Ctrl Pts',(0.405555544421077,2.73098286241293,0.85));
#8793=CARTESIAN_POINT('Ctrl Pts',(0.403935477958648,2.72917772842131,0.8));
#8794=CARTESIAN_POINT('Ctrl Pts',(0.403935477958648,2.72917772842131,0.85));
#8795=CARTESIAN_POINT('Ctrl Pts',(0.400609282519193,2.72547156661265,0.8));
#8796=CARTESIAN_POINT('Ctrl Pts',(0.400609282519193,2.72547156661265,0.85));
#8797=CARTESIAN_POINT('Ctrl Pts',(0.400206561568106,2.72049918606501,0.8));
#8798=CARTESIAN_POINT('Ctrl Pts',(0.400206561568106,2.72049918606501,0.85));
#8799=CARTESIAN_POINT('Ctrl Pts',(0.399999991059303,2.71794866770506,0.8));
#8800=CARTESIAN_POINT('Ctrl Pts',(0.399999991059303,2.71794866770506,0.85));
#8801=CARTESIAN_POINT('',(0.405555544421077,2.73098286241293,0.8));
#8802=CARTESIAN_POINT('Ctrl Pts',(0.399999991059303,2.71794866770506,0.8));
#8803=CARTESIAN_POINT('Ctrl Pts',(0.400206561568106,2.72049918606501,0.8));
#8804=CARTESIAN_POINT('Ctrl Pts',(0.400609282519193,2.72547156661265,0.8));
#8805=CARTESIAN_POINT('Ctrl Pts',(0.403935477958648,2.72917772842131,0.8));
#8806=CARTESIAN_POINT('Ctrl Pts',(0.405555544421077,2.73098286241293,0.8));
#8807=CARTESIAN_POINT('',(0.405555544421077,2.73098286241293,0.85));
#8808=CARTESIAN_POINT('Ctrl Pts',(0.405555544421077,2.73098286241293,0.85));
#8809=CARTESIAN_POINT('Ctrl Pts',(0.403935477958648,2.72917772842131,0.85));
#8810=CARTESIAN_POINT('Ctrl Pts',(0.400609282519193,2.72547156661265,0.85));
#8811=CARTESIAN_POINT('Ctrl Pts',(0.400206561568106,2.72049918606501,0.85));
#8812=CARTESIAN_POINT('Ctrl Pts',(0.399999991059303,2.71794866770506,0.85));
#8813=CARTESIAN_POINT('',(0.405555544421077,2.73098286241293,0.8));
#8814=CARTESIAN_POINT('Ctrl Pts',(0.423931609839201,2.73589733988047,0.8));
#8815=CARTESIAN_POINT('Ctrl Pts',(0.423931609839201,2.73589733988047,0.85));
#8816=CARTESIAN_POINT('Ctrl Pts',(0.42015836076695,2.73584354738336,0.8));
#8817=CARTESIAN_POINT('Ctrl Pts',(0.42015836076695,2.73584354738336,0.85));
#8818=CARTESIAN_POINT('Ctrl Pts',(0.413576500868438,2.73574971454255,0.8));
#8819=CARTESIAN_POINT('Ctrl Pts',(0.413576500868438,2.73574971454255,0.85));
#8820=CARTESIAN_POINT('Ctrl Pts',(0.407954545043654,2.73240858779889,0.8));
#8821=CARTESIAN_POINT('Ctrl Pts',(0.407954545043654,2.73240858779889,0.85));
#8822=CARTESIAN_POINT('Ctrl Pts',(0.405555544421077,2.73098286241293,0.8));
#8823=CARTESIAN_POINT('Ctrl Pts',(0.405555544421077,2.73098286241293,0.85));
#8824=CARTESIAN_POINT('',(0.423931609839201,2.73589733988047,0.8));
#8825=CARTESIAN_POINT('Ctrl Pts',(0.405555544421077,2.73098286241293,0.8));
#8826=CARTESIAN_POINT('Ctrl Pts',(0.407954545043654,2.73240858779889,0.8));
#8827=CARTESIAN_POINT('Ctrl Pts',(0.413576500868438,2.73574971454255,0.8));
#8828=CARTESIAN_POINT('Ctrl Pts',(0.42015836076695,2.73584354738336,0.8));
#8829=CARTESIAN_POINT('Ctrl Pts',(0.423931609839201,2.73589733988047,0.8));
#8830=CARTESIAN_POINT('',(0.423931609839201,2.73589733988047,0.85));
#8831=CARTESIAN_POINT('Ctrl Pts',(0.423931609839201,2.73589733988047,0.85));
#8832=CARTESIAN_POINT('Ctrl Pts',(0.42015836076695,2.73584354738336,0.85));
#8833=CARTESIAN_POINT('Ctrl Pts',(0.413576500868438,2.73574971454255,0.85));
#8834=CARTESIAN_POINT('Ctrl Pts',(0.407954545043654,2.73240858779889,0.85));
#8835=CARTESIAN_POINT('Ctrl Pts',(0.405555544421077,2.73098286241293,0.85));
#8836=CARTESIAN_POINT('',(0.423931609839201,2.73589733988047,0.8));
#8837=CARTESIAN_POINT('Origin',(0.472222212702036,2.73589733988047,0.8));
#8838=CARTESIAN_POINT('',(0.472222212702036,2.73589733988047,0.8));
#8839=CARTESIAN_POINT('',(1.48611110635102,2.73589733988047,0.8));
#8840=CARTESIAN_POINT('',(0.472222212702036,2.73589733988047,0.85));
#8841=CARTESIAN_POINT('',(0.423931609839201,2.73589733988047,0.85));
#8842=CARTESIAN_POINT('',(0.472222212702036,2.73589733988047,0.8));
#8843=CARTESIAN_POINT('Origin',(0.472222212702036,3.1641024723649,0.8));
#8844=CARTESIAN_POINT('',(0.472222212702036,3.1641024723649,0.8));
#8845=CARTESIAN_POINT('',(0.472222212702036,3.08205123618245,0.8));
#8846=CARTESIAN_POINT('',(0.472222212702036,3.1641024723649,0.85));
#8847=CARTESIAN_POINT('',(0.472222212702036,2.73589733988047,0.85));
#8848=CARTESIAN_POINT('',(0.472222212702036,3.1641024723649,0.8));
#8849=CARTESIAN_POINT('Origin',(0.423931609839201,3.1641024723649,0.8));
#8850=CARTESIAN_POINT('',(0.423931609839201,3.1641024723649,0.8));
#8851=CARTESIAN_POINT('',(1.4619658049196,3.1641024723649,0.8));
#8852=CARTESIAN_POINT('',(0.423931609839201,3.1641024723649,0.85));
#8853=CARTESIAN_POINT('',(0.472222212702036,3.1641024723649,0.85));
#8854=CARTESIAN_POINT('',(0.423931609839201,3.1641024723649,0.8));
#8855=CARTESIAN_POINT('Ctrl Pts',(0.405555544421077,3.16901702433825,0.8));
#8856=CARTESIAN_POINT('Ctrl Pts',(0.405555544421077,3.16901702433825,0.85));
#8857=CARTESIAN_POINT('Ctrl Pts',(0.407954544028536,3.16759128577829,0.8));
#8858=CARTESIAN_POINT('Ctrl Pts',(0.407954544028536,3.16759128577829,0.85));
#8859=CARTESIAN_POINT('Ctrl Pts',(0.41357649216281,3.16425013131867,0.8));
#8860=CARTESIAN_POINT('Ctrl Pts',(0.41357649216281,3.16425013131867,0.85));
#8861=CARTESIAN_POINT('Ctrl Pts',(0.420158359281403,3.16415627708708,0.8));
#8862=CARTESIAN_POINT('Ctrl Pts',(0.420158359281403,3.16415627708708,0.85));
#8863=CARTESIAN_POINT('Ctrl Pts',(0.423931609839201,3.1641024723649,0.8));
#8864=CARTESIAN_POINT('Ctrl Pts',(0.423931609839201,3.1641024723649,0.85));
#8865=CARTESIAN_POINT('',(0.405555544421077,3.16901702433825,0.8));
#8866=CARTESIAN_POINT('Ctrl Pts',(0.423931609839201,3.1641024723649,0.8));
#8867=CARTESIAN_POINT('Ctrl Pts',(0.420158359281403,3.16415627708708,0.8));
#8868=CARTESIAN_POINT('Ctrl Pts',(0.41357649216281,3.16425013131867,0.8));
#8869=CARTESIAN_POINT('Ctrl Pts',(0.407954544028536,3.16759128577829,0.8));
#8870=CARTESIAN_POINT('Ctrl Pts',(0.405555544421077,3.16901702433825,0.8));
#8871=CARTESIAN_POINT('',(0.405555544421077,3.16901702433825,0.85));
#8872=CARTESIAN_POINT('Ctrl Pts',(0.405555544421077,3.16901702433825,0.85));
#8873=CARTESIAN_POINT('Ctrl Pts',(0.407954544028536,3.16759128577829,0.85));
#8874=CARTESIAN_POINT('Ctrl Pts',(0.41357649216281,3.16425013131867,0.85));
#8875=CARTESIAN_POINT('Ctrl Pts',(0.420158359281403,3.16415627708708,0.85));
#8876=CARTESIAN_POINT('Ctrl Pts',(0.423931609839201,3.1641024723649,0.85));
#8877=CARTESIAN_POINT('',(0.405555544421077,3.16901702433825,0.8));
#8878=CARTESIAN_POINT('Ctrl Pts',(0.399999991059303,3.18205118179321,0.8));
#8879=CARTESIAN_POINT('Ctrl Pts',(0.399999991059303,3.18205118179321,0.85));
#8880=CARTESIAN_POINT('Ctrl Pts',(0.400206561907467,3.17950067654072,0.8));
#8881=CARTESIAN_POINT('Ctrl Pts',(0.400206561907467,3.17950067654072,0.85));
#8882=CARTESIAN_POINT('Ctrl Pts',(0.400609284582851,3.17452830842589,0.8));
#8883=CARTESIAN_POINT('Ctrl Pts',(0.400609284582851,3.17452830842589,0.85));
#8884=CARTESIAN_POINT('Ctrl Pts',(0.403935475607071,3.17082215786692,0.8));
#8885=CARTESIAN_POINT('Ctrl Pts',(0.403935475607071,3.17082215786692,0.85));
#8886=CARTESIAN_POINT('Ctrl Pts',(0.405555544421077,3.16901702433825,0.8));
#8887=CARTESIAN_POINT('Ctrl Pts',(0.405555544421077,3.16901702433825,0.85));
#8888=CARTESIAN_POINT('',(0.399999991059303,3.18205118179321,0.8));
#8889=CARTESIAN_POINT('Ctrl Pts',(0.405555544421077,3.16901702433825,0.8));
#8890=CARTESIAN_POINT('Ctrl Pts',(0.403935475607071,3.17082215786692,0.8));
#8891=CARTESIAN_POINT('Ctrl Pts',(0.400609284582851,3.17452830842589,0.8));
#8892=CARTESIAN_POINT('Ctrl Pts',(0.400206561907467,3.17950067654072,0.8));
#8893=CARTESIAN_POINT('Ctrl Pts',(0.399999991059303,3.18205118179321,0.8));
#8894=CARTESIAN_POINT('',(0.399999991059303,3.18205118179321,0.85));
#8895=CARTESIAN_POINT('Ctrl Pts',(0.399999991059303,3.18205118179321,0.85));
#8896=CARTESIAN_POINT('Ctrl Pts',(0.400206561907467,3.17950067654072,0.85));
#8897=CARTESIAN_POINT('Ctrl Pts',(0.400609284582851,3.17452830842589,0.85));
#8898=CARTESIAN_POINT('Ctrl Pts',(0.403935475607071,3.17082215786692,0.85));
#8899=CARTESIAN_POINT('Ctrl Pts',(0.405555544421077,3.16901702433825,0.85));
#8900=CARTESIAN_POINT('',(0.399999991059303,3.18205118179321,0.8));
#8901=CARTESIAN_POINT('Ctrl Pts',(0.406410247087479,3.19572642445564,0.8));
#8902=CARTESIAN_POINT('Ctrl Pts',(0.406410247087479,3.19572642445564,0.85));
#8903=CARTESIAN_POINT('Ctrl Pts',(0.404540674338003,3.19378512823507,0.8));
#8904=CARTESIAN_POINT('Ctrl Pts',(0.404540674338003,3.19378512823507,0.85));
#8905=CARTESIAN_POINT('Ctrl Pts',(0.400847887758155,3.18995067320633,0.8));
#8906=CARTESIAN_POINT('Ctrl Pts',(0.400847887758155,3.18995067320633,0.85));
#8907=CARTESIAN_POINT('Ctrl Pts',(0.400280247925349,3.18466221531863,0.8));
#8908=CARTESIAN_POINT('Ctrl Pts',(0.400280247925349,3.18466221531863,0.85));
#8909=CARTESIAN_POINT('Ctrl Pts',(0.399999991059303,3.18205118179321,0.8));
#8910=CARTESIAN_POINT('Ctrl Pts',(0.399999991059303,3.18205118179321,0.85));
#8911=CARTESIAN_POINT('',(0.406410247087479,3.19572642445564,0.8));
#8912=CARTESIAN_POINT('Ctrl Pts',(0.399999991059303,3.18205118179321,0.8));
#8913=CARTESIAN_POINT('Ctrl Pts',(0.400280247925349,3.18466221531863,0.8));
#8914=CARTESIAN_POINT('Ctrl Pts',(0.400847887758155,3.18995067320633,0.8));
#8915=CARTESIAN_POINT('Ctrl Pts',(0.404540674338003,3.19378512823507,0.8));
#8916=CARTESIAN_POINT('Ctrl Pts',(0.406410247087479,3.19572642445564,0.8));
#8917=CARTESIAN_POINT('',(0.406410247087479,3.19572642445564,0.85));
#8918=CARTESIAN_POINT('Ctrl Pts',(0.406410247087479,3.19572642445564,0.85));
#8919=CARTESIAN_POINT('Ctrl Pts',(0.404540674338003,3.19378512823507,0.85));
#8920=CARTESIAN_POINT('Ctrl Pts',(0.400847887758155,3.18995067320633,0.85));
#8921=CARTESIAN_POINT('Ctrl Pts',(0.400280247925349,3.18466221531863,0.85));
#8922=CARTESIAN_POINT('Ctrl Pts',(0.399999991059303,3.18205118179321,0.85));
#8923=CARTESIAN_POINT('',(0.406410247087479,3.19572642445564,0.8));
#8924=CARTESIAN_POINT('Ctrl Pts',(0.423931609839201,3.19999992847443,0.8));
#8925=CARTESIAN_POINT('Ctrl Pts',(0.423931609839201,3.19999992847443,0.85));
#8926=CARTESIAN_POINT('Ctrl Pts',(0.420235922648913,3.19999871971567,0.8));
#8927=CARTESIAN_POINT('Ctrl Pts',(0.420235922648913,3.19999871971567,0.85));
#8928=CARTESIAN_POINT('Ctrl Pts',(0.413999409850033,3.19999667992196,0.8));
#8929=CARTESIAN_POINT('Ctrl Pts',(0.413999409850033,3.19999667992196,0.85));
#8930=CARTESIAN_POINT('Ctrl Pts',(0.408607124796837,3.19696255936811,0.8));
#8931=CARTESIAN_POINT('Ctrl Pts',(0.408607124796837,3.19696255936811,0.85));
#8932=CARTESIAN_POINT('Ctrl Pts',(0.406410247087479,3.19572642445564,0.8));
#8933=CARTESIAN_POINT('Ctrl Pts',(0.406410247087479,3.19572642445564,0.85));
#8934=CARTESIAN_POINT('',(0.423931609839201,3.19999992847443,0.8));
#8935=CARTESIAN_POINT('Ctrl Pts',(0.406410247087479,3.19572642445564,0.8));
#8936=CARTESIAN_POINT('Ctrl Pts',(0.408607124796837,3.19696255936811,0.8));
#8937=CARTESIAN_POINT('Ctrl Pts',(0.413999409850033,3.19999667992196,0.8));
#8938=CARTESIAN_POINT('Ctrl Pts',(0.420235922648913,3.19999871971567,0.8));
#8939=CARTESIAN_POINT('Ctrl Pts',(0.423931609839201,3.19999992847443,0.8));
#8940=CARTESIAN_POINT('',(0.423931609839201,3.19999992847443,0.85));
#8941=CARTESIAN_POINT('Ctrl Pts',(0.423931609839201,3.19999992847443,0.85));
#8942=CARTESIAN_POINT('Ctrl Pts',(0.420235922648913,3.19999871971567,0.85));
#8943=CARTESIAN_POINT('Ctrl Pts',(0.413999409850033,3.19999667992196,0.85));
#8944=CARTESIAN_POINT('Ctrl Pts',(0.408607124796837,3.19696255936811,0.85));
#8945=CARTESIAN_POINT('Ctrl Pts',(0.406410247087479,3.19572642445564,0.85));
#8946=CARTESIAN_POINT('',(0.423931609839201,3.19999992847443,0.8));
#8947=CARTESIAN_POINT('Origin',(0.819230731576681,3.19999992847443,0.8));
#8948=CARTESIAN_POINT('',(0.819230731576681,3.19999992847443,0.8));
#8949=CARTESIAN_POINT('',(1.65961536578834,3.19999992847443,0.8));
#8950=CARTESIAN_POINT('',(0.819230731576681,3.19999992847443,0.85));
#8951=CARTESIAN_POINT('',(0.423931609839201,3.19999992847443,0.85));
#8952=CARTESIAN_POINT('',(0.819230731576681,3.19999992847443,0.8));
#8953=CARTESIAN_POINT('Origin',(0.819230731576681,3.07649563997984,0.8));
#8954=CARTESIAN_POINT('',(0.819230731576681,3.07649563997984,0.8));
#8955=CARTESIAN_POINT('',(0.819230731576681,3.03824781998992,0.8));
#8956=CARTESIAN_POINT('',(0.819230731576681,3.07649563997984,0.85));
#8957=CARTESIAN_POINT('',(0.819230731576681,3.19999992847443,0.85));
#8958=CARTESIAN_POINT('',(0.819230731576681,3.07649563997984,0.8));
#8959=CARTESIAN_POINT('Ctrl Pts',(0.814102571457624,3.05811956524849,0.8));
#8960=CARTESIAN_POINT('Ctrl Pts',(0.814102571457624,3.05811956524849,0.85));
#8961=CARTESIAN_POINT('Ctrl Pts',(0.815590696241109,3.06051343500976,0.8));
#8962=CARTESIAN_POINT('Ctrl Pts',(0.815590696241109,3.06051343500976,0.85));
#8963=CARTESIAN_POINT('Ctrl Pts',(0.819061608733635,3.06609691332563,0.8));
#8964=CARTESIAN_POINT('Ctrl Pts',(0.819061608733635,3.06609691332563,0.85));
#8965=CARTESIAN_POINT('Ctrl Pts',(0.819169244021055,3.07271500176402,0.8));
#8966=CARTESIAN_POINT('Ctrl Pts',(0.819169244021055,3.07271500176402,0.85));
#8967=CARTESIAN_POINT('Ctrl Pts',(0.819230731576681,3.07649563997984,0.8));
#8968=CARTESIAN_POINT('Ctrl Pts',(0.819230731576681,3.07649563997984,0.85));
#8969=CARTESIAN_POINT('',(0.814102571457624,3.05811956524849,0.8));
#8970=CARTESIAN_POINT('Ctrl Pts',(0.819230731576681,3.07649563997984,0.8));
#8971=CARTESIAN_POINT('Ctrl Pts',(0.819169244021055,3.07271500176402,0.8));
#8972=CARTESIAN_POINT('Ctrl Pts',(0.819061608733635,3.06609691332563,0.8));
#8973=CARTESIAN_POINT('Ctrl Pts',(0.815590696241109,3.06051343500976,0.8));
#8974=CARTESIAN_POINT('Ctrl Pts',(0.814102571457624,3.05811956524849,0.8));
#8975=CARTESIAN_POINT('',(0.814102571457624,3.05811956524849,0.85));
#8976=CARTESIAN_POINT('Ctrl Pts',(0.814102571457624,3.05811956524849,0.85));
#8977=CARTESIAN_POINT('Ctrl Pts',(0.815590696241109,3.06051343500976,0.85));
#8978=CARTESIAN_POINT('Ctrl Pts',(0.819061608733635,3.06609691332563,0.85));
#8979=CARTESIAN_POINT('Ctrl Pts',(0.819169244021055,3.07271500176402,0.85));
#8980=CARTESIAN_POINT('Ctrl Pts',(0.819230731576681,3.07649563997984,0.85));
#8981=CARTESIAN_POINT('',(0.814102571457624,3.05811956524849,0.8));
#8982=CARTESIAN_POINT('Ctrl Pts',(0.801282059401274,3.05256400257349,0.8));
#8983=CARTESIAN_POINT('Ctrl Pts',(0.801282059401274,3.05256400257349,0.85));
#8984=CARTESIAN_POINT('Ctrl Pts',(0.803735060548557,3.05279091517129,0.8));
#8985=CARTESIAN_POINT('Ctrl Pts',(0.803735060548557,3.05279091517129,0.85));
#8986=CARTESIAN_POINT('Ctrl Pts',(0.808617123599357,3.05324252588933,0.8));
#8987=CARTESIAN_POINT('Ctrl Pts',(0.808617123599357,3.05324252588933,0.85));
#8988=CARTESIAN_POINT('Ctrl Pts',(0.812280075945716,3.05649920852045,0.8));
#8989=CARTESIAN_POINT('Ctrl Pts',(0.812280075945716,3.05649920852045,0.85));
#8990=CARTESIAN_POINT('Ctrl Pts',(0.814102571457624,3.05811956524849,0.8));
#8991=CARTESIAN_POINT('Ctrl Pts',(0.814102571457624,3.05811956524849,0.85));
#8992=CARTESIAN_POINT('',(0.801282059401274,3.05256400257349,0.8));
#8993=CARTESIAN_POINT('Ctrl Pts',(0.814102571457624,3.05811956524849,0.8));
#8994=CARTESIAN_POINT('Ctrl Pts',(0.812280075945716,3.05649920852045,0.8));
#8995=CARTESIAN_POINT('Ctrl Pts',(0.808617123599357,3.05324252588933,0.8));
#8996=CARTESIAN_POINT('Ctrl Pts',(0.803735060548557,3.05279091517129,0.8));
#8997=CARTESIAN_POINT('Ctrl Pts',(0.801282059401274,3.05256400257349,0.8));
#8998=CARTESIAN_POINT('',(0.801282059401274,3.05256400257349,0.85));
#8999=CARTESIAN_POINT('Ctrl Pts',(0.801282059401274,3.05256400257349,0.85));
#9000=CARTESIAN_POINT('Ctrl Pts',(0.803735060548557,3.05279091517129,0.85));
#9001=CARTESIAN_POINT('Ctrl Pts',(0.808617123599357,3.05324252588933,0.85));
#9002=CARTESIAN_POINT('Ctrl Pts',(0.812280075945716,3.05649920852045,0.85));
#9003=CARTESIAN_POINT('Ctrl Pts',(0.814102571457624,3.05811956524849,0.85));
#9004=CARTESIAN_POINT('',(0.801282059401274,3.05256400257349,0.8));
#9005=CARTESIAN_POINT('Ctrl Pts',(0.788034182041883,3.05811956524849,0.8));
#9006=CARTESIAN_POINT('Ctrl Pts',(0.788034182041883,3.05811956524849,0.85));
#9007=CARTESIAN_POINT('Ctrl Pts',(0.789894688327182,3.05649938373609,0.8));
#9008=CARTESIAN_POINT('Ctrl Pts',(0.789894688327182,3.05649938373609,0.85));
#9009=CARTESIAN_POINT('Ctrl Pts',(0.793692664920486,3.0531919982628,0.8));
#9010=CARTESIAN_POINT('Ctrl Pts',(0.793692664920486,3.0531919982628,0.85));
#9011=CARTESIAN_POINT('Ctrl Pts',(0.798718313852708,3.05277614349686,0.8));
#9012=CARTESIAN_POINT('Ctrl Pts',(0.798718313852708,3.05277614349686,0.85));
#9013=CARTESIAN_POINT('Ctrl Pts',(0.801282059401274,3.05256400257349,0.8));
#9014=CARTESIAN_POINT('Ctrl Pts',(0.801282059401274,3.05256400257349,0.85));
#9015=CARTESIAN_POINT('',(0.788034182041883,3.05811956524849,0.8));
#9016=CARTESIAN_POINT('Ctrl Pts',(0.801282059401274,3.05256400257349,0.8));
#9017=CARTESIAN_POINT('Ctrl Pts',(0.798718313852708,3.05277614349686,0.8));
#9018=CARTESIAN_POINT('Ctrl Pts',(0.793692664920486,3.0531919982628,0.8));
#9019=CARTESIAN_POINT('Ctrl Pts',(0.789894688327182,3.05649938373609,0.8));
#9020=CARTESIAN_POINT('Ctrl Pts',(0.788034182041883,3.05811956524849,0.8));
#9021=CARTESIAN_POINT('',(0.788034182041883,3.05811956524849,0.85));
#9022=CARTESIAN_POINT('Ctrl Pts',(0.788034182041883,3.05811956524849,0.85));
#9023=CARTESIAN_POINT('Ctrl Pts',(0.789894688327182,3.05649938373609,0.85));
#9024=CARTESIAN_POINT('Ctrl Pts',(0.793692664920486,3.0531919982628,0.85));
#9025=CARTESIAN_POINT('Ctrl Pts',(0.798718313852708,3.05277614349686,0.85));
#9026=CARTESIAN_POINT('Ctrl Pts',(0.801282059401274,3.05256400257349,0.85));
#9027=CARTESIAN_POINT('',(0.788034182041883,3.05811956524849,0.8));
#9028=CARTESIAN_POINT('Ctrl Pts',(0.782905947417021,3.07649563997984,0.8));
#9029=CARTESIAN_POINT('Ctrl Pts',(0.782905947417021,3.07649563997984,0.85));
#9030=CARTESIAN_POINT('Ctrl Pts',(0.78296742819353,3.07271499808786,0.8));
#9031=CARTESIAN_POINT('Ctrl Pts',(0.78296742819353,3.07271499808786,0.85));
#9032=CARTESIAN_POINT('Ctrl Pts',(0.783075051805219,3.06609689145332,0.8));
#9033=CARTESIAN_POINT('Ctrl Pts',(0.783075051805219,3.06609689145332,0.85));
#9034=CARTESIAN_POINT('Ctrl Pts',(0.78654602689619,3.06051343241351,0.8));
#9035=CARTESIAN_POINT('Ctrl Pts',(0.78654602689619,3.06051343241351,0.85));
#9036=CARTESIAN_POINT('Ctrl Pts',(0.788034182041883,3.05811956524849,0.8));
#9037=CARTESIAN_POINT('Ctrl Pts',(0.788034182041883,3.05811956524849,0.85));
#9038=CARTESIAN_POINT('',(0.782905947417021,3.07649563997984,0.8));
#9039=CARTESIAN_POINT('Ctrl Pts',(0.788034182041883,3.05811956524849,0.8));
#9040=CARTESIAN_POINT('Ctrl Pts',(0.78654602689619,3.06051343241351,0.8));
#9041=CARTESIAN_POINT('Ctrl Pts',(0.783075051805219,3.06609689145332,0.8));
#9042=CARTESIAN_POINT('Ctrl Pts',(0.78296742819353,3.07271499808786,0.8));
#9043=CARTESIAN_POINT('Ctrl Pts',(0.782905947417021,3.07649563997984,0.8));
#9044=CARTESIAN_POINT('',(0.782905947417021,3.07649563997984,0.85));
#9045=CARTESIAN_POINT('Ctrl Pts',(0.782905947417021,3.07649563997984,0.85));
#9046=CARTESIAN_POINT('Ctrl Pts',(0.78296742819353,3.07271499808786,0.85));
#9047=CARTESIAN_POINT('Ctrl Pts',(0.783075051805219,3.06609689145332,0.85));
#9048=CARTESIAN_POINT('Ctrl Pts',(0.78654602689619,3.06051343241351,0.85));
#9049=CARTESIAN_POINT('Ctrl Pts',(0.788034182041883,3.05811956524849,0.85));
#9050=CARTESIAN_POINT('',(0.782905947417021,3.07649563997984,0.8));
#9051=CARTESIAN_POINT('Origin',(0.782905947417021,3.1641024723649,0.8));
#9052=CARTESIAN_POINT('',(0.782905947417021,3.1641024723649,0.8));
#9053=CARTESIAN_POINT('',(0.782905947417021,3.08205123618245,0.8));
#9054=CARTESIAN_POINT('',(0.782905947417021,3.1641024723649,0.85));
#9055=CARTESIAN_POINT('',(0.782905947417021,3.07649563997984,0.85));
#9056=CARTESIAN_POINT('',(0.782905947417021,3.1641024723649,0.8));
#9057=CARTESIAN_POINT('Origin',(0.508119650185108,3.1641024723649,0.8));
#9058=CARTESIAN_POINT('',(0.508119650185108,3.1641024723649,0.8));
#9059=CARTESIAN_POINT('',(1.50405982509255,3.1641024723649,0.8));
#9060=CARTESIAN_POINT('',(0.508119650185108,3.1641024723649,0.85));
#9061=CARTESIAN_POINT('',(0.782905947417021,3.1641024723649,0.85));
#9062=CARTESIAN_POINT('',(0.508119650185108,3.1641024723649,0.8));
#9063=CARTESIAN_POINT('Origin',(0.508119650185108,2.97735035419464,0.8));
#9064=CARTESIAN_POINT('',(0.508119650185108,2.97735035419464,0.8));
#9065=CARTESIAN_POINT('',(0.508119650185108,2.98867517709732,0.8));
#9066=CARTESIAN_POINT('',(0.508119650185108,2.97735035419464,0.85));
#9067=CARTESIAN_POINT('',(0.508119650185108,3.1641024723649,0.85));
#9068=CARTESIAN_POINT('',(0.508119650185108,2.97735035419464,0.8));
#9069=CARTESIAN_POINT('Origin',(0.636752117425203,2.97735035419464,0.8));
#9070=CARTESIAN_POINT('',(0.636752117425203,2.97735035419464,0.8));
#9071=CARTESIAN_POINT('',(1.5683760587126,2.97735035419464,0.8));
#9072=CARTESIAN_POINT('',(0.636752117425203,2.97735035419464,0.85));
#9073=CARTESIAN_POINT('',(0.508119650185108,2.97735035419464,0.85));
#9074=CARTESIAN_POINT('',(0.636752117425203,2.97735035419464,0.8));
#9075=CARTESIAN_POINT('Origin',(0.636752117425203,3.01794864237309,0.8));
#9076=CARTESIAN_POINT('',(0.636752117425203,3.01794864237309,0.8));
#9077=CARTESIAN_POINT('',(0.636752117425203,3.00897432118654,0.8));
#9078=CARTESIAN_POINT('',(0.636752117425203,3.01794864237309,0.85));
#9079=CARTESIAN_POINT('',(0.636752117425203,2.97735035419464,0.85));
#9080=CARTESIAN_POINT('',(0.636752117425203,3.01794864237309,0.8));
#9081=CARTESIAN_POINT('Ctrl Pts',(0.641880333423615,3.03632471710443,0.8));
#9082=CARTESIAN_POINT('Ctrl Pts',(0.641880333423615,3.03632471710443,0.85));
#9083=CARTESIAN_POINT('Ctrl Pts',(0.640392194467495,3.03393084851942,0.8));
#9084=CARTESIAN_POINT('Ctrl Pts',(0.640392194467495,3.03393084851942,0.85));
#9085=CARTESIAN_POINT('Ctrl Pts',(0.636921252642086,3.02834737893675,0.8));
#9086=CARTESIAN_POINT('Ctrl Pts',(0.636921252642086,3.02834737893675,0.85));
#9087=CARTESIAN_POINT('Ctrl Pts',(0.636813609448044,3.02172928225442,0.8));
#9088=CARTESIAN_POINT('Ctrl Pts',(0.636813609448044,3.02172928225442,0.85));
#9089=CARTESIAN_POINT('Ctrl Pts',(0.636752117425203,3.01794864237309,0.8));
#9090=CARTESIAN_POINT('Ctrl Pts',(0.636752117425203,3.01794864237309,0.85));
#9091=CARTESIAN_POINT('',(0.641880333423615,3.03632471710443,0.8));
#9092=CARTESIAN_POINT('Ctrl Pts',(0.636752117425203,3.01794864237309,0.8));
#9093=CARTESIAN_POINT('Ctrl Pts',(0.636813609448044,3.02172928225442,0.8));
#9094=CARTESIAN_POINT('Ctrl Pts',(0.636921252642086,3.02834737893675,0.8));
#9095=CARTESIAN_POINT('Ctrl Pts',(0.640392194467495,3.03393084851942,0.8));
#9096=CARTESIAN_POINT('Ctrl Pts',(0.641880333423615,3.03632471710443,0.8));
#9097=CARTESIAN_POINT('',(0.641880333423615,3.03632471710443,0.85));
#9098=CARTESIAN_POINT('Ctrl Pts',(0.641880333423615,3.03632471710443,0.85));
#9099=CARTESIAN_POINT('Ctrl Pts',(0.640392194467495,3.03393084851942,0.85));
#9100=CARTESIAN_POINT('Ctrl Pts',(0.636921252642086,3.02834737893675,0.85));
#9101=CARTESIAN_POINT('Ctrl Pts',(0.636813609448044,3.02172928225442,0.85));
#9102=CARTESIAN_POINT('Ctrl Pts',(0.636752117425203,3.01794864237309,0.85));
#9103=CARTESIAN_POINT('',(0.641880333423615,3.03632471710443,0.8));
#9104=CARTESIAN_POINT('Ctrl Pts',(0.655128192156553,3.04188024252653,0.8));
#9105=CARTESIAN_POINT('Ctrl Pts',(0.655128192156553,3.04188024252653,0.85));
#9106=CARTESIAN_POINT('Ctrl Pts',(0.652564430891602,3.04166812224797,0.8));
#9107=CARTESIAN_POINT('Ctrl Pts',(0.652564430891602,3.04166812224797,0.85));
#9108=CARTESIAN_POINT('Ctrl Pts',(0.647538776480659,3.0412523100473,0.8));
#9109=CARTESIAN_POINT('Ctrl Pts',(0.647538776480659,3.0412523100473,0.85));
#9110=CARTESIAN_POINT('Ctrl Pts',(0.643740820061355,3.03794490144384,0.8));
#9111=CARTESIAN_POINT('Ctrl Pts',(0.643740820061355,3.03794490144384,0.85));
#9112=CARTESIAN_POINT('Ctrl Pts',(0.641880333423615,3.03632471710443,0.8));
#9113=CARTESIAN_POINT('Ctrl Pts',(0.641880333423615,3.03632471710443,0.85));
#9114=CARTESIAN_POINT('',(0.655128192156553,3.04188024252653,0.8));
#9115=CARTESIAN_POINT('Ctrl Pts',(0.641880333423615,3.03632471710443,0.8));
#9116=CARTESIAN_POINT('Ctrl Pts',(0.643740820061355,3.03794490144384,0.8));
#9117=CARTESIAN_POINT('Ctrl Pts',(0.647538776480659,3.0412523100473,0.8));
#9118=CARTESIAN_POINT('Ctrl Pts',(0.652564430891602,3.04166812224797,0.8));
#9119=CARTESIAN_POINT('Ctrl Pts',(0.655128192156553,3.04188024252653,0.8));
#9120=CARTESIAN_POINT('',(0.655128192156553,3.04188024252653,0.85));
#9121=CARTESIAN_POINT('Ctrl Pts',(0.655128192156553,3.04188024252653,0.85));
#9122=CARTESIAN_POINT('Ctrl Pts',(0.652564430891602,3.04166812224797,0.85));
#9123=CARTESIAN_POINT('Ctrl Pts',(0.647538776480659,3.0412523100473,0.85));
#9124=CARTESIAN_POINT('Ctrl Pts',(0.643740820061355,3.03794490144384,0.85));
#9125=CARTESIAN_POINT('Ctrl Pts',(0.641880333423615,3.03632471710443,0.85));
#9126=CARTESIAN_POINT('',(0.655128192156553,3.04188024252653,0.8));
#9127=CARTESIAN_POINT('Ctrl Pts',(0.667948704212904,3.03632471710443,0.8));
#9128=CARTESIAN_POINT('Ctrl Pts',(0.667948704212904,3.03632471710443,0.85));
#9129=CARTESIAN_POINT('Ctrl Pts',(0.666126234716376,3.03794507685164,0.8));
#9130=CARTESIAN_POINT('Ctrl Pts',(0.666126234716376,3.03794507685164,0.85));
#9131=CARTESIAN_POINT('Ctrl Pts',(0.662463302159969,3.04120179444412,0.8));
#9132=CARTESIAN_POINT('Ctrl Pts',(0.662463302159969,3.04120179444412,0.85));
#9133=CARTESIAN_POINT('Ctrl Pts',(0.657581222965657,3.04165335376171,0.8));
#9134=CARTESIAN_POINT('Ctrl Pts',(0.657581222965657,3.04165335376171,0.85));
#9135=CARTESIAN_POINT('Ctrl Pts',(0.655128192156553,3.04188024252653,0.8));
#9136=CARTESIAN_POINT('Ctrl Pts',(0.655128192156553,3.04188024252653,0.85));
#9137=CARTESIAN_POINT('',(0.667948704212904,3.03632471710443,0.8));
#9138=CARTESIAN_POINT('Ctrl Pts',(0.655128192156553,3.04188024252653,0.8));
#9139=CARTESIAN_POINT('Ctrl Pts',(0.657581222965657,3.04165335376171,0.8));
#9140=CARTESIAN_POINT('Ctrl Pts',(0.662463302159969,3.04120179444412,0.8));
#9141=CARTESIAN_POINT('Ctrl Pts',(0.666126234716376,3.03794507685164,0.8));
#9142=CARTESIAN_POINT('Ctrl Pts',(0.667948704212904,3.03632471710443,0.8));
#9143=CARTESIAN_POINT('',(0.667948704212904,3.03632471710443,0.85));
#9144=CARTESIAN_POINT('Ctrl Pts',(0.667948704212904,3.03632471710443,0.85));
#9145=CARTESIAN_POINT('Ctrl Pts',(0.666126234716376,3.03794507685164,0.85));
#9146=CARTESIAN_POINT('Ctrl Pts',(0.662463302159969,3.04120179444412,0.85));
#9147=CARTESIAN_POINT('Ctrl Pts',(0.657581222965657,3.04165335376171,0.85));
#9148=CARTESIAN_POINT('Ctrl Pts',(0.655128192156553,3.04188024252653,0.85));
#9149=CARTESIAN_POINT('',(0.667948704212904,3.03632471710443,0.8));
#9150=CARTESIAN_POINT('Ctrl Pts',(0.673076938837767,3.01794864237309,0.8));
#9151=CARTESIAN_POINT('Ctrl Pts',(0.673076938837767,3.01794864237309,0.85));
#9152=CARTESIAN_POINT('Ctrl Pts',(0.673015438958139,3.02172928208187,0.8));
#9153=CARTESIAN_POINT('Ctrl Pts',(0.673015438958139,3.02172928208187,0.85));
#9154=CARTESIAN_POINT('Ctrl Pts',(0.672907782019592,3.02834737791006,0.8));
#9155=CARTESIAN_POINT('Ctrl Pts',(0.672907782019592,3.02834737791006,0.85));
#9156=CARTESIAN_POINT('Ctrl Pts',(0.669436842160557,3.03393084839755,0.8));
#9157=CARTESIAN_POINT('Ctrl Pts',(0.669436842160557,3.03393084839755,0.85));
#9158=CARTESIAN_POINT('Ctrl Pts',(0.667948704212904,3.03632471710443,0.8));
#9159=CARTESIAN_POINT('Ctrl Pts',(0.667948704212904,3.03632471710443,0.85));
#9160=CARTESIAN_POINT('',(0.673076938837767,3.01794864237309,0.8));
#9161=CARTESIAN_POINT('Ctrl Pts',(0.667948704212904,3.03632471710443,0.8));
#9162=CARTESIAN_POINT('Ctrl Pts',(0.669436842160557,3.03393084839755,0.8));
#9163=CARTESIAN_POINT('Ctrl Pts',(0.672907782019592,3.02834737791006,0.8));
#9164=CARTESIAN_POINT('Ctrl Pts',(0.673015438958139,3.02172928208187,0.8));
#9165=CARTESIAN_POINT('Ctrl Pts',(0.673076938837767,3.01794864237309,0.8));
#9166=CARTESIAN_POINT('',(0.673076938837767,3.01794864237309,0.85));
#9167=CARTESIAN_POINT('Ctrl Pts',(0.673076938837767,3.01794864237309,0.85));
#9168=CARTESIAN_POINT('Ctrl Pts',(0.673015438958139,3.02172928208187,0.85));
#9169=CARTESIAN_POINT('Ctrl Pts',(0.672907782019592,3.02834737791006,0.85));
#9170=CARTESIAN_POINT('Ctrl Pts',(0.669436842160557,3.03393084839755,0.85));
#9171=CARTESIAN_POINT('Ctrl Pts',(0.667948704212904,3.03632471710443,0.85));
#9172=CARTESIAN_POINT('',(0.673076938837767,3.01794864237309,0.8));
#9173=CARTESIAN_POINT('Origin',(0.673076938837767,2.90085460990667,0.8));
#9174=CARTESIAN_POINT('',(0.673076938837767,2.90085460990667,0.8));
#9175=CARTESIAN_POINT('',(0.673076938837767,2.95042730495334,0.8));
#9176=CARTESIAN_POINT('',(0.673076938837767,2.90085460990667,0.85));
#9177=CARTESIAN_POINT('',(0.673076938837767,3.01794864237309,0.85));
#9178=CARTESIAN_POINT('',(0.673076938837767,2.90085460990667,0.8));
#9179=CARTESIAN_POINT('Ctrl Pts',(0.667948704212904,2.88247857242823,0.8));
#9180=CARTESIAN_POINT('Ctrl Pts',(0.667948704212904,2.88247857242823,0.85));
#9181=CARTESIAN_POINT('Ctrl Pts',(0.669436841966049,2.88487242854356,0.8));
#9182=CARTESIAN_POINT('Ctrl Pts',(0.669436841966049,2.88487242854356,0.85));
#9183=CARTESIAN_POINT('Ctrl Pts',(0.672907789247442,2.89045588233204,0.8));
#9184=CARTESIAN_POINT('Ctrl Pts',(0.672907789247442,2.89045588233204,0.85));
#9185=CARTESIAN_POINT('Ctrl Pts',(0.673015441519294,2.89707396899504,0.8));
#9186=CARTESIAN_POINT('Ctrl Pts',(0.673015441519294,2.89707396899504,0.85));
#9187=CARTESIAN_POINT('Ctrl Pts',(0.673076938837767,2.90085460990667,0.8));
#9188=CARTESIAN_POINT('Ctrl Pts',(0.673076938837767,2.90085460990667,0.85));
#9189=CARTESIAN_POINT('',(0.667948704212904,2.88247857242823,0.8));
#9190=CARTESIAN_POINT('Ctrl Pts',(0.673076938837767,2.90085460990667,0.8));
#9191=CARTESIAN_POINT('Ctrl Pts',(0.673015441519294,2.89707396899504,0.8));
#9192=CARTESIAN_POINT('Ctrl Pts',(0.672907789247442,2.89045588233204,0.8));
#9193=CARTESIAN_POINT('Ctrl Pts',(0.669436841966049,2.88487242854356,0.8));
#9194=CARTESIAN_POINT('Ctrl Pts',(0.667948704212904,2.88247857242823,0.8));
#9195=CARTESIAN_POINT('',(0.667948704212904,2.88247857242823,0.85));
#9196=CARTESIAN_POINT('Ctrl Pts',(0.667948704212904,2.88247857242823,0.85));
#9197=CARTESIAN_POINT('Ctrl Pts',(0.669436841966049,2.88487242854356,0.85));
#9198=CARTESIAN_POINT('Ctrl Pts',(0.672907789247442,2.89045588233204,0.85));
#9199=CARTESIAN_POINT('Ctrl Pts',(0.673015441519294,2.89707396899504,0.85));
#9200=CARTESIAN_POINT('Ctrl Pts',(0.673076938837767,2.90085460990667,0.85));
#9201=CARTESIAN_POINT('',(0.667948704212904,2.88247857242823,0.8));
#9202=CARTESIAN_POINT('Ctrl Pts',(0.655128192156553,2.87692297250032,0.8));
#9203=CARTESIAN_POINT('Ctrl Pts',(0.655128192156553,2.87692297250032,0.85));
#9204=CARTESIAN_POINT('Ctrl Pts',(0.657581223866944,2.8771498746213,0.8));
#9205=CARTESIAN_POINT('Ctrl Pts',(0.657581223866944,2.8771498746213,0.85));
#9206=CARTESIAN_POINT('Ctrl Pts',(0.662463309866494,2.87760146098417,0.8));
#9207=CARTESIAN_POINT('Ctrl Pts',(0.662463309866494,2.87760146098417,0.85));
#9208=CARTESIAN_POINT('Ctrl Pts',(0.666126236015234,2.88085820022853,0.8));
#9209=CARTESIAN_POINT('Ctrl Pts',(0.666126236015234,2.88085820022853,0.85));
#9210=CARTESIAN_POINT('Ctrl Pts',(0.667948704212904,2.88247857242823,0.8));
#9211=CARTESIAN_POINT('Ctrl Pts',(0.667948704212904,2.88247857242823,0.85));
#9212=CARTESIAN_POINT('',(0.655128192156553,2.87692297250032,0.8));
#9213=CARTESIAN_POINT('Ctrl Pts',(0.667948704212904,2.88247857242823,0.8));
#9214=CARTESIAN_POINT('Ctrl Pts',(0.666126236015234,2.88085820022853,0.8));
#9215=CARTESIAN_POINT('Ctrl Pts',(0.662463309866494,2.87760146098417,0.8));
#9216=CARTESIAN_POINT('Ctrl Pts',(0.657581223866944,2.8771498746213,0.8));
#9217=CARTESIAN_POINT('Ctrl Pts',(0.655128192156553,2.87692297250032,0.8));
#9218=CARTESIAN_POINT('',(0.655128192156553,2.87692297250032,0.85));
#9219=CARTESIAN_POINT('Ctrl Pts',(0.655128192156553,2.87692297250032,0.85));
#9220=CARTESIAN_POINT('Ctrl Pts',(0.657581223866944,2.8771498746213,0.85));
#9221=CARTESIAN_POINT('Ctrl Pts',(0.662463309866494,2.87760146098417,0.85));
#9222=CARTESIAN_POINT('Ctrl Pts',(0.666126236015234,2.88085820022853,0.85));
#9223=CARTESIAN_POINT('Ctrl Pts',(0.667948704212904,2.88247857242823,0.85));
#9224=CARTESIAN_POINT('',(0.655128192156553,2.87692297250032,0.8));
#9225=CARTESIAN_POINT('Ctrl Pts',(0.641880333423615,2.88247857242823,0.8));
#9226=CARTESIAN_POINT('Ctrl Pts',(0.641880333423615,2.88247857242823,0.85));
#9227=CARTESIAN_POINT('Ctrl Pts',(0.643740818760088,2.88085837553148,0.8));
#9228=CARTESIAN_POINT('Ctrl Pts',(0.643740818760088,2.88085837553148,0.85));
#9229=CARTESIAN_POINT('Ctrl Pts',(0.647538768508728,2.87755094478956,0.8));
#9230=CARTESIAN_POINT('Ctrl Pts',(0.647538768508728,2.87755094478956,0.85));
#9231=CARTESIAN_POINT('Ctrl Pts',(0.652564429921735,2.87713510608442,0.8));
#9232=CARTESIAN_POINT('Ctrl Pts',(0.652564429921735,2.87713510608442,0.85));
#9233=CARTESIAN_POINT('Ctrl Pts',(0.655128192156553,2.87692297250032,0.8));
#9234=CARTESIAN_POINT('Ctrl Pts',(0.655128192156553,2.87692297250032,0.85));
#9235=CARTESIAN_POINT('',(0.641880333423615,2.88247857242823,0.8));
#9236=CARTESIAN_POINT('Ctrl Pts',(0.655128192156553,2.87692297250032,0.8));
#9237=CARTESIAN_POINT('Ctrl Pts',(0.652564429921735,2.87713510608442,0.8));
#9238=CARTESIAN_POINT('Ctrl Pts',(0.647538768508728,2.87755094478956,0.8));
#9239=CARTESIAN_POINT('Ctrl Pts',(0.643740818760088,2.88085837553148,0.8));
#9240=CARTESIAN_POINT('Ctrl Pts',(0.641880333423615,2.88247857242823,0.8));
#9241=CARTESIAN_POINT('',(0.641880333423615,2.88247857242823,0.85));
#9242=CARTESIAN_POINT('Ctrl Pts',(0.641880333423615,2.88247857242823,0.85));
#9243=CARTESIAN_POINT('Ctrl Pts',(0.643740818760088,2.88085837553148,0.85));
#9244=CARTESIAN_POINT('Ctrl Pts',(0.647538768508728,2.87755094478956,0.85));
#9245=CARTESIAN_POINT('Ctrl Pts',(0.652564429921735,2.87713510608442,0.85));
#9246=CARTESIAN_POINT('Ctrl Pts',(0.655128192156553,2.87692297250032,0.85));
#9247=CARTESIAN_POINT('',(0.641880333423615,2.88247857242823,0.8));
#9248=CARTESIAN_POINT('Ctrl Pts',(0.636752117425203,2.90085460990667,0.8));
#9249=CARTESIAN_POINT('Ctrl Pts',(0.636752117425203,2.90085460990667,0.85));
#9250=CARTESIAN_POINT('Ctrl Pts',(0.636813616438466,2.89707396991409,0.8));
#9251=CARTESIAN_POINT('Ctrl Pts',(0.636813616438466,2.89707396991409,0.85));
#9252=CARTESIAN_POINT('Ctrl Pts',(0.636921271629253,2.89045588780014,0.8));
#9253=CARTESIAN_POINT('Ctrl Pts',(0.636921271629253,2.89045588780014,0.85));
#9254=CARTESIAN_POINT('Ctrl Pts',(0.640392203261015,2.88487242919263,0.8));
#9255=CARTESIAN_POINT('Ctrl Pts',(0.640392203261015,2.88487242919263,0.85));
#9256=CARTESIAN_POINT('Ctrl Pts',(0.641880333423615,2.88247857242823,0.8));
#9257=CARTESIAN_POINT('Ctrl Pts',(0.641880333423615,2.88247857242823,0.85));
#9258=CARTESIAN_POINT('',(0.636752117425203,2.90085460990667,0.8));
#9259=CARTESIAN_POINT('Ctrl Pts',(0.641880333423615,2.88247857242823,0.8));
#9260=CARTESIAN_POINT('Ctrl Pts',(0.640392203261015,2.88487242919263,0.8));
#9261=CARTESIAN_POINT('Ctrl Pts',(0.636921271629253,2.89045588780014,0.8));
#9262=CARTESIAN_POINT('Ctrl Pts',(0.636813616438466,2.89707396991409,0.8));
#9263=CARTESIAN_POINT('Ctrl Pts',(0.636752117425203,2.90085460990667,0.8));
#9264=CARTESIAN_POINT('',(0.636752117425203,2.90085460990667,0.85));
#9265=CARTESIAN_POINT('Ctrl Pts',(0.636752117425203,2.90085460990667,0.85));
#9266=CARTESIAN_POINT('Ctrl Pts',(0.636813616438466,2.89707396991409,0.85));
#9267=CARTESIAN_POINT('Ctrl Pts',(0.636921271629253,2.89045588780014,0.85));
#9268=CARTESIAN_POINT('Ctrl Pts',(0.640392203261015,2.88487242919263,0.85));
#9269=CARTESIAN_POINT('Ctrl Pts',(0.641880333423615,2.88247857242823,0.85));
#9270=CARTESIAN_POINT('',(0.636752117425203,2.90085460990667,0.8));
#9271=CARTESIAN_POINT('Origin',(0.636752117425203,2.94145289808512,0.8));
#9272=CARTESIAN_POINT('',(0.636752117425203,2.94145289808512,0.8));
#9273=CARTESIAN_POINT('',(0.636752117425203,2.97072644904256,0.8));
#9274=CARTESIAN_POINT('',(0.636752117425203,2.94145289808512,0.85));
#9275=CARTESIAN_POINT('',(0.636752117425203,2.90085460990667,0.85));
#9276=CARTESIAN_POINT('',(0.636752117425203,2.94145289808512,0.8));
#9277=CARTESIAN_POINT('Origin',(0.508119650185108,2.94145289808512,0.8));
#9278=CARTESIAN_POINT('',(1.50405982509255,2.94145289808512,0.8));
#9279=CARTESIAN_POINT('',(0.636752117425203,2.94145289808512,0.85));
#9280=CARTESIAN_POINT('Origin',(2.417948609218,2.96752130612731,0.85));
#9281=CARTESIAN_POINT('Origin',(1.62777772173285,2.84999992698431,0.8));
#9282=CARTESIAN_POINT('',(1.66880344972014,2.84999992698431,0.8));
#9283=CARTESIAN_POINT('',(1.62777772173285,2.84999992698431,0.8));
#9284=CARTESIAN_POINT('',(2.06388886086643,2.84999992698431,0.8));
#9285=CARTESIAN_POINT('',(1.66880344972014,2.84999992698431,0.85));
#9286=CARTESIAN_POINT('',(1.66880344972014,2.84999992698431,0.8));
#9287=CARTESIAN_POINT('',(1.62777772173285,2.84999992698431,0.85));
#9288=CARTESIAN_POINT('',(1.66880344972014,2.84999992698431,0.85));
#9289=CARTESIAN_POINT('',(1.62777772173285,2.84999992698431,0.8));
#9290=CARTESIAN_POINT('Origin',(1.48974357172847,3.1641024723649,0.8));
#9291=CARTESIAN_POINT('',(1.48974357172847,3.1641024723649,0.8));
#9292=CARTESIAN_POINT('',(1.60172623456418,2.90928118767503,0.8));
#9293=CARTESIAN_POINT('',(1.48974357172847,3.1641024723649,0.85));
#9294=CARTESIAN_POINT('',(1.62777772173285,2.84999992698431,0.85));
#9295=CARTESIAN_POINT('',(1.48974357172847,3.1641024723649,0.8));
#9296=CARTESIAN_POINT('Origin',(1.48290595039725,3.1641024723649,0.8));
#9297=CARTESIAN_POINT('',(1.48290595039725,3.1641024723649,0.8));
#9298=CARTESIAN_POINT('',(1.99145297519863,3.1641024723649,0.8));
#9299=CARTESIAN_POINT('',(1.48290595039725,3.1641024723649,0.85));
#9300=CARTESIAN_POINT('',(1.48974357172847,3.1641024723649,0.85));
#9301=CARTESIAN_POINT('',(1.48290595039725,3.1641024723649,0.8));
#9302=CARTESIAN_POINT('Origin',(1.48290595039725,2.73589733988047,0.8));
#9303=CARTESIAN_POINT('',(1.48290595039725,2.73589733988047,0.8));
#9304=CARTESIAN_POINT('',(1.48290595039725,2.86794866994023,0.8));
#9305=CARTESIAN_POINT('',(1.48290595039725,2.73589733988047,0.85));
#9306=CARTESIAN_POINT('',(1.48290595039725,3.1641024723649,0.85));
#9307=CARTESIAN_POINT('',(1.48290595039725,2.73589733988047,0.8));
#9308=CARTESIAN_POINT('Origin',(1.5491452626884,2.73589733988047,0.8));
#9309=CARTESIAN_POINT('',(1.5491452626884,2.73589733988047,0.8));
#9310=CARTESIAN_POINT('',(2.0245726313442,2.73589733988047,0.8));
#9311=CARTESIAN_POINT('',(1.5491452626884,2.73589733988047,0.85));
#9312=CARTESIAN_POINT('',(1.48290595039725,2.73589733988047,0.85));
#9313=CARTESIAN_POINT('',(1.5491452626884,2.73589733988047,0.8));
#9314=CARTESIAN_POINT('Ctrl Pts',(1.56752130016685,2.73098286241293,0.8));
#9315=CARTESIAN_POINT('Ctrl Pts',(1.56752130016685,2.73098286241293,0.85));
#9316=CARTESIAN_POINT('Ctrl Pts',(1.56512231209936,2.73240858756494,0.8));
#9317=CARTESIAN_POINT('Ctrl Pts',(1.56512231209936,2.73240858756494,0.85));
#9318=CARTESIAN_POINT('Ctrl Pts',(1.55950036997319,2.73574972310498,0.8));
#9319=CARTESIAN_POINT('Ctrl Pts',(1.55950036997319,2.73574972310498,0.85));
#9320=CARTESIAN_POINT('Ctrl Pts',(1.55291851613921,2.73584355043221,0.8));
#9321=CARTESIAN_POINT('Ctrl Pts',(1.55291851613921,2.73584355043221,0.85));
#9322=CARTESIAN_POINT('Ctrl Pts',(1.5491452626884,2.73589733988047,0.8));
#9323=CARTESIAN_POINT('Ctrl Pts',(1.5491452626884,2.73589733988047,0.85));
#9324=CARTESIAN_POINT('',(1.56752130016685,2.73098286241293,0.8));
#9325=CARTESIAN_POINT('Ctrl Pts',(1.5491452626884,2.73589733988047,0.8));
#9326=CARTESIAN_POINT('Ctrl Pts',(1.55291851613921,2.73584355043221,0.8));
#9327=CARTESIAN_POINT('Ctrl Pts',(1.55950036997319,2.73574972310498,0.8));
#9328=CARTESIAN_POINT('Ctrl Pts',(1.56512231209936,2.73240858756494,0.8));
#9329=CARTESIAN_POINT('Ctrl Pts',(1.56752130016685,2.73098286241293,0.8));
#9330=CARTESIAN_POINT('',(1.56752130016685,2.73098286241293,0.85));
#9331=CARTESIAN_POINT('Ctrl Pts',(1.56752130016685,2.73098286241293,0.85));
#9332=CARTESIAN_POINT('Ctrl Pts',(1.56512231209936,2.73240858756494,0.85));
#9333=CARTESIAN_POINT('Ctrl Pts',(1.55950036997319,2.73574972310498,0.85));
#9334=CARTESIAN_POINT('Ctrl Pts',(1.55291851613921,2.73584355043221,0.85));
#9335=CARTESIAN_POINT('Ctrl Pts',(1.5491452626884,2.73589733988047,0.85));
#9336=CARTESIAN_POINT('',(1.56752130016685,2.73098286241293,0.8));
#9337=CARTESIAN_POINT('Ctrl Pts',(1.57307690009475,2.71794866770506,0.8));
#9338=CARTESIAN_POINT('Ctrl Pts',(1.57307690009475,2.71794866770506,0.85));
#9339=CARTESIAN_POINT('Ctrl Pts',(1.57287033537392,2.72049915977699,0.8));
#9340=CARTESIAN_POINT('Ctrl Pts',(1.57287033537392,2.72049915977699,0.85));
#9341=CARTESIAN_POINT('Ctrl Pts',(1.57246762075552,2.72547155020926,0.8));
#9342=CARTESIAN_POINT('Ctrl Pts',(1.57246762075552,2.72547155020926,0.85));
#9343=CARTESIAN_POINT('Ctrl Pts',(1.56914139995729,2.72917770733125,0.8));
#9344=CARTESIAN_POINT('Ctrl Pts',(1.56914139995729,2.72917770733125,0.85));
#9345=CARTESIAN_POINT('Ctrl Pts',(1.56752130016685,2.73098286241293,0.8));
#9346=CARTESIAN_POINT('Ctrl Pts',(1.56752130016685,2.73098286241293,0.85));
#9347=CARTESIAN_POINT('',(1.57307690009475,2.71794866770506,0.8));
#9348=CARTESIAN_POINT('Ctrl Pts',(1.56752130016685,2.73098286241293,0.8));
#9349=CARTESIAN_POINT('Ctrl Pts',(1.56914139995729,2.72917770733125,0.8));
#9350=CARTESIAN_POINT('Ctrl Pts',(1.57246762075552,2.72547155020926,0.8));
#9351=CARTESIAN_POINT('Ctrl Pts',(1.57287033537392,2.72049915977699,0.8));
#9352=CARTESIAN_POINT('Ctrl Pts',(1.57307690009475,2.71794866770506,0.8));
#9353=CARTESIAN_POINT('',(1.57307690009475,2.71794866770506,0.85));
#9354=CARTESIAN_POINT('Ctrl Pts',(1.57307690009475,2.71794866770506,0.85));
#9355=CARTESIAN_POINT('Ctrl Pts',(1.57287033537392,2.72049915977699,0.85));
#9356=CARTESIAN_POINT('Ctrl Pts',(1.57246762075552,2.72547155020926,0.85));
#9357=CARTESIAN_POINT('Ctrl Pts',(1.56914139995729,2.72917770733125,0.85));
#9358=CARTESIAN_POINT('Ctrl Pts',(1.56752130016685,2.73098286241293,0.85));
#9359=CARTESIAN_POINT('',(1.57307690009475,2.71794866770506,0.8));
#9360=CARTESIAN_POINT('Ctrl Pts',(1.56752130016685,2.70512815564871,0.8));
#9361=CARTESIAN_POINT('Ctrl Pts',(1.56752130016685,2.70512815564871,0.85));
#9362=CARTESIAN_POINT('Ctrl Pts',(1.56914165379162,2.70695062640655,0.8));
#9363=CARTESIAN_POINT('Ctrl Pts',(1.56914165379162,2.70695062640655,0.85));
#9364=CARTESIAN_POINT('Ctrl Pts',(1.57239836235726,2.71061356518542,0.8));
#9365=CARTESIAN_POINT('Ctrl Pts',(1.57239836235726,2.71061356518542,0.85));
#9366=CARTESIAN_POINT('Ctrl Pts',(1.57284998119663,2.7154956377712,0.8));
#9367=CARTESIAN_POINT('Ctrl Pts',(1.57284998119663,2.7154956377712,0.85));
#9368=CARTESIAN_POINT('Ctrl Pts',(1.57307690009475,2.71794866770506,0.8));
#9369=CARTESIAN_POINT('Ctrl Pts',(1.57307690009475,2.71794866770506,0.85));
#9370=CARTESIAN_POINT('',(1.56752130016685,2.70512815564871,0.8));
#9371=CARTESIAN_POINT('Ctrl Pts',(1.57307690009475,2.71794866770506,0.8));
#9372=CARTESIAN_POINT('Ctrl Pts',(1.57284998119663,2.7154956377712,0.8));
#9373=CARTESIAN_POINT('Ctrl Pts',(1.57239836235726,2.71061356518542,0.8));
#9374=CARTESIAN_POINT('Ctrl Pts',(1.56914165379162,2.70695062640655,0.8));
#9375=CARTESIAN_POINT('Ctrl Pts',(1.56752130016685,2.70512815564871,0.8));
#9376=CARTESIAN_POINT('',(1.56752130016685,2.70512815564871,0.85));
#9377=CARTESIAN_POINT('Ctrl Pts',(1.56752130016685,2.70512815564871,0.85));
#9378=CARTESIAN_POINT('Ctrl Pts',(1.56914165379162,2.70695062640655,0.85));
#9379=CARTESIAN_POINT('Ctrl Pts',(1.57239836235726,2.71061356518542,0.85));
#9380=CARTESIAN_POINT('Ctrl Pts',(1.57284998119663,2.7154956377712,0.85));
#9381=CARTESIAN_POINT('Ctrl Pts',(1.57307690009475,2.71794866770506,0.85));
#9382=CARTESIAN_POINT('',(1.56752130016685,2.70512815564871,0.8));
#9383=CARTESIAN_POINT('Ctrl Pts',(1.5491452626884,2.69999992102385,0.8));
#9384=CARTESIAN_POINT('Ctrl Pts',(1.5491452626884,2.69999992102385,0.85));
#9385=CARTESIAN_POINT('Ctrl Pts',(1.55292590578325,2.70006139923919,0.8));
#9386=CARTESIAN_POINT('Ctrl Pts',(1.55292590578325,2.70006139923919,0.85));
#9387=CARTESIAN_POINT('Ctrl Pts',(1.55954400325264,2.70016901818421,0.8));
#9388=CARTESIAN_POINT('Ctrl Pts',(1.55954400325264,2.70016901818421,0.85));
#9389=CARTESIAN_POINT('Ctrl Pts',(1.56512744559338,2.70364000069754,0.8));
#9390=CARTESIAN_POINT('Ctrl Pts',(1.56512744559338,2.70364000069754,0.85));
#9391=CARTESIAN_POINT('Ctrl Pts',(1.56752130016685,2.70512815564871,0.8));
#9392=CARTESIAN_POINT('Ctrl Pts',(1.56752130016685,2.70512815564871,0.85));
#9393=CARTESIAN_POINT('',(1.5491452626884,2.69999992102385,0.8));
#9394=CARTESIAN_POINT('Ctrl Pts',(1.56752130016685,2.70512815564871,0.8));
#9395=CARTESIAN_POINT('Ctrl Pts',(1.56512744559338,2.70364000069754,0.8));
#9396=CARTESIAN_POINT('Ctrl Pts',(1.55954400325264,2.70016901818421,0.8));
#9397=CARTESIAN_POINT('Ctrl Pts',(1.55292590578325,2.70006139923919,0.8));
#9398=CARTESIAN_POINT('Ctrl Pts',(1.5491452626884,2.69999992102385,0.8));
#9399=CARTESIAN_POINT('',(1.5491452626884,2.69999992102385,0.85));
#9400=CARTESIAN_POINT('Ctrl Pts',(1.5491452626884,2.69999992102385,0.85));
#9401=CARTESIAN_POINT('Ctrl Pts',(1.55292590578325,2.70006139923919,0.85));
#9402=CARTESIAN_POINT('Ctrl Pts',(1.55954400325264,2.70016901818421,0.85));
#9403=CARTESIAN_POINT('Ctrl Pts',(1.56512744559338,2.70364000069754,0.85));
#9404=CARTESIAN_POINT('Ctrl Pts',(1.56752130016685,2.70512815564871,0.85));
#9405=CARTESIAN_POINT('',(1.5491452626884,2.69999992102385,0.8));
#9406=CARTESIAN_POINT('Origin',(1.41666663810611,2.69999992102385,0.8));
#9407=CARTESIAN_POINT('',(1.41666663810611,2.69999992102385,0.8));
#9408=CARTESIAN_POINT('',(1.95833331905305,2.69999992102385,0.8));
#9409=CARTESIAN_POINT('',(1.41666663810611,2.69999992102385,0.85));
#9410=CARTESIAN_POINT('',(1.5491452626884,2.69999992102385,0.85));
#9411=CARTESIAN_POINT('',(1.41666663810611,2.69999992102385,0.8));
#9412=CARTESIAN_POINT('Ctrl Pts',(1.39829052612185,2.70512815564871,0.8));
#9413=CARTESIAN_POINT('Ctrl Pts',(1.39829052612185,2.70512815564871,0.85));
#9414=CARTESIAN_POINT('Ctrl Pts',(1.40068440896215,2.70364003470459,0.8));
#9415=CARTESIAN_POINT('Ctrl Pts',(1.40068440896215,2.70364003470459,0.85));
#9416=CARTESIAN_POINT('Ctrl Pts',(1.40626790759624,2.70016913749985,0.8));
#9417=CARTESIAN_POINT('Ctrl Pts',(1.40626790759624,2.70016913749985,0.85));
#9418=CARTESIAN_POINT('Ctrl Pts',(1.41288600178336,2.70006144256775,0.8));
#9419=CARTESIAN_POINT('Ctrl Pts',(1.41288600178336,2.70006144256775,0.85));
#9420=CARTESIAN_POINT('Ctrl Pts',(1.41666663810611,2.69999992102385,0.8));
#9421=CARTESIAN_POINT('Ctrl Pts',(1.41666663810611,2.69999992102385,0.85));
#9422=CARTESIAN_POINT('',(1.39829052612185,2.70512815564871,0.8));
#9423=CARTESIAN_POINT('Ctrl Pts',(1.41666663810611,2.69999992102385,0.8));
#9424=CARTESIAN_POINT('Ctrl Pts',(1.41288600178336,2.70006144256775,0.8));
#9425=CARTESIAN_POINT('Ctrl Pts',(1.40626790759624,2.70016913749985,0.8));
#9426=CARTESIAN_POINT('Ctrl Pts',(1.40068440896215,2.70364003470459,0.8));
#9427=CARTESIAN_POINT('Ctrl Pts',(1.39829052612185,2.70512815564871,0.8));
#9428=CARTESIAN_POINT('',(1.39829052612185,2.70512815564871,0.85));
#9429=CARTESIAN_POINT('Ctrl Pts',(1.39829052612185,2.70512815564871,0.85));
#9430=CARTESIAN_POINT('Ctrl Pts',(1.40068440896215,2.70364003470459,0.85));
#9431=CARTESIAN_POINT('Ctrl Pts',(1.40626790759624,2.70016913749985,0.85));
#9432=CARTESIAN_POINT('Ctrl Pts',(1.41288600178336,2.70006144256775,0.85));
#9433=CARTESIAN_POINT('Ctrl Pts',(1.41666663810611,2.69999992102385,0.85));
#9434=CARTESIAN_POINT('',(1.39829052612185,2.70512815564871,0.8));
#9435=CARTESIAN_POINT('Ctrl Pts',(1.39273500069976,2.71794866770506,0.8));
#9436=CARTESIAN_POINT('Ctrl Pts',(1.39273500069976,2.71794866770506,0.85));
#9437=CARTESIAN_POINT('Ctrl Pts',(1.39296188946458,2.71549563689596,0.8));
#9438=CARTESIAN_POINT('Ctrl Pts',(1.39296188946458,2.71549563689596,0.85));
#9439=CARTESIAN_POINT('Ctrl Pts',(1.39341344878217,2.71061355770164,0.8));
#9440=CARTESIAN_POINT('Ctrl Pts',(1.39341344878217,2.71061355770164,0.85));
#9441=CARTESIAN_POINT('Ctrl Pts',(1.39667016637465,2.70695062514524,0.8));
#9442=CARTESIAN_POINT('Ctrl Pts',(1.39667016637465,2.70695062514524,0.85));
#9443=CARTESIAN_POINT('Ctrl Pts',(1.39829052612185,2.70512815564871,0.8));
#9444=CARTESIAN_POINT('Ctrl Pts',(1.39829052612185,2.70512815564871,0.85));
#9445=CARTESIAN_POINT('',(1.39273500069976,2.71794866770506,0.8));
#9446=CARTESIAN_POINT('Ctrl Pts',(1.39829052612185,2.70512815564871,0.8));
#9447=CARTESIAN_POINT('Ctrl Pts',(1.39667016637465,2.70695062514524,0.8));
#9448=CARTESIAN_POINT('Ctrl Pts',(1.39341344878217,2.71061355770164,0.8));
#9449=CARTESIAN_POINT('Ctrl Pts',(1.39296188946458,2.71549563689596,0.8));
#9450=CARTESIAN_POINT('Ctrl Pts',(1.39273500069976,2.71794866770506,0.8));
#9451=CARTESIAN_POINT('',(1.39273500069976,2.71794866770506,0.85));
#9452=CARTESIAN_POINT('Ctrl Pts',(1.39273500069976,2.71794866770506,0.85));
#9453=CARTESIAN_POINT('Ctrl Pts',(1.39296188946458,2.71549563689596,0.85));
#9454=CARTESIAN_POINT('Ctrl Pts',(1.39341344878217,2.71061355770164,0.85));
#9455=CARTESIAN_POINT('Ctrl Pts',(1.39667016637465,2.70695062514524,0.85));
#9456=CARTESIAN_POINT('Ctrl Pts',(1.39829052612185,2.70512815564871,0.85));
#9457=CARTESIAN_POINT('',(1.39273500069976,2.71794866770506,0.8));
#9458=CARTESIAN_POINT('Ctrl Pts',(1.39829052612185,2.73098286241293,0.8));
#9459=CARTESIAN_POINT('Ctrl Pts',(1.39829052612185,2.73098286241293,0.85));
#9460=CARTESIAN_POINT('Ctrl Pts',(1.39667045749771,2.72917772885173,0.8));
#9461=CARTESIAN_POINT('Ctrl Pts',(1.39667045749771,2.72917772885173,0.85));
#9462=CARTESIAN_POINT('Ctrl Pts',(1.39334425881315,2.72547156925625,0.8));
#9463=CARTESIAN_POINT('Ctrl Pts',(1.39334425881315,2.72547156925625,0.85));
#9464=CARTESIAN_POINT('Ctrl Pts',(1.39294155985646,2.72049918638706,0.8));
#9465=CARTESIAN_POINT('Ctrl Pts',(1.39294155985646,2.72049918638706,0.85));
#9466=CARTESIAN_POINT('Ctrl Pts',(1.39273500069976,2.71794866770506,0.8));
#9467=CARTESIAN_POINT('Ctrl Pts',(1.39273500069976,2.71794866770506,0.85));
#9468=CARTESIAN_POINT('',(1.39829052612185,2.73098286241293,0.8));
#9469=CARTESIAN_POINT('Ctrl Pts',(1.39273500069976,2.71794866770506,0.8));
#9470=CARTESIAN_POINT('Ctrl Pts',(1.39294155985646,2.72049918638706,0.8));
#9471=CARTESIAN_POINT('Ctrl Pts',(1.39334425881315,2.72547156925625,0.8));
#9472=CARTESIAN_POINT('Ctrl Pts',(1.39667045749771,2.72917772885173,0.8));
#9473=CARTESIAN_POINT('Ctrl Pts',(1.39829052612185,2.73098286241293,0.8));
#9474=CARTESIAN_POINT('',(1.39829052612185,2.73098286241293,0.85));
#9475=CARTESIAN_POINT('Ctrl Pts',(1.39829052612185,2.73098286241293,0.85));
#9476=CARTESIAN_POINT('Ctrl Pts',(1.39667045749771,2.72917772885173,0.85));
#9477=CARTESIAN_POINT('Ctrl Pts',(1.39334425881315,2.72547156925625,0.85));
#9478=CARTESIAN_POINT('Ctrl Pts',(1.39294155985646,2.72049918638706,0.85));
#9479=CARTESIAN_POINT('Ctrl Pts',(1.39273500069976,2.71794866770506,0.85));
#9480=CARTESIAN_POINT('',(1.39829052612185,2.73098286241293,0.8));
#9481=CARTESIAN_POINT('Ctrl Pts',(1.41666663810611,2.73589733988047,0.8));
#9482=CARTESIAN_POINT('Ctrl Pts',(1.41666663810611,2.73589733988047,0.85));
#9483=CARTESIAN_POINT('Ctrl Pts',(1.41289338693086,2.73584354537931,0.8));
#9484=CARTESIAN_POINT('Ctrl Pts',(1.41289338693086,2.73584354537931,0.85));
#9485=CARTESIAN_POINT('Ctrl Pts',(1.40631151435717,2.73574970891432,0.8));
#9486=CARTESIAN_POINT('Ctrl Pts',(1.40631151435717,2.73574970891432,0.85));
#9487=CARTESIAN_POINT('Ctrl Pts',(1.40068953934322,2.73240858795267,0.8));
#9488=CARTESIAN_POINT('Ctrl Pts',(1.40068953934322,2.73240858795267,0.85));
#9489=CARTESIAN_POINT('Ctrl Pts',(1.39829052612185,2.73098286241293,0.8));
#9490=CARTESIAN_POINT('Ctrl Pts',(1.39829052612185,2.73098286241293,0.85));
#9491=CARTESIAN_POINT('',(1.41666663810611,2.73589733988047,0.8));
#9492=CARTESIAN_POINT('Ctrl Pts',(1.39829052612185,2.73098286241293,0.8));
#9493=CARTESIAN_POINT('Ctrl Pts',(1.40068953934322,2.73240858795267,0.8));
#9494=CARTESIAN_POINT('Ctrl Pts',(1.40631151435717,2.73574970891432,0.8));
#9495=CARTESIAN_POINT('Ctrl Pts',(1.41289338693086,2.73584354537931,0.8));
#9496=CARTESIAN_POINT('Ctrl Pts',(1.41666663810611,2.73589733988047,0.8));
#9497=CARTESIAN_POINT('',(1.41666663810611,2.73589733988047,0.85));
#9498=CARTESIAN_POINT('Ctrl Pts',(1.41666663810611,2.73589733988047,0.85));
#9499=CARTESIAN_POINT('Ctrl Pts',(1.41289338693086,2.73584354537931,0.85));
#9500=CARTESIAN_POINT('Ctrl Pts',(1.40631151435717,2.73574970891432,0.85));
#9501=CARTESIAN_POINT('Ctrl Pts',(1.40068953934322,2.73240858795267,0.85));
#9502=CARTESIAN_POINT('Ctrl Pts',(1.39829052612185,2.73098286241293,0.85));
#9503=CARTESIAN_POINT('',(1.41666663810611,2.73589733988047,0.8));
#9504=CARTESIAN_POINT('Origin',(1.44700853154063,2.73589733988047,0.8));
#9505=CARTESIAN_POINT('',(1.44700853154063,2.73589733988047,0.8));
#9506=CARTESIAN_POINT('',(1.97350426577032,2.73589733988047,0.8));
#9507=CARTESIAN_POINT('',(1.44700853154063,2.73589733988047,0.85));
#9508=CARTESIAN_POINT('',(1.41666663810611,2.73589733988047,0.85));
#9509=CARTESIAN_POINT('',(1.44700853154063,2.73589733988047,0.8));
#9510=CARTESIAN_POINT('Origin',(1.44700853154063,3.1641024723649,0.8));
#9511=CARTESIAN_POINT('',(1.44700853154063,3.1641024723649,0.8));
#9512=CARTESIAN_POINT('',(1.44700853154063,3.08205123618245,0.8));
#9513=CARTESIAN_POINT('',(1.44700853154063,3.1641024723649,0.85));
#9514=CARTESIAN_POINT('',(1.44700853154063,2.73589733988047,0.85));
#9515=CARTESIAN_POINT('',(1.44700853154063,3.1641024723649,0.8));
#9516=CARTESIAN_POINT('Origin',(1.4243589155376,3.1641024723649,0.8));
#9517=CARTESIAN_POINT('',(1.4243589155376,3.1641024723649,0.8));
#9518=CARTESIAN_POINT('',(1.9621794577688,3.1641024723649,0.8));
#9519=CARTESIAN_POINT('',(1.4243589155376,3.1641024723649,0.85));
#9520=CARTESIAN_POINT('',(1.44700853154063,3.1641024723649,0.85));
#9521=CARTESIAN_POINT('',(1.4243589155376,3.1641024723649,0.8));
#9522=CARTESIAN_POINT('Ctrl Pts',(1.40598287805915,3.16901702433825,0.8));
#9523=CARTESIAN_POINT('Ctrl Pts',(1.40598287805915,3.16901702433825,0.85));
#9524=CARTESIAN_POINT('Ctrl Pts',(1.40838186511151,3.16759128601223,0.8));
#9525=CARTESIAN_POINT('Ctrl Pts',(1.40838186511151,3.16759128601223,0.85));
#9526=CARTESIAN_POINT('Ctrl Pts',(1.4140037995471,3.16425012275616,0.8));
#9527=CARTESIAN_POINT('Ctrl Pts',(1.4140037995471,3.16425012275616,0.85));
#9528=CARTESIAN_POINT('Ctrl Pts',(1.42058566060122,3.16415627403822,0.8));
#9529=CARTESIAN_POINT('Ctrl Pts',(1.42058566060122,3.16415627403822,0.85));
#9530=CARTESIAN_POINT('Ctrl Pts',(1.4243589155376,3.1641024723649,0.8));
#9531=CARTESIAN_POINT('Ctrl Pts',(1.4243589155376,3.1641024723649,0.85));
#9532=CARTESIAN_POINT('',(1.40598287805915,3.16901702433825,0.8));
#9533=CARTESIAN_POINT('Ctrl Pts',(1.4243589155376,3.1641024723649,0.8));
#9534=CARTESIAN_POINT('Ctrl Pts',(1.42058566060122,3.16415627403822,0.8));
#9535=CARTESIAN_POINT('Ctrl Pts',(1.4140037995471,3.16425012275616,0.8));
#9536=CARTESIAN_POINT('Ctrl Pts',(1.40838186511151,3.16759128601223,0.8));
#9537=CARTESIAN_POINT('Ctrl Pts',(1.40598287805915,3.16901702433825,0.8));
#9538=CARTESIAN_POINT('',(1.40598287805915,3.16901702433825,0.85));
#9539=CARTESIAN_POINT('Ctrl Pts',(1.40598287805915,3.16901702433825,0.85));
#9540=CARTESIAN_POINT('Ctrl Pts',(1.40838186511151,3.16759128601223,0.85));
#9541=CARTESIAN_POINT('Ctrl Pts',(1.4140037995471,3.16425012275616,0.85));
#9542=CARTESIAN_POINT('Ctrl Pts',(1.42058566060122,3.16415627403822,0.85));
#9543=CARTESIAN_POINT('Ctrl Pts',(1.4243589155376,3.1641024723649,0.85));
#9544=CARTESIAN_POINT('',(1.40598287805915,3.16901702433825,0.8));
#9545=CARTESIAN_POINT('Ctrl Pts',(1.40042727813125,3.18205118179321,0.8));
#9546=CARTESIAN_POINT('Ctrl Pts',(1.40042727813125,3.18205118179321,0.85));
#9547=CARTESIAN_POINT('Ctrl Pts',(1.40063383613944,3.17950067359354,0.8));
#9548=CARTESIAN_POINT('Ctrl Pts',(1.40063383613944,3.17950067359354,0.85));
#9549=CARTESIAN_POINT('Ctrl Pts',(1.40103653503779,3.1745282842332,0.8));
#9550=CARTESIAN_POINT('Ctrl Pts',(1.40103653503779,3.1745282842332,0.85));
#9551=CARTESIAN_POINT('Ctrl Pts',(1.40436277842341,3.17082215392787,0.8));
#9552=CARTESIAN_POINT('Ctrl Pts',(1.40436277842341,3.17082215392787,0.85));
#9553=CARTESIAN_POINT('Ctrl Pts',(1.40598287805915,3.16901702433825,0.8));
#9554=CARTESIAN_POINT('Ctrl Pts',(1.40598287805915,3.16901702433825,0.85));
#9555=CARTESIAN_POINT('',(1.40042727813125,3.18205118179321,0.8));
#9556=CARTESIAN_POINT('Ctrl Pts',(1.40598287805915,3.16901702433825,0.8));
#9557=CARTESIAN_POINT('Ctrl Pts',(1.40436277842341,3.17082215392787,0.8));
#9558=CARTESIAN_POINT('Ctrl Pts',(1.40103653503779,3.1745282842332,0.8));
#9559=CARTESIAN_POINT('Ctrl Pts',(1.40063383613944,3.17950067359354,0.8));
#9560=CARTESIAN_POINT('Ctrl Pts',(1.40042727813125,3.18205118179321,0.8));
#9561=CARTESIAN_POINT('',(1.40042727813125,3.18205118179321,0.85));
#9562=CARTESIAN_POINT('Ctrl Pts',(1.40042727813125,3.18205118179321,0.85));
#9563=CARTESIAN_POINT('Ctrl Pts',(1.40063383613944,3.17950067359354,0.85));
#9564=CARTESIAN_POINT('Ctrl Pts',(1.40103653503779,3.1745282842332,0.85));
#9565=CARTESIAN_POINT('Ctrl Pts',(1.40436277842341,3.17082215392787,0.85));
#9566=CARTESIAN_POINT('Ctrl Pts',(1.40598287805915,3.16901702433825,0.85));
#9567=CARTESIAN_POINT('',(1.40042727813125,3.18205118179321,0.8));
#9568=CARTESIAN_POINT('Ctrl Pts',(1.40598287805915,3.19508537650108,0.8));
#9569=CARTESIAN_POINT('Ctrl Pts',(1.40598287805915,3.19508537650108,0.85));
#9570=CARTESIAN_POINT('Ctrl Pts',(1.40436281519957,3.19328024179207,0.8));
#9571=CARTESIAN_POINT('Ctrl Pts',(1.40436281519957,3.19328024179207,0.85));
#9572=CARTESIAN_POINT('Ctrl Pts',(1.40103662516856,3.18957407629469,0.8));
#9573=CARTESIAN_POINT('Ctrl Pts',(1.40103662516856,3.18957407629469,0.85));
#9574=CARTESIAN_POINT('Ctrl Pts',(1.40063386756021,3.1846016996164,0.8));
#9575=CARTESIAN_POINT('Ctrl Pts',(1.40063386756021,3.1846016996164,0.85));
#9576=CARTESIAN_POINT('Ctrl Pts',(1.40042727813125,3.18205118179321,0.8));
#9577=CARTESIAN_POINT('Ctrl Pts',(1.40042727813125,3.18205118179321,0.85));
#9578=CARTESIAN_POINT('',(1.40598287805915,3.19508537650108,0.8));
#9579=CARTESIAN_POINT('Ctrl Pts',(1.40042727813125,3.18205118179321,0.8));
#9580=CARTESIAN_POINT('Ctrl Pts',(1.40063386756021,3.1846016996164,0.8));
#9581=CARTESIAN_POINT('Ctrl Pts',(1.40103662516856,3.18957407629469,0.8));
#9582=CARTESIAN_POINT('Ctrl Pts',(1.40436281519957,3.19328024179207,0.8));
#9583=CARTESIAN_POINT('Ctrl Pts',(1.40598287805915,3.19508537650108,0.8));
#9584=CARTESIAN_POINT('',(1.40598287805915,3.19508537650108,0.85));
#9585=CARTESIAN_POINT('Ctrl Pts',(1.40598287805915,3.19508537650108,0.85));
#9586=CARTESIAN_POINT('Ctrl Pts',(1.40436281519957,3.19328024179207,0.85));
#9587=CARTESIAN_POINT('Ctrl Pts',(1.40103662516856,3.18957407629469,0.85));
#9588=CARTESIAN_POINT('Ctrl Pts',(1.40063386756021,3.1846016996164,0.85));
#9589=CARTESIAN_POINT('Ctrl Pts',(1.40042727813125,3.18205118179321,0.85));
#9590=CARTESIAN_POINT('',(1.40598287805915,3.19508537650108,0.8));
#9591=CARTESIAN_POINT('Ctrl Pts',(1.4243589155376,3.19999992847443,0.8));
#9592=CARTESIAN_POINT('Ctrl Pts',(1.4243589155376,3.19999992847443,0.85));
#9593=CARTESIAN_POINT('Ctrl Pts',(1.42058566060122,3.19994612680111,0.8));
#9594=CARTESIAN_POINT('Ctrl Pts',(1.42058566060122,3.19994612680111,0.85));
#9595=CARTESIAN_POINT('Ctrl Pts',(1.4140037995471,3.19985227808317,0.8));
#9596=CARTESIAN_POINT('Ctrl Pts',(1.4140037995471,3.19985227808317,0.85));
#9597=CARTESIAN_POINT('Ctrl Pts',(1.40838186511151,3.1965111148271,0.8));
#9598=CARTESIAN_POINT('Ctrl Pts',(1.40838186511151,3.1965111148271,0.85));
#9599=CARTESIAN_POINT('Ctrl Pts',(1.40598287805915,3.19508537650108,0.8));
#9600=CARTESIAN_POINT('Ctrl Pts',(1.40598287805915,3.19508537650108,0.85));
#9601=CARTESIAN_POINT('',(1.4243589155376,3.19999992847443,0.8));
#9602=CARTESIAN_POINT('Ctrl Pts',(1.40598287805915,3.19508537650108,0.8));
#9603=CARTESIAN_POINT('Ctrl Pts',(1.40838186511151,3.1965111148271,0.8));
#9604=CARTESIAN_POINT('Ctrl Pts',(1.4140037995471,3.19985227808317,0.8));
#9605=CARTESIAN_POINT('Ctrl Pts',(1.42058566060122,3.19994612680111,0.8));
#9606=CARTESIAN_POINT('Ctrl Pts',(1.4243589155376,3.19999992847443,0.8));
#9607=CARTESIAN_POINT('',(1.4243589155376,3.19999992847443,0.85));
#9608=CARTESIAN_POINT('Ctrl Pts',(1.4243589155376,3.19999992847443,0.85));
#9609=CARTESIAN_POINT('Ctrl Pts',(1.42058566060122,3.19994612680111,0.85));
#9610=CARTESIAN_POINT('Ctrl Pts',(1.4140037995471,3.19985227808317,0.85));
#9611=CARTESIAN_POINT('Ctrl Pts',(1.40838186511151,3.1965111148271,0.85));
#9612=CARTESIAN_POINT('Ctrl Pts',(1.40598287805915,3.19508537650108,0.85));
#9613=CARTESIAN_POINT('',(1.4243589155376,3.19999992847443,0.8));
#9614=CARTESIAN_POINT('Origin',(1.5123931132257,3.19999992847443,0.8));
#9615=CARTESIAN_POINT('',(1.5123931132257,3.19999992847443,0.8));
#9616=CARTESIAN_POINT('',(2.00619655661285,3.19999992847443,0.8));
#9617=CARTESIAN_POINT('',(1.5123931132257,3.19999992847443,0.85));
#9618=CARTESIAN_POINT('',(1.4243589155376,3.19999992847443,0.85));
#9619=CARTESIAN_POINT('',(1.5123931132257,3.19999992847443,0.8));
#9620=CARTESIAN_POINT('Origin',(1.64829051122069,2.89059821516275,0.8));
#9621=CARTESIAN_POINT('',(1.64829051122069,2.89059821516275,0.8));
#9622=CARTESIAN_POINT('',(1.69701947450748,2.77965551168738,0.8));
#9623=CARTESIAN_POINT('',(1.64829051122069,2.89059821516275,0.85));
#9624=CARTESIAN_POINT('',(1.5123931132257,3.19999992847443,0.85));
#9625=CARTESIAN_POINT('',(1.64829051122069,2.89059821516275,0.8));
#9626=CARTESIAN_POINT('Origin',(1.7820512317121,3.19999992847443,0.8));
#9627=CARTESIAN_POINT('',(1.7820512317121,3.19999992847443,0.8));
#9628=CARTESIAN_POINT('',(1.802154553288,3.24650089016173,0.8));
#9629=CARTESIAN_POINT('',(1.7820512317121,3.19999992847443,0.85));
#9630=CARTESIAN_POINT('',(1.64829051122069,2.89059821516275,0.85));
#9631=CARTESIAN_POINT('',(1.7820512317121,3.19999992847443,0.8));
#9632=CARTESIAN_POINT('Origin',(1.8700853548944,3.19999992847443,0.8));
#9633=CARTESIAN_POINT('',(1.8700853548944,3.19999992847443,0.8));
#9634=CARTESIAN_POINT('',(2.1850426774472,3.19999992847443,0.8));
#9635=CARTESIAN_POINT('',(1.8700853548944,3.19999992847443,0.85));
#9636=CARTESIAN_POINT('',(1.7820512317121,3.19999992847443,0.85));
#9637=CARTESIAN_POINT('',(1.8700853548944,3.19999992847443,0.8));
#9638=CARTESIAN_POINT('Ctrl Pts',(1.88888883218169,3.19508537650108,0.8));
#9639=CARTESIAN_POINT('Ctrl Pts',(1.88888883218169,3.19508537650108,0.85));
#9640=CARTESIAN_POINT('Ctrl Pts',(1.88645304411072,3.1965102905758,0.8));
#9641=CARTESIAN_POINT('Ctrl Pts',(1.88645304411072,3.1965102905758,0.85));
#9642=CARTESIAN_POINT('Ctrl Pts',(1.88068932900719,3.19988201197945,0.8));
#9643=CARTESIAN_POINT('Ctrl Pts',(1.88068932900719,3.19988201197945,0.85));
#9644=CARTESIAN_POINT('Ctrl Pts',(1.87396685964065,3.1999567660308,0.8));
#9645=CARTESIAN_POINT('Ctrl Pts',(1.87396685964065,3.1999567660308,0.85));
#9646=CARTESIAN_POINT('Ctrl Pts',(1.8700853548944,3.19999992847443,0.8));
#9647=CARTESIAN_POINT('Ctrl Pts',(1.8700853548944,3.19999992847443,0.85));
#9648=CARTESIAN_POINT('',(1.88888883218169,3.19508537650108,0.8));
#9649=CARTESIAN_POINT('Ctrl Pts',(1.8700853548944,3.19999992847443,0.8));
#9650=CARTESIAN_POINT('Ctrl Pts',(1.87396685964065,3.1999567660308,0.8));
#9651=CARTESIAN_POINT('Ctrl Pts',(1.88068932900719,3.19988201197945,0.8));
#9652=CARTESIAN_POINT('Ctrl Pts',(1.88645304411072,3.1965102905758,0.8));
#9653=CARTESIAN_POINT('Ctrl Pts',(1.88888883218169,3.19508537650108,0.8));
#9654=CARTESIAN_POINT('',(1.88888883218169,3.19508537650108,0.85));
#9655=CARTESIAN_POINT('Ctrl Pts',(1.88888883218169,3.19508537650108,0.85));
#9656=CARTESIAN_POINT('Ctrl Pts',(1.88645304411072,3.1965102905758,0.85));
#9657=CARTESIAN_POINT('Ctrl Pts',(1.88068932900719,3.19988201197945,0.85));
#9658=CARTESIAN_POINT('Ctrl Pts',(1.87396685964065,3.1999567660308,0.85));
#9659=CARTESIAN_POINT('Ctrl Pts',(1.8700853548944,3.19999992847443,0.85));
#9660=CARTESIAN_POINT('',(1.88888883218169,3.19508537650108,0.8));
#9661=CARTESIAN_POINT('Ctrl Pts',(1.89444443210959,3.18205118179321,0.8));
#9662=CARTESIAN_POINT('Ctrl Pts',(1.89444443210959,3.18205118179321,0.85));
#9663=CARTESIAN_POINT('Ctrl Pts',(1.89423784268063,3.1846016996164,0.8));
#9664=CARTESIAN_POINT('Ctrl Pts',(1.89423784268063,3.1846016996164,0.85));
#9665=CARTESIAN_POINT('Ctrl Pts',(1.89383508507228,3.18957407629469,0.8));
#9666=CARTESIAN_POINT('Ctrl Pts',(1.89383508507228,3.18957407629469,0.85));
#9667=CARTESIAN_POINT('Ctrl Pts',(1.89050889504127,3.19328024179207,0.8));
#9668=CARTESIAN_POINT('Ctrl Pts',(1.89050889504127,3.19328024179207,0.85));
#9669=CARTESIAN_POINT('Ctrl Pts',(1.88888883218169,3.19508537650108,0.8));
#9670=CARTESIAN_POINT('Ctrl Pts',(1.88888883218169,3.19508537650108,0.85));
#9671=CARTESIAN_POINT('',(1.89444443210959,3.18205118179321,0.8));
#9672=CARTESIAN_POINT('Ctrl Pts',(1.88888883218169,3.19508537650108,0.8));
#9673=CARTESIAN_POINT('Ctrl Pts',(1.89050889504127,3.19328024179207,0.8));
#9674=CARTESIAN_POINT('Ctrl Pts',(1.89383508507228,3.18957407629469,0.8));
#9675=CARTESIAN_POINT('Ctrl Pts',(1.89423784268063,3.1846016996164,0.8));
#9676=CARTESIAN_POINT('Ctrl Pts',(1.89444443210959,3.18205118179321,0.8));
#9677=CARTESIAN_POINT('',(1.89444443210959,3.18205118179321,0.85));
#9678=CARTESIAN_POINT('Ctrl Pts',(1.89444443210959,3.18205118179321,0.85));
#9679=CARTESIAN_POINT('Ctrl Pts',(1.89423784268063,3.1846016996164,0.85));
#9680=CARTESIAN_POINT('Ctrl Pts',(1.89383508507228,3.18957407629469,0.85));
#9681=CARTESIAN_POINT('Ctrl Pts',(1.89050889504127,3.19328024179207,0.85));
#9682=CARTESIAN_POINT('Ctrl Pts',(1.88888883218169,3.19508537650108,0.85));
#9683=CARTESIAN_POINT('',(1.89444443210959,3.18205118179321,0.8));
#9684=CARTESIAN_POINT('Ctrl Pts',(1.88888883218169,3.16901702433825,0.8));
#9685=CARTESIAN_POINT('Ctrl Pts',(1.88888883218169,3.16901702433825,0.85));
#9686=CARTESIAN_POINT('Ctrl Pts',(1.89050889509785,3.17082215889475,0.8));
#9687=CARTESIAN_POINT('Ctrl Pts',(1.89050889509785,3.17082215889475,0.85));
#9688=CARTESIAN_POINT('Ctrl Pts',(1.89383507686226,3.17452831473861,0.8));
#9689=CARTESIAN_POINT('Ctrl Pts',(1.89383507686226,3.17452831473861,0.85));
#9690=CARTESIAN_POINT('Ctrl Pts',(1.89423784022394,3.17950067730975,0.8));
#9691=CARTESIAN_POINT('Ctrl Pts',(1.89423784022394,3.17950067730975,0.85));
#9692=CARTESIAN_POINT('Ctrl Pts',(1.89444443210959,3.18205118179321,0.8));
#9693=CARTESIAN_POINT('Ctrl Pts',(1.89444443210959,3.18205118179321,0.85));
#9694=CARTESIAN_POINT('',(1.88888883218169,3.16901702433825,0.8));
#9695=CARTESIAN_POINT('Ctrl Pts',(1.89444443210959,3.18205118179321,0.8));
#9696=CARTESIAN_POINT('Ctrl Pts',(1.89423784022394,3.17950067730975,0.8));
#9697=CARTESIAN_POINT('Ctrl Pts',(1.89383507686226,3.17452831473861,0.8));
#9698=CARTESIAN_POINT('Ctrl Pts',(1.89050889509785,3.17082215889475,0.8));
#9699=CARTESIAN_POINT('Ctrl Pts',(1.88888883218169,3.16901702433825,0.8));
#9700=CARTESIAN_POINT('',(1.88888883218169,3.16901702433825,0.85));
#9701=CARTESIAN_POINT('Ctrl Pts',(1.88888883218169,3.16901702433825,0.85));
#9702=CARTESIAN_POINT('Ctrl Pts',(1.89050889509785,3.17082215889475,0.85));
#9703=CARTESIAN_POINT('Ctrl Pts',(1.89383507686226,3.17452831473861,0.85));
#9704=CARTESIAN_POINT('Ctrl Pts',(1.89423784022394,3.17950067730975,0.85));
#9705=CARTESIAN_POINT('Ctrl Pts',(1.89444443210959,3.18205118179321,0.85));
#9706=CARTESIAN_POINT('',(1.88888883218169,3.16901702433825,0.8));
#9707=CARTESIAN_POINT('Ctrl Pts',(1.8700853548944,3.1641024723649,0.8));
#9708=CARTESIAN_POINT('Ctrl Pts',(1.8700853548944,3.1641024723649,0.85));
#9709=CARTESIAN_POINT('Ctrl Pts',(1.87396685964065,3.16414563480853,0.8));
#9710=CARTESIAN_POINT('Ctrl Pts',(1.87396685964065,3.16414563480853,0.85));
#9711=CARTESIAN_POINT('Ctrl Pts',(1.88068932900719,3.16422038885988,0.8));
#9712=CARTESIAN_POINT('Ctrl Pts',(1.88068932900719,3.16422038885988,0.85));
#9713=CARTESIAN_POINT('Ctrl Pts',(1.88645304411072,3.16759211026353,0.8));
#9714=CARTESIAN_POINT('Ctrl Pts',(1.88645304411072,3.16759211026353,0.85));
#9715=CARTESIAN_POINT('Ctrl Pts',(1.88888883218169,3.16901702433825,0.8));
#9716=CARTESIAN_POINT('Ctrl Pts',(1.88888883218169,3.16901702433825,0.85));
#9717=CARTESIAN_POINT('',(1.8700853548944,3.1641024723649,0.8));
#9718=CARTESIAN_POINT('Ctrl Pts',(1.88888883218169,3.16901702433825,0.8));
#9719=CARTESIAN_POINT('Ctrl Pts',(1.88645304411072,3.16759211026353,0.8));
#9720=CARTESIAN_POINT('Ctrl Pts',(1.88068932900719,3.16422038885988,0.8));
#9721=CARTESIAN_POINT('Ctrl Pts',(1.87396685964065,3.16414563480853,0.8));
#9722=CARTESIAN_POINT('Ctrl Pts',(1.8700853548944,3.1641024723649,0.8));
#9723=CARTESIAN_POINT('',(1.8700853548944,3.1641024723649,0.85));
#9724=CARTESIAN_POINT('Ctrl Pts',(1.8700853548944,3.1641024723649,0.85));
#9725=CARTESIAN_POINT('Ctrl Pts',(1.87396685964065,3.16414563480853,0.85));
#9726=CARTESIAN_POINT('Ctrl Pts',(1.88068932900719,3.16422038885988,0.85));
#9727=CARTESIAN_POINT('Ctrl Pts',(1.88645304411072,3.16759211026353,0.85));
#9728=CARTESIAN_POINT('Ctrl Pts',(1.88888883218169,3.16901702433825,0.85));
#9729=CARTESIAN_POINT('',(1.8700853548944,3.1641024723649,0.8));
#9730=CARTESIAN_POINT('Origin',(1.84786325320601,3.1641024723649,0.8));
#9731=CARTESIAN_POINT('',(1.84786325320601,3.1641024723649,0.8));
#9732=CARTESIAN_POINT('',(2.17393162660301,3.1641024723649,0.8));
#9733=CARTESIAN_POINT('',(1.84786325320601,3.1641024723649,0.85));
#9734=CARTESIAN_POINT('',(1.8700853548944,3.1641024723649,0.85));
#9735=CARTESIAN_POINT('',(1.84786325320601,3.1641024723649,0.8));
#9736=CARTESIAN_POINT('Origin',(1.84786325320601,2.73589733988047,0.8));
#9737=CARTESIAN_POINT('',(1.84786325320601,2.73589733988047,0.8));
#9738=CARTESIAN_POINT('',(1.84786325320601,2.86794866994023,0.8));
#9739=CARTESIAN_POINT('',(1.84786325320601,2.73589733988047,0.85));
#9740=CARTESIAN_POINT('',(1.84786325320601,3.1641024723649,0.85));
#9741=CARTESIAN_POINT('',(1.84786325320601,2.73589733988047,0.8));
#9742=CARTESIAN_POINT('Origin',(1.8777777813375,2.73589733988047,0.8));
#9743=CARTESIAN_POINT('',(1.8777777813375,2.73589733988047,0.8));
#9744=CARTESIAN_POINT('',(2.18888889066875,2.73589733988047,0.8));
#9745=CARTESIAN_POINT('',(1.8777777813375,2.73589733988047,0.85));
#9746=CARTESIAN_POINT('',(1.84786325320601,2.73589733988047,0.85));
#9747=CARTESIAN_POINT('',(1.8777777813375,2.73589733988047,0.8));
#9748=CARTESIAN_POINT('Ctrl Pts',(1.89658110961318,2.73098286241293,0.8));
#9749=CARTESIAN_POINT('Ctrl Pts',(1.89658110961318,2.73098286241293,0.85));
#9750=CARTESIAN_POINT('Ctrl Pts',(1.89414532088067,2.73240776393561,0.8));
#9751=CARTESIAN_POINT('Ctrl Pts',(1.89414532088067,2.73240776393561,0.85));
#9752=CARTESIAN_POINT('Ctrl Pts',(1.88838164209131,2.73577943347886,0.8));
#9753=CARTESIAN_POINT('Ctrl Pts',(1.88838164209131,2.73577943347886,0.85));
#9754=CARTESIAN_POINT('Ctrl Pts',(1.88165923275295,2.73585418126305,0.8));
#9755=CARTESIAN_POINT('Ctrl Pts',(1.88165923275295,2.73585418126305,0.85));
#9756=CARTESIAN_POINT('Ctrl Pts',(1.8777777813375,2.73589733988047,0.8));
#9757=CARTESIAN_POINT('Ctrl Pts',(1.8777777813375,2.73589733988047,0.85));
#9758=CARTESIAN_POINT('',(1.89658110961318,2.73098286241293,0.8));
#9759=CARTESIAN_POINT('Ctrl Pts',(1.8777777813375,2.73589733988047,0.8));
#9760=CARTESIAN_POINT('Ctrl Pts',(1.88165923275295,2.73585418126305,0.8));
#9761=CARTESIAN_POINT('Ctrl Pts',(1.88838164209131,2.73577943347886,0.8));
#9762=CARTESIAN_POINT('Ctrl Pts',(1.89414532088067,2.73240776393561,0.8));
#9763=CARTESIAN_POINT('Ctrl Pts',(1.89658110961318,2.73098286241293,0.8));
#9764=CARTESIAN_POINT('',(1.89658110961318,2.73098286241293,0.85));
#9765=CARTESIAN_POINT('Ctrl Pts',(1.89658110961318,2.73098286241293,0.85));
#9766=CARTESIAN_POINT('Ctrl Pts',(1.89414532088067,2.73240776393561,0.85));
#9767=CARTESIAN_POINT('Ctrl Pts',(1.88838164209131,2.73577943347886,0.85));
#9768=CARTESIAN_POINT('Ctrl Pts',(1.88165923275295,2.73585418126305,0.85));
#9769=CARTESIAN_POINT('Ctrl Pts',(1.8777777813375,2.73589733988047,0.85));
#9770=CARTESIAN_POINT('',(1.89658110961318,2.73098286241293,0.8));
#9771=CARTESIAN_POINT('Ctrl Pts',(1.90213670954108,2.71794866770506,0.8));
#9772=CARTESIAN_POINT('Ctrl Pts',(1.90213670954108,2.71794866770506,0.85));
#9773=CARTESIAN_POINT('Ctrl Pts',(1.90193011094284,2.72049915606084,0.8));
#9774=CARTESIAN_POINT('Ctrl Pts',(1.90193011094284,2.72049915606084,0.85));
#9775=CARTESIAN_POINT('Ctrl Pts',(1.90152733186084,2.72547151970404,0.8));
#9776=CARTESIAN_POINT('Ctrl Pts',(1.90152733186084,2.72547151970404,0.85));
#9777=CARTESIAN_POINT('Ctrl Pts',(1.89820117268391,2.72917770236436,0.8));
#9778=CARTESIAN_POINT('Ctrl Pts',(1.89820117268391,2.72917770236436,0.85));
#9779=CARTESIAN_POINT('Ctrl Pts',(1.89658110961318,2.73098286241293,0.8));
#9780=CARTESIAN_POINT('Ctrl Pts',(1.89658110961318,2.73098286241293,0.85));
#9781=CARTESIAN_POINT('',(1.90213670954108,2.71794866770506,0.8));
#9782=CARTESIAN_POINT('Ctrl Pts',(1.89658110961318,2.73098286241293,0.8));
#9783=CARTESIAN_POINT('Ctrl Pts',(1.89820117268391,2.72917770236436,0.8));
#9784=CARTESIAN_POINT('Ctrl Pts',(1.90152733186084,2.72547151970404,0.8));
#9785=CARTESIAN_POINT('Ctrl Pts',(1.90193011094284,2.72049915606084,0.8));
#9786=CARTESIAN_POINT('Ctrl Pts',(1.90213670954108,2.71794866770506,0.8));
#9787=CARTESIAN_POINT('',(1.90213670954108,2.71794866770506,0.85));
#9788=CARTESIAN_POINT('Ctrl Pts',(1.90213670954108,2.71794866770506,0.85));
#9789=CARTESIAN_POINT('Ctrl Pts',(1.90193011094284,2.72049915606084,0.85));
#9790=CARTESIAN_POINT('Ctrl Pts',(1.90152733186084,2.72547151970404,0.85));
#9791=CARTESIAN_POINT('Ctrl Pts',(1.89820117268391,2.72917770236436,0.85));
#9792=CARTESIAN_POINT('Ctrl Pts',(1.89658110961318,2.73098286241293,0.85));
#9793=CARTESIAN_POINT('',(1.90213670954108,2.71794866770506,0.8));
#9794=CARTESIAN_POINT('Ctrl Pts',(1.89658110961318,2.70512815564871,0.8));
#9795=CARTESIAN_POINT('Ctrl Pts',(1.89658110961318,2.70512815564871,0.85));
#9796=CARTESIAN_POINT('Ctrl Pts',(1.89820146323796,2.70695062640655,0.8));
#9797=CARTESIAN_POINT('Ctrl Pts',(1.89820146323796,2.70695062640655,0.85));
#9798=CARTESIAN_POINT('Ctrl Pts',(1.90145817180359,2.71061356518542,0.8));
#9799=CARTESIAN_POINT('Ctrl Pts',(1.90145817180359,2.71061356518542,0.85));
#9800=CARTESIAN_POINT('Ctrl Pts',(1.90190979064297,2.7154956377712,0.8));
#9801=CARTESIAN_POINT('Ctrl Pts',(1.90190979064297,2.7154956377712,0.85));
#9802=CARTESIAN_POINT('Ctrl Pts',(1.90213670954108,2.71794866770506,0.8));
#9803=CARTESIAN_POINT('Ctrl Pts',(1.90213670954108,2.71794866770506,0.85));
#9804=CARTESIAN_POINT('',(1.89658110961318,2.70512815564871,0.8));
#9805=CARTESIAN_POINT('Ctrl Pts',(1.90213670954108,2.71794866770506,0.8));
#9806=CARTESIAN_POINT('Ctrl Pts',(1.90190979064297,2.7154956377712,0.8));
#9807=CARTESIAN_POINT('Ctrl Pts',(1.90145817180359,2.71061356518542,0.8));
#9808=CARTESIAN_POINT('Ctrl Pts',(1.89820146323796,2.70695062640655,0.8));
#9809=CARTESIAN_POINT('Ctrl Pts',(1.89658110961318,2.70512815564871,0.8));
#9810=CARTESIAN_POINT('',(1.89658110961318,2.70512815564871,0.85));
#9811=CARTESIAN_POINT('Ctrl Pts',(1.89658110961318,2.70512815564871,0.85));
#9812=CARTESIAN_POINT('Ctrl Pts',(1.89820146323796,2.70695062640655,0.85));
#9813=CARTESIAN_POINT('Ctrl Pts',(1.90145817180359,2.71061356518542,0.85));
#9814=CARTESIAN_POINT('Ctrl Pts',(1.90190979064297,2.7154956377712,0.85));
#9815=CARTESIAN_POINT('Ctrl Pts',(1.90213670954108,2.71794866770506,0.85));
#9816=CARTESIAN_POINT('',(1.89658110961318,2.70512815564871,0.8));
#9817=CARTESIAN_POINT('Ctrl Pts',(1.8777777813375,2.69999992102385,0.8));
#9818=CARTESIAN_POINT('Ctrl Pts',(1.8777777813375,2.69999992102385,0.85));
#9819=CARTESIAN_POINT('Ctrl Pts',(1.881666768492,2.70005031878471,0.8));
#9820=CARTESIAN_POINT('Ctrl Pts',(1.881666768492,2.70005031878471,0.85));
#9821=CARTESIAN_POINT('Ctrl Pts',(1.88842536567639,2.70013790409963,0.8));
#9822=CARTESIAN_POINT('Ctrl Pts',(1.88842536567639,2.70013790409963,0.85));
#9823=CARTESIAN_POINT('Ctrl Pts',(1.89415035546743,2.70364085115076,0.8));
#9824=CARTESIAN_POINT('Ctrl Pts',(1.89415035546743,2.70364085115076,0.85));
#9825=CARTESIAN_POINT('Ctrl Pts',(1.89658110961318,2.70512815564871,0.8));
#9826=CARTESIAN_POINT('Ctrl Pts',(1.89658110961318,2.70512815564871,0.85));
#9827=CARTESIAN_POINT('',(1.8777777813375,2.69999992102385,0.8));
#9828=CARTESIAN_POINT('Ctrl Pts',(1.89658110961318,2.70512815564871,0.8));
#9829=CARTESIAN_POINT('Ctrl Pts',(1.89415035546743,2.70364085115076,0.8));
#9830=CARTESIAN_POINT('Ctrl Pts',(1.88842536567639,2.70013790409963,0.8));
#9831=CARTESIAN_POINT('Ctrl Pts',(1.881666768492,2.70005031878471,0.8));
#9832=CARTESIAN_POINT('Ctrl Pts',(1.8777777813375,2.69999992102385,0.8));
#9833=CARTESIAN_POINT('',(1.8777777813375,2.69999992102385,0.85));
#9834=CARTESIAN_POINT('Ctrl Pts',(1.8777777813375,2.69999992102385,0.85));
#9835=CARTESIAN_POINT('Ctrl Pts',(1.881666768492,2.70005031878471,0.85));
#9836=CARTESIAN_POINT('Ctrl Pts',(1.88842536567639,2.70013790409963,0.85));
#9837=CARTESIAN_POINT('Ctrl Pts',(1.89415035546743,2.70364085115076,0.85));
#9838=CARTESIAN_POINT('Ctrl Pts',(1.89658110961318,2.70512815564871,0.85));
#9839=CARTESIAN_POINT('',(1.8777777813375,2.69999992102385,0.8));
#9840=CARTESIAN_POINT('Origin',(1.74572652205825,2.69999992102385,0.8));
#9841=CARTESIAN_POINT('',(1.74572652205825,2.69999992102385,0.8));
#9842=CARTESIAN_POINT('',(2.12286326102912,2.69999992102385,0.8));
#9843=CARTESIAN_POINT('',(1.74572652205825,2.69999992102385,0.85));
#9844=CARTESIAN_POINT('',(1.8777777813375,2.69999992102385,0.85));
#9845=CARTESIAN_POINT('',(1.74572652205825,2.69999992102385,0.8));
#9846=CARTESIAN_POINT('Ctrl Pts',(1.72713672742248,2.70512815564871,0.8));
#9847=CARTESIAN_POINT('Ctrl Pts',(1.72713672742248,2.70512815564871,0.85));
#9848=CARTESIAN_POINT('Ctrl Pts',(1.72958485291677,2.70363944833422,0.8));
#9849=CARTESIAN_POINT('Ctrl Pts',(1.72958485291677,2.70363944833422,0.85));
#9850=CARTESIAN_POINT('Ctrl Pts',(1.73525539430292,2.70019118701822,0.8));
#9851=CARTESIAN_POINT('Ctrl Pts',(1.73525539430292,2.70019118701822,0.85));
#9852=CARTESIAN_POINT('Ctrl Pts',(1.74193224671995,2.70006922739298,0.8));
#9853=CARTESIAN_POINT('Ctrl Pts',(1.74193224671995,2.70006922739298,0.85));
#9854=CARTESIAN_POINT('Ctrl Pts',(1.74572652205825,2.69999992102385,0.8));
#9855=CARTESIAN_POINT('Ctrl Pts',(1.74572652205825,2.69999992102385,0.85));
#9856=CARTESIAN_POINT('',(1.72713672742248,2.70512815564871,0.8));
#9857=CARTESIAN_POINT('Ctrl Pts',(1.74572652205825,2.69999992102385,0.8));
#9858=CARTESIAN_POINT('Ctrl Pts',(1.74193224671995,2.70006922739298,0.8));
#9859=CARTESIAN_POINT('Ctrl Pts',(1.73525539430292,2.70019118701822,0.8));
#9860=CARTESIAN_POINT('Ctrl Pts',(1.72958485291677,2.70363944833422,0.8));
#9861=CARTESIAN_POINT('Ctrl Pts',(1.72713672742248,2.70512815564871,0.8));
#9862=CARTESIAN_POINT('',(1.72713672742248,2.70512815564871,0.85));
#9863=CARTESIAN_POINT('Ctrl Pts',(1.72713672742248,2.70512815564871,0.85));
#9864=CARTESIAN_POINT('Ctrl Pts',(1.72958485291677,2.70363944833422,0.85));
#9865=CARTESIAN_POINT('Ctrl Pts',(1.73525539430292,2.70019118701822,0.85));
#9866=CARTESIAN_POINT('Ctrl Pts',(1.74193224671995,2.70006922739298,0.85));
#9867=CARTESIAN_POINT('Ctrl Pts',(1.74572652205825,2.69999992102385,0.85));
#9868=CARTESIAN_POINT('',(1.72713672742248,2.70512815564871,0.8));
#9869=CARTESIAN_POINT('Ctrl Pts',(1.72136744484305,2.71794866770506,0.8));
#9870=CARTESIAN_POINT('Ctrl Pts',(1.72136744484305,2.71794866770506,0.85));
#9871=CARTESIAN_POINT('Ctrl Pts',(1.7216087638705,2.71549054714598,0.8));
#9872=CARTESIAN_POINT('Ctrl Pts',(1.7216087638705,2.71549054714598,0.85));
#9873=CARTESIAN_POINT('Ctrl Pts',(1.72209188038613,2.71056943233753,0.8));
#9874=CARTESIAN_POINT('Ctrl Pts',(1.72209188038613,2.71056943233753,0.85));
#9875=CARTESIAN_POINT('Ctrl Pts',(1.72545400183674,2.70694311166966,0.8));
#9876=CARTESIAN_POINT('Ctrl Pts',(1.72545400183674,2.70694311166966,0.85));
#9877=CARTESIAN_POINT('Ctrl Pts',(1.72713672742248,2.70512815564871,0.8));
#9878=CARTESIAN_POINT('Ctrl Pts',(1.72713672742248,2.70512815564871,0.85));
#9879=CARTESIAN_POINT('',(1.72136744484305,2.71794866770506,0.8));
#9880=CARTESIAN_POINT('Ctrl Pts',(1.72713672742248,2.70512815564871,0.8));
#9881=CARTESIAN_POINT('Ctrl Pts',(1.72545400183674,2.70694311166966,0.8));
#9882=CARTESIAN_POINT('Ctrl Pts',(1.72209188038613,2.71056943233753,0.8));
#9883=CARTESIAN_POINT('Ctrl Pts',(1.7216087638705,2.71549054714598,0.8));
#9884=CARTESIAN_POINT('Ctrl Pts',(1.72136744484305,2.71794866770506,0.8));
#9885=CARTESIAN_POINT('',(1.72136744484305,2.71794866770506,0.85));
#9886=CARTESIAN_POINT('Ctrl Pts',(1.72136744484305,2.71794866770506,0.85));
#9887=CARTESIAN_POINT('Ctrl Pts',(1.7216087638705,2.71549054714598,0.85));
#9888=CARTESIAN_POINT('Ctrl Pts',(1.72209188038613,2.71056943233753,0.85));
#9889=CARTESIAN_POINT('Ctrl Pts',(1.72545400183674,2.70694311166966,0.85));
#9890=CARTESIAN_POINT('Ctrl Pts',(1.72713672742248,2.70512815564871,0.85));
#9891=CARTESIAN_POINT('',(1.72136744484305,2.71794866770506,0.8));
#9892=CARTESIAN_POINT('Ctrl Pts',(1.72692304477096,2.73098286241293,0.8));
#9893=CARTESIAN_POINT('Ctrl Pts',(1.72692304477096,2.73098286241293,0.85));
#9894=CARTESIAN_POINT('Ctrl Pts',(1.72530298191138,2.72917772770391,0.8));
#9895=CARTESIAN_POINT('Ctrl Pts',(1.72530298191138,2.72917772770391,0.85));
#9896=CARTESIAN_POINT('Ctrl Pts',(1.72197679188037,2.72547156220654,0.8));
#9897=CARTESIAN_POINT('Ctrl Pts',(1.72197679188037,2.72547156220654,0.85));
#9898=CARTESIAN_POINT('Ctrl Pts',(1.72157403427201,2.72049918552825,0.8));
#9899=CARTESIAN_POINT('Ctrl Pts',(1.72157403427201,2.72049918552825,0.85));
#9900=CARTESIAN_POINT('Ctrl Pts',(1.72136744484305,2.71794866770506,0.8));
#9901=CARTESIAN_POINT('Ctrl Pts',(1.72136744484305,2.71794866770506,0.85));
#9902=CARTESIAN_POINT('',(1.72692304477096,2.73098286241293,0.8));
#9903=CARTESIAN_POINT('Ctrl Pts',(1.72136744484305,2.71794866770506,0.8));
#9904=CARTESIAN_POINT('Ctrl Pts',(1.72157403427201,2.72049918552825,0.8));
#9905=CARTESIAN_POINT('Ctrl Pts',(1.72197679188037,2.72547156220654,0.8));
#9906=CARTESIAN_POINT('Ctrl Pts',(1.72530298191138,2.72917772770391,0.8));
#9907=CARTESIAN_POINT('Ctrl Pts',(1.72692304477096,2.73098286241293,0.8));
#9908=CARTESIAN_POINT('',(1.72692304477096,2.73098286241293,0.85));
#9909=CARTESIAN_POINT('Ctrl Pts',(1.72692304477096,2.73098286241293,0.85));
#9910=CARTESIAN_POINT('Ctrl Pts',(1.72530298191138,2.72917772770391,0.85));
#9911=CARTESIAN_POINT('Ctrl Pts',(1.72197679188037,2.72547156220654,0.85));
#9912=CARTESIAN_POINT('Ctrl Pts',(1.72157403427201,2.72049918552825,0.85));
#9913=CARTESIAN_POINT('Ctrl Pts',(1.72136744484305,2.71794866770506,0.85));
#9914=CARTESIAN_POINT('',(1.72692304477096,2.73098286241293,0.8));
#9915=CARTESIAN_POINT('Ctrl Pts',(1.74572652205825,2.73589733988047,0.8));
#9916=CARTESIAN_POINT('Ctrl Pts',(1.74572652205825,2.73589733988047,0.85));
#9917=CARTESIAN_POINT('Ctrl Pts',(1.74184501883434,2.73585418957898,0.8));
#9918=CARTESIAN_POINT('Ctrl Pts',(1.74184501883434,2.73585418957898,0.85));
#9919=CARTESIAN_POINT('Ctrl Pts',(1.73512255671395,2.73577945660813,0.8));
#9920=CARTESIAN_POINT('Ctrl Pts',(1.73512255671395,2.73577945660813,0.85));
#9921=CARTESIAN_POINT('Ctrl Pts',(1.72935883384268,2.7324077632855,0.8));
#9922=CARTESIAN_POINT('Ctrl Pts',(1.72935883384268,2.7324077632855,0.85));
#9923=CARTESIAN_POINT('Ctrl Pts',(1.72692304477096,2.73098286241293,0.8));
#9924=CARTESIAN_POINT('Ctrl Pts',(1.72692304477096,2.73098286241293,0.85));
#9925=CARTESIAN_POINT('',(1.74572652205825,2.73589733988047,0.8));
#9926=CARTESIAN_POINT('Ctrl Pts',(1.72692304477096,2.73098286241293,0.8));
#9927=CARTESIAN_POINT('Ctrl Pts',(1.72935883384268,2.7324077632855,0.8));
#9928=CARTESIAN_POINT('Ctrl Pts',(1.73512255671395,2.73577945660813,0.8));
#9929=CARTESIAN_POINT('Ctrl Pts',(1.74184501883434,2.73585418957898,0.8));
#9930=CARTESIAN_POINT('Ctrl Pts',(1.74572652205825,2.73589733988047,0.8));
#9931=CARTESIAN_POINT('',(1.74572652205825,2.73589733988047,0.85));
#9932=CARTESIAN_POINT('Ctrl Pts',(1.74572652205825,2.73589733988047,0.85));
#9933=CARTESIAN_POINT('Ctrl Pts',(1.74184501883434,2.73585418957898,0.85));
#9934=CARTESIAN_POINT('Ctrl Pts',(1.73512255671395,2.73577945660813,0.85));
#9935=CARTESIAN_POINT('Ctrl Pts',(1.72935883384268,2.7324077632855,0.85));
#9936=CARTESIAN_POINT('Ctrl Pts',(1.72692304477096,2.73098286241293,0.85));
#9937=CARTESIAN_POINT('',(1.74572652205825,2.73589733988047,0.8));
#9938=CARTESIAN_POINT('Origin',(1.81196575984359,2.73589733988047,0.8));
#9939=CARTESIAN_POINT('',(1.81196575984359,2.73589733988047,0.8));
#9940=CARTESIAN_POINT('',(2.15598287992179,2.73589733988047,0.8));
#9941=CARTESIAN_POINT('',(1.81196575984359,2.73589733988047,0.85));
#9942=CARTESIAN_POINT('',(1.74572652205825,2.73589733988047,0.85));
#9943=CARTESIAN_POINT('',(1.81196575984359,2.73589733988047,0.8));
#9944=CARTESIAN_POINT('Origin',(1.81196575984359,3.1641024723649,0.8));
#9945=CARTESIAN_POINT('',(1.81196575984359,3.1641024723649,0.8));
#9946=CARTESIAN_POINT('',(1.81196575984359,3.08205123618245,0.8));
#9947=CARTESIAN_POINT('',(1.81196575984359,3.1641024723649,0.85));
#9948=CARTESIAN_POINT('',(1.81196575984359,2.73589733988047,0.85));
#9949=CARTESIAN_POINT('',(1.81196575984359,3.1641024723649,0.8));
#9950=CARTESIAN_POINT('Origin',(1.8042734824121,3.1641024723649,0.8));
#9951=CARTESIAN_POINT('',(1.8042734824121,3.1641024723649,0.8));
#9952=CARTESIAN_POINT('',(2.15213674120605,3.1641024723649,0.8));
#9953=CARTESIAN_POINT('',(1.8042734824121,3.1641024723649,0.85));
#9954=CARTESIAN_POINT('',(1.81196575984359,3.1641024723649,0.85));
#9955=CARTESIAN_POINT('',(1.8042734824121,3.1641024723649,0.8));
#9956=CARTESIAN_POINT('Origin',(1.66880344972014,2.84999992698431,0.8));
#9957=CARTESIAN_POINT('',(1.76125914973506,3.06436889207981,0.8));
#9958=CARTESIAN_POINT('',(1.8042734824121,3.1641024723649,0.85));
#9959=CARTESIAN_POINT('Origin',(2.417948609218,2.96752130612731,0.85));
#9960=CARTESIAN_POINT('Ctrl Pts',(4.3856835924089,3.10235034674406,0.8));
#9961=CARTESIAN_POINT('Ctrl Pts',(4.3856835924089,3.10235034674406,0.85));
#9962=CARTESIAN_POINT('Ctrl Pts',(4.38985841565347,3.0872529133568,0.8));
#9963=CARTESIAN_POINT('Ctrl Pts',(4.38985841565347,3.0872529133568,0.85));
#9964=CARTESIAN_POINT('Ctrl Pts',(4.39842280079589,3.05628148615723,0.8));
#9965=CARTESIAN_POINT('Ctrl Pts',(4.39842280079589,3.05628148615723,0.85));
#9966=CARTESIAN_POINT('Ctrl Pts',(4.39946557299264,3.02415712511993,0.8));
#9967=CARTESIAN_POINT('Ctrl Pts',(4.39946557299264,3.02415712511993,0.85));
#9968=CARTESIAN_POINT('Ctrl Pts',(4.4000000320375,3.00769221037626,0.8));
#9969=CARTESIAN_POINT('Ctrl Pts',(4.4000000320375,3.00769221037626,0.85));
#9970=CARTESIAN_POINT('',(4.4000000320375,3.00769221037626,0.8));
#9971=CARTESIAN_POINT('',(4.3856835924089,3.10235034674406,0.8));
#9972=CARTESIAN_POINT('Ctrl Pts',(4.4000000320375,3.00769221037626,0.8));
#9973=CARTESIAN_POINT('Ctrl Pts',(4.39946557299264,3.02415712511993,0.8));
#9974=CARTESIAN_POINT('Ctrl Pts',(4.39842280079589,3.05628148615723,0.8));
#9975=CARTESIAN_POINT('Ctrl Pts',(4.38985841565347,3.0872529133568,0.8));
#9976=CARTESIAN_POINT('Ctrl Pts',(4.3856835924089,3.10235034674406,0.8));
#9977=CARTESIAN_POINT('',(4.4000000320375,3.00769221037626,0.85));
#9978=CARTESIAN_POINT('',(4.4000000320375,3.00769221037626,0.8));
#9979=CARTESIAN_POINT('',(4.3856835924089,3.10235034674406,0.85));
#9980=CARTESIAN_POINT('Ctrl Pts',(4.3856835924089,3.10235034674406,0.85));
#9981=CARTESIAN_POINT('Ctrl Pts',(4.38985841565347,3.0872529133568,0.85));
#9982=CARTESIAN_POINT('Ctrl Pts',(4.39842280079589,3.05628148615723,0.85));
#9983=CARTESIAN_POINT('Ctrl Pts',(4.39946557299264,3.02415712511993,0.85));
#9984=CARTESIAN_POINT('Ctrl Pts',(4.4000000320375,3.00769221037626,0.85));
#9985=CARTESIAN_POINT('',(4.3856835924089,3.10235034674406,0.8));
#9986=CARTESIAN_POINT('Ctrl Pts',(4.3534187041223,3.17222215235233,0.8));
#9987=CARTESIAN_POINT('Ctrl Pts',(4.3534187041223,3.17222215235233,0.85));
#9988=CARTESIAN_POINT('Ctrl Pts',(4.35943384436975,3.16221217197648,0.8));
#9989=CARTESIAN_POINT('Ctrl Pts',(4.35943384436975,3.16221217197648,0.85));
#9990=CARTESIAN_POINT('Ctrl Pts',(4.37271598847673,3.14010894638391,0.8));
#9991=CARTESIAN_POINT('Ctrl Pts',(4.37271598847673,3.14010894638391,0.85));
#9992=CARTESIAN_POINT('Ctrl Pts',(4.38109772695221,3.11570330375039,0.8));
#9993=CARTESIAN_POINT('Ctrl Pts',(4.38109772695221,3.11570330375039,0.85));
#9994=CARTESIAN_POINT('Ctrl Pts',(4.3856835924089,3.10235034674406,0.8));
#9995=CARTESIAN_POINT('Ctrl Pts',(4.3856835924089,3.10235034674406,0.85));
#9996=CARTESIAN_POINT('',(4.3534187041223,3.17222215235233,0.8));
#9997=CARTESIAN_POINT('Ctrl Pts',(4.3856835924089,3.10235034674406,0.8));
#9998=CARTESIAN_POINT('Ctrl Pts',(4.38109772695221,3.11570330375039,0.8));
#9999=CARTESIAN_POINT('Ctrl Pts',(4.37271598847673,3.14010894638391,0.8));
#10000=CARTESIAN_POINT('Ctrl Pts',(4.35943384436975,3.16221217197648,0.8));
#10001=CARTESIAN_POINT('Ctrl Pts',(4.3534187041223,3.17222215235233,0.8));
#10002=CARTESIAN_POINT('',(4.3534187041223,3.17222215235233,0.85));
#10003=CARTESIAN_POINT('Ctrl Pts',(4.3534187041223,3.17222215235233,0.85));
#10004=CARTESIAN_POINT('Ctrl Pts',(4.35943384436975,3.16221217197648,0.85));
#10005=CARTESIAN_POINT('Ctrl Pts',(4.37271598847673,3.14010894638391,0.85));
#10006=CARTESIAN_POINT('Ctrl Pts',(4.38109772695221,3.11570330375039,0.85));
#10007=CARTESIAN_POINT('Ctrl Pts',(4.3856835924089,3.10235034674406,0.85));
#10008=CARTESIAN_POINT('',(4.3534187041223,3.17222215235233,0.8));
#10009=CARTESIAN_POINT('Ctrl Pts',(4.32564085349441,3.19786317646503,0.8));
#10010=CARTESIAN_POINT('Ctrl Pts',(4.32564085349441,3.19786317646503,0.85));
#10011=CARTESIAN_POINT('Ctrl Pts',(4.33102718698707,3.19418568954103,0.8));
#10012=CARTESIAN_POINT('Ctrl Pts',(4.33102718698707,3.19418568954103,0.85));
#10013=CARTESIAN_POINT('Ctrl Pts',(4.34155013384158,3.18700121061632,0.8));
#10014=CARTESIAN_POINT('Ctrl Pts',(4.34155013384158,3.18700121061632,0.85));
#10015=CARTESIAN_POINT('Ctrl Pts',(4.34952560266558,3.17706994546436,0.8));
#10016=CARTESIAN_POINT('Ctrl Pts',(4.34952560266558,3.17706994546436,0.85));
#10017=CARTESIAN_POINT('Ctrl Pts',(4.3534187041223,3.17222215235233,0.8));
#10018=CARTESIAN_POINT('Ctrl Pts',(4.3534187041223,3.17222215235233,0.85));
#10019=CARTESIAN_POINT('',(4.32564085349441,3.19786317646503,0.8));
#10020=CARTESIAN_POINT('Ctrl Pts',(4.3534187041223,3.17222215235233,0.8));
#10021=CARTESIAN_POINT('Ctrl Pts',(4.34952560266558,3.17706994546436,0.8));
#10022=CARTESIAN_POINT('Ctrl Pts',(4.34155013384158,3.18700121061632,0.8));
#10023=CARTESIAN_POINT('Ctrl Pts',(4.33102718698707,3.19418568954103,0.8));
#10024=CARTESIAN_POINT('Ctrl Pts',(4.32564085349441,3.19786317646503,0.8));
#10025=CARTESIAN_POINT('',(4.32564085349441,3.19786317646503,0.85));
#10026=CARTESIAN_POINT('Ctrl Pts',(4.32564085349441,3.19786317646503,0.85));
#10027=CARTESIAN_POINT('Ctrl Pts',(4.33102718698707,3.19418568954103,0.85));
#10028=CARTESIAN_POINT('Ctrl Pts',(4.34155013384158,3.18700121061632,0.85));
#10029=CARTESIAN_POINT('Ctrl Pts',(4.34952560266558,3.17706994546436,0.85));
#10030=CARTESIAN_POINT('Ctrl Pts',(4.3534187041223,3.17222215235233,0.85));
#10031=CARTESIAN_POINT('',(4.32564085349441,3.19786317646503,0.8));
#10032=CARTESIAN_POINT('Ctrl Pts',(4.27094018086791,3.21282044053078,0.8));
#10033=CARTESIAN_POINT('Ctrl Pts',(4.27094018086791,3.21282044053078,0.85));
#10034=CARTESIAN_POINT('Ctrl Pts',(4.28073862931019,3.21223754493654,0.8));
#10035=CARTESIAN_POINT('Ctrl Pts',(4.28073862931019,3.21223754493654,0.85));
#10036=CARTESIAN_POINT('Ctrl Pts',(4.30003086825565,3.21108987741035,0.8));
#10037=CARTESIAN_POINT('Ctrl Pts',(4.30003086825565,3.21108987741035,0.85));
#10038=CARTESIAN_POINT('Ctrl Pts',(4.31719453980324,3.20222541503104,0.8));
#10039=CARTESIAN_POINT('Ctrl Pts',(4.31719453980324,3.20222541503104,0.85));
#10040=CARTESIAN_POINT('Ctrl Pts',(4.32564085349441,3.19786317646503,0.8));
#10041=CARTESIAN_POINT('Ctrl Pts',(4.32564085349441,3.19786317646503,0.85));
#10042=CARTESIAN_POINT('',(4.27094018086791,3.21282044053078,0.8));
#10043=CARTESIAN_POINT('Ctrl Pts',(4.32564085349441,3.19786317646503,0.8));
#10044=CARTESIAN_POINT('Ctrl Pts',(4.31719453980324,3.20222541503104,0.8));
#10045=CARTESIAN_POINT('Ctrl Pts',(4.30003086825565,3.21108987741035,0.8));
#10046=CARTESIAN_POINT('Ctrl Pts',(4.28073862931019,3.21223754493654,0.8));
#10047=CARTESIAN_POINT('Ctrl Pts',(4.27094018086791,3.21282044053078,0.8));
#10048=CARTESIAN_POINT('',(4.27094018086791,3.21282044053078,0.85));
#10049=CARTESIAN_POINT('Ctrl Pts',(4.27094018086791,3.21282044053078,0.85));
#10050=CARTESIAN_POINT('Ctrl Pts',(4.28073862931019,3.21223754493654,0.85));
#10051=CARTESIAN_POINT('Ctrl Pts',(4.30003086825565,3.21108987741035,0.85));
#10052=CARTESIAN_POINT('Ctrl Pts',(4.31719453980324,3.20222541503104,0.85));
#10053=CARTESIAN_POINT('Ctrl Pts',(4.32564085349441,3.19786317646503,0.85));
#10054=CARTESIAN_POINT('',(4.27094018086791,3.21282044053078,0.8));
#10055=CARTESIAN_POINT('Ctrl Pts',(4.17649572715163,3.15128196030855,0.8));
#10056=CARTESIAN_POINT('Ctrl Pts',(4.17649572715163,3.15128196030855,0.85));
#10057=CARTESIAN_POINT('Ctrl Pts',(4.18845212083168,3.16921824840574,0.8));
#10058=CARTESIAN_POINT('Ctrl Pts',(4.18845212083168,3.16921824840574,0.85));
#10059=CARTESIAN_POINT('Ctrl Pts',(4.21126887108354,3.20344661332165,0.8));
#10060=CARTESIAN_POINT('Ctrl Pts',(4.21126887108354,3.20344661332165,0.85));
#10061=CARTESIAN_POINT('Ctrl Pts',(4.25169708778517,3.20979752331682,0.8));
#10062=CARTESIAN_POINT('Ctrl Pts',(4.25169708778517,3.20979752331682,0.85));
#10063=CARTESIAN_POINT('Ctrl Pts',(4.27094018086791,3.21282044053078,0.8));
#10064=CARTESIAN_POINT('Ctrl Pts',(4.27094018086791,3.21282044053078,0.85));
#10065=CARTESIAN_POINT('',(4.17649572715163,3.15128196030855,0.8));
#10066=CARTESIAN_POINT('Ctrl Pts',(4.27094018086791,3.21282044053078,0.8));
#10067=CARTESIAN_POINT('Ctrl Pts',(4.25169708778517,3.20979752331682,0.8));
#10068=CARTESIAN_POINT('Ctrl Pts',(4.21126887108354,3.20344661332165,0.8));
#10069=CARTESIAN_POINT('Ctrl Pts',(4.18845212083168,3.16921824840574,0.8));
#10070=CARTESIAN_POINT('Ctrl Pts',(4.17649572715163,3.15128196030855,0.8));
#10071=CARTESIAN_POINT('',(4.17649572715163,3.15128196030855,0.85));
#10072=CARTESIAN_POINT('Ctrl Pts',(4.17649572715163,3.15128196030855,0.85));
#10073=CARTESIAN_POINT('Ctrl Pts',(4.18845212083168,3.16921824840574,0.85));
#10074=CARTESIAN_POINT('Ctrl Pts',(4.21126887108354,3.20344661332165,0.85));
#10075=CARTESIAN_POINT('Ctrl Pts',(4.25169708778517,3.20979752331682,0.85));
#10076=CARTESIAN_POINT('Ctrl Pts',(4.27094018086791,3.21282044053078,0.85));
#10077=CARTESIAN_POINT('',(4.17649572715163,3.15128196030855,0.8));
#10078=CARTESIAN_POINT('Ctrl Pts',(4.14230769500136,3.00769221037626,0.8));
#10079=CARTESIAN_POINT('Ctrl Pts',(4.14230769500136,3.00769221037626,0.85));
#10080=CARTESIAN_POINT('Ctrl Pts',(4.1434893469774,3.0337393470148,0.8));
#10081=CARTESIAN_POINT('Ctrl Pts',(4.1434893469774,3.0337393470148,0.85));
#10082=CARTESIAN_POINT('Ctrl Pts',(4.14576152202791,3.0838248672925,0.8));
#10083=CARTESIAN_POINT('Ctrl Pts',(4.14576152202791,3.0838248672925,0.85));
#10084=CARTESIAN_POINT('Ctrl Pts',(4.16652862376704,3.12940562358833,0.8));
#10085=CARTESIAN_POINT('Ctrl Pts',(4.16652862376704,3.12940562358833,0.85));
#10086=CARTESIAN_POINT('Ctrl Pts',(4.17649572715163,3.15128196030855,0.8));
#10087=CARTESIAN_POINT('Ctrl Pts',(4.17649572715163,3.15128196030855,0.85));
#10088=CARTESIAN_POINT('',(4.14230769500136,3.00769221037626,0.8));
#10089=CARTESIAN_POINT('Ctrl Pts',(4.17649572715163,3.15128196030855,0.8));
#10090=CARTESIAN_POINT('Ctrl Pts',(4.16652862376704,3.12940562358833,0.8));
#10091=CARTESIAN_POINT('Ctrl Pts',(4.14576152202791,3.0838248672925,0.8));
#10092=CARTESIAN_POINT('Ctrl Pts',(4.1434893469774,3.0337393470148,0.8));
#10093=CARTESIAN_POINT('Ctrl Pts',(4.14230769500136,3.00769221037626,0.8));
#10094=CARTESIAN_POINT('',(4.14230769500136,3.00769221037626,0.85));
#10095=CARTESIAN_POINT('Ctrl Pts',(4.14230769500136,3.00769221037626,0.85));
#10096=CARTESIAN_POINT('Ctrl Pts',(4.1434893469774,3.0337393470148,0.85));
#10097=CARTESIAN_POINT('Ctrl Pts',(4.14576152202791,3.0838248672925,0.85));
#10098=CARTESIAN_POINT('Ctrl Pts',(4.16652862376704,3.12940562358833,0.85));
#10099=CARTESIAN_POINT('Ctrl Pts',(4.17649572715163,3.15128196030855,0.85));
#10100=CARTESIAN_POINT('',(4.14230769500136,3.00769221037626,0.8));
#10101=CARTESIAN_POINT('Origin',(4.14230769500136,2.92863238602877,0.8));
#10102=CARTESIAN_POINT('',(4.14230769500136,2.92863238602877,0.8));
#10103=CARTESIAN_POINT('',(4.14230769500136,2.96431619301438,0.8));
#10104=CARTESIAN_POINT('',(4.14230769500136,2.92863238602877,0.85));
#10105=CARTESIAN_POINT('',(4.14230769500136,3.00769221037626,0.85));
#10106=CARTESIAN_POINT('',(4.14230769500136,2.92863238602877,0.8));
#10107=CARTESIAN_POINT('Ctrl Pts',(4.15662383660674,2.83376060426235,0.8));
#10108=CARTESIAN_POINT('Ctrl Pts',(4.15662383660674,2.83376060426235,0.85));
#10109=CARTESIAN_POINT('Ctrl Pts',(4.15244892703957,2.84891169709117,0.8));
#10110=CARTESIAN_POINT('Ctrl Pts',(4.15244892703957,2.84891169709117,0.85));
#10111=CARTESIAN_POINT('Ctrl Pts',(4.14389420719509,2.87995748440778,0.8));
#10112=CARTESIAN_POINT('Ctrl Pts',(4.14389420719509,2.87995748440778,0.85));
#10113=CARTESIAN_POINT('Ctrl Pts',(4.1428449099095,2.91215039307197,0.8));
#10114=CARTESIAN_POINT('Ctrl Pts',(4.1428449099095,2.91215039307197,0.85));
#10115=CARTESIAN_POINT('Ctrl Pts',(4.14230769500136,2.92863238602877,0.8));
#10116=CARTESIAN_POINT('Ctrl Pts',(4.14230769500136,2.92863238602877,0.85));
#10117=CARTESIAN_POINT('',(4.15662383660674,2.83376060426235,0.8));
#10118=CARTESIAN_POINT('Ctrl Pts',(4.14230769500136,2.92863238602877,0.8));
#10119=CARTESIAN_POINT('Ctrl Pts',(4.1428449099095,2.91215039307197,0.8));
#10120=CARTESIAN_POINT('Ctrl Pts',(4.14389420719509,2.87995748440778,0.8));
#10121=CARTESIAN_POINT('Ctrl Pts',(4.15244892703957,2.84891169709117,0.8));
#10122=CARTESIAN_POINT('Ctrl Pts',(4.15662383660674,2.83376060426235,0.8));
#10123=CARTESIAN_POINT('',(4.15662383660674,2.83376060426235,0.85));
#10124=CARTESIAN_POINT('Ctrl Pts',(4.15662383660674,2.83376060426235,0.85));
#10125=CARTESIAN_POINT('Ctrl Pts',(4.15244892703957,2.84891169709117,0.85));
#10126=CARTESIAN_POINT('Ctrl Pts',(4.14389420719509,2.87995748440778,0.85));
#10127=CARTESIAN_POINT('Ctrl Pts',(4.1428449099095,2.91215039307197,0.85));
#10128=CARTESIAN_POINT('Ctrl Pts',(4.14230769500136,2.92863238602877,0.85));
#10129=CARTESIAN_POINT('',(4.15662383660674,2.83376060426235,0.8));
#10130=CARTESIAN_POINT('Ctrl Pts',(4.18931609019637,2.76367511600256,0.8));
#10131=CARTESIAN_POINT('Ctrl Pts',(4.18931609019637,2.76367511600256,0.85));
#10132=CARTESIAN_POINT('Ctrl Pts',(4.18317744042507,2.77369337701528,0.8));
#10133=CARTESIAN_POINT('Ctrl Pts',(4.18317744042507,2.77369337701528,0.85));
#10134=CARTESIAN_POINT('Ctrl Pts',(4.16963282681703,2.79579815241333,0.8));
#10135=CARTESIAN_POINT('Ctrl Pts',(4.16963282681703,2.79579815241333,0.85));
#10136=CARTESIAN_POINT('Ctrl Pts',(4.1612224741051,2.8203409958392,0.8));
#10137=CARTESIAN_POINT('Ctrl Pts',(4.1612224741051,2.8203409958392,0.85));
#10138=CARTESIAN_POINT('Ctrl Pts',(4.15662383660674,2.83376060426235,0.8));
#10139=CARTESIAN_POINT('Ctrl Pts',(4.15662383660674,2.83376060426235,0.85));
#10140=CARTESIAN_POINT('',(4.18931609019637,2.76367511600256,0.8));
#10141=CARTESIAN_POINT('Ctrl Pts',(4.15662383660674,2.83376060426235,0.8));
#10142=CARTESIAN_POINT('Ctrl Pts',(4.1612224741051,2.8203409958392,0.8));
#10143=CARTESIAN_POINT('Ctrl Pts',(4.16963282681703,2.79579815241333,0.8));
#10144=CARTESIAN_POINT('Ctrl Pts',(4.18317744042507,2.77369337701528,0.8));
#10145=CARTESIAN_POINT('Ctrl Pts',(4.18931609019637,2.76367511600256,0.8));
#10146=CARTESIAN_POINT('',(4.18931609019637,2.76367511600256,0.85));
#10147=CARTESIAN_POINT('Ctrl Pts',(4.18931609019637,2.76367511600256,0.85));
#10148=CARTESIAN_POINT('Ctrl Pts',(4.18317744042507,2.77369337701528,0.85));
#10149=CARTESIAN_POINT('Ctrl Pts',(4.16963282681703,2.79579815241333,0.85));
#10150=CARTESIAN_POINT('Ctrl Pts',(4.1612224741051,2.8203409958392,0.85));
#10151=CARTESIAN_POINT('Ctrl Pts',(4.15662383660674,2.83376060426235,0.85));
#10152=CARTESIAN_POINT('',(4.18931609019637,2.76367511600256,0.8));
#10153=CARTESIAN_POINT('Ctrl Pts',(4.21666657552123,2.7384614571929,0.8));
#10154=CARTESIAN_POINT('Ctrl Pts',(4.21666657552123,2.7384614571929,0.85));
#10155=CARTESIAN_POINT('Ctrl Pts',(4.2113128349065,2.74210014534247,0.8));
#10156=CARTESIAN_POINT('Ctrl Pts',(4.2113128349065,2.74210014534247,0.85));
#10157=CARTESIAN_POINT('Ctrl Pts',(4.2009394433075,2.74915045647976,0.8));
#10158=CARTESIAN_POINT('Ctrl Pts',(4.2009394433075,2.74915045647976,0.85));
#10159=CARTESIAN_POINT('Ctrl Pts',(4.19310645039119,2.75893864359463,0.8));
#10160=CARTESIAN_POINT('Ctrl Pts',(4.19310645039119,2.75893864359463,0.85));
#10161=CARTESIAN_POINT('Ctrl Pts',(4.18931609019637,2.76367511600256,0.8));
#10162=CARTESIAN_POINT('Ctrl Pts',(4.18931609019637,2.76367511600256,0.85));
#10163=CARTESIAN_POINT('',(4.21666657552123,2.7384614571929,0.8));
#10164=CARTESIAN_POINT('Ctrl Pts',(4.18931609019637,2.76367511600256,0.8));
#10165=CARTESIAN_POINT('Ctrl Pts',(4.19310645039119,2.75893864359463,0.8));
#10166=CARTESIAN_POINT('Ctrl Pts',(4.2009394433075,2.74915045647976,0.8));
#10167=CARTESIAN_POINT('Ctrl Pts',(4.2113128349065,2.74210014534247,0.8));
#10168=CARTESIAN_POINT('Ctrl Pts',(4.21666657552123,2.7384614571929,0.8));
#10169=CARTESIAN_POINT('',(4.21666657552123,2.7384614571929,0.85));
#10170=CARTESIAN_POINT('Ctrl Pts',(4.21666657552123,2.7384614571929,0.85));
#10171=CARTESIAN_POINT('Ctrl Pts',(4.2113128349065,2.74210014534247,0.85));
#10172=CARTESIAN_POINT('Ctrl Pts',(4.2009394433075,2.74915045647976,0.85));
#10173=CARTESIAN_POINT('Ctrl Pts',(4.19310645039119,2.75893864359463,0.85));
#10174=CARTESIAN_POINT('Ctrl Pts',(4.18931609019637,2.76367511600256,0.85));
#10175=CARTESIAN_POINT('',(4.21666657552123,2.7384614571929,0.8));
#10176=CARTESIAN_POINT('Ctrl Pts',(4.27179491147399,2.72307682782412,0.8));
#10177=CARTESIAN_POINT('Ctrl Pts',(4.27179491147399,2.72307682782412,0.85));
#10178=CARTESIAN_POINT('Ctrl Pts',(4.26187901533457,2.72367189704509,0.8));
#10179=CARTESIAN_POINT('Ctrl Pts',(4.26187901533457,2.72367189704509,0.85));
#10180=CARTESIAN_POINT('Ctrl Pts',(4.24238743754293,2.72484161865664,0.8));
#10181=CARTESIAN_POINT('Ctrl Pts',(4.24238743754293,2.72484161865664,0.85));
#10182=CARTESIAN_POINT('Ctrl Pts',(4.22513984721085,2.73397464830643,0.8));
#10183=CARTESIAN_POINT('Ctrl Pts',(4.22513984721085,2.73397464830643,0.85));
#10184=CARTESIAN_POINT('Ctrl Pts',(4.21666657552123,2.7384614571929,0.8));
#10185=CARTESIAN_POINT('Ctrl Pts',(4.21666657552123,2.7384614571929,0.85));
#10186=CARTESIAN_POINT('',(4.27179491147399,2.72307682782412,0.8));
#10187=CARTESIAN_POINT('Ctrl Pts',(4.21666657552123,2.7384614571929,0.8));
#10188=CARTESIAN_POINT('Ctrl Pts',(4.22513984721085,2.73397464830643,0.8));
#10189=CARTESIAN_POINT('Ctrl Pts',(4.24238743754293,2.72484161865664,0.8));
#10190=CARTESIAN_POINT('Ctrl Pts',(4.26187901533457,2.72367189704509,0.8));
#10191=CARTESIAN_POINT('Ctrl Pts',(4.27179491147399,2.72307682782412,0.8));
#10192=CARTESIAN_POINT('',(4.27179491147399,2.72307682782412,0.85));
#10193=CARTESIAN_POINT('Ctrl Pts',(4.27179491147399,2.72307682782412,0.85));
#10194=CARTESIAN_POINT('Ctrl Pts',(4.26187901533457,2.72367189704509,0.85));
#10195=CARTESIAN_POINT('Ctrl Pts',(4.24238743754293,2.72484161865664,0.85));
#10196=CARTESIAN_POINT('Ctrl Pts',(4.22513984721085,2.73397464830643,0.85));
#10197=CARTESIAN_POINT('Ctrl Pts',(4.21666657552123,2.7384614571929,0.85));
#10198=CARTESIAN_POINT('',(4.27179491147399,2.72307682782412,0.8));
#10199=CARTESIAN_POINT('Ctrl Pts',(4.36581199988723,2.78482895344496,0.8));
#10200=CARTESIAN_POINT('Ctrl Pts',(4.36581199988723,2.78482895344496,0.85));
#10201=CARTESIAN_POINT('Ctrl Pts',(4.35390573471307,2.76683206542642,0.8));
#10202=CARTESIAN_POINT('Ctrl Pts',(4.35390573471307,2.76683206542642,0.85));
#10203=CARTESIAN_POINT('Ctrl Pts',(4.33125003592487,2.73258689550044,0.8));
#10204=CARTESIAN_POINT('Ctrl Pts',(4.33125003592487,2.73258689550044,0.85));
#10205=CARTESIAN_POINT('Ctrl Pts',(4.29092696895556,2.72613707137953,0.8));
#10206=CARTESIAN_POINT('Ctrl Pts',(4.29092696895556,2.72613707137953,0.85));
#10207=CARTESIAN_POINT('Ctrl Pts',(4.27179491147399,2.72307682782412,0.8));
#10208=CARTESIAN_POINT('Ctrl Pts',(4.27179491147399,2.72307682782412,0.85));
#10209=CARTESIAN_POINT('',(4.36581199988723,2.78482895344496,0.8));
#10210=CARTESIAN_POINT('Ctrl Pts',(4.27179491147399,2.72307682782412,0.8));
#10211=CARTESIAN_POINT('Ctrl Pts',(4.29092696895556,2.72613707137953,0.8));
#10212=CARTESIAN_POINT('Ctrl Pts',(4.33125003592487,2.73258689550044,0.8));
#10213=CARTESIAN_POINT('Ctrl Pts',(4.35390573471307,2.76683206542642,0.8));
#10214=CARTESIAN_POINT('Ctrl Pts',(4.36581199988723,2.78482895344496,0.8));
#10215=CARTESIAN_POINT('',(4.36581199988723,2.78482895344496,0.85));
#10216=CARTESIAN_POINT('Ctrl Pts',(4.36581199988723,2.78482895344496,0.85));
#10217=CARTESIAN_POINT('Ctrl Pts',(4.35390573471307,2.76683206542642,0.85));
#10218=CARTESIAN_POINT('Ctrl Pts',(4.33125003592487,2.73258689550044,0.85));
#10219=CARTESIAN_POINT('Ctrl Pts',(4.29092696895556,2.72613707137953,0.85));
#10220=CARTESIAN_POINT('Ctrl Pts',(4.27179491147399,2.72307682782412,0.85));
#10221=CARTESIAN_POINT('',(4.36581199988723,2.78482895344496,0.8));
#10222=CARTESIAN_POINT('Ctrl Pts',(4.4000000320375,2.92863238602877,0.8));
#10223=CARTESIAN_POINT('Ctrl Pts',(4.4000000320375,2.92863238602877,0.85));
#10224=CARTESIAN_POINT('Ctrl Pts',(4.39881387203642,2.90256931541974,0.8));
#10225=CARTESIAN_POINT('Ctrl Pts',(4.39881387203642,2.90256931541974,0.85));
#10226=CARTESIAN_POINT('Ctrl Pts',(4.39653148782683,2.852419301292,0.8));
#10227=CARTESIAN_POINT('Ctrl Pts',(4.39653148782683,2.852419301292,0.85));
#10228=CARTESIAN_POINT('Ctrl Pts',(4.3757792533198,2.80675933613595,0.8));
#10229=CARTESIAN_POINT('Ctrl Pts',(4.3757792533198,2.80675933613595,0.85));
#10230=CARTESIAN_POINT('Ctrl Pts',(4.36581199988723,2.78482895344496,0.8));
#10231=CARTESIAN_POINT('Ctrl Pts',(4.36581199988723,2.78482895344496,0.85));
#10232=CARTESIAN_POINT('',(4.4000000320375,2.92863238602877,0.8));
#10233=CARTESIAN_POINT('Ctrl Pts',(4.36581199988723,2.78482895344496,0.8));
#10234=CARTESIAN_POINT('Ctrl Pts',(4.3757792533198,2.80675933613595,0.8));
#10235=CARTESIAN_POINT('Ctrl Pts',(4.39653148782683,2.852419301292,0.8));
#10236=CARTESIAN_POINT('Ctrl Pts',(4.39881387203642,2.90256931541974,0.8));
#10237=CARTESIAN_POINT('Ctrl Pts',(4.4000000320375,2.92863238602877,0.8));
#10238=CARTESIAN_POINT('',(4.4000000320375,2.92863238602877,0.85));
#10239=CARTESIAN_POINT('Ctrl Pts',(4.4000000320375,2.92863238602877,0.85));
#10240=CARTESIAN_POINT('Ctrl Pts',(4.39881387203642,2.90256931541974,0.85));
#10241=CARTESIAN_POINT('Ctrl Pts',(4.39653148782683,2.852419301292,0.85));
#10242=CARTESIAN_POINT('Ctrl Pts',(4.3757792533198,2.80675933613595,0.85));
#10243=CARTESIAN_POINT('Ctrl Pts',(4.36581199988723,2.78482895344496,0.85));
#10244=CARTESIAN_POINT('',(4.4000000320375,2.92863238602877,0.8));
#10245=CARTESIAN_POINT('Origin',(4.4000000320375,3.00769221037626,0.8));
#10246=CARTESIAN_POINT('',(4.4000000320375,3.00384610518813,0.8));
#10247=CARTESIAN_POINT('',(4.4000000320375,2.92863238602877,0.85));
#10248=CARTESIAN_POINT('Origin',(4.4358972273767,2.92350418865681,0.8));
#10249=CARTESIAN_POINT('',(4.4358972273767,3.01239307969809,0.8));
#10250=CARTESIAN_POINT('',(4.4358972273767,2.92350418865681,0.8));
#10251=CARTESIAN_POINT('',(4.4358972273767,2.9617520943284,0.8));
#10252=CARTESIAN_POINT('',(4.4358972273767,3.01239307969809,0.85));
#10253=CARTESIAN_POINT('',(4.4358972273767,3.01239307969809,0.8));
#10254=CARTESIAN_POINT('',(4.4358972273767,2.92350418865681,0.85));
#10255=CARTESIAN_POINT('',(4.4358972273767,3.01239307969809,0.85));
#10256=CARTESIAN_POINT('',(4.4358972273767,2.92350418865681,0.8));
#10257=CARTESIAN_POINT('Ctrl Pts',(4.38076918944716,2.74017084389925,0.8));
#10258=CARTESIAN_POINT('Ctrl Pts',(4.38076918944716,2.74017084389925,0.85));
#10259=CARTESIAN_POINT('Ctrl Pts',(4.39682289360979,2.76598553139807,0.8));
#10260=CARTESIAN_POINT('Ctrl Pts',(4.39682289360979,2.76598553139807,0.85));
#10261=CARTESIAN_POINT('Ctrl Pts',(4.43160768415081,2.82192019223595,0.8));
#10262=CARTESIAN_POINT('Ctrl Pts',(4.43160768415081,2.82192019223595,0.85));
#10263=CARTESIAN_POINT('Ctrl Pts',(4.43439584480926,2.88794878489342,0.8));
#10264=CARTESIAN_POINT('Ctrl Pts',(4.43439584480926,2.88794878489342,0.85));
#10265=CARTESIAN_POINT('Ctrl Pts',(4.4358972273767,2.92350418865681,0.8));
#10266=CARTESIAN_POINT('Ctrl Pts',(4.4358972273767,2.92350418865681,0.85));
#10267=CARTESIAN_POINT('',(4.38076918944716,2.74017084389925,0.8));
#10268=CARTESIAN_POINT('Ctrl Pts',(4.4358972273767,2.92350418865681,0.8));
#10269=CARTESIAN_POINT('Ctrl Pts',(4.43439584480926,2.88794878489342,0.8));
#10270=CARTESIAN_POINT('Ctrl Pts',(4.43160768415081,2.82192019223595,0.8));
#10271=CARTESIAN_POINT('Ctrl Pts',(4.39682289360979,2.76598553139807,0.8));
#10272=CARTESIAN_POINT('Ctrl Pts',(4.38076918944716,2.74017084389925,0.8));
#10273=CARTESIAN_POINT('',(4.38076918944716,2.74017084389925,0.85));
#10274=CARTESIAN_POINT('Ctrl Pts',(4.38076918944716,2.74017084389925,0.85));
#10275=CARTESIAN_POINT('Ctrl Pts',(4.39682289360979,2.76598553139807,0.85));
#10276=CARTESIAN_POINT('Ctrl Pts',(4.43160768415081,2.82192019223595,0.85));
#10277=CARTESIAN_POINT('Ctrl Pts',(4.43439584480926,2.88794878489342,0.85));
#10278=CARTESIAN_POINT('Ctrl Pts',(4.4358972273767,2.92350418865681,0.85));
#10279=CARTESIAN_POINT('',(4.38076918944716,2.74017084389925,0.8));
#10280=CARTESIAN_POINT('Ctrl Pts',(4.27179491147399,2.68717940896749,0.8));
#10281=CARTESIAN_POINT('Ctrl Pts',(4.27179491147399,2.68717940896749,0.85));
#10282=CARTESIAN_POINT('Ctrl Pts',(4.29286532298125,2.68948258815955,0.8));
#10283=CARTESIAN_POINT('Ctrl Pts',(4.29286532298125,2.68948258815955,0.85));
#10284=CARTESIAN_POINT('Ctrl Pts',(4.33547297582974,2.69413997510377,0.8));
#10285=CARTESIAN_POINT('Ctrl Pts',(4.33547297582974,2.69413997510377,0.85));
#10286=CARTESIAN_POINT('Ctrl Pts',(4.36556056689278,2.72471555407583,0.8));
#10287=CARTESIAN_POINT('Ctrl Pts',(4.36556056689278,2.72471555407583,0.85));
#10288=CARTESIAN_POINT('Ctrl Pts',(4.38076918944716,2.74017084389925,0.8));
#10289=CARTESIAN_POINT('Ctrl Pts',(4.38076918944716,2.74017084389925,0.85));
#10290=CARTESIAN_POINT('',(4.27179491147399,2.68717940896749,0.8));
#10291=CARTESIAN_POINT('Ctrl Pts',(4.38076918944716,2.74017084389925,0.8));
#10292=CARTESIAN_POINT('Ctrl Pts',(4.36556056689278,2.72471555407583,0.8));
#10293=CARTESIAN_POINT('Ctrl Pts',(4.33547297582974,2.69413997510377,0.8));
#10294=CARTESIAN_POINT('Ctrl Pts',(4.29286532298125,2.68948258815955,0.8));
#10295=CARTESIAN_POINT('Ctrl Pts',(4.27179491147399,2.68717940896749,0.8));
#10296=CARTESIAN_POINT('',(4.27179491147399,2.68717940896749,0.85));
#10297=CARTESIAN_POINT('Ctrl Pts',(4.27179491147399,2.68717940896749,0.85));
#10298=CARTESIAN_POINT('Ctrl Pts',(4.29286532298125,2.68948258815955,0.85));
#10299=CARTESIAN_POINT('Ctrl Pts',(4.33547297582974,2.69413997510377,0.85));
#10300=CARTESIAN_POINT('Ctrl Pts',(4.36556056689278,2.72471555407583,0.85));
#10301=CARTESIAN_POINT('Ctrl Pts',(4.38076918944716,2.74017084389925,0.85));
#10302=CARTESIAN_POINT('',(4.27179491147399,2.68717940896749,0.8));
#10303=CARTESIAN_POINT('Ctrl Pts',(4.21217953786254,2.69978623837233,0.8));
#10304=CARTESIAN_POINT('Ctrl Pts',(4.21217953786254,2.69978623837233,0.85));
#10305=CARTESIAN_POINT('Ctrl Pts',(4.22170111940821,2.69610928940287,0.8));
#10306=CARTESIAN_POINT('Ctrl Pts',(4.22170111940821,2.69610928940287,0.85));
#10307=CARTESIAN_POINT('Ctrl Pts',(4.24089164078597,2.68869848611721,0.8));
#10308=CARTESIAN_POINT('Ctrl Pts',(4.24089164078597,2.68869848611721,0.85));
#10309=CARTESIAN_POINT('Ctrl Pts',(4.26144122320779,2.68768835351965,0.8));
#10310=CARTESIAN_POINT('Ctrl Pts',(4.26144122320779,2.68768835351965,0.85));
#10311=CARTESIAN_POINT('Ctrl Pts',(4.27179491147399,2.68717940896749,0.8));
#10312=CARTESIAN_POINT('Ctrl Pts',(4.27179491147399,2.68717940896749,0.85));
#10313=CARTESIAN_POINT('',(4.21217953786254,2.69978623837233,0.8));
#10314=CARTESIAN_POINT('Ctrl Pts',(4.27179491147399,2.68717940896749,0.8));
#10315=CARTESIAN_POINT('Ctrl Pts',(4.26144122320779,2.68768835351965,0.8));
#10316=CARTESIAN_POINT('Ctrl Pts',(4.24089164078597,2.68869848611721,0.8));
#10317=CARTESIAN_POINT('Ctrl Pts',(4.22170111940821,2.69610928940287,0.8));
#10318=CARTESIAN_POINT('Ctrl Pts',(4.21217953786254,2.69978623837233,0.8));
#10319=CARTESIAN_POINT('',(4.21217953786254,2.69978623837233,0.85));
#10320=CARTESIAN_POINT('Ctrl Pts',(4.21217953786254,2.69978623837233,0.85));
#10321=CARTESIAN_POINT('Ctrl Pts',(4.22170111940821,2.69610928940287,0.85));
#10322=CARTESIAN_POINT('Ctrl Pts',(4.24089164078597,2.68869848611721,0.85));
#10323=CARTESIAN_POINT('Ctrl Pts',(4.26144122320779,2.68768835351965,0.85));
#10324=CARTESIAN_POINT('Ctrl Pts',(4.27179491147399,2.68717940896749,0.85));
#10325=CARTESIAN_POINT('',(4.21217953786254,2.69978623837233,0.8));
#10326=CARTESIAN_POINT('Ctrl Pts',(4.16452979668975,2.73504268378019,0.8));
#10327=CARTESIAN_POINT('Ctrl Pts',(4.16452979668975,2.73504268378019,0.85));
#10328=CARTESIAN_POINT('Ctrl Pts',(4.17145759676743,2.72789873006186,0.8));
#10329=CARTESIAN_POINT('Ctrl Pts',(4.17145759676743,2.72789873006186,0.85));
#10330=CARTESIAN_POINT('Ctrl Pts',(4.18539755147635,2.71352383613312,0.8));
#10331=CARTESIAN_POINT('Ctrl Pts',(4.18539755147635,2.71352383613312,0.85));
#10332=CARTESIAN_POINT('Ctrl Pts',(4.20321626706136,2.70438387377965,0.8));
#10333=CARTESIAN_POINT('Ctrl Pts',(4.20321626706136,2.70438387377965,0.85));
#10334=CARTESIAN_POINT('Ctrl Pts',(4.21217953786254,2.69978623837233,0.8));
#10335=CARTESIAN_POINT('Ctrl Pts',(4.21217953786254,2.69978623837233,0.85));
#10336=CARTESIAN_POINT('',(4.16452979668975,2.73504268378019,0.8));
#10337=CARTESIAN_POINT('Ctrl Pts',(4.21217953786254,2.69978623837233,0.8));
#10338=CARTESIAN_POINT('Ctrl Pts',(4.20321626706136,2.70438387377965,0.8));
#10339=CARTESIAN_POINT('Ctrl Pts',(4.18539755147635,2.71352383613312,0.8));
#10340=CARTESIAN_POINT('Ctrl Pts',(4.17145759676743,2.72789873006186,0.8));
#10341=CARTESIAN_POINT('Ctrl Pts',(4.16452979668975,2.73504268378019,0.8));
#10342=CARTESIAN_POINT('',(4.16452979668975,2.73504268378019,0.85));
#10343=CARTESIAN_POINT('Ctrl Pts',(4.16452979668975,2.73504268378019,0.85));
#10344=CARTESIAN_POINT('Ctrl Pts',(4.17145759676743,2.72789873006186,0.85));
#10345=CARTESIAN_POINT('Ctrl Pts',(4.18539755147635,2.71352383613312,0.85));
#10346=CARTESIAN_POINT('Ctrl Pts',(4.20321626706136,2.70438387377965,0.85));
#10347=CARTESIAN_POINT('Ctrl Pts',(4.21217953786254,2.69978623837233,0.85));
#10348=CARTESIAN_POINT('',(4.16452979668975,2.73504268378019,0.8));
#10349=CARTESIAN_POINT('Ctrl Pts',(4.13739299401641,2.78034184128046,0.8));
#10350=CARTESIAN_POINT('Ctrl Pts',(4.13739299401641,2.78034184128046,0.85));
#10351=CARTESIAN_POINT('Ctrl Pts',(4.14178654582858,2.77116832402811,0.8));
#10352=CARTESIAN_POINT('Ctrl Pts',(4.14178654582858,2.77116832402811,0.85));
#10353=CARTESIAN_POINT('Ctrl Pts',(4.14942975540965,2.75520968328531,0.8));
#10354=CARTESIAN_POINT('Ctrl Pts',(4.14942975540965,2.75520968328531,0.85));
#10355=CARTESIAN_POINT('Ctrl Pts',(4.16002501710508,2.74105908373364,0.8));
#10356=CARTESIAN_POINT('Ctrl Pts',(4.16002501710508,2.74105908373364,0.85));
#10357=CARTESIAN_POINT('Ctrl Pts',(4.16452979668975,2.73504268378019,0.8));
#10358=CARTESIAN_POINT('Ctrl Pts',(4.16452979668975,2.73504268378019,0.85));
#10359=CARTESIAN_POINT('',(4.13739299401641,2.78034184128046,0.8));
#10360=CARTESIAN_POINT('Ctrl Pts',(4.16452979668975,2.73504268378019,0.8));
#10361=CARTESIAN_POINT('Ctrl Pts',(4.16002501710508,2.74105908373364,0.8));
#10362=CARTESIAN_POINT('Ctrl Pts',(4.14942975540965,2.75520968328531,0.8));
#10363=CARTESIAN_POINT('Ctrl Pts',(4.14178654582858,2.77116832402811,0.8));
#10364=CARTESIAN_POINT('Ctrl Pts',(4.13739299401641,2.78034184128046,0.8));
#10365=CARTESIAN_POINT('',(4.13739299401641,2.78034184128046,0.85));
#10366=CARTESIAN_POINT('Ctrl Pts',(4.13739299401641,2.78034184128046,0.85));
#10367=CARTESIAN_POINT('Ctrl Pts',(4.14178654582858,2.77116832402811,0.85));
#10368=CARTESIAN_POINT('Ctrl Pts',(4.14942975540965,2.75520968328531,0.85));
#10369=CARTESIAN_POINT('Ctrl Pts',(4.16002501710508,2.74105908373364,0.85));
#10370=CARTESIAN_POINT('Ctrl Pts',(4.16452979668975,2.73504268378019,0.85));
#10371=CARTESIAN_POINT('',(4.13739299401641,2.78034184128046,0.8));
#10372=CARTESIAN_POINT('Ctrl Pts',(4.11623930558562,2.837606780231,0.8));
#10373=CARTESIAN_POINT('Ctrl Pts',(4.11623930558562,2.837606780231,0.85));
#10374=CARTESIAN_POINT('Ctrl Pts',(4.11886203164723,2.82841373442499,0.8));
#10375=CARTESIAN_POINT('Ctrl Pts',(4.11886203164723,2.82841373442499,0.85));
#10376=CARTESIAN_POINT('Ctrl Pts',(4.12445955583808,2.80879357773385,0.8));
#10377=CARTESIAN_POINT('Ctrl Pts',(4.12445955583808,2.80879357773385,0.85));
#10378=CARTESIAN_POINT('Ctrl Pts',(4.13290478577354,2.79021526521563,0.8));
#10379=CARTESIAN_POINT('Ctrl Pts',(4.13290478577354,2.79021526521563,0.85));
#10380=CARTESIAN_POINT('Ctrl Pts',(4.13739299401641,2.78034184128046,0.8));
#10381=CARTESIAN_POINT('Ctrl Pts',(4.13739299401641,2.78034184128046,0.85));
#10382=CARTESIAN_POINT('',(4.11623930558562,2.837606780231,0.8));
#10383=CARTESIAN_POINT('Ctrl Pts',(4.13739299401641,2.78034184128046,0.8));
#10384=CARTESIAN_POINT('Ctrl Pts',(4.13290478577354,2.79021526521563,0.8));
#10385=CARTESIAN_POINT('Ctrl Pts',(4.12445955583808,2.80879357773385,0.8));
#10386=CARTESIAN_POINT('Ctrl Pts',(4.11886203164723,2.82841373442499,0.8));
#10387=CARTESIAN_POINT('Ctrl Pts',(4.11623930558562,2.837606780231,0.8));
#10388=CARTESIAN_POINT('',(4.11623930558562,2.837606780231,0.85));
#10389=CARTESIAN_POINT('Ctrl Pts',(4.11623930558562,2.837606780231,0.85));
#10390=CARTESIAN_POINT('Ctrl Pts',(4.11886203164723,2.82841373442499,0.85));
#10391=CARTESIAN_POINT('Ctrl Pts',(4.12445955583808,2.80879357773385,0.85));
#10392=CARTESIAN_POINT('Ctrl Pts',(4.13290478577354,2.79021526521563,0.85));
#10393=CARTESIAN_POINT('Ctrl Pts',(4.13739299401641,2.78034184128046,0.85));
#10394=CARTESIAN_POINT('',(4.11623930558562,2.837606780231,0.8));
#10395=CARTESIAN_POINT('Ctrl Pts',(4.10641020163894,2.92350418865681,0.8));
#10396=CARTESIAN_POINT('Ctrl Pts',(4.10641020163894,2.92350418865681,0.85));
#10397=CARTESIAN_POINT('Ctrl Pts',(4.10670316902235,2.90809275357625,0.8));
#10398=CARTESIAN_POINT('Ctrl Pts',(4.10670316902235,2.90809275357625,0.85));
#10399=CARTESIAN_POINT('Ctrl Pts',(4.10725361417616,2.87913680068276,0.8));
#10400=CARTESIAN_POINT('Ctrl Pts',(4.10725361417616,2.87913680068276,0.85));
#10401=CARTESIAN_POINT('Ctrl Pts',(4.11337564654058,2.8508420242749,0.8));
#10402=CARTESIAN_POINT('Ctrl Pts',(4.11337564654058,2.8508420242749,0.85));
#10403=CARTESIAN_POINT('Ctrl Pts',(4.11623930558562,2.837606780231,0.8));
#10404=CARTESIAN_POINT('Ctrl Pts',(4.11623930558562,2.837606780231,0.85));
#10405=CARTESIAN_POINT('',(4.10641020163894,2.92350418865681,0.8));
#10406=CARTESIAN_POINT('Ctrl Pts',(4.11623930558562,2.837606780231,0.8));
#10407=CARTESIAN_POINT('Ctrl Pts',(4.11337564654058,2.8508420242749,0.8));
#10408=CARTESIAN_POINT('Ctrl Pts',(4.10725361417616,2.87913680068276,0.8));
#10409=CARTESIAN_POINT('Ctrl Pts',(4.10670316902235,2.90809275357625,0.8));
#10410=CARTESIAN_POINT('Ctrl Pts',(4.10641020163894,2.92350418865681,0.8));
#10411=CARTESIAN_POINT('',(4.10641020163894,2.92350418865681,0.85));
#10412=CARTESIAN_POINT('Ctrl Pts',(4.10641020163894,2.92350418865681,0.85));
#10413=CARTESIAN_POINT('Ctrl Pts',(4.10670316902235,2.90809275357625,0.85));
#10414=CARTESIAN_POINT('Ctrl Pts',(4.10725361417616,2.87913680068276,0.85));
#10415=CARTESIAN_POINT('Ctrl Pts',(4.11337564654058,2.8508420242749,0.85));
#10416=CARTESIAN_POINT('Ctrl Pts',(4.11623930558562,2.837606780231,0.85));
#10417=CARTESIAN_POINT('',(4.10641020163894,2.92350418865681,0.8));
#10418=CARTESIAN_POINT('Origin',(4.10641020163894,3.01239307969809,0.8));
#10419=CARTESIAN_POINT('',(4.10641020163894,3.01239307969809,0.8));
#10420=CARTESIAN_POINT('',(4.10641020163894,3.00619653984904,0.8));
#10421=CARTESIAN_POINT('',(4.10641020163894,3.01239307969809,0.85));
#10422=CARTESIAN_POINT('',(4.10641020163894,2.92350418865681,0.85));
#10423=CARTESIAN_POINT('',(4.10641020163894,3.01239307969809,0.8));
#10424=CARTESIAN_POINT('Ctrl Pts',(4.1615385375917,3.19615375250578,0.8));
#10425=CARTESIAN_POINT('Ctrl Pts',(4.1615385375917,3.19615375250578,0.85));
#10426=CARTESIAN_POINT('Ctrl Pts',(4.14548533572455,3.17030208466761,0.8));
#10427=CARTESIAN_POINT('Ctrl Pts',(4.14548533572455,3.17030208466761,0.85));
#10428=CARTESIAN_POINT('Ctrl Pts',(4.11066463424053,3.11422771295616,0.8));
#10429=CARTESIAN_POINT('Ctrl Pts',(4.11066463424053,3.11422771295616,0.85));
#10430=CARTESIAN_POINT('Ctrl Pts',(4.10790017630836,3.04805730057868,0.8));
#10431=CARTESIAN_POINT('Ctrl Pts',(4.10790017630836,3.04805730057868,0.85));
#10432=CARTESIAN_POINT('Ctrl Pts',(4.10641020163894,3.01239307969809,0.8));
#10433=CARTESIAN_POINT('Ctrl Pts',(4.10641020163894,3.01239307969809,0.85));
#10434=CARTESIAN_POINT('',(4.1615385375917,3.19615375250578,0.8));
#10435=CARTESIAN_POINT('Ctrl Pts',(4.10641020163894,3.01239307969809,0.8));
#10436=CARTESIAN_POINT('Ctrl Pts',(4.10790017630836,3.04805730057868,0.8));
#10437=CARTESIAN_POINT('Ctrl Pts',(4.11066463424053,3.11422771295616,0.8));
#10438=CARTESIAN_POINT('Ctrl Pts',(4.14548533572455,3.17030208466761,0.8));
#10439=CARTESIAN_POINT('Ctrl Pts',(4.1615385375917,3.19615375250578,0.8));
#10440=CARTESIAN_POINT('',(4.1615385375917,3.19615375250578,0.85));
#10441=CARTESIAN_POINT('Ctrl Pts',(4.1615385375917,3.19615375250578,0.85));
#10442=CARTESIAN_POINT('Ctrl Pts',(4.14548533572455,3.17030208466761,0.85));
#10443=CARTESIAN_POINT('Ctrl Pts',(4.11066463424053,3.11422771295616,0.85));
#10444=CARTESIAN_POINT('Ctrl Pts',(4.10790017630836,3.04805730057868,0.85));
#10445=CARTESIAN_POINT('Ctrl Pts',(4.10641020163894,3.01239307969809,0.85));
#10446=CARTESIAN_POINT('',(4.1615385375917,3.19615375250578,0.8));
#10447=CARTESIAN_POINT('Ctrl Pts',(4.27051281556487,3.24914522469044,0.8));
#10448=CARTESIAN_POINT('Ctrl Pts',(4.27051281556487,3.24914522469044,0.85));
#10449=CARTESIAN_POINT('Ctrl Pts',(4.24944240277966,3.24684204690614,0.8));
#10450=CARTESIAN_POINT('Ctrl Pts',(4.24944240277966,3.24684204690614,0.85));
#10451=CARTESIAN_POINT('Ctrl Pts',(4.20683473930155,3.24218466192922,0.8));
#10452=CARTESIAN_POINT('Ctrl Pts',(4.20683473930155,3.24218466192922,0.85));
#10453=CARTESIAN_POINT('Ctrl Pts',(4.1767471580142,3.21160905786688,0.8));
#10454=CARTESIAN_POINT('Ctrl Pts',(4.1767471580142,3.21160905786688,0.85));
#10455=CARTESIAN_POINT('Ctrl Pts',(4.1615385375917,3.19615375250578,0.8));
#10456=CARTESIAN_POINT('Ctrl Pts',(4.1615385375917,3.19615375250578,0.85));
#10457=CARTESIAN_POINT('',(4.27051281556487,3.24914522469044,0.8));
#10458=CARTESIAN_POINT('Ctrl Pts',(4.1615385375917,3.19615375250578,0.8));
#10459=CARTESIAN_POINT('Ctrl Pts',(4.1767471580142,3.21160905786688,0.8));
#10460=CARTESIAN_POINT('Ctrl Pts',(4.20683473930155,3.24218466192922,0.8));
#10461=CARTESIAN_POINT('Ctrl Pts',(4.24944240277966,3.24684204690614,0.8));
#10462=CARTESIAN_POINT('Ctrl Pts',(4.27051281556487,3.24914522469044,0.8));
#10463=CARTESIAN_POINT('',(4.27051281556487,3.24914522469044,0.85));
#10464=CARTESIAN_POINT('Ctrl Pts',(4.27051281556487,3.24914522469044,0.85));
#10465=CARTESIAN_POINT('Ctrl Pts',(4.24944240277966,3.24684204690614,0.85));
#10466=CARTESIAN_POINT('Ctrl Pts',(4.20683473930155,3.24218466192922,0.85));
#10467=CARTESIAN_POINT('Ctrl Pts',(4.1767471580142,3.21160905786688,0.85));
#10468=CARTESIAN_POINT('Ctrl Pts',(4.1615385375917,3.19615375250578,0.85));
#10469=CARTESIAN_POINT('',(4.27051281556487,3.24914522469044,0.8));
#10470=CARTESIAN_POINT('Ctrl Pts',(4.33034187182784,3.23653839528561,0.8));
#10471=CARTESIAN_POINT('Ctrl Pts',(4.33034187182784,3.23653839528561,0.85));
#10472=CARTESIAN_POINT('Ctrl Pts',(4.32083785797315,3.24021521759986,0.8));
#10473=CARTESIAN_POINT('Ctrl Pts',(4.32083785797315,3.24021521759986,0.85));
#10474=CARTESIAN_POINT('Ctrl Pts',(4.30158363494139,3.24766410792863,0.8));
#10475=CARTESIAN_POINT('Ctrl Pts',(4.30158363494139,3.24766410792863,0.85));
#10476=CARTESIAN_POINT('Ctrl Pts',(4.280957667098,3.24864732843309,0.8));
#10477=CARTESIAN_POINT('Ctrl Pts',(4.280957667098,3.24864732843309,0.85));
#10478=CARTESIAN_POINT('Ctrl Pts',(4.27051281556487,3.24914522469044,0.8));
#10479=CARTESIAN_POINT('Ctrl Pts',(4.27051281556487,3.24914522469044,0.85));
#10480=CARTESIAN_POINT('',(4.33034187182784,3.23653839528561,0.8));
#10481=CARTESIAN_POINT('Ctrl Pts',(4.27051281556487,3.24914522469044,0.8));
#10482=CARTESIAN_POINT('Ctrl Pts',(4.280957667098,3.24864732843309,0.8));
#10483=CARTESIAN_POINT('Ctrl Pts',(4.30158363494139,3.24766410792863,0.8));
#10484=CARTESIAN_POINT('Ctrl Pts',(4.32083785797315,3.24021521759986,0.8));
#10485=CARTESIAN_POINT('Ctrl Pts',(4.33034187182784,3.23653839528561,0.8));
#10486=CARTESIAN_POINT('',(4.33034187182784,3.23653839528561,0.85));
#10487=CARTESIAN_POINT('Ctrl Pts',(4.33034187182784,3.23653839528561,0.85));
#10488=CARTESIAN_POINT('Ctrl Pts',(4.32083785797315,3.24021521759986,0.85));
#10489=CARTESIAN_POINT('Ctrl Pts',(4.30158363494139,3.24766410792863,0.85));
#10490=CARTESIAN_POINT('Ctrl Pts',(4.280957667098,3.24864732843309,0.85));
#10491=CARTESIAN_POINT('Ctrl Pts',(4.27051281556487,3.24914522469044,0.85));
#10492=CARTESIAN_POINT('',(4.33034187182784,3.23653839528561,0.8));
#10493=CARTESIAN_POINT('Ctrl Pts',(4.37777763232589,3.20128198713064,0.8));
#10494=CARTESIAN_POINT('Ctrl Pts',(4.37777763232589,3.20128198713064,0.85));
#10495=CARTESIAN_POINT('Ctrl Pts',(4.37086640413618,3.20842253366758,0.8));
#10496=CARTESIAN_POINT('Ctrl Pts',(4.37086640413618,3.20842253366758,0.85));
#10497=CARTESIAN_POINT('Ctrl Pts',(4.35698291704654,3.22276668248415,0.8));
#10498=CARTESIAN_POINT('Ctrl Pts',(4.35698291704654,3.22276668248415,0.85));
#10499=CARTESIAN_POINT('Ctrl Pts',(4.33924820702786,3.23193439084504,0.8));
#10500=CARTESIAN_POINT('Ctrl Pts',(4.33924820702786,3.23193439084504,0.85));
#10501=CARTESIAN_POINT('Ctrl Pts',(4.33034187182784,3.23653839528561,0.8));
#10502=CARTESIAN_POINT('Ctrl Pts',(4.33034187182784,3.23653839528561,0.85));
#10503=CARTESIAN_POINT('',(4.37777763232589,3.20128198713064,0.8));
#10504=CARTESIAN_POINT('Ctrl Pts',(4.33034187182784,3.23653839528561,0.8));
#10505=CARTESIAN_POINT('Ctrl Pts',(4.33924820702786,3.23193439084504,0.8));
#10506=CARTESIAN_POINT('Ctrl Pts',(4.35698291704654,3.22276668248415,0.8));
#10507=CARTESIAN_POINT('Ctrl Pts',(4.37086640413618,3.20842253366758,0.8));
#10508=CARTESIAN_POINT('Ctrl Pts',(4.37777763232589,3.20128198713064,0.8));
#10509=CARTESIAN_POINT('',(4.37777763232589,3.20128198713064,0.85));
#10510=CARTESIAN_POINT('Ctrl Pts',(4.37777763232589,3.20128198713064,0.85));
#10511=CARTESIAN_POINT('Ctrl Pts',(4.37086640413618,3.20842253366758,0.85));
#10512=CARTESIAN_POINT('Ctrl Pts',(4.35698291704654,3.22276668248415,0.85));
#10513=CARTESIAN_POINT('Ctrl Pts',(4.33924820702786,3.23193439084504,0.85));
#10514=CARTESIAN_POINT('Ctrl Pts',(4.33034187182784,3.23653839528561,0.85));
#10515=CARTESIAN_POINT('',(4.37777763232589,3.20128198713064,0.8));
#10516=CARTESIAN_POINT('Ctrl Pts',(4.40512811765075,3.15555546432734,0.8));
#10517=CARTESIAN_POINT('Ctrl Pts',(4.40512811765075,3.15555546432734,0.85));
#10518=CARTESIAN_POINT('Ctrl Pts',(4.40076261094862,3.16477040916915,0.8));
#10519=CARTESIAN_POINT('Ctrl Pts',(4.40076261094862,3.16477040916915,0.85));
#10520=CARTESIAN_POINT('Ctrl Pts',(4.39311599486406,3.1809112950396,0.8));
#10521=CARTESIAN_POINT('Ctrl Pts',(4.39311599486406,3.1809112950396,0.85));
#10522=CARTESIAN_POINT('Ctrl Pts',(4.38238305962978,3.19516557533494,0.8));
#10523=CARTESIAN_POINT('Ctrl Pts',(4.38238305962978,3.19516557533494,0.85));
#10524=CARTESIAN_POINT('Ctrl Pts',(4.37777763232589,3.20128198713064,0.8));
#10525=CARTESIAN_POINT('Ctrl Pts',(4.37777763232589,3.20128198713064,0.85));
#10526=CARTESIAN_POINT('',(4.40512811765075,3.15555546432734,0.8));
#10527=CARTESIAN_POINT('Ctrl Pts',(4.37777763232589,3.20128198713064,0.8));
#10528=CARTESIAN_POINT('Ctrl Pts',(4.38238305962978,3.19516557533494,0.8));
#10529=CARTESIAN_POINT('Ctrl Pts',(4.39311599486406,3.1809112950396,0.8));
#10530=CARTESIAN_POINT('Ctrl Pts',(4.40076261094862,3.16477040916915,0.8));
#10531=CARTESIAN_POINT('Ctrl Pts',(4.40512811765075,3.15555546432734,0.8));
#10532=CARTESIAN_POINT('',(4.40512811765075,3.15555546432734,0.85));
#10533=CARTESIAN_POINT('Ctrl Pts',(4.40512811765075,3.15555546432734,0.85));
#10534=CARTESIAN_POINT('Ctrl Pts',(4.40076261094862,3.16477040916915,0.85));
#10535=CARTESIAN_POINT('Ctrl Pts',(4.39311599486406,3.1809112950396,0.85));
#10536=CARTESIAN_POINT('Ctrl Pts',(4.38238305962978,3.19516557533494,0.85));
#10537=CARTESIAN_POINT('Ctrl Pts',(4.37777763232589,3.20128198713064,0.85));
#10538=CARTESIAN_POINT('',(4.40512811765075,3.15555546432734,0.8));
#10539=CARTESIAN_POINT('Ctrl Pts',(4.42649578675628,3.09871785342693,0.8));
#10540=CARTESIAN_POINT('Ctrl Pts',(4.42649578675628,3.09871785342693,0.85));
#10541=CARTESIAN_POINT('Ctrl Pts',(4.42375522770513,3.10779483385235,0.8));
#10542=CARTESIAN_POINT('Ctrl Pts',(4.42375522770513,3.10779483385235,0.85));
#10543=CARTESIAN_POINT('Ctrl Pts',(4.41789316251261,3.12721052605677,0.8));
#10544=CARTESIAN_POINT('Ctrl Pts',(4.41789316251261,3.12721052605677,0.85));
#10545=CARTESIAN_POINT('Ctrl Pts',(4.40956356592074,3.14570649718498,0.8));
#10546=CARTESIAN_POINT('Ctrl Pts',(4.40956356592074,3.14570649718498,0.85));
#10547=CARTESIAN_POINT('Ctrl Pts',(4.40512811765075,3.15555546432734,0.8));
#10548=CARTESIAN_POINT('Ctrl Pts',(4.40512811765075,3.15555546432734,0.85));
#10549=CARTESIAN_POINT('',(4.42649578675628,3.09871785342693,0.8));
#10550=CARTESIAN_POINT('Ctrl Pts',(4.40512811765075,3.15555546432734,0.8));
#10551=CARTESIAN_POINT('Ctrl Pts',(4.40956356592074,3.14570649718498,0.8));
#10552=CARTESIAN_POINT('Ctrl Pts',(4.41789316251261,3.12721052605677,0.8));
#10553=CARTESIAN_POINT('Ctrl Pts',(4.42375522770513,3.10779483385235,0.8));
#10554=CARTESIAN_POINT('Ctrl Pts',(4.42649578675628,3.09871785342693,0.8));
#10555=CARTESIAN_POINT('',(4.42649578675628,3.09871785342693,0.85));
#10556=CARTESIAN_POINT('Ctrl Pts',(4.42649578675628,3.09871785342693,0.85));
#10557=CARTESIAN_POINT('Ctrl Pts',(4.42375522770513,3.10779483385235,0.85));
#10558=CARTESIAN_POINT('Ctrl Pts',(4.41789316251261,3.12721052605677,0.85));
#10559=CARTESIAN_POINT('Ctrl Pts',(4.40956356592074,3.14570649718498,0.85));
#10560=CARTESIAN_POINT('Ctrl Pts',(4.40512811765075,3.15555546432734,0.85));
#10561=CARTESIAN_POINT('',(4.42649578675628,3.09871785342693,0.8));
#10562=CARTESIAN_POINT('Ctrl Pts',(4.4358972273767,3.01239307969809,0.8));
#10563=CARTESIAN_POINT('Ctrl Pts',(4.4358972273767,3.01239307969809,0.85));
#10564=CARTESIAN_POINT('Ctrl Pts',(4.4356223820543,3.02790644809578,0.8));
#10565=CARTESIAN_POINT('Ctrl Pts',(4.4356223820543,3.02790644809578,0.85));
#10566=CARTESIAN_POINT('Ctrl Pts',(4.43510733698897,3.05697764992704,0.8));
#10567=CARTESIAN_POINT('Ctrl Pts',(4.43510733698897,3.05697764992704,0.85));
#10568=CARTESIAN_POINT('Ctrl Pts',(4.42923462339507,3.08544270602988,0.8));
#10569=CARTESIAN_POINT('Ctrl Pts',(4.42923462339507,3.08544270602988,0.85));
#10570=CARTESIAN_POINT('Ctrl Pts',(4.42649578675628,3.09871785342693,0.8));
#10571=CARTESIAN_POINT('Ctrl Pts',(4.42649578675628,3.09871785342693,0.85));
#10572=CARTESIAN_POINT('Ctrl Pts',(4.42649578675628,3.09871785342693,0.8));
#10573=CARTESIAN_POINT('Ctrl Pts',(4.42923462339507,3.08544270602988,0.8));
#10574=CARTESIAN_POINT('Ctrl Pts',(4.43510733698897,3.05697764992704,0.8));
#10575=CARTESIAN_POINT('Ctrl Pts',(4.4356223820543,3.02790644809578,0.8));
#10576=CARTESIAN_POINT('Ctrl Pts',(4.4358972273767,3.01239307969809,0.8));
#10577=CARTESIAN_POINT('Ctrl Pts',(4.4358972273767,3.01239307969809,0.85));
#10578=CARTESIAN_POINT('Ctrl Pts',(4.4356223820543,3.02790644809578,0.85));
#10579=CARTESIAN_POINT('Ctrl Pts',(4.43510733698897,3.05697764992704,0.85));
#10580=CARTESIAN_POINT('Ctrl Pts',(4.42923462339507,3.08544270602988,0.85));
#10581=CARTESIAN_POINT('Ctrl Pts',(4.42649578675628,3.09871785342693,0.85));
#10582=CARTESIAN_POINT('Origin',(2.417948609218,2.96752130612731,0.85));
#10583=CARTESIAN_POINT('Origin',(2.5,3.,0.8));
#10584=CARTESIAN_POINT('',(5.,6.,0.8));
#10585=CARTESIAN_POINT('',(0.,6.,0.8));
#10586=CARTESIAN_POINT('',(5.,6.,0.8));
#10587=CARTESIAN_POINT('',(0.,0.,0.8));
#10588=CARTESIAN_POINT('',(0.,6.,0.8));
#10589=CARTESIAN_POINT('',(5.,0.,0.8));
#10590=CARTESIAN_POINT('',(0.,0.,0.8));
#10591=CARTESIAN_POINT('',(5.,0.,0.8));
#10592=CARTESIAN_POINT('',(3.38547026738524,3.01239307969809,0.8));
#10593=CARTESIAN_POINT('',(3.38547026738524,2.92350418865681,0.8));
#10594=CARTESIAN_POINT('',(3.38547026738524,2.9617520943284,0.8));
#10595=CARTESIAN_POINT('',(3.33034193143249,2.74017084389925,0.8));
#10596=CARTESIAN_POINT('Ctrl Pts',(3.38547026738524,2.92350418865681,0.8));
#10597=CARTESIAN_POINT('Ctrl Pts',(3.38396890720754,2.88794877281683,0.8));
#10598=CARTESIAN_POINT('Ctrl Pts',(3.38118078615729,2.82192011105647,0.8));
#10599=CARTESIAN_POINT('Ctrl Pts',(3.34639575834195,2.7659855203317,0.8));
#10600=CARTESIAN_POINT('Ctrl Pts',(3.33034193143249,2.74017084389925,0.8));
#10601=CARTESIAN_POINT('',(3.22136765345931,2.68717940896749,0.8));
#10602=CARTESIAN_POINT('Ctrl Pts',(3.33034193143249,2.74017084389925,0.8));
#10603=CARTESIAN_POINT('Ctrl Pts',(3.3151333088781,2.72471555407583,0.8));
#10604=CARTESIAN_POINT('Ctrl Pts',(3.28504571781506,2.69413997510377,0.8));
#10605=CARTESIAN_POINT('Ctrl Pts',(3.24243806496657,2.68948258815955,0.8));
#10606=CARTESIAN_POINT('Ctrl Pts',(3.22136765345931,2.68717940896749,0.8));
#10607=CARTESIAN_POINT('',(3.16175227984786,2.69978623837233,0.8));
#10608=CARTESIAN_POINT('Ctrl Pts',(3.22136765345931,2.68717940896749,0.8));
#10609=CARTESIAN_POINT('Ctrl Pts',(3.21101396519311,2.68768835351965,0.8));
#10610=CARTESIAN_POINT('Ctrl Pts',(3.19046438277129,2.68869848611721,0.8));
#10611=CARTESIAN_POINT('Ctrl Pts',(3.17127386139353,2.69610928940287,0.8));
#10612=CARTESIAN_POINT('Ctrl Pts',(3.16175227984786,2.69978623837233,0.8));
#10613=CARTESIAN_POINT('',(3.11410253867507,2.73504268378019,0.8));
#10614=CARTESIAN_POINT('Ctrl Pts',(3.16175227984786,2.69978623837233,0.8));
#10615=CARTESIAN_POINT('Ctrl Pts',(3.15278913181432,2.70438390455414,0.8));
#10616=CARTESIAN_POINT('Ctrl Pts',(3.13497051896572,2.7135240005778,0.8));
#10617=CARTESIAN_POINT('Ctrl Pts',(3.12103045076843,2.7278987463452,0.8));
#10618=CARTESIAN_POINT('Ctrl Pts',(3.11410253867507,2.73504268378019,0.8));
#10619=CARTESIAN_POINT('',(3.08696573600173,2.78034184128046,0.8));
#10620=CARTESIAN_POINT('Ctrl Pts',(3.11410253867507,2.73504268378019,0.8));
#10621=CARTESIAN_POINT('Ctrl Pts',(3.1095977590904,2.74105908373364,0.8));
#10622=CARTESIAN_POINT('Ctrl Pts',(3.09900249739497,2.75520968328531,0.8));
#10623=CARTESIAN_POINT('Ctrl Pts',(3.0913592878139,2.77116832402811,0.8));
#10624=CARTESIAN_POINT('Ctrl Pts',(3.08696573600173,2.78034184128046,0.8));
#10625=CARTESIAN_POINT('',(3.06581204757094,2.837606780231,0.8));
#10626=CARTESIAN_POINT('Ctrl Pts',(3.08696573600173,2.78034184128046,0.8));
#10627=CARTESIAN_POINT('Ctrl Pts',(3.08247767859014,2.79021528382726,0.8));
#10628=CARTESIAN_POINT('Ctrl Pts',(3.07403270610522,2.80879368935831,0.8));
#10629=CARTESIAN_POINT('Ctrl Pts',(3.06843491022102,2.82841374787622,0.8));
#10630=CARTESIAN_POINT('Ctrl Pts',(3.06581204757094,2.837606780231,0.8));
#10631=CARTESIAN_POINT('',(3.05598294362426,2.92350418865681,0.8));
#10632=CARTESIAN_POINT('Ctrl Pts',(3.06581204757094,2.837606780231,0.8));
#10633=CARTESIAN_POINT('Ctrl Pts',(3.06294853160103,2.85084202962494,0.8));
#10634=CARTESIAN_POINT('Ctrl Pts',(3.0568267996272,2.87913684280141,0.8));
#10635=CARTESIAN_POINT('Ctrl Pts',(3.05627606520023,2.90809276029277,0.8));
#10636=CARTESIAN_POINT('Ctrl Pts',(3.05598294362426,2.92350418865681,0.8));
#10637=CARTESIAN_POINT('',(3.05598294362426,3.01239307969809,0.8));
#10638=CARTESIAN_POINT('',(3.05598294362426,3.00619653984904,0.8));
#10639=CARTESIAN_POINT('',(3.11111127957702,3.19615375250578,0.8));
#10640=CARTESIAN_POINT('Ctrl Pts',(3.05598294362426,3.01239307969809,0.8));
#10641=CARTESIAN_POINT('Ctrl Pts',(3.05747291829368,3.04805730057868,0.8));
#10642=CARTESIAN_POINT('Ctrl Pts',(3.06023737622585,3.11422771295616,0.8));
#10643=CARTESIAN_POINT('Ctrl Pts',(3.09505807770987,3.17030208466761,0.8));
#10644=CARTESIAN_POINT('Ctrl Pts',(3.11111127957702,3.19615375250578,0.8));
#10645=CARTESIAN_POINT('',(3.22008555755019,3.24914522469044,0.8));
#10646=CARTESIAN_POINT('Ctrl Pts',(3.11111127957702,3.19615375250578,0.8));
#10647=CARTESIAN_POINT('Ctrl Pts',(3.12631989999952,3.21160905786688,0.8));
#10648=CARTESIAN_POINT('Ctrl Pts',(3.15640748128687,3.24218466192922,0.8));
#10649=CARTESIAN_POINT('Ctrl Pts',(3.19901514476498,3.24684204690614,0.8));
#10650=CARTESIAN_POINT('Ctrl Pts',(3.22008555755019,3.24914522469044,0.8));
#10651=CARTESIAN_POINT('',(3.27991461381316,3.23653839528561,0.8));
#10652=CARTESIAN_POINT('Ctrl Pts',(3.22008555755019,3.24914522469044,0.8));
#10653=CARTESIAN_POINT('Ctrl Pts',(3.23053040908332,3.24864732843309,0.8));
#10654=CARTESIAN_POINT('Ctrl Pts',(3.25115637692671,3.24766410792863,0.8));
#10655=CARTESIAN_POINT('Ctrl Pts',(3.27041059995847,3.24021521759986,0.8));
#10656=CARTESIAN_POINT('Ctrl Pts',(3.27991461381316,3.23653839528561,0.8));
#10657=CARTESIAN_POINT('',(3.32735037431121,3.20128198713064,0.8));
#10658=CARTESIAN_POINT('Ctrl Pts',(3.27991461381316,3.23653839528561,0.8));
#10659=CARTESIAN_POINT('Ctrl Pts',(3.28882107176424,3.23193442149345,0.8));
#10660=CARTESIAN_POINT('Ctrl Pts',(3.30655588507611,3.22276684711707,0.8));
#10661=CARTESIAN_POINT('Ctrl Pts',(3.32043925829279,3.20842255010994,0.8));
#10662=CARTESIAN_POINT('Ctrl Pts',(3.32735037431121,3.20128198713064,0.8));
#10663=CARTESIAN_POINT('',(3.35470085963607,3.15555546432734,0.8));
#10664=CARTESIAN_POINT('Ctrl Pts',(3.32735037431121,3.20128198713064,0.8));
#10665=CARTESIAN_POINT('Ctrl Pts',(3.3319558016151,3.19516557533494,0.8));
#10666=CARTESIAN_POINT('Ctrl Pts',(3.34268873684938,3.1809112950396,0.8));
#10667=CARTESIAN_POINT('Ctrl Pts',(3.35033535293394,3.16477040916915,0.8));
#10668=CARTESIAN_POINT('Ctrl Pts',(3.35470085963607,3.15555546432734,0.8));
#10669=CARTESIAN_POINT('',(3.3760685287416,3.09871785342693,0.8));
#10670=CARTESIAN_POINT('Ctrl Pts',(3.35470085963607,3.15555546432734,0.8));
#10671=CARTESIAN_POINT('Ctrl Pts',(3.35913645852548,3.14570651609914,0.8));
#10672=CARTESIAN_POINT('Ctrl Pts',(3.36746631141238,3.12721063947078,0.8));
#10673=CARTESIAN_POINT('Ctrl Pts',(3.37332810610472,3.10779484751739,0.8));
#10674=CARTESIAN_POINT('Ctrl Pts',(3.3760685287416,3.09871785342693,0.8));
#10675=CARTESIAN_POINT('Ctrl Pts',(3.3760685287416,3.09871785342693,0.8));
#10676=CARTESIAN_POINT('Ctrl Pts',(3.37880748794695,3.08544271008039,0.8));
#10677=CARTESIAN_POINT('Ctrl Pts',(3.38468046035204,3.05697768205237,0.8));
#10678=CARTESIAN_POINT('Ctrl Pts',(3.38519545117304,3.02790645325212,0.8));
#10679=CARTESIAN_POINT('Ctrl Pts',(3.38547026738524,3.01239307969809,0.8));
#10680=CARTESIAN_POINT('',(0.979059841483831,2.73589733988047,0.8));
#10681=CARTESIAN_POINT('',(0.979059841483831,3.1641024723649,0.8));
#10682=CARTESIAN_POINT('',(0.979059841483831,3.08205123618245,0.8));
#10683=CARTESIAN_POINT('',(0.948717948049307,3.1641024723649,0.8));
#10684=CARTESIAN_POINT('',(1.72435897402465,3.1641024723649,0.8));
#10685=CARTESIAN_POINT('',(0.930341873317957,3.16901702433825,0.8));
#10686=CARTESIAN_POINT('Ctrl Pts',(0.948717948049307,3.1641024723649,0.8));
#10687=CARTESIAN_POINT('Ctrl Pts',(0.944944694250731,3.16415627656469,0.8));
#10688=CARTESIAN_POINT('Ctrl Pts',(0.938362823826833,3.16425012985157,0.8));
#10689=CARTESIAN_POINT('Ctrl Pts',(0.932740872947267,3.16759128581837,0.8));
#10690=CARTESIAN_POINT('Ctrl Pts',(0.930341873317957,3.16901702433825,0.8));
#10691=CARTESIAN_POINT('',(0.924786310642958,3.18205118179321,0.8));
#10692=CARTESIAN_POINT('Ctrl Pts',(0.930341873317957,3.16901702433825,0.8));
#10693=CARTESIAN_POINT('Ctrl Pts',(0.92872178915971,3.1708221558374,0.8));
#10694=CARTESIAN_POINT('Ctrl Pts',(0.925395572257854,3.17452829596104,0.8));
#10695=CARTESIAN_POINT('Ctrl Pts',(0.924992870453748,3.17950067502223,0.8));
#10696=CARTESIAN_POINT('Ctrl Pts',(0.924786310642958,3.18205118179321,0.8));
#10697=CARTESIAN_POINT('',(0.930341873317957,3.19508537650108,0.8));
#10698=CARTESIAN_POINT('Ctrl Pts',(0.924786310642958,3.18205118179321,0.8));
#10699=CARTESIAN_POINT('Ctrl Pts',(0.924992867997021,3.18460170190393,0.8));
#10700=CARTESIAN_POINT('Ctrl Pts',(0.925395564047875,3.18957409507224,0.8));
#10701=CARTESIAN_POINT('Ctrl Pts',(0.928721789216336,3.1932802448494,0.8));
#10702=CARTESIAN_POINT('Ctrl Pts',(0.930341873317957,3.19508537650108,0.8));
#10703=CARTESIAN_POINT('',(0.948717948049307,3.19999992847443,0.8));
#10704=CARTESIAN_POINT('Ctrl Pts',(0.930341873317957,3.19508537650108,0.8));
#10705=CARTESIAN_POINT('Ctrl Pts',(0.932740872947267,3.19651111502095,0.8));
#10706=CARTESIAN_POINT('Ctrl Pts',(0.938362823826833,3.19985227098776,0.8));
#10707=CARTESIAN_POINT('Ctrl Pts',(0.944944694250731,3.19994612427464,0.8));
#10708=CARTESIAN_POINT('Ctrl Pts',(0.948717948049307,3.19999992847443,0.8));
#10709=CARTESIAN_POINT('',(1.14188035950065,3.19999992847443,0.8));
#10710=CARTESIAN_POINT('',(1.82094017975032,3.19999992847443,0.8));
#10711=CARTESIAN_POINT('',(1.22457263991237,3.18119648844004,0.8));
#10712=CARTESIAN_POINT('Ctrl Pts',(1.14188035950065,3.19999992847443,0.8));
#10713=CARTESIAN_POINT('Ctrl Pts',(1.15651671534457,3.1992829861622,0.8));
#10714=CARTESIAN_POINT('Ctrl Pts',(1.18519905451338,3.19787802014586,0.8));
#10715=CARTESIAN_POINT('Ctrl Pts',(1.21162945160825,3.18668017004743,0.8));
#10716=CARTESIAN_POINT('Ctrl Pts',(1.22457263991237,3.18119648844004,0.8));
#10717=CARTESIAN_POINT('',(1.28162389621139,3.1384614482522,0.8));
#10718=CARTESIAN_POINT('Ctrl Pts',(1.22457263991237,3.18119648844004,0.8));
#10719=CARTESIAN_POINT('Ctrl Pts',(1.23599342224555,3.17507153706742,0.8));
#10720=CARTESIAN_POINT('Ctrl Pts',(1.25719856790636,3.16369924380127,0.8));
#10721=CARTESIAN_POINT('Ctrl Pts',(1.27391205132148,3.14642981462202,0.8));
#10722=CARTESIAN_POINT('Ctrl Pts',(1.28162389621139,3.1384614482522,0.8));
#10723=CARTESIAN_POINT('',(1.33290594443679,3.05256400257349,0.8));
#10724=CARTESIAN_POINT('Ctrl Pts',(1.28162389621139,3.1384614482522,0.8));
#10725=CARTESIAN_POINT('Ctrl Pts',(1.29213531274354,3.12490036130536,0.8));
#10726=CARTESIAN_POINT('Ctrl Pts',(1.31271990681876,3.09834357239248,0.8));
#10727=CARTESIAN_POINT('Ctrl Pts',(1.32627344865891,3.06760572642654,0.8));
#10728=CARTESIAN_POINT('Ctrl Pts',(1.33290594443679,3.05256400257349,0.8));
#10729=CARTESIAN_POINT('',(1.3452990911901,2.97478623688221,0.8));
#10730=CARTESIAN_POINT('Ctrl Pts',(1.33290594443679,3.05256400257349,0.8));
#10731=CARTESIAN_POINT('Ctrl Pts',(1.33651687593715,3.04068282166504,0.8));
#10732=CARTESIAN_POINT('Ctrl Pts',(1.3442172132937,3.0153461180526,0.8));
#10733=CARTESIAN_POINT('Ctrl Pts',(1.34492382959828,2.9888548906766,0.8));
#10734=CARTESIAN_POINT('Ctrl Pts',(1.3452990911901,2.97478623688221,0.8));
#10735=CARTESIAN_POINT('',(1.3452990911901,2.92521361261606,0.8));
#10736=CARTESIAN_POINT('',(1.3452990911901,2.96260680630803,0.8));
#10737=CARTESIAN_POINT('',(1.32094016298652,2.81837597489357,0.8));
#10738=CARTESIAN_POINT('Ctrl Pts',(1.3452990911901,2.92521361261606,0.8));
#10739=CARTESIAN_POINT('Ctrl Pts',(1.34424654469394,2.90690068239591,0.8));
#10740=CARTESIAN_POINT('Ctrl Pts',(1.3421215168787,2.86992798215078,0.8));
#10741=CARTESIAN_POINT('Ctrl Pts',(1.32804463256205,2.83566711071901,0.8));
#10742=CARTESIAN_POINT('Ctrl Pts',(1.32094016298652,2.81837597489357,0.8));
#10743=CARTESIAN_POINT('',(1.23974358662963,2.72820506244898,0.8));
#10744=CARTESIAN_POINT('Ctrl Pts',(1.32094016298652,2.81837597489357,0.8));
#10745=CARTESIAN_POINT('Ctrl Pts',(1.31104747790464,2.80141391344018,0.8));
#10746=CARTESIAN_POINT('Ctrl Pts',(1.29026239956944,2.76577568447431,0.8));
#10747=CARTESIAN_POINT('Ctrl Pts',(1.25711463140174,2.74112383308786,0.8));
#10748=CARTESIAN_POINT('Ctrl Pts',(1.23974358662963,2.72820506244898,0.8));
#10749=CARTESIAN_POINT('',(1.14188035950065,2.69999992102385,0.8));
#10750=CARTESIAN_POINT('Ctrl Pts',(1.23974358662963,2.72820506244898,0.8));
#10751=CARTESIAN_POINT('Ctrl Pts',(1.22487993136405,2.71997985192979,0.8));
#10752=CARTESIAN_POINT('Ctrl Pts',(1.19443381377118,2.70313165932718,0.8));
#10753=CARTESIAN_POINT('Ctrl Pts',(1.15967174526053,2.7010601360949,0.8));
#10754=CARTESIAN_POINT('Ctrl Pts',(1.14188035950065,2.69999992102385,0.8));
#10755=CARTESIAN_POINT('',(0.948717948049307,2.69999992102385,0.8));
#10756=CARTESIAN_POINT('',(1.72435897402465,2.69999992102385,0.8));
#10757=CARTESIAN_POINT('',(0.930341873317957,2.70512815564871,0.8));
#10758=CARTESIAN_POINT('Ctrl Pts',(0.948717948049307,2.69999992102385,0.8));
#10759=CARTESIAN_POINT('Ctrl Pts',(0.944937310523737,2.70006144000663,0.8));
#10760=CARTESIAN_POINT('Ctrl Pts',(0.93831922550188,2.70016913027203,0.8));
#10761=CARTESIAN_POINT('Ctrl Pts',(0.932735743566707,2.70364003489907,0.8));
#10762=CARTESIAN_POINT('Ctrl Pts',(0.930341873317957,2.70512815564871,0.8));
#10763=CARTESIAN_POINT('',(0.924786310642958,2.71794866770506,0.8));
#10764=CARTESIAN_POINT('Ctrl Pts',(0.930341873317957,2.70512815564871,0.8));
#10765=CARTESIAN_POINT('Ctrl Pts',(0.92872149805703,2.70695062321573,0.8));
#10766=CARTESIAN_POINT('Ctrl Pts',(0.925464754299208,2.71061354625327,0.8));
#10767=CARTESIAN_POINT('Ctrl Pts',(0.925013197697293,2.71549563555706,0.8));
#10768=CARTESIAN_POINT('Ctrl Pts',(0.924786310642958,2.71794866770506,0.8));
#10769=CARTESIAN_POINT('',(0.930341873317957,2.73098286241293,0.8));
#10770=CARTESIAN_POINT('Ctrl Pts',(0.924786310642958,2.71794866770506,0.8));
#10771=CARTESIAN_POINT('Ctrl Pts',(0.924992867997021,2.72049918781577,0.8));
#10772=CARTESIAN_POINT('Ctrl Pts',(0.925395564047875,2.72547158098409,0.8));
#10773=CARTESIAN_POINT('Ctrl Pts',(0.928721789216336,2.72917773076125,0.8));
#10774=CARTESIAN_POINT('Ctrl Pts',(0.930341873317957,2.73098286241293,0.8));
#10775=CARTESIAN_POINT('',(0.948717948049307,2.73589733988047,0.8));
#10776=CARTESIAN_POINT('Ctrl Pts',(0.930341873317957,2.73098286241293,0.8));
#10777=CARTESIAN_POINT('Ctrl Pts',(0.932740873962385,2.73240858775881,0.8));
#10778=CARTESIAN_POINT('Ctrl Pts',(0.938362832532468,2.73574971600963,0.8));
#10779=CARTESIAN_POINT('Ctrl Pts',(0.94494469573628,2.73584354790575,0.8));
#10780=CARTESIAN_POINT('Ctrl Pts',(0.948717948049307,2.73589733988047,0.8));
#10781=CARTESIAN_POINT('',(1.73952992074192,2.73589733988047,0.8));
#10782=CARTESIAN_POINT('',(0.315781733942445,4.61721757046613,0.8));
#10783=CARTESIAN_POINT('Origin',(1.37411506727578,4.61721757046613,0.8));
#10784=CARTESIAN_POINT('',(2.29871800169349,3.1641024723649,0.8));
#10785=CARTESIAN_POINT('',(2.29871800169349,3.17606829106808,0.8));
#10786=CARTESIAN_POINT('',(2.29871800169349,3.08803414553404,0.8));
#10787=CARTESIAN_POINT('',(2.30363255366683,3.19444436579943,0.8));
#10788=CARTESIAN_POINT('Ctrl Pts',(2.29871800169349,3.17606829106808,0.8));
#10789=CARTESIAN_POINT('Ctrl Pts',(2.29877178663092,3.17984154702521,0.8));
#10790=CARTESIAN_POINT('Ctrl Pts',(2.29886560641341,3.18642342794019,0.8));
#10791=CARTESIAN_POINT('Ctrl Pts',(2.30220679799296,3.19204536764513,0.8));
#10792=CARTESIAN_POINT('Ctrl Pts',(2.30363255366683,3.19444436579943,0.8));
#10793=CARTESIAN_POINT('',(2.3166667483747,3.19999992847443,0.8));
#10794=CARTESIAN_POINT('Ctrl Pts',(2.30363255366683,3.19444436579943,0.8));
#10795=CARTESIAN_POINT('Ctrl Pts',(2.30543768780193,3.19606443154129,0.8));
#10796=CARTESIAN_POINT('Ctrl Pts',(2.30914385034832,3.19939062589904,0.8));
#10797=CARTESIAN_POINT('Ctrl Pts',(2.3141162301221,3.19979335418159,0.8));
#10798=CARTESIAN_POINT('Ctrl Pts',(2.3166667483747,3.19999992847443,0.8));
#10799=CARTESIAN_POINT('',(2.32970094308257,3.19444436579943,0.8));
#10800=CARTESIAN_POINT('Ctrl Pts',(2.3166667483747,3.19999992847443,0.8));
#10801=CARTESIAN_POINT('Ctrl Pts',(2.3192172666273,3.19979335418159,0.8));
#10802=CARTESIAN_POINT('Ctrl Pts',(2.32418964640108,3.19939062589904,0.8));
#10803=CARTESIAN_POINT('Ctrl Pts',(2.32789580894747,3.19606443154129,0.8));
#10804=CARTESIAN_POINT('Ctrl Pts',(2.32970094308257,3.19444436579943,0.8));
#10805=CARTESIAN_POINT('',(2.33461549505591,3.17606829106808,0.8));
#10806=CARTESIAN_POINT('Ctrl Pts',(2.32970094308257,3.19444436579943,0.8));
#10807=CARTESIAN_POINT('Ctrl Pts',(2.33112663014057,3.19204536174512,0.8));
#10808=CARTESIAN_POINT('Ctrl Pts',(2.33446767926881,3.18642337734165,0.8));
#10809=CARTESIAN_POINT('Ctrl Pts',(2.33456163306885,3.17984153839094,0.8));
#10810=CARTESIAN_POINT('Ctrl Pts',(2.33461549505591,3.17606829106808,0.8));
#10811=CARTESIAN_POINT('',(2.33461549505591,3.08461528271437,0.8));
#10812=CARTESIAN_POINT('',(2.33461549505591,3.04230764135718,0.8));
#10813=CARTESIAN_POINT('',(2.32970094308257,3.06623924523592,0.8));
#10814=CARTESIAN_POINT('Ctrl Pts',(2.33461549505591,3.08461528271437,0.8));
#10815=CARTESIAN_POINT('Ctrl Pts',(2.33456171264497,3.08084202561942,0.8));
#10816=CARTESIAN_POINT('Ctrl Pts',(2.33446789743139,3.07426015407418,0.8));
#10817=CARTESIAN_POINT('Ctrl Pts',(2.33112669856257,3.06863823081327,0.8));
#10818=CARTESIAN_POINT('Ctrl Pts',(2.32970094308257,3.06623924523592,0.8));
#10819=CARTESIAN_POINT('',(2.3166667483747,3.06068368256092,0.8));
#10820=CARTESIAN_POINT('Ctrl Pts',(2.32970094308257,3.06623924523592,0.8));
#10821=CARTESIAN_POINT('Ctrl Pts',(2.32789580894747,3.06461917949406,0.8));
#10822=CARTESIAN_POINT('Ctrl Pts',(2.32418964640108,3.0612929851363,0.8));
#10823=CARTESIAN_POINT('Ctrl Pts',(2.3192172666273,3.06089025685376,0.8));
#10824=CARTESIAN_POINT('Ctrl Pts',(2.3166667483747,3.06068368256092,0.8));
#10825=CARTESIAN_POINT('',(2.30405991896987,3.06581187993288,0.8));
#10826=CARTESIAN_POINT('Ctrl Pts',(2.3166667483747,3.06068368256092,0.8));
#10827=CARTESIAN_POINT('Ctrl Pts',(2.31423785109891,3.06087746541287,0.8));
#10828=CARTESIAN_POINT('Ctrl Pts',(2.3094869621962,3.06125650194522,0.8));
#10829=CARTESIAN_POINT('Ctrl Pts',(2.30584159036637,3.06431637191454,0.8));
#10830=CARTESIAN_POINT('Ctrl Pts',(2.30405991896987,3.06581187993288,0.8));
#10831=CARTESIAN_POINT('',(2.29871800169349,3.08247853070498,0.8));
#10832=CARTESIAN_POINT('Ctrl Pts',(2.30405991896987,3.06581187993288,0.8));
#10833=CARTESIAN_POINT('Ctrl Pts',(2.30260718991998,3.06799009536303,0.8));
#10834=CARTESIAN_POINT('Ctrl Pts',(2.29926359811576,3.07300346193723,0.8));
#10835=CARTESIAN_POINT('Ctrl Pts',(2.29891508965026,3.0790558140824,0.8));
#10836=CARTESIAN_POINT('Ctrl Pts',(2.29871800169349,3.08247853070498,0.8));
#10837=CARTESIAN_POINT('',(2.26175224408507,3.14700845628977,0.8));
#10838=CARTESIAN_POINT('Ctrl Pts',(2.29871800169349,3.08247853070498,0.8));
#10839=CARTESIAN_POINT('Ctrl Pts',(2.29630672021754,3.09440764344109,0.8));
#10840=CARTESIAN_POINT('Ctrl Pts',(2.29115492956457,3.11989462706583,0.8));
#10841=CARTESIAN_POINT('Ctrl Pts',(2.2719619841002,3.13759349494605,0.8));
#10842=CARTESIAN_POINT('Ctrl Pts',(2.26175224408507,3.14700845628977,0.8));
#10843=CARTESIAN_POINT('',(2.17051288112998,3.17564092576504,0.8));
#10844=CARTESIAN_POINT('Ctrl Pts',(2.26175224408507,3.14700845628977,0.8));
#10845=CARTESIAN_POINT('Ctrl Pts',(2.24873000645029,3.1553512482039,0.8));
#10846=CARTESIAN_POINT('Ctrl Pts',(2.22099566366232,3.17311945803421,0.8));
#10847=CARTESIAN_POINT('Ctrl Pts',(2.18801041133723,3.17476697517092,0.8));
#10848=CARTESIAN_POINT('Ctrl Pts',(2.17051288112998,3.17564092576504,0.8));
#10849=CARTESIAN_POINT('',(2.0760684274137,3.1450853869319,0.8));
#10850=CARTESIAN_POINT('Ctrl Pts',(2.17051288112998,3.17564092576504,0.8));
#10851=CARTESIAN_POINT('Ctrl Pts',(2.15218512543026,3.17474622470059,0.8));
#10852=CARTESIAN_POINT('Ctrl Pts',(2.11783382313102,3.17306930652053,0.8));
#10853=CARTESIAN_POINT('Ctrl Pts',(2.08935342536712,3.1539866868736,0.8));
#10854=CARTESIAN_POINT('Ctrl Pts',(2.0760684274137,3.1450853869319,0.8));
#10855=CARTESIAN_POINT('',(2.04102566465735,3.07307682931423,0.8));
#10856=CARTESIAN_POINT('Ctrl Pts',(2.0760684274137,3.1450853869319,0.8));
#10857=CARTESIAN_POINT('Ctrl Pts',(2.065850884352,3.1346876711935,0.8));
#10858=CARTESIAN_POINT('Ctrl Pts',(2.04606615976084,3.11455406950287,0.8));
#10859=CARTESIAN_POINT('Ctrl Pts',(2.04266860162558,3.08659623362804,0.8));
#10860=CARTESIAN_POINT('Ctrl Pts',(2.04102566465735,3.07307682931423,0.8));
#10861=CARTESIAN_POINT('',(2.05085476860404,3.03418792784214,0.8));
#10862=CARTESIAN_POINT('Ctrl Pts',(2.04102566465735,3.07307682931423,0.8));
#10863=CARTESIAN_POINT('Ctrl Pts',(2.0414080830895,3.066163477198,0.8));
#10864=CARTESIAN_POINT('Ctrl Pts',(2.04216073955011,3.05255697003914,0.8));
#10865=CARTESIAN_POINT('Ctrl Pts',(2.04798819457805,3.0402445235721,0.8));
#10866=CARTESIAN_POINT('Ctrl Pts',(2.05085476860404,3.03418792784214,0.8));
#10867=CARTESIAN_POINT('',(2.07692315801978,3.00576914101839,0.8));
#10868=CARTESIAN_POINT('Ctrl Pts',(2.05085476860404,3.03418792784214,0.8));
#10869=CARTESIAN_POINT('Ctrl Pts',(2.05437898835722,3.02863640139392,0.8));
#10870=CARTESIAN_POINT('Ctrl Pts',(2.06137839391423,3.0176105892162,0.8));
#10871=CARTESIAN_POINT('Ctrl Pts',(2.07176582617909,3.00969781291176,0.8));
#10872=CARTESIAN_POINT('Ctrl Pts',(2.07692315801978,3.00576914101839,0.8));
#10873=CARTESIAN_POINT('',(2.11367523297668,2.98824775964022,0.8));
#10874=CARTESIAN_POINT('Ctrl Pts',(2.07692315801978,3.00576914101839,0.8));
#10875=CARTESIAN_POINT('Ctrl Pts',(2.08259481206712,3.0022890147907,0.8));
#10876=CARTESIAN_POINT('Ctrl Pts',(2.09422498359348,2.99515274296882,0.8));
#10877=CARTESIAN_POINT('Ctrl Pts',(2.10708607497373,2.99058695978431,0.8));
#10878=CARTESIAN_POINT('Ctrl Pts',(2.11367523297668,2.98824775964022,0.8));
#10879=CARTESIAN_POINT('',(2.17777779325843,2.97435890883207,0.8));
#10880=CARTESIAN_POINT('Ctrl Pts',(2.11367523297668,2.98824775964022,0.8));
#10881=CARTESIAN_POINT('Ctrl Pts',(2.12240870290587,2.98586414477327,0.8));
#10882=CARTESIAN_POINT('Ctrl Pts',(2.14352380391416,2.98010122704543,0.8));
#10883=CARTESIAN_POINT('Ctrl Pts',(2.16511625188951,2.9764814820273,0.8));
#10884=CARTESIAN_POINT('Ctrl Pts',(2.17777779325843,2.97435890883207,0.8));
#10885=CARTESIAN_POINT('',(2.27863257750869,2.94999990612268,0.8));
#10886=CARTESIAN_POINT('Ctrl Pts',(2.17777779325843,2.97435890883207,0.8));
#10887=CARTESIAN_POINT('Ctrl Pts',(2.19853583693469,2.9710197831586,0.8));
#10888=CARTESIAN_POINT('Ctrl Pts',(2.2328159055508,2.96550551317297,0.8));
#10889=CARTESIAN_POINT('Ctrl Pts',(2.26567217902425,2.95438605722287,0.8));
#10890=CARTESIAN_POINT('Ctrl Pts',(2.27863257750869,2.94999990612268,0.8));
#10891=CARTESIAN_POINT('',(2.33482917770743,2.90384609252214,0.8));
#10892=CARTESIAN_POINT('Ctrl Pts',(2.27863257750869,2.94999990612268,0.8));
#10893=CARTESIAN_POINT('Ctrl Pts',(2.29013028799157,2.94411961688545,0.8));
#10894=CARTESIAN_POINT('Ctrl Pts',(2.31224778570228,2.93280803585926,0.8));
#10895=CARTESIAN_POINT('Ctrl Pts',(2.32750390382314,2.91324118061579,0.8));
#10896=CARTESIAN_POINT('Ctrl Pts',(2.33482917770743,2.90384609252214,0.8));
#10897=CARTESIAN_POINT('',(2.35384618863463,2.83418796956539,0.8));
#10898=CARTESIAN_POINT('Ctrl Pts',(2.33482917770743,2.90384609252214,0.8));
#10899=CARTESIAN_POINT('Ctrl Pts',(2.34037385095629,2.89334697307067,0.8));
#10900=CARTESIAN_POINT('Ctrl Pts',(2.35187629213749,2.87156651847495,0.8));
#10901=CARTESIAN_POINT('Ctrl Pts',(2.35317402107327,2.84694226813092,0.8));
#10902=CARTESIAN_POINT('Ctrl Pts',(2.35384618863463,2.83418796956539,0.8));
#10903=CARTESIAN_POINT('',(2.30470096692443,2.72927340120077,0.8));
#10904=CARTESIAN_POINT('Ctrl Pts',(2.35384618863463,2.83418796956539,0.8));
#10905=CARTESIAN_POINT('Ctrl Pts',(2.35165439193274,2.81430639302564,0.8));
#10906=CARTESIAN_POINT('Ctrl Pts',(2.34719012304316,2.77381144039355,0.8));
#10907=CARTESIAN_POINT('Ctrl Pts',(2.31903362784322,2.74429720190781,0.8));
#10908=CARTESIAN_POINT('Ctrl Pts',(2.30470096692443,2.72927340120077,0.8));
#10909=CARTESIAN_POINT('',(2.17222234234214,2.68589738756418,0.8));
#10910=CARTESIAN_POINT('Ctrl Pts',(2.30470096692443,2.72927340120077,0.8));
#10911=CARTESIAN_POINT('Ctrl Pts',(2.28608163118946,2.71663677323011,0.8));
#10912=CARTESIAN_POINT('Ctrl Pts',(2.24621845074203,2.68958230747408,0.8));
#10913=CARTESIAN_POINT('Ctrl Pts',(2.19794707418861,2.68717844921199,0.8));
#10914=CARTESIAN_POINT('Ctrl Pts',(2.17222234234214,2.68589738756418,0.8));
#10915=CARTESIAN_POINT('',(2.02264970168471,2.74444434791803,0.8));
#10916=CARTESIAN_POINT('Ctrl Pts',(2.17222234234214,2.68589738756418,0.8));
#10917=CARTESIAN_POINT('Ctrl Pts',(2.14301052059408,2.68791396025349,0.8));
#10918=CARTESIAN_POINT('Ctrl Pts',(2.0868740064336,2.69178921878084,0.8));
#10919=CARTESIAN_POINT('Ctrl Pts',(2.04346832113552,2.72737593277635,0.8));
#10920=CARTESIAN_POINT('Ctrl Pts',(2.02264970168471,2.74444434791803,0.8));
#10921=CARTESIAN_POINT('',(2.02264970168471,2.72393155843019,0.8));
#10922=CARTESIAN_POINT('',(2.02264970168471,2.8619657792151,0.8));
#10923=CARTESIAN_POINT('',(2.01773514971137,2.70555544644594,0.8));
#10924=CARTESIAN_POINT('Ctrl Pts',(2.02264970168471,2.72393155843019,0.8));
#10925=CARTESIAN_POINT('Ctrl Pts',(2.02259583717125,2.72015831224508,0.8));
#10926=CARTESIAN_POINT('Ctrl Pts',(2.02250187880221,2.71357646392442,0.8));
#10927=CARTESIAN_POINT('Ctrl Pts',(2.01916083696317,2.70795446307718,0.8));
#10928=CARTESIAN_POINT('Ctrl Pts',(2.01773514971137,2.70555544644594,0.8));
#10929=CARTESIAN_POINT('',(2.0047009550035,2.69999992102385,0.8));
#10930=CARTESIAN_POINT('Ctrl Pts',(2.01773514971137,2.70555544644594,0.8));
#10931=CARTESIAN_POINT('Ctrl Pts',(2.01592996547113,2.70393537739926,0.8));
#10932=CARTESIAN_POINT('Ctrl Pts',(2.01222377155042,2.70060924042215,0.8));
#10933=CARTESIAN_POINT('Ctrl Pts',(2.00725141475087,2.70020649851899,0.8));
#10934=CARTESIAN_POINT('Ctrl Pts',(2.0047009550035,2.69999992102385,0.8));
#10935=CARTESIAN_POINT('',(1.99188044294715,2.70555544644594,0.8));
#10936=CARTESIAN_POINT('Ctrl Pts',(2.0047009550035,2.69999992102385,0.8));
#10937=CARTESIAN_POINT('Ctrl Pts',(2.00224789497004,2.70022680102211,0.8));
#10938=CARTESIAN_POINT('Ctrl Pts',(1.99736580293629,2.70067833870036,0.8));
#10939=CARTESIAN_POINT('Ctrl Pts',(1.99370288705898,2.70393508674096,0.8));
#10940=CARTESIAN_POINT('Ctrl Pts',(1.99188044294715,2.70555544644594,0.8));
#10941=CARTESIAN_POINT('',(1.98675220832229,2.72393155843019,0.8));
#10942=CARTESIAN_POINT('Ctrl Pts',(1.99188044294715,2.70555544644594,0.8));
#10943=CARTESIAN_POINT('Ctrl Pts',(1.99039232200303,2.70794932928624,0.8));
#10944=CARTESIAN_POINT('Ctrl Pts',(1.98692142479829,2.71353282792033,0.8));
#10945=CARTESIAN_POINT('Ctrl Pts',(1.98681372986619,2.72015092210745,0.8));
#10946=CARTESIAN_POINT('Ctrl Pts',(1.98675220832229,2.72393155843019,0.8));
#10947=CARTESIAN_POINT('',(1.98675220832229,2.82307684421539,0.8));
#10948=CARTESIAN_POINT('',(1.98675220832229,2.9115384221077,0.8));
#10949=CARTESIAN_POINT('',(1.99166676029563,2.84188028424978,0.8));
#10950=CARTESIAN_POINT('Ctrl Pts',(1.98675220832229,2.82307684421539,0.8));
#10951=CARTESIAN_POINT('Ctrl Pts',(1.98679536271657,2.8269583100141,0.8));
#10952=CARTESIAN_POINT('Ctrl Pts',(1.98687010346184,2.83368076902157,0.8));
#10953=CARTESIAN_POINT('Ctrl Pts',(1.9902418282542,2.83944447272986,0.8));
#10954=CARTESIAN_POINT('Ctrl Pts',(1.99166676029563,2.84188028424978,0.8));
#10955=CARTESIAN_POINT('',(2.0047009550035,2.84743580967188,0.8));
#10956=CARTESIAN_POINT('Ctrl Pts',(1.99166676029563,2.84188028424978,0.8));
#10957=CARTESIAN_POINT('Ctrl Pts',(1.99347194453587,2.84350035329647,0.8));
#10958=CARTESIAN_POINT('Ctrl Pts',(1.99717813845658,2.84682649027358,0.8));
#10959=CARTESIAN_POINT('Ctrl Pts',(2.00215049525613,2.84722923217674,0.8));
#10960=CARTESIAN_POINT('Ctrl Pts',(2.0047009550035,2.84743580967188,0.8));
#10961=CARTESIAN_POINT('',(2.01730778440833,2.84230761229992,0.8));
#10962=CARTESIAN_POINT('Ctrl Pts',(2.0047009550035,2.84743580967188,0.8));
#10963=CARTESIAN_POINT('Ctrl Pts',(2.00712985227929,2.84724202681993,0.8));
#10964=CARTESIAN_POINT('Ctrl Pts',(2.011880741182,2.84686299028758,0.8));
#10965=CARTESIAN_POINT('Ctrl Pts',(2.01552611301183,2.84380312031826,0.8));
#10966=CARTESIAN_POINT('Ctrl Pts',(2.01730778440833,2.84230761229992,0.8));
#10967=CARTESIAN_POINT('',(2.02264970168471,2.82564096152782,0.8));
#10968=CARTESIAN_POINT('Ctrl Pts',(2.01730778440833,2.84230761229992,0.8));
#10969=CARTESIAN_POINT('Ctrl Pts',(2.01876051345822,2.84012939686977,0.8));
#10970=CARTESIAN_POINT('Ctrl Pts',(2.02210410526245,2.83511603029557,0.8));
#10971=CARTESIAN_POINT('Ctrl Pts',(2.02245261372794,2.8290636781504,0.8));
#10972=CARTESIAN_POINT('Ctrl Pts',(2.02264970168471,2.82564096152782,0.8));
#10973=CARTESIAN_POINT('',(2.06474369391799,2.7540597692132,0.8));
#10974=CARTESIAN_POINT('Ctrl Pts',(2.02264970168471,2.82564096152782,0.8));
#10975=CARTESIAN_POINT('Ctrl Pts',(2.02538538156732,2.8124844475151,0.8));
#10976=CARTESIAN_POINT('Ctrl Pts',(2.03130192977153,2.78403040585229,0.8));
#10977=CARTESIAN_POINT('Ctrl Pts',(2.05305094049835,2.76453885944647,0.8));
#10978=CARTESIAN_POINT('Ctrl Pts',(2.06474369391799,2.7540597692132,0.8));
#10979=CARTESIAN_POINT('',(2.17222234234214,2.7217948064208,0.8));
#10980=CARTESIAN_POINT('Ctrl Pts',(2.06474369391799,2.7540597692132,0.8));
#10981=CARTESIAN_POINT('Ctrl Pts',(2.07994154012335,2.74466287935437,0.8));
#10982=CARTESIAN_POINT('Ctrl Pts',(2.11276864609945,2.7243657467822,0.8));
#10983=CARTESIAN_POINT('Ctrl Pts',(2.15144944996515,2.72269308307659,0.8));
#10984=CARTESIAN_POINT('Ctrl Pts',(2.17222234234214,2.7217948064208,0.8));
#10985=CARTESIAN_POINT('',(2.27884626016021,2.75555547326803,0.8));
#10986=CARTESIAN_POINT('Ctrl Pts',(2.17222234234214,2.7217948064208,0.8));
#10987=CARTESIAN_POINT('Ctrl Pts',(2.19297994498868,2.722741386712,0.8));
#10988=CARTESIAN_POINT('Ctrl Pts',(2.23166640390977,2.72450555187955,0.8));
#10989=CARTESIAN_POINT('Ctrl Pts',(2.26390541140144,2.74572262899283,0.8));
#10990=CARTESIAN_POINT('Ctrl Pts',(2.27884626016021,2.75555547326803,0.8));
#10991=CARTESIAN_POINT('',(2.31794869527221,2.83547002822161,0.8));
#10992=CARTESIAN_POINT('Ctrl Pts',(2.27884626016021,2.75555547326803,0.8));
#10993=CARTESIAN_POINT('Ctrl Pts',(2.29024761515218,2.76706114151805,0.8));
#10994=CARTESIAN_POINT('Ctrl Pts',(2.31233598784579,2.78935160511421,0.8));
#10995=CARTESIAN_POINT('Ctrl Pts',(2.31611856898242,2.82043226976391,0.8));
#10996=CARTESIAN_POINT('Ctrl Pts',(2.31794869527221,2.83547002822161,0.8));
#10997=CARTESIAN_POINT('',(2.30299150571227,2.88568366318941,0.8));
#10998=CARTESIAN_POINT('Ctrl Pts',(2.31794869527221,2.83547002822161,0.8));
#10999=CARTESIAN_POINT('Ctrl Pts',(2.31736518406576,2.84455454714485,0.8));
#11000=CARTESIAN_POINT('Ctrl Pts',(2.31621604074031,2.86244523059735,0.8));
#11001=CARTESIAN_POINT('Ctrl Pts',(2.30735372223159,2.87801828407996,0.8));
#11002=CARTESIAN_POINT('Ctrl Pts',(2.30299150571227,2.88568366318941,0.8));
#11003=CARTESIAN_POINT('',(2.25854700431228,2.92051274329424,0.8));
#11004=CARTESIAN_POINT('Ctrl Pts',(2.30299150571227,2.88568366318941,0.8));
#11005=CARTESIAN_POINT('Ctrl Pts',(2.29717489000624,2.8927319456962,0.8));
#11006=CARTESIAN_POINT('Ctrl Pts',(2.28492869344471,2.90757127106366,0.8));
#11007=CARTESIAN_POINT('Ctrl Pts',(2.26762952867493,2.91605733347447,0.8));
#11008=CARTESIAN_POINT('Ctrl Pts',(2.25854700431228,2.92051274329424,0.8));
#11009=CARTESIAN_POINT('',(2.17307692393661,2.94059820473194,0.8));
#11010=CARTESIAN_POINT('Ctrl Pts',(2.25854700431228,2.92051274329424,0.8));
#11011=CARTESIAN_POINT('Ctrl Pts',(2.24805452433292,2.92387909748708,0.8));
#11012=CARTESIAN_POINT('Ctrl Pts',(2.22012609628391,2.93283951304636,0.8));
#11013=CARTESIAN_POINT('Ctrl Pts',(2.19116042901165,2.93761612590946,0.8));
#11014=CARTESIAN_POINT('Ctrl Pts',(2.17307692393661,2.94059820473194,0.8));
#11015=CARTESIAN_POINT('',(2.04444458708167,2.98632469028234,0.8));
#11016=CARTESIAN_POINT('Ctrl Pts',(2.17307692393661,2.94059820473194,0.8));
#11017=CARTESIAN_POINT('Ctrl Pts',(2.14684246659419,2.9452277505516,0.8));
#11018=CARTESIAN_POINT('Ctrl Pts',(2.101259893208,2.95327162236928,0.8));
#11019=CARTESIAN_POINT('Ctrl Pts',(2.06137447255871,2.97647550187546,0.8));
#11020=CARTESIAN_POINT('Ctrl Pts',(2.04444458708167,2.98632469028234,0.8));
#11021=CARTESIAN_POINT('',(2.00512832030654,3.07393152266741,0.8));
#11022=CARTESIAN_POINT('Ctrl Pts',(2.04444458708167,2.98632469028234,0.8));
#11023=CARTESIAN_POINT('Ctrl Pts',(2.0329818706369,2.99800222757018,0.8));
#11024=CARTESIAN_POINT('Ctrl Pts',(2.0091559205151,3.02227469582028,0.8));
#11025=CARTESIAN_POINT('Ctrl Pts',(2.00650426077574,3.05628411108512,0.8));
#11026=CARTESIAN_POINT('Ctrl Pts',(2.00512832030654,3.07393152266741,0.8));
#11027=CARTESIAN_POINT('',(2.05021372064948,3.17094009369612,0.8));
#11028=CARTESIAN_POINT('Ctrl Pts',(2.00512832030654,3.07393152266741,0.8));
#11029=CARTESIAN_POINT('Ctrl Pts',(2.00715812079182,3.09221037022616,0.8));
#11030=CARTESIAN_POINT('Ctrl Pts',(2.01130382215189,3.12954342031375,0.8));
#11031=CARTESIAN_POINT('Ctrl Pts',(2.03706541049163,3.15695146041381,0.8));
#11032=CARTESIAN_POINT('Ctrl Pts',(2.05021372064948,3.17094009369612,0.8));
#11033=CARTESIAN_POINT('',(2.16923078522086,3.21153838187456,0.8));
#11034=CARTESIAN_POINT('Ctrl Pts',(2.05021372064948,3.17094009369612,0.8));
#11035=CARTESIAN_POINT('Ctrl Pts',(2.06705277123798,3.18277174224155,0.8));
#11036=CARTESIAN_POINT('Ctrl Pts',(2.10267094147273,3.2077981930996,0.8));
#11037=CARTESIAN_POINT('Ctrl Pts',(2.14625288922427,3.21024718790776,0.8));
#11038=CARTESIAN_POINT('Ctrl Pts',(2.16923078522086,3.21153838187456,0.8));
#11039=CARTESIAN_POINT('Ctrl Pts',(2.16923078522086,3.21153838187456,0.8));
#11040=CARTESIAN_POINT('Ctrl Pts',(2.19332078309874,3.20965616770187,0.8));
#11041=CARTESIAN_POINT('Ctrl Pts',(2.24094279044137,3.20593533644207,0.8));
#11042=CARTESIAN_POINT('Ctrl Pts',(2.27961062196968,3.17793740955568,0.8));
#11043=CARTESIAN_POINT('Ctrl Pts',(2.29871800169349,3.1641024723649,0.8));
#11044=CARTESIAN_POINT('',(2.76923066005111,2.97820504754782,0.8));
#11045=CARTESIAN_POINT('',(2.83696567639709,2.92072642594576,0.8));
#11046=CARTESIAN_POINT('Ctrl Pts',(2.76923066005111,2.97820504754782,0.8));
#11047=CARTESIAN_POINT('Ctrl Pts',(2.78308862754124,2.97063804899566,0.8));
#11048=CARTESIAN_POINT('Ctrl Pts',(2.80966118957745,2.95612837875736,0.8));
#11049=CARTESIAN_POINT('Ctrl Pts',(2.82812906134521,2.93218364289135,0.8));
#11050=CARTESIAN_POINT('Ctrl Pts',(2.83696567639709,2.92072642594576,0.8));
#11051=CARTESIAN_POINT('',(2.85982912406325,2.84401703625917,0.8));
#11052=CARTESIAN_POINT('Ctrl Pts',(2.83696567639709,2.92072642594576,0.8));
#11053=CARTESIAN_POINT('Ctrl Pts',(2.84363407626864,2.90866927653059,0.8));
#11054=CARTESIAN_POINT('Ctrl Pts',(2.8568567517333,2.8847613260752,0.8));
#11055=CARTESIAN_POINT('Ctrl Pts',(2.85884405071403,2.85752009360708,0.8));
#11056=CARTESIAN_POINT('Ctrl Pts',(2.85982912406325,2.84401703625917,0.8));
#11057=CARTESIAN_POINT('',(2.81196570023894,2.73376058787107,0.8));
#11058=CARTESIAN_POINT('Ctrl Pts',(2.85982912406325,2.84401703625917,0.8));
#11059=CARTESIAN_POINT('Ctrl Pts',(2.85772955605627,2.8234027733395,0.8));
#11060=CARTESIAN_POINT('Ctrl Pts',(2.85347313572187,2.78161181082801,0.8));
#11061=CARTESIAN_POINT('Ctrl Pts',(2.82592509562838,2.7498534669746,0.8));
#11062=CARTESIAN_POINT('Ctrl Pts',(2.81196570023894,2.73376058787107,0.8));
#11063=CARTESIAN_POINT('',(2.69572651013732,2.68717940896749,0.8));
#11064=CARTESIAN_POINT('Ctrl Pts',(2.81196570023894,2.73376058787107,0.8));
#11065=CARTESIAN_POINT('Ctrl Pts',(2.79508263300946,2.72017459578256,0.8));
#11066=CARTESIAN_POINT('Ctrl Pts',(2.76109313101375,2.69282286526289,0.8));
#11067=CARTESIAN_POINT('Ctrl Pts',(2.71761063452712,2.68906878458308,0.8));
#11068=CARTESIAN_POINT('Ctrl Pts',(2.69572651013732,2.68717940896749,0.8));
#11069=CARTESIAN_POINT('',(2.57948717102408,2.73376058787107,0.8));
#11070=CARTESIAN_POINT('Ctrl Pts',(2.69572651013732,2.68717940896749,0.8));
#11071=CARTESIAN_POINT('Ctrl Pts',(2.67384238685076,2.68906875831394,0.8));
#11072=CARTESIAN_POINT('Ctrl Pts',(2.63035983173597,2.69282279204935,0.8));
#11073=CARTESIAN_POINT('Ctrl Pts',(2.59637028460176,2.72017455862066,0.8));
#11074=CARTESIAN_POINT('Ctrl Pts',(2.57948717102408,2.73376058787107,0.8));
#11075=CARTESIAN_POINT('',(2.53162389621139,2.84401703625917,0.8));
#11076=CARTESIAN_POINT('Ctrl Pts',(2.57948717102408,2.73376058787107,0.8));
#11077=CARTESIAN_POINT('Ctrl Pts',(2.5655278378143,2.74985347467383,0.8));
#11078=CARTESIAN_POINT('Ctrl Pts',(2.53797990166988,2.78161185534712,0.8));
#11079=CARTESIAN_POINT('Ctrl Pts',(2.5337234708562,2.82340277838862,0.8));
#11080=CARTESIAN_POINT('Ctrl Pts',(2.53162389621139,2.84401703625917,0.8));
#11081=CARTESIAN_POINT('',(2.55448719486594,2.92029906064272,0.8));
#11082=CARTESIAN_POINT('Ctrl Pts',(2.53162389621139,2.84401703625917,0.8));
#11083=CARTESIAN_POINT('Ctrl Pts',(2.53261933474598,2.85741130539301,0.8));
#11084=CARTESIAN_POINT('Ctrl Pts',(2.53463319156004,2.88450905098686,0.8));
#11085=CARTESIAN_POINT('Ctrl Pts',(2.54781904001067,2.90827864727923,0.8));
#11086=CARTESIAN_POINT('Ctrl Pts',(2.55448719486594,2.92029906064272,0.8));
#11087=CARTESIAN_POINT('',(2.62264957651496,2.97820504754782,0.8));
#11088=CARTESIAN_POINT('Ctrl Pts',(2.55448719486594,2.92029906064272,0.8));
#11089=CARTESIAN_POINT('Ctrl Pts',(2.56336346749571,2.93178581951214,0.8));
#11090=CARTESIAN_POINT('Ctrl Pts',(2.58197167614952,2.95586664878739,0.8));
#11091=CARTESIAN_POINT('Ctrl Pts',(2.60868088551325,2.9705340963199,0.8));
#11092=CARTESIAN_POINT('Ctrl Pts',(2.62264957651496,2.97820504754782,0.8));
#11093=CARTESIAN_POINT('',(2.56538456305861,3.02521359175444,0.8));
#11094=CARTESIAN_POINT('Ctrl Pts',(2.62264957651496,2.97820504754782,0.8));
#11095=CARTESIAN_POINT('Ctrl Pts',(2.61083478879383,2.98531306994388,0.8));
#11096=CARTESIAN_POINT('Ctrl Pts',(2.58941353574745,2.9982005419831,0.8));
#11097=CARTESIAN_POINT('Ctrl Pts',(2.57282415272395,3.01685010453796,0.8));
#11098=CARTESIAN_POINT('Ctrl Pts',(2.56538456305861,3.02521359175444,0.8));
#11099=CARTESIAN_POINT('',(2.54059826955199,3.1017093360424,0.8));
#11100=CARTESIAN_POINT('Ctrl Pts',(2.56538456305861,3.02521359175444,0.8));
#11101=CARTESIAN_POINT('Ctrl Pts',(2.55815530532016,3.03702365585005,0.8));
#11102=CARTESIAN_POINT('Ctrl Pts',(2.54376039377546,3.06053987759012,0.8));
#11103=CARTESIAN_POINT('Ctrl Pts',(2.54164920152473,3.0880266666941,0.8));
#11104=CARTESIAN_POINT('Ctrl Pts',(2.54059826955199,3.1017093360424,0.8));
#11105=CARTESIAN_POINT('',(2.58611103519797,3.20491444319487,0.8));
#11106=CARTESIAN_POINT('Ctrl Pts',(2.54059826955199,3.1017093360424,0.8));
#11107=CARTESIAN_POINT('Ctrl Pts',(2.54264679545244,3.12089892212517,0.8));
#11108=CARTESIAN_POINT('Ctrl Pts',(2.54683038884218,3.16008877345681,0.8));
#11109=CARTESIAN_POINT('Ctrl Pts',(2.57283815466234,3.18976790629795,0.8));
#11110=CARTESIAN_POINT('Ctrl Pts',(2.58611103519797,3.20491444319487,0.8));
#11111=CARTESIAN_POINT('',(2.69572651013732,3.24914522469044,0.8));
#11112=CARTESIAN_POINT('Ctrl Pts',(2.58611103519797,3.20491444319487,0.8));
#11113=CARTESIAN_POINT('Ctrl Pts',(2.60208628141953,3.21781505440082,0.8));
#11114=CARTESIAN_POINT('Ctrl Pts',(2.63412638040518,3.24368863746061,0.8));
#11115=CARTESIAN_POINT('Ctrl Pts',(2.67515488542093,3.2473229742307,0.8));
#11116=CARTESIAN_POINT('Ctrl Pts',(2.69572651013732,3.24914522469044,0.8));
#11117=CARTESIAN_POINT('',(2.80555551871657,3.20491444319487,0.8));
#11118=CARTESIAN_POINT('Ctrl Pts',(2.69572651013732,3.24914522469044,0.8));
#11119=CARTESIAN_POINT('Ctrl Pts',(2.71639451110446,3.24734192303111,0.8));
#11120=CARTESIAN_POINT('Ctrl Pts',(2.75751111592804,3.24375446230753,0.8));
#11121=CARTESIAN_POINT('Ctrl Pts',(2.78959778899868,3.21781497876747,0.8));
#11122=CARTESIAN_POINT('Ctrl Pts',(2.80555551871657,3.20491444319487,0.8));
#11123=CARTESIAN_POINT('',(2.85085475072265,3.1017093360424,0.8));
#11124=CARTESIAN_POINT('Ctrl Pts',(2.80555551871657,3.20491444319487,0.8));
#11125=CARTESIAN_POINT('Ctrl Pts',(2.81876621745997,3.1897605551966,0.8));
#11126=CARTESIAN_POINT('Ctrl Pts',(2.84466975906879,3.16004680758014,0.8));
#11127=CARTESIAN_POINT('Ctrl Pts',(2.84882074861971,3.12089425114472,0.8));
#11128=CARTESIAN_POINT('Ctrl Pts',(2.85085475072265,3.1017093360424,0.8));
#11129=CARTESIAN_POINT('',(2.82606830820441,3.02564095705748,0.8));
#11130=CARTESIAN_POINT('Ctrl Pts',(2.85085475072265,3.1017093360424,0.8));
#11131=CARTESIAN_POINT('Ctrl Pts',(2.84981287659219,3.08805710965861,0.8));
#11132=CARTESIAN_POINT('Ctrl Pts',(2.84772448141854,3.0606917659421,0.8));
#11133=CARTESIAN_POINT('Ctrl Pts',(2.83329773298513,3.03734187872213,0.8));
#11134=CARTESIAN_POINT('Ctrl Pts',(2.82606830820441,3.02564095705748,0.8));
#11135=CARTESIAN_POINT('Ctrl Pts',(2.82606830820441,3.02564095705748,0.8));
#11136=CARTESIAN_POINT('Ctrl Pts',(2.81875518288025,3.0171543052158,0.8));
#11137=CARTESIAN_POINT('Ctrl Pts',(2.80245643274994,2.99824011850643,0.8));
#11138=CARTESIAN_POINT('Ctrl Pts',(2.78103851878269,2.98532516149372,0.8));
#11139=CARTESIAN_POINT('Ctrl Pts',(2.76923066005111,2.97820504754782,0.8));
#11140=CARTESIAN_POINT('',(3.8931623660028,3.00341870635748,0.8));
#11141=CARTESIAN_POINT('',(3.82713681086898,2.92948711663485,0.8));
#11142=CARTESIAN_POINT('Ctrl Pts',(3.8931623660028,3.00341870635748,0.8));
#11143=CARTESIAN_POINT('Ctrl Pts',(3.88386048107747,2.98831554343026,0.8));
#11144=CARTESIAN_POINT('Ctrl Pts',(3.86623740158885,2.95970153208391,0.8));
#11145=CARTESIAN_POINT('Ctrl Pts',(3.83967767527199,2.93917788805765,0.8));
#11146=CARTESIAN_POINT('Ctrl Pts',(3.82713681086898,2.92948711663485,0.8));
#11147=CARTESIAN_POINT('',(3.74871795997024,2.90470074862242,0.8));
#11148=CARTESIAN_POINT('Ctrl Pts',(3.82713681086898,2.92948711663485,0.8));
#11149=CARTESIAN_POINT('Ctrl Pts',(3.81454732027753,2.92226015413511,0.8));
#11150=CARTESIAN_POINT('Ctrl Pts',(3.79018546054444,2.90827529545984,0.8));
#11151=CARTESIAN_POINT('Ctrl Pts',(3.76222788502864,2.90586531989444,0.8));
#11152=CARTESIAN_POINT('Ctrl Pts',(3.74871795997024,2.90470074862242,0.8));
#11153=CARTESIAN_POINT('',(3.67670929059386,2.92606826871634,0.8));
#11154=CARTESIAN_POINT('Ctrl Pts',(3.74871795997024,2.90470074862242,0.8));
#11155=CARTESIAN_POINT('Ctrl Pts',(3.73628486976947,2.90567672758878,0.8));
#11156=CARTESIAN_POINT('Ctrl Pts',(3.71078209869918,2.90767865693592,0.8));
#11157=CARTESIAN_POINT('Ctrl Pts',(3.68825433649761,2.91983723218126,0.8));
#11158=CARTESIAN_POINT('Ctrl Pts',(3.67670929059386,2.92606826871634,0.8));
#11159=CARTESIAN_POINT('',(3.62136757001281,2.98867512494326,0.8));
#11160=CARTESIAN_POINT('Ctrl Pts',(3.67670929059386,2.92606826871634,0.8));
#11161=CARTESIAN_POINT('Ctrl Pts',(3.66559548014621,2.93422490102014,0.8));
#11162=CARTESIAN_POINT('Ctrl Pts',(3.64264010175196,2.95107228039904,0.8));
#11163=CARTESIAN_POINT('Ctrl Pts',(3.62860671472159,2.97587869636317,0.8));
#11164=CARTESIAN_POINT('Ctrl Pts',(3.62136757001281,2.98867512494326,0.8));
#11165=CARTESIAN_POINT('',(3.60085463151336,3.07521358132362,0.8));
#11166=CARTESIAN_POINT('Ctrl Pts',(3.62136757001281,2.98867512494326,0.8));
#11167=CARTESIAN_POINT('Ctrl Pts',(3.61538473652885,3.00255776335415,0.8));
#11168=CARTESIAN_POINT('Ctrl Pts',(3.60347065826423,3.03020333313145,0.8));
#11169=CARTESIAN_POINT('Ctrl Pts',(3.6017241195564,3.0602535383483,0.8));
#11170=CARTESIAN_POINT('Ctrl Pts',(3.60085463151336,3.07521358132362,0.8));
#11171=CARTESIAN_POINT('',(3.64166652783751,3.19508537650108,0.8));
#11172=CARTESIAN_POINT('Ctrl Pts',(3.60085463151336,3.07521358132362,0.8));
#11173=CARTESIAN_POINT('Ctrl Pts',(3.6026075725108,3.09673028593033,0.8));
#11174=CARTESIAN_POINT('Ctrl Pts',(3.60614097874179,3.14010154499633,0.8));
#11175=CARTESIAN_POINT('Ctrl Pts',(3.62976334096339,3.17666249949802,0.8));
#11176=CARTESIAN_POINT('Ctrl Pts',(3.64166652783751,3.19508537650108,0.8));
#11177=CARTESIAN_POINT('',(3.75085448846221,3.24914522469044,0.8));
#11178=CARTESIAN_POINT('Ctrl Pts',(3.64166652783751,3.19508537650108,0.8));
#11179=CARTESIAN_POINT('Ctrl Pts',(3.65645031294913,3.21085279780299,0.8));
#11180=CARTESIAN_POINT('Ctrl Pts',(3.68609995200135,3.24247516966893,0.8));
#11181=CARTESIAN_POINT('Ctrl Pts',(3.72922984912206,3.24691777404215,0.8));
#11182=CARTESIAN_POINT('Ctrl Pts',(3.75085448846221,3.24914522469044,0.8));
#11183=CARTESIAN_POINT('',(3.8397434912622,3.21880333125591,0.8));
#11184=CARTESIAN_POINT('Ctrl Pts',(3.75085448846221,3.24914522469044,0.8));
#11185=CARTESIAN_POINT('Ctrl Pts',(3.76679612296169,3.24783675099937,0.8));
#11186=CARTESIAN_POINT('Ctrl Pts',(3.79896449187179,3.24519640289674,0.8));
#11187=CARTESIAN_POINT('Ctrl Pts',(3.82607041387969,3.22765284979001,0.8));
#11188=CARTESIAN_POINT('Ctrl Pts',(3.8397434912622,3.21880333125591,0.8));
#11189=CARTESIAN_POINT('',(3.9021367393434,3.13076913356781,0.8));
#11190=CARTESIAN_POINT('Ctrl Pts',(3.8397434912622,3.21880333125591,0.8));
#11191=CARTESIAN_POINT('Ctrl Pts',(3.85256196002803,3.2070756636779,0.8));
#11192=CARTESIAN_POINT('Ctrl Pts',(3.87966875403835,3.1822755510384,0.8));
#11193=CARTESIAN_POINT('Ctrl Pts',(3.89438148009048,3.14854756876129,0.8));
#11194=CARTESIAN_POINT('Ctrl Pts',(3.9021367393434,3.13076913356781,0.8));
#11195=CARTESIAN_POINT('',(3.93076932057738,2.95897427946329,0.8));
#11196=CARTESIAN_POINT('Ctrl Pts',(3.9021367393434,3.13076913356781,0.8));
#11197=CARTESIAN_POINT('Ctrl Pts',(3.91048146436445,3.10433479552051,0.8));
#11198=CARTESIAN_POINT('Ctrl Pts',(3.92811976391398,3.04846036326586,0.8));
#11199=CARTESIAN_POINT('Ctrl Pts',(3.92985501909775,2.98985388281628,0.8));
#11200=CARTESIAN_POINT('Ctrl Pts',(3.93076932057738,2.95897427946329,0.8));
#11201=CARTESIAN_POINT('',(3.90641009435058,2.83247854560614,0.8));
#11202=CARTESIAN_POINT('Ctrl Pts',(3.93076932057738,2.95897427946329,0.8));
#11203=CARTESIAN_POINT('Ctrl Pts',(3.93011562204217,2.9354772271904,0.8));
#11204=CARTESIAN_POINT('Ctrl Pts',(3.92890378865442,2.89191813852174,0.8));
#11205=CARTESIAN_POINT('Ctrl Pts',(3.91350316781229,2.85122199403172,0.8));
#11206=CARTESIAN_POINT('Ctrl Pts',(3.90641009435058,2.83247854560614,0.8));
#11207=CARTESIAN_POINT('',(3.85876065120101,2.76623923331499,0.8));
#11208=CARTESIAN_POINT('Ctrl Pts',(3.90641009435058,2.83247854560614,0.8));
#11209=CARTESIAN_POINT('Ctrl Pts',(3.90015452747987,2.82095950158974,0.8));
#11210=CARTESIAN_POINT('Ctrl Pts',(3.88707636545669,2.79687728376488,0.8));
#11211=CARTESIAN_POINT('Ctrl Pts',(3.86846815394145,2.77674290473993,0.8));
#11212=CARTESIAN_POINT('Ctrl Pts',(3.85876065120101,2.76623923331499,0.8));
#11213=CARTESIAN_POINT('',(3.78803407773376,2.71410245448351,0.8));
#11214=CARTESIAN_POINT('Ctrl Pts',(3.85876065120101,2.76623923331499,0.8));
#11215=CARTESIAN_POINT('Ctrl Pts',(3.84798867770122,2.75606812243684,0.8));
#11216=CARTESIAN_POINT('Ctrl Pts',(3.8265339612034,2.73581015388884,0.8));
#11217=CARTESIAN_POINT('Ctrl Pts',(3.80083174024387,2.72131826361913,0.8));
#11218=CARTESIAN_POINT('Ctrl Pts',(3.78803407773376,2.71410245448351,0.8));
#11219=CARTESIAN_POINT('',(3.6760682426393,2.68717940896749,0.8));
#11220=CARTESIAN_POINT('Ctrl Pts',(3.78803407773376,2.71410245448351,0.8));
#11221=CARTESIAN_POINT('Ctrl Pts',(3.76999760814242,2.70625009903214,0.8));
#11222=CARTESIAN_POINT('Ctrl Pts',(3.73425220858392,2.69068798574477,0.8));
#11223=CARTESIAN_POINT('Ctrl Pts',(3.69534405784956,2.6883417683308,0.8));
#11224=CARTESIAN_POINT('Ctrl Pts',(3.6760682426393,2.68717940896749,0.8));
#11225=CARTESIAN_POINT('',(3.61324792727828,2.7017093077302,0.8));
#11226=CARTESIAN_POINT('Ctrl Pts',(3.6760682426393,2.68717940896749,0.8));
#11227=CARTESIAN_POINT('Ctrl Pts',(3.66422313446316,2.68756671840035,0.8));
#11228=CARTESIAN_POINT('Ctrl Pts',(3.64228175727124,2.68828415400582,0.8));
#11229=CARTESIAN_POINT('Ctrl Pts',(3.62239758066626,2.69747853613416,0.8));
#11230=CARTESIAN_POINT('Ctrl Pts',(3.61324792727828,2.7017093077302,0.8));
#11231=CARTESIAN_POINT('',(3.60213672742248,2.71880332380533,0.8));
#11232=CARTESIAN_POINT('Ctrl Pts',(3.61324792727828,2.7017093077302,0.8));
#11233=CARTESIAN_POINT('Ctrl Pts',(3.61001232366535,2.70398876286483,0.8));
#11234=CARTESIAN_POINT('Ctrl Pts',(3.60397980499444,2.70823862079063,0.8));
#11235=CARTESIAN_POINT('Ctrl Pts',(3.60272056230615,2.71545672448173,0.8));
#11236=CARTESIAN_POINT('Ctrl Pts',(3.60213672742248,2.71880332380533,0.8));
#11237=CARTESIAN_POINT('',(3.60726481303573,2.73098278790712,0.8));
#11238=CARTESIAN_POINT('Ctrl Pts',(3.60213672742248,2.71880332380533,0.8));
#11239=CARTESIAN_POINT('Ctrl Pts',(3.60234492387086,2.7211217416499,0.8));
#11240=CARTESIAN_POINT('Ctrl Pts',(3.60275867427854,2.72572915131417,0.8));
#11241=CARTESIAN_POINT('Ctrl Pts',(3.60576917581425,2.72923904789823,0.8));
#11242=CARTESIAN_POINT('Ctrl Pts',(3.60726481303573,2.73098278790712,0.8));
#11243=CARTESIAN_POINT('',(3.61965810880065,2.73589733988047,0.8));
#11244=CARTESIAN_POINT('Ctrl Pts',(3.60726481303573,2.73098278790712,0.8));
#11245=CARTESIAN_POINT('Ctrl Pts',(3.6090708961408,2.73241620151551,0.8));
#11246=CARTESIAN_POINT('Ctrl Pts',(3.61270580528629,2.73530107886127,0.8));
#11247=CARTESIAN_POINT('Ctrl Pts',(3.61733102791636,2.73569775889023,0.8));
#11248=CARTESIAN_POINT('Ctrl Pts',(3.61965810880065,2.73589733988047,0.8));
#11249=CARTESIAN_POINT('',(3.63461529836059,2.73119647055864,0.8));
#11250=CARTESIAN_POINT('Ctrl Pts',(3.61965810880065,2.73589733988047,0.8));
#11251=CARTESIAN_POINT('Ctrl Pts',(3.62178394339767,2.73558994932747,0.8));
#11252=CARTESIAN_POINT('Ctrl Pts',(3.62700797530752,2.73483456691914,0.8));
#11253=CARTESIAN_POINT('Ctrl Pts',(3.63178324612912,2.73255086011777,0.8));
#11254=CARTESIAN_POINT('Ctrl Pts',(3.63461529836059,2.73119647055864,0.8));
#11255=CARTESIAN_POINT('',(3.67307698354125,2.72307682782412,0.8));
#11256=CARTESIAN_POINT('Ctrl Pts',(3.63461529836059,2.73119647055864,0.8));
#11257=CARTESIAN_POINT('Ctrl Pts',(3.64052533624096,2.72882938371319,0.8));
#11258=CARTESIAN_POINT('Ctrl Pts',(3.65286285027585,2.72388796577836,0.8));
#11259=CARTESIAN_POINT('Ctrl Pts',(3.66615313981758,2.72335466276068,0.8));
#11260=CARTESIAN_POINT('Ctrl Pts',(3.67307698354125,2.72307682782412,0.8));
#11261=CARTESIAN_POINT('',(3.82948702201247,2.78867516666651,0.8));
#11262=CARTESIAN_POINT('Ctrl Pts',(3.67307698354125,2.72307682782412,0.8));
#11263=CARTESIAN_POINT('Ctrl Pts',(3.70240304859595,2.72586302255695,0.8));
#11264=CARTESIAN_POINT('Ctrl Pts',(3.76134251546328,2.73146271115602,0.8));
#11265=CARTESIAN_POINT('Ctrl Pts',(3.80669848129271,2.76954246708291,0.8));
#11266=CARTESIAN_POINT('Ctrl Pts',(3.82948702201247,2.78867516666651,0.8));
#11267=CARTESIAN_POINT('',(3.89487182721496,2.95299138873816,0.8));
#11268=CARTESIAN_POINT('Ctrl Pts',(3.82948702201247,2.78867516666651,0.8));
#11269=CARTESIAN_POINT('Ctrl Pts',(3.84855598688152,2.81220614152718,0.8));
#11270=CARTESIAN_POINT('Ctrl Pts',(3.88738874407451,2.86012550367159,0.8));
#11271=CARTESIAN_POINT('Ctrl Pts',(3.89234788847881,2.92166903133715,0.8));
#11272=CARTESIAN_POINT('Ctrl Pts',(3.89487182721496,2.95299138873816,0.8));
#11273=CARTESIAN_POINT('Ctrl Pts',(3.89487182721496,2.95299138873816,0.8));
#11274=CARTESIAN_POINT('Ctrl Pts',(3.89476723542246,2.96018633913665,0.8));
#11275=CARTESIAN_POINT('Ctrl Pts',(3.89452273236151,2.97700589403567,0.8));
#11276=CARTESIAN_POINT('Ctrl Pts',(3.89365748433803,2.99380551092543,0.8));
#11277=CARTESIAN_POINT('Ctrl Pts',(3.8931623660028,3.00341870635748,0.8));
#11278=CARTESIAN_POINT('Ctrl Pts',(3.33525633439422,3.10235034674406,0.8));
#11279=CARTESIAN_POINT('Ctrl Pts',(3.33525633439422,3.10235034674406,0.85));
#11280=CARTESIAN_POINT('Ctrl Pts',(3.33943115763879,3.0872529133568,0.8));
#11281=CARTESIAN_POINT('Ctrl Pts',(3.33943115763879,3.0872529133568,0.85));
#11282=CARTESIAN_POINT('Ctrl Pts',(3.34799554278121,3.05628148615723,0.8));
#11283=CARTESIAN_POINT('Ctrl Pts',(3.34799554278121,3.05628148615723,0.85));
#11284=CARTESIAN_POINT('Ctrl Pts',(3.34903831497796,3.02415712511993,0.8));
#11285=CARTESIAN_POINT('Ctrl Pts',(3.34903831497796,3.02415712511993,0.85));
#11286=CARTESIAN_POINT('Ctrl Pts',(3.34957277402282,3.00769221037626,0.8));
#11287=CARTESIAN_POINT('Ctrl Pts',(3.34957277402282,3.00769221037626,0.85));
#11288=CARTESIAN_POINT('',(3.34957277402282,3.00769221037626,0.8));
#11289=CARTESIAN_POINT('',(3.33525633439422,3.10235034674406,0.8));
#11290=CARTESIAN_POINT('Ctrl Pts',(3.34957277402282,3.00769221037626,0.8));
#11291=CARTESIAN_POINT('Ctrl Pts',(3.34903831497796,3.02415712511993,0.8));
#11292=CARTESIAN_POINT('Ctrl Pts',(3.34799554278121,3.05628148615723,0.8));
#11293=CARTESIAN_POINT('Ctrl Pts',(3.33943115763879,3.0872529133568,0.8));
#11294=CARTESIAN_POINT('Ctrl Pts',(3.33525633439422,3.10235034674406,0.8));
#11295=CARTESIAN_POINT('',(3.34957277402282,3.00769221037626,0.85));
#11296=CARTESIAN_POINT('',(3.34957277402282,3.00769221037626,0.8));
#11297=CARTESIAN_POINT('',(3.33525633439422,3.10235034674406,0.85));
#11298=CARTESIAN_POINT('Ctrl Pts',(3.33525633439422,3.10235034674406,0.85));
#11299=CARTESIAN_POINT('Ctrl Pts',(3.33943115763879,3.0872529133568,0.85));
#11300=CARTESIAN_POINT('Ctrl Pts',(3.34799554278121,3.05628148615723,0.85));
#11301=CARTESIAN_POINT('Ctrl Pts',(3.34903831497796,3.02415712511993,0.85));
#11302=CARTESIAN_POINT('Ctrl Pts',(3.34957277402282,3.00769221037626,0.85));
#11303=CARTESIAN_POINT('',(3.33525633439422,3.10235034674406,0.8));
#11304=CARTESIAN_POINT('Ctrl Pts',(3.30299144610763,3.17222215235233,0.8));
#11305=CARTESIAN_POINT('Ctrl Pts',(3.30299144610763,3.17222215235233,0.85));
#11306=CARTESIAN_POINT('Ctrl Pts',(3.30900672166049,3.16221218905019,0.8));
#11307=CARTESIAN_POINT('Ctrl Pts',(3.30900672166049,3.16221218905019,0.85));
#11308=CARTESIAN_POINT('Ctrl Pts',(3.32228911580024,3.1401090822623,0.8));
#11309=CARTESIAN_POINT('Ctrl Pts',(3.32228911580024,3.1401090822623,0.85));
#11310=CARTESIAN_POINT('Ctrl Pts',(3.33067061421106,3.11570332558848,0.8));
#11311=CARTESIAN_POINT('Ctrl Pts',(3.33067061421106,3.11570332558848,0.85));
#11312=CARTESIAN_POINT('Ctrl Pts',(3.33525633439422,3.10235034674406,0.8));
#11313=CARTESIAN_POINT('Ctrl Pts',(3.33525633439422,3.10235034674406,0.85));
#11314=CARTESIAN_POINT('',(3.30299144610763,3.17222215235233,0.8));
#11315=CARTESIAN_POINT('Ctrl Pts',(3.33525633439422,3.10235034674406,0.8));
#11316=CARTESIAN_POINT('Ctrl Pts',(3.33067061421106,3.11570332558848,0.8));
#11317=CARTESIAN_POINT('Ctrl Pts',(3.32228911580024,3.1401090822623,0.8));
#11318=CARTESIAN_POINT('Ctrl Pts',(3.30900672166049,3.16221218905019,0.8));
#11319=CARTESIAN_POINT('Ctrl Pts',(3.30299144610763,3.17222215235233,0.8));
#11320=CARTESIAN_POINT('',(3.30299144610763,3.17222215235233,0.85));
#11321=CARTESIAN_POINT('Ctrl Pts',(3.30299144610763,3.17222215235233,0.85));
#11322=CARTESIAN_POINT('Ctrl Pts',(3.30900672166049,3.16221218905019,0.85));
#11323=CARTESIAN_POINT('Ctrl Pts',(3.32228911580024,3.1401090822623,0.85));
#11324=CARTESIAN_POINT('Ctrl Pts',(3.33067061421106,3.11570332558848,0.85));
#11325=CARTESIAN_POINT('Ctrl Pts',(3.33525633439422,3.10235034674406,0.85));
#11326=CARTESIAN_POINT('',(3.30299144610763,3.17222215235233,0.8));
#11327=CARTESIAN_POINT('Ctrl Pts',(3.27521359547973,3.19786317646503,0.8));
#11328=CARTESIAN_POINT('Ctrl Pts',(3.27521359547973,3.19786317646503,0.85));
#11329=CARTESIAN_POINT('Ctrl Pts',(3.28059980018907,3.19418565846261,0.8));
#11330=CARTESIAN_POINT('Ctrl Pts',(3.28059980018907,3.19418565846261,0.85));
#11331=CARTESIAN_POINT('Ctrl Pts',(3.29112261286578,3.18700103865274,0.8));
#11332=CARTESIAN_POINT('Ctrl Pts',(3.29112261286578,3.18700103865274,0.85));
#11333=CARTESIAN_POINT('Ctrl Pts',(3.29909822778371,3.17706992717396,0.8));
#11334=CARTESIAN_POINT('Ctrl Pts',(3.29909822778371,3.17706992717396,0.85));
#11335=CARTESIAN_POINT('Ctrl Pts',(3.30299144610763,3.17222215235233,0.8));
#11336=CARTESIAN_POINT('Ctrl Pts',(3.30299144610763,3.17222215235233,0.85));
#11337=CARTESIAN_POINT('',(3.27521359547973,3.19786317646503,0.8));
#11338=CARTESIAN_POINT('Ctrl Pts',(3.30299144610763,3.17222215235233,0.8));
#11339=CARTESIAN_POINT('Ctrl Pts',(3.29909822778371,3.17706992717396,0.8));
#11340=CARTESIAN_POINT('Ctrl Pts',(3.29112261286578,3.18700103865274,0.8));
#11341=CARTESIAN_POINT('Ctrl Pts',(3.28059980018907,3.19418565846261,0.8));
#11342=CARTESIAN_POINT('Ctrl Pts',(3.27521359547973,3.19786317646503,0.8));
#11343=CARTESIAN_POINT('',(3.27521359547973,3.19786317646503,0.85));
#11344=CARTESIAN_POINT('Ctrl Pts',(3.27521359547973,3.19786317646503,0.85));
#11345=CARTESIAN_POINT('Ctrl Pts',(3.28059980018907,3.19418565846261,0.85));
#11346=CARTESIAN_POINT('Ctrl Pts',(3.29112261286578,3.18700103865274,0.85));
#11347=CARTESIAN_POINT('Ctrl Pts',(3.29909822778371,3.17706992717396,0.85));
#11348=CARTESIAN_POINT('Ctrl Pts',(3.30299144610763,3.17222215235233,0.85));
#11349=CARTESIAN_POINT('',(3.27521359547973,3.19786317646503,0.8));
#11350=CARTESIAN_POINT('Ctrl Pts',(3.22051292285323,3.21282044053078,0.8));
#11351=CARTESIAN_POINT('Ctrl Pts',(3.22051292285323,3.21282044053078,0.85));
#11352=CARTESIAN_POINT('Ctrl Pts',(3.23031126376398,3.21223751898608,0.8));
#11353=CARTESIAN_POINT('Ctrl Pts',(3.23031126376398,3.21223751898608,0.85));
#11354=CARTESIAN_POINT('Ctrl Pts',(3.24960347954984,3.21108978914805,0.8));
#11355=CARTESIAN_POINT('Ctrl Pts',(3.24960347954984,3.21108978914805,0.85));
#11356=CARTESIAN_POINT('Ctrl Pts',(3.26676718158355,3.20222541541276,0.8));
#11357=CARTESIAN_POINT('Ctrl Pts',(3.26676718158355,3.20222541541276,0.85));
#11358=CARTESIAN_POINT('Ctrl Pts',(3.27521359547973,3.19786317646503,0.8));
#11359=CARTESIAN_POINT('Ctrl Pts',(3.27521359547973,3.19786317646503,0.85));
#11360=CARTESIAN_POINT('',(3.22051292285323,3.21282044053078,0.8));
#11361=CARTESIAN_POINT('Ctrl Pts',(3.27521359547973,3.19786317646503,0.8));
#11362=CARTESIAN_POINT('Ctrl Pts',(3.26676718158355,3.20222541541276,0.8));
#11363=CARTESIAN_POINT('Ctrl Pts',(3.24960347954984,3.21108978914805,0.8));
#11364=CARTESIAN_POINT('Ctrl Pts',(3.23031126376398,3.21223751898608,0.8));
#11365=CARTESIAN_POINT('Ctrl Pts',(3.22051292285323,3.21282044053078,0.8));
#11366=CARTESIAN_POINT('',(3.22051292285323,3.21282044053078,0.85));
#11367=CARTESIAN_POINT('Ctrl Pts',(3.22051292285323,3.21282044053078,0.85));
#11368=CARTESIAN_POINT('Ctrl Pts',(3.23031126376398,3.21223751898608,0.85));
#11369=CARTESIAN_POINT('Ctrl Pts',(3.24960347954984,3.21108978914805,0.85));
#11370=CARTESIAN_POINT('Ctrl Pts',(3.26676718158355,3.20222541541276,0.85));
#11371=CARTESIAN_POINT('Ctrl Pts',(3.27521359547973,3.19786317646503,0.85));
#11372=CARTESIAN_POINT('',(3.22051292285323,3.21282044053078,0.8));
#11373=CARTESIAN_POINT('Ctrl Pts',(3.12606846913695,3.15128196030855,0.8));
#11374=CARTESIAN_POINT('Ctrl Pts',(3.12606846913695,3.15128196030855,0.85));
#11375=CARTESIAN_POINT('Ctrl Pts',(3.138024862817,3.16921824840574,0.8));
#11376=CARTESIAN_POINT('Ctrl Pts',(3.138024862817,3.16921824840574,0.85));
#11377=CARTESIAN_POINT('Ctrl Pts',(3.16084161306886,3.20344661332165,0.8));
#11378=CARTESIAN_POINT('Ctrl Pts',(3.16084161306886,3.20344661332165,0.85));
#11379=CARTESIAN_POINT('Ctrl Pts',(3.20126982977049,3.20979752331682,0.8));
#11380=CARTESIAN_POINT('Ctrl Pts',(3.20126982977049,3.20979752331682,0.85));
#11381=CARTESIAN_POINT('Ctrl Pts',(3.22051292285323,3.21282044053078,0.8));
#11382=CARTESIAN_POINT('Ctrl Pts',(3.22051292285323,3.21282044053078,0.85));
#11383=CARTESIAN_POINT('',(3.12606846913695,3.15128196030855,0.8));
#11384=CARTESIAN_POINT('Ctrl Pts',(3.22051292285323,3.21282044053078,0.8));
#11385=CARTESIAN_POINT('Ctrl Pts',(3.20126982977049,3.20979752331682,0.8));
#11386=CARTESIAN_POINT('Ctrl Pts',(3.16084161306886,3.20344661332165,0.8));
#11387=CARTESIAN_POINT('Ctrl Pts',(3.138024862817,3.16921824840574,0.8));
#11388=CARTESIAN_POINT('Ctrl Pts',(3.12606846913695,3.15128196030855,0.8));
#11389=CARTESIAN_POINT('',(3.12606846913695,3.15128196030855,0.85));
#11390=CARTESIAN_POINT('Ctrl Pts',(3.12606846913695,3.15128196030855,0.85));
#11391=CARTESIAN_POINT('Ctrl Pts',(3.138024862817,3.16921824840574,0.85));
#11392=CARTESIAN_POINT('Ctrl Pts',(3.16084161306886,3.20344661332165,0.85));
#11393=CARTESIAN_POINT('Ctrl Pts',(3.20126982977049,3.20979752331682,0.85));
#11394=CARTESIAN_POINT('Ctrl Pts',(3.22051292285323,3.21282044053078,0.85));
#11395=CARTESIAN_POINT('',(3.12606846913695,3.15128196030855,0.8));
#11396=CARTESIAN_POINT('Ctrl Pts',(3.09188043698668,3.00769221037626,0.8));
#11397=CARTESIAN_POINT('Ctrl Pts',(3.09188043698668,3.00769221037626,0.85));
#11398=CARTESIAN_POINT('Ctrl Pts',(3.09306208896273,3.0337393470148,0.8));
#11399=CARTESIAN_POINT('Ctrl Pts',(3.09306208896273,3.0337393470148,0.85));
#11400=CARTESIAN_POINT('Ctrl Pts',(3.09533426401323,3.0838248672925,0.8));
#11401=CARTESIAN_POINT('Ctrl Pts',(3.09533426401323,3.0838248672925,0.85));
#11402=CARTESIAN_POINT('Ctrl Pts',(3.11610136575236,3.12940562358833,0.8));
#11403=CARTESIAN_POINT('Ctrl Pts',(3.11610136575236,3.12940562358833,0.85));
#11404=CARTESIAN_POINT('Ctrl Pts',(3.12606846913695,3.15128196030855,0.8));
#11405=CARTESIAN_POINT('Ctrl Pts',(3.12606846913695,3.15128196030855,0.85));
#11406=CARTESIAN_POINT('',(3.09188043698668,3.00769221037626,0.8));
#11407=CARTESIAN_POINT('Ctrl Pts',(3.12606846913695,3.15128196030855,0.8));
#11408=CARTESIAN_POINT('Ctrl Pts',(3.11610136575236,3.12940562358833,0.8));
#11409=CARTESIAN_POINT('Ctrl Pts',(3.09533426401323,3.0838248672925,0.8));
#11410=CARTESIAN_POINT('Ctrl Pts',(3.09306208896273,3.0337393470148,0.8));
#11411=CARTESIAN_POINT('Ctrl Pts',(3.09188043698668,3.00769221037626,0.8));
#11412=CARTESIAN_POINT('',(3.09188043698668,3.00769221037626,0.85));
#11413=CARTESIAN_POINT('Ctrl Pts',(3.09188043698668,3.00769221037626,0.85));
#11414=CARTESIAN_POINT('Ctrl Pts',(3.09306208896273,3.0337393470148,0.85));
#11415=CARTESIAN_POINT('Ctrl Pts',(3.09533426401323,3.0838248672925,0.85));
#11416=CARTESIAN_POINT('Ctrl Pts',(3.11610136575236,3.12940562358833,0.85));
#11417=CARTESIAN_POINT('Ctrl Pts',(3.12606846913695,3.15128196030855,0.85));
#11418=CARTESIAN_POINT('',(3.09188043698668,3.00769221037626,0.8));
#11419=CARTESIAN_POINT('Origin',(3.09188043698668,2.92863238602877,0.8));
#11420=CARTESIAN_POINT('',(3.09188043698668,2.92863238602877,0.8));
#11421=CARTESIAN_POINT('',(3.09188043698668,2.96431619301438,0.8));
#11422=CARTESIAN_POINT('',(3.09188043698668,2.92863238602877,0.85));
#11423=CARTESIAN_POINT('',(3.09188043698668,3.00769221037626,0.85));
#11424=CARTESIAN_POINT('',(3.09188043698668,2.92863238602877,0.8));
#11425=CARTESIAN_POINT('Ctrl Pts',(3.10619657859206,2.83376060426235,0.8));
#11426=CARTESIAN_POINT('Ctrl Pts',(3.10619657859206,2.83376060426235,0.85));
#11427=CARTESIAN_POINT('Ctrl Pts',(3.1020216690249,2.84891169709117,0.8));
#11428=CARTESIAN_POINT('Ctrl Pts',(3.1020216690249,2.84891169709117,0.85));
#11429=CARTESIAN_POINT('Ctrl Pts',(3.09346694918041,2.87995748440778,0.8));
#11430=CARTESIAN_POINT('Ctrl Pts',(3.09346694918041,2.87995748440778,0.85));
#11431=CARTESIAN_POINT('Ctrl Pts',(3.09241765189482,2.91215039307197,0.8));
#11432=CARTESIAN_POINT('Ctrl Pts',(3.09241765189482,2.91215039307197,0.85));
#11433=CARTESIAN_POINT('Ctrl Pts',(3.09188043698668,2.92863238602877,0.8));
#11434=CARTESIAN_POINT('Ctrl Pts',(3.09188043698668,2.92863238602877,0.85));
#11435=CARTESIAN_POINT('',(3.10619657859206,2.83376060426235,0.8));
#11436=CARTESIAN_POINT('Ctrl Pts',(3.09188043698668,2.92863238602877,0.8));
#11437=CARTESIAN_POINT('Ctrl Pts',(3.09241765189482,2.91215039307197,0.8));
#11438=CARTESIAN_POINT('Ctrl Pts',(3.09346694918041,2.87995748440778,0.8));
#11439=CARTESIAN_POINT('Ctrl Pts',(3.1020216690249,2.84891169709117,0.8));
#11440=CARTESIAN_POINT('Ctrl Pts',(3.10619657859206,2.83376060426235,0.8));
#11441=CARTESIAN_POINT('',(3.10619657859206,2.83376060426235,0.85));
#11442=CARTESIAN_POINT('Ctrl Pts',(3.10619657859206,2.83376060426235,0.85));
#11443=CARTESIAN_POINT('Ctrl Pts',(3.1020216690249,2.84891169709117,0.85));
#11444=CARTESIAN_POINT('Ctrl Pts',(3.09346694918041,2.87995748440778,0.85));
#11445=CARTESIAN_POINT('Ctrl Pts',(3.09241765189482,2.91215039307197,0.85));
#11446=CARTESIAN_POINT('Ctrl Pts',(3.09188043698668,2.92863238602877,0.85));
#11447=CARTESIAN_POINT('',(3.10619657859206,2.83376060426235,0.8));
#11448=CARTESIAN_POINT('Ctrl Pts',(3.13888883218169,2.76367511600256,0.8));
#11449=CARTESIAN_POINT('Ctrl Pts',(3.13888883218169,2.76367511600256,0.85));
#11450=CARTESIAN_POINT('Ctrl Pts',(3.13275031775501,2.77369339428857,0.8));
#11451=CARTESIAN_POINT('Ctrl Pts',(3.13275031775501,2.77369339428857,0.85));
#11452=CARTESIAN_POINT('Ctrl Pts',(3.11920595292948,2.79579828915364,0.8));
#11453=CARTESIAN_POINT('Ctrl Pts',(3.11920595292948,2.79579828915364,0.85));
#11454=CARTESIAN_POINT('Ctrl Pts',(3.11079536094793,2.82034101771023,0.8));
#11455=CARTESIAN_POINT('Ctrl Pts',(3.11079536094793,2.82034101771023,0.85));
#11456=CARTESIAN_POINT('Ctrl Pts',(3.10619657859206,2.83376060426235,0.8));
#11457=CARTESIAN_POINT('Ctrl Pts',(3.10619657859206,2.83376060426235,0.85));
#11458=CARTESIAN_POINT('',(3.13888883218169,2.76367511600256,0.8));
#11459=CARTESIAN_POINT('Ctrl Pts',(3.10619657859206,2.83376060426235,0.8));
#11460=CARTESIAN_POINT('Ctrl Pts',(3.11079536094793,2.82034101771023,0.8));
#11461=CARTESIAN_POINT('Ctrl Pts',(3.11920595292948,2.79579828915364,0.8));
#11462=CARTESIAN_POINT('Ctrl Pts',(3.13275031775501,2.77369339428857,0.8));
#11463=CARTESIAN_POINT('Ctrl Pts',(3.13888883218169,2.76367511600256,0.8));
#11464=CARTESIAN_POINT('',(3.13888883218169,2.76367511600256,0.85));
#11465=CARTESIAN_POINT('Ctrl Pts',(3.13888883218169,2.76367511600256,0.85));
#11466=CARTESIAN_POINT('Ctrl Pts',(3.13275031775501,2.77369339428857,0.85));
#11467=CARTESIAN_POINT('Ctrl Pts',(3.11920595292948,2.79579828915364,0.85));
#11468=CARTESIAN_POINT('Ctrl Pts',(3.11079536094793,2.82034101771023,0.85));
#11469=CARTESIAN_POINT('Ctrl Pts',(3.10619657859206,2.83376060426235,0.85));
#11470=CARTESIAN_POINT('',(3.13888883218169,2.76367511600256,0.8));
#11471=CARTESIAN_POINT('Ctrl Pts',(3.16623931750655,2.7384614571929,0.8));
#11472=CARTESIAN_POINT('Ctrl Pts',(3.16623931750655,2.7384614571929,0.85));
#11473=CARTESIAN_POINT('Ctrl Pts',(3.16088557689182,2.74210014534247,0.8));
#11474=CARTESIAN_POINT('Ctrl Pts',(3.16088557689182,2.74210014534247,0.85));
#11475=CARTESIAN_POINT('Ctrl Pts',(3.15051218529282,2.74915045647976,0.8));
#11476=CARTESIAN_POINT('Ctrl Pts',(3.15051218529282,2.74915045647976,0.85));
#11477=CARTESIAN_POINT('Ctrl Pts',(3.14267919237651,2.75893864359463,0.8));
#11478=CARTESIAN_POINT('Ctrl Pts',(3.14267919237651,2.75893864359463,0.85));
#11479=CARTESIAN_POINT('Ctrl Pts',(3.13888883218169,2.76367511600256,0.8));
#11480=CARTESIAN_POINT('Ctrl Pts',(3.13888883218169,2.76367511600256,0.85));
#11481=CARTESIAN_POINT('',(3.16623931750655,2.7384614571929,0.8));
#11482=CARTESIAN_POINT('Ctrl Pts',(3.13888883218169,2.76367511600256,0.8));
#11483=CARTESIAN_POINT('Ctrl Pts',(3.14267919237651,2.75893864359463,0.8));
#11484=CARTESIAN_POINT('Ctrl Pts',(3.15051218529282,2.74915045647976,0.8));
#11485=CARTESIAN_POINT('Ctrl Pts',(3.16088557689182,2.74210014534247,0.8));
#11486=CARTESIAN_POINT('Ctrl Pts',(3.16623931750655,2.7384614571929,0.8));
#11487=CARTESIAN_POINT('',(3.16623931750655,2.7384614571929,0.85));
#11488=CARTESIAN_POINT('Ctrl Pts',(3.16623931750655,2.7384614571929,0.85));
#11489=CARTESIAN_POINT('Ctrl Pts',(3.16088557689182,2.74210014534247,0.85));
#11490=CARTESIAN_POINT('Ctrl Pts',(3.15051218529282,2.74915045647976,0.85));
#11491=CARTESIAN_POINT('Ctrl Pts',(3.14267919237651,2.75893864359463,0.85));
#11492=CARTESIAN_POINT('Ctrl Pts',(3.13888883218169,2.76367511600256,0.85));
#11493=CARTESIAN_POINT('',(3.16623931750655,2.7384614571929,0.8));
#11494=CARTESIAN_POINT('Ctrl Pts',(3.22136765345931,2.72307682782412,0.8));
#11495=CARTESIAN_POINT('Ctrl Pts',(3.22136765345931,2.72307682782412,0.85));
#11496=CARTESIAN_POINT('Ctrl Pts',(3.21145175731989,2.72367189704509,0.8));
#11497=CARTESIAN_POINT('Ctrl Pts',(3.21145175731989,2.72367189704509,0.85));
#11498=CARTESIAN_POINT('Ctrl Pts',(3.19196017952825,2.72484161865664,0.8));
#11499=CARTESIAN_POINT('Ctrl Pts',(3.19196017952825,2.72484161865664,0.85));
#11500=CARTESIAN_POINT('Ctrl Pts',(3.17471258919617,2.73397464830643,0.8));
#11501=CARTESIAN_POINT('Ctrl Pts',(3.17471258919617,2.73397464830643,0.85));
#11502=CARTESIAN_POINT('Ctrl Pts',(3.16623931750655,2.7384614571929,0.8));
#11503=CARTESIAN_POINT('Ctrl Pts',(3.16623931750655,2.7384614571929,0.85));
#11504=CARTESIAN_POINT('',(3.22136765345931,2.72307682782412,0.8));
#11505=CARTESIAN_POINT('Ctrl Pts',(3.16623931750655,2.7384614571929,0.8));
#11506=CARTESIAN_POINT('Ctrl Pts',(3.17471258919617,2.73397464830643,0.8));
#11507=CARTESIAN_POINT('Ctrl Pts',(3.19196017952825,2.72484161865664,0.8));
#11508=CARTESIAN_POINT('Ctrl Pts',(3.21145175731989,2.72367189704509,0.8));
#11509=CARTESIAN_POINT('Ctrl Pts',(3.22136765345931,2.72307682782412,0.8));
#11510=CARTESIAN_POINT('',(3.22136765345931,2.72307682782412,0.85));
#11511=CARTESIAN_POINT('Ctrl Pts',(3.22136765345931,2.72307682782412,0.85));
#11512=CARTESIAN_POINT('Ctrl Pts',(3.21145175731989,2.72367189704509,0.85));
#11513=CARTESIAN_POINT('Ctrl Pts',(3.19196017952825,2.72484161865664,0.85));
#11514=CARTESIAN_POINT('Ctrl Pts',(3.17471258919617,2.73397464830643,0.85));
#11515=CARTESIAN_POINT('Ctrl Pts',(3.16623931750655,2.7384614571929,0.85));
#11516=CARTESIAN_POINT('',(3.22136765345931,2.72307682782412,0.8));
#11517=CARTESIAN_POINT('Ctrl Pts',(3.31538474187255,2.78482895344496,0.8));
#11518=CARTESIAN_POINT('Ctrl Pts',(3.31538474187255,2.78482895344496,0.85));
#11519=CARTESIAN_POINT('Ctrl Pts',(3.3034783719906,2.76683206779148,0.8));
#11520=CARTESIAN_POINT('Ctrl Pts',(3.3034783719906,2.76683206779148,0.85));
#11521=CARTESIAN_POINT('Ctrl Pts',(3.28082256359668,2.73258703785414,0.8));
#11522=CARTESIAN_POINT('Ctrl Pts',(3.28082256359668,2.73258703785414,0.85));
#11523=CARTESIAN_POINT('Ctrl Pts',(3.24049958511534,2.72613710809211,0.8));
#11524=CARTESIAN_POINT('Ctrl Pts',(3.24049958511534,2.72613710809211,0.85));
#11525=CARTESIAN_POINT('Ctrl Pts',(3.22136765345931,2.72307682782412,0.8));
#11526=CARTESIAN_POINT('Ctrl Pts',(3.22136765345931,2.72307682782412,0.85));
#11527=CARTESIAN_POINT('',(3.31538474187255,2.78482895344496,0.8));
#11528=CARTESIAN_POINT('Ctrl Pts',(3.22136765345931,2.72307682782412,0.8));
#11529=CARTESIAN_POINT('Ctrl Pts',(3.24049958511534,2.72613710809211,0.8));
#11530=CARTESIAN_POINT('Ctrl Pts',(3.28082256359668,2.73258703785414,0.8));
#11531=CARTESIAN_POINT('Ctrl Pts',(3.3034783719906,2.76683206779148,0.8));
#11532=CARTESIAN_POINT('Ctrl Pts',(3.31538474187255,2.78482895344496,0.8));
#11533=CARTESIAN_POINT('',(3.31538474187255,2.78482895344496,0.85));
#11534=CARTESIAN_POINT('Ctrl Pts',(3.31538474187255,2.78482895344496,0.85));
#11535=CARTESIAN_POINT('Ctrl Pts',(3.3034783719906,2.76683206779148,0.85));
#11536=CARTESIAN_POINT('Ctrl Pts',(3.28082256359668,2.73258703785414,0.85));
#11537=CARTESIAN_POINT('Ctrl Pts',(3.24049958511534,2.72613710809211,0.85));
#11538=CARTESIAN_POINT('Ctrl Pts',(3.22136765345931,2.72307682782412,0.85));
#11539=CARTESIAN_POINT('',(3.31538474187255,2.78482895344496,0.8));
#11540=CARTESIAN_POINT('Ctrl Pts',(3.34957277402282,2.92863238602877,0.8));
#11541=CARTESIAN_POINT('Ctrl Pts',(3.34957277402282,2.92863238602877,0.85));
#11542=CARTESIAN_POINT('Ctrl Pts',(3.34838661402175,2.90256931541974,0.8));
#11543=CARTESIAN_POINT('Ctrl Pts',(3.34838661402175,2.90256931541974,0.85));
#11544=CARTESIAN_POINT('Ctrl Pts',(3.34610422981215,2.852419301292,0.8));
#11545=CARTESIAN_POINT('Ctrl Pts',(3.34610422981215,2.852419301292,0.85));
#11546=CARTESIAN_POINT('Ctrl Pts',(3.32535199530512,2.80675933613595,0.8));
#11547=CARTESIAN_POINT('Ctrl Pts',(3.32535199530512,2.80675933613595,0.85));
#11548=CARTESIAN_POINT('Ctrl Pts',(3.31538474187255,2.78482895344496,0.8));
#11549=CARTESIAN_POINT('Ctrl Pts',(3.31538474187255,2.78482895344496,0.85));
#11550=CARTESIAN_POINT('',(3.34957277402282,2.92863238602877,0.8));
#11551=CARTESIAN_POINT('Ctrl Pts',(3.31538474187255,2.78482895344496,0.8));
#11552=CARTESIAN_POINT('Ctrl Pts',(3.32535199530512,2.80675933613595,0.8));
#11553=CARTESIAN_POINT('Ctrl Pts',(3.34610422981215,2.852419301292,0.8));
#11554=CARTESIAN_POINT('Ctrl Pts',(3.34838661402175,2.90256931541974,0.8));
#11555=CARTESIAN_POINT('Ctrl Pts',(3.34957277402282,2.92863238602877,0.8));
#11556=CARTESIAN_POINT('',(3.34957277402282,2.92863238602877,0.85));
#11557=CARTESIAN_POINT('Ctrl Pts',(3.34957277402282,2.92863238602877,0.85));
#11558=CARTESIAN_POINT('Ctrl Pts',(3.34838661402175,2.90256931541974,0.85));
#11559=CARTESIAN_POINT('Ctrl Pts',(3.34610422981215,2.852419301292,0.85));
#11560=CARTESIAN_POINT('Ctrl Pts',(3.32535199530512,2.80675933613595,0.85));
#11561=CARTESIAN_POINT('Ctrl Pts',(3.31538474187255,2.78482895344496,0.85));
#11562=CARTESIAN_POINT('',(3.34957277402282,2.92863238602877,0.8));
#11563=CARTESIAN_POINT('Origin',(3.34957277402282,3.00769221037626,0.8));
#11564=CARTESIAN_POINT('',(3.34957277402282,3.00384610518813,0.8));
#11565=CARTESIAN_POINT('',(3.34957277402282,2.92863238602877,0.85));
#11566=CARTESIAN_POINT('Origin',(3.38547026738524,2.92350418865681,0.8));
#11567=CARTESIAN_POINT('',(3.38547026738524,3.01239307969809,0.85));
#11568=CARTESIAN_POINT('',(3.38547026738524,3.01239307969809,0.8));
#11569=CARTESIAN_POINT('',(3.38547026738524,2.92350418865681,0.85));
#11570=CARTESIAN_POINT('',(3.38547026738524,3.01239307969809,0.85));
#11571=CARTESIAN_POINT('',(3.38547026738524,2.92350418865681,0.8));
#11572=CARTESIAN_POINT('Ctrl Pts',(3.33034193143249,2.74017084389925,0.8));
#11573=CARTESIAN_POINT('Ctrl Pts',(3.33034193143249,2.74017084389925,0.85));
#11574=CARTESIAN_POINT('Ctrl Pts',(3.34639575834195,2.7659855203317,0.8));
#11575=CARTESIAN_POINT('Ctrl Pts',(3.34639575834195,2.7659855203317,0.85));
#11576=CARTESIAN_POINT('Ctrl Pts',(3.38118078615729,2.82192011105647,0.8));
#11577=CARTESIAN_POINT('Ctrl Pts',(3.38118078615729,2.82192011105647,0.85));
#11578=CARTESIAN_POINT('Ctrl Pts',(3.38396890720754,2.88794877281683,0.8));
#11579=CARTESIAN_POINT('Ctrl Pts',(3.38396890720754,2.88794877281683,0.85));
#11580=CARTESIAN_POINT('Ctrl Pts',(3.38547026738524,2.92350418865681,0.8));
#11581=CARTESIAN_POINT('Ctrl Pts',(3.38547026738524,2.92350418865681,0.85));
#11582=CARTESIAN_POINT('',(3.33034193143249,2.74017084389925,0.85));
#11583=CARTESIAN_POINT('Ctrl Pts',(3.33034193143249,2.74017084389925,0.85));
#11584=CARTESIAN_POINT('Ctrl Pts',(3.34639575834195,2.7659855203317,0.85));
#11585=CARTESIAN_POINT('Ctrl Pts',(3.38118078615729,2.82192011105647,0.85));
#11586=CARTESIAN_POINT('Ctrl Pts',(3.38396890720754,2.88794877281683,0.85));
#11587=CARTESIAN_POINT('Ctrl Pts',(3.38547026738524,2.92350418865681,0.85));
#11588=CARTESIAN_POINT('',(3.33034193143249,2.74017084389925,0.8));
#11589=CARTESIAN_POINT('Ctrl Pts',(3.22136765345931,2.68717940896749,0.8));
#11590=CARTESIAN_POINT('Ctrl Pts',(3.22136765345931,2.68717940896749,0.85));
#11591=CARTESIAN_POINT('Ctrl Pts',(3.24243806496657,2.68948258815955,0.8));
#11592=CARTESIAN_POINT('Ctrl Pts',(3.24243806496657,2.68948258815955,0.85));
#11593=CARTESIAN_POINT('Ctrl Pts',(3.28504571781506,2.69413997510377,0.8));
#11594=CARTESIAN_POINT('Ctrl Pts',(3.28504571781506,2.69413997510377,0.85));
#11595=CARTESIAN_POINT('Ctrl Pts',(3.3151333088781,2.72471555407583,0.8));
#11596=CARTESIAN_POINT('Ctrl Pts',(3.3151333088781,2.72471555407583,0.85));
#11597=CARTESIAN_POINT('Ctrl Pts',(3.33034193143249,2.74017084389925,0.8));
#11598=CARTESIAN_POINT('Ctrl Pts',(3.33034193143249,2.74017084389925,0.85));
#11599=CARTESIAN_POINT('',(3.22136765345931,2.68717940896749,0.85));
#11600=CARTESIAN_POINT('Ctrl Pts',(3.22136765345931,2.68717940896749,0.85));
#11601=CARTESIAN_POINT('Ctrl Pts',(3.24243806496657,2.68948258815955,0.85));
#11602=CARTESIAN_POINT('Ctrl Pts',(3.28504571781506,2.69413997510377,0.85));
#11603=CARTESIAN_POINT('Ctrl Pts',(3.3151333088781,2.72471555407583,0.85));
#11604=CARTESIAN_POINT('Ctrl Pts',(3.33034193143249,2.74017084389925,0.85));
#11605=CARTESIAN_POINT('',(3.22136765345931,2.68717940896749,0.8));
#11606=CARTESIAN_POINT('Ctrl Pts',(3.16175227984786,2.69978623837233,0.8));
#11607=CARTESIAN_POINT('Ctrl Pts',(3.16175227984786,2.69978623837233,0.85));
#11608=CARTESIAN_POINT('Ctrl Pts',(3.17127386139353,2.69610928940287,0.8));
#11609=CARTESIAN_POINT('Ctrl Pts',(3.17127386139353,2.69610928940287,0.85));
#11610=CARTESIAN_POINT('Ctrl Pts',(3.19046438277129,2.68869848611721,0.8));
#11611=CARTESIAN_POINT('Ctrl Pts',(3.19046438277129,2.68869848611721,0.85));
#11612=CARTESIAN_POINT('Ctrl Pts',(3.21101396519311,2.68768835351965,0.8));
#11613=CARTESIAN_POINT('Ctrl Pts',(3.21101396519311,2.68768835351965,0.85));
#11614=CARTESIAN_POINT('Ctrl Pts',(3.22136765345931,2.68717940896749,0.8));
#11615=CARTESIAN_POINT('Ctrl Pts',(3.22136765345931,2.68717940896749,0.85));
#11616=CARTESIAN_POINT('',(3.16175227984786,2.69978623837233,0.85));
#11617=CARTESIAN_POINT('Ctrl Pts',(3.16175227984786,2.69978623837233,0.85));
#11618=CARTESIAN_POINT('Ctrl Pts',(3.17127386139353,2.69610928940287,0.85));
#11619=CARTESIAN_POINT('Ctrl Pts',(3.19046438277129,2.68869848611721,0.85));
#11620=CARTESIAN_POINT('Ctrl Pts',(3.21101396519311,2.68768835351965,0.85));
#11621=CARTESIAN_POINT('Ctrl Pts',(3.22136765345931,2.68717940896749,0.85));
#11622=CARTESIAN_POINT('',(3.16175227984786,2.69978623837233,0.8));
#11623=CARTESIAN_POINT('Ctrl Pts',(3.11410253867507,2.73504268378019,0.8));
#11624=CARTESIAN_POINT('Ctrl Pts',(3.11410253867507,2.73504268378019,0.85));
#11625=CARTESIAN_POINT('Ctrl Pts',(3.12103045076843,2.7278987463452,0.8));
#11626=CARTESIAN_POINT('Ctrl Pts',(3.12103045076843,2.7278987463452,0.85));
#11627=CARTESIAN_POINT('Ctrl Pts',(3.13497051896572,2.7135240005778,0.8));
#11628=CARTESIAN_POINT('Ctrl Pts',(3.13497051896572,2.7135240005778,0.85));
#11629=CARTESIAN_POINT('Ctrl Pts',(3.15278913181432,2.70438390455414,0.8));
#11630=CARTESIAN_POINT('Ctrl Pts',(3.15278913181432,2.70438390455414,0.85));
#11631=CARTESIAN_POINT('Ctrl Pts',(3.16175227984786,2.69978623837233,0.8));
#11632=CARTESIAN_POINT('Ctrl Pts',(3.16175227984786,2.69978623837233,0.85));
#11633=CARTESIAN_POINT('',(3.11410253867507,2.73504268378019,0.85));
#11634=CARTESIAN_POINT('Ctrl Pts',(3.11410253867507,2.73504268378019,0.85));
#11635=CARTESIAN_POINT('Ctrl Pts',(3.12103045076843,2.7278987463452,0.85));
#11636=CARTESIAN_POINT('Ctrl Pts',(3.13497051896572,2.7135240005778,0.85));
#11637=CARTESIAN_POINT('Ctrl Pts',(3.15278913181432,2.70438390455414,0.85));
#11638=CARTESIAN_POINT('Ctrl Pts',(3.16175227984786,2.69978623837233,0.85));
#11639=CARTESIAN_POINT('',(3.11410253867507,2.73504268378019,0.8));
#11640=CARTESIAN_POINT('Ctrl Pts',(3.08696573600173,2.78034184128046,0.8));
#11641=CARTESIAN_POINT('Ctrl Pts',(3.08696573600173,2.78034184128046,0.85));
#11642=CARTESIAN_POINT('Ctrl Pts',(3.0913592878139,2.77116832402811,0.8));
#11643=CARTESIAN_POINT('Ctrl Pts',(3.0913592878139,2.77116832402811,0.85));
#11644=CARTESIAN_POINT('Ctrl Pts',(3.09900249739497,2.75520968328531,0.8));
#11645=CARTESIAN_POINT('Ctrl Pts',(3.09900249739497,2.75520968328531,0.85));
#11646=CARTESIAN_POINT('Ctrl Pts',(3.1095977590904,2.74105908373364,0.8));
#11647=CARTESIAN_POINT('Ctrl Pts',(3.1095977590904,2.74105908373364,0.85));
#11648=CARTESIAN_POINT('Ctrl Pts',(3.11410253867507,2.73504268378019,0.8));
#11649=CARTESIAN_POINT('Ctrl Pts',(3.11410253867507,2.73504268378019,0.85));
#11650=CARTESIAN_POINT('',(3.08696573600173,2.78034184128046,0.85));
#11651=CARTESIAN_POINT('Ctrl Pts',(3.08696573600173,2.78034184128046,0.85));
#11652=CARTESIAN_POINT('Ctrl Pts',(3.0913592878139,2.77116832402811,0.85));
#11653=CARTESIAN_POINT('Ctrl Pts',(3.09900249739497,2.75520968328531,0.85));
#11654=CARTESIAN_POINT('Ctrl Pts',(3.1095977590904,2.74105908373364,0.85));
#11655=CARTESIAN_POINT('Ctrl Pts',(3.11410253867507,2.73504268378019,0.85));
#11656=CARTESIAN_POINT('',(3.08696573600173,2.78034184128046,0.8));
#11657=CARTESIAN_POINT('Ctrl Pts',(3.06581204757094,2.837606780231,0.8));
#11658=CARTESIAN_POINT('Ctrl Pts',(3.06581204757094,2.837606780231,0.85));
#11659=CARTESIAN_POINT('Ctrl Pts',(3.06843491022102,2.82841374787622,0.8));
#11660=CARTESIAN_POINT('Ctrl Pts',(3.06843491022102,2.82841374787622,0.85));
#11661=CARTESIAN_POINT('Ctrl Pts',(3.07403270610522,2.80879368935831,0.8));
#11662=CARTESIAN_POINT('Ctrl Pts',(3.07403270610522,2.80879368935831,0.85));
#11663=CARTESIAN_POINT('Ctrl Pts',(3.08247767859014,2.79021528382726,0.8));
#11664=CARTESIAN_POINT('Ctrl Pts',(3.08247767859014,2.79021528382726,0.85));
#11665=CARTESIAN_POINT('Ctrl Pts',(3.08696573600173,2.78034184128046,0.8));
#11666=CARTESIAN_POINT('Ctrl Pts',(3.08696573600173,2.78034184128046,0.85));
#11667=CARTESIAN_POINT('',(3.06581204757094,2.837606780231,0.85));
#11668=CARTESIAN_POINT('Ctrl Pts',(3.06581204757094,2.837606780231,0.85));
#11669=CARTESIAN_POINT('Ctrl Pts',(3.06843491022102,2.82841374787622,0.85));
#11670=CARTESIAN_POINT('Ctrl Pts',(3.07403270610522,2.80879368935831,0.85));
#11671=CARTESIAN_POINT('Ctrl Pts',(3.08247767859014,2.79021528382726,0.85));
#11672=CARTESIAN_POINT('Ctrl Pts',(3.08696573600173,2.78034184128046,0.85));
#11673=CARTESIAN_POINT('',(3.06581204757094,2.837606780231,0.8));
#11674=CARTESIAN_POINT('Ctrl Pts',(3.05598294362426,2.92350418865681,0.8));
#11675=CARTESIAN_POINT('Ctrl Pts',(3.05598294362426,2.92350418865681,0.85));
#11676=CARTESIAN_POINT('Ctrl Pts',(3.05627606520023,2.90809276029277,0.8));
#11677=CARTESIAN_POINT('Ctrl Pts',(3.05627606520023,2.90809276029277,0.85));
#11678=CARTESIAN_POINT('Ctrl Pts',(3.0568267996272,2.87913684280141,0.8));
#11679=CARTESIAN_POINT('Ctrl Pts',(3.0568267996272,2.87913684280141,0.85));
#11680=CARTESIAN_POINT('Ctrl Pts',(3.06294853160103,2.85084202962494,0.8));
#11681=CARTESIAN_POINT('Ctrl Pts',(3.06294853160103,2.85084202962494,0.85));
#11682=CARTESIAN_POINT('Ctrl Pts',(3.06581204757094,2.837606780231,0.8));
#11683=CARTESIAN_POINT('Ctrl Pts',(3.06581204757094,2.837606780231,0.85));
#11684=CARTESIAN_POINT('',(3.05598294362426,2.92350418865681,0.85));
#11685=CARTESIAN_POINT('Ctrl Pts',(3.05598294362426,2.92350418865681,0.85));
#11686=CARTESIAN_POINT('Ctrl Pts',(3.05627606520023,2.90809276029277,0.85));
#11687=CARTESIAN_POINT('Ctrl Pts',(3.0568267996272,2.87913684280141,0.85));
#11688=CARTESIAN_POINT('Ctrl Pts',(3.06294853160103,2.85084202962494,0.85));
#11689=CARTESIAN_POINT('Ctrl Pts',(3.06581204757094,2.837606780231,0.85));
#11690=CARTESIAN_POINT('',(3.05598294362426,2.92350418865681,0.8));
#11691=CARTESIAN_POINT('Origin',(3.05598294362426,3.01239307969809,0.8));
#11692=CARTESIAN_POINT('',(3.05598294362426,3.01239307969809,0.85));
#11693=CARTESIAN_POINT('',(3.05598294362426,2.92350418865681,0.85));
#11694=CARTESIAN_POINT('',(3.05598294362426,3.01239307969809,0.8));
#11695=CARTESIAN_POINT('Ctrl Pts',(3.11111127957702,3.19615375250578,0.8));
#11696=CARTESIAN_POINT('Ctrl Pts',(3.11111127957702,3.19615375250578,0.85));
#11697=CARTESIAN_POINT('Ctrl Pts',(3.09505807770987,3.17030208466761,0.8));
#11698=CARTESIAN_POINT('Ctrl Pts',(3.09505807770987,3.17030208466761,0.85));
#11699=CARTESIAN_POINT('Ctrl Pts',(3.06023737622585,3.11422771295616,0.8));
#11700=CARTESIAN_POINT('Ctrl Pts',(3.06023737622585,3.11422771295616,0.85));
#11701=CARTESIAN_POINT('Ctrl Pts',(3.05747291829368,3.04805730057868,0.8));
#11702=CARTESIAN_POINT('Ctrl Pts',(3.05747291829368,3.04805730057868,0.85));
#11703=CARTESIAN_POINT('Ctrl Pts',(3.05598294362426,3.01239307969809,0.8));
#11704=CARTESIAN_POINT('Ctrl Pts',(3.05598294362426,3.01239307969809,0.85));
#11705=CARTESIAN_POINT('',(3.11111127957702,3.19615375250578,0.85));
#11706=CARTESIAN_POINT('Ctrl Pts',(3.11111127957702,3.19615375250578,0.85));
#11707=CARTESIAN_POINT('Ctrl Pts',(3.09505807770987,3.17030208466761,0.85));
#11708=CARTESIAN_POINT('Ctrl Pts',(3.06023737622585,3.11422771295616,0.85));
#11709=CARTESIAN_POINT('Ctrl Pts',(3.05747291829368,3.04805730057868,0.85));
#11710=CARTESIAN_POINT('Ctrl Pts',(3.05598294362426,3.01239307969809,0.85));
#11711=CARTESIAN_POINT('',(3.11111127957702,3.19615375250578,0.8));
#11712=CARTESIAN_POINT('Ctrl Pts',(3.22008555755019,3.24914522469044,0.8));
#11713=CARTESIAN_POINT('Ctrl Pts',(3.22008555755019,3.24914522469044,0.85));
#11714=CARTESIAN_POINT('Ctrl Pts',(3.19901514476498,3.24684204690614,0.8));
#11715=CARTESIAN_POINT('Ctrl Pts',(3.19901514476498,3.24684204690614,0.85));
#11716=CARTESIAN_POINT('Ctrl Pts',(3.15640748128687,3.24218466192922,0.8));
#11717=CARTESIAN_POINT('Ctrl Pts',(3.15640748128687,3.24218466192922,0.85));
#11718=CARTESIAN_POINT('Ctrl Pts',(3.12631989999952,3.21160905786688,0.8));
#11719=CARTESIAN_POINT('Ctrl Pts',(3.12631989999952,3.21160905786688,0.85));
#11720=CARTESIAN_POINT('Ctrl Pts',(3.11111127957702,3.19615375250578,0.8));
#11721=CARTESIAN_POINT('Ctrl Pts',(3.11111127957702,3.19615375250578,0.85));
#11722=CARTESIAN_POINT('',(3.22008555755019,3.24914522469044,0.85));
#11723=CARTESIAN_POINT('Ctrl Pts',(3.22008555755019,3.24914522469044,0.85));
#11724=CARTESIAN_POINT('Ctrl Pts',(3.19901514476498,3.24684204690614,0.85));
#11725=CARTESIAN_POINT('Ctrl Pts',(3.15640748128687,3.24218466192922,0.85));
#11726=CARTESIAN_POINT('Ctrl Pts',(3.12631989999952,3.21160905786688,0.85));
#11727=CARTESIAN_POINT('Ctrl Pts',(3.11111127957702,3.19615375250578,0.85));
#11728=CARTESIAN_POINT('',(3.22008555755019,3.24914522469044,0.8));
#11729=CARTESIAN_POINT('Ctrl Pts',(3.27991461381316,3.23653839528561,0.8));
#11730=CARTESIAN_POINT('Ctrl Pts',(3.27991461381316,3.23653839528561,0.85));
#11731=CARTESIAN_POINT('Ctrl Pts',(3.27041059995847,3.24021521759986,0.8));
#11732=CARTESIAN_POINT('Ctrl Pts',(3.27041059995847,3.24021521759986,0.85));
#11733=CARTESIAN_POINT('Ctrl Pts',(3.25115637692671,3.24766410792863,0.8));
#11734=CARTESIAN_POINT('Ctrl Pts',(3.25115637692671,3.24766410792863,0.85));
#11735=CARTESIAN_POINT('Ctrl Pts',(3.23053040908332,3.24864732843309,0.8));
#11736=CARTESIAN_POINT('Ctrl Pts',(3.23053040908332,3.24864732843309,0.85));
#11737=CARTESIAN_POINT('Ctrl Pts',(3.22008555755019,3.24914522469044,0.8));
#11738=CARTESIAN_POINT('Ctrl Pts',(3.22008555755019,3.24914522469044,0.85));
#11739=CARTESIAN_POINT('',(3.27991461381316,3.23653839528561,0.85));
#11740=CARTESIAN_POINT('Ctrl Pts',(3.27991461381316,3.23653839528561,0.85));
#11741=CARTESIAN_POINT('Ctrl Pts',(3.27041059995847,3.24021521759986,0.85));
#11742=CARTESIAN_POINT('Ctrl Pts',(3.25115637692671,3.24766410792863,0.85));
#11743=CARTESIAN_POINT('Ctrl Pts',(3.23053040908332,3.24864732843309,0.85));
#11744=CARTESIAN_POINT('Ctrl Pts',(3.22008555755019,3.24914522469044,0.85));
#11745=CARTESIAN_POINT('',(3.27991461381316,3.23653839528561,0.8));
#11746=CARTESIAN_POINT('Ctrl Pts',(3.32735037431121,3.20128198713064,0.8));
#11747=CARTESIAN_POINT('Ctrl Pts',(3.32735037431121,3.20128198713064,0.85));
#11748=CARTESIAN_POINT('Ctrl Pts',(3.32043925829279,3.20842255010994,0.8));
#11749=CARTESIAN_POINT('Ctrl Pts',(3.32043925829279,3.20842255010994,0.85));
#11750=CARTESIAN_POINT('Ctrl Pts',(3.30655588507611,3.22276684711707,0.8));
#11751=CARTESIAN_POINT('Ctrl Pts',(3.30655588507611,3.22276684711707,0.85));
#11752=CARTESIAN_POINT('Ctrl Pts',(3.28882107176424,3.23193442149345,0.8));
#11753=CARTESIAN_POINT('Ctrl Pts',(3.28882107176424,3.23193442149345,0.85));
#11754=CARTESIAN_POINT('Ctrl Pts',(3.27991461381316,3.23653839528561,0.8));
#11755=CARTESIAN_POINT('Ctrl Pts',(3.27991461381316,3.23653839528561,0.85));
#11756=CARTESIAN_POINT('',(3.32735037431121,3.20128198713064,0.85));
#11757=CARTESIAN_POINT('Ctrl Pts',(3.32735037431121,3.20128198713064,0.85));
#11758=CARTESIAN_POINT('Ctrl Pts',(3.32043925829279,3.20842255010994,0.85));
#11759=CARTESIAN_POINT('Ctrl Pts',(3.30655588507611,3.22276684711707,0.85));
#11760=CARTESIAN_POINT('Ctrl Pts',(3.28882107176424,3.23193442149345,0.85));
#11761=CARTESIAN_POINT('Ctrl Pts',(3.27991461381316,3.23653839528561,0.85));
#11762=CARTESIAN_POINT('',(3.32735037431121,3.20128198713064,0.8));
#11763=CARTESIAN_POINT('Ctrl Pts',(3.35470085963607,3.15555546432734,0.8));
#11764=CARTESIAN_POINT('Ctrl Pts',(3.35470085963607,3.15555546432734,0.85));
#11765=CARTESIAN_POINT('Ctrl Pts',(3.35033535293394,3.16477040916915,0.8));
#11766=CARTESIAN_POINT('Ctrl Pts',(3.35033535293394,3.16477040916915,0.85));
#11767=CARTESIAN_POINT('Ctrl Pts',(3.34268873684938,3.1809112950396,0.8));
#11768=CARTESIAN_POINT('Ctrl Pts',(3.34268873684938,3.1809112950396,0.85));
#11769=CARTESIAN_POINT('Ctrl Pts',(3.3319558016151,3.19516557533494,0.8));
#11770=CARTESIAN_POINT('Ctrl Pts',(3.3319558016151,3.19516557533494,0.85));
#11771=CARTESIAN_POINT('Ctrl Pts',(3.32735037431121,3.20128198713064,0.8));
#11772=CARTESIAN_POINT('Ctrl Pts',(3.32735037431121,3.20128198713064,0.85));
#11773=CARTESIAN_POINT('',(3.35470085963607,3.15555546432734,0.85));
#11774=CARTESIAN_POINT('Ctrl Pts',(3.35470085963607,3.15555546432734,0.85));
#11775=CARTESIAN_POINT('Ctrl Pts',(3.35033535293394,3.16477040916915,0.85));
#11776=CARTESIAN_POINT('Ctrl Pts',(3.34268873684938,3.1809112950396,0.85));
#11777=CARTESIAN_POINT('Ctrl Pts',(3.3319558016151,3.19516557533494,0.85));
#11778=CARTESIAN_POINT('Ctrl Pts',(3.32735037431121,3.20128198713064,0.85));
#11779=CARTESIAN_POINT('',(3.35470085963607,3.15555546432734,0.8));
#11780=CARTESIAN_POINT('Ctrl Pts',(3.3760685287416,3.09871785342693,0.8));
#11781=CARTESIAN_POINT('Ctrl Pts',(3.3760685287416,3.09871785342693,0.85));
#11782=CARTESIAN_POINT('Ctrl Pts',(3.37332810610472,3.10779484751739,0.8));
#11783=CARTESIAN_POINT('Ctrl Pts',(3.37332810610472,3.10779484751739,0.85));
#11784=CARTESIAN_POINT('Ctrl Pts',(3.36746631141238,3.12721063947078,0.8));
#11785=CARTESIAN_POINT('Ctrl Pts',(3.36746631141238,3.12721063947078,0.85));
#11786=CARTESIAN_POINT('Ctrl Pts',(3.35913645852548,3.14570651609914,0.8));
#11787=CARTESIAN_POINT('Ctrl Pts',(3.35913645852548,3.14570651609914,0.85));
#11788=CARTESIAN_POINT('Ctrl Pts',(3.35470085963607,3.15555546432734,0.8));
#11789=CARTESIAN_POINT('Ctrl Pts',(3.35470085963607,3.15555546432734,0.85));
#11790=CARTESIAN_POINT('',(3.3760685287416,3.09871785342693,0.85));
#11791=CARTESIAN_POINT('Ctrl Pts',(3.3760685287416,3.09871785342693,0.85));
#11792=CARTESIAN_POINT('Ctrl Pts',(3.37332810610472,3.10779484751739,0.85));
#11793=CARTESIAN_POINT('Ctrl Pts',(3.36746631141238,3.12721063947078,0.85));
#11794=CARTESIAN_POINT('Ctrl Pts',(3.35913645852548,3.14570651609914,0.85));
#11795=CARTESIAN_POINT('Ctrl Pts',(3.35470085963607,3.15555546432734,0.85));
#11796=CARTESIAN_POINT('',(3.3760685287416,3.09871785342693,0.8));
#11797=CARTESIAN_POINT('Ctrl Pts',(3.38547026738524,3.01239307969809,0.8));
#11798=CARTESIAN_POINT('Ctrl Pts',(3.38547026738524,3.01239307969809,0.85));
#11799=CARTESIAN_POINT('Ctrl Pts',(3.38519545117304,3.02790645325212,0.8));
#11800=CARTESIAN_POINT('Ctrl Pts',(3.38519545117304,3.02790645325212,0.85));
#11801=CARTESIAN_POINT('Ctrl Pts',(3.38468046035204,3.05697768205237,0.8));
#11802=CARTESIAN_POINT('Ctrl Pts',(3.38468046035204,3.05697768205237,0.85));
#11803=CARTESIAN_POINT('Ctrl Pts',(3.37880748794695,3.08544271008039,0.8));
#11804=CARTESIAN_POINT('Ctrl Pts',(3.37880748794695,3.08544271008039,0.85));
#11805=CARTESIAN_POINT('Ctrl Pts',(3.3760685287416,3.09871785342693,0.8));
#11806=CARTESIAN_POINT('Ctrl Pts',(3.3760685287416,3.09871785342693,0.85));
#11807=CARTESIAN_POINT('Ctrl Pts',(3.38547026738524,3.01239307969809,0.85));
#11808=CARTESIAN_POINT('Ctrl Pts',(3.38519545117304,3.02790645325212,0.85));
#11809=CARTESIAN_POINT('Ctrl Pts',(3.38468046035204,3.05697768205237,0.85));
#11810=CARTESIAN_POINT('Ctrl Pts',(3.37880748794695,3.08544271008039,0.85));
#11811=CARTESIAN_POINT('Ctrl Pts',(3.3760685287416,3.09871785342693,0.85));
#11812=CARTESIAN_POINT('Origin',(2.417948609218,2.96752130612731,0.85));
#11813=CARTESIAN_POINT('Origin',(2.5,3.,0.8));
#11814=CARTESIAN_POINT('Ctrl Pts',(3.83012806996703,3.18141017109156,0.8));
#11815=CARTESIAN_POINT('Ctrl Pts',(3.83012806996703,3.18141017109156,0.85));
#11816=CARTESIAN_POINT('Ctrl Pts',(3.84128950579621,3.16677496162347,0.8));
#11817=CARTESIAN_POINT('Ctrl Pts',(3.84128950579621,3.16677496162347,0.85));
#11818=CARTESIAN_POINT('Ctrl Pts',(3.86819108077344,3.13150080954851,0.8));
#11819=CARTESIAN_POINT('Ctrl Pts',(3.86819108077344,3.13150080954851,0.85));
#11820=CARTESIAN_POINT('Ctrl Pts',(3.87963119600563,3.08844171835431,0.8));
#11821=CARTESIAN_POINT('Ctrl Pts',(3.87963119600563,3.08844171835431,0.85));
#11822=CARTESIAN_POINT('Ctrl Pts',(3.88632481917739,3.06324779987335,0.8));
#11823=CARTESIAN_POINT('Ctrl Pts',(3.88632481917739,3.06324779987335,0.85));
#11824=CARTESIAN_POINT('',(3.88632481917739,3.06324779987335,0.8));
#11825=CARTESIAN_POINT('',(3.83012806996703,3.18141017109156,0.8));
#11826=CARTESIAN_POINT('Ctrl Pts',(3.88632481917739,3.06324779987335,0.8));
#11827=CARTESIAN_POINT('Ctrl Pts',(3.87963119600563,3.08844171835431,0.8));
#11828=CARTESIAN_POINT('Ctrl Pts',(3.86819108077344,3.13150080954851,0.8));
#11829=CARTESIAN_POINT('Ctrl Pts',(3.84128950579621,3.16677496162347,0.8));
#11830=CARTESIAN_POINT('Ctrl Pts',(3.83012806996703,3.18141017109156,0.8));
#11831=CARTESIAN_POINT('',(3.88632481917739,3.06324779987335,0.85));
#11832=CARTESIAN_POINT('',(3.88632481917739,3.06324779987335,0.8));
#11833=CARTESIAN_POINT('',(3.83012806996703,3.18141017109156,0.85));
#11834=CARTESIAN_POINT('Ctrl Pts',(3.83012806996703,3.18141017109156,0.85));
#11835=CARTESIAN_POINT('Ctrl Pts',(3.84128950579621,3.16677496162347,0.85));
#11836=CARTESIAN_POINT('Ctrl Pts',(3.86819108077344,3.13150080954851,0.85));
#11837=CARTESIAN_POINT('Ctrl Pts',(3.87963119600563,3.08844171835431,0.85));
#11838=CARTESIAN_POINT('Ctrl Pts',(3.88632481917739,3.06324779987335,0.85));
#11839=CARTESIAN_POINT('',(3.83012806996703,3.18141017109156,0.8));
#11840=CARTESIAN_POINT('Ctrl Pts',(3.75170921906829,3.21282044053078,0.8));
#11841=CARTESIAN_POINT('Ctrl Pts',(3.75170921906829,3.21282044053078,0.85));
#11842=CARTESIAN_POINT('Ctrl Pts',(3.76623125220321,3.21147723889724,0.8));
#11843=CARTESIAN_POINT('Ctrl Pts',(3.76623125220321,3.21147723889724,0.85));
#11844=CARTESIAN_POINT('Ctrl Pts',(3.79546956918163,3.20877286859576,0.8));
#11845=CARTESIAN_POINT('Ctrl Pts',(3.79546956918163,3.20877286859576,0.85));
#11846=CARTESIAN_POINT('Ctrl Pts',(3.81852418037162,3.19057137869362,0.8));
#11847=CARTESIAN_POINT('Ctrl Pts',(3.81852418037162,3.19057137869362,0.85));
#11848=CARTESIAN_POINT('Ctrl Pts',(3.83012806996703,3.18141017109156,0.8));
#11849=CARTESIAN_POINT('Ctrl Pts',(3.83012806996703,3.18141017109156,0.85));
#11850=CARTESIAN_POINT('',(3.75170921906829,3.21282044053078,0.8));
#11851=CARTESIAN_POINT('Ctrl Pts',(3.83012806996703,3.18141017109156,0.8));
#11852=CARTESIAN_POINT('Ctrl Pts',(3.81852418037162,3.19057137869362,0.8));
#11853=CARTESIAN_POINT('Ctrl Pts',(3.79546956918163,3.20877286859576,0.8));
#11854=CARTESIAN_POINT('Ctrl Pts',(3.76623125220321,3.21147723889724,0.8));
#11855=CARTESIAN_POINT('Ctrl Pts',(3.75170921906829,3.21282044053078,0.8));
#11856=CARTESIAN_POINT('',(3.75170921906829,3.21282044053078,0.85));
#11857=CARTESIAN_POINT('Ctrl Pts',(3.75170921906829,3.21282044053078,0.85));
#11858=CARTESIAN_POINT('Ctrl Pts',(3.76623125220321,3.21147723889724,0.85));
#11859=CARTESIAN_POINT('Ctrl Pts',(3.79546956918163,3.20877286859576,0.85));
#11860=CARTESIAN_POINT('Ctrl Pts',(3.81852418037162,3.19057137869362,0.85));
#11861=CARTESIAN_POINT('Ctrl Pts',(3.83012806996703,3.18141017109156,0.85));
#11862=CARTESIAN_POINT('',(3.75170921906829,3.21282044053078,0.8));
#11863=CARTESIAN_POINT('Ctrl Pts',(3.67136752232909,3.17435890436172,0.8));
#11864=CARTESIAN_POINT('Ctrl Pts',(3.67136752232909,3.17435890436172,0.85));
#11865=CARTESIAN_POINT('Ctrl Pts',(3.68308194153979,3.18557272861194,0.8));
#11866=CARTESIAN_POINT('Ctrl Pts',(3.68308194153979,3.18557272861194,0.85));
#11867=CARTESIAN_POINT('Ctrl Pts',(3.70571342708892,3.2072370977031,0.8));
#11868=CARTESIAN_POINT('Ctrl Pts',(3.70571342708892,3.2072370977031,0.85));
#11869=CARTESIAN_POINT('Ctrl Pts',(3.7367416844334,3.21100355960416,0.8));
#11870=CARTESIAN_POINT('Ctrl Pts',(3.7367416844334,3.21100355960416,0.85));
#11871=CARTESIAN_POINT('Ctrl Pts',(3.75170921906829,3.21282044053078,0.8));
#11872=CARTESIAN_POINT('Ctrl Pts',(3.75170921906829,3.21282044053078,0.85));
#11873=CARTESIAN_POINT('',(3.67136752232909,3.17435890436172,0.8));
#11874=CARTESIAN_POINT('Ctrl Pts',(3.75170921906829,3.21282044053078,0.8));
#11875=CARTESIAN_POINT('Ctrl Pts',(3.7367416844334,3.21100355960416,0.8));
#11876=CARTESIAN_POINT('Ctrl Pts',(3.70571342708892,3.2072370977031,0.8));
#11877=CARTESIAN_POINT('Ctrl Pts',(3.68308194153979,3.18557272861194,0.8));
#11878=CARTESIAN_POINT('Ctrl Pts',(3.67136752232909,3.17435890436172,0.8));
#11879=CARTESIAN_POINT('',(3.67136752232909,3.17435890436172,0.85));
#11880=CARTESIAN_POINT('Ctrl Pts',(3.67136752232909,3.17435890436172,0.85));
#11881=CARTESIAN_POINT('Ctrl Pts',(3.68308194153979,3.18557272861194,0.85));
#11882=CARTESIAN_POINT('Ctrl Pts',(3.70571342708892,3.2072370977031,0.85));
#11883=CARTESIAN_POINT('Ctrl Pts',(3.7367416844334,3.21100355960416,0.85));
#11884=CARTESIAN_POINT('Ctrl Pts',(3.75170921906829,3.21282044053078,0.85));
#11885=CARTESIAN_POINT('',(3.67136752232909,3.17435890436172,0.8));
#11886=CARTESIAN_POINT('Ctrl Pts',(3.63675212487578,3.07564094662666,0.8));
#11887=CARTESIAN_POINT('Ctrl Pts',(3.63675212487578,3.07564094662666,0.85));
#11888=CARTESIAN_POINT('Ctrl Pts',(3.63793608375629,3.0945219016919,0.8));
#11889=CARTESIAN_POINT('Ctrl Pts',(3.63793608375629,3.0945219016919,0.85));
#11890=CARTESIAN_POINT('Ctrl Pts',(3.64020849643706,3.13076076304218,0.8));
#11891=CARTESIAN_POINT('Ctrl Pts',(3.64020849643706,3.13076076304218,0.85));
#11892=CARTESIAN_POINT('Ctrl Pts',(3.66127632699718,3.16023916385095,0.8));
#11893=CARTESIAN_POINT('Ctrl Pts',(3.66127632699718,3.16023916385095,0.85));
#11894=CARTESIAN_POINT('Ctrl Pts',(3.67136752232909,3.17435890436172,0.8));
#11895=CARTESIAN_POINT('Ctrl Pts',(3.67136752232909,3.17435890436172,0.85));
#11896=CARTESIAN_POINT('',(3.63675212487578,3.07564094662666,0.8));
#11897=CARTESIAN_POINT('Ctrl Pts',(3.67136752232909,3.17435890436172,0.8));
#11898=CARTESIAN_POINT('Ctrl Pts',(3.66127632699718,3.16023916385095,0.8));
#11899=CARTESIAN_POINT('Ctrl Pts',(3.64020849643706,3.13076076304218,0.8));
#11900=CARTESIAN_POINT('Ctrl Pts',(3.63793608375629,3.0945219016919,0.8));
#11901=CARTESIAN_POINT('Ctrl Pts',(3.63675212487578,3.07564094662666,0.8));
#11902=CARTESIAN_POINT('',(3.63675212487578,3.07564094662666,0.85));
#11903=CARTESIAN_POINT('Ctrl Pts',(3.63675212487578,3.07564094662666,0.85));
#11904=CARTESIAN_POINT('Ctrl Pts',(3.63793608375629,3.0945219016919,0.85));
#11905=CARTESIAN_POINT('Ctrl Pts',(3.64020849643706,3.13076076304218,0.85));
#11906=CARTESIAN_POINT('Ctrl Pts',(3.66127632699718,3.16023916385095,0.85));
#11907=CARTESIAN_POINT('Ctrl Pts',(3.67136752232909,3.17435890436172,0.85));
#11908=CARTESIAN_POINT('',(3.63675212487578,3.07564094662666,0.8));
#11909=CARTESIAN_POINT('Ctrl Pts',(3.67136752232909,2.97884609550238,0.8));
#11910=CARTESIAN_POINT('Ctrl Pts',(3.67136752232909,2.97884609550238,0.85));
#11911=CARTESIAN_POINT('Ctrl Pts',(3.66127484886774,2.99276149162681,0.8));
#11912=CARTESIAN_POINT('Ctrl Pts',(3.66127484886774,2.99276149162681,0.85));
#11913=CARTESIAN_POINT('Ctrl Pts',(3.64035771388667,3.02160124554973,0.8));
#11914=CARTESIAN_POINT('Ctrl Pts',(3.64035771388667,3.02160124554973,0.85));
#11915=CARTESIAN_POINT('Ctrl Pts',(3.63798169628387,3.0572124260313,0.8));
#11916=CARTESIAN_POINT('Ctrl Pts',(3.63798169628387,3.0572124260313,0.85));
#11917=CARTESIAN_POINT('Ctrl Pts',(3.63675212487578,3.07564094662666,0.8));
#11918=CARTESIAN_POINT('Ctrl Pts',(3.63675212487578,3.07564094662666,0.85));
#11919=CARTESIAN_POINT('',(3.67136752232909,2.97884609550238,0.8));
#11920=CARTESIAN_POINT('Ctrl Pts',(3.63675212487578,3.07564094662666,0.8));
#11921=CARTESIAN_POINT('Ctrl Pts',(3.63798169628387,3.0572124260313,0.8));
#11922=CARTESIAN_POINT('Ctrl Pts',(3.64035771388667,3.02160124554973,0.8));
#11923=CARTESIAN_POINT('Ctrl Pts',(3.66127484886774,2.99276149162681,0.8));
#11924=CARTESIAN_POINT('Ctrl Pts',(3.67136752232909,2.97884609550238,0.8));
#11925=CARTESIAN_POINT('',(3.67136752232909,2.97884609550238,0.85));
#11926=CARTESIAN_POINT('Ctrl Pts',(3.67136752232909,2.97884609550238,0.85));
#11927=CARTESIAN_POINT('Ctrl Pts',(3.66127484886774,2.99276149162681,0.85));
#11928=CARTESIAN_POINT('Ctrl Pts',(3.64035771388667,3.02160124554973,0.85));
#11929=CARTESIAN_POINT('Ctrl Pts',(3.63798169628387,3.0572124260313,0.85));
#11930=CARTESIAN_POINT('Ctrl Pts',(3.63675212487578,3.07564094662666,0.85));
#11931=CARTESIAN_POINT('',(3.67136752232909,2.97884609550238,0.8));
#11932=CARTESIAN_POINT('Ctrl Pts',(3.74957269057631,2.94059820473194,0.8));
#11933=CARTESIAN_POINT('Ctrl Pts',(3.74957269057631,2.94059820473194,0.85));
#11934=CARTESIAN_POINT('Ctrl Pts',(3.73516740738288,2.94247621884058,0.8));
#11935=CARTESIAN_POINT('Ctrl Pts',(3.73516740738288,2.94247621884058,0.85));
#11936=CARTESIAN_POINT('Ctrl Pts',(3.70490769059638,2.94642117252773,0.8));
#11937=CARTESIAN_POINT('Ctrl Pts',(3.70490769059638,2.94642117252773,0.85));
#11938=CARTESIAN_POINT('Ctrl Pts',(3.68289891488684,2.96769813367655,0.8));
#11939=CARTESIAN_POINT('Ctrl Pts',(3.68289891488684,2.96769813367655,0.85));
#11940=CARTESIAN_POINT('Ctrl Pts',(3.67136752232909,2.97884609550238,0.8));
#11941=CARTESIAN_POINT('Ctrl Pts',(3.67136752232909,2.97884609550238,0.85));
#11942=CARTESIAN_POINT('',(3.74957269057631,2.94059820473194,0.8));
#11943=CARTESIAN_POINT('Ctrl Pts',(3.67136752232909,2.97884609550238,0.8));
#11944=CARTESIAN_POINT('Ctrl Pts',(3.68289891488684,2.96769813367655,0.8));
#11945=CARTESIAN_POINT('Ctrl Pts',(3.70490769059638,2.94642117252773,0.8));
#11946=CARTESIAN_POINT('Ctrl Pts',(3.73516740738288,2.94247621884058,0.8));
#11947=CARTESIAN_POINT('Ctrl Pts',(3.74957269057631,2.94059820473194,0.8));
#11948=CARTESIAN_POINT('',(3.74957269057631,2.94059820473194,0.85));
#11949=CARTESIAN_POINT('Ctrl Pts',(3.74957269057631,2.94059820473194,0.85));
#11950=CARTESIAN_POINT('Ctrl Pts',(3.73516740738288,2.94247621884058,0.85));
#11951=CARTESIAN_POINT('Ctrl Pts',(3.70490769059638,2.94642117252773,0.85));
#11952=CARTESIAN_POINT('Ctrl Pts',(3.68289891488684,2.96769813367655,0.85));
#11953=CARTESIAN_POINT('Ctrl Pts',(3.67136752232909,2.97884609550238,0.85));
#11954=CARTESIAN_POINT('',(3.74957269057631,2.94059820473194,0.8));
#11955=CARTESIAN_POINT('Ctrl Pts',(3.79935896024108,2.95427341014147,0.8));
#11956=CARTESIAN_POINT('Ctrl Pts',(3.79935896024108,2.95427341014147,0.85));
#11957=CARTESIAN_POINT('Ctrl Pts',(3.7912686280429,2.95028577390746,0.8));
#11958=CARTESIAN_POINT('Ctrl Pts',(3.7912686280429,2.95028577390746,0.85));
#11959=CARTESIAN_POINT('Ctrl Pts',(3.77553808889945,2.94253236325233,0.8));
#11960=CARTESIAN_POINT('Ctrl Pts',(3.77553808889945,2.94253236325233,0.85));
#11961=CARTESIAN_POINT('Ctrl Pts',(3.75806112375907,2.94123050681184,0.8));
#11962=CARTESIAN_POINT('Ctrl Pts',(3.75806112375907,2.94123050681184,0.85));
#11963=CARTESIAN_POINT('Ctrl Pts',(3.74957269057631,2.94059820473194,0.8));
#11964=CARTESIAN_POINT('Ctrl Pts',(3.74957269057631,2.94059820473194,0.85));
#11965=CARTESIAN_POINT('',(3.79935896024108,2.95427341014147,0.8));
#11966=CARTESIAN_POINT('Ctrl Pts',(3.74957269057631,2.94059820473194,0.8));
#11967=CARTESIAN_POINT('Ctrl Pts',(3.75806112375907,2.94123050681184,0.8));
#11968=CARTESIAN_POINT('Ctrl Pts',(3.77553808889945,2.94253236325233,0.8));
#11969=CARTESIAN_POINT('Ctrl Pts',(3.7912686280429,2.95028577390746,0.8));
#11970=CARTESIAN_POINT('Ctrl Pts',(3.79935896024108,2.95427341014147,0.8));
#11971=CARTESIAN_POINT('',(3.79935896024108,2.95427341014147,0.85));
#11972=CARTESIAN_POINT('Ctrl Pts',(3.79935896024108,2.95427341014147,0.85));
#11973=CARTESIAN_POINT('Ctrl Pts',(3.7912686280429,2.95028577390746,0.85));
#11974=CARTESIAN_POINT('Ctrl Pts',(3.77553808889945,2.94253236325233,0.85));
#11975=CARTESIAN_POINT('Ctrl Pts',(3.75806112375907,2.94123050681184,0.85));
#11976=CARTESIAN_POINT('Ctrl Pts',(3.74957269057631,2.94059820473194,0.85));
#11977=CARTESIAN_POINT('',(3.79935896024108,2.95427341014147,0.8));
#11978=CARTESIAN_POINT('Ctrl Pts',(3.84572630748153,2.99529906362295,0.8));
#11979=CARTESIAN_POINT('Ctrl Pts',(3.84572630748153,2.99529906362295,0.85));
#11980=CARTESIAN_POINT('Ctrl Pts',(3.8386007016548,2.98689815958869,0.8));
#11981=CARTESIAN_POINT('Ctrl Pts',(3.8386007016548,2.98689815958869,0.85));
#11982=CARTESIAN_POINT('Ctrl Pts',(3.82510328501807,2.97098505624942,0.8));
#11983=CARTESIAN_POINT('Ctrl Pts',(3.82510328501807,2.97098505624942,0.85));
#11984=CARTESIAN_POINT('Ctrl Pts',(3.80761484071504,2.95963262441434,0.8));
#11985=CARTESIAN_POINT('Ctrl Pts',(3.80761484071504,2.95963262441434,0.85));
#11986=CARTESIAN_POINT('Ctrl Pts',(3.79935896024108,2.95427341014147,0.8));
#11987=CARTESIAN_POINT('Ctrl Pts',(3.79935896024108,2.95427341014147,0.85));
#11988=CARTESIAN_POINT('',(3.84572630748153,2.99529906362295,0.8));
#11989=CARTESIAN_POINT('Ctrl Pts',(3.79935896024108,2.95427341014147,0.8));
#11990=CARTESIAN_POINT('Ctrl Pts',(3.80761484071504,2.95963262441434,0.8));
#11991=CARTESIAN_POINT('Ctrl Pts',(3.82510328501807,2.97098505624942,0.8));
#11992=CARTESIAN_POINT('Ctrl Pts',(3.8386007016548,2.98689815958869,0.8));
#11993=CARTESIAN_POINT('Ctrl Pts',(3.84572630748153,2.99529906362295,0.8));
#11994=CARTESIAN_POINT('',(3.84572630748153,2.99529906362295,0.85));
#11995=CARTESIAN_POINT('Ctrl Pts',(3.84572630748153,2.99529906362295,0.85));
#11996=CARTESIAN_POINT('Ctrl Pts',(3.8386007016548,2.98689815958869,0.85));
#11997=CARTESIAN_POINT('Ctrl Pts',(3.82510328501807,2.97098505624942,0.85));
#11998=CARTESIAN_POINT('Ctrl Pts',(3.80761484071504,2.95963262441434,0.85));
#11999=CARTESIAN_POINT('Ctrl Pts',(3.79935896024108,2.95427341014147,0.85));
#12000=CARTESIAN_POINT('',(3.84572630748153,2.99529906362295,0.8));
#12001=CARTESIAN_POINT('Ctrl Pts',(3.88632481917739,3.06324779987335,0.8));
#12002=CARTESIAN_POINT('Ctrl Pts',(3.88632481917739,3.06324779987335,0.85));
#12003=CARTESIAN_POINT('Ctrl Pts',(3.87881755413748,3.04914594285919,0.8));
#12004=CARTESIAN_POINT('Ctrl Pts',(3.87881755413748,3.04914594285919,0.85));
#12005=CARTESIAN_POINT('Ctrl Pts',(3.86639930700912,3.0258191594781,0.8));
#12006=CARTESIAN_POINT('Ctrl Pts',(3.86639930700912,3.0258191594781,0.85));
#12007=CARTESIAN_POINT('Ctrl Pts',(3.85158489063743,3.00394824485352,0.8));
#12008=CARTESIAN_POINT('Ctrl Pts',(3.85158489063743,3.00394824485352,0.85));
#12009=CARTESIAN_POINT('Ctrl Pts',(3.84572630748153,2.99529906362295,0.8));
#12010=CARTESIAN_POINT('Ctrl Pts',(3.84572630748153,2.99529906362295,0.85));
#12011=CARTESIAN_POINT('Ctrl Pts',(3.84572630748153,2.99529906362295,0.8));
#12012=CARTESIAN_POINT('Ctrl Pts',(3.85158489063743,3.00394824485352,0.8));
#12013=CARTESIAN_POINT('Ctrl Pts',(3.86639930700912,3.0258191594781,0.8));
#12014=CARTESIAN_POINT('Ctrl Pts',(3.87881755413748,3.04914594285919,0.8));
#12015=CARTESIAN_POINT('Ctrl Pts',(3.88632481917739,3.06324779987335,0.8));
#12016=CARTESIAN_POINT('Ctrl Pts',(3.88632481917739,3.06324779987335,0.85));
#12017=CARTESIAN_POINT('Ctrl Pts',(3.87881755413748,3.04914594285919,0.85));
#12018=CARTESIAN_POINT('Ctrl Pts',(3.86639930700912,3.0258191594781,0.85));
#12019=CARTESIAN_POINT('Ctrl Pts',(3.85158489063743,3.00394824485352,0.85));
#12020=CARTESIAN_POINT('Ctrl Pts',(3.84572630748153,2.99529906362295,0.85));
#12021=CARTESIAN_POINT('Ctrl Pts',(3.82713681086898,2.92948711663485,0.8));
#12022=CARTESIAN_POINT('Ctrl Pts',(3.82713681086898,2.92948711663485,0.85));
#12023=CARTESIAN_POINT('Ctrl Pts',(3.83967767527199,2.93917788805765,0.8));
#12024=CARTESIAN_POINT('Ctrl Pts',(3.83967767527199,2.93917788805765,0.85));
#12025=CARTESIAN_POINT('Ctrl Pts',(3.86623740158885,2.95970153208391,0.8));
#12026=CARTESIAN_POINT('Ctrl Pts',(3.86623740158885,2.95970153208391,0.85));
#12027=CARTESIAN_POINT('Ctrl Pts',(3.88386048107747,2.98831554343026,0.8));
#12028=CARTESIAN_POINT('Ctrl Pts',(3.88386048107747,2.98831554343026,0.85));
#12029=CARTESIAN_POINT('Ctrl Pts',(3.8931623660028,3.00341870635748,0.8));
#12030=CARTESIAN_POINT('Ctrl Pts',(3.8931623660028,3.00341870635748,0.85));
#12031=CARTESIAN_POINT('',(3.8931623660028,3.00341870635748,0.85));
#12032=CARTESIAN_POINT('',(3.8931623660028,3.00341870635748,0.8));
#12033=CARTESIAN_POINT('',(3.82713681086898,2.92948711663485,0.85));
#12034=CARTESIAN_POINT('Ctrl Pts',(3.82713681086898,2.92948711663485,0.85));
#12035=CARTESIAN_POINT('Ctrl Pts',(3.83967767527199,2.93917788805765,0.85));
#12036=CARTESIAN_POINT('Ctrl Pts',(3.86623740158885,2.95970153208391,0.85));
#12037=CARTESIAN_POINT('Ctrl Pts',(3.88386048107747,2.98831554343026,0.85));
#12038=CARTESIAN_POINT('Ctrl Pts',(3.8931623660028,3.00341870635748,0.85));
#12039=CARTESIAN_POINT('',(3.82713681086898,2.92948711663485,0.8));
#12040=CARTESIAN_POINT('Ctrl Pts',(3.74871795997024,2.90470074862242,0.8));
#12041=CARTESIAN_POINT('Ctrl Pts',(3.74871795997024,2.90470074862242,0.85));
#12042=CARTESIAN_POINT('Ctrl Pts',(3.76222788502864,2.90586531989444,0.8));
#12043=CARTESIAN_POINT('Ctrl Pts',(3.76222788502864,2.90586531989444,0.85));
#12044=CARTESIAN_POINT('Ctrl Pts',(3.79018546054444,2.90827529545984,0.8));
#12045=CARTESIAN_POINT('Ctrl Pts',(3.79018546054444,2.90827529545984,0.85));
#12046=CARTESIAN_POINT('Ctrl Pts',(3.81454732027753,2.92226015413511,0.8));
#12047=CARTESIAN_POINT('Ctrl Pts',(3.81454732027753,2.92226015413511,0.85));
#12048=CARTESIAN_POINT('Ctrl Pts',(3.82713681086898,2.92948711663485,0.8));
#12049=CARTESIAN_POINT('Ctrl Pts',(3.82713681086898,2.92948711663485,0.85));
#12050=CARTESIAN_POINT('',(3.74871795997024,2.90470074862242,0.85));
#12051=CARTESIAN_POINT('Ctrl Pts',(3.74871795997024,2.90470074862242,0.85));
#12052=CARTESIAN_POINT('Ctrl Pts',(3.76222788502864,2.90586531989444,0.85));
#12053=CARTESIAN_POINT('Ctrl Pts',(3.79018546054444,2.90827529545984,0.85));
#12054=CARTESIAN_POINT('Ctrl Pts',(3.81454732027753,2.92226015413511,0.85));
#12055=CARTESIAN_POINT('Ctrl Pts',(3.82713681086898,2.92948711663485,0.85));
#12056=CARTESIAN_POINT('',(3.74871795997024,2.90470074862242,0.8));
#12057=CARTESIAN_POINT('Ctrl Pts',(3.67670929059386,2.92606826871634,0.8));
#12058=CARTESIAN_POINT('Ctrl Pts',(3.67670929059386,2.92606826871634,0.85));
#12059=CARTESIAN_POINT('Ctrl Pts',(3.68825433649761,2.91983723218126,0.8));
#12060=CARTESIAN_POINT('Ctrl Pts',(3.68825433649761,2.91983723218126,0.85));
#12061=CARTESIAN_POINT('Ctrl Pts',(3.71078209869918,2.90767865693592,0.8));
#12062=CARTESIAN_POINT('Ctrl Pts',(3.71078209869918,2.90767865693592,0.85));
#12063=CARTESIAN_POINT('Ctrl Pts',(3.73628486976947,2.90567672758878,0.8));
#12064=CARTESIAN_POINT('Ctrl Pts',(3.73628486976947,2.90567672758878,0.85));
#12065=CARTESIAN_POINT('Ctrl Pts',(3.74871795997024,2.90470074862242,0.8));
#12066=CARTESIAN_POINT('Ctrl Pts',(3.74871795997024,2.90470074862242,0.85));
#12067=CARTESIAN_POINT('',(3.67670929059386,2.92606826871634,0.85));
#12068=CARTESIAN_POINT('Ctrl Pts',(3.67670929059386,2.92606826871634,0.85));
#12069=CARTESIAN_POINT('Ctrl Pts',(3.68825433649761,2.91983723218126,0.85));
#12070=CARTESIAN_POINT('Ctrl Pts',(3.71078209869918,2.90767865693592,0.85));
#12071=CARTESIAN_POINT('Ctrl Pts',(3.73628486976947,2.90567672758878,0.85));
#12072=CARTESIAN_POINT('Ctrl Pts',(3.74871795997024,2.90470074862242,0.85));
#12073=CARTESIAN_POINT('',(3.67670929059386,2.92606826871634,0.8));
#12074=CARTESIAN_POINT('Ctrl Pts',(3.62136757001281,2.98867512494326,0.8));
#12075=CARTESIAN_POINT('Ctrl Pts',(3.62136757001281,2.98867512494326,0.85));
#12076=CARTESIAN_POINT('Ctrl Pts',(3.62860671472159,2.97587869636317,0.8));
#12077=CARTESIAN_POINT('Ctrl Pts',(3.62860671472159,2.97587869636317,0.85));
#12078=CARTESIAN_POINT('Ctrl Pts',(3.64264010175196,2.95107228039904,0.8));
#12079=CARTESIAN_POINT('Ctrl Pts',(3.64264010175196,2.95107228039904,0.85));
#12080=CARTESIAN_POINT('Ctrl Pts',(3.66559548014621,2.93422490102014,0.8));
#12081=CARTESIAN_POINT('Ctrl Pts',(3.66559548014621,2.93422490102014,0.85));
#12082=CARTESIAN_POINT('Ctrl Pts',(3.67670929059386,2.92606826871634,0.8));
#12083=CARTESIAN_POINT('Ctrl Pts',(3.67670929059386,2.92606826871634,0.85));
#12084=CARTESIAN_POINT('',(3.62136757001281,2.98867512494326,0.85));
#12085=CARTESIAN_POINT('Ctrl Pts',(3.62136757001281,2.98867512494326,0.85));
#12086=CARTESIAN_POINT('Ctrl Pts',(3.62860671472159,2.97587869636317,0.85));
#12087=CARTESIAN_POINT('Ctrl Pts',(3.64264010175196,2.95107228039904,0.85));
#12088=CARTESIAN_POINT('Ctrl Pts',(3.66559548014621,2.93422490102014,0.85));
#12089=CARTESIAN_POINT('Ctrl Pts',(3.67670929059386,2.92606826871634,0.85));
#12090=CARTESIAN_POINT('',(3.62136757001281,2.98867512494326,0.8));
#12091=CARTESIAN_POINT('Ctrl Pts',(3.60085463151336,3.07521358132362,0.8));
#12092=CARTESIAN_POINT('Ctrl Pts',(3.60085463151336,3.07521358132362,0.85));
#12093=CARTESIAN_POINT('Ctrl Pts',(3.6017241195564,3.0602535383483,0.8));
#12094=CARTESIAN_POINT('Ctrl Pts',(3.6017241195564,3.0602535383483,0.85));
#12095=CARTESIAN_POINT('Ctrl Pts',(3.60347065826423,3.03020333313145,0.8));
#12096=CARTESIAN_POINT('Ctrl Pts',(3.60347065826423,3.03020333313145,0.85));
#12097=CARTESIAN_POINT('Ctrl Pts',(3.61538473652885,3.00255776335415,0.8));
#12098=CARTESIAN_POINT('Ctrl Pts',(3.61538473652885,3.00255776335415,0.85));
#12099=CARTESIAN_POINT('Ctrl Pts',(3.62136757001281,2.98867512494326,0.8));
#12100=CARTESIAN_POINT('Ctrl Pts',(3.62136757001281,2.98867512494326,0.85));
#12101=CARTESIAN_POINT('',(3.60085463151336,3.07521358132362,0.85));
#12102=CARTESIAN_POINT('Ctrl Pts',(3.60085463151336,3.07521358132362,0.85));
#12103=CARTESIAN_POINT('Ctrl Pts',(3.6017241195564,3.0602535383483,0.85));
#12104=CARTESIAN_POINT('Ctrl Pts',(3.60347065826423,3.03020333313145,0.85));
#12105=CARTESIAN_POINT('Ctrl Pts',(3.61538473652885,3.00255776335415,0.85));
#12106=CARTESIAN_POINT('Ctrl Pts',(3.62136757001281,2.98867512494326,0.85));
#12107=CARTESIAN_POINT('',(3.60085463151336,3.07521358132362,0.8));
#12108=CARTESIAN_POINT('Ctrl Pts',(3.64166652783751,3.19508537650108,0.8));
#12109=CARTESIAN_POINT('Ctrl Pts',(3.64166652783751,3.19508537650108,0.85));
#12110=CARTESIAN_POINT('Ctrl Pts',(3.62976334096339,3.17666249949802,0.8));
#12111=CARTESIAN_POINT('Ctrl Pts',(3.62976334096339,3.17666249949802,0.85));
#12112=CARTESIAN_POINT('Ctrl Pts',(3.60614097874179,3.14010154499633,0.8));
#12113=CARTESIAN_POINT('Ctrl Pts',(3.60614097874179,3.14010154499633,0.85));
#12114=CARTESIAN_POINT('Ctrl Pts',(3.6026075725108,3.09673028593033,0.8));
#12115=CARTESIAN_POINT('Ctrl Pts',(3.6026075725108,3.09673028593033,0.85));
#12116=CARTESIAN_POINT('Ctrl Pts',(3.60085463151336,3.07521358132362,0.8));
#12117=CARTESIAN_POINT('Ctrl Pts',(3.60085463151336,3.07521358132362,0.85));
#12118=CARTESIAN_POINT('',(3.64166652783751,3.19508537650108,0.85));
#12119=CARTESIAN_POINT('Ctrl Pts',(3.64166652783751,3.19508537650108,0.85));
#12120=CARTESIAN_POINT('Ctrl Pts',(3.62976334096339,3.17666249949802,0.85));
#12121=CARTESIAN_POINT('Ctrl Pts',(3.60614097874179,3.14010154499633,0.85));
#12122=CARTESIAN_POINT('Ctrl Pts',(3.6026075725108,3.09673028593033,0.85));
#12123=CARTESIAN_POINT('Ctrl Pts',(3.60085463151336,3.07521358132362,0.85));
#12124=CARTESIAN_POINT('',(3.64166652783751,3.19508537650108,0.8));
#12125=CARTESIAN_POINT('Ctrl Pts',(3.75085448846221,3.24914522469044,0.8));
#12126=CARTESIAN_POINT('Ctrl Pts',(3.75085448846221,3.24914522469044,0.85));
#12127=CARTESIAN_POINT('Ctrl Pts',(3.72922984912206,3.24691777404215,0.8));
#12128=CARTESIAN_POINT('Ctrl Pts',(3.72922984912206,3.24691777404215,0.85));
#12129=CARTESIAN_POINT('Ctrl Pts',(3.68609995200135,3.24247516966893,0.8));
#12130=CARTESIAN_POINT('Ctrl Pts',(3.68609995200135,3.24247516966893,0.85));
#12131=CARTESIAN_POINT('Ctrl Pts',(3.65645031294913,3.21085279780299,0.8));
#12132=CARTESIAN_POINT('Ctrl Pts',(3.65645031294913,3.21085279780299,0.85));
#12133=CARTESIAN_POINT('Ctrl Pts',(3.64166652783751,3.19508537650108,0.8));
#12134=CARTESIAN_POINT('Ctrl Pts',(3.64166652783751,3.19508537650108,0.85));
#12135=CARTESIAN_POINT('',(3.75085448846221,3.24914522469044,0.85));
#12136=CARTESIAN_POINT('Ctrl Pts',(3.75085448846221,3.24914522469044,0.85));
#12137=CARTESIAN_POINT('Ctrl Pts',(3.72922984912206,3.24691777404215,0.85));
#12138=CARTESIAN_POINT('Ctrl Pts',(3.68609995200135,3.24247516966893,0.85));
#12139=CARTESIAN_POINT('Ctrl Pts',(3.65645031294913,3.21085279780299,0.85));
#12140=CARTESIAN_POINT('Ctrl Pts',(3.64166652783751,3.19508537650108,0.85));
#12141=CARTESIAN_POINT('',(3.75085448846221,3.24914522469044,0.8));
#12142=CARTESIAN_POINT('Ctrl Pts',(3.8397434912622,3.21880333125591,0.8));
#12143=CARTESIAN_POINT('Ctrl Pts',(3.8397434912622,3.21880333125591,0.85));
#12144=CARTESIAN_POINT('Ctrl Pts',(3.82607041387969,3.22765284979001,0.8));
#12145=CARTESIAN_POINT('Ctrl Pts',(3.82607041387969,3.22765284979001,0.85));
#12146=CARTESIAN_POINT('Ctrl Pts',(3.79896449187179,3.24519640289674,0.8));
#12147=CARTESIAN_POINT('Ctrl Pts',(3.79896449187179,3.24519640289674,0.85));
#12148=CARTESIAN_POINT('Ctrl Pts',(3.76679612296169,3.24783675099937,0.8));
#12149=CARTESIAN_POINT('Ctrl Pts',(3.76679612296169,3.24783675099937,0.85));
#12150=CARTESIAN_POINT('Ctrl Pts',(3.75085448846221,3.24914522469044,0.8));
#12151=CARTESIAN_POINT('Ctrl Pts',(3.75085448846221,3.24914522469044,0.85));
#12152=CARTESIAN_POINT('',(3.8397434912622,3.21880333125591,0.85));
#12153=CARTESIAN_POINT('Ctrl Pts',(3.8397434912622,3.21880333125591,0.85));
#12154=CARTESIAN_POINT('Ctrl Pts',(3.82607041387969,3.22765284979001,0.85));
#12155=CARTESIAN_POINT('Ctrl Pts',(3.79896449187179,3.24519640289674,0.85));
#12156=CARTESIAN_POINT('Ctrl Pts',(3.76679612296169,3.24783675099937,0.85));
#12157=CARTESIAN_POINT('Ctrl Pts',(3.75085448846221,3.24914522469044,0.85));
#12158=CARTESIAN_POINT('',(3.8397434912622,3.21880333125591,0.8));
#12159=CARTESIAN_POINT('Ctrl Pts',(3.9021367393434,3.13076913356781,0.8));
#12160=CARTESIAN_POINT('Ctrl Pts',(3.9021367393434,3.13076913356781,0.85));
#12161=CARTESIAN_POINT('Ctrl Pts',(3.89438148009048,3.14854756876129,0.8));
#12162=CARTESIAN_POINT('Ctrl Pts',(3.89438148009048,3.14854756876129,0.85));
#12163=CARTESIAN_POINT('Ctrl Pts',(3.87966875403835,3.1822755510384,0.8));
#12164=CARTESIAN_POINT('Ctrl Pts',(3.87966875403835,3.1822755510384,0.85));
#12165=CARTESIAN_POINT('Ctrl Pts',(3.85256196002803,3.2070756636779,0.8));
#12166=CARTESIAN_POINT('Ctrl Pts',(3.85256196002803,3.2070756636779,0.85));
#12167=CARTESIAN_POINT('Ctrl Pts',(3.8397434912622,3.21880333125591,0.8));
#12168=CARTESIAN_POINT('Ctrl Pts',(3.8397434912622,3.21880333125591,0.85));
#12169=CARTESIAN_POINT('',(3.9021367393434,3.13076913356781,0.85));
#12170=CARTESIAN_POINT('Ctrl Pts',(3.9021367393434,3.13076913356781,0.85));
#12171=CARTESIAN_POINT('Ctrl Pts',(3.89438148009048,3.14854756876129,0.85));
#12172=CARTESIAN_POINT('Ctrl Pts',(3.87966875403835,3.1822755510384,0.85));
#12173=CARTESIAN_POINT('Ctrl Pts',(3.85256196002803,3.2070756636779,0.85));
#12174=CARTESIAN_POINT('Ctrl Pts',(3.8397434912622,3.21880333125591,0.85));
#12175=CARTESIAN_POINT('',(3.9021367393434,3.13076913356781,0.8));
#12176=CARTESIAN_POINT('Ctrl Pts',(3.93076932057738,2.95897427946329,0.8));
#12177=CARTESIAN_POINT('Ctrl Pts',(3.93076932057738,2.95897427946329,0.85));
#12178=CARTESIAN_POINT('Ctrl Pts',(3.92985501909775,2.98985388281628,0.8));
#12179=CARTESIAN_POINT('Ctrl Pts',(3.92985501909775,2.98985388281628,0.85));
#12180=CARTESIAN_POINT('Ctrl Pts',(3.92811976391398,3.04846036326586,0.8));
#12181=CARTESIAN_POINT('Ctrl Pts',(3.92811976391398,3.04846036326586,0.85));
#12182=CARTESIAN_POINT('Ctrl Pts',(3.91048146436445,3.10433479552051,0.8));
#12183=CARTESIAN_POINT('Ctrl Pts',(3.91048146436445,3.10433479552051,0.85));
#12184=CARTESIAN_POINT('Ctrl Pts',(3.9021367393434,3.13076913356781,0.8));
#12185=CARTESIAN_POINT('Ctrl Pts',(3.9021367393434,3.13076913356781,0.85));
#12186=CARTESIAN_POINT('',(3.93076932057738,2.95897427946329,0.85));
#12187=CARTESIAN_POINT('Ctrl Pts',(3.93076932057738,2.95897427946329,0.85));
#12188=CARTESIAN_POINT('Ctrl Pts',(3.92985501909775,2.98985388281628,0.85));
#12189=CARTESIAN_POINT('Ctrl Pts',(3.92811976391398,3.04846036326586,0.85));
#12190=CARTESIAN_POINT('Ctrl Pts',(3.91048146436445,3.10433479552051,0.85));
#12191=CARTESIAN_POINT('Ctrl Pts',(3.9021367393434,3.13076913356781,0.85));
#12192=CARTESIAN_POINT('',(3.93076932057738,2.95897427946329,0.8));
#12193=CARTESIAN_POINT('Ctrl Pts',(3.90641009435058,2.83247854560614,0.8));
#12194=CARTESIAN_POINT('Ctrl Pts',(3.90641009435058,2.83247854560614,0.85));
#12195=CARTESIAN_POINT('Ctrl Pts',(3.91350316781229,2.85122199403172,0.8));
#12196=CARTESIAN_POINT('Ctrl Pts',(3.91350316781229,2.85122199403172,0.85));
#12197=CARTESIAN_POINT('Ctrl Pts',(3.92890378865442,2.89191813852174,0.8));
#12198=CARTESIAN_POINT('Ctrl Pts',(3.92890378865442,2.89191813852174,0.85));
#12199=CARTESIAN_POINT('Ctrl Pts',(3.93011562204217,2.9354772271904,0.8));
#12200=CARTESIAN_POINT('Ctrl Pts',(3.93011562204217,2.9354772271904,0.85));
#12201=CARTESIAN_POINT('Ctrl Pts',(3.93076932057738,2.95897427946329,0.8));
#12202=CARTESIAN_POINT('Ctrl Pts',(3.93076932057738,2.95897427946329,0.85));
#12203=CARTESIAN_POINT('',(3.90641009435058,2.83247854560614,0.85));
#12204=CARTESIAN_POINT('Ctrl Pts',(3.90641009435058,2.83247854560614,0.85));
#12205=CARTESIAN_POINT('Ctrl Pts',(3.91350316781229,2.85122199403172,0.85));
#12206=CARTESIAN_POINT('Ctrl Pts',(3.92890378865442,2.89191813852174,0.85));
#12207=CARTESIAN_POINT('Ctrl Pts',(3.93011562204217,2.9354772271904,0.85));
#12208=CARTESIAN_POINT('Ctrl Pts',(3.93076932057738,2.95897427946329,0.85));
#12209=CARTESIAN_POINT('',(3.90641009435058,2.83247854560614,0.8));
#12210=CARTESIAN_POINT('Ctrl Pts',(3.85876065120101,2.76623923331499,0.8));
#12211=CARTESIAN_POINT('Ctrl Pts',(3.85876065120101,2.76623923331499,0.85));
#12212=CARTESIAN_POINT('Ctrl Pts',(3.86846815394145,2.77674290473993,0.8));
#12213=CARTESIAN_POINT('Ctrl Pts',(3.86846815394145,2.77674290473993,0.85));
#12214=CARTESIAN_POINT('Ctrl Pts',(3.88707636545669,2.79687728376488,0.8));
#12215=CARTESIAN_POINT('Ctrl Pts',(3.88707636545669,2.79687728376488,0.85));
#12216=CARTESIAN_POINT('Ctrl Pts',(3.90015452747987,2.82095950158974,0.8));
#12217=CARTESIAN_POINT('Ctrl Pts',(3.90015452747987,2.82095950158974,0.85));
#12218=CARTESIAN_POINT('Ctrl Pts',(3.90641009435058,2.83247854560614,0.8));
#12219=CARTESIAN_POINT('Ctrl Pts',(3.90641009435058,2.83247854560614,0.85));
#12220=CARTESIAN_POINT('',(3.85876065120101,2.76623923331499,0.85));
#12221=CARTESIAN_POINT('Ctrl Pts',(3.85876065120101,2.76623923331499,0.85));
#12222=CARTESIAN_POINT('Ctrl Pts',(3.86846815394145,2.77674290473993,0.85));
#12223=CARTESIAN_POINT('Ctrl Pts',(3.88707636545669,2.79687728376488,0.85));
#12224=CARTESIAN_POINT('Ctrl Pts',(3.90015452747987,2.82095950158974,0.85));
#12225=CARTESIAN_POINT('Ctrl Pts',(3.90641009435058,2.83247854560614,0.85));
#12226=CARTESIAN_POINT('',(3.85876065120101,2.76623923331499,0.8));
#12227=CARTESIAN_POINT('Ctrl Pts',(3.78803407773376,2.71410245448351,0.8));
#12228=CARTESIAN_POINT('Ctrl Pts',(3.78803407773376,2.71410245448351,0.85));
#12229=CARTESIAN_POINT('Ctrl Pts',(3.80083174024387,2.72131826361913,0.8));
#12230=CARTESIAN_POINT('Ctrl Pts',(3.80083174024387,2.72131826361913,0.85));
#12231=CARTESIAN_POINT('Ctrl Pts',(3.8265339612034,2.73581015388884,0.8));
#12232=CARTESIAN_POINT('Ctrl Pts',(3.8265339612034,2.73581015388884,0.85));
#12233=CARTESIAN_POINT('Ctrl Pts',(3.84798867770122,2.75606812243684,0.8));
#12234=CARTESIAN_POINT('Ctrl Pts',(3.84798867770122,2.75606812243684,0.85));
#12235=CARTESIAN_POINT('Ctrl Pts',(3.85876065120101,2.76623923331499,0.8));
#12236=CARTESIAN_POINT('Ctrl Pts',(3.85876065120101,2.76623923331499,0.85));
#12237=CARTESIAN_POINT('',(3.78803407773376,2.71410245448351,0.85));
#12238=CARTESIAN_POINT('Ctrl Pts',(3.78803407773376,2.71410245448351,0.85));
#12239=CARTESIAN_POINT('Ctrl Pts',(3.80083174024387,2.72131826361913,0.85));
#12240=CARTESIAN_POINT('Ctrl Pts',(3.8265339612034,2.73581015388884,0.85));
#12241=CARTESIAN_POINT('Ctrl Pts',(3.84798867770122,2.75606812243684,0.85));
#12242=CARTESIAN_POINT('Ctrl Pts',(3.85876065120101,2.76623923331499,0.85));
#12243=CARTESIAN_POINT('',(3.78803407773376,2.71410245448351,0.8));
#12244=CARTESIAN_POINT('Ctrl Pts',(3.6760682426393,2.68717940896749,0.8));
#12245=CARTESIAN_POINT('Ctrl Pts',(3.6760682426393,2.68717940896749,0.85));
#12246=CARTESIAN_POINT('Ctrl Pts',(3.69534405784956,2.6883417683308,0.8));
#12247=CARTESIAN_POINT('Ctrl Pts',(3.69534405784956,2.6883417683308,0.85));
#12248=CARTESIAN_POINT('Ctrl Pts',(3.73425220858392,2.69068798574477,0.8));
#12249=CARTESIAN_POINT('Ctrl Pts',(3.73425220858392,2.69068798574477,0.85));
#12250=CARTESIAN_POINT('Ctrl Pts',(3.76999760814242,2.70625009903214,0.8));
#12251=CARTESIAN_POINT('Ctrl Pts',(3.76999760814242,2.70625009903214,0.85));
#12252=CARTESIAN_POINT('Ctrl Pts',(3.78803407773376,2.71410245448351,0.8));
#12253=CARTESIAN_POINT('Ctrl Pts',(3.78803407773376,2.71410245448351,0.85));
#12254=CARTESIAN_POINT('',(3.6760682426393,2.68717940896749,0.85));
#12255=CARTESIAN_POINT('Ctrl Pts',(3.6760682426393,2.68717940896749,0.85));
#12256=CARTESIAN_POINT('Ctrl Pts',(3.69534405784956,2.6883417683308,0.85));
#12257=CARTESIAN_POINT('Ctrl Pts',(3.73425220858392,2.69068798574477,0.85));
#12258=CARTESIAN_POINT('Ctrl Pts',(3.76999760814242,2.70625009903214,0.85));
#12259=CARTESIAN_POINT('Ctrl Pts',(3.78803407773376,2.71410245448351,0.85));
#12260=CARTESIAN_POINT('',(3.6760682426393,2.68717940896749,0.8));
#12261=CARTESIAN_POINT('Ctrl Pts',(3.61324792727828,2.7017093077302,0.8));
#12262=CARTESIAN_POINT('Ctrl Pts',(3.61324792727828,2.7017093077302,0.85));
#12263=CARTESIAN_POINT('Ctrl Pts',(3.62239758066626,2.69747853613416,0.8));
#12264=CARTESIAN_POINT('Ctrl Pts',(3.62239758066626,2.69747853613416,0.85));
#12265=CARTESIAN_POINT('Ctrl Pts',(3.64228175727124,2.68828415400582,0.8));
#12266=CARTESIAN_POINT('Ctrl Pts',(3.64228175727124,2.68828415400582,0.85));
#12267=CARTESIAN_POINT('Ctrl Pts',(3.66422313446316,2.68756671840035,0.8));
#12268=CARTESIAN_POINT('Ctrl Pts',(3.66422313446316,2.68756671840035,0.85));
#12269=CARTESIAN_POINT('Ctrl Pts',(3.6760682426393,2.68717940896749,0.8));
#12270=CARTESIAN_POINT('Ctrl Pts',(3.6760682426393,2.68717940896749,0.85));
#12271=CARTESIAN_POINT('',(3.61324792727828,2.7017093077302,0.85));
#12272=CARTESIAN_POINT('Ctrl Pts',(3.61324792727828,2.7017093077302,0.85));
#12273=CARTESIAN_POINT('Ctrl Pts',(3.62239758066626,2.69747853613416,0.85));
#12274=CARTESIAN_POINT('Ctrl Pts',(3.64228175727124,2.68828415400582,0.85));
#12275=CARTESIAN_POINT('Ctrl Pts',(3.66422313446316,2.68756671840035,0.85));
#12276=CARTESIAN_POINT('Ctrl Pts',(3.6760682426393,2.68717940896749,0.85));
#12277=CARTESIAN_POINT('',(3.61324792727828,2.7017093077302,0.8));
#12278=CARTESIAN_POINT('Ctrl Pts',(3.60213672742248,2.71880332380533,0.8));
#12279=CARTESIAN_POINT('Ctrl Pts',(3.60213672742248,2.71880332380533,0.85));
#12280=CARTESIAN_POINT('Ctrl Pts',(3.60272056230615,2.71545672448173,0.8));
#12281=CARTESIAN_POINT('Ctrl Pts',(3.60272056230615,2.71545672448173,0.85));
#12282=CARTESIAN_POINT('Ctrl Pts',(3.60397980499444,2.70823862079063,0.8));
#12283=CARTESIAN_POINT('Ctrl Pts',(3.60397980499444,2.70823862079063,0.85));
#12284=CARTESIAN_POINT('Ctrl Pts',(3.61001232366535,2.70398876286483,0.8));
#12285=CARTESIAN_POINT('Ctrl Pts',(3.61001232366535,2.70398876286483,0.85));
#12286=CARTESIAN_POINT('Ctrl Pts',(3.61324792727828,2.7017093077302,0.8));
#12287=CARTESIAN_POINT('Ctrl Pts',(3.61324792727828,2.7017093077302,0.85));
#12288=CARTESIAN_POINT('',(3.60213672742248,2.71880332380533,0.85));
#12289=CARTESIAN_POINT('Ctrl Pts',(3.60213672742248,2.71880332380533,0.85));
#12290=CARTESIAN_POINT('Ctrl Pts',(3.60272056230615,2.71545672448173,0.85));
#12291=CARTESIAN_POINT('Ctrl Pts',(3.60397980499444,2.70823862079063,0.85));
#12292=CARTESIAN_POINT('Ctrl Pts',(3.61001232366535,2.70398876286483,0.85));
#12293=CARTESIAN_POINT('Ctrl Pts',(3.61324792727828,2.7017093077302,0.85));
#12294=CARTESIAN_POINT('',(3.60213672742248,2.71880332380533,0.8));
#12295=CARTESIAN_POINT('Ctrl Pts',(3.60726481303573,2.73098278790712,0.8));
#12296=CARTESIAN_POINT('Ctrl Pts',(3.60726481303573,2.73098278790712,0.85));
#12297=CARTESIAN_POINT('Ctrl Pts',(3.60576917581425,2.72923904789823,0.8));
#12298=CARTESIAN_POINT('Ctrl Pts',(3.60576917581425,2.72923904789823,0.85));
#12299=CARTESIAN_POINT('Ctrl Pts',(3.60275867427854,2.72572915131417,0.8));
#12300=CARTESIAN_POINT('Ctrl Pts',(3.60275867427854,2.72572915131417,0.85));
#12301=CARTESIAN_POINT('Ctrl Pts',(3.60234492387086,2.7211217416499,0.8));
#12302=CARTESIAN_POINT('Ctrl Pts',(3.60234492387086,2.7211217416499,0.85));
#12303=CARTESIAN_POINT('Ctrl Pts',(3.60213672742248,2.71880332380533,0.8));
#12304=CARTESIAN_POINT('Ctrl Pts',(3.60213672742248,2.71880332380533,0.85));
#12305=CARTESIAN_POINT('',(3.60726481303573,2.73098278790712,0.85));
#12306=CARTESIAN_POINT('Ctrl Pts',(3.60726481303573,2.73098278790712,0.85));
#12307=CARTESIAN_POINT('Ctrl Pts',(3.60576917581425,2.72923904789823,0.85));
#12308=CARTESIAN_POINT('Ctrl Pts',(3.60275867427854,2.72572915131417,0.85));
#12309=CARTESIAN_POINT('Ctrl Pts',(3.60234492387086,2.7211217416499,0.85));
#12310=CARTESIAN_POINT('Ctrl Pts',(3.60213672742248,2.71880332380533,0.85));
#12311=CARTESIAN_POINT('',(3.60726481303573,2.73098278790712,0.8));
#12312=CARTESIAN_POINT('Ctrl Pts',(3.61965810880065,2.73589733988047,0.8));
#12313=CARTESIAN_POINT('Ctrl Pts',(3.61965810880065,2.73589733988047,0.85));
#12314=CARTESIAN_POINT('Ctrl Pts',(3.61733102791636,2.73569775889023,0.8));
#12315=CARTESIAN_POINT('Ctrl Pts',(3.61733102791636,2.73569775889023,0.85));
#12316=CARTESIAN_POINT('Ctrl Pts',(3.61270580528629,2.73530107886127,0.8));
#12317=CARTESIAN_POINT('Ctrl Pts',(3.61270580528629,2.73530107886127,0.85));
#12318=CARTESIAN_POINT('Ctrl Pts',(3.6090708961408,2.73241620151551,0.8));
#12319=CARTESIAN_POINT('Ctrl Pts',(3.6090708961408,2.73241620151551,0.85));
#12320=CARTESIAN_POINT('Ctrl Pts',(3.60726481303573,2.73098278790712,0.8));
#12321=CARTESIAN_POINT('Ctrl Pts',(3.60726481303573,2.73098278790712,0.85));
#12322=CARTESIAN_POINT('',(3.61965810880065,2.73589733988047,0.85));
#12323=CARTESIAN_POINT('Ctrl Pts',(3.61965810880065,2.73589733988047,0.85));
#12324=CARTESIAN_POINT('Ctrl Pts',(3.61733102791636,2.73569775889023,0.85));
#12325=CARTESIAN_POINT('Ctrl Pts',(3.61270580528629,2.73530107886127,0.85));
#12326=CARTESIAN_POINT('Ctrl Pts',(3.6090708961408,2.73241620151551,0.85));
#12327=CARTESIAN_POINT('Ctrl Pts',(3.60726481303573,2.73098278790712,0.85));
#12328=CARTESIAN_POINT('',(3.61965810880065,2.73589733988047,0.8));
#12329=CARTESIAN_POINT('Ctrl Pts',(3.63461529836059,2.73119647055864,0.8));
#12330=CARTESIAN_POINT('Ctrl Pts',(3.63461529836059,2.73119647055864,0.85));
#12331=CARTESIAN_POINT('Ctrl Pts',(3.63178324612912,2.73255086011777,0.8));
#12332=CARTESIAN_POINT('Ctrl Pts',(3.63178324612912,2.73255086011777,0.85));
#12333=CARTESIAN_POINT('Ctrl Pts',(3.62700797530752,2.73483456691914,0.8));
#12334=CARTESIAN_POINT('Ctrl Pts',(3.62700797530752,2.73483456691914,0.85));
#12335=CARTESIAN_POINT('Ctrl Pts',(3.62178394339767,2.73558994932747,0.8));
#12336=CARTESIAN_POINT('Ctrl Pts',(3.62178394339767,2.73558994932747,0.85));
#12337=CARTESIAN_POINT('Ctrl Pts',(3.61965810880065,2.73589733988047,0.8));
#12338=CARTESIAN_POINT('Ctrl Pts',(3.61965810880065,2.73589733988047,0.85));
#12339=CARTESIAN_POINT('',(3.63461529836059,2.73119647055864,0.85));
#12340=CARTESIAN_POINT('Ctrl Pts',(3.63461529836059,2.73119647055864,0.85));
#12341=CARTESIAN_POINT('Ctrl Pts',(3.63178324612912,2.73255086011777,0.85));
#12342=CARTESIAN_POINT('Ctrl Pts',(3.62700797530752,2.73483456691914,0.85));
#12343=CARTESIAN_POINT('Ctrl Pts',(3.62178394339767,2.73558994932747,0.85));
#12344=CARTESIAN_POINT('Ctrl Pts',(3.61965810880065,2.73589733988047,0.85));
#12345=CARTESIAN_POINT('',(3.63461529836059,2.73119647055864,0.8));
#12346=CARTESIAN_POINT('Ctrl Pts',(3.67307698354125,2.72307682782412,0.8));
#12347=CARTESIAN_POINT('Ctrl Pts',(3.67307698354125,2.72307682782412,0.85));
#12348=CARTESIAN_POINT('Ctrl Pts',(3.66615313981758,2.72335466276068,0.8));
#12349=CARTESIAN_POINT('Ctrl Pts',(3.66615313981758,2.72335466276068,0.85));
#12350=CARTESIAN_POINT('Ctrl Pts',(3.65286285027585,2.72388796577836,0.8));
#12351=CARTESIAN_POINT('Ctrl Pts',(3.65286285027585,2.72388796577836,0.85));
#12352=CARTESIAN_POINT('Ctrl Pts',(3.64052533624096,2.72882938371319,0.8));
#12353=CARTESIAN_POINT('Ctrl Pts',(3.64052533624096,2.72882938371319,0.85));
#12354=CARTESIAN_POINT('Ctrl Pts',(3.63461529836059,2.73119647055864,0.8));
#12355=CARTESIAN_POINT('Ctrl Pts',(3.63461529836059,2.73119647055864,0.85));
#12356=CARTESIAN_POINT('',(3.67307698354125,2.72307682782412,0.85));
#12357=CARTESIAN_POINT('Ctrl Pts',(3.67307698354125,2.72307682782412,0.85));
#12358=CARTESIAN_POINT('Ctrl Pts',(3.66615313981758,2.72335466276068,0.85));
#12359=CARTESIAN_POINT('Ctrl Pts',(3.65286285027585,2.72388796577836,0.85));
#12360=CARTESIAN_POINT('Ctrl Pts',(3.64052533624096,2.72882938371319,0.85));
#12361=CARTESIAN_POINT('Ctrl Pts',(3.63461529836059,2.73119647055864,0.85));
#12362=CARTESIAN_POINT('',(3.67307698354125,2.72307682782412,0.8));
#12363=CARTESIAN_POINT('Ctrl Pts',(3.82948702201247,2.78867516666651,0.8));
#12364=CARTESIAN_POINT('Ctrl Pts',(3.82948702201247,2.78867516666651,0.85));
#12365=CARTESIAN_POINT('Ctrl Pts',(3.80669848129271,2.76954246708291,0.8));
#12366=CARTESIAN_POINT('Ctrl Pts',(3.80669848129271,2.76954246708291,0.85));
#12367=CARTESIAN_POINT('Ctrl Pts',(3.76134251546328,2.73146271115602,0.8));
#12368=CARTESIAN_POINT('Ctrl Pts',(3.76134251546328,2.73146271115602,0.85));
#12369=CARTESIAN_POINT('Ctrl Pts',(3.70240304859595,2.72586302255695,0.8));
#12370=CARTESIAN_POINT('Ctrl Pts',(3.70240304859595,2.72586302255695,0.85));
#12371=CARTESIAN_POINT('Ctrl Pts',(3.67307698354125,2.72307682782412,0.8));
#12372=CARTESIAN_POINT('Ctrl Pts',(3.67307698354125,2.72307682782412,0.85));
#12373=CARTESIAN_POINT('',(3.82948702201247,2.78867516666651,0.85));
#12374=CARTESIAN_POINT('Ctrl Pts',(3.82948702201247,2.78867516666651,0.85));
#12375=CARTESIAN_POINT('Ctrl Pts',(3.80669848129271,2.76954246708291,0.85));
#12376=CARTESIAN_POINT('Ctrl Pts',(3.76134251546328,2.73146271115602,0.85));
#12377=CARTESIAN_POINT('Ctrl Pts',(3.70240304859595,2.72586302255695,0.85));
#12378=CARTESIAN_POINT('Ctrl Pts',(3.67307698354125,2.72307682782412,0.85));
#12379=CARTESIAN_POINT('',(3.82948702201247,2.78867516666651,0.8));
#12380=CARTESIAN_POINT('Ctrl Pts',(3.89487182721496,2.95299138873816,0.8));
#12381=CARTESIAN_POINT('Ctrl Pts',(3.89487182721496,2.95299138873816,0.85));
#12382=CARTESIAN_POINT('Ctrl Pts',(3.89234788847881,2.92166903133715,0.8));
#12383=CARTESIAN_POINT('Ctrl Pts',(3.89234788847881,2.92166903133715,0.85));
#12384=CARTESIAN_POINT('Ctrl Pts',(3.88738874407451,2.86012550367159,0.8));
#12385=CARTESIAN_POINT('Ctrl Pts',(3.88738874407451,2.86012550367159,0.85));
#12386=CARTESIAN_POINT('Ctrl Pts',(3.84855598688152,2.81220614152718,0.8));
#12387=CARTESIAN_POINT('Ctrl Pts',(3.84855598688152,2.81220614152718,0.85));
#12388=CARTESIAN_POINT('Ctrl Pts',(3.82948702201247,2.78867516666651,0.8));
#12389=CARTESIAN_POINT('Ctrl Pts',(3.82948702201247,2.78867516666651,0.85));
#12390=CARTESIAN_POINT('',(3.89487182721496,2.95299138873816,0.85));
#12391=CARTESIAN_POINT('Ctrl Pts',(3.89487182721496,2.95299138873816,0.85));
#12392=CARTESIAN_POINT('Ctrl Pts',(3.89234788847881,2.92166903133715,0.85));
#12393=CARTESIAN_POINT('Ctrl Pts',(3.88738874407451,2.86012550367159,0.85));
#12394=CARTESIAN_POINT('Ctrl Pts',(3.84855598688152,2.81220614152718,0.85));
#12395=CARTESIAN_POINT('Ctrl Pts',(3.82948702201247,2.78867516666651,0.85));
#12396=CARTESIAN_POINT('',(3.89487182721496,2.95299138873816,0.8));
#12397=CARTESIAN_POINT('Ctrl Pts',(3.8931623660028,3.00341870635748,0.8));
#12398=CARTESIAN_POINT('Ctrl Pts',(3.8931623660028,3.00341870635748,0.85));
#12399=CARTESIAN_POINT('Ctrl Pts',(3.89365748433803,2.99380551092543,0.8));
#12400=CARTESIAN_POINT('Ctrl Pts',(3.89365748433803,2.99380551092543,0.85));
#12401=CARTESIAN_POINT('Ctrl Pts',(3.89452273236151,2.97700589403567,0.8));
#12402=CARTESIAN_POINT('Ctrl Pts',(3.89452273236151,2.97700589403567,0.85));
#12403=CARTESIAN_POINT('Ctrl Pts',(3.89476723542246,2.96018633913665,0.8));
#12404=CARTESIAN_POINT('Ctrl Pts',(3.89476723542246,2.96018633913665,0.85));
#12405=CARTESIAN_POINT('Ctrl Pts',(3.89487182721496,2.95299138873816,0.8));
#12406=CARTESIAN_POINT('Ctrl Pts',(3.89487182721496,2.95299138873816,0.85));
#12407=CARTESIAN_POINT('Ctrl Pts',(3.8931623660028,3.00341870635748,0.85));
#12408=CARTESIAN_POINT('Ctrl Pts',(3.89365748433803,2.99380551092543,0.85));
#12409=CARTESIAN_POINT('Ctrl Pts',(3.89452273236151,2.97700589403567,0.85));
#12410=CARTESIAN_POINT('Ctrl Pts',(3.89476723542246,2.96018633913665,0.85));
#12411=CARTESIAN_POINT('Ctrl Pts',(3.89487182721496,2.95299138873816,0.85));
#12412=CARTESIAN_POINT('Origin',(2.417948609218,2.96752130612731,0.85));
#12413=CARTESIAN_POINT('Origin',(2.5,3.,0.8));
#12414=CARTESIAN_POINT('Ctrl Pts',(2.77970081195235,3.1797007843852,0.8));
#12415=CARTESIAN_POINT('Ctrl Pts',(2.77970081195235,3.1797007843852,0.85));
#12416=CARTESIAN_POINT('Ctrl Pts',(2.78973441488063,3.16819316723931,0.8));
#12417=CARTESIAN_POINT('Ctrl Pts',(2.78973441488063,3.16819316723931,0.85));
#12418=CARTESIAN_POINT('Ctrl Pts',(2.80961035539205,3.14539729665772,0.8));
#12419=CARTESIAN_POINT('Ctrl Pts',(2.80961035539205,3.14539729665772,0.85));
#12420=CARTESIAN_POINT('Ctrl Pts',(2.81261477342986,3.11532080888161,0.8));
#12421=CARTESIAN_POINT('Ctrl Pts',(2.81261477342986,3.11532080888161,0.85));
#12422=CARTESIAN_POINT('Ctrl Pts',(2.81410252675414,3.10042727738619,0.8));
#12423=CARTESIAN_POINT('Ctrl Pts',(2.81410252675414,3.10042727738619,0.85));
#12424=CARTESIAN_POINT('',(2.81410252675414,3.10042727738619,0.8));
#12425=CARTESIAN_POINT('',(2.77970081195235,3.1797007843852,0.8));
#12426=CARTESIAN_POINT('Ctrl Pts',(2.81410252675414,3.10042727738619,0.8));
#12427=CARTESIAN_POINT('Ctrl Pts',(2.81261477342986,3.11532080888161,0.8));
#12428=CARTESIAN_POINT('Ctrl Pts',(2.80961035539205,3.14539729665772,0.8));
#12429=CARTESIAN_POINT('Ctrl Pts',(2.78973441488063,3.16819316723931,0.8));
#12430=CARTESIAN_POINT('Ctrl Pts',(2.77970081195235,3.1797007843852,0.8));
#12431=CARTESIAN_POINT('',(2.81410252675414,3.10042727738619,0.85));
#12432=CARTESIAN_POINT('',(2.81410252675414,3.10042727738619,0.8));
#12433=CARTESIAN_POINT('',(2.77970081195235,3.1797007843852,0.85));
#12434=CARTESIAN_POINT('Ctrl Pts',(2.77970081195235,3.1797007843852,0.85));
#12435=CARTESIAN_POINT('Ctrl Pts',(2.78973441488063,3.16819316723931,0.85));
#12436=CARTESIAN_POINT('Ctrl Pts',(2.80961035539205,3.14539729665772,0.85));
#12437=CARTESIAN_POINT('Ctrl Pts',(2.81261477342986,3.11532080888161,0.85));
#12438=CARTESIAN_POINT('Ctrl Pts',(2.81410252675414,3.10042727738619,0.85));
#12439=CARTESIAN_POINT('',(2.77970081195235,3.1797007843852,0.8));
#12440=CARTESIAN_POINT('Ctrl Pts',(2.69529914483428,3.21282044053078,0.8));
#12441=CARTESIAN_POINT('Ctrl Pts',(2.69529914483428,3.21282044053078,0.85));
#12442=CARTESIAN_POINT('Ctrl Pts',(2.71124011238102,3.21151268742324,0.8));
#12443=CARTESIAN_POINT('Ctrl Pts',(2.71124011238102,3.21151268742324,0.85));
#12444=CARTESIAN_POINT('Ctrl Pts',(2.74271804110463,3.20893032477892,0.8));
#12445=CARTESIAN_POINT('Ctrl Pts',(2.74271804110463,3.20893032477892,0.85));
#12446=CARTESIAN_POINT('Ctrl Pts',(2.7674791545989,3.18936023983168,0.8));
#12447=CARTESIAN_POINT('Ctrl Pts',(2.7674791545989,3.18936023983168,0.85));
#12448=CARTESIAN_POINT('Ctrl Pts',(2.77970081195235,3.1797007843852,0.8));
#12449=CARTESIAN_POINT('Ctrl Pts',(2.77970081195235,3.1797007843852,0.85));
#12450=CARTESIAN_POINT('',(2.69529914483428,3.21282044053078,0.8));
#12451=CARTESIAN_POINT('Ctrl Pts',(2.77970081195235,3.1797007843852,0.8));
#12452=CARTESIAN_POINT('Ctrl Pts',(2.7674791545989,3.18936023983168,0.8));
#12453=CARTESIAN_POINT('Ctrl Pts',(2.74271804110463,3.20893032477892,0.8));
#12454=CARTESIAN_POINT('Ctrl Pts',(2.71124011238102,3.21151268742324,0.8));
#12455=CARTESIAN_POINT('Ctrl Pts',(2.69529914483428,3.21282044053078,0.8));
#12456=CARTESIAN_POINT('',(2.69529914483428,3.21282044053078,0.85));
#12457=CARTESIAN_POINT('Ctrl Pts',(2.69529914483428,3.21282044053078,0.85));
#12458=CARTESIAN_POINT('Ctrl Pts',(2.71124011238102,3.21151268742324,0.85));
#12459=CARTESIAN_POINT('Ctrl Pts',(2.74271804110463,3.20893032477892,0.85));
#12460=CARTESIAN_POINT('Ctrl Pts',(2.7674791545989,3.18936023983168,0.85));
#12461=CARTESIAN_POINT('Ctrl Pts',(2.77970081195235,3.1797007843852,0.85));
#12462=CARTESIAN_POINT('',(2.69529914483428,3.21282044053078,0.8));
#12463=CARTESIAN_POINT('Ctrl Pts',(2.61132469400764,3.17948710173368,0.8));
#12464=CARTESIAN_POINT('Ctrl Pts',(2.61132469400764,3.17948710173368,0.85));
#12465=CARTESIAN_POINT('Ctrl Pts',(2.6235018622126,3.18920906826464,0.8));
#12466=CARTESIAN_POINT('Ctrl Pts',(2.6235018622126,3.18920906826464,0.85));
#12467=CARTESIAN_POINT('Ctrl Pts',(2.64809183727871,3.2088411297231,0.8));
#12468=CARTESIAN_POINT('Ctrl Pts',(2.64809183727871,3.2088411297231,0.85));
#12469=CARTESIAN_POINT('Ctrl Pts',(2.67946316816977,3.21148555666736,0.8));
#12470=CARTESIAN_POINT('Ctrl Pts',(2.67946316816977,3.21148555666736,0.85));
#12471=CARTESIAN_POINT('Ctrl Pts',(2.69529914483428,3.21282044053078,0.8));
#12472=CARTESIAN_POINT('Ctrl Pts',(2.69529914483428,3.21282044053078,0.85));
#12473=CARTESIAN_POINT('',(2.61132469400764,3.17948710173368,0.8));
#12474=CARTESIAN_POINT('Ctrl Pts',(2.69529914483428,3.21282044053078,0.8));
#12475=CARTESIAN_POINT('Ctrl Pts',(2.67946316816977,3.21148555666736,0.8));
#12476=CARTESIAN_POINT('Ctrl Pts',(2.64809183727871,3.2088411297231,0.8));
#12477=CARTESIAN_POINT('Ctrl Pts',(2.6235018622126,3.18920906826464,0.8));
#12478=CARTESIAN_POINT('Ctrl Pts',(2.61132469400764,3.17948710173368,0.8));
#12479=CARTESIAN_POINT('',(2.61132469400764,3.17948710173368,0.85));
#12480=CARTESIAN_POINT('Ctrl Pts',(2.61132469400764,3.17948710173368,0.85));
#12481=CARTESIAN_POINT('Ctrl Pts',(2.6235018622126,3.18920906826464,0.85));
#12482=CARTESIAN_POINT('Ctrl Pts',(2.64809183727871,3.2088411297231,0.85));
#12483=CARTESIAN_POINT('Ctrl Pts',(2.67946316816977,3.21148555666736,0.85));
#12484=CARTESIAN_POINT('Ctrl Pts',(2.69529914483428,3.21282044053078,0.85));
#12485=CARTESIAN_POINT('',(2.61132469400764,3.17948710173368,0.8));
#12486=CARTESIAN_POINT('Ctrl Pts',(2.57692297920585,3.10085460543633,0.8));
#12487=CARTESIAN_POINT('Ctrl Pts',(2.57692297920585,3.10085460543633,0.85));
#12488=CARTESIAN_POINT('Ctrl Pts',(2.57844467092722,3.1155403399433,0.8));
#12489=CARTESIAN_POINT('Ctrl Pts',(2.57844467092722,3.1155403399433,0.85));
#12490=CARTESIAN_POINT('Ctrl Pts',(2.58153678107475,3.14538206678916,0.8));
#12491=CARTESIAN_POINT('Ctrl Pts',(2.58153678107475,3.14538206678916,0.85));
#12492=CARTESIAN_POINT('Ctrl Pts',(2.60129162147904,3.16799994954683,0.8));
#12493=CARTESIAN_POINT('Ctrl Pts',(2.60129162147904,3.16799994954683,0.85));
#12494=CARTESIAN_POINT('Ctrl Pts',(2.61132469400764,3.17948710173368,0.8));
#12495=CARTESIAN_POINT('Ctrl Pts',(2.61132469400764,3.17948710173368,0.85));
#12496=CARTESIAN_POINT('',(2.57692297920585,3.10085460543633,0.8));
#12497=CARTESIAN_POINT('Ctrl Pts',(2.61132469400764,3.17948710173368,0.8));
#12498=CARTESIAN_POINT('Ctrl Pts',(2.60129162147904,3.16799994954683,0.8));
#12499=CARTESIAN_POINT('Ctrl Pts',(2.58153678107475,3.14538206678916,0.8));
#12500=CARTESIAN_POINT('Ctrl Pts',(2.57844467092722,3.1155403399433,0.8));
#12501=CARTESIAN_POINT('Ctrl Pts',(2.57692297920585,3.10085460543633,0.8));
#12502=CARTESIAN_POINT('',(2.57692297920585,3.10085460543633,0.85));
#12503=CARTESIAN_POINT('Ctrl Pts',(2.57692297920585,3.10085460543633,0.85));
#12504=CARTESIAN_POINT('Ctrl Pts',(2.57844467092722,3.1155403399433,0.85));
#12505=CARTESIAN_POINT('Ctrl Pts',(2.58153678107475,3.14538206678916,0.85));
#12506=CARTESIAN_POINT('Ctrl Pts',(2.60129162147904,3.16799994954683,0.85));
#12507=CARTESIAN_POINT('Ctrl Pts',(2.61132469400764,3.17948710173368,0.85));
#12508=CARTESIAN_POINT('',(2.57692297920585,3.10085460543633,0.8));
#12509=CARTESIAN_POINT('Ctrl Pts',(2.61089747771621,3.02756402641535,0.8));
#12510=CARTESIAN_POINT('Ctrl Pts',(2.61089747771621,3.02756402641535,0.85));
#12511=CARTESIAN_POINT('Ctrl Pts',(2.60099052542519,3.0382620462383,0.8));
#12512=CARTESIAN_POINT('Ctrl Pts',(2.60099052542519,3.0382620462383,0.85));
#12513=CARTESIAN_POINT('Ctrl Pts',(2.58172190891169,3.05906925670697,0.8));
#12514=CARTESIAN_POINT('Ctrl Pts',(2.58172190891169,3.05906925670697,0.85));
#12515=CARTESIAN_POINT('Ctrl Pts',(2.57849215587399,3.08719143503884,0.8));
#12516=CARTESIAN_POINT('Ctrl Pts',(2.57849215587399,3.08719143503884,0.85));
#12517=CARTESIAN_POINT('Ctrl Pts',(2.57692297920585,3.10085460543633,0.8));
#12518=CARTESIAN_POINT('Ctrl Pts',(2.57692297920585,3.10085460543633,0.85));
#12519=CARTESIAN_POINT('',(2.61089747771621,3.02756402641535,0.8));
#12520=CARTESIAN_POINT('Ctrl Pts',(2.57692297920585,3.10085460543633,0.8));
#12521=CARTESIAN_POINT('Ctrl Pts',(2.57849215587399,3.08719143503884,0.8));
#12522=CARTESIAN_POINT('Ctrl Pts',(2.58172190891169,3.05906925670697,0.8));
#12523=CARTESIAN_POINT('Ctrl Pts',(2.60099052542519,3.0382620462383,0.8));
#12524=CARTESIAN_POINT('Ctrl Pts',(2.61089747771621,3.02756402641535,0.8));
#12525=CARTESIAN_POINT('',(2.61089747771621,3.02756402641535,0.85));
#12526=CARTESIAN_POINT('Ctrl Pts',(2.61089747771621,3.02756402641535,0.85));
#12527=CARTESIAN_POINT('Ctrl Pts',(2.60099052542519,3.0382620462383,0.85));
#12528=CARTESIAN_POINT('Ctrl Pts',(2.58172190891169,3.05906925670697,0.85));
#12529=CARTESIAN_POINT('Ctrl Pts',(2.57849215587399,3.08719143503884,0.85));
#12530=CARTESIAN_POINT('Ctrl Pts',(2.57692297920585,3.10085460543633,0.85));
#12531=CARTESIAN_POINT('',(2.61089747771621,3.02756402641535,0.8));
#12532=CARTESIAN_POINT('Ctrl Pts',(2.69529914483428,2.99615375697613,0.8));
#12533=CARTESIAN_POINT('Ctrl Pts',(2.69529914483428,2.99615375697613,0.85));
#12534=CARTESIAN_POINT('Ctrl Pts',(2.67931821316416,2.99733293839346,0.8));
#12535=CARTESIAN_POINT('Ctrl Pts',(2.67931821316416,2.99733293839346,0.85));
#12536=CARTESIAN_POINT('Ctrl Pts',(2.64810160931752,2.99963631093318,0.8));
#12537=CARTESIAN_POINT('Ctrl Pts',(2.64810160931752,2.99963631093318,0.85));
#12538=CARTESIAN_POINT('Ctrl Pts',(2.62309989277994,3.01840414117069,0.8));
#12539=CARTESIAN_POINT('Ctrl Pts',(2.62309989277994,3.01840414117069,0.85));
#12540=CARTESIAN_POINT('Ctrl Pts',(2.61089747771621,3.02756402641535,0.8));
#12541=CARTESIAN_POINT('Ctrl Pts',(2.61089747771621,3.02756402641535,0.85));
#12542=CARTESIAN_POINT('',(2.69529914483428,2.99615375697613,0.8));
#12543=CARTESIAN_POINT('Ctrl Pts',(2.61089747771621,3.02756402641535,0.8));
#12544=CARTESIAN_POINT('Ctrl Pts',(2.62309989277994,3.01840414117069,0.8));
#12545=CARTESIAN_POINT('Ctrl Pts',(2.64810160931752,2.99963631093318,0.8));
#12546=CARTESIAN_POINT('Ctrl Pts',(2.67931821316416,2.99733293839346,0.8));
#12547=CARTESIAN_POINT('Ctrl Pts',(2.69529914483428,2.99615375697613,0.8));
#12548=CARTESIAN_POINT('',(2.69529914483428,2.99615375697613,0.85));
#12549=CARTESIAN_POINT('Ctrl Pts',(2.69529914483428,2.99615375697613,0.85));
#12550=CARTESIAN_POINT('Ctrl Pts',(2.67931821316416,2.99733293839346,0.85));
#12551=CARTESIAN_POINT('Ctrl Pts',(2.64810160931752,2.99963631093318,0.85));
#12552=CARTESIAN_POINT('Ctrl Pts',(2.62309989277994,3.01840414117069,0.85));
#12553=CARTESIAN_POINT('Ctrl Pts',(2.61089747771621,3.02756402641535,0.85));
#12554=CARTESIAN_POINT('',(2.69529914483428,2.99615375697613,0.8));
#12555=CARTESIAN_POINT('Ctrl Pts',(2.78012817725539,3.02756402641535,0.8));
#12556=CARTESIAN_POINT('Ctrl Pts',(2.78012817725539,3.02756402641535,0.85));
#12557=CARTESIAN_POINT('Ctrl Pts',(2.76788830502696,3.01840445521271,0.8));
#12558=CARTESIAN_POINT('Ctrl Pts',(2.76788830502696,3.01840445521271,0.85));
#12559=CARTESIAN_POINT('Ctrl Pts',(2.74274956211049,2.99959215869598,0.8));
#12560=CARTESIAN_POINT('Ctrl Pts',(2.74274956211049,2.99959215869598,0.85));
#12561=CARTESIAN_POINT('Ctrl Pts',(2.71138997542379,2.99731974755637,0.8));
#12562=CARTESIAN_POINT('Ctrl Pts',(2.71138997542379,2.99731974755637,0.85));
#12563=CARTESIAN_POINT('Ctrl Pts',(2.69529914483428,2.99615375697613,0.8));
#12564=CARTESIAN_POINT('Ctrl Pts',(2.69529914483428,2.99615375697613,0.85));
#12565=CARTESIAN_POINT('',(2.78012817725539,3.02756402641535,0.8));
#12566=CARTESIAN_POINT('Ctrl Pts',(2.69529914483428,2.99615375697613,0.8));
#12567=CARTESIAN_POINT('Ctrl Pts',(2.71138997542379,2.99731974755637,0.8));
#12568=CARTESIAN_POINT('Ctrl Pts',(2.74274956211049,2.99959215869598,0.8));
#12569=CARTESIAN_POINT('Ctrl Pts',(2.76788830502696,3.01840445521271,0.8));
#12570=CARTESIAN_POINT('Ctrl Pts',(2.78012817725539,3.02756402641535,0.8));
#12571=CARTESIAN_POINT('',(2.78012817725539,3.02756402641535,0.85));
#12572=CARTESIAN_POINT('Ctrl Pts',(2.78012817725539,3.02756402641535,0.85));
#12573=CARTESIAN_POINT('Ctrl Pts',(2.76788830502696,3.01840445521271,0.85));
#12574=CARTESIAN_POINT('Ctrl Pts',(2.74274956211049,2.99959215869598,0.85));
#12575=CARTESIAN_POINT('Ctrl Pts',(2.71138997542379,2.99731974755637,0.85));
#12576=CARTESIAN_POINT('Ctrl Pts',(2.69529914483428,2.99615375697613,0.85));
#12577=CARTESIAN_POINT('',(2.78012817725539,3.02756402641535,0.8));
#12578=CARTESIAN_POINT('Ctrl Pts',(2.81410252675414,3.10042727738619,0.8));
#12579=CARTESIAN_POINT('Ctrl Pts',(2.81410252675414,3.10042727738619,0.85));
#12580=CARTESIAN_POINT('Ctrl Pts',(2.81251830242754,3.0868753818152,0.8));
#12581=CARTESIAN_POINT('Ctrl Pts',(2.81251830242754,3.0868753818152,0.85));
#12582=CARTESIAN_POINT('Ctrl Pts',(2.80924780528457,3.05889863950512,0.8));
#12583=CARTESIAN_POINT('Ctrl Pts',(2.80924780528457,3.05889863950512,0.85));
#12584=CARTESIAN_POINT('Ctrl Pts',(2.79003455531431,3.03822393330998,0.8));
#12585=CARTESIAN_POINT('Ctrl Pts',(2.79003455531431,3.03822393330998,0.85));
#12586=CARTESIAN_POINT('Ctrl Pts',(2.78012817725539,3.02756402641535,0.8));
#12587=CARTESIAN_POINT('Ctrl Pts',(2.78012817725539,3.02756402641535,0.85));
#12588=CARTESIAN_POINT('Ctrl Pts',(2.78012817725539,3.02756402641535,0.8));
#12589=CARTESIAN_POINT('Ctrl Pts',(2.79003455531431,3.03822393330998,0.8));
#12590=CARTESIAN_POINT('Ctrl Pts',(2.80924780528457,3.05889863950512,0.8));
#12591=CARTESIAN_POINT('Ctrl Pts',(2.81251830242754,3.0868753818152,0.8));
#12592=CARTESIAN_POINT('Ctrl Pts',(2.81410252675414,3.10042727738619,0.8));
#12593=CARTESIAN_POINT('Ctrl Pts',(2.81410252675414,3.10042727738619,0.85));
#12594=CARTESIAN_POINT('Ctrl Pts',(2.81251830242754,3.0868753818152,0.85));
#12595=CARTESIAN_POINT('Ctrl Pts',(2.80924780528457,3.05889863950512,0.85));
#12596=CARTESIAN_POINT('Ctrl Pts',(2.79003455531431,3.03822393330998,0.85));
#12597=CARTESIAN_POINT('Ctrl Pts',(2.78012817725539,3.02756402641535,0.85));
#12598=CARTESIAN_POINT('Ctrl Pts',(2.78717940673232,2.9256409406662,0.8));
#12599=CARTESIAN_POINT('Ctrl Pts',(2.78717940673232,2.9256409406662,0.85));
#12600=CARTESIAN_POINT('Ctrl Pts',(2.79789764616813,2.91360157042455,0.8));
#12601=CARTESIAN_POINT('Ctrl Pts',(2.79789764616813,2.91360157042455,0.85));
#12602=CARTESIAN_POINT('Ctrl Pts',(2.81892892159755,2.88997797878291,0.8));
#12603=CARTESIAN_POINT('Ctrl Pts',(2.81892892159755,2.88997797878291,0.85));
#12604=CARTESIAN_POINT('Ctrl Pts',(2.8222856184994,2.85856579356312,0.8));
#12605=CARTESIAN_POINT('Ctrl Pts',(2.8222856184994,2.85856579356312,0.85));
#12606=CARTESIAN_POINT('Ctrl Pts',(2.82393163070083,2.8431623056531,0.8));
#12607=CARTESIAN_POINT('Ctrl Pts',(2.82393163070083,2.8431623056531,0.85));
#12608=CARTESIAN_POINT('',(2.82393163070083,2.8431623056531,0.8));
#12609=CARTESIAN_POINT('',(2.78717940673232,2.9256409406662,0.8));
#12610=CARTESIAN_POINT('Ctrl Pts',(2.82393163070083,2.8431623056531,0.8));
#12611=CARTESIAN_POINT('Ctrl Pts',(2.8222856184994,2.85856579356312,0.8));
#12612=CARTESIAN_POINT('Ctrl Pts',(2.81892892159755,2.88997797878291,0.8));
#12613=CARTESIAN_POINT('Ctrl Pts',(2.79789764616813,2.91360157042455,0.8));
#12614=CARTESIAN_POINT('Ctrl Pts',(2.78717940673232,2.9256409406662,0.8));
#12615=CARTESIAN_POINT('',(2.82393163070083,2.8431623056531,0.85));
#12616=CARTESIAN_POINT('',(2.82393163070083,2.8431623056531,0.8));
#12617=CARTESIAN_POINT('',(2.78717940673232,2.9256409406662,0.85));
#12618=CARTESIAN_POINT('Ctrl Pts',(2.78717940673232,2.9256409406662,0.85));
#12619=CARTESIAN_POINT('Ctrl Pts',(2.79789764616813,2.91360157042455,0.85));
#12620=CARTESIAN_POINT('Ctrl Pts',(2.81892892159755,2.88997797878291,0.85));
#12621=CARTESIAN_POINT('Ctrl Pts',(2.8222856184994,2.85856579356312,0.85));
#12622=CARTESIAN_POINT('Ctrl Pts',(2.82393163070083,2.8431623056531,0.85));
#12623=CARTESIAN_POINT('',(2.78717940673232,2.9256409406662,0.8));
#12624=CARTESIAN_POINT('Ctrl Pts',(2.69572651013732,2.96068366616964,0.8));
#12625=CARTESIAN_POINT('Ctrl Pts',(2.69572651013732,2.96068366616964,0.85));
#12626=CARTESIAN_POINT('Ctrl Pts',(2.71307927069379,2.9593484385208,0.8));
#12627=CARTESIAN_POINT('Ctrl Pts',(2.71307927069379,2.9593484385208,0.85));
#12628=CARTESIAN_POINT('Ctrl Pts',(2.74708009921235,2.95673220658619,0.8));
#12629=CARTESIAN_POINT('Ctrl Pts',(2.74708009921235,2.95673220658619,0.85));
#12630=CARTESIAN_POINT('Ctrl Pts',(2.77399894194016,2.93586050207878,0.8));
#12631=CARTESIAN_POINT('Ctrl Pts',(2.77399894194016,2.93586050207878,0.85));
#12632=CARTESIAN_POINT('Ctrl Pts',(2.78717940673232,2.9256409406662,0.8));
#12633=CARTESIAN_POINT('Ctrl Pts',(2.78717940673232,2.9256409406662,0.85));
#12634=CARTESIAN_POINT('',(2.69572651013732,2.96068366616964,0.8));
#12635=CARTESIAN_POINT('Ctrl Pts',(2.78717940673232,2.9256409406662,0.8));
#12636=CARTESIAN_POINT('Ctrl Pts',(2.77399894194016,2.93586050207878,0.8));
#12637=CARTESIAN_POINT('Ctrl Pts',(2.74708009921235,2.95673220658619,0.8));
#12638=CARTESIAN_POINT('Ctrl Pts',(2.71307927069379,2.9593484385208,0.8));
#12639=CARTESIAN_POINT('Ctrl Pts',(2.69572651013732,2.96068366616964,0.8));
#12640=CARTESIAN_POINT('',(2.69572651013732,2.96068366616964,0.85));
#12641=CARTESIAN_POINT('Ctrl Pts',(2.69572651013732,2.96068366616964,0.85));
#12642=CARTESIAN_POINT('Ctrl Pts',(2.71307927069379,2.9593484385208,0.85));
#12643=CARTESIAN_POINT('Ctrl Pts',(2.74708009921235,2.95673220658619,0.85));
#12644=CARTESIAN_POINT('Ctrl Pts',(2.77399894194016,2.93586050207878,0.85));
#12645=CARTESIAN_POINT('Ctrl Pts',(2.78717940673232,2.9256409406662,0.85));
#12646=CARTESIAN_POINT('',(2.69572651013732,2.96068366616964,0.8));
#12647=CARTESIAN_POINT('Ctrl Pts',(2.60427346453071,2.9256409406662,0.8));
#12648=CARTESIAN_POINT('Ctrl Pts',(2.60427346453071,2.9256409406662,0.85));
#12649=CARTESIAN_POINT('Ctrl Pts',(2.61745392981008,2.93586050190982,0.8));
#12650=CARTESIAN_POINT('Ctrl Pts',(2.61745392981008,2.93586050190982,0.85));
#12651=CARTESIAN_POINT('Ctrl Pts',(2.64437281309797,2.95673223674917,0.8));
#12652=CARTESIAN_POINT('Ctrl Pts',(2.64437281309797,2.95673223674917,0.85));
#12653=CARTESIAN_POINT('Ctrl Pts',(2.67837369689805,2.95934844746652,0.8));
#12654=CARTESIAN_POINT('Ctrl Pts',(2.67837369689805,2.95934844746652,0.85));
#12655=CARTESIAN_POINT('Ctrl Pts',(2.69572651013732,2.96068366616964,0.8));
#12656=CARTESIAN_POINT('Ctrl Pts',(2.69572651013732,2.96068366616964,0.85));
#12657=CARTESIAN_POINT('',(2.60427346453071,2.9256409406662,0.8));
#12658=CARTESIAN_POINT('Ctrl Pts',(2.69572651013732,2.96068366616964,0.8));
#12659=CARTESIAN_POINT('Ctrl Pts',(2.67837369689805,2.95934844746652,0.8));
#12660=CARTESIAN_POINT('Ctrl Pts',(2.64437281309797,2.95673223674917,0.8));
#12661=CARTESIAN_POINT('Ctrl Pts',(2.61745392981008,2.93586050190982,0.8));
#12662=CARTESIAN_POINT('Ctrl Pts',(2.60427346453071,2.9256409406662,0.8));
#12663=CARTESIAN_POINT('',(2.60427346453071,2.9256409406662,0.85));
#12664=CARTESIAN_POINT('Ctrl Pts',(2.60427346453071,2.9256409406662,0.85));
#12665=CARTESIAN_POINT('Ctrl Pts',(2.61745392981008,2.93586050190982,0.85));
#12666=CARTESIAN_POINT('Ctrl Pts',(2.64437281309797,2.95673223674917,0.85));
#12667=CARTESIAN_POINT('Ctrl Pts',(2.67837369689805,2.95934844746652,0.85));
#12668=CARTESIAN_POINT('Ctrl Pts',(2.69572651013732,2.96068366616964,0.85));
#12669=CARTESIAN_POINT('',(2.60427346453071,2.9256409406662,0.8));
#12670=CARTESIAN_POINT('Ctrl Pts',(2.56752138957381,2.84358967095613,0.8));
#12671=CARTESIAN_POINT('Ctrl Pts',(2.56752138957381,2.84358967095613,0.85));
#12672=CARTESIAN_POINT('Ctrl Pts',(2.56918212701108,2.8588821539642,0.8));
#12673=CARTESIAN_POINT('Ctrl Pts',(2.56918212701108,2.8588821539642,0.85));
#12674=CARTESIAN_POINT('Ctrl Pts',(2.57257769839605,2.89014941906108,0.8));
#12675=CARTESIAN_POINT('Ctrl Pts',(2.57257769839605,2.89014941906108,0.85));
#12676=CARTESIAN_POINT('Ctrl Pts',(2.59355561915138,2.9136395699082,0.8));
#12677=CARTESIAN_POINT('Ctrl Pts',(2.59355561915138,2.9136395699082,0.85));
#12678=CARTESIAN_POINT('Ctrl Pts',(2.60427346453071,2.9256409406662,0.8));
#12679=CARTESIAN_POINT('Ctrl Pts',(2.60427346453071,2.9256409406662,0.85));
#12680=CARTESIAN_POINT('',(2.56752138957381,2.84358967095613,0.8));
#12681=CARTESIAN_POINT('Ctrl Pts',(2.60427346453071,2.9256409406662,0.8));
#12682=CARTESIAN_POINT('Ctrl Pts',(2.59355561915138,2.9136395699082,0.8));
#12683=CARTESIAN_POINT('Ctrl Pts',(2.57257769839605,2.89014941906108,0.8));
#12684=CARTESIAN_POINT('Ctrl Pts',(2.56918212701108,2.8588821539642,0.8));
#12685=CARTESIAN_POINT('Ctrl Pts',(2.56752138957381,2.84358967095613,0.8));
#12686=CARTESIAN_POINT('',(2.56752138957381,2.84358967095613,0.85));
#12687=CARTESIAN_POINT('Ctrl Pts',(2.56752138957381,2.84358967095613,0.85));
#12688=CARTESIAN_POINT('Ctrl Pts',(2.56918212701108,2.8588821539642,0.85));
#12689=CARTESIAN_POINT('Ctrl Pts',(2.57257769839605,2.89014941906108,0.85));
#12690=CARTESIAN_POINT('Ctrl Pts',(2.59355561915138,2.9136395699082,0.85));
#12691=CARTESIAN_POINT('Ctrl Pts',(2.60427346453071,2.9256409406662,0.85));
#12692=CARTESIAN_POINT('',(2.56752138957381,2.84358967095613,0.8));
#12693=CARTESIAN_POINT('Ctrl Pts',(2.60448714718223,2.75897424668074,0.8));
#12694=CARTESIAN_POINT('Ctrl Pts',(2.60448714718223,2.75897424668074,0.85));
#12695=CARTESIAN_POINT('Ctrl Pts',(2.59370630675302,2.77134202495316,0.8));
#12696=CARTESIAN_POINT('Ctrl Pts',(2.59370630675302,2.77134202495316,0.85));
#12697=CARTESIAN_POINT('Ctrl Pts',(2.57248021921404,2.79569258890011,0.8));
#12698=CARTESIAN_POINT('Ctrl Pts',(2.57248021921404,2.79569258890011,0.85));
#12699=CARTESIAN_POINT('Ctrl Pts',(2.56915681799961,2.82779315137587,0.8));
#12700=CARTESIAN_POINT('Ctrl Pts',(2.56915681799961,2.82779315137587,0.85));
#12701=CARTESIAN_POINT('Ctrl Pts',(2.56752138957381,2.84358967095613,0.8));
#12702=CARTESIAN_POINT('Ctrl Pts',(2.56752138957381,2.84358967095613,0.85));
#12703=CARTESIAN_POINT('',(2.60448714718223,2.75897424668074,0.8));
#12704=CARTESIAN_POINT('Ctrl Pts',(2.56752138957381,2.84358967095613,0.8));
#12705=CARTESIAN_POINT('Ctrl Pts',(2.56915681799961,2.82779315137587,0.8));
#12706=CARTESIAN_POINT('Ctrl Pts',(2.57248021921404,2.79569258890011,0.8));
#12707=CARTESIAN_POINT('Ctrl Pts',(2.59370630675302,2.77134202495316,0.8));
#12708=CARTESIAN_POINT('Ctrl Pts',(2.60448714718223,2.75897424668074,0.8));
#12709=CARTESIAN_POINT('',(2.60448714718223,2.75897424668074,0.85));
#12710=CARTESIAN_POINT('Ctrl Pts',(2.60448714718223,2.75897424668074,0.85));
#12711=CARTESIAN_POINT('Ctrl Pts',(2.59370630675302,2.77134202495316,0.85));
#12712=CARTESIAN_POINT('Ctrl Pts',(2.57248021921404,2.79569258890011,0.85));
#12713=CARTESIAN_POINT('Ctrl Pts',(2.56915681799961,2.82779315137587,0.85));
#12714=CARTESIAN_POINT('Ctrl Pts',(2.56752138957381,2.84358967095613,0.85));
#12715=CARTESIAN_POINT('',(2.60448714718223,2.75897424668074,0.8));
#12716=CARTESIAN_POINT('Ctrl Pts',(2.69572651013732,2.72307682782412,0.8));
#12717=CARTESIAN_POINT('Ctrl Pts',(2.69572651013732,2.72307682782412,0.85));
#12718=CARTESIAN_POINT('Ctrl Pts',(2.67844885116155,2.72448380759324,0.8));
#12719=CARTESIAN_POINT('Ctrl Pts',(2.67844885116155,2.72448380759324,0.85));
#12720=CARTESIAN_POINT('Ctrl Pts',(2.64438790049065,2.72725750908707,0.8));
#12721=CARTESIAN_POINT('Ctrl Pts',(2.64438790049065,2.72725750908707,0.85));
#12722=CARTESIAN_POINT('Ctrl Pts',(2.61765807766458,2.74850479657426,0.8));
#12723=CARTESIAN_POINT('Ctrl Pts',(2.61765807766458,2.74850479657426,0.85));
#12724=CARTESIAN_POINT('Ctrl Pts',(2.60448714718223,2.75897424668074,0.8));
#12725=CARTESIAN_POINT('Ctrl Pts',(2.60448714718223,2.75897424668074,0.85));
#12726=CARTESIAN_POINT('',(2.69572651013732,2.72307682782412,0.8));
#12727=CARTESIAN_POINT('Ctrl Pts',(2.60448714718223,2.75897424668074,0.8));
#12728=CARTESIAN_POINT('Ctrl Pts',(2.61765807766458,2.74850479657426,0.8));
#12729=CARTESIAN_POINT('Ctrl Pts',(2.64438790049065,2.72725750908707,0.8));
#12730=CARTESIAN_POINT('Ctrl Pts',(2.67844885116155,2.72448380759324,0.8));
#12731=CARTESIAN_POINT('Ctrl Pts',(2.69572651013732,2.72307682782412,0.8));
#12732=CARTESIAN_POINT('',(2.69572651013732,2.72307682782412,0.85));
#12733=CARTESIAN_POINT('Ctrl Pts',(2.69572651013732,2.72307682782412,0.85));
#12734=CARTESIAN_POINT('Ctrl Pts',(2.67844885116155,2.72448380759324,0.85));
#12735=CARTESIAN_POINT('Ctrl Pts',(2.64438790049065,2.72725750908707,0.85));
#12736=CARTESIAN_POINT('Ctrl Pts',(2.61765807766458,2.74850479657426,0.85));
#12737=CARTESIAN_POINT('Ctrl Pts',(2.60448714718223,2.75897424668074,0.85));
#12738=CARTESIAN_POINT('',(2.69572651013732,2.72307682782412,0.8));
#12739=CARTESIAN_POINT('Ctrl Pts',(2.7869657240808,2.75897424668074,0.8));
#12740=CARTESIAN_POINT('Ctrl Pts',(2.7869657240808,2.75897424668074,0.85));
#12741=CARTESIAN_POINT('Ctrl Pts',(2.7737947940965,2.7485047964515,0.8));
#12742=CARTESIAN_POINT('Ctrl Pts',(2.7737947940965,2.7485047964515,0.85));
#12743=CARTESIAN_POINT('Ctrl Pts',(2.74706501146792,2.72725753986431,0.8));
#12744=CARTESIAN_POINT('Ctrl Pts',(2.74706501146792,2.72725753986431,0.85));
#12745=CARTESIAN_POINT('Ctrl Pts',(2.71300411633583,2.72448381662176,0.8));
#12746=CARTESIAN_POINT('Ctrl Pts',(2.71300411633583,2.72448381662176,0.85));
#12747=CARTESIAN_POINT('Ctrl Pts',(2.69572651013732,2.72307682782412,0.8));
#12748=CARTESIAN_POINT('Ctrl Pts',(2.69572651013732,2.72307682782412,0.85));
#12749=CARTESIAN_POINT('',(2.7869657240808,2.75897424668074,0.8));
#12750=CARTESIAN_POINT('Ctrl Pts',(2.69572651013732,2.72307682782412,0.8));
#12751=CARTESIAN_POINT('Ctrl Pts',(2.71300411633583,2.72448381662176,0.8));
#12752=CARTESIAN_POINT('Ctrl Pts',(2.74706501146792,2.72725753986431,0.8));
#12753=CARTESIAN_POINT('Ctrl Pts',(2.7737947940965,2.7485047964515,0.8));
#12754=CARTESIAN_POINT('Ctrl Pts',(2.7869657240808,2.75897424668074,0.8));
#12755=CARTESIAN_POINT('',(2.7869657240808,2.75897424668074,0.85));
#12756=CARTESIAN_POINT('Ctrl Pts',(2.7869657240808,2.75897424668074,0.85));
#12757=CARTESIAN_POINT('Ctrl Pts',(2.7737947940965,2.7485047964515,0.85));
#12758=CARTESIAN_POINT('Ctrl Pts',(2.74706501146792,2.72725753986431,0.85));
#12759=CARTESIAN_POINT('Ctrl Pts',(2.71300411633583,2.72448381662176,0.85));
#12760=CARTESIAN_POINT('Ctrl Pts',(2.69572651013732,2.72307682782412,0.85));
#12761=CARTESIAN_POINT('',(2.7869657240808,2.75897424668074,0.8));
#12762=CARTESIAN_POINT('Ctrl Pts',(2.82393163070083,2.8431623056531,0.8));
#12763=CARTESIAN_POINT('Ctrl Pts',(2.82393163070083,2.8431623056531,0.85));
#12764=CARTESIAN_POINT('Ctrl Pts',(2.82228173495026,2.82747666279856,0.8));
#12765=CARTESIAN_POINT('Ctrl Pts',(2.82228173495026,2.82747666279856,0.85));
#12766=CARTESIAN_POINT('Ctrl Pts',(2.81892044352056,2.79552069413916,0.8));
#12767=CARTESIAN_POINT('Ctrl Pts',(2.81892044352056,2.79552069413916,0.85));
#12768=CARTESIAN_POINT('Ctrl Pts',(2.79774643410764,2.77130408901601,0.8));
#12769=CARTESIAN_POINT('Ctrl Pts',(2.79774643410764,2.77130408901601,0.85));
#12770=CARTESIAN_POINT('Ctrl Pts',(2.7869657240808,2.75897424668074,0.8));
#12771=CARTESIAN_POINT('Ctrl Pts',(2.7869657240808,2.75897424668074,0.85));
#12772=CARTESIAN_POINT('Ctrl Pts',(2.7869657240808,2.75897424668074,0.8));
#12773=CARTESIAN_POINT('Ctrl Pts',(2.79774643410764,2.77130408901601,0.8));
#12774=CARTESIAN_POINT('Ctrl Pts',(2.81892044352056,2.79552069413916,0.8));
#12775=CARTESIAN_POINT('Ctrl Pts',(2.82228173495026,2.82747666279856,0.8));
#12776=CARTESIAN_POINT('Ctrl Pts',(2.82393163070083,2.8431623056531,0.8));
#12777=CARTESIAN_POINT('Ctrl Pts',(2.82393163070083,2.8431623056531,0.85));
#12778=CARTESIAN_POINT('Ctrl Pts',(2.82228173495026,2.82747666279856,0.85));
#12779=CARTESIAN_POINT('Ctrl Pts',(2.81892044352056,2.79552069413916,0.85));
#12780=CARTESIAN_POINT('Ctrl Pts',(2.79774643410764,2.77130408901601,0.85));
#12781=CARTESIAN_POINT('Ctrl Pts',(2.7869657240808,2.75897424668074,0.85));
#12782=CARTESIAN_POINT('Ctrl Pts',(2.83696567639709,2.92072642594576,0.8));
#12783=CARTESIAN_POINT('Ctrl Pts',(2.83696567639709,2.92072642594576,0.85));
#12784=CARTESIAN_POINT('Ctrl Pts',(2.82812906134521,2.93218364289135,0.8));
#12785=CARTESIAN_POINT('Ctrl Pts',(2.82812906134521,2.93218364289135,0.85));
#12786=CARTESIAN_POINT('Ctrl Pts',(2.80966118957745,2.95612837875736,0.8));
#12787=CARTESIAN_POINT('Ctrl Pts',(2.80966118957745,2.95612837875736,0.85));
#12788=CARTESIAN_POINT('Ctrl Pts',(2.78308862754124,2.97063804899566,0.8));
#12789=CARTESIAN_POINT('Ctrl Pts',(2.78308862754124,2.97063804899566,0.85));
#12790=CARTESIAN_POINT('Ctrl Pts',(2.76923066005111,2.97820504754782,0.8));
#12791=CARTESIAN_POINT('Ctrl Pts',(2.76923066005111,2.97820504754782,0.85));
#12792=CARTESIAN_POINT('',(2.76923066005111,2.97820504754782,0.85));
#12793=CARTESIAN_POINT('',(2.76923066005111,2.97820504754782,0.8));
#12794=CARTESIAN_POINT('',(2.83696567639709,2.92072642594576,0.85));
#12795=CARTESIAN_POINT('Ctrl Pts',(2.83696567639709,2.92072642594576,0.85));
#12796=CARTESIAN_POINT('Ctrl Pts',(2.82812906134521,2.93218364289135,0.85));
#12797=CARTESIAN_POINT('Ctrl Pts',(2.80966118957745,2.95612837875736,0.85));
#12798=CARTESIAN_POINT('Ctrl Pts',(2.78308862754124,2.97063804899566,0.85));
#12799=CARTESIAN_POINT('Ctrl Pts',(2.76923066005111,2.97820504754782,0.85));
#12800=CARTESIAN_POINT('',(2.83696567639709,2.92072642594576,0.8));
#12801=CARTESIAN_POINT('Ctrl Pts',(2.85982912406325,2.84401703625917,0.8));
#12802=CARTESIAN_POINT('Ctrl Pts',(2.85982912406325,2.84401703625917,0.85));
#12803=CARTESIAN_POINT('Ctrl Pts',(2.85884405071403,2.85752009360708,0.8));
#12804=CARTESIAN_POINT('Ctrl Pts',(2.85884405071403,2.85752009360708,0.85));
#12805=CARTESIAN_POINT('Ctrl Pts',(2.8568567517333,2.8847613260752,0.8));
#12806=CARTESIAN_POINT('Ctrl Pts',(2.8568567517333,2.8847613260752,0.85));
#12807=CARTESIAN_POINT('Ctrl Pts',(2.84363407626864,2.90866927653059,0.8));
#12808=CARTESIAN_POINT('Ctrl Pts',(2.84363407626864,2.90866927653059,0.85));
#12809=CARTESIAN_POINT('Ctrl Pts',(2.83696567639709,2.92072642594576,0.8));
#12810=CARTESIAN_POINT('Ctrl Pts',(2.83696567639709,2.92072642594576,0.85));
#12811=CARTESIAN_POINT('',(2.85982912406325,2.84401703625917,0.85));
#12812=CARTESIAN_POINT('Ctrl Pts',(2.85982912406325,2.84401703625917,0.85));
#12813=CARTESIAN_POINT('Ctrl Pts',(2.85884405071403,2.85752009360708,0.85));
#12814=CARTESIAN_POINT('Ctrl Pts',(2.8568567517333,2.8847613260752,0.85));
#12815=CARTESIAN_POINT('Ctrl Pts',(2.84363407626864,2.90866927653059,0.85));
#12816=CARTESIAN_POINT('Ctrl Pts',(2.83696567639709,2.92072642594576,0.85));
#12817=CARTESIAN_POINT('',(2.85982912406325,2.84401703625917,0.8));
#12818=CARTESIAN_POINT('Ctrl Pts',(2.81196570023894,2.73376058787107,0.8));
#12819=CARTESIAN_POINT('Ctrl Pts',(2.81196570023894,2.73376058787107,0.85));
#12820=CARTESIAN_POINT('Ctrl Pts',(2.82592509562838,2.7498534669746,0.8));
#12821=CARTESIAN_POINT('Ctrl Pts',(2.82592509562838,2.7498534669746,0.85));
#12822=CARTESIAN_POINT('Ctrl Pts',(2.85347313572187,2.78161181082801,0.8));
#12823=CARTESIAN_POINT('Ctrl Pts',(2.85347313572187,2.78161181082801,0.85));
#12824=CARTESIAN_POINT('Ctrl Pts',(2.85772955605627,2.8234027733395,0.8));
#12825=CARTESIAN_POINT('Ctrl Pts',(2.85772955605627,2.8234027733395,0.85));
#12826=CARTESIAN_POINT('Ctrl Pts',(2.85982912406325,2.84401703625917,0.8));
#12827=CARTESIAN_POINT('Ctrl Pts',(2.85982912406325,2.84401703625917,0.85));
#12828=CARTESIAN_POINT('',(2.81196570023894,2.73376058787107,0.85));
#12829=CARTESIAN_POINT('Ctrl Pts',(2.81196570023894,2.73376058787107,0.85));
#12830=CARTESIAN_POINT('Ctrl Pts',(2.82592509562838,2.7498534669746,0.85));
#12831=CARTESIAN_POINT('Ctrl Pts',(2.85347313572187,2.78161181082801,0.85));
#12832=CARTESIAN_POINT('Ctrl Pts',(2.85772955605627,2.8234027733395,0.85));
#12833=CARTESIAN_POINT('Ctrl Pts',(2.85982912406325,2.84401703625917,0.85));
#12834=CARTESIAN_POINT('',(2.81196570023894,2.73376058787107,0.8));
#12835=CARTESIAN_POINT('Ctrl Pts',(2.69572651013732,2.68717940896749,0.8));
#12836=CARTESIAN_POINT('Ctrl Pts',(2.69572651013732,2.68717940896749,0.85));
#12837=CARTESIAN_POINT('Ctrl Pts',(2.71761063452712,2.68906878458308,0.8));
#12838=CARTESIAN_POINT('Ctrl Pts',(2.71761063452712,2.68906878458308,0.85));
#12839=CARTESIAN_POINT('Ctrl Pts',(2.76109313101375,2.69282286526289,0.8));
#12840=CARTESIAN_POINT('Ctrl Pts',(2.76109313101375,2.69282286526289,0.85));
#12841=CARTESIAN_POINT('Ctrl Pts',(2.79508263300946,2.72017459578256,0.8));
#12842=CARTESIAN_POINT('Ctrl Pts',(2.79508263300946,2.72017459578256,0.85));
#12843=CARTESIAN_POINT('Ctrl Pts',(2.81196570023894,2.73376058787107,0.8));
#12844=CARTESIAN_POINT('Ctrl Pts',(2.81196570023894,2.73376058787107,0.85));
#12845=CARTESIAN_POINT('',(2.69572651013732,2.68717940896749,0.85));
#12846=CARTESIAN_POINT('Ctrl Pts',(2.69572651013732,2.68717940896749,0.85));
#12847=CARTESIAN_POINT('Ctrl Pts',(2.71761063452712,2.68906878458308,0.85));
#12848=CARTESIAN_POINT('Ctrl Pts',(2.76109313101375,2.69282286526289,0.85));
#12849=CARTESIAN_POINT('Ctrl Pts',(2.79508263300946,2.72017459578256,0.85));
#12850=CARTESIAN_POINT('Ctrl Pts',(2.81196570023894,2.73376058787107,0.85));
#12851=CARTESIAN_POINT('',(2.69572651013732,2.68717940896749,0.8));
#12852=CARTESIAN_POINT('Ctrl Pts',(2.57948717102408,2.73376058787107,0.8));
#12853=CARTESIAN_POINT('Ctrl Pts',(2.57948717102408,2.73376058787107,0.85));
#12854=CARTESIAN_POINT('Ctrl Pts',(2.59637028460176,2.72017455862066,0.8));
#12855=CARTESIAN_POINT('Ctrl Pts',(2.59637028460176,2.72017455862066,0.85));
#12856=CARTESIAN_POINT('Ctrl Pts',(2.63035983173597,2.69282279204935,0.8));
#12857=CARTESIAN_POINT('Ctrl Pts',(2.63035983173597,2.69282279204935,0.85));
#12858=CARTESIAN_POINT('Ctrl Pts',(2.67384238685076,2.68906875831394,0.8));
#12859=CARTESIAN_POINT('Ctrl Pts',(2.67384238685076,2.68906875831394,0.85));
#12860=CARTESIAN_POINT('Ctrl Pts',(2.69572651013732,2.68717940896749,0.8));
#12861=CARTESIAN_POINT('Ctrl Pts',(2.69572651013732,2.68717940896749,0.85));
#12862=CARTESIAN_POINT('',(2.57948717102408,2.73376058787107,0.85));
#12863=CARTESIAN_POINT('Ctrl Pts',(2.57948717102408,2.73376058787107,0.85));
#12864=CARTESIAN_POINT('Ctrl Pts',(2.59637028460176,2.72017455862066,0.85));
#12865=CARTESIAN_POINT('Ctrl Pts',(2.63035983173597,2.69282279204935,0.85));
#12866=CARTESIAN_POINT('Ctrl Pts',(2.67384238685076,2.68906875831394,0.85));
#12867=CARTESIAN_POINT('Ctrl Pts',(2.69572651013732,2.68717940896749,0.85));
#12868=CARTESIAN_POINT('',(2.57948717102408,2.73376058787107,0.8));
#12869=CARTESIAN_POINT('Ctrl Pts',(2.53162389621139,2.84401703625917,0.8));
#12870=CARTESIAN_POINT('Ctrl Pts',(2.53162389621139,2.84401703625917,0.85));
#12871=CARTESIAN_POINT('Ctrl Pts',(2.5337234708562,2.82340277838862,0.8));
#12872=CARTESIAN_POINT('Ctrl Pts',(2.5337234708562,2.82340277838862,0.85));
#12873=CARTESIAN_POINT('Ctrl Pts',(2.53797990166988,2.78161185534712,0.8));
#12874=CARTESIAN_POINT('Ctrl Pts',(2.53797990166988,2.78161185534712,0.85));
#12875=CARTESIAN_POINT('Ctrl Pts',(2.5655278378143,2.74985347467383,0.8));
#12876=CARTESIAN_POINT('Ctrl Pts',(2.5655278378143,2.74985347467383,0.85));
#12877=CARTESIAN_POINT('Ctrl Pts',(2.57948717102408,2.73376058787107,0.8));
#12878=CARTESIAN_POINT('Ctrl Pts',(2.57948717102408,2.73376058787107,0.85));
#12879=CARTESIAN_POINT('',(2.53162389621139,2.84401703625917,0.85));
#12880=CARTESIAN_POINT('Ctrl Pts',(2.53162389621139,2.84401703625917,0.85));
#12881=CARTESIAN_POINT('Ctrl Pts',(2.5337234708562,2.82340277838862,0.85));
#12882=CARTESIAN_POINT('Ctrl Pts',(2.53797990166988,2.78161185534712,0.85));
#12883=CARTESIAN_POINT('Ctrl Pts',(2.5655278378143,2.74985347467383,0.85));
#12884=CARTESIAN_POINT('Ctrl Pts',(2.57948717102408,2.73376058787107,0.85));
#12885=CARTESIAN_POINT('',(2.53162389621139,2.84401703625917,0.8));
#12886=CARTESIAN_POINT('Ctrl Pts',(2.55448719486594,2.92029906064272,0.8));
#12887=CARTESIAN_POINT('Ctrl Pts',(2.55448719486594,2.92029906064272,0.85));
#12888=CARTESIAN_POINT('Ctrl Pts',(2.54781904001067,2.90827864727923,0.8));
#12889=CARTESIAN_POINT('Ctrl Pts',(2.54781904001067,2.90827864727923,0.85));
#12890=CARTESIAN_POINT('Ctrl Pts',(2.53463319156004,2.88450905098686,0.8));
#12891=CARTESIAN_POINT('Ctrl Pts',(2.53463319156004,2.88450905098686,0.85));
#12892=CARTESIAN_POINT('Ctrl Pts',(2.53261933474598,2.85741130539301,0.8));
#12893=CARTESIAN_POINT('Ctrl Pts',(2.53261933474598,2.85741130539301,0.85));
#12894=CARTESIAN_POINT('Ctrl Pts',(2.53162389621139,2.84401703625917,0.8));
#12895=CARTESIAN_POINT('Ctrl Pts',(2.53162389621139,2.84401703625917,0.85));
#12896=CARTESIAN_POINT('',(2.55448719486594,2.92029906064272,0.85));
#12897=CARTESIAN_POINT('Ctrl Pts',(2.55448719486594,2.92029906064272,0.85));
#12898=CARTESIAN_POINT('Ctrl Pts',(2.54781904001067,2.90827864727923,0.85));
#12899=CARTESIAN_POINT('Ctrl Pts',(2.53463319156004,2.88450905098686,0.85));
#12900=CARTESIAN_POINT('Ctrl Pts',(2.53261933474598,2.85741130539301,0.85));
#12901=CARTESIAN_POINT('Ctrl Pts',(2.53162389621139,2.84401703625917,0.85));
#12902=CARTESIAN_POINT('',(2.55448719486594,2.92029906064272,0.8));
#12903=CARTESIAN_POINT('Ctrl Pts',(2.62264957651496,2.97820504754782,0.8));
#12904=CARTESIAN_POINT('Ctrl Pts',(2.62264957651496,2.97820504754782,0.85));
#12905=CARTESIAN_POINT('Ctrl Pts',(2.60868088551325,2.9705340963199,0.8));
#12906=CARTESIAN_POINT('Ctrl Pts',(2.60868088551325,2.9705340963199,0.85));
#12907=CARTESIAN_POINT('Ctrl Pts',(2.58197167614952,2.95586664878739,0.8));
#12908=CARTESIAN_POINT('Ctrl Pts',(2.58197167614952,2.95586664878739,0.85));
#12909=CARTESIAN_POINT('Ctrl Pts',(2.56336346749571,2.93178581951214,0.8));
#12910=CARTESIAN_POINT('Ctrl Pts',(2.56336346749571,2.93178581951214,0.85));
#12911=CARTESIAN_POINT('Ctrl Pts',(2.55448719486594,2.92029906064272,0.8));
#12912=CARTESIAN_POINT('Ctrl Pts',(2.55448719486594,2.92029906064272,0.85));
#12913=CARTESIAN_POINT('',(2.62264957651496,2.97820504754782,0.85));
#12914=CARTESIAN_POINT('Ctrl Pts',(2.62264957651496,2.97820504754782,0.85));
#12915=CARTESIAN_POINT('Ctrl Pts',(2.60868088551325,2.9705340963199,0.85));
#12916=CARTESIAN_POINT('Ctrl Pts',(2.58197167614952,2.95586664878739,0.85));
#12917=CARTESIAN_POINT('Ctrl Pts',(2.56336346749571,2.93178581951214,0.85));
#12918=CARTESIAN_POINT('Ctrl Pts',(2.55448719486594,2.92029906064272,0.85));
#12919=CARTESIAN_POINT('',(2.62264957651496,2.97820504754782,0.8));
#12920=CARTESIAN_POINT('Ctrl Pts',(2.56538456305861,3.02521359175444,0.8));
#12921=CARTESIAN_POINT('Ctrl Pts',(2.56538456305861,3.02521359175444,0.85));
#12922=CARTESIAN_POINT('Ctrl Pts',(2.57282415272395,3.01685010453796,0.8));
#12923=CARTESIAN_POINT('Ctrl Pts',(2.57282415272395,3.01685010453796,0.85));
#12924=CARTESIAN_POINT('Ctrl Pts',(2.58941353574745,2.9982005419831,0.8));
#12925=CARTESIAN_POINT('Ctrl Pts',(2.58941353574745,2.9982005419831,0.85));
#12926=CARTESIAN_POINT('Ctrl Pts',(2.61083478879383,2.98531306994388,0.8));
#12927=CARTESIAN_POINT('Ctrl Pts',(2.61083478879383,2.98531306994388,0.85));
#12928=CARTESIAN_POINT('Ctrl Pts',(2.62264957651496,2.97820504754782,0.8));
#12929=CARTESIAN_POINT('Ctrl Pts',(2.62264957651496,2.97820504754782,0.85));
#12930=CARTESIAN_POINT('',(2.56538456305861,3.02521359175444,0.85));
#12931=CARTESIAN_POINT('Ctrl Pts',(2.56538456305861,3.02521359175444,0.85));
#12932=CARTESIAN_POINT('Ctrl Pts',(2.57282415272395,3.01685010453796,0.85));
#12933=CARTESIAN_POINT('Ctrl Pts',(2.58941353574745,2.9982005419831,0.85));
#12934=CARTESIAN_POINT('Ctrl Pts',(2.61083478879383,2.98531306994388,0.85));
#12935=CARTESIAN_POINT('Ctrl Pts',(2.62264957651496,2.97820504754782,0.85));
#12936=CARTESIAN_POINT('',(2.56538456305861,3.02521359175444,0.8));
#12937=CARTESIAN_POINT('Ctrl Pts',(2.54059826955199,3.1017093360424,0.8));
#12938=CARTESIAN_POINT('Ctrl Pts',(2.54059826955199,3.1017093360424,0.85));
#12939=CARTESIAN_POINT('Ctrl Pts',(2.54164920152473,3.0880266666941,0.8));
#12940=CARTESIAN_POINT('Ctrl Pts',(2.54164920152473,3.0880266666941,0.85));
#12941=CARTESIAN_POINT('Ctrl Pts',(2.54376039377546,3.06053987759012,0.8));
#12942=CARTESIAN_POINT('Ctrl Pts',(2.54376039377546,3.06053987759012,0.85));
#12943=CARTESIAN_POINT('Ctrl Pts',(2.55815530532016,3.03702365585005,0.8));
#12944=CARTESIAN_POINT('Ctrl Pts',(2.55815530532016,3.03702365585005,0.85));
#12945=CARTESIAN_POINT('Ctrl Pts',(2.56538456305861,3.02521359175444,0.8));
#12946=CARTESIAN_POINT('Ctrl Pts',(2.56538456305861,3.02521359175444,0.85));
#12947=CARTESIAN_POINT('',(2.54059826955199,3.1017093360424,0.85));
#12948=CARTESIAN_POINT('Ctrl Pts',(2.54059826955199,3.1017093360424,0.85));
#12949=CARTESIAN_POINT('Ctrl Pts',(2.54164920152473,3.0880266666941,0.85));
#12950=CARTESIAN_POINT('Ctrl Pts',(2.54376039377546,3.06053987759012,0.85));
#12951=CARTESIAN_POINT('Ctrl Pts',(2.55815530532016,3.03702365585005,0.85));
#12952=CARTESIAN_POINT('Ctrl Pts',(2.56538456305861,3.02521359175444,0.85));
#12953=CARTESIAN_POINT('',(2.54059826955199,3.1017093360424,0.8));
#12954=CARTESIAN_POINT('Ctrl Pts',(2.58611103519797,3.20491444319487,0.8));
#12955=CARTESIAN_POINT('Ctrl Pts',(2.58611103519797,3.20491444319487,0.85));
#12956=CARTESIAN_POINT('Ctrl Pts',(2.57283815466234,3.18976790629795,0.8));
#12957=CARTESIAN_POINT('Ctrl Pts',(2.57283815466234,3.18976790629795,0.85));
#12958=CARTESIAN_POINT('Ctrl Pts',(2.54683038884218,3.16008877345681,0.8));
#12959=CARTESIAN_POINT('Ctrl Pts',(2.54683038884218,3.16008877345681,0.85));
#12960=CARTESIAN_POINT('Ctrl Pts',(2.54264679545244,3.12089892212517,0.8));
#12961=CARTESIAN_POINT('Ctrl Pts',(2.54264679545244,3.12089892212517,0.85));
#12962=CARTESIAN_POINT('Ctrl Pts',(2.54059826955199,3.1017093360424,0.8));
#12963=CARTESIAN_POINT('Ctrl Pts',(2.54059826955199,3.1017093360424,0.85));
#12964=CARTESIAN_POINT('',(2.58611103519797,3.20491444319487,0.85));
#12965=CARTESIAN_POINT('Ctrl Pts',(2.58611103519797,3.20491444319487,0.85));
#12966=CARTESIAN_POINT('Ctrl Pts',(2.57283815466234,3.18976790629795,0.85));
#12967=CARTESIAN_POINT('Ctrl Pts',(2.54683038884218,3.16008877345681,0.85));
#12968=CARTESIAN_POINT('Ctrl Pts',(2.54264679545244,3.12089892212517,0.85));
#12969=CARTESIAN_POINT('Ctrl Pts',(2.54059826955199,3.1017093360424,0.85));
#12970=CARTESIAN_POINT('',(2.58611103519797,3.20491444319487,0.8));
#12971=CARTESIAN_POINT('Ctrl Pts',(2.69572651013732,3.24914522469044,0.8));
#12972=CARTESIAN_POINT('Ctrl Pts',(2.69572651013732,3.24914522469044,0.85));
#12973=CARTESIAN_POINT('Ctrl Pts',(2.67515488542093,3.2473229742307,0.8));
#12974=CARTESIAN_POINT('Ctrl Pts',(2.67515488542093,3.2473229742307,0.85));
#12975=CARTESIAN_POINT('Ctrl Pts',(2.63412638040518,3.24368863746061,0.8));
#12976=CARTESIAN_POINT('Ctrl Pts',(2.63412638040518,3.24368863746061,0.85));
#12977=CARTESIAN_POINT('Ctrl Pts',(2.60208628141953,3.21781505440082,0.8));
#12978=CARTESIAN_POINT('Ctrl Pts',(2.60208628141953,3.21781505440082,0.85));
#12979=CARTESIAN_POINT('Ctrl Pts',(2.58611103519797,3.20491444319487,0.8));
#12980=CARTESIAN_POINT('Ctrl Pts',(2.58611103519797,3.20491444319487,0.85));
#12981=CARTESIAN_POINT('',(2.69572651013732,3.24914522469044,0.85));
#12982=CARTESIAN_POINT('Ctrl Pts',(2.69572651013732,3.24914522469044,0.85));
#12983=CARTESIAN_POINT('Ctrl Pts',(2.67515488542093,3.2473229742307,0.85));
#12984=CARTESIAN_POINT('Ctrl Pts',(2.63412638040518,3.24368863746061,0.85));
#12985=CARTESIAN_POINT('Ctrl Pts',(2.60208628141953,3.21781505440082,0.85));
#12986=CARTESIAN_POINT('Ctrl Pts',(2.58611103519797,3.20491444319487,0.85));
#12987=CARTESIAN_POINT('',(2.69572651013732,3.24914522469044,0.8));
#12988=CARTESIAN_POINT('Ctrl Pts',(2.80555551871657,3.20491444319487,0.8));
#12989=CARTESIAN_POINT('Ctrl Pts',(2.80555551871657,3.20491444319487,0.85));
#12990=CARTESIAN_POINT('Ctrl Pts',(2.78959778899868,3.21781497876747,0.8));
#12991=CARTESIAN_POINT('Ctrl Pts',(2.78959778899868,3.21781497876747,0.85));
#12992=CARTESIAN_POINT('Ctrl Pts',(2.75751111592804,3.24375446230753,0.8));
#12993=CARTESIAN_POINT('Ctrl Pts',(2.75751111592804,3.24375446230753,0.85));
#12994=CARTESIAN_POINT('Ctrl Pts',(2.71639451110446,3.24734192303111,0.8));
#12995=CARTESIAN_POINT('Ctrl Pts',(2.71639451110446,3.24734192303111,0.85));
#12996=CARTESIAN_POINT('Ctrl Pts',(2.69572651013732,3.24914522469044,0.8));
#12997=CARTESIAN_POINT('Ctrl Pts',(2.69572651013732,3.24914522469044,0.85));
#12998=CARTESIAN_POINT('',(2.80555551871657,3.20491444319487,0.85));
#12999=CARTESIAN_POINT('Ctrl Pts',(2.80555551871657,3.20491444319487,0.85));
#13000=CARTESIAN_POINT('Ctrl Pts',(2.78959778899868,3.21781497876747,0.85));
#13001=CARTESIAN_POINT('Ctrl Pts',(2.75751111592804,3.24375446230753,0.85));
#13002=CARTESIAN_POINT('Ctrl Pts',(2.71639451110446,3.24734192303111,0.85));
#13003=CARTESIAN_POINT('Ctrl Pts',(2.69572651013732,3.24914522469044,0.85));
#13004=CARTESIAN_POINT('',(2.80555551871657,3.20491444319487,0.8));
#13005=CARTESIAN_POINT('Ctrl Pts',(2.85085475072265,3.1017093360424,0.8));
#13006=CARTESIAN_POINT('Ctrl Pts',(2.85085475072265,3.1017093360424,0.85));
#13007=CARTESIAN_POINT('Ctrl Pts',(2.84882074861971,3.12089425114472,0.8));
#13008=CARTESIAN_POINT('Ctrl Pts',(2.84882074861971,3.12089425114472,0.85));
#13009=CARTESIAN_POINT('Ctrl Pts',(2.84466975906879,3.16004680758014,0.8));
#13010=CARTESIAN_POINT('Ctrl Pts',(2.84466975906879,3.16004680758014,0.85));
#13011=CARTESIAN_POINT('Ctrl Pts',(2.81876621745997,3.1897605551966,0.8));
#13012=CARTESIAN_POINT('Ctrl Pts',(2.81876621745997,3.1897605551966,0.85));
#13013=CARTESIAN_POINT('Ctrl Pts',(2.80555551871657,3.20491444319487,0.8));
#13014=CARTESIAN_POINT('Ctrl Pts',(2.80555551871657,3.20491444319487,0.85));
#13015=CARTESIAN_POINT('',(2.85085475072265,3.1017093360424,0.85));
#13016=CARTESIAN_POINT('Ctrl Pts',(2.85085475072265,3.1017093360424,0.85));
#13017=CARTESIAN_POINT('Ctrl Pts',(2.84882074861971,3.12089425114472,0.85));
#13018=CARTESIAN_POINT('Ctrl Pts',(2.84466975906879,3.16004680758014,0.85));
#13019=CARTESIAN_POINT('Ctrl Pts',(2.81876621745997,3.1897605551966,0.85));
#13020=CARTESIAN_POINT('Ctrl Pts',(2.80555551871657,3.20491444319487,0.85));
#13021=CARTESIAN_POINT('',(2.85085475072265,3.1017093360424,0.8));
#13022=CARTESIAN_POINT('Ctrl Pts',(2.82606830820441,3.02564095705748,0.8));
#13023=CARTESIAN_POINT('Ctrl Pts',(2.82606830820441,3.02564095705748,0.85));
#13024=CARTESIAN_POINT('Ctrl Pts',(2.83329773298513,3.03734187872213,0.8));
#13025=CARTESIAN_POINT('Ctrl Pts',(2.83329773298513,3.03734187872213,0.85));
#13026=CARTESIAN_POINT('Ctrl Pts',(2.84772448141854,3.0606917659421,0.8));
#13027=CARTESIAN_POINT('Ctrl Pts',(2.84772448141854,3.0606917659421,0.85));
#13028=CARTESIAN_POINT('Ctrl Pts',(2.84981287659219,3.08805710965861,0.8));
#13029=CARTESIAN_POINT('Ctrl Pts',(2.84981287659219,3.08805710965861,0.85));
#13030=CARTESIAN_POINT('Ctrl Pts',(2.85085475072265,3.1017093360424,0.8));
#13031=CARTESIAN_POINT('Ctrl Pts',(2.85085475072265,3.1017093360424,0.85));
#13032=CARTESIAN_POINT('',(2.82606830820441,3.02564095705748,0.85));
#13033=CARTESIAN_POINT('Ctrl Pts',(2.82606830820441,3.02564095705748,0.85));
#13034=CARTESIAN_POINT('Ctrl Pts',(2.83329773298513,3.03734187872213,0.85));
#13035=CARTESIAN_POINT('Ctrl Pts',(2.84772448141854,3.0606917659421,0.85));
#13036=CARTESIAN_POINT('Ctrl Pts',(2.84981287659219,3.08805710965861,0.85));
#13037=CARTESIAN_POINT('Ctrl Pts',(2.85085475072265,3.1017093360424,0.85));
#13038=CARTESIAN_POINT('',(2.82606830820441,3.02564095705748,0.8));
#13039=CARTESIAN_POINT('Ctrl Pts',(2.76923066005111,2.97820504754782,0.8));
#13040=CARTESIAN_POINT('Ctrl Pts',(2.76923066005111,2.97820504754782,0.85));
#13041=CARTESIAN_POINT('Ctrl Pts',(2.78103851878269,2.98532516149372,0.8));
#13042=CARTESIAN_POINT('Ctrl Pts',(2.78103851878269,2.98532516149372,0.85));
#13043=CARTESIAN_POINT('Ctrl Pts',(2.80245643274994,2.99824011850643,0.8));
#13044=CARTESIAN_POINT('Ctrl Pts',(2.80245643274994,2.99824011850643,0.85));
#13045=CARTESIAN_POINT('Ctrl Pts',(2.81875518288025,3.0171543052158,0.8));
#13046=CARTESIAN_POINT('Ctrl Pts',(2.81875518288025,3.0171543052158,0.85));
#13047=CARTESIAN_POINT('Ctrl Pts',(2.82606830820441,3.02564095705748,0.8));
#13048=CARTESIAN_POINT('Ctrl Pts',(2.82606830820441,3.02564095705748,0.85));
#13049=CARTESIAN_POINT('Ctrl Pts',(2.76923066005111,2.97820504754782,0.85));
#13050=CARTESIAN_POINT('Ctrl Pts',(2.78103851878269,2.98532516149372,0.85));
#13051=CARTESIAN_POINT('Ctrl Pts',(2.80245643274994,2.99824011850643,0.85));
#13052=CARTESIAN_POINT('Ctrl Pts',(2.81875518288025,3.0171543052158,0.85));
#13053=CARTESIAN_POINT('Ctrl Pts',(2.82606830820441,3.02564095705748,0.85));
#13054=CARTESIAN_POINT('Origin',(2.417948609218,2.96752130612731,0.85));
#13055=CARTESIAN_POINT('Origin',(2.5,3.,0.8));
#13056=CARTESIAN_POINT('Origin',(2.5,3.,0.8));
#13057=CARTESIAN_POINT('Origin',(2.29871800169349,3.17606829106808,0.8));
#13058=CARTESIAN_POINT('',(2.29871800169349,3.1641024723649,0.85));
#13059=CARTESIAN_POINT('',(2.29871800169349,3.1641024723649,0.8));
#13060=CARTESIAN_POINT('',(2.29871800169349,3.17606829106808,0.85));
#13061=CARTESIAN_POINT('',(2.29871800169349,3.1641024723649,0.85));
#13062=CARTESIAN_POINT('',(2.29871800169349,3.17606829106808,0.8));
#13063=CARTESIAN_POINT('Ctrl Pts',(2.30363255366683,3.19444436579943,0.8));
#13064=CARTESIAN_POINT('Ctrl Pts',(2.30363255366683,3.19444436579943,0.85));
#13065=CARTESIAN_POINT('Ctrl Pts',(2.30220679799296,3.19204536764513,0.8));
#13066=CARTESIAN_POINT('Ctrl Pts',(2.30220679799296,3.19204536764513,0.85));
#13067=CARTESIAN_POINT('Ctrl Pts',(2.29886560641341,3.18642342794019,0.8));
#13068=CARTESIAN_POINT('Ctrl Pts',(2.29886560641341,3.18642342794019,0.85));
#13069=CARTESIAN_POINT('Ctrl Pts',(2.29877178663092,3.17984154702521,0.8));
#13070=CARTESIAN_POINT('Ctrl Pts',(2.29877178663092,3.17984154702521,0.85));
#13071=CARTESIAN_POINT('Ctrl Pts',(2.29871800169349,3.17606829106808,0.8));
#13072=CARTESIAN_POINT('Ctrl Pts',(2.29871800169349,3.17606829106808,0.85));
#13073=CARTESIAN_POINT('',(2.30363255366683,3.19444436579943,0.85));
#13074=CARTESIAN_POINT('Ctrl Pts',(2.30363255366683,3.19444436579943,0.85));
#13075=CARTESIAN_POINT('Ctrl Pts',(2.30220679799296,3.19204536764513,0.85));
#13076=CARTESIAN_POINT('Ctrl Pts',(2.29886560641341,3.18642342794019,0.85));
#13077=CARTESIAN_POINT('Ctrl Pts',(2.29877178663092,3.17984154702521,0.85));
#13078=CARTESIAN_POINT('Ctrl Pts',(2.29871800169349,3.17606829106808,0.85));
#13079=CARTESIAN_POINT('',(2.30363255366683,3.19444436579943,0.8));
#13080=CARTESIAN_POINT('Ctrl Pts',(2.3166667483747,3.19999992847443,0.8));
#13081=CARTESIAN_POINT('Ctrl Pts',(2.3166667483747,3.19999992847443,0.85));
#13082=CARTESIAN_POINT('Ctrl Pts',(2.3141162301221,3.19979335418159,0.8));
#13083=CARTESIAN_POINT('Ctrl Pts',(2.3141162301221,3.19979335418159,0.85));
#13084=CARTESIAN_POINT('Ctrl Pts',(2.30914385034832,3.19939062589904,0.8));
#13085=CARTESIAN_POINT('Ctrl Pts',(2.30914385034832,3.19939062589904,0.85));
#13086=CARTESIAN_POINT('Ctrl Pts',(2.30543768780193,3.19606443154129,0.8));
#13087=CARTESIAN_POINT('Ctrl Pts',(2.30543768780193,3.19606443154129,0.85));
#13088=CARTESIAN_POINT('Ctrl Pts',(2.30363255366683,3.19444436579943,0.8));
#13089=CARTESIAN_POINT('Ctrl Pts',(2.30363255366683,3.19444436579943,0.85));
#13090=CARTESIAN_POINT('',(2.3166667483747,3.19999992847443,0.85));
#13091=CARTESIAN_POINT('Ctrl Pts',(2.3166667483747,3.19999992847443,0.85));
#13092=CARTESIAN_POINT('Ctrl Pts',(2.3141162301221,3.19979335418159,0.85));
#13093=CARTESIAN_POINT('Ctrl Pts',(2.30914385034832,3.19939062589904,0.85));
#13094=CARTESIAN_POINT('Ctrl Pts',(2.30543768780193,3.19606443154129,0.85));
#13095=CARTESIAN_POINT('Ctrl Pts',(2.30363255366683,3.19444436579943,0.85));
#13096=CARTESIAN_POINT('',(2.3166667483747,3.19999992847443,0.8));
#13097=CARTESIAN_POINT('Ctrl Pts',(2.32970094308257,3.19444436579943,0.8));
#13098=CARTESIAN_POINT('Ctrl Pts',(2.32970094308257,3.19444436579943,0.85));
#13099=CARTESIAN_POINT('Ctrl Pts',(2.32789580894747,3.19606443154129,0.8));
#13100=CARTESIAN_POINT('Ctrl Pts',(2.32789580894747,3.19606443154129,0.85));
#13101=CARTESIAN_POINT('Ctrl Pts',(2.32418964640108,3.19939062589904,0.8));
#13102=CARTESIAN_POINT('Ctrl Pts',(2.32418964640108,3.19939062589904,0.85));
#13103=CARTESIAN_POINT('Ctrl Pts',(2.3192172666273,3.19979335418159,0.8));
#13104=CARTESIAN_POINT('Ctrl Pts',(2.3192172666273,3.19979335418159,0.85));
#13105=CARTESIAN_POINT('Ctrl Pts',(2.3166667483747,3.19999992847443,0.8));
#13106=CARTESIAN_POINT('Ctrl Pts',(2.3166667483747,3.19999992847443,0.85));
#13107=CARTESIAN_POINT('',(2.32970094308257,3.19444436579943,0.85));
#13108=CARTESIAN_POINT('Ctrl Pts',(2.32970094308257,3.19444436579943,0.85));
#13109=CARTESIAN_POINT('Ctrl Pts',(2.32789580894747,3.19606443154129,0.85));
#13110=CARTESIAN_POINT('Ctrl Pts',(2.32418964640108,3.19939062589904,0.85));
#13111=CARTESIAN_POINT('Ctrl Pts',(2.3192172666273,3.19979335418159,0.85));
#13112=CARTESIAN_POINT('Ctrl Pts',(2.3166667483747,3.19999992847443,0.85));
#13113=CARTESIAN_POINT('',(2.32970094308257,3.19444436579943,0.8));
#13114=CARTESIAN_POINT('Ctrl Pts',(2.33461549505591,3.17606829106808,0.8));
#13115=CARTESIAN_POINT('Ctrl Pts',(2.33461549505591,3.17606829106808,0.85));
#13116=CARTESIAN_POINT('Ctrl Pts',(2.33456163306885,3.17984153839094,0.8));
#13117=CARTESIAN_POINT('Ctrl Pts',(2.33456163306885,3.17984153839094,0.85));
#13118=CARTESIAN_POINT('Ctrl Pts',(2.33446767926881,3.18642337734165,0.8));
#13119=CARTESIAN_POINT('Ctrl Pts',(2.33446767926881,3.18642337734165,0.85));
#13120=CARTESIAN_POINT('Ctrl Pts',(2.33112663014057,3.19204536174512,0.8));
#13121=CARTESIAN_POINT('Ctrl Pts',(2.33112663014057,3.19204536174512,0.85));
#13122=CARTESIAN_POINT('Ctrl Pts',(2.32970094308257,3.19444436579943,0.8));
#13123=CARTESIAN_POINT('Ctrl Pts',(2.32970094308257,3.19444436579943,0.85));
#13124=CARTESIAN_POINT('',(2.33461549505591,3.17606829106808,0.85));
#13125=CARTESIAN_POINT('Ctrl Pts',(2.33461549505591,3.17606829106808,0.85));
#13126=CARTESIAN_POINT('Ctrl Pts',(2.33456163306885,3.17984153839094,0.85));
#13127=CARTESIAN_POINT('Ctrl Pts',(2.33446767926881,3.18642337734165,0.85));
#13128=CARTESIAN_POINT('Ctrl Pts',(2.33112663014057,3.19204536174512,0.85));
#13129=CARTESIAN_POINT('Ctrl Pts',(2.32970094308257,3.19444436579943,0.85));
#13130=CARTESIAN_POINT('',(2.33461549505591,3.17606829106808,0.8));
#13131=CARTESIAN_POINT('Origin',(2.33461549505591,3.08461528271437,0.8));
#13132=CARTESIAN_POINT('',(2.33461549505591,3.08461528271437,0.85));
#13133=CARTESIAN_POINT('',(2.33461549505591,3.17606829106808,0.85));
#13134=CARTESIAN_POINT('',(2.33461549505591,3.08461528271437,0.8));
#13135=CARTESIAN_POINT('Ctrl Pts',(2.32970094308257,3.06623924523592,0.8));
#13136=CARTESIAN_POINT('Ctrl Pts',(2.32970094308257,3.06623924523592,0.85));
#13137=CARTESIAN_POINT('Ctrl Pts',(2.33112669856257,3.06863823081327,0.8));
#13138=CARTESIAN_POINT('Ctrl Pts',(2.33112669856257,3.06863823081327,0.85));
#13139=CARTESIAN_POINT('Ctrl Pts',(2.33446789743139,3.07426015407418,0.8));
#13140=CARTESIAN_POINT('Ctrl Pts',(2.33446789743139,3.07426015407418,0.85));
#13141=CARTESIAN_POINT('Ctrl Pts',(2.33456171264497,3.08084202561942,0.8));
#13142=CARTESIAN_POINT('Ctrl Pts',(2.33456171264497,3.08084202561942,0.85));
#13143=CARTESIAN_POINT('Ctrl Pts',(2.33461549505591,3.08461528271437,0.8));
#13144=CARTESIAN_POINT('Ctrl Pts',(2.33461549505591,3.08461528271437,0.85));
#13145=CARTESIAN_POINT('',(2.32970094308257,3.06623924523592,0.85));
#13146=CARTESIAN_POINT('Ctrl Pts',(2.32970094308257,3.06623924523592,0.85));
#13147=CARTESIAN_POINT('Ctrl Pts',(2.33112669856257,3.06863823081327,0.85));
#13148=CARTESIAN_POINT('Ctrl Pts',(2.33446789743139,3.07426015407418,0.85));
#13149=CARTESIAN_POINT('Ctrl Pts',(2.33456171264497,3.08084202561942,0.85));
#13150=CARTESIAN_POINT('Ctrl Pts',(2.33461549505591,3.08461528271437,0.85));
#13151=CARTESIAN_POINT('',(2.32970094308257,3.06623924523592,0.8));
#13152=CARTESIAN_POINT('Ctrl Pts',(2.3166667483747,3.06068368256092,0.8));
#13153=CARTESIAN_POINT('Ctrl Pts',(2.3166667483747,3.06068368256092,0.85));
#13154=CARTESIAN_POINT('Ctrl Pts',(2.3192172666273,3.06089025685376,0.8));
#13155=CARTESIAN_POINT('Ctrl Pts',(2.3192172666273,3.06089025685376,0.85));
#13156=CARTESIAN_POINT('Ctrl Pts',(2.32418964640108,3.0612929851363,0.8));
#13157=CARTESIAN_POINT('Ctrl Pts',(2.32418964640108,3.0612929851363,0.85));
#13158=CARTESIAN_POINT('Ctrl Pts',(2.32789580894747,3.06461917949406,0.8));
#13159=CARTESIAN_POINT('Ctrl Pts',(2.32789580894747,3.06461917949406,0.85));
#13160=CARTESIAN_POINT('Ctrl Pts',(2.32970094308257,3.06623924523592,0.8));
#13161=CARTESIAN_POINT('Ctrl Pts',(2.32970094308257,3.06623924523592,0.85));
#13162=CARTESIAN_POINT('',(2.3166667483747,3.06068368256092,0.85));
#13163=CARTESIAN_POINT('Ctrl Pts',(2.3166667483747,3.06068368256092,0.85));
#13164=CARTESIAN_POINT('Ctrl Pts',(2.3192172666273,3.06089025685376,0.85));
#13165=CARTESIAN_POINT('Ctrl Pts',(2.32418964640108,3.0612929851363,0.85));
#13166=CARTESIAN_POINT('Ctrl Pts',(2.32789580894747,3.06461917949406,0.85));
#13167=CARTESIAN_POINT('Ctrl Pts',(2.32970094308257,3.06623924523592,0.85));
#13168=CARTESIAN_POINT('',(2.3166667483747,3.06068368256092,0.8));
#13169=CARTESIAN_POINT('Ctrl Pts',(2.30405991896987,3.06581187993288,0.8));
#13170=CARTESIAN_POINT('Ctrl Pts',(2.30405991896987,3.06581187993288,0.85));
#13171=CARTESIAN_POINT('Ctrl Pts',(2.30584159036637,3.06431637191454,0.8));
#13172=CARTESIAN_POINT('Ctrl Pts',(2.30584159036637,3.06431637191454,0.85));
#13173=CARTESIAN_POINT('Ctrl Pts',(2.3094869621962,3.06125650194522,0.8));
#13174=CARTESIAN_POINT('Ctrl Pts',(2.3094869621962,3.06125650194522,0.85));
#13175=CARTESIAN_POINT('Ctrl Pts',(2.31423785109891,3.06087746541287,0.8));
#13176=CARTESIAN_POINT('Ctrl Pts',(2.31423785109891,3.06087746541287,0.85));
#13177=CARTESIAN_POINT('Ctrl Pts',(2.3166667483747,3.06068368256092,0.8));
#13178=CARTESIAN_POINT('Ctrl Pts',(2.3166667483747,3.06068368256092,0.85));
#13179=CARTESIAN_POINT('',(2.30405991896987,3.06581187993288,0.85));
#13180=CARTESIAN_POINT('Ctrl Pts',(2.30405991896987,3.06581187993288,0.85));
#13181=CARTESIAN_POINT('Ctrl Pts',(2.30584159036637,3.06431637191454,0.85));
#13182=CARTESIAN_POINT('Ctrl Pts',(2.3094869621962,3.06125650194522,0.85));
#13183=CARTESIAN_POINT('Ctrl Pts',(2.31423785109891,3.06087746541287,0.85));
#13184=CARTESIAN_POINT('Ctrl Pts',(2.3166667483747,3.06068368256092,0.85));
#13185=CARTESIAN_POINT('',(2.30405991896987,3.06581187993288,0.8));
#13186=CARTESIAN_POINT('Ctrl Pts',(2.29871800169349,3.08247853070498,0.8));
#13187=CARTESIAN_POINT('Ctrl Pts',(2.29871800169349,3.08247853070498,0.85));
#13188=CARTESIAN_POINT('Ctrl Pts',(2.29891508965026,3.0790558140824,0.8));
#13189=CARTESIAN_POINT('Ctrl Pts',(2.29891508965026,3.0790558140824,0.85));
#13190=CARTESIAN_POINT('Ctrl Pts',(2.29926359811576,3.07300346193723,0.8));
#13191=CARTESIAN_POINT('Ctrl Pts',(2.29926359811576,3.07300346193723,0.85));
#13192=CARTESIAN_POINT('Ctrl Pts',(2.30260718991998,3.06799009536303,0.8));
#13193=CARTESIAN_POINT('Ctrl Pts',(2.30260718991998,3.06799009536303,0.85));
#13194=CARTESIAN_POINT('Ctrl Pts',(2.30405991896987,3.06581187993288,0.8));
#13195=CARTESIAN_POINT('Ctrl Pts',(2.30405991896987,3.06581187993288,0.85));
#13196=CARTESIAN_POINT('',(2.29871800169349,3.08247853070498,0.85));
#13197=CARTESIAN_POINT('Ctrl Pts',(2.29871800169349,3.08247853070498,0.85));
#13198=CARTESIAN_POINT('Ctrl Pts',(2.29891508965026,3.0790558140824,0.85));
#13199=CARTESIAN_POINT('Ctrl Pts',(2.29926359811576,3.07300346193723,0.85));
#13200=CARTESIAN_POINT('Ctrl Pts',(2.30260718991998,3.06799009536303,0.85));
#13201=CARTESIAN_POINT('Ctrl Pts',(2.30405991896987,3.06581187993288,0.85));
#13202=CARTESIAN_POINT('',(2.29871800169349,3.08247853070498,0.8));
#13203=CARTESIAN_POINT('Ctrl Pts',(2.26175224408507,3.14700845628977,0.8));
#13204=CARTESIAN_POINT('Ctrl Pts',(2.26175224408507,3.14700845628977,0.85));
#13205=CARTESIAN_POINT('Ctrl Pts',(2.2719619841002,3.13759349494605,0.8));
#13206=CARTESIAN_POINT('Ctrl Pts',(2.2719619841002,3.13759349494605,0.85));
#13207=CARTESIAN_POINT('Ctrl Pts',(2.29115492956457,3.11989462706583,0.8));
#13208=CARTESIAN_POINT('Ctrl Pts',(2.29115492956457,3.11989462706583,0.85));
#13209=CARTESIAN_POINT('Ctrl Pts',(2.29630672021754,3.09440764344109,0.8));
#13210=CARTESIAN_POINT('Ctrl Pts',(2.29630672021754,3.09440764344109,0.85));
#13211=CARTESIAN_POINT('Ctrl Pts',(2.29871800169349,3.08247853070498,0.8));
#13212=CARTESIAN_POINT('Ctrl Pts',(2.29871800169349,3.08247853070498,0.85));
#13213=CARTESIAN_POINT('',(2.26175224408507,3.14700845628977,0.85));
#13214=CARTESIAN_POINT('Ctrl Pts',(2.26175224408507,3.14700845628977,0.85));
#13215=CARTESIAN_POINT('Ctrl Pts',(2.2719619841002,3.13759349494605,0.85));
#13216=CARTESIAN_POINT('Ctrl Pts',(2.29115492956457,3.11989462706583,0.85));
#13217=CARTESIAN_POINT('Ctrl Pts',(2.29630672021754,3.09440764344109,0.85));
#13218=CARTESIAN_POINT('Ctrl Pts',(2.29871800169349,3.08247853070498,0.85));
#13219=CARTESIAN_POINT('',(2.26175224408507,3.14700845628977,0.8));
#13220=CARTESIAN_POINT('Ctrl Pts',(2.17051288112998,3.17564092576504,0.8));
#13221=CARTESIAN_POINT('Ctrl Pts',(2.17051288112998,3.17564092576504,0.85));
#13222=CARTESIAN_POINT('Ctrl Pts',(2.18801041133723,3.17476697517092,0.8));
#13223=CARTESIAN_POINT('Ctrl Pts',(2.18801041133723,3.17476697517092,0.85));
#13224=CARTESIAN_POINT('Ctrl Pts',(2.22099566366232,3.17311945803421,0.8));
#13225=CARTESIAN_POINT('Ctrl Pts',(2.22099566366232,3.17311945803421,0.85));
#13226=CARTESIAN_POINT('Ctrl Pts',(2.24873000645029,3.1553512482039,0.8));
#13227=CARTESIAN_POINT('Ctrl Pts',(2.24873000645029,3.1553512482039,0.85));
#13228=CARTESIAN_POINT('Ctrl Pts',(2.26175224408507,3.14700845628977,0.8));
#13229=CARTESIAN_POINT('Ctrl Pts',(2.26175224408507,3.14700845628977,0.85));
#13230=CARTESIAN_POINT('',(2.17051288112998,3.17564092576504,0.85));
#13231=CARTESIAN_POINT('Ctrl Pts',(2.17051288112998,3.17564092576504,0.85));
#13232=CARTESIAN_POINT('Ctrl Pts',(2.18801041133723,3.17476697517092,0.85));
#13233=CARTESIAN_POINT('Ctrl Pts',(2.22099566366232,3.17311945803421,0.85));
#13234=CARTESIAN_POINT('Ctrl Pts',(2.24873000645029,3.1553512482039,0.85));
#13235=CARTESIAN_POINT('Ctrl Pts',(2.26175224408507,3.14700845628977,0.85));
#13236=CARTESIAN_POINT('',(2.17051288112998,3.17564092576504,0.8));
#13237=CARTESIAN_POINT('Ctrl Pts',(2.0760684274137,3.1450853869319,0.8));
#13238=CARTESIAN_POINT('Ctrl Pts',(2.0760684274137,3.1450853869319,0.85));
#13239=CARTESIAN_POINT('Ctrl Pts',(2.08935342536712,3.1539866868736,0.8));
#13240=CARTESIAN_POINT('Ctrl Pts',(2.08935342536712,3.1539866868736,0.85));
#13241=CARTESIAN_POINT('Ctrl Pts',(2.11783382313102,3.17306930652053,0.8));
#13242=CARTESIAN_POINT('Ctrl Pts',(2.11783382313102,3.17306930652053,0.85));
#13243=CARTESIAN_POINT('Ctrl Pts',(2.15218512543026,3.17474622470059,0.8));
#13244=CARTESIAN_POINT('Ctrl Pts',(2.15218512543026,3.17474622470059,0.85));
#13245=CARTESIAN_POINT('Ctrl Pts',(2.17051288112998,3.17564092576504,0.8));
#13246=CARTESIAN_POINT('Ctrl Pts',(2.17051288112998,3.17564092576504,0.85));
#13247=CARTESIAN_POINT('',(2.0760684274137,3.1450853869319,0.85));
#13248=CARTESIAN_POINT('Ctrl Pts',(2.0760684274137,3.1450853869319,0.85));
#13249=CARTESIAN_POINT('Ctrl Pts',(2.08935342536712,3.1539866868736,0.85));
#13250=CARTESIAN_POINT('Ctrl Pts',(2.11783382313102,3.17306930652053,0.85));
#13251=CARTESIAN_POINT('Ctrl Pts',(2.15218512543026,3.17474622470059,0.85));
#13252=CARTESIAN_POINT('Ctrl Pts',(2.17051288112998,3.17564092576504,0.85));
#13253=CARTESIAN_POINT('',(2.0760684274137,3.1450853869319,0.8));
#13254=CARTESIAN_POINT('Ctrl Pts',(2.04102566465735,3.07307682931423,0.8));
#13255=CARTESIAN_POINT('Ctrl Pts',(2.04102566465735,3.07307682931423,0.85));
#13256=CARTESIAN_POINT('Ctrl Pts',(2.04266860162558,3.08659623362804,0.8));
#13257=CARTESIAN_POINT('Ctrl Pts',(2.04266860162558,3.08659623362804,0.85));
#13258=CARTESIAN_POINT('Ctrl Pts',(2.04606615976084,3.11455406950287,0.8));
#13259=CARTESIAN_POINT('Ctrl Pts',(2.04606615976084,3.11455406950287,0.85));
#13260=CARTESIAN_POINT('Ctrl Pts',(2.065850884352,3.1346876711935,0.8));
#13261=CARTESIAN_POINT('Ctrl Pts',(2.065850884352,3.1346876711935,0.85));
#13262=CARTESIAN_POINT('Ctrl Pts',(2.0760684274137,3.1450853869319,0.8));
#13263=CARTESIAN_POINT('Ctrl Pts',(2.0760684274137,3.1450853869319,0.85));
#13264=CARTESIAN_POINT('',(2.04102566465735,3.07307682931423,0.85));
#13265=CARTESIAN_POINT('Ctrl Pts',(2.04102566465735,3.07307682931423,0.85));
#13266=CARTESIAN_POINT('Ctrl Pts',(2.04266860162558,3.08659623362804,0.85));
#13267=CARTESIAN_POINT('Ctrl Pts',(2.04606615976084,3.11455406950287,0.85));
#13268=CARTESIAN_POINT('Ctrl Pts',(2.065850884352,3.1346876711935,0.85));
#13269=CARTESIAN_POINT('Ctrl Pts',(2.0760684274137,3.1450853869319,0.85));
#13270=CARTESIAN_POINT('',(2.04102566465735,3.07307682931423,0.8));
#13271=CARTESIAN_POINT('Ctrl Pts',(2.05085476860404,3.03418792784214,0.8));
#13272=CARTESIAN_POINT('Ctrl Pts',(2.05085476860404,3.03418792784214,0.85));
#13273=CARTESIAN_POINT('Ctrl Pts',(2.04798819457805,3.0402445235721,0.8));
#13274=CARTESIAN_POINT('Ctrl Pts',(2.04798819457805,3.0402445235721,0.85));
#13275=CARTESIAN_POINT('Ctrl Pts',(2.04216073955011,3.05255697003914,0.8));
#13276=CARTESIAN_POINT('Ctrl Pts',(2.04216073955011,3.05255697003914,0.85));
#13277=CARTESIAN_POINT('Ctrl Pts',(2.0414080830895,3.066163477198,0.8));
#13278=CARTESIAN_POINT('Ctrl Pts',(2.0414080830895,3.066163477198,0.85));
#13279=CARTESIAN_POINT('Ctrl Pts',(2.04102566465735,3.07307682931423,0.8));
#13280=CARTESIAN_POINT('Ctrl Pts',(2.04102566465735,3.07307682931423,0.85));
#13281=CARTESIAN_POINT('',(2.05085476860404,3.03418792784214,0.85));
#13282=CARTESIAN_POINT('Ctrl Pts',(2.05085476860404,3.03418792784214,0.85));
#13283=CARTESIAN_POINT('Ctrl Pts',(2.04798819457805,3.0402445235721,0.85));
#13284=CARTESIAN_POINT('Ctrl Pts',(2.04216073955011,3.05255697003914,0.85));
#13285=CARTESIAN_POINT('Ctrl Pts',(2.0414080830895,3.066163477198,0.85));
#13286=CARTESIAN_POINT('Ctrl Pts',(2.04102566465735,3.07307682931423,0.85));
#13287=CARTESIAN_POINT('',(2.05085476860404,3.03418792784214,0.8));
#13288=CARTESIAN_POINT('Ctrl Pts',(2.07692315801978,3.00576914101839,0.8));
#13289=CARTESIAN_POINT('Ctrl Pts',(2.07692315801978,3.00576914101839,0.85));
#13290=CARTESIAN_POINT('Ctrl Pts',(2.07176582617909,3.00969781291176,0.8));
#13291=CARTESIAN_POINT('Ctrl Pts',(2.07176582617909,3.00969781291176,0.85));
#13292=CARTESIAN_POINT('Ctrl Pts',(2.06137839391423,3.0176105892162,0.8));
#13293=CARTESIAN_POINT('Ctrl Pts',(2.06137839391423,3.0176105892162,0.85));
#13294=CARTESIAN_POINT('Ctrl Pts',(2.05437898835722,3.02863640139392,0.8));
#13295=CARTESIAN_POINT('Ctrl Pts',(2.05437898835722,3.02863640139392,0.85));
#13296=CARTESIAN_POINT('Ctrl Pts',(2.05085476860404,3.03418792784214,0.8));
#13297=CARTESIAN_POINT('Ctrl Pts',(2.05085476860404,3.03418792784214,0.85));
#13298=CARTESIAN_POINT('',(2.07692315801978,3.00576914101839,0.85));
#13299=CARTESIAN_POINT('Ctrl Pts',(2.07692315801978,3.00576914101839,0.85));
#13300=CARTESIAN_POINT('Ctrl Pts',(2.07176582617909,3.00969781291176,0.85));
#13301=CARTESIAN_POINT('Ctrl Pts',(2.06137839391423,3.0176105892162,0.85));
#13302=CARTESIAN_POINT('Ctrl Pts',(2.05437898835722,3.02863640139392,0.85));
#13303=CARTESIAN_POINT('Ctrl Pts',(2.05085476860404,3.03418792784214,0.85));
#13304=CARTESIAN_POINT('',(2.07692315801978,3.00576914101839,0.8));
#13305=CARTESIAN_POINT('Ctrl Pts',(2.11367523297668,2.98824775964022,0.8));
#13306=CARTESIAN_POINT('Ctrl Pts',(2.11367523297668,2.98824775964022,0.85));
#13307=CARTESIAN_POINT('Ctrl Pts',(2.10708607497373,2.99058695978431,0.8));
#13308=CARTESIAN_POINT('Ctrl Pts',(2.10708607497373,2.99058695978431,0.85));
#13309=CARTESIAN_POINT('Ctrl Pts',(2.09422498359348,2.99515274296882,0.8));
#13310=CARTESIAN_POINT('Ctrl Pts',(2.09422498359348,2.99515274296882,0.85));
#13311=CARTESIAN_POINT('Ctrl Pts',(2.08259481206712,3.0022890147907,0.8));
#13312=CARTESIAN_POINT('Ctrl Pts',(2.08259481206712,3.0022890147907,0.85));
#13313=CARTESIAN_POINT('Ctrl Pts',(2.07692315801978,3.00576914101839,0.8));
#13314=CARTESIAN_POINT('Ctrl Pts',(2.07692315801978,3.00576914101839,0.85));
#13315=CARTESIAN_POINT('',(2.11367523297668,2.98824775964022,0.85));
#13316=CARTESIAN_POINT('Ctrl Pts',(2.11367523297668,2.98824775964022,0.85));
#13317=CARTESIAN_POINT('Ctrl Pts',(2.10708607497373,2.99058695978431,0.85));
#13318=CARTESIAN_POINT('Ctrl Pts',(2.09422498359348,2.99515274296882,0.85));
#13319=CARTESIAN_POINT('Ctrl Pts',(2.08259481206712,3.0022890147907,0.85));
#13320=CARTESIAN_POINT('Ctrl Pts',(2.07692315801978,3.00576914101839,0.85));
#13321=CARTESIAN_POINT('',(2.11367523297668,2.98824775964022,0.8));
#13322=CARTESIAN_POINT('Ctrl Pts',(2.17777779325843,2.97435890883207,0.8));
#13323=CARTESIAN_POINT('Ctrl Pts',(2.17777779325843,2.97435890883207,0.85));
#13324=CARTESIAN_POINT('Ctrl Pts',(2.16511625188951,2.9764814820273,0.8));
#13325=CARTESIAN_POINT('Ctrl Pts',(2.16511625188951,2.9764814820273,0.85));
#13326=CARTESIAN_POINT('Ctrl Pts',(2.14352380391416,2.98010122704543,0.8));
#13327=CARTESIAN_POINT('Ctrl Pts',(2.14352380391416,2.98010122704543,0.85));
#13328=CARTESIAN_POINT('Ctrl Pts',(2.12240870290587,2.98586414477327,0.8));
#13329=CARTESIAN_POINT('Ctrl Pts',(2.12240870290587,2.98586414477327,0.85));
#13330=CARTESIAN_POINT('Ctrl Pts',(2.11367523297668,2.98824775964022,0.8));
#13331=CARTESIAN_POINT('Ctrl Pts',(2.11367523297668,2.98824775964022,0.85));
#13332=CARTESIAN_POINT('',(2.17777779325843,2.97435890883207,0.85));
#13333=CARTESIAN_POINT('Ctrl Pts',(2.17777779325843,2.97435890883207,0.85));
#13334=CARTESIAN_POINT('Ctrl Pts',(2.16511625188951,2.9764814820273,0.85));
#13335=CARTESIAN_POINT('Ctrl Pts',(2.14352380391416,2.98010122704543,0.85));
#13336=CARTESIAN_POINT('Ctrl Pts',(2.12240870290587,2.98586414477327,0.85));
#13337=CARTESIAN_POINT('Ctrl Pts',(2.11367523297668,2.98824775964022,0.85));
#13338=CARTESIAN_POINT('',(2.17777779325843,2.97435890883207,0.8));
#13339=CARTESIAN_POINT('Ctrl Pts',(2.27863257750869,2.94999990612268,0.8));
#13340=CARTESIAN_POINT('Ctrl Pts',(2.27863257750869,2.94999990612268,0.85));
#13341=CARTESIAN_POINT('Ctrl Pts',(2.26567217902425,2.95438605722287,0.8));
#13342=CARTESIAN_POINT('Ctrl Pts',(2.26567217902425,2.95438605722287,0.85));
#13343=CARTESIAN_POINT('Ctrl Pts',(2.2328159055508,2.96550551317297,0.8));
#13344=CARTESIAN_POINT('Ctrl Pts',(2.2328159055508,2.96550551317297,0.85));
#13345=CARTESIAN_POINT('Ctrl Pts',(2.19853583693469,2.9710197831586,0.8));
#13346=CARTESIAN_POINT('Ctrl Pts',(2.19853583693469,2.9710197831586,0.85));
#13347=CARTESIAN_POINT('Ctrl Pts',(2.17777779325843,2.97435890883207,0.8));
#13348=CARTESIAN_POINT('Ctrl Pts',(2.17777779325843,2.97435890883207,0.85));
#13349=CARTESIAN_POINT('',(2.27863257750869,2.94999990612268,0.85));
#13350=CARTESIAN_POINT('Ctrl Pts',(2.27863257750869,2.94999990612268,0.85));
#13351=CARTESIAN_POINT('Ctrl Pts',(2.26567217902425,2.95438605722287,0.85));
#13352=CARTESIAN_POINT('Ctrl Pts',(2.2328159055508,2.96550551317297,0.85));
#13353=CARTESIAN_POINT('Ctrl Pts',(2.19853583693469,2.9710197831586,0.85));
#13354=CARTESIAN_POINT('Ctrl Pts',(2.17777779325843,2.97435890883207,0.85));
#13355=CARTESIAN_POINT('',(2.27863257750869,2.94999990612268,0.8));
#13356=CARTESIAN_POINT('Ctrl Pts',(2.33482917770743,2.90384609252214,0.8));
#13357=CARTESIAN_POINT('Ctrl Pts',(2.33482917770743,2.90384609252214,0.85));
#13358=CARTESIAN_POINT('Ctrl Pts',(2.32750390382314,2.91324118061579,0.8));
#13359=CARTESIAN_POINT('Ctrl Pts',(2.32750390382314,2.91324118061579,0.85));
#13360=CARTESIAN_POINT('Ctrl Pts',(2.31224778570228,2.93280803585926,0.8));
#13361=CARTESIAN_POINT('Ctrl Pts',(2.31224778570228,2.93280803585926,0.85));
#13362=CARTESIAN_POINT('Ctrl Pts',(2.29013028799157,2.94411961688545,0.8));
#13363=CARTESIAN_POINT('Ctrl Pts',(2.29013028799157,2.94411961688545,0.85));
#13364=CARTESIAN_POINT('Ctrl Pts',(2.27863257750869,2.94999990612268,0.8));
#13365=CARTESIAN_POINT('Ctrl Pts',(2.27863257750869,2.94999990612268,0.85));
#13366=CARTESIAN_POINT('',(2.33482917770743,2.90384609252214,0.85));
#13367=CARTESIAN_POINT('Ctrl Pts',(2.33482917770743,2.90384609252214,0.85));
#13368=CARTESIAN_POINT('Ctrl Pts',(2.32750390382314,2.91324118061579,0.85));
#13369=CARTESIAN_POINT('Ctrl Pts',(2.31224778570228,2.93280803585926,0.85));
#13370=CARTESIAN_POINT('Ctrl Pts',(2.29013028799157,2.94411961688545,0.85));
#13371=CARTESIAN_POINT('Ctrl Pts',(2.27863257750869,2.94999990612268,0.85));
#13372=CARTESIAN_POINT('',(2.33482917770743,2.90384609252214,0.8));
#13373=CARTESIAN_POINT('Ctrl Pts',(2.35384618863463,2.83418796956539,0.8));
#13374=CARTESIAN_POINT('Ctrl Pts',(2.35384618863463,2.83418796956539,0.85));
#13375=CARTESIAN_POINT('Ctrl Pts',(2.35317402107327,2.84694226813092,0.8));
#13376=CARTESIAN_POINT('Ctrl Pts',(2.35317402107327,2.84694226813092,0.85));
#13377=CARTESIAN_POINT('Ctrl Pts',(2.35187629213749,2.87156651847495,0.8));
#13378=CARTESIAN_POINT('Ctrl Pts',(2.35187629213749,2.87156651847495,0.85));
#13379=CARTESIAN_POINT('Ctrl Pts',(2.34037385095629,2.89334697307067,0.8));
#13380=CARTESIAN_POINT('Ctrl Pts',(2.34037385095629,2.89334697307067,0.85));
#13381=CARTESIAN_POINT('Ctrl Pts',(2.33482917770743,2.90384609252214,0.8));
#13382=CARTESIAN_POINT('Ctrl Pts',(2.33482917770743,2.90384609252214,0.85));
#13383=CARTESIAN_POINT('',(2.35384618863463,2.83418796956539,0.85));
#13384=CARTESIAN_POINT('Ctrl Pts',(2.35384618863463,2.83418796956539,0.85));
#13385=CARTESIAN_POINT('Ctrl Pts',(2.35317402107327,2.84694226813092,0.85));
#13386=CARTESIAN_POINT('Ctrl Pts',(2.35187629213749,2.87156651847495,0.85));
#13387=CARTESIAN_POINT('Ctrl Pts',(2.34037385095629,2.89334697307067,0.85));
#13388=CARTESIAN_POINT('Ctrl Pts',(2.33482917770743,2.90384609252214,0.85));
#13389=CARTESIAN_POINT('',(2.35384618863463,2.83418796956539,0.8));
#13390=CARTESIAN_POINT('Ctrl Pts',(2.30470096692443,2.72927340120077,0.8));
#13391=CARTESIAN_POINT('Ctrl Pts',(2.30470096692443,2.72927340120077,0.85));
#13392=CARTESIAN_POINT('Ctrl Pts',(2.31903362784322,2.74429720190781,0.8));
#13393=CARTESIAN_POINT('Ctrl Pts',(2.31903362784322,2.74429720190781,0.85));
#13394=CARTESIAN_POINT('Ctrl Pts',(2.34719012304316,2.77381144039355,0.8));
#13395=CARTESIAN_POINT('Ctrl Pts',(2.34719012304316,2.77381144039355,0.85));
#13396=CARTESIAN_POINT('Ctrl Pts',(2.35165439193274,2.81430639302564,0.8));
#13397=CARTESIAN_POINT('Ctrl Pts',(2.35165439193274,2.81430639302564,0.85));
#13398=CARTESIAN_POINT('Ctrl Pts',(2.35384618863463,2.83418796956539,0.8));
#13399=CARTESIAN_POINT('Ctrl Pts',(2.35384618863463,2.83418796956539,0.85));
#13400=CARTESIAN_POINT('',(2.30470096692443,2.72927340120077,0.85));
#13401=CARTESIAN_POINT('Ctrl Pts',(2.30470096692443,2.72927340120077,0.85));
#13402=CARTESIAN_POINT('Ctrl Pts',(2.31903362784322,2.74429720190781,0.85));
#13403=CARTESIAN_POINT('Ctrl Pts',(2.34719012304316,2.77381144039355,0.85));
#13404=CARTESIAN_POINT('Ctrl Pts',(2.35165439193274,2.81430639302564,0.85));
#13405=CARTESIAN_POINT('Ctrl Pts',(2.35384618863463,2.83418796956539,0.85));
#13406=CARTESIAN_POINT('',(2.30470096692443,2.72927340120077,0.8));
#13407=CARTESIAN_POINT('Ctrl Pts',(2.17222234234214,2.68589738756418,0.8));
#13408=CARTESIAN_POINT('Ctrl Pts',(2.17222234234214,2.68589738756418,0.85));
#13409=CARTESIAN_POINT('Ctrl Pts',(2.19794707418861,2.68717844921199,0.8));
#13410=CARTESIAN_POINT('Ctrl Pts',(2.19794707418861,2.68717844921199,0.85));
#13411=CARTESIAN_POINT('Ctrl Pts',(2.24621845074203,2.68958230747408,0.8));
#13412=CARTESIAN_POINT('Ctrl Pts',(2.24621845074203,2.68958230747408,0.85));
#13413=CARTESIAN_POINT('Ctrl Pts',(2.28608163118946,2.71663677323011,0.8));
#13414=CARTESIAN_POINT('Ctrl Pts',(2.28608163118946,2.71663677323011,0.85));
#13415=CARTESIAN_POINT('Ctrl Pts',(2.30470096692443,2.72927340120077,0.8));
#13416=CARTESIAN_POINT('Ctrl Pts',(2.30470096692443,2.72927340120077,0.85));
#13417=CARTESIAN_POINT('',(2.17222234234214,2.68589738756418,0.85));
#13418=CARTESIAN_POINT('Ctrl Pts',(2.17222234234214,2.68589738756418,0.85));
#13419=CARTESIAN_POINT('Ctrl Pts',(2.19794707418861,2.68717844921199,0.85));
#13420=CARTESIAN_POINT('Ctrl Pts',(2.24621845074203,2.68958230747408,0.85));
#13421=CARTESIAN_POINT('Ctrl Pts',(2.28608163118946,2.71663677323011,0.85));
#13422=CARTESIAN_POINT('Ctrl Pts',(2.30470096692443,2.72927340120077,0.85));
#13423=CARTESIAN_POINT('',(2.17222234234214,2.68589738756418,0.8));
#13424=CARTESIAN_POINT('Ctrl Pts',(2.02264970168471,2.74444434791803,0.8));
#13425=CARTESIAN_POINT('Ctrl Pts',(2.02264970168471,2.74444434791803,0.85));
#13426=CARTESIAN_POINT('Ctrl Pts',(2.04346832113552,2.72737593277635,0.8));
#13427=CARTESIAN_POINT('Ctrl Pts',(2.04346832113552,2.72737593277635,0.85));
#13428=CARTESIAN_POINT('Ctrl Pts',(2.0868740064336,2.69178921878084,0.8));
#13429=CARTESIAN_POINT('Ctrl Pts',(2.0868740064336,2.69178921878084,0.85));
#13430=CARTESIAN_POINT('Ctrl Pts',(2.14301052059408,2.68791396025349,0.8));
#13431=CARTESIAN_POINT('Ctrl Pts',(2.14301052059408,2.68791396025349,0.85));
#13432=CARTESIAN_POINT('Ctrl Pts',(2.17222234234214,2.68589738756418,0.8));
#13433=CARTESIAN_POINT('Ctrl Pts',(2.17222234234214,2.68589738756418,0.85));
#13434=CARTESIAN_POINT('',(2.02264970168471,2.74444434791803,0.85));
#13435=CARTESIAN_POINT('Ctrl Pts',(2.02264970168471,2.74444434791803,0.85));
#13436=CARTESIAN_POINT('Ctrl Pts',(2.04346832113552,2.72737593277635,0.85));
#13437=CARTESIAN_POINT('Ctrl Pts',(2.0868740064336,2.69178921878084,0.85));
#13438=CARTESIAN_POINT('Ctrl Pts',(2.14301052059408,2.68791396025349,0.85));
#13439=CARTESIAN_POINT('Ctrl Pts',(2.17222234234214,2.68589738756418,0.85));
#13440=CARTESIAN_POINT('',(2.02264970168471,2.74444434791803,0.8));
#13441=CARTESIAN_POINT('Origin',(2.02264970168471,2.72393155843019,0.8));
#13442=CARTESIAN_POINT('',(2.02264970168471,2.72393155843019,0.85));
#13443=CARTESIAN_POINT('',(2.02264970168471,2.74444434791803,0.85));
#13444=CARTESIAN_POINT('',(2.02264970168471,2.72393155843019,0.8));
#13445=CARTESIAN_POINT('Ctrl Pts',(2.01773514971137,2.70555544644594,0.8));
#13446=CARTESIAN_POINT('Ctrl Pts',(2.01773514971137,2.70555544644594,0.85));
#13447=CARTESIAN_POINT('Ctrl Pts',(2.01916083696317,2.70795446307718,0.8));
#13448=CARTESIAN_POINT('Ctrl Pts',(2.01916083696317,2.70795446307718,0.85));
#13449=CARTESIAN_POINT('Ctrl Pts',(2.02250187880221,2.71357646392442,0.8));
#13450=CARTESIAN_POINT('Ctrl Pts',(2.02250187880221,2.71357646392442,0.85));
#13451=CARTESIAN_POINT('Ctrl Pts',(2.02259583717125,2.72015831224508,0.8));
#13452=CARTESIAN_POINT('Ctrl Pts',(2.02259583717125,2.72015831224508,0.85));
#13453=CARTESIAN_POINT('Ctrl Pts',(2.02264970168471,2.72393155843019,0.8));
#13454=CARTESIAN_POINT('Ctrl Pts',(2.02264970168471,2.72393155843019,0.85));
#13455=CARTESIAN_POINT('',(2.01773514971137,2.70555544644594,0.85));
#13456=CARTESIAN_POINT('Ctrl Pts',(2.01773514971137,2.70555544644594,0.85));
#13457=CARTESIAN_POINT('Ctrl Pts',(2.01916083696317,2.70795446307718,0.85));
#13458=CARTESIAN_POINT('Ctrl Pts',(2.02250187880221,2.71357646392442,0.85));
#13459=CARTESIAN_POINT('Ctrl Pts',(2.02259583717125,2.72015831224508,0.85));
#13460=CARTESIAN_POINT('Ctrl Pts',(2.02264970168471,2.72393155843019,0.85));
#13461=CARTESIAN_POINT('',(2.01773514971137,2.70555544644594,0.8));
#13462=CARTESIAN_POINT('Ctrl Pts',(2.0047009550035,2.69999992102385,0.8));
#13463=CARTESIAN_POINT('Ctrl Pts',(2.0047009550035,2.69999992102385,0.85));
#13464=CARTESIAN_POINT('Ctrl Pts',(2.00725141475087,2.70020649851899,0.8));
#13465=CARTESIAN_POINT('Ctrl Pts',(2.00725141475087,2.70020649851899,0.85));
#13466=CARTESIAN_POINT('Ctrl Pts',(2.01222377155042,2.70060924042215,0.8));
#13467=CARTESIAN_POINT('Ctrl Pts',(2.01222377155042,2.70060924042215,0.85));
#13468=CARTESIAN_POINT('Ctrl Pts',(2.01592996547113,2.70393537739926,0.8));
#13469=CARTESIAN_POINT('Ctrl Pts',(2.01592996547113,2.70393537739926,0.85));
#13470=CARTESIAN_POINT('Ctrl Pts',(2.01773514971137,2.70555544644594,0.8));
#13471=CARTESIAN_POINT('Ctrl Pts',(2.01773514971137,2.70555544644594,0.85));
#13472=CARTESIAN_POINT('',(2.0047009550035,2.69999992102385,0.85));
#13473=CARTESIAN_POINT('Ctrl Pts',(2.0047009550035,2.69999992102385,0.85));
#13474=CARTESIAN_POINT('Ctrl Pts',(2.00725141475087,2.70020649851899,0.85));
#13475=CARTESIAN_POINT('Ctrl Pts',(2.01222377155042,2.70060924042215,0.85));
#13476=CARTESIAN_POINT('Ctrl Pts',(2.01592996547113,2.70393537739926,0.85));
#13477=CARTESIAN_POINT('Ctrl Pts',(2.01773514971137,2.70555544644594,0.85));
#13478=CARTESIAN_POINT('',(2.0047009550035,2.69999992102385,0.8));
#13479=CARTESIAN_POINT('Ctrl Pts',(1.99188044294715,2.70555544644594,0.8));
#13480=CARTESIAN_POINT('Ctrl Pts',(1.99188044294715,2.70555544644594,0.85));
#13481=CARTESIAN_POINT('Ctrl Pts',(1.99370288705898,2.70393508674096,0.8));
#13482=CARTESIAN_POINT('Ctrl Pts',(1.99370288705898,2.70393508674096,0.85));
#13483=CARTESIAN_POINT('Ctrl Pts',(1.99736580293629,2.70067833870036,0.8));
#13484=CARTESIAN_POINT('Ctrl Pts',(1.99736580293629,2.70067833870036,0.85));
#13485=CARTESIAN_POINT('Ctrl Pts',(2.00224789497004,2.70022680102211,0.8));
#13486=CARTESIAN_POINT('Ctrl Pts',(2.00224789497004,2.70022680102211,0.85));
#13487=CARTESIAN_POINT('Ctrl Pts',(2.0047009550035,2.69999992102385,0.8));
#13488=CARTESIAN_POINT('Ctrl Pts',(2.0047009550035,2.69999992102385,0.85));
#13489=CARTESIAN_POINT('',(1.99188044294715,2.70555544644594,0.85));
#13490=CARTESIAN_POINT('Ctrl Pts',(1.99188044294715,2.70555544644594,0.85));
#13491=CARTESIAN_POINT('Ctrl Pts',(1.99370288705898,2.70393508674096,0.85));
#13492=CARTESIAN_POINT('Ctrl Pts',(1.99736580293629,2.70067833870036,0.85));
#13493=CARTESIAN_POINT('Ctrl Pts',(2.00224789497004,2.70022680102211,0.85));
#13494=CARTESIAN_POINT('Ctrl Pts',(2.0047009550035,2.69999992102385,0.85));
#13495=CARTESIAN_POINT('',(1.99188044294715,2.70555544644594,0.8));
#13496=CARTESIAN_POINT('Ctrl Pts',(1.98675220832229,2.72393155843019,0.8));
#13497=CARTESIAN_POINT('Ctrl Pts',(1.98675220832229,2.72393155843019,0.85));
#13498=CARTESIAN_POINT('Ctrl Pts',(1.98681372986619,2.72015092210745,0.8));
#13499=CARTESIAN_POINT('Ctrl Pts',(1.98681372986619,2.72015092210745,0.85));
#13500=CARTESIAN_POINT('Ctrl Pts',(1.98692142479829,2.71353282792033,0.8));
#13501=CARTESIAN_POINT('Ctrl Pts',(1.98692142479829,2.71353282792033,0.85));
#13502=CARTESIAN_POINT('Ctrl Pts',(1.99039232200303,2.70794932928624,0.8));
#13503=CARTESIAN_POINT('Ctrl Pts',(1.99039232200303,2.70794932928624,0.85));
#13504=CARTESIAN_POINT('Ctrl Pts',(1.99188044294715,2.70555544644594,0.8));
#13505=CARTESIAN_POINT('Ctrl Pts',(1.99188044294715,2.70555544644594,0.85));
#13506=CARTESIAN_POINT('',(1.98675220832229,2.72393155843019,0.85));
#13507=CARTESIAN_POINT('Ctrl Pts',(1.98675220832229,2.72393155843019,0.85));
#13508=CARTESIAN_POINT('Ctrl Pts',(1.98681372986619,2.72015092210745,0.85));
#13509=CARTESIAN_POINT('Ctrl Pts',(1.98692142479829,2.71353282792033,0.85));
#13510=CARTESIAN_POINT('Ctrl Pts',(1.99039232200303,2.70794932928624,0.85));
#13511=CARTESIAN_POINT('Ctrl Pts',(1.99188044294715,2.70555544644594,0.85));
#13512=CARTESIAN_POINT('',(1.98675220832229,2.72393155843019,0.8));
#13513=CARTESIAN_POINT('Origin',(1.98675220832229,2.82307684421539,0.8));
#13514=CARTESIAN_POINT('',(1.98675220832229,2.82307684421539,0.85));
#13515=CARTESIAN_POINT('',(1.98675220832229,2.72393155843019,0.85));
#13516=CARTESIAN_POINT('',(1.98675220832229,2.82307684421539,0.8));
#13517=CARTESIAN_POINT('Ctrl Pts',(1.99166676029563,2.84188028424978,0.8));
#13518=CARTESIAN_POINT('Ctrl Pts',(1.99166676029563,2.84188028424978,0.85));
#13519=CARTESIAN_POINT('Ctrl Pts',(1.9902418282542,2.83944447272986,0.8));
#13520=CARTESIAN_POINT('Ctrl Pts',(1.9902418282542,2.83944447272986,0.85));
#13521=CARTESIAN_POINT('Ctrl Pts',(1.98687010346184,2.83368076902157,0.8));
#13522=CARTESIAN_POINT('Ctrl Pts',(1.98687010346184,2.83368076902157,0.85));
#13523=CARTESIAN_POINT('Ctrl Pts',(1.98679536271657,2.8269583100141,0.8));
#13524=CARTESIAN_POINT('Ctrl Pts',(1.98679536271657,2.8269583100141,0.85));
#13525=CARTESIAN_POINT('Ctrl Pts',(1.98675220832229,2.82307684421539,0.8));
#13526=CARTESIAN_POINT('Ctrl Pts',(1.98675220832229,2.82307684421539,0.85));
#13527=CARTESIAN_POINT('',(1.99166676029563,2.84188028424978,0.85));
#13528=CARTESIAN_POINT('Ctrl Pts',(1.99166676029563,2.84188028424978,0.85));
#13529=CARTESIAN_POINT('Ctrl Pts',(1.9902418282542,2.83944447272986,0.85));
#13530=CARTESIAN_POINT('Ctrl Pts',(1.98687010346184,2.83368076902157,0.85));
#13531=CARTESIAN_POINT('Ctrl Pts',(1.98679536271657,2.8269583100141,0.85));
#13532=CARTESIAN_POINT('Ctrl Pts',(1.98675220832229,2.82307684421539,0.85));
#13533=CARTESIAN_POINT('',(1.99166676029563,2.84188028424978,0.8));
#13534=CARTESIAN_POINT('Ctrl Pts',(2.0047009550035,2.84743580967188,0.8));
#13535=CARTESIAN_POINT('Ctrl Pts',(2.0047009550035,2.84743580967188,0.85));
#13536=CARTESIAN_POINT('Ctrl Pts',(2.00215049525613,2.84722923217674,0.8));
#13537=CARTESIAN_POINT('Ctrl Pts',(2.00215049525613,2.84722923217674,0.85));
#13538=CARTESIAN_POINT('Ctrl Pts',(1.99717813845658,2.84682649027358,0.8));
#13539=CARTESIAN_POINT('Ctrl Pts',(1.99717813845658,2.84682649027358,0.85));
#13540=CARTESIAN_POINT('Ctrl Pts',(1.99347194453587,2.84350035329647,0.8));
#13541=CARTESIAN_POINT('Ctrl Pts',(1.99347194453587,2.84350035329647,0.85));
#13542=CARTESIAN_POINT('Ctrl Pts',(1.99166676029563,2.84188028424978,0.8));
#13543=CARTESIAN_POINT('Ctrl Pts',(1.99166676029563,2.84188028424978,0.85));
#13544=CARTESIAN_POINT('',(2.0047009550035,2.84743580967188,0.85));
#13545=CARTESIAN_POINT('Ctrl Pts',(2.0047009550035,2.84743580967188,0.85));
#13546=CARTESIAN_POINT('Ctrl Pts',(2.00215049525613,2.84722923217674,0.85));
#13547=CARTESIAN_POINT('Ctrl Pts',(1.99717813845658,2.84682649027358,0.85));
#13548=CARTESIAN_POINT('Ctrl Pts',(1.99347194453587,2.84350035329647,0.85));
#13549=CARTESIAN_POINT('Ctrl Pts',(1.99166676029563,2.84188028424978,0.85));
#13550=CARTESIAN_POINT('',(2.0047009550035,2.84743580967188,0.8));
#13551=CARTESIAN_POINT('Ctrl Pts',(2.01730778440833,2.84230761229992,0.8));
#13552=CARTESIAN_POINT('Ctrl Pts',(2.01730778440833,2.84230761229992,0.85));
#13553=CARTESIAN_POINT('Ctrl Pts',(2.01552611301183,2.84380312031826,0.8));
#13554=CARTESIAN_POINT('Ctrl Pts',(2.01552611301183,2.84380312031826,0.85));
#13555=CARTESIAN_POINT('Ctrl Pts',(2.011880741182,2.84686299028758,0.8));
#13556=CARTESIAN_POINT('Ctrl Pts',(2.011880741182,2.84686299028758,0.85));
#13557=CARTESIAN_POINT('Ctrl Pts',(2.00712985227929,2.84724202681993,0.8));
#13558=CARTESIAN_POINT('Ctrl Pts',(2.00712985227929,2.84724202681993,0.85));
#13559=CARTESIAN_POINT('Ctrl Pts',(2.0047009550035,2.84743580967188,0.8));
#13560=CARTESIAN_POINT('Ctrl Pts',(2.0047009550035,2.84743580967188,0.85));
#13561=CARTESIAN_POINT('',(2.01730778440833,2.84230761229992,0.85));
#13562=CARTESIAN_POINT('Ctrl Pts',(2.01730778440833,2.84230761229992,0.85));
#13563=CARTESIAN_POINT('Ctrl Pts',(2.01552611301183,2.84380312031826,0.85));
#13564=CARTESIAN_POINT('Ctrl Pts',(2.011880741182,2.84686299028758,0.85));
#13565=CARTESIAN_POINT('Ctrl Pts',(2.00712985227929,2.84724202681993,0.85));
#13566=CARTESIAN_POINT('Ctrl Pts',(2.0047009550035,2.84743580967188,0.85));
#13567=CARTESIAN_POINT('',(2.01730778440833,2.84230761229992,0.8));
#13568=CARTESIAN_POINT('Ctrl Pts',(2.02264970168471,2.82564096152782,0.8));
#13569=CARTESIAN_POINT('Ctrl Pts',(2.02264970168471,2.82564096152782,0.85));
#13570=CARTESIAN_POINT('Ctrl Pts',(2.02245261372794,2.8290636781504,0.8));
#13571=CARTESIAN_POINT('Ctrl Pts',(2.02245261372794,2.8290636781504,0.85));
#13572=CARTESIAN_POINT('Ctrl Pts',(2.02210410526245,2.83511603029557,0.8));
#13573=CARTESIAN_POINT('Ctrl Pts',(2.02210410526245,2.83511603029557,0.85));
#13574=CARTESIAN_POINT('Ctrl Pts',(2.01876051345822,2.84012939686977,0.8));
#13575=CARTESIAN_POINT('Ctrl Pts',(2.01876051345822,2.84012939686977,0.85));
#13576=CARTESIAN_POINT('Ctrl Pts',(2.01730778440833,2.84230761229992,0.8));
#13577=CARTESIAN_POINT('Ctrl Pts',(2.01730778440833,2.84230761229992,0.85));
#13578=CARTESIAN_POINT('',(2.02264970168471,2.82564096152782,0.85));
#13579=CARTESIAN_POINT('Ctrl Pts',(2.02264970168471,2.82564096152782,0.85));
#13580=CARTESIAN_POINT('Ctrl Pts',(2.02245261372794,2.8290636781504,0.85));
#13581=CARTESIAN_POINT('Ctrl Pts',(2.02210410526245,2.83511603029557,0.85));
#13582=CARTESIAN_POINT('Ctrl Pts',(2.01876051345822,2.84012939686977,0.85));
#13583=CARTESIAN_POINT('Ctrl Pts',(2.01730778440833,2.84230761229992,0.85));
#13584=CARTESIAN_POINT('',(2.02264970168471,2.82564096152782,0.8));
#13585=CARTESIAN_POINT('Ctrl Pts',(2.06474369391799,2.7540597692132,0.8));
#13586=CARTESIAN_POINT('Ctrl Pts',(2.06474369391799,2.7540597692132,0.85));
#13587=CARTESIAN_POINT('Ctrl Pts',(2.05305094049835,2.76453885944647,0.8));
#13588=CARTESIAN_POINT('Ctrl Pts',(2.05305094049835,2.76453885944647,0.85));
#13589=CARTESIAN_POINT('Ctrl Pts',(2.03130192977153,2.78403040585229,0.8));
#13590=CARTESIAN_POINT('Ctrl Pts',(2.03130192977153,2.78403040585229,0.85));
#13591=CARTESIAN_POINT('Ctrl Pts',(2.02538538156732,2.8124844475151,0.8));
#13592=CARTESIAN_POINT('Ctrl Pts',(2.02538538156732,2.8124844475151,0.85));
#13593=CARTESIAN_POINT('Ctrl Pts',(2.02264970168471,2.82564096152782,0.8));
#13594=CARTESIAN_POINT('Ctrl Pts',(2.02264970168471,2.82564096152782,0.85));
#13595=CARTESIAN_POINT('',(2.06474369391799,2.7540597692132,0.85));
#13596=CARTESIAN_POINT('Ctrl Pts',(2.06474369391799,2.7540597692132,0.85));
#13597=CARTESIAN_POINT('Ctrl Pts',(2.05305094049835,2.76453885944647,0.85));
#13598=CARTESIAN_POINT('Ctrl Pts',(2.03130192977153,2.78403040585229,0.85));
#13599=CARTESIAN_POINT('Ctrl Pts',(2.02538538156732,2.8124844475151,0.85));
#13600=CARTESIAN_POINT('Ctrl Pts',(2.02264970168471,2.82564096152782,0.85));
#13601=CARTESIAN_POINT('',(2.06474369391799,2.7540597692132,0.8));
#13602=CARTESIAN_POINT('Ctrl Pts',(2.17222234234214,2.7217948064208,0.8));
#13603=CARTESIAN_POINT('Ctrl Pts',(2.17222234234214,2.7217948064208,0.85));
#13604=CARTESIAN_POINT('Ctrl Pts',(2.15144944996515,2.72269308307659,0.8));
#13605=CARTESIAN_POINT('Ctrl Pts',(2.15144944996515,2.72269308307659,0.85));
#13606=CARTESIAN_POINT('Ctrl Pts',(2.11276864609945,2.7243657467822,0.8));
#13607=CARTESIAN_POINT('Ctrl Pts',(2.11276864609945,2.7243657467822,0.85));
#13608=CARTESIAN_POINT('Ctrl Pts',(2.07994154012335,2.74466287935437,0.8));
#13609=CARTESIAN_POINT('Ctrl Pts',(2.07994154012335,2.74466287935437,0.85));
#13610=CARTESIAN_POINT('Ctrl Pts',(2.06474369391799,2.7540597692132,0.8));
#13611=CARTESIAN_POINT('Ctrl Pts',(2.06474369391799,2.7540597692132,0.85));
#13612=CARTESIAN_POINT('',(2.17222234234214,2.7217948064208,0.85));
#13613=CARTESIAN_POINT('Ctrl Pts',(2.17222234234214,2.7217948064208,0.85));
#13614=CARTESIAN_POINT('Ctrl Pts',(2.15144944996515,2.72269308307659,0.85));
#13615=CARTESIAN_POINT('Ctrl Pts',(2.11276864609945,2.7243657467822,0.85));
#13616=CARTESIAN_POINT('Ctrl Pts',(2.07994154012335,2.74466287935437,0.85));
#13617=CARTESIAN_POINT('Ctrl Pts',(2.06474369391799,2.7540597692132,0.85));
#13618=CARTESIAN_POINT('',(2.17222234234214,2.7217948064208,0.8));
#13619=CARTESIAN_POINT('Ctrl Pts',(2.27884626016021,2.75555547326803,0.8));
#13620=CARTESIAN_POINT('Ctrl Pts',(2.27884626016021,2.75555547326803,0.85));
#13621=CARTESIAN_POINT('Ctrl Pts',(2.26390541140144,2.74572262899283,0.8));
#13622=CARTESIAN_POINT('Ctrl Pts',(2.26390541140144,2.74572262899283,0.85));
#13623=CARTESIAN_POINT('Ctrl Pts',(2.23166640390977,2.72450555187955,0.8));
#13624=CARTESIAN_POINT('Ctrl Pts',(2.23166640390977,2.72450555187955,0.85));
#13625=CARTESIAN_POINT('Ctrl Pts',(2.19297994498868,2.722741386712,0.8));
#13626=CARTESIAN_POINT('Ctrl Pts',(2.19297994498868,2.722741386712,0.85));
#13627=CARTESIAN_POINT('Ctrl Pts',(2.17222234234214,2.7217948064208,0.8));
#13628=CARTESIAN_POINT('Ctrl Pts',(2.17222234234214,2.7217948064208,0.85));
#13629=CARTESIAN_POINT('',(2.27884626016021,2.75555547326803,0.85));
#13630=CARTESIAN_POINT('Ctrl Pts',(2.27884626016021,2.75555547326803,0.85));
#13631=CARTESIAN_POINT('Ctrl Pts',(2.26390541140144,2.74572262899283,0.85));
#13632=CARTESIAN_POINT('Ctrl Pts',(2.23166640390977,2.72450555187955,0.85));
#13633=CARTESIAN_POINT('Ctrl Pts',(2.19297994498868,2.722741386712,0.85));
#13634=CARTESIAN_POINT('Ctrl Pts',(2.17222234234214,2.7217948064208,0.85));
#13635=CARTESIAN_POINT('',(2.27884626016021,2.75555547326803,0.8));
#13636=CARTESIAN_POINT('Ctrl Pts',(2.31794869527221,2.83547002822161,0.8));
#13637=CARTESIAN_POINT('Ctrl Pts',(2.31794869527221,2.83547002822161,0.85));
#13638=CARTESIAN_POINT('Ctrl Pts',(2.31611856898242,2.82043226976391,0.8));
#13639=CARTESIAN_POINT('Ctrl Pts',(2.31611856898242,2.82043226976391,0.85));
#13640=CARTESIAN_POINT('Ctrl Pts',(2.31233598784579,2.78935160511421,0.8));
#13641=CARTESIAN_POINT('Ctrl Pts',(2.31233598784579,2.78935160511421,0.85));
#13642=CARTESIAN_POINT('Ctrl Pts',(2.29024761515218,2.76706114151805,0.8));
#13643=CARTESIAN_POINT('Ctrl Pts',(2.29024761515218,2.76706114151805,0.85));
#13644=CARTESIAN_POINT('Ctrl Pts',(2.27884626016021,2.75555547326803,0.8));
#13645=CARTESIAN_POINT('Ctrl Pts',(2.27884626016021,2.75555547326803,0.85));
#13646=CARTESIAN_POINT('',(2.31794869527221,2.83547002822161,0.85));
#13647=CARTESIAN_POINT('Ctrl Pts',(2.31794869527221,2.83547002822161,0.85));
#13648=CARTESIAN_POINT('Ctrl Pts',(2.31611856898242,2.82043226976391,0.85));
#13649=CARTESIAN_POINT('Ctrl Pts',(2.31233598784579,2.78935160511421,0.85));
#13650=CARTESIAN_POINT('Ctrl Pts',(2.29024761515218,2.76706114151805,0.85));
#13651=CARTESIAN_POINT('Ctrl Pts',(2.27884626016021,2.75555547326803,0.85));
#13652=CARTESIAN_POINT('',(2.31794869527221,2.83547002822161,0.8));
#13653=CARTESIAN_POINT('Ctrl Pts',(2.30299150571227,2.88568366318941,0.8));
#13654=CARTESIAN_POINT('Ctrl Pts',(2.30299150571227,2.88568366318941,0.85));
#13655=CARTESIAN_POINT('Ctrl Pts',(2.30735372223159,2.87801828407996,0.8));
#13656=CARTESIAN_POINT('Ctrl Pts',(2.30735372223159,2.87801828407996,0.85));
#13657=CARTESIAN_POINT('Ctrl Pts',(2.31621604074031,2.86244523059735,0.8));
#13658=CARTESIAN_POINT('Ctrl Pts',(2.31621604074031,2.86244523059735,0.85));
#13659=CARTESIAN_POINT('Ctrl Pts',(2.31736518406576,2.84455454714485,0.8));
#13660=CARTESIAN_POINT('Ctrl Pts',(2.31736518406576,2.84455454714485,0.85));
#13661=CARTESIAN_POINT('Ctrl Pts',(2.31794869527221,2.83547002822161,0.8));
#13662=CARTESIAN_POINT('Ctrl Pts',(2.31794869527221,2.83547002822161,0.85));
#13663=CARTESIAN_POINT('',(2.30299150571227,2.88568366318941,0.85));
#13664=CARTESIAN_POINT('Ctrl Pts',(2.30299150571227,2.88568366318941,0.85));
#13665=CARTESIAN_POINT('Ctrl Pts',(2.30735372223159,2.87801828407996,0.85));
#13666=CARTESIAN_POINT('Ctrl Pts',(2.31621604074031,2.86244523059735,0.85));
#13667=CARTESIAN_POINT('Ctrl Pts',(2.31736518406576,2.84455454714485,0.85));
#13668=CARTESIAN_POINT('Ctrl Pts',(2.31794869527221,2.83547002822161,0.85));
#13669=CARTESIAN_POINT('',(2.30299150571227,2.88568366318941,0.8));
#13670=CARTESIAN_POINT('Ctrl Pts',(2.25854700431228,2.92051274329424,0.8));
#13671=CARTESIAN_POINT('Ctrl Pts',(2.25854700431228,2.92051274329424,0.85));
#13672=CARTESIAN_POINT('Ctrl Pts',(2.26762952867493,2.91605733347447,0.8));
#13673=CARTESIAN_POINT('Ctrl Pts',(2.26762952867493,2.91605733347447,0.85));
#13674=CARTESIAN_POINT('Ctrl Pts',(2.28492869344471,2.90757127106366,0.8));
#13675=CARTESIAN_POINT('Ctrl Pts',(2.28492869344471,2.90757127106366,0.85));
#13676=CARTESIAN_POINT('Ctrl Pts',(2.29717489000624,2.8927319456962,0.8));
#13677=CARTESIAN_POINT('Ctrl Pts',(2.29717489000624,2.8927319456962,0.85));
#13678=CARTESIAN_POINT('Ctrl Pts',(2.30299150571227,2.88568366318941,0.8));
#13679=CARTESIAN_POINT('Ctrl Pts',(2.30299150571227,2.88568366318941,0.85));
#13680=CARTESIAN_POINT('',(2.25854700431228,2.92051274329424,0.85));
#13681=CARTESIAN_POINT('Ctrl Pts',(2.25854700431228,2.92051274329424,0.85));
#13682=CARTESIAN_POINT('Ctrl Pts',(2.26762952867493,2.91605733347447,0.85));
#13683=CARTESIAN_POINT('Ctrl Pts',(2.28492869344471,2.90757127106366,0.85));
#13684=CARTESIAN_POINT('Ctrl Pts',(2.29717489000624,2.8927319456962,0.85));
#13685=CARTESIAN_POINT('Ctrl Pts',(2.30299150571227,2.88568366318941,0.85));
#13686=CARTESIAN_POINT('',(2.25854700431228,2.92051274329424,0.8));
#13687=CARTESIAN_POINT('Ctrl Pts',(2.17307692393661,2.94059820473194,0.8));
#13688=CARTESIAN_POINT('Ctrl Pts',(2.17307692393661,2.94059820473194,0.85));
#13689=CARTESIAN_POINT('Ctrl Pts',(2.19116042901165,2.93761612590946,0.8));
#13690=CARTESIAN_POINT('Ctrl Pts',(2.19116042901165,2.93761612590946,0.85));
#13691=CARTESIAN_POINT('Ctrl Pts',(2.22012609628391,2.93283951304636,0.8));
#13692=CARTESIAN_POINT('Ctrl Pts',(2.22012609628391,2.93283951304636,0.85));
#13693=CARTESIAN_POINT('Ctrl Pts',(2.24805452433292,2.92387909748708,0.8));
#13694=CARTESIAN_POINT('Ctrl Pts',(2.24805452433292,2.92387909748708,0.85));
#13695=CARTESIAN_POINT('Ctrl Pts',(2.25854700431228,2.92051274329424,0.8));
#13696=CARTESIAN_POINT('Ctrl Pts',(2.25854700431228,2.92051274329424,0.85));
#13697=CARTESIAN_POINT('',(2.17307692393661,2.94059820473194,0.85));
#13698=CARTESIAN_POINT('Ctrl Pts',(2.17307692393661,2.94059820473194,0.85));
#13699=CARTESIAN_POINT('Ctrl Pts',(2.19116042901165,2.93761612590946,0.85));
#13700=CARTESIAN_POINT('Ctrl Pts',(2.22012609628391,2.93283951304636,0.85));
#13701=CARTESIAN_POINT('Ctrl Pts',(2.24805452433292,2.92387909748708,0.85));
#13702=CARTESIAN_POINT('Ctrl Pts',(2.25854700431228,2.92051274329424,0.85));
#13703=CARTESIAN_POINT('',(2.17307692393661,2.94059820473194,0.8));
#13704=CARTESIAN_POINT('Ctrl Pts',(2.04444458708167,2.98632469028234,0.8));
#13705=CARTESIAN_POINT('Ctrl Pts',(2.04444458708167,2.98632469028234,0.85));
#13706=CARTESIAN_POINT('Ctrl Pts',(2.06137447255871,2.97647550187546,0.8));
#13707=CARTESIAN_POINT('Ctrl Pts',(2.06137447255871,2.97647550187546,0.85));
#13708=CARTESIAN_POINT('Ctrl Pts',(2.101259893208,2.95327162236928,0.8));
#13709=CARTESIAN_POINT('Ctrl Pts',(2.101259893208,2.95327162236928,0.85));
#13710=CARTESIAN_POINT('Ctrl Pts',(2.14684246659419,2.9452277505516,0.8));
#13711=CARTESIAN_POINT('Ctrl Pts',(2.14684246659419,2.9452277505516,0.85));
#13712=CARTESIAN_POINT('Ctrl Pts',(2.17307692393661,2.94059820473194,0.8));
#13713=CARTESIAN_POINT('Ctrl Pts',(2.17307692393661,2.94059820473194,0.85));
#13714=CARTESIAN_POINT('',(2.04444458708167,2.98632469028234,0.85));
#13715=CARTESIAN_POINT('Ctrl Pts',(2.04444458708167,2.98632469028234,0.85));
#13716=CARTESIAN_POINT('Ctrl Pts',(2.06137447255871,2.97647550187546,0.85));
#13717=CARTESIAN_POINT('Ctrl Pts',(2.101259893208,2.95327162236928,0.85));
#13718=CARTESIAN_POINT('Ctrl Pts',(2.14684246659419,2.9452277505516,0.85));
#13719=CARTESIAN_POINT('Ctrl Pts',(2.17307692393661,2.94059820473194,0.85));
#13720=CARTESIAN_POINT('',(2.04444458708167,2.98632469028234,0.8));
#13721=CARTESIAN_POINT('Ctrl Pts',(2.00512832030654,3.07393152266741,0.8));
#13722=CARTESIAN_POINT('Ctrl Pts',(2.00512832030654,3.07393152266741,0.85));
#13723=CARTESIAN_POINT('Ctrl Pts',(2.00650426077574,3.05628411108512,0.8));
#13724=CARTESIAN_POINT('Ctrl Pts',(2.00650426077574,3.05628411108512,0.85));
#13725=CARTESIAN_POINT('Ctrl Pts',(2.0091559205151,3.02227469582028,0.8));
#13726=CARTESIAN_POINT('Ctrl Pts',(2.0091559205151,3.02227469582028,0.85));
#13727=CARTESIAN_POINT('Ctrl Pts',(2.0329818706369,2.99800222757018,0.8));
#13728=CARTESIAN_POINT('Ctrl Pts',(2.0329818706369,2.99800222757018,0.85));
#13729=CARTESIAN_POINT('Ctrl Pts',(2.04444458708167,2.98632469028234,0.8));
#13730=CARTESIAN_POINT('Ctrl Pts',(2.04444458708167,2.98632469028234,0.85));
#13731=CARTESIAN_POINT('',(2.00512832030654,3.07393152266741,0.85));
#13732=CARTESIAN_POINT('Ctrl Pts',(2.00512832030654,3.07393152266741,0.85));
#13733=CARTESIAN_POINT('Ctrl Pts',(2.00650426077574,3.05628411108512,0.85));
#13734=CARTESIAN_POINT('Ctrl Pts',(2.0091559205151,3.02227469582028,0.85));
#13735=CARTESIAN_POINT('Ctrl Pts',(2.0329818706369,2.99800222757018,0.85));
#13736=CARTESIAN_POINT('Ctrl Pts',(2.04444458708167,2.98632469028234,0.85));
#13737=CARTESIAN_POINT('',(2.00512832030654,3.07393152266741,0.8));
#13738=CARTESIAN_POINT('Ctrl Pts',(2.05021372064948,3.17094009369612,0.8));
#13739=CARTESIAN_POINT('Ctrl Pts',(2.05021372064948,3.17094009369612,0.85));
#13740=CARTESIAN_POINT('Ctrl Pts',(2.03706541049163,3.15695146041381,0.8));
#13741=CARTESIAN_POINT('Ctrl Pts',(2.03706541049163,3.15695146041381,0.85));
#13742=CARTESIAN_POINT('Ctrl Pts',(2.01130382215189,3.12954342031375,0.8));
#13743=CARTESIAN_POINT('Ctrl Pts',(2.01130382215189,3.12954342031375,0.85));
#13744=CARTESIAN_POINT('Ctrl Pts',(2.00715812079182,3.09221037022616,0.8));
#13745=CARTESIAN_POINT('Ctrl Pts',(2.00715812079182,3.09221037022616,0.85));
#13746=CARTESIAN_POINT('Ctrl Pts',(2.00512832030654,3.07393152266741,0.8));
#13747=CARTESIAN_POINT('Ctrl Pts',(2.00512832030654,3.07393152266741,0.85));
#13748=CARTESIAN_POINT('',(2.05021372064948,3.17094009369612,0.85));
#13749=CARTESIAN_POINT('Ctrl Pts',(2.05021372064948,3.17094009369612,0.85));
#13750=CARTESIAN_POINT('Ctrl Pts',(2.03706541049163,3.15695146041381,0.85));
#13751=CARTESIAN_POINT('Ctrl Pts',(2.01130382215189,3.12954342031375,0.85));
#13752=CARTESIAN_POINT('Ctrl Pts',(2.00715812079182,3.09221037022616,0.85));
#13753=CARTESIAN_POINT('Ctrl Pts',(2.00512832030654,3.07393152266741,0.85));
#13754=CARTESIAN_POINT('',(2.05021372064948,3.17094009369612,0.8));
#13755=CARTESIAN_POINT('Ctrl Pts',(2.16923078522086,3.21153838187456,0.8));
#13756=CARTESIAN_POINT('Ctrl Pts',(2.16923078522086,3.21153838187456,0.85));
#13757=CARTESIAN_POINT('Ctrl Pts',(2.14625288922427,3.21024718790776,0.8));
#13758=CARTESIAN_POINT('Ctrl Pts',(2.14625288922427,3.21024718790776,0.85));
#13759=CARTESIAN_POINT('Ctrl Pts',(2.10267094147273,3.2077981930996,0.8));
#13760=CARTESIAN_POINT('Ctrl Pts',(2.10267094147273,3.2077981930996,0.85));
#13761=CARTESIAN_POINT('Ctrl Pts',(2.06705277123798,3.18277174224155,0.8));
#13762=CARTESIAN_POINT('Ctrl Pts',(2.06705277123798,3.18277174224155,0.85));
#13763=CARTESIAN_POINT('Ctrl Pts',(2.05021372064948,3.17094009369612,0.8));
#13764=CARTESIAN_POINT('Ctrl Pts',(2.05021372064948,3.17094009369612,0.85));
#13765=CARTESIAN_POINT('',(2.16923078522086,3.21153838187456,0.85));
#13766=CARTESIAN_POINT('Ctrl Pts',(2.16923078522086,3.21153838187456,0.85));
#13767=CARTESIAN_POINT('Ctrl Pts',(2.14625288922427,3.21024718790776,0.85));
#13768=CARTESIAN_POINT('Ctrl Pts',(2.10267094147273,3.2077981930996,0.85));
#13769=CARTESIAN_POINT('Ctrl Pts',(2.06705277123798,3.18277174224155,0.85));
#13770=CARTESIAN_POINT('Ctrl Pts',(2.05021372064948,3.17094009369612,0.85));
#13771=CARTESIAN_POINT('',(2.16923078522086,3.21153838187456,0.8));
#13772=CARTESIAN_POINT('Ctrl Pts',(2.29871800169349,3.1641024723649,0.8));
#13773=CARTESIAN_POINT('Ctrl Pts',(2.29871800169349,3.1641024723649,0.85));
#13774=CARTESIAN_POINT('Ctrl Pts',(2.27961062196968,3.17793740955568,0.8));
#13775=CARTESIAN_POINT('Ctrl Pts',(2.27961062196968,3.17793740955568,0.85));
#13776=CARTESIAN_POINT('Ctrl Pts',(2.24094279044137,3.20593533644207,0.8));
#13777=CARTESIAN_POINT('Ctrl Pts',(2.24094279044137,3.20593533644207,0.85));
#13778=CARTESIAN_POINT('Ctrl Pts',(2.19332078309874,3.20965616770187,0.8));
#13779=CARTESIAN_POINT('Ctrl Pts',(2.19332078309874,3.20965616770187,0.85));
#13780=CARTESIAN_POINT('Ctrl Pts',(2.16923078522086,3.21153838187456,0.8));
#13781=CARTESIAN_POINT('Ctrl Pts',(2.16923078522086,3.21153838187456,0.85));
#13782=CARTESIAN_POINT('Ctrl Pts',(2.29871800169349,3.1641024723649,0.85));
#13783=CARTESIAN_POINT('Ctrl Pts',(2.27961062196968,3.17793740955568,0.85));
#13784=CARTESIAN_POINT('Ctrl Pts',(2.24094279044137,3.20593533644207,0.85));
#13785=CARTESIAN_POINT('Ctrl Pts',(2.19332078309874,3.20965616770187,0.85));
#13786=CARTESIAN_POINT('Ctrl Pts',(2.16923078522086,3.21153838187456,0.85));
#13787=CARTESIAN_POINT('Origin',(2.417948609218,2.96752130612731,0.85));
#13788=CARTESIAN_POINT('Origin',(1.14529913291335,2.73589733988047,0.8));
#13789=CARTESIAN_POINT('',(1.01495726034045,2.73589733988047,0.8));
#13790=CARTESIAN_POINT('',(1.14529913291335,2.73589733988047,0.8));
#13791=CARTESIAN_POINT('',(1.82264956645668,2.73589733988047,0.8));
#13792=CARTESIAN_POINT('',(1.01495726034045,2.73589733988047,0.85));
#13793=CARTESIAN_POINT('',(1.01495726034045,2.73589733988047,0.8));
#13794=CARTESIAN_POINT('',(1.14529913291335,2.73589733988047,0.85));
#13795=CARTESIAN_POINT('',(1.01495726034045,2.73589733988047,0.85));
#13796=CARTESIAN_POINT('',(1.14529913291335,2.73589733988047,0.8));
#13797=CARTESIAN_POINT('Ctrl Pts',(1.23012816533446,2.76538450270891,0.8));
#13798=CARTESIAN_POINT('Ctrl Pts',(1.23012816533446,2.76538450270891,0.85));
#13799=CARTESIAN_POINT('Ctrl Pts',(1.21689215693123,2.7567853841383,0.8));
#13800=CARTESIAN_POINT('Ctrl Pts',(1.21689215693123,2.7567853841383,0.85));
#13801=CARTESIAN_POINT('Ctrl Pts',(1.19101365096115,2.73997273681385,0.8));
#13802=CARTESIAN_POINT('Ctrl Pts',(1.19101365096115,2.73997273681385,0.85));
#13803=CARTESIAN_POINT('Ctrl Pts',(1.16030252405385,2.73723487501931,0.8));
#13804=CARTESIAN_POINT('Ctrl Pts',(1.16030252405385,2.73723487501931,0.85));
#13805=CARTESIAN_POINT('Ctrl Pts',(1.14529913291335,2.73589733988047,0.8));
#13806=CARTESIAN_POINT('Ctrl Pts',(1.14529913291335,2.73589733988047,0.85));
#13807=CARTESIAN_POINT('',(1.23012816533446,2.76538450270891,0.8));
#13808=CARTESIAN_POINT('Ctrl Pts',(1.14529913291335,2.73589733988047,0.8));
#13809=CARTESIAN_POINT('Ctrl Pts',(1.16030252405385,2.73723487501931,0.8));
#13810=CARTESIAN_POINT('Ctrl Pts',(1.19101365096115,2.73997273681385,0.8));
#13811=CARTESIAN_POINT('Ctrl Pts',(1.21689215693123,2.7567853841383,0.8));
#13812=CARTESIAN_POINT('Ctrl Pts',(1.23012816533446,2.76538450270891,0.8));
#13813=CARTESIAN_POINT('',(1.23012816533446,2.76538450270891,0.85));
#13814=CARTESIAN_POINT('Ctrl Pts',(1.23012816533446,2.76538450270891,0.85));
#13815=CARTESIAN_POINT('Ctrl Pts',(1.21689215693123,2.7567853841383,0.85));
#13816=CARTESIAN_POINT('Ctrl Pts',(1.19101365096115,2.73997273681385,0.85));
#13817=CARTESIAN_POINT('Ctrl Pts',(1.16030252405385,2.73723487501931,0.85));
#13818=CARTESIAN_POINT('Ctrl Pts',(1.14529913291335,2.73589733988047,0.85));
#13819=CARTESIAN_POINT('',(1.23012816533446,2.76538450270891,0.8));
#13820=CARTESIAN_POINT('Ctrl Pts',(1.28952985629439,2.83611103892326,0.8));
#13821=CARTESIAN_POINT('Ctrl Pts',(1.28952985629439,2.83611103892326,0.85));
#13822=CARTESIAN_POINT('Ctrl Pts',(1.2819630895139,2.82276275785848,0.8));
#13823=CARTESIAN_POINT('Ctrl Pts',(1.2819630895139,2.82276275785848,0.85));
#13824=CARTESIAN_POINT('Ctrl Pts',(1.26652962652274,2.79553710021831,0.8));
#13825=CARTESIAN_POINT('Ctrl Pts',(1.26652962652274,2.79553710021831,0.85));
#13826=CARTESIAN_POINT('Ctrl Pts',(1.24241817736021,2.77556474750957,0.8));
#13827=CARTESIAN_POINT('Ctrl Pts',(1.24241817736021,2.77556474750957,0.85));
#13828=CARTESIAN_POINT('Ctrl Pts',(1.23012816533446,2.76538450270891,0.8));
#13829=CARTESIAN_POINT('Ctrl Pts',(1.23012816533446,2.76538450270891,0.85));
#13830=CARTESIAN_POINT('',(1.28952985629439,2.83611103892326,0.8));
#13831=CARTESIAN_POINT('Ctrl Pts',(1.23012816533446,2.76538450270891,0.8));
#13832=CARTESIAN_POINT('Ctrl Pts',(1.24241817736021,2.77556474750957,0.8));
#13833=CARTESIAN_POINT('Ctrl Pts',(1.26652962652274,2.79553710021831,0.8));
#13834=CARTESIAN_POINT('Ctrl Pts',(1.2819630895139,2.82276275785848,0.8));
#13835=CARTESIAN_POINT('Ctrl Pts',(1.28952985629439,2.83611103892326,0.8));
#13836=CARTESIAN_POINT('',(1.28952985629439,2.83611103892326,0.85));
#13837=CARTESIAN_POINT('Ctrl Pts',(1.28952985629439,2.83611103892326,0.85));
#13838=CARTESIAN_POINT('Ctrl Pts',(1.2819630895139,2.82276275785848,0.85));
#13839=CARTESIAN_POINT('Ctrl Pts',(1.26652962652274,2.79553710021831,0.85));
#13840=CARTESIAN_POINT('Ctrl Pts',(1.24241817736021,2.77556474750957,0.85));
#13841=CARTESIAN_POINT('Ctrl Pts',(1.23012816533446,2.76538450270891,0.85));
#13842=CARTESIAN_POINT('',(1.28952985629439,2.83611103892326,0.8));
#13843=CARTESIAN_POINT('Ctrl Pts',(1.30940174683928,2.91752126067877,0.8));
#13844=CARTESIAN_POINT('Ctrl Pts',(1.30940174683928,2.91752126067877,0.85));
#13845=CARTESIAN_POINT('Ctrl Pts',(1.30846708565949,2.90386878845788,0.8));
#13846=CARTESIAN_POINT('Ctrl Pts',(1.30846708565949,2.90386878845788,0.85));
#13847=CARTESIAN_POINT('Ctrl Pts',(1.30653222882218,2.8756065905688,0.8));
#13848=CARTESIAN_POINT('Ctrl Pts',(1.30653222882218,2.8756065905688,0.85));
#13849=CARTESIAN_POINT('Ctrl Pts',(1.29532385800294,2.84957017783697,0.8));
#13850=CARTESIAN_POINT('Ctrl Pts',(1.29532385800294,2.84957017783697,0.85));
#13851=CARTESIAN_POINT('Ctrl Pts',(1.28952985629439,2.83611103892326,0.8));
#13852=CARTESIAN_POINT('Ctrl Pts',(1.28952985629439,2.83611103892326,0.85));
#13853=CARTESIAN_POINT('',(1.30940174683928,2.91752126067877,0.8));
#13854=CARTESIAN_POINT('Ctrl Pts',(1.28952985629439,2.83611103892326,0.8));
#13855=CARTESIAN_POINT('Ctrl Pts',(1.29532385800294,2.84957017783697,0.8));
#13856=CARTESIAN_POINT('Ctrl Pts',(1.30653222882218,2.8756065905688,0.8));
#13857=CARTESIAN_POINT('Ctrl Pts',(1.30846708565949,2.90386878845788,0.8));
#13858=CARTESIAN_POINT('Ctrl Pts',(1.30940174683928,2.91752126067877,0.8));
#13859=CARTESIAN_POINT('',(1.30940174683928,2.91752126067877,0.85));
#13860=CARTESIAN_POINT('Ctrl Pts',(1.30940174683928,2.91752126067877,0.85));
#13861=CARTESIAN_POINT('Ctrl Pts',(1.30846708565949,2.90386878845788,0.85));
#13862=CARTESIAN_POINT('Ctrl Pts',(1.30653222882218,2.8756065905688,0.85));
#13863=CARTESIAN_POINT('Ctrl Pts',(1.29532385800294,2.84957017783697,0.85));
#13864=CARTESIAN_POINT('Ctrl Pts',(1.28952985629439,2.83611103892326,0.85));
#13865=CARTESIAN_POINT('',(1.30940174683928,2.91752126067877,0.8));
#13866=CARTESIAN_POINT('Origin',(1.30940174683928,2.9824785515666,0.8));
#13867=CARTESIAN_POINT('',(1.30940174683928,2.9824785515666,0.8));
#13868=CARTESIAN_POINT('',(1.30940174683928,2.9912392757833,0.8));
#13869=CARTESIAN_POINT('',(1.30940174683928,2.9824785515666,0.85));
#13870=CARTESIAN_POINT('',(1.30940174683928,2.91752126067877,0.85));
#13871=CARTESIAN_POINT('',(1.30940174683928,2.9824785515666,0.8));
#13872=CARTESIAN_POINT('Ctrl Pts',(1.29871791228652,3.04188024252653,0.8));
#13873=CARTESIAN_POINT('Ctrl Pts',(1.29871791228652,3.04188024252653,0.85));
#13874=CARTESIAN_POINT('Ctrl Pts',(1.30183244128881,3.03266708649567,0.8));
#13875=CARTESIAN_POINT('Ctrl Pts',(1.30183244128881,3.03266708649567,0.85));
#13876=CARTESIAN_POINT('Ctrl Pts',(1.30834243004511,3.01340974706271,0.8));
#13877=CARTESIAN_POINT('Ctrl Pts',(1.30834243004511,3.01340974706271,0.85));
#13878=CARTESIAN_POINT('Ctrl Pts',(1.30903862673043,2.99308136569875,0.8));
#13879=CARTESIAN_POINT('Ctrl Pts',(1.30903862673043,2.99308136569875,0.85));
#13880=CARTESIAN_POINT('Ctrl Pts',(1.30940174683928,2.9824785515666,0.8));
#13881=CARTESIAN_POINT('Ctrl Pts',(1.30940174683928,2.9824785515666,0.85));
#13882=CARTESIAN_POINT('',(1.29871791228652,3.04188024252653,0.8));
#13883=CARTESIAN_POINT('Ctrl Pts',(1.30940174683928,2.9824785515666,0.8));
#13884=CARTESIAN_POINT('Ctrl Pts',(1.30903862673043,2.99308136569875,0.8));
#13885=CARTESIAN_POINT('Ctrl Pts',(1.30834243004511,3.01340974706271,0.8));
#13886=CARTESIAN_POINT('Ctrl Pts',(1.30183244128881,3.03266708649567,0.8));
#13887=CARTESIAN_POINT('Ctrl Pts',(1.29871791228652,3.04188024252653,0.8));
#13888=CARTESIAN_POINT('',(1.29871791228652,3.04188024252653,0.85));
#13889=CARTESIAN_POINT('Ctrl Pts',(1.29871791228652,3.04188024252653,0.85));
#13890=CARTESIAN_POINT('Ctrl Pts',(1.30183244128881,3.03266708649567,0.85));
#13891=CARTESIAN_POINT('Ctrl Pts',(1.30834243004511,3.01340974706271,0.85));
#13892=CARTESIAN_POINT('Ctrl Pts',(1.30903862673043,2.99308136569875,0.85));
#13893=CARTESIAN_POINT('Ctrl Pts',(1.30940174683928,2.9824785515666,0.85));
#13894=CARTESIAN_POINT('',(1.29871791228652,3.04188024252653,0.8));
#13895=CARTESIAN_POINT('Ctrl Pts',(1.25512814149261,3.11410248279572,0.8));
#13896=CARTESIAN_POINT('Ctrl Pts',(1.25512814149261,3.11410248279572,0.85));
#13897=CARTESIAN_POINT('Ctrl Pts',(1.26394290964044,3.10267553027853,0.8));
#13898=CARTESIAN_POINT('Ctrl Pts',(1.26394290964044,3.10267553027853,0.85));
#13899=CARTESIAN_POINT('Ctrl Pts',(1.281232995056,3.08026166961333,0.8));
#13900=CARTESIAN_POINT('Ctrl Pts',(1.281232995056,3.08026166961333,0.85));
#13901=CARTESIAN_POINT('Ctrl Pts',(1.29296639259361,3.05450549724299,0.8));
#13902=CARTESIAN_POINT('Ctrl Pts',(1.29296639259361,3.05450549724299,0.85));
#13903=CARTESIAN_POINT('Ctrl Pts',(1.29871791228652,3.04188024252653,0.8));
#13904=CARTESIAN_POINT('Ctrl Pts',(1.29871791228652,3.04188024252653,0.85));
#13905=CARTESIAN_POINT('',(1.25512814149261,3.11410248279572,0.8));
#13906=CARTESIAN_POINT('Ctrl Pts',(1.29871791228652,3.04188024252653,0.8));
#13907=CARTESIAN_POINT('Ctrl Pts',(1.29296639259361,3.05450549724299,0.8));
#13908=CARTESIAN_POINT('Ctrl Pts',(1.281232995056,3.08026166961333,0.8));
#13909=CARTESIAN_POINT('Ctrl Pts',(1.26394290964044,3.10267553027853,0.8));
#13910=CARTESIAN_POINT('Ctrl Pts',(1.25512814149261,3.11410248279572,0.8));
#13911=CARTESIAN_POINT('',(1.25512814149261,3.11410248279572,0.85));
#13912=CARTESIAN_POINT('Ctrl Pts',(1.25512814149261,3.11410248279572,0.85));
#13913=CARTESIAN_POINT('Ctrl Pts',(1.26394290964044,3.10267553027853,0.85));
#13914=CARTESIAN_POINT('Ctrl Pts',(1.281232995056,3.08026166961333,0.85));
#13915=CARTESIAN_POINT('Ctrl Pts',(1.29296639259361,3.05450549724299,0.85));
#13916=CARTESIAN_POINT('Ctrl Pts',(1.29871791228652,3.04188024252653,0.85));
#13917=CARTESIAN_POINT('',(1.25512814149261,3.11410248279572,0.8));
#13918=CARTESIAN_POINT('Ctrl Pts',(1.20982905849814,3.1485041975975,0.8));
#13919=CARTESIAN_POINT('Ctrl Pts',(1.20982905849814,3.1485041975975,0.85));
#13920=CARTESIAN_POINT('Ctrl Pts',(1.21893157179308,3.14347999102244,0.8));
#13921=CARTESIAN_POINT('Ctrl Pts',(1.21893157179308,3.14347999102244,0.85));
#13922=CARTESIAN_POINT('Ctrl Pts',(1.2357283916289,3.13420884909439,0.8));
#13923=CARTESIAN_POINT('Ctrl Pts',(1.2357283916289,3.13420884909439,0.85));
#13924=CARTESIAN_POINT('Ctrl Pts',(1.24903337802718,3.12041924190862,0.8));
#13925=CARTESIAN_POINT('Ctrl Pts',(1.24903337802718,3.12041924190862,0.85));
#13926=CARTESIAN_POINT('Ctrl Pts',(1.25512814149261,3.11410248279572,0.8));
#13927=CARTESIAN_POINT('Ctrl Pts',(1.25512814149261,3.11410248279572,0.85));
#13928=CARTESIAN_POINT('',(1.20982905849814,3.1485041975975,0.8));
#13929=CARTESIAN_POINT('Ctrl Pts',(1.25512814149261,3.11410248279572,0.8));
#13930=CARTESIAN_POINT('Ctrl Pts',(1.24903337802718,3.12041924190862,0.8));
#13931=CARTESIAN_POINT('Ctrl Pts',(1.2357283916289,3.13420884909439,0.8));
#13932=CARTESIAN_POINT('Ctrl Pts',(1.21893157179308,3.14347999102244,0.8));
#13933=CARTESIAN_POINT('Ctrl Pts',(1.20982905849814,3.1485041975975,0.8));
#13934=CARTESIAN_POINT('',(1.20982905849814,3.1485041975975,0.85));
#13935=CARTESIAN_POINT('Ctrl Pts',(1.20982905849814,3.1485041975975,0.85));
#13936=CARTESIAN_POINT('Ctrl Pts',(1.21893157179308,3.14347999102244,0.85));
#13937=CARTESIAN_POINT('Ctrl Pts',(1.2357283916289,3.13420884909439,0.85));
#13938=CARTESIAN_POINT('Ctrl Pts',(1.24903337802718,3.12041924190862,0.85));
#13939=CARTESIAN_POINT('Ctrl Pts',(1.25512814149261,3.11410248279572,0.85));
#13940=CARTESIAN_POINT('',(1.20982905849814,3.1485041975975,0.8));
#13941=CARTESIAN_POINT('Ctrl Pts',(1.14529913291335,3.1641024723649,0.8));
#13942=CARTESIAN_POINT('Ctrl Pts',(1.14529913291335,3.1641024723649,0.85));
#13943=CARTESIAN_POINT('Ctrl Pts',(1.15660781551522,3.16347017400632,0.8));
#13944=CARTESIAN_POINT('Ctrl Pts',(1.15660781551522,3.16347017400632,0.85));
#13945=CARTESIAN_POINT('Ctrl Pts',(1.17907439399896,3.16221400817355,0.8));
#13946=CARTESIAN_POINT('Ctrl Pts',(1.17907439399896,3.16221400817355,0.85));
#13947=CARTESIAN_POINT('Ctrl Pts',(1.19962347608122,3.15305364087815,0.8));
#13948=CARTESIAN_POINT('Ctrl Pts',(1.19962347608122,3.15305364087815,0.85));
#13949=CARTESIAN_POINT('Ctrl Pts',(1.20982905849814,3.1485041975975,0.8));
#13950=CARTESIAN_POINT('Ctrl Pts',(1.20982905849814,3.1485041975975,0.85));
#13951=CARTESIAN_POINT('',(1.14529913291335,3.1641024723649,0.8));
#13952=CARTESIAN_POINT('Ctrl Pts',(1.20982905849814,3.1485041975975,0.8));
#13953=CARTESIAN_POINT('Ctrl Pts',(1.19962347608122,3.15305364087815,0.8));
#13954=CARTESIAN_POINT('Ctrl Pts',(1.17907439399896,3.16221400817355,0.8));
#13955=CARTESIAN_POINT('Ctrl Pts',(1.15660781551522,3.16347017400632,0.8));
#13956=CARTESIAN_POINT('Ctrl Pts',(1.14529913291335,3.1641024723649,0.8));
#13957=CARTESIAN_POINT('',(1.14529913291335,3.1641024723649,0.85));
#13958=CARTESIAN_POINT('Ctrl Pts',(1.14529913291335,3.1641024723649,0.85));
#13959=CARTESIAN_POINT('Ctrl Pts',(1.15660781551522,3.16347017400632,0.85));
#13960=CARTESIAN_POINT('Ctrl Pts',(1.17907439399896,3.16221400817355,0.85));
#13961=CARTESIAN_POINT('Ctrl Pts',(1.19962347608122,3.15305364087815,0.85));
#13962=CARTESIAN_POINT('Ctrl Pts',(1.20982905849814,3.1485041975975,0.85));
#13963=CARTESIAN_POINT('',(1.14529913291335,3.1641024723649,0.8));
#13964=CARTESIAN_POINT('Origin',(1.01495726034045,3.1641024723649,0.8));
#13965=CARTESIAN_POINT('',(1.01495726034045,3.1641024723649,0.8));
#13966=CARTESIAN_POINT('',(1.75747863017023,3.1641024723649,0.8));
#13967=CARTESIAN_POINT('',(1.01495726034045,3.1641024723649,0.85));
#13968=CARTESIAN_POINT('',(1.14529913291335,3.1641024723649,0.85));
#13969=CARTESIAN_POINT('',(1.01495726034045,3.1641024723649,0.8));
#13970=CARTESIAN_POINT('Origin',(1.01495726034045,2.73589733988047,0.8));
#13971=CARTESIAN_POINT('',(1.01495726034045,2.86794866994023,0.8));
#13972=CARTESIAN_POINT('',(1.01495726034045,3.1641024723649,0.85));
#13973=CARTESIAN_POINT('Origin',(0.979059841483831,3.1641024723649,0.8));
#13974=CARTESIAN_POINT('',(0.979059841483831,2.73589733988047,0.85));
#13975=CARTESIAN_POINT('',(0.979059841483831,2.73589733988047,0.8));
#13976=CARTESIAN_POINT('',(0.979059841483831,3.1641024723649,0.85));
#13977=CARTESIAN_POINT('',(0.979059841483831,2.73589733988047,0.85));
#13978=CARTESIAN_POINT('',(0.979059841483831,3.1641024723649,0.8));
#13979=CARTESIAN_POINT('Origin',(0.948717948049307,3.1641024723649,0.8));
#13980=CARTESIAN_POINT('',(0.948717948049307,3.1641024723649,0.85));
#13981=CARTESIAN_POINT('',(0.979059841483831,3.1641024723649,0.85));
#13982=CARTESIAN_POINT('',(0.948717948049307,3.1641024723649,0.8));
#13983=CARTESIAN_POINT('Ctrl Pts',(0.930341873317957,3.16901702433825,0.8));
#13984=CARTESIAN_POINT('Ctrl Pts',(0.930341873317957,3.16901702433825,0.85));
#13985=CARTESIAN_POINT('Ctrl Pts',(0.932740872947267,3.16759128581837,0.8));
#13986=CARTESIAN_POINT('Ctrl Pts',(0.932740872947267,3.16759128581837,0.85));
#13987=CARTESIAN_POINT('Ctrl Pts',(0.938362823826833,3.16425012985157,0.8));
#13988=CARTESIAN_POINT('Ctrl Pts',(0.938362823826833,3.16425012985157,0.85));
#13989=CARTESIAN_POINT('Ctrl Pts',(0.944944694250731,3.16415627656469,0.8));
#13990=CARTESIAN_POINT('Ctrl Pts',(0.944944694250731,3.16415627656469,0.85));
#13991=CARTESIAN_POINT('Ctrl Pts',(0.948717948049307,3.1641024723649,0.8));
#13992=CARTESIAN_POINT('Ctrl Pts',(0.948717948049307,3.1641024723649,0.85));
#13993=CARTESIAN_POINT('',(0.930341873317957,3.16901702433825,0.85));
#13994=CARTESIAN_POINT('Ctrl Pts',(0.930341873317957,3.16901702433825,0.85));
#13995=CARTESIAN_POINT('Ctrl Pts',(0.932740872947267,3.16759128581837,0.85));
#13996=CARTESIAN_POINT('Ctrl Pts',(0.938362823826833,3.16425012985157,0.85));
#13997=CARTESIAN_POINT('Ctrl Pts',(0.944944694250731,3.16415627656469,0.85));
#13998=CARTESIAN_POINT('Ctrl Pts',(0.948717948049307,3.1641024723649,0.85));
#13999=CARTESIAN_POINT('',(0.930341873317957,3.16901702433825,0.8));
#14000=CARTESIAN_POINT('Ctrl Pts',(0.924786310642958,3.18205118179321,0.8));
#14001=CARTESIAN_POINT('Ctrl Pts',(0.924786310642958,3.18205118179321,0.85));
#14002=CARTESIAN_POINT('Ctrl Pts',(0.924992870453748,3.17950067502223,0.8));
#14003=CARTESIAN_POINT('Ctrl Pts',(0.924992870453748,3.17950067502223,0.85));
#14004=CARTESIAN_POINT('Ctrl Pts',(0.925395572257854,3.17452829596104,0.8));
#14005=CARTESIAN_POINT('Ctrl Pts',(0.925395572257854,3.17452829596104,0.85));
#14006=CARTESIAN_POINT('Ctrl Pts',(0.92872178915971,3.1708221558374,0.8));
#14007=CARTESIAN_POINT('Ctrl Pts',(0.92872178915971,3.1708221558374,0.85));
#14008=CARTESIAN_POINT('Ctrl Pts',(0.930341873317957,3.16901702433825,0.8));
#14009=CARTESIAN_POINT('Ctrl Pts',(0.930341873317957,3.16901702433825,0.85));
#14010=CARTESIAN_POINT('',(0.924786310642958,3.18205118179321,0.85));
#14011=CARTESIAN_POINT('Ctrl Pts',(0.924786310642958,3.18205118179321,0.85));
#14012=CARTESIAN_POINT('Ctrl Pts',(0.924992870453748,3.17950067502223,0.85));
#14013=CARTESIAN_POINT('Ctrl Pts',(0.925395572257854,3.17452829596104,0.85));
#14014=CARTESIAN_POINT('Ctrl Pts',(0.92872178915971,3.1708221558374,0.85));
#14015=CARTESIAN_POINT('Ctrl Pts',(0.930341873317957,3.16901702433825,0.85));
#14016=CARTESIAN_POINT('',(0.924786310642958,3.18205118179321,0.8));
#14017=CARTESIAN_POINT('Ctrl Pts',(0.930341873317957,3.19508537650108,0.8));
#14018=CARTESIAN_POINT('Ctrl Pts',(0.930341873317957,3.19508537650108,0.85));
#14019=CARTESIAN_POINT('Ctrl Pts',(0.928721789216336,3.1932802448494,0.8));
#14020=CARTESIAN_POINT('Ctrl Pts',(0.928721789216336,3.1932802448494,0.85));
#14021=CARTESIAN_POINT('Ctrl Pts',(0.925395564047875,3.18957409507224,0.8));
#14022=CARTESIAN_POINT('Ctrl Pts',(0.925395564047875,3.18957409507224,0.85));
#14023=CARTESIAN_POINT('Ctrl Pts',(0.924992867997021,3.18460170190393,0.8));
#14024=CARTESIAN_POINT('Ctrl Pts',(0.924992867997021,3.18460170190393,0.85));
#14025=CARTESIAN_POINT('Ctrl Pts',(0.924786310642958,3.18205118179321,0.8));
#14026=CARTESIAN_POINT('Ctrl Pts',(0.924786310642958,3.18205118179321,0.85));
#14027=CARTESIAN_POINT('',(0.930341873317957,3.19508537650108,0.85));
#14028=CARTESIAN_POINT('Ctrl Pts',(0.930341873317957,3.19508537650108,0.85));
#14029=CARTESIAN_POINT('Ctrl Pts',(0.928721789216336,3.1932802448494,0.85));
#14030=CARTESIAN_POINT('Ctrl Pts',(0.925395564047875,3.18957409507224,0.85));
#14031=CARTESIAN_POINT('Ctrl Pts',(0.924992867997021,3.18460170190393,0.85));
#14032=CARTESIAN_POINT('Ctrl Pts',(0.924786310642958,3.18205118179321,0.85));
#14033=CARTESIAN_POINT('',(0.930341873317957,3.19508537650108,0.8));
#14034=CARTESIAN_POINT('Ctrl Pts',(0.948717948049307,3.19999992847443,0.8));
#14035=CARTESIAN_POINT('Ctrl Pts',(0.948717948049307,3.19999992847443,0.85));
#14036=CARTESIAN_POINT('Ctrl Pts',(0.944944694250731,3.19994612427464,0.8));
#14037=CARTESIAN_POINT('Ctrl Pts',(0.944944694250731,3.19994612427464,0.85));
#14038=CARTESIAN_POINT('Ctrl Pts',(0.938362823826833,3.19985227098776,0.8));
#14039=CARTESIAN_POINT('Ctrl Pts',(0.938362823826833,3.19985227098776,0.85));
#14040=CARTESIAN_POINT('Ctrl Pts',(0.932740872947267,3.19651111502095,0.8));
#14041=CARTESIAN_POINT('Ctrl Pts',(0.932740872947267,3.19651111502095,0.85));
#14042=CARTESIAN_POINT('Ctrl Pts',(0.930341873317957,3.19508537650108,0.8));
#14043=CARTESIAN_POINT('Ctrl Pts',(0.930341873317957,3.19508537650108,0.85));
#14044=CARTESIAN_POINT('',(0.948717948049307,3.19999992847443,0.85));
#14045=CARTESIAN_POINT('Ctrl Pts',(0.948717948049307,3.19999992847443,0.85));
#14046=CARTESIAN_POINT('Ctrl Pts',(0.944944694250731,3.19994612427464,0.85));
#14047=CARTESIAN_POINT('Ctrl Pts',(0.938362823826833,3.19985227098776,0.85));
#14048=CARTESIAN_POINT('Ctrl Pts',(0.932740872947267,3.19651111502095,0.85));
#14049=CARTESIAN_POINT('Ctrl Pts',(0.930341873317957,3.19508537650108,0.85));
#14050=CARTESIAN_POINT('',(0.948717948049307,3.19999992847443,0.8));
#14051=CARTESIAN_POINT('Origin',(1.14188035950065,3.19999992847443,0.8));
#14052=CARTESIAN_POINT('',(1.14188035950065,3.19999992847443,0.85));
#14053=CARTESIAN_POINT('',(0.948717948049307,3.19999992847443,0.85));
#14054=CARTESIAN_POINT('',(1.14188035950065,3.19999992847443,0.8));
#14055=CARTESIAN_POINT('Ctrl Pts',(1.22457263991237,3.18119648844004,0.8));
#14056=CARTESIAN_POINT('Ctrl Pts',(1.22457263991237,3.18119648844004,0.85));
#14057=CARTESIAN_POINT('Ctrl Pts',(1.21162945160825,3.18668017004743,0.8));
#14058=CARTESIAN_POINT('Ctrl Pts',(1.21162945160825,3.18668017004743,0.85));
#14059=CARTESIAN_POINT('Ctrl Pts',(1.18519905451338,3.19787802014586,0.8));
#14060=CARTESIAN_POINT('Ctrl Pts',(1.18519905451338,3.19787802014586,0.85));
#14061=CARTESIAN_POINT('Ctrl Pts',(1.15651671534457,3.1992829861622,0.8));
#14062=CARTESIAN_POINT('Ctrl Pts',(1.15651671534457,3.1992829861622,0.85));
#14063=CARTESIAN_POINT('Ctrl Pts',(1.14188035950065,3.19999992847443,0.8));
#14064=CARTESIAN_POINT('Ctrl Pts',(1.14188035950065,3.19999992847443,0.85));
#14065=CARTESIAN_POINT('',(1.22457263991237,3.18119648844004,0.85));
#14066=CARTESIAN_POINT('Ctrl Pts',(1.22457263991237,3.18119648844004,0.85));
#14067=CARTESIAN_POINT('Ctrl Pts',(1.21162945160825,3.18668017004743,0.85));
#14068=CARTESIAN_POINT('Ctrl Pts',(1.18519905451338,3.19787802014586,0.85));
#14069=CARTESIAN_POINT('Ctrl Pts',(1.15651671534457,3.1992829861622,0.85));
#14070=CARTESIAN_POINT('Ctrl Pts',(1.14188035950065,3.19999992847443,0.85));
#14071=CARTESIAN_POINT('',(1.22457263991237,3.18119648844004,0.8));
#14072=CARTESIAN_POINT('Ctrl Pts',(1.28162389621139,3.1384614482522,0.8));
#14073=CARTESIAN_POINT('Ctrl Pts',(1.28162389621139,3.1384614482522,0.85));
#14074=CARTESIAN_POINT('Ctrl Pts',(1.27391205132148,3.14642981462202,0.8));
#14075=CARTESIAN_POINT('Ctrl Pts',(1.27391205132148,3.14642981462202,0.85));
#14076=CARTESIAN_POINT('Ctrl Pts',(1.25719856790636,3.16369924380127,0.8));
#14077=CARTESIAN_POINT('Ctrl Pts',(1.25719856790636,3.16369924380127,0.85));
#14078=CARTESIAN_POINT('Ctrl Pts',(1.23599342224555,3.17507153706742,0.8));
#14079=CARTESIAN_POINT('Ctrl Pts',(1.23599342224555,3.17507153706742,0.85));
#14080=CARTESIAN_POINT('Ctrl Pts',(1.22457263991237,3.18119648844004,0.8));
#14081=CARTESIAN_POINT('Ctrl Pts',(1.22457263991237,3.18119648844004,0.85));
#14082=CARTESIAN_POINT('',(1.28162389621139,3.1384614482522,0.85));
#14083=CARTESIAN_POINT('Ctrl Pts',(1.28162389621139,3.1384614482522,0.85));
#14084=CARTESIAN_POINT('Ctrl Pts',(1.27391205132148,3.14642981462202,0.85));
#14085=CARTESIAN_POINT('Ctrl Pts',(1.25719856790636,3.16369924380127,0.85));
#14086=CARTESIAN_POINT('Ctrl Pts',(1.23599342224555,3.17507153706742,0.85));
#14087=CARTESIAN_POINT('Ctrl Pts',(1.22457263991237,3.18119648844004,0.85));
#14088=CARTESIAN_POINT('',(1.28162389621139,3.1384614482522,0.8));
#14089=CARTESIAN_POINT('Ctrl Pts',(1.33290594443679,3.05256400257349,0.8));
#14090=CARTESIAN_POINT('Ctrl Pts',(1.33290594443679,3.05256400257349,0.85));
#14091=CARTESIAN_POINT('Ctrl Pts',(1.32627344865891,3.06760572642654,0.8));
#14092=CARTESIAN_POINT('Ctrl Pts',(1.32627344865891,3.06760572642654,0.85));
#14093=CARTESIAN_POINT('Ctrl Pts',(1.31271990681876,3.09834357239248,0.8));
#14094=CARTESIAN_POINT('Ctrl Pts',(1.31271990681876,3.09834357239248,0.85));
#14095=CARTESIAN_POINT('Ctrl Pts',(1.29213531274354,3.12490036130536,0.8));
#14096=CARTESIAN_POINT('Ctrl Pts',(1.29213531274354,3.12490036130536,0.85));
#14097=CARTESIAN_POINT('Ctrl Pts',(1.28162389621139,3.1384614482522,0.8));
#14098=CARTESIAN_POINT('Ctrl Pts',(1.28162389621139,3.1384614482522,0.85));
#14099=CARTESIAN_POINT('',(1.33290594443679,3.05256400257349,0.85));
#14100=CARTESIAN_POINT('Ctrl Pts',(1.33290594443679,3.05256400257349,0.85));
#14101=CARTESIAN_POINT('Ctrl Pts',(1.32627344865891,3.06760572642654,0.85));
#14102=CARTESIAN_POINT('Ctrl Pts',(1.31271990681876,3.09834357239248,0.85));
#14103=CARTESIAN_POINT('Ctrl Pts',(1.29213531274354,3.12490036130536,0.85));
#14104=CARTESIAN_POINT('Ctrl Pts',(1.28162389621139,3.1384614482522,0.85));
#14105=CARTESIAN_POINT('',(1.33290594443679,3.05256400257349,0.8));
#14106=CARTESIAN_POINT('Ctrl Pts',(1.3452990911901,2.97478623688221,0.8));
#14107=CARTESIAN_POINT('Ctrl Pts',(1.3452990911901,2.97478623688221,0.85));
#14108=CARTESIAN_POINT('Ctrl Pts',(1.34492382959828,2.9888548906766,0.8));
#14109=CARTESIAN_POINT('Ctrl Pts',(1.34492382959828,2.9888548906766,0.85));
#14110=CARTESIAN_POINT('Ctrl Pts',(1.3442172132937,3.0153461180526,0.8));
#14111=CARTESIAN_POINT('Ctrl Pts',(1.3442172132937,3.0153461180526,0.85));
#14112=CARTESIAN_POINT('Ctrl Pts',(1.33651687593715,3.04068282166504,0.8));
#14113=CARTESIAN_POINT('Ctrl Pts',(1.33651687593715,3.04068282166504,0.85));
#14114=CARTESIAN_POINT('Ctrl Pts',(1.33290594443679,3.05256400257349,0.8));
#14115=CARTESIAN_POINT('Ctrl Pts',(1.33290594443679,3.05256400257349,0.85));
#14116=CARTESIAN_POINT('',(1.3452990911901,2.97478623688221,0.85));
#14117=CARTESIAN_POINT('Ctrl Pts',(1.3452990911901,2.97478623688221,0.85));
#14118=CARTESIAN_POINT('Ctrl Pts',(1.34492382959828,2.9888548906766,0.85));
#14119=CARTESIAN_POINT('Ctrl Pts',(1.3442172132937,3.0153461180526,0.85));
#14120=CARTESIAN_POINT('Ctrl Pts',(1.33651687593715,3.04068282166504,0.85));
#14121=CARTESIAN_POINT('Ctrl Pts',(1.33290594443679,3.05256400257349,0.85));
#14122=CARTESIAN_POINT('',(1.3452990911901,2.97478623688221,0.8));
#14123=CARTESIAN_POINT('Origin',(1.3452990911901,2.92521361261606,0.8));
#14124=CARTESIAN_POINT('',(1.3452990911901,2.92521361261606,0.85));
#14125=CARTESIAN_POINT('',(1.3452990911901,2.97478623688221,0.85));
#14126=CARTESIAN_POINT('',(1.3452990911901,2.92521361261606,0.8));
#14127=CARTESIAN_POINT('Ctrl Pts',(1.32094016298652,2.81837597489357,0.8));
#14128=CARTESIAN_POINT('Ctrl Pts',(1.32094016298652,2.81837597489357,0.85));
#14129=CARTESIAN_POINT('Ctrl Pts',(1.32804463256205,2.83566711071901,0.8));
#14130=CARTESIAN_POINT('Ctrl Pts',(1.32804463256205,2.83566711071901,0.85));
#14131=CARTESIAN_POINT('Ctrl Pts',(1.3421215168787,2.86992798215078,0.8));
#14132=CARTESIAN_POINT('Ctrl Pts',(1.3421215168787,2.86992798215078,0.85));
#14133=CARTESIAN_POINT('Ctrl Pts',(1.34424654469394,2.90690068239591,0.8));
#14134=CARTESIAN_POINT('Ctrl Pts',(1.34424654469394,2.90690068239591,0.85));
#14135=CARTESIAN_POINT('Ctrl Pts',(1.3452990911901,2.92521361261606,0.8));
#14136=CARTESIAN_POINT('Ctrl Pts',(1.3452990911901,2.92521361261606,0.85));
#14137=CARTESIAN_POINT('',(1.32094016298652,2.81837597489357,0.85));
#14138=CARTESIAN_POINT('Ctrl Pts',(1.32094016298652,2.81837597489357,0.85));
#14139=CARTESIAN_POINT('Ctrl Pts',(1.32804463256205,2.83566711071901,0.85));
#14140=CARTESIAN_POINT('Ctrl Pts',(1.3421215168787,2.86992798215078,0.85));
#14141=CARTESIAN_POINT('Ctrl Pts',(1.34424654469394,2.90690068239591,0.85));
#14142=CARTESIAN_POINT('Ctrl Pts',(1.3452990911901,2.92521361261606,0.85));
#14143=CARTESIAN_POINT('',(1.32094016298652,2.81837597489357,0.8));
#14144=CARTESIAN_POINT('Ctrl Pts',(1.23974358662963,2.72820506244898,0.8));
#14145=CARTESIAN_POINT('Ctrl Pts',(1.23974358662963,2.72820506244898,0.85));
#14146=CARTESIAN_POINT('Ctrl Pts',(1.25711463140174,2.74112383308786,0.8));
#14147=CARTESIAN_POINT('Ctrl Pts',(1.25711463140174,2.74112383308786,0.85));
#14148=CARTESIAN_POINT('Ctrl Pts',(1.29026239956944,2.76577568447431,0.8));
#14149=CARTESIAN_POINT('Ctrl Pts',(1.29026239956944,2.76577568447431,0.85));
#14150=CARTESIAN_POINT('Ctrl Pts',(1.31104747790464,2.80141391344018,0.8));
#14151=CARTESIAN_POINT('Ctrl Pts',(1.31104747790464,2.80141391344018,0.85));
#14152=CARTESIAN_POINT('Ctrl Pts',(1.32094016298652,2.81837597489357,0.8));
#14153=CARTESIAN_POINT('Ctrl Pts',(1.32094016298652,2.81837597489357,0.85));
#14154=CARTESIAN_POINT('',(1.23974358662963,2.72820506244898,0.85));
#14155=CARTESIAN_POINT('Ctrl Pts',(1.23974358662963,2.72820506244898,0.85));
#14156=CARTESIAN_POINT('Ctrl Pts',(1.25711463140174,2.74112383308786,0.85));
#14157=CARTESIAN_POINT('Ctrl Pts',(1.29026239956944,2.76577568447431,0.85));
#14158=CARTESIAN_POINT('Ctrl Pts',(1.31104747790464,2.80141391344018,0.85));
#14159=CARTESIAN_POINT('Ctrl Pts',(1.32094016298652,2.81837597489357,0.85));
#14160=CARTESIAN_POINT('',(1.23974358662963,2.72820506244898,0.8));
#14161=CARTESIAN_POINT('Ctrl Pts',(1.14188035950065,2.69999992102385,0.8));
#14162=CARTESIAN_POINT('Ctrl Pts',(1.14188035950065,2.69999992102385,0.85));
#14163=CARTESIAN_POINT('Ctrl Pts',(1.15967174526053,2.7010601360949,0.8));
#14164=CARTESIAN_POINT('Ctrl Pts',(1.15967174526053,2.7010601360949,0.85));
#14165=CARTESIAN_POINT('Ctrl Pts',(1.19443381377118,2.70313165932718,0.8));
#14166=CARTESIAN_POINT('Ctrl Pts',(1.19443381377118,2.70313165932718,0.85));
#14167=CARTESIAN_POINT('Ctrl Pts',(1.22487993136405,2.71997985192979,0.8));
#14168=CARTESIAN_POINT('Ctrl Pts',(1.22487993136405,2.71997985192979,0.85));
#14169=CARTESIAN_POINT('Ctrl Pts',(1.23974358662963,2.72820506244898,0.8));
#14170=CARTESIAN_POINT('Ctrl Pts',(1.23974358662963,2.72820506244898,0.85));
#14171=CARTESIAN_POINT('',(1.14188035950065,2.69999992102385,0.85));
#14172=CARTESIAN_POINT('Ctrl Pts',(1.14188035950065,2.69999992102385,0.85));
#14173=CARTESIAN_POINT('Ctrl Pts',(1.15967174526053,2.7010601360949,0.85));
#14174=CARTESIAN_POINT('Ctrl Pts',(1.19443381377118,2.70313165932718,0.85));
#14175=CARTESIAN_POINT('Ctrl Pts',(1.22487993136405,2.71997985192979,0.85));
#14176=CARTESIAN_POINT('Ctrl Pts',(1.23974358662963,2.72820506244898,0.85));
#14177=CARTESIAN_POINT('',(1.14188035950065,2.69999992102385,0.8));
#14178=CARTESIAN_POINT('Origin',(0.948717948049307,2.69999992102385,0.8));
#14179=CARTESIAN_POINT('',(0.948717948049307,2.69999992102385,0.85));
#14180=CARTESIAN_POINT('',(1.14188035950065,2.69999992102385,0.85));
#14181=CARTESIAN_POINT('',(0.948717948049307,2.69999992102385,0.8));
#14182=CARTESIAN_POINT('Ctrl Pts',(0.930341873317957,2.70512815564871,0.8));
#14183=CARTESIAN_POINT('Ctrl Pts',(0.930341873317957,2.70512815564871,0.85));
#14184=CARTESIAN_POINT('Ctrl Pts',(0.932735743566707,2.70364003489907,0.8));
#14185=CARTESIAN_POINT('Ctrl Pts',(0.932735743566707,2.70364003489907,0.85));
#14186=CARTESIAN_POINT('Ctrl Pts',(0.93831922550188,2.70016913027203,0.8));
#14187=CARTESIAN_POINT('Ctrl Pts',(0.93831922550188,2.70016913027203,0.85));
#14188=CARTESIAN_POINT('Ctrl Pts',(0.944937310523737,2.70006144000663,0.8));
#14189=CARTESIAN_POINT('Ctrl Pts',(0.944937310523737,2.70006144000663,0.85));
#14190=CARTESIAN_POINT('Ctrl Pts',(0.948717948049307,2.69999992102385,0.8));
#14191=CARTESIAN_POINT('Ctrl Pts',(0.948717948049307,2.69999992102385,0.85));
#14192=CARTESIAN_POINT('',(0.930341873317957,2.70512815564871,0.85));
#14193=CARTESIAN_POINT('Ctrl Pts',(0.930341873317957,2.70512815564871,0.85));
#14194=CARTESIAN_POINT('Ctrl Pts',(0.932735743566707,2.70364003489907,0.85));
#14195=CARTESIAN_POINT('Ctrl Pts',(0.93831922550188,2.70016913027203,0.85));
#14196=CARTESIAN_POINT('Ctrl Pts',(0.944937310523737,2.70006144000663,0.85));
#14197=CARTESIAN_POINT('Ctrl Pts',(0.948717948049307,2.69999992102385,0.85));
#14198=CARTESIAN_POINT('',(0.930341873317957,2.70512815564871,0.8));
#14199=CARTESIAN_POINT('Ctrl Pts',(0.924786310642958,2.71794866770506,0.8));
#14200=CARTESIAN_POINT('Ctrl Pts',(0.924786310642958,2.71794866770506,0.85));
#14201=CARTESIAN_POINT('Ctrl Pts',(0.925013197697293,2.71549563555706,0.8));
#14202=CARTESIAN_POINT('Ctrl Pts',(0.925013197697293,2.71549563555706,0.85));
#14203=CARTESIAN_POINT('Ctrl Pts',(0.925464754299208,2.71061354625327,0.8));
#14204=CARTESIAN_POINT('Ctrl Pts',(0.925464754299208,2.71061354625327,0.85));
#14205=CARTESIAN_POINT('Ctrl Pts',(0.92872149805703,2.70695062321573,0.8));
#14206=CARTESIAN_POINT('Ctrl Pts',(0.92872149805703,2.70695062321573,0.85));
#14207=CARTESIAN_POINT('Ctrl Pts',(0.930341873317957,2.70512815564871,0.8));
#14208=CARTESIAN_POINT('Ctrl Pts',(0.930341873317957,2.70512815564871,0.85));
#14209=CARTESIAN_POINT('',(0.924786310642958,2.71794866770506,0.85));
#14210=CARTESIAN_POINT('Ctrl Pts',(0.924786310642958,2.71794866770506,0.85));
#14211=CARTESIAN_POINT('Ctrl Pts',(0.925013197697293,2.71549563555706,0.85));
#14212=CARTESIAN_POINT('Ctrl Pts',(0.925464754299208,2.71061354625327,0.85));
#14213=CARTESIAN_POINT('Ctrl Pts',(0.92872149805703,2.70695062321573,0.85));
#14214=CARTESIAN_POINT('Ctrl Pts',(0.930341873317957,2.70512815564871,0.85));
#14215=CARTESIAN_POINT('',(0.924786310642958,2.71794866770506,0.8));
#14216=CARTESIAN_POINT('Ctrl Pts',(0.930341873317957,2.73098286241293,0.8));
#14217=CARTESIAN_POINT('Ctrl Pts',(0.930341873317957,2.73098286241293,0.85));
#14218=CARTESIAN_POINT('Ctrl Pts',(0.928721789216336,2.72917773076125,0.8));
#14219=CARTESIAN_POINT('Ctrl Pts',(0.928721789216336,2.72917773076125,0.85));
#14220=CARTESIAN_POINT('Ctrl Pts',(0.925395564047875,2.72547158098409,0.8));
#14221=CARTESIAN_POINT('Ctrl Pts',(0.925395564047875,2.72547158098409,0.85));
#14222=CARTESIAN_POINT('Ctrl Pts',(0.924992867997021,2.72049918781577,0.8));
#14223=CARTESIAN_POINT('Ctrl Pts',(0.924992867997021,2.72049918781577,0.85));
#14224=CARTESIAN_POINT('Ctrl Pts',(0.924786310642958,2.71794866770506,0.8));
#14225=CARTESIAN_POINT('Ctrl Pts',(0.924786310642958,2.71794866770506,0.85));
#14226=CARTESIAN_POINT('',(0.930341873317957,2.73098286241293,0.85));
#14227=CARTESIAN_POINT('Ctrl Pts',(0.930341873317957,2.73098286241293,0.85));
#14228=CARTESIAN_POINT('Ctrl Pts',(0.928721789216336,2.72917773076125,0.85));
#14229=CARTESIAN_POINT('Ctrl Pts',(0.925395564047875,2.72547158098409,0.85));
#14230=CARTESIAN_POINT('Ctrl Pts',(0.924992867997021,2.72049918781577,0.85));
#14231=CARTESIAN_POINT('Ctrl Pts',(0.924786310642958,2.71794866770506,0.85));
#14232=CARTESIAN_POINT('',(0.930341873317957,2.73098286241293,0.8));
#14233=CARTESIAN_POINT('Ctrl Pts',(0.948717948049307,2.73589733988047,0.8));
#14234=CARTESIAN_POINT('Ctrl Pts',(0.948717948049307,2.73589733988047,0.85));
#14235=CARTESIAN_POINT('Ctrl Pts',(0.94494469573628,2.73584354790575,0.8));
#14236=CARTESIAN_POINT('Ctrl Pts',(0.94494469573628,2.73584354790575,0.85));
#14237=CARTESIAN_POINT('Ctrl Pts',(0.938362832532468,2.73574971600963,0.8));
#14238=CARTESIAN_POINT('Ctrl Pts',(0.938362832532468,2.73574971600963,0.85));
#14239=CARTESIAN_POINT('Ctrl Pts',(0.932740873962385,2.73240858775881,0.8));
#14240=CARTESIAN_POINT('Ctrl Pts',(0.932740873962385,2.73240858775881,0.85));
#14241=CARTESIAN_POINT('Ctrl Pts',(0.930341873317957,2.73098286241293,0.8));
#14242=CARTESIAN_POINT('Ctrl Pts',(0.930341873317957,2.73098286241293,0.85));
#14243=CARTESIAN_POINT('',(0.948717948049307,2.73589733988047,0.85));
#14244=CARTESIAN_POINT('Ctrl Pts',(0.948717948049307,2.73589733988047,0.85));
#14245=CARTESIAN_POINT('Ctrl Pts',(0.94494469573628,2.73584354790575,0.85));
#14246=CARTESIAN_POINT('Ctrl Pts',(0.938362832532468,2.73574971600963,0.85));
#14247=CARTESIAN_POINT('Ctrl Pts',(0.932740873962385,2.73240858775881,0.85));
#14248=CARTESIAN_POINT('Ctrl Pts',(0.930341873317957,2.73098286241293,0.85));
#14249=CARTESIAN_POINT('',(0.948717948049307,2.73589733988047,0.8));
#14250=CARTESIAN_POINT('Origin',(0.979059841483831,2.73589733988047,0.8));
#14251=CARTESIAN_POINT('',(0.948717948049307,2.73589733988047,0.85));
#14252=CARTESIAN_POINT('Origin',(2.417948609218,2.96752130612731,0.85));
#14253=CARTESIAN_POINT('Origin',(2.5,3.,0.8));
#14254=CARTESIAN_POINT('Ctrl Pts',(1.09894840060911,4.28384257046613,0.8));
#14255=CARTESIAN_POINT('Ctrl Pts',(1.09894840060911,4.28384257046613,0.85));
#14256=CARTESIAN_POINT('Ctrl Pts',(1.10424006727578,4.29971757046613,0.8));
#14257=CARTESIAN_POINT('Ctrl Pts',(1.10424006727578,4.29971757046613,0.85));
#14258=CARTESIAN_POINT('Ctrl Pts',(1.10424006727578,4.33675923713279,0.8));
#14259=CARTESIAN_POINT('Ctrl Pts',(1.10424006727578,4.33675923713279,0.85));
#14260=CARTESIAN_POINT('Ctrl Pts',(1.10424006727578,4.39761340379946,0.8));
#14261=CARTESIAN_POINT('Ctrl Pts',(1.10424006727578,4.39761340379946,0.85));
#14262=CARTESIAN_POINT('',(1.10424006727578,4.39761340379946,0.8));
#14263=CARTESIAN_POINT('',(1.09894840060911,4.28384257046613,0.8));
#14264=CARTESIAN_POINT('Ctrl Pts',(1.10424006727578,4.39761340379946,0.8));
#14265=CARTESIAN_POINT('Ctrl Pts',(1.10424006727578,4.33675923713279,0.8));
#14266=CARTESIAN_POINT('Ctrl Pts',(1.10424006727578,4.29971757046613,0.8));
#14267=CARTESIAN_POINT('Ctrl Pts',(1.09894840060911,4.28384257046613,0.8));
#14268=CARTESIAN_POINT('',(1.10424006727578,4.39761340379946,0.85));
#14269=CARTESIAN_POINT('',(1.10424006727578,4.39761340379946,0.8));
#14270=CARTESIAN_POINT('',(1.09894840060911,4.28384257046613,0.85));
#14271=CARTESIAN_POINT('Ctrl Pts',(1.09894840060911,4.28384257046613,0.85));
#14272=CARTESIAN_POINT('Ctrl Pts',(1.10424006727578,4.29971757046613,0.85));
#14273=CARTESIAN_POINT('Ctrl Pts',(1.10424006727578,4.33675923713279,0.85));
#14274=CARTESIAN_POINT('Ctrl Pts',(1.10424006727578,4.39761340379946,0.85));
#14275=CARTESIAN_POINT('',(1.09894840060911,4.28384257046613,0.8));
#14276=CARTESIAN_POINT('Ctrl Pts',(1.06984423394244,4.26003007046613,0.8));
#14277=CARTESIAN_POINT('Ctrl Pts',(1.06984423394244,4.26003007046613,0.85));
#14278=CARTESIAN_POINT('Ctrl Pts',(1.08307340060911,4.26003007046613,0.8));
#14279=CARTESIAN_POINT('Ctrl Pts',(1.08307340060911,4.26003007046613,0.85));
#14280=CARTESIAN_POINT('Ctrl Pts',(1.09365673394244,4.26796757046613,0.8));
#14281=CARTESIAN_POINT('Ctrl Pts',(1.09365673394244,4.26796757046613,0.85));
#14282=CARTESIAN_POINT('Ctrl Pts',(1.09894840060911,4.28384257046613,0.8));
#14283=CARTESIAN_POINT('Ctrl Pts',(1.09894840060911,4.28384257046613,0.85));
#14284=CARTESIAN_POINT('',(1.06984423394244,4.26003007046613,0.8));
#14285=CARTESIAN_POINT('Ctrl Pts',(1.09894840060911,4.28384257046613,0.8));
#14286=CARTESIAN_POINT('Ctrl Pts',(1.09365673394244,4.26796757046613,0.8));
#14287=CARTESIAN_POINT('Ctrl Pts',(1.08307340060911,4.26003007046613,0.8));
#14288=CARTESIAN_POINT('Ctrl Pts',(1.06984423394244,4.26003007046613,0.8));
#14289=CARTESIAN_POINT('',(1.06984423394244,4.26003007046613,0.85));
#14290=CARTESIAN_POINT('Ctrl Pts',(1.06984423394244,4.26003007046613,0.85));
#14291=CARTESIAN_POINT('Ctrl Pts',(1.08307340060911,4.26003007046613,0.85));
#14292=CARTESIAN_POINT('Ctrl Pts',(1.09365673394244,4.26796757046613,0.85));
#14293=CARTESIAN_POINT('Ctrl Pts',(1.09894840060911,4.28384257046613,0.85));
#14294=CARTESIAN_POINT('',(1.06984423394244,4.26003007046613,0.8));
#14295=CARTESIAN_POINT('Ctrl Pts',(1.04074006727578,4.28119673713279,0.8));
#14296=CARTESIAN_POINT('Ctrl Pts',(1.04074006727578,4.28119673713279,0.85));
#14297=CARTESIAN_POINT('Ctrl Pts',(1.04338590060911,4.26532173713279,0.8));
#14298=CARTESIAN_POINT('Ctrl Pts',(1.04338590060911,4.26532173713279,0.85));
#14299=CARTESIAN_POINT('Ctrl Pts',(1.05396923394244,4.26003007046613,0.8));
#14300=CARTESIAN_POINT('Ctrl Pts',(1.05396923394244,4.26003007046613,0.85));
#14301=CARTESIAN_POINT('Ctrl Pts',(1.06984423394244,4.26003007046613,0.8));
#14302=CARTESIAN_POINT('Ctrl Pts',(1.06984423394244,4.26003007046613,0.85));
#14303=CARTESIAN_POINT('',(1.04074006727578,4.28119673713279,0.8));
#14304=CARTESIAN_POINT('Ctrl Pts',(1.06984423394244,4.26003007046613,0.8));
#14305=CARTESIAN_POINT('Ctrl Pts',(1.05396923394244,4.26003007046613,0.8));
#14306=CARTESIAN_POINT('Ctrl Pts',(1.04338590060911,4.26532173713279,0.8));
#14307=CARTESIAN_POINT('Ctrl Pts',(1.04074006727578,4.28119673713279,0.8));
#14308=CARTESIAN_POINT('',(1.04074006727578,4.28119673713279,0.85));
#14309=CARTESIAN_POINT('Ctrl Pts',(1.04074006727578,4.28119673713279,0.85));
#14310=CARTESIAN_POINT('Ctrl Pts',(1.04338590060911,4.26532173713279,0.85));
#14311=CARTESIAN_POINT('Ctrl Pts',(1.05396923394244,4.26003007046613,0.85));
#14312=CARTESIAN_POINT('Ctrl Pts',(1.06984423394244,4.26003007046613,0.85));
#14313=CARTESIAN_POINT('',(1.04074006727578,4.28119673713279,0.8));
#14314=CARTESIAN_POINT('Ctrl Pts',(1.03280256727578,4.38967590379946,0.8));
#14315=CARTESIAN_POINT('Ctrl Pts',(1.03280256727578,4.38967590379946,0.85));
#14316=CARTESIAN_POINT('Ctrl Pts',(1.03280256727578,4.33146757046613,0.8));
#14317=CARTESIAN_POINT('Ctrl Pts',(1.03280256727578,4.33146757046613,0.85));
#14318=CARTESIAN_POINT('Ctrl Pts',(1.03544840060911,4.29442590379946,0.8));
#14319=CARTESIAN_POINT('Ctrl Pts',(1.03544840060911,4.29442590379946,0.85));
#14320=CARTESIAN_POINT('Ctrl Pts',(1.04074006727578,4.28119673713279,0.8));
#14321=CARTESIAN_POINT('Ctrl Pts',(1.04074006727578,4.28119673713279,0.85));
#14322=CARTESIAN_POINT('',(1.03280256727578,4.38967590379946,0.8));
#14323=CARTESIAN_POINT('Ctrl Pts',(1.04074006727578,4.28119673713279,0.8));
#14324=CARTESIAN_POINT('Ctrl Pts',(1.03544840060911,4.29442590379946,0.8));
#14325=CARTESIAN_POINT('Ctrl Pts',(1.03280256727578,4.33146757046613,0.8));
#14326=CARTESIAN_POINT('Ctrl Pts',(1.03280256727578,4.38967590379946,0.8));
#14327=CARTESIAN_POINT('',(1.03280256727578,4.38967590379946,0.85));
#14328=CARTESIAN_POINT('Ctrl Pts',(1.03280256727578,4.38967590379946,0.85));
#14329=CARTESIAN_POINT('Ctrl Pts',(1.03280256727578,4.33146757046613,0.85));
#14330=CARTESIAN_POINT('Ctrl Pts',(1.03544840060911,4.29442590379946,0.85));
#14331=CARTESIAN_POINT('Ctrl Pts',(1.04074006727578,4.28119673713279,0.85));
#14332=CARTESIAN_POINT('',(1.03280256727578,4.38967590379946,0.8));
#14333=CARTESIAN_POINT('Origin',(1.03280256727578,4.86328007046612,0.8));
#14334=CARTESIAN_POINT('',(1.03280256727578,4.86328007046612,0.8));
#14335=CARTESIAN_POINT('',(1.03280256727578,3.93164003523306,0.8));
#14336=CARTESIAN_POINT('',(1.03280256727578,4.86328007046612,0.85));
#14337=CARTESIAN_POINT('',(1.03280256727578,4.86328007046612,0.85));
#14338=CARTESIAN_POINT('',(1.03280256727578,4.86328007046612,0.8));
#14339=CARTESIAN_POINT('Ctrl Pts',(1.04338590060911,4.95853007046613,0.8));
#14340=CARTESIAN_POINT('Ctrl Pts',(1.04338590060911,4.95853007046613,0.85));
#14341=CARTESIAN_POINT('Ctrl Pts',(1.03544840060911,4.94794673713279,0.8));
#14342=CARTESIAN_POINT('Ctrl Pts',(1.03544840060911,4.94794673713279,0.85));
#14343=CARTESIAN_POINT('Ctrl Pts',(1.03280256727578,4.91619673713279,0.8));
#14344=CARTESIAN_POINT('Ctrl Pts',(1.03280256727578,4.91619673713279,0.85));
#14345=CARTESIAN_POINT('Ctrl Pts',(1.03280256727578,4.86328007046613,0.8));
#14346=CARTESIAN_POINT('Ctrl Pts',(1.03280256727578,4.86328007046613,0.85));
#14347=CARTESIAN_POINT('',(1.04338590060911,4.95853007046613,0.8));
#14348=CARTESIAN_POINT('Ctrl Pts',(1.03280256727578,4.86328007046613,0.8));
#14349=CARTESIAN_POINT('Ctrl Pts',(1.03280256727578,4.91619673713279,0.8));
#14350=CARTESIAN_POINT('Ctrl Pts',(1.03544840060911,4.94794673713279,0.8));
#14351=CARTESIAN_POINT('Ctrl Pts',(1.04338590060911,4.95853007046613,0.8));
#14352=CARTESIAN_POINT('',(1.04338590060911,4.95853007046613,0.85));
#14353=CARTESIAN_POINT('Ctrl Pts',(1.04338590060911,4.95853007046613,0.85));
#14354=CARTESIAN_POINT('Ctrl Pts',(1.03544840060911,4.94794673713279,0.85));
#14355=CARTESIAN_POINT('Ctrl Pts',(1.03280256727578,4.91619673713279,0.85));
#14356=CARTESIAN_POINT('Ctrl Pts',(1.03280256727578,4.86328007046613,0.85));
#14357=CARTESIAN_POINT('',(1.04338590060911,4.95853007046613,0.8));
#14358=CARTESIAN_POINT('Ctrl Pts',(1.06984423394244,4.97440507046613,0.8));
#14359=CARTESIAN_POINT('Ctrl Pts',(1.06984423394244,4.97440507046613,0.85));
#14360=CARTESIAN_POINT('Ctrl Pts',(1.05926090060911,4.97440507046613,0.8));
#14361=CARTESIAN_POINT('Ctrl Pts',(1.05926090060911,4.97440507046613,0.85));
#14362=CARTESIAN_POINT('Ctrl Pts',(1.04867756727578,4.96911340379946,0.8));
#14363=CARTESIAN_POINT('Ctrl Pts',(1.04867756727578,4.96911340379946,0.85));
#14364=CARTESIAN_POINT('Ctrl Pts',(1.04338590060911,4.95853007046613,0.8));
#14365=CARTESIAN_POINT('Ctrl Pts',(1.04338590060911,4.95853007046613,0.85));
#14366=CARTESIAN_POINT('',(1.06984423394244,4.97440507046613,0.8));
#14367=CARTESIAN_POINT('Ctrl Pts',(1.04338590060911,4.95853007046613,0.8));
#14368=CARTESIAN_POINT('Ctrl Pts',(1.04867756727578,4.96911340379946,0.8));
#14369=CARTESIAN_POINT('Ctrl Pts',(1.05926090060911,4.97440507046613,0.8));
#14370=CARTESIAN_POINT('Ctrl Pts',(1.06984423394244,4.97440507046613,0.8));
#14371=CARTESIAN_POINT('',(1.06984423394244,4.97440507046613,0.85));
#14372=CARTESIAN_POINT('Ctrl Pts',(1.06984423394244,4.97440507046613,0.85));
#14373=CARTESIAN_POINT('Ctrl Pts',(1.05926090060911,4.97440507046613,0.85));
#14374=CARTESIAN_POINT('Ctrl Pts',(1.04867756727578,4.96911340379946,0.85));
#14375=CARTESIAN_POINT('Ctrl Pts',(1.04338590060911,4.95853007046613,0.85));
#14376=CARTESIAN_POINT('',(1.06984423394244,4.97440507046613,0.8));
#14377=CARTESIAN_POINT('Ctrl Pts',(1.09894840060911,4.95588423713279,0.8));
#14378=CARTESIAN_POINT('Ctrl Pts',(1.09894840060911,4.95588423713279,0.85));
#14379=CARTESIAN_POINT('Ctrl Pts',(1.09365673394244,4.96911340379946,0.8));
#14380=CARTESIAN_POINT('Ctrl Pts',(1.09365673394244,4.96911340379946,0.85));
#14381=CARTESIAN_POINT('Ctrl Pts',(1.08571923394244,4.97440507046613,0.8));
#14382=CARTESIAN_POINT('Ctrl Pts',(1.08571923394244,4.97440507046613,0.85));
#14383=CARTESIAN_POINT('Ctrl Pts',(1.06984423394244,4.97440507046613,0.8));
#14384=CARTESIAN_POINT('Ctrl Pts',(1.06984423394244,4.97440507046613,0.85));
#14385=CARTESIAN_POINT('',(1.09894840060911,4.95588423713279,0.8));
#14386=CARTESIAN_POINT('Ctrl Pts',(1.06984423394244,4.97440507046613,0.8));
#14387=CARTESIAN_POINT('Ctrl Pts',(1.08571923394244,4.97440507046613,0.8));
#14388=CARTESIAN_POINT('Ctrl Pts',(1.09365673394244,4.96911340379946,0.8));
#14389=CARTESIAN_POINT('Ctrl Pts',(1.09894840060911,4.95588423713279,0.8));
#14390=CARTESIAN_POINT('',(1.09894840060911,4.95588423713279,0.85));
#14391=CARTESIAN_POINT('Ctrl Pts',(1.09894840060911,4.95588423713279,0.85));
#14392=CARTESIAN_POINT('Ctrl Pts',(1.09365673394244,4.96911340379946,0.85));
#14393=CARTESIAN_POINT('Ctrl Pts',(1.08571923394244,4.97440507046613,0.85));
#14394=CARTESIAN_POINT('Ctrl Pts',(1.06984423394244,4.97440507046613,0.85));
#14395=CARTESIAN_POINT('',(1.09894840060911,4.95588423713279,0.8));
#14396=CARTESIAN_POINT('Ctrl Pts',(1.10424006727578,4.86328007046613,0.8));
#14397=CARTESIAN_POINT('Ctrl Pts',(1.10424006727578,4.86328007046613,0.85));
#14398=CARTESIAN_POINT('Ctrl Pts',(1.10424006727578,4.91090507046613,0.8));
#14399=CARTESIAN_POINT('Ctrl Pts',(1.10424006727578,4.91090507046613,0.85));
#14400=CARTESIAN_POINT('Ctrl Pts',(1.10159423394244,4.94265507046613,0.8));
#14401=CARTESIAN_POINT('Ctrl Pts',(1.10159423394244,4.94265507046613,0.85));
#14402=CARTESIAN_POINT('Ctrl Pts',(1.09894840060911,4.95588423713279,0.8));
#14403=CARTESIAN_POINT('Ctrl Pts',(1.09894840060911,4.95588423713279,0.85));
#14404=CARTESIAN_POINT('',(1.10424006727578,4.86328007046613,0.8));
#14405=CARTESIAN_POINT('Ctrl Pts',(1.09894840060911,4.95588423713279,0.8));
#14406=CARTESIAN_POINT('Ctrl Pts',(1.10159423394244,4.94265507046613,0.8));
#14407=CARTESIAN_POINT('Ctrl Pts',(1.10424006727578,4.91090507046613,0.8));
#14408=CARTESIAN_POINT('Ctrl Pts',(1.10424006727578,4.86328007046613,0.8));
#14409=CARTESIAN_POINT('',(1.10424006727578,4.86328007046613,0.85));
#14410=CARTESIAN_POINT('Ctrl Pts',(1.10424006727578,4.86328007046613,0.85));
#14411=CARTESIAN_POINT('Ctrl Pts',(1.10424006727578,4.91090507046613,0.85));
#14412=CARTESIAN_POINT('Ctrl Pts',(1.10159423394244,4.94265507046613,0.85));
#14413=CARTESIAN_POINT('Ctrl Pts',(1.09894840060911,4.95588423713279,0.85));
#14414=CARTESIAN_POINT('',(1.10424006727578,4.86328007046613,0.8));
#14415=CARTESIAN_POINT('Origin',(1.10424006727578,4.39761340379946,0.8));
#14416=CARTESIAN_POINT('',(1.10424006727578,3.69880670189973,0.8));
#14417=CARTESIAN_POINT('',(1.10424006727578,4.39761340379946,0.85));
#14418=CARTESIAN_POINT('Origin',(1.06852131727578,4.61721757046613,0.85));
#14419=CARTESIAN_POINT('Origin',(1.62282340060911,5.12786340379946,0.8));
#14420=CARTESIAN_POINT('',(1.75246923394244,4.66748840379946,0.8));
#14421=CARTESIAN_POINT('',(1.62282340060911,5.12786340379946,0.8));
#14422=CARTESIAN_POINT('',(1.9326478091523,4.02767060611547,0.8));
#14423=CARTESIAN_POINT('',(1.75246923394244,4.66748840379946,0.85));
#14424=CARTESIAN_POINT('',(1.75246923394244,4.66748840379946,0.8));
#14425=CARTESIAN_POINT('',(1.62282340060911,5.12786340379946,0.85));
#14426=CARTESIAN_POINT('',(1.62282340060911,5.12786340379946,0.85));
#14427=CARTESIAN_POINT('',(1.62282340060911,5.12786340379946,0.8));
#14428=CARTESIAN_POINT('Origin',(1.42703173394244,5.12786340379946,0.8));
#14429=CARTESIAN_POINT('',(1.42703173394244,5.12786340379946,0.8));
#14430=CARTESIAN_POINT('',(1.96351586697122,5.12786340379946,0.8));
#14431=CARTESIAN_POINT('',(1.42703173394244,5.12786340379946,0.85));
#14432=CARTESIAN_POINT('',(1.42703173394244,5.12786340379946,0.85));
#14433=CARTESIAN_POINT('',(1.42703173394244,5.12786340379946,0.8));
#14434=CARTESIAN_POINT('Origin',(1.42703173394244,4.10921757046613,0.8));
#14435=CARTESIAN_POINT('',(1.42703173394244,4.10921757046613,0.8));
#14436=CARTESIAN_POINT('',(1.42703173394244,3.55460878523306,0.8));
#14437=CARTESIAN_POINT('',(1.42703173394244,4.10921757046613,0.85));
#14438=CARTESIAN_POINT('',(1.42703173394244,4.10921757046613,0.85));
#14439=CARTESIAN_POINT('',(1.42703173394244,4.10921757046613,0.8));
#14440=CARTESIAN_POINT('Origin',(1.62282340060911,4.10921757046613,0.8));
#14441=CARTESIAN_POINT('',(1.62282340060911,4.10921757046613,0.8));
#14442=CARTESIAN_POINT('',(2.06141170030456,4.10921757046613,0.8));
#14443=CARTESIAN_POINT('',(1.62282340060911,4.10921757046613,0.85));
#14444=CARTESIAN_POINT('',(1.62282340060911,4.10921757046613,0.85));
#14445=CARTESIAN_POINT('',(1.62282340060911,4.10921757046613,0.8));
#14446=CARTESIAN_POINT('Origin',(1.62282340060911,4.57223840379946,0.8));
#14447=CARTESIAN_POINT('',(1.62282340060911,4.57223840379946,0.8));
#14448=CARTESIAN_POINT('',(1.62282340060911,3.78611920189973,0.8));
#14449=CARTESIAN_POINT('',(1.62282340060911,4.57223840379946,0.85));
#14450=CARTESIAN_POINT('',(1.62282340060911,4.57223840379946,0.85));
#14451=CARTESIAN_POINT('',(1.62282340060911,4.57223840379946,0.8));
#14452=CARTESIAN_POINT('Origin',(1.74453173394244,4.10921757046613,0.8));
#14453=CARTESIAN_POINT('',(1.74453173394244,4.10921757046613,0.8));
#14454=CARTESIAN_POINT('',(1.90530526396948,3.49757914101546,0.8));
#14455=CARTESIAN_POINT('',(1.74453173394244,4.10921757046613,0.85));
#14456=CARTESIAN_POINT('',(1.74453173394244,4.10921757046613,0.85));
#14457=CARTESIAN_POINT('',(1.74453173394244,4.10921757046613,0.8));
#14458=CARTESIAN_POINT('Origin',(1.94826090060911,4.10921757046613,0.8));
#14459=CARTESIAN_POINT('',(1.94826090060911,4.10921757046613,0.8));
#14460=CARTESIAN_POINT('',(2.22413045030456,4.10921757046612,0.8));
#14461=CARTESIAN_POINT('',(1.94826090060911,4.10921757046613,0.85));
#14462=CARTESIAN_POINT('',(1.94826090060911,4.10921757046613,0.85));
#14463=CARTESIAN_POINT('',(1.94826090060911,4.10921757046613,0.8));
#14464=CARTESIAN_POINT('Origin',(1.94826090060911,5.12786340379946,0.8));
#14465=CARTESIAN_POINT('',(1.94826090060911,5.12786340379946,0.8));
#14466=CARTESIAN_POINT('',(1.94826090060911,4.06393170189973,0.8));
#14467=CARTESIAN_POINT('',(1.94826090060911,5.12786340379946,0.85));
#14468=CARTESIAN_POINT('',(1.94826090060911,5.12786340379946,0.85));
#14469=CARTESIAN_POINT('',(1.94826090060911,5.12786340379946,0.8));
#14470=CARTESIAN_POINT('Origin',(1.75246923394244,5.12786340379946,0.8));
#14471=CARTESIAN_POINT('',(1.75246923394244,5.12786340379946,0.8));
#14472=CARTESIAN_POINT('',(2.12623461697122,5.12786340379946,0.8));
#14473=CARTESIAN_POINT('',(1.75246923394244,5.12786340379946,0.85));
#14474=CARTESIAN_POINT('',(1.75246923394244,5.12786340379946,0.85));
#14475=CARTESIAN_POINT('',(1.75246923394244,5.12786340379946,0.8));
#14476=CARTESIAN_POINT('Origin',(1.75246923394244,4.66748840379946,0.8));
#14477=CARTESIAN_POINT('',(1.75246923394244,3.83374420189973,0.8));
#14478=CARTESIAN_POINT('',(1.75246923394244,4.66748840379946,0.85));
#14479=CARTESIAN_POINT('Ctrl Pts',(1.29209423394244,5.04055090379946,0.8));
#14480=CARTESIAN_POINT('Ctrl Pts',(1.29209423394244,5.04055090379946,0.85));
#14481=CARTESIAN_POINT('Ctrl Pts',(1.31326090060911,5.00615507046613,0.8));
#14482=CARTESIAN_POINT('Ctrl Pts',(1.31326090060911,5.00615507046613,0.85));
#14483=CARTESIAN_POINT('Ctrl Pts',(1.32913590060911,4.96646757046613,0.8));
#14484=CARTESIAN_POINT('Ctrl Pts',(1.32913590060911,4.96646757046613,0.85));
#14485=CARTESIAN_POINT('Ctrl Pts',(1.33178173394244,4.92413423713279,0.8));
#14486=CARTESIAN_POINT('Ctrl Pts',(1.33178173394244,4.92413423713279,0.85));
#14487=CARTESIAN_POINT('',(1.33178173394244,4.92413423713279,0.8));
#14488=CARTESIAN_POINT('',(1.29209423394244,5.04055090379946,0.8));
#14489=CARTESIAN_POINT('Ctrl Pts',(1.33178173394244,4.92413423713279,0.8));
#14490=CARTESIAN_POINT('Ctrl Pts',(1.32913590060911,4.96646757046613,0.8));
#14491=CARTESIAN_POINT('Ctrl Pts',(1.31326090060911,5.00615507046613,0.8));
#14492=CARTESIAN_POINT('Ctrl Pts',(1.29209423394244,5.04055090379946,0.8));
#14493=CARTESIAN_POINT('',(1.33178173394244,4.92413423713279,0.85));
#14494=CARTESIAN_POINT('',(1.33178173394244,4.92413423713279,0.8));
#14495=CARTESIAN_POINT('',(1.29209423394244,5.04055090379946,0.85));
#14496=CARTESIAN_POINT('Ctrl Pts',(1.29209423394244,5.04055090379946,0.85));
#14497=CARTESIAN_POINT('Ctrl Pts',(1.31326090060911,5.00615507046613,0.85));
#14498=CARTESIAN_POINT('Ctrl Pts',(1.32913590060911,4.96646757046613,0.85));
#14499=CARTESIAN_POINT('Ctrl Pts',(1.33178173394244,4.92413423713279,0.85));
#14500=CARTESIAN_POINT('',(1.29209423394244,5.04055090379946,0.8));
#14501=CARTESIAN_POINT('Ctrl Pts',(1.19949006727578,5.11992590379946,0.8));
#14502=CARTESIAN_POINT('Ctrl Pts',(1.19949006727578,5.11992590379946,0.85));
#14503=CARTESIAN_POINT('Ctrl Pts',(1.23653173394244,5.10405090379946,0.8));
#14504=CARTESIAN_POINT('Ctrl Pts',(1.23653173394244,5.10405090379946,0.85));
#14505=CARTESIAN_POINT('Ctrl Pts',(1.26828173394244,5.07759257046613,0.8));
#14506=CARTESIAN_POINT('Ctrl Pts',(1.26828173394244,5.07759257046613,0.85));
#14507=CARTESIAN_POINT('Ctrl Pts',(1.29209423394244,5.04055090379946,0.8));
#14508=CARTESIAN_POINT('Ctrl Pts',(1.29209423394244,5.04055090379946,0.85));
#14509=CARTESIAN_POINT('',(1.19949006727578,5.11992590379946,0.8));
#14510=CARTESIAN_POINT('Ctrl Pts',(1.29209423394244,5.04055090379946,0.8));
#14511=CARTESIAN_POINT('Ctrl Pts',(1.26828173394244,5.07759257046613,0.8));
#14512=CARTESIAN_POINT('Ctrl Pts',(1.23653173394244,5.10405090379946,0.8));
#14513=CARTESIAN_POINT('Ctrl Pts',(1.19949006727578,5.11992590379946,0.8));
#14514=CARTESIAN_POINT('',(1.19949006727578,5.11992590379946,0.85));
#14515=CARTESIAN_POINT('Ctrl Pts',(1.19949006727578,5.11992590379946,0.85));
#14516=CARTESIAN_POINT('Ctrl Pts',(1.23653173394244,5.10405090379946,0.85));
#14517=CARTESIAN_POINT('Ctrl Pts',(1.26828173394244,5.07759257046613,0.85));
#14518=CARTESIAN_POINT('Ctrl Pts',(1.29209423394244,5.04055090379946,0.85));
#14519=CARTESIAN_POINT('',(1.19949006727578,5.11992590379946,0.8));
#14520=CARTESIAN_POINT('Ctrl Pts',(1.06984423394244,5.14638423713279,0.8));
#14521=CARTESIAN_POINT('Ctrl Pts',(1.06984423394244,5.14638423713279,0.85));
#14522=CARTESIAN_POINT('Ctrl Pts',(1.11746923394244,5.14638423713279,0.8));
#14523=CARTESIAN_POINT('Ctrl Pts',(1.11746923394244,5.14638423713279,0.85));
#14524=CARTESIAN_POINT('Ctrl Pts',(1.15980256727578,5.13844673713279,0.8));
#14525=CARTESIAN_POINT('Ctrl Pts',(1.15980256727578,5.13844673713279,0.85));
#14526=CARTESIAN_POINT('Ctrl Pts',(1.19949006727578,5.11992590379946,0.8));
#14527=CARTESIAN_POINT('Ctrl Pts',(1.19949006727578,5.11992590379946,0.85));
#14528=CARTESIAN_POINT('',(1.06984423394244,5.14638423713279,0.8));
#14529=CARTESIAN_POINT('Ctrl Pts',(1.19949006727578,5.11992590379946,0.8));
#14530=CARTESIAN_POINT('Ctrl Pts',(1.15980256727578,5.13844673713279,0.8));
#14531=CARTESIAN_POINT('Ctrl Pts',(1.11746923394244,5.14638423713279,0.8));
#14532=CARTESIAN_POINT('Ctrl Pts',(1.06984423394244,5.14638423713279,0.8));
#14533=CARTESIAN_POINT('',(1.06984423394244,5.14638423713279,0.85));
#14534=CARTESIAN_POINT('Ctrl Pts',(1.06984423394244,5.14638423713279,0.85));
#14535=CARTESIAN_POINT('Ctrl Pts',(1.11746923394244,5.14638423713279,0.85));
#14536=CARTESIAN_POINT('Ctrl Pts',(1.15980256727578,5.13844673713279,0.85));
#14537=CARTESIAN_POINT('Ctrl Pts',(1.19949006727578,5.11992590379946,0.85));
#14538=CARTESIAN_POINT('',(1.06984423394244,5.14638423713279,0.8));
#14539=CARTESIAN_POINT('Ctrl Pts',(0.937552567275778,5.11992590379946,0.8));
#14540=CARTESIAN_POINT('Ctrl Pts',(0.937552567275778,5.11992590379946,0.85));
#14541=CARTESIAN_POINT('Ctrl Pts',(0.974594233942445,5.13844673713279,0.8));
#14542=CARTESIAN_POINT('Ctrl Pts',(0.974594233942445,5.13844673713279,0.85));
#14543=CARTESIAN_POINT('Ctrl Pts',(1.01957340060911,5.14638423713279,0.8));
#14544=CARTESIAN_POINT('Ctrl Pts',(1.01957340060911,5.14638423713279,0.85));
#14545=CARTESIAN_POINT('Ctrl Pts',(1.06984423394244,5.14638423713279,0.8));
#14546=CARTESIAN_POINT('Ctrl Pts',(1.06984423394244,5.14638423713279,0.85));
#14547=CARTESIAN_POINT('',(0.937552567275778,5.11992590379946,0.8));
#14548=CARTESIAN_POINT('Ctrl Pts',(1.06984423394244,5.14638423713279,0.8));
#14549=CARTESIAN_POINT('Ctrl Pts',(1.01957340060911,5.14638423713279,0.8));
#14550=CARTESIAN_POINT('Ctrl Pts',(0.974594233942445,5.13844673713279,0.8));
#14551=CARTESIAN_POINT('Ctrl Pts',(0.937552567275778,5.11992590379946,0.8));
#14552=CARTESIAN_POINT('',(0.937552567275778,5.11992590379946,0.85));
#14553=CARTESIAN_POINT('Ctrl Pts',(0.937552567275778,5.11992590379946,0.85));
#14554=CARTESIAN_POINT('Ctrl Pts',(0.974594233942445,5.13844673713279,0.85));
#14555=CARTESIAN_POINT('Ctrl Pts',(1.01957340060911,5.14638423713279,0.85));
#14556=CARTESIAN_POINT('Ctrl Pts',(1.06984423394244,5.14638423713279,0.85));
#14557=CARTESIAN_POINT('',(0.937552567275778,5.11992590379946,0.8));
#14558=CARTESIAN_POINT('Ctrl Pts',(0.844948400609111,5.03790507046613,0.8));
#14559=CARTESIAN_POINT('Ctrl Pts',(0.844948400609111,5.03790507046613,0.85));
#14560=CARTESIAN_POINT('Ctrl Pts',(0.868760900609111,5.07230090379946,0.8));
#14561=CARTESIAN_POINT('Ctrl Pts',(0.868760900609111,5.07230090379946,0.85));
#14562=CARTESIAN_POINT('Ctrl Pts',(0.897865067275778,5.10140507046613,0.8));
#14563=CARTESIAN_POINT('Ctrl Pts',(0.897865067275778,5.10140507046613,0.85));
#14564=CARTESIAN_POINT('Ctrl Pts',(0.937552567275778,5.11992590379946,0.8));
#14565=CARTESIAN_POINT('Ctrl Pts',(0.937552567275778,5.11992590379946,0.85));
#14566=CARTESIAN_POINT('',(0.844948400609111,5.03790507046613,0.8));
#14567=CARTESIAN_POINT('Ctrl Pts',(0.937552567275778,5.11992590379946,0.8));
#14568=CARTESIAN_POINT('Ctrl Pts',(0.897865067275778,5.10140507046613,0.8));
#14569=CARTESIAN_POINT('Ctrl Pts',(0.868760900609111,5.07230090379946,0.8));
#14570=CARTESIAN_POINT('Ctrl Pts',(0.844948400609111,5.03790507046613,0.8));
#14571=CARTESIAN_POINT('',(0.844948400609111,5.03790507046613,0.85));
#14572=CARTESIAN_POINT('Ctrl Pts',(0.844948400609111,5.03790507046613,0.85));
#14573=CARTESIAN_POINT('Ctrl Pts',(0.868760900609111,5.07230090379946,0.85));
#14574=CARTESIAN_POINT('Ctrl Pts',(0.897865067275778,5.10140507046613,0.85));
#14575=CARTESIAN_POINT('Ctrl Pts',(0.937552567275778,5.11992590379946,0.85));
#14576=CARTESIAN_POINT('',(0.844948400609111,5.03790507046613,0.8));
#14577=CARTESIAN_POINT('Ctrl Pts',(0.805260900609111,4.92148840379946,0.8));
#14578=CARTESIAN_POINT('Ctrl Pts',(0.805260900609111,4.92148840379946,0.85));
#14579=CARTESIAN_POINT('Ctrl Pts',(0.810552567275778,4.96382173713279,0.8));
#14580=CARTESIAN_POINT('Ctrl Pts',(0.810552567275778,4.96382173713279,0.85));
#14581=CARTESIAN_POINT('Ctrl Pts',(0.823781733942445,5.00350923713279,0.8));
#14582=CARTESIAN_POINT('Ctrl Pts',(0.823781733942445,5.00350923713279,0.85));
#14583=CARTESIAN_POINT('Ctrl Pts',(0.844948400609111,5.03790507046613,0.8));
#14584=CARTESIAN_POINT('Ctrl Pts',(0.844948400609111,5.03790507046613,0.85));
#14585=CARTESIAN_POINT('',(0.805260900609111,4.92148840379946,0.8));
#14586=CARTESIAN_POINT('Ctrl Pts',(0.844948400609111,5.03790507046613,0.8));
#14587=CARTESIAN_POINT('Ctrl Pts',(0.823781733942445,5.00350923713279,0.8));
#14588=CARTESIAN_POINT('Ctrl Pts',(0.810552567275778,4.96382173713279,0.8));
#14589=CARTESIAN_POINT('Ctrl Pts',(0.805260900609111,4.92148840379946,0.8));
#14590=CARTESIAN_POINT('',(0.805260900609111,4.92148840379946,0.85));
#14591=CARTESIAN_POINT('Ctrl Pts',(0.805260900609111,4.92148840379946,0.85));
#14592=CARTESIAN_POINT('Ctrl Pts',(0.810552567275778,4.96382173713279,0.85));
#14593=CARTESIAN_POINT('Ctrl Pts',(0.823781733942445,5.00350923713279,0.85));
#14594=CARTESIAN_POINT('Ctrl Pts',(0.844948400609111,5.03790507046613,0.85));
#14595=CARTESIAN_POINT('',(0.805260900609111,4.92148840379946,0.8));
#14596=CARTESIAN_POINT('Ctrl Pts',(0.799969233942445,4.70453007046613,0.8));
#14597=CARTESIAN_POINT('Ctrl Pts',(0.799969233942445,4.70453007046613,0.85));
#14598=CARTESIAN_POINT('Ctrl Pts',(0.799969233942445,4.80771757046613,0.8));
#14599=CARTESIAN_POINT('Ctrl Pts',(0.799969233942445,4.80771757046613,0.85));
#14600=CARTESIAN_POINT('Ctrl Pts',(0.802615067275778,4.87915507046613,0.8));
#14601=CARTESIAN_POINT('Ctrl Pts',(0.802615067275778,4.87915507046613,0.85));
#14602=CARTESIAN_POINT('Ctrl Pts',(0.805260900609111,4.92148840379946,0.8));
#14603=CARTESIAN_POINT('Ctrl Pts',(0.805260900609111,4.92148840379946,0.85));
#14604=CARTESIAN_POINT('',(0.799969233942445,4.70453007046613,0.8));
#14605=CARTESIAN_POINT('Ctrl Pts',(0.805260900609111,4.92148840379946,0.8));
#14606=CARTESIAN_POINT('Ctrl Pts',(0.802615067275778,4.87915507046613,0.8));
#14607=CARTESIAN_POINT('Ctrl Pts',(0.799969233942445,4.80771757046613,0.8));
#14608=CARTESIAN_POINT('Ctrl Pts',(0.799969233942445,4.70453007046613,0.8));
#14609=CARTESIAN_POINT('',(0.799969233942445,4.70453007046613,0.85));
#14610=CARTESIAN_POINT('Ctrl Pts',(0.799969233942445,4.70453007046613,0.85));
#14611=CARTESIAN_POINT('Ctrl Pts',(0.799969233942445,4.80771757046613,0.85));
#14612=CARTESIAN_POINT('Ctrl Pts',(0.802615067275778,4.87915507046613,0.85));
#14613=CARTESIAN_POINT('Ctrl Pts',(0.805260900609111,4.92148840379946,0.85));
#14614=CARTESIAN_POINT('',(0.799969233942445,4.70453007046613,0.8));
#14615=CARTESIAN_POINT('Origin',(0.799969233942445,4.52990507046612,0.8));
#14616=CARTESIAN_POINT('',(0.799969233942445,4.52990507046612,0.8));
#14617=CARTESIAN_POINT('',(0.799969233942444,3.76495253523306,0.8));
#14618=CARTESIAN_POINT('',(0.799969233942445,4.52990507046612,0.85));
#14619=CARTESIAN_POINT('',(0.799969233942445,4.52990507046612,0.85));
#14620=CARTESIAN_POINT('',(0.799969233942445,4.52990507046612,0.8));
#14621=CARTESIAN_POINT('Ctrl Pts',(0.805260900609111,4.31030090379946,0.8));
#14622=CARTESIAN_POINT('Ctrl Pts',(0.805260900609111,4.31030090379946,0.85));
#14623=CARTESIAN_POINT('Ctrl Pts',(0.802615067275778,4.35263423713279,0.8));
#14624=CARTESIAN_POINT('Ctrl Pts',(0.802615067275778,4.35263423713279,0.85));
#14625=CARTESIAN_POINT('Ctrl Pts',(0.799969233942445,4.42671757046613,0.8));
#14626=CARTESIAN_POINT('Ctrl Pts',(0.799969233942445,4.42671757046613,0.85));
#14627=CARTESIAN_POINT('Ctrl Pts',(0.799969233942445,4.52990507046613,0.8));
#14628=CARTESIAN_POINT('Ctrl Pts',(0.799969233942445,4.52990507046613,0.85));
#14629=CARTESIAN_POINT('',(0.805260900609111,4.31030090379946,0.8));
#14630=CARTESIAN_POINT('Ctrl Pts',(0.799969233942445,4.52990507046613,0.8));
#14631=CARTESIAN_POINT('Ctrl Pts',(0.799969233942445,4.42671757046613,0.8));
#14632=CARTESIAN_POINT('Ctrl Pts',(0.802615067275778,4.35263423713279,0.8));
#14633=CARTESIAN_POINT('Ctrl Pts',(0.805260900609111,4.31030090379946,0.8));
#14634=CARTESIAN_POINT('',(0.805260900609111,4.31030090379946,0.85));
#14635=CARTESIAN_POINT('Ctrl Pts',(0.805260900609111,4.31030090379946,0.85));
#14636=CARTESIAN_POINT('Ctrl Pts',(0.802615067275778,4.35263423713279,0.85));
#14637=CARTESIAN_POINT('Ctrl Pts',(0.799969233942445,4.42671757046613,0.85));
#14638=CARTESIAN_POINT('Ctrl Pts',(0.799969233942445,4.52990507046613,0.85));
#14639=CARTESIAN_POINT('',(0.805260900609111,4.31030090379946,0.8));
#14640=CARTESIAN_POINT('Ctrl Pts',(0.847594233942445,4.19388423713279,0.8));
#14641=CARTESIAN_POINT('Ctrl Pts',(0.847594233942445,4.19388423713279,0.85));
#14642=CARTESIAN_POINT('Ctrl Pts',(0.823781733942445,4.22828007046613,0.8));
#14643=CARTESIAN_POINT('Ctrl Pts',(0.823781733942445,4.22828007046613,0.85));
#14644=CARTESIAN_POINT('Ctrl Pts',(0.810552567275778,4.26796757046613,0.8));
#14645=CARTESIAN_POINT('Ctrl Pts',(0.810552567275778,4.26796757046613,0.85));
#14646=CARTESIAN_POINT('Ctrl Pts',(0.805260900609111,4.31030090379946,0.8));
#14647=CARTESIAN_POINT('Ctrl Pts',(0.805260900609111,4.31030090379946,0.85));
#14648=CARTESIAN_POINT('',(0.847594233942445,4.19388423713279,0.8));
#14649=CARTESIAN_POINT('Ctrl Pts',(0.805260900609111,4.31030090379946,0.8));
#14650=CARTESIAN_POINT('Ctrl Pts',(0.810552567275778,4.26796757046613,0.8));
#14651=CARTESIAN_POINT('Ctrl Pts',(0.823781733942445,4.22828007046613,0.8));
#14652=CARTESIAN_POINT('Ctrl Pts',(0.847594233942445,4.19388423713279,0.8));
#14653=CARTESIAN_POINT('',(0.847594233942445,4.19388423713279,0.85));
#14654=CARTESIAN_POINT('Ctrl Pts',(0.847594233942445,4.19388423713279,0.85));
#14655=CARTESIAN_POINT('Ctrl Pts',(0.823781733942445,4.22828007046613,0.85));
#14656=CARTESIAN_POINT('Ctrl Pts',(0.810552567275778,4.26796757046613,0.85));
#14657=CARTESIAN_POINT('Ctrl Pts',(0.805260900609111,4.31030090379946,0.85));
#14658=CARTESIAN_POINT('',(0.847594233942445,4.19388423713279,0.8));
#14659=CARTESIAN_POINT('Ctrl Pts',(0.940198400609111,4.11450923713279,0.8));
#14660=CARTESIAN_POINT('Ctrl Pts',(0.940198400609111,4.11450923713279,0.85));
#14661=CARTESIAN_POINT('Ctrl Pts',(0.900510900609111,4.13038423713279,0.8));
#14662=CARTESIAN_POINT('Ctrl Pts',(0.900510900609111,4.13038423713279,0.85));
#14663=CARTESIAN_POINT('Ctrl Pts',(0.871406733942445,4.15684257046613,0.8));
#14664=CARTESIAN_POINT('Ctrl Pts',(0.871406733942445,4.15684257046613,0.85));
#14665=CARTESIAN_POINT('Ctrl Pts',(0.847594233942445,4.19388423713279,0.8));
#14666=CARTESIAN_POINT('Ctrl Pts',(0.847594233942445,4.19388423713279,0.85));
#14667=CARTESIAN_POINT('',(0.940198400609111,4.11450923713279,0.8));
#14668=CARTESIAN_POINT('Ctrl Pts',(0.847594233942445,4.19388423713279,0.8));
#14669=CARTESIAN_POINT('Ctrl Pts',(0.871406733942445,4.15684257046613,0.8));
#14670=CARTESIAN_POINT('Ctrl Pts',(0.900510900609111,4.13038423713279,0.8));
#14671=CARTESIAN_POINT('Ctrl Pts',(0.940198400609111,4.11450923713279,0.8));
#14672=CARTESIAN_POINT('',(0.940198400609111,4.11450923713279,0.85));
#14673=CARTESIAN_POINT('Ctrl Pts',(0.940198400609111,4.11450923713279,0.85));
#14674=CARTESIAN_POINT('Ctrl Pts',(0.900510900609111,4.13038423713279,0.85));
#14675=CARTESIAN_POINT('Ctrl Pts',(0.871406733942445,4.15684257046613,0.85));
#14676=CARTESIAN_POINT('Ctrl Pts',(0.847594233942445,4.19388423713279,0.85));
#14677=CARTESIAN_POINT('',(0.940198400609111,4.11450923713279,0.8));
#14678=CARTESIAN_POINT('Ctrl Pts',(1.06984423394244,4.08805090379946,0.8));
#14679=CARTESIAN_POINT('Ctrl Pts',(1.06984423394244,4.08805090379946,0.85));
#14680=CARTESIAN_POINT('Ctrl Pts',(1.02221923394244,4.08805090379946,0.8));
#14681=CARTESIAN_POINT('Ctrl Pts',(1.02221923394244,4.08805090379946,0.85));
#14682=CARTESIAN_POINT('Ctrl Pts',(0.977240067275778,4.09598840379946,0.8));
#14683=CARTESIAN_POINT('Ctrl Pts',(0.977240067275778,4.09598840379946,0.85));
#14684=CARTESIAN_POINT('Ctrl Pts',(0.940198400609111,4.11450923713279,0.8));
#14685=CARTESIAN_POINT('Ctrl Pts',(0.940198400609111,4.11450923713279,0.85));
#14686=CARTESIAN_POINT('',(1.06984423394244,4.08805090379946,0.8));
#14687=CARTESIAN_POINT('Ctrl Pts',(0.940198400609111,4.11450923713279,0.8));
#14688=CARTESIAN_POINT('Ctrl Pts',(0.977240067275778,4.09598840379946,0.8));
#14689=CARTESIAN_POINT('Ctrl Pts',(1.02221923394244,4.08805090379946,0.8));
#14690=CARTESIAN_POINT('Ctrl Pts',(1.06984423394244,4.08805090379946,0.8));
#14691=CARTESIAN_POINT('',(1.06984423394244,4.08805090379946,0.85));
#14692=CARTESIAN_POINT('Ctrl Pts',(1.06984423394244,4.08805090379946,0.85));
#14693=CARTESIAN_POINT('Ctrl Pts',(1.02221923394244,4.08805090379946,0.85));
#14694=CARTESIAN_POINT('Ctrl Pts',(0.977240067275778,4.09598840379946,0.85));
#14695=CARTESIAN_POINT('Ctrl Pts',(0.940198400609111,4.11450923713279,0.85));
#14696=CARTESIAN_POINT('',(1.06984423394244,4.08805090379946,0.8));
#14697=CARTESIAN_POINT('Ctrl Pts',(1.20213590060911,4.11450923713279,0.8));
#14698=CARTESIAN_POINT('Ctrl Pts',(1.20213590060911,4.11450923713279,0.85));
#14699=CARTESIAN_POINT('Ctrl Pts',(1.16509423394244,4.09598840379946,0.8));
#14700=CARTESIAN_POINT('Ctrl Pts',(1.16509423394244,4.09598840379946,0.85));
#14701=CARTESIAN_POINT('Ctrl Pts',(1.12011506727578,4.08805090379946,0.8));
#14702=CARTESIAN_POINT('Ctrl Pts',(1.12011506727578,4.08805090379946,0.85));
#14703=CARTESIAN_POINT('Ctrl Pts',(1.06984423394244,4.08805090379946,0.8));
#14704=CARTESIAN_POINT('Ctrl Pts',(1.06984423394244,4.08805090379946,0.85));
#14705=CARTESIAN_POINT('',(1.20213590060911,4.11450923713279,0.8));
#14706=CARTESIAN_POINT('Ctrl Pts',(1.06984423394244,4.08805090379946,0.8));
#14707=CARTESIAN_POINT('Ctrl Pts',(1.12011506727578,4.08805090379946,0.8));
#14708=CARTESIAN_POINT('Ctrl Pts',(1.16509423394244,4.09598840379946,0.8));
#14709=CARTESIAN_POINT('Ctrl Pts',(1.20213590060911,4.11450923713279,0.8));
#14710=CARTESIAN_POINT('',(1.20213590060911,4.11450923713279,0.85));
#14711=CARTESIAN_POINT('Ctrl Pts',(1.20213590060911,4.11450923713279,0.85));
#14712=CARTESIAN_POINT('Ctrl Pts',(1.16509423394244,4.09598840379946,0.85));
#14713=CARTESIAN_POINT('Ctrl Pts',(1.12011506727578,4.08805090379946,0.85));
#14714=CARTESIAN_POINT('Ctrl Pts',(1.06984423394244,4.08805090379946,0.85));
#14715=CARTESIAN_POINT('',(1.20213590060911,4.11450923713279,0.8));
#14716=CARTESIAN_POINT('Ctrl Pts',(1.29209423394244,4.19653007046613,0.8));
#14717=CARTESIAN_POINT('Ctrl Pts',(1.29209423394244,4.19653007046613,0.85));
#14718=CARTESIAN_POINT('Ctrl Pts',(1.27092756727578,4.16213423713279,0.8));
#14719=CARTESIAN_POINT('Ctrl Pts',(1.27092756727578,4.16213423713279,0.85));
#14720=CARTESIAN_POINT('Ctrl Pts',(1.23917756727578,4.13303007046613,0.8));
#14721=CARTESIAN_POINT('Ctrl Pts',(1.23917756727578,4.13303007046613,0.85));
#14722=CARTESIAN_POINT('Ctrl Pts',(1.20213590060911,4.11450923713279,0.8));
#14723=CARTESIAN_POINT('Ctrl Pts',(1.20213590060911,4.11450923713279,0.85));
#14724=CARTESIAN_POINT('',(1.29209423394244,4.19653007046613,0.8));
#14725=CARTESIAN_POINT('Ctrl Pts',(1.20213590060911,4.11450923713279,0.8));
#14726=CARTESIAN_POINT('Ctrl Pts',(1.23917756727578,4.13303007046613,0.8));
#14727=CARTESIAN_POINT('Ctrl Pts',(1.27092756727578,4.16213423713279,0.8));
#14728=CARTESIAN_POINT('Ctrl Pts',(1.29209423394244,4.19653007046613,0.8));
#14729=CARTESIAN_POINT('',(1.29209423394244,4.19653007046613,0.85));
#14730=CARTESIAN_POINT('Ctrl Pts',(1.29209423394244,4.19653007046613,0.85));
#14731=CARTESIAN_POINT('Ctrl Pts',(1.27092756727578,4.16213423713279,0.85));
#14732=CARTESIAN_POINT('Ctrl Pts',(1.23917756727578,4.13303007046613,0.85));
#14733=CARTESIAN_POINT('Ctrl Pts',(1.20213590060911,4.11450923713279,0.85));
#14734=CARTESIAN_POINT('',(1.29209423394244,4.19653007046613,0.8));
#14735=CARTESIAN_POINT('Ctrl Pts',(1.33178173394244,4.31294673713279,0.8));
#14736=CARTESIAN_POINT('Ctrl Pts',(1.33178173394244,4.31294673713279,0.85));
#14737=CARTESIAN_POINT('Ctrl Pts',(1.32913590060911,4.27061340379946,0.8));
#14738=CARTESIAN_POINT('Ctrl Pts',(1.32913590060911,4.27061340379946,0.85));
#14739=CARTESIAN_POINT('Ctrl Pts',(1.31590673394244,4.23092590379946,0.8));
#14740=CARTESIAN_POINT('Ctrl Pts',(1.31590673394244,4.23092590379946,0.85));
#14741=CARTESIAN_POINT('Ctrl Pts',(1.29209423394244,4.19653007046613,0.8));
#14742=CARTESIAN_POINT('Ctrl Pts',(1.29209423394244,4.19653007046613,0.85));
#14743=CARTESIAN_POINT('',(1.33178173394244,4.31294673713279,0.8));
#14744=CARTESIAN_POINT('Ctrl Pts',(1.29209423394244,4.19653007046613,0.8));
#14745=CARTESIAN_POINT('Ctrl Pts',(1.31590673394244,4.23092590379946,0.8));
#14746=CARTESIAN_POINT('Ctrl Pts',(1.32913590060911,4.27061340379946,0.8));
#14747=CARTESIAN_POINT('Ctrl Pts',(1.33178173394244,4.31294673713279,0.8));
#14748=CARTESIAN_POINT('',(1.33178173394244,4.31294673713279,0.85));
#14749=CARTESIAN_POINT('Ctrl Pts',(1.33178173394244,4.31294673713279,0.85));
#14750=CARTESIAN_POINT('Ctrl Pts',(1.32913590060911,4.27061340379946,0.85));
#14751=CARTESIAN_POINT('Ctrl Pts',(1.31590673394244,4.23092590379946,0.85));
#14752=CARTESIAN_POINT('Ctrl Pts',(1.29209423394244,4.19653007046613,0.85));
#14753=CARTESIAN_POINT('',(1.33178173394244,4.31294673713279,0.8));
#14754=CARTESIAN_POINT('Ctrl Pts',(1.33971923394244,4.52990507046613,0.8));
#14755=CARTESIAN_POINT('Ctrl Pts',(1.33971923394244,4.52990507046613,0.85));
#14756=CARTESIAN_POINT('Ctrl Pts',(1.33971923394244,4.42671757046613,0.8));
#14757=CARTESIAN_POINT('Ctrl Pts',(1.33971923394244,4.42671757046613,0.85));
#14758=CARTESIAN_POINT('Ctrl Pts',(1.33707340060911,4.35528007046613,0.8));
#14759=CARTESIAN_POINT('Ctrl Pts',(1.33707340060911,4.35528007046613,0.85));
#14760=CARTESIAN_POINT('Ctrl Pts',(1.33178173394244,4.31294673713279,0.8));
#14761=CARTESIAN_POINT('Ctrl Pts',(1.33178173394244,4.31294673713279,0.85));
#14762=CARTESIAN_POINT('',(1.33971923394244,4.52990507046613,0.8));
#14763=CARTESIAN_POINT('Ctrl Pts',(1.33178173394244,4.31294673713279,0.8));
#14764=CARTESIAN_POINT('Ctrl Pts',(1.33707340060911,4.35528007046613,0.8));
#14765=CARTESIAN_POINT('Ctrl Pts',(1.33971923394244,4.42671757046613,0.8));
#14766=CARTESIAN_POINT('Ctrl Pts',(1.33971923394244,4.52990507046613,0.8));
#14767=CARTESIAN_POINT('',(1.33971923394244,4.52990507046613,0.85));
#14768=CARTESIAN_POINT('Ctrl Pts',(1.33971923394244,4.52990507046613,0.85));
#14769=CARTESIAN_POINT('Ctrl Pts',(1.33971923394244,4.42671757046613,0.85));
#14770=CARTESIAN_POINT('Ctrl Pts',(1.33707340060911,4.35528007046613,0.85));
#14771=CARTESIAN_POINT('Ctrl Pts',(1.33178173394244,4.31294673713279,0.85));
#14772=CARTESIAN_POINT('',(1.33971923394244,4.52990507046613,0.8));
#14773=CARTESIAN_POINT('Origin',(1.33971923394244,4.70453007046613,0.8));
#14774=CARTESIAN_POINT('',(1.33971923394244,4.70453007046613,0.8));
#14775=CARTESIAN_POINT('',(1.33971923394244,3.85226503523306,0.8));
#14776=CARTESIAN_POINT('',(1.33971923394244,4.70453007046613,0.85));
#14777=CARTESIAN_POINT('',(1.33971923394244,4.70453007046613,0.85));
#14778=CARTESIAN_POINT('',(1.33971923394244,4.70453007046613,0.8));
#14779=CARTESIAN_POINT('Ctrl Pts',(1.33178173394244,4.92413423713279,0.8));
#14780=CARTESIAN_POINT('Ctrl Pts',(1.33178173394244,4.92413423713279,0.85));
#14781=CARTESIAN_POINT('Ctrl Pts',(1.33707340060911,4.88180090379946,0.8));
#14782=CARTESIAN_POINT('Ctrl Pts',(1.33707340060911,4.88180090379946,0.85));
#14783=CARTESIAN_POINT('Ctrl Pts',(1.33971923394244,4.80771757046613,0.8));
#14784=CARTESIAN_POINT('Ctrl Pts',(1.33971923394244,4.80771757046613,0.85));
#14785=CARTESIAN_POINT('Ctrl Pts',(1.33971923394244,4.70453007046613,0.8));
#14786=CARTESIAN_POINT('Ctrl Pts',(1.33971923394244,4.70453007046613,0.85));
#14787=CARTESIAN_POINT('Ctrl Pts',(1.33971923394244,4.70453007046613,0.8));
#14788=CARTESIAN_POINT('Ctrl Pts',(1.33971923394244,4.80771757046613,0.8));
#14789=CARTESIAN_POINT('Ctrl Pts',(1.33707340060911,4.88180090379946,0.8));
#14790=CARTESIAN_POINT('Ctrl Pts',(1.33178173394244,4.92413423713279,0.8));
#14791=CARTESIAN_POINT('Ctrl Pts',(1.33178173394244,4.92413423713279,0.85));
#14792=CARTESIAN_POINT('Ctrl Pts',(1.33707340060911,4.88180090379946,0.85));
#14793=CARTESIAN_POINT('Ctrl Pts',(1.33971923394244,4.80771757046613,0.85));
#14794=CARTESIAN_POINT('Ctrl Pts',(1.33971923394244,4.70453007046613,0.85));
#14795=CARTESIAN_POINT('Origin',(1.37411506727578,4.61721757046613,0.8));
#14796=CARTESIAN_POINT('',(0.315781733942445,4.61721757046613,0.85));
#14797=CARTESIAN_POINT('Origin',(1.37411506727578,4.61721757046613,0.85));
#14798=CARTESIAN_POINT('',(0.315781733942445,4.61721757046613,0.8));
#14799=CARTESIAN_POINT('Origin',(1.37411506727578,4.61721757046613,0.85));
#14800=CARTESIAN_POINT('Origin',(2.5,3.,0.8));
#14801=CARTESIAN_POINT('Origin',(2.5,3.,0.8));
#14802=CARTESIAN_POINT('Origin',(4.50472609520849,0.,0.));
#14803=CARTESIAN_POINT('',(4.15472609520849,0.,0.));
#14804=CARTESIAN_POINT('',(4.50472609520849,0.,0.));
#14805=CARTESIAN_POINT('',(3.69472609520849,0.,0.));
#14806=CARTESIAN_POINT('',(4.15472609520849,-0.01,0.));
#14807=CARTESIAN_POINT('',(4.15472609520849,0.,0.));
#14808=CARTESIAN_POINT('',(4.50472609520849,-0.01,0.));
#14809=CARTESIAN_POINT('',(4.15472609520849,-0.01,0.));
#14810=CARTESIAN_POINT('',(4.50472609520849,0.,0.));
#14811=CARTESIAN_POINT('Origin',(4.32972609520849,-0.01,-0.025));
#14812=CARTESIAN_POINT('',(4.15472609520849,-0.01,-0.05));
#14813=CARTESIAN_POINT('',(4.50472609520849,-0.01,-0.05));
#14814=CARTESIAN_POINT('',(4.15472609520849,-0.01,-0.05));
#14815=CARTESIAN_POINT('',(4.50472609520849,-0.01,-0.05));
#14816=CARTESIAN_POINT('',(4.15472609520849,-0.01,0.));
#14817=CARTESIAN_POINT('Origin',(3.23472609520849,0.,0.));
#14818=CARTESIAN_POINT('',(2.88472609520849,0.,0.));
#14819=CARTESIAN_POINT('',(3.23472609520849,0.,0.));
#14820=CARTESIAN_POINT('',(3.05972609520849,0.,0.));
#14821=CARTESIAN_POINT('',(2.88472609520849,-0.01,0.));
#14822=CARTESIAN_POINT('',(2.88472609520849,0.,0.));
#14823=CARTESIAN_POINT('',(3.23472609520849,-0.01,0.));
#14824=CARTESIAN_POINT('',(2.88472609520849,-0.01,0.));
#14825=CARTESIAN_POINT('',(3.23472609520849,0.,0.));
#14826=CARTESIAN_POINT('Origin',(3.05972609520849,-0.01,-0.025));
#14827=CARTESIAN_POINT('',(2.88472609520849,-0.01,-0.05));
#14828=CARTESIAN_POINT('',(3.23472609520849,-0.01,-0.05));
#14829=CARTESIAN_POINT('',(2.88472609520849,-0.01,-0.05));
#14830=CARTESIAN_POINT('',(3.23472609520849,-0.01,-0.05));
#14831=CARTESIAN_POINT('',(2.88472609520849,-0.01,0.));
#14832=CARTESIAN_POINT('Origin',(0.694726095208494,0.,0.));
#14833=CARTESIAN_POINT('',(0.344726095208495,0.,0.));
#14834=CARTESIAN_POINT('',(0.694726095208494,0.,0.));
#14835=CARTESIAN_POINT('',(1.78972609520849,0.,0.));
#14836=CARTESIAN_POINT('',(0.344726095208495,-0.01,0.));
#14837=CARTESIAN_POINT('',(0.344726095208495,0.,0.));
#14838=CARTESIAN_POINT('',(0.694726095208494,-0.01,0.));
#14839=CARTESIAN_POINT('',(0.344726095208495,-0.01,0.));
#14840=CARTESIAN_POINT('',(0.694726095208494,0.,0.));
#14841=CARTESIAN_POINT('Origin',(0.519726095208494,-0.01,-0.025));
#14842=CARTESIAN_POINT('',(0.344726095208495,-0.01,-0.05));
#14843=CARTESIAN_POINT('',(0.694726095208494,-0.01,-0.05));
#14844=CARTESIAN_POINT('',(0.344726095208495,-0.01,-0.05));
#14845=CARTESIAN_POINT('',(0.694726095208494,-0.01,-0.05));
#14846=CARTESIAN_POINT('',(0.344726095208495,-0.01,0.));
#14847=CARTESIAN_POINT('Origin',(1.96472609520849,0.,0.));
#14848=CARTESIAN_POINT('',(1.61472609520849,0.,0.));
#14849=CARTESIAN_POINT('',(1.96472609520849,0.,0.));
#14850=CARTESIAN_POINT('',(2.42472609520849,0.,0.));
#14851=CARTESIAN_POINT('',(1.61472609520849,-0.01,0.));
#14852=CARTESIAN_POINT('',(1.61472609520849,0.,0.));
#14853=CARTESIAN_POINT('',(1.96472609520849,-0.01,0.));
#14854=CARTESIAN_POINT('',(1.61472609520849,-0.01,0.));
#14855=CARTESIAN_POINT('',(1.96472609520849,0.,0.));
#14856=CARTESIAN_POINT('Origin',(1.78972609520849,-0.01,-0.025));
#14857=CARTESIAN_POINT('',(1.61472609520849,-0.01,-0.05));
#14858=CARTESIAN_POINT('',(1.96472609520849,-0.01,-0.05));
#14859=CARTESIAN_POINT('',(1.61472609520849,-0.01,-0.05));
#14860=CARTESIAN_POINT('',(1.96472609520849,-0.01,-0.05));
#14861=CARTESIAN_POINT('',(1.61472609520849,-0.01,0.));
#14862=CARTESIAN_POINT('Origin',(2.88472609520849,6.,0.));
#14863=CARTESIAN_POINT('',(2.88472609520849,6.,0.));
#14864=CARTESIAN_POINT('',(2.88472609520849,6.02,0.));
#14865=CARTESIAN_POINT('',(2.88472609520849,6.005,0.));
#14866=CARTESIAN_POINT('',(2.88472609520849,6.02,-0.05));
#14867=CARTESIAN_POINT('',(2.88472609520849,6.02,-0.05));
#14868=CARTESIAN_POINT('',(2.88472609520849,5.82041112568014,-0.05));
#14869=CARTESIAN_POINT('',(2.88472609520849,6.27041112568014,-0.05));
#14870=CARTESIAN_POINT('',(2.88472609520849,5.82041112568014,0.));
#14871=CARTESIAN_POINT('',(2.88472609520849,5.82041112568014,0.));
#14872=CARTESIAN_POINT('',(2.88472609520849,5.95510278142004,0.));
#14873=CARTESIAN_POINT('Origin',(2.5,3.,0.));
#14874=CARTESIAN_POINT('',(3.23472609520849,6.,0.));
#14875=CARTESIAN_POINT('',(4.15472609520849,6.,0.));
#14876=CARTESIAN_POINT('',(3.22118152380212,6.,0.));
#14877=CARTESIAN_POINT('',(4.15472609520849,5.82041112568014,0.));
#14878=CARTESIAN_POINT('',(4.15472609520849,4.41020556284007,0.));
#14879=CARTESIAN_POINT('',(3.23472609520849,5.82041112568014,0.));
#14880=CARTESIAN_POINT('',(2.86736304760425,5.82041112568014,0.));
#14881=CARTESIAN_POINT('',(3.23472609520849,4.5,0.));
#14882=CARTESIAN_POINT('Origin',(4.15472609520849,6.01,0.));
#14883=CARTESIAN_POINT('',(4.50472609520849,6.,0.));
#14884=CARTESIAN_POINT('',(4.50472609520849,6.02,0.));
#14885=CARTESIAN_POINT('',(4.50472609520849,4.5,0.));
#14886=CARTESIAN_POINT('',(4.15472609520849,6.02,0.));
#14887=CARTESIAN_POINT('',(4.50472609520849,6.02,0.));
#14888=CARTESIAN_POINT('',(4.15472609520849,4.41020556284007,0.));
#14889=CARTESIAN_POINT('',(4.04854457140637,6.,0.));
#14890=CARTESIAN_POINT('Origin',(4.32972609520849,6.02,-0.025));
#14891=CARTESIAN_POINT('',(4.50472609520849,6.02,-0.05));
#14892=CARTESIAN_POINT('',(4.15472609520849,6.02,-0.05));
#14893=CARTESIAN_POINT('',(4.50472609520849,6.02,-0.05));
#14894=CARTESIAN_POINT('',(4.15472609520849,6.02,-0.05));
#14895=CARTESIAN_POINT('',(4.50472609520849,6.02,0.));
#14896=CARTESIAN_POINT('Origin',(2.88472609520849,6.01,0.));
#14897=CARTESIAN_POINT('',(3.23472609520849,6.02,0.));
#14898=CARTESIAN_POINT('',(3.23472609520849,4.5,0.));
#14899=CARTESIAN_POINT('',(3.23472609520849,6.02,0.));
#14900=CARTESIAN_POINT('',(4.04854457140637,6.,0.));
#14901=CARTESIAN_POINT('Origin',(3.05972609520849,6.02,-0.025));
#14902=CARTESIAN_POINT('',(3.23472609520849,6.02,-0.05));
#14903=CARTESIAN_POINT('',(3.23472609520849,6.02,-0.05));
#14904=CARTESIAN_POINT('',(3.23472609520849,6.02,0.));
#14905=CARTESIAN_POINT('Origin',(1.61472609520849,6.,0.));
#14906=CARTESIAN_POINT('',(1.96472609520849,6.,0.));
#14907=CARTESIAN_POINT('',(1.61472609520849,6.,0.));
#14908=CARTESIAN_POINT('',(0.979726095208495,6.,0.));
#14909=CARTESIAN_POINT('',(1.96472609520849,6.01,0.));
#14910=CARTESIAN_POINT('',(1.96472609520849,6.,0.));
#14911=CARTESIAN_POINT('',(1.61472609520849,6.01,0.));
#14912=CARTESIAN_POINT('',(1.61472609520849,6.01,0.));
#14913=CARTESIAN_POINT('',(1.61472609520849,6.,0.));
#14914=CARTESIAN_POINT('Origin',(1.78972609520849,6.01,-0.025));
#14915=CARTESIAN_POINT('',(1.96472609520849,6.01,-0.05));
#14916=CARTESIAN_POINT('',(1.96472609520849,6.01,0.));
#14917=CARTESIAN_POINT('',(1.61472609520849,6.01,-0.05));
#14918=CARTESIAN_POINT('',(1.96472609520849,6.01,-0.05));
#14919=CARTESIAN_POINT('',(1.61472609520849,6.01,-0.05));
#14920=CARTESIAN_POINT('Origin',(0.344726095208495,6.,0.));
#14921=CARTESIAN_POINT('',(0.694726095208494,6.,0.));
#14922=CARTESIAN_POINT('',(5.,6.,0.));
#14923=CARTESIAN_POINT('',(0.344726095208495,6.,0.));
#14924=CARTESIAN_POINT('',(0.344726095208495,6.,0.));
#14925=CARTESIAN_POINT('',(0.,6.,0.));
#14926=CARTESIAN_POINT('',(5.,6.,0.));
#14927=CARTESIAN_POINT('',(0.,6.,0.));
#14928=CARTESIAN_POINT('',(5.,6.,0.));
#14929=CARTESIAN_POINT('',(5.,6.,0.1875));
#14930=CARTESIAN_POINT('',(3.22118152380212,6.,0.));
#14931=CARTESIAN_POINT('',(5.,6.,0.));
#14932=CARTESIAN_POINT('Origin',(0.344726095208495,6.,0.));
#14933=CARTESIAN_POINT('',(0.694726095208494,6.01,0.));
#14934=CARTESIAN_POINT('',(0.694726095208494,6.,0.));
#14935=CARTESIAN_POINT('',(0.344726095208495,6.01,0.));
#14936=CARTESIAN_POINT('',(0.344726095208495,6.01,0.));
#14937=CARTESIAN_POINT('',(0.344726095208495,6.,0.));
#14938=CARTESIAN_POINT('Origin',(0.519726095208494,6.01,-0.025));
#14939=CARTESIAN_POINT('',(0.694726095208494,6.01,-0.05));
#14940=CARTESIAN_POINT('',(0.694726095208494,6.01,0.));
#14941=CARTESIAN_POINT('',(0.344726095208495,6.01,-0.05));
#14942=CARTESIAN_POINT('',(0.694726095208494,6.01,-0.05));
#14943=CARTESIAN_POINT('',(0.344726095208495,6.01,-0.05));
#14944=CARTESIAN_POINT('Origin',(4.15472609520849,5.82041112568014,0.));
#14945=CARTESIAN_POINT('',(4.15472609520849,5.82041112568014,-0.05));
#14946=CARTESIAN_POINT('',(4.15472609520849,6.27041112568014,-0.05));
#14947=CARTESIAN_POINT('',(4.15472609520849,5.82041112568014,0.));
#14948=CARTESIAN_POINT('Origin',(4.50472609520849,6.,0.));
#14949=CARTESIAN_POINT('',(4.50472609520849,5.47041112568014,0.));
#14950=CARTESIAN_POINT('',(4.50472609520849,4.5,0.));
#14951=CARTESIAN_POINT('',(4.50472609520849,5.47041112568014,-0.05));
#14952=CARTESIAN_POINT('',(4.50472609520849,5.47041112568014,0.));
#14953=CARTESIAN_POINT('',(4.50472609520849,6.,-0.05));
#14954=CARTESIAN_POINT('Origin',(3.05972609520849,5.73520556284007,-0.05));
#14955=CARTESIAN_POINT('',(1.61472609520849,5.47041112568014,-0.05));
#14956=CARTESIAN_POINT('',(4.50472609520849,5.47041112568014,-0.05));
#14957=CARTESIAN_POINT('',(1.61472609520849,6.27041112568014,-0.05));
#14958=CARTESIAN_POINT('',(1.96472609520849,5.82041112568014,-0.05));
#14959=CARTESIAN_POINT('',(1.96472609520849,6.,-0.05));
#14960=CARTESIAN_POINT('',(4.50472609520849,5.82041112568014,-0.05));
#14961=CARTESIAN_POINT('',(3.23472609520849,5.82041112568014,-0.05));
#14962=CARTESIAN_POINT('',(3.23472609520849,6.,-0.05));
#14963=CARTESIAN_POINT('',(4.50472609520849,5.82041112568014,-0.05));
#14964=CARTESIAN_POINT('Origin',(2.5,3.,0.));
#14965=CARTESIAN_POINT('',(5.,0.,0.));
#14966=CARTESIAN_POINT('',(5.,0.,0.));
#14967=CARTESIAN_POINT('',(0.,0.,0.));
#14968=CARTESIAN_POINT('',(4.50472609520849,0.570411125680143,0.));
#14969=CARTESIAN_POINT('',(4.50472609520849,1.78520556284007,0.));
#14970=CARTESIAN_POINT('',(1.61472609520849,0.570411125680143,0.));
#14971=CARTESIAN_POINT('',(2.05736304760425,0.570411125680143,0.));
#14972=CARTESIAN_POINT('',(1.61472609520849,1.5,0.));
#14973=CARTESIAN_POINT('',(0.,0.,0.));
#14974=CARTESIAN_POINT('',(0.694726095208494,0.570411125680143,0.));
#14975=CARTESIAN_POINT('',(0.694726095208494,1.78520556284007,0.));
#14976=CARTESIAN_POINT('',(0.344726095208495,0.570411125680143,0.));
#14977=CARTESIAN_POINT('',(1.42236304760425,0.570411125680143,0.));
#14978=CARTESIAN_POINT('',(0.344726095208495,1.5,0.));
#14979=CARTESIAN_POINT('',(0.,0.,0.));
#14980=CARTESIAN_POINT('',(0.,0.,0.));
#14981=CARTESIAN_POINT('',(0.,6.,0.));
#14982=CARTESIAN_POINT('',(0.344726095208495,5.47041112568014,0.));
#14983=CARTESIAN_POINT('',(0.344726095208495,4.23520556284007,0.));
#14984=CARTESIAN_POINT('',(0.694726095208494,5.47041112568014,0.));
#14985=CARTESIAN_POINT('',(1.59736304760425,5.47041112568014,0.));
#14986=CARTESIAN_POINT('',(0.694726095208494,4.5,0.));
#14987=CARTESIAN_POINT('',(1.61472609520849,5.47041112568014,0.));
#14988=CARTESIAN_POINT('',(1.61472609520849,4.23520556284007,0.));
#14989=CARTESIAN_POINT('',(3.50236304760425,5.47041112568014,0.));
#14990=CARTESIAN_POINT('Origin',(5.,0.,0.));
#14991=CARTESIAN_POINT('',(5.,0.,0.));
#14992=CARTESIAN_POINT('Origin',(2.42472609520849,5.91020556284007,0.));
#14993=CARTESIAN_POINT('',(1.96472609520849,5.82041112568014,0.));
#14994=CARTESIAN_POINT('',(2.65472609520849,5.82041112568014,0.));
#14995=CARTESIAN_POINT('',(1.96472609520849,5.86530834426011,0.));
#14996=CARTESIAN_POINT('Origin',(1.96472609520849,5.82041112568014,0.));
#14997=CARTESIAN_POINT('',(1.96472609520849,5.82041112568014,0.));
#14998=CARTESIAN_POINT('Origin',(2.88472609520849,5.82041112568014,0.));
#14999=CARTESIAN_POINT('Origin',(2.42472609520849,0.0602055628400713,0.));
#15000=CARTESIAN_POINT('',(2.88472609520849,0.120411125680142,0.));
#15001=CARTESIAN_POINT('',(1.96472609520849,0.120411125680142,0.));
#15002=CARTESIAN_POINT('',(2.19472609520849,0.120411125680142,0.));
#15003=CARTESIAN_POINT('',(2.88472609520849,0.0903083442601069,0.));
#15004=CARTESIAN_POINT('',(0.,0.,0.));
#15005=CARTESIAN_POINT('',(1.96472609520849,0.0301027814200356,0.));
#15006=CARTESIAN_POINT('Origin',(2.88472609520849,0.120411125680142,0.));
#15007=CARTESIAN_POINT('',(2.88472609520849,0.120411125680142,-0.05));
#15008=CARTESIAN_POINT('',(2.88472609520849,0.120411125680142,0.));
#15009=CARTESIAN_POINT('',(2.88472609520849,0.,-0.05));
#15010=CARTESIAN_POINT('Origin',(1.96472609520849,0.120411125680142,0.));
#15011=CARTESIAN_POINT('',(1.96472609520849,0.120411125680142,-0.05));
#15012=CARTESIAN_POINT('',(1.96472609520849,0.120411125680142,0.));
#15013=CARTESIAN_POINT('',(4.50472609520849,0.120411125680142,-0.05));
#15014=CARTESIAN_POINT('Origin',(1.96472609520849,0.,0.));
#15015=CARTESIAN_POINT('',(1.96472609520849,-0.229588874319858,-0.05));
#15016=CARTESIAN_POINT('Origin',(3.23472609520849,5.82041112568014,0.));
#15017=CARTESIAN_POINT('',(3.23472609520849,5.82041112568014,0.));
#15018=CARTESIAN_POINT('Origin',(3.23472609520849,6.,0.));
#15019=CARTESIAN_POINT('Origin',(1.61472609520849,5.47041112568014,0.));
#15020=CARTESIAN_POINT('',(1.61472609520849,5.47041112568014,0.));
#15021=CARTESIAN_POINT('Origin',(4.50472609520849,5.47041112568014,0.));
#15022=CARTESIAN_POINT('Origin',(0.344726095208495,5.47041112568014,0.));
#15023=CARTESIAN_POINT('',(0.344726095208495,5.47041112568014,-0.05));
#15024=CARTESIAN_POINT('',(0.344726095208495,6.27041112568014,-0.05));
#15025=CARTESIAN_POINT('',(0.344726095208495,5.47041112568014,0.));
#15026=CARTESIAN_POINT('Origin',(0.694726095208494,5.47041112568014,0.));
#15027=CARTESIAN_POINT('',(0.694726095208494,5.47041112568014,-0.05));
#15028=CARTESIAN_POINT('',(0.344726095208495,5.47041112568014,-0.05));
#15029=CARTESIAN_POINT('',(0.694726095208494,5.47041112568014,0.));
#15030=CARTESIAN_POINT('Origin',(0.694726095208494,6.,0.));
#15031=CARTESIAN_POINT('',(0.694726095208494,6.,-0.05));
#15032=CARTESIAN_POINT('Origin',(0.519726095208494,5.73520556284007,-0.05));
#15033=CARTESIAN_POINT('Origin',(0.694726095208494,0.570411125680143,0.));
#15034=CARTESIAN_POINT('',(0.694726095208494,0.570411125680143,-0.05));
#15035=CARTESIAN_POINT('',(0.694726095208494,-0.229588874319858,-0.05));
#15036=CARTESIAN_POINT('',(0.694726095208494,0.570411125680143,0.));
#15037=CARTESIAN_POINT('Origin',(0.344726095208495,0.570411125680143,0.));
#15038=CARTESIAN_POINT('',(0.344726095208495,0.570411125680143,-0.05));
#15039=CARTESIAN_POINT('',(0.694726095208494,0.570411125680143,-0.05));
#15040=CARTESIAN_POINT('',(0.344726095208495,0.570411125680143,0.));
#15041=CARTESIAN_POINT('Origin',(0.344726095208495,0.,0.));
#15042=CARTESIAN_POINT('',(0.344726095208495,0.,-0.05));
#15043=CARTESIAN_POINT('Origin',(0.519726095208494,0.285205562840071,-0.05));
#15044=CARTESIAN_POINT('Origin',(3.23472609520849,0.120411125680143,0.));
#15045=CARTESIAN_POINT('',(3.23472609520849,0.120411125680142,0.));
#15046=CARTESIAN_POINT('',(3.23472609520849,1.56020556284007,0.));
#15047=CARTESIAN_POINT('',(3.23472609520849,0.120411125680142,-0.05));
#15048=CARTESIAN_POINT('',(3.23472609520849,-0.229588874319858,-0.05));
#15049=CARTESIAN_POINT('',(3.23472609520849,0.120411125680142,0.));
#15050=CARTESIAN_POINT('Origin',(4.15472609520849,0.120411125680142,0.));
#15051=CARTESIAN_POINT('',(4.15472609520849,0.120411125680142,0.));
#15052=CARTESIAN_POINT('',(3.32736304760425,0.120411125680143,0.));
#15053=CARTESIAN_POINT('',(4.15472609520849,0.120411125680142,-0.05));
#15054=CARTESIAN_POINT('',(4.50472609520849,0.120411125680142,-0.05));
#15055=CARTESIAN_POINT('',(4.15472609520849,0.120411125680142,0.));
#15056=CARTESIAN_POINT('Origin',(4.15472609520849,0.,0.));
#15057=CARTESIAN_POINT('',(4.15472609520849,1.5,0.));
#15058=CARTESIAN_POINT('',(4.15472609520849,0.,-0.05));
#15059=CARTESIAN_POINT('Origin',(4.50472609520849,0.570411125680143,0.));
#15060=CARTESIAN_POINT('',(4.50472609520849,0.570411125680143,-0.05));
#15061=CARTESIAN_POINT('',(4.50472609520849,-0.229588874319858,-0.05));
#15062=CARTESIAN_POINT('',(4.50472609520849,0.570411125680143,0.));
#15063=CARTESIAN_POINT('Origin',(1.61472609520849,0.570411125680143,0.));
#15064=CARTESIAN_POINT('',(1.61472609520849,0.570411125680143,-0.05));
#15065=CARTESIAN_POINT('',(1.61472609520849,0.570411125680143,-0.05));
#15066=CARTESIAN_POINT('',(1.61472609520849,0.570411125680143,0.));
#15067=CARTESIAN_POINT('Origin',(1.61472609520849,0.,0.));
#15068=CARTESIAN_POINT('',(1.61472609520849,0.,-0.05));
#15069=CARTESIAN_POINT('Origin',(3.05972609520849,0.285205562840071,-0.05));
#15070=CARTESIAN_POINT('Origin',(2.5,3.,0.));
#15071=CARTESIAN_POINT('',(0.,0.,0.));
#15072=CARTESIAN_POINT('Origin',(2.5,3.,0.8));
#15073=CARTESIAN_POINT('Origin',(2.88472609520849,0.,0.));
#15074=CARTESIAN_POINT('',(0.,0.,0.));
#15075=CARTESIAN_POINT('Origin',(0.,6.,0.));
#15076=UNCERTAINTY_MEASURE_WITH_UNIT(LENGTH_MEASURE(0.01),#15080,
'DISTANCE_ACCURACY_VALUE',
'Maximum model space distance between geometric entities at asserted c
onnectivities');
#15077=UNCERTAINTY_MEASURE_WITH_UNIT(LENGTH_MEASURE(0.01),#15080,
'DISTANCE_ACCURACY_VALUE',
'Maximum model space distance between geometric entities at asserted c
onnectivities');
#15078=(
GEOMETRIC_REPRESENTATION_CONTEXT(3)
GLOBAL_UNCERTAINTY_ASSIGNED_CONTEXT((#15076))
GLOBAL_UNIT_ASSIGNED_CONTEXT((#15080,#15082,#15083))
REPRESENTATION_CONTEXT('','3D')
);
#15079=(
GEOMETRIC_REPRESENTATION_CONTEXT(3)
GLOBAL_UNCERTAINTY_ASSIGNED_CONTEXT((#15077))
GLOBAL_UNIT_ASSIGNED_CONTEXT((#15080,#15082,#15083))
REPRESENTATION_CONTEXT('','3D')
);
#15080=(
LENGTH_UNIT()
NAMED_UNIT(*)
SI_UNIT(.MILLI.,.METRE.)
);
#15081=(
LENGTH_UNIT()
NAMED_UNIT(*)
SI_UNIT($,.METRE.)
);
#15082=(
NAMED_UNIT(*)
PLANE_ANGLE_UNIT()
SI_UNIT($,.RADIAN.)
);
#15083=(
NAMED_UNIT(*)
SI_UNIT($,.STERADIAN.)
SOLID_ANGLE_UNIT()
);
#15084=SHAPE_DEFINITION_REPRESENTATION(#15085,#15086);
#15085=PRODUCT_DEFINITION_SHAPE('',$,#15088);
#15086=SHAPE_REPRESENTATION('',(#7552),#15078);
#15087=PRODUCT_DEFINITION_CONTEXT('part definition',#15092,'design');
#15088=PRODUCT_DEFINITION(
'METUPowerLab_Transistors_MOSFETs_8-MLP(5x6)_FDMS8090',
'METUPowerLab_Transistors_MOSFETs_8-MLP(5x6)_FDMS8090 v1',#15089,#15087);
#15089=PRODUCT_DEFINITION_FORMATION('',$,#15094);
#15090=PRODUCT_RELATED_PRODUCT_CATEGORY(
'METUPowerLab_Transistors_MOSFETs_8-MLP(5x6)_FDMS8090 v1',
'METUPowerLab_Transistors_MOSFETs_8-MLP(5x6)_FDMS8090 v1',(#15094));
#15091=APPLICATION_PROTOCOL_DEFINITION('international standard',
'automotive_design',2009,#15092);
#15092=APPLICATION_CONTEXT(
'Core Data for Automotive Mechanical Design Process');
#15093=PRODUCT_CONTEXT('part definition',#15092,'mechanical');
#15094=PRODUCT('METUPowerLab_Transistors_MOSFETs_8-MLP(5x6)_FDMS8090',
'METUPowerLab_Transistors_MOSFETs_8-MLP(5x6)_FDMS8090 v1',$,(#15093));
#15095=PRESENTATION_STYLE_ASSIGNMENT((#15098));
#15096=PRESENTATION_STYLE_ASSIGNMENT((#15099));
#15097=PRESENTATION_STYLE_ASSIGNMENT((#15100));
#15098=SURFACE_STYLE_USAGE(.BOTH.,#15101);
#15099=SURFACE_STYLE_USAGE(.BOTH.,#15102);
#15100=SURFACE_STYLE_USAGE(.BOTH.,#15103);
#15101=SURFACE_SIDE_STYLE('',(#15104));
#15102=SURFACE_SIDE_STYLE('',(#15105));
#15103=SURFACE_SIDE_STYLE('',(#15106));
#15104=SURFACE_STYLE_FILL_AREA(#15107);
#15105=SURFACE_STYLE_FILL_AREA(#15108);
#15106=SURFACE_STYLE_FILL_AREA(#15109);
#15107=FILL_AREA_STYLE('Steel - Satin',(#15110));
#15108=FILL_AREA_STYLE('EPX 82 (with Carbon M2 M3 L1 3D Printers)',(#15111));
#15109=FILL_AREA_STYLE('ABS (White)',(#15112));
#15110=FILL_AREA_STYLE_COLOUR('Steel - Satin',#15113);
#15111=FILL_AREA_STYLE_COLOUR(
'EPX 82 (with Carbon M2 M3 L1 3D Printers)',#15114);
#15112=FILL_AREA_STYLE_COLOUR('ABS (White)',#15115);
#15113=COLOUR_RGB('Steel - Satin',0.627450980392157,0.627450980392157,0.627450980392157);
#15114=COLOUR_RGB('EPX 82 (with Carbon M2 M3 L1 3D Printers)',0.247058823529412,
0.247058823529412,0.247058823529412);
#15115=COLOUR_RGB('ABS (White)',0.964705882352941,0.964705882352941,0.952941176470588);
ENDSEC;
END-ISO-10303-21;
