ISO-10303-21;
HEADER;
/* Generated by software containing ST-Developer
 * from STEP Tools, Inc. (www.steptools.com) 
 */

FILE_DESCRIPTION(
/* description */ ('STEP AP242'),
/* implementation_level */ '2;1');

FILE_NAME(
/* name */ 'METUPowerLab_Connectors_PowerConnectors_2125201002.step',
/* time_stamp */ '2025-07-14T13:23:36+03:00',
/* author */ (''),
/* organization */ (''),
/* preprocessor_version */ 'ST-DEVELOPER v20.1',
/* originating_system */ 'Autodesk Translation Framework v14.10.0.0',
/* authorisation */ '');

FILE_SCHEMA (('AUTOMOTIVE_DESIGN { 1 0 10303 214 3 1 1 }'));
ENDSEC;

DATA;
#10=MECHANICAL_DESIGN_GEOMETRIC_PRESENTATION_REPRESENTATION('',(#14,#15,
#16,#17,#18,#19,#20,#21,#22,#23,#24,#25,#26,#27,#28,#29,#30,#31,#32,#33,
#34,#35,#36,#37,#38,#39,#40,#41,#42,#43,#44,#45,#46,#47,#48,#49,#50),#2818);
#11=SHAPE_REPRESENTATION_RELATIONSHIP('SRR','None',#2825,#12);
#12=ADVANCED_BREP_SHAPE_REPRESENTATION('',(#13),#2817);
#13=MANIFOLD_SOLID_BREP('Body1',#1767);
#14=STYLED_ITEM('',(#2836),#1720);
#15=STYLED_ITEM('',(#2836),#1721);
#16=STYLED_ITEM('',(#2836),#1722);
#17=STYLED_ITEM('',(#2836),#1723);
#18=STYLED_ITEM('',(#2836),#1724);
#19=STYLED_ITEM('',(#2836),#1725);
#20=STYLED_ITEM('',(#2836),#1726);
#21=STYLED_ITEM('',(#2836),#1727);
#22=STYLED_ITEM('',(#2836),#1728);
#23=STYLED_ITEM('',(#2836),#1729);
#24=STYLED_ITEM('',(#2836),#1730);
#25=STYLED_ITEM('',(#2836),#1731);
#26=STYLED_ITEM('',(#2836),#1732);
#27=STYLED_ITEM('',(#2836),#1733);
#28=STYLED_ITEM('',(#2836),#1734);
#29=STYLED_ITEM('',(#2836),#1735);
#30=STYLED_ITEM('',(#2836),#1736);
#31=STYLED_ITEM('',(#2836),#1737);
#32=STYLED_ITEM('',(#2836),#1738);
#33=STYLED_ITEM('',(#2836),#1739);
#34=STYLED_ITEM('',(#2836),#1748);
#35=STYLED_ITEM('',(#2836),#1749);
#36=STYLED_ITEM('',(#2836),#1750);
#37=STYLED_ITEM('',(#2836),#1751);
#38=STYLED_ITEM('',(#2836),#1752);
#39=STYLED_ITEM('',(#2836),#1753);
#40=STYLED_ITEM('',(#2836),#1754);
#41=STYLED_ITEM('',(#2836),#1755);
#42=STYLED_ITEM('',(#2836),#1756);
#43=STYLED_ITEM('',(#2836),#1757);
#44=STYLED_ITEM('',(#2836),#1758);
#45=STYLED_ITEM('',(#2836),#1759);
#46=STYLED_ITEM('',(#2836),#1760);
#47=STYLED_ITEM('',(#2836),#1761);
#48=STYLED_ITEM('',(#2836),#1762);
#49=STYLED_ITEM('',(#2836),#1763);
#50=STYLED_ITEM('',(#2835),#13);
#51=FACE_BOUND('',#696,.T.);
#52=FACE_BOUND('',#698,.T.);
#53=FACE_BOUND('',#699,.T.);
#54=FACE_BOUND('',#703,.T.);
#55=FACE_BOUND('',#705,.T.);
#56=PLANE('',#1790);
#57=PLANE('',#1793);
#58=PLANE('',#1794);
#59=PLANE('',#1795);
#60=PLANE('',#1796);
#61=PLANE('',#1797);
#62=PLANE('',#1798);
#63=PLANE('',#1799);
#64=PLANE('',#1800);
#65=PLANE('',#1801);
#66=PLANE('',#1806);
#67=PLANE('',#1807);
#68=PLANE('',#1808);
#69=PLANE('',#1809);
#70=PLANE('',#1810);
#71=PLANE('',#1811);
#72=PLANE('',#1812);
#73=PLANE('',#1813);
#74=PLANE('',#1814);
#75=PLANE('',#1815);
#76=PLANE('',#1816);
#77=PLANE('',#1817);
#78=PLANE('',#1818);
#79=PLANE('',#1819);
#80=PLANE('',#1820);
#81=PLANE('',#1821);
#82=PLANE('',#1822);
#83=PLANE('',#1823);
#84=PLANE('',#1824);
#85=PLANE('',#1825);
#86=PLANE('',#1826);
#87=PLANE('',#1827);
#88=PLANE('',#1828);
#89=PLANE('',#1829);
#90=PLANE('',#1830);
#91=PLANE('',#1831);
#92=PLANE('',#1832);
#93=PLANE('',#1833);
#94=PLANE('',#1834);
#95=PLANE('',#1835);
#96=PLANE('',#1836);
#97=PLANE('',#1837);
#98=PLANE('',#1838);
#99=PLANE('',#1839);
#100=PLANE('',#1840);
#101=PLANE('',#1841);
#102=PLANE('',#1842);
#103=PLANE('',#1843);
#104=PLANE('',#1844);
#105=PLANE('',#1845);
#106=PLANE('',#1846);
#107=PLANE('',#1847);
#108=PLANE('',#1848);
#109=PLANE('',#1849);
#110=PLANE('',#1850);
#111=PLANE('',#1851);
#112=PLANE('',#1852);
#113=PLANE('',#1853);
#114=PLANE('',#1854);
#115=PLANE('',#1855);
#116=PLANE('',#1856);
#117=PLANE('',#1857);
#118=PLANE('',#1858);
#119=PLANE('',#1859);
#120=PLANE('',#1860);
#121=PLANE('',#1861);
#122=PLANE('',#1862);
#123=PLANE('',#1863);
#124=PLANE('',#1864);
#125=PLANE('',#1865);
#126=PLANE('',#1866);
#127=PLANE('',#1867);
#128=PLANE('',#1868);
#129=PLANE('',#1869);
#130=PLANE('',#1870);
#131=PLANE('',#1871);
#132=PLANE('',#1872);
#133=PLANE('',#1873);
#134=PLANE('',#1874);
#135=PLANE('',#1875);
#136=PLANE('',#1876);
#137=PLANE('',#1877);
#138=PLANE('',#1878);
#139=PLANE('',#1879);
#140=PLANE('',#1880);
#141=PLANE('',#1881);
#142=PLANE('',#1882);
#143=PLANE('',#1883);
#144=PLANE('',#1884);
#145=PLANE('',#1885);
#146=CYLINDRICAL_SURFACE('',#1787,0.75);
#147=CYLINDRICAL_SURFACE('',#1802,0.199999999999996);
#148=CYLINDRICAL_SURFACE('',#1804,0.199999999999996);
#149=LINE('',#2349,#373);
#150=LINE('',#2353,#374);
#151=LINE('',#2356,#375);
#152=LINE('',#2358,#376);
#153=LINE('',#2363,#377);
#154=LINE('',#2367,#378);
#155=LINE('',#2369,#379);
#156=LINE('',#2371,#380);
#157=LINE('',#2375,#381);
#158=LINE('',#2376,#382);
#159=LINE('',#2379,#383);
#160=LINE('',#2381,#384);
#161=LINE('',#2383,#385);
#162=LINE('',#2385,#386);
#163=LINE('',#2387,#387);
#164=LINE('',#2389,#388);
#165=LINE('',#2391,#389);
#166=LINE('',#2393,#390);
#167=LINE('',#2394,#391);
#168=LINE('',#2397,#392);
#169=LINE('',#2399,#393);
#170=LINE('',#2401,#394);
#171=LINE('',#2403,#395);
#172=LINE('',#2405,#396);
#173=LINE('',#2407,#397);
#174=LINE('',#2409,#398);
#175=LINE('',#2411,#399);
#176=LINE('',#2413,#400);
#177=LINE('',#2415,#401);
#178=LINE('',#2416,#402);
#179=LINE('',#2419,#403);
#180=LINE('',#2421,#404);
#181=LINE('',#2423,#405);
#182=LINE('',#2424,#406);
#183=LINE('',#2427,#407);
#184=LINE('',#2429,#408);
#185=LINE('',#2431,#409);
#186=LINE('',#2432,#410);
#187=LINE('',#2435,#411);
#188=LINE('',#2436,#412);
#189=LINE('',#2439,#413);
#190=LINE('',#2440,#414);
#191=LINE('',#2444,#415);
#192=LINE('',#2446,#416);
#193=LINE('',#2448,#417);
#194=LINE('',#2450,#418);
#195=LINE('',#2451,#419);
#196=LINE('',#2454,#420);
#197=LINE('',#2456,#421);
#198=LINE('',#2458,#422);
#199=LINE('',#2459,#423);
#200=LINE('',#2463,#424);
#201=LINE('',#2465,#425);
#202=LINE('',#2467,#426);
#203=LINE('',#2468,#427);
#204=LINE('',#2471,#428);
#205=LINE('',#2473,#429);
#206=LINE('',#2475,#430);
#207=LINE('',#2476,#431);
#208=LINE('',#2479,#432);
#209=LINE('',#2481,#433);
#210=LINE('',#2482,#434);
#211=LINE('',#2484,#435);
#212=LINE('',#2486,#436);
#213=LINE('',#2487,#437);
#214=LINE('',#2489,#438);
#215=LINE('',#2491,#439);
#216=LINE('',#2492,#440);
#217=LINE('',#2496,#441);
#218=LINE('',#2498,#442);
#219=LINE('',#2499,#443);
#220=LINE('',#2501,#444);
#221=LINE('',#2503,#445);
#222=LINE('',#2504,#446);
#223=LINE('',#2506,#447);
#224=LINE('',#2508,#448);
#225=LINE('',#2510,#449);
#226=LINE('',#2511,#450);
#227=LINE('',#2514,#451);
#228=LINE('',#2516,#452);
#229=LINE('',#2517,#453);
#230=LINE('',#2519,#454);
#231=LINE('',#2521,#455);
#232=LINE('',#2522,#456);
#233=LINE('',#2524,#457);
#234=LINE('',#2526,#458);
#235=LINE('',#2528,#459);
#236=LINE('',#2530,#460);
#237=LINE('',#2532,#461);
#238=LINE('',#2533,#462);
#239=LINE('',#2536,#463);
#240=LINE('',#2537,#464);
#241=LINE('',#2539,#465);
#242=LINE('',#2540,#466);
#243=LINE('',#2542,#467);
#244=LINE('',#2544,#468);
#245=LINE('',#2545,#469);
#246=LINE('',#2552,#470);
#247=LINE('',#2554,#471);
#248=LINE('',#2555,#472);
#249=LINE('',#2558,#473);
#250=LINE('',#2560,#474);
#251=LINE('',#2561,#475);
#252=LINE('',#2564,#476);
#253=LINE('',#2566,#477);
#254=LINE('',#2567,#478);
#255=LINE('',#2569,#479);
#256=LINE('',#2570,#480);
#257=LINE('',#2575,#481);
#258=LINE('',#2577,#482);
#259=LINE('',#2578,#483);
#260=LINE('',#2580,#484);
#261=LINE('',#2582,#485);
#262=LINE('',#2586,#486);
#263=LINE('',#2587,#487);
#264=LINE('',#2590,#488);
#265=LINE('',#2591,#489);
#266=LINE('',#2593,#490);
#267=LINE('',#2597,#491);
#268=LINE('',#2598,#492);
#269=LINE('',#2600,#493);
#270=LINE('',#2604,#494);
#271=LINE('',#2605,#495);
#272=LINE('',#2607,#496);
#273=LINE('',#2610,#497);
#274=LINE('',#2614,#498);
#275=LINE('',#2615,#499);
#276=LINE('',#2617,#500);
#277=LINE('',#2621,#501);
#278=LINE('',#2623,#502);
#279=LINE('',#2624,#503);
#280=LINE('',#2627,#504);
#281=LINE('',#2628,#505);
#282=LINE('',#2632,#506);
#283=LINE('',#2634,#507);
#284=LINE('',#2635,#508);
#285=LINE('',#2636,#509);
#286=LINE('',#2639,#510);
#287=LINE('',#2641,#511);
#288=LINE('',#2642,#512);
#289=LINE('',#2643,#513);
#290=LINE('',#2646,#514);
#291=LINE('',#2648,#515);
#292=LINE('',#2650,#516);
#293=LINE('',#2651,#517);
#294=LINE('',#2654,#518);
#295=LINE('',#2655,#519);
#296=LINE('',#2658,#520);
#297=LINE('',#2659,#521);
#298=LINE('',#2661,#522);
#299=LINE('',#2665,#523);
#300=LINE('',#2667,#524);
#301=LINE('',#2669,#525);
#302=LINE('',#2670,#526);
#303=LINE('',#2673,#527);
#304=LINE('',#2675,#528);
#305=LINE('',#2676,#529);
#306=LINE('',#2679,#530);
#307=LINE('',#2680,#531);
#308=LINE('',#2683,#532);
#309=LINE('',#2684,#533);
#310=LINE('',#2686,#534);
#311=LINE('',#2689,#535);
#312=LINE('',#2691,#536);
#313=LINE('',#2692,#537);
#314=LINE('',#2695,#538);
#315=LINE('',#2696,#539);
#316=LINE('',#2699,#540);
#317=LINE('',#2700,#541);
#318=LINE('',#2702,#542);
#319=LINE('',#2706,#543);
#320=LINE('',#2708,#544);
#321=LINE('',#2710,#545);
#322=LINE('',#2711,#546);
#323=LINE('',#2715,#547);
#324=LINE('',#2717,#548);
#325=LINE('',#2719,#549);
#326=LINE('',#2720,#550);
#327=LINE('',#2723,#551);
#328=LINE('',#2725,#552);
#329=LINE('',#2726,#553);
#330=LINE('',#2729,#554);
#331=LINE('',#2730,#555);
#332=LINE('',#2733,#556);
#333=LINE('',#2734,#557);
#334=LINE('',#2736,#558);
#335=LINE('',#2739,#559);
#336=LINE('',#2741,#560);
#337=LINE('',#2742,#561);
#338=LINE('',#2745,#562);
#339=LINE('',#2746,#563);
#340=LINE('',#2749,#564);
#341=LINE('',#2750,#565);
#342=LINE('',#2752,#566);
#343=LINE('',#2756,#567);
#344=LINE('',#2758,#568);
#345=LINE('',#2760,#569);
#346=LINE('',#2761,#570);
#347=LINE('',#2763,#571);
#348=LINE('',#2764,#572);
#349=LINE('',#2766,#573);
#350=LINE('',#2768,#574);
#351=LINE('',#2770,#575);
#352=LINE('',#2772,#576);
#353=LINE('',#2774,#577);
#354=LINE('',#2776,#578);
#355=LINE('',#2777,#579);
#356=LINE('',#2780,#580);
#357=LINE('',#2781,#581);
#358=LINE('',#2783,#582);
#359=LINE('',#2785,#583);
#360=LINE('',#2788,#584);
#361=LINE('',#2789,#585);
#362=LINE('',#2791,#586);
#363=LINE('',#2793,#587);
#364=LINE('',#2796,#588);
#365=LINE('',#2797,#589);
#366=LINE('',#2799,#590);
#367=LINE('',#2801,#591);
#368=LINE('',#2804,#592);
#369=LINE('',#2805,#593);
#370=LINE('',#2807,#594);
#371=LINE('',#2809,#595);
#372=LINE('',#2813,#596);
#373=VECTOR('',#1898,0.609999999999999);
#374=VECTOR('',#1903,0.75);
#375=VECTOR('',#1906,1.);
#376=VECTOR('',#1907,1.);
#377=VECTOR('',#1912,1.);
#378=VECTOR('',#1915,1.);
#379=VECTOR('',#1916,1.);
#380=VECTOR('',#1917,1.);
#381=VECTOR('',#1920,1.);
#382=VECTOR('',#1921,1.);
#383=VECTOR('',#1922,1.);
#384=VECTOR('',#1923,1.);
#385=VECTOR('',#1924,1.);
#386=VECTOR('',#1925,1.);
#387=VECTOR('',#1926,1.);
#388=VECTOR('',#1927,1.);
#389=VECTOR('',#1928,1.);
#390=VECTOR('',#1929,1.);
#391=VECTOR('',#1930,1.);
#392=VECTOR('',#1933,1.);
#393=VECTOR('',#1934,1.);
#394=VECTOR('',#1935,1.);
#395=VECTOR('',#1936,1.);
#396=VECTOR('',#1937,1.);
#397=VECTOR('',#1938,1.);
#398=VECTOR('',#1939,1.);
#399=VECTOR('',#1940,1.);
#400=VECTOR('',#1941,1.);
#401=VECTOR('',#1942,1.);
#402=VECTOR('',#1943,1.);
#403=VECTOR('',#1944,1.);
#404=VECTOR('',#1945,1.);
#405=VECTOR('',#1946,1.);
#406=VECTOR('',#1947,1.);
#407=VECTOR('',#1948,1.);
#408=VECTOR('',#1949,1.);
#409=VECTOR('',#1950,1.);
#410=VECTOR('',#1951,1.);
#411=VECTOR('',#1954,1.);
#412=VECTOR('',#1955,1.);
#413=VECTOR('',#1958,1.);
#414=VECTOR('',#1959,1.);
#415=VECTOR('',#1962,1.);
#416=VECTOR('',#1963,1.);
#417=VECTOR('',#1964,1.);
#418=VECTOR('',#1965,1.);
#419=VECTOR('',#1966,1.);
#420=VECTOR('',#1967,1.);
#421=VECTOR('',#1968,1.);
#422=VECTOR('',#1969,1.);
#423=VECTOR('',#1970,1.);
#424=VECTOR('',#1973,1.);
#425=VECTOR('',#1974,1.);
#426=VECTOR('',#1975,1.);
#427=VECTOR('',#1976,1.);
#428=VECTOR('',#1977,1.);
#429=VECTOR('',#1978,1.);
#430=VECTOR('',#1979,1.);
#431=VECTOR('',#1980,1.);
#432=VECTOR('',#1983,1.);
#433=VECTOR('',#1984,1.);
#434=VECTOR('',#1985,1.);
#435=VECTOR('',#1986,1.);
#436=VECTOR('',#1987,1.);
#437=VECTOR('',#1988,1.);
#438=VECTOR('',#1989,1.);
#439=VECTOR('',#1990,1.);
#440=VECTOR('',#1991,1.);
#441=VECTOR('',#1994,1.);
#442=VECTOR('',#1995,1.);
#443=VECTOR('',#1996,1.);
#444=VECTOR('',#1997,1.);
#445=VECTOR('',#1998,1.);
#446=VECTOR('',#1999,1.);
#447=VECTOR('',#2000,1.);
#448=VECTOR('',#2001,1.);
#449=VECTOR('',#2002,1.);
#450=VECTOR('',#2003,1.);
#451=VECTOR('',#2006,1.);
#452=VECTOR('',#2007,1.);
#453=VECTOR('',#2008,1.);
#454=VECTOR('',#2009,1.);
#455=VECTOR('',#2010,1.);
#456=VECTOR('',#2011,1.);
#457=VECTOR('',#2012,1.);
#458=VECTOR('',#2013,1.);
#459=VECTOR('',#2014,1.);
#460=VECTOR('',#2015,1.);
#461=VECTOR('',#2016,1.);
#462=VECTOR('',#2017,1.);
#463=VECTOR('',#2020,1.);
#464=VECTOR('',#2021,1.);
#465=VECTOR('',#2022,1.);
#466=VECTOR('',#2023,1.);
#467=VECTOR('',#2024,1.);
#468=VECTOR('',#2025,1.);
#469=VECTOR('',#2026,1.);
#470=VECTOR('',#2037,1.);
#471=VECTOR('',#2038,1.);
#472=VECTOR('',#2039,1.);
#473=VECTOR('',#2042,1.);
#474=VECTOR('',#2043,1.);
#475=VECTOR('',#2044,1.);
#476=VECTOR('',#2047,1.);
#477=VECTOR('',#2048,1.);
#478=VECTOR('',#2049,1.);
#479=VECTOR('',#2052,1.);
#480=VECTOR('',#2053,1.);
#481=VECTOR('',#2060,1.);
#482=VECTOR('',#2061,1.);
#483=VECTOR('',#2062,1.);
#484=VECTOR('',#2065,1.);
#485=VECTOR('',#2068,1.);
#486=VECTOR('',#2073,1.);
#487=VECTOR('',#2074,1.);
#488=VECTOR('',#2077,1.);
#489=VECTOR('',#2078,1.);
#490=VECTOR('',#2081,1.);
#491=VECTOR('',#2086,1.);
#492=VECTOR('',#2087,1.);
#493=VECTOR('',#2090,1.);
#494=VECTOR('',#2095,1.);
#495=VECTOR('',#2096,1.);
#496=VECTOR('',#2099,1.);
#497=VECTOR('',#2104,1.);
#498=VECTOR('',#2109,1.);
#499=VECTOR('',#2110,1.);
#500=VECTOR('',#2113,1.);
#501=VECTOR('',#2118,1.);
#502=VECTOR('',#2119,1.);
#503=VECTOR('',#2120,1.);
#504=VECTOR('',#2123,1.);
#505=VECTOR('',#2124,1.);
#506=VECTOR('',#2127,1.);
#507=VECTOR('',#2128,1.);
#508=VECTOR('',#2129,1.);
#509=VECTOR('',#2130,1.);
#510=VECTOR('',#2133,1.);
#511=VECTOR('',#2134,1.);
#512=VECTOR('',#2135,1.);
#513=VECTOR('',#2136,1.);
#514=VECTOR('',#2139,1.);
#515=VECTOR('',#2140,1.);
#516=VECTOR('',#2141,1.);
#517=VECTOR('',#2142,1.);
#518=VECTOR('',#2145,1.);
#519=VECTOR('',#2146,1.);
#520=VECTOR('',#2149,1.);
#521=VECTOR('',#2150,1.);
#522=VECTOR('',#2153,1.);
#523=VECTOR('',#2156,1.);
#524=VECTOR('',#2157,1.);
#525=VECTOR('',#2158,1.);
#526=VECTOR('',#2159,1.);
#527=VECTOR('',#2162,1.);
#528=VECTOR('',#2163,1.);
#529=VECTOR('',#2164,1.);
#530=VECTOR('',#2167,1.);
#531=VECTOR('',#2168,1.);
#532=VECTOR('',#2171,1.);
#533=VECTOR('',#2172,1.);
#534=VECTOR('',#2175,1.);
#535=VECTOR('',#2178,1.);
#536=VECTOR('',#2179,1.);
#537=VECTOR('',#2180,1.);
#538=VECTOR('',#2183,1.);
#539=VECTOR('',#2184,1.);
#540=VECTOR('',#2187,1.);
#541=VECTOR('',#2188,1.);
#542=VECTOR('',#2191,1.);
#543=VECTOR('',#2194,1.);
#544=VECTOR('',#2195,1.);
#545=VECTOR('',#2196,1.);
#546=VECTOR('',#2197,1.);
#547=VECTOR('',#2200,1.);
#548=VECTOR('',#2201,1.);
#549=VECTOR('',#2202,1.);
#550=VECTOR('',#2203,1.);
#551=VECTOR('',#2206,1.);
#552=VECTOR('',#2207,1.);
#553=VECTOR('',#2208,1.);
#554=VECTOR('',#2211,1.);
#555=VECTOR('',#2212,1.);
#556=VECTOR('',#2215,1.);
#557=VECTOR('',#2216,1.);
#558=VECTOR('',#2219,1.);
#559=VECTOR('',#2222,1.);
#560=VECTOR('',#2223,1.);
#561=VECTOR('',#2224,1.);
#562=VECTOR('',#2227,1.);
#563=VECTOR('',#2228,1.);
#564=VECTOR('',#2231,1.);
#565=VECTOR('',#2232,1.);
#566=VECTOR('',#2235,1.);
#567=VECTOR('',#2238,1.);
#568=VECTOR('',#2239,1.);
#569=VECTOR('',#2240,1.);
#570=VECTOR('',#2241,1.);
#571=VECTOR('',#2244,1.);
#572=VECTOR('',#2245,1.);
#573=VECTOR('',#2248,1.);
#574=VECTOR('',#2251,1.);
#575=VECTOR('',#2254,1.);
#576=VECTOR('',#2257,1.);
#577=VECTOR('',#2260,1.);
#578=VECTOR('',#2263,1.);
#579=VECTOR('',#2264,1.);
#580=VECTOR('',#2269,1.);
#581=VECTOR('',#2270,1.);
#582=VECTOR('',#2273,1.);
#583=VECTOR('',#2276,1.);
#584=VECTOR('',#2281,1.);
#585=VECTOR('',#2282,1.);
#586=VECTOR('',#2285,1.);
#587=VECTOR('',#2288,1.);
#588=VECTOR('',#2293,1.);
#589=VECTOR('',#2294,1.);
#590=VECTOR('',#2297,1.);
#591=VECTOR('',#2300,0.999999999999999);
#592=VECTOR('',#2305,1.);
#593=VECTOR('',#2306,1.);
#594=VECTOR('',#2309,1.);
#595=VECTOR('',#2312,1.);
#596=VECTOR('',#2319,1.);
#597=FACE_OUTER_BOUND('',#692,.T.);
#598=FACE_OUTER_BOUND('',#693,.T.);
#599=FACE_OUTER_BOUND('',#694,.T.);
#600=FACE_OUTER_BOUND('',#695,.T.);
#601=FACE_OUTER_BOUND('',#697,.T.);
#602=FACE_OUTER_BOUND('',#700,.T.);
#603=FACE_OUTER_BOUND('',#701,.T.);
#604=FACE_OUTER_BOUND('',#702,.T.);
#605=FACE_OUTER_BOUND('',#704,.T.);
#606=FACE_OUTER_BOUND('',#706,.T.);
#607=FACE_OUTER_BOUND('',#707,.T.);
#608=FACE_OUTER_BOUND('',#708,.T.);
#609=FACE_OUTER_BOUND('',#709,.T.);
#610=FACE_OUTER_BOUND('',#710,.T.);
#611=FACE_OUTER_BOUND('',#711,.T.);
#612=FACE_OUTER_BOUND('',#712,.T.);
#613=FACE_OUTER_BOUND('',#713,.T.);
#614=FACE_OUTER_BOUND('',#714,.T.);
#615=FACE_OUTER_BOUND('',#715,.T.);
#616=FACE_OUTER_BOUND('',#716,.T.);
#617=FACE_OUTER_BOUND('',#717,.T.);
#618=FACE_OUTER_BOUND('',#718,.T.);
#619=FACE_OUTER_BOUND('',#719,.T.);
#620=FACE_OUTER_BOUND('',#720,.T.);
#621=FACE_OUTER_BOUND('',#721,.T.);
#622=FACE_OUTER_BOUND('',#722,.T.);
#623=FACE_OUTER_BOUND('',#723,.T.);
#624=FACE_OUTER_BOUND('',#724,.T.);
#625=FACE_OUTER_BOUND('',#725,.T.);
#626=FACE_OUTER_BOUND('',#726,.T.);
#627=FACE_OUTER_BOUND('',#727,.T.);
#628=FACE_OUTER_BOUND('',#728,.T.);
#629=FACE_OUTER_BOUND('',#729,.T.);
#630=FACE_OUTER_BOUND('',#730,.T.);
#631=FACE_OUTER_BOUND('',#731,.T.);
#632=FACE_OUTER_BOUND('',#732,.T.);
#633=FACE_OUTER_BOUND('',#733,.T.);
#634=FACE_OUTER_BOUND('',#734,.T.);
#635=FACE_OUTER_BOUND('',#735,.T.);
#636=FACE_OUTER_BOUND('',#736,.T.);
#637=FACE_OUTER_BOUND('',#737,.T.);
#638=FACE_OUTER_BOUND('',#738,.T.);
#639=FACE_OUTER_BOUND('',#739,.T.);
#640=FACE_OUTER_BOUND('',#740,.T.);
#641=FACE_OUTER_BOUND('',#741,.T.);
#642=FACE_OUTER_BOUND('',#742,.T.);
#643=FACE_OUTER_BOUND('',#743,.T.);
#644=FACE_OUTER_BOUND('',#744,.T.);
#645=FACE_OUTER_BOUND('',#745,.T.);
#646=FACE_OUTER_BOUND('',#746,.T.);
#647=FACE_OUTER_BOUND('',#747,.T.);
#648=FACE_OUTER_BOUND('',#748,.T.);
#649=FACE_OUTER_BOUND('',#749,.T.);
#650=FACE_OUTER_BOUND('',#750,.T.);
#651=FACE_OUTER_BOUND('',#751,.T.);
#652=FACE_OUTER_BOUND('',#752,.T.);
#653=FACE_OUTER_BOUND('',#753,.T.);
#654=FACE_OUTER_BOUND('',#754,.T.);
#655=FACE_OUTER_BOUND('',#755,.T.);
#656=FACE_OUTER_BOUND('',#756,.T.);
#657=FACE_OUTER_BOUND('',#757,.T.);
#658=FACE_OUTER_BOUND('',#758,.T.);
#659=FACE_OUTER_BOUND('',#759,.T.);
#660=FACE_OUTER_BOUND('',#760,.T.);
#661=FACE_OUTER_BOUND('',#761,.T.);
#662=FACE_OUTER_BOUND('',#762,.T.);
#663=FACE_OUTER_BOUND('',#763,.T.);
#664=FACE_OUTER_BOUND('',#764,.T.);
#665=FACE_OUTER_BOUND('',#765,.T.);
#666=FACE_OUTER_BOUND('',#766,.T.);
#667=FACE_OUTER_BOUND('',#767,.T.);
#668=FACE_OUTER_BOUND('',#768,.T.);
#669=FACE_OUTER_BOUND('',#769,.T.);
#670=FACE_OUTER_BOUND('',#770,.T.);
#671=FACE_OUTER_BOUND('',#771,.T.);
#672=FACE_OUTER_BOUND('',#772,.T.);
#673=FACE_OUTER_BOUND('',#773,.T.);
#674=FACE_OUTER_BOUND('',#774,.T.);
#675=FACE_OUTER_BOUND('',#775,.T.);
#676=FACE_OUTER_BOUND('',#776,.T.);
#677=FACE_OUTER_BOUND('',#777,.T.);
#678=FACE_OUTER_BOUND('',#778,.T.);
#679=FACE_OUTER_BOUND('',#779,.T.);
#680=FACE_OUTER_BOUND('',#780,.T.);
#681=FACE_OUTER_BOUND('',#781,.T.);
#682=FACE_OUTER_BOUND('',#782,.T.);
#683=FACE_OUTER_BOUND('',#783,.T.);
#684=FACE_OUTER_BOUND('',#784,.T.);
#685=FACE_OUTER_BOUND('',#785,.T.);
#686=FACE_OUTER_BOUND('',#786,.T.);
#687=FACE_OUTER_BOUND('',#787,.T.);
#688=FACE_OUTER_BOUND('',#788,.T.);
#689=FACE_OUTER_BOUND('',#789,.T.);
#690=FACE_OUTER_BOUND('',#790,.T.);
#691=FACE_OUTER_BOUND('',#791,.T.);
#692=EDGE_LOOP('',(#1194,#1195,#1196,#1197,#1198,#1199));
#693=EDGE_LOOP('',(#1200,#1201,#1202,#1203));
#694=EDGE_LOOP('',(#1204,#1205,#1206,#1207,#1208,#1209,#1210,#1211));
#695=EDGE_LOOP('',(#1212,#1213,#1214,#1215,#1216,#1217,#1218,#1219));
#696=EDGE_LOOP('',(#1220,#1221,#1222,#1223,#1224,#1225,#1226,#1227,#1228));
#697=EDGE_LOOP('',(#1229,#1230,#1231,#1232,#1233,#1234,#1235,#1236,#1237,
#1238,#1239,#1240));
#698=EDGE_LOOP('',(#1241,#1242,#1243,#1244));
#699=EDGE_LOOP('',(#1245,#1246,#1247,#1248));
#700=EDGE_LOOP('',(#1249,#1250,#1251,#1252));
#701=EDGE_LOOP('',(#1253,#1254,#1255,#1256));
#702=EDGE_LOOP('',(#1257,#1258,#1259,#1260,#1261));
#703=EDGE_LOOP('',(#1262,#1263,#1264,#1265));
#704=EDGE_LOOP('',(#1266,#1267,#1268,#1269));
#705=EDGE_LOOP('',(#1270,#1271,#1272,#1273));
#706=EDGE_LOOP('',(#1274,#1275,#1276,#1277,#1278,#1279,#1280,#1281,#1282,
#1283,#1284,#1285));
#707=EDGE_LOOP('',(#1286,#1287,#1288,#1289,#1290,#1291,#1292,#1293,#1294,
#1295,#1296,#1297));
#708=EDGE_LOOP('',(#1298,#1299,#1300,#1301,#1302,#1303,#1304,#1305,#1306,
#1307,#1308,#1309,#1310,#1311,#1312,#1313));
#709=EDGE_LOOP('',(#1314,#1315,#1316,#1317,#1318,#1319,#1320,#1321,#1322,
#1323,#1324,#1325,#1326));
#710=EDGE_LOOP('',(#1327,#1328,#1329,#1330));
#711=EDGE_LOOP('',(#1331,#1332,#1333,#1334));
#712=EDGE_LOOP('',(#1335,#1336,#1337,#1338));
#713=EDGE_LOOP('',(#1339,#1340,#1341,#1342));
#714=EDGE_LOOP('',(#1343,#1344,#1345,#1346));
#715=EDGE_LOOP('',(#1347,#1348,#1349,#1350));
#716=EDGE_LOOP('',(#1351,#1352,#1353,#1354,#1355));
#717=EDGE_LOOP('',(#1356,#1357,#1358,#1359,#1360));
#718=EDGE_LOOP('',(#1361,#1362,#1363,#1364));
#719=EDGE_LOOP('',(#1365,#1366,#1367,#1368));
#720=EDGE_LOOP('',(#1369,#1370,#1371,#1372));
#721=EDGE_LOOP('',(#1373,#1374,#1375,#1376));
#722=EDGE_LOOP('',(#1377,#1378,#1379,#1380));
#723=EDGE_LOOP('',(#1381,#1382,#1383,#1384));
#724=EDGE_LOOP('',(#1385,#1386,#1387,#1388));
#725=EDGE_LOOP('',(#1389,#1390,#1391,#1392));
#726=EDGE_LOOP('',(#1393,#1394,#1395,#1396));
#727=EDGE_LOOP('',(#1397,#1398,#1399,#1400));
#728=EDGE_LOOP('',(#1401,#1402,#1403,#1404,#1405));
#729=EDGE_LOOP('',(#1406,#1407,#1408,#1409));
#730=EDGE_LOOP('',(#1410,#1411,#1412,#1413));
#731=EDGE_LOOP('',(#1414,#1415,#1416,#1417));
#732=EDGE_LOOP('',(#1418,#1419,#1420,#1421,#1422));
#733=EDGE_LOOP('',(#1423,#1424,#1425,#1426,#1427,#1428,#1429,#1430));
#734=EDGE_LOOP('',(#1431,#1432,#1433,#1434));
#735=EDGE_LOOP('',(#1435,#1436,#1437,#1438));
#736=EDGE_LOOP('',(#1439,#1440,#1441,#1442));
#737=EDGE_LOOP('',(#1443,#1444,#1445,#1446));
#738=EDGE_LOOP('',(#1447,#1448,#1449,#1450));
#739=EDGE_LOOP('',(#1451,#1452,#1453,#1454,#1455,#1456));
#740=EDGE_LOOP('',(#1457,#1458,#1459,#1460,#1461,#1462,#1463,#1464));
#741=EDGE_LOOP('',(#1465,#1466,#1467,#1468,#1469,#1470));
#742=EDGE_LOOP('',(#1471,#1472,#1473,#1474));
#743=EDGE_LOOP('',(#1475,#1476,#1477,#1478));
#744=EDGE_LOOP('',(#1479,#1480,#1481,#1482));
#745=EDGE_LOOP('',(#1483,#1484,#1485,#1486));
#746=EDGE_LOOP('',(#1487,#1488,#1489,#1490));
#747=EDGE_LOOP('',(#1491,#1492,#1493,#1494));
#748=EDGE_LOOP('',(#1495,#1496,#1497,#1498));
#749=EDGE_LOOP('',(#1499,#1500,#1501,#1502));
#750=EDGE_LOOP('',(#1503,#1504,#1505,#1506));
#751=EDGE_LOOP('',(#1507,#1508,#1509,#1510));
#752=EDGE_LOOP('',(#1511,#1512,#1513,#1514));
#753=EDGE_LOOP('',(#1515,#1516,#1517,#1518));
#754=EDGE_LOOP('',(#1519,#1520,#1521,#1522));
#755=EDGE_LOOP('',(#1523,#1524,#1525,#1526));
#756=EDGE_LOOP('',(#1527,#1528,#1529,#1530));
#757=EDGE_LOOP('',(#1531,#1532,#1533,#1534));
#758=EDGE_LOOP('',(#1535,#1536,#1537,#1538));
#759=EDGE_LOOP('',(#1539,#1540,#1541,#1542));
#760=EDGE_LOOP('',(#1543,#1544,#1545,#1546));
#761=EDGE_LOOP('',(#1547,#1548,#1549,#1550));
#762=EDGE_LOOP('',(#1551,#1552,#1553,#1554));
#763=EDGE_LOOP('',(#1555,#1556,#1557,#1558));
#764=EDGE_LOOP('',(#1559,#1560,#1561,#1562));
#765=EDGE_LOOP('',(#1563,#1564,#1565,#1566));
#766=EDGE_LOOP('',(#1567,#1568,#1569,#1570));
#767=EDGE_LOOP('',(#1571,#1572,#1573,#1574));
#768=EDGE_LOOP('',(#1575,#1576,#1577,#1578));
#769=EDGE_LOOP('',(#1579,#1580,#1581,#1582));
#770=EDGE_LOOP('',(#1583,#1584,#1585,#1586));
#771=EDGE_LOOP('',(#1587,#1588,#1589,#1590));
#772=EDGE_LOOP('',(#1591,#1592,#1593,#1594));
#773=EDGE_LOOP('',(#1595,#1596,#1597,#1598));
#774=EDGE_LOOP('',(#1599,#1600,#1601,#1602));
#775=EDGE_LOOP('',(#1603,#1604,#1605,#1606));
#776=EDGE_LOOP('',(#1607,#1608,#1609,#1610));
#777=EDGE_LOOP('',(#1611,#1612,#1613,#1614));
#778=EDGE_LOOP('',(#1615,#1616,#1617,#1618));
#779=EDGE_LOOP('',(#1619,#1620,#1621,#1622));
#780=EDGE_LOOP('',(#1623,#1624,#1625,#1626));
#781=EDGE_LOOP('',(#1627,#1628,#1629,#1630));
#782=EDGE_LOOP('',(#1631,#1632,#1633,#1634));
#783=EDGE_LOOP('',(#1635,#1636,#1637,#1638));
#784=EDGE_LOOP('',(#1639,#1640,#1641,#1642));
#785=EDGE_LOOP('',(#1643,#1644,#1645,#1646));
#786=EDGE_LOOP('',(#1647,#1648,#1649,#1650));
#787=EDGE_LOOP('',(#1651,#1652,#1653,#1654));
#788=EDGE_LOOP('',(#1655,#1656,#1657,#1658));
#789=EDGE_LOOP('',(#1659));
#790=EDGE_LOOP('',(#1660,#1661,#1662,#1663,#1664,#1665));
#791=EDGE_LOOP('',(#1666,#1667,#1668,#1669));
#792=(
BOUNDED_CURVE()
B_SPLINE_CURVE(2,(#2333,#2334,#2335),.UNSPECIFIED.,.F.,.F.)
B_SPLINE_CURVE_WITH_KNOTS((3,3),(-0.364150047443052,-0.270458907323562),
 .UNSPECIFIED.)
CURVE()
GEOMETRIC_REPRESENTATION_ITEM()
RATIONAL_B_SPLINE_CURVE((1.23809912207892,1.3910369857595,1.4495155700827))
REPRESENTATION_ITEM('')
);
#793=(
BOUNDED_CURVE()
B_SPLINE_CURVE(2,(#2339,#2340,#2341),.UNSPECIFIED.,.F.,.F.)
B_SPLINE_CURVE_WITH_KNOTS((3,3),(1.34067039994383,1.96486975181367),
 .UNSPECIFIED.)
CURVE()
GEOMETRIC_REPRESENTATION_ITEM()
RATIONAL_B_SPLINE_CURVE((4.1009914292425,4.28124631607244,3.95714285354948))
REPRESENTATION_ITEM('')
);
#794=(
BOUNDED_CURVE()
B_SPLINE_CURVE(2,(#2342,#2343,#2344),.UNSPECIFIED.,.F.,.F.)
B_SPLINE_CURVE_WITH_KNOTS((3,3),(0.201510291199924,0.247262247773753),
 .UNSPECIFIED.)
CURVE()
GEOMETRIC_REPRESENTATION_ITEM()
RATIONAL_B_SPLINE_CURVE((1.23245064133891,1.20967174568754,1.16456644339927))
REPRESENTATION_ITEM('')
);
#795=B_SPLINE_CURVE_WITH_KNOTS('',3,(#2328,#2329,#2330,#2331),
 .UNSPECIFIED.,.F.,.F.,(4,4),(0.,1.),.UNSPECIFIED.);
#796=CIRCLE('',#1782,0.75);
#797=CIRCLE('',#1783,1.05);
#798=CIRCLE('',#1785,0.75);
#799=CIRCLE('',#1786,0.609999999999999);
#800=CIRCLE('',#1788,0.75);
#801=CIRCLE('',#1789,0.75);
#802=CIRCLE('',#1791,0.199999999999996);
#803=CIRCLE('',#1792,0.199999999999996);
#804=CIRCLE('',#1803,0.199999999999996);
#805=CIRCLE('',#1805,0.199999999999996);
#806=VERTEX_POINT('',#2324);
#807=VERTEX_POINT('',#2325);
#808=VERTEX_POINT('',#2327);
#809=VERTEX_POINT('',#2332);
#810=VERTEX_POINT('',#2336);
#811=VERTEX_POINT('',#2338);
#812=VERTEX_POINT('',#2346);
#813=VERTEX_POINT('',#2348);
#814=VERTEX_POINT('',#2352);
#815=VERTEX_POINT('',#2354);
#816=VERTEX_POINT('',#2357);
#817=VERTEX_POINT('',#2361);
#818=VERTEX_POINT('',#2362);
#819=VERTEX_POINT('',#2364);
#820=VERTEX_POINT('',#2366);
#821=VERTEX_POINT('',#2368);
#822=VERTEX_POINT('',#2370);
#823=VERTEX_POINT('',#2372);
#824=VERTEX_POINT('',#2374);
#825=VERTEX_POINT('',#2377);
#826=VERTEX_POINT('',#2378);
#827=VERTEX_POINT('',#2380);
#828=VERTEX_POINT('',#2382);
#829=VERTEX_POINT('',#2384);
#830=VERTEX_POINT('',#2386);
#831=VERTEX_POINT('',#2388);
#832=VERTEX_POINT('',#2390);
#833=VERTEX_POINT('',#2392);
#834=VERTEX_POINT('',#2396);
#835=VERTEX_POINT('',#2398);
#836=VERTEX_POINT('',#2400);
#837=VERTEX_POINT('',#2402);
#838=VERTEX_POINT('',#2404);
#839=VERTEX_POINT('',#2406);
#840=VERTEX_POINT('',#2408);
#841=VERTEX_POINT('',#2410);
#842=VERTEX_POINT('',#2412);
#843=VERTEX_POINT('',#2414);
#844=VERTEX_POINT('',#2417);
#845=VERTEX_POINT('',#2418);
#846=VERTEX_POINT('',#2420);
#847=VERTEX_POINT('',#2422);
#848=VERTEX_POINT('',#2425);
#849=VERTEX_POINT('',#2426);
#850=VERTEX_POINT('',#2428);
#851=VERTEX_POINT('',#2430);
#852=VERTEX_POINT('',#2434);
#853=VERTEX_POINT('',#2438);
#854=VERTEX_POINT('',#2442);
#855=VERTEX_POINT('',#2443);
#856=VERTEX_POINT('',#2445);
#857=VERTEX_POINT('',#2447);
#858=VERTEX_POINT('',#2449);
#859=VERTEX_POINT('',#2452);
#860=VERTEX_POINT('',#2453);
#861=VERTEX_POINT('',#2455);
#862=VERTEX_POINT('',#2457);
#863=VERTEX_POINT('',#2461);
#864=VERTEX_POINT('',#2462);
#865=VERTEX_POINT('',#2464);
#866=VERTEX_POINT('',#2466);
#867=VERTEX_POINT('',#2469);
#868=VERTEX_POINT('',#2470);
#869=VERTEX_POINT('',#2472);
#870=VERTEX_POINT('',#2474);
#871=VERTEX_POINT('',#2478);
#872=VERTEX_POINT('',#2480);
#873=VERTEX_POINT('',#2483);
#874=VERTEX_POINT('',#2485);
#875=VERTEX_POINT('',#2488);
#876=VERTEX_POINT('',#2490);
#877=VERTEX_POINT('',#2494);
#878=VERTEX_POINT('',#2495);
#879=VERTEX_POINT('',#2497);
#880=VERTEX_POINT('',#2500);
#881=VERTEX_POINT('',#2502);
#882=VERTEX_POINT('',#2505);
#883=VERTEX_POINT('',#2507);
#884=VERTEX_POINT('',#2509);
#885=VERTEX_POINT('',#2513);
#886=VERTEX_POINT('',#2515);
#887=VERTEX_POINT('',#2518);
#888=VERTEX_POINT('',#2520);
#889=VERTEX_POINT('',#2523);
#890=VERTEX_POINT('',#2525);
#891=VERTEX_POINT('',#2527);
#892=VERTEX_POINT('',#2529);
#893=VERTEX_POINT('',#2531);
#894=VERTEX_POINT('',#2535);
#895=VERTEX_POINT('',#2538);
#896=VERTEX_POINT('',#2541);
#897=VERTEX_POINT('',#2543);
#898=VERTEX_POINT('',#2551);
#899=VERTEX_POINT('',#2553);
#900=VERTEX_POINT('',#2557);
#901=VERTEX_POINT('',#2559);
#902=VERTEX_POINT('',#2563);
#903=VERTEX_POINT('',#2565);
#904=VERTEX_POINT('',#2574);
#905=VERTEX_POINT('',#2576);
#906=VERTEX_POINT('',#2585);
#907=VERTEX_POINT('',#2589);
#908=VERTEX_POINT('',#2596);
#909=VERTEX_POINT('',#2603);
#910=VERTEX_POINT('',#2613);
#911=VERTEX_POINT('',#2620);
#912=VERTEX_POINT('',#2622);
#913=VERTEX_POINT('',#2626);
#914=VERTEX_POINT('',#2630);
#915=VERTEX_POINT('',#2631);
#916=VERTEX_POINT('',#2633);
#917=VERTEX_POINT('',#2638);
#918=VERTEX_POINT('',#2640);
#919=VERTEX_POINT('',#2645);
#920=VERTEX_POINT('',#2647);
#921=VERTEX_POINT('',#2649);
#922=VERTEX_POINT('',#2653);
#923=VERTEX_POINT('',#2657);
#924=VERTEX_POINT('',#2663);
#925=VERTEX_POINT('',#2664);
#926=VERTEX_POINT('',#2666);
#927=VERTEX_POINT('',#2668);
#928=VERTEX_POINT('',#2672);
#929=VERTEX_POINT('',#2674);
#930=VERTEX_POINT('',#2678);
#931=VERTEX_POINT('',#2682);
#932=VERTEX_POINT('',#2688);
#933=VERTEX_POINT('',#2690);
#934=VERTEX_POINT('',#2694);
#935=VERTEX_POINT('',#2698);
#936=VERTEX_POINT('',#2704);
#937=VERTEX_POINT('',#2705);
#938=VERTEX_POINT('',#2707);
#939=VERTEX_POINT('',#2709);
#940=VERTEX_POINT('',#2713);
#941=VERTEX_POINT('',#2714);
#942=VERTEX_POINT('',#2716);
#943=VERTEX_POINT('',#2718);
#944=VERTEX_POINT('',#2722);
#945=VERTEX_POINT('',#2724);
#946=VERTEX_POINT('',#2728);
#947=VERTEX_POINT('',#2732);
#948=VERTEX_POINT('',#2738);
#949=VERTEX_POINT('',#2740);
#950=VERTEX_POINT('',#2744);
#951=VERTEX_POINT('',#2748);
#952=VERTEX_POINT('',#2754);
#953=VERTEX_POINT('',#2755);
#954=VERTEX_POINT('',#2757);
#955=VERTEX_POINT('',#2759);
#956=EDGE_CURVE('',#806,#807,#796,.T.);
#957=EDGE_CURVE('',#808,#806,#795,.T.);
#958=EDGE_CURVE('',#809,#808,#792,.T.);
#959=EDGE_CURVE('',#810,#809,#797,.T.);
#960=EDGE_CURVE('',#811,#810,#793,.T.);
#961=EDGE_CURVE('',#807,#811,#794,.T.);
#962=EDGE_CURVE('',#812,#812,#798,.T.);
#963=EDGE_CURVE('',#812,#813,#149,.T.);
#964=EDGE_CURVE('',#813,#813,#799,.T.);
#965=EDGE_CURVE('',#812,#814,#150,.T.);
#966=EDGE_CURVE('',#815,#814,#800,.T.);
#967=EDGE_CURVE('',#815,#806,#151,.T.);
#968=EDGE_CURVE('',#807,#816,#152,.T.);
#969=EDGE_CURVE('',#814,#816,#801,.T.);
#970=EDGE_CURVE('',#817,#818,#153,.T.);
#971=EDGE_CURVE('',#819,#818,#802,.T.);
#972=EDGE_CURVE('',#819,#820,#154,.T.);
#973=EDGE_CURVE('',#820,#821,#155,.T.);
#974=EDGE_CURVE('',#821,#822,#156,.T.);
#975=EDGE_CURVE('',#823,#822,#803,.T.);
#976=EDGE_CURVE('',#823,#824,#157,.T.);
#977=EDGE_CURVE('',#824,#817,#158,.T.);
#978=EDGE_CURVE('',#825,#826,#159,.T.);
#979=EDGE_CURVE('',#826,#827,#160,.T.);
#980=EDGE_CURVE('',#827,#828,#161,.T.);
#981=EDGE_CURVE('',#828,#829,#162,.T.);
#982=EDGE_CURVE('',#829,#830,#163,.T.);
#983=EDGE_CURVE('',#830,#831,#164,.T.);
#984=EDGE_CURVE('',#831,#832,#165,.T.);
#985=EDGE_CURVE('',#832,#833,#166,.T.);
#986=EDGE_CURVE('',#833,#825,#167,.T.);
#987=EDGE_CURVE('',#810,#834,#168,.T.);
#988=EDGE_CURVE('',#835,#809,#169,.T.);
#989=EDGE_CURVE('',#836,#835,#170,.T.);
#990=EDGE_CURVE('',#837,#836,#171,.T.);
#991=EDGE_CURVE('',#838,#837,#172,.T.);
#992=EDGE_CURVE('',#839,#838,#173,.T.);
#993=EDGE_CURVE('',#840,#839,#174,.T.);
#994=EDGE_CURVE('',#841,#840,#175,.T.);
#995=EDGE_CURVE('',#842,#841,#176,.T.);
#996=EDGE_CURVE('',#843,#842,#177,.T.);
#997=EDGE_CURVE('',#834,#843,#178,.T.);
#998=EDGE_CURVE('',#844,#845,#179,.T.);
#999=EDGE_CURVE('',#845,#846,#180,.T.);
#1000=EDGE_CURVE('',#846,#847,#181,.T.);
#1001=EDGE_CURVE('',#847,#844,#182,.T.);
#1002=EDGE_CURVE('',#848,#849,#183,.T.);
#1003=EDGE_CURVE('',#849,#850,#184,.T.);
#1004=EDGE_CURVE('',#850,#851,#185,.T.);
#1005=EDGE_CURVE('',#851,#848,#186,.T.);
#1006=EDGE_CURVE('',#852,#811,#187,.T.);
#1007=EDGE_CURVE('',#816,#852,#188,.T.);
#1008=EDGE_CURVE('',#853,#808,#189,.T.);
#1009=EDGE_CURVE('',#853,#815,#190,.T.);
#1010=EDGE_CURVE('',#854,#855,#191,.T.);
#1011=EDGE_CURVE('',#856,#854,#192,.T.);
#1012=EDGE_CURVE('',#857,#856,#193,.T.);
#1013=EDGE_CURVE('',#858,#857,#194,.T.);
#1014=EDGE_CURVE('',#855,#858,#195,.T.);
#1015=EDGE_CURVE('',#859,#860,#196,.T.);
#1016=EDGE_CURVE('',#860,#861,#197,.T.);
#1017=EDGE_CURVE('',#861,#862,#198,.T.);
#1018=EDGE_CURVE('',#862,#859,#199,.T.);
#1019=EDGE_CURVE('',#863,#864,#200,.T.);
#1020=EDGE_CURVE('',#865,#863,#201,.T.);
#1021=EDGE_CURVE('',#866,#865,#202,.T.);
#1022=EDGE_CURVE('',#864,#866,#203,.T.);
#1023=EDGE_CURVE('',#867,#868,#204,.T.);
#1024=EDGE_CURVE('',#868,#869,#205,.T.);
#1025=EDGE_CURVE('',#869,#870,#206,.T.);
#1026=EDGE_CURVE('',#870,#867,#207,.T.);
#1027=EDGE_CURVE('',#871,#835,#208,.T.);
#1028=EDGE_CURVE('',#872,#871,#209,.T.);
#1029=EDGE_CURVE('',#822,#872,#210,.T.);
#1030=EDGE_CURVE('',#821,#873,#211,.T.);
#1031=EDGE_CURVE('',#874,#873,#212,.T.);
#1032=EDGE_CURVE('',#820,#874,#213,.T.);
#1033=EDGE_CURVE('',#819,#875,#214,.T.);
#1034=EDGE_CURVE('',#876,#875,#215,.T.);
#1035=EDGE_CURVE('',#876,#836,#216,.T.);
#1036=EDGE_CURVE('',#877,#878,#217,.T.);
#1037=EDGE_CURVE('',#879,#877,#218,.T.);
#1038=EDGE_CURVE('',#879,#839,#219,.T.);
#1039=EDGE_CURVE('',#880,#838,#220,.T.);
#1040=EDGE_CURVE('',#881,#880,#221,.T.);
#1041=EDGE_CURVE('',#818,#881,#222,.T.);
#1042=EDGE_CURVE('',#882,#817,#223,.T.);
#1043=EDGE_CURVE('',#883,#882,#224,.T.);
#1044=EDGE_CURVE('',#884,#883,#225,.T.);
#1045=EDGE_CURVE('',#884,#878,#226,.T.);
#1046=EDGE_CURVE('',#885,#842,#227,.T.);
#1047=EDGE_CURVE('',#886,#841,#228,.T.);
#1048=EDGE_CURVE('',#877,#886,#229,.T.);
#1049=EDGE_CURVE('',#887,#878,#230,.T.);
#1050=EDGE_CURVE('',#887,#888,#231,.T.);
#1051=EDGE_CURVE('',#882,#888,#232,.T.);
#1052=EDGE_CURVE('',#889,#824,#233,.T.);
#1053=EDGE_CURVE('',#890,#889,#234,.T.);
#1054=EDGE_CURVE('',#891,#890,#235,.T.);
#1055=EDGE_CURVE('',#892,#891,#236,.T.);
#1056=EDGE_CURVE('',#893,#892,#237,.T.);
#1057=EDGE_CURVE('',#885,#893,#238,.T.);
#1058=EDGE_CURVE('',#823,#894,#239,.T.);
#1059=EDGE_CURVE('',#852,#894,#240,.T.);
#1060=EDGE_CURVE('',#895,#834,#241,.T.);
#1061=EDGE_CURVE('',#893,#895,#242,.T.);
#1062=EDGE_CURVE('',#896,#892,#243,.T.);
#1063=EDGE_CURVE('',#897,#896,#244,.T.);
#1064=EDGE_CURVE('',#897,#889,#245,.T.);
#1065=EDGE_CURVE('',#894,#872,#804,.T.);
#1066=EDGE_CURVE('',#875,#881,#805,.T.);
#1067=EDGE_CURVE('',#898,#821,#246,.T.);
#1068=EDGE_CURVE('',#899,#820,#247,.T.);
#1069=EDGE_CURVE('',#899,#898,#248,.T.);
#1070=EDGE_CURVE('',#900,#898,#249,.T.);
#1071=EDGE_CURVE('',#901,#899,#250,.T.);
#1072=EDGE_CURVE('',#901,#900,#251,.T.);
#1073=EDGE_CURVE('',#873,#902,#252,.T.);
#1074=EDGE_CURVE('',#903,#902,#253,.T.);
#1075=EDGE_CURVE('',#874,#903,#254,.T.);
#1076=EDGE_CURVE('',#902,#900,#255,.T.);
#1077=EDGE_CURVE('',#903,#901,#256,.T.);
#1078=EDGE_CURVE('',#904,#890,#257,.T.);
#1079=EDGE_CURVE('',#905,#904,#258,.T.);
#1080=EDGE_CURVE('',#905,#891,#259,.T.);
#1081=EDGE_CURVE('',#904,#897,#260,.T.);
#1082=EDGE_CURVE('',#896,#905,#261,.T.);
#1083=EDGE_CURVE('',#906,#888,#262,.T.);
#1084=EDGE_CURVE('',#883,#906,#263,.T.);
#1085=EDGE_CURVE('',#907,#887,#264,.T.);
#1086=EDGE_CURVE('',#906,#907,#265,.T.);
#1087=EDGE_CURVE('',#907,#884,#266,.T.);
#1088=EDGE_CURVE('',#908,#837,#267,.T.);
#1089=EDGE_CURVE('',#880,#908,#268,.T.);
#1090=EDGE_CURVE('',#908,#876,#269,.T.);
#1091=EDGE_CURVE('',#909,#840,#270,.T.);
#1092=EDGE_CURVE('',#886,#909,#271,.T.);
#1093=EDGE_CURVE('',#909,#879,#272,.T.);
#1094=EDGE_CURVE('',#871,#853,#273,.T.);
#1095=EDGE_CURVE('',#910,#885,#274,.T.);
#1096=EDGE_CURVE('',#910,#843,#275,.T.);
#1097=EDGE_CURVE('',#895,#910,#276,.T.);
#1098=EDGE_CURVE('',#911,#863,#277,.T.);
#1099=EDGE_CURVE('',#911,#912,#278,.T.);
#1100=EDGE_CURVE('',#912,#865,#279,.T.);
#1101=EDGE_CURVE('',#912,#913,#280,.T.);
#1102=EDGE_CURVE('',#913,#866,#281,.T.);
#1103=EDGE_CURVE('',#914,#915,#282,.T.);
#1104=EDGE_CURVE('',#915,#916,#283,.T.);
#1105=EDGE_CURVE('',#916,#864,#284,.T.);
#1106=EDGE_CURVE('',#913,#914,#285,.T.);
#1107=EDGE_CURVE('',#917,#911,#286,.T.);
#1108=EDGE_CURVE('',#916,#918,#287,.T.);
#1109=EDGE_CURVE('',#918,#854,#288,.T.);
#1110=EDGE_CURVE('',#917,#855,#289,.T.);
#1111=EDGE_CURVE('',#919,#918,#290,.T.);
#1112=EDGE_CURVE('',#919,#920,#291,.T.);
#1113=EDGE_CURVE('',#920,#921,#292,.T.);
#1114=EDGE_CURVE('',#921,#856,#293,.T.);
#1115=EDGE_CURVE('',#921,#922,#294,.T.);
#1116=EDGE_CURVE('',#922,#857,#295,.T.);
#1117=EDGE_CURVE('',#922,#923,#296,.T.);
#1118=EDGE_CURVE('',#923,#858,#297,.T.);
#1119=EDGE_CURVE('',#923,#917,#298,.T.);
#1120=EDGE_CURVE('',#924,#925,#299,.T.);
#1121=EDGE_CURVE('',#925,#926,#300,.T.);
#1122=EDGE_CURVE('',#926,#927,#301,.T.);
#1123=EDGE_CURVE('',#927,#924,#302,.T.);
#1124=EDGE_CURVE('',#867,#928,#303,.T.);
#1125=EDGE_CURVE('',#928,#929,#304,.T.);
#1126=EDGE_CURVE('',#868,#929,#305,.T.);
#1127=EDGE_CURVE('',#870,#930,#306,.T.);
#1128=EDGE_CURVE('',#930,#928,#307,.T.);
#1129=EDGE_CURVE('',#869,#931,#308,.T.);
#1130=EDGE_CURVE('',#931,#930,#309,.T.);
#1131=EDGE_CURVE('',#929,#931,#310,.T.);
#1132=EDGE_CURVE('',#932,#849,#311,.T.);
#1133=EDGE_CURVE('',#932,#933,#312,.T.);
#1134=EDGE_CURVE('',#933,#850,#313,.T.);
#1135=EDGE_CURVE('',#934,#848,#314,.T.);
#1136=EDGE_CURVE('',#934,#932,#315,.T.);
#1137=EDGE_CURVE('',#935,#851,#316,.T.);
#1138=EDGE_CURVE('',#935,#934,#317,.T.);
#1139=EDGE_CURVE('',#933,#935,#318,.T.);
#1140=EDGE_CURVE('',#936,#937,#319,.T.);
#1141=EDGE_CURVE('',#937,#938,#320,.T.);
#1142=EDGE_CURVE('',#938,#939,#321,.T.);
#1143=EDGE_CURVE('',#939,#936,#322,.T.);
#1144=EDGE_CURVE('',#940,#941,#323,.T.);
#1145=EDGE_CURVE('',#941,#942,#324,.T.);
#1146=EDGE_CURVE('',#942,#943,#325,.T.);
#1147=EDGE_CURVE('',#943,#940,#326,.T.);
#1148=EDGE_CURVE('',#859,#944,#327,.T.);
#1149=EDGE_CURVE('',#944,#945,#328,.T.);
#1150=EDGE_CURVE('',#860,#945,#329,.T.);
#1151=EDGE_CURVE('',#862,#946,#330,.T.);
#1152=EDGE_CURVE('',#946,#944,#331,.T.);
#1153=EDGE_CURVE('',#861,#947,#332,.T.);
#1154=EDGE_CURVE('',#947,#946,#333,.T.);
#1155=EDGE_CURVE('',#945,#947,#334,.T.);
#1156=EDGE_CURVE('',#948,#845,#335,.T.);
#1157=EDGE_CURVE('',#948,#949,#336,.T.);
#1158=EDGE_CURVE('',#949,#846,#337,.T.);
#1159=EDGE_CURVE('',#950,#844,#338,.T.);
#1160=EDGE_CURVE('',#950,#948,#339,.T.);
#1161=EDGE_CURVE('',#951,#847,#340,.T.);
#1162=EDGE_CURVE('',#951,#950,#341,.T.);
#1163=EDGE_CURVE('',#949,#951,#342,.T.);
#1164=EDGE_CURVE('',#952,#953,#343,.T.);
#1165=EDGE_CURVE('',#953,#954,#344,.T.);
#1166=EDGE_CURVE('',#954,#955,#345,.T.);
#1167=EDGE_CURVE('',#955,#952,#346,.T.);
#1168=EDGE_CURVE('',#827,#923,#347,.T.);
#1169=EDGE_CURVE('',#917,#826,#348,.T.);
#1170=EDGE_CURVE('',#911,#825,#349,.T.);
#1171=EDGE_CURVE('',#828,#922,#350,.T.);
#1172=EDGE_CURVE('',#829,#921,#351,.T.);
#1173=EDGE_CURVE('',#830,#920,#352,.T.);
#1174=EDGE_CURVE('',#912,#833,#353,.T.);
#1175=EDGE_CURVE('',#914,#831,#354,.T.);
#1176=EDGE_CURVE('',#832,#913,#355,.T.);
#1177=EDGE_CURVE('',#940,#947,#356,.T.);
#1178=EDGE_CURVE('',#946,#943,#357,.T.);
#1179=EDGE_CURVE('',#944,#942,#358,.T.);
#1180=EDGE_CURVE('',#941,#945,#359,.T.);
#1181=EDGE_CURVE('',#924,#931,#360,.T.);
#1182=EDGE_CURVE('',#930,#927,#361,.T.);
#1183=EDGE_CURVE('',#928,#926,#362,.T.);
#1184=EDGE_CURVE('',#925,#929,#363,.T.);
#1185=EDGE_CURVE('',#948,#955,#364,.T.);
#1186=EDGE_CURVE('',#952,#950,#365,.T.);
#1187=EDGE_CURVE('',#953,#951,#366,.T.);
#1188=EDGE_CURVE('',#949,#954,#367,.T.);
#1189=EDGE_CURVE('',#932,#939,#368,.T.);
#1190=EDGE_CURVE('',#936,#934,#369,.T.);
#1191=EDGE_CURVE('',#937,#935,#370,.T.);
#1192=EDGE_CURVE('',#933,#938,#371,.T.);
#1193=EDGE_CURVE('',#919,#915,#372,.T.);
#1194=ORIENTED_EDGE('',*,*,#956,.F.);
#1195=ORIENTED_EDGE('',*,*,#957,.F.);
#1196=ORIENTED_EDGE('',*,*,#958,.F.);
#1197=ORIENTED_EDGE('',*,*,#959,.F.);
#1198=ORIENTED_EDGE('',*,*,#960,.F.);
#1199=ORIENTED_EDGE('',*,*,#961,.F.);
#1200=ORIENTED_EDGE('',*,*,#962,.F.);
#1201=ORIENTED_EDGE('',*,*,#963,.T.);
#1202=ORIENTED_EDGE('',*,*,#964,.F.);
#1203=ORIENTED_EDGE('',*,*,#963,.F.);
#1204=ORIENTED_EDGE('',*,*,#962,.T.);
#1205=ORIENTED_EDGE('',*,*,#965,.T.);
#1206=ORIENTED_EDGE('',*,*,#966,.F.);
#1207=ORIENTED_EDGE('',*,*,#967,.T.);
#1208=ORIENTED_EDGE('',*,*,#956,.T.);
#1209=ORIENTED_EDGE('',*,*,#968,.T.);
#1210=ORIENTED_EDGE('',*,*,#969,.F.);
#1211=ORIENTED_EDGE('',*,*,#965,.F.);
#1212=ORIENTED_EDGE('',*,*,#970,.T.);
#1213=ORIENTED_EDGE('',*,*,#971,.F.);
#1214=ORIENTED_EDGE('',*,*,#972,.T.);
#1215=ORIENTED_EDGE('',*,*,#973,.T.);
#1216=ORIENTED_EDGE('',*,*,#974,.T.);
#1217=ORIENTED_EDGE('',*,*,#975,.F.);
#1218=ORIENTED_EDGE('',*,*,#976,.T.);
#1219=ORIENTED_EDGE('',*,*,#977,.T.);
#1220=ORIENTED_EDGE('',*,*,#978,.T.);
#1221=ORIENTED_EDGE('',*,*,#979,.T.);
#1222=ORIENTED_EDGE('',*,*,#980,.T.);
#1223=ORIENTED_EDGE('',*,*,#981,.T.);
#1224=ORIENTED_EDGE('',*,*,#982,.T.);
#1225=ORIENTED_EDGE('',*,*,#983,.T.);
#1226=ORIENTED_EDGE('',*,*,#984,.T.);
#1227=ORIENTED_EDGE('',*,*,#985,.T.);
#1228=ORIENTED_EDGE('',*,*,#986,.T.);
#1229=ORIENTED_EDGE('',*,*,#987,.F.);
#1230=ORIENTED_EDGE('',*,*,#959,.T.);
#1231=ORIENTED_EDGE('',*,*,#988,.F.);
#1232=ORIENTED_EDGE('',*,*,#989,.F.);
#1233=ORIENTED_EDGE('',*,*,#990,.F.);
#1234=ORIENTED_EDGE('',*,*,#991,.F.);
#1235=ORIENTED_EDGE('',*,*,#992,.F.);
#1236=ORIENTED_EDGE('',*,*,#993,.F.);
#1237=ORIENTED_EDGE('',*,*,#994,.F.);
#1238=ORIENTED_EDGE('',*,*,#995,.F.);
#1239=ORIENTED_EDGE('',*,*,#996,.F.);
#1240=ORIENTED_EDGE('',*,*,#997,.F.);
#1241=ORIENTED_EDGE('',*,*,#998,.T.);
#1242=ORIENTED_EDGE('',*,*,#999,.T.);
#1243=ORIENTED_EDGE('',*,*,#1000,.T.);
#1244=ORIENTED_EDGE('',*,*,#1001,.T.);
#1245=ORIENTED_EDGE('',*,*,#1002,.T.);
#1246=ORIENTED_EDGE('',*,*,#1003,.T.);
#1247=ORIENTED_EDGE('',*,*,#1004,.T.);
#1248=ORIENTED_EDGE('',*,*,#1005,.T.);
#1249=ORIENTED_EDGE('',*,*,#968,.F.);
#1250=ORIENTED_EDGE('',*,*,#961,.T.);
#1251=ORIENTED_EDGE('',*,*,#1006,.F.);
#1252=ORIENTED_EDGE('',*,*,#1007,.F.);
#1253=ORIENTED_EDGE('',*,*,#1008,.T.);
#1254=ORIENTED_EDGE('',*,*,#957,.T.);
#1255=ORIENTED_EDGE('',*,*,#967,.F.);
#1256=ORIENTED_EDGE('',*,*,#1009,.F.);
#1257=ORIENTED_EDGE('',*,*,#1010,.F.);
#1258=ORIENTED_EDGE('',*,*,#1011,.F.);
#1259=ORIENTED_EDGE('',*,*,#1012,.F.);
#1260=ORIENTED_EDGE('',*,*,#1013,.F.);
#1261=ORIENTED_EDGE('',*,*,#1014,.F.);
#1262=ORIENTED_EDGE('',*,*,#1015,.T.);
#1263=ORIENTED_EDGE('',*,*,#1016,.T.);
#1264=ORIENTED_EDGE('',*,*,#1017,.T.);
#1265=ORIENTED_EDGE('',*,*,#1018,.T.);
#1266=ORIENTED_EDGE('',*,*,#1019,.F.);
#1267=ORIENTED_EDGE('',*,*,#1020,.F.);
#1268=ORIENTED_EDGE('',*,*,#1021,.F.);
#1269=ORIENTED_EDGE('',*,*,#1022,.F.);
#1270=ORIENTED_EDGE('',*,*,#1023,.T.);
#1271=ORIENTED_EDGE('',*,*,#1024,.T.);
#1272=ORIENTED_EDGE('',*,*,#1025,.T.);
#1273=ORIENTED_EDGE('',*,*,#1026,.T.);
#1274=ORIENTED_EDGE('',*,*,#989,.T.);
#1275=ORIENTED_EDGE('',*,*,#1027,.F.);
#1276=ORIENTED_EDGE('',*,*,#1028,.F.);
#1277=ORIENTED_EDGE('',*,*,#1029,.F.);
#1278=ORIENTED_EDGE('',*,*,#974,.F.);
#1279=ORIENTED_EDGE('',*,*,#1030,.T.);
#1280=ORIENTED_EDGE('',*,*,#1031,.F.);
#1281=ORIENTED_EDGE('',*,*,#1032,.F.);
#1282=ORIENTED_EDGE('',*,*,#972,.F.);
#1283=ORIENTED_EDGE('',*,*,#1033,.T.);
#1284=ORIENTED_EDGE('',*,*,#1034,.F.);
#1285=ORIENTED_EDGE('',*,*,#1035,.T.);
#1286=ORIENTED_EDGE('',*,*,#1036,.F.);
#1287=ORIENTED_EDGE('',*,*,#1037,.F.);
#1288=ORIENTED_EDGE('',*,*,#1038,.T.);
#1289=ORIENTED_EDGE('',*,*,#992,.T.);
#1290=ORIENTED_EDGE('',*,*,#1039,.F.);
#1291=ORIENTED_EDGE('',*,*,#1040,.F.);
#1292=ORIENTED_EDGE('',*,*,#1041,.F.);
#1293=ORIENTED_EDGE('',*,*,#970,.F.);
#1294=ORIENTED_EDGE('',*,*,#1042,.F.);
#1295=ORIENTED_EDGE('',*,*,#1043,.F.);
#1296=ORIENTED_EDGE('',*,*,#1044,.F.);
#1297=ORIENTED_EDGE('',*,*,#1045,.T.);
#1298=ORIENTED_EDGE('',*,*,#1046,.T.);
#1299=ORIENTED_EDGE('',*,*,#995,.T.);
#1300=ORIENTED_EDGE('',*,*,#1047,.F.);
#1301=ORIENTED_EDGE('',*,*,#1048,.F.);
#1302=ORIENTED_EDGE('',*,*,#1036,.T.);
#1303=ORIENTED_EDGE('',*,*,#1049,.F.);
#1304=ORIENTED_EDGE('',*,*,#1050,.T.);
#1305=ORIENTED_EDGE('',*,*,#1051,.F.);
#1306=ORIENTED_EDGE('',*,*,#1042,.T.);
#1307=ORIENTED_EDGE('',*,*,#977,.F.);
#1308=ORIENTED_EDGE('',*,*,#1052,.F.);
#1309=ORIENTED_EDGE('',*,*,#1053,.F.);
#1310=ORIENTED_EDGE('',*,*,#1054,.F.);
#1311=ORIENTED_EDGE('',*,*,#1055,.F.);
#1312=ORIENTED_EDGE('',*,*,#1056,.F.);
#1313=ORIENTED_EDGE('',*,*,#1057,.F.);
#1314=ORIENTED_EDGE('',*,*,#1058,.T.);
#1315=ORIENTED_EDGE('',*,*,#1059,.F.);
#1316=ORIENTED_EDGE('',*,*,#1006,.T.);
#1317=ORIENTED_EDGE('',*,*,#960,.T.);
#1318=ORIENTED_EDGE('',*,*,#987,.T.);
#1319=ORIENTED_EDGE('',*,*,#1060,.F.);
#1320=ORIENTED_EDGE('',*,*,#1061,.F.);
#1321=ORIENTED_EDGE('',*,*,#1056,.T.);
#1322=ORIENTED_EDGE('',*,*,#1062,.F.);
#1323=ORIENTED_EDGE('',*,*,#1063,.F.);
#1324=ORIENTED_EDGE('',*,*,#1064,.T.);
#1325=ORIENTED_EDGE('',*,*,#1052,.T.);
#1326=ORIENTED_EDGE('',*,*,#976,.F.);
#1327=ORIENTED_EDGE('',*,*,#1029,.T.);
#1328=ORIENTED_EDGE('',*,*,#1065,.F.);
#1329=ORIENTED_EDGE('',*,*,#1058,.F.);
#1330=ORIENTED_EDGE('',*,*,#975,.T.);
#1331=ORIENTED_EDGE('',*,*,#1041,.T.);
#1332=ORIENTED_EDGE('',*,*,#1066,.F.);
#1333=ORIENTED_EDGE('',*,*,#1033,.F.);
#1334=ORIENTED_EDGE('',*,*,#971,.T.);
#1335=ORIENTED_EDGE('',*,*,#1067,.T.);
#1336=ORIENTED_EDGE('',*,*,#973,.F.);
#1337=ORIENTED_EDGE('',*,*,#1068,.F.);
#1338=ORIENTED_EDGE('',*,*,#1069,.T.);
#1339=ORIENTED_EDGE('',*,*,#1070,.T.);
#1340=ORIENTED_EDGE('',*,*,#1069,.F.);
#1341=ORIENTED_EDGE('',*,*,#1071,.F.);
#1342=ORIENTED_EDGE('',*,*,#1072,.T.);
#1343=ORIENTED_EDGE('',*,*,#1073,.T.);
#1344=ORIENTED_EDGE('',*,*,#1074,.F.);
#1345=ORIENTED_EDGE('',*,*,#1075,.F.);
#1346=ORIENTED_EDGE('',*,*,#1031,.T.);
#1347=ORIENTED_EDGE('',*,*,#1076,.T.);
#1348=ORIENTED_EDGE('',*,*,#1072,.F.);
#1349=ORIENTED_EDGE('',*,*,#1077,.F.);
#1350=ORIENTED_EDGE('',*,*,#1074,.T.);
#1351=ORIENTED_EDGE('',*,*,#1071,.T.);
#1352=ORIENTED_EDGE('',*,*,#1068,.T.);
#1353=ORIENTED_EDGE('',*,*,#1032,.T.);
#1354=ORIENTED_EDGE('',*,*,#1075,.T.);
#1355=ORIENTED_EDGE('',*,*,#1077,.T.);
#1356=ORIENTED_EDGE('',*,*,#1070,.F.);
#1357=ORIENTED_EDGE('',*,*,#1076,.F.);
#1358=ORIENTED_EDGE('',*,*,#1073,.F.);
#1359=ORIENTED_EDGE('',*,*,#1030,.F.);
#1360=ORIENTED_EDGE('',*,*,#1067,.F.);
#1361=ORIENTED_EDGE('',*,*,#1054,.T.);
#1362=ORIENTED_EDGE('',*,*,#1078,.F.);
#1363=ORIENTED_EDGE('',*,*,#1079,.F.);
#1364=ORIENTED_EDGE('',*,*,#1080,.T.);
#1365=ORIENTED_EDGE('',*,*,#1053,.T.);
#1366=ORIENTED_EDGE('',*,*,#1064,.F.);
#1367=ORIENTED_EDGE('',*,*,#1081,.F.);
#1368=ORIENTED_EDGE('',*,*,#1078,.T.);
#1369=ORIENTED_EDGE('',*,*,#1055,.T.);
#1370=ORIENTED_EDGE('',*,*,#1080,.F.);
#1371=ORIENTED_EDGE('',*,*,#1082,.F.);
#1372=ORIENTED_EDGE('',*,*,#1062,.T.);
#1373=ORIENTED_EDGE('',*,*,#1079,.T.);
#1374=ORIENTED_EDGE('',*,*,#1081,.T.);
#1375=ORIENTED_EDGE('',*,*,#1063,.T.);
#1376=ORIENTED_EDGE('',*,*,#1082,.T.);
#1377=ORIENTED_EDGE('',*,*,#1051,.T.);
#1378=ORIENTED_EDGE('',*,*,#1083,.F.);
#1379=ORIENTED_EDGE('',*,*,#1084,.F.);
#1380=ORIENTED_EDGE('',*,*,#1043,.T.);
#1381=ORIENTED_EDGE('',*,*,#1050,.F.);
#1382=ORIENTED_EDGE('',*,*,#1085,.F.);
#1383=ORIENTED_EDGE('',*,*,#1086,.F.);
#1384=ORIENTED_EDGE('',*,*,#1083,.T.);
#1385=ORIENTED_EDGE('',*,*,#1049,.T.);
#1386=ORIENTED_EDGE('',*,*,#1045,.F.);
#1387=ORIENTED_EDGE('',*,*,#1087,.F.);
#1388=ORIENTED_EDGE('',*,*,#1085,.T.);
#1389=ORIENTED_EDGE('',*,*,#1044,.T.);
#1390=ORIENTED_EDGE('',*,*,#1084,.T.);
#1391=ORIENTED_EDGE('',*,*,#1086,.T.);
#1392=ORIENTED_EDGE('',*,*,#1087,.T.);
#1393=ORIENTED_EDGE('',*,*,#991,.T.);
#1394=ORIENTED_EDGE('',*,*,#1088,.F.);
#1395=ORIENTED_EDGE('',*,*,#1089,.F.);
#1396=ORIENTED_EDGE('',*,*,#1039,.T.);
#1397=ORIENTED_EDGE('',*,*,#990,.T.);
#1398=ORIENTED_EDGE('',*,*,#1035,.F.);
#1399=ORIENTED_EDGE('',*,*,#1090,.F.);
#1400=ORIENTED_EDGE('',*,*,#1088,.T.);
#1401=ORIENTED_EDGE('',*,*,#1040,.T.);
#1402=ORIENTED_EDGE('',*,*,#1089,.T.);
#1403=ORIENTED_EDGE('',*,*,#1090,.T.);
#1404=ORIENTED_EDGE('',*,*,#1034,.T.);
#1405=ORIENTED_EDGE('',*,*,#1066,.T.);
#1406=ORIENTED_EDGE('',*,*,#994,.T.);
#1407=ORIENTED_EDGE('',*,*,#1091,.F.);
#1408=ORIENTED_EDGE('',*,*,#1092,.F.);
#1409=ORIENTED_EDGE('',*,*,#1047,.T.);
#1410=ORIENTED_EDGE('',*,*,#993,.T.);
#1411=ORIENTED_EDGE('',*,*,#1038,.F.);
#1412=ORIENTED_EDGE('',*,*,#1093,.F.);
#1413=ORIENTED_EDGE('',*,*,#1091,.T.);
#1414=ORIENTED_EDGE('',*,*,#1037,.T.);
#1415=ORIENTED_EDGE('',*,*,#1048,.T.);
#1416=ORIENTED_EDGE('',*,*,#1092,.T.);
#1417=ORIENTED_EDGE('',*,*,#1093,.T.);
#1418=ORIENTED_EDGE('',*,*,#988,.T.);
#1419=ORIENTED_EDGE('',*,*,#958,.T.);
#1420=ORIENTED_EDGE('',*,*,#1008,.F.);
#1421=ORIENTED_EDGE('',*,*,#1094,.F.);
#1422=ORIENTED_EDGE('',*,*,#1027,.T.);
#1423=ORIENTED_EDGE('',*,*,#1009,.T.);
#1424=ORIENTED_EDGE('',*,*,#966,.T.);
#1425=ORIENTED_EDGE('',*,*,#969,.T.);
#1426=ORIENTED_EDGE('',*,*,#1007,.T.);
#1427=ORIENTED_EDGE('',*,*,#1059,.T.);
#1428=ORIENTED_EDGE('',*,*,#1065,.T.);
#1429=ORIENTED_EDGE('',*,*,#1028,.T.);
#1430=ORIENTED_EDGE('',*,*,#1094,.T.);
#1431=ORIENTED_EDGE('',*,*,#996,.T.);
#1432=ORIENTED_EDGE('',*,*,#1046,.F.);
#1433=ORIENTED_EDGE('',*,*,#1095,.F.);
#1434=ORIENTED_EDGE('',*,*,#1096,.T.);
#1435=ORIENTED_EDGE('',*,*,#997,.T.);
#1436=ORIENTED_EDGE('',*,*,#1096,.F.);
#1437=ORIENTED_EDGE('',*,*,#1097,.F.);
#1438=ORIENTED_EDGE('',*,*,#1060,.T.);
#1439=ORIENTED_EDGE('',*,*,#1095,.T.);
#1440=ORIENTED_EDGE('',*,*,#1057,.T.);
#1441=ORIENTED_EDGE('',*,*,#1061,.T.);
#1442=ORIENTED_EDGE('',*,*,#1097,.T.);
#1443=ORIENTED_EDGE('',*,*,#1098,.F.);
#1444=ORIENTED_EDGE('',*,*,#1099,.T.);
#1445=ORIENTED_EDGE('',*,*,#1100,.T.);
#1446=ORIENTED_EDGE('',*,*,#1020,.T.);
#1447=ORIENTED_EDGE('',*,*,#1100,.F.);
#1448=ORIENTED_EDGE('',*,*,#1101,.T.);
#1449=ORIENTED_EDGE('',*,*,#1102,.T.);
#1450=ORIENTED_EDGE('',*,*,#1021,.T.);
#1451=ORIENTED_EDGE('',*,*,#1103,.T.);
#1452=ORIENTED_EDGE('',*,*,#1104,.T.);
#1453=ORIENTED_EDGE('',*,*,#1105,.T.);
#1454=ORIENTED_EDGE('',*,*,#1022,.T.);
#1455=ORIENTED_EDGE('',*,*,#1102,.F.);
#1456=ORIENTED_EDGE('',*,*,#1106,.T.);
#1457=ORIENTED_EDGE('',*,*,#1107,.T.);
#1458=ORIENTED_EDGE('',*,*,#1098,.T.);
#1459=ORIENTED_EDGE('',*,*,#1019,.T.);
#1460=ORIENTED_EDGE('',*,*,#1105,.F.);
#1461=ORIENTED_EDGE('',*,*,#1108,.T.);
#1462=ORIENTED_EDGE('',*,*,#1109,.T.);
#1463=ORIENTED_EDGE('',*,*,#1010,.T.);
#1464=ORIENTED_EDGE('',*,*,#1110,.F.);
#1465=ORIENTED_EDGE('',*,*,#1011,.T.);
#1466=ORIENTED_EDGE('',*,*,#1109,.F.);
#1467=ORIENTED_EDGE('',*,*,#1111,.F.);
#1468=ORIENTED_EDGE('',*,*,#1112,.T.);
#1469=ORIENTED_EDGE('',*,*,#1113,.T.);
#1470=ORIENTED_EDGE('',*,*,#1114,.T.);
#1471=ORIENTED_EDGE('',*,*,#1114,.F.);
#1472=ORIENTED_EDGE('',*,*,#1115,.T.);
#1473=ORIENTED_EDGE('',*,*,#1116,.T.);
#1474=ORIENTED_EDGE('',*,*,#1012,.T.);
#1475=ORIENTED_EDGE('',*,*,#1116,.F.);
#1476=ORIENTED_EDGE('',*,*,#1117,.T.);
#1477=ORIENTED_EDGE('',*,*,#1118,.T.);
#1478=ORIENTED_EDGE('',*,*,#1013,.T.);
#1479=ORIENTED_EDGE('',*,*,#1118,.F.);
#1480=ORIENTED_EDGE('',*,*,#1119,.T.);
#1481=ORIENTED_EDGE('',*,*,#1110,.T.);
#1482=ORIENTED_EDGE('',*,*,#1014,.T.);
#1483=ORIENTED_EDGE('',*,*,#1120,.T.);
#1484=ORIENTED_EDGE('',*,*,#1121,.T.);
#1485=ORIENTED_EDGE('',*,*,#1122,.T.);
#1486=ORIENTED_EDGE('',*,*,#1123,.T.);
#1487=ORIENTED_EDGE('',*,*,#1124,.T.);
#1488=ORIENTED_EDGE('',*,*,#1125,.T.);
#1489=ORIENTED_EDGE('',*,*,#1126,.F.);
#1490=ORIENTED_EDGE('',*,*,#1023,.F.);
#1491=ORIENTED_EDGE('',*,*,#1127,.T.);
#1492=ORIENTED_EDGE('',*,*,#1128,.T.);
#1493=ORIENTED_EDGE('',*,*,#1124,.F.);
#1494=ORIENTED_EDGE('',*,*,#1026,.F.);
#1495=ORIENTED_EDGE('',*,*,#1129,.T.);
#1496=ORIENTED_EDGE('',*,*,#1130,.T.);
#1497=ORIENTED_EDGE('',*,*,#1127,.F.);
#1498=ORIENTED_EDGE('',*,*,#1025,.F.);
#1499=ORIENTED_EDGE('',*,*,#1126,.T.);
#1500=ORIENTED_EDGE('',*,*,#1131,.T.);
#1501=ORIENTED_EDGE('',*,*,#1129,.F.);
#1502=ORIENTED_EDGE('',*,*,#1024,.F.);
#1503=ORIENTED_EDGE('',*,*,#1132,.F.);
#1504=ORIENTED_EDGE('',*,*,#1133,.T.);
#1505=ORIENTED_EDGE('',*,*,#1134,.T.);
#1506=ORIENTED_EDGE('',*,*,#1003,.F.);
#1507=ORIENTED_EDGE('',*,*,#1135,.F.);
#1508=ORIENTED_EDGE('',*,*,#1136,.T.);
#1509=ORIENTED_EDGE('',*,*,#1132,.T.);
#1510=ORIENTED_EDGE('',*,*,#1002,.F.);
#1511=ORIENTED_EDGE('',*,*,#1137,.F.);
#1512=ORIENTED_EDGE('',*,*,#1138,.T.);
#1513=ORIENTED_EDGE('',*,*,#1135,.T.);
#1514=ORIENTED_EDGE('',*,*,#1005,.F.);
#1515=ORIENTED_EDGE('',*,*,#1134,.F.);
#1516=ORIENTED_EDGE('',*,*,#1139,.T.);
#1517=ORIENTED_EDGE('',*,*,#1137,.T.);
#1518=ORIENTED_EDGE('',*,*,#1004,.F.);
#1519=ORIENTED_EDGE('',*,*,#1140,.T.);
#1520=ORIENTED_EDGE('',*,*,#1141,.T.);
#1521=ORIENTED_EDGE('',*,*,#1142,.T.);
#1522=ORIENTED_EDGE('',*,*,#1143,.T.);
#1523=ORIENTED_EDGE('',*,*,#1144,.T.);
#1524=ORIENTED_EDGE('',*,*,#1145,.T.);
#1525=ORIENTED_EDGE('',*,*,#1146,.T.);
#1526=ORIENTED_EDGE('',*,*,#1147,.T.);
#1527=ORIENTED_EDGE('',*,*,#1148,.T.);
#1528=ORIENTED_EDGE('',*,*,#1149,.T.);
#1529=ORIENTED_EDGE('',*,*,#1150,.F.);
#1530=ORIENTED_EDGE('',*,*,#1015,.F.);
#1531=ORIENTED_EDGE('',*,*,#1151,.T.);
#1532=ORIENTED_EDGE('',*,*,#1152,.T.);
#1533=ORIENTED_EDGE('',*,*,#1148,.F.);
#1534=ORIENTED_EDGE('',*,*,#1018,.F.);
#1535=ORIENTED_EDGE('',*,*,#1153,.T.);
#1536=ORIENTED_EDGE('',*,*,#1154,.T.);
#1537=ORIENTED_EDGE('',*,*,#1151,.F.);
#1538=ORIENTED_EDGE('',*,*,#1017,.F.);
#1539=ORIENTED_EDGE('',*,*,#1150,.T.);
#1540=ORIENTED_EDGE('',*,*,#1155,.T.);
#1541=ORIENTED_EDGE('',*,*,#1153,.F.);
#1542=ORIENTED_EDGE('',*,*,#1016,.F.);
#1543=ORIENTED_EDGE('',*,*,#1156,.F.);
#1544=ORIENTED_EDGE('',*,*,#1157,.T.);
#1545=ORIENTED_EDGE('',*,*,#1158,.T.);
#1546=ORIENTED_EDGE('',*,*,#999,.F.);
#1547=ORIENTED_EDGE('',*,*,#1159,.F.);
#1548=ORIENTED_EDGE('',*,*,#1160,.T.);
#1549=ORIENTED_EDGE('',*,*,#1156,.T.);
#1550=ORIENTED_EDGE('',*,*,#998,.F.);
#1551=ORIENTED_EDGE('',*,*,#1161,.F.);
#1552=ORIENTED_EDGE('',*,*,#1162,.T.);
#1553=ORIENTED_EDGE('',*,*,#1159,.T.);
#1554=ORIENTED_EDGE('',*,*,#1001,.F.);
#1555=ORIENTED_EDGE('',*,*,#1158,.F.);
#1556=ORIENTED_EDGE('',*,*,#1163,.T.);
#1557=ORIENTED_EDGE('',*,*,#1161,.T.);
#1558=ORIENTED_EDGE('',*,*,#1000,.F.);
#1559=ORIENTED_EDGE('',*,*,#1164,.T.);
#1560=ORIENTED_EDGE('',*,*,#1165,.T.);
#1561=ORIENTED_EDGE('',*,*,#1166,.T.);
#1562=ORIENTED_EDGE('',*,*,#1167,.T.);
#1563=ORIENTED_EDGE('',*,*,#1168,.F.);
#1564=ORIENTED_EDGE('',*,*,#979,.F.);
#1565=ORIENTED_EDGE('',*,*,#1169,.F.);
#1566=ORIENTED_EDGE('',*,*,#1119,.F.);
#1567=ORIENTED_EDGE('',*,*,#1169,.T.);
#1568=ORIENTED_EDGE('',*,*,#978,.F.);
#1569=ORIENTED_EDGE('',*,*,#1170,.F.);
#1570=ORIENTED_EDGE('',*,*,#1107,.F.);
#1571=ORIENTED_EDGE('',*,*,#1168,.T.);
#1572=ORIENTED_EDGE('',*,*,#1117,.F.);
#1573=ORIENTED_EDGE('',*,*,#1171,.F.);
#1574=ORIENTED_EDGE('',*,*,#980,.F.);
#1575=ORIENTED_EDGE('',*,*,#1171,.T.);
#1576=ORIENTED_EDGE('',*,*,#1115,.F.);
#1577=ORIENTED_EDGE('',*,*,#1172,.F.);
#1578=ORIENTED_EDGE('',*,*,#981,.F.);
#1579=ORIENTED_EDGE('',*,*,#1173,.F.);
#1580=ORIENTED_EDGE('',*,*,#982,.F.);
#1581=ORIENTED_EDGE('',*,*,#1172,.T.);
#1582=ORIENTED_EDGE('',*,*,#1113,.F.);
#1583=ORIENTED_EDGE('',*,*,#1170,.T.);
#1584=ORIENTED_EDGE('',*,*,#986,.F.);
#1585=ORIENTED_EDGE('',*,*,#1174,.F.);
#1586=ORIENTED_EDGE('',*,*,#1099,.F.);
#1587=ORIENTED_EDGE('',*,*,#1175,.F.);
#1588=ORIENTED_EDGE('',*,*,#1106,.F.);
#1589=ORIENTED_EDGE('',*,*,#1176,.F.);
#1590=ORIENTED_EDGE('',*,*,#984,.F.);
#1591=ORIENTED_EDGE('',*,*,#1174,.T.);
#1592=ORIENTED_EDGE('',*,*,#985,.F.);
#1593=ORIENTED_EDGE('',*,*,#1176,.T.);
#1594=ORIENTED_EDGE('',*,*,#1101,.F.);
#1595=ORIENTED_EDGE('',*,*,#1177,.F.);
#1596=ORIENTED_EDGE('',*,*,#1147,.F.);
#1597=ORIENTED_EDGE('',*,*,#1178,.F.);
#1598=ORIENTED_EDGE('',*,*,#1154,.F.);
#1599=ORIENTED_EDGE('',*,*,#1178,.T.);
#1600=ORIENTED_EDGE('',*,*,#1146,.F.);
#1601=ORIENTED_EDGE('',*,*,#1179,.F.);
#1602=ORIENTED_EDGE('',*,*,#1152,.F.);
#1603=ORIENTED_EDGE('',*,*,#1177,.T.);
#1604=ORIENTED_EDGE('',*,*,#1155,.F.);
#1605=ORIENTED_EDGE('',*,*,#1180,.F.);
#1606=ORIENTED_EDGE('',*,*,#1144,.F.);
#1607=ORIENTED_EDGE('',*,*,#1179,.T.);
#1608=ORIENTED_EDGE('',*,*,#1145,.F.);
#1609=ORIENTED_EDGE('',*,*,#1180,.T.);
#1610=ORIENTED_EDGE('',*,*,#1149,.F.);
#1611=ORIENTED_EDGE('',*,*,#1181,.F.);
#1612=ORIENTED_EDGE('',*,*,#1123,.F.);
#1613=ORIENTED_EDGE('',*,*,#1182,.F.);
#1614=ORIENTED_EDGE('',*,*,#1130,.F.);
#1615=ORIENTED_EDGE('',*,*,#1182,.T.);
#1616=ORIENTED_EDGE('',*,*,#1122,.F.);
#1617=ORIENTED_EDGE('',*,*,#1183,.F.);
#1618=ORIENTED_EDGE('',*,*,#1128,.F.);
#1619=ORIENTED_EDGE('',*,*,#1181,.T.);
#1620=ORIENTED_EDGE('',*,*,#1131,.F.);
#1621=ORIENTED_EDGE('',*,*,#1184,.F.);
#1622=ORIENTED_EDGE('',*,*,#1120,.F.);
#1623=ORIENTED_EDGE('',*,*,#1183,.T.);
#1624=ORIENTED_EDGE('',*,*,#1121,.F.);
#1625=ORIENTED_EDGE('',*,*,#1184,.T.);
#1626=ORIENTED_EDGE('',*,*,#1125,.F.);
#1627=ORIENTED_EDGE('',*,*,#1185,.F.);
#1628=ORIENTED_EDGE('',*,*,#1160,.F.);
#1629=ORIENTED_EDGE('',*,*,#1186,.F.);
#1630=ORIENTED_EDGE('',*,*,#1167,.F.);
#1631=ORIENTED_EDGE('',*,*,#1186,.T.);
#1632=ORIENTED_EDGE('',*,*,#1162,.F.);
#1633=ORIENTED_EDGE('',*,*,#1187,.F.);
#1634=ORIENTED_EDGE('',*,*,#1164,.F.);
#1635=ORIENTED_EDGE('',*,*,#1185,.T.);
#1636=ORIENTED_EDGE('',*,*,#1166,.F.);
#1637=ORIENTED_EDGE('',*,*,#1188,.F.);
#1638=ORIENTED_EDGE('',*,*,#1157,.F.);
#1639=ORIENTED_EDGE('',*,*,#1187,.T.);
#1640=ORIENTED_EDGE('',*,*,#1163,.F.);
#1641=ORIENTED_EDGE('',*,*,#1188,.T.);
#1642=ORIENTED_EDGE('',*,*,#1165,.F.);
#1643=ORIENTED_EDGE('',*,*,#1189,.F.);
#1644=ORIENTED_EDGE('',*,*,#1136,.F.);
#1645=ORIENTED_EDGE('',*,*,#1190,.F.);
#1646=ORIENTED_EDGE('',*,*,#1143,.F.);
#1647=ORIENTED_EDGE('',*,*,#1190,.T.);
#1648=ORIENTED_EDGE('',*,*,#1138,.F.);
#1649=ORIENTED_EDGE('',*,*,#1191,.F.);
#1650=ORIENTED_EDGE('',*,*,#1140,.F.);
#1651=ORIENTED_EDGE('',*,*,#1189,.T.);
#1652=ORIENTED_EDGE('',*,*,#1142,.F.);
#1653=ORIENTED_EDGE('',*,*,#1192,.F.);
#1654=ORIENTED_EDGE('',*,*,#1133,.F.);
#1655=ORIENTED_EDGE('',*,*,#1191,.T.);
#1656=ORIENTED_EDGE('',*,*,#1139,.F.);
#1657=ORIENTED_EDGE('',*,*,#1192,.T.);
#1658=ORIENTED_EDGE('',*,*,#1141,.F.);
#1659=ORIENTED_EDGE('',*,*,#964,.T.);
#1660=ORIENTED_EDGE('',*,*,#1193,.T.);
#1661=ORIENTED_EDGE('',*,*,#1103,.F.);
#1662=ORIENTED_EDGE('',*,*,#1175,.T.);
#1663=ORIENTED_EDGE('',*,*,#983,.F.);
#1664=ORIENTED_EDGE('',*,*,#1173,.T.);
#1665=ORIENTED_EDGE('',*,*,#1112,.F.);
#1666=ORIENTED_EDGE('',*,*,#1108,.F.);
#1667=ORIENTED_EDGE('',*,*,#1104,.F.);
#1668=ORIENTED_EDGE('',*,*,#1193,.F.);
#1669=ORIENTED_EDGE('',*,*,#1111,.T.);
#1670=CONICAL_SURFACE('',#1781,0.75,0.404891785822429);
#1671=CONICAL_SURFACE('',#1784,0.609999999999999,0.51048832133346);
#1672=ADVANCED_FACE('',(#597),#1670,.T.);
#1673=ADVANCED_FACE('',(#598),#1671,.T.);
#1674=ADVANCED_FACE('',(#599),#146,.T.);
#1675=ADVANCED_FACE('',(#600,#51),#56,.F.);
#1676=ADVANCED_FACE('',(#601,#52,#53),#57,.T.);
#1677=ADVANCED_FACE('',(#602),#58,.F.);
#1678=ADVANCED_FACE('',(#603),#59,.F.);
#1679=ADVANCED_FACE('',(#604,#54),#60,.T.);
#1680=ADVANCED_FACE('',(#605,#55),#61,.T.);
#1681=ADVANCED_FACE('',(#606),#62,.T.);
#1682=ADVANCED_FACE('',(#607),#63,.T.);
#1683=ADVANCED_FACE('',(#608),#64,.T.);
#1684=ADVANCED_FACE('',(#609),#65,.T.);
#1685=ADVANCED_FACE('',(#610),#147,.T.);
#1686=ADVANCED_FACE('',(#611),#148,.T.);
#1687=ADVANCED_FACE('',(#612),#66,.F.);
#1688=ADVANCED_FACE('',(#613),#67,.F.);
#1689=ADVANCED_FACE('',(#614),#68,.F.);
#1690=ADVANCED_FACE('',(#615),#69,.F.);
#1691=ADVANCED_FACE('',(#616),#70,.F.);
#1692=ADVANCED_FACE('',(#617),#71,.T.);
#1693=ADVANCED_FACE('',(#618),#72,.F.);
#1694=ADVANCED_FACE('',(#619),#73,.F.);
#1695=ADVANCED_FACE('',(#620),#74,.F.);
#1696=ADVANCED_FACE('',(#621),#75,.T.);
#1697=ADVANCED_FACE('',(#622),#76,.F.);
#1698=ADVANCED_FACE('',(#623),#77,.F.);
#1699=ADVANCED_FACE('',(#624),#78,.F.);
#1700=ADVANCED_FACE('',(#625),#79,.T.);
#1701=ADVANCED_FACE('',(#626),#80,.F.);
#1702=ADVANCED_FACE('',(#627),#81,.F.);
#1703=ADVANCED_FACE('',(#628),#82,.T.);
#1704=ADVANCED_FACE('',(#629),#83,.F.);
#1705=ADVANCED_FACE('',(#630),#84,.F.);
#1706=ADVANCED_FACE('',(#631),#85,.T.);
#1707=ADVANCED_FACE('',(#632),#86,.F.);
#1708=ADVANCED_FACE('',(#633),#87,.T.);
#1709=ADVANCED_FACE('',(#634),#88,.F.);
#1710=ADVANCED_FACE('',(#635),#89,.F.);
#1711=ADVANCED_FACE('',(#636),#90,.T.);
#1712=ADVANCED_FACE('',(#637),#91,.F.);
#1713=ADVANCED_FACE('',(#638),#92,.F.);
#1714=ADVANCED_FACE('',(#639),#93,.F.);
#1715=ADVANCED_FACE('',(#640),#94,.F.);
#1716=ADVANCED_FACE('',(#641),#95,.F.);
#1717=ADVANCED_FACE('',(#642),#96,.F.);
#1718=ADVANCED_FACE('',(#643),#97,.F.);
#1719=ADVANCED_FACE('',(#644),#98,.F.);
#1720=ADVANCED_FACE('',(#645),#99,.F.);
#1721=ADVANCED_FACE('',(#646),#100,.F.);
#1722=ADVANCED_FACE('',(#647),#101,.F.);
#1723=ADVANCED_FACE('',(#648),#102,.F.);
#1724=ADVANCED_FACE('',(#649),#103,.F.);
#1725=ADVANCED_FACE('',(#650),#104,.F.);
#1726=ADVANCED_FACE('',(#651),#105,.F.);
#1727=ADVANCED_FACE('',(#652),#106,.F.);
#1728=ADVANCED_FACE('',(#653),#107,.F.);
#1729=ADVANCED_FACE('',(#654),#108,.T.);
#1730=ADVANCED_FACE('',(#655),#109,.F.);
#1731=ADVANCED_FACE('',(#656),#110,.F.);
#1732=ADVANCED_FACE('',(#657),#111,.F.);
#1733=ADVANCED_FACE('',(#658),#112,.F.);
#1734=ADVANCED_FACE('',(#659),#113,.F.);
#1735=ADVANCED_FACE('',(#660),#114,.F.);
#1736=ADVANCED_FACE('',(#661),#115,.F.);
#1737=ADVANCED_FACE('',(#662),#116,.F.);
#1738=ADVANCED_FACE('',(#663),#117,.F.);
#1739=ADVANCED_FACE('',(#664),#118,.T.);
#1740=ADVANCED_FACE('',(#665),#119,.F.);
#1741=ADVANCED_FACE('',(#666),#120,.F.);
#1742=ADVANCED_FACE('',(#667),#121,.F.);
#1743=ADVANCED_FACE('',(#668),#122,.F.);
#1744=ADVANCED_FACE('',(#669),#123,.F.);
#1745=ADVANCED_FACE('',(#670),#124,.F.);
#1746=ADVANCED_FACE('',(#671),#125,.F.);
#1747=ADVANCED_FACE('',(#672),#126,.F.);
#1748=ADVANCED_FACE('',(#673),#127,.F.);
#1749=ADVANCED_FACE('',(#674),#128,.F.);
#1750=ADVANCED_FACE('',(#675),#129,.F.);
#1751=ADVANCED_FACE('',(#676),#130,.F.);
#1752=ADVANCED_FACE('',(#677),#131,.F.);
#1753=ADVANCED_FACE('',(#678),#132,.F.);
#1754=ADVANCED_FACE('',(#679),#133,.F.);
#1755=ADVANCED_FACE('',(#680),#134,.F.);
#1756=ADVANCED_FACE('',(#681),#135,.T.);
#1757=ADVANCED_FACE('',(#682),#136,.T.);
#1758=ADVANCED_FACE('',(#683),#137,.T.);
#1759=ADVANCED_FACE('',(#684),#138,.T.);
#1760=ADVANCED_FACE('',(#685),#139,.T.);
#1761=ADVANCED_FACE('',(#686),#140,.T.);
#1762=ADVANCED_FACE('',(#687),#141,.T.);
#1763=ADVANCED_FACE('',(#688),#142,.T.);
#1764=ADVANCED_FACE('',(#689),#143,.T.);
#1765=ADVANCED_FACE('',(#690),#144,.F.);
#1766=ADVANCED_FACE('',(#691),#145,.T.);
#1767=CLOSED_SHELL('',(#1672,#1673,#1674,#1675,#1676,#1677,#1678,#1679,
#1680,#1681,#1682,#1683,#1684,#1685,#1686,#1687,#1688,#1689,#1690,#1691,
#1692,#1693,#1694,#1695,#1696,#1697,#1698,#1699,#1700,#1701,#1702,#1703,
#1704,#1705,#1706,#1707,#1708,#1709,#1710,#1711,#1712,#1713,#1714,#1715,
#1716,#1717,#1718,#1719,#1720,#1721,#1722,#1723,#1724,#1725,#1726,#1727,
#1728,#1729,#1730,#1731,#1732,#1733,#1734,#1735,#1736,#1737,#1738,#1739,
#1740,#1741,#1742,#1743,#1744,#1745,#1746,#1747,#1748,#1749,#1750,#1751,
#1752,#1753,#1754,#1755,#1756,#1757,#1758,#1759,#1760,#1761,#1762,#1763,
#1764,#1765,#1766));
#1768=DERIVED_UNIT_ELEMENT(#1770,1.);
#1769=DERIVED_UNIT_ELEMENT(#2820,-3.);
#1770=(
MASS_UNIT()
NAMED_UNIT(*)
SI_UNIT(.KILO.,.GRAM.)
);
#1771=DERIVED_UNIT((#1768,#1769));
#1772=MEASURE_REPRESENTATION_ITEM('density measure',
POSITIVE_RATIO_MEASURE(7850.),#1771);
#1773=PROPERTY_DEFINITION_REPRESENTATION(#1778,#1775);
#1774=PROPERTY_DEFINITION_REPRESENTATION(#1779,#1776);
#1775=REPRESENTATION('material name',(#1777),#2817);
#1776=REPRESENTATION('density',(#1772),#2817);
#1777=DESCRIPTIVE_REPRESENTATION_ITEM('Steel','Steel');
#1778=PROPERTY_DEFINITION('material property','material name',#2827);
#1779=PROPERTY_DEFINITION('material property','density of part',#2827);
#1780=AXIS2_PLACEMENT_3D('',#2322,#1886,#1887);
#1781=AXIS2_PLACEMENT_3D('',#2323,#1888,#1889);
#1782=AXIS2_PLACEMENT_3D('',#2326,#1890,#1891);
#1783=AXIS2_PLACEMENT_3D('',#2337,#1892,#1893);
#1784=AXIS2_PLACEMENT_3D('',#2345,#1894,#1895);
#1785=AXIS2_PLACEMENT_3D('',#2347,#1896,#1897);
#1786=AXIS2_PLACEMENT_3D('',#2350,#1899,#1900);
#1787=AXIS2_PLACEMENT_3D('',#2351,#1901,#1902);
#1788=AXIS2_PLACEMENT_3D('',#2355,#1904,#1905);
#1789=AXIS2_PLACEMENT_3D('',#2359,#1908,#1909);
#1790=AXIS2_PLACEMENT_3D('',#2360,#1910,#1911);
#1791=AXIS2_PLACEMENT_3D('',#2365,#1913,#1914);
#1792=AXIS2_PLACEMENT_3D('',#2373,#1918,#1919);
#1793=AXIS2_PLACEMENT_3D('',#2395,#1931,#1932);
#1794=AXIS2_PLACEMENT_3D('',#2433,#1952,#1953);
#1795=AXIS2_PLACEMENT_3D('',#2437,#1956,#1957);
#1796=AXIS2_PLACEMENT_3D('',#2441,#1960,#1961);
#1797=AXIS2_PLACEMENT_3D('',#2460,#1971,#1972);
#1798=AXIS2_PLACEMENT_3D('',#2477,#1981,#1982);
#1799=AXIS2_PLACEMENT_3D('',#2493,#1992,#1993);
#1800=AXIS2_PLACEMENT_3D('',#2512,#2004,#2005);
#1801=AXIS2_PLACEMENT_3D('',#2534,#2018,#2019);
#1802=AXIS2_PLACEMENT_3D('',#2546,#2027,#2028);
#1803=AXIS2_PLACEMENT_3D('',#2547,#2029,#2030);
#1804=AXIS2_PLACEMENT_3D('',#2548,#2031,#2032);
#1805=AXIS2_PLACEMENT_3D('',#2549,#2033,#2034);
#1806=AXIS2_PLACEMENT_3D('',#2550,#2035,#2036);
#1807=AXIS2_PLACEMENT_3D('',#2556,#2040,#2041);
#1808=AXIS2_PLACEMENT_3D('',#2562,#2045,#2046);
#1809=AXIS2_PLACEMENT_3D('',#2568,#2050,#2051);
#1810=AXIS2_PLACEMENT_3D('',#2571,#2054,#2055);
#1811=AXIS2_PLACEMENT_3D('',#2572,#2056,#2057);
#1812=AXIS2_PLACEMENT_3D('',#2573,#2058,#2059);
#1813=AXIS2_PLACEMENT_3D('',#2579,#2063,#2064);
#1814=AXIS2_PLACEMENT_3D('',#2581,#2066,#2067);
#1815=AXIS2_PLACEMENT_3D('',#2583,#2069,#2070);
#1816=AXIS2_PLACEMENT_3D('',#2584,#2071,#2072);
#1817=AXIS2_PLACEMENT_3D('',#2588,#2075,#2076);
#1818=AXIS2_PLACEMENT_3D('',#2592,#2079,#2080);
#1819=AXIS2_PLACEMENT_3D('',#2594,#2082,#2083);
#1820=AXIS2_PLACEMENT_3D('',#2595,#2084,#2085);
#1821=AXIS2_PLACEMENT_3D('',#2599,#2088,#2089);
#1822=AXIS2_PLACEMENT_3D('',#2601,#2091,#2092);
#1823=AXIS2_PLACEMENT_3D('',#2602,#2093,#2094);
#1824=AXIS2_PLACEMENT_3D('',#2606,#2097,#2098);
#1825=AXIS2_PLACEMENT_3D('',#2608,#2100,#2101);
#1826=AXIS2_PLACEMENT_3D('',#2609,#2102,#2103);
#1827=AXIS2_PLACEMENT_3D('',#2611,#2105,#2106);
#1828=AXIS2_PLACEMENT_3D('',#2612,#2107,#2108);
#1829=AXIS2_PLACEMENT_3D('',#2616,#2111,#2112);
#1830=AXIS2_PLACEMENT_3D('',#2618,#2114,#2115);
#1831=AXIS2_PLACEMENT_3D('',#2619,#2116,#2117);
#1832=AXIS2_PLACEMENT_3D('',#2625,#2121,#2122);
#1833=AXIS2_PLACEMENT_3D('',#2629,#2125,#2126);
#1834=AXIS2_PLACEMENT_3D('',#2637,#2131,#2132);
#1835=AXIS2_PLACEMENT_3D('',#2644,#2137,#2138);
#1836=AXIS2_PLACEMENT_3D('',#2652,#2143,#2144);
#1837=AXIS2_PLACEMENT_3D('',#2656,#2147,#2148);
#1838=AXIS2_PLACEMENT_3D('',#2660,#2151,#2152);
#1839=AXIS2_PLACEMENT_3D('',#2662,#2154,#2155);
#1840=AXIS2_PLACEMENT_3D('',#2671,#2160,#2161);
#1841=AXIS2_PLACEMENT_3D('',#2677,#2165,#2166);
#1842=AXIS2_PLACEMENT_3D('',#2681,#2169,#2170);
#1843=AXIS2_PLACEMENT_3D('',#2685,#2173,#2174);
#1844=AXIS2_PLACEMENT_3D('',#2687,#2176,#2177);
#1845=AXIS2_PLACEMENT_3D('',#2693,#2181,#2182);
#1846=AXIS2_PLACEMENT_3D('',#2697,#2185,#2186);
#1847=AXIS2_PLACEMENT_3D('',#2701,#2189,#2190);
#1848=AXIS2_PLACEMENT_3D('',#2703,#2192,#2193);
#1849=AXIS2_PLACEMENT_3D('',#2712,#2198,#2199);
#1850=AXIS2_PLACEMENT_3D('',#2721,#2204,#2205);
#1851=AXIS2_PLACEMENT_3D('',#2727,#2209,#2210);
#1852=AXIS2_PLACEMENT_3D('',#2731,#2213,#2214);
#1853=AXIS2_PLACEMENT_3D('',#2735,#2217,#2218);
#1854=AXIS2_PLACEMENT_3D('',#2737,#2220,#2221);
#1855=AXIS2_PLACEMENT_3D('',#2743,#2225,#2226);
#1856=AXIS2_PLACEMENT_3D('',#2747,#2229,#2230);
#1857=AXIS2_PLACEMENT_3D('',#2751,#2233,#2234);
#1858=AXIS2_PLACEMENT_3D('',#2753,#2236,#2237);
#1859=AXIS2_PLACEMENT_3D('',#2762,#2242,#2243);
#1860=AXIS2_PLACEMENT_3D('',#2765,#2246,#2247);
#1861=AXIS2_PLACEMENT_3D('',#2767,#2249,#2250);
#1862=AXIS2_PLACEMENT_3D('',#2769,#2252,#2253);
#1863=AXIS2_PLACEMENT_3D('',#2771,#2255,#2256);
#1864=AXIS2_PLACEMENT_3D('',#2773,#2258,#2259);
#1865=AXIS2_PLACEMENT_3D('',#2775,#2261,#2262);
#1866=AXIS2_PLACEMENT_3D('',#2778,#2265,#2266);
#1867=AXIS2_PLACEMENT_3D('',#2779,#2267,#2268);
#1868=AXIS2_PLACEMENT_3D('',#2782,#2271,#2272);
#1869=AXIS2_PLACEMENT_3D('',#2784,#2274,#2275);
#1870=AXIS2_PLACEMENT_3D('',#2786,#2277,#2278);
#1871=AXIS2_PLACEMENT_3D('',#2787,#2279,#2280);
#1872=AXIS2_PLACEMENT_3D('',#2790,#2283,#2284);
#1873=AXIS2_PLACEMENT_3D('',#2792,#2286,#2287);
#1874=AXIS2_PLACEMENT_3D('',#2794,#2289,#2290);
#1875=AXIS2_PLACEMENT_3D('',#2795,#2291,#2292);
#1876=AXIS2_PLACEMENT_3D('',#2798,#2295,#2296);
#1877=AXIS2_PLACEMENT_3D('',#2800,#2298,#2299);
#1878=AXIS2_PLACEMENT_3D('',#2802,#2301,#2302);
#1879=AXIS2_PLACEMENT_3D('',#2803,#2303,#2304);
#1880=AXIS2_PLACEMENT_3D('',#2806,#2307,#2308);
#1881=AXIS2_PLACEMENT_3D('',#2808,#2310,#2311);
#1882=AXIS2_PLACEMENT_3D('',#2810,#2313,#2314);
#1883=AXIS2_PLACEMENT_3D('',#2811,#2315,#2316);
#1884=AXIS2_PLACEMENT_3D('',#2812,#2317,#2318);
#1885=AXIS2_PLACEMENT_3D('',#2814,#2320,#2321);
#1886=DIRECTION('axis',(0.,0.,1.));
#1887=DIRECTION('refdir',(1.,0.,0.));
#1888=DIRECTION('center_axis',(0.,-1.,1.01015425770216E-16));
#1889=DIRECTION('ref_axis',(0.,-1.01015425770216E-16,-1.));
#1890=DIRECTION('center_axis',(0.,1.,0.));
#1891=DIRECTION('ref_axis',(0.,0.,1.));
#1892=DIRECTION('center_axis',(0.,-1.,0.));
#1893=DIRECTION('ref_axis',(0.,0.,1.));
#1894=DIRECTION('center_axis',(0.,-1.,3.71321983405962E-17));
#1895=DIRECTION('ref_axis',(0.,-3.71321983405962E-17,-1.));
#1896=DIRECTION('center_axis',(0.,-1.,0.));
#1897=DIRECTION('ref_axis',(0.,0.,1.));
#1898=DIRECTION('',(5.98366551191715E-17,0.87250601623473,-0.488603368422897));
#1899=DIRECTION('center_axis',(0.,1.,0.));
#1900=DIRECTION('ref_axis',(0.,0.,1.));
#1901=DIRECTION('center_axis',(0.,1.,0.));
#1902=DIRECTION('ref_axis',(0.,0.,-1.));
#1903=DIRECTION('',(0.,-1.,0.));
#1904=DIRECTION('center_axis',(0.,-1.,0.));
#1905=DIRECTION('ref_axis',(0.,0.,1.));
#1906=DIRECTION('',(0.,-1.,0.));
#1907=DIRECTION('',(0.,1.,0.));
#1908=DIRECTION('center_axis',(0.,-1.,0.));
#1909=DIRECTION('ref_axis',(0.,0.,1.));
#1910=DIRECTION('center_axis',(0.,1.,0.));
#1911=DIRECTION('ref_axis',(1.,0.,0.));
#1912=DIRECTION('',(1.90628953404045E-16,0.,1.));
#1913=DIRECTION('center_axis',(0.,1.,0.));
#1914=DIRECTION('ref_axis',(-1.,0.,0.));
#1915=DIRECTION('',(-1.,0.,3.46944695195361E-16));
#1916=DIRECTION('',(-1.,0.,3.46944695195361E-16));
#1917=DIRECTION('',(-1.,0.,3.46944695195361E-16));
#1918=DIRECTION('center_axis',(0.,1.,0.));
#1919=DIRECTION('ref_axis',(-1.,0.,0.));
#1920=DIRECTION('',(-2.66880534765662E-15,0.,-1.));
#1921=DIRECTION('',(1.,0.,-3.24021132274402E-16));
#1922=DIRECTION('',(4.8186763221578E-16,0.,-1.));
#1923=DIRECTION('',(-1.,0.,3.01167270134862E-17));
#1924=DIRECTION('',(0.,0.,1.));
#1925=DIRECTION('',(0.707106781186546,0.,0.707106781186549));
#1926=DIRECTION('',(1.,0.,0.));
#1927=DIRECTION('',(0.,0.,1.));
#1928=DIRECTION('',(-1.,0.,0.));
#1929=DIRECTION('',(-9.6373526443156E-16,0.,1.));
#1930=DIRECTION('',(1.,0.,9.6373526443156E-16));
#1931=DIRECTION('center_axis',(0.,1.,0.));
#1932=DIRECTION('ref_axis',(1.,0.,0.));
#1933=DIRECTION('',(-2.66880534765662E-15,0.,-1.));
#1934=DIRECTION('',(0.,0.,-1.));
#1935=DIRECTION('',(-1.,0.,3.46944695195361E-16));
#1936=DIRECTION('',(0.,0.,1.));
#1937=DIRECTION('',(-1.,0.,3.06127672231202E-15));
#1938=DIRECTION('',(1.90628953404045E-16,0.,1.));
#1939=DIRECTION('',(1.,0.,-1.02042557410401E-15));
#1940=DIRECTION('',(0.,0.,1.));
#1941=DIRECTION('',(1.,0.,-3.24021132274402E-16));
#1942=DIRECTION('',(0.,0.,-1.));
#1943=DIRECTION('',(1.,0.,-1.147978770867E-15));
#1944=DIRECTION('',(1.,0.,-1.61519876720377E-15));
#1945=DIRECTION('',(2.90735778096672E-14,0.,1.));
#1946=DIRECTION('',(-1.,0.,2.82659784260653E-15));
#1947=DIRECTION('',(-3.23039753440746E-15,0.,-1.));
#1948=DIRECTION('',(1.,0.,-2.42279815080559E-15));
#1949=DIRECTION('',(0.,0.,1.));
#1950=DIRECTION('',(-1.,0.,2.4227981508056E-15));
#1951=DIRECTION('',(-3.23039753440746E-15,0.,-1.));
#1952=DIRECTION('center_axis',(1.02042557410401E-15,0.,1.));
#1953=DIRECTION('ref_axis',(1.,0.,-1.02042557410401E-15));
#1954=DIRECTION('',(0.,-1.,0.));
#1955=DIRECTION('',(-1.,0.,1.02042557410401E-15));
#1956=DIRECTION('center_axis',(1.02042557410401E-15,0.,1.));
#1957=DIRECTION('ref_axis',(1.,0.,-1.02042557410401E-15));
#1958=DIRECTION('',(0.,-1.,0.));
#1959=DIRECTION('',(-1.,0.,1.02042557410401E-15));
#1960=DIRECTION('center_axis',(0.,-1.,0.));
#1961=DIRECTION('ref_axis',(0.,0.,-1.));
#1962=DIRECTION('',(0.,0.,-1.));
#1963=DIRECTION('',(1.,0.,0.));
#1964=DIRECTION('',(0.707106781186546,0.,0.707106781186549));
#1965=DIRECTION('',(0.,0.,1.));
#1966=DIRECTION('',(-1.,0.,3.01167270134862E-17));
#1967=DIRECTION('',(1.,0.,-2.82659784260653E-15));
#1968=DIRECTION('',(-2.90735778096672E-14,0.,-1.));
#1969=DIRECTION('',(-1.,0.,1.61519876720377E-15));
#1970=DIRECTION('',(3.23039753440746E-15,0.,1.));
#1971=DIRECTION('center_axis',(0.,-1.,0.));
#1972=DIRECTION('ref_axis',(0.,0.,-1.));
#1973=DIRECTION('',(4.8186763221578E-16,0.,-1.));
#1974=DIRECTION('',(1.,0.,9.6373526443156E-16));
#1975=DIRECTION('',(-9.6373526443156E-16,0.,1.));
#1976=DIRECTION('',(-1.,0.,0.));
#1977=DIRECTION('',(1.,0.,-2.4227981508056E-15));
#1978=DIRECTION('',(0.,0.,-1.));
#1979=DIRECTION('',(-1.,0.,2.42279815080559E-15));
#1980=DIRECTION('',(3.23039753440746E-15,0.,1.));
#1981=DIRECTION('center_axis',(3.46944695195361E-16,0.,1.));
#1982=DIRECTION('ref_axis',(1.,0.,-3.46944695195361E-16));
#1983=DIRECTION('',(0.,-1.,0.));
#1984=DIRECTION('',(1.,0.,0.));
#1985=DIRECTION('',(0.,1.,0.));
#1986=DIRECTION('',(0.,1.,0.));
#1987=DIRECTION('',(-1.,0.,0.));
#1988=DIRECTION('',(0.,1.,0.));
#1989=DIRECTION('',(0.,1.,0.));
#1990=DIRECTION('',(1.,0.,0.));
#1991=DIRECTION('',(0.,-1.,0.));
#1992=DIRECTION('center_axis',(1.,0.,-1.90628953404045E-16));
#1993=DIRECTION('ref_axis',(-1.90628953404045E-16,0.,-1.));
#1994=DIRECTION('',(0.,-1.,0.));
#1995=DIRECTION('',(0.,0.,-1.));
#1996=DIRECTION('',(0.,-1.,0.));
#1997=DIRECTION('',(0.,-1.,0.));
#1998=DIRECTION('',(0.,0.,-1.));
#1999=DIRECTION('',(0.,1.,0.));
#2000=DIRECTION('',(0.,-1.,0.));
#2001=DIRECTION('',(1.21853966662236E-16,0.,1.));
#2002=DIRECTION('',(0.,-1.,4.81482486096809E-32));
#2003=DIRECTION('',(1.21853966662236E-16,0.,1.));
#2004=DIRECTION('center_axis',(-3.24021132274402E-16,0.,-1.));
#2005=DIRECTION('ref_axis',(-1.,0.,3.24021132274402E-16));
#2006=DIRECTION('',(0.,-1.,0.));
#2007=DIRECTION('',(0.,-1.,0.));
#2008=DIRECTION('',(-1.,0.,3.24021132274402E-16));
#2009=DIRECTION('',(1.,0.,-7.70371977754895E-31));
#2010=DIRECTION('',(-2.16840434497101E-16,-1.,4.81482486096809E-32));
#2011=DIRECTION('',(-1.,4.33680868994201E-16,7.70371977754894E-31));
#2012=DIRECTION('',(0.,-1.,0.));
#2013=DIRECTION('',(-1.,-4.33680868994201E-16,5.7777898331617E-31));
#2014=DIRECTION('',(4.33680868994202E-16,-1.,7.22223729145213E-32));
#2015=DIRECTION('',(1.,0.,5.77778983316172E-31));
#2016=DIRECTION('',(0.,-1.,0.));
#2017=DIRECTION('',(-1.,0.,3.24021132274402E-16));
#2018=DIRECTION('center_axis',(-1.,0.,2.66880534765662E-15));
#2019=DIRECTION('ref_axis',(0.,1.,0.));
#2020=DIRECTION('',(0.,1.,0.));
#2021=DIRECTION('',(4.33680868994202E-15,0.,1.));
#2022=DIRECTION('',(0.,-1.,0.));
#2023=DIRECTION('',(4.95635278850527E-15,0.,1.));
#2024=DIRECTION('',(1.21853966662236E-16,0.,1.));
#2025=DIRECTION('',(0.,1.,-2.16667118743564E-31));
#2026=DIRECTION('',(1.21853966662236E-16,0.,1.));
#2027=DIRECTION('center_axis',(0.,-1.,0.));
#2028=DIRECTION('ref_axis',(0.,0.,1.));
#2029=DIRECTION('center_axis',(0.,1.,0.));
#2030=DIRECTION('ref_axis',(-1.,0.,0.));
#2031=DIRECTION('center_axis',(0.,-1.,0.));
#2032=DIRECTION('ref_axis',(0.,0.,1.));
#2033=DIRECTION('center_axis',(0.,1.,0.));
#2034=DIRECTION('ref_axis',(-1.,0.,0.));
#2035=DIRECTION('center_axis',(0.,0.,1.));
#2036=DIRECTION('ref_axis',(1.,0.,0.));
#2037=DIRECTION('',(0.,1.,0.));
#2038=DIRECTION('',(0.,1.,0.));
#2039=DIRECTION('',(-1.,0.,0.));
#2040=DIRECTION('center_axis',(0.,0.5,-0.866025403784438));
#2041=DIRECTION('ref_axis',(-1.,0.,0.));
#2042=DIRECTION('',(0.,-0.866025403784438,-0.5));
#2043=DIRECTION('',(0.,-0.866025403784438,-0.5));
#2044=DIRECTION('',(-1.,0.,0.));
#2045=DIRECTION('center_axis',(0.,-1.,0.));
#2046=DIRECTION('ref_axis',(0.,0.,-1.));
#2047=DIRECTION('',(0.,0.,1.));
#2048=DIRECTION('',(-1.,0.,0.));
#2049=DIRECTION('',(0.,0.,1.));
#2050=DIRECTION('center_axis',(0.,0.,-1.));
#2051=DIRECTION('ref_axis',(0.,-1.,0.));
#2052=DIRECTION('',(0.,-1.,0.));
#2053=DIRECTION('',(0.,-1.,0.));
#2054=DIRECTION('center_axis',(-1.,0.,0.));
#2055=DIRECTION('ref_axis',(0.,0.,1.));
#2056=DIRECTION('center_axis',(-1.,0.,0.));
#2057=DIRECTION('ref_axis',(0.,0.,1.));
#2058=DIRECTION('center_axis',(-1.,-4.33680868994202E-16,1.21853966662236E-16));
#2059=DIRECTION('ref_axis',(-4.33680868994202E-16,1.,0.));
#2060=DIRECTION('',(1.21853966662236E-16,0.,1.));
#2061=DIRECTION('',(4.33680868994202E-16,-1.,7.22223729145213E-32));
#2062=DIRECTION('',(1.21853966662236E-16,0.,1.));
#2063=DIRECTION('center_axis',(-4.33680868994201E-16,1.,5.2845734152469E-32));
#2064=DIRECTION('ref_axis',(1.,4.33680868994201E-16,0.));
#2065=DIRECTION('',(-1.,-4.33680868994201E-16,5.7777898331617E-31));
#2066=DIRECTION('center_axis',(0.,-1.,0.));
#2067=DIRECTION('ref_axis',(0.,0.,-1.));
#2068=DIRECTION('',(1.,0.,5.77778983316172E-31));
#2069=DIRECTION('center_axis',(-5.7777898331617E-31,-7.22223729145216E-32,
-1.));
#2070=DIRECTION('ref_axis',(-1.,0.,5.7777898331617E-31));
#2071=DIRECTION('center_axis',(4.33680868994201E-16,1.,-5.2845734152469E-32));
#2072=DIRECTION('ref_axis',(1.,-4.33680868994201E-16,0.));
#2073=DIRECTION('',(1.21853966662236E-16,0.,1.));
#2074=DIRECTION('',(-1.,4.33680868994201E-16,7.70371977754894E-31));
#2075=DIRECTION('center_axis',(1.,-2.16840434497101E-16,-1.21853966662236E-16));
#2076=DIRECTION('ref_axis',(-2.16840434497101E-16,-1.,0.));
#2077=DIRECTION('',(1.21853966662236E-16,0.,1.));
#2078=DIRECTION('',(2.16840434497101E-16,1.,-4.81482486096809E-32));
#2079=DIRECTION('center_axis',(0.,-1.,0.));
#2080=DIRECTION('ref_axis',(0.,0.,-1.));
#2081=DIRECTION('',(1.,0.,-7.70371977754895E-31));
#2082=DIRECTION('center_axis',(-7.70371977754894E-31,-4.81482486096809E-32,
-1.));
#2083=DIRECTION('ref_axis',(-1.,0.,7.70371977754894E-31));
#2084=DIRECTION('center_axis',(3.06127672231202E-15,0.,1.));
#2085=DIRECTION('ref_axis',(1.,0.,-3.06127672231202E-15));
#2086=DIRECTION('',(0.,-1.,0.));
#2087=DIRECTION('',(-1.,0.,3.06127672231202E-15));
#2088=DIRECTION('center_axis',(1.,0.,0.));
#2089=DIRECTION('ref_axis',(0.,1.,0.));
#2090=DIRECTION('',(0.,0.,1.));
#2091=DIRECTION('center_axis',(0.,1.,0.));
#2092=DIRECTION('ref_axis',(1.,0.,0.));
#2093=DIRECTION('center_axis',(1.,0.,0.));
#2094=DIRECTION('ref_axis',(0.,1.,0.));
#2095=DIRECTION('',(0.,-1.,0.));
#2096=DIRECTION('',(0.,0.,1.));
#2097=DIRECTION('center_axis',(-1.02042557410401E-15,0.,-1.));
#2098=DIRECTION('ref_axis',(-1.,0.,1.02042557410401E-15));
#2099=DIRECTION('',(1.,0.,-1.02042557410401E-15));
#2100=DIRECTION('center_axis',(0.,1.,0.));
#2101=DIRECTION('ref_axis',(1.,0.,0.));
#2102=DIRECTION('center_axis',(-1.,0.,0.));
#2103=DIRECTION('ref_axis',(0.,0.,1.));
#2104=DIRECTION('',(0.,0.,-1.));
#2105=DIRECTION('center_axis',(0.,1.,0.));
#2106=DIRECTION('ref_axis',(1.,0.,0.));
#2107=DIRECTION('center_axis',(-1.,0.,0.));
#2108=DIRECTION('ref_axis',(0.,0.,1.));
#2109=DIRECTION('',(0.,0.,-1.));
#2110=DIRECTION('',(0.,-1.,0.));
#2111=DIRECTION('center_axis',(-1.147978770867E-15,0.,-1.));
#2112=DIRECTION('ref_axis',(-1.,0.,1.147978770867E-15));
#2113=DIRECTION('',(1.,0.,-1.147978770867E-15));
#2114=DIRECTION('center_axis',(0.,1.,0.));
#2115=DIRECTION('ref_axis',(1.,0.,0.));
#2116=DIRECTION('center_axis',(-9.6373526443156E-16,0.,1.));
#2117=DIRECTION('ref_axis',(1.,0.,9.6373526443156E-16));
#2118=DIRECTION('',(0.,1.,0.));
#2119=DIRECTION('',(-1.,0.,-9.6373526443156E-16));
#2120=DIRECTION('',(0.,1.,0.));
#2121=DIRECTION('center_axis',(-1.,0.,-9.6373526443156E-16));
#2122=DIRECTION('ref_axis',(-9.6373526443156E-16,0.,1.));
#2123=DIRECTION('',(9.6373526443156E-16,0.,-1.));
#2124=DIRECTION('',(0.,1.,0.));
#2125=DIRECTION('center_axis',(0.,0.,-1.));
#2126=DIRECTION('ref_axis',(0.,-1.,0.));
#2127=DIRECTION('',(0.,1.,-1.0842021724855E-16));
#2128=DIRECTION('',(1.,0.,0.));
#2129=DIRECTION('',(0.,1.,0.));
#2130=DIRECTION('',(1.,0.,0.));
#2131=DIRECTION('center_axis',(1.,0.,0.));
#2132=DIRECTION('ref_axis',(0.,1.,0.));
#2133=DIRECTION('',(0.,0.,1.));
#2134=DIRECTION('',(0.,0.,-1.));
#2135=DIRECTION('',(0.,1.,0.));
#2136=DIRECTION('',(0.,1.,0.));
#2137=DIRECTION('center_axis',(0.,0.,1.));
#2138=DIRECTION('ref_axis',(1.,0.,0.));
#2139=DIRECTION('',(1.,0.,0.));
#2140=DIRECTION('',(0.,-1.,0.));
#2141=DIRECTION('',(-1.,0.,0.));
#2142=DIRECTION('',(0.,1.,0.));
#2143=DIRECTION('center_axis',(-0.707106781186549,0.,0.707106781186546));
#2144=DIRECTION('ref_axis',(0.,1.,0.));
#2145=DIRECTION('',(-0.707106781186546,0.,-0.707106781186549));
#2146=DIRECTION('',(0.,1.,0.));
#2147=DIRECTION('center_axis',(-1.,0.,0.));
#2148=DIRECTION('ref_axis',(0.,0.,1.));
#2149=DIRECTION('',(0.,0.,-1.));
#2150=DIRECTION('',(0.,1.,0.));
#2151=DIRECTION('center_axis',(-3.01167270134862E-17,0.,-1.));
#2152=DIRECTION('ref_axis',(-1.,0.,3.01167270134862E-17));
#2153=DIRECTION('',(1.,0.,-3.01167270134862E-17));
#2154=DIRECTION('center_axis',(0.,1.,0.));
#2155=DIRECTION('ref_axis',(1.,0.,0.));
#2156=DIRECTION('',(0.,0.,1.));
#2157=DIRECTION('',(-1.,0.,2.4227981508056E-15));
#2158=DIRECTION('',(-3.23039753440746E-15,0.,-1.));
#2159=DIRECTION('',(1.,0.,-2.42279815080559E-15));
#2160=DIRECTION('center_axis',(-2.4227981508056E-15,0.,-1.));
#2161=DIRECTION('ref_axis',(-1.,0.,2.4227981508056E-15));
#2162=DIRECTION('',(0.,-1.,0.));
#2163=DIRECTION('',(1.,0.,-2.4227981508056E-15));
#2164=DIRECTION('',(0.,-1.,0.));
#2165=DIRECTION('center_axis',(1.,0.,-3.23039753440746E-15));
#2166=DIRECTION('ref_axis',(-3.23039753440746E-15,0.,-1.));
#2167=DIRECTION('',(0.,-1.,0.));
#2168=DIRECTION('',(3.23039753440746E-15,0.,1.));
#2169=DIRECTION('center_axis',(2.42279815080559E-15,0.,1.));
#2170=DIRECTION('ref_axis',(1.,0.,-2.42279815080559E-15));
#2171=DIRECTION('',(0.,-1.,0.));
#2172=DIRECTION('',(-1.,0.,2.42279815080559E-15));
#2173=DIRECTION('center_axis',(-1.,0.,0.));
#2174=DIRECTION('ref_axis',(0.,0.,1.));
#2175=DIRECTION('',(0.,0.,-1.));
#2176=DIRECTION('center_axis',(-1.,0.,0.));
#2177=DIRECTION('ref_axis',(0.,0.,1.));
#2178=DIRECTION('',(0.,-1.,0.));
#2179=DIRECTION('',(0.,0.,1.));
#2180=DIRECTION('',(0.,-1.,0.));
#2181=DIRECTION('center_axis',(2.42279815080559E-15,0.,1.));
#2182=DIRECTION('ref_axis',(1.,0.,-2.42279815080559E-15));
#2183=DIRECTION('',(0.,-1.,0.));
#2184=DIRECTION('',(1.,0.,-2.42279815080559E-15));
#2185=DIRECTION('center_axis',(1.,0.,-3.23039753440746E-15));
#2186=DIRECTION('ref_axis',(-3.23039753440746E-15,0.,-1.));
#2187=DIRECTION('',(0.,-1.,0.));
#2188=DIRECTION('',(-3.23039753440746E-15,0.,-1.));
#2189=DIRECTION('center_axis',(-2.4227981508056E-15,0.,-1.));
#2190=DIRECTION('ref_axis',(-1.,0.,2.4227981508056E-15));
#2191=DIRECTION('',(-1.,0.,2.4227981508056E-15));
#2192=DIRECTION('center_axis',(0.,1.,0.));
#2193=DIRECTION('ref_axis',(1.,0.,0.));
#2194=DIRECTION('',(3.23039753440746E-15,0.,1.));
#2195=DIRECTION('',(1.,0.,-2.4227981508056E-15));
#2196=DIRECTION('',(0.,0.,-1.));
#2197=DIRECTION('',(-1.,0.,2.42279815080559E-15));
#2198=DIRECTION('center_axis',(0.,1.,0.));
#2199=DIRECTION('ref_axis',(1.,0.,0.));
#2200=DIRECTION('',(2.90735778096672E-14,0.,1.));
#2201=DIRECTION('',(-1.,0.,2.82659784260653E-15));
#2202=DIRECTION('',(-3.23039753440746E-15,0.,-1.));
#2203=DIRECTION('',(1.,0.,-1.61519876720377E-15));
#2204=DIRECTION('center_axis',(-2.82659784260653E-15,0.,-1.));
#2205=DIRECTION('ref_axis',(-1.,0.,2.82659784260653E-15));
#2206=DIRECTION('',(0.,-1.,0.));
#2207=DIRECTION('',(1.,0.,-2.82659784260653E-15));
#2208=DIRECTION('',(0.,-1.,0.));
#2209=DIRECTION('center_axis',(1.,0.,-3.23039753440746E-15));
#2210=DIRECTION('ref_axis',(-3.23039753440746E-15,0.,-1.));
#2211=DIRECTION('',(0.,-1.,0.));
#2212=DIRECTION('',(3.23039753440746E-15,0.,1.));
#2213=DIRECTION('center_axis',(1.61519876720377E-15,0.,1.));
#2214=DIRECTION('ref_axis',(1.,0.,-1.61519876720377E-15));
#2215=DIRECTION('',(0.,-1.,0.));
#2216=DIRECTION('',(-1.,0.,1.61519876720377E-15));
#2217=DIRECTION('center_axis',(-1.,0.,2.90735778096672E-14));
#2218=DIRECTION('ref_axis',(0.,1.,0.));
#2219=DIRECTION('',(-2.90735778096672E-14,0.,-1.));
#2220=DIRECTION('center_axis',(-1.,0.,2.90735778096672E-14));
#2221=DIRECTION('ref_axis',(0.,1.,0.));
#2222=DIRECTION('',(0.,-1.,0.));
#2223=DIRECTION('',(2.90735778096672E-14,0.,1.));
#2224=DIRECTION('',(0.,-1.,0.));
#2225=DIRECTION('center_axis',(1.61519876720377E-15,0.,1.));
#2226=DIRECTION('ref_axis',(1.,0.,-1.61519876720377E-15));
#2227=DIRECTION('',(0.,-1.,0.));
#2228=DIRECTION('',(1.,0.,-1.61519876720377E-15));
#2229=DIRECTION('center_axis',(1.,0.,-3.23039753440746E-15));
#2230=DIRECTION('ref_axis',(-3.23039753440746E-15,0.,-1.));
#2231=DIRECTION('',(0.,-1.,0.));
#2232=DIRECTION('',(-3.23039753440746E-15,0.,-1.));
#2233=DIRECTION('center_axis',(-2.82659784260653E-15,0.,-1.));
#2234=DIRECTION('ref_axis',(-1.,0.,2.82659784260653E-15));
#2235=DIRECTION('',(-1.,0.,2.82659784260653E-15));
#2236=DIRECTION('center_axis',(0.,1.,0.));
#2237=DIRECTION('ref_axis',(1.,0.,0.));
#2238=DIRECTION('',(3.23039753440746E-15,0.,1.));
#2239=DIRECTION('',(1.,0.,-2.82659784260653E-15));
#2240=DIRECTION('',(-2.90735778096672E-14,0.,-1.));
#2241=DIRECTION('',(-1.,0.,1.61519876720377E-15));
#2242=DIRECTION('center_axis',(-2.12957418983802E-17,0.707106781186547,
-0.707106781186548));
#2243=DIRECTION('ref_axis',(-1.,-6.16297582203915E-33,3.01167270134862E-17));
#2244=DIRECTION('',(0.577350269189623,0.577350269189628,0.577350269189627));
#2245=DIRECTION('',(0.577350269189626,-0.577350269189626,-0.577350269189625));
#2246=DIRECTION('center_axis',(0.707106781186548,0.707106781186548,0.));
#2247=DIRECTION('ref_axis',(0.,0.,-1.));
#2248=DIRECTION('',(0.577350269189622,-0.577350269189626,0.577350269189629));
#2249=DIRECTION('center_axis',(-0.707106781186551,0.707106781186544,0.));
#2250=DIRECTION('ref_axis',(0.,0.,1.));
#2251=DIRECTION('',(0.678598344545843,0.678598344545849,-0.281084637714826));
#2252=DIRECTION('center_axis',(-0.500000000000001,0.707106781186547,0.499999999999999));
#2253=DIRECTION('ref_axis',(0.707106781186546,-5.55111512312578E-17,0.707106781186549));
#2254=DIRECTION('',(0.281084637714824,0.678598344545848,-0.678598344545845));
#2255=DIRECTION('center_axis',(0.,0.707106781186546,0.707106781186549));
#2256=DIRECTION('ref_axis',(1.,0.,0.));
#2257=DIRECTION('',(0.,0.707106781186549,-0.707106781186546));
#2258=DIRECTION('center_axis',(-6.81463740748166E-16,0.707106781186549,
0.707106781186546));
#2259=DIRECTION('ref_axis',(1.,0.,9.63735264431561E-16));
#2260=DIRECTION('',(-0.577350269189615,-0.577350269189631,0.577350269189632));
#2261=DIRECTION('center_axis',(0.,0.707106781186546,-0.707106781186549));
#2262=DIRECTION('ref_axis',(-1.,0.,0.));
#2263=DIRECTION('',(0.,-0.707106781186549,-0.707106781186546));
#2264=DIRECTION('',(0.577350269189615,0.577350269189632,0.57735026918963));
#2265=DIRECTION('center_axis',(-0.707106781186558,0.707106781186538,-6.81463740748177E-16));
#2266=DIRECTION('ref_axis',(-9.6373526443156E-16,9.86076131526265E-32,1.));
#2267=DIRECTION('center_axis',(1.40238525279256E-15,0.496138938356833,0.86824314212446));
#2268=DIRECTION('ref_axis',(1.,-2.82659784260661E-15,-1.77493703674728E-30));
#2269=DIRECTION('',(0.444444444444434,0.777777777777782,-0.444444444444447));
#2270=DIRECTION('',(0.444444444444449,-0.777777777777776,0.444444444444442));
#2271=DIRECTION('center_axis',(0.868243142124457,0.496138938356837,-2.80477050558503E-15));
#2272=DIRECTION('ref_axis',(0.,-5.653195685213E-15,-1.));
#2273=DIRECTION('',(0.444444444444446,-0.777777777777777,-0.444444444444444));
#2274=DIRECTION('center_axis',(-0.86824314212446,0.496138938356833,2.52429345502654E-14));
#2275=DIRECTION('ref_axis',(2.90735778096672E-14,1.26217744835362E-29,1.));
#2276=DIRECTION('',(0.444444444444455,0.777777777777774,0.44444444444444));
#2277=DIRECTION('center_axis',(-2.45417419238691E-15,0.496138938356833,
-0.86824314212446));
#2278=DIRECTION('ref_axis',(-1.,1.38050658413677E-30,2.82659784260653E-15));
#2279=DIRECTION('center_axis',(2.10357787918878E-15,0.496138938356832,0.86824314212446));
#2280=DIRECTION('ref_axis',(1.,-4.23989676390981E-15,3.94430452610506E-31));
#2281=DIRECTION('',(0.444444444444445,0.777777777777778,-0.444444444444444));
#2282=DIRECTION('',(0.444444444444443,-0.77777777777778,0.444444444444443));
#2283=DIRECTION('center_axis',(0.868243142124461,0.49613893835683,-2.80477050558505E-15));
#2284=DIRECTION('ref_axis',(-3.94430452610506E-31,-5.65319568521312E-15,
-1.));
#2285=DIRECTION('',(0.44444444444444,-0.777777777777779,-0.444444444444446));
#2286=DIRECTION('center_axis',(-0.868243142124459,0.496138938356834,0.));
#2287=DIRECTION('ref_axis',(0.,0.,1.));
#2288=DIRECTION('',(0.444444444444445,0.777777777777778,0.444444444444443));
#2289=DIRECTION('center_axis',(-2.10357787918878E-15,0.496138938356834,
-0.868243142124459));
#2290=DIRECTION('ref_axis',(-1.,1.18329135783152E-30,2.4227981508056E-15));
#2291=DIRECTION('center_axis',(-1.40238525279256E-15,0.496138938356834,
-0.868243142124459));
#2292=DIRECTION('ref_axis',(-1.,1.18329135783152E-30,1.61519876720378E-15));
#2293=DIRECTION('',(-0.444444444444434,0.777777777777782,0.444444444444448));
#2294=DIRECTION('',(-0.44444444444445,-0.777777777777776,-0.444444444444443));
#2295=DIRECTION('center_axis',(-0.868243142124457,0.496138938356838,2.80477050558503E-15));
#2296=DIRECTION('ref_axis',(3.23039753440746E-15,9.86076131526265E-31,1.));
#2297=DIRECTION('',(-0.444444444444447,-0.777777777777776,0.444444444444445));
#2298=DIRECTION('center_axis',(0.868243142124459,0.496138938356834,-2.52429345502654E-14));
#2299=DIRECTION('ref_axis',(9.46633086265214E-30,-5.08787611669176E-14,
-1.));
#2300=DIRECTION('',(-0.444444444444455,0.777777777777773,-0.444444444444441));
#2301=DIRECTION('center_axis',(2.45417419238691E-15,0.496138938356834,0.868243142124459));
#2302=DIRECTION('ref_axis',(1.,-4.94654622456142E-15,-1.57772181044202E-30));
#2303=DIRECTION('center_axis',(-2.10357787918878E-15,0.496138938356833,
-0.86824314212446));
#2304=DIRECTION('ref_axis',(-1.,-1.57772181044202E-30,2.42279815080559E-15));
#2305=DIRECTION('',(-0.444444444444446,0.777777777777777,0.444444444444444));
#2306=DIRECTION('',(-0.444444444444444,-0.777777777777779,-0.444444444444443));
#2307=DIRECTION('center_axis',(-0.868243142124461,0.496138938356831,2.80477050558504E-15));
#2308=DIRECTION('ref_axis',(3.23039753440745E-15,-2.16936748935778E-30,
1.));
#2309=DIRECTION('',(-0.444444444444441,-0.777777777777779,0.444444444444447));
#2310=DIRECTION('center_axis',(0.868243142124458,0.496138938356835,0.));
#2311=DIRECTION('ref_axis',(0.,0.,-1.));
#2312=DIRECTION('',(-0.444444444444446,0.777777777777777,-0.444444444444444));
#2313=DIRECTION('center_axis',(2.10357787918878E-15,0.496138938356835,0.868243142124459));
#2314=DIRECTION('ref_axis',(1.,-4.23989676390978E-15,-1.57772181044202E-30));
#2315=DIRECTION('center_axis',(0.,1.,0.));
#2316=DIRECTION('ref_axis',(1.,0.,0.));
#2317=DIRECTION('center_axis',(-1.,0.,0.));
#2318=DIRECTION('ref_axis',(0.,0.,1.));
#2319=DIRECTION('',(0.,0.,1.));
#2320=DIRECTION('center_axis',(0.,-1.,0.));
#2321=DIRECTION('ref_axis',(0.,0.,-1.));
#2322=CARTESIAN_POINT('',(0.,0.,0.));
#2323=CARTESIAN_POINT('Origin',(-18.65,9.40000000000001,8.06));
#2324=CARTESIAN_POINT('',(-17.9394368430604,9.40000000000001,8.30000000000001));
#2325=CARTESIAN_POINT('',(-19.3605631569396,9.40000000000001,8.30000000000001));
#2326=CARTESIAN_POINT('Origin',(-18.65,9.40000000000001,8.06));
#2327=CARTESIAN_POINT('',(-17.9,9.31258333522306,8.30000000000001));
#2328=CARTESIAN_POINT('Ctrl Pts',(-17.9,9.31258333522306,8.30000000000001));
#2329=CARTESIAN_POINT('Ctrl Pts',(-17.9131175872906,9.34173485129638,8.30000000000001));
#2330=CARTESIAN_POINT('Ctrl Pts',(-17.926261685646,9.37087445772511,8.30000000000001));
#2331=CARTESIAN_POINT('Ctrl Pts',(-17.9394368430604,9.40000000000001,8.30000000000001));
#2332=CARTESIAN_POINT('',(-17.9,8.70000000000001,8.79484692283495));
#2333=CARTESIAN_POINT('Ctrl Pts',(-17.9,8.6999999997561,8.79484692243657));
#2334=CARTESIAN_POINT('Ctrl Pts',(-17.9,9.16176991296154,8.51207175623904));
#2335=CARTESIAN_POINT('Ctrl Pts',(-17.9,9.31258333514054,8.29999999995898));
#2336=CARTESIAN_POINT('',(-19.6,8.70000000000001,7.61278640450004));
#2337=CARTESIAN_POINT('Origin',(-18.65,8.70000000000001,8.06));
#2338=CARTESIAN_POINT('',(-19.6,8.863690504085,8.30000000000001));
#2339=CARTESIAN_POINT('Ctrl Pts',(-19.6,8.86369050356847,8.29999999970477));
#2340=CARTESIAN_POINT('Ctrl Pts',(-19.6,9.05328096383787,7.96826851787097));
#2341=CARTESIAN_POINT('Ctrl Pts',(-19.6,8.69999999955005,7.61278640494729));
#2342=CARTESIAN_POINT('Ctrl Pts',(-19.3605631569396,9.40000000000001,8.30000000000001));
#2343=CARTESIAN_POINT('Ctrl Pts',(-19.4643744418264,9.17051052405973,8.30000000000001));
#2344=CARTESIAN_POINT('Ctrl Pts',(-19.5999999997466,8.86369050397298,8.30000000000001));
#2345=CARTESIAN_POINT('Origin',(-18.65,11.2,8.06));
#2346=CARTESIAN_POINT('',(-18.65,10.95,8.81));
#2347=CARTESIAN_POINT('Origin',(-18.65,10.95,8.06));
#2348=CARTESIAN_POINT('',(-18.65,11.2,8.67));
#2349=CARTESIAN_POINT('',(-18.65,11.2,8.67));
#2350=CARTESIAN_POINT('Origin',(-18.65,11.2,8.06));
#2351=CARTESIAN_POINT('Origin',(-18.65,11.2,8.06));
#2352=CARTESIAN_POINT('',(-18.65,9.50000000000001,8.81));
#2353=CARTESIAN_POINT('',(-18.65,11.2,8.81));
#2354=CARTESIAN_POINT('',(-17.9394368430604,9.50000000000001,8.30000000000001));
#2355=CARTESIAN_POINT('Origin',(-18.65,9.50000000000001,8.06));
#2356=CARTESIAN_POINT('',(-17.9394368430604,11.2,8.30000000000001));
#2357=CARTESIAN_POINT('',(-19.3605631569396,9.50000000000001,8.30000000000001));
#2358=CARTESIAN_POINT('',(-19.3605631569396,11.2,8.30000000000001));
#2359=CARTESIAN_POINT('Origin',(-18.65,9.50000000000001,8.06));
#2360=CARTESIAN_POINT('Origin',(-19.4,-4.09999999999999,9.10000000000001));
#2361=CARTESIAN_POINT('',(-14.2,-4.09999999999999,-1.73472347597681E-15));
#2362=CARTESIAN_POINT('',(-14.2,-4.09999999999999,9.1));
#2363=CARTESIAN_POINT('',(-14.2,-4.09999999999999,9.1));
#2364=CARTESIAN_POINT('',(-14.4,-4.09999999999999,9.3));
#2365=CARTESIAN_POINT('Origin',(-14.4,-4.09999999999999,9.1));
#2366=CARTESIAN_POINT('',(-15.3,-4.09999999999999,9.3));
#2367=CARTESIAN_POINT('',(-19.4,-4.09999999999999,9.3));
#2368=CARTESIAN_POINT('',(-18.5,-4.09999999999999,9.3));
#2369=CARTESIAN_POINT('',(-19.4,-4.09999999999999,9.3));
#2370=CARTESIAN_POINT('',(-19.4,-4.09999999999999,9.30000000000001));
#2371=CARTESIAN_POINT('',(-19.4,-4.09999999999999,9.3));
#2372=CARTESIAN_POINT('',(-19.6,-4.09999999999999,9.10000000000001));
#2373=CARTESIAN_POINT('Origin',(-19.4,-4.09999999999999,9.10000000000001));
#2374=CARTESIAN_POINT('',(-19.6,-4.09999999999999,-8.45006291411677E-16));
#2375=CARTESIAN_POINT('',(-19.6,-4.09999999999999,0.));
#2376=CARTESIAN_POINT('',(-14.2,-4.09999999999999,-2.59472040569346E-15));
#2377=CARTESIAN_POINT('',(-14.9,-4.09999999999999,8.80000000000003));
#2378=CARTESIAN_POINT('',(-14.9,-4.09999999999999,0.600000000000024));
#2379=CARTESIAN_POINT('',(-14.9,-4.09999999999999,9.10000000000001));
#2380=CARTESIAN_POINT('',(-18.9,-4.09999999999999,0.600000000000024));
#2381=CARTESIAN_POINT('',(-19.4,-4.09999999999999,0.600000000000024));
#2382=CARTESIAN_POINT('',(-18.9,-4.09999999999999,3.78284271247464));
#2383=CARTESIAN_POINT('',(-18.9,-4.09999999999999,9.10000000000001));
#2384=CARTESIAN_POINT('',(-18.0828427124746,-4.09999999999999,4.60000000000003));
#2385=CARTESIAN_POINT('',(-16.4914213562373,-4.09999999999999,6.19142135623734));
#2386=CARTESIAN_POINT('',(-15.96,-4.09999999999999,4.60000000000003));
#2387=CARTESIAN_POINT('',(-19.4,-4.09999999999999,4.60000000000003));
#2388=CARTESIAN_POINT('',(-15.96,-4.09999999999999,4.80000000000002));
#2389=CARTESIAN_POINT('',(-15.96,-4.09999999999999,3.70000000000002));
#2390=CARTESIAN_POINT('',(-18.9,-4.09999999999999,4.80000000000002));
#2391=CARTESIAN_POINT('',(-19.4,-4.09999999999999,4.80000000000002));
#2392=CARTESIAN_POINT('',(-18.9,-4.09999999999999,8.80000000000002));
#2393=CARTESIAN_POINT('',(-18.9,-4.09999999999999,9.10000000000001));
#2394=CARTESIAN_POINT('',(-19.4,-4.09999999999999,8.80000000000002));
#2395=CARTESIAN_POINT('Origin',(-19.4,8.70000000000001,9.10000000000001));
#2396=CARTESIAN_POINT('',(-19.6,8.70000000000001,0.699999999999985));
#2397=CARTESIAN_POINT('',(-19.6,8.70000000000001,0.));
#2398=CARTESIAN_POINT('',(-17.9,8.70000000000001,9.3));
#2399=CARTESIAN_POINT('',(-17.9,8.70000000000001,9.3));
#2400=CARTESIAN_POINT('',(-15.9,8.70000000000001,9.3));
#2401=CARTESIAN_POINT('',(-19.4,8.70000000000001,9.3));
#2402=CARTESIAN_POINT('',(-15.9,8.70000000000001,8.30000000000001));
#2403=CARTESIAN_POINT('',(-15.9,8.70000000000001,8.30000000000001));
#2404=CARTESIAN_POINT('',(-14.2,8.70000000000001,8.30000000000001));
#2405=CARTESIAN_POINT('',(-14.2,8.70000000000001,8.3));
#2406=CARTESIAN_POINT('',(-14.2,8.70000000000001,0.699999999999999));
#2407=CARTESIAN_POINT('',(-14.2,8.70000000000001,9.1));
#2408=CARTESIAN_POINT('',(-15.9,8.70000000000001,0.700000000000001));
#2409=CARTESIAN_POINT('',(-15.9,8.70000000000001,0.700000000000001));
#2410=CARTESIAN_POINT('',(-15.9,8.70000000000001,-2.04388448082697E-15));
#2411=CARTESIAN_POINT('',(-15.9,8.70000000000001,-2.1094237467878E-15));
#2412=CARTESIAN_POINT('',(-17.9,8.70000000000001,-1.39584221627817E-15));
#2413=CARTESIAN_POINT('',(-14.2,8.70000000000001,-2.59472040569346E-15));
#2414=CARTESIAN_POINT('',(-17.9,8.70000000000001,0.699999999999983));
#2415=CARTESIAN_POINT('',(-17.9,8.70000000000001,0.699999999999983));
#2416=CARTESIAN_POINT('',(-19.6,8.70000000000001,0.699999999999985));
#2417=CARTESIAN_POINT('',(-17.437,8.70000000000001,2.06300000000003));
#2418=CARTESIAN_POINT('',(-16.363,8.70000000000001,2.06300000000003));
#2419=CARTESIAN_POINT('',(-19.4,8.70000000000001,2.06300000000003));
#2420=CARTESIAN_POINT('',(-16.363,8.70000000000001,3.13700000000003));
#2421=CARTESIAN_POINT('',(-16.3629999999998,8.70000000000001,9.09999999999992));
#2422=CARTESIAN_POINT('',(-17.437,8.70000000000001,3.13700000000003));
#2423=CARTESIAN_POINT('',(-19.4,8.70000000000001,3.13700000000003));
#2424=CARTESIAN_POINT('',(-17.437,8.70000000000001,9.1));
#2425=CARTESIAN_POINT('',(-17.437,8.70000000000001,6.26300000000003));
#2426=CARTESIAN_POINT('',(-16.363,8.70000000000001,6.26300000000003));
#2427=CARTESIAN_POINT('',(-19.4,8.70000000000001,6.26300000000003));
#2428=CARTESIAN_POINT('',(-16.363,8.70000000000001,7.33700000000003));
#2429=CARTESIAN_POINT('',(-16.363,8.70000000000001,9.10000000000001));
#2430=CARTESIAN_POINT('',(-17.437,8.70000000000001,7.33700000000003));
#2431=CARTESIAN_POINT('',(-19.4,8.70000000000001,7.33700000000003));
#2432=CARTESIAN_POINT('',(-17.437,8.70000000000001,9.1));
#2433=CARTESIAN_POINT('Origin',(-17.9,9.50000000000001,8.30000000000001));
#2434=CARTESIAN_POINT('',(-19.6,9.50000000000001,8.30000000000001));
#2435=CARTESIAN_POINT('',(-19.6,9.50000000000001,8.30000000000001));
#2436=CARTESIAN_POINT('',(-17.9,9.50000000000001,8.30000000000001));
#2437=CARTESIAN_POINT('Origin',(-17.9,9.50000000000001,8.30000000000001));
#2438=CARTESIAN_POINT('',(-17.9,9.50000000000001,8.30000000000001));
#2439=CARTESIAN_POINT('',(-17.9,9.50000000000001,8.30000000000001));
#2440=CARTESIAN_POINT('',(-17.9,9.50000000000001,8.30000000000001));
#2441=CARTESIAN_POINT('Origin',(0.,5.00000000000001,0.));
#2442=CARTESIAN_POINT('',(-15.1,5.00000000000001,4.40000000000002));
#2443=CARTESIAN_POINT('',(-15.1,5.00000000000001,0.800000000000024));
#2444=CARTESIAN_POINT('',(-15.1,5.00000000000001,0.800000000000024));
#2445=CARTESIAN_POINT('',(-18.,5.00000000000001,4.40000000000003));
#2446=CARTESIAN_POINT('',(-15.8,5.00000000000001,4.40000000000003));
#2447=CARTESIAN_POINT('',(-18.7,5.00000000000001,3.70000000000002));
#2448=CARTESIAN_POINT('',(-18.,5.00000000000001,4.40000000000003));
#2449=CARTESIAN_POINT('',(-18.7,5.00000000000001,0.800000000000024));
#2450=CARTESIAN_POINT('',(-18.7,5.00000000000001,3.70000000000002));
#2451=CARTESIAN_POINT('',(-18.7,5.00000000000001,0.800000000000024));
#2452=CARTESIAN_POINT('',(-17.437,5.00000000000001,3.13700000000003));
#2453=CARTESIAN_POINT('',(-16.363,5.00000000000001,3.13700000000003));
#2454=CARTESIAN_POINT('',(8.86703743225663E-15,5.00000000000001,3.13699999999998));
#2455=CARTESIAN_POINT('',(-16.363,5.00000000000001,2.06300000000003));
#2456=CARTESIAN_POINT('',(-16.3630000000001,5.00000000000001,4.75730953699586E-13));
#2457=CARTESIAN_POINT('',(-17.437,5.00000000000001,2.06300000000003));
#2458=CARTESIAN_POINT('',(3.33215505674139E-15,5.00000000000001,2.063));
#2459=CARTESIAN_POINT('',(-17.437,5.00000000000001,5.63284418074629E-14));
#2460=CARTESIAN_POINT('Origin',(0.,5.00000000000001,0.));
#2461=CARTESIAN_POINT('',(-15.1,5.00000000000001,8.60000000000002));
#2462=CARTESIAN_POINT('',(-15.1,5.00000000000001,5.00000000000002));
#2463=CARTESIAN_POINT('',(-15.1,5.00000000000001,5.00000000000002));
#2464=CARTESIAN_POINT('',(-18.7,5.00000000000001,8.60000000000002));
#2465=CARTESIAN_POINT('',(-15.1,5.00000000000001,8.60000000000002));
#2466=CARTESIAN_POINT('',(-18.7,5.00000000000001,5.00000000000002));
#2467=CARTESIAN_POINT('',(-18.7,5.00000000000001,8.60000000000002));
#2468=CARTESIAN_POINT('',(-18.7,5.00000000000001,5.00000000000002));
#2469=CARTESIAN_POINT('',(-17.437,5.00000000000001,7.33700000000003));
#2470=CARTESIAN_POINT('',(-16.363,5.00000000000001,7.33700000000003));
#2471=CARTESIAN_POINT('',(1.77760700324607E-14,5.00000000000001,7.33699999999999));
#2472=CARTESIAN_POINT('',(-16.363,5.00000000000001,6.26300000000003));
#2473=CARTESIAN_POINT('',(-16.363,5.00000000000001,0.));
#2474=CARTESIAN_POINT('',(-17.437,5.00000000000001,6.26300000000003));
#2475=CARTESIAN_POINT('',(1.51739848184954E-14,5.00000000000001,6.26299999999999));
#2476=CARTESIAN_POINT('',(-17.437,5.00000000000001,5.63284418074629E-14));
#2477=CARTESIAN_POINT('Origin',(-19.4,-4.09999999999999,9.3));
#2478=CARTESIAN_POINT('',(-17.9,9.50000000000001,9.3));
#2479=CARTESIAN_POINT('',(-17.9,9.50000000000001,9.3));
#2480=CARTESIAN_POINT('',(-19.4,9.50000000000001,9.30000000000001));
#2481=CARTESIAN_POINT('',(-19.4,9.50000000000001,9.3));
#2482=CARTESIAN_POINT('',(-19.4,-4.09999999999999,9.30000000000001));
#2483=CARTESIAN_POINT('',(-18.5,-0.589999999999993,9.3));
#2484=CARTESIAN_POINT('',(-18.5,-4.10147367097486,9.3));
#2485=CARTESIAN_POINT('',(-15.3,-0.589999999999993,9.3));
#2486=CARTESIAN_POINT('',(-15.3,-0.589999999999993,9.3));
#2487=CARTESIAN_POINT('',(-15.3,-4.10147367097486,9.3));
#2488=CARTESIAN_POINT('',(-14.4,9.50000000000001,9.3));
#2489=CARTESIAN_POINT('',(-14.4,-4.09999999999999,9.3));
#2490=CARTESIAN_POINT('',(-15.9,9.50000000000001,9.3));
#2491=CARTESIAN_POINT('',(-15.9,9.50000000000001,9.3));
#2492=CARTESIAN_POINT('',(-15.9,9.50000000000001,9.3));
#2493=CARTESIAN_POINT('Origin',(-14.2,-4.09999999999999,9.1));
#2494=CARTESIAN_POINT('',(-14.2,9.50000000000001,-1.73472347597681E-15));
#2495=CARTESIAN_POINT('',(-14.2,6.40000000000001,-2.27324702884702E-15));
#2496=CARTESIAN_POINT('',(-14.2,-4.09999999999999,-1.73472347597681E-15));
#2497=CARTESIAN_POINT('',(-14.2,9.50000000000001,0.700000000000001));
#2498=CARTESIAN_POINT('',(-14.2,9.50000000000001,0.700000000000001));
#2499=CARTESIAN_POINT('',(-14.2,9.50000000000001,0.700000000000001));
#2500=CARTESIAN_POINT('',(-14.2,9.50000000000001,8.3));
#2501=CARTESIAN_POINT('',(-14.2,9.50000000000001,8.3));
#2502=CARTESIAN_POINT('',(-14.2,9.50000000000001,9.1));
#2503=CARTESIAN_POINT('',(-14.2,9.50000000000001,9.1));
#2504=CARTESIAN_POINT('',(-14.2,-4.09999999999999,9.1));
#2505=CARTESIAN_POINT('',(-14.2,-1.59999999999999,-2.27324702884702E-15));
#2506=CARTESIAN_POINT('',(-14.2,-4.09999999999999,-1.73472347597681E-15));
#2507=CARTESIAN_POINT('',(-14.2,-1.59999999999999,-0.300000000000002));
#2508=CARTESIAN_POINT('',(-14.2,-1.59999999999999,-0.300000000000002));
#2509=CARTESIAN_POINT('',(-14.2,6.40000000000001,-0.300000000000002));
#2510=CARTESIAN_POINT('',(-14.2,6.40000000000001,-0.300000000000002));
#2511=CARTESIAN_POINT('',(-14.2,6.40000000000001,-0.300000000000002));
#2512=CARTESIAN_POINT('Origin',(-14.2,-4.09999999999999,-2.59472040569346E-15));
#2513=CARTESIAN_POINT('',(-17.9,9.50000000000001,-1.40946282423116E-15));
#2514=CARTESIAN_POINT('',(-17.9,9.50000000000001,-1.40946282423116E-15));
#2515=CARTESIAN_POINT('',(-15.9,9.50000000000001,-2.04388448082697E-15));
#2516=CARTESIAN_POINT('',(-15.9,9.50000000000001,-2.04388448082697E-15));
#2517=CARTESIAN_POINT('',(-14.2,9.50000000000001,-2.59472040569346E-15));
#2518=CARTESIAN_POINT('',(-15.2,6.40000000000001,-2.27324702884702E-15));
#2519=CARTESIAN_POINT('',(-15.2,6.40000000000001,-2.27324702884702E-15));
#2520=CARTESIAN_POINT('',(-15.2,-1.59999999999999,-2.27069927341905E-15));
#2521=CARTESIAN_POINT('',(-15.2,-1.59999999999999,-2.27324702884702E-15));
#2522=CARTESIAN_POINT('',(-14.2,-1.59999999999999,-2.27324702884702E-15));
#2523=CARTESIAN_POINT('',(-19.6,-1.59999999999999,-1.72355585980354E-15));
#2524=CARTESIAN_POINT('',(-19.6,-4.09999999999999,-8.45006291411677E-16));
#2525=CARTESIAN_POINT('',(-18.6,-1.59999999999999,-1.72355585980354E-15));
#2526=CARTESIAN_POINT('',(-18.6,-1.59999999999999,-1.72355585980354E-15));
#2527=CARTESIAN_POINT('',(-18.6,6.40000000000001,-1.72355585980354E-15));
#2528=CARTESIAN_POINT('',(-18.6,6.40000000000001,-1.72355585980354E-15));
#2529=CARTESIAN_POINT('',(-19.6,6.40000000000001,-8.45006291411677E-16));
#2530=CARTESIAN_POINT('',(-19.6,6.40000000000001,-1.72355585980354E-15));
#2531=CARTESIAN_POINT('',(-19.6,9.50000000000001,-8.45006291411677E-16));
#2532=CARTESIAN_POINT('',(-19.6,-4.09999999999999,-8.45006291411677E-16));
#2533=CARTESIAN_POINT('',(-17.9,9.50000000000001,-1.39584221627817E-15));
#2534=CARTESIAN_POINT('Origin',(-19.6,-4.09999999999999,0.));
#2535=CARTESIAN_POINT('',(-19.6,9.50000000000001,9.10000000000001));
#2536=CARTESIAN_POINT('',(-19.6,-4.09999999999999,9.10000000000001));
#2537=CARTESIAN_POINT('',(-19.6,9.50000000000001,8.30000000000001));
#2538=CARTESIAN_POINT('',(-19.6,9.50000000000001,0.699999999999984));
#2539=CARTESIAN_POINT('',(-19.6,9.50000000000001,0.699999999999984));
#2540=CARTESIAN_POINT('',(-19.6,9.50000000000001,-8.88178419700125E-16));
#2541=CARTESIAN_POINT('',(-19.6,6.40000000000001,-0.300000000000002));
#2542=CARTESIAN_POINT('',(-19.6,6.40000000000001,-0.300000000000002));
#2543=CARTESIAN_POINT('',(-19.6,-1.59999999999999,-0.300000000000002));
#2544=CARTESIAN_POINT('',(-19.6,-1.59999999999999,-0.300000000000002));
#2545=CARTESIAN_POINT('',(-19.6,-1.59999999999999,-0.300000000000002));
#2546=CARTESIAN_POINT('Origin',(-19.4,-4.09999999999999,9.10000000000001));
#2547=CARTESIAN_POINT('Origin',(-19.4,9.50000000000001,9.10000000000001));
#2548=CARTESIAN_POINT('Origin',(-14.4,-4.09999999999999,9.1));
#2549=CARTESIAN_POINT('Origin',(-14.4,9.50000000000001,9.1));
#2550=CARTESIAN_POINT('Origin',(-15.3,-4.10147367097486,9.3));
#2551=CARTESIAN_POINT('',(-18.5,-4.10147367097486,9.3));
#2552=CARTESIAN_POINT('',(-18.5,-4.10147367097486,9.3));
#2553=CARTESIAN_POINT('',(-15.3,-4.10147367097486,9.3));
#2554=CARTESIAN_POINT('',(-15.3,-4.10147367097486,9.3));
#2555=CARTESIAN_POINT('',(-15.3,-4.10147367097486,9.3));
#2556=CARTESIAN_POINT('Origin',(-15.3,-1.58999999999999,10.75));
#2557=CARTESIAN_POINT('',(-18.5,-1.58999999999999,10.75));
#2558=CARTESIAN_POINT('',(-18.5,-1.58999999999999,10.75));
#2559=CARTESIAN_POINT('',(-15.3,-1.58999999999999,10.75));
#2560=CARTESIAN_POINT('',(-15.3,-1.58999999999999,10.75));
#2561=CARTESIAN_POINT('',(-15.3,-1.58999999999999,10.75));
#2562=CARTESIAN_POINT('Origin',(-15.3,-0.589999999999993,9.3));
#2563=CARTESIAN_POINT('',(-18.5,-0.589999999999993,10.75));
#2564=CARTESIAN_POINT('',(-18.5,-0.589999999999993,9.3));
#2565=CARTESIAN_POINT('',(-15.3,-0.589999999999993,10.75));
#2566=CARTESIAN_POINT('',(-15.3,-0.589999999999993,10.75));
#2567=CARTESIAN_POINT('',(-15.3,-0.589999999999993,9.3));
#2568=CARTESIAN_POINT('Origin',(-15.3,-0.589999999999993,10.75));
#2569=CARTESIAN_POINT('',(-18.5,-0.589999999999993,10.75));
#2570=CARTESIAN_POINT('',(-15.3,-0.589999999999993,10.75));
#2571=CARTESIAN_POINT('Origin',(-15.3,0.,0.));
#2572=CARTESIAN_POINT('Origin',(-18.5,0.,0.));
#2573=CARTESIAN_POINT('Origin',(-18.6,6.40000000000001,-0.300000000000002));
#2574=CARTESIAN_POINT('',(-18.6,-1.59999999999999,-0.300000000000002));
#2575=CARTESIAN_POINT('',(-18.6,-1.59999999999999,-0.300000000000002));
#2576=CARTESIAN_POINT('',(-18.6,6.40000000000001,-0.300000000000002));
#2577=CARTESIAN_POINT('',(-18.6,6.40000000000001,-0.300000000000002));
#2578=CARTESIAN_POINT('',(-18.6,6.40000000000001,-0.300000000000002));
#2579=CARTESIAN_POINT('Origin',(-18.6,-1.59999999999999,-0.300000000000002));
#2580=CARTESIAN_POINT('',(-18.6,-1.59999999999999,-0.300000000000002));
#2581=CARTESIAN_POINT('Origin',(-19.6,6.40000000000001,-0.300000000000002));
#2582=CARTESIAN_POINT('',(-19.6,6.40000000000001,-0.300000000000002));
#2583=CARTESIAN_POINT('Origin',(-3.65561899986709E-17,-1.24479294045741E-46,
-0.300000000000002));
#2584=CARTESIAN_POINT('Origin',(-14.2,-1.59999999999999,-0.300000000000002));
#2585=CARTESIAN_POINT('',(-15.2,-1.59999999999999,-0.300000000000002));
#2586=CARTESIAN_POINT('',(-15.2,-1.59999999999999,-0.300000000000002));
#2587=CARTESIAN_POINT('',(-14.2,-1.59999999999999,-0.300000000000002));
#2588=CARTESIAN_POINT('Origin',(-15.2,-1.59999999999999,-0.300000000000002));
#2589=CARTESIAN_POINT('',(-15.2,6.40000000000001,-0.300000000000002));
#2590=CARTESIAN_POINT('',(-15.2,6.40000000000001,-0.300000000000002));
#2591=CARTESIAN_POINT('',(-15.2,-1.59999999999999,-0.300000000000002));
#2592=CARTESIAN_POINT('Origin',(-15.2,6.40000000000001,-0.300000000000002));
#2593=CARTESIAN_POINT('',(-15.2,6.40000000000001,-0.300000000000002));
#2594=CARTESIAN_POINT('Origin',(-3.65561899986709E-17,-1.09452863096145E-46,
-0.300000000000002));
#2595=CARTESIAN_POINT('Origin',(-14.2,9.50000000000001,8.3));
#2596=CARTESIAN_POINT('',(-15.9,9.50000000000001,8.30000000000001));
#2597=CARTESIAN_POINT('',(-15.9,9.50000000000001,8.30000000000001));
#2598=CARTESIAN_POINT('',(-14.2,9.50000000000001,8.3));
#2599=CARTESIAN_POINT('Origin',(-15.9,9.50000000000001,8.30000000000001));
#2600=CARTESIAN_POINT('',(-15.9,9.50000000000001,8.30000000000001));
#2601=CARTESIAN_POINT('Origin',(-14.4,9.50000000000001,9.1));
#2602=CARTESIAN_POINT('Origin',(-15.9,9.50000000000001,-2.1094237467878E-15));
#2603=CARTESIAN_POINT('',(-15.9,9.50000000000001,0.700000000000001));
#2604=CARTESIAN_POINT('',(-15.9,9.50000000000001,0.700000000000001));
#2605=CARTESIAN_POINT('',(-15.9,9.50000000000001,-2.1094237467878E-15));
#2606=CARTESIAN_POINT('Origin',(-15.9,9.50000000000001,0.700000000000001));
#2607=CARTESIAN_POINT('',(-15.9,9.50000000000001,0.700000000000001));
#2608=CARTESIAN_POINT('Origin',(0.,9.50000000000001,0.));
#2609=CARTESIAN_POINT('Origin',(-17.9,9.50000000000001,9.3));
#2610=CARTESIAN_POINT('',(-17.9,9.50000000000001,9.3));
#2611=CARTESIAN_POINT('Origin',(-19.4,9.50000000000001,9.10000000000001));
#2612=CARTESIAN_POINT('Origin',(-17.9,9.50000000000001,0.699999999999983));
#2613=CARTESIAN_POINT('',(-17.9,9.50000000000001,0.699999999999983));
#2614=CARTESIAN_POINT('',(-17.9,9.50000000000001,0.699999999999983));
#2615=CARTESIAN_POINT('',(-17.9,9.50000000000001,0.699999999999983));
#2616=CARTESIAN_POINT('Origin',(-19.6,9.50000000000001,0.699999999999985));
#2617=CARTESIAN_POINT('',(-19.6,9.50000000000001,0.699999999999985));
#2618=CARTESIAN_POINT('Origin',(0.,9.50000000000001,0.));
#2619=CARTESIAN_POINT('Origin',(-15.1,5.00000000000001,8.60000000000002));
#2620=CARTESIAN_POINT('',(-15.1,-3.89999999999999,8.60000000000002));
#2621=CARTESIAN_POINT('',(-15.1,5.00000000000001,8.60000000000002));
#2622=CARTESIAN_POINT('',(-18.7,-3.89999999999999,8.60000000000002));
#2623=CARTESIAN_POINT('',(-15.1,-3.89999999999999,8.60000000000002));
#2624=CARTESIAN_POINT('',(-18.7,5.00000000000001,8.60000000000002));
#2625=CARTESIAN_POINT('Origin',(-18.7,5.00000000000001,8.60000000000002));
#2626=CARTESIAN_POINT('',(-18.7,-3.89999999999999,5.00000000000002));
#2627=CARTESIAN_POINT('',(-18.7,-3.89999999999999,8.60000000000002));
#2628=CARTESIAN_POINT('',(-18.7,5.00000000000001,5.00000000000002));
#2629=CARTESIAN_POINT('Origin',(-18.7,5.00000000000001,5.00000000000002));
#2630=CARTESIAN_POINT('',(-15.96,-3.89999999999999,5.00000000000002));
#2631=CARTESIAN_POINT('',(-15.96,3.90000000000001,5.00000000000002));
#2632=CARTESIAN_POINT('',(-15.96,-4.09999999999999,5.00000000000002));
#2633=CARTESIAN_POINT('',(-15.1,3.90000000000001,5.00000000000002));
#2634=CARTESIAN_POINT('',(-15.96,3.90000000000001,5.00000000000002));
#2635=CARTESIAN_POINT('',(-15.1,5.00000000000001,5.00000000000002));
#2636=CARTESIAN_POINT('',(-18.7,-3.89999999999999,5.00000000000002));
#2637=CARTESIAN_POINT('Origin',(-15.1,5.00000000000001,0.800000000000024));
#2638=CARTESIAN_POINT('',(-15.1,-3.89999999999999,0.800000000000024));
#2639=CARTESIAN_POINT('',(-15.1,-3.89999999999999,0.800000000000024));
#2640=CARTESIAN_POINT('',(-15.1,3.90000000000001,4.40000000000002));
#2641=CARTESIAN_POINT('',(-15.1,3.90000000000001,5.00000000000002));
#2642=CARTESIAN_POINT('',(-15.1,3.90000000000001,4.40000000000002));
#2643=CARTESIAN_POINT('',(-15.1,5.00000000000001,0.800000000000024));
#2644=CARTESIAN_POINT('Origin',(-15.8,5.00000000000001,4.40000000000003));
#2645=CARTESIAN_POINT('',(-15.96,3.90000000000001,4.40000000000002));
#2646=CARTESIAN_POINT('',(-15.96,3.90000000000001,4.40000000000002));
#2647=CARTESIAN_POINT('',(-15.96,-3.89999999999999,4.40000000000003));
#2648=CARTESIAN_POINT('',(-15.96,5.00000000000001,4.40000000000003));
#2649=CARTESIAN_POINT('',(-18.,-3.89999999999999,4.40000000000003));
#2650=CARTESIAN_POINT('',(-15.8,-3.89999999999999,4.40000000000003));
#2651=CARTESIAN_POINT('',(-18.,5.00000000000001,4.40000000000003));
#2652=CARTESIAN_POINT('Origin',(-18.,5.00000000000001,4.40000000000003));
#2653=CARTESIAN_POINT('',(-18.7,-3.89999999999999,3.70000000000002));
#2654=CARTESIAN_POINT('',(-18.,-3.89999999999999,4.40000000000003));
#2655=CARTESIAN_POINT('',(-18.7,5.00000000000001,3.70000000000002));
#2656=CARTESIAN_POINT('Origin',(-18.7,5.00000000000001,3.70000000000002));
#2657=CARTESIAN_POINT('',(-18.7,-3.89999999999999,0.800000000000024));
#2658=CARTESIAN_POINT('',(-18.7,-3.89999999999999,3.70000000000002));
#2659=CARTESIAN_POINT('',(-18.7,5.00000000000001,0.800000000000024));
#2660=CARTESIAN_POINT('Origin',(-18.7,5.00000000000001,0.800000000000024));
#2661=CARTESIAN_POINT('',(-18.7,-3.89999999999999,0.800000000000024));
#2662=CARTESIAN_POINT('Origin',(0.,-0.139999999999993,0.));
#2663=CARTESIAN_POINT('',(-16.763,-0.139999999999993,6.66300000000003));
#2664=CARTESIAN_POINT('',(-16.763,-0.139999999999993,6.93700000000003));
#2665=CARTESIAN_POINT('',(-16.763,-0.139999999999993,0.));
#2666=CARTESIAN_POINT('',(-17.037,-0.139999999999993,6.93700000000003));
#2667=CARTESIAN_POINT('',(1.68069507721384E-14,-0.139999999999993,6.93699999999999));
#2668=CARTESIAN_POINT('',(-17.037,-0.139999999999993,6.66300000000003));
#2669=CARTESIAN_POINT('',(-17.037,-0.139999999999993,5.50362827936999E-14));
#2670=CARTESIAN_POINT('',(1.61431040788176E-14,-0.139999999999993,6.66299999999999));
#2671=CARTESIAN_POINT('Origin',(-17.437,13.16,7.33700000000003));
#2672=CARTESIAN_POINT('',(-17.437,0.560000000000008,7.33700000000003));
#2673=CARTESIAN_POINT('',(-17.437,13.16,7.33700000000003));
#2674=CARTESIAN_POINT('',(-16.363,0.560000000000008,7.33700000000003));
#2675=CARTESIAN_POINT('',(-17.437,0.560000000000008,7.33700000000003));
#2676=CARTESIAN_POINT('',(-16.363,13.16,7.33700000000003));
#2677=CARTESIAN_POINT('Origin',(-17.437,13.16,6.26300000000003));
#2678=CARTESIAN_POINT('',(-17.437,0.560000000000008,6.26300000000003));
#2679=CARTESIAN_POINT('',(-17.437,13.16,6.26300000000003));
#2680=CARTESIAN_POINT('',(-17.437,0.560000000000008,6.26300000000003));
#2681=CARTESIAN_POINT('Origin',(-16.363,13.16,6.26300000000003));
#2682=CARTESIAN_POINT('',(-16.363,0.560000000000008,6.26300000000003));
#2683=CARTESIAN_POINT('',(-16.363,13.16,6.26300000000003));
#2684=CARTESIAN_POINT('',(-16.363,0.560000000000008,6.26300000000003));
#2685=CARTESIAN_POINT('Origin',(-16.363,13.16,7.33700000000003));
#2686=CARTESIAN_POINT('',(-16.363,0.560000000000008,7.33700000000003));
#2687=CARTESIAN_POINT('Origin',(-16.363,13.16,7.33700000000003));
#2688=CARTESIAN_POINT('',(-16.363,12.46,6.26300000000003));
#2689=CARTESIAN_POINT('',(-16.363,13.16,6.26300000000003));
#2690=CARTESIAN_POINT('',(-16.363,12.46,7.33700000000003));
#2691=CARTESIAN_POINT('',(-16.363,12.46,7.33700000000003));
#2692=CARTESIAN_POINT('',(-16.363,13.16,7.33700000000003));
#2693=CARTESIAN_POINT('Origin',(-16.363,13.16,6.26300000000003));
#2694=CARTESIAN_POINT('',(-17.437,12.46,6.26300000000003));
#2695=CARTESIAN_POINT('',(-17.437,13.16,6.26300000000003));
#2696=CARTESIAN_POINT('',(-16.363,12.46,6.26300000000003));
#2697=CARTESIAN_POINT('Origin',(-17.437,13.16,6.26300000000003));
#2698=CARTESIAN_POINT('',(-17.437,12.46,7.33700000000003));
#2699=CARTESIAN_POINT('',(-17.437,13.16,7.33700000000003));
#2700=CARTESIAN_POINT('',(-17.437,12.46,6.26300000000003));
#2701=CARTESIAN_POINT('Origin',(-17.437,13.16,7.33700000000003));
#2702=CARTESIAN_POINT('',(-17.437,12.46,7.33700000000003));
#2703=CARTESIAN_POINT('Origin',(0.,13.16,0.));
#2704=CARTESIAN_POINT('',(-17.037,13.16,6.66300000000003));
#2705=CARTESIAN_POINT('',(-17.037,13.16,6.93700000000003));
#2706=CARTESIAN_POINT('',(-17.037,13.16,7.33700000000003));
#2707=CARTESIAN_POINT('',(-16.763,13.16,6.93700000000003));
#2708=CARTESIAN_POINT('',(-16.363,13.16,6.93700000000003));
#2709=CARTESIAN_POINT('',(-16.763,13.16,6.66300000000003));
#2710=CARTESIAN_POINT('',(-16.763,13.16,6.26300000000003));
#2711=CARTESIAN_POINT('',(-17.437,13.16,6.66300000000003));
#2712=CARTESIAN_POINT('Origin',(0.,-0.139999999999993,0.));
#2713=CARTESIAN_POINT('',(-16.763,-0.139999999999993,2.46300000000003));
#2714=CARTESIAN_POINT('',(-16.763,-0.139999999999993,2.73700000000003));
#2715=CARTESIAN_POINT('',(-16.7630000000001,-0.139999999999993,4.87360384823453E-13));
#2716=CARTESIAN_POINT('',(-17.037,-0.139999999999993,2.73700000000003));
#2717=CARTESIAN_POINT('',(7.73639829521402E-15,-0.139999999999993,2.73699999999998));
#2718=CARTESIAN_POINT('',(-17.037,-0.139999999999993,2.46300000000003));
#2719=CARTESIAN_POINT('',(-17.037,-0.139999999999993,5.50362827936999E-14));
#2720=CARTESIAN_POINT('',(3.9782345636229E-15,-0.139999999999993,2.463));
#2721=CARTESIAN_POINT('Origin',(-17.437,13.16,3.13700000000003));
#2722=CARTESIAN_POINT('',(-17.437,0.560000000000008,3.13700000000003));
#2723=CARTESIAN_POINT('',(-17.437,13.16,3.13700000000003));
#2724=CARTESIAN_POINT('',(-16.363,0.560000000000008,3.13700000000003));
#2725=CARTESIAN_POINT('',(-17.437,0.560000000000008,3.13700000000003));
#2726=CARTESIAN_POINT('',(-16.363,13.16,3.13700000000003));
#2727=CARTESIAN_POINT('Origin',(-17.437,13.16,2.06300000000003));
#2728=CARTESIAN_POINT('',(-17.437,0.560000000000008,2.06300000000003));
#2729=CARTESIAN_POINT('',(-17.437,13.16,2.06300000000003));
#2730=CARTESIAN_POINT('',(-17.437,0.560000000000008,2.06300000000003));
#2731=CARTESIAN_POINT('Origin',(-16.363,13.16,2.06300000000003));
#2732=CARTESIAN_POINT('',(-16.363,0.560000000000008,2.06300000000003));
#2733=CARTESIAN_POINT('',(-16.363,13.16,2.06300000000003));
#2734=CARTESIAN_POINT('',(-16.363,0.560000000000008,2.06300000000003));
#2735=CARTESIAN_POINT('Origin',(-16.363,13.16,3.13700000000003));
#2736=CARTESIAN_POINT('',(-16.363,0.560000000000008,3.13700000000003));
#2737=CARTESIAN_POINT('Origin',(-16.363,13.16,3.13700000000003));
#2738=CARTESIAN_POINT('',(-16.363,12.46,2.06300000000003));
#2739=CARTESIAN_POINT('',(-16.363,13.16,2.06300000000003));
#2740=CARTESIAN_POINT('',(-16.363,12.46,3.13700000000003));
#2741=CARTESIAN_POINT('',(-16.363,12.46,3.13700000000003));
#2742=CARTESIAN_POINT('',(-16.363,13.16,3.13700000000003));
#2743=CARTESIAN_POINT('Origin',(-16.363,13.16,2.06300000000003));
#2744=CARTESIAN_POINT('',(-17.437,12.46,2.06300000000003));
#2745=CARTESIAN_POINT('',(-17.437,13.16,2.06300000000003));
#2746=CARTESIAN_POINT('',(-16.363,12.46,2.06300000000003));
#2747=CARTESIAN_POINT('Origin',(-17.437,13.16,2.06300000000003));
#2748=CARTESIAN_POINT('',(-17.437,12.46,3.13700000000003));
#2749=CARTESIAN_POINT('',(-17.437,13.16,3.13700000000003));
#2750=CARTESIAN_POINT('',(-17.437,12.46,2.06300000000003));
#2751=CARTESIAN_POINT('Origin',(-17.437,13.16,3.13700000000003));
#2752=CARTESIAN_POINT('',(-17.437,12.46,3.13700000000003));
#2753=CARTESIAN_POINT('Origin',(0.,13.16,0.));
#2754=CARTESIAN_POINT('',(-17.037,13.16,2.46300000000003));
#2755=CARTESIAN_POINT('',(-17.037,13.16,2.73700000000003));
#2756=CARTESIAN_POINT('',(-17.037,13.16,3.13700000000003));
#2757=CARTESIAN_POINT('',(-16.763,13.16,2.73700000000003));
#2758=CARTESIAN_POINT('',(-16.363,13.16,2.73700000000003));
#2759=CARTESIAN_POINT('',(-16.763,13.16,2.46300000000003));
#2760=CARTESIAN_POINT('',(-16.763,13.16,2.06300000000004));
#2761=CARTESIAN_POINT('',(-17.437,13.16,2.46300000000003));
#2762=CARTESIAN_POINT('Origin',(-18.7,-3.89999999999999,0.800000000000024));
#2763=CARTESIAN_POINT('',(-18.7,-3.89999999999999,0.800000000000024));
#2764=CARTESIAN_POINT('',(-15.1,-3.89999999999999,0.800000000000024));
#2765=CARTESIAN_POINT('Origin',(-15.1,-3.89999999999999,0.800000000000024));
#2766=CARTESIAN_POINT('',(-15.1,-3.89999999999999,8.60000000000002));
#2767=CARTESIAN_POINT('Origin',(-18.7,-3.89999999999999,3.70000000000002));
#2768=CARTESIAN_POINT('',(-18.7,-3.89999999999999,3.70000000000002));
#2769=CARTESIAN_POINT('Origin',(-18.,-3.89999999999999,4.40000000000003));
#2770=CARTESIAN_POINT('',(-17.8261811381696,-3.48036414637278,3.98036414637282));
#2771=CARTESIAN_POINT('Origin',(-15.8,-3.89999999999999,4.40000000000003));
#2772=CARTESIAN_POINT('',(-15.96,-3.89999999999999,4.40000000000003));
#2773=CARTESIAN_POINT('Origin',(-15.1,-3.89999999999999,8.60000000000002));
#2774=CARTESIAN_POINT('',(-18.7,-3.89999999999999,8.60000000000002));
#2775=CARTESIAN_POINT('Origin',(-18.7,-3.89999999999999,5.00000000000002));
#2776=CARTESIAN_POINT('',(-15.96,-3.89999999999999,5.00000000000002));
#2777=CARTESIAN_POINT('',(-17.5,-2.69999999999997,6.20000000000004));
#2778=CARTESIAN_POINT('Origin',(-18.7,-3.89999999999999,8.60000000000002));
#2779=CARTESIAN_POINT('Origin',(-16.363,0.560000000000008,2.06300000000003));
#2780=CARTESIAN_POINT('',(-16.5751481481481,0.188740740740756,2.27514814814817));
#2781=CARTESIAN_POINT('',(-17.2248518518518,0.188740740740757,2.27514814814817));
#2782=CARTESIAN_POINT('Origin',(-17.437,0.560000000000008,2.06300000000003));
#2783=CARTESIAN_POINT('',(-17.2248518518518,0.188740740740751,2.92485185185188));
#2784=CARTESIAN_POINT('Origin',(-16.363,0.560000000000008,3.13700000000003));
#2785=CARTESIAN_POINT('',(-16.363,0.560000000000008,3.13700000000003));
#2786=CARTESIAN_POINT('Origin',(-17.437,0.560000000000008,3.13700000000003));
#2787=CARTESIAN_POINT('Origin',(-16.363,0.560000000000008,6.26300000000003));
#2788=CARTESIAN_POINT('',(-16.5751481481481,0.18874074074075,6.47514814814817));
#2789=CARTESIAN_POINT('',(-17.2248518518518,0.18874074074075,6.47514814814817));
#2790=CARTESIAN_POINT('Origin',(-17.437,0.560000000000008,6.26300000000003));
#2791=CARTESIAN_POINT('',(-17.2248518518518,0.188740740740748,7.12485185185188));
#2792=CARTESIAN_POINT('Origin',(-16.363,0.560000000000008,7.33700000000003));
#2793=CARTESIAN_POINT('',(-16.363,0.560000000000008,7.33700000000003));
#2794=CARTESIAN_POINT('Origin',(-17.437,0.560000000000008,7.33700000000003));
#2795=CARTESIAN_POINT('Origin',(3.9782345636229E-15,13.16,2.463));
#2796=CARTESIAN_POINT('',(-16.2764814814816,12.3085925925928,1.97648148148161));
#2797=CARTESIAN_POINT('',(-13.6716666666666,19.0493333333334,5.82833333333338));
#2798=CARTESIAN_POINT('Origin',(-17.037,13.16,5.50362827936999E-14));
#2799=CARTESIAN_POINT('',(-16.4963580246913,14.1061234567901,2.19635802469139));
#2800=CARTESIAN_POINT('Origin',(-16.7630000000001,13.16,4.87360384823453E-13));
#2801=CARTESIAN_POINT('',(-17.3036419753086,14.10612345679,2.19635802469147));
#2802=CARTESIAN_POINT('Origin',(7.73639829521402E-15,13.16,2.73699999999998));
#2803=CARTESIAN_POINT('Origin',(1.61431040788176E-14,13.16,6.66299999999999));
#2804=CARTESIAN_POINT('',(-15.4468518518518,10.8567407407407,5.34685185185187));
#2805=CARTESIAN_POINT('',(-13.6716666666667,19.0493333333333,10.0283333333333));
#2806=CARTESIAN_POINT('Origin',(-17.037,13.16,5.50362827936999E-14));
#2807=CARTESIAN_POINT('',(-15.6667283950617,15.557975308642,5.56672839506175));
#2808=CARTESIAN_POINT('Origin',(-16.763,13.16,0.));
#2809=CARTESIAN_POINT('',(-18.1332716049383,15.557975308642,5.56672839506175));
#2810=CARTESIAN_POINT('Origin',(1.68069507721384E-14,13.16,6.93699999999999));
#2811=CARTESIAN_POINT('Origin',(-18.65,11.2,8.06));
#2812=CARTESIAN_POINT('Origin',(-15.96,0.,0.));
#2813=CARTESIAN_POINT('',(-15.96,3.90000000000001,5.00000000000002));
#2814=CARTESIAN_POINT('Origin',(-15.96,3.90000000000001,5.00000000000002));
#2815=UNCERTAINTY_MEASURE_WITH_UNIT(LENGTH_MEASURE(0.01),#2819,
'DISTANCE_ACCURACY_VALUE',
'Maximum model space distance between geometric entities at asserted c
onnectivities');
#2816=UNCERTAINTY_MEASURE_WITH_UNIT(LENGTH_MEASURE(0.01),#2819,
'DISTANCE_ACCURACY_VALUE',
'Maximum model space distance between geometric entities at asserted c
onnectivities');
#2817=(
GEOMETRIC_REPRESENTATION_CONTEXT(3)
GLOBAL_UNCERTAINTY_ASSIGNED_CONTEXT((#2815))
GLOBAL_UNIT_ASSIGNED_CONTEXT((#2819,#2821,#2822))
REPRESENTATION_CONTEXT('','3D')
);
#2818=(
GEOMETRIC_REPRESENTATION_CONTEXT(3)
GLOBAL_UNCERTAINTY_ASSIGNED_CONTEXT((#2816))
GLOBAL_UNIT_ASSIGNED_CONTEXT((#2819,#2821,#2822))
REPRESENTATION_CONTEXT('','3D')
);
#2819=(
LENGTH_UNIT()
NAMED_UNIT(*)
SI_UNIT(.MILLI.,.METRE.)
);
#2820=(
LENGTH_UNIT()
NAMED_UNIT(*)
SI_UNIT($,.METRE.)
);
#2821=(
NAMED_UNIT(*)
PLANE_ANGLE_UNIT()
SI_UNIT($,.RADIAN.)
);
#2822=(
NAMED_UNIT(*)
SI_UNIT($,.STERADIAN.)
SOLID_ANGLE_UNIT()
);
#2823=SHAPE_DEFINITION_REPRESENTATION(#2824,#2825);
#2824=PRODUCT_DEFINITION_SHAPE('',$,#2827);
#2825=SHAPE_REPRESENTATION('',(#1780),#2817);
#2826=PRODUCT_DEFINITION_CONTEXT('part definition',#2831,'design');
#2827=PRODUCT_DEFINITION('2125201002',
'METUPowerLab_Connectors_PowerConnectors_2125201002 v2',#2828,#2826);
#2828=PRODUCT_DEFINITION_FORMATION('',$,#2833);
#2829=PRODUCT_RELATED_PRODUCT_CATEGORY(
'METUPowerLab_Connectors_PowerConnectors_2125201002 v2',
'METUPowerLab_Connectors_PowerConnectors_2125201002 v2',(#2833));
#2830=APPLICATION_PROTOCOL_DEFINITION('international standard',
'automotive_design',2009,#2831);
#2831=APPLICATION_CONTEXT(
'Core Data for Automotive Mechanical Design Process');
#2832=PRODUCT_CONTEXT('part definition',#2831,'mechanical');
#2833=PRODUCT('2125201002',
'METUPowerLab_Connectors_PowerConnectors_2125201002 v2','STEP AP242',(#2832));
#2834=PRESENTATION_STYLE_ASSIGNMENT((#2837));
#2835=PRESENTATION_STYLE_ASSIGNMENT((#2838));
#2836=PRESENTATION_STYLE_ASSIGNMENT((#2839));
#2837=SURFACE_STYLE_USAGE(.BOTH.,#2840);
#2838=SURFACE_STYLE_USAGE(.BOTH.,#2841);
#2839=SURFACE_STYLE_USAGE(.BOTH.,#2842);
#2840=SURFACE_SIDE_STYLE('',(#2843));
#2841=SURFACE_SIDE_STYLE('',(#2844));
#2842=SURFACE_SIDE_STYLE('',(#2845));
#2843=SURFACE_STYLE_FILL_AREA(#2846);
#2844=SURFACE_STYLE_FILL_AREA(#2847);
#2845=SURFACE_STYLE_FILL_AREA(#2848);
#2846=FILL_AREA_STYLE('Steel - Satin',(#2849));
#2847=FILL_AREA_STYLE(
'EPX 150 - Air Baked (with Carbon M2 M3 L1 3D Printers)',(#2850));
#2848=FILL_AREA_STYLE('Polymide (Kapton)',(#2851));
#2849=FILL_AREA_STYLE_COLOUR('Steel - Satin',#2852);
#2850=FILL_AREA_STYLE_COLOUR(
'EPX 150 - Air Baked (with Carbon M2 M3 L1 3D Printers)',#2853);
#2851=FILL_AREA_STYLE_COLOUR('Polymide (Kapton)',#2854);
#2852=COLOUR_RGB('Steel - Satin',0.627450980392157,0.627450980392157,0.627450980392157);
#2853=COLOUR_RGB(
'EPX 150 - Air Baked (with Carbon M2 M3 L1 3D Printers)',0.247058823529412,
0.247058823529412,0.247058823529412);
#2854=COLOUR_RGB('Polymide (Kapton)',0.784313725490196,0.556862745098039,
0.0274509803921569);
ENDSEC;
END-ISO-10303-21;
