ISO-10303-21;
HEADER;
/* Generated by software containing ST-Developer
 * from STEP Tools, Inc. (www.steptools.com) 
 */

FILE_DESCRIPTION(
/* description */ ('CATIA V5 STEP Exchange'),
/* implementation_level */ '2;1');

FILE_NAME(
/* name */ 'METUPowerLab_Connectors_PowerConnectors_XT30(2+2)PW-M.step',

/* time_stamp */ '2025-09-14T18:49:35+03:00',
/* author */ (''),
/* organization */ (''),
/* preprocessor_version */ 'ST-DEVELOPER v20.1',
/* originating_system */ 'Autodesk Translation Framework v14.10.0.0',
/* authorisation */ '');

FILE_SCHEMA (('AUTOMOTIVE_DESIGN { 1 0 10303 214 3 1 1 }'));
ENDSEC;

DATA;
#10=MECHANICAL_DESIGN_GEOMETRIC_PRESENTATION_REPRESENTATION('',(#67,#68,
#69,#70,#71,#72,#73,#74,#75,#76,#77,#78,#79,#80,#81,#82,#83,#84,#85,#86,
#87,#88,#89,#90,#91,#92,#93,#94,#95,#96,#97,#98,#99,#100,#101,#102,#103,
#104,#105,#106,#107,#108,#109,#110,#111,#112,#113,#114,#115,#116,#117,#118,
#119,#120,#121,#122,#123,#124,#125,#126,#127,#128,#129,#130,#131,#132,#133,
#134,#135,#136,#137,#138,#139,#140,#141,#142,#143,#144,#145,#146,#147,#148,
#149,#150,#151,#152,#153,#154,#155,#156,#157),#15471);
#11=SHAPE_REPRESENTATION_RELATIONSHIP('SRR','None',#15478,#12);
#12=ADVANCED_BREP_SHAPE_REPRESENTATION('',(#158,#159,#160),#15470);
#13=(
BOUNDED_SURFACE()
B_SPLINE_SURFACE(3,3,((#13645,#13646,#13647,#13648),(#13649,#13650,#13651,
#13652),(#13653,#13654,#13655,#13656),(#13657,#13658,#13659,#13660),(#13661,
#13662,#13663,#13664),(#13665,#13666,#13667,#13668),(#13669,#13670,#13671,
#13672),(#13673,#13674,#13675,#13676)),.UNSPECIFIED.,.F.,.F.,.F.)
B_SPLINE_SURFACE_WITH_KNOTS((4,1,1,1,1,4),(4,4),(0.0128361876591,0.339640268054,
0.684138956176,1.0286376443,1.36075827747,1.36884581001),(0.,0.959472534488),
 .UNSPECIFIED.)
GEOMETRIC_REPRESENTATION_ITEM()
RATIONAL_B_SPLINE_SURFACE(((1.,0.852961895123,0.852961895123,1.),(1.,0.852961895123,
0.852961895123,1.),(1.,0.852961895123,0.852961895123,1.),(1.,0.852961895123,
0.852961895123,1.),(1.,0.852961895123,0.852961895123,1.),(1.,0.852961895123,
0.852961895123,1.),(1.,0.852961895123,0.852961895123,1.),(1.,0.852961895123,
0.852961895123,1.)))
REPRESENTATION_ITEM('')
SURFACE()
);
#14=(
BOUNDED_SURFACE()
B_SPLINE_SURFACE(3,3,((#13677,#13678,#13679,#13680),(#13681,#13682,#13683,
#13684),(#13685,#13686,#13687,#13688),(#13689,#13690,#13691,#13692),(#13693,
#13694,#13695,#13696),(#13697,#13698,#13699,#13700),(#13701,#13702,#13703,
#13704),(#13705,#13706,#13707,#13708)),.UNSPECIFIED.,.F.,.F.,.F.)
B_SPLINE_SURFACE_WITH_KNOTS((4,1,1,1,1,4),(4,4),(0.0128361876525,0.339640267713,
0.684138956015,1.02863764432,1.36075827766,1.3688458102),(0.,0.95947253452),
 .UNSPECIFIED.)
GEOMETRIC_REPRESENTATION_ITEM()
RATIONAL_B_SPLINE_SURFACE(((1.,0.852961895118,0.852961895118,1.),(1.,0.852961895118,
0.852961895118,1.),(1.,0.852961895118,0.852961895118,1.),(1.,0.852961895118,
0.852961895118,1.),(1.,0.852961895118,0.852961895118,1.),(1.,0.852961895118,
0.852961895118,1.),(1.,0.852961895118,0.852961895118,1.),(1.,0.852961895118,
0.852961895118,1.)))
REPRESENTATION_ITEM('')
SURFACE()
);
#15=(
BOUNDED_SURFACE()
B_SPLINE_SURFACE(3,3,((#13709,#13710,#13711,#13712),(#13713,#13714,#13715,
#13716),(#13717,#13718,#13719,#13720),(#13721,#13722,#13723,#13724),(#13725,
#13726,#13727,#13728),(#13729,#13730,#13731,#13732),(#13733,#13734,#13735,
#13736),(#13737,#13738,#13739,#13740)),.UNSPECIFIED.,.F.,.F.,.F.)
B_SPLINE_SURFACE_WITH_KNOTS((4,1,1,1,1,4),(4,4),(0.0128361928182,0.339641152749,
0.684137271337,1.02863338992,1.36075154589,1.368839038),(0.,0.959364580203),
 .UNSPECIFIED.)
GEOMETRIC_REPRESENTATION_ITEM()
RATIONAL_B_SPLINE_SURFACE(((1.,0.852989031289,0.852989031289,1.),(1.,0.852989031289,
0.852989031289,1.),(1.,0.852989031289,0.852989031289,1.),(1.,0.852989031289,
0.852989031289,1.),(1.,0.852989031289,0.852989031289,1.),(1.,0.852989031289,
0.852989031289,1.),(1.,0.852989031289,0.852989031289,1.),(1.,0.852989031289,
0.852989031289,1.)))
REPRESENTATION_ITEM('')
SURFACE()
);
#16=(
BOUNDED_SURFACE()
B_SPLINE_SURFACE(3,3,((#13741,#13742,#13743,#13744),(#13745,#13746,#13747,
#13748),(#13749,#13750,#13751,#13752),(#13753,#13754,#13755,#13756),(#13757,
#13758,#13759,#13760),(#13761,#13762,#13763,#13764),(#13765,#13766,#13767,
#13768),(#13769,#13770,#13771,#13772)),.UNSPECIFIED.,.F.,.F.,.F.)
B_SPLINE_SURFACE_WITH_KNOTS((4,1,1,1,1,4),(4,4),(0.0128361928428,0.339641153223,
0.684137271647,1.02863339007,1.36075154588,1.36883903799),(0.,0.959364580193),
 .UNSPECIFIED.)
GEOMETRIC_REPRESENTATION_ITEM()
RATIONAL_B_SPLINE_SURFACE(((1.,0.85298903129,0.85298903129,1.),(1.,0.85298903129,
0.85298903129,1.),(1.,0.85298903129,0.85298903129,1.),(1.,0.85298903129,
0.85298903129,1.),(1.,0.85298903129,0.85298903129,1.),(1.,0.85298903129,
0.85298903129,1.),(1.,0.85298903129,0.85298903129,1.),(1.,0.85298903129,
0.85298903129,1.)))
REPRESENTATION_ITEM('')
SURFACE()
);
#17=(
BOUNDED_SURFACE()
B_SPLINE_SURFACE(3,3,((#15340,#15341,#15342,#15343),(#15344,#15345,#15346,
#15347),(#15348,#15349,#15350,#15351),(#15352,#15353,#15354,#15355),(#15356,
#15357,#15358,#15359),(#15360,#15361,#15362,#15363),(#15364,#15365,#15366,
#15367),(#15368,#15369,#15370,#15371)),.UNSPECIFIED.,.F.,.F.,.F.)
B_SPLINE_SURFACE_WITH_KNOTS((4,1,1,1,1,4),(4,4),(0.0128361876591,0.339640268054,
0.684138956176,1.0286376443,1.36075827747,1.36884581001),(0.,0.959472534488),
 .UNSPECIFIED.)
GEOMETRIC_REPRESENTATION_ITEM()
RATIONAL_B_SPLINE_SURFACE(((1.,0.852961895123,0.852961895123,1.),(1.,0.852961895123,
0.852961895123,1.),(1.,0.852961895123,0.852961895123,1.),(1.,0.852961895123,
0.852961895123,1.),(1.,0.852961895123,0.852961895123,1.),(1.,0.852961895123,
0.852961895123,1.),(1.,0.852961895123,0.852961895123,1.),(1.,0.852961895123,
0.852961895123,1.)))
REPRESENTATION_ITEM('')
SURFACE()
);
#18=(
BOUNDED_SURFACE()
B_SPLINE_SURFACE(3,3,((#15372,#15373,#15374,#15375),(#15376,#15377,#15378,
#15379),(#15380,#15381,#15382,#15383),(#15384,#15385,#15386,#15387),(#15388,
#15389,#15390,#15391),(#15392,#15393,#15394,#15395),(#15396,#15397,#15398,
#15399),(#15400,#15401,#15402,#15403)),.UNSPECIFIED.,.F.,.F.,.F.)
B_SPLINE_SURFACE_WITH_KNOTS((4,1,1,1,1,4),(4,4),(0.0128361876525,0.339640267713,
0.684138956015,1.02863764432,1.36075827766,1.3688458102),(0.,0.95947253452),
 .UNSPECIFIED.)
GEOMETRIC_REPRESENTATION_ITEM()
RATIONAL_B_SPLINE_SURFACE(((1.,0.852961895118,0.852961895118,1.),(1.,0.852961895118,
0.852961895118,1.),(1.,0.852961895118,0.852961895118,1.),(1.,0.852961895118,
0.852961895118,1.),(1.,0.852961895118,0.852961895118,1.),(1.,0.852961895118,
0.852961895118,1.),(1.,0.852961895118,0.852961895118,1.),(1.,0.852961895118,
0.852961895118,1.)))
REPRESENTATION_ITEM('')
SURFACE()
);
#19=(
BOUNDED_SURFACE()
B_SPLINE_SURFACE(3,3,((#15404,#15405,#15406,#15407),(#15408,#15409,#15410,
#15411),(#15412,#15413,#15414,#15415),(#15416,#15417,#15418,#15419),(#15420,
#15421,#15422,#15423),(#15424,#15425,#15426,#15427),(#15428,#15429,#15430,
#15431),(#15432,#15433,#15434,#15435)),.UNSPECIFIED.,.F.,.F.,.F.)
B_SPLINE_SURFACE_WITH_KNOTS((4,1,1,1,1,4),(4,4),(0.0128361928182,0.339641152749,
0.684137271337,1.02863338992,1.36075154589,1.368839038),(0.,0.959364580203),
 .UNSPECIFIED.)
GEOMETRIC_REPRESENTATION_ITEM()
RATIONAL_B_SPLINE_SURFACE(((1.,0.852989031289,0.852989031289,1.),(1.,0.852989031289,
0.852989031289,1.),(1.,0.852989031289,0.852989031289,1.),(1.,0.852989031289,
0.852989031289,1.),(1.,0.852989031289,0.852989031289,1.),(1.,0.852989031289,
0.852989031289,1.),(1.,0.852989031289,0.852989031289,1.),(1.,0.852989031289,
0.852989031289,1.)))
REPRESENTATION_ITEM('')
SURFACE()
);
#20=(
BOUNDED_SURFACE()
B_SPLINE_SURFACE(3,3,((#15436,#15437,#15438,#15439),(#15440,#15441,#15442,
#15443),(#15444,#15445,#15446,#15447),(#15448,#15449,#15450,#15451),(#15452,
#15453,#15454,#15455),(#15456,#15457,#15458,#15459),(#15460,#15461,#15462,
#15463),(#15464,#15465,#15466,#15467)),.UNSPECIFIED.,.F.,.F.,.F.)
B_SPLINE_SURFACE_WITH_KNOTS((4,1,1,1,1,4),(4,4),(0.0128361928428,0.339641153223,
0.684137271647,1.02863339007,1.36075154588,1.36883903799),(0.,0.959364580193),
 .UNSPECIFIED.)
GEOMETRIC_REPRESENTATION_ITEM()
RATIONAL_B_SPLINE_SURFACE(((1.,0.85298903129,0.85298903129,1.),(1.,0.85298903129,
0.85298903129,1.),(1.,0.85298903129,0.85298903129,1.),(1.,0.85298903129,
0.85298903129,1.),(1.,0.85298903129,0.85298903129,1.),(1.,0.85298903129,
0.85298903129,1.),(1.,0.85298903129,0.85298903129,1.),(1.,0.85298903129,
0.85298903129,1.)))
REPRESENTATION_ITEM('')
SURFACE()
);
#21=B_SPLINE_CURVE_WITH_KNOTS('',5,(#13447,#13448,#13449,#13450,#13451,
#13452),.UNSPECIFIED.,.F.,.F.,(6,6),(0.,3.14560934606),.UNSPECIFIED.);
#22=B_SPLINE_CURVE_WITH_KNOTS('',3,(#13455,#13456,#13457,#13458,#13459,
#13460,#13461,#13462,#13463,#13464,#13465,#13466,#13467,#13468,#13469,#13470),
 .UNSPECIFIED.,.F.,.F.,(4,2,2,2,2,2,2,4),(-0.0895700531368987,-0.0866585164745963,
-0.0835138475874104,-0.0773318218419589,-0.060726359088214,-0.0358341904407664,
-0.0169730870366489,-5.00316593710082E-11),.UNSPECIFIED.);
#23=B_SPLINE_CURVE_WITH_KNOTS('',3,(#13474,#13475,#13476,#13477),
 .UNSPECIFIED.,.F.,.F.,(4,4),(0.,3.49921998562),.UNSPECIFIED.);
#24=B_SPLINE_CURVE_WITH_KNOTS('',3,(#13479,#13480,#13481,#13482,#13483,
#13484,#13485,#13486,#13487,#13488,#13489,#13490,#13491,#13492,#13493,#13494),
 .UNSPECIFIED.,.F.,.F.,(4,2,2,2,2,2,2,4),(-0.275438335383878,-0.215070581958891,
-0.148003599767189,-0.0755890201760489,-0.0320521225730691,-0.0158699510548283,
-0.00762922264873448,-1.00000005814893E-6),.UNSPECIFIED.);
#25=B_SPLINE_CURVE_WITH_KNOTS('',3,(#13499,#13500,#13501,#13502,#13503,
#13504,#13505,#13506,#13507,#13508,#13509,#13510,#13511,#13512,#13513,#13514),
 .UNSPECIFIED.,.F.,.F.,(4,2,2,2,2,2,2,4),(-0.275434665301576,-0.215067878414848,
-0.148001790947106,-0.0755877516859329,-0.032050975709423,-0.015868819797383,
-0.00762877168483425,-9.99946527191486E-7),.UNSPECIFIED.);
#26=B_SPLINE_CURVE_WITH_KNOTS('',5,(#13515,#13516,#13517,#13518,#13519,
#13520),.UNSPECIFIED.,.F.,.F.,(6,6),(0.,3.14560934546),.UNSPECIFIED.);
#27=B_SPLINE_CURVE_WITH_KNOTS('',3,(#13524,#13525,#13526,#13527),
 .UNSPECIFIED.,.F.,.F.,(4,4),(0.,3.49921998485),.UNSPECIFIED.);
#28=B_SPLINE_CURVE_WITH_KNOTS('',3,(#13529,#13530,#13531,#13532,#13533,
#13534,#13535,#13536,#13537,#13538,#13539,#13540,#13541,#13542,#13543,#13544),
 .UNSPECIFIED.,.F.,.F.,(4,2,2,2,2,2,2,4),(-0.275438336258589,-0.215070582534403,
-0.148003600117342,-0.0755890204696894,-0.0320521229734022,-0.0158699513053617,
-0.00762922273010197,-9.9995782215645E-7),.UNSPECIFIED.);
#29=B_SPLINE_CURVE_WITH_KNOTS('',3,(#13549,#13550,#13551,#13552,#13553,
#13554,#13555,#13556,#13557,#13558,#13559,#13560,#13561,#13562,#13563,#13564),
 .UNSPECIFIED.,.F.,.F.,(4,2,2,2,2,2,2,4),(-0.275434916561083,-0.215067862759329,
-0.148001472038901,-0.0755877096055643,-0.0320514417245451,-0.0158692176083492,
-0.00762901051185329,-9.99920327815484E-7),.UNSPECIFIED.);
#30=B_SPLINE_CURVE_WITH_KNOTS('',5,(#13565,#13566,#13567,#13568,#13569,
#13570),.UNSPECIFIED.,.F.,.F.,(6,6),(0.,3.14560590016),.UNSPECIFIED.);
#31=B_SPLINE_CURVE_WITH_KNOTS('',3,(#13574,#13575,#13576,#13577),
 .UNSPECIFIED.,.F.,.F.,(4,4),(0.,3.49922409061),.UNSPECIFIED.);
#32=B_SPLINE_CURVE_WITH_KNOTS('',3,(#13579,#13580,#13581,#13582,#13583,
#13584,#13585,#13586,#13587,#13588,#13589,#13590,#13591,#13592,#13593,#13594),
 .UNSPECIFIED.,.F.,.F.,(4,2,2,2,2,2,2,4),(-0.0895557380687462,-0.0866442168318231,
-0.0834999057770509,-0.0773194018533244,-0.0607160834535391,-0.0358286031397114,
-0.0169706136471507,-1.43933226448567E-10),.UNSPECIFIED.);
#33=B_SPLINE_CURVE_WITH_KNOTS('',5,(#13597,#13598,#13599,#13600,#13601,
#13602),.UNSPECIFIED.,.F.,.F.,(6,6),(0.,3.14560590054),.UNSPECIFIED.);
#34=B_SPLINE_CURVE_WITH_KNOTS('',3,(#13605,#13606,#13607,#13608,#13609,
#13610,#13611,#13612,#13613,#13614,#13615,#13616,#13617,#13618,#13619,#13620),
 .UNSPECIFIED.,.F.,.F.,(4,2,2,2,2,2,2,4),(-0.0895702598975776,-0.0866585138393441,
-0.0835136342288076,-0.0773314318369181,-0.0607264508631798,-0.0358343617429963,
-0.01697316746147,-8.05335936826523E-11),.UNSPECIFIED.);
#35=B_SPLINE_CURVE_WITH_KNOTS('',3,(#13623,#13624,#13625,#13626),
 .UNSPECIFIED.,.F.,.F.,(4,4),(0.,3.49922409064),.UNSPECIFIED.);
#36=B_SPLINE_CURVE_WITH_KNOTS('',3,(#13629,#13630,#13631,#13632,#13633,
#13634,#13635,#13636,#13637,#13638,#13639,#13640,#13641,#13642,#13643,#13644),
 .UNSPECIFIED.,.F.,.F.,(4,2,2,2,2,2,2,4),(-0.0895557391639691,-0.0866445876342476,
-0.0835002631137097,-0.0773197327011232,-0.0607163433201385,-0.03582875645477,
-0.0169706862443717,-1.37535829947133E-10),.UNSPECIFIED.);
#37=B_SPLINE_CURVE_WITH_KNOTS('',5,(#15142,#15143,#15144,#15145,#15146,
#15147),.UNSPECIFIED.,.F.,.F.,(6,6),(0.,3.14560934606),.UNSPECIFIED.);
#38=B_SPLINE_CURVE_WITH_KNOTS('',3,(#15150,#15151,#15152,#15153,#15154,
#15155,#15156,#15157,#15158,#15159,#15160,#15161,#15162,#15163,#15164,#15165),
 .UNSPECIFIED.,.F.,.F.,(4,2,2,2,2,2,2,4),(-0.0895700531313553,-0.0866585164693677,
-0.0835138475825439,-0.0773318218377914,-0.0607263590854893,-0.0358341904392377,
-0.0169730870360295,-5.00572638895136E-11),.UNSPECIFIED.);
#39=B_SPLINE_CURVE_WITH_KNOTS('',3,(#15169,#15170,#15171,#15172),
 .UNSPECIFIED.,.F.,.F.,(4,4),(0.,3.49921998562),.UNSPECIFIED.);
#40=B_SPLINE_CURVE_WITH_KNOTS('',3,(#15174,#15175,#15176,#15177,#15178,
#15179,#15180,#15181,#15182,#15183,#15184,#15185,#15186,#15187,#15188,#15189),
 .UNSPECIFIED.,.F.,.F.,(4,2,2,2,2,2,2,4),(-0.275438335385361,-0.21507058196005,
-0.148003599767978,-0.0755890201764532,-0.0320521225732455,-0.0158699510549521,
-0.00762922264884245,-1.00000005814893E-6),.UNSPECIFIED.);
#41=B_SPLINE_CURVE_WITH_KNOTS('',3,(#15194,#15195,#15196,#15197,#15198,
#15199,#15200,#15201,#15202,#15203,#15204,#15205,#15206,#15207,#15208,#15209),
 .UNSPECIFIED.,.F.,.F.,(4,2,2,2,2,2,2,4),(-0.275434665304758,-0.215067878417456,
-0.14800179094889,-0.0755877516868564,-0.0320509757094258,-0.0158688197986626,
-0.00762877168556562,-9.99946528135176E-7),.UNSPECIFIED.);
#42=B_SPLINE_CURVE_WITH_KNOTS('',5,(#15210,#15211,#15212,#15213,#15214,
#15215),.UNSPECIFIED.,.F.,.F.,(6,6),(0.,3.14560934546),.UNSPECIFIED.);
#43=B_SPLINE_CURVE_WITH_KNOTS('',3,(#15219,#15220,#15221,#15222),
 .UNSPECIFIED.,.F.,.F.,(4,4),(0.,3.49921998485),.UNSPECIFIED.);
#44=B_SPLINE_CURVE_WITH_KNOTS('',3,(#15224,#15225,#15226,#15227,#15228,
#15229,#15230,#15231,#15232,#15233,#15234,#15235,#15236,#15237,#15238,#15239),
 .UNSPECIFIED.,.F.,.F.,(4,2,2,2,2,2,2,4),(-0.275438336258736,-0.215070582535533,
-0.148003600119908,-0.0755890204717078,-0.0320521229748765,-0.0158699513062744,
-0.00762922273050672,-9.99957823155651E-7),.UNSPECIFIED.);
#45=B_SPLINE_CURVE_WITH_KNOTS('',3,(#15244,#15245,#15246,#15247,#15248,
#15249,#15250,#15251,#15252,#15253,#15254,#15255,#15256,#15257,#15258,#15259),
 .UNSPECIFIED.,.F.,.F.,(4,2,2,2,2,2,2,4),(-0.275434916553482,-0.215067862754982,
-0.148001472037466,-0.0755877096053218,-0.0320514417246669,-0.0158692176085019,
-0.00762901051183787,-9.99920328259574E-7),.UNSPECIFIED.);
#46=B_SPLINE_CURVE_WITH_KNOTS('',5,(#15260,#15261,#15262,#15263,#15264,
#15265),.UNSPECIFIED.,.F.,.F.,(6,6),(0.,3.14560590016),.UNSPECIFIED.);
#47=B_SPLINE_CURVE_WITH_KNOTS('',3,(#15269,#15270,#15271,#15272),
 .UNSPECIFIED.,.F.,.F.,(4,4),(0.,3.49922409061),.UNSPECIFIED.);
#48=B_SPLINE_CURVE_WITH_KNOTS('',3,(#15274,#15275,#15276,#15277,#15278,
#15279,#15280,#15281,#15282,#15283,#15284,#15285,#15286,#15287,#15288,#15289),
 .UNSPECIFIED.,.F.,.F.,(4,2,2,2,2,2,2,4),(-0.089555738068693,-0.0866442168319909,
-0.0834999057772868,-0.0773194018533817,-0.0607160834535547,-0.0358286031397145,
-0.0169706136471522,-1.43933240326355E-10),.UNSPECIFIED.);
#49=B_SPLINE_CURVE_WITH_KNOTS('',5,(#15292,#15293,#15294,#15295,#15296,
#15297),.UNSPECIFIED.,.F.,.F.,(6,6),(0.,3.14560590054),.UNSPECIFIED.);
#50=B_SPLINE_CURVE_WITH_KNOTS('',3,(#15300,#15301,#15302,#15303,#15304,
#15305,#15306,#15307,#15308,#15309,#15310,#15311,#15312,#15313,#15314,#15315),
 .UNSPECIFIED.,.F.,.F.,(4,2,2,2,2,2,2,4),(-0.0895702599076706,-0.086658513839252,
-0.0835136342285003,-0.0773314318366968,-0.0607264508631419,-0.0358343617428909,
-0.0169731674614395,-8.0533621438228E-11),.UNSPECIFIED.);
#51=B_SPLINE_CURVE_WITH_KNOTS('',3,(#15318,#15319,#15320,#15321),
 .UNSPECIFIED.,.F.,.F.,(4,4),(0.,3.49922409064),.UNSPECIFIED.);
#52=B_SPLINE_CURVE_WITH_KNOTS('',3,(#15324,#15325,#15326,#15327,#15328,
#15329,#15330,#15331,#15332,#15333,#15334,#15335,#15336,#15337,#15338,#15339),
 .UNSPECIFIED.,.F.,.F.,(4,2,2,2,2,2,2,4),(-0.0895557391597389,-0.0866445876351134,
-0.0835002631145511,-0.0773197327017635,-0.0607163433206503,-0.0358287564550572,
-0.0169706862444996,-1.3753578831377E-10),.UNSPECIFIED.);
#53=CONICAL_SURFACE('',#9478,0.799999999913,0.785398163397);
#54=CONICAL_SURFACE('',#9481,1.24999999997,0.785398163397);
#55=CONICAL_SURFACE('',#9499,1.07418262225,0.0558608385859);
#56=CONICAL_SURFACE('',#9503,1.07418262224,0.0558608385856);
#57=CONICAL_SURFACE('',#9507,1.07418248615,0.0558608385877);
#58=CONICAL_SURFACE('',#9511,1.07418248615,0.0558608385868);
#59=CONICAL_SURFACE('',#9801,0.799999999913,0.785398163397);
#60=CONICAL_SURFACE('',#9804,1.24999999997,0.785398163397);
#61=CONICAL_SURFACE('',#9820,1.07418262225,0.0558608385859);
#62=CONICAL_SURFACE('',#9824,1.07418262224,0.0558608385856);
#63=CONICAL_SURFACE('',#9828,1.07418248615,0.0558608385877);
#64=CONICAL_SURFACE('',#9832,1.07418248615,0.0558608385868);
#65=TOROIDAL_SURFACE('',#9464,1.0000000000122,0.799999999999794);
#66=TOROIDAL_SURFACE('',#9794,1.0000000000119,0.799999999999779);
#67=STYLED_ITEM('',(#15487),#158);
#68=STYLED_ITEM('',(#15487),#159);
#69=STYLED_ITEM('',(#15489),#8791);
#70=STYLED_ITEM('',(#15489),#8793);
#71=STYLED_ITEM('',(#15489),#8795);
#72=STYLED_ITEM('',(#15489),#8797);
#73=STYLED_ITEM('',(#15489),#8798);
#74=STYLED_ITEM('',(#15489),#8801);
#75=STYLED_ITEM('',(#15489),#8802);
#76=STYLED_ITEM('',(#15489),#8803);
#77=STYLED_ITEM('',(#15489),#8804);
#78=STYLED_ITEM('',(#15489),#8805);
#79=STYLED_ITEM('',(#15489),#8806);
#80=STYLED_ITEM('',(#15489),#8807);
#81=STYLED_ITEM('',(#15489),#8808);
#82=STYLED_ITEM('',(#15489),#8809);
#83=STYLED_ITEM('',(#15489),#8810);
#84=STYLED_ITEM('',(#15489),#8811);
#85=STYLED_ITEM('',(#15489),#8812);
#86=STYLED_ITEM('',(#15489),#8813);
#87=STYLED_ITEM('',(#15489),#8814);
#88=STYLED_ITEM('',(#15489),#8815);
#89=STYLED_ITEM('',(#15489),#8816);
#90=STYLED_ITEM('',(#15489),#8817);
#91=STYLED_ITEM('',(#15489),#8818);
#92=STYLED_ITEM('',(#15489),#9018);
#93=STYLED_ITEM('',(#15489),#9019);
#94=STYLED_ITEM('',(#15489),#9020);
#95=STYLED_ITEM('',(#15489),#9021);
#96=STYLED_ITEM('',(#15489),#9022);
#97=STYLED_ITEM('',(#15489),#9023);
#98=STYLED_ITEM('',(#15489),#9024);
#99=STYLED_ITEM('',(#15489),#9025);
#100=STYLED_ITEM('',(#15489),#9026);
#101=STYLED_ITEM('',(#15489),#9027);
#102=STYLED_ITEM('',(#15489),#9028);
#103=STYLED_ITEM('',(#15489),#9029);
#104=STYLED_ITEM('',(#15489),#9030);
#105=STYLED_ITEM('',(#15489),#9031);
#106=STYLED_ITEM('',(#15489),#9032);
#107=STYLED_ITEM('',(#15489),#9033);
#108=STYLED_ITEM('',(#15489),#9034);
#109=STYLED_ITEM('',(#15489),#9035);
#110=STYLED_ITEM('',(#15489),#9036);
#111=STYLED_ITEM('',(#15489),#9037);
#112=STYLED_ITEM('',(#15489),#9038);
#113=STYLED_ITEM('',(#15489),#9039);
#114=STYLED_ITEM('',(#15489),#9040);
#115=STYLED_ITEM('',(#15489),#9041);
#116=STYLED_ITEM('',(#15489),#9042);
#117=STYLED_ITEM('',(#15489),#9043);
#118=STYLED_ITEM('',(#15489),#9044);
#119=STYLED_ITEM('',(#15489),#9046);
#120=STYLED_ITEM('',(#15489),#9047);
#121=STYLED_ITEM('',(#15489),#9049);
#122=STYLED_ITEM('',(#15489),#9050);
#123=STYLED_ITEM('',(#15489),#9051);
#124=STYLED_ITEM('',(#15489),#9052);
#125=STYLED_ITEM('',(#15489),#9053);
#126=STYLED_ITEM('',(#15489),#9054);
#127=STYLED_ITEM('',(#15489),#9055);
#128=STYLED_ITEM('',(#15489),#9056);
#129=STYLED_ITEM('',(#15489),#9057);
#130=STYLED_ITEM('',(#15489),#9058);
#131=STYLED_ITEM('',(#15489),#9059);
#132=STYLED_ITEM('',(#15489),#9060);
#133=STYLED_ITEM('',(#15489),#9061);
#134=STYLED_ITEM('',(#15489),#9062);
#135=STYLED_ITEM('',(#15489),#9064);
#136=STYLED_ITEM('',(#15489),#9066);
#137=STYLED_ITEM('',(#15489),#9067);
#138=STYLED_ITEM('',(#15489),#9068);
#139=STYLED_ITEM('',(#15489),#9071);
#140=STYLED_ITEM('',(#15489),#9072);
#141=STYLED_ITEM('',(#15489),#9073);
#142=STYLED_ITEM('',(#15489),#9074);
#143=STYLED_ITEM('',(#15489),#9075);
#144=STYLED_ITEM('',(#15489),#9076);
#145=STYLED_ITEM('',(#15489),#9077);
#146=STYLED_ITEM('',(#15489),#9078);
#147=STYLED_ITEM('',(#15489),#9079);
#148=STYLED_ITEM('',(#15489),#9080);
#149=STYLED_ITEM('',(#15489),#9081);
#150=STYLED_ITEM('',(#15489),#9082);
#151=STYLED_ITEM('',(#15489),#9083);
#152=STYLED_ITEM('',(#15489),#9084);
#153=STYLED_ITEM('',(#15489),#9085);
#154=STYLED_ITEM('',(#15489),#9086);
#155=STYLED_ITEM('',(#15489),#9087);
#156=STYLED_ITEM('',(#15489),#9088);
#157=STYLED_ITEM('',(#15488),#160);
#158=MANIFOLD_SOLID_BREP('Body1',#9089);
#159=MANIFOLD_SOLID_BREP('Body2',#9090);
#160=MANIFOLD_SOLID_BREP('Body3',#9091);
#161=FACE_BOUND('',#1065,.T.);
#162=FACE_BOUND('',#1068,.T.);
#163=FACE_BOUND('',#1070,.T.);
#164=FACE_BOUND('',#1074,.T.);
#165=FACE_BOUND('',#1137,.T.);
#166=FACE_BOUND('',#1140,.T.);
#167=FACE_BOUND('',#1163,.T.);
#168=FACE_BOUND('',#1166,.T.);
#169=FACE_BOUND('',#1230,.T.);
#170=FACE_BOUND('',#1235,.T.);
#171=FACE_BOUND('',#1236,.T.);
#172=FACE_BOUND('',#1241,.T.);
#173=FACE_BOUND('',#1261,.T.);
#174=FACE_BOUND('',#1262,.T.);
#175=FACE_BOUND('',#1276,.T.);
#176=FACE_BOUND('',#1277,.T.);
#177=FACE_BOUND('',#1278,.T.);
#178=FACE_BOUND('',#1279,.T.);
#179=FACE_BOUND('',#1280,.T.);
#180=FACE_BOUND('',#1281,.T.);
#181=FACE_BOUND('',#1282,.T.);
#182=FACE_BOUND('',#1394,.T.);
#183=FACE_BOUND('',#1408,.T.);
#184=FACE_BOUND('',#1409,.T.);
#185=FACE_BOUND('',#1416,.T.);
#186=FACE_BOUND('',#1417,.T.);
#187=FACE_BOUND('',#1419,.T.);
#188=FACE_BOUND('',#1420,.T.);
#189=FACE_BOUND('',#1521,.T.);
#190=FACE_BOUND('',#1529,.T.);
#191=PLANE('',#9165);
#192=PLANE('',#9190);
#193=PLANE('',#9192);
#194=PLANE('',#9199);
#195=PLANE('',#9200);
#196=PLANE('',#9201);
#197=PLANE('',#9203);
#198=PLANE('',#9204);
#199=PLANE('',#9205);
#200=PLANE('',#9207);
#201=PLANE('',#9208);
#202=PLANE('',#9209);
#203=PLANE('',#9211);
#204=PLANE('',#9212);
#205=PLANE('',#9213);
#206=PLANE('',#9215);
#207=PLANE('',#9216);
#208=PLANE('',#9217);
#209=PLANE('',#9219);
#210=PLANE('',#9220);
#211=PLANE('',#9221);
#212=PLANE('',#9223);
#213=PLANE('',#9224);
#214=PLANE('',#9225);
#215=PLANE('',#9227);
#216=PLANE('',#9228);
#217=PLANE('',#9229);
#218=PLANE('',#9231);
#219=PLANE('',#9232);
#220=PLANE('',#9233);
#221=PLANE('',#9235);
#222=PLANE('',#9236);
#223=PLANE('',#9237);
#224=PLANE('',#9239);
#225=PLANE('',#9240);
#226=PLANE('',#9241);
#227=PLANE('',#9243);
#228=PLANE('',#9244);
#229=PLANE('',#9245);
#230=PLANE('',#9247);
#231=PLANE('',#9248);
#232=PLANE('',#9249);
#233=PLANE('',#9251);
#234=PLANE('',#9252);
#235=PLANE('',#9253);
#236=PLANE('',#9255);
#237=PLANE('',#9256);
#238=PLANE('',#9257);
#239=PLANE('',#9265);
#240=PLANE('',#9266);
#241=PLANE('',#9267);
#242=PLANE('',#9268);
#243=PLANE('',#9269);
#244=PLANE('',#9270);
#245=PLANE('',#9271);
#246=PLANE('',#9272);
#247=PLANE('',#9273);
#248=PLANE('',#9274);
#249=PLANE('',#9275);
#250=PLANE('',#9276);
#251=PLANE('',#9277);
#252=PLANE('',#9278);
#253=PLANE('',#9279);
#254=PLANE('',#9280);
#255=PLANE('',#9281);
#256=PLANE('',#9286);
#257=PLANE('',#9350);
#258=PLANE('',#9375);
#259=PLANE('',#9376);
#260=PLANE('',#9377);
#261=PLANE('',#9379);
#262=PLANE('',#9380);
#263=PLANE('',#9381);
#264=PLANE('',#9383);
#265=PLANE('',#9384);
#266=PLANE('',#9385);
#267=PLANE('',#9387);
#268=PLANE('',#9388);
#269=PLANE('',#9389);
#270=PLANE('',#9391);
#271=PLANE('',#9392);
#272=PLANE('',#9393);
#273=PLANE('',#9395);
#274=PLANE('',#9396);
#275=PLANE('',#9397);
#276=PLANE('',#9399);
#277=PLANE('',#9400);
#278=PLANE('',#9401);
#279=PLANE('',#9403);
#280=PLANE('',#9404);
#281=PLANE('',#9405);
#282=PLANE('',#9407);
#283=PLANE('',#9408);
#284=PLANE('',#9409);
#285=PLANE('',#9411);
#286=PLANE('',#9412);
#287=PLANE('',#9413);
#288=PLANE('',#9415);
#289=PLANE('',#9416);
#290=PLANE('',#9417);
#291=PLANE('',#9419);
#292=PLANE('',#9420);
#293=PLANE('',#9421);
#294=PLANE('',#9423);
#295=PLANE('',#9424);
#296=PLANE('',#9425);
#297=PLANE('',#9427);
#298=PLANE('',#9428);
#299=PLANE('',#9429);
#300=PLANE('',#9431);
#301=PLANE('',#9432);
#302=PLANE('',#9433);
#303=PLANE('',#9435);
#304=PLANE('',#9436);
#305=PLANE('',#9437);
#306=PLANE('',#9439);
#307=PLANE('',#9440);
#308=PLANE('',#9441);
#309=PLANE('',#9447);
#310=PLANE('',#9448);
#311=PLANE('',#9449);
#312=PLANE('',#9450);
#313=PLANE('',#9451);
#314=PLANE('',#9452);
#315=PLANE('',#9453);
#316=PLANE('',#9454);
#317=PLANE('',#9455);
#318=PLANE('',#9456);
#319=PLANE('',#9462);
#320=PLANE('',#9472);
#321=PLANE('',#9480);
#322=PLANE('',#9485);
#323=PLANE('',#9497);
#324=PLANE('',#9498);
#325=PLANE('',#9501);
#326=PLANE('',#9502);
#327=PLANE('',#9505);
#328=PLANE('',#9506);
#329=PLANE('',#9509);
#330=PLANE('',#9510);
#331=PLANE('',#9513);
#332=PLANE('',#9514);
#333=PLANE('',#9528);
#334=PLANE('',#9535);
#335=PLANE('',#9536);
#336=PLANE('',#9537);
#337=PLANE('',#9538);
#338=PLANE('',#9539);
#339=PLANE('',#9540);
#340=PLANE('',#9541);
#341=PLANE('',#9545);
#342=PLANE('',#9546);
#343=PLANE('',#9547);
#344=PLANE('',#9548);
#345=PLANE('',#9555);
#346=PLANE('',#9556);
#347=PLANE('',#9561);
#348=PLANE('',#9562);
#349=PLANE('',#9563);
#350=PLANE('',#9564);
#351=PLANE('',#9565);
#352=PLANE('',#9566);
#353=PLANE('',#9567);
#354=PLANE('',#9568);
#355=PLANE('',#9569);
#356=PLANE('',#9570);
#357=PLANE('',#9571);
#358=PLANE('',#9572);
#359=PLANE('',#9573);
#360=PLANE('',#9574);
#361=PLANE('',#9575);
#362=PLANE('',#9576);
#363=PLANE('',#9577);
#364=PLANE('',#9578);
#365=PLANE('',#9579);
#366=PLANE('',#9580);
#367=PLANE('',#9581);
#368=PLANE('',#9582);
#369=PLANE('',#9583);
#370=PLANE('',#9584);
#371=PLANE('',#9585);
#372=PLANE('',#9586);
#373=PLANE('',#9587);
#374=PLANE('',#9588);
#375=PLANE('',#9589);
#376=PLANE('',#9590);
#377=PLANE('',#9591);
#378=PLANE('',#9592);
#379=PLANE('',#9593);
#380=PLANE('',#9594);
#381=PLANE('',#9595);
#382=PLANE('',#9596);
#383=PLANE('',#9597);
#384=PLANE('',#9598);
#385=PLANE('',#9599);
#386=PLANE('',#9600);
#387=PLANE('',#9601);
#388=PLANE('',#9602);
#389=PLANE('',#9603);
#390=PLANE('',#9604);
#391=PLANE('',#9605);
#392=PLANE('',#9606);
#393=PLANE('',#9607);
#394=PLANE('',#9608);
#395=PLANE('',#9609);
#396=PLANE('',#9610);
#397=PLANE('',#9611);
#398=PLANE('',#9612);
#399=PLANE('',#9613);
#400=PLANE('',#9614);
#401=PLANE('',#9615);
#402=PLANE('',#9616);
#403=PLANE('',#9617);
#404=PLANE('',#9618);
#405=PLANE('',#9619);
#406=PLANE('',#9620);
#407=PLANE('',#9621);
#408=PLANE('',#9622);
#409=PLANE('',#9623);
#410=PLANE('',#9624);
#411=PLANE('',#9625);
#412=PLANE('',#9626);
#413=PLANE('',#9627);
#414=PLANE('',#9628);
#415=PLANE('',#9629);
#416=PLANE('',#9630);
#417=PLANE('',#9631);
#418=PLANE('',#9632);
#419=PLANE('',#9633);
#420=PLANE('',#9634);
#421=PLANE('',#9635);
#422=PLANE('',#9636);
#423=PLANE('',#9637);
#424=PLANE('',#9638);
#425=PLANE('',#9639);
#426=PLANE('',#9640);
#427=PLANE('',#9641);
#428=PLANE('',#9642);
#429=PLANE('',#9643);
#430=PLANE('',#9644);
#431=PLANE('',#9645);
#432=PLANE('',#9646);
#433=PLANE('',#9647);
#434=PLANE('',#9648);
#435=PLANE('',#9649);
#436=PLANE('',#9650);
#437=PLANE('',#9651);
#438=PLANE('',#9652);
#439=PLANE('',#9653);
#440=PLANE('',#9655);
#441=PLANE('',#9656);
#442=PLANE('',#9657);
#443=PLANE('',#9658);
#444=PLANE('',#9659);
#445=PLANE('',#9660);
#446=PLANE('',#9661);
#447=PLANE('',#9662);
#448=PLANE('',#9663);
#449=PLANE('',#9664);
#450=PLANE('',#9665);
#451=PLANE('',#9666);
#452=PLANE('',#9667);
#453=PLANE('',#9668);
#454=PLANE('',#9669);
#455=PLANE('',#9670);
#456=PLANE('',#9671);
#457=PLANE('',#9672);
#458=PLANE('',#9674);
#459=PLANE('',#9675);
#460=PLANE('',#9676);
#461=PLANE('',#9677);
#462=PLANE('',#9678);
#463=PLANE('',#9679);
#464=PLANE('',#9680);
#465=PLANE('',#9681);
#466=PLANE('',#9682);
#467=PLANE('',#9683);
#468=PLANE('',#9684);
#469=PLANE('',#9685);
#470=PLANE('',#9686);
#471=PLANE('',#9687);
#472=PLANE('',#9688);
#473=PLANE('',#9689);
#474=PLANE('',#9690);
#475=PLANE('',#9691);
#476=PLANE('',#9692);
#477=PLANE('',#9693);
#478=PLANE('',#9694);
#479=PLANE('',#9695);
#480=PLANE('',#9696);
#481=PLANE('',#9697);
#482=PLANE('',#9698);
#483=PLANE('',#9699);
#484=PLANE('',#9701);
#485=PLANE('',#9702);
#486=PLANE('',#9703);
#487=PLANE('',#9704);
#488=PLANE('',#9705);
#489=PLANE('',#9706);
#490=PLANE('',#9707);
#491=PLANE('',#9708);
#492=PLANE('',#9709);
#493=PLANE('',#9710);
#494=PLANE('',#9711);
#495=PLANE('',#9712);
#496=PLANE('',#9713);
#497=PLANE('',#9714);
#498=PLANE('',#9715);
#499=PLANE('',#9716);
#500=PLANE('',#9717);
#501=PLANE('',#9718);
#502=PLANE('',#9719);
#503=PLANE('',#9720);
#504=PLANE('',#9721);
#505=PLANE('',#9722);
#506=PLANE('',#9723);
#507=PLANE('',#9724);
#508=PLANE('',#9725);
#509=PLANE('',#9726);
#510=PLANE('',#9727);
#511=PLANE('',#9728);
#512=PLANE('',#9729);
#513=PLANE('',#9730);
#514=PLANE('',#9731);
#515=PLANE('',#9732);
#516=PLANE('',#9733);
#517=PLANE('',#9734);
#518=PLANE('',#9735);
#519=PLANE('',#9736);
#520=PLANE('',#9739);
#521=PLANE('',#9740);
#522=PLANE('',#9743);
#523=PLANE('',#9744);
#524=PLANE('',#9745);
#525=PLANE('',#9748);
#526=PLANE('',#9749);
#527=PLANE('',#9750);
#528=PLANE('',#9751);
#529=PLANE('',#9752);
#530=PLANE('',#9753);
#531=PLANE('',#9754);
#532=PLANE('',#9755);
#533=PLANE('',#9756);
#534=PLANE('',#9757);
#535=PLANE('',#9758);
#536=PLANE('',#9759);
#537=PLANE('',#9760);
#538=PLANE('',#9761);
#539=PLANE('',#9762);
#540=PLANE('',#9765);
#541=PLANE('',#9768);
#542=PLANE('',#9769);
#543=PLANE('',#9770);
#544=PLANE('',#9771);
#545=PLANE('',#9772);
#546=PLANE('',#9775);
#547=PLANE('',#9776);
#548=PLANE('',#9777);
#549=PLANE('',#9778);
#550=PLANE('',#9779);
#551=PLANE('',#9780);
#552=PLANE('',#9781);
#553=PLANE('',#9782);
#554=PLANE('',#9783);
#555=PLANE('',#9784);
#556=PLANE('',#9785);
#557=PLANE('',#9786);
#558=PLANE('',#9792);
#559=PLANE('',#9803);
#560=PLANE('',#9806);
#561=PLANE('',#9818);
#562=PLANE('',#9819);
#563=PLANE('',#9822);
#564=PLANE('',#9823);
#565=PLANE('',#9826);
#566=PLANE('',#9827);
#567=PLANE('',#9830);
#568=PLANE('',#9831);
#569=PLANE('',#9834);
#570=FACE_OUTER_BOUND('',#1044,.T.);
#571=FACE_OUTER_BOUND('',#1045,.T.);
#572=FACE_OUTER_BOUND('',#1046,.T.);
#573=FACE_OUTER_BOUND('',#1047,.T.);
#574=FACE_OUTER_BOUND('',#1048,.T.);
#575=FACE_OUTER_BOUND('',#1049,.T.);
#576=FACE_OUTER_BOUND('',#1050,.T.);
#577=FACE_OUTER_BOUND('',#1051,.T.);
#578=FACE_OUTER_BOUND('',#1052,.T.);
#579=FACE_OUTER_BOUND('',#1053,.T.);
#580=FACE_OUTER_BOUND('',#1054,.T.);
#581=FACE_OUTER_BOUND('',#1055,.T.);
#582=FACE_OUTER_BOUND('',#1056,.T.);
#583=FACE_OUTER_BOUND('',#1057,.T.);
#584=FACE_OUTER_BOUND('',#1058,.T.);
#585=FACE_OUTER_BOUND('',#1059,.T.);
#586=FACE_OUTER_BOUND('',#1060,.T.);
#587=FACE_OUTER_BOUND('',#1061,.T.);
#588=FACE_OUTER_BOUND('',#1062,.T.);
#589=FACE_OUTER_BOUND('',#1063,.T.);
#590=FACE_OUTER_BOUND('',#1064,.T.);
#591=FACE_OUTER_BOUND('',#1066,.T.);
#592=FACE_OUTER_BOUND('',#1067,.T.);
#593=FACE_OUTER_BOUND('',#1069,.T.);
#594=FACE_OUTER_BOUND('',#1071,.T.);
#595=FACE_OUTER_BOUND('',#1072,.T.);
#596=FACE_OUTER_BOUND('',#1073,.T.);
#597=FACE_OUTER_BOUND('',#1075,.T.);
#598=FACE_OUTER_BOUND('',#1076,.T.);
#599=FACE_OUTER_BOUND('',#1077,.T.);
#600=FACE_OUTER_BOUND('',#1078,.T.);
#601=FACE_OUTER_BOUND('',#1079,.T.);
#602=FACE_OUTER_BOUND('',#1080,.T.);
#603=FACE_OUTER_BOUND('',#1081,.T.);
#604=FACE_OUTER_BOUND('',#1082,.T.);
#605=FACE_OUTER_BOUND('',#1083,.T.);
#606=FACE_OUTER_BOUND('',#1084,.T.);
#607=FACE_OUTER_BOUND('',#1085,.T.);
#608=FACE_OUTER_BOUND('',#1086,.T.);
#609=FACE_OUTER_BOUND('',#1087,.T.);
#610=FACE_OUTER_BOUND('',#1088,.T.);
#611=FACE_OUTER_BOUND('',#1089,.T.);
#612=FACE_OUTER_BOUND('',#1090,.T.);
#613=FACE_OUTER_BOUND('',#1091,.T.);
#614=FACE_OUTER_BOUND('',#1092,.T.);
#615=FACE_OUTER_BOUND('',#1093,.T.);
#616=FACE_OUTER_BOUND('',#1094,.T.);
#617=FACE_OUTER_BOUND('',#1095,.T.);
#618=FACE_OUTER_BOUND('',#1096,.T.);
#619=FACE_OUTER_BOUND('',#1097,.T.);
#620=FACE_OUTER_BOUND('',#1098,.T.);
#621=FACE_OUTER_BOUND('',#1099,.T.);
#622=FACE_OUTER_BOUND('',#1100,.T.);
#623=FACE_OUTER_BOUND('',#1101,.T.);
#624=FACE_OUTER_BOUND('',#1102,.T.);
#625=FACE_OUTER_BOUND('',#1103,.T.);
#626=FACE_OUTER_BOUND('',#1104,.T.);
#627=FACE_OUTER_BOUND('',#1105,.T.);
#628=FACE_OUTER_BOUND('',#1106,.T.);
#629=FACE_OUTER_BOUND('',#1107,.T.);
#630=FACE_OUTER_BOUND('',#1108,.T.);
#631=FACE_OUTER_BOUND('',#1109,.T.);
#632=FACE_OUTER_BOUND('',#1110,.T.);
#633=FACE_OUTER_BOUND('',#1111,.T.);
#634=FACE_OUTER_BOUND('',#1112,.T.);
#635=FACE_OUTER_BOUND('',#1113,.T.);
#636=FACE_OUTER_BOUND('',#1114,.T.);
#637=FACE_OUTER_BOUND('',#1115,.T.);
#638=FACE_OUTER_BOUND('',#1116,.T.);
#639=FACE_OUTER_BOUND('',#1117,.T.);
#640=FACE_OUTER_BOUND('',#1118,.T.);
#641=FACE_OUTER_BOUND('',#1119,.T.);
#642=FACE_OUTER_BOUND('',#1120,.T.);
#643=FACE_OUTER_BOUND('',#1121,.T.);
#644=FACE_OUTER_BOUND('',#1122,.T.);
#645=FACE_OUTER_BOUND('',#1123,.T.);
#646=FACE_OUTER_BOUND('',#1124,.T.);
#647=FACE_OUTER_BOUND('',#1125,.T.);
#648=FACE_OUTER_BOUND('',#1126,.T.);
#649=FACE_OUTER_BOUND('',#1127,.T.);
#650=FACE_OUTER_BOUND('',#1128,.T.);
#651=FACE_OUTER_BOUND('',#1129,.T.);
#652=FACE_OUTER_BOUND('',#1130,.T.);
#653=FACE_OUTER_BOUND('',#1131,.T.);
#654=FACE_OUTER_BOUND('',#1132,.T.);
#655=FACE_OUTER_BOUND('',#1133,.T.);
#656=FACE_OUTER_BOUND('',#1134,.T.);
#657=FACE_OUTER_BOUND('',#1135,.T.);
#658=FACE_OUTER_BOUND('',#1136,.T.);
#659=FACE_OUTER_BOUND('',#1138,.T.);
#660=FACE_OUTER_BOUND('',#1139,.T.);
#661=FACE_OUTER_BOUND('',#1141,.T.);
#662=FACE_OUTER_BOUND('',#1142,.T.);
#663=FACE_OUTER_BOUND('',#1143,.T.);
#664=FACE_OUTER_BOUND('',#1144,.T.);
#665=FACE_OUTER_BOUND('',#1145,.T.);
#666=FACE_OUTER_BOUND('',#1146,.T.);
#667=FACE_OUTER_BOUND('',#1147,.T.);
#668=FACE_OUTER_BOUND('',#1148,.T.);
#669=FACE_OUTER_BOUND('',#1149,.T.);
#670=FACE_OUTER_BOUND('',#1150,.T.);
#671=FACE_OUTER_BOUND('',#1151,.T.);
#672=FACE_OUTER_BOUND('',#1152,.T.);
#673=FACE_OUTER_BOUND('',#1153,.T.);
#674=FACE_OUTER_BOUND('',#1154,.T.);
#675=FACE_OUTER_BOUND('',#1155,.T.);
#676=FACE_OUTER_BOUND('',#1156,.T.);
#677=FACE_OUTER_BOUND('',#1157,.T.);
#678=FACE_OUTER_BOUND('',#1158,.T.);
#679=FACE_OUTER_BOUND('',#1159,.T.);
#680=FACE_OUTER_BOUND('',#1160,.T.);
#681=FACE_OUTER_BOUND('',#1161,.T.);
#682=FACE_OUTER_BOUND('',#1162,.T.);
#683=FACE_OUTER_BOUND('',#1164,.T.);
#684=FACE_OUTER_BOUND('',#1165,.T.);
#685=FACE_OUTER_BOUND('',#1167,.T.);
#686=FACE_OUTER_BOUND('',#1168,.T.);
#687=FACE_OUTER_BOUND('',#1169,.T.);
#688=FACE_OUTER_BOUND('',#1170,.T.);
#689=FACE_OUTER_BOUND('',#1171,.T.);
#690=FACE_OUTER_BOUND('',#1172,.T.);
#691=FACE_OUTER_BOUND('',#1173,.T.);
#692=FACE_OUTER_BOUND('',#1174,.T.);
#693=FACE_OUTER_BOUND('',#1175,.T.);
#694=FACE_OUTER_BOUND('',#1176,.T.);
#695=FACE_OUTER_BOUND('',#1177,.T.);
#696=FACE_OUTER_BOUND('',#1178,.T.);
#697=FACE_OUTER_BOUND('',#1179,.T.);
#698=FACE_OUTER_BOUND('',#1180,.T.);
#699=FACE_OUTER_BOUND('',#1181,.T.);
#700=FACE_OUTER_BOUND('',#1182,.T.);
#701=FACE_OUTER_BOUND('',#1183,.T.);
#702=FACE_OUTER_BOUND('',#1184,.T.);
#703=FACE_OUTER_BOUND('',#1185,.T.);
#704=FACE_OUTER_BOUND('',#1186,.T.);
#705=FACE_OUTER_BOUND('',#1187,.T.);
#706=FACE_OUTER_BOUND('',#1188,.T.);
#707=FACE_OUTER_BOUND('',#1189,.T.);
#708=FACE_OUTER_BOUND('',#1190,.T.);
#709=FACE_OUTER_BOUND('',#1191,.T.);
#710=FACE_OUTER_BOUND('',#1192,.T.);
#711=FACE_OUTER_BOUND('',#1193,.T.);
#712=FACE_OUTER_BOUND('',#1194,.T.);
#713=FACE_OUTER_BOUND('',#1195,.T.);
#714=FACE_OUTER_BOUND('',#1196,.T.);
#715=FACE_OUTER_BOUND('',#1197,.T.);
#716=FACE_OUTER_BOUND('',#1198,.T.);
#717=FACE_OUTER_BOUND('',#1199,.T.);
#718=FACE_OUTER_BOUND('',#1200,.T.);
#719=FACE_OUTER_BOUND('',#1201,.T.);
#720=FACE_OUTER_BOUND('',#1202,.T.);
#721=FACE_OUTER_BOUND('',#1203,.T.);
#722=FACE_OUTER_BOUND('',#1204,.T.);
#723=FACE_OUTER_BOUND('',#1205,.T.);
#724=FACE_OUTER_BOUND('',#1206,.T.);
#725=FACE_OUTER_BOUND('',#1207,.T.);
#726=FACE_OUTER_BOUND('',#1208,.T.);
#727=FACE_OUTER_BOUND('',#1209,.T.);
#728=FACE_OUTER_BOUND('',#1210,.T.);
#729=FACE_OUTER_BOUND('',#1211,.T.);
#730=FACE_OUTER_BOUND('',#1212,.T.);
#731=FACE_OUTER_BOUND('',#1213,.T.);
#732=FACE_OUTER_BOUND('',#1214,.T.);
#733=FACE_OUTER_BOUND('',#1215,.T.);
#734=FACE_OUTER_BOUND('',#1216,.T.);
#735=FACE_OUTER_BOUND('',#1217,.T.);
#736=FACE_OUTER_BOUND('',#1218,.T.);
#737=FACE_OUTER_BOUND('',#1219,.T.);
#738=FACE_OUTER_BOUND('',#1220,.T.);
#739=FACE_OUTER_BOUND('',#1221,.T.);
#740=FACE_OUTER_BOUND('',#1222,.T.);
#741=FACE_OUTER_BOUND('',#1223,.T.);
#742=FACE_OUTER_BOUND('',#1224,.T.);
#743=FACE_OUTER_BOUND('',#1225,.T.);
#744=FACE_OUTER_BOUND('',#1226,.T.);
#745=FACE_OUTER_BOUND('',#1227,.T.);
#746=FACE_OUTER_BOUND('',#1228,.T.);
#747=FACE_OUTER_BOUND('',#1229,.T.);
#748=FACE_OUTER_BOUND('',#1231,.T.);
#749=FACE_OUTER_BOUND('',#1232,.T.);
#750=FACE_OUTER_BOUND('',#1233,.T.);
#751=FACE_OUTER_BOUND('',#1234,.T.);
#752=FACE_OUTER_BOUND('',#1237,.T.);
#753=FACE_OUTER_BOUND('',#1238,.T.);
#754=FACE_OUTER_BOUND('',#1239,.T.);
#755=FACE_OUTER_BOUND('',#1240,.T.);
#756=FACE_OUTER_BOUND('',#1242,.T.);
#757=FACE_OUTER_BOUND('',#1243,.T.);
#758=FACE_OUTER_BOUND('',#1244,.T.);
#759=FACE_OUTER_BOUND('',#1245,.T.);
#760=FACE_OUTER_BOUND('',#1246,.T.);
#761=FACE_OUTER_BOUND('',#1247,.T.);
#762=FACE_OUTER_BOUND('',#1248,.T.);
#763=FACE_OUTER_BOUND('',#1249,.T.);
#764=FACE_OUTER_BOUND('',#1250,.T.);
#765=FACE_OUTER_BOUND('',#1251,.T.);
#766=FACE_OUTER_BOUND('',#1252,.T.);
#767=FACE_OUTER_BOUND('',#1253,.T.);
#768=FACE_OUTER_BOUND('',#1254,.T.);
#769=FACE_OUTER_BOUND('',#1255,.T.);
#770=FACE_OUTER_BOUND('',#1256,.T.);
#771=FACE_OUTER_BOUND('',#1257,.T.);
#772=FACE_OUTER_BOUND('',#1258,.T.);
#773=FACE_OUTER_BOUND('',#1259,.T.);
#774=FACE_OUTER_BOUND('',#1260,.T.);
#775=FACE_OUTER_BOUND('',#1263,.T.);
#776=FACE_OUTER_BOUND('',#1264,.T.);
#777=FACE_OUTER_BOUND('',#1265,.T.);
#778=FACE_OUTER_BOUND('',#1266,.T.);
#779=FACE_OUTER_BOUND('',#1267,.T.);
#780=FACE_OUTER_BOUND('',#1268,.T.);
#781=FACE_OUTER_BOUND('',#1269,.T.);
#782=FACE_OUTER_BOUND('',#1270,.T.);
#783=FACE_OUTER_BOUND('',#1271,.T.);
#784=FACE_OUTER_BOUND('',#1272,.T.);
#785=FACE_OUTER_BOUND('',#1273,.T.);
#786=FACE_OUTER_BOUND('',#1274,.T.);
#787=FACE_OUTER_BOUND('',#1275,.T.);
#788=FACE_OUTER_BOUND('',#1283,.T.);
#789=FACE_OUTER_BOUND('',#1284,.T.);
#790=FACE_OUTER_BOUND('',#1285,.T.);
#791=FACE_OUTER_BOUND('',#1286,.T.);
#792=FACE_OUTER_BOUND('',#1287,.T.);
#793=FACE_OUTER_BOUND('',#1288,.T.);
#794=FACE_OUTER_BOUND('',#1289,.T.);
#795=FACE_OUTER_BOUND('',#1290,.T.);
#796=FACE_OUTER_BOUND('',#1291,.T.);
#797=FACE_OUTER_BOUND('',#1292,.T.);
#798=FACE_OUTER_BOUND('',#1293,.T.);
#799=FACE_OUTER_BOUND('',#1294,.T.);
#800=FACE_OUTER_BOUND('',#1295,.T.);
#801=FACE_OUTER_BOUND('',#1296,.T.);
#802=FACE_OUTER_BOUND('',#1297,.T.);
#803=FACE_OUTER_BOUND('',#1298,.T.);
#804=FACE_OUTER_BOUND('',#1299,.T.);
#805=FACE_OUTER_BOUND('',#1300,.T.);
#806=FACE_OUTER_BOUND('',#1301,.T.);
#807=FACE_OUTER_BOUND('',#1302,.T.);
#808=FACE_OUTER_BOUND('',#1303,.T.);
#809=FACE_OUTER_BOUND('',#1304,.T.);
#810=FACE_OUTER_BOUND('',#1305,.T.);
#811=FACE_OUTER_BOUND('',#1306,.T.);
#812=FACE_OUTER_BOUND('',#1307,.T.);
#813=FACE_OUTER_BOUND('',#1308,.T.);
#814=FACE_OUTER_BOUND('',#1309,.T.);
#815=FACE_OUTER_BOUND('',#1310,.T.);
#816=FACE_OUTER_BOUND('',#1311,.T.);
#817=FACE_OUTER_BOUND('',#1312,.T.);
#818=FACE_OUTER_BOUND('',#1313,.T.);
#819=FACE_OUTER_BOUND('',#1314,.T.);
#820=FACE_OUTER_BOUND('',#1315,.T.);
#821=FACE_OUTER_BOUND('',#1316,.T.);
#822=FACE_OUTER_BOUND('',#1317,.T.);
#823=FACE_OUTER_BOUND('',#1318,.T.);
#824=FACE_OUTER_BOUND('',#1319,.T.);
#825=FACE_OUTER_BOUND('',#1320,.T.);
#826=FACE_OUTER_BOUND('',#1321,.T.);
#827=FACE_OUTER_BOUND('',#1322,.T.);
#828=FACE_OUTER_BOUND('',#1323,.T.);
#829=FACE_OUTER_BOUND('',#1324,.T.);
#830=FACE_OUTER_BOUND('',#1325,.T.);
#831=FACE_OUTER_BOUND('',#1326,.T.);
#832=FACE_OUTER_BOUND('',#1327,.T.);
#833=FACE_OUTER_BOUND('',#1328,.T.);
#834=FACE_OUTER_BOUND('',#1329,.T.);
#835=FACE_OUTER_BOUND('',#1330,.T.);
#836=FACE_OUTER_BOUND('',#1331,.T.);
#837=FACE_OUTER_BOUND('',#1332,.T.);
#838=FACE_OUTER_BOUND('',#1333,.T.);
#839=FACE_OUTER_BOUND('',#1334,.T.);
#840=FACE_OUTER_BOUND('',#1335,.T.);
#841=FACE_OUTER_BOUND('',#1336,.T.);
#842=FACE_OUTER_BOUND('',#1337,.T.);
#843=FACE_OUTER_BOUND('',#1338,.T.);
#844=FACE_OUTER_BOUND('',#1339,.T.);
#845=FACE_OUTER_BOUND('',#1340,.T.);
#846=FACE_OUTER_BOUND('',#1341,.T.);
#847=FACE_OUTER_BOUND('',#1342,.T.);
#848=FACE_OUTER_BOUND('',#1343,.T.);
#849=FACE_OUTER_BOUND('',#1344,.T.);
#850=FACE_OUTER_BOUND('',#1345,.T.);
#851=FACE_OUTER_BOUND('',#1346,.T.);
#852=FACE_OUTER_BOUND('',#1347,.T.);
#853=FACE_OUTER_BOUND('',#1348,.T.);
#854=FACE_OUTER_BOUND('',#1349,.T.);
#855=FACE_OUTER_BOUND('',#1350,.T.);
#856=FACE_OUTER_BOUND('',#1351,.T.);
#857=FACE_OUTER_BOUND('',#1352,.T.);
#858=FACE_OUTER_BOUND('',#1353,.T.);
#859=FACE_OUTER_BOUND('',#1354,.T.);
#860=FACE_OUTER_BOUND('',#1355,.T.);
#861=FACE_OUTER_BOUND('',#1356,.T.);
#862=FACE_OUTER_BOUND('',#1357,.T.);
#863=FACE_OUTER_BOUND('',#1358,.T.);
#864=FACE_OUTER_BOUND('',#1359,.T.);
#865=FACE_OUTER_BOUND('',#1360,.T.);
#866=FACE_OUTER_BOUND('',#1361,.T.);
#867=FACE_OUTER_BOUND('',#1362,.T.);
#868=FACE_OUTER_BOUND('',#1363,.T.);
#869=FACE_OUTER_BOUND('',#1364,.T.);
#870=FACE_OUTER_BOUND('',#1365,.T.);
#871=FACE_OUTER_BOUND('',#1366,.T.);
#872=FACE_OUTER_BOUND('',#1367,.T.);
#873=FACE_OUTER_BOUND('',#1368,.T.);
#874=FACE_OUTER_BOUND('',#1369,.T.);
#875=FACE_OUTER_BOUND('',#1370,.T.);
#876=FACE_OUTER_BOUND('',#1371,.T.);
#877=FACE_OUTER_BOUND('',#1372,.T.);
#878=FACE_OUTER_BOUND('',#1373,.T.);
#879=FACE_OUTER_BOUND('',#1374,.T.);
#880=FACE_OUTER_BOUND('',#1375,.T.);
#881=FACE_OUTER_BOUND('',#1376,.T.);
#882=FACE_OUTER_BOUND('',#1377,.T.);
#883=FACE_OUTER_BOUND('',#1378,.T.);
#884=FACE_OUTER_BOUND('',#1379,.T.);
#885=FACE_OUTER_BOUND('',#1380,.T.);
#886=FACE_OUTER_BOUND('',#1381,.T.);
#887=FACE_OUTER_BOUND('',#1382,.T.);
#888=FACE_OUTER_BOUND('',#1383,.T.);
#889=FACE_OUTER_BOUND('',#1384,.T.);
#890=FACE_OUTER_BOUND('',#1385,.T.);
#891=FACE_OUTER_BOUND('',#1386,.T.);
#892=FACE_OUTER_BOUND('',#1387,.T.);
#893=FACE_OUTER_BOUND('',#1388,.T.);
#894=FACE_OUTER_BOUND('',#1389,.T.);
#895=FACE_OUTER_BOUND('',#1390,.T.);
#896=FACE_OUTER_BOUND('',#1391,.T.);
#897=FACE_OUTER_BOUND('',#1392,.T.);
#898=FACE_OUTER_BOUND('',#1393,.T.);
#899=FACE_OUTER_BOUND('',#1395,.T.);
#900=FACE_OUTER_BOUND('',#1396,.T.);
#901=FACE_OUTER_BOUND('',#1397,.T.);
#902=FACE_OUTER_BOUND('',#1398,.T.);
#903=FACE_OUTER_BOUND('',#1399,.T.);
#904=FACE_OUTER_BOUND('',#1400,.T.);
#905=FACE_OUTER_BOUND('',#1401,.T.);
#906=FACE_OUTER_BOUND('',#1402,.T.);
#907=FACE_OUTER_BOUND('',#1403,.T.);
#908=FACE_OUTER_BOUND('',#1404,.T.);
#909=FACE_OUTER_BOUND('',#1405,.T.);
#910=FACE_OUTER_BOUND('',#1406,.T.);
#911=FACE_OUTER_BOUND('',#1407,.T.);
#912=FACE_OUTER_BOUND('',#1410,.T.);
#913=FACE_OUTER_BOUND('',#1411,.T.);
#914=FACE_OUTER_BOUND('',#1412,.T.);
#915=FACE_OUTER_BOUND('',#1413,.T.);
#916=FACE_OUTER_BOUND('',#1414,.T.);
#917=FACE_OUTER_BOUND('',#1415,.T.);
#918=FACE_OUTER_BOUND('',#1418,.T.);
#919=FACE_OUTER_BOUND('',#1421,.T.);
#920=FACE_OUTER_BOUND('',#1422,.T.);
#921=FACE_OUTER_BOUND('',#1423,.T.);
#922=FACE_OUTER_BOUND('',#1424,.T.);
#923=FACE_OUTER_BOUND('',#1425,.T.);
#924=FACE_OUTER_BOUND('',#1426,.T.);
#925=FACE_OUTER_BOUND('',#1427,.T.);
#926=FACE_OUTER_BOUND('',#1428,.T.);
#927=FACE_OUTER_BOUND('',#1429,.T.);
#928=FACE_OUTER_BOUND('',#1430,.T.);
#929=FACE_OUTER_BOUND('',#1431,.T.);
#930=FACE_OUTER_BOUND('',#1432,.T.);
#931=FACE_OUTER_BOUND('',#1433,.T.);
#932=FACE_OUTER_BOUND('',#1434,.T.);
#933=FACE_OUTER_BOUND('',#1435,.T.);
#934=FACE_OUTER_BOUND('',#1436,.T.);
#935=FACE_OUTER_BOUND('',#1437,.T.);
#936=FACE_OUTER_BOUND('',#1438,.T.);
#937=FACE_OUTER_BOUND('',#1439,.T.);
#938=FACE_OUTER_BOUND('',#1440,.T.);
#939=FACE_OUTER_BOUND('',#1441,.T.);
#940=FACE_OUTER_BOUND('',#1442,.T.);
#941=FACE_OUTER_BOUND('',#1443,.T.);
#942=FACE_OUTER_BOUND('',#1444,.T.);
#943=FACE_OUTER_BOUND('',#1445,.T.);
#944=FACE_OUTER_BOUND('',#1446,.T.);
#945=FACE_OUTER_BOUND('',#1447,.T.);
#946=FACE_OUTER_BOUND('',#1448,.T.);
#947=FACE_OUTER_BOUND('',#1449,.T.);
#948=FACE_OUTER_BOUND('',#1450,.T.);
#949=FACE_OUTER_BOUND('',#1451,.T.);
#950=FACE_OUTER_BOUND('',#1452,.T.);
#951=FACE_OUTER_BOUND('',#1453,.T.);
#952=FACE_OUTER_BOUND('',#1454,.T.);
#953=FACE_OUTER_BOUND('',#1455,.T.);
#954=FACE_OUTER_BOUND('',#1456,.T.);
#955=FACE_OUTER_BOUND('',#1457,.T.);
#956=FACE_OUTER_BOUND('',#1458,.T.);
#957=FACE_OUTER_BOUND('',#1459,.T.);
#958=FACE_OUTER_BOUND('',#1460,.T.);
#959=FACE_OUTER_BOUND('',#1461,.T.);
#960=FACE_OUTER_BOUND('',#1462,.T.);
#961=FACE_OUTER_BOUND('',#1463,.T.);
#962=FACE_OUTER_BOUND('',#1464,.T.);
#963=FACE_OUTER_BOUND('',#1465,.T.);
#964=FACE_OUTER_BOUND('',#1466,.T.);
#965=FACE_OUTER_BOUND('',#1467,.T.);
#966=FACE_OUTER_BOUND('',#1468,.T.);
#967=FACE_OUTER_BOUND('',#1469,.T.);
#968=FACE_OUTER_BOUND('',#1470,.T.);
#969=FACE_OUTER_BOUND('',#1471,.T.);
#970=FACE_OUTER_BOUND('',#1472,.T.);
#971=FACE_OUTER_BOUND('',#1473,.T.);
#972=FACE_OUTER_BOUND('',#1474,.T.);
#973=FACE_OUTER_BOUND('',#1475,.T.);
#974=FACE_OUTER_BOUND('',#1476,.T.);
#975=FACE_OUTER_BOUND('',#1477,.T.);
#976=FACE_OUTER_BOUND('',#1478,.T.);
#977=FACE_OUTER_BOUND('',#1479,.T.);
#978=FACE_OUTER_BOUND('',#1480,.T.);
#979=FACE_OUTER_BOUND('',#1481,.T.);
#980=FACE_OUTER_BOUND('',#1482,.T.);
#981=FACE_OUTER_BOUND('',#1483,.T.);
#982=FACE_OUTER_BOUND('',#1484,.T.);
#983=FACE_OUTER_BOUND('',#1485,.T.);
#984=FACE_OUTER_BOUND('',#1486,.T.);
#985=FACE_OUTER_BOUND('',#1487,.T.);
#986=FACE_OUTER_BOUND('',#1488,.T.);
#987=FACE_OUTER_BOUND('',#1489,.T.);
#988=FACE_OUTER_BOUND('',#1490,.T.);
#989=FACE_OUTER_BOUND('',#1491,.T.);
#990=FACE_OUTER_BOUND('',#1492,.T.);
#991=FACE_OUTER_BOUND('',#1493,.T.);
#992=FACE_OUTER_BOUND('',#1494,.T.);
#993=FACE_OUTER_BOUND('',#1495,.T.);
#994=FACE_OUTER_BOUND('',#1496,.T.);
#995=FACE_OUTER_BOUND('',#1497,.T.);
#996=FACE_OUTER_BOUND('',#1498,.T.);
#997=FACE_OUTER_BOUND('',#1499,.T.);
#998=FACE_OUTER_BOUND('',#1500,.T.);
#999=FACE_OUTER_BOUND('',#1501,.T.);
#1000=FACE_OUTER_BOUND('',#1502,.T.);
#1001=FACE_OUTER_BOUND('',#1503,.T.);
#1002=FACE_OUTER_BOUND('',#1504,.T.);
#1003=FACE_OUTER_BOUND('',#1505,.T.);
#1004=FACE_OUTER_BOUND('',#1506,.T.);
#1005=FACE_OUTER_BOUND('',#1507,.T.);
#1006=FACE_OUTER_BOUND('',#1508,.T.);
#1007=FACE_OUTER_BOUND('',#1509,.T.);
#1008=FACE_OUTER_BOUND('',#1510,.T.);
#1009=FACE_OUTER_BOUND('',#1511,.T.);
#1010=FACE_OUTER_BOUND('',#1512,.T.);
#1011=FACE_OUTER_BOUND('',#1513,.T.);
#1012=FACE_OUTER_BOUND('',#1514,.T.);
#1013=FACE_OUTER_BOUND('',#1515,.T.);
#1014=FACE_OUTER_BOUND('',#1516,.T.);
#1015=FACE_OUTER_BOUND('',#1517,.T.);
#1016=FACE_OUTER_BOUND('',#1518,.T.);
#1017=FACE_OUTER_BOUND('',#1519,.T.);
#1018=FACE_OUTER_BOUND('',#1520,.T.);
#1019=FACE_OUTER_BOUND('',#1522,.T.);
#1020=FACE_OUTER_BOUND('',#1523,.T.);
#1021=FACE_OUTER_BOUND('',#1524,.T.);
#1022=FACE_OUTER_BOUND('',#1525,.T.);
#1023=FACE_OUTER_BOUND('',#1526,.T.);
#1024=FACE_OUTER_BOUND('',#1527,.T.);
#1025=FACE_OUTER_BOUND('',#1528,.T.);
#1026=FACE_OUTER_BOUND('',#1530,.T.);
#1027=FACE_OUTER_BOUND('',#1531,.T.);
#1028=FACE_OUTER_BOUND('',#1532,.T.);
#1029=FACE_OUTER_BOUND('',#1533,.T.);
#1030=FACE_OUTER_BOUND('',#1534,.T.);
#1031=FACE_OUTER_BOUND('',#1535,.T.);
#1032=FACE_OUTER_BOUND('',#1536,.T.);
#1033=FACE_OUTER_BOUND('',#1537,.T.);
#1034=FACE_OUTER_BOUND('',#1538,.T.);
#1035=FACE_OUTER_BOUND('',#1539,.T.);
#1036=FACE_OUTER_BOUND('',#1540,.T.);
#1037=FACE_OUTER_BOUND('',#1541,.T.);
#1038=FACE_OUTER_BOUND('',#1542,.T.);
#1039=FACE_OUTER_BOUND('',#1543,.T.);
#1040=FACE_OUTER_BOUND('',#1544,.T.);
#1041=FACE_OUTER_BOUND('',#1545,.T.);
#1042=FACE_OUTER_BOUND('',#1546,.T.);
#1043=FACE_OUTER_BOUND('',#1547,.T.);
#1044=EDGE_LOOP('',(#5954,#5955,#5956,#5957));
#1045=EDGE_LOOP('',(#5958,#5959,#5960,#5961));
#1046=EDGE_LOOP('',(#5962,#5963,#5964,#5965));
#1047=EDGE_LOOP('',(#5966,#5967,#5968,#5969));
#1048=EDGE_LOOP('',(#5970,#5971,#5972,#5973));
#1049=EDGE_LOOP('',(#5974,#5975,#5976,#5977));
#1050=EDGE_LOOP('',(#5978,#5979,#5980,#5981));
#1051=EDGE_LOOP('',(#5982,#5983,#5984,#5985));
#1052=EDGE_LOOP('',(#5986,#5987,#5988,#5989));
#1053=EDGE_LOOP('',(#5990,#5991,#5992,#5993));
#1054=EDGE_LOOP('',(#5994,#5995,#5996,#5997));
#1055=EDGE_LOOP('',(#5998,#5999,#6000,#6001));
#1056=EDGE_LOOP('',(#6002,#6003,#6004,#6005));
#1057=EDGE_LOOP('',(#6006,#6007,#6008,#6009));
#1058=EDGE_LOOP('',(#6010,#6011,#6012,#6013));
#1059=EDGE_LOOP('',(#6014,#6015,#6016,#6017));
#1060=EDGE_LOOP('',(#6018,#6019,#6020,#6021));
#1061=EDGE_LOOP('',(#6022,#6023,#6024,#6025));
#1062=EDGE_LOOP('',(#6026,#6027,#6028,#6029));
#1063=EDGE_LOOP('',(#6030,#6031,#6032,#6033));
#1064=EDGE_LOOP('',(#6034,#6035,#6036,#6037,#6038,#6039,#6040,#6041,#6042,
#6043,#6044,#6045,#6046,#6047,#6048,#6049,#6050,#6051,#6052,#6053,#6054,
#6055,#6056,#6057,#6058,#6059,#6060,#6061,#6062,#6063,#6064,#6065,#6066,
#6067,#6068,#6069,#6070,#6071,#6072,#6073,#6074,#6075,#6076,#6077,#6078,
#6079,#6080,#6081,#6082,#6083,#6084,#6085,#6086,#6087,#6088,#6089,#6090,
#6091,#6092,#6093,#6094,#6095,#6096,#6097,#6098,#6099,#6100,#6101,#6102,
#6103,#6104,#6105,#6106,#6107,#6108,#6109,#6110,#6111,#6112,#6113,#6114));
#1065=EDGE_LOOP('',(#6115));
#1066=EDGE_LOOP('',(#6116,#6117,#6118,#6119));
#1067=EDGE_LOOP('',(#6120));
#1068=EDGE_LOOP('',(#6121));
#1069=EDGE_LOOP('',(#6122));
#1070=EDGE_LOOP('',(#6123));
#1071=EDGE_LOOP('',(#6124,#6125,#6126,#6127));
#1072=EDGE_LOOP('',(#6128,#6129,#6130,#6131));
#1073=EDGE_LOOP('',(#6132));
#1074=EDGE_LOOP('',(#6133));
#1075=EDGE_LOOP('',(#6134,#6135,#6136,#6137));
#1076=EDGE_LOOP('',(#6138,#6139,#6140,#6141));
#1077=EDGE_LOOP('',(#6142,#6143,#6144,#6145));
#1078=EDGE_LOOP('',(#6146,#6147,#6148,#6149));
#1079=EDGE_LOOP('',(#6150,#6151,#6152,#6153));
#1080=EDGE_LOOP('',(#6154,#6155,#6156,#6157));
#1081=EDGE_LOOP('',(#6158,#6159,#6160,#6161));
#1082=EDGE_LOOP('',(#6162,#6163,#6164,#6165));
#1083=EDGE_LOOP('',(#6166,#6167,#6168,#6169));
#1084=EDGE_LOOP('',(#6170,#6171,#6172,#6173));
#1085=EDGE_LOOP('',(#6174,#6175,#6176,#6177));
#1086=EDGE_LOOP('',(#6178,#6179,#6180,#6181));
#1087=EDGE_LOOP('',(#6182,#6183,#6184,#6185));
#1088=EDGE_LOOP('',(#6186,#6187,#6188,#6189));
#1089=EDGE_LOOP('',(#6190,#6191,#6192,#6193));
#1090=EDGE_LOOP('',(#6194,#6195,#6196,#6197));
#1091=EDGE_LOOP('',(#6198,#6199,#6200,#6201));
#1092=EDGE_LOOP('',(#6202,#6203,#6204,#6205));
#1093=EDGE_LOOP('',(#6206,#6207,#6208,#6209));
#1094=EDGE_LOOP('',(#6210,#6211,#6212,#6213));
#1095=EDGE_LOOP('',(#6214,#6215,#6216,#6217));
#1096=EDGE_LOOP('',(#6218,#6219,#6220,#6221));
#1097=EDGE_LOOP('',(#6222,#6223,#6224,#6225));
#1098=EDGE_LOOP('',(#6226,#6227,#6228,#6229));
#1099=EDGE_LOOP('',(#6230,#6231,#6232,#6233));
#1100=EDGE_LOOP('',(#6234,#6235,#6236,#6237));
#1101=EDGE_LOOP('',(#6238,#6239,#6240,#6241));
#1102=EDGE_LOOP('',(#6242,#6243,#6244,#6245));
#1103=EDGE_LOOP('',(#6246,#6247,#6248,#6249));
#1104=EDGE_LOOP('',(#6250,#6251,#6252,#6253));
#1105=EDGE_LOOP('',(#6254,#6255,#6256,#6257));
#1106=EDGE_LOOP('',(#6258,#6259,#6260,#6261));
#1107=EDGE_LOOP('',(#6262,#6263,#6264,#6265));
#1108=EDGE_LOOP('',(#6266,#6267,#6268,#6269));
#1109=EDGE_LOOP('',(#6270,#6271,#6272,#6273));
#1110=EDGE_LOOP('',(#6274,#6275,#6276,#6277));
#1111=EDGE_LOOP('',(#6278,#6279,#6280,#6281));
#1112=EDGE_LOOP('',(#6282,#6283,#6284,#6285));
#1113=EDGE_LOOP('',(#6286,#6287,#6288,#6289));
#1114=EDGE_LOOP('',(#6290,#6291,#6292,#6293));
#1115=EDGE_LOOP('',(#6294,#6295,#6296,#6297));
#1116=EDGE_LOOP('',(#6298,#6299,#6300,#6301));
#1117=EDGE_LOOP('',(#6302,#6303,#6304,#6305));
#1118=EDGE_LOOP('',(#6306,#6307,#6308,#6309));
#1119=EDGE_LOOP('',(#6310,#6311,#6312,#6313,#6314,#6315,#6316,#6317,#6318,
#6319,#6320,#6321,#6322,#6323,#6324,#6325,#6326,#6327,#6328,#6329,#6330,
#6331,#6332,#6333,#6334,#6335,#6336,#6337,#6338,#6339,#6340,#6341,#6342,
#6343,#6344,#6345,#6346,#6347,#6348,#6349,#6350,#6351,#6352,#6353,#6354,
#6355,#6356,#6357,#6358,#6359,#6360,#6361,#6362,#6363,#6364,#6365,#6366,
#6367,#6368,#6369,#6370,#6371,#6372,#6373,#6374,#6375,#6376,#6377,#6378,
#6379,#6380,#6381,#6382,#6383,#6384,#6385,#6386,#6387,#6388,#6389,#6390,
#6391,#6392,#6393));
#1120=EDGE_LOOP('',(#6394,#6395,#6396,#6397));
#1121=EDGE_LOOP('',(#6398,#6399,#6400,#6401));
#1122=EDGE_LOOP('',(#6402,#6403,#6404,#6405));
#1123=EDGE_LOOP('',(#6406,#6407,#6408,#6409));
#1124=EDGE_LOOP('',(#6410,#6411,#6412,#6413));
#1125=EDGE_LOOP('',(#6414,#6415,#6416,#6417));
#1126=EDGE_LOOP('',(#6418,#6419,#6420,#6421));
#1127=EDGE_LOOP('',(#6422,#6423,#6424,#6425));
#1128=EDGE_LOOP('',(#6426,#6427,#6428,#6429));
#1129=EDGE_LOOP('',(#6430,#6431,#6432,#6433));
#1130=EDGE_LOOP('',(#6434,#6435,#6436,#6437));
#1131=EDGE_LOOP('',(#6438,#6439,#6440,#6441));
#1132=EDGE_LOOP('',(#6442,#6443,#6444,#6445));
#1133=EDGE_LOOP('',(#6446,#6447,#6448,#6449));
#1134=EDGE_LOOP('',(#6450,#6451,#6452,#6453));
#1135=EDGE_LOOP('',(#6454,#6455,#6456,#6457));
#1136=EDGE_LOOP('',(#6458));
#1137=EDGE_LOOP('',(#6459));
#1138=EDGE_LOOP('',(#6460,#6461,#6462,#6463));
#1139=EDGE_LOOP('',(#6464));
#1140=EDGE_LOOP('',(#6465));
#1141=EDGE_LOOP('',(#6466,#6467,#6468,#6469));
#1142=EDGE_LOOP('',(#6470,#6471,#6472,#6473));
#1143=EDGE_LOOP('',(#6474,#6475,#6476,#6477));
#1144=EDGE_LOOP('',(#6478,#6479,#6480,#6481));
#1145=EDGE_LOOP('',(#6482,#6483,#6484,#6485));
#1146=EDGE_LOOP('',(#6486,#6487,#6488,#6489));
#1147=EDGE_LOOP('',(#6490,#6491,#6492,#6493));
#1148=EDGE_LOOP('',(#6494,#6495,#6496,#6497));
#1149=EDGE_LOOP('',(#6498,#6499,#6500,#6501));
#1150=EDGE_LOOP('',(#6502,#6503,#6504,#6505));
#1151=EDGE_LOOP('',(#6506,#6507,#6508,#6509));
#1152=EDGE_LOOP('',(#6510,#6511,#6512,#6513));
#1153=EDGE_LOOP('',(#6514,#6515,#6516,#6517));
#1154=EDGE_LOOP('',(#6518,#6519,#6520,#6521));
#1155=EDGE_LOOP('',(#6522,#6523,#6524,#6525));
#1156=EDGE_LOOP('',(#6526,#6527,#6528,#6529));
#1157=EDGE_LOOP('',(#6530,#6531,#6532,#6533));
#1158=EDGE_LOOP('',(#6534,#6535,#6536,#6537));
#1159=EDGE_LOOP('',(#6538,#6539,#6540,#6541));
#1160=EDGE_LOOP('',(#6542,#6543,#6544,#6545));
#1161=EDGE_LOOP('',(#6546,#6547,#6548,#6549));
#1162=EDGE_LOOP('',(#6550,#6551,#6552,#6553,#6554,#6555,#6556,#6557,#6558,
#6559,#6560,#6561,#6562,#6563,#6564,#6565,#6566,#6567,#6568,#6569,#6570,
#6571,#6572,#6573,#6574,#6575,#6576,#6577,#6578,#6579,#6580,#6581,#6582,
#6583,#6584,#6585,#6586,#6587,#6588,#6589,#6590,#6591,#6592,#6593,#6594,
#6595,#6596,#6597,#6598,#6599,#6600,#6601,#6602,#6603,#6604,#6605,#6606,
#6607,#6608,#6609,#6610,#6611,#6612,#6613,#6614,#6615,#6616,#6617,#6618,
#6619,#6620,#6621,#6622,#6623,#6624,#6625,#6626,#6627,#6628,#6629,#6630));
#1163=EDGE_LOOP('',(#6631));
#1164=EDGE_LOOP('',(#6632,#6633,#6634,#6635));
#1165=EDGE_LOOP('',(#6636));
#1166=EDGE_LOOP('',(#6637));
#1167=EDGE_LOOP('',(#6638,#6639,#6640,#6641));
#1168=EDGE_LOOP('',(#6642,#6643,#6644,#6645));
#1169=EDGE_LOOP('',(#6646,#6647,#6648,#6649));
#1170=EDGE_LOOP('',(#6650,#6651,#6652,#6653));
#1171=EDGE_LOOP('',(#6654,#6655,#6656,#6657));
#1172=EDGE_LOOP('',(#6658,#6659,#6660,#6661));
#1173=EDGE_LOOP('',(#6662,#6663,#6664,#6665));
#1174=EDGE_LOOP('',(#6666,#6667,#6668,#6669));
#1175=EDGE_LOOP('',(#6670,#6671,#6672,#6673));
#1176=EDGE_LOOP('',(#6674,#6675,#6676,#6677));
#1177=EDGE_LOOP('',(#6678,#6679,#6680,#6681));
#1178=EDGE_LOOP('',(#6682,#6683,#6684,#6685));
#1179=EDGE_LOOP('',(#6686,#6687,#6688,#6689));
#1180=EDGE_LOOP('',(#6690,#6691,#6692,#6693));
#1181=EDGE_LOOP('',(#6694,#6695,#6696,#6697));
#1182=EDGE_LOOP('',(#6698,#6699,#6700,#6701));
#1183=EDGE_LOOP('',(#6702,#6703,#6704,#6705));
#1184=EDGE_LOOP('',(#6706,#6707,#6708,#6709));
#1185=EDGE_LOOP('',(#6710,#6711,#6712,#6713));
#1186=EDGE_LOOP('',(#6714,#6715,#6716,#6717));
#1187=EDGE_LOOP('',(#6718,#6719,#6720,#6721));
#1188=EDGE_LOOP('',(#6722,#6723,#6724,#6725));
#1189=EDGE_LOOP('',(#6726,#6727,#6728,#6729));
#1190=EDGE_LOOP('',(#6730,#6731,#6732,#6733));
#1191=EDGE_LOOP('',(#6734,#6735,#6736,#6737));
#1192=EDGE_LOOP('',(#6738,#6739,#6740,#6741));
#1193=EDGE_LOOP('',(#6742,#6743,#6744,#6745));
#1194=EDGE_LOOP('',(#6746,#6747,#6748,#6749));
#1195=EDGE_LOOP('',(#6750,#6751,#6752,#6753));
#1196=EDGE_LOOP('',(#6754,#6755,#6756,#6757));
#1197=EDGE_LOOP('',(#6758,#6759,#6760,#6761));
#1198=EDGE_LOOP('',(#6762,#6763,#6764,#6765));
#1199=EDGE_LOOP('',(#6766,#6767,#6768,#6769));
#1200=EDGE_LOOP('',(#6770,#6771,#6772,#6773));
#1201=EDGE_LOOP('',(#6774,#6775,#6776,#6777));
#1202=EDGE_LOOP('',(#6778,#6779,#6780,#6781));
#1203=EDGE_LOOP('',(#6782,#6783,#6784,#6785));
#1204=EDGE_LOOP('',(#6786,#6787,#6788,#6789));
#1205=EDGE_LOOP('',(#6790,#6791,#6792,#6793));
#1206=EDGE_LOOP('',(#6794,#6795,#6796,#6797));
#1207=EDGE_LOOP('',(#6798,#6799,#6800,#6801));
#1208=EDGE_LOOP('',(#6802,#6803,#6804,#6805));
#1209=EDGE_LOOP('',(#6806,#6807,#6808,#6809));
#1210=EDGE_LOOP('',(#6810,#6811,#6812,#6813));
#1211=EDGE_LOOP('',(#6814,#6815,#6816,#6817));
#1212=EDGE_LOOP('',(#6818,#6819,#6820,#6821));
#1213=EDGE_LOOP('',(#6822,#6823,#6824,#6825));
#1214=EDGE_LOOP('',(#6826,#6827,#6828,#6829));
#1215=EDGE_LOOP('',(#6830,#6831,#6832,#6833));
#1216=EDGE_LOOP('',(#6834,#6835,#6836,#6837));
#1217=EDGE_LOOP('',(#6838,#6839,#6840,#6841,#6842,#6843,#6844,#6845,#6846,
#6847,#6848,#6849,#6850,#6851,#6852,#6853,#6854,#6855,#6856,#6857,#6858,
#6859,#6860,#6861,#6862,#6863,#6864,#6865,#6866,#6867,#6868,#6869,#6870,
#6871,#6872,#6873,#6874,#6875,#6876,#6877,#6878,#6879,#6880,#6881,#6882,
#6883,#6884,#6885,#6886,#6887,#6888,#6889,#6890,#6891,#6892,#6893,#6894,
#6895,#6896,#6897,#6898,#6899,#6900,#6901,#6902,#6903,#6904,#6905,#6906,
#6907,#6908,#6909,#6910,#6911,#6912,#6913,#6914,#6915,#6916,#6917,#6918,
#6919,#6920,#6921));
#1218=EDGE_LOOP('',(#6922,#6923,#6924,#6925));
#1219=EDGE_LOOP('',(#6926,#6927,#6928,#6929));
#1220=EDGE_LOOP('',(#6930,#6931,#6932,#6933));
#1221=EDGE_LOOP('',(#6934,#6935,#6936,#6937));
#1222=EDGE_LOOP('',(#6938,#6939,#6940,#6941));
#1223=EDGE_LOOP('',(#6942,#6943,#6944,#6945));
#1224=EDGE_LOOP('',(#6946,#6947,#6948,#6949));
#1225=EDGE_LOOP('',(#6950,#6951,#6952,#6953));
#1226=EDGE_LOOP('',(#6954,#6955,#6956,#6957));
#1227=EDGE_LOOP('',(#6958,#6959,#6960,#6961));
#1228=EDGE_LOOP('',(#6962,#6963,#6964,#6965,#6966,#6967));
#1229=EDGE_LOOP('',(#6968));
#1230=EDGE_LOOP('',(#6969));
#1231=EDGE_LOOP('',(#6970,#6971,#6972,#6973,#6974,#6975,#6976));
#1232=EDGE_LOOP('',(#6977,#6978,#6979,#6980));
#1233=EDGE_LOOP('',(#6981,#6982,#6983,#6984,#6985));
#1234=EDGE_LOOP('',(#6986,#6987,#6988,#6989,#6990,#6991,#6992,#6993));
#1235=EDGE_LOOP('',(#6994));
#1236=EDGE_LOOP('',(#6995,#6996,#6997,#6998,#6999,#7000,#7001,#7002,#7003,
#7004,#7005,#7006));
#1237=EDGE_LOOP('',(#7007,#7008,#7009,#7010));
#1238=EDGE_LOOP('',(#7011));
#1239=EDGE_LOOP('',(#7012,#7013,#7014,#7015,#7016));
#1240=EDGE_LOOP('',(#7017));
#1241=EDGE_LOOP('',(#7018));
#1242=EDGE_LOOP('',(#7019,#7020,#7021,#7022,#7023,#7024,#7025,#7026,#7027,
#7028,#7029,#7030,#7031,#7032,#7033,#7034,#7035,#7036,#7037,#7038));
#1243=EDGE_LOOP('',(#7039,#7040,#7041,#7042,#7043,#7044,#7045,#7046,#7047,
#7048,#7049,#7050,#7051));
#1244=EDGE_LOOP('',(#7052,#7053,#7054,#7055,#7056));
#1245=EDGE_LOOP('',(#7057,#7058,#7059,#7060));
#1246=EDGE_LOOP('',(#7061,#7062,#7063,#7064,#7065));
#1247=EDGE_LOOP('',(#7066,#7067,#7068,#7069,#7070));
#1248=EDGE_LOOP('',(#7071,#7072,#7073,#7074));
#1249=EDGE_LOOP('',(#7075,#7076,#7077,#7078,#7079));
#1250=EDGE_LOOP('',(#7080,#7081,#7082,#7083,#7084));
#1251=EDGE_LOOP('',(#7085,#7086,#7087,#7088));
#1252=EDGE_LOOP('',(#7089,#7090,#7091,#7092,#7093));
#1253=EDGE_LOOP('',(#7094,#7095,#7096,#7097,#7098));
#1254=EDGE_LOOP('',(#7099,#7100,#7101,#7102));
#1255=EDGE_LOOP('',(#7103,#7104,#7105,#7106,#7107));
#1256=EDGE_LOOP('',(#7108,#7109,#7110));
#1257=EDGE_LOOP('',(#7111,#7112,#7113));
#1258=EDGE_LOOP('',(#7114,#7115,#7116));
#1259=EDGE_LOOP('',(#7117,#7118,#7119));
#1260=EDGE_LOOP('',(#7120,#7121,#7122,#7123,#7124,#7125,#7126,#7127));
#1261=EDGE_LOOP('',(#7128));
#1262=EDGE_LOOP('',(#7129,#7130,#7131,#7132));
#1263=EDGE_LOOP('',(#7133,#7134,#7135,#7136));
#1264=EDGE_LOOP('',(#7137,#7138,#7139,#7140));
#1265=EDGE_LOOP('',(#7141,#7142,#7143,#7144));
#1266=EDGE_LOOP('',(#7145,#7146,#7147,#7148,#7149,#7150,#7151,#7152,#7153,
#7154,#7155,#7156));
#1267=EDGE_LOOP('',(#7157,#7158,#7159,#7160));
#1268=EDGE_LOOP('',(#7161,#7162,#7163,#7164));
#1269=EDGE_LOOP('',(#7165,#7166,#7167,#7168));
#1270=EDGE_LOOP('',(#7169,#7170,#7171,#7172,#7173,#7174,#7175,#7176,#7177,
#7178,#7179,#7180));
#1271=EDGE_LOOP('',(#7181,#7182,#7183,#7184));
#1272=EDGE_LOOP('',(#7185,#7186,#7187,#7188));
#1273=EDGE_LOOP('',(#7189,#7190,#7191,#7192));
#1274=EDGE_LOOP('',(#7193,#7194,#7195,#7196));
#1275=EDGE_LOOP('',(#7197,#7198,#7199,#7200,#7201,#7202));
#1276=EDGE_LOOP('',(#7203,#7204,#7205,#7206,#7207,#7208,#7209,#7210,#7211,
#7212,#7213,#7214,#7215,#7216,#7217,#7218,#7219,#7220,#7221,#7222,#7223,
#7224,#7225,#7226,#7227,#7228,#7229,#7230));
#1277=EDGE_LOOP('',(#7231,#7232,#7233,#7234,#7235,#7236,#7237));
#1278=EDGE_LOOP('',(#7238,#7239,#7240,#7241,#7242,#7243,#7244,#7245,#7246,
#7247,#7248,#7249,#7250,#7251,#7252,#7253));
#1279=EDGE_LOOP('',(#7254,#7255,#7256,#7257,#7258,#7259,#7260,#7261,#7262,
#7263,#7264));
#1280=EDGE_LOOP('',(#7265,#7266,#7267,#7268,#7269,#7270,#7271,#7272,#7273,
#7274,#7275,#7276,#7277,#7278,#7279,#7280,#7281,#7282,#7283,#7284,#7285,
#7286,#7287,#7288,#7289,#7290,#7291,#7292,#7293,#7294,#7295));
#1281=EDGE_LOOP('',(#7296,#7297,#7298,#7299));
#1282=EDGE_LOOP('',(#7300,#7301,#7302,#7303));
#1283=EDGE_LOOP('',(#7304,#7305,#7306,#7307,#7308,#7309,#7310,#7311));
#1284=EDGE_LOOP('',(#7312,#7313,#7314,#7315));
#1285=EDGE_LOOP('',(#7316,#7317,#7318,#7319,#7320,#7321,#7322,#7323));
#1286=EDGE_LOOP('',(#7324,#7325,#7326,#7327));
#1287=EDGE_LOOP('',(#7328,#7329,#7330,#7331,#7332,#7333,#7334,#7335,#7336,
#7337));
#1288=EDGE_LOOP('',(#7338,#7339,#7340,#7341));
#1289=EDGE_LOOP('',(#7342,#7343,#7344,#7345));
#1290=EDGE_LOOP('',(#7346,#7347,#7348,#7349));
#1291=EDGE_LOOP('',(#7350,#7351,#7352,#7353));
#1292=EDGE_LOOP('',(#7354,#7355,#7356,#7357));
#1293=EDGE_LOOP('',(#7358,#7359,#7360,#7361));
#1294=EDGE_LOOP('',(#7362,#7363,#7364,#7365,#7366));
#1295=EDGE_LOOP('',(#7367,#7368,#7369,#7370));
#1296=EDGE_LOOP('',(#7371,#7372,#7373,#7374));
#1297=EDGE_LOOP('',(#7375,#7376,#7377,#7378));
#1298=EDGE_LOOP('',(#7379,#7380,#7381,#7382));
#1299=EDGE_LOOP('',(#7383,#7384,#7385,#7386));
#1300=EDGE_LOOP('',(#7387,#7388,#7389,#7390));
#1301=EDGE_LOOP('',(#7391,#7392,#7393,#7394));
#1302=EDGE_LOOP('',(#7395,#7396,#7397,#7398));
#1303=EDGE_LOOP('',(#7399,#7400,#7401,#7402));
#1304=EDGE_LOOP('',(#7403,#7404,#7405,#7406));
#1305=EDGE_LOOP('',(#7407,#7408,#7409,#7410));
#1306=EDGE_LOOP('',(#7411,#7412,#7413,#7414));
#1307=EDGE_LOOP('',(#7415,#7416,#7417,#7418));
#1308=EDGE_LOOP('',(#7419,#7420,#7421,#7422));
#1309=EDGE_LOOP('',(#7423,#7424,#7425,#7426));
#1310=EDGE_LOOP('',(#7427,#7428,#7429,#7430));
#1311=EDGE_LOOP('',(#7431,#7432,#7433,#7434));
#1312=EDGE_LOOP('',(#7435,#7436,#7437,#7438));
#1313=EDGE_LOOP('',(#7439,#7440,#7441,#7442));
#1314=EDGE_LOOP('',(#7443,#7444,#7445,#7446));
#1315=EDGE_LOOP('',(#7447,#7448,#7449,#7450));
#1316=EDGE_LOOP('',(#7451,#7452,#7453,#7454));
#1317=EDGE_LOOP('',(#7455,#7456,#7457,#7458));
#1318=EDGE_LOOP('',(#7459,#7460,#7461,#7462));
#1319=EDGE_LOOP('',(#7463,#7464,#7465,#7466));
#1320=EDGE_LOOP('',(#7467,#7468,#7469,#7470));
#1321=EDGE_LOOP('',(#7471,#7472,#7473,#7474));
#1322=EDGE_LOOP('',(#7475,#7476,#7477,#7478));
#1323=EDGE_LOOP('',(#7479,#7480,#7481,#7482));
#1324=EDGE_LOOP('',(#7483,#7484,#7485,#7486));
#1325=EDGE_LOOP('',(#7487,#7488,#7489,#7490));
#1326=EDGE_LOOP('',(#7491,#7492,#7493,#7494));
#1327=EDGE_LOOP('',(#7495,#7496,#7497,#7498));
#1328=EDGE_LOOP('',(#7499,#7500,#7501,#7502));
#1329=EDGE_LOOP('',(#7503,#7504,#7505,#7506));
#1330=EDGE_LOOP('',(#7507,#7508,#7509,#7510));
#1331=EDGE_LOOP('',(#7511,#7512,#7513,#7514));
#1332=EDGE_LOOP('',(#7515,#7516,#7517,#7518));
#1333=EDGE_LOOP('',(#7519,#7520,#7521,#7522));
#1334=EDGE_LOOP('',(#7523,#7524,#7525,#7526));
#1335=EDGE_LOOP('',(#7527,#7528,#7529,#7530));
#1336=EDGE_LOOP('',(#7531,#7532,#7533,#7534));
#1337=EDGE_LOOP('',(#7535,#7536,#7537,#7538));
#1338=EDGE_LOOP('',(#7539,#7540,#7541,#7542));
#1339=EDGE_LOOP('',(#7543,#7544,#7545,#7546));
#1340=EDGE_LOOP('',(#7547,#7548,#7549,#7550));
#1341=EDGE_LOOP('',(#7551,#7552,#7553,#7554));
#1342=EDGE_LOOP('',(#7555,#7556,#7557,#7558));
#1343=EDGE_LOOP('',(#7559,#7560,#7561,#7562));
#1344=EDGE_LOOP('',(#7563,#7564,#7565,#7566));
#1345=EDGE_LOOP('',(#7567,#7568,#7569,#7570));
#1346=EDGE_LOOP('',(#7571,#7572,#7573,#7574));
#1347=EDGE_LOOP('',(#7575,#7576,#7577,#7578));
#1348=EDGE_LOOP('',(#7579,#7580,#7581,#7582));
#1349=EDGE_LOOP('',(#7583,#7584,#7585,#7586));
#1350=EDGE_LOOP('',(#7587,#7588,#7589,#7590));
#1351=EDGE_LOOP('',(#7591,#7592,#7593,#7594));
#1352=EDGE_LOOP('',(#7595,#7596,#7597,#7598));
#1353=EDGE_LOOP('',(#7599,#7600,#7601,#7602));
#1354=EDGE_LOOP('',(#7603,#7604,#7605,#7606));
#1355=EDGE_LOOP('',(#7607,#7608,#7609,#7610));
#1356=EDGE_LOOP('',(#7611,#7612,#7613,#7614));
#1357=EDGE_LOOP('',(#7615,#7616,#7617,#7618));
#1358=EDGE_LOOP('',(#7619,#7620,#7621,#7622));
#1359=EDGE_LOOP('',(#7623,#7624,#7625,#7626));
#1360=EDGE_LOOP('',(#7627,#7628,#7629,#7630));
#1361=EDGE_LOOP('',(#7631,#7632,#7633,#7634));
#1362=EDGE_LOOP('',(#7635,#7636,#7637,#7638));
#1363=EDGE_LOOP('',(#7639,#7640,#7641,#7642));
#1364=EDGE_LOOP('',(#7643,#7644,#7645,#7646));
#1365=EDGE_LOOP('',(#7647,#7648,#7649,#7650));
#1366=EDGE_LOOP('',(#7651,#7652,#7653,#7654));
#1367=EDGE_LOOP('',(#7655,#7656,#7657,#7658));
#1368=EDGE_LOOP('',(#7659,#7660,#7661,#7662));
#1369=EDGE_LOOP('',(#7663,#7664,#7665,#7666));
#1370=EDGE_LOOP('',(#7667,#7668,#7669,#7670));
#1371=EDGE_LOOP('',(#7671,#7672,#7673,#7674));
#1372=EDGE_LOOP('',(#7675,#7676,#7677,#7678));
#1373=EDGE_LOOP('',(#7679,#7680,#7681,#7682));
#1374=EDGE_LOOP('',(#7683,#7684,#7685,#7686));
#1375=EDGE_LOOP('',(#7687,#7688,#7689,#7690));
#1376=EDGE_LOOP('',(#7691,#7692,#7693,#7694));
#1377=EDGE_LOOP('',(#7695,#7696,#7697,#7698));
#1378=EDGE_LOOP('',(#7699,#7700,#7701,#7702));
#1379=EDGE_LOOP('',(#7703,#7704,#7705,#7706));
#1380=EDGE_LOOP('',(#7707,#7708,#7709,#7710));
#1381=EDGE_LOOP('',(#7711,#7712,#7713,#7714));
#1382=EDGE_LOOP('',(#7715,#7716,#7717,#7718));
#1383=EDGE_LOOP('',(#7719,#7720,#7721,#7722));
#1384=EDGE_LOOP('',(#7723,#7724,#7725,#7726));
#1385=EDGE_LOOP('',(#7727,#7728,#7729,#7730));
#1386=EDGE_LOOP('',(#7731,#7732,#7733,#7734));
#1387=EDGE_LOOP('',(#7735,#7736,#7737,#7738));
#1388=EDGE_LOOP('',(#7739,#7740,#7741,#7742));
#1389=EDGE_LOOP('',(#7743,#7744,#7745,#7746,#7747,#7748,#7749,#7750));
#1390=EDGE_LOOP('',(#7751,#7752,#7753,#7754,#7755,#7756));
#1391=EDGE_LOOP('',(#7757,#7758,#7759,#7760,#7761,#7762,#7763,#7764));
#1392=EDGE_LOOP('',(#7765,#7766,#7767,#7768));
#1393=EDGE_LOOP('',(#7769,#7770,#7771,#7772));
#1394=EDGE_LOOP('',(#7773,#7774,#7775,#7776));
#1395=EDGE_LOOP('',(#7777,#7778,#7779,#7780));
#1396=EDGE_LOOP('',(#7781,#7782,#7783,#7784));
#1397=EDGE_LOOP('',(#7785,#7786,#7787,#7788));
#1398=EDGE_LOOP('',(#7789,#7790,#7791,#7792));
#1399=EDGE_LOOP('',(#7793,#7794,#7795,#7796));
#1400=EDGE_LOOP('',(#7797,#7798,#7799,#7800));
#1401=EDGE_LOOP('',(#7801,#7802,#7803,#7804));
#1402=EDGE_LOOP('',(#7805,#7806,#7807,#7808));
#1403=EDGE_LOOP('',(#7809,#7810,#7811,#7812));
#1404=EDGE_LOOP('',(#7813,#7814,#7815,#7816));
#1405=EDGE_LOOP('',(#7817,#7818,#7819,#7820));
#1406=EDGE_LOOP('',(#7821,#7822,#7823,#7824));
#1407=EDGE_LOOP('',(#7825,#7826,#7827,#7828,#7829,#7830,#7831,#7832,#7833,
#7834));
#1408=EDGE_LOOP('',(#7835));
#1409=EDGE_LOOP('',(#7836));
#1410=EDGE_LOOP('',(#7837,#7838,#7839,#7840,#7841,#7842,#7843,#7844,#7845,
#7846,#7847,#7848,#7849,#7850,#7851,#7852,#7853,#7854,#7855,#7856,#7857,
#7858,#7859,#7860,#7861,#7862,#7863,#7864));
#1411=EDGE_LOOP('',(#7865,#7866,#7867,#7868,#7869,#7870,#7871));
#1412=EDGE_LOOP('',(#7872,#7873,#7874,#7875,#7876,#7877,#7878,#7879,#7880,
#7881,#7882,#7883,#7884,#7885,#7886,#7887));
#1413=EDGE_LOOP('',(#7888,#7889,#7890,#7891,#7892,#7893,#7894,#7895,#7896,
#7897,#7898));
#1414=EDGE_LOOP('',(#7899,#7900,#7901,#7902,#7903,#7904,#7905,#7906,#7907,
#7908,#7909,#7910,#7911,#7912,#7913,#7914,#7915,#7916,#7917,#7918,#7919,
#7920,#7921,#7922,#7923,#7924,#7925,#7926,#7927,#7928,#7929));
#1415=EDGE_LOOP('',(#7930,#7931,#7932,#7933));
#1416=EDGE_LOOP('',(#7934,#7935,#7936,#7937));
#1417=EDGE_LOOP('',(#7938,#7939,#7940,#7941));
#1418=EDGE_LOOP('',(#7942,#7943,#7944,#7945));
#1419=EDGE_LOOP('',(#7946,#7947,#7948,#7949));
#1420=EDGE_LOOP('',(#7950,#7951,#7952,#7953,#7954,#7955,#7956,#7957,#7958,
#7959));
#1421=EDGE_LOOP('',(#7960,#7961,#7962,#7963,#7964,#7965,#7966,#7967));
#1422=EDGE_LOOP('',(#7968,#7969,#7970,#7971));
#1423=EDGE_LOOP('',(#7972,#7973,#7974,#7975));
#1424=EDGE_LOOP('',(#7976,#7977,#7978,#7979));
#1425=EDGE_LOOP('',(#7980,#7981,#7982,#7983,#7984,#7985,#7986,#7987));
#1426=EDGE_LOOP('',(#7988,#7989,#7990,#7991));
#1427=EDGE_LOOP('',(#7992,#7993,#7994,#7995,#7996,#7997,#7998,#7999));
#1428=EDGE_LOOP('',(#8000,#8001,#8002,#8003));
#1429=EDGE_LOOP('',(#8004,#8005,#8006,#8007,#8008,#8009,#8010,#8011,#8012,
#8013,#8014,#8015));
#1430=EDGE_LOOP('',(#8016,#8017,#8018,#8019));
#1431=EDGE_LOOP('',(#8020,#8021,#8022,#8023));
#1432=EDGE_LOOP('',(#8024,#8025,#8026,#8027));
#1433=EDGE_LOOP('',(#8028,#8029,#8030,#8031));
#1434=EDGE_LOOP('',(#8032,#8033,#8034,#8035));
#1435=EDGE_LOOP('',(#8036,#8037,#8038,#8039));
#1436=EDGE_LOOP('',(#8040,#8041,#8042,#8043));
#1437=EDGE_LOOP('',(#8044,#8045,#8046,#8047));
#1438=EDGE_LOOP('',(#8048,#8049,#8050,#8051));
#1439=EDGE_LOOP('',(#8052,#8053,#8054,#8055));
#1440=EDGE_LOOP('',(#8056,#8057,#8058,#8059,#8060));
#1441=EDGE_LOOP('',(#8061,#8062,#8063,#8064,#8065,#8066,#8067));
#1442=EDGE_LOOP('',(#8068,#8069,#8070,#8071));
#1443=EDGE_LOOP('',(#8072,#8073,#8074,#8075,#8076,#8077,#8078));
#1444=EDGE_LOOP('',(#8079,#8080,#8081,#8082));
#1445=EDGE_LOOP('',(#8083,#8084,#8085,#8086));
#1446=EDGE_LOOP('',(#8087,#8088,#8089,#8090));
#1447=EDGE_LOOP('',(#8091,#8092,#8093,#8094));
#1448=EDGE_LOOP('',(#8095,#8096,#8097,#8098));
#1449=EDGE_LOOP('',(#8099,#8100,#8101,#8102));
#1450=EDGE_LOOP('',(#8103,#8104,#8105,#8106));
#1451=EDGE_LOOP('',(#8107,#8108,#8109,#8110));
#1452=EDGE_LOOP('',(#8111,#8112,#8113,#8114));
#1453=EDGE_LOOP('',(#8115,#8116,#8117,#8118));
#1454=EDGE_LOOP('',(#8119,#8120,#8121,#8122));
#1455=EDGE_LOOP('',(#8123,#8124,#8125,#8126));
#1456=EDGE_LOOP('',(#8127,#8128,#8129,#8130));
#1457=EDGE_LOOP('',(#8131,#8132,#8133,#8134));
#1458=EDGE_LOOP('',(#8135,#8136,#8137,#8138));
#1459=EDGE_LOOP('',(#8139,#8140,#8141,#8142,#8143,#8144,#8145,#8146,#8147));
#1460=EDGE_LOOP('',(#8148,#8149,#8150,#8151));
#1461=EDGE_LOOP('',(#8152,#8153,#8154,#8155,#8156,#8157,#8158,#8159,#8160));
#1462=EDGE_LOOP('',(#8161,#8162,#8163,#8164));
#1463=EDGE_LOOP('',(#8165,#8166,#8167,#8168));
#1464=EDGE_LOOP('',(#8169,#8170,#8171,#8172));
#1465=EDGE_LOOP('',(#8173,#8174,#8175,#8176));
#1466=EDGE_LOOP('',(#8177,#8178,#8179,#8180));
#1467=EDGE_LOOP('',(#8181,#8182,#8183,#8184));
#1468=EDGE_LOOP('',(#8185,#8186,#8187,#8188));
#1469=EDGE_LOOP('',(#8189,#8190,#8191,#8192));
#1470=EDGE_LOOP('',(#8193,#8194,#8195,#8196));
#1471=EDGE_LOOP('',(#8197,#8198,#8199,#8200));
#1472=EDGE_LOOP('',(#8201,#8202,#8203,#8204));
#1473=EDGE_LOOP('',(#8205,#8206,#8207,#8208));
#1474=EDGE_LOOP('',(#8209,#8210,#8211,#8212));
#1475=EDGE_LOOP('',(#8213,#8214,#8215,#8216));
#1476=EDGE_LOOP('',(#8217,#8218,#8219,#8220,#8221,#8222,#8223,#8224));
#1477=EDGE_LOOP('',(#8225,#8226,#8227,#8228));
#1478=EDGE_LOOP('',(#8229,#8230,#8231,#8232));
#1479=EDGE_LOOP('',(#8233,#8234,#8235,#8236));
#1480=EDGE_LOOP('',(#8237,#8238,#8239,#8240));
#1481=EDGE_LOOP('',(#8241,#8242,#8243,#8244));
#1482=EDGE_LOOP('',(#8245,#8246,#8247,#8248));
#1483=EDGE_LOOP('',(#8249,#8250,#8251,#8252));
#1484=EDGE_LOOP('',(#8253,#8254,#8255,#8256));
#1485=EDGE_LOOP('',(#8257,#8258,#8259,#8260));
#1486=EDGE_LOOP('',(#8261,#8262,#8263,#8264));
#1487=EDGE_LOOP('',(#8265,#8266,#8267,#8268,#8269,#8270,#8271,#8272));
#1488=EDGE_LOOP('',(#8273,#8274,#8275,#8276));
#1489=EDGE_LOOP('',(#8277,#8278,#8279,#8280));
#1490=EDGE_LOOP('',(#8281,#8282,#8283,#8284));
#1491=EDGE_LOOP('',(#8285,#8286,#8287,#8288));
#1492=EDGE_LOOP('',(#8289,#8290,#8291,#8292));
#1493=EDGE_LOOP('',(#8293,#8294,#8295,#8296));
#1494=EDGE_LOOP('',(#8297,#8298,#8299,#8300));
#1495=EDGE_LOOP('',(#8301,#8302,#8303,#8304));
#1496=EDGE_LOOP('',(#8305,#8306,#8307,#8308));
#1497=EDGE_LOOP('',(#8309,#8310,#8311,#8312));
#1498=EDGE_LOOP('',(#8313,#8314,#8315,#8316,#8317,#8318,#8319,#8320));
#1499=EDGE_LOOP('',(#8321,#8322,#8323,#8324));
#1500=EDGE_LOOP('',(#8325,#8326,#8327,#8328));
#1501=EDGE_LOOP('',(#8329,#8330,#8331,#8332));
#1502=EDGE_LOOP('',(#8333,#8334,#8335,#8336));
#1503=EDGE_LOOP('',(#8337,#8338,#8339,#8340));
#1504=EDGE_LOOP('',(#8341,#8342,#8343,#8344));
#1505=EDGE_LOOP('',(#8345,#8346,#8347,#8348));
#1506=EDGE_LOOP('',(#8349,#8350,#8351,#8352));
#1507=EDGE_LOOP('',(#8353,#8354,#8355,#8356));
#1508=EDGE_LOOP('',(#8357,#8358,#8359,#8360));
#1509=EDGE_LOOP('',(#8361,#8362,#8363,#8364,#8365,#8366,#8367,#8368));
#1510=EDGE_LOOP('',(#8369,#8370,#8371,#8372));
#1511=EDGE_LOOP('',(#8373,#8374,#8375,#8376));
#1512=EDGE_LOOP('',(#8377,#8378,#8379,#8380));
#1513=EDGE_LOOP('',(#8381,#8382,#8383,#8384));
#1514=EDGE_LOOP('',(#8385,#8386,#8387,#8388));
#1515=EDGE_LOOP('',(#8389,#8390,#8391,#8392));
#1516=EDGE_LOOP('',(#8393,#8394,#8395,#8396));
#1517=EDGE_LOOP('',(#8397,#8398,#8399,#8400));
#1518=EDGE_LOOP('',(#8401,#8402,#8403,#8404));
#1519=EDGE_LOOP('',(#8405,#8406,#8407,#8408,#8409,#8410));
#1520=EDGE_LOOP('',(#8411));
#1521=EDGE_LOOP('',(#8412));
#1522=EDGE_LOOP('',(#8413,#8414,#8415,#8416,#8417,#8418,#8419));
#1523=EDGE_LOOP('',(#8420,#8421,#8422,#8423));
#1524=EDGE_LOOP('',(#8424,#8425,#8426,#8427,#8428));
#1525=EDGE_LOOP('',(#8429,#8430,#8431,#8432));
#1526=EDGE_LOOP('',(#8433));
#1527=EDGE_LOOP('',(#8434,#8435,#8436,#8437,#8438));
#1528=EDGE_LOOP('',(#8439));
#1529=EDGE_LOOP('',(#8440));
#1530=EDGE_LOOP('',(#8441,#8442,#8443,#8444,#8445,#8446,#8447,#8448,#8449,
#8450,#8451,#8452,#8453,#8454,#8455,#8456,#8457,#8458,#8459,#8460));
#1531=EDGE_LOOP('',(#8461,#8462,#8463,#8464,#8465,#8466,#8467,#8468,#8469,
#8470,#8471,#8472,#8473));
#1532=EDGE_LOOP('',(#8474,#8475,#8476,#8477,#8478));
#1533=EDGE_LOOP('',(#8479,#8480,#8481,#8482));
#1534=EDGE_LOOP('',(#8483,#8484,#8485,#8486,#8487));
#1535=EDGE_LOOP('',(#8488,#8489,#8490,#8491,#8492));
#1536=EDGE_LOOP('',(#8493,#8494,#8495,#8496));
#1537=EDGE_LOOP('',(#8497,#8498,#8499,#8500,#8501));
#1538=EDGE_LOOP('',(#8502,#8503,#8504,#8505,#8506));
#1539=EDGE_LOOP('',(#8507,#8508,#8509,#8510));
#1540=EDGE_LOOP('',(#8511,#8512,#8513,#8514,#8515));
#1541=EDGE_LOOP('',(#8516,#8517,#8518,#8519,#8520));
#1542=EDGE_LOOP('',(#8521,#8522,#8523,#8524));
#1543=EDGE_LOOP('',(#8525,#8526,#8527,#8528,#8529));
#1544=EDGE_LOOP('',(#8530,#8531,#8532));
#1545=EDGE_LOOP('',(#8533,#8534,#8535));
#1546=EDGE_LOOP('',(#8536,#8537,#8538));
#1547=EDGE_LOOP('',(#8539,#8540,#8541));
#1548=LINE('',#12301,#2546);
#1549=LINE('',#12304,#2547);
#1550=LINE('',#12310,#2548);
#1551=LINE('',#12313,#2549);
#1552=LINE('',#12319,#2550);
#1553=LINE('',#12322,#2551);
#1554=LINE('',#12328,#2552);
#1555=LINE('',#12331,#2553);
#1556=LINE('',#12337,#2554);
#1557=LINE('',#12340,#2555);
#1558=LINE('',#12346,#2556);
#1559=LINE('',#12349,#2557);
#1560=LINE('',#12355,#2558);
#1561=LINE('',#12358,#2559);
#1562=LINE('',#12364,#2560);
#1563=LINE('',#12367,#2561);
#1564=LINE('',#12373,#2562);
#1565=LINE('',#12376,#2563);
#1566=LINE('',#12382,#2564);
#1567=LINE('',#12385,#2565);
#1568=LINE('',#12391,#2566);
#1569=LINE('',#12394,#2567);
#1570=LINE('',#12400,#2568);
#1571=LINE('',#12403,#2569);
#1572=LINE('',#12409,#2570);
#1573=LINE('',#12412,#2571);
#1574=LINE('',#12418,#2572);
#1575=LINE('',#12421,#2573);
#1576=LINE('',#12427,#2574);
#1577=LINE('',#12430,#2575);
#1578=LINE('',#12436,#2576);
#1579=LINE('',#12439,#2577);
#1580=LINE('',#12445,#2578);
#1581=LINE('',#12448,#2579);
#1582=LINE('',#12454,#2580);
#1583=LINE('',#12457,#2581);
#1584=LINE('',#12463,#2582);
#1585=LINE('',#12466,#2583);
#1586=LINE('',#12472,#2584);
#1587=LINE('',#12475,#2585);
#1588=LINE('',#12480,#2586);
#1589=LINE('',#12482,#2587);
#1590=LINE('',#12485,#2588);
#1591=LINE('',#12487,#2589);
#1592=LINE('',#12490,#2590);
#1593=LINE('',#12492,#2591);
#1594=LINE('',#12495,#2592);
#1595=LINE('',#12497,#2593);
#1596=LINE('',#12500,#2594);
#1597=LINE('',#12502,#2595);
#1598=LINE('',#12505,#2596);
#1599=LINE('',#12507,#2597);
#1600=LINE('',#12512,#2598);
#1601=LINE('',#12514,#2599);
#1602=LINE('',#12517,#2600);
#1603=LINE('',#12519,#2601);
#1604=LINE('',#12522,#2602);
#1605=LINE('',#12524,#2603);
#1606=LINE('',#12527,#2604);
#1607=LINE('',#12529,#2605);
#1608=LINE('',#12532,#2606);
#1609=LINE('',#12534,#2607);
#1610=LINE('',#12537,#2608);
#1611=LINE('',#12539,#2609);
#1612=LINE('',#12542,#2610);
#1613=LINE('',#12544,#2611);
#1614=LINE('',#12547,#2612);
#1615=LINE('',#12549,#2613);
#1616=LINE('',#12552,#2614);
#1617=LINE('',#12554,#2615);
#1618=LINE('',#12557,#2616);
#1619=LINE('',#12559,#2617);
#1620=LINE('',#12562,#2618);
#1621=LINE('',#12564,#2619);
#1622=LINE('',#12567,#2620);
#1623=LINE('',#12569,#2621);
#1624=LINE('',#12572,#2622);
#1625=LINE('',#12574,#2623);
#1626=LINE('',#12577,#2624);
#1627=LINE('',#12578,#2625);
#1628=LINE('',#12584,#2626);
#1629=LINE('',#12596,#2627);
#1630=LINE('',#12599,#2628);
#1631=LINE('',#12604,#2629);
#1632=LINE('',#12605,#2630);
#1633=LINE('',#12609,#2631);
#1634=LINE('',#12611,#2632);
#1635=LINE('',#12614,#2633);
#1636=LINE('',#12615,#2634);
#1637=LINE('',#12619,#2635);
#1638=LINE('',#12621,#2636);
#1639=LINE('',#12624,#2637);
#1640=LINE('',#12625,#2638);
#1641=LINE('',#12629,#2639);
#1642=LINE('',#12631,#2640);
#1643=LINE('',#12634,#2641);
#1644=LINE('',#12635,#2642);
#1645=LINE('',#12639,#2643);
#1646=LINE('',#12641,#2644);
#1647=LINE('',#12644,#2645);
#1648=LINE('',#12645,#2646);
#1649=LINE('',#12649,#2647);
#1650=LINE('',#12651,#2648);
#1651=LINE('',#12654,#2649);
#1652=LINE('',#12655,#2650);
#1653=LINE('',#12659,#2651);
#1654=LINE('',#12661,#2652);
#1655=LINE('',#12664,#2653);
#1656=LINE('',#12665,#2654);
#1657=LINE('',#12669,#2655);
#1658=LINE('',#12671,#2656);
#1659=LINE('',#12674,#2657);
#1660=LINE('',#12675,#2658);
#1661=LINE('',#12679,#2659);
#1662=LINE('',#12681,#2660);
#1663=LINE('',#12684,#2661);
#1664=LINE('',#12685,#2662);
#1665=LINE('',#12689,#2663);
#1666=LINE('',#12691,#2664);
#1667=LINE('',#12694,#2665);
#1668=LINE('',#12695,#2666);
#1669=LINE('',#12698,#2667);
#1670=LINE('',#12701,#2668);
#1671=LINE('',#12704,#2669);
#1672=LINE('',#12705,#2670);
#1673=LINE('',#12709,#2671);
#1674=LINE('',#12711,#2672);
#1675=LINE('',#12714,#2673);
#1676=LINE('',#12715,#2674);
#1677=LINE('',#12719,#2675);
#1678=LINE('',#12721,#2676);
#1679=LINE('',#12724,#2677);
#1680=LINE('',#12725,#2678);
#1681=LINE('',#12729,#2679);
#1682=LINE('',#12731,#2680);
#1683=LINE('',#12734,#2681);
#1684=LINE('',#12735,#2682);
#1685=LINE('',#12739,#2683);
#1686=LINE('',#12741,#2684);
#1687=LINE('',#12744,#2685);
#1688=LINE('',#12745,#2686);
#1689=LINE('',#12749,#2687);
#1690=LINE('',#12752,#2688);
#1691=LINE('',#12755,#2689);
#1692=LINE('',#12757,#2690);
#1693=LINE('',#12760,#2691);
#1694=LINE('',#12762,#2692);
#1695=LINE('',#12765,#2693);
#1696=LINE('',#12767,#2694);
#1697=LINE('',#12770,#2695);
#1698=LINE('',#12772,#2696);
#1699=LINE('',#12775,#2697);
#1700=LINE('',#12776,#2698);
#1701=LINE('',#12777,#2699);
#1702=LINE('',#12780,#2700);
#1703=LINE('',#12782,#2701);
#1704=LINE('',#12785,#2702);
#1705=LINE('',#12787,#2703);
#1706=LINE('',#12790,#2704);
#1707=LINE('',#12792,#2705);
#1708=LINE('',#12795,#2706);
#1709=LINE('',#12797,#2707);
#1710=LINE('',#12800,#2708);
#1711=LINE('',#12802,#2709);
#1712=LINE('',#12811,#2710);
#1713=LINE('',#12818,#2711);
#1714=LINE('',#12825,#2712);
#1715=LINE('',#12828,#2713);
#1716=LINE('',#12834,#2714);
#1717=LINE('',#12837,#2715);
#1718=LINE('',#12843,#2716);
#1719=LINE('',#12846,#2717);
#1720=LINE('',#12852,#2718);
#1721=LINE('',#12855,#2719);
#1722=LINE('',#12861,#2720);
#1723=LINE('',#12864,#2721);
#1724=LINE('',#12870,#2722);
#1725=LINE('',#12873,#2723);
#1726=LINE('',#12879,#2724);
#1727=LINE('',#12882,#2725);
#1728=LINE('',#12888,#2726);
#1729=LINE('',#12891,#2727);
#1730=LINE('',#12897,#2728);
#1731=LINE('',#12900,#2729);
#1732=LINE('',#12906,#2730);
#1733=LINE('',#12909,#2731);
#1734=LINE('',#12915,#2732);
#1735=LINE('',#12918,#2733);
#1736=LINE('',#12924,#2734);
#1737=LINE('',#12927,#2735);
#1738=LINE('',#12933,#2736);
#1739=LINE('',#12936,#2737);
#1740=LINE('',#12942,#2738);
#1741=LINE('',#12945,#2739);
#1742=LINE('',#12951,#2740);
#1743=LINE('',#12954,#2741);
#1744=LINE('',#12960,#2742);
#1745=LINE('',#12963,#2743);
#1746=LINE('',#12969,#2744);
#1747=LINE('',#12972,#2745);
#1748=LINE('',#12978,#2746);
#1749=LINE('',#12981,#2747);
#1750=LINE('',#12987,#2748);
#1751=LINE('',#12990,#2749);
#1752=LINE('',#12996,#2750);
#1753=LINE('',#12999,#2751);
#1754=LINE('',#13004,#2752);
#1755=LINE('',#13006,#2753);
#1756=LINE('',#13009,#2754);
#1757=LINE('',#13011,#2755);
#1758=LINE('',#13014,#2756);
#1759=LINE('',#13016,#2757);
#1760=LINE('',#13019,#2758);
#1761=LINE('',#13021,#2759);
#1762=LINE('',#13024,#2760);
#1763=LINE('',#13026,#2761);
#1764=LINE('',#13029,#2762);
#1765=LINE('',#13031,#2763);
#1766=LINE('',#13036,#2764);
#1767=LINE('',#13038,#2765);
#1768=LINE('',#13041,#2766);
#1769=LINE('',#13043,#2767);
#1770=LINE('',#13046,#2768);
#1771=LINE('',#13048,#2769);
#1772=LINE('',#13051,#2770);
#1773=LINE('',#13053,#2771);
#1774=LINE('',#13056,#2772);
#1775=LINE('',#13058,#2773);
#1776=LINE('',#13061,#2774);
#1777=LINE('',#13063,#2775);
#1778=LINE('',#13066,#2776);
#1779=LINE('',#13068,#2777);
#1780=LINE('',#13071,#2778);
#1781=LINE('',#13073,#2779);
#1782=LINE('',#13076,#2780);
#1783=LINE('',#13078,#2781);
#1784=LINE('',#13081,#2782);
#1785=LINE('',#13083,#2783);
#1786=LINE('',#13086,#2784);
#1787=LINE('',#13088,#2785);
#1788=LINE('',#13091,#2786);
#1789=LINE('',#13093,#2787);
#1790=LINE('',#13096,#2788);
#1791=LINE('',#13098,#2789);
#1792=LINE('',#13101,#2790);
#1793=LINE('',#13102,#2791);
#1794=LINE('',#13108,#2792);
#1795=LINE('',#13112,#2793);
#1796=LINE('',#13113,#2794);
#1797=LINE('',#13117,#2795);
#1798=LINE('',#13119,#2796);
#1799=LINE('',#13122,#2797);
#1800=LINE('',#13123,#2798);
#1801=LINE('',#13127,#2799);
#1802=LINE('',#13129,#2800);
#1803=LINE('',#13132,#2801);
#1804=LINE('',#13133,#2802);
#1805=LINE('',#13137,#2803);
#1806=LINE('',#13139,#2804);
#1807=LINE('',#13142,#2805);
#1808=LINE('',#13143,#2806);
#1809=LINE('',#13147,#2807);
#1810=LINE('',#13149,#2808);
#1811=LINE('',#13152,#2809);
#1812=LINE('',#13153,#2810);
#1813=LINE('',#13157,#2811);
#1814=LINE('',#13159,#2812);
#1815=LINE('',#13162,#2813);
#1816=LINE('',#13163,#2814);
#1817=LINE('',#13167,#2815);
#1818=LINE('',#13169,#2816);
#1819=LINE('',#13172,#2817);
#1820=LINE('',#13173,#2818);
#1821=LINE('',#13177,#2819);
#1822=LINE('',#13179,#2820);
#1823=LINE('',#13182,#2821);
#1824=LINE('',#13183,#2822);
#1825=LINE('',#13187,#2823);
#1826=LINE('',#13189,#2824);
#1827=LINE('',#13192,#2825);
#1828=LINE('',#13193,#2826);
#1829=LINE('',#13197,#2827);
#1830=LINE('',#13199,#2828);
#1831=LINE('',#13202,#2829);
#1832=LINE('',#13203,#2830);
#1833=LINE('',#13207,#2831);
#1834=LINE('',#13209,#2832);
#1835=LINE('',#13212,#2833);
#1836=LINE('',#13213,#2834);
#1837=LINE('',#13217,#2835);
#1838=LINE('',#13219,#2836);
#1839=LINE('',#13222,#2837);
#1840=LINE('',#13223,#2838);
#1841=LINE('',#13227,#2839);
#1842=LINE('',#13229,#2840);
#1843=LINE('',#13232,#2841);
#1844=LINE('',#13233,#2842);
#1845=LINE('',#13237,#2843);
#1846=LINE('',#13239,#2844);
#1847=LINE('',#13242,#2845);
#1848=LINE('',#13243,#2846);
#1849=LINE('',#13247,#2847);
#1850=LINE('',#13249,#2848);
#1851=LINE('',#13252,#2849);
#1852=LINE('',#13253,#2850);
#1853=LINE('',#13257,#2851);
#1854=LINE('',#13259,#2852);
#1855=LINE('',#13262,#2853);
#1856=LINE('',#13263,#2854);
#1857=LINE('',#13267,#2855);
#1858=LINE('',#13269,#2856);
#1859=LINE('',#13272,#2857);
#1860=LINE('',#13273,#2858);
#1861=LINE('',#13277,#2859);
#1862=LINE('',#13280,#2860);
#1863=LINE('',#13283,#2861);
#1864=LINE('',#13285,#2862);
#1865=LINE('',#13288,#2863);
#1866=LINE('',#13290,#2864);
#1867=LINE('',#13293,#2865);
#1868=LINE('',#13294,#2866);
#1869=LINE('',#13295,#2867);
#1870=LINE('',#13298,#2868);
#1871=LINE('',#13300,#2869);
#1872=LINE('',#13303,#2870);
#1873=LINE('',#13305,#2871);
#1874=LINE('',#13308,#2872);
#1875=LINE('',#13310,#2873);
#1876=LINE('',#13319,#2874);
#1877=LINE('',#13334,#2875);
#1878=LINE('',#13337,#2876);
#1879=LINE('',#13344,#2877);
#1880=LINE('',#13348,#2878);
#1881=LINE('',#13352,#2879);
#1882=LINE('',#13358,#2880);
#1883=LINE('',#13360,#2881);
#1884=LINE('',#13362,#2882);
#1885=LINE('',#13364,#2883);
#1886=LINE('',#13366,#2884);
#1887=LINE('',#13368,#2885);
#1888=LINE('',#13370,#2886);
#1889=LINE('',#13372,#2887);
#1890=LINE('',#13374,#2888);
#1891=LINE('',#13376,#2889);
#1892=LINE('',#13378,#2890);
#1893=LINE('',#13379,#2891);
#1894=LINE('',#13382,#2892);
#1895=LINE('',#13390,#2893);
#1896=LINE('',#13398,#2894);
#1897=LINE('',#13402,#2895);
#1898=LINE('',#13406,#2896);
#1899=LINE('',#13410,#2897);
#1900=LINE('',#13414,#2898);
#1901=LINE('',#13418,#2899);
#1902=LINE('',#13422,#2900);
#1903=LINE('',#13426,#2901);
#1904=LINE('',#13430,#2902);
#1905=LINE('',#13434,#2903);
#1906=LINE('',#13435,#2904);
#1907=LINE('',#13437,#2905);
#1908=LINE('',#13438,#2906);
#1909=LINE('',#13440,#2907);
#1910=LINE('',#13441,#2908);
#1911=LINE('',#13443,#2909);
#1912=LINE('',#13444,#2910);
#1913=LINE('',#13454,#2911);
#1914=LINE('',#13497,#2912);
#1915=LINE('',#13547,#2913);
#1916=LINE('',#13604,#2914);
#1917=LINE('',#13782,#2915);
#1918=LINE('',#13789,#2916);
#1919=LINE('',#13794,#2917);
#1920=LINE('',#13796,#2918);
#1921=LINE('',#13798,#2919);
#1922=LINE('',#13799,#2920);
#1923=LINE('',#13804,#2921);
#1924=LINE('',#13805,#2922);
#1925=LINE('',#13808,#2923);
#1926=LINE('',#13813,#2924);
#1927=LINE('',#13817,#2925);
#1928=LINE('',#13818,#2926);
#1929=LINE('',#13820,#2927);
#1930=LINE('',#13822,#2928);
#1931=LINE('',#13824,#2929);
#1932=LINE('',#13826,#2930);
#1933=LINE('',#13828,#2931);
#1934=LINE('',#13829,#2932);
#1935=LINE('',#13830,#2933);
#1936=LINE('',#13834,#2934);
#1937=LINE('',#13837,#2935);
#1938=LINE('',#13842,#2936);
#1939=LINE('',#13846,#2937);
#1940=LINE('',#13848,#2938);
#1941=LINE('',#13849,#2939);
#1942=LINE('',#13851,#2940);
#1943=LINE('',#13852,#2941);
#1944=LINE('',#13854,#2942);
#1945=LINE('',#13856,#2943);
#1946=LINE('',#13857,#2944);
#1947=LINE('',#13861,#2945);
#1948=LINE('',#13862,#2946);
#1949=LINE('',#13863,#2947);
#1950=LINE('',#13866,#2948);
#1951=LINE('',#13867,#2949);
#1952=LINE('',#13870,#2950);
#1953=LINE('',#13871,#2951);
#1954=LINE('',#13873,#2952);
#1955=LINE('',#13875,#2953);
#1956=LINE('',#13878,#2954);
#1957=LINE('',#13880,#2955);
#1958=LINE('',#13882,#2956);
#1959=LINE('',#13884,#2957);
#1960=LINE('',#13886,#2958);
#1961=LINE('',#13888,#2959);
#1962=LINE('',#13890,#2960);
#1963=LINE('',#13892,#2961);
#1964=LINE('',#13894,#2962);
#1965=LINE('',#13896,#2963);
#1966=LINE('',#13898,#2964);
#1967=LINE('',#13900,#2965);
#1968=LINE('',#13902,#2966);
#1969=LINE('',#13904,#2967);
#1970=LINE('',#13906,#2968);
#1971=LINE('',#13908,#2969);
#1972=LINE('',#13910,#2970);
#1973=LINE('',#13912,#2971);
#1974=LINE('',#13914,#2972);
#1975=LINE('',#13916,#2973);
#1976=LINE('',#13918,#2974);
#1977=LINE('',#13920,#2975);
#1978=LINE('',#13922,#2976);
#1979=LINE('',#13924,#2977);
#1980=LINE('',#13926,#2978);
#1981=LINE('',#13928,#2979);
#1982=LINE('',#13930,#2980);
#1983=LINE('',#13931,#2981);
#1984=LINE('',#13934,#2982);
#1985=LINE('',#13936,#2983);
#1986=LINE('',#13938,#2984);
#1987=LINE('',#13940,#2985);
#1988=LINE('',#13942,#2986);
#1989=LINE('',#13944,#2987);
#1990=LINE('',#13945,#2988);
#1991=LINE('',#13948,#2989);
#1992=LINE('',#13950,#2990);
#1993=LINE('',#13952,#2991);
#1994=LINE('',#13954,#2992);
#1995=LINE('',#13956,#2993);
#1996=LINE('',#13958,#2994);
#1997=LINE('',#13960,#2995);
#1998=LINE('',#13962,#2996);
#1999=LINE('',#13964,#2997);
#2000=LINE('',#13966,#2998);
#2001=LINE('',#13968,#2999);
#2002=LINE('',#13970,#3000);
#2003=LINE('',#13972,#3001);
#2004=LINE('',#13974,#3002);
#2005=LINE('',#13976,#3003);
#2006=LINE('',#13977,#3004);
#2007=LINE('',#13980,#3005);
#2008=LINE('',#13982,#3006);
#2009=LINE('',#13984,#3007);
#2010=LINE('',#13986,#3008);
#2011=LINE('',#13988,#3009);
#2012=LINE('',#13990,#3010);
#2013=LINE('',#13992,#3011);
#2014=LINE('',#13994,#3012);
#2015=LINE('',#13996,#3013);
#2016=LINE('',#13998,#3014);
#2017=LINE('',#13999,#3015);
#2018=LINE('',#14002,#3016);
#2019=LINE('',#14004,#3017);
#2020=LINE('',#14006,#3018);
#2021=LINE('',#14008,#3019);
#2022=LINE('',#14010,#3020);
#2023=LINE('',#14012,#3021);
#2024=LINE('',#14014,#3022);
#2025=LINE('',#14016,#3023);
#2026=LINE('',#14018,#3024);
#2027=LINE('',#14020,#3025);
#2028=LINE('',#14022,#3026);
#2029=LINE('',#14024,#3027);
#2030=LINE('',#14026,#3028);
#2031=LINE('',#14028,#3029);
#2032=LINE('',#14030,#3030);
#2033=LINE('',#14032,#3031);
#2034=LINE('',#14034,#3032);
#2035=LINE('',#14036,#3033);
#2036=LINE('',#14038,#3034);
#2037=LINE('',#14040,#3035);
#2038=LINE('',#14042,#3036);
#2039=LINE('',#14044,#3037);
#2040=LINE('',#14046,#3038);
#2041=LINE('',#14048,#3039);
#2042=LINE('',#14050,#3040);
#2043=LINE('',#14052,#3041);
#2044=LINE('',#14054,#3042);
#2045=LINE('',#14056,#3043);
#2046=LINE('',#14058,#3044);
#2047=LINE('',#14060,#3045);
#2048=LINE('',#14061,#3046);
#2049=LINE('',#14064,#3047);
#2050=LINE('',#14066,#3048);
#2051=LINE('',#14068,#3049);
#2052=LINE('',#14069,#3050);
#2053=LINE('',#14072,#3051);
#2054=LINE('',#14074,#3052);
#2055=LINE('',#14076,#3053);
#2056=LINE('',#14077,#3054);
#2057=LINE('',#14085,#3055);
#2058=LINE('',#14089,#3056);
#2059=LINE('',#14091,#3057);
#2060=LINE('',#14093,#3058);
#2061=LINE('',#14094,#3059);
#2062=LINE('',#14095,#3060);
#2063=LINE('',#14098,#3061);
#2064=LINE('',#14099,#3062);
#2065=LINE('',#14102,#3063);
#2066=LINE('',#14106,#3064);
#2067=LINE('',#14109,#3065);
#2068=LINE('',#14111,#3066);
#2069=LINE('',#14112,#3067);
#2070=LINE('',#14114,#3068);
#2071=LINE('',#14116,#3069);
#2072=LINE('',#14118,#3070);
#2073=LINE('',#14120,#3071);
#2074=LINE('',#14122,#3072);
#2075=LINE('',#14128,#3073);
#2076=LINE('',#14134,#3074);
#2077=LINE('',#14136,#3075);
#2078=LINE('',#14137,#3076);
#2079=LINE('',#14140,#3077);
#2080=LINE('',#14141,#3078);
#2081=LINE('',#14144,#3079);
#2082=LINE('',#14145,#3080);
#2083=LINE('',#14148,#3081);
#2084=LINE('',#14149,#3082);
#2085=LINE('',#14152,#3083);
#2086=LINE('',#14153,#3084);
#2087=LINE('',#14156,#3085);
#2088=LINE('',#14157,#3086);
#2089=LINE('',#14160,#3087);
#2090=LINE('',#14161,#3088);
#2091=LINE('',#14164,#3089);
#2092=LINE('',#14165,#3090);
#2093=LINE('',#14168,#3091);
#2094=LINE('',#14169,#3092);
#2095=LINE('',#14172,#3093);
#2096=LINE('',#14173,#3094);
#2097=LINE('',#14176,#3095);
#2098=LINE('',#14177,#3096);
#2099=LINE('',#14180,#3097);
#2100=LINE('',#14181,#3098);
#2101=LINE('',#14184,#3099);
#2102=LINE('',#14185,#3100);
#2103=LINE('',#14188,#3101);
#2104=LINE('',#14189,#3102);
#2105=LINE('',#14192,#3103);
#2106=LINE('',#14193,#3104);
#2107=LINE('',#14196,#3105);
#2108=LINE('',#14197,#3106);
#2109=LINE('',#14200,#3107);
#2110=LINE('',#14201,#3108);
#2111=LINE('',#14204,#3109);
#2112=LINE('',#14205,#3110);
#2113=LINE('',#14208,#3111);
#2114=LINE('',#14209,#3112);
#2115=LINE('',#14212,#3113);
#2116=LINE('',#14213,#3114);
#2117=LINE('',#14216,#3115);
#2118=LINE('',#14217,#3116);
#2119=LINE('',#14220,#3117);
#2120=LINE('',#14221,#3118);
#2121=LINE('',#14224,#3119);
#2122=LINE('',#14225,#3120);
#2123=LINE('',#14228,#3121);
#2124=LINE('',#14229,#3122);
#2125=LINE('',#14232,#3123);
#2126=LINE('',#14233,#3124);
#2127=LINE('',#14236,#3125);
#2128=LINE('',#14237,#3126);
#2129=LINE('',#14240,#3127);
#2130=LINE('',#14241,#3128);
#2131=LINE('',#14243,#3129);
#2132=LINE('',#14246,#3130);
#2133=LINE('',#14248,#3131);
#2134=LINE('',#14249,#3132);
#2135=LINE('',#14252,#3133);
#2136=LINE('',#14253,#3134);
#2137=LINE('',#14256,#3135);
#2138=LINE('',#14257,#3136);
#2139=LINE('',#14260,#3137);
#2140=LINE('',#14261,#3138);
#2141=LINE('',#14264,#3139);
#2142=LINE('',#14265,#3140);
#2143=LINE('',#14268,#3141);
#2144=LINE('',#14269,#3142);
#2145=LINE('',#14271,#3143);
#2146=LINE('',#14274,#3144);
#2147=LINE('',#14276,#3145);
#2148=LINE('',#14277,#3146);
#2149=LINE('',#14280,#3147);
#2150=LINE('',#14281,#3148);
#2151=LINE('',#14284,#3149);
#2152=LINE('',#14285,#3150);
#2153=LINE('',#14288,#3151);
#2154=LINE('',#14289,#3152);
#2155=LINE('',#14292,#3153);
#2156=LINE('',#14293,#3154);
#2157=LINE('',#14296,#3155);
#2158=LINE('',#14297,#3156);
#2159=LINE('',#14300,#3157);
#2160=LINE('',#14301,#3158);
#2161=LINE('',#14304,#3159);
#2162=LINE('',#14305,#3160);
#2163=LINE('',#14308,#3161);
#2164=LINE('',#14309,#3162);
#2165=LINE('',#14312,#3163);
#2166=LINE('',#14313,#3164);
#2167=LINE('',#14316,#3165);
#2168=LINE('',#14317,#3166);
#2169=LINE('',#14320,#3167);
#2170=LINE('',#14321,#3168);
#2171=LINE('',#14324,#3169);
#2172=LINE('',#14325,#3170);
#2173=LINE('',#14328,#3171);
#2174=LINE('',#14329,#3172);
#2175=LINE('',#14332,#3173);
#2176=LINE('',#14333,#3174);
#2177=LINE('',#14335,#3175);
#2178=LINE('',#14338,#3176);
#2179=LINE('',#14340,#3177);
#2180=LINE('',#14341,#3178);
#2181=LINE('',#14344,#3179);
#2182=LINE('',#14345,#3180);
#2183=LINE('',#14348,#3181);
#2184=LINE('',#14349,#3182);
#2185=LINE('',#14352,#3183);
#2186=LINE('',#14353,#3184);
#2187=LINE('',#14356,#3185);
#2188=LINE('',#14357,#3186);
#2189=LINE('',#14360,#3187);
#2190=LINE('',#14361,#3188);
#2191=LINE('',#14364,#3189);
#2192=LINE('',#14365,#3190);
#2193=LINE('',#14368,#3191);
#2194=LINE('',#14369,#3192);
#2195=LINE('',#14372,#3193);
#2196=LINE('',#14373,#3194);
#2197=LINE('',#14376,#3195);
#2198=LINE('',#14377,#3196);
#2199=LINE('',#14379,#3197);
#2200=LINE('',#14382,#3198);
#2201=LINE('',#14384,#3199);
#2202=LINE('',#14385,#3200);
#2203=LINE('',#14388,#3201);
#2204=LINE('',#14389,#3202);
#2205=LINE('',#14392,#3203);
#2206=LINE('',#14393,#3204);
#2207=LINE('',#14396,#3205);
#2208=LINE('',#14397,#3206);
#2209=LINE('',#14400,#3207);
#2210=LINE('',#14401,#3208);
#2211=LINE('',#14404,#3209);
#2212=LINE('',#14405,#3210);
#2213=LINE('',#14408,#3211);
#2214=LINE('',#14409,#3212);
#2215=LINE('',#14412,#3213);
#2216=LINE('',#14413,#3214);
#2217=LINE('',#14416,#3215);
#2218=LINE('',#14417,#3216);
#2219=LINE('',#14420,#3217);
#2220=LINE('',#14421,#3218);
#2221=LINE('',#14424,#3219);
#2222=LINE('',#14425,#3220);
#2223=LINE('',#14428,#3221);
#2224=LINE('',#14429,#3222);
#2225=LINE('',#14432,#3223);
#2226=LINE('',#14433,#3224);
#2227=LINE('',#14436,#3225);
#2228=LINE('',#14437,#3226);
#2229=LINE('',#14440,#3227);
#2230=LINE('',#14441,#3228);
#2231=LINE('',#14444,#3229);
#2232=LINE('',#14445,#3230);
#2233=LINE('',#14448,#3231);
#2234=LINE('',#14449,#3232);
#2235=LINE('',#14452,#3233);
#2236=LINE('',#14453,#3234);
#2237=LINE('',#14456,#3235);
#2238=LINE('',#14457,#3236);
#2239=LINE('',#14460,#3237);
#2240=LINE('',#14461,#3238);
#2241=LINE('',#14464,#3239);
#2242=LINE('',#14465,#3240);
#2243=LINE('',#14468,#3241);
#2244=LINE('',#14469,#3242);
#2245=LINE('',#14472,#3243);
#2246=LINE('',#14473,#3244);
#2247=LINE('',#14476,#3245);
#2248=LINE('',#14477,#3246);
#2249=LINE('',#14480,#3247);
#2250=LINE('',#14481,#3248);
#2251=LINE('',#14484,#3249);
#2252=LINE('',#14485,#3250);
#2253=LINE('',#14488,#3251);
#2254=LINE('',#14489,#3252);
#2255=LINE('',#14492,#3253);
#2256=LINE('',#14493,#3254);
#2257=LINE('',#14496,#3255);
#2258=LINE('',#14497,#3256);
#2259=LINE('',#14500,#3257);
#2260=LINE('',#14501,#3258);
#2261=LINE('',#14503,#3259);
#2262=LINE('',#14507,#3260);
#2263=LINE('',#14509,#3261);
#2264=LINE('',#14511,#3262);
#2265=LINE('',#14513,#3263);
#2266=LINE('',#14514,#3264);
#2267=LINE('',#14518,#3265);
#2268=LINE('',#14519,#3266);
#2269=LINE('',#14521,#3267);
#2270=LINE('',#14522,#3268);
#2271=LINE('',#14526,#3269);
#2272=LINE('',#14528,#3270);
#2273=LINE('',#14529,#3271);
#2274=LINE('',#14530,#3272);
#2275=LINE('',#14533,#3273);
#2276=LINE('',#14536,#3274);
#2277=LINE('',#14538,#3275);
#2278=LINE('',#14540,#3276);
#2279=LINE('',#14541,#3277);
#2280=LINE('',#14545,#3278);
#2281=LINE('',#14546,#3279);
#2282=LINE('',#14547,#3280);
#2283=LINE('',#14550,#3281);
#2284=LINE('',#14551,#3282);
#2285=LINE('',#14554,#3283);
#2286=LINE('',#14555,#3284);
#2287=LINE('',#14558,#3285);
#2288=LINE('',#14559,#3286);
#2289=LINE('',#14562,#3287);
#2290=LINE('',#14563,#3288);
#2291=LINE('',#14566,#3289);
#2292=LINE('',#14567,#3290);
#2293=LINE('',#14570,#3291);
#2294=LINE('',#14571,#3292);
#2295=LINE('',#14574,#3293);
#2296=LINE('',#14575,#3294);
#2297=LINE('',#14578,#3295);
#2298=LINE('',#14579,#3296);
#2299=LINE('',#14582,#3297);
#2300=LINE('',#14583,#3298);
#2301=LINE('',#14586,#3299);
#2302=LINE('',#14587,#3300);
#2303=LINE('',#14589,#3301);
#2304=LINE('',#14593,#3302);
#2305=LINE('',#14595,#3303);
#2306=LINE('',#14597,#3304);
#2307=LINE('',#14599,#3305);
#2308=LINE('',#14601,#3306);
#2309=LINE('',#14603,#3307);
#2310=LINE('',#14605,#3308);
#2311=LINE('',#14607,#3309);
#2312=LINE('',#14609,#3310);
#2313=LINE('',#14610,#3311);
#2314=LINE('',#14621,#3312);
#2315=LINE('',#14623,#3313);
#2316=LINE('',#14625,#3314);
#2317=LINE('',#14626,#3315);
#2318=LINE('',#14629,#3316);
#2319=LINE('',#14631,#3317);
#2320=LINE('',#14633,#3318);
#2321=LINE('',#14634,#3319);
#2322=LINE('',#14637,#3320);
#2323=LINE('',#14639,#3321);
#2324=LINE('',#14641,#3322);
#2325=LINE('',#14642,#3323);
#2326=LINE('',#14644,#3324);
#2327=LINE('',#14647,#3325);
#2328=LINE('',#14649,#3326);
#2329=LINE('',#14651,#3327);
#2330=LINE('',#14652,#3328);
#2331=LINE('',#14655,#3329);
#2332=LINE('',#14657,#3330);
#2333=LINE('',#14659,#3331);
#2334=LINE('',#14661,#3332);
#2335=LINE('',#14663,#3333);
#2336=LINE('',#14665,#3334);
#2337=LINE('',#14667,#3335);
#2338=LINE('',#14669,#3336);
#2339=LINE('',#14671,#3337);
#2340=LINE('',#14672,#3338);
#2341=LINE('',#14676,#3339);
#2342=LINE('',#14678,#3340);
#2343=LINE('',#14680,#3341);
#2344=LINE('',#14681,#3342);
#2345=LINE('',#14682,#3343);
#2346=LINE('',#14684,#3344);
#2347=LINE('',#14686,#3345);
#2348=LINE('',#14689,#3346);
#2349=LINE('',#14691,#3347);
#2350=LINE('',#14692,#3348);
#2351=LINE('',#14696,#3349);
#2352=LINE('',#14698,#3350);
#2353=LINE('',#14700,#3351);
#2354=LINE('',#14702,#3352);
#2355=LINE('',#14703,#3353);
#2356=LINE('',#14705,#3354);
#2357=LINE('',#14706,#3355);
#2358=LINE('',#14709,#3356);
#2359=LINE('',#14710,#3357);
#2360=LINE('',#14714,#3358);
#2361=LINE('',#14716,#3359);
#2362=LINE('',#14718,#3360);
#2363=LINE('',#14720,#3361);
#2364=LINE('',#14721,#3362);
#2365=LINE('',#14722,#3363);
#2366=LINE('',#14724,#3364);
#2367=LINE('',#14728,#3365);
#2368=LINE('',#14730,#3366);
#2369=LINE('',#14731,#3367);
#2370=LINE('',#14734,#3368);
#2371=LINE('',#14735,#3369);
#2372=LINE('',#14738,#3370);
#2373=LINE('',#14739,#3371);
#2374=LINE('',#14742,#3372);
#2375=LINE('',#14743,#3373);
#2376=LINE('',#14746,#3374);
#2377=LINE('',#14747,#3375);
#2378=LINE('',#14750,#3376);
#2379=LINE('',#14751,#3377);
#2380=LINE('',#14754,#3378);
#2381=LINE('',#14755,#3379);
#2382=LINE('',#14758,#3380);
#2383=LINE('',#14759,#3381);
#2384=LINE('',#14762,#3382);
#2385=LINE('',#14763,#3383);
#2386=LINE('',#14765,#3384);
#2387=LINE('',#14767,#3385);
#2388=LINE('',#14771,#3386);
#2389=LINE('',#14773,#3387);
#2390=LINE('',#14775,#3388);
#2391=LINE('',#14777,#3389);
#2392=LINE('',#14778,#3390);
#2393=LINE('',#14779,#3391);
#2394=LINE('',#14782,#3392);
#2395=LINE('',#14783,#3393);
#2396=LINE('',#14786,#3394);
#2397=LINE('',#14788,#3395);
#2398=LINE('',#14790,#3396);
#2399=LINE('',#14792,#3397);
#2400=LINE('',#14793,#3398);
#2401=LINE('',#14795,#3399);
#2402=LINE('',#14797,#3400);
#2403=LINE('',#14798,#3401);
#2404=LINE('',#14799,#3402);
#2405=LINE('',#14801,#3403);
#2406=LINE('',#14803,#3404);
#2407=LINE('',#14806,#3405);
#2408=LINE('',#14807,#3406);
#2409=LINE('',#14809,#3407);
#2410=LINE('',#14811,#3408);
#2411=LINE('',#14813,#3409);
#2412=LINE('',#14815,#3410);
#2413=LINE('',#14817,#3411);
#2414=LINE('',#14819,#3412);
#2415=LINE('',#14821,#3413);
#2416=LINE('',#14823,#3414);
#2417=LINE('',#14828,#3415);
#2418=LINE('',#14830,#3416);
#2419=LINE('',#14832,#3417);
#2420=LINE('',#14834,#3418);
#2421=LINE('',#14835,#3419);
#2422=LINE('',#14836,#3420);
#2423=LINE('',#14839,#3421);
#2424=LINE('',#14840,#3422);
#2425=LINE('',#14844,#3423);
#2426=LINE('',#14846,#3424);
#2427=LINE('',#14848,#3425);
#2428=LINE('',#14849,#3426);
#2429=LINE('',#14850,#3427);
#2430=LINE('',#14852,#3428);
#2431=LINE('',#14854,#3429);
#2432=LINE('',#14855,#3430);
#2433=LINE('',#14857,#3431);
#2434=LINE('',#14859,#3432);
#2435=LINE('',#14863,#3433);
#2436=LINE('',#14865,#3434);
#2437=LINE('',#14868,#3435);
#2438=LINE('',#14870,#3436);
#2439=LINE('',#14872,#3437);
#2440=LINE('',#14876,#3438);
#2441=LINE('',#14878,#3439);
#2442=LINE('',#14879,#3440);
#2443=LINE('',#14882,#3441);
#2444=LINE('',#14886,#3442);
#2445=LINE('',#14888,#3443);
#2446=LINE('',#14890,#3444);
#2447=LINE('',#14893,#3445);
#2448=LINE('',#14896,#3446);
#2449=LINE('',#14897,#3447);
#2450=LINE('',#14900,#3448);
#2451=LINE('',#14901,#3449);
#2452=LINE('',#14904,#3450);
#2453=LINE('',#14908,#3451);
#2454=LINE('',#14909,#3452);
#2455=LINE('',#14912,#3453);
#2456=LINE('',#14914,#3454);
#2457=LINE('',#14915,#3455);
#2458=LINE('',#14919,#3456);
#2459=LINE('',#14920,#3457);
#2460=LINE('',#14921,#3458);
#2461=LINE('',#14925,#3459);
#2462=LINE('',#14928,#3460);
#2463=LINE('',#14929,#3461);
#2464=LINE('',#14931,#3462);
#2465=LINE('',#14934,#3463);
#2466=LINE('',#14936,#3464);
#2467=LINE('',#14937,#3465);
#2468=LINE('',#14939,#3466);
#2469=LINE('',#14941,#3467);
#2470=LINE('',#14944,#3468);
#2471=LINE('',#14945,#3469);
#2472=LINE('',#14948,#3470);
#2473=LINE('',#14949,#3471);
#2474=LINE('',#14952,#3472);
#2475=LINE('',#14953,#3473);
#2476=LINE('',#14955,#3474);
#2477=LINE('',#14958,#3475);
#2478=LINE('',#14959,#3476);
#2479=LINE('',#14961,#3477);
#2480=LINE('',#14966,#3478);
#2481=LINE('',#14968,#3479);
#2482=LINE('',#14969,#3480);
#2483=LINE('',#14972,#3481);
#2484=LINE('',#14976,#3482);
#2485=LINE('',#14978,#3483);
#2486=LINE('',#14980,#3484);
#2487=LINE('',#14983,#3485);
#2488=LINE('',#14987,#3486);
#2489=LINE('',#14988,#3487);
#2490=LINE('',#14989,#3488);
#2491=LINE('',#14993,#3489);
#2492=LINE('',#14996,#3490);
#2493=LINE('',#14997,#3491);
#2494=LINE('',#14999,#3492);
#2495=LINE('',#15002,#3493);
#2496=LINE('',#15004,#3494);
#2497=LINE('',#15005,#3495);
#2498=LINE('',#15008,#3496);
#2499=LINE('',#15009,#3497);
#2500=LINE('',#15012,#3498);
#2501=LINE('',#15013,#3499);
#2502=LINE('',#15016,#3500);
#2503=LINE('',#15020,#3501);
#2504=LINE('',#15021,#3502);
#2505=LINE('',#15024,#3503);
#2506=LINE('',#15026,#3504);
#2507=LINE('',#15027,#3505);
#2508=LINE('',#15029,#3506);
#2509=LINE('',#15031,#3507);
#2510=LINE('',#15034,#3508);
#2511=LINE('',#15035,#3509);
#2512=LINE('',#15038,#3510);
#2513=LINE('',#15039,#3511);
#2514=LINE('',#15042,#3512);
#2515=LINE('',#15043,#3513);
#2516=LINE('',#15045,#3514);
#2517=LINE('',#15048,#3515);
#2518=LINE('',#15049,#3516);
#2519=LINE('',#15051,#3517);
#2520=LINE('',#15061,#3518);
#2521=LINE('',#15074,#3519);
#2522=LINE('',#15077,#3520);
#2523=LINE('',#15081,#3521);
#2524=LINE('',#15086,#3522);
#2525=LINE('',#15093,#3523);
#2526=LINE('',#15097,#3524);
#2527=LINE('',#15101,#3525);
#2528=LINE('',#15105,#3526);
#2529=LINE('',#15109,#3527);
#2530=LINE('',#15113,#3528);
#2531=LINE('',#15117,#3529);
#2532=LINE('',#15121,#3530);
#2533=LINE('',#15125,#3531);
#2534=LINE('',#15129,#3532);
#2535=LINE('',#15130,#3533);
#2536=LINE('',#15132,#3534);
#2537=LINE('',#15133,#3535);
#2538=LINE('',#15135,#3536);
#2539=LINE('',#15136,#3537);
#2540=LINE('',#15138,#3538);
#2541=LINE('',#15139,#3539);
#2542=LINE('',#15149,#3540);
#2543=LINE('',#15192,#3541);
#2544=LINE('',#15242,#3542);
#2545=LINE('',#15299,#3543);
#2546=VECTOR('',#9841,1.);
#2547=VECTOR('',#9844,1.);
#2548=VECTOR('',#9849,1.);
#2549=VECTOR('',#9852,1.);
#2550=VECTOR('',#9857,1.);
#2551=VECTOR('',#9860,1.);
#2552=VECTOR('',#9865,1.);
#2553=VECTOR('',#9868,1.);
#2554=VECTOR('',#9873,1.);
#2555=VECTOR('',#9876,1.);
#2556=VECTOR('',#9881,1.);
#2557=VECTOR('',#9884,1.);
#2558=VECTOR('',#9889,1.);
#2559=VECTOR('',#9892,1.);
#2560=VECTOR('',#9897,1.);
#2561=VECTOR('',#9900,1.);
#2562=VECTOR('',#9905,1.);
#2563=VECTOR('',#9908,1.);
#2564=VECTOR('',#9913,1.);
#2565=VECTOR('',#9916,1.);
#2566=VECTOR('',#9921,1.);
#2567=VECTOR('',#9924,1.);
#2568=VECTOR('',#9929,1.);
#2569=VECTOR('',#9932,1.);
#2570=VECTOR('',#9937,1.);
#2571=VECTOR('',#9940,1.);
#2572=VECTOR('',#9945,1.);
#2573=VECTOR('',#9948,1.);
#2574=VECTOR('',#9953,1.);
#2575=VECTOR('',#9956,1.);
#2576=VECTOR('',#9961,1.);
#2577=VECTOR('',#9964,1.);
#2578=VECTOR('',#9969,1.);
#2579=VECTOR('',#9972,1.);
#2580=VECTOR('',#9977,1.);
#2581=VECTOR('',#9980,1.);
#2582=VECTOR('',#9985,1.);
#2583=VECTOR('',#9988,1.);
#2584=VECTOR('',#9993,1.);
#2585=VECTOR('',#9996,1.);
#2586=VECTOR('',#10001,1.00000000000021);
#2587=VECTOR('',#10002,0.999999999999933);
#2588=VECTOR('',#10005,0.999999999999933);
#2589=VECTOR('',#10006,1.00000000000021);
#2590=VECTOR('',#10009,1.00000000000021);
#2591=VECTOR('',#10010,1.00000000000017);
#2592=VECTOR('',#10013,0.999999999999996);
#2593=VECTOR('',#10014,0.999999999999996);
#2594=VECTOR('',#10017,1.00000000000017);
#2595=VECTOR('',#10018,1.00000000000021);
#2596=VECTOR('',#10021,1.00000000000021);
#2597=VECTOR('',#10022,0.999999999999933);
#2598=VECTOR('',#10027,0.999999999999933);
#2599=VECTOR('',#10028,1.00000000000021);
#2600=VECTOR('',#10031,1.00000000000021);
#2601=VECTOR('',#10032,1.00000000000017);
#2602=VECTOR('',#10035,0.999999999999996);
#2603=VECTOR('',#10036,0.999999999999996);
#2604=VECTOR('',#10039,1.00000000000017);
#2605=VECTOR('',#10040,1.00000000000021);
#2606=VECTOR('',#10043,1.00000000000021);
#2607=VECTOR('',#10044,0.999999999999933);
#2608=VECTOR('',#10047,0.999999999999933);
#2609=VECTOR('',#10048,1.00000000000021);
#2610=VECTOR('',#10051,1.00000000000021);
#2611=VECTOR('',#10052,1.00000000000017);
#2612=VECTOR('',#10055,0.999999999999996);
#2613=VECTOR('',#10056,0.999999999999996);
#2614=VECTOR('',#10059,1.00000000000017);
#2615=VECTOR('',#10060,1.00000000000021);
#2616=VECTOR('',#10063,1.00000000000021);
#2617=VECTOR('',#10064,0.999999999999933);
#2618=VECTOR('',#10067,0.999999999999933);
#2619=VECTOR('',#10068,1.00000000000021);
#2620=VECTOR('',#10071,1.00000000000021);
#2621=VECTOR('',#10072,1.00000000000017);
#2622=VECTOR('',#10075,0.999999999999996);
#2623=VECTOR('',#10076,0.999999999999996);
#2624=VECTOR('',#10079,1.00000000000017);
#2625=VECTOR('',#10080,1.00000000000021);
#2626=VECTOR('',#10087,1.05);
#2627=VECTOR('',#10102,1.25);
#2628=VECTOR('',#10105,1.175);
#2629=VECTOR('',#10112,10.);
#2630=VECTOR('',#10113,0.999999999999878);
#2631=VECTOR('',#10118,0.999999999999933);
#2632=VECTOR('',#10121,1.);
#2633=VECTOR('',#10124,1.);
#2634=VECTOR('',#10125,0.999999999999828);
#2635=VECTOR('',#10130,0.999999999999731);
#2636=VECTOR('',#10133,10.);
#2637=VECTOR('',#10136,1.);
#2638=VECTOR('',#10137,0.999999999999828);
#2639=VECTOR('',#10142,0.99999999999973);
#2640=VECTOR('',#10145,10.);
#2641=VECTOR('',#10148,10.);
#2642=VECTOR('',#10149,0.999999999999878);
#2643=VECTOR('',#10154,0.999999999999941);
#2644=VECTOR('',#10157,10.);
#2645=VECTOR('',#10160,1.);
#2646=VECTOR('',#10161,1.00000000000064);
#2647=VECTOR('',#10166,0.999999999999677);
#2648=VECTOR('',#10169,1.);
#2649=VECTOR('',#10172,1.);
#2650=VECTOR('',#10173,0.999999999999878);
#2651=VECTOR('',#10178,0.999999999999933);
#2652=VECTOR('',#10181,10.);
#2653=VECTOR('',#10184,1.);
#2654=VECTOR('',#10185,0.999999999999828);
#2655=VECTOR('',#10190,0.999999999999731);
#2656=VECTOR('',#10193,10.);
#2657=VECTOR('',#10196,10.);
#2658=VECTOR('',#10197,0.999999999999828);
#2659=VECTOR('',#10202,0.99999999999973);
#2660=VECTOR('',#10205,1.);
#2661=VECTOR('',#10208,10.);
#2662=VECTOR('',#10209,0.999999999999878);
#2663=VECTOR('',#10214,0.999999999999941);
#2664=VECTOR('',#10217,1.);
#2665=VECTOR('',#10220,1.);
#2666=VECTOR('',#10221,1.00000000000064);
#2667=VECTOR('',#10224,0.999999999999677);
#2668=VECTOR('',#10229,10.);
#2669=VECTOR('',#10232,10.);
#2670=VECTOR('',#10233,0.999999999999878);
#2671=VECTOR('',#10238,0.999999999999933);
#2672=VECTOR('',#10241,10.);
#2673=VECTOR('',#10244,10.);
#2674=VECTOR('',#10245,0.999999999999828);
#2675=VECTOR('',#10250,0.999999999999731);
#2676=VECTOR('',#10253,10.);
#2677=VECTOR('',#10256,1.);
#2678=VECTOR('',#10257,0.999999999999828);
#2679=VECTOR('',#10262,0.99999999999973);
#2680=VECTOR('',#10265,10.);
#2681=VECTOR('',#10268,1.);
#2682=VECTOR('',#10269,0.999999999999878);
#2683=VECTOR('',#10274,0.999999999999941);
#2684=VECTOR('',#10277,10.);
#2685=VECTOR('',#10280,10.);
#2686=VECTOR('',#10281,1.00000000000064);
#2687=VECTOR('',#10286,0.999999999999677);
#2688=VECTOR('',#10289,1.);
#2689=VECTOR('',#10292,10.);
#2690=VECTOR('',#10293,10.);
#2691=VECTOR('',#10296,10.);
#2692=VECTOR('',#10297,10.);
#2693=VECTOR('',#10300,1.);
#2694=VECTOR('',#10301,1.);
#2695=VECTOR('',#10304,10.);
#2696=VECTOR('',#10305,1.);
#2697=VECTOR('',#10308,10.);
#2698=VECTOR('',#10309,1.25);
#2699=VECTOR('',#10310,1.);
#2700=VECTOR('',#10315,0.999999999999878);
#2701=VECTOR('',#10318,0.999999999999933);
#2702=VECTOR('',#10323,0.999999999999828);
#2703=VECTOR('',#10326,0.999999999999731);
#2704=VECTOR('',#10331,0.999999999999828);
#2705=VECTOR('',#10334,0.99999999999973);
#2706=VECTOR('',#10339,0.999999999999878);
#2707=VECTOR('',#10342,0.999999999999941);
#2708=VECTOR('',#10347,1.00000000000064);
#2709=VECTOR('',#10350,0.999999999999677);
#2710=VECTOR('',#10361,1.175);
#2711=VECTOR('',#10370,1.25);
#2712=VECTOR('',#10377,1.);
#2713=VECTOR('',#10380,1.);
#2714=VECTOR('',#10385,1.);
#2715=VECTOR('',#10388,1.);
#2716=VECTOR('',#10393,1.);
#2717=VECTOR('',#10396,1.);
#2718=VECTOR('',#10401,1.);
#2719=VECTOR('',#10404,1.);
#2720=VECTOR('',#10409,1.);
#2721=VECTOR('',#10412,1.);
#2722=VECTOR('',#10417,1.);
#2723=VECTOR('',#10420,1.);
#2724=VECTOR('',#10425,1.);
#2725=VECTOR('',#10428,1.);
#2726=VECTOR('',#10433,1.);
#2727=VECTOR('',#10436,1.);
#2728=VECTOR('',#10441,1.);
#2729=VECTOR('',#10444,1.);
#2730=VECTOR('',#10449,1.);
#2731=VECTOR('',#10452,1.);
#2732=VECTOR('',#10457,1.);
#2733=VECTOR('',#10460,1.);
#2734=VECTOR('',#10465,1.);
#2735=VECTOR('',#10468,1.);
#2736=VECTOR('',#10473,1.);
#2737=VECTOR('',#10476,1.);
#2738=VECTOR('',#10481,1.);
#2739=VECTOR('',#10484,1.);
#2740=VECTOR('',#10489,1.);
#2741=VECTOR('',#10492,1.);
#2742=VECTOR('',#10497,1.);
#2743=VECTOR('',#10500,1.);
#2744=VECTOR('',#10505,1.);
#2745=VECTOR('',#10508,1.);
#2746=VECTOR('',#10513,1.);
#2747=VECTOR('',#10516,1.);
#2748=VECTOR('',#10521,1.);
#2749=VECTOR('',#10524,1.);
#2750=VECTOR('',#10529,1.);
#2751=VECTOR('',#10532,1.);
#2752=VECTOR('',#10537,1.00000000000021);
#2753=VECTOR('',#10538,0.999999999999933);
#2754=VECTOR('',#10541,0.999999999999933);
#2755=VECTOR('',#10542,1.00000000000021);
#2756=VECTOR('',#10545,1.00000000000021);
#2757=VECTOR('',#10546,1.00000000000017);
#2758=VECTOR('',#10549,0.999999999999996);
#2759=VECTOR('',#10550,0.999999999999996);
#2760=VECTOR('',#10553,1.00000000000017);
#2761=VECTOR('',#10554,1.00000000000021);
#2762=VECTOR('',#10557,1.00000000000021);
#2763=VECTOR('',#10558,0.999999999999933);
#2764=VECTOR('',#10563,0.999999999999933);
#2765=VECTOR('',#10564,1.00000000000021);
#2766=VECTOR('',#10567,1.00000000000021);
#2767=VECTOR('',#10568,1.00000000000017);
#2768=VECTOR('',#10571,0.999999999999996);
#2769=VECTOR('',#10572,0.999999999999996);
#2770=VECTOR('',#10575,1.00000000000017);
#2771=VECTOR('',#10576,1.00000000000021);
#2772=VECTOR('',#10579,1.00000000000021);
#2773=VECTOR('',#10580,0.999999999999933);
#2774=VECTOR('',#10583,0.999999999999933);
#2775=VECTOR('',#10584,1.00000000000021);
#2776=VECTOR('',#10587,1.00000000000021);
#2777=VECTOR('',#10588,1.00000000000017);
#2778=VECTOR('',#10591,0.999999999999996);
#2779=VECTOR('',#10592,0.999999999999996);
#2780=VECTOR('',#10595,1.00000000000017);
#2781=VECTOR('',#10596,1.00000000000021);
#2782=VECTOR('',#10599,1.00000000000021);
#2783=VECTOR('',#10600,0.999999999999933);
#2784=VECTOR('',#10603,0.999999999999933);
#2785=VECTOR('',#10604,1.00000000000021);
#2786=VECTOR('',#10607,1.00000000000021);
#2787=VECTOR('',#10608,1.00000000000017);
#2788=VECTOR('',#10611,0.999999999999996);
#2789=VECTOR('',#10612,0.999999999999996);
#2790=VECTOR('',#10615,1.00000000000017);
#2791=VECTOR('',#10616,1.00000000000021);
#2792=VECTOR('',#10623,1.05);
#2793=VECTOR('',#10628,10.);
#2794=VECTOR('',#10629,0.999999999999878);
#2795=VECTOR('',#10634,0.999999999999941);
#2796=VECTOR('',#10637,1.);
#2797=VECTOR('',#10640,1.);
#2798=VECTOR('',#10641,1.00000000000064);
#2799=VECTOR('',#10646,0.999999999999677);
#2800=VECTOR('',#10649,10.);
#2801=VECTOR('',#10652,10.);
#2802=VECTOR('',#10653,0.999999999999878);
#2803=VECTOR('',#10658,0.999999999999933);
#2804=VECTOR('',#10661,1.);
#2805=VECTOR('',#10664,10.);
#2806=VECTOR('',#10665,0.999999999999828);
#2807=VECTOR('',#10670,0.999999999999731);
#2808=VECTOR('',#10673,10.);
#2809=VECTOR('',#10676,1.);
#2810=VECTOR('',#10677,0.999999999999828);
#2811=VECTOR('',#10682,0.99999999999973);
#2812=VECTOR('',#10685,10.);
#2813=VECTOR('',#10688,10.);
#2814=VECTOR('',#10689,0.999999999999878);
#2815=VECTOR('',#10694,0.999999999999941);
#2816=VECTOR('',#10697,1.);
#2817=VECTOR('',#10700,10.);
#2818=VECTOR('',#10701,1.00000000000064);
#2819=VECTOR('',#10706,0.999999999999677);
#2820=VECTOR('',#10709,1.);
#2821=VECTOR('',#10712,1.);
#2822=VECTOR('',#10713,0.999999999999878);
#2823=VECTOR('',#10718,0.999999999999933);
#2824=VECTOR('',#10721,10.);
#2825=VECTOR('',#10724,10.);
#2826=VECTOR('',#10725,0.999999999999828);
#2827=VECTOR('',#10730,0.999999999999731);
#2828=VECTOR('',#10733,1.);
#2829=VECTOR('',#10736,10.);
#2830=VECTOR('',#10737,0.999999999999828);
#2831=VECTOR('',#10742,0.99999999999973);
#2832=VECTOR('',#10745,1.);
#2833=VECTOR('',#10748,10.);
#2834=VECTOR('',#10749,0.999999999999878);
#2835=VECTOR('',#10754,0.999999999999941);
#2836=VECTOR('',#10757,10.);
#2837=VECTOR('',#10760,10.);
#2838=VECTOR('',#10761,1.00000000000064);
#2839=VECTOR('',#10766,0.999999999999677);
#2840=VECTOR('',#10769,10.);
#2841=VECTOR('',#10772,10.);
#2842=VECTOR('',#10773,0.999999999999878);
#2843=VECTOR('',#10778,0.999999999999933);
#2844=VECTOR('',#10781,1.);
#2845=VECTOR('',#10784,1.);
#2846=VECTOR('',#10785,0.999999999999828);
#2847=VECTOR('',#10790,0.999999999999731);
#2848=VECTOR('',#10793,10.);
#2849=VECTOR('',#10796,1.);
#2850=VECTOR('',#10797,0.999999999999828);
#2851=VECTOR('',#10802,0.99999999999973);
#2852=VECTOR('',#10805,10.);
#2853=VECTOR('',#10808,10.);
#2854=VECTOR('',#10809,0.999999999999878);
#2855=VECTOR('',#10814,0.999999999999941);
#2856=VECTOR('',#10817,1.);
#2857=VECTOR('',#10820,10.);
#2858=VECTOR('',#10821,1.00000000000064);
#2859=VECTOR('',#10826,0.999999999999677);
#2860=VECTOR('',#10829,1.);
#2861=VECTOR('',#10832,1.);
#2862=VECTOR('',#10833,10.);
#2863=VECTOR('',#10836,10.);
#2864=VECTOR('',#10837,1.);
#2865=VECTOR('',#10840,10.);
#2866=VECTOR('',#10841,1.25);
#2867=VECTOR('',#10842,1.);
#2868=VECTOR('',#10847,0.999999999999878);
#2869=VECTOR('',#10850,0.999999999999933);
#2870=VECTOR('',#10855,0.999999999999828);
#2871=VECTOR('',#10858,0.999999999999731);
#2872=VECTOR('',#10863,0.999999999999828);
#2873=VECTOR('',#10866,0.99999999999973);
#2874=VECTOR('',#10875,0.8);
#2875=VECTOR('',#10896,1.25);
#2876=VECTOR('',#10899,0.8);
#2877=VECTOR('',#10906,1.);
#2878=VECTOR('',#10909,1.);
#2879=VECTOR('',#10912,1.);
#2880=VECTOR('',#10917,1.);
#2881=VECTOR('',#10918,1.);
#2882=VECTOR('',#10919,1.);
#2883=VECTOR('',#10920,1.);
#2884=VECTOR('',#10921,1.);
#2885=VECTOR('',#10922,1.);
#2886=VECTOR('',#10923,1.);
#2887=VECTOR('',#10924,1.);
#2888=VECTOR('',#10925,1.);
#2889=VECTOR('',#10926,1.);
#2890=VECTOR('',#10927,1.);
#2891=VECTOR('',#10928,1.);
#2892=VECTOR('',#10931,0.799999999913);
#2893=VECTOR('',#10940,1.24999999997);
#2894=VECTOR('',#10951,0.95);
#2895=VECTOR('',#10954,1.);
#2896=VECTOR('',#10957,1.);
#2897=VECTOR('',#10960,1.);
#2898=VECTOR('',#10963,1.);
#2899=VECTOR('',#10966,1.);
#2900=VECTOR('',#10969,1.);
#2901=VECTOR('',#10972,1.);
#2902=VECTOR('',#10975,1.);
#2903=VECTOR('',#10980,1.);
#2904=VECTOR('',#10981,1.);
#2905=VECTOR('',#10982,1.);
#2906=VECTOR('',#10983,1.);
#2907=VECTOR('',#10984,1.);
#2908=VECTOR('',#10985,1.);
#2909=VECTOR('',#10986,1.);
#2910=VECTOR('',#10987,1.);
#2911=VECTOR('',#10990,1.);
#2912=VECTOR('',#10999,1.);
#2913=VECTOR('',#11008,1.);
#2914=VECTOR('',#11017,1.);
#2915=VECTOR('',#11032,1.);
#2916=VECTOR('',#11039,1.);
#2917=VECTOR('',#11042,1.);
#2918=VECTOR('',#11043,1.);
#2919=VECTOR('',#11044,1.);
#2920=VECTOR('',#11045,1.);
#2921=VECTOR('',#11050,1.);
#2922=VECTOR('',#11051,1.);
#2923=VECTOR('',#11054,1.);
#2924=VECTOR('',#11061,1.);
#2925=VECTOR('',#11064,1.);
#2926=VECTOR('',#11065,1.);
#2927=VECTOR('',#11066,1.);
#2928=VECTOR('',#11067,1.);
#2929=VECTOR('',#11068,1.);
#2930=VECTOR('',#11069,1.);
#2931=VECTOR('',#11070,1.);
#2932=VECTOR('',#11071,1.);
#2933=VECTOR('',#11072,1.);
#2934=VECTOR('',#11077,1.);
#2935=VECTOR('',#11080,1.);
#2936=VECTOR('',#11087,1.);
#2937=VECTOR('',#11090,1.);
#2938=VECTOR('',#11091,1.);
#2939=VECTOR('',#11092,1.);
#2940=VECTOR('',#11093,1.);
#2941=VECTOR('',#11094,1.);
#2942=VECTOR('',#11095,1.);
#2943=VECTOR('',#11096,1.);
#2944=VECTOR('',#11097,1.);
#2945=VECTOR('',#11100,1.);
#2946=VECTOR('',#11101,1.);
#2947=VECTOR('',#11102,1.);
#2948=VECTOR('',#11105,1.);
#2949=VECTOR('',#11106,1.);
#2950=VECTOR('',#11109,1.);
#2951=VECTOR('',#11110,1.);
#2952=VECTOR('',#11113,1.);
#2953=VECTOR('',#11116,1.);
#2954=VECTOR('',#11117,1.);
#2955=VECTOR('',#11118,1.);
#2956=VECTOR('',#11119,0.999999999999684);
#2957=VECTOR('',#11120,1.00000000000011);
#2958=VECTOR('',#11121,1.);
#2959=VECTOR('',#11122,1.00000000000017);
#2960=VECTOR('',#11123,1.00000000000029);
#2961=VECTOR('',#11124,0.999999999999968);
#2962=VECTOR('',#11125,1.);
#2963=VECTOR('',#11126,0.99999999999956);
#2964=VECTOR('',#11127,1.00000000000029);
#2965=VECTOR('',#11128,1.00000000000005);
#2966=VECTOR('',#11129,1.);
#2967=VECTOR('',#11130,1.00000000000019);
#2968=VECTOR('',#11131,0.999999999999828);
#2969=VECTOR('',#11132,1.00000000000014);
#2970=VECTOR('',#11133,1.00000000000019);
#2971=VECTOR('',#11134,1.);
#2972=VECTOR('',#11135,0.999999999999583);
#2973=VECTOR('',#11136,1.00000000000019);
#2974=VECTOR('',#11137,0.999999999999559);
#2975=VECTOR('',#11138,0.999999999999953);
#2976=VECTOR('',#11139,1.);
#2977=VECTOR('',#11140,0.999999999999953);
#2978=VECTOR('',#11141,1.00000000000017);
#2979=VECTOR('',#11142,1.00000000000036);
#2980=VECTOR('',#11143,1.);
#2981=VECTOR('',#11144,1.);
#2982=VECTOR('',#11145,1.);
#2983=VECTOR('',#11146,1.);
#2984=VECTOR('',#11147,1.);
#2985=VECTOR('',#11148,1.);
#2986=VECTOR('',#11149,1.00000000000012);
#2987=VECTOR('',#11150,1.);
#2988=VECTOR('',#11151,0.99999999999951);
#2989=VECTOR('',#11152,0.999999999999597);
#2990=VECTOR('',#11153,0.999999999999859);
#2991=VECTOR('',#11154,1.00000000000009);
#2992=VECTOR('',#11155,1.);
#2993=VECTOR('',#11156,1.00000000000064);
#2994=VECTOR('',#11157,1.00000000000009);
#2995=VECTOR('',#11158,0.999999999999651);
#2996=VECTOR('',#11159,1.00000000000016);
#2997=VECTOR('',#11160,0.999999999999938);
#2998=VECTOR('',#11161,1.00000000000051);
#2999=VECTOR('',#11162,1.00000000000009);
#3000=VECTOR('',#11163,1.00000000000021);
#3001=VECTOR('',#11164,1.00000000000009);
#3002=VECTOR('',#11165,1.00000000000064);
#3003=VECTOR('',#11166,0.999999999999933);
#3004=VECTOR('',#11167,1.00000000000004);
#3005=VECTOR('',#11168,0.999999999999721);
#3006=VECTOR('',#11169,0.999999999999849);
#3007=VECTOR('',#11170,1.00000000000009);
#3008=VECTOR('',#11171,1.);
#3009=VECTOR('',#11172,1.00000000000009);
#3010=VECTOR('',#11173,0.999999999999813);
#3011=VECTOR('',#11174,1.00000000000034);
#3012=VECTOR('',#11175,0.999999999999949);
#3013=VECTOR('',#11176,1.);
#3014=VECTOR('',#11177,1.00000000000064);
#3015=VECTOR('',#11178,1.00000000000039);
#3016=VECTOR('',#11179,0.999999999999597);
#3017=VECTOR('',#11180,1.);
#3018=VECTOR('',#11181,1.00000000000051);
#3019=VECTOR('',#11182,1.);
#3020=VECTOR('',#11183,1.00000000000009);
#3021=VECTOR('',#11184,0.999999999999597);
#3022=VECTOR('',#11185,1.00000000000009);
#3023=VECTOR('',#11186,1.);
#3024=VECTOR('',#11187,1.);
#3025=VECTOR('',#11188,0.999999999999884);
#3026=VECTOR('',#11189,1.00000000000064);
#3027=VECTOR('',#11190,1.);
#3028=VECTOR('',#11191,1.00000000000064);
#3029=VECTOR('',#11192,1.);
#3030=VECTOR('',#11193,1.00000000000009);
#3031=VECTOR('',#11194,1.00000000000064);
#3032=VECTOR('',#11195,1.00000000000064);
#3033=VECTOR('',#11196,1.);
#3034=VECTOR('',#11197,1.00000000000051);
#3035=VECTOR('',#11198,0.999999999999711);
#3036=VECTOR('',#11199,1.00000000000064);
#3037=VECTOR('',#11200,1.00000000000009);
#3038=VECTOR('',#11201,1.);
#3039=VECTOR('',#11202,1.00000000000004);
#3040=VECTOR('',#11203,1.00000000000009);
#3041=VECTOR('',#11204,1.00000000000064);
#3042=VECTOR('',#11205,1.);
#3043=VECTOR('',#11206,1.00000000000064);
#3044=VECTOR('',#11207,1.);
#3045=VECTOR('',#11208,0.999999999999958);
#3046=VECTOR('',#11209,1.00000000000051);
#3047=VECTOR('',#11210,1.);
#3048=VECTOR('',#11211,1.);
#3049=VECTOR('',#11212,1.);
#3050=VECTOR('',#11213,1.);
#3051=VECTOR('',#11214,1.);
#3052=VECTOR('',#11215,1.);
#3053=VECTOR('',#11216,1.);
#3054=VECTOR('',#11217,1.);
#3055=VECTOR('',#11228,1.);
#3056=VECTOR('',#11231,1.);
#3057=VECTOR('',#11232,1.);
#3058=VECTOR('',#11233,1.);
#3059=VECTOR('',#11234,1.);
#3060=VECTOR('',#11235,1.);
#3061=VECTOR('',#11238,1.);
#3062=VECTOR('',#11239,1.);
#3063=VECTOR('',#11242,1.);
#3064=VECTOR('',#11245,1.);
#3065=VECTOR('',#11248,1.);
#3066=VECTOR('',#11249,1.);
#3067=VECTOR('',#11250,1.);
#3068=VECTOR('',#11253,1.);
#3069=VECTOR('',#11256,1.);
#3070=VECTOR('',#11259,1.);
#3071=VECTOR('',#11262,1.);
#3072=VECTOR('',#11265,1.);
#3073=VECTOR('',#11272,1.25);
#3074=VECTOR('',#11279,1.);
#3075=VECTOR('',#11280,1.);
#3076=VECTOR('',#11281,1.);
#3077=VECTOR('',#11284,1.);
#3078=VECTOR('',#11285,1.);
#3079=VECTOR('',#11288,1.);
#3080=VECTOR('',#11289,0.999999999999916);
#3081=VECTOR('',#11292,1.);
#3082=VECTOR('',#11293,1.00000000000028);
#3083=VECTOR('',#11296,1.);
#3084=VECTOR('',#11297,1.);
#3085=VECTOR('',#11300,1.);
#3086=VECTOR('',#11301,1.0000000000002);
#3087=VECTOR('',#11304,1.);
#3088=VECTOR('',#11305,0.999999999999424);
#3089=VECTOR('',#11308,1.);
#3090=VECTOR('',#11309,1.00000000000017);
#3091=VECTOR('',#11312,1.);
#3092=VECTOR('',#11313,1.);
#3093=VECTOR('',#11316,1.);
#3094=VECTOR('',#11317,1.00000000000013);
#3095=VECTOR('',#11320,1.);
#3096=VECTOR('',#11321,0.999999999999424);
#3097=VECTOR('',#11324,1.);
#3098=VECTOR('',#11325,1.00000000000028);
#3099=VECTOR('',#11328,1.);
#3100=VECTOR('',#11329,1.);
#3101=VECTOR('',#11332,1.);
#3102=VECTOR('',#11333,1.00000000000021);
#3103=VECTOR('',#11336,1.);
#3104=VECTOR('',#11337,0.999999999999968);
#3105=VECTOR('',#11340,1.);
#3106=VECTOR('',#11341,0.999999999999973);
#3107=VECTOR('',#11344,1.);
#3108=VECTOR('',#11345,0.999999999999623);
#3109=VECTOR('',#11348,1.);
#3110=VECTOR('',#11349,1.);
#3111=VECTOR('',#11352,1.);
#3112=VECTOR('',#11353,0.999999999999931);
#3113=VECTOR('',#11356,1.);
#3114=VECTOR('',#11357,1.00000000000045);
#3115=VECTOR('',#11360,1.);
#3116=VECTOR('',#11361,1.00000000000016);
#3117=VECTOR('',#11364,1.);
#3118=VECTOR('',#11365,0.99999999999983);
#3119=VECTOR('',#11368,1.);
#3120=VECTOR('',#11369,1.);
#3121=VECTOR('',#11372,1.);
#3122=VECTOR('',#11373,0.99999999999983);
#3123=VECTOR('',#11376,1.);
#3124=VECTOR('',#11377,1.0000000000002);
#3125=VECTOR('',#11380,1.);
#3126=VECTOR('',#11381,0.999999999999716);
#3127=VECTOR('',#11384,1.);
#3128=VECTOR('',#11385,1.);
#3129=VECTOR('',#11388,1.);
#3130=VECTOR('',#11391,1.);
#3131=VECTOR('',#11392,1.);
#3132=VECTOR('',#11393,1.);
#3133=VECTOR('',#11396,1.);
#3134=VECTOR('',#11397,1.);
#3135=VECTOR('',#11400,1.);
#3136=VECTOR('',#11401,1.);
#3137=VECTOR('',#11404,1.);
#3138=VECTOR('',#11405,1.);
#3139=VECTOR('',#11408,1.);
#3140=VECTOR('',#11409,0.999999999999504);
#3141=VECTOR('',#11412,1.);
#3142=VECTOR('',#11413,1.);
#3143=VECTOR('',#11416,1.0000000000004);
#3144=VECTOR('',#11419,1.);
#3145=VECTOR('',#11420,1.);
#3146=VECTOR('',#11421,0.999999999999597);
#3147=VECTOR('',#11424,1.);
#3148=VECTOR('',#11425,0.999999999999976);
#3149=VECTOR('',#11428,1.);
#3150=VECTOR('',#11429,1.00000000000009);
#3151=VECTOR('',#11432,1.);
#3152=VECTOR('',#11433,1.);
#3153=VECTOR('',#11436,1.);
#3154=VECTOR('',#11437,1.00000000000064);
#3155=VECTOR('',#11440,1.);
#3156=VECTOR('',#11441,1.00000000000009);
#3157=VECTOR('',#11444,1.);
#3158=VECTOR('',#11445,1.0000000000001);
#3159=VECTOR('',#11448,1.);
#3160=VECTOR('',#11449,1.00000000000016);
#3161=VECTOR('',#11452,1.);
#3162=VECTOR('',#11453,0.999999999999937);
#3163=VECTOR('',#11456,1.);
#3164=VECTOR('',#11457,1.00000000000051);
#3165=VECTOR('',#11460,1.);
#3166=VECTOR('',#11461,1.00000000000009);
#3167=VECTOR('',#11464,1.);
#3168=VECTOR('',#11465,1.00000000000052);
#3169=VECTOR('',#11468,1.);
#3170=VECTOR('',#11469,1.00000000000009);
#3171=VECTOR('',#11472,1.);
#3172=VECTOR('',#11473,1.00000000000064);
#3173=VECTOR('',#11476,1.);
#3174=VECTOR('',#11477,0.999999999999933);
#3175=VECTOR('',#11480,0.999999999999937);
#3176=VECTOR('',#11483,1.);
#3177=VECTOR('',#11484,1.);
#3178=VECTOR('',#11485,0.999999999999721);
#3179=VECTOR('',#11488,1.);
#3180=VECTOR('',#11489,0.999999999999849);
#3181=VECTOR('',#11492,1.);
#3182=VECTOR('',#11493,1.00000000000009);
#3183=VECTOR('',#11496,1.);
#3184=VECTOR('',#11497,1.);
#3185=VECTOR('',#11500,1.00000000000009);
#3186=VECTOR('',#11501,1.);
#3187=VECTOR('',#11504,1.);
#3188=VECTOR('',#11505,1.00000000000028);
#3189=VECTOR('',#11508,1.);
#3190=VECTOR('',#11509,0.999999999999687);
#3191=VECTOR('',#11512,1.);
#3192=VECTOR('',#11513,0.999999999999777);
#3193=VECTOR('',#11516,1.);
#3194=VECTOR('',#11517,1.);
#3195=VECTOR('',#11520,1.);
#3196=VECTOR('',#11521,1.00000000000064);
#3197=VECTOR('',#11524,0.999999999999612);
#3198=VECTOR('',#11527,1.);
#3199=VECTOR('',#11528,1.);
#3200=VECTOR('',#11529,0.999999999999597);
#3201=VECTOR('',#11532,1.);
#3202=VECTOR('',#11533,1.);
#3203=VECTOR('',#11536,1.);
#3204=VECTOR('',#11537,1.00000000000051);
#3205=VECTOR('',#11540,1.);
#3206=VECTOR('',#11541,1.);
#3207=VECTOR('',#11544,1.);
#3208=VECTOR('',#11545,1.00000000000009);
#3209=VECTOR('',#11548,1.);
#3210=VECTOR('',#11549,0.999999999999597);
#3211=VECTOR('',#11552,1.);
#3212=VECTOR('',#11553,1.00000000000009);
#3213=VECTOR('',#11556,1.);
#3214=VECTOR('',#11557,1.);
#3215=VECTOR('',#11560,1.);
#3216=VECTOR('',#11561,1.);
#3217=VECTOR('',#11564,1.);
#3218=VECTOR('',#11565,0.999999999999884);
#3219=VECTOR('',#11568,1.);
#3220=VECTOR('',#11569,1.00000000000064);
#3221=VECTOR('',#11572,1.);
#3222=VECTOR('',#11573,1.);
#3223=VECTOR('',#11576,1.);
#3224=VECTOR('',#11577,1.00000000000064);
#3225=VECTOR('',#11580,1.);
#3226=VECTOR('',#11581,1.);
#3227=VECTOR('',#11584,1.);
#3228=VECTOR('',#11585,1.00000000000009);
#3229=VECTOR('',#11588,1.00000000000064);
#3230=VECTOR('',#11589,1.);
#3231=VECTOR('',#11592,1.);
#3232=VECTOR('',#11593,1.00000000000064);
#3233=VECTOR('',#11596,1.);
#3234=VECTOR('',#11597,1.);
#3235=VECTOR('',#11600,1.);
#3236=VECTOR('',#11601,1.00000000000051);
#3237=VECTOR('',#11604,1.);
#3238=VECTOR('',#11605,0.999999999999711);
#3239=VECTOR('',#11608,1.);
#3240=VECTOR('',#11609,1.00000000000064);
#3241=VECTOR('',#11612,1.);
#3242=VECTOR('',#11613,1.00000000000009);
#3243=VECTOR('',#11616,1.);
#3244=VECTOR('',#11617,1.);
#3245=VECTOR('',#11620,1.);
#3246=VECTOR('',#11621,1.00000000000004);
#3247=VECTOR('',#11624,1.);
#3248=VECTOR('',#11625,1.00000000000009);
#3249=VECTOR('',#11628,1.);
#3250=VECTOR('',#11629,1.00000000000064);
#3251=VECTOR('',#11632,1.);
#3252=VECTOR('',#11633,1.);
#3253=VECTOR('',#11636,1.);
#3254=VECTOR('',#11637,1.00000000000064);
#3255=VECTOR('',#11640,1.);
#3256=VECTOR('',#11641,1.);
#3257=VECTOR('',#11644,0.99999999999996);
#3258=VECTOR('',#11645,1.);
#3259=VECTOR('',#11648,1.00000000000051);
#3260=VECTOR('',#11653,1.);
#3261=VECTOR('',#11654,1.);
#3262=VECTOR('',#11655,1.);
#3263=VECTOR('',#11656,1.00000000000064);
#3264=VECTOR('',#11657,1.);
#3265=VECTOR('',#11660,1.);
#3266=VECTOR('',#11661,1.);
#3267=VECTOR('',#11662,1.);
#3268=VECTOR('',#11663,1.);
#3269=VECTOR('',#11666,1.);
#3270=VECTOR('',#11667,1.);
#3271=VECTOR('',#11668,1.);
#3272=VECTOR('',#11669,1.00000000000064);
#3273=VECTOR('',#11674,1.);
#3274=VECTOR('',#11675,1.);
#3275=VECTOR('',#11676,1.);
#3276=VECTOR('',#11677,1.);
#3277=VECTOR('',#11678,1.);
#3278=VECTOR('',#11681,1.);
#3279=VECTOR('',#11682,1.);
#3280=VECTOR('',#11683,1.);
#3281=VECTOR('',#11686,1.);
#3282=VECTOR('',#11687,1.);
#3283=VECTOR('',#11690,1.);
#3284=VECTOR('',#11691,1.);
#3285=VECTOR('',#11694,1.);
#3286=VECTOR('',#11695,1.);
#3287=VECTOR('',#11698,1.);
#3288=VECTOR('',#11699,1.);
#3289=VECTOR('',#11702,1.);
#3290=VECTOR('',#11703,1.);
#3291=VECTOR('',#11706,1.);
#3292=VECTOR('',#11707,1.);
#3293=VECTOR('',#11710,1.);
#3294=VECTOR('',#11711,1.);
#3295=VECTOR('',#11714,1.);
#3296=VECTOR('',#11715,1.);
#3297=VECTOR('',#11718,1.);
#3298=VECTOR('',#11719,1.);
#3299=VECTOR('',#11722,1.);
#3300=VECTOR('',#11723,1.);
#3301=VECTOR('',#11726,1.);
#3302=VECTOR('',#11729,1.);
#3303=VECTOR('',#11730,1.);
#3304=VECTOR('',#11731,1.);
#3305=VECTOR('',#11732,1.0000000000003);
#3306=VECTOR('',#11733,1.);
#3307=VECTOR('',#11734,1.0000000000003);
#3308=VECTOR('',#11735,1.);
#3309=VECTOR('',#11736,1.);
#3310=VECTOR('',#11737,1.);
#3311=VECTOR('',#11738,1.);
#3312=VECTOR('',#11753,1.);
#3313=VECTOR('',#11754,1.);
#3314=VECTOR('',#11755,1.);
#3315=VECTOR('',#11756,1.);
#3316=VECTOR('',#11757,1.);
#3317=VECTOR('',#11758,1.);
#3318=VECTOR('',#11759,1.);
#3319=VECTOR('',#11760,1.);
#3320=VECTOR('',#11761,1.);
#3321=VECTOR('',#11762,1.);
#3322=VECTOR('',#11763,1.);
#3323=VECTOR('',#11764,1.);
#3324=VECTOR('',#11767,1.);
#3325=VECTOR('',#11768,1.);
#3326=VECTOR('',#11769,1.);
#3327=VECTOR('',#11770,1.);
#3328=VECTOR('',#11771,1.);
#3329=VECTOR('',#11772,1.);
#3330=VECTOR('',#11773,1.);
#3331=VECTOR('',#11774,0.999999999999764);
#3332=VECTOR('',#11775,1.);
#3333=VECTOR('',#11776,0.999999999999764);
#3334=VECTOR('',#11777,1.);
#3335=VECTOR('',#11778,1.);
#3336=VECTOR('',#11779,1.);
#3337=VECTOR('',#11780,1.);
#3338=VECTOR('',#11781,1.);
#3339=VECTOR('',#11784,1.);
#3340=VECTOR('',#11785,1.);
#3341=VECTOR('',#11786,1.);
#3342=VECTOR('',#11787,1.);
#3343=VECTOR('',#11788,1.);
#3344=VECTOR('',#11791,1.00000000000064);
#3345=VECTOR('',#11794,1.00000000000064);
#3346=VECTOR('',#11797,1.);
#3347=VECTOR('',#11798,1.);
#3348=VECTOR('',#11799,1.);
#3349=VECTOR('',#11802,1.);
#3350=VECTOR('',#11803,1.);
#3351=VECTOR('',#11804,1.);
#3352=VECTOR('',#11805,1.);
#3353=VECTOR('',#11806,1.);
#3354=VECTOR('',#11807,1.);
#3355=VECTOR('',#11808,1.);
#3356=VECTOR('',#11811,1.);
#3357=VECTOR('',#11812,1.);
#3358=VECTOR('',#11815,1.);
#3359=VECTOR('',#11816,1.);
#3360=VECTOR('',#11817,1.);
#3361=VECTOR('',#11818,1.);
#3362=VECTOR('',#11819,1.);
#3363=VECTOR('',#11820,1.);
#3364=VECTOR('',#11823,1.);
#3365=VECTOR('',#11828,1.);
#3366=VECTOR('',#11829,1.);
#3367=VECTOR('',#11830,1.);
#3368=VECTOR('',#11833,1.);
#3369=VECTOR('',#11834,1.);
#3370=VECTOR('',#11837,1.);
#3371=VECTOR('',#11838,1.);
#3372=VECTOR('',#11841,1.);
#3373=VECTOR('',#11842,0.999999999999831);
#3374=VECTOR('',#11845,1.);
#3375=VECTOR('',#11846,1.);
#3376=VECTOR('',#11849,0.999999999999831);
#3377=VECTOR('',#11850,1.);
#3378=VECTOR('',#11853,1.);
#3379=VECTOR('',#11854,1.);
#3380=VECTOR('',#11857,1.);
#3381=VECTOR('',#11858,1.);
#3382=VECTOR('',#11861,1.);
#3383=VECTOR('',#11862,1.);
#3384=VECTOR('',#11865,1.);
#3385=VECTOR('',#11868,1.25);
#3386=VECTOR('',#11871,0.999999999999933);
#3387=VECTOR('',#11872,1.);
#3388=VECTOR('',#11873,1.);
#3389=VECTOR('',#11874,1.);
#3390=VECTOR('',#11875,1.);
#3391=VECTOR('',#11876,1.);
#3392=VECTOR('',#11879,1.);
#3393=VECTOR('',#11880,1.);
#3394=VECTOR('',#11883,1.);
#3395=VECTOR('',#11884,1.);
#3396=VECTOR('',#11885,1.);
#3397=VECTOR('',#11886,1.);
#3398=VECTOR('',#11887,0.999999999999933);
#3399=VECTOR('',#11890,1.);
#3400=VECTOR('',#11893,1.00000000000007);
#3401=VECTOR('',#11894,1.);
#3402=VECTOR('',#11895,1.00000000000007);
#3403=VECTOR('',#11898,1.00000000000007);
#3404=VECTOR('',#11901,1.00000000000007);
#3405=VECTOR('',#11906,1.00000000000065);
#3406=VECTOR('',#11907,1.00000000000065);
#3407=VECTOR('',#11910,0.999999999999473);
#3408=VECTOR('',#11913,0.99999999999986);
#3409=VECTOR('',#11916,1.00000000000023);
#3410=VECTOR('',#11919,0.999999999999597);
#3411=VECTOR('',#11922,1.00000000000065);
#3412=VECTOR('',#11925,1.00000000000065);
#3413=VECTOR('',#11928,1.00000000000065);
#3414=VECTOR('',#11931,1.00000000000065);
#3415=VECTOR('',#11936,1.);
#3416=VECTOR('',#11937,1.);
#3417=VECTOR('',#11938,1.);
#3418=VECTOR('',#11939,1.);
#3419=VECTOR('',#11940,1.);
#3420=VECTOR('',#11941,1.);
#3421=VECTOR('',#11944,1.);
#3422=VECTOR('',#11945,1.);
#3423=VECTOR('',#11948,1.);
#3424=VECTOR('',#11949,1.);
#3425=VECTOR('',#11950,1.);
#3426=VECTOR('',#11951,1.);
#3427=VECTOR('',#11952,1.);
#3428=VECTOR('',#11955,1.);
#3429=VECTOR('',#11958,1.);
#3430=VECTOR('',#11959,1.);
#3431=VECTOR('',#11962,1.);
#3432=VECTOR('',#11965,1.);
#3433=VECTOR('',#11972,1.);
#3434=VECTOR('',#11975,1.);
#3435=VECTOR('',#11980,1.);
#3436=VECTOR('',#11983,1.);
#3437=VECTOR('',#11986,1.);
#3438=VECTOR('',#11991,1.);
#3439=VECTOR('',#11992,1.);
#3440=VECTOR('',#11993,1.);
#3441=VECTOR('',#11996,1.);
#3442=VECTOR('',#11999,1.);
#3443=VECTOR('',#12000,1.);
#3444=VECTOR('',#12001,1.);
#3445=VECTOR('',#12004,1.);
#3446=VECTOR('',#12007,1.);
#3447=VECTOR('',#12008,1.);
#3448=VECTOR('',#12011,1.);
#3449=VECTOR('',#12012,1.);
#3450=VECTOR('',#12015,1.);
#3451=VECTOR('',#12020,1.);
#3452=VECTOR('',#12021,1.);
#3453=VECTOR('',#12024,0.999999999999933);
#3454=VECTOR('',#12025,1.);
#3455=VECTOR('',#12026,0.999999999999933);
#3456=VECTOR('',#12029,1.);
#3457=VECTOR('',#12030,1.);
#3458=VECTOR('',#12031,1.);
#3459=VECTOR('',#12036,1.);
#3460=VECTOR('',#12039,1.);
#3461=VECTOR('',#12040,1.);
#3462=VECTOR('',#12043,1.);
#3463=VECTOR('',#12046,0.999999999999933);
#3464=VECTOR('',#12047,1.);
#3465=VECTOR('',#12048,0.999999999999933);
#3466=VECTOR('',#12051,1.);
#3467=VECTOR('',#12054,1.);
#3468=VECTOR('',#12057,1.);
#3469=VECTOR('',#12058,0.999999999999933);
#3470=VECTOR('',#12061,0.999999999999933);
#3471=VECTOR('',#12062,1.);
#3472=VECTOR('',#12065,1.);
#3473=VECTOR('',#12066,1.);
#3474=VECTOR('',#12069,0.999999999999933);
#3475=VECTOR('',#12072,0.999999999999933);
#3476=VECTOR('',#12073,1.);
#3477=VECTOR('',#12076,1.);
#3478=VECTOR('',#12083,1.);
#3479=VECTOR('',#12084,1.);
#3480=VECTOR('',#12085,1.);
#3481=VECTOR('',#12088,1.);
#3482=VECTOR('',#12091,1.);
#3483=VECTOR('',#12092,1.);
#3484=VECTOR('',#12093,1.);
#3485=VECTOR('',#12096,1.);
#3486=VECTOR('',#12099,1.);
#3487=VECTOR('',#12100,1.);
#3488=VECTOR('',#12101,1.);
#3489=VECTOR('',#12106,1.);
#3490=VECTOR('',#12109,1.);
#3491=VECTOR('',#12110,1.);
#3492=VECTOR('',#12113,1.);
#3493=VECTOR('',#12116,0.999999999999933);
#3494=VECTOR('',#12117,1.);
#3495=VECTOR('',#12118,0.999999999999933);
#3496=VECTOR('',#12121,1.);
#3497=VECTOR('',#12122,1.);
#3498=VECTOR('',#12125,1.);
#3499=VECTOR('',#12126,1.);
#3500=VECTOR('',#12129,1.);
#3501=VECTOR('',#12134,1.);
#3502=VECTOR('',#12135,1.);
#3503=VECTOR('',#12138,0.999999999999933);
#3504=VECTOR('',#12139,1.);
#3505=VECTOR('',#12140,0.999999999999933);
#3506=VECTOR('',#12143,1.);
#3507=VECTOR('',#12146,1.);
#3508=VECTOR('',#12149,1.);
#3509=VECTOR('',#12150,0.999999999999933);
#3510=VECTOR('',#12153,0.999999999999933);
#3511=VECTOR('',#12154,1.);
#3512=VECTOR('',#12157,1.);
#3513=VECTOR('',#12158,1.);
#3514=VECTOR('',#12161,0.999999999999933);
#3515=VECTOR('',#12164,0.999999999999933);
#3516=VECTOR('',#12165,1.);
#3517=VECTOR('',#12168,1.);
#3518=VECTOR('',#12179,0.8);
#3519=VECTOR('',#12198,1.25);
#3520=VECTOR('',#12201,0.8);
#3521=VECTOR('',#12206,0.799999999913);
#3522=VECTOR('',#12213,1.24999999997);
#3523=VECTOR('',#12222,0.95);
#3524=VECTOR('',#12225,1.);
#3525=VECTOR('',#12228,1.);
#3526=VECTOR('',#12231,1.);
#3527=VECTOR('',#12234,1.);
#3528=VECTOR('',#12237,1.);
#3529=VECTOR('',#12240,1.);
#3530=VECTOR('',#12243,1.);
#3531=VECTOR('',#12246,1.);
#3532=VECTOR('',#12251,1.);
#3533=VECTOR('',#12252,1.);
#3534=VECTOR('',#12253,1.);
#3535=VECTOR('',#12254,1.);
#3536=VECTOR('',#12255,1.);
#3537=VECTOR('',#12256,1.);
#3538=VECTOR('',#12257,1.);
#3539=VECTOR('',#12258,1.);
#3540=VECTOR('',#12261,1.);
#3541=VECTOR('',#12270,1.);
#3542=VECTOR('',#12279,1.);
#3543=VECTOR('',#12288,1.);
#3544=CIRCLE('',#9106,1.225);
#3545=CIRCLE('',#9107,1.225);
#3546=CIRCLE('',#9109,1.225);
#3547=CIRCLE('',#9110,1.225);
#3548=CIRCLE('',#9112,1.225);
#3549=CIRCLE('',#9113,1.225);
#3550=CIRCLE('',#9115,1.225);
#3551=CIRCLE('',#9116,1.225);
#3552=CIRCLE('',#9118,1.225);
#3553=CIRCLE('',#9119,1.225);
#3554=CIRCLE('',#9121,1.225);
#3555=CIRCLE('',#9122,1.225);
#3556=CIRCLE('',#9124,1.225);
#3557=CIRCLE('',#9125,1.225);
#3558=CIRCLE('',#9127,1.225);
#3559=CIRCLE('',#9128,1.225);
#3560=CIRCLE('',#9130,1.225);
#3561=CIRCLE('',#9131,1.225);
#3562=CIRCLE('',#9133,1.225);
#3563=CIRCLE('',#9134,1.225);
#3564=CIRCLE('',#9136,1.225);
#3565=CIRCLE('',#9137,1.225);
#3566=CIRCLE('',#9139,1.225);
#3567=CIRCLE('',#9140,1.225);
#3568=CIRCLE('',#9142,1.225);
#3569=CIRCLE('',#9143,1.225);
#3570=CIRCLE('',#9145,1.225);
#3571=CIRCLE('',#9146,1.225);
#3572=CIRCLE('',#9148,1.225);
#3573=CIRCLE('',#9149,1.225);
#3574=CIRCLE('',#9151,1.225);
#3575=CIRCLE('',#9152,1.225);
#3576=CIRCLE('',#9154,1.225);
#3577=CIRCLE('',#9155,1.225);
#3578=CIRCLE('',#9157,1.225);
#3579=CIRCLE('',#9158,1.225);
#3580=CIRCLE('',#9160,1.225);
#3581=CIRCLE('',#9161,1.225);
#3582=CIRCLE('',#9163,1.225);
#3583=CIRCLE('',#9164,1.225);
#3584=CIRCLE('',#9166,1.25);
#3585=CIRCLE('',#9167,1.25);
#3586=CIRCLE('',#9168,1.25);
#3587=CIRCLE('',#9169,1.25);
#3588=CIRCLE('',#9170,1.25);
#3589=CIRCLE('',#9171,1.25);
#3590=CIRCLE('',#9172,1.25);
#3591=CIRCLE('',#9173,1.25);
#3592=CIRCLE('',#9174,1.25);
#3593=CIRCLE('',#9175,1.25);
#3594=CIRCLE('',#9176,1.25);
#3595=CIRCLE('',#9177,1.25);
#3596=CIRCLE('',#9178,1.25);
#3597=CIRCLE('',#9179,1.25);
#3598=CIRCLE('',#9180,1.25);
#3599=CIRCLE('',#9181,1.25);
#3600=CIRCLE('',#9182,1.25);
#3601=CIRCLE('',#9183,1.25);
#3602=CIRCLE('',#9184,1.25);
#3603=CIRCLE('',#9185,1.25);
#3604=CIRCLE('',#9186,1.25);
#3605=CIRCLE('',#9187,1.05);
#3606=CIRCLE('',#9189,1.05);
#3607=CIRCLE('',#9191,1.25);
#3608=CIRCLE('',#9193,1.25);
#3609=CIRCLE('',#9194,1.175);
#3610=CIRCLE('',#9196,1.25);
#3611=CIRCLE('',#9198,1.175);
#3612=CIRCLE('',#9202,1.2500002781);
#3613=CIRCLE('',#9206,1.24999967739);
#3614=CIRCLE('',#9210,1.24999999333);
#3615=CIRCLE('',#9214,1.24999967739);
#3616=CIRCLE('',#9218,1.2500002781);
#3617=CIRCLE('',#9222,1.2500002781);
#3618=CIRCLE('',#9226,1.24999967739);
#3619=CIRCLE('',#9230,1.24999999333);
#3620=CIRCLE('',#9234,1.24999967739);
#3621=CIRCLE('',#9238,1.2500002781);
#3622=CIRCLE('',#9242,1.2500002781);
#3623=CIRCLE('',#9246,1.24999967739);
#3624=CIRCLE('',#9250,1.24999999333);
#3625=CIRCLE('',#9254,1.24999967739);
#3626=CIRCLE('',#9258,1.2500002781);
#3627=CIRCLE('',#9260,1.2500002781);
#3628=CIRCLE('',#9261,1.24999967739);
#3629=CIRCLE('',#9262,1.24999999333);
#3630=CIRCLE('',#9263,1.24999967739);
#3631=CIRCLE('',#9264,1.2500002781);
#3632=CIRCLE('',#9282,1.25);
#3633=CIRCLE('',#9283,1.175);
#3634=CIRCLE('',#9285,1.175);
#3635=CIRCLE('',#9287,1.25);
#3636=CIRCLE('',#9289,1.25);
#3637=CIRCLE('',#9291,1.225);
#3638=CIRCLE('',#9292,1.225);
#3639=CIRCLE('',#9294,1.225);
#3640=CIRCLE('',#9295,1.225);
#3641=CIRCLE('',#9297,1.225);
#3642=CIRCLE('',#9298,1.225);
#3643=CIRCLE('',#9300,1.225);
#3644=CIRCLE('',#9301,1.225);
#3645=CIRCLE('',#9303,1.225);
#3646=CIRCLE('',#9304,1.225);
#3647=CIRCLE('',#9306,1.225);
#3648=CIRCLE('',#9307,1.225);
#3649=CIRCLE('',#9309,1.225);
#3650=CIRCLE('',#9310,1.225);
#3651=CIRCLE('',#9312,1.225);
#3652=CIRCLE('',#9313,1.225);
#3653=CIRCLE('',#9315,1.225);
#3654=CIRCLE('',#9316,1.225);
#3655=CIRCLE('',#9318,1.225);
#3656=CIRCLE('',#9319,1.225);
#3657=CIRCLE('',#9321,1.225);
#3658=CIRCLE('',#9322,1.225);
#3659=CIRCLE('',#9324,1.225);
#3660=CIRCLE('',#9325,1.225);
#3661=CIRCLE('',#9327,1.225);
#3662=CIRCLE('',#9328,1.225);
#3663=CIRCLE('',#9330,1.225);
#3664=CIRCLE('',#9331,1.225);
#3665=CIRCLE('',#9333,1.225);
#3666=CIRCLE('',#9334,1.225);
#3667=CIRCLE('',#9336,1.225);
#3668=CIRCLE('',#9337,1.225);
#3669=CIRCLE('',#9339,1.225);
#3670=CIRCLE('',#9340,1.225);
#3671=CIRCLE('',#9342,1.225);
#3672=CIRCLE('',#9343,1.225);
#3673=CIRCLE('',#9345,1.225);
#3674=CIRCLE('',#9346,1.225);
#3675=CIRCLE('',#9348,1.225);
#3676=CIRCLE('',#9349,1.225);
#3677=CIRCLE('',#9351,1.25);
#3678=CIRCLE('',#9352,1.25);
#3679=CIRCLE('',#9353,1.25);
#3680=CIRCLE('',#9354,1.25);
#3681=CIRCLE('',#9355,1.25);
#3682=CIRCLE('',#9356,1.25);
#3683=CIRCLE('',#9357,1.25);
#3684=CIRCLE('',#9358,1.25);
#3685=CIRCLE('',#9359,1.25);
#3686=CIRCLE('',#9360,1.25);
#3687=CIRCLE('',#9361,1.25);
#3688=CIRCLE('',#9362,1.25);
#3689=CIRCLE('',#9363,1.25);
#3690=CIRCLE('',#9364,1.25);
#3691=CIRCLE('',#9365,1.25);
#3692=CIRCLE('',#9366,1.25);
#3693=CIRCLE('',#9367,1.25);
#3694=CIRCLE('',#9368,1.25);
#3695=CIRCLE('',#9369,1.25);
#3696=CIRCLE('',#9370,1.25);
#3697=CIRCLE('',#9371,1.25);
#3698=CIRCLE('',#9372,1.05);
#3699=CIRCLE('',#9374,1.05);
#3700=CIRCLE('',#9378,1.24999967739);
#3701=CIRCLE('',#9382,1.2500002781);
#3702=CIRCLE('',#9386,1.2500002781);
#3703=CIRCLE('',#9390,1.24999967739);
#3704=CIRCLE('',#9394,1.24999999333);
#3705=CIRCLE('',#9398,1.24999967739);
#3706=CIRCLE('',#9402,1.2500002781);
#3707=CIRCLE('',#9406,1.2500002781);
#3708=CIRCLE('',#9410,1.24999967739);
#3709=CIRCLE('',#9414,1.24999999333);
#3710=CIRCLE('',#9418,1.24999967739);
#3711=CIRCLE('',#9422,1.2500002781);
#3712=CIRCLE('',#9426,1.2500002781);
#3713=CIRCLE('',#9430,1.24999967739);
#3714=CIRCLE('',#9434,1.24999999333);
#3715=CIRCLE('',#9438,1.24999967739);
#3716=CIRCLE('',#9442,1.2500002781);
#3717=CIRCLE('',#9444,1.2500002781);
#3718=CIRCLE('',#9445,1.24999967739);
#3719=CIRCLE('',#9446,1.24999999333);
#3720=CIRCLE('',#9458,0.8);
#3721=CIRCLE('',#9459,0.799999999999804);
#3722=CIRCLE('',#9460,0.8);
#3723=CIRCLE('',#9461,0.8);
#3724=CIRCLE('',#9463,1.25);
#3725=CIRCLE('',#9465,0.20000000001241);
#3726=CIRCLE('',#9466,0.800000000019965);
#3727=CIRCLE('',#9467,0.800000000019965);
#3728=CIRCLE('',#9469,1.25);
#3729=CIRCLE('',#9471,0.8000000001965);
#3730=CIRCLE('',#9473,0.119200571421);
#3731=CIRCLE('',#9474,0.21920057101);
#3732=CIRCLE('',#9475,0.21920057101);
#3733=CIRCLE('',#9476,0.119200571421);
#3734=CIRCLE('',#9477,2.08079942953);
#3735=CIRCLE('',#9479,0.499999999988);
#3736=CIRCLE('',#9482,1.25000000002);
#3737=CIRCLE('',#9483,1.09999999995);
#3738=CIRCLE('',#9484,1.25000000002);
#3739=CIRCLE('',#9486,0.95);
#3740=CIRCLE('',#9488,0.95);
#3741=CIRCLE('',#9489,0.95);
#3742=CIRCLE('',#9490,0.95);
#3743=CIRCLE('',#9491,0.95);
#3744=CIRCLE('',#9492,0.950000000000068);
#3745=CIRCLE('',#9493,0.95);
#3746=CIRCLE('',#9494,0.95);
#3747=CIRCLE('',#9495,0.95);
#3748=CIRCLE('',#9496,0.95);
#3749=CIRCLE('',#9500,1.07418262228);
#3750=CIRCLE('',#9504,1.07418262227);
#3751=CIRCLE('',#9508,1.07418248612);
#3752=CIRCLE('',#9512,1.07418248612);
#3753=CIRCLE('',#9515,0.119200571421);
#3754=CIRCLE('',#9516,2.08079942846);
#3755=CIRCLE('',#9517,0.119200571421);
#3756=CIRCLE('',#9518,0.119200571421);
#3757=CIRCLE('',#9519,2.08079942953);
#3758=CIRCLE('',#9520,0.119200571421);
#3759=CIRCLE('',#9521,1.25000000000025);
#3760=CIRCLE('',#9523,0.119200571421);
#3761=CIRCLE('',#9525,2.08079942858);
#3762=CIRCLE('',#9527,0.119200571420999);
#3763=CIRCLE('',#9530,0.119200571421);
#3764=CIRCLE('',#9532,2.08079942858);
#3765=CIRCLE('',#9534,0.119200571421);
#3766=CIRCLE('',#9542,0.119200571396);
#3767=CIRCLE('',#9543,2.08079942858);
#3768=CIRCLE('',#9544,0.119200571396);
#3769=CIRCLE('',#9549,0.219200571421);
#3770=CIRCLE('',#9550,0.219200571421);
#3771=CIRCLE('',#9558,1.25);
#3772=CIRCLE('',#9559,1.25);
#3773=CIRCLE('',#9560,1.25);
#3774=CIRCLE('',#9673,1.25);
#3775=CIRCLE('',#9737,0.549999999999999);
#3776=CIRCLE('',#9738,1.05000000014);
#3777=CIRCLE('',#9742,0.55);
#3778=CIRCLE('',#9747,1.05);
#3779=CIRCLE('',#9763,0.549999999999999);
#3780=CIRCLE('',#9764,1.05000000014);
#3781=CIRCLE('',#9767,1.05);
#3782=CIRCLE('',#9774,0.55);
#3783=CIRCLE('',#9788,0.8);
#3784=CIRCLE('',#9789,0.79999999999981);
#3785=CIRCLE('',#9790,0.8);
#3786=CIRCLE('',#9791,0.8);
#3787=CIRCLE('',#9793,1.25);
#3788=CIRCLE('',#9795,0.200000000012119);
#3789=CIRCLE('',#9796,0.800000000019967);
#3790=CIRCLE('',#9797,0.800000000019967);
#3791=CIRCLE('',#9800,0.8000000001965);
#3792=CIRCLE('',#9802,0.499999999988);
#3793=CIRCLE('',#9805,1.09999999995);
#3794=CIRCLE('',#9807,0.95);
#3795=CIRCLE('',#9809,0.95);
#3796=CIRCLE('',#9810,0.95);
#3797=CIRCLE('',#9811,0.95);
#3798=CIRCLE('',#9812,0.95);
#3799=CIRCLE('',#9813,0.949999999999687);
#3800=CIRCLE('',#9814,0.95);
#3801=CIRCLE('',#9815,0.95);
#3802=CIRCLE('',#9816,0.95);
#3803=CIRCLE('',#9817,0.95);
#3804=CIRCLE('',#9821,1.07418262228);
#3805=CIRCLE('',#9825,1.07418262227);
#3806=CIRCLE('',#9829,1.07418248612);
#3807=CIRCLE('',#9833,1.07418248612);
#3808=VERTEX_POINT('',#12297);
#3809=VERTEX_POINT('',#12298);
#3810=VERTEX_POINT('',#12300);
#3811=VERTEX_POINT('',#12302);
#3812=VERTEX_POINT('',#12306);
#3813=VERTEX_POINT('',#12307);
#3814=VERTEX_POINT('',#12309);
#3815=VERTEX_POINT('',#12311);
#3816=VERTEX_POINT('',#12315);
#3817=VERTEX_POINT('',#12316);
#3818=VERTEX_POINT('',#12318);
#3819=VERTEX_POINT('',#12320);
#3820=VERTEX_POINT('',#12324);
#3821=VERTEX_POINT('',#12325);
#3822=VERTEX_POINT('',#12327);
#3823=VERTEX_POINT('',#12329);
#3824=VERTEX_POINT('',#12333);
#3825=VERTEX_POINT('',#12334);
#3826=VERTEX_POINT('',#12336);
#3827=VERTEX_POINT('',#12338);
#3828=VERTEX_POINT('',#12342);
#3829=VERTEX_POINT('',#12343);
#3830=VERTEX_POINT('',#12345);
#3831=VERTEX_POINT('',#12347);
#3832=VERTEX_POINT('',#12351);
#3833=VERTEX_POINT('',#12352);
#3834=VERTEX_POINT('',#12354);
#3835=VERTEX_POINT('',#12356);
#3836=VERTEX_POINT('',#12360);
#3837=VERTEX_POINT('',#12361);
#3838=VERTEX_POINT('',#12363);
#3839=VERTEX_POINT('',#12365);
#3840=VERTEX_POINT('',#12369);
#3841=VERTEX_POINT('',#12370);
#3842=VERTEX_POINT('',#12372);
#3843=VERTEX_POINT('',#12374);
#3844=VERTEX_POINT('',#12378);
#3845=VERTEX_POINT('',#12379);
#3846=VERTEX_POINT('',#12381);
#3847=VERTEX_POINT('',#12383);
#3848=VERTEX_POINT('',#12387);
#3849=VERTEX_POINT('',#12388);
#3850=VERTEX_POINT('',#12390);
#3851=VERTEX_POINT('',#12392);
#3852=VERTEX_POINT('',#12396);
#3853=VERTEX_POINT('',#12397);
#3854=VERTEX_POINT('',#12399);
#3855=VERTEX_POINT('',#12401);
#3856=VERTEX_POINT('',#12405);
#3857=VERTEX_POINT('',#12406);
#3858=VERTEX_POINT('',#12408);
#3859=VERTEX_POINT('',#12410);
#3860=VERTEX_POINT('',#12414);
#3861=VERTEX_POINT('',#12415);
#3862=VERTEX_POINT('',#12417);
#3863=VERTEX_POINT('',#12419);
#3864=VERTEX_POINT('',#12423);
#3865=VERTEX_POINT('',#12424);
#3866=VERTEX_POINT('',#12426);
#3867=VERTEX_POINT('',#12428);
#3868=VERTEX_POINT('',#12432);
#3869=VERTEX_POINT('',#12433);
#3870=VERTEX_POINT('',#12435);
#3871=VERTEX_POINT('',#12437);
#3872=VERTEX_POINT('',#12441);
#3873=VERTEX_POINT('',#12442);
#3874=VERTEX_POINT('',#12444);
#3875=VERTEX_POINT('',#12446);
#3876=VERTEX_POINT('',#12450);
#3877=VERTEX_POINT('',#12451);
#3878=VERTEX_POINT('',#12453);
#3879=VERTEX_POINT('',#12455);
#3880=VERTEX_POINT('',#12459);
#3881=VERTEX_POINT('',#12460);
#3882=VERTEX_POINT('',#12462);
#3883=VERTEX_POINT('',#12464);
#3884=VERTEX_POINT('',#12468);
#3885=VERTEX_POINT('',#12469);
#3886=VERTEX_POINT('',#12471);
#3887=VERTEX_POINT('',#12473);
#3888=VERTEX_POINT('',#12477);
#3889=VERTEX_POINT('',#12478);
#3890=VERTEX_POINT('',#12481);
#3891=VERTEX_POINT('',#12483);
#3892=VERTEX_POINT('',#12486);
#3893=VERTEX_POINT('',#12488);
#3894=VERTEX_POINT('',#12491);
#3895=VERTEX_POINT('',#12493);
#3896=VERTEX_POINT('',#12496);
#3897=VERTEX_POINT('',#12498);
#3898=VERTEX_POINT('',#12501);
#3899=VERTEX_POINT('',#12503);
#3900=VERTEX_POINT('',#12506);
#3901=VERTEX_POINT('',#12508);
#3902=VERTEX_POINT('',#12510);
#3903=VERTEX_POINT('',#12513);
#3904=VERTEX_POINT('',#12515);
#3905=VERTEX_POINT('',#12518);
#3906=VERTEX_POINT('',#12520);
#3907=VERTEX_POINT('',#12523);
#3908=VERTEX_POINT('',#12525);
#3909=VERTEX_POINT('',#12528);
#3910=VERTEX_POINT('',#12530);
#3911=VERTEX_POINT('',#12533);
#3912=VERTEX_POINT('',#12535);
#3913=VERTEX_POINT('',#12538);
#3914=VERTEX_POINT('',#12540);
#3915=VERTEX_POINT('',#12543);
#3916=VERTEX_POINT('',#12545);
#3917=VERTEX_POINT('',#12548);
#3918=VERTEX_POINT('',#12550);
#3919=VERTEX_POINT('',#12553);
#3920=VERTEX_POINT('',#12555);
#3921=VERTEX_POINT('',#12558);
#3922=VERTEX_POINT('',#12560);
#3923=VERTEX_POINT('',#12563);
#3924=VERTEX_POINT('',#12565);
#3925=VERTEX_POINT('',#12568);
#3926=VERTEX_POINT('',#12570);
#3927=VERTEX_POINT('',#12573);
#3928=VERTEX_POINT('',#12575);
#3929=VERTEX_POINT('',#12579);
#3930=VERTEX_POINT('',#12582);
#3931=VERTEX_POINT('',#12586);
#3932=VERTEX_POINT('',#12589);
#3933=VERTEX_POINT('',#12591);
#3934=VERTEX_POINT('',#12594);
#3935=VERTEX_POINT('',#12598);
#3936=VERTEX_POINT('',#12603);
#3937=VERTEX_POINT('',#12607);
#3938=VERTEX_POINT('',#12613);
#3939=VERTEX_POINT('',#12617);
#3940=VERTEX_POINT('',#12623);
#3941=VERTEX_POINT('',#12627);
#3942=VERTEX_POINT('',#12633);
#3943=VERTEX_POINT('',#12637);
#3944=VERTEX_POINT('',#12643);
#3945=VERTEX_POINT('',#12647);
#3946=VERTEX_POINT('',#12653);
#3947=VERTEX_POINT('',#12657);
#3948=VERTEX_POINT('',#12663);
#3949=VERTEX_POINT('',#12667);
#3950=VERTEX_POINT('',#12673);
#3951=VERTEX_POINT('',#12677);
#3952=VERTEX_POINT('',#12683);
#3953=VERTEX_POINT('',#12687);
#3954=VERTEX_POINT('',#12693);
#3955=VERTEX_POINT('',#12697);
#3956=VERTEX_POINT('',#12703);
#3957=VERTEX_POINT('',#12707);
#3958=VERTEX_POINT('',#12713);
#3959=VERTEX_POINT('',#12717);
#3960=VERTEX_POINT('',#12723);
#3961=VERTEX_POINT('',#12727);
#3962=VERTEX_POINT('',#12733);
#3963=VERTEX_POINT('',#12737);
#3964=VERTEX_POINT('',#12743);
#3965=VERTEX_POINT('',#12747);
#3966=VERTEX_POINT('',#12751);
#3967=VERTEX_POINT('',#12753);
#3968=VERTEX_POINT('',#12756);
#3969=VERTEX_POINT('',#12758);
#3970=VERTEX_POINT('',#12761);
#3971=VERTEX_POINT('',#12763);
#3972=VERTEX_POINT('',#12766);
#3973=VERTEX_POINT('',#12768);
#3974=VERTEX_POINT('',#12771);
#3975=VERTEX_POINT('',#12773);
#3976=VERTEX_POINT('',#12805);
#3977=VERTEX_POINT('',#12807);
#3978=VERTEX_POINT('',#12810);
#3979=VERTEX_POINT('',#12814);
#3980=VERTEX_POINT('',#12817);
#3981=VERTEX_POINT('',#12821);
#3982=VERTEX_POINT('',#12822);
#3983=VERTEX_POINT('',#12824);
#3984=VERTEX_POINT('',#12826);
#3985=VERTEX_POINT('',#12830);
#3986=VERTEX_POINT('',#12831);
#3987=VERTEX_POINT('',#12833);
#3988=VERTEX_POINT('',#12835);
#3989=VERTEX_POINT('',#12839);
#3990=VERTEX_POINT('',#12840);
#3991=VERTEX_POINT('',#12842);
#3992=VERTEX_POINT('',#12844);
#3993=VERTEX_POINT('',#12848);
#3994=VERTEX_POINT('',#12849);
#3995=VERTEX_POINT('',#12851);
#3996=VERTEX_POINT('',#12853);
#3997=VERTEX_POINT('',#12857);
#3998=VERTEX_POINT('',#12858);
#3999=VERTEX_POINT('',#12860);
#4000=VERTEX_POINT('',#12862);
#4001=VERTEX_POINT('',#12866);
#4002=VERTEX_POINT('',#12867);
#4003=VERTEX_POINT('',#12869);
#4004=VERTEX_POINT('',#12871);
#4005=VERTEX_POINT('',#12875);
#4006=VERTEX_POINT('',#12876);
#4007=VERTEX_POINT('',#12878);
#4008=VERTEX_POINT('',#12880);
#4009=VERTEX_POINT('',#12884);
#4010=VERTEX_POINT('',#12885);
#4011=VERTEX_POINT('',#12887);
#4012=VERTEX_POINT('',#12889);
#4013=VERTEX_POINT('',#12893);
#4014=VERTEX_POINT('',#12894);
#4015=VERTEX_POINT('',#12896);
#4016=VERTEX_POINT('',#12898);
#4017=VERTEX_POINT('',#12902);
#4018=VERTEX_POINT('',#12903);
#4019=VERTEX_POINT('',#12905);
#4020=VERTEX_POINT('',#12907);
#4021=VERTEX_POINT('',#12911);
#4022=VERTEX_POINT('',#12912);
#4023=VERTEX_POINT('',#12914);
#4024=VERTEX_POINT('',#12916);
#4025=VERTEX_POINT('',#12920);
#4026=VERTEX_POINT('',#12921);
#4027=VERTEX_POINT('',#12923);
#4028=VERTEX_POINT('',#12925);
#4029=VERTEX_POINT('',#12929);
#4030=VERTEX_POINT('',#12930);
#4031=VERTEX_POINT('',#12932);
#4032=VERTEX_POINT('',#12934);
#4033=VERTEX_POINT('',#12938);
#4034=VERTEX_POINT('',#12939);
#4035=VERTEX_POINT('',#12941);
#4036=VERTEX_POINT('',#12943);
#4037=VERTEX_POINT('',#12947);
#4038=VERTEX_POINT('',#12948);
#4039=VERTEX_POINT('',#12950);
#4040=VERTEX_POINT('',#12952);
#4041=VERTEX_POINT('',#12956);
#4042=VERTEX_POINT('',#12957);
#4043=VERTEX_POINT('',#12959);
#4044=VERTEX_POINT('',#12961);
#4045=VERTEX_POINT('',#12965);
#4046=VERTEX_POINT('',#12966);
#4047=VERTEX_POINT('',#12968);
#4048=VERTEX_POINT('',#12970);
#4049=VERTEX_POINT('',#12974);
#4050=VERTEX_POINT('',#12975);
#4051=VERTEX_POINT('',#12977);
#4052=VERTEX_POINT('',#12979);
#4053=VERTEX_POINT('',#12983);
#4054=VERTEX_POINT('',#12984);
#4055=VERTEX_POINT('',#12986);
#4056=VERTEX_POINT('',#12988);
#4057=VERTEX_POINT('',#12992);
#4058=VERTEX_POINT('',#12993);
#4059=VERTEX_POINT('',#12995);
#4060=VERTEX_POINT('',#12997);
#4061=VERTEX_POINT('',#13001);
#4062=VERTEX_POINT('',#13002);
#4063=VERTEX_POINT('',#13005);
#4064=VERTEX_POINT('',#13007);
#4065=VERTEX_POINT('',#13010);
#4066=VERTEX_POINT('',#13012);
#4067=VERTEX_POINT('',#13015);
#4068=VERTEX_POINT('',#13017);
#4069=VERTEX_POINT('',#13020);
#4070=VERTEX_POINT('',#13022);
#4071=VERTEX_POINT('',#13025);
#4072=VERTEX_POINT('',#13027);
#4073=VERTEX_POINT('',#13030);
#4074=VERTEX_POINT('',#13032);
#4075=VERTEX_POINT('',#13034);
#4076=VERTEX_POINT('',#13037);
#4077=VERTEX_POINT('',#13039);
#4078=VERTEX_POINT('',#13042);
#4079=VERTEX_POINT('',#13044);
#4080=VERTEX_POINT('',#13047);
#4081=VERTEX_POINT('',#13049);
#4082=VERTEX_POINT('',#13052);
#4083=VERTEX_POINT('',#13054);
#4084=VERTEX_POINT('',#13057);
#4085=VERTEX_POINT('',#13059);
#4086=VERTEX_POINT('',#13062);
#4087=VERTEX_POINT('',#13064);
#4088=VERTEX_POINT('',#13067);
#4089=VERTEX_POINT('',#13069);
#4090=VERTEX_POINT('',#13072);
#4091=VERTEX_POINT('',#13074);
#4092=VERTEX_POINT('',#13077);
#4093=VERTEX_POINT('',#13079);
#4094=VERTEX_POINT('',#13082);
#4095=VERTEX_POINT('',#13084);
#4096=VERTEX_POINT('',#13087);
#4097=VERTEX_POINT('',#13089);
#4098=VERTEX_POINT('',#13092);
#4099=VERTEX_POINT('',#13094);
#4100=VERTEX_POINT('',#13097);
#4101=VERTEX_POINT('',#13099);
#4102=VERTEX_POINT('',#13103);
#4103=VERTEX_POINT('',#13106);
#4104=VERTEX_POINT('',#13111);
#4105=VERTEX_POINT('',#13115);
#4106=VERTEX_POINT('',#13121);
#4107=VERTEX_POINT('',#13125);
#4108=VERTEX_POINT('',#13131);
#4109=VERTEX_POINT('',#13135);
#4110=VERTEX_POINT('',#13141);
#4111=VERTEX_POINT('',#13145);
#4112=VERTEX_POINT('',#13151);
#4113=VERTEX_POINT('',#13155);
#4114=VERTEX_POINT('',#13161);
#4115=VERTEX_POINT('',#13165);
#4116=VERTEX_POINT('',#13171);
#4117=VERTEX_POINT('',#13175);
#4118=VERTEX_POINT('',#13181);
#4119=VERTEX_POINT('',#13185);
#4120=VERTEX_POINT('',#13191);
#4121=VERTEX_POINT('',#13195);
#4122=VERTEX_POINT('',#13201);
#4123=VERTEX_POINT('',#13205);
#4124=VERTEX_POINT('',#13211);
#4125=VERTEX_POINT('',#13215);
#4126=VERTEX_POINT('',#13221);
#4127=VERTEX_POINT('',#13225);
#4128=VERTEX_POINT('',#13231);
#4129=VERTEX_POINT('',#13235);
#4130=VERTEX_POINT('',#13241);
#4131=VERTEX_POINT('',#13245);
#4132=VERTEX_POINT('',#13251);
#4133=VERTEX_POINT('',#13255);
#4134=VERTEX_POINT('',#13261);
#4135=VERTEX_POINT('',#13265);
#4136=VERTEX_POINT('',#13271);
#4137=VERTEX_POINT('',#13275);
#4138=VERTEX_POINT('',#13279);
#4139=VERTEX_POINT('',#13281);
#4140=VERTEX_POINT('',#13284);
#4141=VERTEX_POINT('',#13286);
#4142=VERTEX_POINT('',#13289);
#4143=VERTEX_POINT('',#13291);
#4144=VERTEX_POINT('',#13313);
#4145=VERTEX_POINT('',#13314);
#4146=VERTEX_POINT('',#13316);
#4147=VERTEX_POINT('',#13318);
#4148=VERTEX_POINT('',#13323);
#4149=VERTEX_POINT('',#13326);
#4150=VERTEX_POINT('',#13328);
#4151=VERTEX_POINT('',#13332);
#4152=VERTEX_POINT('',#13336);
#4153=VERTEX_POINT('',#13340);
#4154=VERTEX_POINT('',#13341);
#4155=VERTEX_POINT('',#13343);
#4156=VERTEX_POINT('',#13345);
#4157=VERTEX_POINT('',#13347);
#4158=VERTEX_POINT('',#13349);
#4159=VERTEX_POINT('',#13351);
#4160=VERTEX_POINT('',#13353);
#4161=VERTEX_POINT('',#13356);
#4162=VERTEX_POINT('',#13357);
#4163=VERTEX_POINT('',#13359);
#4164=VERTEX_POINT('',#13361);
#4165=VERTEX_POINT('',#13363);
#4166=VERTEX_POINT('',#13365);
#4167=VERTEX_POINT('',#13367);
#4168=VERTEX_POINT('',#13369);
#4169=VERTEX_POINT('',#13371);
#4170=VERTEX_POINT('',#13373);
#4171=VERTEX_POINT('',#13375);
#4172=VERTEX_POINT('',#13377);
#4173=VERTEX_POINT('',#13381);
#4174=VERTEX_POINT('',#13386);
#4175=VERTEX_POINT('',#13387);
#4176=VERTEX_POINT('',#13389);
#4177=VERTEX_POINT('',#13394);
#4178=VERTEX_POINT('',#13397);
#4179=VERTEX_POINT('',#13399);
#4180=VERTEX_POINT('',#13401);
#4181=VERTEX_POINT('',#13403);
#4182=VERTEX_POINT('',#13405);
#4183=VERTEX_POINT('',#13407);
#4184=VERTEX_POINT('',#13409);
#4185=VERTEX_POINT('',#13411);
#4186=VERTEX_POINT('',#13413);
#4187=VERTEX_POINT('',#13415);
#4188=VERTEX_POINT('',#13417);
#4189=VERTEX_POINT('',#13419);
#4190=VERTEX_POINT('',#13421);
#4191=VERTEX_POINT('',#13423);
#4192=VERTEX_POINT('',#13425);
#4193=VERTEX_POINT('',#13427);
#4194=VERTEX_POINT('',#13429);
#4195=VERTEX_POINT('',#13433);
#4196=VERTEX_POINT('',#13436);
#4197=VERTEX_POINT('',#13439);
#4198=VERTEX_POINT('',#13442);
#4199=VERTEX_POINT('',#13446);
#4200=VERTEX_POINT('',#13453);
#4201=VERTEX_POINT('',#13472);
#4202=VERTEX_POINT('',#13496);
#4203=VERTEX_POINT('',#13498);
#4204=VERTEX_POINT('',#13522);
#4205=VERTEX_POINT('',#13546);
#4206=VERTEX_POINT('',#13548);
#4207=VERTEX_POINT('',#13572);
#4208=VERTEX_POINT('',#13596);
#4209=VERTEX_POINT('',#13603);
#4210=VERTEX_POINT('',#13622);
#4211=VERTEX_POINT('',#13774);
#4212=VERTEX_POINT('',#13775);
#4213=VERTEX_POINT('',#13777);
#4214=VERTEX_POINT('',#13779);
#4215=VERTEX_POINT('',#13781);
#4216=VERTEX_POINT('',#13783);
#4217=VERTEX_POINT('',#13785);
#4218=VERTEX_POINT('',#13787);
#4219=VERTEX_POINT('',#13790);
#4220=VERTEX_POINT('',#13792);
#4221=VERTEX_POINT('',#13793);
#4222=VERTEX_POINT('',#13795);
#4223=VERTEX_POINT('',#13797);
#4224=VERTEX_POINT('',#13801);
#4225=VERTEX_POINT('',#13802);
#4226=VERTEX_POINT('',#13807);
#4227=VERTEX_POINT('',#13811);
#4228=VERTEX_POINT('',#13815);
#4229=VERTEX_POINT('',#13816);
#4230=VERTEX_POINT('',#13819);
#4231=VERTEX_POINT('',#13821);
#4232=VERTEX_POINT('',#13823);
#4233=VERTEX_POINT('',#13825);
#4234=VERTEX_POINT('',#13827);
#4235=VERTEX_POINT('',#13832);
#4236=VERTEX_POINT('',#13836);
#4237=VERTEX_POINT('',#13840);
#4238=VERTEX_POINT('',#13844);
#4239=VERTEX_POINT('',#13845);
#4240=VERTEX_POINT('',#13847);
#4241=VERTEX_POINT('',#13850);
#4242=VERTEX_POINT('',#13853);
#4243=VERTEX_POINT('',#13855);
#4244=VERTEX_POINT('',#13859);
#4245=VERTEX_POINT('',#13860);
#4246=VERTEX_POINT('',#13865);
#4247=VERTEX_POINT('',#13869);
#4248=VERTEX_POINT('',#13876);
#4249=VERTEX_POINT('',#13877);
#4250=VERTEX_POINT('',#13879);
#4251=VERTEX_POINT('',#13881);
#4252=VERTEX_POINT('',#13883);
#4253=VERTEX_POINT('',#13885);
#4254=VERTEX_POINT('',#13887);
#4255=VERTEX_POINT('',#13889);
#4256=VERTEX_POINT('',#13891);
#4257=VERTEX_POINT('',#13893);
#4258=VERTEX_POINT('',#13895);
#4259=VERTEX_POINT('',#13897);
#4260=VERTEX_POINT('',#13899);
#4261=VERTEX_POINT('',#13901);
#4262=VERTEX_POINT('',#13903);
#4263=VERTEX_POINT('',#13905);
#4264=VERTEX_POINT('',#13907);
#4265=VERTEX_POINT('',#13909);
#4266=VERTEX_POINT('',#13911);
#4267=VERTEX_POINT('',#13913);
#4268=VERTEX_POINT('',#13915);
#4269=VERTEX_POINT('',#13917);
#4270=VERTEX_POINT('',#13919);
#4271=VERTEX_POINT('',#13921);
#4272=VERTEX_POINT('',#13923);
#4273=VERTEX_POINT('',#13925);
#4274=VERTEX_POINT('',#13927);
#4275=VERTEX_POINT('',#13929);
#4276=VERTEX_POINT('',#13932);
#4277=VERTEX_POINT('',#13933);
#4278=VERTEX_POINT('',#13935);
#4279=VERTEX_POINT('',#13937);
#4280=VERTEX_POINT('',#13939);
#4281=VERTEX_POINT('',#13941);
#4282=VERTEX_POINT('',#13943);
#4283=VERTEX_POINT('',#13946);
#4284=VERTEX_POINT('',#13947);
#4285=VERTEX_POINT('',#13949);
#4286=VERTEX_POINT('',#13951);
#4287=VERTEX_POINT('',#13953);
#4288=VERTEX_POINT('',#13955);
#4289=VERTEX_POINT('',#13957);
#4290=VERTEX_POINT('',#13959);
#4291=VERTEX_POINT('',#13961);
#4292=VERTEX_POINT('',#13963);
#4293=VERTEX_POINT('',#13965);
#4294=VERTEX_POINT('',#13967);
#4295=VERTEX_POINT('',#13969);
#4296=VERTEX_POINT('',#13971);
#4297=VERTEX_POINT('',#13973);
#4298=VERTEX_POINT('',#13975);
#4299=VERTEX_POINT('',#13978);
#4300=VERTEX_POINT('',#13979);
#4301=VERTEX_POINT('',#13981);
#4302=VERTEX_POINT('',#13983);
#4303=VERTEX_POINT('',#13985);
#4304=VERTEX_POINT('',#13987);
#4305=VERTEX_POINT('',#13989);
#4306=VERTEX_POINT('',#13991);
#4307=VERTEX_POINT('',#13993);
#4308=VERTEX_POINT('',#13995);
#4309=VERTEX_POINT('',#13997);
#4310=VERTEX_POINT('',#14000);
#4311=VERTEX_POINT('',#14001);
#4312=VERTEX_POINT('',#14003);
#4313=VERTEX_POINT('',#14005);
#4314=VERTEX_POINT('',#14007);
#4315=VERTEX_POINT('',#14009);
#4316=VERTEX_POINT('',#14011);
#4317=VERTEX_POINT('',#14013);
#4318=VERTEX_POINT('',#14015);
#4319=VERTEX_POINT('',#14017);
#4320=VERTEX_POINT('',#14019);
#4321=VERTEX_POINT('',#14021);
#4322=VERTEX_POINT('',#14023);
#4323=VERTEX_POINT('',#14025);
#4324=VERTEX_POINT('',#14027);
#4325=VERTEX_POINT('',#14029);
#4326=VERTEX_POINT('',#14031);
#4327=VERTEX_POINT('',#14033);
#4328=VERTEX_POINT('',#14035);
#4329=VERTEX_POINT('',#14037);
#4330=VERTEX_POINT('',#14039);
#4331=VERTEX_POINT('',#14041);
#4332=VERTEX_POINT('',#14043);
#4333=VERTEX_POINT('',#14045);
#4334=VERTEX_POINT('',#14047);
#4335=VERTEX_POINT('',#14049);
#4336=VERTEX_POINT('',#14051);
#4337=VERTEX_POINT('',#14053);
#4338=VERTEX_POINT('',#14055);
#4339=VERTEX_POINT('',#14057);
#4340=VERTEX_POINT('',#14059);
#4341=VERTEX_POINT('',#14062);
#4342=VERTEX_POINT('',#14063);
#4343=VERTEX_POINT('',#14065);
#4344=VERTEX_POINT('',#14067);
#4345=VERTEX_POINT('',#14070);
#4346=VERTEX_POINT('',#14071);
#4347=VERTEX_POINT('',#14073);
#4348=VERTEX_POINT('',#14075);
#4349=VERTEX_POINT('',#14079);
#4350=VERTEX_POINT('',#14081);
#4351=VERTEX_POINT('',#14087);
#4352=VERTEX_POINT('',#14088);
#4353=VERTEX_POINT('',#14090);
#4354=VERTEX_POINT('',#14092);
#4355=VERTEX_POINT('',#14097);
#4356=VERTEX_POINT('',#14101);
#4357=VERTEX_POINT('',#14103);
#4358=VERTEX_POINT('',#14105);
#4359=VERTEX_POINT('',#14108);
#4360=VERTEX_POINT('',#14110);
#4361=VERTEX_POINT('',#14125);
#4362=VERTEX_POINT('',#14127);
#4363=VERTEX_POINT('',#14129);
#4364=VERTEX_POINT('',#14133);
#4365=VERTEX_POINT('',#14135);
#4366=VERTEX_POINT('',#14139);
#4367=VERTEX_POINT('',#14143);
#4368=VERTEX_POINT('',#14147);
#4369=VERTEX_POINT('',#14151);
#4370=VERTEX_POINT('',#14155);
#4371=VERTEX_POINT('',#14159);
#4372=VERTEX_POINT('',#14163);
#4373=VERTEX_POINT('',#14167);
#4374=VERTEX_POINT('',#14171);
#4375=VERTEX_POINT('',#14175);
#4376=VERTEX_POINT('',#14179);
#4377=VERTEX_POINT('',#14183);
#4378=VERTEX_POINT('',#14187);
#4379=VERTEX_POINT('',#14191);
#4380=VERTEX_POINT('',#14195);
#4381=VERTEX_POINT('',#14199);
#4382=VERTEX_POINT('',#14203);
#4383=VERTEX_POINT('',#14207);
#4384=VERTEX_POINT('',#14211);
#4385=VERTEX_POINT('',#14215);
#4386=VERTEX_POINT('',#14219);
#4387=VERTEX_POINT('',#14223);
#4388=VERTEX_POINT('',#14227);
#4389=VERTEX_POINT('',#14231);
#4390=VERTEX_POINT('',#14235);
#4391=VERTEX_POINT('',#14239);
#4392=VERTEX_POINT('',#14245);
#4393=VERTEX_POINT('',#14247);
#4394=VERTEX_POINT('',#14251);
#4395=VERTEX_POINT('',#14255);
#4396=VERTEX_POINT('',#14259);
#4397=VERTEX_POINT('',#14263);
#4398=VERTEX_POINT('',#14267);
#4399=VERTEX_POINT('',#14273);
#4400=VERTEX_POINT('',#14275);
#4401=VERTEX_POINT('',#14279);
#4402=VERTEX_POINT('',#14283);
#4403=VERTEX_POINT('',#14287);
#4404=VERTEX_POINT('',#14291);
#4405=VERTEX_POINT('',#14295);
#4406=VERTEX_POINT('',#14299);
#4407=VERTEX_POINT('',#14303);
#4408=VERTEX_POINT('',#14307);
#4409=VERTEX_POINT('',#14311);
#4410=VERTEX_POINT('',#14315);
#4411=VERTEX_POINT('',#14319);
#4412=VERTEX_POINT('',#14323);
#4413=VERTEX_POINT('',#14327);
#4414=VERTEX_POINT('',#14331);
#4415=VERTEX_POINT('',#14337);
#4416=VERTEX_POINT('',#14339);
#4417=VERTEX_POINT('',#14343);
#4418=VERTEX_POINT('',#14347);
#4419=VERTEX_POINT('',#14351);
#4420=VERTEX_POINT('',#14355);
#4421=VERTEX_POINT('',#14359);
#4422=VERTEX_POINT('',#14363);
#4423=VERTEX_POINT('',#14367);
#4424=VERTEX_POINT('',#14371);
#4425=VERTEX_POINT('',#14375);
#4426=VERTEX_POINT('',#14381);
#4427=VERTEX_POINT('',#14383);
#4428=VERTEX_POINT('',#14387);
#4429=VERTEX_POINT('',#14391);
#4430=VERTEX_POINT('',#14395);
#4431=VERTEX_POINT('',#14399);
#4432=VERTEX_POINT('',#14403);
#4433=VERTEX_POINT('',#14407);
#4434=VERTEX_POINT('',#14411);
#4435=VERTEX_POINT('',#14415);
#4436=VERTEX_POINT('',#14419);
#4437=VERTEX_POINT('',#14423);
#4438=VERTEX_POINT('',#14427);
#4439=VERTEX_POINT('',#14431);
#4440=VERTEX_POINT('',#14435);
#4441=VERTEX_POINT('',#14439);
#4442=VERTEX_POINT('',#14443);
#4443=VERTEX_POINT('',#14447);
#4444=VERTEX_POINT('',#14451);
#4445=VERTEX_POINT('',#14455);
#4446=VERTEX_POINT('',#14459);
#4447=VERTEX_POINT('',#14463);
#4448=VERTEX_POINT('',#14467);
#4449=VERTEX_POINT('',#14471);
#4450=VERTEX_POINT('',#14475);
#4451=VERTEX_POINT('',#14479);
#4452=VERTEX_POINT('',#14483);
#4453=VERTEX_POINT('',#14487);
#4454=VERTEX_POINT('',#14491);
#4455=VERTEX_POINT('',#14495);
#4456=VERTEX_POINT('',#14499);
#4457=VERTEX_POINT('',#14506);
#4458=VERTEX_POINT('',#14508);
#4459=VERTEX_POINT('',#14510);
#4460=VERTEX_POINT('',#14512);
#4461=VERTEX_POINT('',#14516);
#4462=VERTEX_POINT('',#14517);
#4463=VERTEX_POINT('',#14520);
#4464=VERTEX_POINT('',#14524);
#4465=VERTEX_POINT('',#14525);
#4466=VERTEX_POINT('',#14527);
#4467=VERTEX_POINT('',#14534);
#4468=VERTEX_POINT('',#14535);
#4469=VERTEX_POINT('',#14537);
#4470=VERTEX_POINT('',#14539);
#4471=VERTEX_POINT('',#14543);
#4472=VERTEX_POINT('',#14544);
#4473=VERTEX_POINT('',#14549);
#4474=VERTEX_POINT('',#14553);
#4475=VERTEX_POINT('',#14557);
#4476=VERTEX_POINT('',#14561);
#4477=VERTEX_POINT('',#14565);
#4478=VERTEX_POINT('',#14569);
#4479=VERTEX_POINT('',#14573);
#4480=VERTEX_POINT('',#14577);
#4481=VERTEX_POINT('',#14581);
#4482=VERTEX_POINT('',#14585);
#4483=VERTEX_POINT('',#14591);
#4484=VERTEX_POINT('',#14592);
#4485=VERTEX_POINT('',#14594);
#4486=VERTEX_POINT('',#14596);
#4487=VERTEX_POINT('',#14598);
#4488=VERTEX_POINT('',#14600);
#4489=VERTEX_POINT('',#14602);
#4490=VERTEX_POINT('',#14604);
#4491=VERTEX_POINT('',#14606);
#4492=VERTEX_POINT('',#14608);
#4493=VERTEX_POINT('',#14611);
#4494=VERTEX_POINT('',#14619);
#4495=VERTEX_POINT('',#14620);
#4496=VERTEX_POINT('',#14622);
#4497=VERTEX_POINT('',#14624);
#4498=VERTEX_POINT('',#14627);
#4499=VERTEX_POINT('',#14628);
#4500=VERTEX_POINT('',#14630);
#4501=VERTEX_POINT('',#14632);
#4502=VERTEX_POINT('',#14635);
#4503=VERTEX_POINT('',#14636);
#4504=VERTEX_POINT('',#14638);
#4505=VERTEX_POINT('',#14640);
#4506=VERTEX_POINT('',#14645);
#4507=VERTEX_POINT('',#14646);
#4508=VERTEX_POINT('',#14648);
#4509=VERTEX_POINT('',#14650);
#4510=VERTEX_POINT('',#14653);
#4511=VERTEX_POINT('',#14654);
#4512=VERTEX_POINT('',#14656);
#4513=VERTEX_POINT('',#14658);
#4514=VERTEX_POINT('',#14660);
#4515=VERTEX_POINT('',#14662);
#4516=VERTEX_POINT('',#14664);
#4517=VERTEX_POINT('',#14666);
#4518=VERTEX_POINT('',#14668);
#4519=VERTEX_POINT('',#14670);
#4520=VERTEX_POINT('',#14674);
#4521=VERTEX_POINT('',#14675);
#4522=VERTEX_POINT('',#14677);
#4523=VERTEX_POINT('',#14679);
#4524=VERTEX_POINT('',#14688);
#4525=VERTEX_POINT('',#14690);
#4526=VERTEX_POINT('',#14694);
#4527=VERTEX_POINT('',#14695);
#4528=VERTEX_POINT('',#14697);
#4529=VERTEX_POINT('',#14699);
#4530=VERTEX_POINT('',#14701);
#4531=VERTEX_POINT('',#14704);
#4532=VERTEX_POINT('',#14708);
#4533=VERTEX_POINT('',#14712);
#4534=VERTEX_POINT('',#14713);
#4535=VERTEX_POINT('',#14715);
#4536=VERTEX_POINT('',#14717);
#4537=VERTEX_POINT('',#14719);
#4538=VERTEX_POINT('',#14727);
#4539=VERTEX_POINT('',#14729);
#4540=VERTEX_POINT('',#14733);
#4541=VERTEX_POINT('',#14737);
#4542=VERTEX_POINT('',#14741);
#4543=VERTEX_POINT('',#14745);
#4544=VERTEX_POINT('',#14749);
#4545=VERTEX_POINT('',#14753);
#4546=VERTEX_POINT('',#14757);
#4547=VERTEX_POINT('',#14761);
#4548=VERTEX_POINT('',#14769);
#4549=VERTEX_POINT('',#14770);
#4550=VERTEX_POINT('',#14772);
#4551=VERTEX_POINT('',#14774);
#4552=VERTEX_POINT('',#14776);
#4553=VERTEX_POINT('',#14781);
#4554=VERTEX_POINT('',#14785);
#4555=VERTEX_POINT('',#14787);
#4556=VERTEX_POINT('',#14789);
#4557=VERTEX_POINT('',#14791);
#4558=VERTEX_POINT('',#14826);
#4559=VERTEX_POINT('',#14827);
#4560=VERTEX_POINT('',#14829);
#4561=VERTEX_POINT('',#14831);
#4562=VERTEX_POINT('',#14833);
#4563=VERTEX_POINT('',#14838);
#4564=VERTEX_POINT('',#14842);
#4565=VERTEX_POINT('',#14843);
#4566=VERTEX_POINT('',#14845);
#4567=VERTEX_POINT('',#14847);
#4568=VERTEX_POINT('',#14875);
#4569=VERTEX_POINT('',#14877);
#4570=VERTEX_POINT('',#14881);
#4571=VERTEX_POINT('',#14883);
#4572=VERTEX_POINT('',#14885);
#4573=VERTEX_POINT('',#14887);
#4574=VERTEX_POINT('',#14889);
#4575=VERTEX_POINT('',#14891);
#4576=VERTEX_POINT('',#14895);
#4577=VERTEX_POINT('',#14899);
#4578=VERTEX_POINT('',#14903);
#4579=VERTEX_POINT('',#14907);
#4580=VERTEX_POINT('',#14911);
#4581=VERTEX_POINT('',#14913);
#4582=VERTEX_POINT('',#14917);
#4583=VERTEX_POINT('',#14918);
#4584=VERTEX_POINT('',#14923);
#4585=VERTEX_POINT('',#14927);
#4586=VERTEX_POINT('',#14933);
#4587=VERTEX_POINT('',#14935);
#4588=VERTEX_POINT('',#14943);
#4589=VERTEX_POINT('',#14947);
#4590=VERTEX_POINT('',#14951);
#4591=VERTEX_POINT('',#14957);
#4592=VERTEX_POINT('',#14965);
#4593=VERTEX_POINT('',#14967);
#4594=VERTEX_POINT('',#14971);
#4595=VERTEX_POINT('',#14973);
#4596=VERTEX_POINT('',#14975);
#4597=VERTEX_POINT('',#14977);
#4598=VERTEX_POINT('',#14979);
#4599=VERTEX_POINT('',#14981);
#4600=VERTEX_POINT('',#14985);
#4601=VERTEX_POINT('',#14986);
#4602=VERTEX_POINT('',#14991);
#4603=VERTEX_POINT('',#14995);
#4604=VERTEX_POINT('',#15001);
#4605=VERTEX_POINT('',#15003);
#4606=VERTEX_POINT('',#15007);
#4607=VERTEX_POINT('',#15011);
#4608=VERTEX_POINT('',#15015);
#4609=VERTEX_POINT('',#15019);
#4610=VERTEX_POINT('',#15023);
#4611=VERTEX_POINT('',#15025);
#4612=VERTEX_POINT('',#15033);
#4613=VERTEX_POINT('',#15037);
#4614=VERTEX_POINT('',#15041);
#4615=VERTEX_POINT('',#15047);
#4616=VERTEX_POINT('',#15055);
#4617=VERTEX_POINT('',#15056);
#4618=VERTEX_POINT('',#15058);
#4619=VERTEX_POINT('',#15060);
#4620=VERTEX_POINT('',#15065);
#4621=VERTEX_POINT('',#15068);
#4622=VERTEX_POINT('',#15070);
#4623=VERTEX_POINT('',#15076);
#4624=VERTEX_POINT('',#15080);
#4625=VERTEX_POINT('',#15085);
#4626=VERTEX_POINT('',#15089);
#4627=VERTEX_POINT('',#15092);
#4628=VERTEX_POINT('',#15094);
#4629=VERTEX_POINT('',#15096);
#4630=VERTEX_POINT('',#15098);
#4631=VERTEX_POINT('',#15100);
#4632=VERTEX_POINT('',#15102);
#4633=VERTEX_POINT('',#15104);
#4634=VERTEX_POINT('',#15106);
#4635=VERTEX_POINT('',#15108);
#4636=VERTEX_POINT('',#15110);
#4637=VERTEX_POINT('',#15112);
#4638=VERTEX_POINT('',#15114);
#4639=VERTEX_POINT('',#15116);
#4640=VERTEX_POINT('',#15118);
#4641=VERTEX_POINT('',#15120);
#4642=VERTEX_POINT('',#15122);
#4643=VERTEX_POINT('',#15124);
#4644=VERTEX_POINT('',#15128);
#4645=VERTEX_POINT('',#15131);
#4646=VERTEX_POINT('',#15134);
#4647=VERTEX_POINT('',#15137);
#4648=VERTEX_POINT('',#15141);
#4649=VERTEX_POINT('',#15148);
#4650=VERTEX_POINT('',#15167);
#4651=VERTEX_POINT('',#15191);
#4652=VERTEX_POINT('',#15193);
#4653=VERTEX_POINT('',#15217);
#4654=VERTEX_POINT('',#15241);
#4655=VERTEX_POINT('',#15243);
#4656=VERTEX_POINT('',#15267);
#4657=VERTEX_POINT('',#15291);
#4658=VERTEX_POINT('',#15298);
#4659=VERTEX_POINT('',#15317);
#4660=EDGE_CURVE('',#3808,#3809,#3544,.F.);
#4661=EDGE_CURVE('',#3810,#3809,#1548,.F.);
#4662=EDGE_CURVE('',#3810,#3811,#3545,.T.);
#4663=EDGE_CURVE('',#3811,#3808,#1549,.F.);
#4664=EDGE_CURVE('',#3812,#3813,#3546,.F.);
#4665=EDGE_CURVE('',#3814,#3813,#1550,.F.);
#4666=EDGE_CURVE('',#3814,#3815,#3547,.T.);
#4667=EDGE_CURVE('',#3815,#3812,#1551,.F.);
#4668=EDGE_CURVE('',#3816,#3817,#3548,.F.);
#4669=EDGE_CURVE('',#3818,#3817,#1552,.F.);
#4670=EDGE_CURVE('',#3818,#3819,#3549,.T.);
#4671=EDGE_CURVE('',#3819,#3816,#1553,.F.);
#4672=EDGE_CURVE('',#3820,#3821,#3550,.F.);
#4673=EDGE_CURVE('',#3822,#3821,#1554,.F.);
#4674=EDGE_CURVE('',#3822,#3823,#3551,.T.);
#4675=EDGE_CURVE('',#3823,#3820,#1555,.F.);
#4676=EDGE_CURVE('',#3824,#3825,#3552,.F.);
#4677=EDGE_CURVE('',#3826,#3825,#1556,.F.);
#4678=EDGE_CURVE('',#3826,#3827,#3553,.T.);
#4679=EDGE_CURVE('',#3827,#3824,#1557,.F.);
#4680=EDGE_CURVE('',#3828,#3829,#3554,.F.);
#4681=EDGE_CURVE('',#3830,#3829,#1558,.F.);
#4682=EDGE_CURVE('',#3830,#3831,#3555,.T.);
#4683=EDGE_CURVE('',#3831,#3828,#1559,.F.);
#4684=EDGE_CURVE('',#3832,#3833,#3556,.F.);
#4685=EDGE_CURVE('',#3834,#3833,#1560,.F.);
#4686=EDGE_CURVE('',#3834,#3835,#3557,.T.);
#4687=EDGE_CURVE('',#3835,#3832,#1561,.F.);
#4688=EDGE_CURVE('',#3836,#3837,#3558,.F.);
#4689=EDGE_CURVE('',#3838,#3837,#1562,.F.);
#4690=EDGE_CURVE('',#3838,#3839,#3559,.T.);
#4691=EDGE_CURVE('',#3839,#3836,#1563,.F.);
#4692=EDGE_CURVE('',#3840,#3841,#3560,.F.);
#4693=EDGE_CURVE('',#3842,#3841,#1564,.F.);
#4694=EDGE_CURVE('',#3842,#3843,#3561,.T.);
#4695=EDGE_CURVE('',#3843,#3840,#1565,.F.);
#4696=EDGE_CURVE('',#3844,#3845,#3562,.T.);
#4697=EDGE_CURVE('',#3845,#3846,#1566,.F.);
#4698=EDGE_CURVE('',#3846,#3847,#3563,.F.);
#4699=EDGE_CURVE('',#3844,#3847,#1567,.F.);
#4700=EDGE_CURVE('',#3848,#3849,#3564,.F.);
#4701=EDGE_CURVE('',#3850,#3849,#1568,.F.);
#4702=EDGE_CURVE('',#3850,#3851,#3565,.T.);
#4703=EDGE_CURVE('',#3851,#3848,#1569,.F.);
#4704=EDGE_CURVE('',#3852,#3853,#3566,.F.);
#4705=EDGE_CURVE('',#3854,#3853,#1570,.F.);
#4706=EDGE_CURVE('',#3854,#3855,#3567,.T.);
#4707=EDGE_CURVE('',#3855,#3852,#1571,.F.);
#4708=EDGE_CURVE('',#3856,#3857,#3568,.F.);
#4709=EDGE_CURVE('',#3858,#3857,#1572,.F.);
#4710=EDGE_CURVE('',#3858,#3859,#3569,.T.);
#4711=EDGE_CURVE('',#3859,#3856,#1573,.F.);
#4712=EDGE_CURVE('',#3860,#3861,#3570,.F.);
#4713=EDGE_CURVE('',#3862,#3861,#1574,.F.);
#4714=EDGE_CURVE('',#3862,#3863,#3571,.T.);
#4715=EDGE_CURVE('',#3863,#3860,#1575,.F.);
#4716=EDGE_CURVE('',#3864,#3865,#3572,.F.);
#4717=EDGE_CURVE('',#3866,#3865,#1576,.F.);
#4718=EDGE_CURVE('',#3866,#3867,#3573,.T.);
#4719=EDGE_CURVE('',#3867,#3864,#1577,.F.);
#4720=EDGE_CURVE('',#3868,#3869,#3574,.F.);
#4721=EDGE_CURVE('',#3870,#3869,#1578,.F.);
#4722=EDGE_CURVE('',#3870,#3871,#3575,.T.);
#4723=EDGE_CURVE('',#3871,#3868,#1579,.F.);
#4724=EDGE_CURVE('',#3872,#3873,#3576,.F.);
#4725=EDGE_CURVE('',#3874,#3873,#1580,.F.);
#4726=EDGE_CURVE('',#3874,#3875,#3577,.T.);
#4727=EDGE_CURVE('',#3875,#3872,#1581,.F.);
#4728=EDGE_CURVE('',#3876,#3877,#3578,.F.);
#4729=EDGE_CURVE('',#3878,#3877,#1582,.F.);
#4730=EDGE_CURVE('',#3878,#3879,#3579,.T.);
#4731=EDGE_CURVE('',#3879,#3876,#1583,.F.);
#4732=EDGE_CURVE('',#3880,#3881,#3580,.F.);
#4733=EDGE_CURVE('',#3882,#3881,#1584,.F.);
#4734=EDGE_CURVE('',#3882,#3883,#3581,.T.);
#4735=EDGE_CURVE('',#3883,#3880,#1585,.F.);
#4736=EDGE_CURVE('',#3884,#3885,#3582,.F.);
#4737=EDGE_CURVE('',#3886,#3885,#1586,.F.);
#4738=EDGE_CURVE('',#3886,#3887,#3583,.T.);
#4739=EDGE_CURVE('',#3887,#3884,#1587,.F.);
#4740=EDGE_CURVE('',#3888,#3889,#3584,.T.);
#4741=EDGE_CURVE('',#3847,#3888,#1588,.T.);
#4742=EDGE_CURVE('',#3890,#3846,#1589,.T.);
#4743=EDGE_CURVE('',#3891,#3890,#3585,.T.);
#4744=EDGE_CURVE('',#3849,#3891,#1590,.T.);
#4745=EDGE_CURVE('',#3892,#3848,#1591,.T.);
#4746=EDGE_CURVE('',#3893,#3892,#3586,.T.);
#4747=EDGE_CURVE('',#3853,#3893,#1592,.T.);
#4748=EDGE_CURVE('',#3894,#3852,#1593,.T.);
#4749=EDGE_CURVE('',#3895,#3894,#3587,.T.);
#4750=EDGE_CURVE('',#3857,#3895,#1594,.T.);
#4751=EDGE_CURVE('',#3896,#3856,#1595,.T.);
#4752=EDGE_CURVE('',#3897,#3896,#3588,.T.);
#4753=EDGE_CURVE('',#3861,#3897,#1596,.T.);
#4754=EDGE_CURVE('',#3898,#3860,#1597,.T.);
#4755=EDGE_CURVE('',#3899,#3898,#3589,.T.);
#4756=EDGE_CURVE('',#3865,#3899,#1598,.T.);
#4757=EDGE_CURVE('',#3900,#3864,#1599,.T.);
#4758=EDGE_CURVE('',#3901,#3900,#3590,.T.);
#4759=EDGE_CURVE('',#3902,#3901,#3591,.T.);
#4760=EDGE_CURVE('',#3869,#3902,#1600,.T.);
#4761=EDGE_CURVE('',#3903,#3868,#1601,.T.);
#4762=EDGE_CURVE('',#3904,#3903,#3592,.T.);
#4763=EDGE_CURVE('',#3873,#3904,#1602,.T.);
#4764=EDGE_CURVE('',#3905,#3872,#1603,.T.);
#4765=EDGE_CURVE('',#3906,#3905,#3593,.T.);
#4766=EDGE_CURVE('',#3877,#3906,#1604,.T.);
#4767=EDGE_CURVE('',#3907,#3876,#1605,.T.);
#4768=EDGE_CURVE('',#3908,#3907,#3594,.T.);
#4769=EDGE_CURVE('',#3881,#3908,#1606,.T.);
#4770=EDGE_CURVE('',#3909,#3880,#1607,.T.);
#4771=EDGE_CURVE('',#3910,#3909,#3595,.T.);
#4772=EDGE_CURVE('',#3885,#3910,#1608,.T.);
#4773=EDGE_CURVE('',#3911,#3884,#1609,.T.);
#4774=EDGE_CURVE('',#3912,#3911,#3596,.T.);
#4775=EDGE_CURVE('',#3809,#3912,#1610,.T.);
#4776=EDGE_CURVE('',#3913,#3808,#1611,.T.);
#4777=EDGE_CURVE('',#3914,#3913,#3597,.T.);
#4778=EDGE_CURVE('',#3813,#3914,#1612,.T.);
#4779=EDGE_CURVE('',#3915,#3812,#1613,.T.);
#4780=EDGE_CURVE('',#3916,#3915,#3598,.T.);
#4781=EDGE_CURVE('',#3817,#3916,#1614,.T.);
#4782=EDGE_CURVE('',#3917,#3816,#1615,.T.);
#4783=EDGE_CURVE('',#3918,#3917,#3599,.T.);
#4784=EDGE_CURVE('',#3821,#3918,#1616,.T.);
#4785=EDGE_CURVE('',#3919,#3820,#1617,.T.);
#4786=EDGE_CURVE('',#3920,#3919,#3600,.T.);
#4787=EDGE_CURVE('',#3825,#3920,#1618,.T.);
#4788=EDGE_CURVE('',#3921,#3824,#1619,.T.);
#4789=EDGE_CURVE('',#3922,#3921,#3601,.T.);
#4790=EDGE_CURVE('',#3829,#3922,#1620,.T.);
#4791=EDGE_CURVE('',#3923,#3828,#1621,.T.);
#4792=EDGE_CURVE('',#3924,#3923,#3602,.T.);
#4793=EDGE_CURVE('',#3833,#3924,#1622,.T.);
#4794=EDGE_CURVE('',#3925,#3832,#1623,.T.);
#4795=EDGE_CURVE('',#3926,#3925,#3603,.T.);
#4796=EDGE_CURVE('',#3837,#3926,#1624,.T.);
#4797=EDGE_CURVE('',#3927,#3836,#1625,.T.);
#4798=EDGE_CURVE('',#3928,#3927,#3604,.T.);
#4799=EDGE_CURVE('',#3841,#3928,#1626,.T.);
#4800=EDGE_CURVE('',#3889,#3840,#1627,.T.);
#4801=EDGE_CURVE('',#3929,#3929,#3605,.T.);
#4802=EDGE_CURVE('',#3930,#3930,#3606,.T.);
#4803=EDGE_CURVE('',#3930,#3929,#1628,.T.);
#4804=EDGE_CURVE('',#3931,#3931,#3607,.T.);
#4805=EDGE_CURVE('',#3932,#3932,#3608,.T.);
#4806=EDGE_CURVE('',#3933,#3933,#3609,.T.);
#4807=EDGE_CURVE('',#3934,#3934,#3610,.T.);
#4808=EDGE_CURVE('',#3934,#3931,#1629,.T.);
#4809=EDGE_CURVE('',#3933,#3935,#1630,.T.);
#4810=EDGE_CURVE('',#3935,#3935,#3611,.T.);
#4811=EDGE_CURVE('',#3936,#3913,#1631,.T.);
#4812=EDGE_CURVE('',#3936,#3811,#1632,.T.);
#4813=EDGE_CURVE('',#3936,#3937,#3612,.F.);
#4814=EDGE_CURVE('',#3810,#3937,#1633,.T.);
#4815=EDGE_CURVE('',#3937,#3912,#1634,.T.);
#4816=EDGE_CURVE('',#3938,#3915,#1635,.T.);
#4817=EDGE_CURVE('',#3938,#3815,#1636,.T.);
#4818=EDGE_CURVE('',#3938,#3939,#3613,.F.);
#4819=EDGE_CURVE('',#3814,#3939,#1637,.T.);
#4820=EDGE_CURVE('',#3939,#3914,#1638,.T.);
#4821=EDGE_CURVE('',#3940,#3917,#1639,.T.);
#4822=EDGE_CURVE('',#3940,#3819,#1640,.T.);
#4823=EDGE_CURVE('',#3940,#3941,#3614,.F.);
#4824=EDGE_CURVE('',#3818,#3941,#1641,.T.);
#4825=EDGE_CURVE('',#3941,#3916,#1642,.T.);
#4826=EDGE_CURVE('',#3942,#3919,#1643,.T.);
#4827=EDGE_CURVE('',#3942,#3823,#1644,.T.);
#4828=EDGE_CURVE('',#3942,#3943,#3615,.F.);
#4829=EDGE_CURVE('',#3822,#3943,#1645,.T.);
#4830=EDGE_CURVE('',#3943,#3918,#1646,.T.);
#4831=EDGE_CURVE('',#3944,#3921,#1647,.T.);
#4832=EDGE_CURVE('',#3944,#3827,#1648,.T.);
#4833=EDGE_CURVE('',#3944,#3945,#3616,.F.);
#4834=EDGE_CURVE('',#3826,#3945,#1649,.T.);
#4835=EDGE_CURVE('',#3945,#3920,#1650,.T.);
#4836=EDGE_CURVE('',#3946,#3923,#1651,.T.);
#4837=EDGE_CURVE('',#3946,#3831,#1652,.T.);
#4838=EDGE_CURVE('',#3946,#3947,#3617,.F.);
#4839=EDGE_CURVE('',#3830,#3947,#1653,.T.);
#4840=EDGE_CURVE('',#3947,#3922,#1654,.T.);
#4841=EDGE_CURVE('',#3948,#3925,#1655,.T.);
#4842=EDGE_CURVE('',#3948,#3835,#1656,.T.);
#4843=EDGE_CURVE('',#3948,#3949,#3618,.F.);
#4844=EDGE_CURVE('',#3834,#3949,#1657,.T.);
#4845=EDGE_CURVE('',#3924,#3949,#1658,.T.);
#4846=EDGE_CURVE('',#3950,#3927,#1659,.T.);
#4847=EDGE_CURVE('',#3950,#3839,#1660,.T.);
#4848=EDGE_CURVE('',#3950,#3951,#3619,.F.);
#4849=EDGE_CURVE('',#3838,#3951,#1661,.T.);
#4850=EDGE_CURVE('',#3951,#3926,#1662,.T.);
#4851=EDGE_CURVE('',#3952,#3889,#1663,.T.);
#4852=EDGE_CURVE('',#3952,#3843,#1664,.T.);
#4853=EDGE_CURVE('',#3952,#3953,#3620,.F.);
#4854=EDGE_CURVE('',#3842,#3953,#1665,.T.);
#4855=EDGE_CURVE('',#3953,#3928,#1666,.T.);
#4856=EDGE_CURVE('',#3954,#3890,#1667,.T.);
#4857=EDGE_CURVE('',#3954,#3845,#1668,.T.);
#4858=EDGE_CURVE('',#3844,#3955,#1669,.T.);
#4859=EDGE_CURVE('',#3954,#3955,#3621,.F.);
#4860=EDGE_CURVE('',#3955,#3888,#1670,.T.);
#4861=EDGE_CURVE('',#3956,#3892,#1671,.T.);
#4862=EDGE_CURVE('',#3956,#3851,#1672,.T.);
#4863=EDGE_CURVE('',#3956,#3957,#3622,.F.);
#4864=EDGE_CURVE('',#3850,#3957,#1673,.T.);
#4865=EDGE_CURVE('',#3957,#3891,#1674,.T.);
#4866=EDGE_CURVE('',#3958,#3894,#1675,.T.);
#4867=EDGE_CURVE('',#3958,#3855,#1676,.T.);
#4868=EDGE_CURVE('',#3958,#3959,#3623,.F.);
#4869=EDGE_CURVE('',#3854,#3959,#1677,.T.);
#4870=EDGE_CURVE('',#3959,#3893,#1678,.T.);
#4871=EDGE_CURVE('',#3960,#3896,#1679,.T.);
#4872=EDGE_CURVE('',#3960,#3859,#1680,.T.);
#4873=EDGE_CURVE('',#3960,#3961,#3624,.F.);
#4874=EDGE_CURVE('',#3858,#3961,#1681,.T.);
#4875=EDGE_CURVE('',#3961,#3895,#1682,.T.);
#4876=EDGE_CURVE('',#3962,#3898,#1683,.T.);
#4877=EDGE_CURVE('',#3962,#3863,#1684,.T.);
#4878=EDGE_CURVE('',#3962,#3963,#3625,.F.);
#4879=EDGE_CURVE('',#3862,#3963,#1685,.T.);
#4880=EDGE_CURVE('',#3963,#3897,#1686,.T.);
#4881=EDGE_CURVE('',#3964,#3900,#1687,.T.);
#4882=EDGE_CURVE('',#3964,#3867,#1688,.T.);
#4883=EDGE_CURVE('',#3964,#3965,#3626,.F.);
#4884=EDGE_CURVE('',#3866,#3965,#1689,.T.);
#4885=EDGE_CURVE('',#3966,#3911,#1690,.T.);
#4886=EDGE_CURVE('',#3966,#3967,#3627,.F.);
#4887=EDGE_CURVE('',#3967,#3910,#1691,.T.);
#4888=EDGE_CURVE('',#3968,#3909,#1692,.T.);
#4889=EDGE_CURVE('',#3968,#3969,#3628,.F.);
#4890=EDGE_CURVE('',#3969,#3908,#1693,.T.);
#4891=EDGE_CURVE('',#3970,#3907,#1694,.T.);
#4892=EDGE_CURVE('',#3970,#3971,#3629,.F.);
#4893=EDGE_CURVE('',#3971,#3906,#1695,.T.);
#4894=EDGE_CURVE('',#3972,#3905,#1696,.T.);
#4895=EDGE_CURVE('',#3972,#3973,#3630,.F.);
#4896=EDGE_CURVE('',#3973,#3904,#1697,.T.);
#4897=EDGE_CURVE('',#3974,#3903,#1698,.T.);
#4898=EDGE_CURVE('',#3974,#3975,#3631,.F.);
#4899=EDGE_CURVE('',#3975,#3902,#1699,.T.);
#4900=EDGE_CURVE('',#3901,#3932,#1700,.T.);
#4901=EDGE_CURVE('',#3965,#3899,#1701,.F.);
#4902=EDGE_CURVE('',#3974,#3871,#1702,.T.);
#4903=EDGE_CURVE('',#3870,#3975,#1703,.T.);
#4904=EDGE_CURVE('',#3972,#3875,#1704,.T.);
#4905=EDGE_CURVE('',#3874,#3973,#1705,.T.);
#4906=EDGE_CURVE('',#3970,#3879,#1706,.T.);
#4907=EDGE_CURVE('',#3878,#3971,#1707,.T.);
#4908=EDGE_CURVE('',#3968,#3883,#1708,.T.);
#4909=EDGE_CURVE('',#3882,#3969,#1709,.T.);
#4910=EDGE_CURVE('',#3966,#3887,#1710,.T.);
#4911=EDGE_CURVE('',#3886,#3967,#1711,.T.);
#4912=EDGE_CURVE('',#3976,#3976,#3632,.T.);
#4913=EDGE_CURVE('',#3977,#3977,#3633,.T.);
#4914=EDGE_CURVE('',#3977,#3978,#1712,.T.);
#4915=EDGE_CURVE('',#3978,#3978,#3634,.T.);
#4916=EDGE_CURVE('',#3979,#3979,#3635,.T.);
#4917=EDGE_CURVE('',#3979,#3980,#1713,.T.);
#4918=EDGE_CURVE('',#3980,#3980,#3636,.T.);
#4919=EDGE_CURVE('',#3981,#3982,#3637,.F.);
#4920=EDGE_CURVE('',#3983,#3982,#1714,.F.);
#4921=EDGE_CURVE('',#3983,#3984,#3638,.T.);
#4922=EDGE_CURVE('',#3984,#3981,#1715,.F.);
#4923=EDGE_CURVE('',#3985,#3986,#3639,.F.);
#4924=EDGE_CURVE('',#3987,#3986,#1716,.F.);
#4925=EDGE_CURVE('',#3987,#3988,#3640,.T.);
#4926=EDGE_CURVE('',#3988,#3985,#1717,.F.);
#4927=EDGE_CURVE('',#3989,#3990,#3641,.F.);
#4928=EDGE_CURVE('',#3991,#3990,#1718,.F.);
#4929=EDGE_CURVE('',#3991,#3992,#3642,.T.);
#4930=EDGE_CURVE('',#3992,#3989,#1719,.F.);
#4931=EDGE_CURVE('',#3993,#3994,#3643,.F.);
#4932=EDGE_CURVE('',#3995,#3994,#1720,.F.);
#4933=EDGE_CURVE('',#3995,#3996,#3644,.T.);
#4934=EDGE_CURVE('',#3996,#3993,#1721,.F.);
#4935=EDGE_CURVE('',#3997,#3998,#3645,.F.);
#4936=EDGE_CURVE('',#3999,#3998,#1722,.F.);
#4937=EDGE_CURVE('',#3999,#4000,#3646,.T.);
#4938=EDGE_CURVE('',#4000,#3997,#1723,.F.);
#4939=EDGE_CURVE('',#4001,#4002,#3647,.F.);
#4940=EDGE_CURVE('',#4003,#4002,#1724,.F.);
#4941=EDGE_CURVE('',#4003,#4004,#3648,.T.);
#4942=EDGE_CURVE('',#4004,#4001,#1725,.F.);
#4943=EDGE_CURVE('',#4005,#4006,#3649,.F.);
#4944=EDGE_CURVE('',#4007,#4006,#1726,.F.);
#4945=EDGE_CURVE('',#4007,#4008,#3650,.T.);
#4946=EDGE_CURVE('',#4008,#4005,#1727,.F.);
#4947=EDGE_CURVE('',#4009,#4010,#3651,.F.);
#4948=EDGE_CURVE('',#4011,#4010,#1728,.F.);
#4949=EDGE_CURVE('',#4011,#4012,#3652,.T.);
#4950=EDGE_CURVE('',#4012,#4009,#1729,.F.);
#4951=EDGE_CURVE('',#4013,#4014,#3653,.F.);
#4952=EDGE_CURVE('',#4015,#4014,#1730,.F.);
#4953=EDGE_CURVE('',#4015,#4016,#3654,.T.);
#4954=EDGE_CURVE('',#4016,#4013,#1731,.F.);
#4955=EDGE_CURVE('',#4017,#4018,#3655,.T.);
#4956=EDGE_CURVE('',#4018,#4019,#1732,.F.);
#4957=EDGE_CURVE('',#4019,#4020,#3656,.F.);
#4958=EDGE_CURVE('',#4017,#4020,#1733,.F.);
#4959=EDGE_CURVE('',#4021,#4022,#3657,.F.);
#4960=EDGE_CURVE('',#4023,#4022,#1734,.F.);
#4961=EDGE_CURVE('',#4023,#4024,#3658,.T.);
#4962=EDGE_CURVE('',#4024,#4021,#1735,.F.);
#4963=EDGE_CURVE('',#4025,#4026,#3659,.F.);
#4964=EDGE_CURVE('',#4027,#4026,#1736,.F.);
#4965=EDGE_CURVE('',#4027,#4028,#3660,.T.);
#4966=EDGE_CURVE('',#4028,#4025,#1737,.F.);
#4967=EDGE_CURVE('',#4029,#4030,#3661,.F.);
#4968=EDGE_CURVE('',#4031,#4030,#1738,.F.);
#4969=EDGE_CURVE('',#4031,#4032,#3662,.T.);
#4970=EDGE_CURVE('',#4032,#4029,#1739,.F.);
#4971=EDGE_CURVE('',#4033,#4034,#3663,.F.);
#4972=EDGE_CURVE('',#4035,#4034,#1740,.F.);
#4973=EDGE_CURVE('',#4035,#4036,#3664,.T.);
#4974=EDGE_CURVE('',#4036,#4033,#1741,.F.);
#4975=EDGE_CURVE('',#4037,#4038,#3665,.F.);
#4976=EDGE_CURVE('',#4039,#4038,#1742,.F.);
#4977=EDGE_CURVE('',#4039,#4040,#3666,.T.);
#4978=EDGE_CURVE('',#4040,#4037,#1743,.F.);
#4979=EDGE_CURVE('',#4041,#4042,#3667,.F.);
#4980=EDGE_CURVE('',#4043,#4042,#1744,.F.);
#4981=EDGE_CURVE('',#4043,#4044,#3668,.T.);
#4982=EDGE_CURVE('',#4044,#4041,#1745,.F.);
#4983=EDGE_CURVE('',#4045,#4046,#3669,.F.);
#4984=EDGE_CURVE('',#4047,#4046,#1746,.F.);
#4985=EDGE_CURVE('',#4047,#4048,#3670,.T.);
#4986=EDGE_CURVE('',#4048,#4045,#1747,.F.);
#4987=EDGE_CURVE('',#4049,#4050,#3671,.F.);
#4988=EDGE_CURVE('',#4051,#4050,#1748,.F.);
#4989=EDGE_CURVE('',#4051,#4052,#3672,.T.);
#4990=EDGE_CURVE('',#4052,#4049,#1749,.F.);
#4991=EDGE_CURVE('',#4053,#4054,#3673,.F.);
#4992=EDGE_CURVE('',#4055,#4054,#1750,.F.);
#4993=EDGE_CURVE('',#4055,#4056,#3674,.T.);
#4994=EDGE_CURVE('',#4056,#4053,#1751,.F.);
#4995=EDGE_CURVE('',#4057,#4058,#3675,.F.);
#4996=EDGE_CURVE('',#4059,#4058,#1752,.F.);
#4997=EDGE_CURVE('',#4059,#4060,#3676,.T.);
#4998=EDGE_CURVE('',#4060,#4057,#1753,.F.);
#4999=EDGE_CURVE('',#4061,#4062,#3677,.T.);
#5000=EDGE_CURVE('',#4020,#4061,#1754,.T.);
#5001=EDGE_CURVE('',#4063,#4019,#1755,.T.);
#5002=EDGE_CURVE('',#4064,#4063,#3678,.T.);
#5003=EDGE_CURVE('',#4022,#4064,#1756,.T.);
#5004=EDGE_CURVE('',#4065,#4021,#1757,.T.);
#5005=EDGE_CURVE('',#4066,#4065,#3679,.T.);
#5006=EDGE_CURVE('',#4026,#4066,#1758,.T.);
#5007=EDGE_CURVE('',#4067,#4025,#1759,.T.);
#5008=EDGE_CURVE('',#4068,#4067,#3680,.T.);
#5009=EDGE_CURVE('',#4030,#4068,#1760,.T.);
#5010=EDGE_CURVE('',#4069,#4029,#1761,.T.);
#5011=EDGE_CURVE('',#4070,#4069,#3681,.T.);
#5012=EDGE_CURVE('',#4034,#4070,#1762,.T.);
#5013=EDGE_CURVE('',#4071,#4033,#1763,.T.);
#5014=EDGE_CURVE('',#4072,#4071,#3682,.T.);
#5015=EDGE_CURVE('',#4038,#4072,#1764,.T.);
#5016=EDGE_CURVE('',#4073,#4037,#1765,.T.);
#5017=EDGE_CURVE('',#4074,#4073,#3683,.T.);
#5018=EDGE_CURVE('',#4075,#4074,#3684,.T.);
#5019=EDGE_CURVE('',#4042,#4075,#1766,.T.);
#5020=EDGE_CURVE('',#4076,#4041,#1767,.T.);
#5021=EDGE_CURVE('',#4077,#4076,#3685,.T.);
#5022=EDGE_CURVE('',#4046,#4077,#1768,.T.);
#5023=EDGE_CURVE('',#4078,#4045,#1769,.T.);
#5024=EDGE_CURVE('',#4079,#4078,#3686,.T.);
#5025=EDGE_CURVE('',#4050,#4079,#1770,.T.);
#5026=EDGE_CURVE('',#4080,#4049,#1771,.T.);
#5027=EDGE_CURVE('',#4081,#4080,#3687,.T.);
#5028=EDGE_CURVE('',#4054,#4081,#1772,.T.);
#5029=EDGE_CURVE('',#4082,#4053,#1773,.T.);
#5030=EDGE_CURVE('',#4083,#4082,#3688,.T.);
#5031=EDGE_CURVE('',#4058,#4083,#1774,.T.);
#5032=EDGE_CURVE('',#4084,#4057,#1775,.T.);
#5033=EDGE_CURVE('',#4085,#4084,#3689,.T.);
#5034=EDGE_CURVE('',#3982,#4085,#1776,.T.);
#5035=EDGE_CURVE('',#4086,#3981,#1777,.T.);
#5036=EDGE_CURVE('',#4087,#4086,#3690,.T.);
#5037=EDGE_CURVE('',#3986,#4087,#1778,.T.);
#5038=EDGE_CURVE('',#4088,#3985,#1779,.T.);
#5039=EDGE_CURVE('',#4089,#4088,#3691,.T.);
#5040=EDGE_CURVE('',#3990,#4089,#1780,.T.);
#5041=EDGE_CURVE('',#4090,#3989,#1781,.T.);
#5042=EDGE_CURVE('',#4091,#4090,#3692,.T.);
#5043=EDGE_CURVE('',#3994,#4091,#1782,.T.);
#5044=EDGE_CURVE('',#4092,#3993,#1783,.T.);
#5045=EDGE_CURVE('',#4093,#4092,#3693,.T.);
#5046=EDGE_CURVE('',#3998,#4093,#1784,.T.);
#5047=EDGE_CURVE('',#4094,#3997,#1785,.T.);
#5048=EDGE_CURVE('',#4095,#4094,#3694,.T.);
#5049=EDGE_CURVE('',#4002,#4095,#1786,.T.);
#5050=EDGE_CURVE('',#4096,#4001,#1787,.T.);
#5051=EDGE_CURVE('',#4097,#4096,#3695,.T.);
#5052=EDGE_CURVE('',#4006,#4097,#1788,.T.);
#5053=EDGE_CURVE('',#4098,#4005,#1789,.T.);
#5054=EDGE_CURVE('',#4099,#4098,#3696,.T.);
#5055=EDGE_CURVE('',#4010,#4099,#1790,.T.);
#5056=EDGE_CURVE('',#4100,#4009,#1791,.T.);
#5057=EDGE_CURVE('',#4101,#4100,#3697,.T.);
#5058=EDGE_CURVE('',#4014,#4101,#1792,.T.);
#5059=EDGE_CURVE('',#4062,#4013,#1793,.T.);
#5060=EDGE_CURVE('',#4102,#4102,#3698,.T.);
#5061=EDGE_CURVE('',#4103,#4103,#3699,.T.);
#5062=EDGE_CURVE('',#4103,#4102,#1794,.T.);
#5063=EDGE_CURVE('',#4104,#4087,#1795,.T.);
#5064=EDGE_CURVE('',#3987,#4104,#1796,.T.);
#5065=EDGE_CURVE('',#4104,#4105,#3700,.T.);
#5066=EDGE_CURVE('',#4105,#3988,#1797,.T.);
#5067=EDGE_CURVE('',#4105,#4088,#1798,.T.);
#5068=EDGE_CURVE('',#4106,#4085,#1799,.T.);
#5069=EDGE_CURVE('',#3983,#4106,#1800,.T.);
#5070=EDGE_CURVE('',#4106,#4107,#3701,.T.);
#5071=EDGE_CURVE('',#4107,#3984,#1801,.T.);
#5072=EDGE_CURVE('',#4107,#4086,#1802,.T.);
#5073=EDGE_CURVE('',#4108,#4083,#1803,.T.);
#5074=EDGE_CURVE('',#4059,#4108,#1804,.T.);
#5075=EDGE_CURVE('',#4108,#4109,#3702,.T.);
#5076=EDGE_CURVE('',#4109,#4060,#1805,.T.);
#5077=EDGE_CURVE('',#4109,#4084,#1806,.T.);
#5078=EDGE_CURVE('',#4110,#4081,#1807,.T.);
#5079=EDGE_CURVE('',#4055,#4110,#1808,.T.);
#5080=EDGE_CURVE('',#4110,#4111,#3703,.T.);
#5081=EDGE_CURVE('',#4111,#4056,#1809,.T.);
#5082=EDGE_CURVE('',#4111,#4082,#1810,.T.);
#5083=EDGE_CURVE('',#4112,#4079,#1811,.T.);
#5084=EDGE_CURVE('',#4051,#4112,#1812,.T.);
#5085=EDGE_CURVE('',#4112,#4113,#3704,.T.);
#5086=EDGE_CURVE('',#4113,#4052,#1813,.T.);
#5087=EDGE_CURVE('',#4113,#4080,#1814,.T.);
#5088=EDGE_CURVE('',#4114,#4077,#1815,.T.);
#5089=EDGE_CURVE('',#4047,#4114,#1816,.T.);
#5090=EDGE_CURVE('',#4114,#4115,#3705,.T.);
#5091=EDGE_CURVE('',#4115,#4048,#1817,.T.);
#5092=EDGE_CURVE('',#4115,#4078,#1818,.T.);
#5093=EDGE_CURVE('',#4116,#4075,#1819,.T.);
#5094=EDGE_CURVE('',#4043,#4116,#1820,.T.);
#5095=EDGE_CURVE('',#4116,#4117,#3706,.T.);
#5096=EDGE_CURVE('',#4117,#4044,#1821,.T.);
#5097=EDGE_CURVE('',#4117,#4076,#1822,.T.);
#5098=EDGE_CURVE('',#4118,#4072,#1823,.T.);
#5099=EDGE_CURVE('',#4039,#4118,#1824,.T.);
#5100=EDGE_CURVE('',#4118,#4119,#3707,.T.);
#5101=EDGE_CURVE('',#4119,#4040,#1825,.T.);
#5102=EDGE_CURVE('',#4119,#4073,#1826,.T.);
#5103=EDGE_CURVE('',#4120,#4070,#1827,.T.);
#5104=EDGE_CURVE('',#4035,#4120,#1828,.T.);
#5105=EDGE_CURVE('',#4120,#4121,#3708,.T.);
#5106=EDGE_CURVE('',#4121,#4036,#1829,.T.);
#5107=EDGE_CURVE('',#4121,#4071,#1830,.T.);
#5108=EDGE_CURVE('',#4122,#4068,#1831,.T.);
#5109=EDGE_CURVE('',#4031,#4122,#1832,.T.);
#5110=EDGE_CURVE('',#4122,#4123,#3709,.T.);
#5111=EDGE_CURVE('',#4123,#4032,#1833,.T.);
#5112=EDGE_CURVE('',#4123,#4069,#1834,.T.);
#5113=EDGE_CURVE('',#4124,#4066,#1835,.T.);
#5114=EDGE_CURVE('',#4027,#4124,#1836,.T.);
#5115=EDGE_CURVE('',#4124,#4125,#3710,.T.);
#5116=EDGE_CURVE('',#4125,#4028,#1837,.T.);
#5117=EDGE_CURVE('',#4125,#4067,#1838,.T.);
#5118=EDGE_CURVE('',#4126,#4064,#1839,.T.);
#5119=EDGE_CURVE('',#4023,#4126,#1840,.T.);
#5120=EDGE_CURVE('',#4126,#4127,#3711,.T.);
#5121=EDGE_CURVE('',#4127,#4024,#1841,.T.);
#5122=EDGE_CURVE('',#4127,#4065,#1842,.T.);
#5123=EDGE_CURVE('',#4128,#4061,#1843,.T.);
#5124=EDGE_CURVE('',#4017,#4128,#1844,.T.);
#5125=EDGE_CURVE('',#4128,#4129,#3712,.T.);
#5126=EDGE_CURVE('',#4129,#4018,#1845,.T.);
#5127=EDGE_CURVE('',#4129,#4063,#1846,.T.);
#5128=EDGE_CURVE('',#4130,#4101,#1847,.T.);
#5129=EDGE_CURVE('',#4015,#4130,#1848,.T.);
#5130=EDGE_CURVE('',#4130,#4131,#3713,.T.);
#5131=EDGE_CURVE('',#4131,#4016,#1849,.T.);
#5132=EDGE_CURVE('',#4131,#4062,#1850,.T.);
#5133=EDGE_CURVE('',#4132,#4099,#1851,.T.);
#5134=EDGE_CURVE('',#4011,#4132,#1852,.T.);
#5135=EDGE_CURVE('',#4132,#4133,#3714,.T.);
#5136=EDGE_CURVE('',#4133,#4012,#1853,.T.);
#5137=EDGE_CURVE('',#4133,#4100,#1854,.T.);
#5138=EDGE_CURVE('',#4097,#4134,#1855,.T.);
#5139=EDGE_CURVE('',#4007,#4134,#1856,.T.);
#5140=EDGE_CURVE('',#4134,#4135,#3715,.T.);
#5141=EDGE_CURVE('',#4135,#4008,#1857,.T.);
#5142=EDGE_CURVE('',#4135,#4098,#1858,.T.);
#5143=EDGE_CURVE('',#4136,#4095,#1859,.T.);
#5144=EDGE_CURVE('',#4003,#4136,#1860,.T.);
#5145=EDGE_CURVE('',#4136,#4137,#3716,.T.);
#5146=EDGE_CURVE('',#4137,#4004,#1861,.T.);
#5147=EDGE_CURVE('',#4138,#4094,#1862,.T.);
#5148=EDGE_CURVE('',#4139,#4138,#3717,.T.);
#5149=EDGE_CURVE('',#4139,#4093,#1863,.T.);
#5150=EDGE_CURVE('',#4140,#4092,#1864,.T.);
#5151=EDGE_CURVE('',#4141,#4140,#3718,.T.);
#5152=EDGE_CURVE('',#4141,#4091,#1865,.T.);
#5153=EDGE_CURVE('',#4142,#4090,#1866,.F.);
#5154=EDGE_CURVE('',#4143,#4142,#3719,.T.);
#5155=EDGE_CURVE('',#4143,#4089,#1867,.T.);
#5156=EDGE_CURVE('',#4074,#3976,#1868,.T.);
#5157=EDGE_CURVE('',#4137,#4096,#1869,.F.);
#5158=EDGE_CURVE('',#3999,#4139,#1870,.T.);
#5159=EDGE_CURVE('',#4138,#4000,#1871,.T.);
#5160=EDGE_CURVE('',#3995,#4141,#1872,.T.);
#5161=EDGE_CURVE('',#4140,#3996,#1873,.T.);
#5162=EDGE_CURVE('',#3991,#4143,#1874,.T.);
#5163=EDGE_CURVE('',#4142,#3992,#1875,.T.);
#5164=EDGE_CURVE('',#4144,#4145,#3720,.T.);
#5165=EDGE_CURVE('',#4146,#4144,#3721,.T.);
#5166=EDGE_CURVE('',#4146,#4147,#1876,.T.);
#5167=EDGE_CURVE('',#4147,#4147,#3722,.F.);
#5168=EDGE_CURVE('',#4145,#4146,#3723,.T.);
#5169=EDGE_CURVE('',#4148,#4148,#3724,.T.);
#5170=EDGE_CURVE('',#4144,#4149,#3725,.T.);
#5171=EDGE_CURVE('',#4150,#4149,#3726,.F.);
#5172=EDGE_CURVE('',#4149,#4150,#3727,.F.);
#5173=EDGE_CURVE('',#4151,#4151,#3728,.F.);
#5174=EDGE_CURVE('',#4151,#4148,#1877,.T.);
#5175=EDGE_CURVE('',#4150,#4152,#1878,.T.);
#5176=EDGE_CURVE('',#4152,#4152,#3729,.T.);
#5177=EDGE_CURVE('',#4153,#4154,#3730,.T.);
#5178=EDGE_CURVE('',#4154,#4155,#1879,.T.);
#5179=EDGE_CURVE('',#4155,#4156,#3731,.T.);
#5180=EDGE_CURVE('',#4156,#4157,#1880,.T.);
#5181=EDGE_CURVE('',#4157,#4158,#3732,.T.);
#5182=EDGE_CURVE('',#4158,#4159,#1881,.T.);
#5183=EDGE_CURVE('',#4159,#4160,#3733,.T.);
#5184=EDGE_CURVE('',#4160,#4153,#3734,.T.);
#5185=EDGE_CURVE('',#4161,#4162,#1882,.T.);
#5186=EDGE_CURVE('',#4162,#4163,#1883,.T.);
#5187=EDGE_CURVE('',#4163,#4164,#1884,.T.);
#5188=EDGE_CURVE('',#4164,#4165,#1885,.T.);
#5189=EDGE_CURVE('',#4165,#4166,#1886,.T.);
#5190=EDGE_CURVE('',#4166,#4167,#1887,.T.);
#5191=EDGE_CURVE('',#4167,#4168,#1888,.T.);
#5192=EDGE_CURVE('',#4168,#4169,#1889,.T.);
#5193=EDGE_CURVE('',#4169,#4170,#1890,.T.);
#5194=EDGE_CURVE('',#4170,#4171,#1891,.T.);
#5195=EDGE_CURVE('',#4171,#4172,#1892,.T.);
#5196=EDGE_CURVE('',#4172,#4161,#1893,.T.);
#5197=EDGE_CURVE('',#4152,#4173,#1894,.T.);
#5198=EDGE_CURVE('',#4173,#4173,#3735,.T.);
#5199=EDGE_CURVE('',#4174,#4175,#3736,.T.);
#5200=EDGE_CURVE('',#4174,#4176,#1895,.T.);
#5201=EDGE_CURVE('',#4176,#4176,#3737,.T.);
#5202=EDGE_CURVE('',#4175,#4174,#3738,.T.);
#5203=EDGE_CURVE('',#4177,#4177,#3739,.T.);
#5204=EDGE_CURVE('',#4177,#4178,#1896,.T.);
#5205=EDGE_CURVE('',#4178,#4179,#3740,.T.);
#5206=EDGE_CURVE('',#4179,#4180,#1897,.F.);
#5207=EDGE_CURVE('',#4181,#4180,#3741,.F.);
#5208=EDGE_CURVE('',#4181,#4182,#1898,.T.);
#5209=EDGE_CURVE('',#4182,#4183,#3742,.T.);
#5210=EDGE_CURVE('',#4184,#4183,#1899,.T.);
#5211=EDGE_CURVE('',#4185,#4184,#3743,.F.);
#5212=EDGE_CURVE('',#4185,#4186,#1900,.T.);
#5213=EDGE_CURVE('',#4186,#4187,#3744,.T.);
#5214=EDGE_CURVE('',#4188,#4187,#1901,.T.);
#5215=EDGE_CURVE('',#4189,#4188,#3745,.F.);
#5216=EDGE_CURVE('',#4189,#4190,#1902,.T.);
#5217=EDGE_CURVE('',#4190,#4191,#3746,.T.);
#5218=EDGE_CURVE('',#4191,#4192,#1903,.F.);
#5219=EDGE_CURVE('',#4193,#4192,#3747,.F.);
#5220=EDGE_CURVE('',#4193,#4194,#1904,.T.);
#5221=EDGE_CURVE('',#4194,#4178,#3748,.T.);
#5222=EDGE_CURVE('',#4194,#4195,#1905,.T.);
#5223=EDGE_CURVE('',#4195,#4191,#1906,.T.);
#5224=EDGE_CURVE('',#4190,#4196,#1907,.T.);
#5225=EDGE_CURVE('',#4187,#4196,#1908,.T.);
#5226=EDGE_CURVE('',#4186,#4197,#1909,.T.);
#5227=EDGE_CURVE('',#4183,#4197,#1910,.T.);
#5228=EDGE_CURVE('',#4182,#4198,#1911,.T.);
#5229=EDGE_CURVE('',#4198,#4179,#1912,.T.);
#5230=EDGE_CURVE('',#4199,#4188,#21,.T.);
#5231=EDGE_CURVE('',#4200,#4196,#1913,.T.);
#5232=EDGE_CURVE('',#4200,#4199,#22,.T.);
#5233=EDGE_CURVE('',#4201,#4199,#3749,.T.);
#5234=EDGE_CURVE('',#4189,#4201,#23,.T.);
#5235=EDGE_CURVE('',#4201,#4200,#24,.T.);
#5236=EDGE_CURVE('',#4202,#4195,#1914,.T.);
#5237=EDGE_CURVE('',#4203,#4202,#25,.T.);
#5238=EDGE_CURVE('',#4192,#4203,#26,.T.);
#5239=EDGE_CURVE('',#4204,#4203,#3750,.T.);
#5240=EDGE_CURVE('',#4193,#4204,#27,.T.);
#5241=EDGE_CURVE('',#4204,#4202,#28,.T.);
#5242=EDGE_CURVE('',#4198,#4205,#1915,.T.);
#5243=EDGE_CURVE('',#4206,#4205,#29,.T.);
#5244=EDGE_CURVE('',#4180,#4206,#30,.T.);
#5245=EDGE_CURVE('',#4206,#4207,#3751,.F.);
#5246=EDGE_CURVE('',#4207,#4181,#31,.T.);
#5247=EDGE_CURVE('',#4205,#4207,#32,.T.);
#5248=EDGE_CURVE('',#4208,#4184,#33,.T.);
#5249=EDGE_CURVE('',#4197,#4209,#1916,.T.);
#5250=EDGE_CURVE('',#4209,#4208,#34,.T.);
#5251=EDGE_CURVE('',#4210,#4185,#35,.T.);
#5252=EDGE_CURVE('',#4208,#4210,#3752,.F.);
#5253=EDGE_CURVE('',#4209,#4210,#36,.T.);
#5254=EDGE_CURVE('',#4211,#4212,#3753,.T.);
#5255=EDGE_CURVE('',#4212,#4213,#3754,.T.);
#5256=EDGE_CURVE('',#4213,#4214,#3755,.T.);
#5257=EDGE_CURVE('',#4214,#4215,#1917,.T.);
#5258=EDGE_CURVE('',#4215,#4216,#3756,.T.);
#5259=EDGE_CURVE('',#4216,#4217,#3757,.T.);
#5260=EDGE_CURVE('',#4217,#4218,#3758,.T.);
#5261=EDGE_CURVE('',#4218,#4211,#1918,.T.);
#5262=EDGE_CURVE('',#4219,#4219,#3759,.F.);
#5263=EDGE_CURVE('',#4220,#4221,#1919,.T.);
#5264=EDGE_CURVE('',#4221,#4222,#1920,.T.);
#5265=EDGE_CURVE('',#4222,#4223,#1921,.T.);
#5266=EDGE_CURVE('',#4223,#4220,#1922,.T.);
#5267=EDGE_CURVE('',#4224,#4225,#3760,.T.);
#5268=EDGE_CURVE('',#4212,#4224,#1923,.F.);
#5269=EDGE_CURVE('',#4211,#4225,#1924,.F.);
#5270=EDGE_CURVE('',#4226,#4213,#1925,.T.);
#5271=EDGE_CURVE('',#4226,#4224,#3761,.F.);
#5272=EDGE_CURVE('',#4227,#4226,#3762,.T.);
#5273=EDGE_CURVE('',#4227,#4214,#1926,.T.);
#5274=EDGE_CURVE('',#4228,#4229,#1927,.T.);
#5275=EDGE_CURVE('',#4215,#4228,#1928,.T.);
#5276=EDGE_CURVE('',#4230,#4227,#1929,.T.);
#5277=EDGE_CURVE('',#4231,#4230,#1930,.T.);
#5278=EDGE_CURVE('',#4231,#4232,#1931,.T.);
#5279=EDGE_CURVE('',#4233,#4232,#1932,.T.);
#5280=EDGE_CURVE('',#4234,#4233,#1933,.T.);
#5281=EDGE_CURVE('',#4155,#4234,#1934,.T.);
#5282=EDGE_CURVE('',#4229,#4154,#1935,.T.);
#5283=EDGE_CURVE('',#4235,#4228,#3763,.T.);
#5284=EDGE_CURVE('',#4216,#4235,#1936,.F.);
#5285=EDGE_CURVE('',#4236,#4217,#1937,.T.);
#5286=EDGE_CURVE('',#4236,#4235,#3764,.F.);
#5287=EDGE_CURVE('',#4237,#4236,#3765,.T.);
#5288=EDGE_CURVE('',#4237,#4218,#1938,.T.);
#5289=EDGE_CURVE('',#4238,#4239,#1939,.T.);
#5290=EDGE_CURVE('',#4239,#4240,#1940,.T.);
#5291=EDGE_CURVE('',#4225,#4240,#1941,.T.);
#5292=EDGE_CURVE('',#4241,#4237,#1942,.T.);
#5293=EDGE_CURVE('',#4159,#4241,#1943,.T.);
#5294=EDGE_CURVE('',#4242,#4158,#1944,.T.);
#5295=EDGE_CURVE('',#4243,#4242,#1945,.T.);
#5296=EDGE_CURVE('',#4238,#4243,#1946,.T.);
#5297=EDGE_CURVE('',#4244,#4245,#1947,.T.);
#5298=EDGE_CURVE('',#4244,#4220,#1948,.T.);
#5299=EDGE_CURVE('',#4245,#4223,#1949,.T.);
#5300=EDGE_CURVE('',#4246,#4244,#1950,.T.);
#5301=EDGE_CURVE('',#4221,#4246,#1951,.T.);
#5302=EDGE_CURVE('',#4247,#4246,#1952,.T.);
#5303=EDGE_CURVE('',#4247,#4222,#1953,.T.);
#5304=EDGE_CURVE('',#4245,#4247,#1954,.T.);
#5305=EDGE_CURVE('',#4240,#4230,#1955,.T.);
#5306=EDGE_CURVE('',#4248,#4249,#1956,.T.);
#5307=EDGE_CURVE('',#4249,#4250,#1957,.T.);
#5308=EDGE_CURVE('',#4250,#4251,#1958,.T.);
#5309=EDGE_CURVE('',#4251,#4252,#1959,.T.);
#5310=EDGE_CURVE('',#4252,#4253,#1960,.T.);
#5311=EDGE_CURVE('',#4253,#4254,#1961,.T.);
#5312=EDGE_CURVE('',#4254,#4255,#1962,.T.);
#5313=EDGE_CURVE('',#4255,#4256,#1963,.T.);
#5314=EDGE_CURVE('',#4256,#4257,#1964,.T.);
#5315=EDGE_CURVE('',#4257,#4258,#1965,.T.);
#5316=EDGE_CURVE('',#4258,#4259,#1966,.T.);
#5317=EDGE_CURVE('',#4259,#4260,#1967,.T.);
#5318=EDGE_CURVE('',#4260,#4261,#1968,.T.);
#5319=EDGE_CURVE('',#4261,#4262,#1969,.T.);
#5320=EDGE_CURVE('',#4262,#4263,#1970,.T.);
#5321=EDGE_CURVE('',#4263,#4264,#1971,.T.);
#5322=EDGE_CURVE('',#4264,#4265,#1972,.T.);
#5323=EDGE_CURVE('',#4265,#4266,#1973,.T.);
#5324=EDGE_CURVE('',#4266,#4267,#1974,.T.);
#5325=EDGE_CURVE('',#4267,#4268,#1975,.T.);
#5326=EDGE_CURVE('',#4268,#4269,#1976,.T.);
#5327=EDGE_CURVE('',#4269,#4270,#1977,.T.);
#5328=EDGE_CURVE('',#4270,#4271,#1978,.T.);
#5329=EDGE_CURVE('',#4271,#4272,#1979,.T.);
#5330=EDGE_CURVE('',#4272,#4273,#1980,.T.);
#5331=EDGE_CURVE('',#4273,#4274,#1981,.T.);
#5332=EDGE_CURVE('',#4274,#4275,#1982,.T.);
#5333=EDGE_CURVE('',#4275,#4248,#1983,.T.);
#5334=EDGE_CURVE('',#4276,#4277,#1984,.T.);
#5335=EDGE_CURVE('',#4277,#4278,#1985,.T.);
#5336=EDGE_CURVE('',#4278,#4279,#1986,.T.);
#5337=EDGE_CURVE('',#4279,#4280,#1987,.T.);
#5338=EDGE_CURVE('',#4280,#4281,#1988,.T.);
#5339=EDGE_CURVE('',#4281,#4282,#1989,.T.);
#5340=EDGE_CURVE('',#4282,#4276,#1990,.T.);
#5341=EDGE_CURVE('',#4283,#4284,#1991,.T.);
#5342=EDGE_CURVE('',#4284,#4285,#1992,.T.);
#5343=EDGE_CURVE('',#4285,#4286,#1993,.T.);
#5344=EDGE_CURVE('',#4286,#4287,#1994,.T.);
#5345=EDGE_CURVE('',#4287,#4288,#1995,.T.);
#5346=EDGE_CURVE('',#4288,#4289,#1996,.T.);
#5347=EDGE_CURVE('',#4289,#4290,#1997,.T.);
#5348=EDGE_CURVE('',#4290,#4291,#1998,.T.);
#5349=EDGE_CURVE('',#4291,#4292,#1999,.T.);
#5350=EDGE_CURVE('',#4292,#4293,#2000,.T.);
#5351=EDGE_CURVE('',#4293,#4294,#2001,.T.);
#5352=EDGE_CURVE('',#4294,#4295,#2002,.T.);
#5353=EDGE_CURVE('',#4295,#4296,#2003,.T.);
#5354=EDGE_CURVE('',#4296,#4297,#2004,.T.);
#5355=EDGE_CURVE('',#4297,#4298,#2005,.T.);
#5356=EDGE_CURVE('',#4298,#4283,#2006,.T.);
#5357=EDGE_CURVE('',#4299,#4300,#2007,.T.);
#5358=EDGE_CURVE('',#4300,#4301,#2008,.T.);
#5359=EDGE_CURVE('',#4301,#4302,#2009,.T.);
#5360=EDGE_CURVE('',#4302,#4303,#2010,.T.);
#5361=EDGE_CURVE('',#4303,#4304,#2011,.T.);
#5362=EDGE_CURVE('',#4304,#4305,#2012,.T.);
#5363=EDGE_CURVE('',#4305,#4306,#2013,.T.);
#5364=EDGE_CURVE('',#4306,#4307,#2014,.T.);
#5365=EDGE_CURVE('',#4307,#4308,#2015,.T.);
#5366=EDGE_CURVE('',#4308,#4309,#2016,.T.);
#5367=EDGE_CURVE('',#4309,#4299,#2017,.T.);
#5368=EDGE_CURVE('',#4310,#4311,#2018,.T.);
#5369=EDGE_CURVE('',#4311,#4312,#2019,.T.);
#5370=EDGE_CURVE('',#4312,#4313,#2020,.T.);
#5371=EDGE_CURVE('',#4313,#4314,#2021,.T.);
#5372=EDGE_CURVE('',#4314,#4315,#2022,.T.);
#5373=EDGE_CURVE('',#4315,#4316,#2023,.T.);
#5374=EDGE_CURVE('',#4316,#4317,#2024,.T.);
#5375=EDGE_CURVE('',#4317,#4318,#2025,.T.);
#5376=EDGE_CURVE('',#4318,#4319,#2026,.T.);
#5377=EDGE_CURVE('',#4319,#4320,#2027,.T.);
#5378=EDGE_CURVE('',#4320,#4321,#2028,.T.);
#5379=EDGE_CURVE('',#4321,#4322,#2029,.T.);
#5380=EDGE_CURVE('',#4322,#4323,#2030,.T.);
#5381=EDGE_CURVE('',#4323,#4324,#2031,.T.);
#5382=EDGE_CURVE('',#4324,#4325,#2032,.T.);
#5383=EDGE_CURVE('',#4325,#4326,#2033,.T.);
#5384=EDGE_CURVE('',#4326,#4327,#2034,.T.);
#5385=EDGE_CURVE('',#4327,#4328,#2035,.T.);
#5386=EDGE_CURVE('',#4328,#4329,#2036,.T.);
#5387=EDGE_CURVE('',#4329,#4330,#2037,.T.);
#5388=EDGE_CURVE('',#4330,#4331,#2038,.T.);
#5389=EDGE_CURVE('',#4331,#4332,#2039,.T.);
#5390=EDGE_CURVE('',#4332,#4333,#2040,.T.);
#5391=EDGE_CURVE('',#4333,#4334,#2041,.T.);
#5392=EDGE_CURVE('',#4334,#4335,#2042,.T.);
#5393=EDGE_CURVE('',#4335,#4336,#2043,.T.);
#5394=EDGE_CURVE('',#4336,#4337,#2044,.T.);
#5395=EDGE_CURVE('',#4337,#4338,#2045,.T.);
#5396=EDGE_CURVE('',#4338,#4339,#2046,.T.);
#5397=EDGE_CURVE('',#4339,#4340,#2047,.T.);
#5398=EDGE_CURVE('',#4340,#4310,#2048,.T.);
#5399=EDGE_CURVE('',#4341,#4342,#2049,.T.);
#5400=EDGE_CURVE('',#4343,#4342,#2050,.T.);
#5401=EDGE_CURVE('',#4343,#4344,#2051,.T.);
#5402=EDGE_CURVE('',#4344,#4341,#2052,.T.);
#5403=EDGE_CURVE('',#4345,#4346,#2053,.T.);
#5404=EDGE_CURVE('',#4346,#4347,#2054,.T.);
#5405=EDGE_CURVE('',#4347,#4348,#2055,.T.);
#5406=EDGE_CURVE('',#4345,#4348,#2056,.T.);
#5407=EDGE_CURVE('',#4229,#4349,#3766,.T.);
#5408=EDGE_CURVE('',#4349,#4350,#3767,.T.);
#5409=EDGE_CURVE('',#4350,#4241,#3768,.T.);
#5410=EDGE_CURVE('',#4239,#4231,#2057,.T.);
#5411=EDGE_CURVE('',#4351,#4352,#2058,.T.);
#5412=EDGE_CURVE('',#4353,#4351,#2059,.T.);
#5413=EDGE_CURVE('',#4354,#4353,#2060,.T.);
#5414=EDGE_CURVE('',#4232,#4354,#2061,.T.);
#5415=EDGE_CURVE('',#4352,#4238,#2062,.T.);
#5416=EDGE_CURVE('',#4355,#4354,#2063,.T.);
#5417=EDGE_CURVE('',#4355,#4233,#2064,.T.);
#5418=EDGE_CURVE('',#4356,#4243,#2065,.T.);
#5419=EDGE_CURVE('',#4242,#4357,#3769,.T.);
#5420=EDGE_CURVE('',#4357,#4358,#2066,.T.);
#5421=EDGE_CURVE('',#4358,#4234,#3770,.T.);
#5422=EDGE_CURVE('',#4359,#4355,#2067,.T.);
#5423=EDGE_CURVE('',#4359,#4360,#2068,.T.);
#5424=EDGE_CURVE('',#4360,#4356,#2069,.T.);
#5425=EDGE_CURVE('',#4156,#4358,#2070,.T.);
#5426=EDGE_CURVE('',#4349,#4153,#2071,.T.);
#5427=EDGE_CURVE('',#4160,#4350,#2072,.F.);
#5428=EDGE_CURVE('',#4157,#4357,#2073,.T.);
#5429=EDGE_CURVE('',#4352,#4356,#2074,.T.);
#5430=EDGE_CURVE('',#4361,#4361,#3771,.T.);
#5431=EDGE_CURVE('',#4361,#4362,#2075,.T.);
#5432=EDGE_CURVE('',#4362,#4363,#3772,.T.);
#5433=EDGE_CURVE('',#4363,#4362,#3773,.T.);
#5434=EDGE_CURVE('',#4249,#4364,#2076,.T.);
#5435=EDGE_CURVE('',#4248,#4365,#2077,.T.);
#5436=EDGE_CURVE('',#4365,#4364,#2078,.T.);
#5437=EDGE_CURVE('',#4366,#4250,#2079,.T.);
#5438=EDGE_CURVE('',#4364,#4366,#2080,.T.);
#5439=EDGE_CURVE('',#4251,#4367,#2081,.T.);
#5440=EDGE_CURVE('',#4366,#4367,#2082,.T.);
#5441=EDGE_CURVE('',#4252,#4368,#2083,.T.);
#5442=EDGE_CURVE('',#4367,#4368,#2084,.T.);
#5443=EDGE_CURVE('',#4253,#4369,#2085,.T.);
#5444=EDGE_CURVE('',#4368,#4369,#2086,.T.);
#5445=EDGE_CURVE('',#4254,#4370,#2087,.T.);
#5446=EDGE_CURVE('',#4369,#4370,#2088,.T.);
#5447=EDGE_CURVE('',#4255,#4371,#2089,.T.);
#5448=EDGE_CURVE('',#4370,#4371,#2090,.T.);
#5449=EDGE_CURVE('',#4256,#4372,#2091,.T.);
#5450=EDGE_CURVE('',#4371,#4372,#2092,.T.);
#5451=EDGE_CURVE('',#4257,#4373,#2093,.T.);
#5452=EDGE_CURVE('',#4372,#4373,#2094,.T.);
#5453=EDGE_CURVE('',#4258,#4374,#2095,.T.);
#5454=EDGE_CURVE('',#4373,#4374,#2096,.T.);
#5455=EDGE_CURVE('',#4259,#4375,#2097,.T.);
#5456=EDGE_CURVE('',#4374,#4375,#2098,.T.);
#5457=EDGE_CURVE('',#4260,#4376,#2099,.T.);
#5458=EDGE_CURVE('',#4375,#4376,#2100,.T.);
#5459=EDGE_CURVE('',#4261,#4377,#2101,.T.);
#5460=EDGE_CURVE('',#4376,#4377,#2102,.T.);
#5461=EDGE_CURVE('',#4262,#4378,#2103,.T.);
#5462=EDGE_CURVE('',#4377,#4378,#2104,.T.);
#5463=EDGE_CURVE('',#4263,#4379,#2105,.T.);
#5464=EDGE_CURVE('',#4378,#4379,#2106,.T.);
#5465=EDGE_CURVE('',#4264,#4380,#2107,.T.);
#5466=EDGE_CURVE('',#4379,#4380,#2108,.T.);
#5467=EDGE_CURVE('',#4265,#4381,#2109,.T.);
#5468=EDGE_CURVE('',#4380,#4381,#2110,.T.);
#5469=EDGE_CURVE('',#4266,#4382,#2111,.T.);
#5470=EDGE_CURVE('',#4381,#4382,#2112,.T.);
#5471=EDGE_CURVE('',#4267,#4383,#2113,.T.);
#5472=EDGE_CURVE('',#4382,#4383,#2114,.T.);
#5473=EDGE_CURVE('',#4268,#4384,#2115,.T.);
#5474=EDGE_CURVE('',#4383,#4384,#2116,.T.);
#5475=EDGE_CURVE('',#4269,#4385,#2117,.T.);
#5476=EDGE_CURVE('',#4384,#4385,#2118,.T.);
#5477=EDGE_CURVE('',#4270,#4386,#2119,.T.);
#5478=EDGE_CURVE('',#4385,#4386,#2120,.T.);
#5479=EDGE_CURVE('',#4271,#4387,#2121,.T.);
#5480=EDGE_CURVE('',#4386,#4387,#2122,.T.);
#5481=EDGE_CURVE('',#4272,#4388,#2123,.T.);
#5482=EDGE_CURVE('',#4387,#4388,#2124,.T.);
#5483=EDGE_CURVE('',#4273,#4389,#2125,.T.);
#5484=EDGE_CURVE('',#4388,#4389,#2126,.T.);
#5485=EDGE_CURVE('',#4274,#4390,#2127,.T.);
#5486=EDGE_CURVE('',#4389,#4390,#2128,.T.);
#5487=EDGE_CURVE('',#4275,#4391,#2129,.T.);
#5488=EDGE_CURVE('',#4390,#4391,#2130,.T.);
#5489=EDGE_CURVE('',#4391,#4365,#2131,.T.);
#5490=EDGE_CURVE('',#4277,#4392,#2132,.T.);
#5491=EDGE_CURVE('',#4276,#4393,#2133,.T.);
#5492=EDGE_CURVE('',#4393,#4392,#2134,.T.);
#5493=EDGE_CURVE('',#4394,#4278,#2135,.T.);
#5494=EDGE_CURVE('',#4392,#4394,#2136,.T.);
#5495=EDGE_CURVE('',#4279,#4395,#2137,.T.);
#5496=EDGE_CURVE('',#4394,#4395,#2138,.T.);
#5497=EDGE_CURVE('',#4280,#4396,#2139,.T.);
#5498=EDGE_CURVE('',#4395,#4396,#2140,.T.);
#5499=EDGE_CURVE('',#4281,#4397,#2141,.T.);
#5500=EDGE_CURVE('',#4396,#4397,#2142,.T.);
#5501=EDGE_CURVE('',#4282,#4398,#2143,.T.);
#5502=EDGE_CURVE('',#4397,#4398,#2144,.T.);
#5503=EDGE_CURVE('',#4398,#4393,#2145,.T.);
#5504=EDGE_CURVE('',#4284,#4399,#2146,.T.);
#5505=EDGE_CURVE('',#4283,#4400,#2147,.T.);
#5506=EDGE_CURVE('',#4400,#4399,#2148,.T.);
#5507=EDGE_CURVE('',#4401,#4285,#2149,.T.);
#5508=EDGE_CURVE('',#4399,#4401,#2150,.T.);
#5509=EDGE_CURVE('',#4286,#4402,#2151,.T.);
#5510=EDGE_CURVE('',#4401,#4402,#2152,.T.);
#5511=EDGE_CURVE('',#4287,#4403,#2153,.T.);
#5512=EDGE_CURVE('',#4402,#4403,#2154,.T.);
#5513=EDGE_CURVE('',#4288,#4404,#2155,.T.);
#5514=EDGE_CURVE('',#4403,#4404,#2156,.T.);
#5515=EDGE_CURVE('',#4289,#4405,#2157,.T.);
#5516=EDGE_CURVE('',#4404,#4405,#2158,.T.);
#5517=EDGE_CURVE('',#4290,#4406,#2159,.T.);
#5518=EDGE_CURVE('',#4405,#4406,#2160,.T.);
#5519=EDGE_CURVE('',#4291,#4407,#2161,.T.);
#5520=EDGE_CURVE('',#4406,#4407,#2162,.T.);
#5521=EDGE_CURVE('',#4292,#4408,#2163,.T.);
#5522=EDGE_CURVE('',#4407,#4408,#2164,.T.);
#5523=EDGE_CURVE('',#4293,#4409,#2165,.T.);
#5524=EDGE_CURVE('',#4408,#4409,#2166,.T.);
#5525=EDGE_CURVE('',#4294,#4410,#2167,.T.);
#5526=EDGE_CURVE('',#4409,#4410,#2168,.T.);
#5527=EDGE_CURVE('',#4295,#4411,#2169,.T.);
#5528=EDGE_CURVE('',#4410,#4411,#2170,.T.);
#5529=EDGE_CURVE('',#4296,#4412,#2171,.T.);
#5530=EDGE_CURVE('',#4411,#4412,#2172,.T.);
#5531=EDGE_CURVE('',#4297,#4413,#2173,.T.);
#5532=EDGE_CURVE('',#4412,#4413,#2174,.T.);
#5533=EDGE_CURVE('',#4298,#4414,#2175,.T.);
#5534=EDGE_CURVE('',#4413,#4414,#2176,.T.);
#5535=EDGE_CURVE('',#4414,#4400,#2177,.T.);
#5536=EDGE_CURVE('',#4300,#4415,#2178,.T.);
#5537=EDGE_CURVE('',#4299,#4416,#2179,.T.);
#5538=EDGE_CURVE('',#4416,#4415,#2180,.T.);
#5539=EDGE_CURVE('',#4417,#4301,#2181,.T.);
#5540=EDGE_CURVE('',#4415,#4417,#2182,.T.);
#5541=EDGE_CURVE('',#4302,#4418,#2183,.T.);
#5542=EDGE_CURVE('',#4417,#4418,#2184,.T.);
#5543=EDGE_CURVE('',#4303,#4419,#2185,.T.);
#5544=EDGE_CURVE('',#4418,#4419,#2186,.T.);
#5545=EDGE_CURVE('',#4419,#4420,#2187,.T.);
#5546=EDGE_CURVE('',#4304,#4420,#2188,.T.);
#5547=EDGE_CURVE('',#4305,#4421,#2189,.T.);
#5548=EDGE_CURVE('',#4420,#4421,#2190,.T.);
#5549=EDGE_CURVE('',#4306,#4422,#2191,.T.);
#5550=EDGE_CURVE('',#4421,#4422,#2192,.T.);
#5551=EDGE_CURVE('',#4307,#4423,#2193,.T.);
#5552=EDGE_CURVE('',#4422,#4423,#2194,.T.);
#5553=EDGE_CURVE('',#4308,#4424,#2195,.T.);
#5554=EDGE_CURVE('',#4423,#4424,#2196,.T.);
#5555=EDGE_CURVE('',#4309,#4425,#2197,.T.);
#5556=EDGE_CURVE('',#4424,#4425,#2198,.T.);
#5557=EDGE_CURVE('',#4425,#4416,#2199,.T.);
#5558=EDGE_CURVE('',#4311,#4426,#2200,.T.);
#5559=EDGE_CURVE('',#4310,#4427,#2201,.T.);
#5560=EDGE_CURVE('',#4427,#4426,#2202,.T.);
#5561=EDGE_CURVE('',#4428,#4312,#2203,.T.);
#5562=EDGE_CURVE('',#4426,#4428,#2204,.T.);
#5563=EDGE_CURVE('',#4313,#4429,#2205,.T.);
#5564=EDGE_CURVE('',#4428,#4429,#2206,.T.);
#5565=EDGE_CURVE('',#4314,#4430,#2207,.T.);
#5566=EDGE_CURVE('',#4429,#4430,#2208,.T.);
#5567=EDGE_CURVE('',#4315,#4431,#2209,.T.);
#5568=EDGE_CURVE('',#4430,#4431,#2210,.T.);
#5569=EDGE_CURVE('',#4316,#4432,#2211,.T.);
#5570=EDGE_CURVE('',#4431,#4432,#2212,.T.);
#5571=EDGE_CURVE('',#4317,#4433,#2213,.T.);
#5572=EDGE_CURVE('',#4432,#4433,#2214,.T.);
#5573=EDGE_CURVE('',#4318,#4434,#2215,.T.);
#5574=EDGE_CURVE('',#4433,#4434,#2216,.T.);
#5575=EDGE_CURVE('',#4319,#4435,#2217,.T.);
#5576=EDGE_CURVE('',#4434,#4435,#2218,.T.);
#5577=EDGE_CURVE('',#4320,#4436,#2219,.T.);
#5578=EDGE_CURVE('',#4435,#4436,#2220,.T.);
#5579=EDGE_CURVE('',#4321,#4437,#2221,.T.);
#5580=EDGE_CURVE('',#4436,#4437,#2222,.T.);
#5581=EDGE_CURVE('',#4437,#4438,#2223,.T.);
#5582=EDGE_CURVE('',#4322,#4438,#2224,.T.);
#5583=EDGE_CURVE('',#4323,#4439,#2225,.T.);
#5584=EDGE_CURVE('',#4438,#4439,#2226,.T.);
#5585=EDGE_CURVE('',#4324,#4440,#2227,.T.);
#5586=EDGE_CURVE('',#4439,#4440,#2228,.T.);
#5587=EDGE_CURVE('',#4325,#4441,#2229,.T.);
#5588=EDGE_CURVE('',#4440,#4441,#2230,.T.);
#5589=EDGE_CURVE('',#4441,#4442,#2231,.T.);
#5590=EDGE_CURVE('',#4326,#4442,#2232,.T.);
#5591=EDGE_CURVE('',#4327,#4443,#2233,.T.);
#5592=EDGE_CURVE('',#4442,#4443,#2234,.T.);
#5593=EDGE_CURVE('',#4328,#4444,#2235,.T.);
#5594=EDGE_CURVE('',#4443,#4444,#2236,.T.);
#5595=EDGE_CURVE('',#4329,#4445,#2237,.T.);
#5596=EDGE_CURVE('',#4444,#4445,#2238,.T.);
#5597=EDGE_CURVE('',#4330,#4446,#2239,.T.);
#5598=EDGE_CURVE('',#4445,#4446,#2240,.T.);
#5599=EDGE_CURVE('',#4331,#4447,#2241,.T.);
#5600=EDGE_CURVE('',#4446,#4447,#2242,.T.);
#5601=EDGE_CURVE('',#4332,#4448,#2243,.T.);
#5602=EDGE_CURVE('',#4447,#4448,#2244,.T.);
#5603=EDGE_CURVE('',#4333,#4449,#2245,.T.);
#5604=EDGE_CURVE('',#4448,#4449,#2246,.T.);
#5605=EDGE_CURVE('',#4334,#4450,#2247,.T.);
#5606=EDGE_CURVE('',#4449,#4450,#2248,.T.);
#5607=EDGE_CURVE('',#4335,#4451,#2249,.T.);
#5608=EDGE_CURVE('',#4450,#4451,#2250,.T.);
#5609=EDGE_CURVE('',#4336,#4452,#2251,.T.);
#5610=EDGE_CURVE('',#4451,#4452,#2252,.T.);
#5611=EDGE_CURVE('',#4452,#4453,#2253,.T.);
#5612=EDGE_CURVE('',#4337,#4453,#2254,.T.);
#5613=EDGE_CURVE('',#4338,#4454,#2255,.T.);
#5614=EDGE_CURVE('',#4453,#4454,#2256,.T.);
#5615=EDGE_CURVE('',#4339,#4455,#2257,.T.);
#5616=EDGE_CURVE('',#4454,#4455,#2258,.T.);
#5617=EDGE_CURVE('',#4455,#4456,#2259,.T.);
#5618=EDGE_CURVE('',#4340,#4456,#2260,.T.);
#5619=EDGE_CURVE('',#4456,#4427,#2261,.T.);
#5620=EDGE_CURVE('',#4457,#4360,#2262,.T.);
#5621=EDGE_CURVE('',#4458,#4457,#2263,.T.);
#5622=EDGE_CURVE('',#4459,#4458,#2264,.T.);
#5623=EDGE_CURVE('',#4459,#4460,#2265,.T.);
#5624=EDGE_CURVE('',#4351,#4460,#2266,.T.);
#5625=EDGE_CURVE('',#4461,#4462,#2267,.T.);
#5626=EDGE_CURVE('',#4353,#4462,#2268,.T.);
#5627=EDGE_CURVE('',#4460,#4463,#2269,.T.);
#5628=EDGE_CURVE('',#4463,#4461,#2270,.T.);
#5629=EDGE_CURVE('',#4464,#4465,#2271,.T.);
#5630=EDGE_CURVE('',#4465,#4466,#2272,.T.);
#5631=EDGE_CURVE('',#4466,#4359,#2273,.T.);
#5632=EDGE_CURVE('',#4464,#4462,#2274,.T.);
#5633=EDGE_CURVE('',#4457,#4466,#2275,.T.);
#5634=EDGE_CURVE('',#4467,#4468,#2276,.T.);
#5635=EDGE_CURVE('',#4468,#4469,#2277,.T.);
#5636=EDGE_CURVE('',#4469,#4470,#2278,.T.);
#5637=EDGE_CURVE('',#4470,#4467,#2279,.T.);
#5638=EDGE_CURVE('',#4471,#4472,#2280,.T.);
#5639=EDGE_CURVE('',#4471,#4170,#2281,.T.);
#5640=EDGE_CURVE('',#4472,#4169,#2282,.T.);
#5641=EDGE_CURVE('',#4473,#4471,#2283,.T.);
#5642=EDGE_CURVE('',#4171,#4473,#2284,.T.);
#5643=EDGE_CURVE('',#4474,#4473,#2285,.T.);
#5644=EDGE_CURVE('',#4474,#4172,#2286,.T.);
#5645=EDGE_CURVE('',#4475,#4474,#2287,.T.);
#5646=EDGE_CURVE('',#4475,#4161,#2288,.T.);
#5647=EDGE_CURVE('',#4476,#4475,#2289,.T.);
#5648=EDGE_CURVE('',#4476,#4162,#2290,.T.);
#5649=EDGE_CURVE('',#4477,#4476,#2291,.T.);
#5650=EDGE_CURVE('',#4477,#4163,#2292,.T.);
#5651=EDGE_CURVE('',#4478,#4477,#2293,.T.);
#5652=EDGE_CURVE('',#4478,#4164,#2294,.T.);
#5653=EDGE_CURVE('',#4479,#4478,#2295,.T.);
#5654=EDGE_CURVE('',#4479,#4165,#2296,.T.);
#5655=EDGE_CURVE('',#4480,#4479,#2297,.T.);
#5656=EDGE_CURVE('',#4480,#4166,#2298,.T.);
#5657=EDGE_CURVE('',#4481,#4480,#2299,.T.);
#5658=EDGE_CURVE('',#4481,#4167,#2300,.T.);
#5659=EDGE_CURVE('',#4482,#4481,#2301,.T.);
#5660=EDGE_CURVE('',#4482,#4168,#2302,.T.);
#5661=EDGE_CURVE('',#4472,#4482,#2303,.T.);
#5662=EDGE_CURVE('',#4483,#4484,#2304,.T.);
#5663=EDGE_CURVE('',#4483,#4485,#2305,.T.);
#5664=EDGE_CURVE('',#4485,#4486,#2306,.T.);
#5665=EDGE_CURVE('',#4486,#4487,#2307,.T.);
#5666=EDGE_CURVE('',#4487,#4488,#2308,.T.);
#5667=EDGE_CURVE('',#4488,#4489,#2309,.T.);
#5668=EDGE_CURVE('',#4489,#4490,#2310,.T.);
#5669=EDGE_CURVE('',#4490,#4491,#2311,.T.);
#5670=EDGE_CURVE('',#4491,#4492,#2312,.T.);
#5671=EDGE_CURVE('',#4492,#4484,#2313,.T.);
#5672=EDGE_CURVE('',#4493,#4493,#3774,.T.);
#5673=EDGE_CURVE('',#4494,#4495,#2314,.T.);
#5674=EDGE_CURVE('',#4496,#4495,#2315,.T.);
#5675=EDGE_CURVE('',#4496,#4497,#2316,.T.);
#5676=EDGE_CURVE('',#4497,#4494,#2317,.T.);
#5677=EDGE_CURVE('',#4498,#4499,#2318,.T.);
#5678=EDGE_CURVE('',#4499,#4500,#2319,.T.);
#5679=EDGE_CURVE('',#4501,#4500,#2320,.T.);
#5680=EDGE_CURVE('',#4501,#4498,#2321,.T.);
#5681=EDGE_CURVE('',#4502,#4503,#2322,.T.);
#5682=EDGE_CURVE('',#4502,#4504,#2323,.T.);
#5683=EDGE_CURVE('',#4504,#4505,#2324,.T.);
#5684=EDGE_CURVE('',#4505,#4503,#2325,.T.);
#5685=EDGE_CURVE('',#4465,#4458,#2326,.T.);
#5686=EDGE_CURVE('',#4506,#4507,#2327,.T.);
#5687=EDGE_CURVE('',#4507,#4508,#2328,.T.);
#5688=EDGE_CURVE('',#4508,#4509,#2329,.T.);
#5689=EDGE_CURVE('',#4509,#4506,#2330,.T.);
#5690=EDGE_CURVE('',#4510,#4511,#2331,.T.);
#5691=EDGE_CURVE('',#4511,#4512,#2332,.T.);
#5692=EDGE_CURVE('',#4512,#4513,#2333,.T.);
#5693=EDGE_CURVE('',#4513,#4514,#2334,.T.);
#5694=EDGE_CURVE('',#4514,#4515,#2335,.T.);
#5695=EDGE_CURVE('',#4515,#4516,#2336,.T.);
#5696=EDGE_CURVE('',#4516,#4517,#2337,.T.);
#5697=EDGE_CURVE('',#4517,#4518,#2338,.T.);
#5698=EDGE_CURVE('',#4518,#4519,#2339,.T.);
#5699=EDGE_CURVE('',#4519,#4510,#2340,.T.);
#5700=EDGE_CURVE('',#4520,#4521,#2341,.T.);
#5701=EDGE_CURVE('',#4521,#4522,#2342,.T.);
#5702=EDGE_CURVE('',#4522,#4523,#2343,.T.);
#5703=EDGE_CURVE('',#4523,#4459,#2344,.T.);
#5704=EDGE_CURVE('',#4464,#4520,#2345,.T.);
#5705=EDGE_CURVE('',#4523,#4463,#2346,.T.);
#5706=EDGE_CURVE('',#4520,#4461,#2347,.T.);
#5707=EDGE_CURVE('',#4461,#4524,#2348,.T.);
#5708=EDGE_CURVE('',#4525,#4463,#2349,.T.);
#5709=EDGE_CURVE('',#4525,#4524,#2350,.T.);
#5710=EDGE_CURVE('',#4526,#4527,#2351,.T.);
#5711=EDGE_CURVE('',#4527,#4528,#2352,.T.);
#5712=EDGE_CURVE('',#4528,#4529,#2353,.T.);
#5713=EDGE_CURVE('',#4529,#4530,#2354,.T.);
#5714=EDGE_CURVE('',#4468,#4530,#2355,.T.);
#5715=EDGE_CURVE('',#4467,#4531,#2356,.T.);
#5716=EDGE_CURVE('',#4531,#4526,#2357,.T.);
#5717=EDGE_CURVE('',#4530,#4532,#2358,.T.);
#5718=EDGE_CURVE('',#4532,#4469,#2359,.T.);
#5719=EDGE_CURVE('',#4533,#4534,#2360,.T.);
#5720=EDGE_CURVE('',#4534,#4535,#2361,.T.);
#5721=EDGE_CURVE('',#4535,#4536,#2362,.T.);
#5722=EDGE_CURVE('',#4536,#4537,#2363,.T.);
#5723=EDGE_CURVE('',#4537,#4470,#2364,.T.);
#5724=EDGE_CURVE('',#4532,#4533,#2365,.T.);
#5725=EDGE_CURVE('',#4531,#4537,#2366,.T.);
#5726=EDGE_CURVE('',#4483,#4538,#2367,.T.);
#5727=EDGE_CURVE('',#4539,#4484,#2368,.T.);
#5728=EDGE_CURVE('',#4539,#4538,#2369,.T.);
#5729=EDGE_CURVE('',#4540,#4485,#2370,.T.);
#5730=EDGE_CURVE('',#4538,#4540,#2371,.T.);
#5731=EDGE_CURVE('',#4486,#4541,#2372,.T.);
#5732=EDGE_CURVE('',#4541,#4540,#2373,.T.);
#5733=EDGE_CURVE('',#4487,#4542,#2374,.T.);
#5734=EDGE_CURVE('',#4542,#4541,#2375,.T.);
#5735=EDGE_CURVE('',#4543,#4542,#2376,.T.);
#5736=EDGE_CURVE('',#4543,#4488,#2377,.T.);
#5737=EDGE_CURVE('',#4544,#4543,#2378,.T.);
#5738=EDGE_CURVE('',#4544,#4489,#2379,.T.);
#5739=EDGE_CURVE('',#4490,#4545,#2380,.T.);
#5740=EDGE_CURVE('',#4545,#4544,#2381,.T.);
#5741=EDGE_CURVE('',#4491,#4546,#2382,.T.);
#5742=EDGE_CURVE('',#4546,#4545,#2383,.T.);
#5743=EDGE_CURVE('',#4492,#4547,#2384,.T.);
#5744=EDGE_CURVE('',#4547,#4546,#2385,.T.);
#5745=EDGE_CURVE('',#4547,#4539,#2386,.T.);
#5746=EDGE_CURVE('',#4493,#4175,#2387,.T.);
#5747=EDGE_CURVE('',#4548,#4549,#2388,.T.);
#5748=EDGE_CURVE('',#4550,#4548,#2389,.T.);
#5749=EDGE_CURVE('',#4550,#4551,#2390,.T.);
#5750=EDGE_CURVE('',#4552,#4551,#2391,.T.);
#5751=EDGE_CURVE('',#4495,#4552,#2392,.T.);
#5752=EDGE_CURVE('',#4549,#4494,#2393,.T.);
#5753=EDGE_CURVE('',#4553,#4552,#2394,.T.);
#5754=EDGE_CURVE('',#4553,#4496,#2395,.T.);
#5755=EDGE_CURVE('',#4497,#4554,#2396,.T.);
#5756=EDGE_CURVE('',#4555,#4553,#2397,.T.);
#5757=EDGE_CURVE('',#4556,#4555,#2398,.T.);
#5758=EDGE_CURVE('',#4556,#4557,#2399,.T.);
#5759=EDGE_CURVE('',#4554,#4557,#2400,.T.);
#5760=EDGE_CURVE('',#4549,#4554,#2401,.T.);
#5761=EDGE_CURVE('',#4506,#4551,#2402,.T.);
#5762=EDGE_CURVE('',#4551,#4555,#2403,.T.);
#5763=EDGE_CURVE('',#4507,#4555,#2404,.T.);
#5764=EDGE_CURVE('',#4553,#4508,#2405,.T.);
#5765=EDGE_CURVE('',#4509,#4552,#2406,.T.);
#5766=EDGE_CURVE('',#4510,#4546,#2407,.T.);
#5767=EDGE_CURVE('',#4511,#4545,#2408,.T.);
#5768=EDGE_CURVE('',#4544,#4512,#2409,.T.);
#5769=EDGE_CURVE('',#4543,#4513,#2410,.T.);
#5770=EDGE_CURVE('',#4514,#4542,#2411,.T.);
#5771=EDGE_CURVE('',#4515,#4541,#2412,.T.);
#5772=EDGE_CURVE('',#4516,#4540,#2413,.T.);
#5773=EDGE_CURVE('',#4517,#4538,#2414,.T.);
#5774=EDGE_CURVE('',#4518,#4539,#2415,.T.);
#5775=EDGE_CURVE('',#4519,#4547,#2416,.T.);
#5776=EDGE_CURVE('',#4558,#4559,#2417,.T.);
#5777=EDGE_CURVE('',#4559,#4560,#2418,.T.);
#5778=EDGE_CURVE('',#4560,#4561,#2419,.T.);
#5779=EDGE_CURVE('',#4561,#4562,#2420,.T.);
#5780=EDGE_CURVE('',#4521,#4562,#2421,.T.);
#5781=EDGE_CURVE('',#4524,#4558,#2422,.T.);
#5782=EDGE_CURVE('',#4562,#4563,#2423,.T.);
#5783=EDGE_CURVE('',#4563,#4522,#2424,.T.);
#5784=EDGE_CURVE('',#4564,#4565,#2425,.T.);
#5785=EDGE_CURVE('',#4565,#4566,#2426,.T.);
#5786=EDGE_CURVE('',#4566,#4567,#2427,.T.);
#5787=EDGE_CURVE('',#4567,#4525,#2428,.T.);
#5788=EDGE_CURVE('',#4563,#4564,#2429,.T.);
#5789=EDGE_CURVE('',#4567,#4558,#2430,.T.);
#5790=EDGE_CURVE('',#4527,#4535,#2431,.T.);
#5791=EDGE_CURVE('',#4536,#4526,#2432,.T.);
#5792=EDGE_CURVE('',#4534,#4528,#2433,.T.);
#5793=EDGE_CURVE('',#4529,#4533,#2434,.T.);
#5794=EDGE_CURVE('',#4557,#4548,#2435,.T.);
#5795=EDGE_CURVE('',#4556,#4550,#2436,.T.);
#5796=EDGE_CURVE('',#4559,#4566,#2437,.T.);
#5797=EDGE_CURVE('',#4565,#4560,#2438,.T.);
#5798=EDGE_CURVE('',#4561,#4564,#2439,.T.);
#5799=EDGE_CURVE('',#4498,#4568,#2440,.T.);
#5800=EDGE_CURVE('',#4568,#4569,#2441,.T.);
#5801=EDGE_CURVE('',#4569,#4499,#2442,.T.);
#5802=EDGE_CURVE('',#4341,#4570,#2443,.T.);
#5803=EDGE_CURVE('',#4570,#4571,#3775,.T.);
#5804=EDGE_CURVE('',#4571,#4572,#2444,.T.);
#5805=EDGE_CURVE('',#4572,#4573,#2445,.T.);
#5806=EDGE_CURVE('',#4573,#4574,#2446,.T.);
#5807=EDGE_CURVE('',#4574,#4575,#3776,.T.);
#5808=EDGE_CURVE('',#4575,#4342,#2447,.T.);
#5809=EDGE_CURVE('',#4569,#4576,#2448,.T.);
#5810=EDGE_CURVE('',#4576,#4500,#2449,.T.);
#5811=EDGE_CURVE('',#4344,#4577,#2450,.T.);
#5812=EDGE_CURVE('',#4577,#4570,#2451,.T.);
#5813=EDGE_CURVE('',#4571,#4578,#2452,.T.);
#5814=EDGE_CURVE('',#4578,#4577,#3777,.F.);
#5815=EDGE_CURVE('',#4578,#4579,#2453,.T.);
#5816=EDGE_CURVE('',#4579,#4572,#2454,.T.);
#5817=EDGE_CURVE('',#4572,#4580,#2455,.T.);
#5818=EDGE_CURVE('',#4580,#4581,#2456,.T.);
#5819=EDGE_CURVE('',#4581,#4573,#2457,.T.);
#5820=EDGE_CURVE('',#4582,#4583,#2458,.T.);
#5821=EDGE_CURVE('',#4574,#4583,#2459,.T.);
#5822=EDGE_CURVE('',#4573,#4582,#2460,.T.);
#5823=EDGE_CURVE('',#4583,#4584,#3778,.F.);
#5824=EDGE_CURVE('',#4575,#4584,#2461,.T.);
#5825=EDGE_CURVE('',#4501,#4585,#2462,.T.);
#5826=EDGE_CURVE('',#4585,#4568,#2463,.T.);
#5827=EDGE_CURVE('',#4584,#4343,#2464,.T.);
#5828=EDGE_CURVE('',#4568,#4586,#2465,.T.);
#5829=EDGE_CURVE('',#4586,#4587,#2466,.T.);
#5830=EDGE_CURVE('',#4587,#4569,#2467,.T.);
#5831=EDGE_CURVE('',#4582,#4579,#2468,.T.);
#5832=EDGE_CURVE('',#4576,#4585,#2469,.T.);
#5833=EDGE_CURVE('',#4587,#4588,#2470,.T.);
#5834=EDGE_CURVE('',#4588,#4576,#2471,.T.);
#5835=EDGE_CURVE('',#4579,#4589,#2472,.T.);
#5836=EDGE_CURVE('',#4580,#4589,#2473,.T.);
#5837=EDGE_CURVE('',#4589,#4590,#2474,.T.);
#5838=EDGE_CURVE('',#4581,#4590,#2475,.T.);
#5839=EDGE_CURVE('',#4590,#4582,#2476,.T.);
#5840=EDGE_CURVE('',#4585,#4591,#2477,.T.);
#5841=EDGE_CURVE('',#4591,#4586,#2478,.T.);
#5842=EDGE_CURVE('',#4588,#4591,#2479,.T.);
#5843=EDGE_CURVE('',#4504,#4592,#2480,.T.);
#5844=EDGE_CURVE('',#4592,#4593,#2481,.T.);
#5845=EDGE_CURVE('',#4593,#4505,#2482,.T.);
#5846=EDGE_CURVE('',#4345,#4594,#2483,.T.);
#5847=EDGE_CURVE('',#4594,#4595,#3779,.T.);
#5848=EDGE_CURVE('',#4595,#4596,#2484,.T.);
#5849=EDGE_CURVE('',#4596,#4597,#2485,.T.);
#5850=EDGE_CURVE('',#4597,#4598,#2486,.T.);
#5851=EDGE_CURVE('',#4598,#4599,#3780,.T.);
#5852=EDGE_CURVE('',#4599,#4346,#2487,.T.);
#5853=EDGE_CURVE('',#4600,#4601,#2488,.T.);
#5854=EDGE_CURVE('',#4598,#4601,#2489,.T.);
#5855=EDGE_CURVE('',#4597,#4600,#2490,.T.);
#5856=EDGE_CURVE('',#4601,#4602,#3781,.F.);
#5857=EDGE_CURVE('',#4602,#4599,#2491,.F.);
#5858=EDGE_CURVE('',#4502,#4603,#2492,.T.);
#5859=EDGE_CURVE('',#4603,#4592,#2493,.T.);
#5860=EDGE_CURVE('',#4602,#4347,#2494,.T.);
#5861=EDGE_CURVE('',#4592,#4604,#2495,.T.);
#5862=EDGE_CURVE('',#4604,#4605,#2496,.T.);
#5863=EDGE_CURVE('',#4605,#4593,#2497,.T.);
#5864=EDGE_CURVE('',#4593,#4606,#2498,.T.);
#5865=EDGE_CURVE('',#4606,#4503,#2499,.T.);
#5866=EDGE_CURVE('',#4348,#4607,#2500,.T.);
#5867=EDGE_CURVE('',#4607,#4594,#2501,.T.);
#5868=EDGE_CURVE('',#4595,#4608,#2502,.T.);
#5869=EDGE_CURVE('',#4608,#4607,#3782,.F.);
#5870=EDGE_CURVE('',#4608,#4609,#2503,.T.);
#5871=EDGE_CURVE('',#4609,#4596,#2504,.T.);
#5872=EDGE_CURVE('',#4596,#4610,#2505,.T.);
#5873=EDGE_CURVE('',#4610,#4611,#2506,.T.);
#5874=EDGE_CURVE('',#4611,#4597,#2507,.T.);
#5875=EDGE_CURVE('',#4600,#4609,#2508,.T.);
#5876=EDGE_CURVE('',#4606,#4603,#2509,.T.);
#5877=EDGE_CURVE('',#4611,#4612,#2510,.T.);
#5878=EDGE_CURVE('',#4612,#4600,#2511,.T.);
#5879=EDGE_CURVE('',#4603,#4613,#2512,.T.);
#5880=EDGE_CURVE('',#4613,#4604,#2513,.T.);
#5881=EDGE_CURVE('',#4614,#4613,#2514,.T.);
#5882=EDGE_CURVE('',#4605,#4614,#2515,.T.);
#5883=EDGE_CURVE('',#4614,#4606,#2516,.T.);
#5884=EDGE_CURVE('',#4609,#4615,#2517,.T.);
#5885=EDGE_CURVE('',#4610,#4615,#2518,.T.);
#5886=EDGE_CURVE('',#4615,#4612,#2519,.T.);
#5887=EDGE_CURVE('',#4616,#4617,#3783,.T.);
#5888=EDGE_CURVE('',#4618,#4616,#3784,.T.);
#5889=EDGE_CURVE('',#4618,#4619,#2520,.T.);
#5890=EDGE_CURVE('',#4619,#4619,#3785,.F.);
#5891=EDGE_CURVE('',#4617,#4618,#3786,.T.);
#5892=EDGE_CURVE('',#4620,#4620,#3787,.T.);
#5893=EDGE_CURVE('',#4616,#4621,#3788,.T.);
#5894=EDGE_CURVE('',#4622,#4621,#3789,.F.);
#5895=EDGE_CURVE('',#4621,#4622,#3790,.F.);
#5896=EDGE_CURVE('',#4219,#4620,#2521,.T.);
#5897=EDGE_CURVE('',#4622,#4623,#2522,.T.);
#5898=EDGE_CURVE('',#4623,#4623,#3791,.T.);
#5899=EDGE_CURVE('',#4623,#4624,#2523,.T.);
#5900=EDGE_CURVE('',#4624,#4624,#3792,.T.);
#5901=EDGE_CURVE('',#4363,#4625,#2524,.T.);
#5902=EDGE_CURVE('',#4625,#4625,#3793,.T.);
#5903=EDGE_CURVE('',#4626,#4626,#3794,.T.);
#5904=EDGE_CURVE('',#4626,#4627,#2525,.T.);
#5905=EDGE_CURVE('',#4627,#4628,#3795,.T.);
#5906=EDGE_CURVE('',#4628,#4629,#2526,.F.);
#5907=EDGE_CURVE('',#4630,#4629,#3796,.F.);
#5908=EDGE_CURVE('',#4630,#4631,#2527,.T.);
#5909=EDGE_CURVE('',#4631,#4632,#3797,.T.);
#5910=EDGE_CURVE('',#4633,#4632,#2528,.T.);
#5911=EDGE_CURVE('',#4634,#4633,#3798,.F.);
#5912=EDGE_CURVE('',#4634,#4635,#2529,.T.);
#5913=EDGE_CURVE('',#4635,#4636,#3799,.T.);
#5914=EDGE_CURVE('',#4637,#4636,#2530,.T.);
#5915=EDGE_CURVE('',#4638,#4637,#3800,.F.);
#5916=EDGE_CURVE('',#4638,#4639,#2531,.T.);
#5917=EDGE_CURVE('',#4639,#4640,#3801,.T.);
#5918=EDGE_CURVE('',#4640,#4641,#2532,.F.);
#5919=EDGE_CURVE('',#4642,#4641,#3802,.F.);
#5920=EDGE_CURVE('',#4642,#4643,#2533,.T.);
#5921=EDGE_CURVE('',#4643,#4627,#3803,.T.);
#5922=EDGE_CURVE('',#4643,#4644,#2534,.T.);
#5923=EDGE_CURVE('',#4644,#4640,#2535,.T.);
#5924=EDGE_CURVE('',#4639,#4645,#2536,.T.);
#5925=EDGE_CURVE('',#4636,#4645,#2537,.T.);
#5926=EDGE_CURVE('',#4635,#4646,#2538,.T.);
#5927=EDGE_CURVE('',#4632,#4646,#2539,.T.);
#5928=EDGE_CURVE('',#4631,#4647,#2540,.T.);
#5929=EDGE_CURVE('',#4647,#4628,#2541,.T.);
#5930=EDGE_CURVE('',#4648,#4637,#37,.T.);
#5931=EDGE_CURVE('',#4649,#4645,#2542,.T.);
#5932=EDGE_CURVE('',#4649,#4648,#38,.T.);
#5933=EDGE_CURVE('',#4650,#4648,#3804,.T.);
#5934=EDGE_CURVE('',#4638,#4650,#39,.T.);
#5935=EDGE_CURVE('',#4650,#4649,#40,.T.);
#5936=EDGE_CURVE('',#4651,#4644,#2543,.T.);
#5937=EDGE_CURVE('',#4652,#4651,#41,.T.);
#5938=EDGE_CURVE('',#4641,#4652,#42,.T.);
#5939=EDGE_CURVE('',#4653,#4652,#3805,.T.);
#5940=EDGE_CURVE('',#4642,#4653,#43,.T.);
#5941=EDGE_CURVE('',#4653,#4651,#44,.T.);
#5942=EDGE_CURVE('',#4647,#4654,#2544,.T.);
#5943=EDGE_CURVE('',#4655,#4654,#45,.T.);
#5944=EDGE_CURVE('',#4629,#4655,#46,.T.);
#5945=EDGE_CURVE('',#4655,#4656,#3806,.F.);
#5946=EDGE_CURVE('',#4656,#4630,#47,.T.);
#5947=EDGE_CURVE('',#4654,#4656,#48,.T.);
#5948=EDGE_CURVE('',#4657,#4633,#49,.T.);
#5949=EDGE_CURVE('',#4646,#4658,#2545,.T.);
#5950=EDGE_CURVE('',#4658,#4657,#50,.T.);
#5951=EDGE_CURVE('',#4659,#4634,#51,.T.);
#5952=EDGE_CURVE('',#4657,#4659,#3807,.F.);
#5953=EDGE_CURVE('',#4658,#4659,#52,.T.);
#5954=ORIENTED_EDGE('',*,*,#4660,.T.);
#5955=ORIENTED_EDGE('',*,*,#4661,.F.);
#5956=ORIENTED_EDGE('',*,*,#4662,.T.);
#5957=ORIENTED_EDGE('',*,*,#4663,.T.);
#5958=ORIENTED_EDGE('',*,*,#4664,.T.);
#5959=ORIENTED_EDGE('',*,*,#4665,.F.);
#5960=ORIENTED_EDGE('',*,*,#4666,.T.);
#5961=ORIENTED_EDGE('',*,*,#4667,.T.);
#5962=ORIENTED_EDGE('',*,*,#4668,.T.);
#5963=ORIENTED_EDGE('',*,*,#4669,.F.);
#5964=ORIENTED_EDGE('',*,*,#4670,.T.);
#5965=ORIENTED_EDGE('',*,*,#4671,.T.);
#5966=ORIENTED_EDGE('',*,*,#4672,.T.);
#5967=ORIENTED_EDGE('',*,*,#4673,.F.);
#5968=ORIENTED_EDGE('',*,*,#4674,.T.);
#5969=ORIENTED_EDGE('',*,*,#4675,.T.);
#5970=ORIENTED_EDGE('',*,*,#4676,.T.);
#5971=ORIENTED_EDGE('',*,*,#4677,.F.);
#5972=ORIENTED_EDGE('',*,*,#4678,.T.);
#5973=ORIENTED_EDGE('',*,*,#4679,.T.);
#5974=ORIENTED_EDGE('',*,*,#4680,.T.);
#5975=ORIENTED_EDGE('',*,*,#4681,.F.);
#5976=ORIENTED_EDGE('',*,*,#4682,.T.);
#5977=ORIENTED_EDGE('',*,*,#4683,.T.);
#5978=ORIENTED_EDGE('',*,*,#4684,.T.);
#5979=ORIENTED_EDGE('',*,*,#4685,.F.);
#5980=ORIENTED_EDGE('',*,*,#4686,.T.);
#5981=ORIENTED_EDGE('',*,*,#4687,.T.);
#5982=ORIENTED_EDGE('',*,*,#4688,.T.);
#5983=ORIENTED_EDGE('',*,*,#4689,.F.);
#5984=ORIENTED_EDGE('',*,*,#4690,.T.);
#5985=ORIENTED_EDGE('',*,*,#4691,.T.);
#5986=ORIENTED_EDGE('',*,*,#4692,.T.);
#5987=ORIENTED_EDGE('',*,*,#4693,.F.);
#5988=ORIENTED_EDGE('',*,*,#4694,.T.);
#5989=ORIENTED_EDGE('',*,*,#4695,.T.);
#5990=ORIENTED_EDGE('',*,*,#4696,.T.);
#5991=ORIENTED_EDGE('',*,*,#4697,.T.);
#5992=ORIENTED_EDGE('',*,*,#4698,.T.);
#5993=ORIENTED_EDGE('',*,*,#4699,.F.);
#5994=ORIENTED_EDGE('',*,*,#4700,.T.);
#5995=ORIENTED_EDGE('',*,*,#4701,.F.);
#5996=ORIENTED_EDGE('',*,*,#4702,.T.);
#5997=ORIENTED_EDGE('',*,*,#4703,.T.);
#5998=ORIENTED_EDGE('',*,*,#4704,.T.);
#5999=ORIENTED_EDGE('',*,*,#4705,.F.);
#6000=ORIENTED_EDGE('',*,*,#4706,.T.);
#6001=ORIENTED_EDGE('',*,*,#4707,.T.);
#6002=ORIENTED_EDGE('',*,*,#4708,.T.);
#6003=ORIENTED_EDGE('',*,*,#4709,.F.);
#6004=ORIENTED_EDGE('',*,*,#4710,.T.);
#6005=ORIENTED_EDGE('',*,*,#4711,.T.);
#6006=ORIENTED_EDGE('',*,*,#4712,.T.);
#6007=ORIENTED_EDGE('',*,*,#4713,.F.);
#6008=ORIENTED_EDGE('',*,*,#4714,.T.);
#6009=ORIENTED_EDGE('',*,*,#4715,.T.);
#6010=ORIENTED_EDGE('',*,*,#4716,.T.);
#6011=ORIENTED_EDGE('',*,*,#4717,.F.);
#6012=ORIENTED_EDGE('',*,*,#4718,.T.);
#6013=ORIENTED_EDGE('',*,*,#4719,.T.);
#6014=ORIENTED_EDGE('',*,*,#4720,.T.);
#6015=ORIENTED_EDGE('',*,*,#4721,.F.);
#6016=ORIENTED_EDGE('',*,*,#4722,.T.);
#6017=ORIENTED_EDGE('',*,*,#4723,.T.);
#6018=ORIENTED_EDGE('',*,*,#4724,.T.);
#6019=ORIENTED_EDGE('',*,*,#4725,.F.);
#6020=ORIENTED_EDGE('',*,*,#4726,.T.);
#6021=ORIENTED_EDGE('',*,*,#4727,.T.);
#6022=ORIENTED_EDGE('',*,*,#4728,.T.);
#6023=ORIENTED_EDGE('',*,*,#4729,.F.);
#6024=ORIENTED_EDGE('',*,*,#4730,.T.);
#6025=ORIENTED_EDGE('',*,*,#4731,.T.);
#6026=ORIENTED_EDGE('',*,*,#4732,.T.);
#6027=ORIENTED_EDGE('',*,*,#4733,.F.);
#6028=ORIENTED_EDGE('',*,*,#4734,.T.);
#6029=ORIENTED_EDGE('',*,*,#4735,.T.);
#6030=ORIENTED_EDGE('',*,*,#4736,.T.);
#6031=ORIENTED_EDGE('',*,*,#4737,.F.);
#6032=ORIENTED_EDGE('',*,*,#4738,.T.);
#6033=ORIENTED_EDGE('',*,*,#4739,.T.);
#6034=ORIENTED_EDGE('',*,*,#4740,.F.);
#6035=ORIENTED_EDGE('',*,*,#4741,.F.);
#6036=ORIENTED_EDGE('',*,*,#4698,.F.);
#6037=ORIENTED_EDGE('',*,*,#4742,.F.);
#6038=ORIENTED_EDGE('',*,*,#4743,.F.);
#6039=ORIENTED_EDGE('',*,*,#4744,.F.);
#6040=ORIENTED_EDGE('',*,*,#4700,.F.);
#6041=ORIENTED_EDGE('',*,*,#4745,.F.);
#6042=ORIENTED_EDGE('',*,*,#4746,.F.);
#6043=ORIENTED_EDGE('',*,*,#4747,.F.);
#6044=ORIENTED_EDGE('',*,*,#4704,.F.);
#6045=ORIENTED_EDGE('',*,*,#4748,.F.);
#6046=ORIENTED_EDGE('',*,*,#4749,.F.);
#6047=ORIENTED_EDGE('',*,*,#4750,.F.);
#6048=ORIENTED_EDGE('',*,*,#4708,.F.);
#6049=ORIENTED_EDGE('',*,*,#4751,.F.);
#6050=ORIENTED_EDGE('',*,*,#4752,.F.);
#6051=ORIENTED_EDGE('',*,*,#4753,.F.);
#6052=ORIENTED_EDGE('',*,*,#4712,.F.);
#6053=ORIENTED_EDGE('',*,*,#4754,.F.);
#6054=ORIENTED_EDGE('',*,*,#4755,.F.);
#6055=ORIENTED_EDGE('',*,*,#4756,.F.);
#6056=ORIENTED_EDGE('',*,*,#4716,.F.);
#6057=ORIENTED_EDGE('',*,*,#4757,.F.);
#6058=ORIENTED_EDGE('',*,*,#4758,.F.);
#6059=ORIENTED_EDGE('',*,*,#4759,.F.);
#6060=ORIENTED_EDGE('',*,*,#4760,.F.);
#6061=ORIENTED_EDGE('',*,*,#4720,.F.);
#6062=ORIENTED_EDGE('',*,*,#4761,.F.);
#6063=ORIENTED_EDGE('',*,*,#4762,.F.);
#6064=ORIENTED_EDGE('',*,*,#4763,.F.);
#6065=ORIENTED_EDGE('',*,*,#4724,.F.);
#6066=ORIENTED_EDGE('',*,*,#4764,.F.);
#6067=ORIENTED_EDGE('',*,*,#4765,.F.);
#6068=ORIENTED_EDGE('',*,*,#4766,.F.);
#6069=ORIENTED_EDGE('',*,*,#4728,.F.);
#6070=ORIENTED_EDGE('',*,*,#4767,.F.);
#6071=ORIENTED_EDGE('',*,*,#4768,.F.);
#6072=ORIENTED_EDGE('',*,*,#4769,.F.);
#6073=ORIENTED_EDGE('',*,*,#4732,.F.);
#6074=ORIENTED_EDGE('',*,*,#4770,.F.);
#6075=ORIENTED_EDGE('',*,*,#4771,.F.);
#6076=ORIENTED_EDGE('',*,*,#4772,.F.);
#6077=ORIENTED_EDGE('',*,*,#4736,.F.);
#6078=ORIENTED_EDGE('',*,*,#4773,.F.);
#6079=ORIENTED_EDGE('',*,*,#4774,.F.);
#6080=ORIENTED_EDGE('',*,*,#4775,.F.);
#6081=ORIENTED_EDGE('',*,*,#4660,.F.);
#6082=ORIENTED_EDGE('',*,*,#4776,.F.);
#6083=ORIENTED_EDGE('',*,*,#4777,.F.);
#6084=ORIENTED_EDGE('',*,*,#4778,.F.);
#6085=ORIENTED_EDGE('',*,*,#4664,.F.);
#6086=ORIENTED_EDGE('',*,*,#4779,.F.);
#6087=ORIENTED_EDGE('',*,*,#4780,.F.);
#6088=ORIENTED_EDGE('',*,*,#4781,.F.);
#6089=ORIENTED_EDGE('',*,*,#4668,.F.);
#6090=ORIENTED_EDGE('',*,*,#4782,.F.);
#6091=ORIENTED_EDGE('',*,*,#4783,.F.);
#6092=ORIENTED_EDGE('',*,*,#4784,.F.);
#6093=ORIENTED_EDGE('',*,*,#4672,.F.);
#6094=ORIENTED_EDGE('',*,*,#4785,.F.);
#6095=ORIENTED_EDGE('',*,*,#4786,.F.);
#6096=ORIENTED_EDGE('',*,*,#4787,.F.);
#6097=ORIENTED_EDGE('',*,*,#4676,.F.);
#6098=ORIENTED_EDGE('',*,*,#4788,.F.);
#6099=ORIENTED_EDGE('',*,*,#4789,.F.);
#6100=ORIENTED_EDGE('',*,*,#4790,.F.);
#6101=ORIENTED_EDGE('',*,*,#4680,.F.);
#6102=ORIENTED_EDGE('',*,*,#4791,.F.);
#6103=ORIENTED_EDGE('',*,*,#4792,.F.);
#6104=ORIENTED_EDGE('',*,*,#4793,.F.);
#6105=ORIENTED_EDGE('',*,*,#4684,.F.);
#6106=ORIENTED_EDGE('',*,*,#4794,.F.);
#6107=ORIENTED_EDGE('',*,*,#4795,.F.);
#6108=ORIENTED_EDGE('',*,*,#4796,.F.);
#6109=ORIENTED_EDGE('',*,*,#4688,.F.);
#6110=ORIENTED_EDGE('',*,*,#4797,.F.);
#6111=ORIENTED_EDGE('',*,*,#4798,.F.);
#6112=ORIENTED_EDGE('',*,*,#4799,.F.);
#6113=ORIENTED_EDGE('',*,*,#4692,.F.);
#6114=ORIENTED_EDGE('',*,*,#4800,.F.);
#6115=ORIENTED_EDGE('',*,*,#4801,.F.);
#6116=ORIENTED_EDGE('',*,*,#4802,.F.);
#6117=ORIENTED_EDGE('',*,*,#4803,.T.);
#6118=ORIENTED_EDGE('',*,*,#4801,.T.);
#6119=ORIENTED_EDGE('',*,*,#4803,.F.);
#6120=ORIENTED_EDGE('',*,*,#4804,.F.);
#6121=ORIENTED_EDGE('',*,*,#4802,.T.);
#6122=ORIENTED_EDGE('',*,*,#4805,.F.);
#6123=ORIENTED_EDGE('',*,*,#4806,.F.);
#6124=ORIENTED_EDGE('',*,*,#4807,.T.);
#6125=ORIENTED_EDGE('',*,*,#4808,.T.);
#6126=ORIENTED_EDGE('',*,*,#4804,.T.);
#6127=ORIENTED_EDGE('',*,*,#4808,.F.);
#6128=ORIENTED_EDGE('',*,*,#4806,.T.);
#6129=ORIENTED_EDGE('',*,*,#4809,.T.);
#6130=ORIENTED_EDGE('',*,*,#4810,.T.);
#6131=ORIENTED_EDGE('',*,*,#4809,.F.);
#6132=ORIENTED_EDGE('',*,*,#4807,.F.);
#6133=ORIENTED_EDGE('',*,*,#4810,.F.);
#6134=ORIENTED_EDGE('',*,*,#4811,.T.);
#6135=ORIENTED_EDGE('',*,*,#4776,.T.);
#6136=ORIENTED_EDGE('',*,*,#4663,.F.);
#6137=ORIENTED_EDGE('',*,*,#4812,.F.);
#6138=ORIENTED_EDGE('',*,*,#4813,.F.);
#6139=ORIENTED_EDGE('',*,*,#4812,.T.);
#6140=ORIENTED_EDGE('',*,*,#4662,.F.);
#6141=ORIENTED_EDGE('',*,*,#4814,.T.);
#6142=ORIENTED_EDGE('',*,*,#4815,.F.);
#6143=ORIENTED_EDGE('',*,*,#4814,.F.);
#6144=ORIENTED_EDGE('',*,*,#4661,.T.);
#6145=ORIENTED_EDGE('',*,*,#4775,.T.);
#6146=ORIENTED_EDGE('',*,*,#4816,.T.);
#6147=ORIENTED_EDGE('',*,*,#4779,.T.);
#6148=ORIENTED_EDGE('',*,*,#4667,.F.);
#6149=ORIENTED_EDGE('',*,*,#4817,.F.);
#6150=ORIENTED_EDGE('',*,*,#4818,.F.);
#6151=ORIENTED_EDGE('',*,*,#4817,.T.);
#6152=ORIENTED_EDGE('',*,*,#4666,.F.);
#6153=ORIENTED_EDGE('',*,*,#4819,.T.);
#6154=ORIENTED_EDGE('',*,*,#4820,.F.);
#6155=ORIENTED_EDGE('',*,*,#4819,.F.);
#6156=ORIENTED_EDGE('',*,*,#4665,.T.);
#6157=ORIENTED_EDGE('',*,*,#4778,.T.);
#6158=ORIENTED_EDGE('',*,*,#4821,.T.);
#6159=ORIENTED_EDGE('',*,*,#4782,.T.);
#6160=ORIENTED_EDGE('',*,*,#4671,.F.);
#6161=ORIENTED_EDGE('',*,*,#4822,.F.);
#6162=ORIENTED_EDGE('',*,*,#4823,.F.);
#6163=ORIENTED_EDGE('',*,*,#4822,.T.);
#6164=ORIENTED_EDGE('',*,*,#4670,.F.);
#6165=ORIENTED_EDGE('',*,*,#4824,.T.);
#6166=ORIENTED_EDGE('',*,*,#4825,.F.);
#6167=ORIENTED_EDGE('',*,*,#4824,.F.);
#6168=ORIENTED_EDGE('',*,*,#4669,.T.);
#6169=ORIENTED_EDGE('',*,*,#4781,.T.);
#6170=ORIENTED_EDGE('',*,*,#4826,.T.);
#6171=ORIENTED_EDGE('',*,*,#4785,.T.);
#6172=ORIENTED_EDGE('',*,*,#4675,.F.);
#6173=ORIENTED_EDGE('',*,*,#4827,.F.);
#6174=ORIENTED_EDGE('',*,*,#4828,.F.);
#6175=ORIENTED_EDGE('',*,*,#4827,.T.);
#6176=ORIENTED_EDGE('',*,*,#4674,.F.);
#6177=ORIENTED_EDGE('',*,*,#4829,.T.);
#6178=ORIENTED_EDGE('',*,*,#4830,.F.);
#6179=ORIENTED_EDGE('',*,*,#4829,.F.);
#6180=ORIENTED_EDGE('',*,*,#4673,.T.);
#6181=ORIENTED_EDGE('',*,*,#4784,.T.);
#6182=ORIENTED_EDGE('',*,*,#4831,.T.);
#6183=ORIENTED_EDGE('',*,*,#4788,.T.);
#6184=ORIENTED_EDGE('',*,*,#4679,.F.);
#6185=ORIENTED_EDGE('',*,*,#4832,.F.);
#6186=ORIENTED_EDGE('',*,*,#4833,.F.);
#6187=ORIENTED_EDGE('',*,*,#4832,.T.);
#6188=ORIENTED_EDGE('',*,*,#4678,.F.);
#6189=ORIENTED_EDGE('',*,*,#4834,.T.);
#6190=ORIENTED_EDGE('',*,*,#4835,.F.);
#6191=ORIENTED_EDGE('',*,*,#4834,.F.);
#6192=ORIENTED_EDGE('',*,*,#4677,.T.);
#6193=ORIENTED_EDGE('',*,*,#4787,.T.);
#6194=ORIENTED_EDGE('',*,*,#4836,.T.);
#6195=ORIENTED_EDGE('',*,*,#4791,.T.);
#6196=ORIENTED_EDGE('',*,*,#4683,.F.);
#6197=ORIENTED_EDGE('',*,*,#4837,.F.);
#6198=ORIENTED_EDGE('',*,*,#4838,.F.);
#6199=ORIENTED_EDGE('',*,*,#4837,.T.);
#6200=ORIENTED_EDGE('',*,*,#4682,.F.);
#6201=ORIENTED_EDGE('',*,*,#4839,.T.);
#6202=ORIENTED_EDGE('',*,*,#4840,.F.);
#6203=ORIENTED_EDGE('',*,*,#4839,.F.);
#6204=ORIENTED_EDGE('',*,*,#4681,.T.);
#6205=ORIENTED_EDGE('',*,*,#4790,.T.);
#6206=ORIENTED_EDGE('',*,*,#4841,.T.);
#6207=ORIENTED_EDGE('',*,*,#4794,.T.);
#6208=ORIENTED_EDGE('',*,*,#4687,.F.);
#6209=ORIENTED_EDGE('',*,*,#4842,.F.);
#6210=ORIENTED_EDGE('',*,*,#4843,.F.);
#6211=ORIENTED_EDGE('',*,*,#4842,.T.);
#6212=ORIENTED_EDGE('',*,*,#4686,.F.);
#6213=ORIENTED_EDGE('',*,*,#4844,.T.);
#6214=ORIENTED_EDGE('',*,*,#4845,.T.);
#6215=ORIENTED_EDGE('',*,*,#4844,.F.);
#6216=ORIENTED_EDGE('',*,*,#4685,.T.);
#6217=ORIENTED_EDGE('',*,*,#4793,.T.);
#6218=ORIENTED_EDGE('',*,*,#4846,.T.);
#6219=ORIENTED_EDGE('',*,*,#4797,.T.);
#6220=ORIENTED_EDGE('',*,*,#4691,.F.);
#6221=ORIENTED_EDGE('',*,*,#4847,.F.);
#6222=ORIENTED_EDGE('',*,*,#4848,.F.);
#6223=ORIENTED_EDGE('',*,*,#4847,.T.);
#6224=ORIENTED_EDGE('',*,*,#4690,.F.);
#6225=ORIENTED_EDGE('',*,*,#4849,.T.);
#6226=ORIENTED_EDGE('',*,*,#4850,.F.);
#6227=ORIENTED_EDGE('',*,*,#4849,.F.);
#6228=ORIENTED_EDGE('',*,*,#4689,.T.);
#6229=ORIENTED_EDGE('',*,*,#4796,.T.);
#6230=ORIENTED_EDGE('',*,*,#4851,.T.);
#6231=ORIENTED_EDGE('',*,*,#4800,.T.);
#6232=ORIENTED_EDGE('',*,*,#4695,.F.);
#6233=ORIENTED_EDGE('',*,*,#4852,.F.);
#6234=ORIENTED_EDGE('',*,*,#4853,.F.);
#6235=ORIENTED_EDGE('',*,*,#4852,.T.);
#6236=ORIENTED_EDGE('',*,*,#4694,.F.);
#6237=ORIENTED_EDGE('',*,*,#4854,.T.);
#6238=ORIENTED_EDGE('',*,*,#4855,.F.);
#6239=ORIENTED_EDGE('',*,*,#4854,.F.);
#6240=ORIENTED_EDGE('',*,*,#4693,.T.);
#6241=ORIENTED_EDGE('',*,*,#4799,.T.);
#6242=ORIENTED_EDGE('',*,*,#4856,.T.);
#6243=ORIENTED_EDGE('',*,*,#4742,.T.);
#6244=ORIENTED_EDGE('',*,*,#4697,.F.);
#6245=ORIENTED_EDGE('',*,*,#4857,.F.);
#6246=ORIENTED_EDGE('',*,*,#4696,.F.);
#6247=ORIENTED_EDGE('',*,*,#4858,.T.);
#6248=ORIENTED_EDGE('',*,*,#4859,.F.);
#6249=ORIENTED_EDGE('',*,*,#4857,.T.);
#6250=ORIENTED_EDGE('',*,*,#4860,.F.);
#6251=ORIENTED_EDGE('',*,*,#4858,.F.);
#6252=ORIENTED_EDGE('',*,*,#4699,.T.);
#6253=ORIENTED_EDGE('',*,*,#4741,.T.);
#6254=ORIENTED_EDGE('',*,*,#4861,.T.);
#6255=ORIENTED_EDGE('',*,*,#4745,.T.);
#6256=ORIENTED_EDGE('',*,*,#4703,.F.);
#6257=ORIENTED_EDGE('',*,*,#4862,.F.);
#6258=ORIENTED_EDGE('',*,*,#4863,.F.);
#6259=ORIENTED_EDGE('',*,*,#4862,.T.);
#6260=ORIENTED_EDGE('',*,*,#4702,.F.);
#6261=ORIENTED_EDGE('',*,*,#4864,.T.);
#6262=ORIENTED_EDGE('',*,*,#4865,.F.);
#6263=ORIENTED_EDGE('',*,*,#4864,.F.);
#6264=ORIENTED_EDGE('',*,*,#4701,.T.);
#6265=ORIENTED_EDGE('',*,*,#4744,.T.);
#6266=ORIENTED_EDGE('',*,*,#4866,.T.);
#6267=ORIENTED_EDGE('',*,*,#4748,.T.);
#6268=ORIENTED_EDGE('',*,*,#4707,.F.);
#6269=ORIENTED_EDGE('',*,*,#4867,.F.);
#6270=ORIENTED_EDGE('',*,*,#4868,.F.);
#6271=ORIENTED_EDGE('',*,*,#4867,.T.);
#6272=ORIENTED_EDGE('',*,*,#4706,.F.);
#6273=ORIENTED_EDGE('',*,*,#4869,.T.);
#6274=ORIENTED_EDGE('',*,*,#4870,.F.);
#6275=ORIENTED_EDGE('',*,*,#4869,.F.);
#6276=ORIENTED_EDGE('',*,*,#4705,.T.);
#6277=ORIENTED_EDGE('',*,*,#4747,.T.);
#6278=ORIENTED_EDGE('',*,*,#4871,.T.);
#6279=ORIENTED_EDGE('',*,*,#4751,.T.);
#6280=ORIENTED_EDGE('',*,*,#4711,.F.);
#6281=ORIENTED_EDGE('',*,*,#4872,.F.);
#6282=ORIENTED_EDGE('',*,*,#4873,.F.);
#6283=ORIENTED_EDGE('',*,*,#4872,.T.);
#6284=ORIENTED_EDGE('',*,*,#4710,.F.);
#6285=ORIENTED_EDGE('',*,*,#4874,.T.);
#6286=ORIENTED_EDGE('',*,*,#4875,.F.);
#6287=ORIENTED_EDGE('',*,*,#4874,.F.);
#6288=ORIENTED_EDGE('',*,*,#4709,.T.);
#6289=ORIENTED_EDGE('',*,*,#4750,.T.);
#6290=ORIENTED_EDGE('',*,*,#4876,.T.);
#6291=ORIENTED_EDGE('',*,*,#4754,.T.);
#6292=ORIENTED_EDGE('',*,*,#4715,.F.);
#6293=ORIENTED_EDGE('',*,*,#4877,.F.);
#6294=ORIENTED_EDGE('',*,*,#4878,.F.);
#6295=ORIENTED_EDGE('',*,*,#4877,.T.);
#6296=ORIENTED_EDGE('',*,*,#4714,.F.);
#6297=ORIENTED_EDGE('',*,*,#4879,.T.);
#6298=ORIENTED_EDGE('',*,*,#4880,.F.);
#6299=ORIENTED_EDGE('',*,*,#4879,.F.);
#6300=ORIENTED_EDGE('',*,*,#4713,.T.);
#6301=ORIENTED_EDGE('',*,*,#4753,.T.);
#6302=ORIENTED_EDGE('',*,*,#4881,.T.);
#6303=ORIENTED_EDGE('',*,*,#4757,.T.);
#6304=ORIENTED_EDGE('',*,*,#4719,.F.);
#6305=ORIENTED_EDGE('',*,*,#4882,.F.);
#6306=ORIENTED_EDGE('',*,*,#4883,.F.);
#6307=ORIENTED_EDGE('',*,*,#4882,.T.);
#6308=ORIENTED_EDGE('',*,*,#4718,.F.);
#6309=ORIENTED_EDGE('',*,*,#4884,.T.);
#6310=ORIENTED_EDGE('',*,*,#4789,.T.);
#6311=ORIENTED_EDGE('',*,*,#4831,.F.);
#6312=ORIENTED_EDGE('',*,*,#4833,.T.);
#6313=ORIENTED_EDGE('',*,*,#4835,.T.);
#6314=ORIENTED_EDGE('',*,*,#4786,.T.);
#6315=ORIENTED_EDGE('',*,*,#4826,.F.);
#6316=ORIENTED_EDGE('',*,*,#4828,.T.);
#6317=ORIENTED_EDGE('',*,*,#4830,.T.);
#6318=ORIENTED_EDGE('',*,*,#4783,.T.);
#6319=ORIENTED_EDGE('',*,*,#4821,.F.);
#6320=ORIENTED_EDGE('',*,*,#4823,.T.);
#6321=ORIENTED_EDGE('',*,*,#4825,.T.);
#6322=ORIENTED_EDGE('',*,*,#4780,.T.);
#6323=ORIENTED_EDGE('',*,*,#4816,.F.);
#6324=ORIENTED_EDGE('',*,*,#4818,.T.);
#6325=ORIENTED_EDGE('',*,*,#4820,.T.);
#6326=ORIENTED_EDGE('',*,*,#4777,.T.);
#6327=ORIENTED_EDGE('',*,*,#4811,.F.);
#6328=ORIENTED_EDGE('',*,*,#4813,.T.);
#6329=ORIENTED_EDGE('',*,*,#4815,.T.);
#6330=ORIENTED_EDGE('',*,*,#4774,.T.);
#6331=ORIENTED_EDGE('',*,*,#4885,.F.);
#6332=ORIENTED_EDGE('',*,*,#4886,.T.);
#6333=ORIENTED_EDGE('',*,*,#4887,.T.);
#6334=ORIENTED_EDGE('',*,*,#4771,.T.);
#6335=ORIENTED_EDGE('',*,*,#4888,.F.);
#6336=ORIENTED_EDGE('',*,*,#4889,.T.);
#6337=ORIENTED_EDGE('',*,*,#4890,.T.);
#6338=ORIENTED_EDGE('',*,*,#4768,.T.);
#6339=ORIENTED_EDGE('',*,*,#4891,.F.);
#6340=ORIENTED_EDGE('',*,*,#4892,.T.);
#6341=ORIENTED_EDGE('',*,*,#4893,.T.);
#6342=ORIENTED_EDGE('',*,*,#4765,.T.);
#6343=ORIENTED_EDGE('',*,*,#4894,.F.);
#6344=ORIENTED_EDGE('',*,*,#4895,.T.);
#6345=ORIENTED_EDGE('',*,*,#4896,.T.);
#6346=ORIENTED_EDGE('',*,*,#4762,.T.);
#6347=ORIENTED_EDGE('',*,*,#4897,.F.);
#6348=ORIENTED_EDGE('',*,*,#4898,.T.);
#6349=ORIENTED_EDGE('',*,*,#4899,.T.);
#6350=ORIENTED_EDGE('',*,*,#4759,.T.);
#6351=ORIENTED_EDGE('',*,*,#4900,.T.);
#6352=ORIENTED_EDGE('',*,*,#4805,.T.);
#6353=ORIENTED_EDGE('',*,*,#4900,.F.);
#6354=ORIENTED_EDGE('',*,*,#4758,.T.);
#6355=ORIENTED_EDGE('',*,*,#4881,.F.);
#6356=ORIENTED_EDGE('',*,*,#4883,.T.);
#6357=ORIENTED_EDGE('',*,*,#4901,.T.);
#6358=ORIENTED_EDGE('',*,*,#4755,.T.);
#6359=ORIENTED_EDGE('',*,*,#4876,.F.);
#6360=ORIENTED_EDGE('',*,*,#4878,.T.);
#6361=ORIENTED_EDGE('',*,*,#4880,.T.);
#6362=ORIENTED_EDGE('',*,*,#4752,.T.);
#6363=ORIENTED_EDGE('',*,*,#4871,.F.);
#6364=ORIENTED_EDGE('',*,*,#4873,.T.);
#6365=ORIENTED_EDGE('',*,*,#4875,.T.);
#6366=ORIENTED_EDGE('',*,*,#4749,.T.);
#6367=ORIENTED_EDGE('',*,*,#4866,.F.);
#6368=ORIENTED_EDGE('',*,*,#4868,.T.);
#6369=ORIENTED_EDGE('',*,*,#4870,.T.);
#6370=ORIENTED_EDGE('',*,*,#4746,.T.);
#6371=ORIENTED_EDGE('',*,*,#4861,.F.);
#6372=ORIENTED_EDGE('',*,*,#4863,.T.);
#6373=ORIENTED_EDGE('',*,*,#4865,.T.);
#6374=ORIENTED_EDGE('',*,*,#4743,.T.);
#6375=ORIENTED_EDGE('',*,*,#4856,.F.);
#6376=ORIENTED_EDGE('',*,*,#4859,.T.);
#6377=ORIENTED_EDGE('',*,*,#4860,.T.);
#6378=ORIENTED_EDGE('',*,*,#4740,.T.);
#6379=ORIENTED_EDGE('',*,*,#4851,.F.);
#6380=ORIENTED_EDGE('',*,*,#4853,.T.);
#6381=ORIENTED_EDGE('',*,*,#4855,.T.);
#6382=ORIENTED_EDGE('',*,*,#4798,.T.);
#6383=ORIENTED_EDGE('',*,*,#4846,.F.);
#6384=ORIENTED_EDGE('',*,*,#4848,.T.);
#6385=ORIENTED_EDGE('',*,*,#4850,.T.);
#6386=ORIENTED_EDGE('',*,*,#4795,.T.);
#6387=ORIENTED_EDGE('',*,*,#4841,.F.);
#6388=ORIENTED_EDGE('',*,*,#4843,.T.);
#6389=ORIENTED_EDGE('',*,*,#4845,.F.);
#6390=ORIENTED_EDGE('',*,*,#4792,.T.);
#6391=ORIENTED_EDGE('',*,*,#4836,.F.);
#6392=ORIENTED_EDGE('',*,*,#4838,.T.);
#6393=ORIENTED_EDGE('',*,*,#4840,.T.);
#6394=ORIENTED_EDGE('',*,*,#4901,.F.);
#6395=ORIENTED_EDGE('',*,*,#4884,.F.);
#6396=ORIENTED_EDGE('',*,*,#4717,.T.);
#6397=ORIENTED_EDGE('',*,*,#4756,.T.);
#6398=ORIENTED_EDGE('',*,*,#4897,.T.);
#6399=ORIENTED_EDGE('',*,*,#4761,.T.);
#6400=ORIENTED_EDGE('',*,*,#4723,.F.);
#6401=ORIENTED_EDGE('',*,*,#4902,.F.);
#6402=ORIENTED_EDGE('',*,*,#4898,.F.);
#6403=ORIENTED_EDGE('',*,*,#4902,.T.);
#6404=ORIENTED_EDGE('',*,*,#4722,.F.);
#6405=ORIENTED_EDGE('',*,*,#4903,.T.);
#6406=ORIENTED_EDGE('',*,*,#4899,.F.);
#6407=ORIENTED_EDGE('',*,*,#4903,.F.);
#6408=ORIENTED_EDGE('',*,*,#4721,.T.);
#6409=ORIENTED_EDGE('',*,*,#4760,.T.);
#6410=ORIENTED_EDGE('',*,*,#4894,.T.);
#6411=ORIENTED_EDGE('',*,*,#4764,.T.);
#6412=ORIENTED_EDGE('',*,*,#4727,.F.);
#6413=ORIENTED_EDGE('',*,*,#4904,.F.);
#6414=ORIENTED_EDGE('',*,*,#4895,.F.);
#6415=ORIENTED_EDGE('',*,*,#4904,.T.);
#6416=ORIENTED_EDGE('',*,*,#4726,.F.);
#6417=ORIENTED_EDGE('',*,*,#4905,.T.);
#6418=ORIENTED_EDGE('',*,*,#4896,.F.);
#6419=ORIENTED_EDGE('',*,*,#4905,.F.);
#6420=ORIENTED_EDGE('',*,*,#4725,.T.);
#6421=ORIENTED_EDGE('',*,*,#4763,.T.);
#6422=ORIENTED_EDGE('',*,*,#4891,.T.);
#6423=ORIENTED_EDGE('',*,*,#4767,.T.);
#6424=ORIENTED_EDGE('',*,*,#4731,.F.);
#6425=ORIENTED_EDGE('',*,*,#4906,.F.);
#6426=ORIENTED_EDGE('',*,*,#4892,.F.);
#6427=ORIENTED_EDGE('',*,*,#4906,.T.);
#6428=ORIENTED_EDGE('',*,*,#4730,.F.);
#6429=ORIENTED_EDGE('',*,*,#4907,.T.);
#6430=ORIENTED_EDGE('',*,*,#4893,.F.);
#6431=ORIENTED_EDGE('',*,*,#4907,.F.);
#6432=ORIENTED_EDGE('',*,*,#4729,.T.);
#6433=ORIENTED_EDGE('',*,*,#4766,.T.);
#6434=ORIENTED_EDGE('',*,*,#4888,.T.);
#6435=ORIENTED_EDGE('',*,*,#4770,.T.);
#6436=ORIENTED_EDGE('',*,*,#4735,.F.);
#6437=ORIENTED_EDGE('',*,*,#4908,.F.);
#6438=ORIENTED_EDGE('',*,*,#4889,.F.);
#6439=ORIENTED_EDGE('',*,*,#4908,.T.);
#6440=ORIENTED_EDGE('',*,*,#4734,.F.);
#6441=ORIENTED_EDGE('',*,*,#4909,.T.);
#6442=ORIENTED_EDGE('',*,*,#4890,.F.);
#6443=ORIENTED_EDGE('',*,*,#4909,.F.);
#6444=ORIENTED_EDGE('',*,*,#4733,.T.);
#6445=ORIENTED_EDGE('',*,*,#4769,.T.);
#6446=ORIENTED_EDGE('',*,*,#4885,.T.);
#6447=ORIENTED_EDGE('',*,*,#4773,.T.);
#6448=ORIENTED_EDGE('',*,*,#4739,.F.);
#6449=ORIENTED_EDGE('',*,*,#4910,.F.);
#6450=ORIENTED_EDGE('',*,*,#4886,.F.);
#6451=ORIENTED_EDGE('',*,*,#4910,.T.);
#6452=ORIENTED_EDGE('',*,*,#4738,.F.);
#6453=ORIENTED_EDGE('',*,*,#4911,.T.);
#6454=ORIENTED_EDGE('',*,*,#4887,.F.);
#6455=ORIENTED_EDGE('',*,*,#4911,.F.);
#6456=ORIENTED_EDGE('',*,*,#4737,.T.);
#6457=ORIENTED_EDGE('',*,*,#4772,.T.);
#6458=ORIENTED_EDGE('',*,*,#4912,.F.);
#6459=ORIENTED_EDGE('',*,*,#4913,.F.);
#6460=ORIENTED_EDGE('',*,*,#4913,.T.);
#6461=ORIENTED_EDGE('',*,*,#4914,.T.);
#6462=ORIENTED_EDGE('',*,*,#4915,.T.);
#6463=ORIENTED_EDGE('',*,*,#4914,.F.);
#6464=ORIENTED_EDGE('',*,*,#4916,.F.);
#6465=ORIENTED_EDGE('',*,*,#4915,.F.);
#6466=ORIENTED_EDGE('',*,*,#4916,.T.);
#6467=ORIENTED_EDGE('',*,*,#4917,.T.);
#6468=ORIENTED_EDGE('',*,*,#4918,.T.);
#6469=ORIENTED_EDGE('',*,*,#4917,.F.);
#6470=ORIENTED_EDGE('',*,*,#4919,.T.);
#6471=ORIENTED_EDGE('',*,*,#4920,.F.);
#6472=ORIENTED_EDGE('',*,*,#4921,.T.);
#6473=ORIENTED_EDGE('',*,*,#4922,.T.);
#6474=ORIENTED_EDGE('',*,*,#4923,.T.);
#6475=ORIENTED_EDGE('',*,*,#4924,.F.);
#6476=ORIENTED_EDGE('',*,*,#4925,.T.);
#6477=ORIENTED_EDGE('',*,*,#4926,.T.);
#6478=ORIENTED_EDGE('',*,*,#4927,.T.);
#6479=ORIENTED_EDGE('',*,*,#4928,.F.);
#6480=ORIENTED_EDGE('',*,*,#4929,.T.);
#6481=ORIENTED_EDGE('',*,*,#4930,.T.);
#6482=ORIENTED_EDGE('',*,*,#4931,.T.);
#6483=ORIENTED_EDGE('',*,*,#4932,.F.);
#6484=ORIENTED_EDGE('',*,*,#4933,.T.);
#6485=ORIENTED_EDGE('',*,*,#4934,.T.);
#6486=ORIENTED_EDGE('',*,*,#4935,.T.);
#6487=ORIENTED_EDGE('',*,*,#4936,.F.);
#6488=ORIENTED_EDGE('',*,*,#4937,.T.);
#6489=ORIENTED_EDGE('',*,*,#4938,.T.);
#6490=ORIENTED_EDGE('',*,*,#4939,.T.);
#6491=ORIENTED_EDGE('',*,*,#4940,.F.);
#6492=ORIENTED_EDGE('',*,*,#4941,.T.);
#6493=ORIENTED_EDGE('',*,*,#4942,.T.);
#6494=ORIENTED_EDGE('',*,*,#4943,.T.);
#6495=ORIENTED_EDGE('',*,*,#4944,.F.);
#6496=ORIENTED_EDGE('',*,*,#4945,.T.);
#6497=ORIENTED_EDGE('',*,*,#4946,.T.);
#6498=ORIENTED_EDGE('',*,*,#4947,.T.);
#6499=ORIENTED_EDGE('',*,*,#4948,.F.);
#6500=ORIENTED_EDGE('',*,*,#4949,.T.);
#6501=ORIENTED_EDGE('',*,*,#4950,.T.);
#6502=ORIENTED_EDGE('',*,*,#4951,.T.);
#6503=ORIENTED_EDGE('',*,*,#4952,.F.);
#6504=ORIENTED_EDGE('',*,*,#4953,.T.);
#6505=ORIENTED_EDGE('',*,*,#4954,.T.);
#6506=ORIENTED_EDGE('',*,*,#4955,.T.);
#6507=ORIENTED_EDGE('',*,*,#4956,.T.);
#6508=ORIENTED_EDGE('',*,*,#4957,.T.);
#6509=ORIENTED_EDGE('',*,*,#4958,.F.);
#6510=ORIENTED_EDGE('',*,*,#4959,.T.);
#6511=ORIENTED_EDGE('',*,*,#4960,.F.);
#6512=ORIENTED_EDGE('',*,*,#4961,.T.);
#6513=ORIENTED_EDGE('',*,*,#4962,.T.);
#6514=ORIENTED_EDGE('',*,*,#4963,.T.);
#6515=ORIENTED_EDGE('',*,*,#4964,.F.);
#6516=ORIENTED_EDGE('',*,*,#4965,.T.);
#6517=ORIENTED_EDGE('',*,*,#4966,.T.);
#6518=ORIENTED_EDGE('',*,*,#4967,.T.);
#6519=ORIENTED_EDGE('',*,*,#4968,.F.);
#6520=ORIENTED_EDGE('',*,*,#4969,.T.);
#6521=ORIENTED_EDGE('',*,*,#4970,.T.);
#6522=ORIENTED_EDGE('',*,*,#4971,.T.);
#6523=ORIENTED_EDGE('',*,*,#4972,.F.);
#6524=ORIENTED_EDGE('',*,*,#4973,.T.);
#6525=ORIENTED_EDGE('',*,*,#4974,.T.);
#6526=ORIENTED_EDGE('',*,*,#4975,.T.);
#6527=ORIENTED_EDGE('',*,*,#4976,.F.);
#6528=ORIENTED_EDGE('',*,*,#4977,.T.);
#6529=ORIENTED_EDGE('',*,*,#4978,.T.);
#6530=ORIENTED_EDGE('',*,*,#4979,.T.);
#6531=ORIENTED_EDGE('',*,*,#4980,.F.);
#6532=ORIENTED_EDGE('',*,*,#4981,.T.);
#6533=ORIENTED_EDGE('',*,*,#4982,.T.);
#6534=ORIENTED_EDGE('',*,*,#4983,.T.);
#6535=ORIENTED_EDGE('',*,*,#4984,.F.);
#6536=ORIENTED_EDGE('',*,*,#4985,.T.);
#6537=ORIENTED_EDGE('',*,*,#4986,.T.);
#6538=ORIENTED_EDGE('',*,*,#4987,.T.);
#6539=ORIENTED_EDGE('',*,*,#4988,.F.);
#6540=ORIENTED_EDGE('',*,*,#4989,.T.);
#6541=ORIENTED_EDGE('',*,*,#4990,.T.);
#6542=ORIENTED_EDGE('',*,*,#4991,.T.);
#6543=ORIENTED_EDGE('',*,*,#4992,.F.);
#6544=ORIENTED_EDGE('',*,*,#4993,.T.);
#6545=ORIENTED_EDGE('',*,*,#4994,.T.);
#6546=ORIENTED_EDGE('',*,*,#4995,.T.);
#6547=ORIENTED_EDGE('',*,*,#4996,.F.);
#6548=ORIENTED_EDGE('',*,*,#4997,.T.);
#6549=ORIENTED_EDGE('',*,*,#4998,.T.);
#6550=ORIENTED_EDGE('',*,*,#4999,.F.);
#6551=ORIENTED_EDGE('',*,*,#5000,.F.);
#6552=ORIENTED_EDGE('',*,*,#4957,.F.);
#6553=ORIENTED_EDGE('',*,*,#5001,.F.);
#6554=ORIENTED_EDGE('',*,*,#5002,.F.);
#6555=ORIENTED_EDGE('',*,*,#5003,.F.);
#6556=ORIENTED_EDGE('',*,*,#4959,.F.);
#6557=ORIENTED_EDGE('',*,*,#5004,.F.);
#6558=ORIENTED_EDGE('',*,*,#5005,.F.);
#6559=ORIENTED_EDGE('',*,*,#5006,.F.);
#6560=ORIENTED_EDGE('',*,*,#4963,.F.);
#6561=ORIENTED_EDGE('',*,*,#5007,.F.);
#6562=ORIENTED_EDGE('',*,*,#5008,.F.);
#6563=ORIENTED_EDGE('',*,*,#5009,.F.);
#6564=ORIENTED_EDGE('',*,*,#4967,.F.);
#6565=ORIENTED_EDGE('',*,*,#5010,.F.);
#6566=ORIENTED_EDGE('',*,*,#5011,.F.);
#6567=ORIENTED_EDGE('',*,*,#5012,.F.);
#6568=ORIENTED_EDGE('',*,*,#4971,.F.);
#6569=ORIENTED_EDGE('',*,*,#5013,.F.);
#6570=ORIENTED_EDGE('',*,*,#5014,.F.);
#6571=ORIENTED_EDGE('',*,*,#5015,.F.);
#6572=ORIENTED_EDGE('',*,*,#4975,.F.);
#6573=ORIENTED_EDGE('',*,*,#5016,.F.);
#6574=ORIENTED_EDGE('',*,*,#5017,.F.);
#6575=ORIENTED_EDGE('',*,*,#5018,.F.);
#6576=ORIENTED_EDGE('',*,*,#5019,.F.);
#6577=ORIENTED_EDGE('',*,*,#4979,.F.);
#6578=ORIENTED_EDGE('',*,*,#5020,.F.);
#6579=ORIENTED_EDGE('',*,*,#5021,.F.);
#6580=ORIENTED_EDGE('',*,*,#5022,.F.);
#6581=ORIENTED_EDGE('',*,*,#4983,.F.);
#6582=ORIENTED_EDGE('',*,*,#5023,.F.);
#6583=ORIENTED_EDGE('',*,*,#5024,.F.);
#6584=ORIENTED_EDGE('',*,*,#5025,.F.);
#6585=ORIENTED_EDGE('',*,*,#4987,.F.);
#6586=ORIENTED_EDGE('',*,*,#5026,.F.);
#6587=ORIENTED_EDGE('',*,*,#5027,.F.);
#6588=ORIENTED_EDGE('',*,*,#5028,.F.);
#6589=ORIENTED_EDGE('',*,*,#4991,.F.);
#6590=ORIENTED_EDGE('',*,*,#5029,.F.);
#6591=ORIENTED_EDGE('',*,*,#5030,.F.);
#6592=ORIENTED_EDGE('',*,*,#5031,.F.);
#6593=ORIENTED_EDGE('',*,*,#4995,.F.);
#6594=ORIENTED_EDGE('',*,*,#5032,.F.);
#6595=ORIENTED_EDGE('',*,*,#5033,.F.);
#6596=ORIENTED_EDGE('',*,*,#5034,.F.);
#6597=ORIENTED_EDGE('',*,*,#4919,.F.);
#6598=ORIENTED_EDGE('',*,*,#5035,.F.);
#6599=ORIENTED_EDGE('',*,*,#5036,.F.);
#6600=ORIENTED_EDGE('',*,*,#5037,.F.);
#6601=ORIENTED_EDGE('',*,*,#4923,.F.);
#6602=ORIENTED_EDGE('',*,*,#5038,.F.);
#6603=ORIENTED_EDGE('',*,*,#5039,.F.);
#6604=ORIENTED_EDGE('',*,*,#5040,.F.);
#6605=ORIENTED_EDGE('',*,*,#4927,.F.);
#6606=ORIENTED_EDGE('',*,*,#5041,.F.);
#6607=ORIENTED_EDGE('',*,*,#5042,.F.);
#6608=ORIENTED_EDGE('',*,*,#5043,.F.);
#6609=ORIENTED_EDGE('',*,*,#4931,.F.);
#6610=ORIENTED_EDGE('',*,*,#5044,.F.);
#6611=ORIENTED_EDGE('',*,*,#5045,.F.);
#6612=ORIENTED_EDGE('',*,*,#5046,.F.);
#6613=ORIENTED_EDGE('',*,*,#4935,.F.);
#6614=ORIENTED_EDGE('',*,*,#5047,.F.);
#6615=ORIENTED_EDGE('',*,*,#5048,.F.);
#6616=ORIENTED_EDGE('',*,*,#5049,.F.);
#6617=ORIENTED_EDGE('',*,*,#4939,.F.);
#6618=ORIENTED_EDGE('',*,*,#5050,.F.);
#6619=ORIENTED_EDGE('',*,*,#5051,.F.);
#6620=ORIENTED_EDGE('',*,*,#5052,.F.);
#6621=ORIENTED_EDGE('',*,*,#4943,.F.);
#6622=ORIENTED_EDGE('',*,*,#5053,.F.);
#6623=ORIENTED_EDGE('',*,*,#5054,.F.);
#6624=ORIENTED_EDGE('',*,*,#5055,.F.);
#6625=ORIENTED_EDGE('',*,*,#4947,.F.);
#6626=ORIENTED_EDGE('',*,*,#5056,.F.);
#6627=ORIENTED_EDGE('',*,*,#5057,.F.);
#6628=ORIENTED_EDGE('',*,*,#5058,.F.);
#6629=ORIENTED_EDGE('',*,*,#4951,.F.);
#6630=ORIENTED_EDGE('',*,*,#5059,.F.);
#6631=ORIENTED_EDGE('',*,*,#5060,.F.);
#6632=ORIENTED_EDGE('',*,*,#5061,.F.);
#6633=ORIENTED_EDGE('',*,*,#5062,.T.);
#6634=ORIENTED_EDGE('',*,*,#5060,.T.);
#6635=ORIENTED_EDGE('',*,*,#5062,.F.);
#6636=ORIENTED_EDGE('',*,*,#4918,.F.);
#6637=ORIENTED_EDGE('',*,*,#5061,.T.);
#6638=ORIENTED_EDGE('',*,*,#5063,.F.);
#6639=ORIENTED_EDGE('',*,*,#5064,.F.);
#6640=ORIENTED_EDGE('',*,*,#4924,.T.);
#6641=ORIENTED_EDGE('',*,*,#5037,.T.);
#6642=ORIENTED_EDGE('',*,*,#5065,.T.);
#6643=ORIENTED_EDGE('',*,*,#5066,.T.);
#6644=ORIENTED_EDGE('',*,*,#4925,.F.);
#6645=ORIENTED_EDGE('',*,*,#5064,.T.);
#6646=ORIENTED_EDGE('',*,*,#5067,.T.);
#6647=ORIENTED_EDGE('',*,*,#5038,.T.);
#6648=ORIENTED_EDGE('',*,*,#4926,.F.);
#6649=ORIENTED_EDGE('',*,*,#5066,.F.);
#6650=ORIENTED_EDGE('',*,*,#5068,.F.);
#6651=ORIENTED_EDGE('',*,*,#5069,.F.);
#6652=ORIENTED_EDGE('',*,*,#4920,.T.);
#6653=ORIENTED_EDGE('',*,*,#5034,.T.);
#6654=ORIENTED_EDGE('',*,*,#5070,.T.);
#6655=ORIENTED_EDGE('',*,*,#5071,.T.);
#6656=ORIENTED_EDGE('',*,*,#4921,.F.);
#6657=ORIENTED_EDGE('',*,*,#5069,.T.);
#6658=ORIENTED_EDGE('',*,*,#5072,.T.);
#6659=ORIENTED_EDGE('',*,*,#5035,.T.);
#6660=ORIENTED_EDGE('',*,*,#4922,.F.);
#6661=ORIENTED_EDGE('',*,*,#5071,.F.);
#6662=ORIENTED_EDGE('',*,*,#5073,.F.);
#6663=ORIENTED_EDGE('',*,*,#5074,.F.);
#6664=ORIENTED_EDGE('',*,*,#4996,.T.);
#6665=ORIENTED_EDGE('',*,*,#5031,.T.);
#6666=ORIENTED_EDGE('',*,*,#5075,.T.);
#6667=ORIENTED_EDGE('',*,*,#5076,.T.);
#6668=ORIENTED_EDGE('',*,*,#4997,.F.);
#6669=ORIENTED_EDGE('',*,*,#5074,.T.);
#6670=ORIENTED_EDGE('',*,*,#5077,.T.);
#6671=ORIENTED_EDGE('',*,*,#5032,.T.);
#6672=ORIENTED_EDGE('',*,*,#4998,.F.);
#6673=ORIENTED_EDGE('',*,*,#5076,.F.);
#6674=ORIENTED_EDGE('',*,*,#5078,.F.);
#6675=ORIENTED_EDGE('',*,*,#5079,.F.);
#6676=ORIENTED_EDGE('',*,*,#4992,.T.);
#6677=ORIENTED_EDGE('',*,*,#5028,.T.);
#6678=ORIENTED_EDGE('',*,*,#5080,.T.);
#6679=ORIENTED_EDGE('',*,*,#5081,.T.);
#6680=ORIENTED_EDGE('',*,*,#4993,.F.);
#6681=ORIENTED_EDGE('',*,*,#5079,.T.);
#6682=ORIENTED_EDGE('',*,*,#5082,.T.);
#6683=ORIENTED_EDGE('',*,*,#5029,.T.);
#6684=ORIENTED_EDGE('',*,*,#4994,.F.);
#6685=ORIENTED_EDGE('',*,*,#5081,.F.);
#6686=ORIENTED_EDGE('',*,*,#5083,.F.);
#6687=ORIENTED_EDGE('',*,*,#5084,.F.);
#6688=ORIENTED_EDGE('',*,*,#4988,.T.);
#6689=ORIENTED_EDGE('',*,*,#5025,.T.);
#6690=ORIENTED_EDGE('',*,*,#5085,.T.);
#6691=ORIENTED_EDGE('',*,*,#5086,.T.);
#6692=ORIENTED_EDGE('',*,*,#4989,.F.);
#6693=ORIENTED_EDGE('',*,*,#5084,.T.);
#6694=ORIENTED_EDGE('',*,*,#5087,.T.);
#6695=ORIENTED_EDGE('',*,*,#5026,.T.);
#6696=ORIENTED_EDGE('',*,*,#4990,.F.);
#6697=ORIENTED_EDGE('',*,*,#5086,.F.);
#6698=ORIENTED_EDGE('',*,*,#5088,.F.);
#6699=ORIENTED_EDGE('',*,*,#5089,.F.);
#6700=ORIENTED_EDGE('',*,*,#4984,.T.);
#6701=ORIENTED_EDGE('',*,*,#5022,.T.);
#6702=ORIENTED_EDGE('',*,*,#5090,.T.);
#6703=ORIENTED_EDGE('',*,*,#5091,.T.);
#6704=ORIENTED_EDGE('',*,*,#4985,.F.);
#6705=ORIENTED_EDGE('',*,*,#5089,.T.);
#6706=ORIENTED_EDGE('',*,*,#5092,.T.);
#6707=ORIENTED_EDGE('',*,*,#5023,.T.);
#6708=ORIENTED_EDGE('',*,*,#4986,.F.);
#6709=ORIENTED_EDGE('',*,*,#5091,.F.);
#6710=ORIENTED_EDGE('',*,*,#5093,.F.);
#6711=ORIENTED_EDGE('',*,*,#5094,.F.);
#6712=ORIENTED_EDGE('',*,*,#4980,.T.);
#6713=ORIENTED_EDGE('',*,*,#5019,.T.);
#6714=ORIENTED_EDGE('',*,*,#5095,.T.);
#6715=ORIENTED_EDGE('',*,*,#5096,.T.);
#6716=ORIENTED_EDGE('',*,*,#4981,.F.);
#6717=ORIENTED_EDGE('',*,*,#5094,.T.);
#6718=ORIENTED_EDGE('',*,*,#5097,.T.);
#6719=ORIENTED_EDGE('',*,*,#5020,.T.);
#6720=ORIENTED_EDGE('',*,*,#4982,.F.);
#6721=ORIENTED_EDGE('',*,*,#5096,.F.);
#6722=ORIENTED_EDGE('',*,*,#5098,.F.);
#6723=ORIENTED_EDGE('',*,*,#5099,.F.);
#6724=ORIENTED_EDGE('',*,*,#4976,.T.);
#6725=ORIENTED_EDGE('',*,*,#5015,.T.);
#6726=ORIENTED_EDGE('',*,*,#5100,.T.);
#6727=ORIENTED_EDGE('',*,*,#5101,.T.);
#6728=ORIENTED_EDGE('',*,*,#4977,.F.);
#6729=ORIENTED_EDGE('',*,*,#5099,.T.);
#6730=ORIENTED_EDGE('',*,*,#5102,.T.);
#6731=ORIENTED_EDGE('',*,*,#5016,.T.);
#6732=ORIENTED_EDGE('',*,*,#4978,.F.);
#6733=ORIENTED_EDGE('',*,*,#5101,.F.);
#6734=ORIENTED_EDGE('',*,*,#5103,.F.);
#6735=ORIENTED_EDGE('',*,*,#5104,.F.);
#6736=ORIENTED_EDGE('',*,*,#4972,.T.);
#6737=ORIENTED_EDGE('',*,*,#5012,.T.);
#6738=ORIENTED_EDGE('',*,*,#5105,.T.);
#6739=ORIENTED_EDGE('',*,*,#5106,.T.);
#6740=ORIENTED_EDGE('',*,*,#4973,.F.);
#6741=ORIENTED_EDGE('',*,*,#5104,.T.);
#6742=ORIENTED_EDGE('',*,*,#5107,.T.);
#6743=ORIENTED_EDGE('',*,*,#5013,.T.);
#6744=ORIENTED_EDGE('',*,*,#4974,.F.);
#6745=ORIENTED_EDGE('',*,*,#5106,.F.);
#6746=ORIENTED_EDGE('',*,*,#5108,.F.);
#6747=ORIENTED_EDGE('',*,*,#5109,.F.);
#6748=ORIENTED_EDGE('',*,*,#4968,.T.);
#6749=ORIENTED_EDGE('',*,*,#5009,.T.);
#6750=ORIENTED_EDGE('',*,*,#5110,.T.);
#6751=ORIENTED_EDGE('',*,*,#5111,.T.);
#6752=ORIENTED_EDGE('',*,*,#4969,.F.);
#6753=ORIENTED_EDGE('',*,*,#5109,.T.);
#6754=ORIENTED_EDGE('',*,*,#5112,.T.);
#6755=ORIENTED_EDGE('',*,*,#5010,.T.);
#6756=ORIENTED_EDGE('',*,*,#4970,.F.);
#6757=ORIENTED_EDGE('',*,*,#5111,.F.);
#6758=ORIENTED_EDGE('',*,*,#5113,.F.);
#6759=ORIENTED_EDGE('',*,*,#5114,.F.);
#6760=ORIENTED_EDGE('',*,*,#4964,.T.);
#6761=ORIENTED_EDGE('',*,*,#5006,.T.);
#6762=ORIENTED_EDGE('',*,*,#5115,.T.);
#6763=ORIENTED_EDGE('',*,*,#5116,.T.);
#6764=ORIENTED_EDGE('',*,*,#4965,.F.);
#6765=ORIENTED_EDGE('',*,*,#5114,.T.);
#6766=ORIENTED_EDGE('',*,*,#5117,.T.);
#6767=ORIENTED_EDGE('',*,*,#5007,.T.);
#6768=ORIENTED_EDGE('',*,*,#4966,.F.);
#6769=ORIENTED_EDGE('',*,*,#5116,.F.);
#6770=ORIENTED_EDGE('',*,*,#5118,.F.);
#6771=ORIENTED_EDGE('',*,*,#5119,.F.);
#6772=ORIENTED_EDGE('',*,*,#4960,.T.);
#6773=ORIENTED_EDGE('',*,*,#5003,.T.);
#6774=ORIENTED_EDGE('',*,*,#5120,.T.);
#6775=ORIENTED_EDGE('',*,*,#5121,.T.);
#6776=ORIENTED_EDGE('',*,*,#4961,.F.);
#6777=ORIENTED_EDGE('',*,*,#5119,.T.);
#6778=ORIENTED_EDGE('',*,*,#5122,.T.);
#6779=ORIENTED_EDGE('',*,*,#5004,.T.);
#6780=ORIENTED_EDGE('',*,*,#4962,.F.);
#6781=ORIENTED_EDGE('',*,*,#5121,.F.);
#6782=ORIENTED_EDGE('',*,*,#5123,.F.);
#6783=ORIENTED_EDGE('',*,*,#5124,.F.);
#6784=ORIENTED_EDGE('',*,*,#4958,.T.);
#6785=ORIENTED_EDGE('',*,*,#5000,.T.);
#6786=ORIENTED_EDGE('',*,*,#4955,.F.);
#6787=ORIENTED_EDGE('',*,*,#5124,.T.);
#6788=ORIENTED_EDGE('',*,*,#5125,.T.);
#6789=ORIENTED_EDGE('',*,*,#5126,.T.);
#6790=ORIENTED_EDGE('',*,*,#5127,.T.);
#6791=ORIENTED_EDGE('',*,*,#5001,.T.);
#6792=ORIENTED_EDGE('',*,*,#4956,.F.);
#6793=ORIENTED_EDGE('',*,*,#5126,.F.);
#6794=ORIENTED_EDGE('',*,*,#5128,.F.);
#6795=ORIENTED_EDGE('',*,*,#5129,.F.);
#6796=ORIENTED_EDGE('',*,*,#4952,.T.);
#6797=ORIENTED_EDGE('',*,*,#5058,.T.);
#6798=ORIENTED_EDGE('',*,*,#5130,.T.);
#6799=ORIENTED_EDGE('',*,*,#5131,.T.);
#6800=ORIENTED_EDGE('',*,*,#4953,.F.);
#6801=ORIENTED_EDGE('',*,*,#5129,.T.);
#6802=ORIENTED_EDGE('',*,*,#5132,.T.);
#6803=ORIENTED_EDGE('',*,*,#5059,.T.);
#6804=ORIENTED_EDGE('',*,*,#4954,.F.);
#6805=ORIENTED_EDGE('',*,*,#5131,.F.);
#6806=ORIENTED_EDGE('',*,*,#5133,.F.);
#6807=ORIENTED_EDGE('',*,*,#5134,.F.);
#6808=ORIENTED_EDGE('',*,*,#4948,.T.);
#6809=ORIENTED_EDGE('',*,*,#5055,.T.);
#6810=ORIENTED_EDGE('',*,*,#5135,.T.);
#6811=ORIENTED_EDGE('',*,*,#5136,.T.);
#6812=ORIENTED_EDGE('',*,*,#4949,.F.);
#6813=ORIENTED_EDGE('',*,*,#5134,.T.);
#6814=ORIENTED_EDGE('',*,*,#5137,.T.);
#6815=ORIENTED_EDGE('',*,*,#5056,.T.);
#6816=ORIENTED_EDGE('',*,*,#4950,.F.);
#6817=ORIENTED_EDGE('',*,*,#5136,.F.);
#6818=ORIENTED_EDGE('',*,*,#5138,.T.);
#6819=ORIENTED_EDGE('',*,*,#5139,.F.);
#6820=ORIENTED_EDGE('',*,*,#4944,.T.);
#6821=ORIENTED_EDGE('',*,*,#5052,.T.);
#6822=ORIENTED_EDGE('',*,*,#5140,.T.);
#6823=ORIENTED_EDGE('',*,*,#5141,.T.);
#6824=ORIENTED_EDGE('',*,*,#4945,.F.);
#6825=ORIENTED_EDGE('',*,*,#5139,.T.);
#6826=ORIENTED_EDGE('',*,*,#5142,.T.);
#6827=ORIENTED_EDGE('',*,*,#5053,.T.);
#6828=ORIENTED_EDGE('',*,*,#4946,.F.);
#6829=ORIENTED_EDGE('',*,*,#5141,.F.);
#6830=ORIENTED_EDGE('',*,*,#5143,.F.);
#6831=ORIENTED_EDGE('',*,*,#5144,.F.);
#6832=ORIENTED_EDGE('',*,*,#4940,.T.);
#6833=ORIENTED_EDGE('',*,*,#5049,.T.);
#6834=ORIENTED_EDGE('',*,*,#5145,.T.);
#6835=ORIENTED_EDGE('',*,*,#5146,.T.);
#6836=ORIENTED_EDGE('',*,*,#4941,.F.);
#6837=ORIENTED_EDGE('',*,*,#5144,.T.);
#6838=ORIENTED_EDGE('',*,*,#5048,.T.);
#6839=ORIENTED_EDGE('',*,*,#5147,.F.);
#6840=ORIENTED_EDGE('',*,*,#5148,.F.);
#6841=ORIENTED_EDGE('',*,*,#5149,.T.);
#6842=ORIENTED_EDGE('',*,*,#5045,.T.);
#6843=ORIENTED_EDGE('',*,*,#5150,.F.);
#6844=ORIENTED_EDGE('',*,*,#5151,.F.);
#6845=ORIENTED_EDGE('',*,*,#5152,.T.);
#6846=ORIENTED_EDGE('',*,*,#5042,.T.);
#6847=ORIENTED_EDGE('',*,*,#5153,.F.);
#6848=ORIENTED_EDGE('',*,*,#5154,.F.);
#6849=ORIENTED_EDGE('',*,*,#5155,.T.);
#6850=ORIENTED_EDGE('',*,*,#5039,.T.);
#6851=ORIENTED_EDGE('',*,*,#5067,.F.);
#6852=ORIENTED_EDGE('',*,*,#5065,.F.);
#6853=ORIENTED_EDGE('',*,*,#5063,.T.);
#6854=ORIENTED_EDGE('',*,*,#5036,.T.);
#6855=ORIENTED_EDGE('',*,*,#5072,.F.);
#6856=ORIENTED_EDGE('',*,*,#5070,.F.);
#6857=ORIENTED_EDGE('',*,*,#5068,.T.);
#6858=ORIENTED_EDGE('',*,*,#5033,.T.);
#6859=ORIENTED_EDGE('',*,*,#5077,.F.);
#6860=ORIENTED_EDGE('',*,*,#5075,.F.);
#6861=ORIENTED_EDGE('',*,*,#5073,.T.);
#6862=ORIENTED_EDGE('',*,*,#5030,.T.);
#6863=ORIENTED_EDGE('',*,*,#5082,.F.);
#6864=ORIENTED_EDGE('',*,*,#5080,.F.);
#6865=ORIENTED_EDGE('',*,*,#5078,.T.);
#6866=ORIENTED_EDGE('',*,*,#5027,.T.);
#6867=ORIENTED_EDGE('',*,*,#5087,.F.);
#6868=ORIENTED_EDGE('',*,*,#5085,.F.);
#6869=ORIENTED_EDGE('',*,*,#5083,.T.);
#6870=ORIENTED_EDGE('',*,*,#5024,.T.);
#6871=ORIENTED_EDGE('',*,*,#5092,.F.);
#6872=ORIENTED_EDGE('',*,*,#5090,.F.);
#6873=ORIENTED_EDGE('',*,*,#5088,.T.);
#6874=ORIENTED_EDGE('',*,*,#5021,.T.);
#6875=ORIENTED_EDGE('',*,*,#5097,.F.);
#6876=ORIENTED_EDGE('',*,*,#5095,.F.);
#6877=ORIENTED_EDGE('',*,*,#5093,.T.);
#6878=ORIENTED_EDGE('',*,*,#5018,.T.);
#6879=ORIENTED_EDGE('',*,*,#5156,.T.);
#6880=ORIENTED_EDGE('',*,*,#4912,.T.);
#6881=ORIENTED_EDGE('',*,*,#5156,.F.);
#6882=ORIENTED_EDGE('',*,*,#5017,.T.);
#6883=ORIENTED_EDGE('',*,*,#5102,.F.);
#6884=ORIENTED_EDGE('',*,*,#5100,.F.);
#6885=ORIENTED_EDGE('',*,*,#5098,.T.);
#6886=ORIENTED_EDGE('',*,*,#5014,.T.);
#6887=ORIENTED_EDGE('',*,*,#5107,.F.);
#6888=ORIENTED_EDGE('',*,*,#5105,.F.);
#6889=ORIENTED_EDGE('',*,*,#5103,.T.);
#6890=ORIENTED_EDGE('',*,*,#5011,.T.);
#6891=ORIENTED_EDGE('',*,*,#5112,.F.);
#6892=ORIENTED_EDGE('',*,*,#5110,.F.);
#6893=ORIENTED_EDGE('',*,*,#5108,.T.);
#6894=ORIENTED_EDGE('',*,*,#5008,.T.);
#6895=ORIENTED_EDGE('',*,*,#5117,.F.);
#6896=ORIENTED_EDGE('',*,*,#5115,.F.);
#6897=ORIENTED_EDGE('',*,*,#5113,.T.);
#6898=ORIENTED_EDGE('',*,*,#5005,.T.);
#6899=ORIENTED_EDGE('',*,*,#5122,.F.);
#6900=ORIENTED_EDGE('',*,*,#5120,.F.);
#6901=ORIENTED_EDGE('',*,*,#5118,.T.);
#6902=ORIENTED_EDGE('',*,*,#5002,.T.);
#6903=ORIENTED_EDGE('',*,*,#5127,.F.);
#6904=ORIENTED_EDGE('',*,*,#5125,.F.);
#6905=ORIENTED_EDGE('',*,*,#5123,.T.);
#6906=ORIENTED_EDGE('',*,*,#4999,.T.);
#6907=ORIENTED_EDGE('',*,*,#5132,.F.);
#6908=ORIENTED_EDGE('',*,*,#5130,.F.);
#6909=ORIENTED_EDGE('',*,*,#5128,.T.);
#6910=ORIENTED_EDGE('',*,*,#5057,.T.);
#6911=ORIENTED_EDGE('',*,*,#5137,.F.);
#6912=ORIENTED_EDGE('',*,*,#5135,.F.);
#6913=ORIENTED_EDGE('',*,*,#5133,.T.);
#6914=ORIENTED_EDGE('',*,*,#5054,.T.);
#6915=ORIENTED_EDGE('',*,*,#5142,.F.);
#6916=ORIENTED_EDGE('',*,*,#5140,.F.);
#6917=ORIENTED_EDGE('',*,*,#5138,.F.);
#6918=ORIENTED_EDGE('',*,*,#5051,.T.);
#6919=ORIENTED_EDGE('',*,*,#5157,.F.);
#6920=ORIENTED_EDGE('',*,*,#5145,.F.);
#6921=ORIENTED_EDGE('',*,*,#5143,.T.);
#6922=ORIENTED_EDGE('',*,*,#5157,.T.);
#6923=ORIENTED_EDGE('',*,*,#5050,.T.);
#6924=ORIENTED_EDGE('',*,*,#4942,.F.);
#6925=ORIENTED_EDGE('',*,*,#5146,.F.);
#6926=ORIENTED_EDGE('',*,*,#5149,.F.);
#6927=ORIENTED_EDGE('',*,*,#5158,.F.);
#6928=ORIENTED_EDGE('',*,*,#4936,.T.);
#6929=ORIENTED_EDGE('',*,*,#5046,.T.);
#6930=ORIENTED_EDGE('',*,*,#5148,.T.);
#6931=ORIENTED_EDGE('',*,*,#5159,.T.);
#6932=ORIENTED_EDGE('',*,*,#4937,.F.);
#6933=ORIENTED_EDGE('',*,*,#5158,.T.);
#6934=ORIENTED_EDGE('',*,*,#5147,.T.);
#6935=ORIENTED_EDGE('',*,*,#5047,.T.);
#6936=ORIENTED_EDGE('',*,*,#4938,.F.);
#6937=ORIENTED_EDGE('',*,*,#5159,.F.);
#6938=ORIENTED_EDGE('',*,*,#5152,.F.);
#6939=ORIENTED_EDGE('',*,*,#5160,.F.);
#6940=ORIENTED_EDGE('',*,*,#4932,.T.);
#6941=ORIENTED_EDGE('',*,*,#5043,.T.);
#6942=ORIENTED_EDGE('',*,*,#5151,.T.);
#6943=ORIENTED_EDGE('',*,*,#5161,.T.);
#6944=ORIENTED_EDGE('',*,*,#4933,.F.);
#6945=ORIENTED_EDGE('',*,*,#5160,.T.);
#6946=ORIENTED_EDGE('',*,*,#5150,.T.);
#6947=ORIENTED_EDGE('',*,*,#5044,.T.);
#6948=ORIENTED_EDGE('',*,*,#4934,.F.);
#6949=ORIENTED_EDGE('',*,*,#5161,.F.);
#6950=ORIENTED_EDGE('',*,*,#5155,.F.);
#6951=ORIENTED_EDGE('',*,*,#5162,.F.);
#6952=ORIENTED_EDGE('',*,*,#4928,.T.);
#6953=ORIENTED_EDGE('',*,*,#5040,.T.);
#6954=ORIENTED_EDGE('',*,*,#5154,.T.);
#6955=ORIENTED_EDGE('',*,*,#5163,.T.);
#6956=ORIENTED_EDGE('',*,*,#4929,.F.);
#6957=ORIENTED_EDGE('',*,*,#5162,.T.);
#6958=ORIENTED_EDGE('',*,*,#5153,.T.);
#6959=ORIENTED_EDGE('',*,*,#5041,.T.);
#6960=ORIENTED_EDGE('',*,*,#4930,.F.);
#6961=ORIENTED_EDGE('',*,*,#5163,.F.);
#6962=ORIENTED_EDGE('',*,*,#5164,.F.);
#6963=ORIENTED_EDGE('',*,*,#5165,.F.);
#6964=ORIENTED_EDGE('',*,*,#5166,.T.);
#6965=ORIENTED_EDGE('',*,*,#5167,.F.);
#6966=ORIENTED_EDGE('',*,*,#5166,.F.);
#6967=ORIENTED_EDGE('',*,*,#5168,.F.);
#6968=ORIENTED_EDGE('',*,*,#5169,.T.);
#6969=ORIENTED_EDGE('',*,*,#5167,.T.);
#6970=ORIENTED_EDGE('',*,*,#5168,.T.);
#6971=ORIENTED_EDGE('',*,*,#5165,.T.);
#6972=ORIENTED_EDGE('',*,*,#5170,.T.);
#6973=ORIENTED_EDGE('',*,*,#5171,.F.);
#6974=ORIENTED_EDGE('',*,*,#5172,.F.);
#6975=ORIENTED_EDGE('',*,*,#5170,.F.);
#6976=ORIENTED_EDGE('',*,*,#5164,.T.);
#6977=ORIENTED_EDGE('',*,*,#5173,.T.);
#6978=ORIENTED_EDGE('',*,*,#5174,.T.);
#6979=ORIENTED_EDGE('',*,*,#5169,.F.);
#6980=ORIENTED_EDGE('',*,*,#5174,.F.);
#6981=ORIENTED_EDGE('',*,*,#5172,.T.);
#6982=ORIENTED_EDGE('',*,*,#5175,.T.);
#6983=ORIENTED_EDGE('',*,*,#5176,.T.);
#6984=ORIENTED_EDGE('',*,*,#5175,.F.);
#6985=ORIENTED_EDGE('',*,*,#5171,.T.);
#6986=ORIENTED_EDGE('',*,*,#5177,.T.);
#6987=ORIENTED_EDGE('',*,*,#5178,.T.);
#6988=ORIENTED_EDGE('',*,*,#5179,.T.);
#6989=ORIENTED_EDGE('',*,*,#5180,.T.);
#6990=ORIENTED_EDGE('',*,*,#5181,.T.);
#6991=ORIENTED_EDGE('',*,*,#5182,.T.);
#6992=ORIENTED_EDGE('',*,*,#5183,.T.);
#6993=ORIENTED_EDGE('',*,*,#5184,.T.);
#6994=ORIENTED_EDGE('',*,*,#5173,.F.);
#6995=ORIENTED_EDGE('',*,*,#5185,.T.);
#6996=ORIENTED_EDGE('',*,*,#5186,.T.);
#6997=ORIENTED_EDGE('',*,*,#5187,.T.);
#6998=ORIENTED_EDGE('',*,*,#5188,.T.);
#6999=ORIENTED_EDGE('',*,*,#5189,.T.);
#7000=ORIENTED_EDGE('',*,*,#5190,.T.);
#7001=ORIENTED_EDGE('',*,*,#5191,.T.);
#7002=ORIENTED_EDGE('',*,*,#5192,.T.);
#7003=ORIENTED_EDGE('',*,*,#5193,.T.);
#7004=ORIENTED_EDGE('',*,*,#5194,.T.);
#7005=ORIENTED_EDGE('',*,*,#5195,.T.);
#7006=ORIENTED_EDGE('',*,*,#5196,.T.);
#7007=ORIENTED_EDGE('',*,*,#5176,.F.);
#7008=ORIENTED_EDGE('',*,*,#5197,.T.);
#7009=ORIENTED_EDGE('',*,*,#5198,.T.);
#7010=ORIENTED_EDGE('',*,*,#5197,.F.);
#7011=ORIENTED_EDGE('',*,*,#5198,.F.);
#7012=ORIENTED_EDGE('',*,*,#5199,.F.);
#7013=ORIENTED_EDGE('',*,*,#5200,.T.);
#7014=ORIENTED_EDGE('',*,*,#5201,.T.);
#7015=ORIENTED_EDGE('',*,*,#5200,.F.);
#7016=ORIENTED_EDGE('',*,*,#5202,.F.);
#7017=ORIENTED_EDGE('',*,*,#5201,.F.);
#7018=ORIENTED_EDGE('',*,*,#5203,.F.);
#7019=ORIENTED_EDGE('',*,*,#5203,.T.);
#7020=ORIENTED_EDGE('',*,*,#5204,.T.);
#7021=ORIENTED_EDGE('',*,*,#5205,.T.);
#7022=ORIENTED_EDGE('',*,*,#5206,.T.);
#7023=ORIENTED_EDGE('',*,*,#5207,.F.);
#7024=ORIENTED_EDGE('',*,*,#5208,.T.);
#7025=ORIENTED_EDGE('',*,*,#5209,.T.);
#7026=ORIENTED_EDGE('',*,*,#5210,.F.);
#7027=ORIENTED_EDGE('',*,*,#5211,.F.);
#7028=ORIENTED_EDGE('',*,*,#5212,.T.);
#7029=ORIENTED_EDGE('',*,*,#5213,.T.);
#7030=ORIENTED_EDGE('',*,*,#5214,.F.);
#7031=ORIENTED_EDGE('',*,*,#5215,.F.);
#7032=ORIENTED_EDGE('',*,*,#5216,.T.);
#7033=ORIENTED_EDGE('',*,*,#5217,.T.);
#7034=ORIENTED_EDGE('',*,*,#5218,.T.);
#7035=ORIENTED_EDGE('',*,*,#5219,.F.);
#7036=ORIENTED_EDGE('',*,*,#5220,.T.);
#7037=ORIENTED_EDGE('',*,*,#5221,.T.);
#7038=ORIENTED_EDGE('',*,*,#5204,.F.);
#7039=ORIENTED_EDGE('',*,*,#5221,.F.);
#7040=ORIENTED_EDGE('',*,*,#5222,.T.);
#7041=ORIENTED_EDGE('',*,*,#5223,.T.);
#7042=ORIENTED_EDGE('',*,*,#5217,.F.);
#7043=ORIENTED_EDGE('',*,*,#5224,.T.);
#7044=ORIENTED_EDGE('',*,*,#5225,.F.);
#7045=ORIENTED_EDGE('',*,*,#5213,.F.);
#7046=ORIENTED_EDGE('',*,*,#5226,.T.);
#7047=ORIENTED_EDGE('',*,*,#5227,.F.);
#7048=ORIENTED_EDGE('',*,*,#5209,.F.);
#7049=ORIENTED_EDGE('',*,*,#5228,.T.);
#7050=ORIENTED_EDGE('',*,*,#5229,.T.);
#7051=ORIENTED_EDGE('',*,*,#5205,.F.);
#7052=ORIENTED_EDGE('',*,*,#5230,.T.);
#7053=ORIENTED_EDGE('',*,*,#5214,.T.);
#7054=ORIENTED_EDGE('',*,*,#5225,.T.);
#7055=ORIENTED_EDGE('',*,*,#5231,.F.);
#7056=ORIENTED_EDGE('',*,*,#5232,.T.);
#7057=ORIENTED_EDGE('',*,*,#5230,.F.);
#7058=ORIENTED_EDGE('',*,*,#5233,.F.);
#7059=ORIENTED_EDGE('',*,*,#5234,.F.);
#7060=ORIENTED_EDGE('',*,*,#5215,.T.);
#7061=ORIENTED_EDGE('',*,*,#5231,.T.);
#7062=ORIENTED_EDGE('',*,*,#5224,.F.);
#7063=ORIENTED_EDGE('',*,*,#5216,.F.);
#7064=ORIENTED_EDGE('',*,*,#5234,.T.);
#7065=ORIENTED_EDGE('',*,*,#5235,.T.);
#7066=ORIENTED_EDGE('',*,*,#5218,.F.);
#7067=ORIENTED_EDGE('',*,*,#5223,.F.);
#7068=ORIENTED_EDGE('',*,*,#5236,.F.);
#7069=ORIENTED_EDGE('',*,*,#5237,.F.);
#7070=ORIENTED_EDGE('',*,*,#5238,.F.);
#7071=ORIENTED_EDGE('',*,*,#5219,.T.);
#7072=ORIENTED_EDGE('',*,*,#5238,.T.);
#7073=ORIENTED_EDGE('',*,*,#5239,.F.);
#7074=ORIENTED_EDGE('',*,*,#5240,.F.);
#7075=ORIENTED_EDGE('',*,*,#5236,.T.);
#7076=ORIENTED_EDGE('',*,*,#5222,.F.);
#7077=ORIENTED_EDGE('',*,*,#5220,.F.);
#7078=ORIENTED_EDGE('',*,*,#5240,.T.);
#7079=ORIENTED_EDGE('',*,*,#5241,.T.);
#7080=ORIENTED_EDGE('',*,*,#5206,.F.);
#7081=ORIENTED_EDGE('',*,*,#5229,.F.);
#7082=ORIENTED_EDGE('',*,*,#5242,.T.);
#7083=ORIENTED_EDGE('',*,*,#5243,.F.);
#7084=ORIENTED_EDGE('',*,*,#5244,.F.);
#7085=ORIENTED_EDGE('',*,*,#5245,.T.);
#7086=ORIENTED_EDGE('',*,*,#5246,.T.);
#7087=ORIENTED_EDGE('',*,*,#5207,.T.);
#7088=ORIENTED_EDGE('',*,*,#5244,.T.);
#7089=ORIENTED_EDGE('',*,*,#5228,.F.);
#7090=ORIENTED_EDGE('',*,*,#5208,.F.);
#7091=ORIENTED_EDGE('',*,*,#5246,.F.);
#7092=ORIENTED_EDGE('',*,*,#5247,.F.);
#7093=ORIENTED_EDGE('',*,*,#5242,.F.);
#7094=ORIENTED_EDGE('',*,*,#5248,.T.);
#7095=ORIENTED_EDGE('',*,*,#5210,.T.);
#7096=ORIENTED_EDGE('',*,*,#5227,.T.);
#7097=ORIENTED_EDGE('',*,*,#5249,.T.);
#7098=ORIENTED_EDGE('',*,*,#5250,.T.);
#7099=ORIENTED_EDGE('',*,*,#5251,.T.);
#7100=ORIENTED_EDGE('',*,*,#5211,.T.);
#7101=ORIENTED_EDGE('',*,*,#5248,.F.);
#7102=ORIENTED_EDGE('',*,*,#5252,.T.);
#7103=ORIENTED_EDGE('',*,*,#5226,.F.);
#7104=ORIENTED_EDGE('',*,*,#5212,.F.);
#7105=ORIENTED_EDGE('',*,*,#5251,.F.);
#7106=ORIENTED_EDGE('',*,*,#5253,.F.);
#7107=ORIENTED_EDGE('',*,*,#5249,.F.);
#7108=ORIENTED_EDGE('',*,*,#5232,.F.);
#7109=ORIENTED_EDGE('',*,*,#5235,.F.);
#7110=ORIENTED_EDGE('',*,*,#5233,.T.);
#7111=ORIENTED_EDGE('',*,*,#5241,.F.);
#7112=ORIENTED_EDGE('',*,*,#5239,.T.);
#7113=ORIENTED_EDGE('',*,*,#5237,.T.);
#7114=ORIENTED_EDGE('',*,*,#5245,.F.);
#7115=ORIENTED_EDGE('',*,*,#5243,.T.);
#7116=ORIENTED_EDGE('',*,*,#5247,.T.);
#7117=ORIENTED_EDGE('',*,*,#5250,.F.);
#7118=ORIENTED_EDGE('',*,*,#5253,.T.);
#7119=ORIENTED_EDGE('',*,*,#5252,.F.);
#7120=ORIENTED_EDGE('',*,*,#5254,.T.);
#7121=ORIENTED_EDGE('',*,*,#5255,.T.);
#7122=ORIENTED_EDGE('',*,*,#5256,.T.);
#7123=ORIENTED_EDGE('',*,*,#5257,.T.);
#7124=ORIENTED_EDGE('',*,*,#5258,.T.);
#7125=ORIENTED_EDGE('',*,*,#5259,.T.);
#7126=ORIENTED_EDGE('',*,*,#5260,.T.);
#7127=ORIENTED_EDGE('',*,*,#5261,.T.);
#7128=ORIENTED_EDGE('',*,*,#5262,.F.);
#7129=ORIENTED_EDGE('',*,*,#5263,.T.);
#7130=ORIENTED_EDGE('',*,*,#5264,.T.);
#7131=ORIENTED_EDGE('',*,*,#5265,.T.);
#7132=ORIENTED_EDGE('',*,*,#5266,.T.);
#7133=ORIENTED_EDGE('',*,*,#5267,.F.);
#7134=ORIENTED_EDGE('',*,*,#5268,.F.);
#7135=ORIENTED_EDGE('',*,*,#5254,.F.);
#7136=ORIENTED_EDGE('',*,*,#5269,.T.);
#7137=ORIENTED_EDGE('',*,*,#5270,.T.);
#7138=ORIENTED_EDGE('',*,*,#5255,.F.);
#7139=ORIENTED_EDGE('',*,*,#5268,.T.);
#7140=ORIENTED_EDGE('',*,*,#5271,.F.);
#7141=ORIENTED_EDGE('',*,*,#5272,.F.);
#7142=ORIENTED_EDGE('',*,*,#5273,.T.);
#7143=ORIENTED_EDGE('',*,*,#5256,.F.);
#7144=ORIENTED_EDGE('',*,*,#5270,.F.);
#7145=ORIENTED_EDGE('',*,*,#5274,.F.);
#7146=ORIENTED_EDGE('',*,*,#5275,.F.);
#7147=ORIENTED_EDGE('',*,*,#5257,.F.);
#7148=ORIENTED_EDGE('',*,*,#5273,.F.);
#7149=ORIENTED_EDGE('',*,*,#5276,.F.);
#7150=ORIENTED_EDGE('',*,*,#5277,.F.);
#7151=ORIENTED_EDGE('',*,*,#5278,.T.);
#7152=ORIENTED_EDGE('',*,*,#5279,.F.);
#7153=ORIENTED_EDGE('',*,*,#5280,.F.);
#7154=ORIENTED_EDGE('',*,*,#5281,.F.);
#7155=ORIENTED_EDGE('',*,*,#5178,.F.);
#7156=ORIENTED_EDGE('',*,*,#5282,.F.);
#7157=ORIENTED_EDGE('',*,*,#5283,.F.);
#7158=ORIENTED_EDGE('',*,*,#5284,.F.);
#7159=ORIENTED_EDGE('',*,*,#5258,.F.);
#7160=ORIENTED_EDGE('',*,*,#5275,.T.);
#7161=ORIENTED_EDGE('',*,*,#5285,.T.);
#7162=ORIENTED_EDGE('',*,*,#5259,.F.);
#7163=ORIENTED_EDGE('',*,*,#5284,.T.);
#7164=ORIENTED_EDGE('',*,*,#5286,.F.);
#7165=ORIENTED_EDGE('',*,*,#5287,.F.);
#7166=ORIENTED_EDGE('',*,*,#5288,.T.);
#7167=ORIENTED_EDGE('',*,*,#5260,.F.);
#7168=ORIENTED_EDGE('',*,*,#5285,.F.);
#7169=ORIENTED_EDGE('',*,*,#5289,.T.);
#7170=ORIENTED_EDGE('',*,*,#5290,.T.);
#7171=ORIENTED_EDGE('',*,*,#5291,.F.);
#7172=ORIENTED_EDGE('',*,*,#5269,.F.);
#7173=ORIENTED_EDGE('',*,*,#5261,.F.);
#7174=ORIENTED_EDGE('',*,*,#5288,.F.);
#7175=ORIENTED_EDGE('',*,*,#5292,.F.);
#7176=ORIENTED_EDGE('',*,*,#5293,.F.);
#7177=ORIENTED_EDGE('',*,*,#5182,.F.);
#7178=ORIENTED_EDGE('',*,*,#5294,.F.);
#7179=ORIENTED_EDGE('',*,*,#5295,.F.);
#7180=ORIENTED_EDGE('',*,*,#5296,.F.);
#7181=ORIENTED_EDGE('',*,*,#5297,.F.);
#7182=ORIENTED_EDGE('',*,*,#5298,.T.);
#7183=ORIENTED_EDGE('',*,*,#5266,.F.);
#7184=ORIENTED_EDGE('',*,*,#5299,.F.);
#7185=ORIENTED_EDGE('',*,*,#5300,.F.);
#7186=ORIENTED_EDGE('',*,*,#5301,.F.);
#7187=ORIENTED_EDGE('',*,*,#5263,.F.);
#7188=ORIENTED_EDGE('',*,*,#5298,.F.);
#7189=ORIENTED_EDGE('',*,*,#5302,.F.);
#7190=ORIENTED_EDGE('',*,*,#5303,.T.);
#7191=ORIENTED_EDGE('',*,*,#5264,.F.);
#7192=ORIENTED_EDGE('',*,*,#5301,.T.);
#7193=ORIENTED_EDGE('',*,*,#5304,.F.);
#7194=ORIENTED_EDGE('',*,*,#5299,.T.);
#7195=ORIENTED_EDGE('',*,*,#5265,.F.);
#7196=ORIENTED_EDGE('',*,*,#5303,.F.);
#7197=ORIENTED_EDGE('',*,*,#5291,.T.);
#7198=ORIENTED_EDGE('',*,*,#5305,.T.);
#7199=ORIENTED_EDGE('',*,*,#5276,.T.);
#7200=ORIENTED_EDGE('',*,*,#5272,.T.);
#7201=ORIENTED_EDGE('',*,*,#5271,.T.);
#7202=ORIENTED_EDGE('',*,*,#5267,.T.);
#7203=ORIENTED_EDGE('',*,*,#5306,.T.);
#7204=ORIENTED_EDGE('',*,*,#5307,.T.);
#7205=ORIENTED_EDGE('',*,*,#5308,.T.);
#7206=ORIENTED_EDGE('',*,*,#5309,.T.);
#7207=ORIENTED_EDGE('',*,*,#5310,.T.);
#7208=ORIENTED_EDGE('',*,*,#5311,.T.);
#7209=ORIENTED_EDGE('',*,*,#5312,.T.);
#7210=ORIENTED_EDGE('',*,*,#5313,.T.);
#7211=ORIENTED_EDGE('',*,*,#5314,.T.);
#7212=ORIENTED_EDGE('',*,*,#5315,.T.);
#7213=ORIENTED_EDGE('',*,*,#5316,.T.);
#7214=ORIENTED_EDGE('',*,*,#5317,.T.);
#7215=ORIENTED_EDGE('',*,*,#5318,.T.);
#7216=ORIENTED_EDGE('',*,*,#5319,.T.);
#7217=ORIENTED_EDGE('',*,*,#5320,.T.);
#7218=ORIENTED_EDGE('',*,*,#5321,.T.);
#7219=ORIENTED_EDGE('',*,*,#5322,.T.);
#7220=ORIENTED_EDGE('',*,*,#5323,.T.);
#7221=ORIENTED_EDGE('',*,*,#5324,.T.);
#7222=ORIENTED_EDGE('',*,*,#5325,.T.);
#7223=ORIENTED_EDGE('',*,*,#5326,.T.);
#7224=ORIENTED_EDGE('',*,*,#5327,.T.);
#7225=ORIENTED_EDGE('',*,*,#5328,.T.);
#7226=ORIENTED_EDGE('',*,*,#5329,.T.);
#7227=ORIENTED_EDGE('',*,*,#5330,.T.);
#7228=ORIENTED_EDGE('',*,*,#5331,.T.);
#7229=ORIENTED_EDGE('',*,*,#5332,.T.);
#7230=ORIENTED_EDGE('',*,*,#5333,.T.);
#7231=ORIENTED_EDGE('',*,*,#5334,.T.);
#7232=ORIENTED_EDGE('',*,*,#5335,.T.);
#7233=ORIENTED_EDGE('',*,*,#5336,.T.);
#7234=ORIENTED_EDGE('',*,*,#5337,.T.);
#7235=ORIENTED_EDGE('',*,*,#5338,.T.);
#7236=ORIENTED_EDGE('',*,*,#5339,.T.);
#7237=ORIENTED_EDGE('',*,*,#5340,.T.);
#7238=ORIENTED_EDGE('',*,*,#5341,.T.);
#7239=ORIENTED_EDGE('',*,*,#5342,.T.);
#7240=ORIENTED_EDGE('',*,*,#5343,.T.);
#7241=ORIENTED_EDGE('',*,*,#5344,.T.);
#7242=ORIENTED_EDGE('',*,*,#5345,.T.);
#7243=ORIENTED_EDGE('',*,*,#5346,.T.);
#7244=ORIENTED_EDGE('',*,*,#5347,.T.);
#7245=ORIENTED_EDGE('',*,*,#5348,.T.);
#7246=ORIENTED_EDGE('',*,*,#5349,.T.);
#7247=ORIENTED_EDGE('',*,*,#5350,.T.);
#7248=ORIENTED_EDGE('',*,*,#5351,.T.);
#7249=ORIENTED_EDGE('',*,*,#5352,.T.);
#7250=ORIENTED_EDGE('',*,*,#5353,.T.);
#7251=ORIENTED_EDGE('',*,*,#5354,.T.);
#7252=ORIENTED_EDGE('',*,*,#5355,.T.);
#7253=ORIENTED_EDGE('',*,*,#5356,.T.);
#7254=ORIENTED_EDGE('',*,*,#5357,.T.);
#7255=ORIENTED_EDGE('',*,*,#5358,.T.);
#7256=ORIENTED_EDGE('',*,*,#5359,.T.);
#7257=ORIENTED_EDGE('',*,*,#5360,.T.);
#7258=ORIENTED_EDGE('',*,*,#5361,.T.);
#7259=ORIENTED_EDGE('',*,*,#5362,.T.);
#7260=ORIENTED_EDGE('',*,*,#5363,.T.);
#7261=ORIENTED_EDGE('',*,*,#5364,.T.);
#7262=ORIENTED_EDGE('',*,*,#5365,.T.);
#7263=ORIENTED_EDGE('',*,*,#5366,.T.);
#7264=ORIENTED_EDGE('',*,*,#5367,.T.);
#7265=ORIENTED_EDGE('',*,*,#5368,.T.);
#7266=ORIENTED_EDGE('',*,*,#5369,.T.);
#7267=ORIENTED_EDGE('',*,*,#5370,.T.);
#7268=ORIENTED_EDGE('',*,*,#5371,.T.);
#7269=ORIENTED_EDGE('',*,*,#5372,.T.);
#7270=ORIENTED_EDGE('',*,*,#5373,.T.);
#7271=ORIENTED_EDGE('',*,*,#5374,.T.);
#7272=ORIENTED_EDGE('',*,*,#5375,.T.);
#7273=ORIENTED_EDGE('',*,*,#5376,.T.);
#7274=ORIENTED_EDGE('',*,*,#5377,.T.);
#7275=ORIENTED_EDGE('',*,*,#5378,.T.);
#7276=ORIENTED_EDGE('',*,*,#5379,.T.);
#7277=ORIENTED_EDGE('',*,*,#5380,.T.);
#7278=ORIENTED_EDGE('',*,*,#5381,.T.);
#7279=ORIENTED_EDGE('',*,*,#5382,.T.);
#7280=ORIENTED_EDGE('',*,*,#5383,.T.);
#7281=ORIENTED_EDGE('',*,*,#5384,.T.);
#7282=ORIENTED_EDGE('',*,*,#5385,.T.);
#7283=ORIENTED_EDGE('',*,*,#5386,.T.);
#7284=ORIENTED_EDGE('',*,*,#5387,.T.);
#7285=ORIENTED_EDGE('',*,*,#5388,.T.);
#7286=ORIENTED_EDGE('',*,*,#5389,.T.);
#7287=ORIENTED_EDGE('',*,*,#5390,.T.);
#7288=ORIENTED_EDGE('',*,*,#5391,.T.);
#7289=ORIENTED_EDGE('',*,*,#5392,.T.);
#7290=ORIENTED_EDGE('',*,*,#5393,.T.);
#7291=ORIENTED_EDGE('',*,*,#5394,.T.);
#7292=ORIENTED_EDGE('',*,*,#5395,.T.);
#7293=ORIENTED_EDGE('',*,*,#5396,.T.);
#7294=ORIENTED_EDGE('',*,*,#5397,.T.);
#7295=ORIENTED_EDGE('',*,*,#5398,.T.);
#7296=ORIENTED_EDGE('',*,*,#5399,.T.);
#7297=ORIENTED_EDGE('',*,*,#5400,.F.);
#7298=ORIENTED_EDGE('',*,*,#5401,.T.);
#7299=ORIENTED_EDGE('',*,*,#5402,.T.);
#7300=ORIENTED_EDGE('',*,*,#5403,.T.);
#7301=ORIENTED_EDGE('',*,*,#5404,.T.);
#7302=ORIENTED_EDGE('',*,*,#5405,.T.);
#7303=ORIENTED_EDGE('',*,*,#5406,.F.);
#7304=ORIENTED_EDGE('',*,*,#5292,.T.);
#7305=ORIENTED_EDGE('',*,*,#5287,.T.);
#7306=ORIENTED_EDGE('',*,*,#5286,.T.);
#7307=ORIENTED_EDGE('',*,*,#5283,.T.);
#7308=ORIENTED_EDGE('',*,*,#5274,.T.);
#7309=ORIENTED_EDGE('',*,*,#5407,.T.);
#7310=ORIENTED_EDGE('',*,*,#5408,.T.);
#7311=ORIENTED_EDGE('',*,*,#5409,.T.);
#7312=ORIENTED_EDGE('',*,*,#5410,.T.);
#7313=ORIENTED_EDGE('',*,*,#5277,.T.);
#7314=ORIENTED_EDGE('',*,*,#5305,.F.);
#7315=ORIENTED_EDGE('',*,*,#5290,.F.);
#7316=ORIENTED_EDGE('',*,*,#5411,.F.);
#7317=ORIENTED_EDGE('',*,*,#5412,.F.);
#7318=ORIENTED_EDGE('',*,*,#5413,.F.);
#7319=ORIENTED_EDGE('',*,*,#5414,.F.);
#7320=ORIENTED_EDGE('',*,*,#5278,.F.);
#7321=ORIENTED_EDGE('',*,*,#5410,.F.);
#7322=ORIENTED_EDGE('',*,*,#5289,.F.);
#7323=ORIENTED_EDGE('',*,*,#5415,.F.);
#7324=ORIENTED_EDGE('',*,*,#5416,.F.);
#7325=ORIENTED_EDGE('',*,*,#5417,.T.);
#7326=ORIENTED_EDGE('',*,*,#5279,.T.);
#7327=ORIENTED_EDGE('',*,*,#5414,.T.);
#7328=ORIENTED_EDGE('',*,*,#5418,.T.);
#7329=ORIENTED_EDGE('',*,*,#5295,.T.);
#7330=ORIENTED_EDGE('',*,*,#5419,.T.);
#7331=ORIENTED_EDGE('',*,*,#5420,.T.);
#7332=ORIENTED_EDGE('',*,*,#5421,.T.);
#7333=ORIENTED_EDGE('',*,*,#5280,.T.);
#7334=ORIENTED_EDGE('',*,*,#5417,.F.);
#7335=ORIENTED_EDGE('',*,*,#5422,.F.);
#7336=ORIENTED_EDGE('',*,*,#5423,.T.);
#7337=ORIENTED_EDGE('',*,*,#5424,.T.);
#7338=ORIENTED_EDGE('',*,*,#5421,.F.);
#7339=ORIENTED_EDGE('',*,*,#5425,.F.);
#7340=ORIENTED_EDGE('',*,*,#5179,.F.);
#7341=ORIENTED_EDGE('',*,*,#5281,.T.);
#7342=ORIENTED_EDGE('',*,*,#5407,.F.);
#7343=ORIENTED_EDGE('',*,*,#5282,.T.);
#7344=ORIENTED_EDGE('',*,*,#5177,.F.);
#7345=ORIENTED_EDGE('',*,*,#5426,.F.);
#7346=ORIENTED_EDGE('',*,*,#5409,.F.);
#7347=ORIENTED_EDGE('',*,*,#5427,.F.);
#7348=ORIENTED_EDGE('',*,*,#5183,.F.);
#7349=ORIENTED_EDGE('',*,*,#5293,.T.);
#7350=ORIENTED_EDGE('',*,*,#5419,.F.);
#7351=ORIENTED_EDGE('',*,*,#5294,.T.);
#7352=ORIENTED_EDGE('',*,*,#5181,.F.);
#7353=ORIENTED_EDGE('',*,*,#5428,.T.);
#7354=ORIENTED_EDGE('',*,*,#5429,.F.);
#7355=ORIENTED_EDGE('',*,*,#5415,.T.);
#7356=ORIENTED_EDGE('',*,*,#5296,.T.);
#7357=ORIENTED_EDGE('',*,*,#5418,.F.);
#7358=ORIENTED_EDGE('',*,*,#5302,.T.);
#7359=ORIENTED_EDGE('',*,*,#5300,.T.);
#7360=ORIENTED_EDGE('',*,*,#5297,.T.);
#7361=ORIENTED_EDGE('',*,*,#5304,.T.);
#7362=ORIENTED_EDGE('',*,*,#5430,.F.);
#7363=ORIENTED_EDGE('',*,*,#5431,.T.);
#7364=ORIENTED_EDGE('',*,*,#5432,.T.);
#7365=ORIENTED_EDGE('',*,*,#5433,.T.);
#7366=ORIENTED_EDGE('',*,*,#5431,.F.);
#7367=ORIENTED_EDGE('',*,*,#5434,.F.);
#7368=ORIENTED_EDGE('',*,*,#5306,.F.);
#7369=ORIENTED_EDGE('',*,*,#5435,.T.);
#7370=ORIENTED_EDGE('',*,*,#5436,.T.);
#7371=ORIENTED_EDGE('',*,*,#5437,.T.);
#7372=ORIENTED_EDGE('',*,*,#5307,.F.);
#7373=ORIENTED_EDGE('',*,*,#5434,.T.);
#7374=ORIENTED_EDGE('',*,*,#5438,.T.);
#7375=ORIENTED_EDGE('',*,*,#5439,.F.);
#7376=ORIENTED_EDGE('',*,*,#5308,.F.);
#7377=ORIENTED_EDGE('',*,*,#5437,.F.);
#7378=ORIENTED_EDGE('',*,*,#5440,.T.);
#7379=ORIENTED_EDGE('',*,*,#5441,.F.);
#7380=ORIENTED_EDGE('',*,*,#5309,.F.);
#7381=ORIENTED_EDGE('',*,*,#5439,.T.);
#7382=ORIENTED_EDGE('',*,*,#5442,.T.);
#7383=ORIENTED_EDGE('',*,*,#5443,.F.);
#7384=ORIENTED_EDGE('',*,*,#5310,.F.);
#7385=ORIENTED_EDGE('',*,*,#5441,.T.);
#7386=ORIENTED_EDGE('',*,*,#5444,.T.);
#7387=ORIENTED_EDGE('',*,*,#5445,.F.);
#7388=ORIENTED_EDGE('',*,*,#5311,.F.);
#7389=ORIENTED_EDGE('',*,*,#5443,.T.);
#7390=ORIENTED_EDGE('',*,*,#5446,.T.);
#7391=ORIENTED_EDGE('',*,*,#5447,.F.);
#7392=ORIENTED_EDGE('',*,*,#5312,.F.);
#7393=ORIENTED_EDGE('',*,*,#5445,.T.);
#7394=ORIENTED_EDGE('',*,*,#5448,.T.);
#7395=ORIENTED_EDGE('',*,*,#5449,.F.);
#7396=ORIENTED_EDGE('',*,*,#5313,.F.);
#7397=ORIENTED_EDGE('',*,*,#5447,.T.);
#7398=ORIENTED_EDGE('',*,*,#5450,.T.);
#7399=ORIENTED_EDGE('',*,*,#5451,.F.);
#7400=ORIENTED_EDGE('',*,*,#5314,.F.);
#7401=ORIENTED_EDGE('',*,*,#5449,.T.);
#7402=ORIENTED_EDGE('',*,*,#5452,.T.);
#7403=ORIENTED_EDGE('',*,*,#5453,.F.);
#7404=ORIENTED_EDGE('',*,*,#5315,.F.);
#7405=ORIENTED_EDGE('',*,*,#5451,.T.);
#7406=ORIENTED_EDGE('',*,*,#5454,.T.);
#7407=ORIENTED_EDGE('',*,*,#5455,.F.);
#7408=ORIENTED_EDGE('',*,*,#5316,.F.);
#7409=ORIENTED_EDGE('',*,*,#5453,.T.);
#7410=ORIENTED_EDGE('',*,*,#5456,.T.);
#7411=ORIENTED_EDGE('',*,*,#5457,.F.);
#7412=ORIENTED_EDGE('',*,*,#5317,.F.);
#7413=ORIENTED_EDGE('',*,*,#5455,.T.);
#7414=ORIENTED_EDGE('',*,*,#5458,.T.);
#7415=ORIENTED_EDGE('',*,*,#5459,.F.);
#7416=ORIENTED_EDGE('',*,*,#5318,.F.);
#7417=ORIENTED_EDGE('',*,*,#5457,.T.);
#7418=ORIENTED_EDGE('',*,*,#5460,.T.);
#7419=ORIENTED_EDGE('',*,*,#5461,.F.);
#7420=ORIENTED_EDGE('',*,*,#5319,.F.);
#7421=ORIENTED_EDGE('',*,*,#5459,.T.);
#7422=ORIENTED_EDGE('',*,*,#5462,.T.);
#7423=ORIENTED_EDGE('',*,*,#5463,.F.);
#7424=ORIENTED_EDGE('',*,*,#5320,.F.);
#7425=ORIENTED_EDGE('',*,*,#5461,.T.);
#7426=ORIENTED_EDGE('',*,*,#5464,.T.);
#7427=ORIENTED_EDGE('',*,*,#5465,.F.);
#7428=ORIENTED_EDGE('',*,*,#5321,.F.);
#7429=ORIENTED_EDGE('',*,*,#5463,.T.);
#7430=ORIENTED_EDGE('',*,*,#5466,.T.);
#7431=ORIENTED_EDGE('',*,*,#5467,.F.);
#7432=ORIENTED_EDGE('',*,*,#5322,.F.);
#7433=ORIENTED_EDGE('',*,*,#5465,.T.);
#7434=ORIENTED_EDGE('',*,*,#5468,.T.);
#7435=ORIENTED_EDGE('',*,*,#5469,.F.);
#7436=ORIENTED_EDGE('',*,*,#5323,.F.);
#7437=ORIENTED_EDGE('',*,*,#5467,.T.);
#7438=ORIENTED_EDGE('',*,*,#5470,.T.);
#7439=ORIENTED_EDGE('',*,*,#5471,.F.);
#7440=ORIENTED_EDGE('',*,*,#5324,.F.);
#7441=ORIENTED_EDGE('',*,*,#5469,.T.);
#7442=ORIENTED_EDGE('',*,*,#5472,.T.);
#7443=ORIENTED_EDGE('',*,*,#5473,.F.);
#7444=ORIENTED_EDGE('',*,*,#5325,.F.);
#7445=ORIENTED_EDGE('',*,*,#5471,.T.);
#7446=ORIENTED_EDGE('',*,*,#5474,.T.);
#7447=ORIENTED_EDGE('',*,*,#5475,.F.);
#7448=ORIENTED_EDGE('',*,*,#5326,.F.);
#7449=ORIENTED_EDGE('',*,*,#5473,.T.);
#7450=ORIENTED_EDGE('',*,*,#5476,.T.);
#7451=ORIENTED_EDGE('',*,*,#5477,.F.);
#7452=ORIENTED_EDGE('',*,*,#5327,.F.);
#7453=ORIENTED_EDGE('',*,*,#5475,.T.);
#7454=ORIENTED_EDGE('',*,*,#5478,.T.);
#7455=ORIENTED_EDGE('',*,*,#5479,.F.);
#7456=ORIENTED_EDGE('',*,*,#5328,.F.);
#7457=ORIENTED_EDGE('',*,*,#5477,.T.);
#7458=ORIENTED_EDGE('',*,*,#5480,.T.);
#7459=ORIENTED_EDGE('',*,*,#5481,.F.);
#7460=ORIENTED_EDGE('',*,*,#5329,.F.);
#7461=ORIENTED_EDGE('',*,*,#5479,.T.);
#7462=ORIENTED_EDGE('',*,*,#5482,.T.);
#7463=ORIENTED_EDGE('',*,*,#5483,.F.);
#7464=ORIENTED_EDGE('',*,*,#5330,.F.);
#7465=ORIENTED_EDGE('',*,*,#5481,.T.);
#7466=ORIENTED_EDGE('',*,*,#5484,.T.);
#7467=ORIENTED_EDGE('',*,*,#5485,.F.);
#7468=ORIENTED_EDGE('',*,*,#5331,.F.);
#7469=ORIENTED_EDGE('',*,*,#5483,.T.);
#7470=ORIENTED_EDGE('',*,*,#5486,.T.);
#7471=ORIENTED_EDGE('',*,*,#5487,.F.);
#7472=ORIENTED_EDGE('',*,*,#5332,.F.);
#7473=ORIENTED_EDGE('',*,*,#5485,.T.);
#7474=ORIENTED_EDGE('',*,*,#5488,.T.);
#7475=ORIENTED_EDGE('',*,*,#5435,.F.);
#7476=ORIENTED_EDGE('',*,*,#5333,.F.);
#7477=ORIENTED_EDGE('',*,*,#5487,.T.);
#7478=ORIENTED_EDGE('',*,*,#5489,.T.);
#7479=ORIENTED_EDGE('',*,*,#5490,.F.);
#7480=ORIENTED_EDGE('',*,*,#5334,.F.);
#7481=ORIENTED_EDGE('',*,*,#5491,.T.);
#7482=ORIENTED_EDGE('',*,*,#5492,.T.);
#7483=ORIENTED_EDGE('',*,*,#5493,.T.);
#7484=ORIENTED_EDGE('',*,*,#5335,.F.);
#7485=ORIENTED_EDGE('',*,*,#5490,.T.);
#7486=ORIENTED_EDGE('',*,*,#5494,.T.);
#7487=ORIENTED_EDGE('',*,*,#5495,.F.);
#7488=ORIENTED_EDGE('',*,*,#5336,.F.);
#7489=ORIENTED_EDGE('',*,*,#5493,.F.);
#7490=ORIENTED_EDGE('',*,*,#5496,.T.);
#7491=ORIENTED_EDGE('',*,*,#5497,.F.);
#7492=ORIENTED_EDGE('',*,*,#5337,.F.);
#7493=ORIENTED_EDGE('',*,*,#5495,.T.);
#7494=ORIENTED_EDGE('',*,*,#5498,.T.);
#7495=ORIENTED_EDGE('',*,*,#5499,.F.);
#7496=ORIENTED_EDGE('',*,*,#5338,.F.);
#7497=ORIENTED_EDGE('',*,*,#5497,.T.);
#7498=ORIENTED_EDGE('',*,*,#5500,.T.);
#7499=ORIENTED_EDGE('',*,*,#5501,.F.);
#7500=ORIENTED_EDGE('',*,*,#5339,.F.);
#7501=ORIENTED_EDGE('',*,*,#5499,.T.);
#7502=ORIENTED_EDGE('',*,*,#5502,.T.);
#7503=ORIENTED_EDGE('',*,*,#5491,.F.);
#7504=ORIENTED_EDGE('',*,*,#5340,.F.);
#7505=ORIENTED_EDGE('',*,*,#5501,.T.);
#7506=ORIENTED_EDGE('',*,*,#5503,.T.);
#7507=ORIENTED_EDGE('',*,*,#5504,.F.);
#7508=ORIENTED_EDGE('',*,*,#5341,.F.);
#7509=ORIENTED_EDGE('',*,*,#5505,.T.);
#7510=ORIENTED_EDGE('',*,*,#5506,.T.);
#7511=ORIENTED_EDGE('',*,*,#5507,.T.);
#7512=ORIENTED_EDGE('',*,*,#5342,.F.);
#7513=ORIENTED_EDGE('',*,*,#5504,.T.);
#7514=ORIENTED_EDGE('',*,*,#5508,.T.);
#7515=ORIENTED_EDGE('',*,*,#5509,.F.);
#7516=ORIENTED_EDGE('',*,*,#5343,.F.);
#7517=ORIENTED_EDGE('',*,*,#5507,.F.);
#7518=ORIENTED_EDGE('',*,*,#5510,.T.);
#7519=ORIENTED_EDGE('',*,*,#5511,.F.);
#7520=ORIENTED_EDGE('',*,*,#5344,.F.);
#7521=ORIENTED_EDGE('',*,*,#5509,.T.);
#7522=ORIENTED_EDGE('',*,*,#5512,.T.);
#7523=ORIENTED_EDGE('',*,*,#5513,.F.);
#7524=ORIENTED_EDGE('',*,*,#5345,.F.);
#7525=ORIENTED_EDGE('',*,*,#5511,.T.);
#7526=ORIENTED_EDGE('',*,*,#5514,.T.);
#7527=ORIENTED_EDGE('',*,*,#5515,.F.);
#7528=ORIENTED_EDGE('',*,*,#5346,.F.);
#7529=ORIENTED_EDGE('',*,*,#5513,.T.);
#7530=ORIENTED_EDGE('',*,*,#5516,.T.);
#7531=ORIENTED_EDGE('',*,*,#5517,.F.);
#7532=ORIENTED_EDGE('',*,*,#5347,.F.);
#7533=ORIENTED_EDGE('',*,*,#5515,.T.);
#7534=ORIENTED_EDGE('',*,*,#5518,.T.);
#7535=ORIENTED_EDGE('',*,*,#5519,.F.);
#7536=ORIENTED_EDGE('',*,*,#5348,.F.);
#7537=ORIENTED_EDGE('',*,*,#5517,.T.);
#7538=ORIENTED_EDGE('',*,*,#5520,.T.);
#7539=ORIENTED_EDGE('',*,*,#5521,.F.);
#7540=ORIENTED_EDGE('',*,*,#5349,.F.);
#7541=ORIENTED_EDGE('',*,*,#5519,.T.);
#7542=ORIENTED_EDGE('',*,*,#5522,.T.);
#7543=ORIENTED_EDGE('',*,*,#5523,.F.);
#7544=ORIENTED_EDGE('',*,*,#5350,.F.);
#7545=ORIENTED_EDGE('',*,*,#5521,.T.);
#7546=ORIENTED_EDGE('',*,*,#5524,.T.);
#7547=ORIENTED_EDGE('',*,*,#5525,.F.);
#7548=ORIENTED_EDGE('',*,*,#5351,.F.);
#7549=ORIENTED_EDGE('',*,*,#5523,.T.);
#7550=ORIENTED_EDGE('',*,*,#5526,.T.);
#7551=ORIENTED_EDGE('',*,*,#5527,.F.);
#7552=ORIENTED_EDGE('',*,*,#5352,.F.);
#7553=ORIENTED_EDGE('',*,*,#5525,.T.);
#7554=ORIENTED_EDGE('',*,*,#5528,.T.);
#7555=ORIENTED_EDGE('',*,*,#5529,.F.);
#7556=ORIENTED_EDGE('',*,*,#5353,.F.);
#7557=ORIENTED_EDGE('',*,*,#5527,.T.);
#7558=ORIENTED_EDGE('',*,*,#5530,.T.);
#7559=ORIENTED_EDGE('',*,*,#5531,.F.);
#7560=ORIENTED_EDGE('',*,*,#5354,.F.);
#7561=ORIENTED_EDGE('',*,*,#5529,.T.);
#7562=ORIENTED_EDGE('',*,*,#5532,.T.);
#7563=ORIENTED_EDGE('',*,*,#5533,.F.);
#7564=ORIENTED_EDGE('',*,*,#5355,.F.);
#7565=ORIENTED_EDGE('',*,*,#5531,.T.);
#7566=ORIENTED_EDGE('',*,*,#5534,.T.);
#7567=ORIENTED_EDGE('',*,*,#5505,.F.);
#7568=ORIENTED_EDGE('',*,*,#5356,.F.);
#7569=ORIENTED_EDGE('',*,*,#5533,.T.);
#7570=ORIENTED_EDGE('',*,*,#5535,.T.);
#7571=ORIENTED_EDGE('',*,*,#5536,.F.);
#7572=ORIENTED_EDGE('',*,*,#5357,.F.);
#7573=ORIENTED_EDGE('',*,*,#5537,.T.);
#7574=ORIENTED_EDGE('',*,*,#5538,.T.);
#7575=ORIENTED_EDGE('',*,*,#5539,.T.);
#7576=ORIENTED_EDGE('',*,*,#5358,.F.);
#7577=ORIENTED_EDGE('',*,*,#5536,.T.);
#7578=ORIENTED_EDGE('',*,*,#5540,.T.);
#7579=ORIENTED_EDGE('',*,*,#5541,.F.);
#7580=ORIENTED_EDGE('',*,*,#5359,.F.);
#7581=ORIENTED_EDGE('',*,*,#5539,.F.);
#7582=ORIENTED_EDGE('',*,*,#5542,.T.);
#7583=ORIENTED_EDGE('',*,*,#5543,.F.);
#7584=ORIENTED_EDGE('',*,*,#5360,.F.);
#7585=ORIENTED_EDGE('',*,*,#5541,.T.);
#7586=ORIENTED_EDGE('',*,*,#5544,.T.);
#7587=ORIENTED_EDGE('',*,*,#5543,.T.);
#7588=ORIENTED_EDGE('',*,*,#5545,.T.);
#7589=ORIENTED_EDGE('',*,*,#5546,.F.);
#7590=ORIENTED_EDGE('',*,*,#5361,.F.);
#7591=ORIENTED_EDGE('',*,*,#5547,.F.);
#7592=ORIENTED_EDGE('',*,*,#5362,.F.);
#7593=ORIENTED_EDGE('',*,*,#5546,.T.);
#7594=ORIENTED_EDGE('',*,*,#5548,.T.);
#7595=ORIENTED_EDGE('',*,*,#5549,.F.);
#7596=ORIENTED_EDGE('',*,*,#5363,.F.);
#7597=ORIENTED_EDGE('',*,*,#5547,.T.);
#7598=ORIENTED_EDGE('',*,*,#5550,.T.);
#7599=ORIENTED_EDGE('',*,*,#5551,.F.);
#7600=ORIENTED_EDGE('',*,*,#5364,.F.);
#7601=ORIENTED_EDGE('',*,*,#5549,.T.);
#7602=ORIENTED_EDGE('',*,*,#5552,.T.);
#7603=ORIENTED_EDGE('',*,*,#5553,.F.);
#7604=ORIENTED_EDGE('',*,*,#5365,.F.);
#7605=ORIENTED_EDGE('',*,*,#5551,.T.);
#7606=ORIENTED_EDGE('',*,*,#5554,.T.);
#7607=ORIENTED_EDGE('',*,*,#5555,.F.);
#7608=ORIENTED_EDGE('',*,*,#5366,.F.);
#7609=ORIENTED_EDGE('',*,*,#5553,.T.);
#7610=ORIENTED_EDGE('',*,*,#5556,.T.);
#7611=ORIENTED_EDGE('',*,*,#5537,.F.);
#7612=ORIENTED_EDGE('',*,*,#5367,.F.);
#7613=ORIENTED_EDGE('',*,*,#5555,.T.);
#7614=ORIENTED_EDGE('',*,*,#5557,.T.);
#7615=ORIENTED_EDGE('',*,*,#5558,.F.);
#7616=ORIENTED_EDGE('',*,*,#5368,.F.);
#7617=ORIENTED_EDGE('',*,*,#5559,.T.);
#7618=ORIENTED_EDGE('',*,*,#5560,.T.);
#7619=ORIENTED_EDGE('',*,*,#5561,.T.);
#7620=ORIENTED_EDGE('',*,*,#5369,.F.);
#7621=ORIENTED_EDGE('',*,*,#5558,.T.);
#7622=ORIENTED_EDGE('',*,*,#5562,.T.);
#7623=ORIENTED_EDGE('',*,*,#5563,.F.);
#7624=ORIENTED_EDGE('',*,*,#5370,.F.);
#7625=ORIENTED_EDGE('',*,*,#5561,.F.);
#7626=ORIENTED_EDGE('',*,*,#5564,.T.);
#7627=ORIENTED_EDGE('',*,*,#5565,.F.);
#7628=ORIENTED_EDGE('',*,*,#5371,.F.);
#7629=ORIENTED_EDGE('',*,*,#5563,.T.);
#7630=ORIENTED_EDGE('',*,*,#5566,.T.);
#7631=ORIENTED_EDGE('',*,*,#5567,.F.);
#7632=ORIENTED_EDGE('',*,*,#5372,.F.);
#7633=ORIENTED_EDGE('',*,*,#5565,.T.);
#7634=ORIENTED_EDGE('',*,*,#5568,.T.);
#7635=ORIENTED_EDGE('',*,*,#5569,.F.);
#7636=ORIENTED_EDGE('',*,*,#5373,.F.);
#7637=ORIENTED_EDGE('',*,*,#5567,.T.);
#7638=ORIENTED_EDGE('',*,*,#5570,.T.);
#7639=ORIENTED_EDGE('',*,*,#5571,.F.);
#7640=ORIENTED_EDGE('',*,*,#5374,.F.);
#7641=ORIENTED_EDGE('',*,*,#5569,.T.);
#7642=ORIENTED_EDGE('',*,*,#5572,.T.);
#7643=ORIENTED_EDGE('',*,*,#5573,.F.);
#7644=ORIENTED_EDGE('',*,*,#5375,.F.);
#7645=ORIENTED_EDGE('',*,*,#5571,.T.);
#7646=ORIENTED_EDGE('',*,*,#5574,.T.);
#7647=ORIENTED_EDGE('',*,*,#5575,.F.);
#7648=ORIENTED_EDGE('',*,*,#5376,.F.);
#7649=ORIENTED_EDGE('',*,*,#5573,.T.);
#7650=ORIENTED_EDGE('',*,*,#5576,.T.);
#7651=ORIENTED_EDGE('',*,*,#5577,.F.);
#7652=ORIENTED_EDGE('',*,*,#5377,.F.);
#7653=ORIENTED_EDGE('',*,*,#5575,.T.);
#7654=ORIENTED_EDGE('',*,*,#5578,.T.);
#7655=ORIENTED_EDGE('',*,*,#5579,.F.);
#7656=ORIENTED_EDGE('',*,*,#5378,.F.);
#7657=ORIENTED_EDGE('',*,*,#5577,.T.);
#7658=ORIENTED_EDGE('',*,*,#5580,.T.);
#7659=ORIENTED_EDGE('',*,*,#5579,.T.);
#7660=ORIENTED_EDGE('',*,*,#5581,.T.);
#7661=ORIENTED_EDGE('',*,*,#5582,.F.);
#7662=ORIENTED_EDGE('',*,*,#5379,.F.);
#7663=ORIENTED_EDGE('',*,*,#5583,.F.);
#7664=ORIENTED_EDGE('',*,*,#5380,.F.);
#7665=ORIENTED_EDGE('',*,*,#5582,.T.);
#7666=ORIENTED_EDGE('',*,*,#5584,.T.);
#7667=ORIENTED_EDGE('',*,*,#5585,.F.);
#7668=ORIENTED_EDGE('',*,*,#5381,.F.);
#7669=ORIENTED_EDGE('',*,*,#5583,.T.);
#7670=ORIENTED_EDGE('',*,*,#5586,.T.);
#7671=ORIENTED_EDGE('',*,*,#5587,.F.);
#7672=ORIENTED_EDGE('',*,*,#5382,.F.);
#7673=ORIENTED_EDGE('',*,*,#5585,.T.);
#7674=ORIENTED_EDGE('',*,*,#5588,.T.);
#7675=ORIENTED_EDGE('',*,*,#5587,.T.);
#7676=ORIENTED_EDGE('',*,*,#5589,.T.);
#7677=ORIENTED_EDGE('',*,*,#5590,.F.);
#7678=ORIENTED_EDGE('',*,*,#5383,.F.);
#7679=ORIENTED_EDGE('',*,*,#5591,.F.);
#7680=ORIENTED_EDGE('',*,*,#5384,.F.);
#7681=ORIENTED_EDGE('',*,*,#5590,.T.);
#7682=ORIENTED_EDGE('',*,*,#5592,.T.);
#7683=ORIENTED_EDGE('',*,*,#5593,.F.);
#7684=ORIENTED_EDGE('',*,*,#5385,.F.);
#7685=ORIENTED_EDGE('',*,*,#5591,.T.);
#7686=ORIENTED_EDGE('',*,*,#5594,.T.);
#7687=ORIENTED_EDGE('',*,*,#5595,.F.);
#7688=ORIENTED_EDGE('',*,*,#5386,.F.);
#7689=ORIENTED_EDGE('',*,*,#5593,.T.);
#7690=ORIENTED_EDGE('',*,*,#5596,.T.);
#7691=ORIENTED_EDGE('',*,*,#5597,.F.);
#7692=ORIENTED_EDGE('',*,*,#5387,.F.);
#7693=ORIENTED_EDGE('',*,*,#5595,.T.);
#7694=ORIENTED_EDGE('',*,*,#5598,.T.);
#7695=ORIENTED_EDGE('',*,*,#5599,.F.);
#7696=ORIENTED_EDGE('',*,*,#5388,.F.);
#7697=ORIENTED_EDGE('',*,*,#5597,.T.);
#7698=ORIENTED_EDGE('',*,*,#5600,.T.);
#7699=ORIENTED_EDGE('',*,*,#5601,.F.);
#7700=ORIENTED_EDGE('',*,*,#5389,.F.);
#7701=ORIENTED_EDGE('',*,*,#5599,.T.);
#7702=ORIENTED_EDGE('',*,*,#5602,.T.);
#7703=ORIENTED_EDGE('',*,*,#5603,.F.);
#7704=ORIENTED_EDGE('',*,*,#5390,.F.);
#7705=ORIENTED_EDGE('',*,*,#5601,.T.);
#7706=ORIENTED_EDGE('',*,*,#5604,.T.);
#7707=ORIENTED_EDGE('',*,*,#5605,.F.);
#7708=ORIENTED_EDGE('',*,*,#5391,.F.);
#7709=ORIENTED_EDGE('',*,*,#5603,.T.);
#7710=ORIENTED_EDGE('',*,*,#5606,.T.);
#7711=ORIENTED_EDGE('',*,*,#5607,.F.);
#7712=ORIENTED_EDGE('',*,*,#5392,.F.);
#7713=ORIENTED_EDGE('',*,*,#5605,.T.);
#7714=ORIENTED_EDGE('',*,*,#5608,.T.);
#7715=ORIENTED_EDGE('',*,*,#5609,.F.);
#7716=ORIENTED_EDGE('',*,*,#5393,.F.);
#7717=ORIENTED_EDGE('',*,*,#5607,.T.);
#7718=ORIENTED_EDGE('',*,*,#5610,.T.);
#7719=ORIENTED_EDGE('',*,*,#5609,.T.);
#7720=ORIENTED_EDGE('',*,*,#5611,.T.);
#7721=ORIENTED_EDGE('',*,*,#5612,.F.);
#7722=ORIENTED_EDGE('',*,*,#5394,.F.);
#7723=ORIENTED_EDGE('',*,*,#5613,.F.);
#7724=ORIENTED_EDGE('',*,*,#5395,.F.);
#7725=ORIENTED_EDGE('',*,*,#5612,.T.);
#7726=ORIENTED_EDGE('',*,*,#5614,.T.);
#7727=ORIENTED_EDGE('',*,*,#5615,.F.);
#7728=ORIENTED_EDGE('',*,*,#5396,.F.);
#7729=ORIENTED_EDGE('',*,*,#5613,.T.);
#7730=ORIENTED_EDGE('',*,*,#5616,.T.);
#7731=ORIENTED_EDGE('',*,*,#5615,.T.);
#7732=ORIENTED_EDGE('',*,*,#5617,.T.);
#7733=ORIENTED_EDGE('',*,*,#5618,.F.);
#7734=ORIENTED_EDGE('',*,*,#5397,.F.);
#7735=ORIENTED_EDGE('',*,*,#5559,.F.);
#7736=ORIENTED_EDGE('',*,*,#5398,.F.);
#7737=ORIENTED_EDGE('',*,*,#5618,.T.);
#7738=ORIENTED_EDGE('',*,*,#5619,.T.);
#7739=ORIENTED_EDGE('',*,*,#5426,.T.);
#7740=ORIENTED_EDGE('',*,*,#5184,.F.);
#7741=ORIENTED_EDGE('',*,*,#5427,.T.);
#7742=ORIENTED_EDGE('',*,*,#5408,.F.);
#7743=ORIENTED_EDGE('',*,*,#5620,.F.);
#7744=ORIENTED_EDGE('',*,*,#5621,.F.);
#7745=ORIENTED_EDGE('',*,*,#5622,.F.);
#7746=ORIENTED_EDGE('',*,*,#5623,.T.);
#7747=ORIENTED_EDGE('',*,*,#5624,.F.);
#7748=ORIENTED_EDGE('',*,*,#5411,.T.);
#7749=ORIENTED_EDGE('',*,*,#5429,.T.);
#7750=ORIENTED_EDGE('',*,*,#5424,.F.);
#7751=ORIENTED_EDGE('',*,*,#5625,.T.);
#7752=ORIENTED_EDGE('',*,*,#5626,.F.);
#7753=ORIENTED_EDGE('',*,*,#5412,.T.);
#7754=ORIENTED_EDGE('',*,*,#5624,.T.);
#7755=ORIENTED_EDGE('',*,*,#5627,.T.);
#7756=ORIENTED_EDGE('',*,*,#5628,.T.);
#7757=ORIENTED_EDGE('',*,*,#5629,.T.);
#7758=ORIENTED_EDGE('',*,*,#5630,.T.);
#7759=ORIENTED_EDGE('',*,*,#5631,.T.);
#7760=ORIENTED_EDGE('',*,*,#5422,.T.);
#7761=ORIENTED_EDGE('',*,*,#5416,.T.);
#7762=ORIENTED_EDGE('',*,*,#5413,.T.);
#7763=ORIENTED_EDGE('',*,*,#5626,.T.);
#7764=ORIENTED_EDGE('',*,*,#5632,.F.);
#7765=ORIENTED_EDGE('',*,*,#5180,.F.);
#7766=ORIENTED_EDGE('',*,*,#5425,.T.);
#7767=ORIENTED_EDGE('',*,*,#5420,.F.);
#7768=ORIENTED_EDGE('',*,*,#5428,.F.);
#7769=ORIENTED_EDGE('',*,*,#5633,.F.);
#7770=ORIENTED_EDGE('',*,*,#5620,.T.);
#7771=ORIENTED_EDGE('',*,*,#5423,.F.);
#7772=ORIENTED_EDGE('',*,*,#5631,.F.);
#7773=ORIENTED_EDGE('',*,*,#5634,.T.);
#7774=ORIENTED_EDGE('',*,*,#5635,.T.);
#7775=ORIENTED_EDGE('',*,*,#5636,.T.);
#7776=ORIENTED_EDGE('',*,*,#5637,.T.);
#7777=ORIENTED_EDGE('',*,*,#5638,.F.);
#7778=ORIENTED_EDGE('',*,*,#5639,.T.);
#7779=ORIENTED_EDGE('',*,*,#5193,.F.);
#7780=ORIENTED_EDGE('',*,*,#5640,.F.);
#7781=ORIENTED_EDGE('',*,*,#5641,.F.);
#7782=ORIENTED_EDGE('',*,*,#5642,.F.);
#7783=ORIENTED_EDGE('',*,*,#5194,.F.);
#7784=ORIENTED_EDGE('',*,*,#5639,.F.);
#7785=ORIENTED_EDGE('',*,*,#5643,.F.);
#7786=ORIENTED_EDGE('',*,*,#5644,.T.);
#7787=ORIENTED_EDGE('',*,*,#5195,.F.);
#7788=ORIENTED_EDGE('',*,*,#5642,.T.);
#7789=ORIENTED_EDGE('',*,*,#5645,.F.);
#7790=ORIENTED_EDGE('',*,*,#5646,.T.);
#7791=ORIENTED_EDGE('',*,*,#5196,.F.);
#7792=ORIENTED_EDGE('',*,*,#5644,.F.);
#7793=ORIENTED_EDGE('',*,*,#5647,.F.);
#7794=ORIENTED_EDGE('',*,*,#5648,.T.);
#7795=ORIENTED_EDGE('',*,*,#5185,.F.);
#7796=ORIENTED_EDGE('',*,*,#5646,.F.);
#7797=ORIENTED_EDGE('',*,*,#5649,.F.);
#7798=ORIENTED_EDGE('',*,*,#5650,.T.);
#7799=ORIENTED_EDGE('',*,*,#5186,.F.);
#7800=ORIENTED_EDGE('',*,*,#5648,.F.);
#7801=ORIENTED_EDGE('',*,*,#5651,.F.);
#7802=ORIENTED_EDGE('',*,*,#5652,.T.);
#7803=ORIENTED_EDGE('',*,*,#5187,.F.);
#7804=ORIENTED_EDGE('',*,*,#5650,.F.);
#7805=ORIENTED_EDGE('',*,*,#5653,.F.);
#7806=ORIENTED_EDGE('',*,*,#5654,.T.);
#7807=ORIENTED_EDGE('',*,*,#5188,.F.);
#7808=ORIENTED_EDGE('',*,*,#5652,.F.);
#7809=ORIENTED_EDGE('',*,*,#5655,.F.);
#7810=ORIENTED_EDGE('',*,*,#5656,.T.);
#7811=ORIENTED_EDGE('',*,*,#5189,.F.);
#7812=ORIENTED_EDGE('',*,*,#5654,.F.);
#7813=ORIENTED_EDGE('',*,*,#5657,.F.);
#7814=ORIENTED_EDGE('',*,*,#5658,.T.);
#7815=ORIENTED_EDGE('',*,*,#5190,.F.);
#7816=ORIENTED_EDGE('',*,*,#5656,.F.);
#7817=ORIENTED_EDGE('',*,*,#5659,.F.);
#7818=ORIENTED_EDGE('',*,*,#5660,.T.);
#7819=ORIENTED_EDGE('',*,*,#5191,.F.);
#7820=ORIENTED_EDGE('',*,*,#5658,.F.);
#7821=ORIENTED_EDGE('',*,*,#5661,.F.);
#7822=ORIENTED_EDGE('',*,*,#5640,.T.);
#7823=ORIENTED_EDGE('',*,*,#5192,.F.);
#7824=ORIENTED_EDGE('',*,*,#5660,.F.);
#7825=ORIENTED_EDGE('',*,*,#5662,.F.);
#7826=ORIENTED_EDGE('',*,*,#5663,.T.);
#7827=ORIENTED_EDGE('',*,*,#5664,.T.);
#7828=ORIENTED_EDGE('',*,*,#5665,.T.);
#7829=ORIENTED_EDGE('',*,*,#5666,.T.);
#7830=ORIENTED_EDGE('',*,*,#5667,.T.);
#7831=ORIENTED_EDGE('',*,*,#5668,.T.);
#7832=ORIENTED_EDGE('',*,*,#5669,.T.);
#7833=ORIENTED_EDGE('',*,*,#5670,.T.);
#7834=ORIENTED_EDGE('',*,*,#5671,.T.);
#7835=ORIENTED_EDGE('',*,*,#5430,.T.);
#7836=ORIENTED_EDGE('',*,*,#5672,.T.);
#7837=ORIENTED_EDGE('',*,*,#5440,.F.);
#7838=ORIENTED_EDGE('',*,*,#5438,.F.);
#7839=ORIENTED_EDGE('',*,*,#5436,.F.);
#7840=ORIENTED_EDGE('',*,*,#5489,.F.);
#7841=ORIENTED_EDGE('',*,*,#5488,.F.);
#7842=ORIENTED_EDGE('',*,*,#5486,.F.);
#7843=ORIENTED_EDGE('',*,*,#5484,.F.);
#7844=ORIENTED_EDGE('',*,*,#5482,.F.);
#7845=ORIENTED_EDGE('',*,*,#5480,.F.);
#7846=ORIENTED_EDGE('',*,*,#5478,.F.);
#7847=ORIENTED_EDGE('',*,*,#5476,.F.);
#7848=ORIENTED_EDGE('',*,*,#5474,.F.);
#7849=ORIENTED_EDGE('',*,*,#5472,.F.);
#7850=ORIENTED_EDGE('',*,*,#5470,.F.);
#7851=ORIENTED_EDGE('',*,*,#5468,.F.);
#7852=ORIENTED_EDGE('',*,*,#5466,.F.);
#7853=ORIENTED_EDGE('',*,*,#5464,.F.);
#7854=ORIENTED_EDGE('',*,*,#5462,.F.);
#7855=ORIENTED_EDGE('',*,*,#5460,.F.);
#7856=ORIENTED_EDGE('',*,*,#5458,.F.);
#7857=ORIENTED_EDGE('',*,*,#5456,.F.);
#7858=ORIENTED_EDGE('',*,*,#5454,.F.);
#7859=ORIENTED_EDGE('',*,*,#5452,.F.);
#7860=ORIENTED_EDGE('',*,*,#5450,.F.);
#7861=ORIENTED_EDGE('',*,*,#5448,.F.);
#7862=ORIENTED_EDGE('',*,*,#5446,.F.);
#7863=ORIENTED_EDGE('',*,*,#5444,.F.);
#7864=ORIENTED_EDGE('',*,*,#5442,.F.);
#7865=ORIENTED_EDGE('',*,*,#5496,.F.);
#7866=ORIENTED_EDGE('',*,*,#5494,.F.);
#7867=ORIENTED_EDGE('',*,*,#5492,.F.);
#7868=ORIENTED_EDGE('',*,*,#5503,.F.);
#7869=ORIENTED_EDGE('',*,*,#5502,.F.);
#7870=ORIENTED_EDGE('',*,*,#5500,.F.);
#7871=ORIENTED_EDGE('',*,*,#5498,.F.);
#7872=ORIENTED_EDGE('',*,*,#5510,.F.);
#7873=ORIENTED_EDGE('',*,*,#5508,.F.);
#7874=ORIENTED_EDGE('',*,*,#5506,.F.);
#7875=ORIENTED_EDGE('',*,*,#5535,.F.);
#7876=ORIENTED_EDGE('',*,*,#5534,.F.);
#7877=ORIENTED_EDGE('',*,*,#5532,.F.);
#7878=ORIENTED_EDGE('',*,*,#5530,.F.);
#7879=ORIENTED_EDGE('',*,*,#5528,.F.);
#7880=ORIENTED_EDGE('',*,*,#5526,.F.);
#7881=ORIENTED_EDGE('',*,*,#5524,.F.);
#7882=ORIENTED_EDGE('',*,*,#5522,.F.);
#7883=ORIENTED_EDGE('',*,*,#5520,.F.);
#7884=ORIENTED_EDGE('',*,*,#5518,.F.);
#7885=ORIENTED_EDGE('',*,*,#5516,.F.);
#7886=ORIENTED_EDGE('',*,*,#5514,.F.);
#7887=ORIENTED_EDGE('',*,*,#5512,.F.);
#7888=ORIENTED_EDGE('',*,*,#5542,.F.);
#7889=ORIENTED_EDGE('',*,*,#5540,.F.);
#7890=ORIENTED_EDGE('',*,*,#5538,.F.);
#7891=ORIENTED_EDGE('',*,*,#5557,.F.);
#7892=ORIENTED_EDGE('',*,*,#5556,.F.);
#7893=ORIENTED_EDGE('',*,*,#5554,.F.);
#7894=ORIENTED_EDGE('',*,*,#5552,.F.);
#7895=ORIENTED_EDGE('',*,*,#5550,.F.);
#7896=ORIENTED_EDGE('',*,*,#5548,.F.);
#7897=ORIENTED_EDGE('',*,*,#5545,.F.);
#7898=ORIENTED_EDGE('',*,*,#5544,.F.);
#7899=ORIENTED_EDGE('',*,*,#5564,.F.);
#7900=ORIENTED_EDGE('',*,*,#5562,.F.);
#7901=ORIENTED_EDGE('',*,*,#5560,.F.);
#7902=ORIENTED_EDGE('',*,*,#5619,.F.);
#7903=ORIENTED_EDGE('',*,*,#5617,.F.);
#7904=ORIENTED_EDGE('',*,*,#5616,.F.);
#7905=ORIENTED_EDGE('',*,*,#5614,.F.);
#7906=ORIENTED_EDGE('',*,*,#5611,.F.);
#7907=ORIENTED_EDGE('',*,*,#5610,.F.);
#7908=ORIENTED_EDGE('',*,*,#5608,.F.);
#7909=ORIENTED_EDGE('',*,*,#5606,.F.);
#7910=ORIENTED_EDGE('',*,*,#5604,.F.);
#7911=ORIENTED_EDGE('',*,*,#5602,.F.);
#7912=ORIENTED_EDGE('',*,*,#5600,.F.);
#7913=ORIENTED_EDGE('',*,*,#5598,.F.);
#7914=ORIENTED_EDGE('',*,*,#5596,.F.);
#7915=ORIENTED_EDGE('',*,*,#5594,.F.);
#7916=ORIENTED_EDGE('',*,*,#5592,.F.);
#7917=ORIENTED_EDGE('',*,*,#5589,.F.);
#7918=ORIENTED_EDGE('',*,*,#5588,.F.);
#7919=ORIENTED_EDGE('',*,*,#5586,.F.);
#7920=ORIENTED_EDGE('',*,*,#5584,.F.);
#7921=ORIENTED_EDGE('',*,*,#5581,.F.);
#7922=ORIENTED_EDGE('',*,*,#5580,.F.);
#7923=ORIENTED_EDGE('',*,*,#5578,.F.);
#7924=ORIENTED_EDGE('',*,*,#5576,.F.);
#7925=ORIENTED_EDGE('',*,*,#5574,.F.);
#7926=ORIENTED_EDGE('',*,*,#5572,.F.);
#7927=ORIENTED_EDGE('',*,*,#5570,.F.);
#7928=ORIENTED_EDGE('',*,*,#5568,.F.);
#7929=ORIENTED_EDGE('',*,*,#5566,.F.);
#7930=ORIENTED_EDGE('',*,*,#5673,.T.);
#7931=ORIENTED_EDGE('',*,*,#5674,.F.);
#7932=ORIENTED_EDGE('',*,*,#5675,.T.);
#7933=ORIENTED_EDGE('',*,*,#5676,.T.);
#7934=ORIENTED_EDGE('',*,*,#5677,.T.);
#7935=ORIENTED_EDGE('',*,*,#5678,.T.);
#7936=ORIENTED_EDGE('',*,*,#5679,.F.);
#7937=ORIENTED_EDGE('',*,*,#5680,.T.);
#7938=ORIENTED_EDGE('',*,*,#5681,.F.);
#7939=ORIENTED_EDGE('',*,*,#5682,.T.);
#7940=ORIENTED_EDGE('',*,*,#5683,.T.);
#7941=ORIENTED_EDGE('',*,*,#5684,.T.);
#7942=ORIENTED_EDGE('',*,*,#5685,.T.);
#7943=ORIENTED_EDGE('',*,*,#5621,.T.);
#7944=ORIENTED_EDGE('',*,*,#5633,.T.);
#7945=ORIENTED_EDGE('',*,*,#5630,.F.);
#7946=ORIENTED_EDGE('',*,*,#5686,.T.);
#7947=ORIENTED_EDGE('',*,*,#5687,.T.);
#7948=ORIENTED_EDGE('',*,*,#5688,.T.);
#7949=ORIENTED_EDGE('',*,*,#5689,.T.);
#7950=ORIENTED_EDGE('',*,*,#5690,.T.);
#7951=ORIENTED_EDGE('',*,*,#5691,.T.);
#7952=ORIENTED_EDGE('',*,*,#5692,.T.);
#7953=ORIENTED_EDGE('',*,*,#5693,.T.);
#7954=ORIENTED_EDGE('',*,*,#5694,.T.);
#7955=ORIENTED_EDGE('',*,*,#5695,.T.);
#7956=ORIENTED_EDGE('',*,*,#5696,.T.);
#7957=ORIENTED_EDGE('',*,*,#5697,.T.);
#7958=ORIENTED_EDGE('',*,*,#5698,.T.);
#7959=ORIENTED_EDGE('',*,*,#5699,.T.);
#7960=ORIENTED_EDGE('',*,*,#5700,.T.);
#7961=ORIENTED_EDGE('',*,*,#5701,.T.);
#7962=ORIENTED_EDGE('',*,*,#5702,.T.);
#7963=ORIENTED_EDGE('',*,*,#5703,.T.);
#7964=ORIENTED_EDGE('',*,*,#5622,.T.);
#7965=ORIENTED_EDGE('',*,*,#5685,.F.);
#7966=ORIENTED_EDGE('',*,*,#5629,.F.);
#7967=ORIENTED_EDGE('',*,*,#5704,.T.);
#7968=ORIENTED_EDGE('',*,*,#5703,.F.);
#7969=ORIENTED_EDGE('',*,*,#5705,.T.);
#7970=ORIENTED_EDGE('',*,*,#5627,.F.);
#7971=ORIENTED_EDGE('',*,*,#5623,.F.);
#7972=ORIENTED_EDGE('',*,*,#5625,.F.);
#7973=ORIENTED_EDGE('',*,*,#5706,.F.);
#7974=ORIENTED_EDGE('',*,*,#5704,.F.);
#7975=ORIENTED_EDGE('',*,*,#5632,.T.);
#7976=ORIENTED_EDGE('',*,*,#5707,.F.);
#7977=ORIENTED_EDGE('',*,*,#5628,.F.);
#7978=ORIENTED_EDGE('',*,*,#5708,.F.);
#7979=ORIENTED_EDGE('',*,*,#5709,.T.);
#7980=ORIENTED_EDGE('',*,*,#5710,.T.);
#7981=ORIENTED_EDGE('',*,*,#5711,.T.);
#7982=ORIENTED_EDGE('',*,*,#5712,.T.);
#7983=ORIENTED_EDGE('',*,*,#5713,.T.);
#7984=ORIENTED_EDGE('',*,*,#5714,.F.);
#7985=ORIENTED_EDGE('',*,*,#5634,.F.);
#7986=ORIENTED_EDGE('',*,*,#5715,.T.);
#7987=ORIENTED_EDGE('',*,*,#5716,.T.);
#7988=ORIENTED_EDGE('',*,*,#5635,.F.);
#7989=ORIENTED_EDGE('',*,*,#5714,.T.);
#7990=ORIENTED_EDGE('',*,*,#5717,.T.);
#7991=ORIENTED_EDGE('',*,*,#5718,.T.);
#7992=ORIENTED_EDGE('',*,*,#5719,.T.);
#7993=ORIENTED_EDGE('',*,*,#5720,.T.);
#7994=ORIENTED_EDGE('',*,*,#5721,.T.);
#7995=ORIENTED_EDGE('',*,*,#5722,.T.);
#7996=ORIENTED_EDGE('',*,*,#5723,.T.);
#7997=ORIENTED_EDGE('',*,*,#5636,.F.);
#7998=ORIENTED_EDGE('',*,*,#5718,.F.);
#7999=ORIENTED_EDGE('',*,*,#5724,.T.);
#8000=ORIENTED_EDGE('',*,*,#5723,.F.);
#8001=ORIENTED_EDGE('',*,*,#5725,.F.);
#8002=ORIENTED_EDGE('',*,*,#5715,.F.);
#8003=ORIENTED_EDGE('',*,*,#5637,.F.);
#8004=ORIENTED_EDGE('',*,*,#5643,.T.);
#8005=ORIENTED_EDGE('',*,*,#5641,.T.);
#8006=ORIENTED_EDGE('',*,*,#5638,.T.);
#8007=ORIENTED_EDGE('',*,*,#5661,.T.);
#8008=ORIENTED_EDGE('',*,*,#5659,.T.);
#8009=ORIENTED_EDGE('',*,*,#5657,.T.);
#8010=ORIENTED_EDGE('',*,*,#5655,.T.);
#8011=ORIENTED_EDGE('',*,*,#5653,.T.);
#8012=ORIENTED_EDGE('',*,*,#5651,.T.);
#8013=ORIENTED_EDGE('',*,*,#5649,.T.);
#8014=ORIENTED_EDGE('',*,*,#5647,.T.);
#8015=ORIENTED_EDGE('',*,*,#5645,.T.);
#8016=ORIENTED_EDGE('',*,*,#5726,.F.);
#8017=ORIENTED_EDGE('',*,*,#5662,.T.);
#8018=ORIENTED_EDGE('',*,*,#5727,.F.);
#8019=ORIENTED_EDGE('',*,*,#5728,.T.);
#8020=ORIENTED_EDGE('',*,*,#5729,.T.);
#8021=ORIENTED_EDGE('',*,*,#5663,.F.);
#8022=ORIENTED_EDGE('',*,*,#5726,.T.);
#8023=ORIENTED_EDGE('',*,*,#5730,.T.);
#8024=ORIENTED_EDGE('',*,*,#5731,.F.);
#8025=ORIENTED_EDGE('',*,*,#5664,.F.);
#8026=ORIENTED_EDGE('',*,*,#5729,.F.);
#8027=ORIENTED_EDGE('',*,*,#5732,.F.);
#8028=ORIENTED_EDGE('',*,*,#5733,.F.);
#8029=ORIENTED_EDGE('',*,*,#5665,.F.);
#8030=ORIENTED_EDGE('',*,*,#5731,.T.);
#8031=ORIENTED_EDGE('',*,*,#5734,.F.);
#8032=ORIENTED_EDGE('',*,*,#5735,.F.);
#8033=ORIENTED_EDGE('',*,*,#5736,.T.);
#8034=ORIENTED_EDGE('',*,*,#5666,.F.);
#8035=ORIENTED_EDGE('',*,*,#5733,.T.);
#8036=ORIENTED_EDGE('',*,*,#5736,.F.);
#8037=ORIENTED_EDGE('',*,*,#5737,.F.);
#8038=ORIENTED_EDGE('',*,*,#5738,.T.);
#8039=ORIENTED_EDGE('',*,*,#5667,.F.);
#8040=ORIENTED_EDGE('',*,*,#5739,.F.);
#8041=ORIENTED_EDGE('',*,*,#5668,.F.);
#8042=ORIENTED_EDGE('',*,*,#5738,.F.);
#8043=ORIENTED_EDGE('',*,*,#5740,.F.);
#8044=ORIENTED_EDGE('',*,*,#5741,.F.);
#8045=ORIENTED_EDGE('',*,*,#5669,.F.);
#8046=ORIENTED_EDGE('',*,*,#5739,.T.);
#8047=ORIENTED_EDGE('',*,*,#5742,.F.);
#8048=ORIENTED_EDGE('',*,*,#5743,.F.);
#8049=ORIENTED_EDGE('',*,*,#5670,.F.);
#8050=ORIENTED_EDGE('',*,*,#5741,.T.);
#8051=ORIENTED_EDGE('',*,*,#5744,.F.);
#8052=ORIENTED_EDGE('',*,*,#5727,.T.);
#8053=ORIENTED_EDGE('',*,*,#5671,.F.);
#8054=ORIENTED_EDGE('',*,*,#5743,.T.);
#8055=ORIENTED_EDGE('',*,*,#5745,.T.);
#8056=ORIENTED_EDGE('',*,*,#5672,.F.);
#8057=ORIENTED_EDGE('',*,*,#5746,.T.);
#8058=ORIENTED_EDGE('',*,*,#5202,.T.);
#8059=ORIENTED_EDGE('',*,*,#5199,.T.);
#8060=ORIENTED_EDGE('',*,*,#5746,.F.);
#8061=ORIENTED_EDGE('',*,*,#5747,.F.);
#8062=ORIENTED_EDGE('',*,*,#5748,.F.);
#8063=ORIENTED_EDGE('',*,*,#5749,.T.);
#8064=ORIENTED_EDGE('',*,*,#5750,.F.);
#8065=ORIENTED_EDGE('',*,*,#5751,.F.);
#8066=ORIENTED_EDGE('',*,*,#5673,.F.);
#8067=ORIENTED_EDGE('',*,*,#5752,.F.);
#8068=ORIENTED_EDGE('',*,*,#5674,.T.);
#8069=ORIENTED_EDGE('',*,*,#5751,.T.);
#8070=ORIENTED_EDGE('',*,*,#5753,.F.);
#8071=ORIENTED_EDGE('',*,*,#5754,.T.);
#8072=ORIENTED_EDGE('',*,*,#5755,.F.);
#8073=ORIENTED_EDGE('',*,*,#5675,.F.);
#8074=ORIENTED_EDGE('',*,*,#5754,.F.);
#8075=ORIENTED_EDGE('',*,*,#5756,.F.);
#8076=ORIENTED_EDGE('',*,*,#5757,.F.);
#8077=ORIENTED_EDGE('',*,*,#5758,.T.);
#8078=ORIENTED_EDGE('',*,*,#5759,.F.);
#8079=ORIENTED_EDGE('',*,*,#5755,.T.);
#8080=ORIENTED_EDGE('',*,*,#5760,.F.);
#8081=ORIENTED_EDGE('',*,*,#5752,.T.);
#8082=ORIENTED_EDGE('',*,*,#5676,.F.);
#8083=ORIENTED_EDGE('',*,*,#5686,.F.);
#8084=ORIENTED_EDGE('',*,*,#5761,.T.);
#8085=ORIENTED_EDGE('',*,*,#5762,.T.);
#8086=ORIENTED_EDGE('',*,*,#5763,.F.);
#8087=ORIENTED_EDGE('',*,*,#5756,.T.);
#8088=ORIENTED_EDGE('',*,*,#5764,.T.);
#8089=ORIENTED_EDGE('',*,*,#5687,.F.);
#8090=ORIENTED_EDGE('',*,*,#5763,.T.);
#8091=ORIENTED_EDGE('',*,*,#5688,.F.);
#8092=ORIENTED_EDGE('',*,*,#5764,.F.);
#8093=ORIENTED_EDGE('',*,*,#5753,.T.);
#8094=ORIENTED_EDGE('',*,*,#5765,.F.);
#8095=ORIENTED_EDGE('',*,*,#5689,.F.);
#8096=ORIENTED_EDGE('',*,*,#5765,.T.);
#8097=ORIENTED_EDGE('',*,*,#5750,.T.);
#8098=ORIENTED_EDGE('',*,*,#5761,.F.);
#8099=ORIENTED_EDGE('',*,*,#5766,.T.);
#8100=ORIENTED_EDGE('',*,*,#5742,.T.);
#8101=ORIENTED_EDGE('',*,*,#5767,.F.);
#8102=ORIENTED_EDGE('',*,*,#5690,.F.);
#8103=ORIENTED_EDGE('',*,*,#5768,.T.);
#8104=ORIENTED_EDGE('',*,*,#5691,.F.);
#8105=ORIENTED_EDGE('',*,*,#5767,.T.);
#8106=ORIENTED_EDGE('',*,*,#5740,.T.);
#8107=ORIENTED_EDGE('',*,*,#5737,.T.);
#8108=ORIENTED_EDGE('',*,*,#5769,.T.);
#8109=ORIENTED_EDGE('',*,*,#5692,.F.);
#8110=ORIENTED_EDGE('',*,*,#5768,.F.);
#8111=ORIENTED_EDGE('',*,*,#5735,.T.);
#8112=ORIENTED_EDGE('',*,*,#5770,.F.);
#8113=ORIENTED_EDGE('',*,*,#5693,.F.);
#8114=ORIENTED_EDGE('',*,*,#5769,.F.);
#8115=ORIENTED_EDGE('',*,*,#5771,.F.);
#8116=ORIENTED_EDGE('',*,*,#5694,.F.);
#8117=ORIENTED_EDGE('',*,*,#5770,.T.);
#8118=ORIENTED_EDGE('',*,*,#5734,.T.);
#8119=ORIENTED_EDGE('',*,*,#5771,.T.);
#8120=ORIENTED_EDGE('',*,*,#5732,.T.);
#8121=ORIENTED_EDGE('',*,*,#5772,.F.);
#8122=ORIENTED_EDGE('',*,*,#5695,.F.);
#8123=ORIENTED_EDGE('',*,*,#5772,.T.);
#8124=ORIENTED_EDGE('',*,*,#5730,.F.);
#8125=ORIENTED_EDGE('',*,*,#5773,.F.);
#8126=ORIENTED_EDGE('',*,*,#5696,.F.);
#8127=ORIENTED_EDGE('',*,*,#5773,.T.);
#8128=ORIENTED_EDGE('',*,*,#5728,.F.);
#8129=ORIENTED_EDGE('',*,*,#5774,.F.);
#8130=ORIENTED_EDGE('',*,*,#5697,.F.);
#8131=ORIENTED_EDGE('',*,*,#5775,.F.);
#8132=ORIENTED_EDGE('',*,*,#5698,.F.);
#8133=ORIENTED_EDGE('',*,*,#5774,.T.);
#8134=ORIENTED_EDGE('',*,*,#5745,.F.);
#8135=ORIENTED_EDGE('',*,*,#5775,.T.);
#8136=ORIENTED_EDGE('',*,*,#5744,.T.);
#8137=ORIENTED_EDGE('',*,*,#5766,.F.);
#8138=ORIENTED_EDGE('',*,*,#5699,.F.);
#8139=ORIENTED_EDGE('',*,*,#5776,.T.);
#8140=ORIENTED_EDGE('',*,*,#5777,.T.);
#8141=ORIENTED_EDGE('',*,*,#5778,.T.);
#8142=ORIENTED_EDGE('',*,*,#5779,.T.);
#8143=ORIENTED_EDGE('',*,*,#5780,.F.);
#8144=ORIENTED_EDGE('',*,*,#5700,.F.);
#8145=ORIENTED_EDGE('',*,*,#5706,.T.);
#8146=ORIENTED_EDGE('',*,*,#5707,.T.);
#8147=ORIENTED_EDGE('',*,*,#5781,.T.);
#8148=ORIENTED_EDGE('',*,*,#5782,.T.);
#8149=ORIENTED_EDGE('',*,*,#5783,.T.);
#8150=ORIENTED_EDGE('',*,*,#5701,.F.);
#8151=ORIENTED_EDGE('',*,*,#5780,.T.);
#8152=ORIENTED_EDGE('',*,*,#5784,.T.);
#8153=ORIENTED_EDGE('',*,*,#5785,.T.);
#8154=ORIENTED_EDGE('',*,*,#5786,.T.);
#8155=ORIENTED_EDGE('',*,*,#5787,.T.);
#8156=ORIENTED_EDGE('',*,*,#5708,.T.);
#8157=ORIENTED_EDGE('',*,*,#5705,.F.);
#8158=ORIENTED_EDGE('',*,*,#5702,.F.);
#8159=ORIENTED_EDGE('',*,*,#5783,.F.);
#8160=ORIENTED_EDGE('',*,*,#5788,.T.);
#8161=ORIENTED_EDGE('',*,*,#5787,.F.);
#8162=ORIENTED_EDGE('',*,*,#5789,.T.);
#8163=ORIENTED_EDGE('',*,*,#5781,.F.);
#8164=ORIENTED_EDGE('',*,*,#5709,.F.);
#8165=ORIENTED_EDGE('',*,*,#5721,.F.);
#8166=ORIENTED_EDGE('',*,*,#5790,.F.);
#8167=ORIENTED_EDGE('',*,*,#5710,.F.);
#8168=ORIENTED_EDGE('',*,*,#5791,.F.);
#8169=ORIENTED_EDGE('',*,*,#5792,.T.);
#8170=ORIENTED_EDGE('',*,*,#5711,.F.);
#8171=ORIENTED_EDGE('',*,*,#5790,.T.);
#8172=ORIENTED_EDGE('',*,*,#5720,.F.);
#8173=ORIENTED_EDGE('',*,*,#5719,.F.);
#8174=ORIENTED_EDGE('',*,*,#5793,.F.);
#8175=ORIENTED_EDGE('',*,*,#5712,.F.);
#8176=ORIENTED_EDGE('',*,*,#5792,.F.);
#8177=ORIENTED_EDGE('',*,*,#5713,.F.);
#8178=ORIENTED_EDGE('',*,*,#5793,.T.);
#8179=ORIENTED_EDGE('',*,*,#5724,.F.);
#8180=ORIENTED_EDGE('',*,*,#5717,.F.);
#8181=ORIENTED_EDGE('',*,*,#5722,.F.);
#8182=ORIENTED_EDGE('',*,*,#5791,.T.);
#8183=ORIENTED_EDGE('',*,*,#5716,.F.);
#8184=ORIENTED_EDGE('',*,*,#5725,.T.);
#8185=ORIENTED_EDGE('',*,*,#5747,.T.);
#8186=ORIENTED_EDGE('',*,*,#5760,.T.);
#8187=ORIENTED_EDGE('',*,*,#5759,.T.);
#8188=ORIENTED_EDGE('',*,*,#5794,.T.);
#8189=ORIENTED_EDGE('',*,*,#5748,.T.);
#8190=ORIENTED_EDGE('',*,*,#5794,.F.);
#8191=ORIENTED_EDGE('',*,*,#5758,.F.);
#8192=ORIENTED_EDGE('',*,*,#5795,.T.);
#8193=ORIENTED_EDGE('',*,*,#5762,.F.);
#8194=ORIENTED_EDGE('',*,*,#5749,.F.);
#8195=ORIENTED_EDGE('',*,*,#5795,.F.);
#8196=ORIENTED_EDGE('',*,*,#5757,.T.);
#8197=ORIENTED_EDGE('',*,*,#5776,.F.);
#8198=ORIENTED_EDGE('',*,*,#5789,.F.);
#8199=ORIENTED_EDGE('',*,*,#5786,.F.);
#8200=ORIENTED_EDGE('',*,*,#5796,.F.);
#8201=ORIENTED_EDGE('',*,*,#5796,.T.);
#8202=ORIENTED_EDGE('',*,*,#5785,.F.);
#8203=ORIENTED_EDGE('',*,*,#5797,.T.);
#8204=ORIENTED_EDGE('',*,*,#5777,.F.);
#8205=ORIENTED_EDGE('',*,*,#5778,.F.);
#8206=ORIENTED_EDGE('',*,*,#5797,.F.);
#8207=ORIENTED_EDGE('',*,*,#5784,.F.);
#8208=ORIENTED_EDGE('',*,*,#5798,.F.);
#8209=ORIENTED_EDGE('',*,*,#5779,.F.);
#8210=ORIENTED_EDGE('',*,*,#5798,.T.);
#8211=ORIENTED_EDGE('',*,*,#5788,.F.);
#8212=ORIENTED_EDGE('',*,*,#5782,.F.);
#8213=ORIENTED_EDGE('',*,*,#5677,.F.);
#8214=ORIENTED_EDGE('',*,*,#5799,.T.);
#8215=ORIENTED_EDGE('',*,*,#5800,.T.);
#8216=ORIENTED_EDGE('',*,*,#5801,.T.);
#8217=ORIENTED_EDGE('',*,*,#5802,.T.);
#8218=ORIENTED_EDGE('',*,*,#5803,.T.);
#8219=ORIENTED_EDGE('',*,*,#5804,.T.);
#8220=ORIENTED_EDGE('',*,*,#5805,.T.);
#8221=ORIENTED_EDGE('',*,*,#5806,.T.);
#8222=ORIENTED_EDGE('',*,*,#5807,.T.);
#8223=ORIENTED_EDGE('',*,*,#5808,.T.);
#8224=ORIENTED_EDGE('',*,*,#5399,.F.);
#8225=ORIENTED_EDGE('',*,*,#5801,.F.);
#8226=ORIENTED_EDGE('',*,*,#5809,.T.);
#8227=ORIENTED_EDGE('',*,*,#5810,.T.);
#8228=ORIENTED_EDGE('',*,*,#5678,.F.);
#8229=ORIENTED_EDGE('',*,*,#5811,.T.);
#8230=ORIENTED_EDGE('',*,*,#5812,.T.);
#8231=ORIENTED_EDGE('',*,*,#5802,.F.);
#8232=ORIENTED_EDGE('',*,*,#5402,.F.);
#8233=ORIENTED_EDGE('',*,*,#5813,.F.);
#8234=ORIENTED_EDGE('',*,*,#5803,.F.);
#8235=ORIENTED_EDGE('',*,*,#5812,.F.);
#8236=ORIENTED_EDGE('',*,*,#5814,.F.);
#8237=ORIENTED_EDGE('',*,*,#5804,.F.);
#8238=ORIENTED_EDGE('',*,*,#5813,.T.);
#8239=ORIENTED_EDGE('',*,*,#5815,.T.);
#8240=ORIENTED_EDGE('',*,*,#5816,.T.);
#8241=ORIENTED_EDGE('',*,*,#5817,.T.);
#8242=ORIENTED_EDGE('',*,*,#5818,.T.);
#8243=ORIENTED_EDGE('',*,*,#5819,.T.);
#8244=ORIENTED_EDGE('',*,*,#5805,.F.);
#8245=ORIENTED_EDGE('',*,*,#5820,.T.);
#8246=ORIENTED_EDGE('',*,*,#5821,.F.);
#8247=ORIENTED_EDGE('',*,*,#5806,.F.);
#8248=ORIENTED_EDGE('',*,*,#5822,.T.);
#8249=ORIENTED_EDGE('',*,*,#5807,.F.);
#8250=ORIENTED_EDGE('',*,*,#5821,.T.);
#8251=ORIENTED_EDGE('',*,*,#5823,.T.);
#8252=ORIENTED_EDGE('',*,*,#5824,.F.);
#8253=ORIENTED_EDGE('',*,*,#5825,.T.);
#8254=ORIENTED_EDGE('',*,*,#5826,.T.);
#8255=ORIENTED_EDGE('',*,*,#5799,.F.);
#8256=ORIENTED_EDGE('',*,*,#5680,.F.);
#8257=ORIENTED_EDGE('',*,*,#5808,.F.);
#8258=ORIENTED_EDGE('',*,*,#5824,.T.);
#8259=ORIENTED_EDGE('',*,*,#5827,.T.);
#8260=ORIENTED_EDGE('',*,*,#5400,.T.);
#8261=ORIENTED_EDGE('',*,*,#5828,.T.);
#8262=ORIENTED_EDGE('',*,*,#5829,.T.);
#8263=ORIENTED_EDGE('',*,*,#5830,.T.);
#8264=ORIENTED_EDGE('',*,*,#5800,.F.);
#8265=ORIENTED_EDGE('',*,*,#5827,.F.);
#8266=ORIENTED_EDGE('',*,*,#5823,.F.);
#8267=ORIENTED_EDGE('',*,*,#5820,.F.);
#8268=ORIENTED_EDGE('',*,*,#5831,.T.);
#8269=ORIENTED_EDGE('',*,*,#5815,.F.);
#8270=ORIENTED_EDGE('',*,*,#5814,.T.);
#8271=ORIENTED_EDGE('',*,*,#5811,.F.);
#8272=ORIENTED_EDGE('',*,*,#5401,.F.);
#8273=ORIENTED_EDGE('',*,*,#5679,.T.);
#8274=ORIENTED_EDGE('',*,*,#5810,.F.);
#8275=ORIENTED_EDGE('',*,*,#5832,.T.);
#8276=ORIENTED_EDGE('',*,*,#5825,.F.);
#8277=ORIENTED_EDGE('',*,*,#5830,.F.);
#8278=ORIENTED_EDGE('',*,*,#5833,.T.);
#8279=ORIENTED_EDGE('',*,*,#5834,.T.);
#8280=ORIENTED_EDGE('',*,*,#5809,.F.);
#8281=ORIENTED_EDGE('',*,*,#5817,.F.);
#8282=ORIENTED_EDGE('',*,*,#5816,.F.);
#8283=ORIENTED_EDGE('',*,*,#5835,.T.);
#8284=ORIENTED_EDGE('',*,*,#5836,.F.);
#8285=ORIENTED_EDGE('',*,*,#5818,.F.);
#8286=ORIENTED_EDGE('',*,*,#5836,.T.);
#8287=ORIENTED_EDGE('',*,*,#5837,.T.);
#8288=ORIENTED_EDGE('',*,*,#5838,.F.);
#8289=ORIENTED_EDGE('',*,*,#5819,.F.);
#8290=ORIENTED_EDGE('',*,*,#5838,.T.);
#8291=ORIENTED_EDGE('',*,*,#5839,.T.);
#8292=ORIENTED_EDGE('',*,*,#5822,.F.);
#8293=ORIENTED_EDGE('',*,*,#5828,.F.);
#8294=ORIENTED_EDGE('',*,*,#5826,.F.);
#8295=ORIENTED_EDGE('',*,*,#5840,.T.);
#8296=ORIENTED_EDGE('',*,*,#5841,.T.);
#8297=ORIENTED_EDGE('',*,*,#5833,.F.);
#8298=ORIENTED_EDGE('',*,*,#5829,.F.);
#8299=ORIENTED_EDGE('',*,*,#5841,.F.);
#8300=ORIENTED_EDGE('',*,*,#5842,.F.);
#8301=ORIENTED_EDGE('',*,*,#5839,.F.);
#8302=ORIENTED_EDGE('',*,*,#5837,.F.);
#8303=ORIENTED_EDGE('',*,*,#5835,.F.);
#8304=ORIENTED_EDGE('',*,*,#5831,.F.);
#8305=ORIENTED_EDGE('',*,*,#5840,.F.);
#8306=ORIENTED_EDGE('',*,*,#5832,.F.);
#8307=ORIENTED_EDGE('',*,*,#5834,.F.);
#8308=ORIENTED_EDGE('',*,*,#5842,.T.);
#8309=ORIENTED_EDGE('',*,*,#5843,.T.);
#8310=ORIENTED_EDGE('',*,*,#5844,.T.);
#8311=ORIENTED_EDGE('',*,*,#5845,.T.);
#8312=ORIENTED_EDGE('',*,*,#5683,.F.);
#8313=ORIENTED_EDGE('',*,*,#5846,.T.);
#8314=ORIENTED_EDGE('',*,*,#5847,.T.);
#8315=ORIENTED_EDGE('',*,*,#5848,.T.);
#8316=ORIENTED_EDGE('',*,*,#5849,.T.);
#8317=ORIENTED_EDGE('',*,*,#5850,.T.);
#8318=ORIENTED_EDGE('',*,*,#5851,.T.);
#8319=ORIENTED_EDGE('',*,*,#5852,.T.);
#8320=ORIENTED_EDGE('',*,*,#5403,.F.);
#8321=ORIENTED_EDGE('',*,*,#5853,.T.);
#8322=ORIENTED_EDGE('',*,*,#5854,.F.);
#8323=ORIENTED_EDGE('',*,*,#5850,.F.);
#8324=ORIENTED_EDGE('',*,*,#5855,.T.);
#8325=ORIENTED_EDGE('',*,*,#5851,.F.);
#8326=ORIENTED_EDGE('',*,*,#5854,.T.);
#8327=ORIENTED_EDGE('',*,*,#5856,.T.);
#8328=ORIENTED_EDGE('',*,*,#5857,.T.);
#8329=ORIENTED_EDGE('',*,*,#5858,.T.);
#8330=ORIENTED_EDGE('',*,*,#5859,.T.);
#8331=ORIENTED_EDGE('',*,*,#5843,.F.);
#8332=ORIENTED_EDGE('',*,*,#5682,.F.);
#8333=ORIENTED_EDGE('',*,*,#5852,.F.);
#8334=ORIENTED_EDGE('',*,*,#5857,.F.);
#8335=ORIENTED_EDGE('',*,*,#5860,.T.);
#8336=ORIENTED_EDGE('',*,*,#5404,.F.);
#8337=ORIENTED_EDGE('',*,*,#5861,.T.);
#8338=ORIENTED_EDGE('',*,*,#5862,.T.);
#8339=ORIENTED_EDGE('',*,*,#5863,.T.);
#8340=ORIENTED_EDGE('',*,*,#5844,.F.);
#8341=ORIENTED_EDGE('',*,*,#5845,.F.);
#8342=ORIENTED_EDGE('',*,*,#5864,.T.);
#8343=ORIENTED_EDGE('',*,*,#5865,.T.);
#8344=ORIENTED_EDGE('',*,*,#5684,.F.);
#8345=ORIENTED_EDGE('',*,*,#5866,.T.);
#8346=ORIENTED_EDGE('',*,*,#5867,.T.);
#8347=ORIENTED_EDGE('',*,*,#5846,.F.);
#8348=ORIENTED_EDGE('',*,*,#5406,.T.);
#8349=ORIENTED_EDGE('',*,*,#5868,.F.);
#8350=ORIENTED_EDGE('',*,*,#5847,.F.);
#8351=ORIENTED_EDGE('',*,*,#5867,.F.);
#8352=ORIENTED_EDGE('',*,*,#5869,.F.);
#8353=ORIENTED_EDGE('',*,*,#5848,.F.);
#8354=ORIENTED_EDGE('',*,*,#5868,.T.);
#8355=ORIENTED_EDGE('',*,*,#5870,.T.);
#8356=ORIENTED_EDGE('',*,*,#5871,.T.);
#8357=ORIENTED_EDGE('',*,*,#5872,.T.);
#8358=ORIENTED_EDGE('',*,*,#5873,.T.);
#8359=ORIENTED_EDGE('',*,*,#5874,.T.);
#8360=ORIENTED_EDGE('',*,*,#5849,.F.);
#8361=ORIENTED_EDGE('',*,*,#5405,.F.);
#8362=ORIENTED_EDGE('',*,*,#5860,.F.);
#8363=ORIENTED_EDGE('',*,*,#5856,.F.);
#8364=ORIENTED_EDGE('',*,*,#5853,.F.);
#8365=ORIENTED_EDGE('',*,*,#5875,.T.);
#8366=ORIENTED_EDGE('',*,*,#5870,.F.);
#8367=ORIENTED_EDGE('',*,*,#5869,.T.);
#8368=ORIENTED_EDGE('',*,*,#5866,.F.);
#8369=ORIENTED_EDGE('',*,*,#5865,.F.);
#8370=ORIENTED_EDGE('',*,*,#5876,.T.);
#8371=ORIENTED_EDGE('',*,*,#5858,.F.);
#8372=ORIENTED_EDGE('',*,*,#5681,.T.);
#8373=ORIENTED_EDGE('',*,*,#5874,.F.);
#8374=ORIENTED_EDGE('',*,*,#5877,.T.);
#8375=ORIENTED_EDGE('',*,*,#5878,.T.);
#8376=ORIENTED_EDGE('',*,*,#5855,.F.);
#8377=ORIENTED_EDGE('',*,*,#5861,.F.);
#8378=ORIENTED_EDGE('',*,*,#5859,.F.);
#8379=ORIENTED_EDGE('',*,*,#5879,.T.);
#8380=ORIENTED_EDGE('',*,*,#5880,.T.);
#8381=ORIENTED_EDGE('',*,*,#5881,.F.);
#8382=ORIENTED_EDGE('',*,*,#5882,.F.);
#8383=ORIENTED_EDGE('',*,*,#5862,.F.);
#8384=ORIENTED_EDGE('',*,*,#5880,.F.);
#8385=ORIENTED_EDGE('',*,*,#5863,.F.);
#8386=ORIENTED_EDGE('',*,*,#5882,.T.);
#8387=ORIENTED_EDGE('',*,*,#5883,.T.);
#8388=ORIENTED_EDGE('',*,*,#5864,.F.);
#8389=ORIENTED_EDGE('',*,*,#5872,.F.);
#8390=ORIENTED_EDGE('',*,*,#5871,.F.);
#8391=ORIENTED_EDGE('',*,*,#5884,.T.);
#8392=ORIENTED_EDGE('',*,*,#5885,.F.);
#8393=ORIENTED_EDGE('',*,*,#5885,.T.);
#8394=ORIENTED_EDGE('',*,*,#5886,.T.);
#8395=ORIENTED_EDGE('',*,*,#5877,.F.);
#8396=ORIENTED_EDGE('',*,*,#5873,.F.);
#8397=ORIENTED_EDGE('',*,*,#5879,.F.);
#8398=ORIENTED_EDGE('',*,*,#5876,.F.);
#8399=ORIENTED_EDGE('',*,*,#5883,.F.);
#8400=ORIENTED_EDGE('',*,*,#5881,.T.);
#8401=ORIENTED_EDGE('',*,*,#5878,.F.);
#8402=ORIENTED_EDGE('',*,*,#5886,.F.);
#8403=ORIENTED_EDGE('',*,*,#5884,.F.);
#8404=ORIENTED_EDGE('',*,*,#5875,.F.);
#8405=ORIENTED_EDGE('',*,*,#5887,.F.);
#8406=ORIENTED_EDGE('',*,*,#5888,.F.);
#8407=ORIENTED_EDGE('',*,*,#5889,.T.);
#8408=ORIENTED_EDGE('',*,*,#5890,.F.);
#8409=ORIENTED_EDGE('',*,*,#5889,.F.);
#8410=ORIENTED_EDGE('',*,*,#5891,.F.);
#8411=ORIENTED_EDGE('',*,*,#5892,.T.);
#8412=ORIENTED_EDGE('',*,*,#5890,.T.);
#8413=ORIENTED_EDGE('',*,*,#5891,.T.);
#8414=ORIENTED_EDGE('',*,*,#5888,.T.);
#8415=ORIENTED_EDGE('',*,*,#5893,.T.);
#8416=ORIENTED_EDGE('',*,*,#5894,.F.);
#8417=ORIENTED_EDGE('',*,*,#5895,.F.);
#8418=ORIENTED_EDGE('',*,*,#5893,.F.);
#8419=ORIENTED_EDGE('',*,*,#5887,.T.);
#8420=ORIENTED_EDGE('',*,*,#5262,.T.);
#8421=ORIENTED_EDGE('',*,*,#5896,.T.);
#8422=ORIENTED_EDGE('',*,*,#5892,.F.);
#8423=ORIENTED_EDGE('',*,*,#5896,.F.);
#8424=ORIENTED_EDGE('',*,*,#5895,.T.);
#8425=ORIENTED_EDGE('',*,*,#5897,.T.);
#8426=ORIENTED_EDGE('',*,*,#5898,.T.);
#8427=ORIENTED_EDGE('',*,*,#5897,.F.);
#8428=ORIENTED_EDGE('',*,*,#5894,.T.);
#8429=ORIENTED_EDGE('',*,*,#5898,.F.);
#8430=ORIENTED_EDGE('',*,*,#5899,.T.);
#8431=ORIENTED_EDGE('',*,*,#5900,.T.);
#8432=ORIENTED_EDGE('',*,*,#5899,.F.);
#8433=ORIENTED_EDGE('',*,*,#5900,.F.);
#8434=ORIENTED_EDGE('',*,*,#5433,.F.);
#8435=ORIENTED_EDGE('',*,*,#5901,.T.);
#8436=ORIENTED_EDGE('',*,*,#5902,.T.);
#8437=ORIENTED_EDGE('',*,*,#5901,.F.);
#8438=ORIENTED_EDGE('',*,*,#5432,.F.);
#8439=ORIENTED_EDGE('',*,*,#5902,.F.);
#8440=ORIENTED_EDGE('',*,*,#5903,.F.);
#8441=ORIENTED_EDGE('',*,*,#5903,.T.);
#8442=ORIENTED_EDGE('',*,*,#5904,.T.);
#8443=ORIENTED_EDGE('',*,*,#5905,.T.);
#8444=ORIENTED_EDGE('',*,*,#5906,.T.);
#8445=ORIENTED_EDGE('',*,*,#5907,.F.);
#8446=ORIENTED_EDGE('',*,*,#5908,.T.);
#8447=ORIENTED_EDGE('',*,*,#5909,.T.);
#8448=ORIENTED_EDGE('',*,*,#5910,.F.);
#8449=ORIENTED_EDGE('',*,*,#5911,.F.);
#8450=ORIENTED_EDGE('',*,*,#5912,.T.);
#8451=ORIENTED_EDGE('',*,*,#5913,.T.);
#8452=ORIENTED_EDGE('',*,*,#5914,.F.);
#8453=ORIENTED_EDGE('',*,*,#5915,.F.);
#8454=ORIENTED_EDGE('',*,*,#5916,.T.);
#8455=ORIENTED_EDGE('',*,*,#5917,.T.);
#8456=ORIENTED_EDGE('',*,*,#5918,.T.);
#8457=ORIENTED_EDGE('',*,*,#5919,.F.);
#8458=ORIENTED_EDGE('',*,*,#5920,.T.);
#8459=ORIENTED_EDGE('',*,*,#5921,.T.);
#8460=ORIENTED_EDGE('',*,*,#5904,.F.);
#8461=ORIENTED_EDGE('',*,*,#5921,.F.);
#8462=ORIENTED_EDGE('',*,*,#5922,.T.);
#8463=ORIENTED_EDGE('',*,*,#5923,.T.);
#8464=ORIENTED_EDGE('',*,*,#5917,.F.);
#8465=ORIENTED_EDGE('',*,*,#5924,.T.);
#8466=ORIENTED_EDGE('',*,*,#5925,.F.);
#8467=ORIENTED_EDGE('',*,*,#5913,.F.);
#8468=ORIENTED_EDGE('',*,*,#5926,.T.);
#8469=ORIENTED_EDGE('',*,*,#5927,.F.);
#8470=ORIENTED_EDGE('',*,*,#5909,.F.);
#8471=ORIENTED_EDGE('',*,*,#5928,.T.);
#8472=ORIENTED_EDGE('',*,*,#5929,.T.);
#8473=ORIENTED_EDGE('',*,*,#5905,.F.);
#8474=ORIENTED_EDGE('',*,*,#5930,.T.);
#8475=ORIENTED_EDGE('',*,*,#5914,.T.);
#8476=ORIENTED_EDGE('',*,*,#5925,.T.);
#8477=ORIENTED_EDGE('',*,*,#5931,.F.);
#8478=ORIENTED_EDGE('',*,*,#5932,.T.);
#8479=ORIENTED_EDGE('',*,*,#5930,.F.);
#8480=ORIENTED_EDGE('',*,*,#5933,.F.);
#8481=ORIENTED_EDGE('',*,*,#5934,.F.);
#8482=ORIENTED_EDGE('',*,*,#5915,.T.);
#8483=ORIENTED_EDGE('',*,*,#5931,.T.);
#8484=ORIENTED_EDGE('',*,*,#5924,.F.);
#8485=ORIENTED_EDGE('',*,*,#5916,.F.);
#8486=ORIENTED_EDGE('',*,*,#5934,.T.);
#8487=ORIENTED_EDGE('',*,*,#5935,.T.);
#8488=ORIENTED_EDGE('',*,*,#5918,.F.);
#8489=ORIENTED_EDGE('',*,*,#5923,.F.);
#8490=ORIENTED_EDGE('',*,*,#5936,.F.);
#8491=ORIENTED_EDGE('',*,*,#5937,.F.);
#8492=ORIENTED_EDGE('',*,*,#5938,.F.);
#8493=ORIENTED_EDGE('',*,*,#5919,.T.);
#8494=ORIENTED_EDGE('',*,*,#5938,.T.);
#8495=ORIENTED_EDGE('',*,*,#5939,.F.);
#8496=ORIENTED_EDGE('',*,*,#5940,.F.);
#8497=ORIENTED_EDGE('',*,*,#5936,.T.);
#8498=ORIENTED_EDGE('',*,*,#5922,.F.);
#8499=ORIENTED_EDGE('',*,*,#5920,.F.);
#8500=ORIENTED_EDGE('',*,*,#5940,.T.);
#8501=ORIENTED_EDGE('',*,*,#5941,.T.);
#8502=ORIENTED_EDGE('',*,*,#5906,.F.);
#8503=ORIENTED_EDGE('',*,*,#5929,.F.);
#8504=ORIENTED_EDGE('',*,*,#5942,.T.);
#8505=ORIENTED_EDGE('',*,*,#5943,.F.);
#8506=ORIENTED_EDGE('',*,*,#5944,.F.);
#8507=ORIENTED_EDGE('',*,*,#5945,.T.);
#8508=ORIENTED_EDGE('',*,*,#5946,.T.);
#8509=ORIENTED_EDGE('',*,*,#5907,.T.);
#8510=ORIENTED_EDGE('',*,*,#5944,.T.);
#8511=ORIENTED_EDGE('',*,*,#5928,.F.);
#8512=ORIENTED_EDGE('',*,*,#5908,.F.);
#8513=ORIENTED_EDGE('',*,*,#5946,.F.);
#8514=ORIENTED_EDGE('',*,*,#5947,.F.);
#8515=ORIENTED_EDGE('',*,*,#5942,.F.);
#8516=ORIENTED_EDGE('',*,*,#5948,.T.);
#8517=ORIENTED_EDGE('',*,*,#5910,.T.);
#8518=ORIENTED_EDGE('',*,*,#5927,.T.);
#8519=ORIENTED_EDGE('',*,*,#5949,.T.);
#8520=ORIENTED_EDGE('',*,*,#5950,.T.);
#8521=ORIENTED_EDGE('',*,*,#5951,.T.);
#8522=ORIENTED_EDGE('',*,*,#5911,.T.);
#8523=ORIENTED_EDGE('',*,*,#5948,.F.);
#8524=ORIENTED_EDGE('',*,*,#5952,.T.);
#8525=ORIENTED_EDGE('',*,*,#5926,.F.);
#8526=ORIENTED_EDGE('',*,*,#5912,.F.);
#8527=ORIENTED_EDGE('',*,*,#5951,.F.);
#8528=ORIENTED_EDGE('',*,*,#5953,.F.);
#8529=ORIENTED_EDGE('',*,*,#5949,.F.);
#8530=ORIENTED_EDGE('',*,*,#5932,.F.);
#8531=ORIENTED_EDGE('',*,*,#5935,.F.);
#8532=ORIENTED_EDGE('',*,*,#5933,.T.);
#8533=ORIENTED_EDGE('',*,*,#5941,.F.);
#8534=ORIENTED_EDGE('',*,*,#5939,.T.);
#8535=ORIENTED_EDGE('',*,*,#5937,.T.);
#8536=ORIENTED_EDGE('',*,*,#5945,.F.);
#8537=ORIENTED_EDGE('',*,*,#5943,.T.);
#8538=ORIENTED_EDGE('',*,*,#5947,.T.);
#8539=ORIENTED_EDGE('',*,*,#5950,.F.);
#8540=ORIENTED_EDGE('',*,*,#5953,.T.);
#8541=ORIENTED_EDGE('',*,*,#5952,.F.);
#8542=CYLINDRICAL_SURFACE('',#9105,1.225);
#8543=CYLINDRICAL_SURFACE('',#9108,1.225);
#8544=CYLINDRICAL_SURFACE('',#9111,1.225);
#8545=CYLINDRICAL_SURFACE('',#9114,1.225);
#8546=CYLINDRICAL_SURFACE('',#9117,1.225);
#8547=CYLINDRICAL_SURFACE('',#9120,1.225);
#8548=CYLINDRICAL_SURFACE('',#9123,1.225);
#8549=CYLINDRICAL_SURFACE('',#9126,1.225);
#8550=CYLINDRICAL_SURFACE('',#9129,1.225);
#8551=CYLINDRICAL_SURFACE('',#9132,1.225);
#8552=CYLINDRICAL_SURFACE('',#9135,1.225);
#8553=CYLINDRICAL_SURFACE('',#9138,1.225);
#8554=CYLINDRICAL_SURFACE('',#9141,1.225);
#8555=CYLINDRICAL_SURFACE('',#9144,1.225);
#8556=CYLINDRICAL_SURFACE('',#9147,1.225);
#8557=CYLINDRICAL_SURFACE('',#9150,1.225);
#8558=CYLINDRICAL_SURFACE('',#9153,1.225);
#8559=CYLINDRICAL_SURFACE('',#9156,1.225);
#8560=CYLINDRICAL_SURFACE('',#9159,1.225);
#8561=CYLINDRICAL_SURFACE('',#9162,1.225);
#8562=CYLINDRICAL_SURFACE('',#9188,1.05);
#8563=CYLINDRICAL_SURFACE('',#9195,1.25);
#8564=CYLINDRICAL_SURFACE('',#9197,1.175);
#8565=CYLINDRICAL_SURFACE('',#9259,1.25);
#8566=CYLINDRICAL_SURFACE('',#9284,1.175);
#8567=CYLINDRICAL_SURFACE('',#9288,1.25);
#8568=CYLINDRICAL_SURFACE('',#9290,1.225);
#8569=CYLINDRICAL_SURFACE('',#9293,1.225);
#8570=CYLINDRICAL_SURFACE('',#9296,1.225);
#8571=CYLINDRICAL_SURFACE('',#9299,1.225);
#8572=CYLINDRICAL_SURFACE('',#9302,1.225);
#8573=CYLINDRICAL_SURFACE('',#9305,1.225);
#8574=CYLINDRICAL_SURFACE('',#9308,1.225);
#8575=CYLINDRICAL_SURFACE('',#9311,1.225);
#8576=CYLINDRICAL_SURFACE('',#9314,1.225);
#8577=CYLINDRICAL_SURFACE('',#9317,1.225);
#8578=CYLINDRICAL_SURFACE('',#9320,1.225);
#8579=CYLINDRICAL_SURFACE('',#9323,1.225);
#8580=CYLINDRICAL_SURFACE('',#9326,1.225);
#8581=CYLINDRICAL_SURFACE('',#9329,1.225);
#8582=CYLINDRICAL_SURFACE('',#9332,1.225);
#8583=CYLINDRICAL_SURFACE('',#9335,1.225);
#8584=CYLINDRICAL_SURFACE('',#9338,1.225);
#8585=CYLINDRICAL_SURFACE('',#9341,1.225);
#8586=CYLINDRICAL_SURFACE('',#9344,1.225);
#8587=CYLINDRICAL_SURFACE('',#9347,1.225);
#8588=CYLINDRICAL_SURFACE('',#9373,1.05);
#8589=CYLINDRICAL_SURFACE('',#9443,1.25);
#8590=CYLINDRICAL_SURFACE('',#9457,0.8);
#8591=CYLINDRICAL_SURFACE('',#9468,1.25);
#8592=CYLINDRICAL_SURFACE('',#9470,0.8);
#8593=CYLINDRICAL_SURFACE('',#9487,0.95);
#8594=CYLINDRICAL_SURFACE('',#9522,0.119200571421);
#8595=CYLINDRICAL_SURFACE('',#9524,2.08079942858);
#8596=CYLINDRICAL_SURFACE('',#9526,0.119200571421);
#8597=CYLINDRICAL_SURFACE('',#9529,0.119200571421);
#8598=CYLINDRICAL_SURFACE('',#9531,2.08079942858);
#8599=CYLINDRICAL_SURFACE('',#9533,0.119200571421);
#8600=CYLINDRICAL_SURFACE('',#9551,0.219200571421);
#8601=CYLINDRICAL_SURFACE('',#9552,0.119200571421);
#8602=CYLINDRICAL_SURFACE('',#9553,0.119200571421);
#8603=CYLINDRICAL_SURFACE('',#9554,0.219200571421);
#8604=CYLINDRICAL_SURFACE('',#9557,1.25);
#8605=CYLINDRICAL_SURFACE('',#9654,2.08079942858);
#8606=CYLINDRICAL_SURFACE('',#9700,1.25);
#8607=CYLINDRICAL_SURFACE('',#9741,0.55);
#8608=CYLINDRICAL_SURFACE('',#9746,1.05);
#8609=CYLINDRICAL_SURFACE('',#9766,1.05);
#8610=CYLINDRICAL_SURFACE('',#9773,0.55);
#8611=CYLINDRICAL_SURFACE('',#9787,0.8);
#8612=CYLINDRICAL_SURFACE('',#9798,1.25);
#8613=CYLINDRICAL_SURFACE('',#9799,0.8);
#8614=CYLINDRICAL_SURFACE('',#9808,0.95);
#8615=ADVANCED_FACE('',(#570),#8542,.F.);
#8616=ADVANCED_FACE('',(#571),#8543,.F.);
#8617=ADVANCED_FACE('',(#572),#8544,.F.);
#8618=ADVANCED_FACE('',(#573),#8545,.F.);
#8619=ADVANCED_FACE('',(#574),#8546,.F.);
#8620=ADVANCED_FACE('',(#575),#8547,.F.);
#8621=ADVANCED_FACE('',(#576),#8548,.F.);
#8622=ADVANCED_FACE('',(#577),#8549,.F.);
#8623=ADVANCED_FACE('',(#578),#8550,.F.);
#8624=ADVANCED_FACE('',(#579),#8551,.F.);
#8625=ADVANCED_FACE('',(#580),#8552,.F.);
#8626=ADVANCED_FACE('',(#581),#8553,.F.);
#8627=ADVANCED_FACE('',(#582),#8554,.F.);
#8628=ADVANCED_FACE('',(#583),#8555,.F.);
#8629=ADVANCED_FACE('',(#584),#8556,.F.);
#8630=ADVANCED_FACE('',(#585),#8557,.F.);
#8631=ADVANCED_FACE('',(#586),#8558,.F.);
#8632=ADVANCED_FACE('',(#587),#8559,.F.);
#8633=ADVANCED_FACE('',(#588),#8560,.F.);
#8634=ADVANCED_FACE('',(#589),#8561,.F.);
#8635=ADVANCED_FACE('',(#590,#161),#191,.F.);
#8636=ADVANCED_FACE('',(#591),#8562,.F.);
#8637=ADVANCED_FACE('',(#592,#162),#192,.F.);
#8638=ADVANCED_FACE('',(#593,#163),#193,.F.);
#8639=ADVANCED_FACE('',(#594),#8563,.T.);
#8640=ADVANCED_FACE('',(#595),#8564,.T.);
#8641=ADVANCED_FACE('',(#596,#164),#194,.F.);
#8642=ADVANCED_FACE('',(#597),#195,.F.);
#8643=ADVANCED_FACE('',(#598),#196,.T.);
#8644=ADVANCED_FACE('',(#599),#197,.F.);
#8645=ADVANCED_FACE('',(#600),#198,.F.);
#8646=ADVANCED_FACE('',(#601),#199,.T.);
#8647=ADVANCED_FACE('',(#602),#200,.F.);
#8648=ADVANCED_FACE('',(#603),#201,.F.);
#8649=ADVANCED_FACE('',(#604),#202,.T.);
#8650=ADVANCED_FACE('',(#605),#203,.F.);
#8651=ADVANCED_FACE('',(#606),#204,.F.);
#8652=ADVANCED_FACE('',(#607),#205,.T.);
#8653=ADVANCED_FACE('',(#608),#206,.F.);
#8654=ADVANCED_FACE('',(#609),#207,.F.);
#8655=ADVANCED_FACE('',(#610),#208,.T.);
#8656=ADVANCED_FACE('',(#611),#209,.F.);
#8657=ADVANCED_FACE('',(#612),#210,.F.);
#8658=ADVANCED_FACE('',(#613),#211,.T.);
#8659=ADVANCED_FACE('',(#614),#212,.F.);
#8660=ADVANCED_FACE('',(#615),#213,.F.);
#8661=ADVANCED_FACE('',(#616),#214,.T.);
#8662=ADVANCED_FACE('',(#617),#215,.F.);
#8663=ADVANCED_FACE('',(#618),#216,.F.);
#8664=ADVANCED_FACE('',(#619),#217,.T.);
#8665=ADVANCED_FACE('',(#620),#218,.F.);
#8666=ADVANCED_FACE('',(#621),#219,.F.);
#8667=ADVANCED_FACE('',(#622),#220,.T.);
#8668=ADVANCED_FACE('',(#623),#221,.F.);
#8669=ADVANCED_FACE('',(#624),#222,.F.);
#8670=ADVANCED_FACE('',(#625),#223,.T.);
#8671=ADVANCED_FACE('',(#626),#224,.F.);
#8672=ADVANCED_FACE('',(#627),#225,.F.);
#8673=ADVANCED_FACE('',(#628),#226,.T.);
#8674=ADVANCED_FACE('',(#629),#227,.F.);
#8675=ADVANCED_FACE('',(#630),#228,.F.);
#8676=ADVANCED_FACE('',(#631),#229,.T.);
#8677=ADVANCED_FACE('',(#632),#230,.F.);
#8678=ADVANCED_FACE('',(#633),#231,.F.);
#8679=ADVANCED_FACE('',(#634),#232,.T.);
#8680=ADVANCED_FACE('',(#635),#233,.F.);
#8681=ADVANCED_FACE('',(#636),#234,.F.);
#8682=ADVANCED_FACE('',(#637),#235,.T.);
#8683=ADVANCED_FACE('',(#638),#236,.F.);
#8684=ADVANCED_FACE('',(#639),#237,.F.);
#8685=ADVANCED_FACE('',(#640),#238,.T.);
#8686=ADVANCED_FACE('',(#641),#8565,.T.);
#8687=ADVANCED_FACE('',(#642),#239,.F.);
#8688=ADVANCED_FACE('',(#643),#240,.F.);
#8689=ADVANCED_FACE('',(#644),#241,.T.);
#8690=ADVANCED_FACE('',(#645),#242,.F.);
#8691=ADVANCED_FACE('',(#646),#243,.F.);
#8692=ADVANCED_FACE('',(#647),#244,.T.);
#8693=ADVANCED_FACE('',(#648),#245,.F.);
#8694=ADVANCED_FACE('',(#649),#246,.F.);
#8695=ADVANCED_FACE('',(#650),#247,.T.);
#8696=ADVANCED_FACE('',(#651),#248,.F.);
#8697=ADVANCED_FACE('',(#652),#249,.F.);
#8698=ADVANCED_FACE('',(#653),#250,.T.);
#8699=ADVANCED_FACE('',(#654),#251,.F.);
#8700=ADVANCED_FACE('',(#655),#252,.F.);
#8701=ADVANCED_FACE('',(#656),#253,.T.);
#8702=ADVANCED_FACE('',(#657),#254,.F.);
#8703=ADVANCED_FACE('',(#658,#165),#255,.F.);
#8704=ADVANCED_FACE('',(#659),#8566,.T.);
#8705=ADVANCED_FACE('',(#660,#166),#256,.F.);
#8706=ADVANCED_FACE('',(#661),#8567,.T.);
#8707=ADVANCED_FACE('',(#662),#8568,.F.);
#8708=ADVANCED_FACE('',(#663),#8569,.F.);
#8709=ADVANCED_FACE('',(#664),#8570,.F.);
#8710=ADVANCED_FACE('',(#665),#8571,.F.);
#8711=ADVANCED_FACE('',(#666),#8572,.F.);
#8712=ADVANCED_FACE('',(#667),#8573,.F.);
#8713=ADVANCED_FACE('',(#668),#8574,.F.);
#8714=ADVANCED_FACE('',(#669),#8575,.F.);
#8715=ADVANCED_FACE('',(#670),#8576,.F.);
#8716=ADVANCED_FACE('',(#671),#8577,.F.);
#8717=ADVANCED_FACE('',(#672),#8578,.F.);
#8718=ADVANCED_FACE('',(#673),#8579,.F.);
#8719=ADVANCED_FACE('',(#674),#8580,.F.);
#8720=ADVANCED_FACE('',(#675),#8581,.F.);
#8721=ADVANCED_FACE('',(#676),#8582,.F.);
#8722=ADVANCED_FACE('',(#677),#8583,.F.);
#8723=ADVANCED_FACE('',(#678),#8584,.F.);
#8724=ADVANCED_FACE('',(#679),#8585,.F.);
#8725=ADVANCED_FACE('',(#680),#8586,.F.);
#8726=ADVANCED_FACE('',(#681),#8587,.F.);
#8727=ADVANCED_FACE('',(#682,#167),#257,.F.);
#8728=ADVANCED_FACE('',(#683),#8588,.F.);
#8729=ADVANCED_FACE('',(#684,#168),#258,.F.);
#8730=ADVANCED_FACE('',(#685),#259,.F.);
#8731=ADVANCED_FACE('',(#686),#260,.T.);
#8732=ADVANCED_FACE('',(#687),#261,.F.);
#8733=ADVANCED_FACE('',(#688),#262,.F.);
#8734=ADVANCED_FACE('',(#689),#263,.T.);
#8735=ADVANCED_FACE('',(#690),#264,.F.);
#8736=ADVANCED_FACE('',(#691),#265,.F.);
#8737=ADVANCED_FACE('',(#692),#266,.T.);
#8738=ADVANCED_FACE('',(#693),#267,.F.);
#8739=ADVANCED_FACE('',(#694),#268,.F.);
#8740=ADVANCED_FACE('',(#695),#269,.T.);
#8741=ADVANCED_FACE('',(#696),#270,.F.);
#8742=ADVANCED_FACE('',(#697),#271,.F.);
#8743=ADVANCED_FACE('',(#698),#272,.T.);
#8744=ADVANCED_FACE('',(#699),#273,.F.);
#8745=ADVANCED_FACE('',(#700),#274,.F.);
#8746=ADVANCED_FACE('',(#701),#275,.T.);
#8747=ADVANCED_FACE('',(#702),#276,.F.);
#8748=ADVANCED_FACE('',(#703),#277,.F.);
#8749=ADVANCED_FACE('',(#704),#278,.T.);
#8750=ADVANCED_FACE('',(#705),#279,.F.);
#8751=ADVANCED_FACE('',(#706),#280,.F.);
#8752=ADVANCED_FACE('',(#707),#281,.T.);
#8753=ADVANCED_FACE('',(#708),#282,.F.);
#8754=ADVANCED_FACE('',(#709),#283,.F.);
#8755=ADVANCED_FACE('',(#710),#284,.T.);
#8756=ADVANCED_FACE('',(#711),#285,.F.);
#8757=ADVANCED_FACE('',(#712),#286,.F.);
#8758=ADVANCED_FACE('',(#713),#287,.T.);
#8759=ADVANCED_FACE('',(#714),#288,.F.);
#8760=ADVANCED_FACE('',(#715),#289,.F.);
#8761=ADVANCED_FACE('',(#716),#290,.T.);
#8762=ADVANCED_FACE('',(#717),#291,.F.);
#8763=ADVANCED_FACE('',(#718),#292,.F.);
#8764=ADVANCED_FACE('',(#719),#293,.T.);
#8765=ADVANCED_FACE('',(#720),#294,.F.);
#8766=ADVANCED_FACE('',(#721),#295,.F.);
#8767=ADVANCED_FACE('',(#722),#296,.T.);
#8768=ADVANCED_FACE('',(#723),#297,.F.);
#8769=ADVANCED_FACE('',(#724),#298,.F.);
#8770=ADVANCED_FACE('',(#725),#299,.T.);
#8771=ADVANCED_FACE('',(#726),#300,.F.);
#8772=ADVANCED_FACE('',(#727),#301,.F.);
#8773=ADVANCED_FACE('',(#728),#302,.T.);
#8774=ADVANCED_FACE('',(#729),#303,.F.);
#8775=ADVANCED_FACE('',(#730),#304,.F.);
#8776=ADVANCED_FACE('',(#731),#305,.T.);
#8777=ADVANCED_FACE('',(#732),#306,.F.);
#8778=ADVANCED_FACE('',(#733),#307,.F.);
#8779=ADVANCED_FACE('',(#734),#308,.T.);
#8780=ADVANCED_FACE('',(#735),#8589,.T.);
#8781=ADVANCED_FACE('',(#736),#309,.F.);
#8782=ADVANCED_FACE('',(#737),#310,.F.);
#8783=ADVANCED_FACE('',(#738),#311,.T.);
#8784=ADVANCED_FACE('',(#739),#312,.F.);
#8785=ADVANCED_FACE('',(#740),#313,.F.);
#8786=ADVANCED_FACE('',(#741),#314,.T.);
#8787=ADVANCED_FACE('',(#742),#315,.F.);
#8788=ADVANCED_FACE('',(#743),#316,.F.);
#8789=ADVANCED_FACE('',(#744),#317,.T.);
#8790=ADVANCED_FACE('',(#745),#318,.F.);
#8791=ADVANCED_FACE('',(#746),#8590,.T.);
#8792=ADVANCED_FACE('',(#747,#169),#319,.T.);
#8793=ADVANCED_FACE('',(#748),#65,.T.);
#8794=ADVANCED_FACE('',(#749),#8591,.T.);
#8795=ADVANCED_FACE('',(#750),#8592,.T.);
#8796=ADVANCED_FACE('',(#751,#170,#171),#320,.T.);
#8797=ADVANCED_FACE('',(#752),#53,.T.);
#8798=ADVANCED_FACE('',(#753),#321,.F.);
#8799=ADVANCED_FACE('',(#754),#54,.T.);
#8800=ADVANCED_FACE('',(#755,#172),#322,.F.);
#8801=ADVANCED_FACE('',(#756),#8593,.T.);
#8802=ADVANCED_FACE('',(#757),#323,.T.);
#8803=ADVANCED_FACE('',(#758),#324,.T.);
#8804=ADVANCED_FACE('',(#759),#55,.T.);
#8805=ADVANCED_FACE('',(#760),#325,.T.);
#8806=ADVANCED_FACE('',(#761),#326,.F.);
#8807=ADVANCED_FACE('',(#762),#56,.T.);
#8808=ADVANCED_FACE('',(#763),#327,.T.);
#8809=ADVANCED_FACE('',(#764),#328,.F.);
#8810=ADVANCED_FACE('',(#765),#57,.T.);
#8811=ADVANCED_FACE('',(#766),#329,.F.);
#8812=ADVANCED_FACE('',(#767),#330,.T.);
#8813=ADVANCED_FACE('',(#768),#58,.T.);
#8814=ADVANCED_FACE('',(#769),#331,.F.);
#8815=ADVANCED_FACE('',(#770),#13,.T.);
#8816=ADVANCED_FACE('',(#771),#14,.T.);
#8817=ADVANCED_FACE('',(#772),#15,.T.);
#8818=ADVANCED_FACE('',(#773),#16,.T.);
#8819=ADVANCED_FACE('',(#774,#173,#174),#332,.T.);
#8820=ADVANCED_FACE('',(#775),#8594,.F.);
#8821=ADVANCED_FACE('',(#776),#8595,.T.);
#8822=ADVANCED_FACE('',(#777),#8596,.F.);
#8823=ADVANCED_FACE('',(#778),#333,.F.);
#8824=ADVANCED_FACE('',(#779),#8597,.F.);
#8825=ADVANCED_FACE('',(#780),#8598,.T.);
#8826=ADVANCED_FACE('',(#781),#8599,.F.);
#8827=ADVANCED_FACE('',(#782),#334,.F.);
#8828=ADVANCED_FACE('',(#783),#335,.F.);
#8829=ADVANCED_FACE('',(#784),#336,.F.);
#8830=ADVANCED_FACE('',(#785),#337,.F.);
#8831=ADVANCED_FACE('',(#786),#338,.F.);
#8832=ADVANCED_FACE('',(#787,#175,#176,#177,#178,#179,#180,#181),#339,.T.);
#8833=ADVANCED_FACE('',(#788),#340,.T.);
#8834=ADVANCED_FACE('',(#789),#341,.F.);
#8835=ADVANCED_FACE('',(#790),#342,.F.);
#8836=ADVANCED_FACE('',(#791),#343,.T.);
#8837=ADVANCED_FACE('',(#792),#344,.T.);
#8838=ADVANCED_FACE('',(#793),#8600,.F.);
#8839=ADVANCED_FACE('',(#794),#8601,.F.);
#8840=ADVANCED_FACE('',(#795),#8602,.F.);
#8841=ADVANCED_FACE('',(#796),#8603,.F.);
#8842=ADVANCED_FACE('',(#797),#345,.T.);
#8843=ADVANCED_FACE('',(#798),#346,.T.);
#8844=ADVANCED_FACE('',(#799),#8604,.F.);
#8845=ADVANCED_FACE('',(#800),#347,.T.);
#8846=ADVANCED_FACE('',(#801),#348,.T.);
#8847=ADVANCED_FACE('',(#802),#349,.T.);
#8848=ADVANCED_FACE('',(#803),#350,.T.);
#8849=ADVANCED_FACE('',(#804),#351,.T.);
#8850=ADVANCED_FACE('',(#805),#352,.T.);
#8851=ADVANCED_FACE('',(#806),#353,.T.);
#8852=ADVANCED_FACE('',(#807),#354,.T.);
#8853=ADVANCED_FACE('',(#808),#355,.T.);
#8854=ADVANCED_FACE('',(#809),#356,.T.);
#8855=ADVANCED_FACE('',(#810),#357,.T.);
#8856=ADVANCED_FACE('',(#811),#358,.T.);
#8857=ADVANCED_FACE('',(#812),#359,.T.);
#8858=ADVANCED_FACE('',(#813),#360,.T.);
#8859=ADVANCED_FACE('',(#814),#361,.T.);
#8860=ADVANCED_FACE('',(#815),#362,.T.);
#8861=ADVANCED_FACE('',(#816),#363,.T.);
#8862=ADVANCED_FACE('',(#817),#364,.T.);
#8863=ADVANCED_FACE('',(#818),#365,.T.);
#8864=ADVANCED_FACE('',(#819),#366,.T.);
#8865=ADVANCED_FACE('',(#820),#367,.T.);
#8866=ADVANCED_FACE('',(#821),#368,.T.);
#8867=ADVANCED_FACE('',(#822),#369,.T.);
#8868=ADVANCED_FACE('',(#823),#370,.T.);
#8869=ADVANCED_FACE('',(#824),#371,.T.);
#8870=ADVANCED_FACE('',(#825),#372,.T.);
#8871=ADVANCED_FACE('',(#826),#373,.T.);
#8872=ADVANCED_FACE('',(#827),#374,.T.);
#8873=ADVANCED_FACE('',(#828),#375,.T.);
#8874=ADVANCED_FACE('',(#829),#376,.T.);
#8875=ADVANCED_FACE('',(#830),#377,.T.);
#8876=ADVANCED_FACE('',(#831),#378,.T.);
#8877=ADVANCED_FACE('',(#832),#379,.T.);
#8878=ADVANCED_FACE('',(#833),#380,.T.);
#8879=ADVANCED_FACE('',(#834),#381,.T.);
#8880=ADVANCED_FACE('',(#835),#382,.T.);
#8881=ADVANCED_FACE('',(#836),#383,.T.);
#8882=ADVANCED_FACE('',(#837),#384,.T.);
#8883=ADVANCED_FACE('',(#838),#385,.T.);
#8884=ADVANCED_FACE('',(#839),#386,.T.);
#8885=ADVANCED_FACE('',(#840),#387,.T.);
#8886=ADVANCED_FACE('',(#841),#388,.T.);
#8887=ADVANCED_FACE('',(#842),#389,.T.);
#8888=ADVANCED_FACE('',(#843),#390,.T.);
#8889=ADVANCED_FACE('',(#844),#391,.T.);
#8890=ADVANCED_FACE('',(#845),#392,.T.);
#8891=ADVANCED_FACE('',(#846),#393,.T.);
#8892=ADVANCED_FACE('',(#847),#394,.T.);
#8893=ADVANCED_FACE('',(#848),#395,.T.);
#8894=ADVANCED_FACE('',(#849),#396,.T.);
#8895=ADVANCED_FACE('',(#850),#397,.T.);
#8896=ADVANCED_FACE('',(#851),#398,.T.);
#8897=ADVANCED_FACE('',(#852),#399,.T.);
#8898=ADVANCED_FACE('',(#853),#400,.T.);
#8899=ADVANCED_FACE('',(#854),#401,.T.);
#8900=ADVANCED_FACE('',(#855),#402,.T.);
#8901=ADVANCED_FACE('',(#856),#403,.T.);
#8902=ADVANCED_FACE('',(#857),#404,.T.);
#8903=ADVANCED_FACE('',(#858),#405,.T.);
#8904=ADVANCED_FACE('',(#859),#406,.T.);
#8905=ADVANCED_FACE('',(#860),#407,.T.);
#8906=ADVANCED_FACE('',(#861),#408,.T.);
#8907=ADVANCED_FACE('',(#862),#409,.T.);
#8908=ADVANCED_FACE('',(#863),#410,.T.);
#8909=ADVANCED_FACE('',(#864),#411,.T.);
#8910=ADVANCED_FACE('',(#865),#412,.T.);
#8911=ADVANCED_FACE('',(#866),#413,.T.);
#8912=ADVANCED_FACE('',(#867),#414,.T.);
#8913=ADVANCED_FACE('',(#868),#415,.T.);
#8914=ADVANCED_FACE('',(#869),#416,.T.);
#8915=ADVANCED_FACE('',(#870),#417,.T.);
#8916=ADVANCED_FACE('',(#871),#418,.T.);
#8917=ADVANCED_FACE('',(#872),#419,.T.);
#8918=ADVANCED_FACE('',(#873),#420,.T.);
#8919=ADVANCED_FACE('',(#874),#421,.T.);
#8920=ADVANCED_FACE('',(#875),#422,.T.);
#8921=ADVANCED_FACE('',(#876),#423,.T.);
#8922=ADVANCED_FACE('',(#877),#424,.T.);
#8923=ADVANCED_FACE('',(#878),#425,.T.);
#8924=ADVANCED_FACE('',(#879),#426,.T.);
#8925=ADVANCED_FACE('',(#880),#427,.T.);
#8926=ADVANCED_FACE('',(#881),#428,.T.);
#8927=ADVANCED_FACE('',(#882),#429,.T.);
#8928=ADVANCED_FACE('',(#883),#430,.T.);
#8929=ADVANCED_FACE('',(#884),#431,.T.);
#8930=ADVANCED_FACE('',(#885),#432,.T.);
#8931=ADVANCED_FACE('',(#886),#433,.T.);
#8932=ADVANCED_FACE('',(#887),#434,.T.);
#8933=ADVANCED_FACE('',(#888),#435,.T.);
#8934=ADVANCED_FACE('',(#889),#436,.T.);
#8935=ADVANCED_FACE('',(#890),#437,.T.);
#8936=ADVANCED_FACE('',(#891),#438,.T.);
#8937=ADVANCED_FACE('',(#892),#439,.T.);
#8938=ADVANCED_FACE('',(#893),#8605,.T.);
#8939=ADVANCED_FACE('',(#894),#440,.T.);
#8940=ADVANCED_FACE('',(#895),#441,.T.);
#8941=ADVANCED_FACE('',(#896),#442,.T.);
#8942=ADVANCED_FACE('',(#897),#443,.F.);
#8943=ADVANCED_FACE('',(#898,#182),#444,.T.);
#8944=ADVANCED_FACE('',(#899),#445,.F.);
#8945=ADVANCED_FACE('',(#900),#446,.F.);
#8946=ADVANCED_FACE('',(#901),#447,.F.);
#8947=ADVANCED_FACE('',(#902),#448,.F.);
#8948=ADVANCED_FACE('',(#903),#449,.F.);
#8949=ADVANCED_FACE('',(#904),#450,.F.);
#8950=ADVANCED_FACE('',(#905),#451,.F.);
#8951=ADVANCED_FACE('',(#906),#452,.F.);
#8952=ADVANCED_FACE('',(#907),#453,.F.);
#8953=ADVANCED_FACE('',(#908),#454,.F.);
#8954=ADVANCED_FACE('',(#909),#455,.F.);
#8955=ADVANCED_FACE('',(#910),#456,.F.);
#8956=ADVANCED_FACE('',(#911,#183,#184),#457,.T.);
#8957=ADVANCED_FACE('',(#912),#458,.T.);
#8958=ADVANCED_FACE('',(#913),#459,.T.);
#8959=ADVANCED_FACE('',(#914),#460,.T.);
#8960=ADVANCED_FACE('',(#915),#461,.T.);
#8961=ADVANCED_FACE('',(#916),#462,.T.);
#8962=ADVANCED_FACE('',(#917,#185,#186),#463,.T.);
#8963=ADVANCED_FACE('',(#918,#187,#188),#464,.T.);
#8964=ADVANCED_FACE('',(#919),#465,.T.);
#8965=ADVANCED_FACE('',(#920),#466,.T.);
#8966=ADVANCED_FACE('',(#921),#467,.T.);
#8967=ADVANCED_FACE('',(#922),#468,.T.);
#8968=ADVANCED_FACE('',(#923),#469,.T.);
#8969=ADVANCED_FACE('',(#924),#470,.T.);
#8970=ADVANCED_FACE('',(#925),#471,.T.);
#8971=ADVANCED_FACE('',(#926),#472,.F.);
#8972=ADVANCED_FACE('',(#927),#473,.T.);
#8973=ADVANCED_FACE('',(#928),#474,.T.);
#8974=ADVANCED_FACE('',(#929),#475,.T.);
#8975=ADVANCED_FACE('',(#930),#476,.F.);
#8976=ADVANCED_FACE('',(#931),#477,.F.);
#8977=ADVANCED_FACE('',(#932),#478,.F.);
#8978=ADVANCED_FACE('',(#933),#479,.F.);
#8979=ADVANCED_FACE('',(#934),#480,.F.);
#8980=ADVANCED_FACE('',(#935),#481,.F.);
#8981=ADVANCED_FACE('',(#936),#482,.F.);
#8982=ADVANCED_FACE('',(#937),#483,.T.);
#8983=ADVANCED_FACE('',(#938),#8606,.F.);
#8984=ADVANCED_FACE('',(#939),#484,.F.);
#8985=ADVANCED_FACE('',(#940),#485,.T.);
#8986=ADVANCED_FACE('',(#941),#486,.F.);
#8987=ADVANCED_FACE('',(#942),#487,.F.);
#8988=ADVANCED_FACE('',(#943),#488,.T.);
#8989=ADVANCED_FACE('',(#944),#489,.T.);
#8990=ADVANCED_FACE('',(#945),#490,.T.);
#8991=ADVANCED_FACE('',(#946),#491,.T.);
#8992=ADVANCED_FACE('',(#947),#492,.T.);
#8993=ADVANCED_FACE('',(#948),#493,.T.);
#8994=ADVANCED_FACE('',(#949),#494,.T.);
#8995=ADVANCED_FACE('',(#950),#495,.F.);
#8996=ADVANCED_FACE('',(#951),#496,.T.);
#8997=ADVANCED_FACE('',(#952),#497,.T.);
#8998=ADVANCED_FACE('',(#953),#498,.T.);
#8999=ADVANCED_FACE('',(#954),#499,.T.);
#9000=ADVANCED_FACE('',(#955),#500,.T.);
#9001=ADVANCED_FACE('',(#956),#501,.T.);
#9002=ADVANCED_FACE('',(#957),#502,.T.);
#9003=ADVANCED_FACE('',(#958),#503,.T.);
#9004=ADVANCED_FACE('',(#959),#504,.T.);
#9005=ADVANCED_FACE('',(#960),#505,.T.);
#9006=ADVANCED_FACE('',(#961),#506,.F.);
#9007=ADVANCED_FACE('',(#962),#507,.T.);
#9008=ADVANCED_FACE('',(#963),#508,.F.);
#9009=ADVANCED_FACE('',(#964),#509,.T.);
#9010=ADVANCED_FACE('',(#965),#510,.T.);
#9011=ADVANCED_FACE('',(#966),#511,.T.);
#9012=ADVANCED_FACE('',(#967),#512,.F.);
#9013=ADVANCED_FACE('',(#968),#513,.F.);
#9014=ADVANCED_FACE('',(#969),#514,.F.);
#9015=ADVANCED_FACE('',(#970),#515,.T.);
#9016=ADVANCED_FACE('',(#971),#516,.F.);
#9017=ADVANCED_FACE('',(#972),#517,.T.);
#9018=ADVANCED_FACE('',(#973),#518,.T.);
#9019=ADVANCED_FACE('',(#974),#519,.T.);
#9020=ADVANCED_FACE('',(#975),#520,.T.);
#9021=ADVANCED_FACE('',(#976),#521,.T.);
#9022=ADVANCED_FACE('',(#977),#8607,.F.);
#9023=ADVANCED_FACE('',(#978),#522,.T.);
#9024=ADVANCED_FACE('',(#979),#523,.T.);
#9025=ADVANCED_FACE('',(#980),#524,.T.);
#9026=ADVANCED_FACE('',(#981),#8608,.T.);
#9027=ADVANCED_FACE('',(#982),#525,.T.);
#9028=ADVANCED_FACE('',(#983),#526,.T.);
#9029=ADVANCED_FACE('',(#984),#527,.T.);
#9030=ADVANCED_FACE('',(#985),#528,.T.);
#9031=ADVANCED_FACE('',(#986),#529,.T.);
#9032=ADVANCED_FACE('',(#987),#530,.T.);
#9033=ADVANCED_FACE('',(#988),#531,.T.);
#9034=ADVANCED_FACE('',(#989),#532,.T.);
#9035=ADVANCED_FACE('',(#990),#533,.T.);
#9036=ADVANCED_FACE('',(#991),#534,.T.);
#9037=ADVANCED_FACE('',(#992),#535,.F.);
#9038=ADVANCED_FACE('',(#993),#536,.T.);
#9039=ADVANCED_FACE('',(#994),#537,.T.);
#9040=ADVANCED_FACE('',(#995),#538,.T.);
#9041=ADVANCED_FACE('',(#996),#539,.T.);
#9042=ADVANCED_FACE('',(#997),#540,.T.);
#9043=ADVANCED_FACE('',(#998),#8609,.T.);
#9044=ADVANCED_FACE('',(#999),#541,.T.);
#9045=ADVANCED_FACE('',(#1000),#542,.T.);
#9046=ADVANCED_FACE('',(#1001),#543,.T.);
#9047=ADVANCED_FACE('',(#1002),#544,.T.);
#9048=ADVANCED_FACE('',(#1003),#545,.T.);
#9049=ADVANCED_FACE('',(#1004),#8610,.F.);
#9050=ADVANCED_FACE('',(#1005),#546,.T.);
#9051=ADVANCED_FACE('',(#1006),#547,.T.);
#9052=ADVANCED_FACE('',(#1007),#548,.T.);
#9053=ADVANCED_FACE('',(#1008),#549,.T.);
#9054=ADVANCED_FACE('',(#1009),#550,.T.);
#9055=ADVANCED_FACE('',(#1010),#551,.T.);
#9056=ADVANCED_FACE('',(#1011),#552,.F.);
#9057=ADVANCED_FACE('',(#1012),#553,.T.);
#9058=ADVANCED_FACE('',(#1013),#554,.T.);
#9059=ADVANCED_FACE('',(#1014),#555,.T.);
#9060=ADVANCED_FACE('',(#1015),#556,.T.);
#9061=ADVANCED_FACE('',(#1016),#557,.T.);
#9062=ADVANCED_FACE('',(#1017),#8611,.T.);
#9063=ADVANCED_FACE('',(#1018,#189),#558,.T.);
#9064=ADVANCED_FACE('',(#1019),#66,.T.);
#9065=ADVANCED_FACE('',(#1020),#8612,.T.);
#9066=ADVANCED_FACE('',(#1021),#8613,.T.);
#9067=ADVANCED_FACE('',(#1022),#59,.T.);
#9068=ADVANCED_FACE('',(#1023),#559,.F.);
#9069=ADVANCED_FACE('',(#1024),#60,.T.);
#9070=ADVANCED_FACE('',(#1025,#190),#560,.F.);
#9071=ADVANCED_FACE('',(#1026),#8614,.T.);
#9072=ADVANCED_FACE('',(#1027),#561,.T.);
#9073=ADVANCED_FACE('',(#1028),#562,.T.);
#9074=ADVANCED_FACE('',(#1029),#61,.T.);
#9075=ADVANCED_FACE('',(#1030),#563,.T.);
#9076=ADVANCED_FACE('',(#1031),#564,.F.);
#9077=ADVANCED_FACE('',(#1032),#62,.T.);
#9078=ADVANCED_FACE('',(#1033),#565,.T.);
#9079=ADVANCED_FACE('',(#1034),#566,.F.);
#9080=ADVANCED_FACE('',(#1035),#63,.T.);
#9081=ADVANCED_FACE('',(#1036),#567,.F.);
#9082=ADVANCED_FACE('',(#1037),#568,.T.);
#9083=ADVANCED_FACE('',(#1038),#64,.T.);
#9084=ADVANCED_FACE('',(#1039),#569,.F.);
#9085=ADVANCED_FACE('',(#1040),#17,.T.);
#9086=ADVANCED_FACE('',(#1041),#18,.T.);
#9087=ADVANCED_FACE('',(#1042),#19,.T.);
#9088=ADVANCED_FACE('',(#1043),#20,.T.);
#9089=CLOSED_SHELL('',(#8615,#8616,#8617,#8618,#8619,#8620,#8621,#8622,
#8623,#8624,#8625,#8626,#8627,#8628,#8629,#8630,#8631,#8632,#8633,#8634,
#8635,#8636,#8637,#8638,#8639,#8640,#8641,#8642,#8643,#8644,#8645,#8646,
#8647,#8648,#8649,#8650,#8651,#8652,#8653,#8654,#8655,#8656,#8657,#8658,
#8659,#8660,#8661,#8662,#8663,#8664,#8665,#8666,#8667,#8668,#8669,#8670,
#8671,#8672,#8673,#8674,#8675,#8676,#8677,#8678,#8679,#8680,#8681,#8682,
#8683,#8684,#8685,#8686,#8687,#8688,#8689,#8690,#8691,#8692,#8693,#8694,
#8695,#8696,#8697,#8698,#8699,#8700,#8701,#8702));
#9090=CLOSED_SHELL('',(#8703,#8704,#8705,#8706,#8707,#8708,#8709,#8710,
#8711,#8712,#8713,#8714,#8715,#8716,#8717,#8718,#8719,#8720,#8721,#8722,
#8723,#8724,#8725,#8726,#8727,#8728,#8729,#8730,#8731,#8732,#8733,#8734,
#8735,#8736,#8737,#8738,#8739,#8740,#8741,#8742,#8743,#8744,#8745,#8746,
#8747,#8748,#8749,#8750,#8751,#8752,#8753,#8754,#8755,#8756,#8757,#8758,
#8759,#8760,#8761,#8762,#8763,#8764,#8765,#8766,#8767,#8768,#8769,#8770,
#8771,#8772,#8773,#8774,#8775,#8776,#8777,#8778,#8779,#8780,#8781,#8782,
#8783,#8784,#8785,#8786,#8787,#8788,#8789,#8790));
#9091=CLOSED_SHELL('',(#8791,#8792,#8793,#8794,#8795,#8796,#8797,#8798,
#8799,#8800,#8801,#8802,#8803,#8804,#8805,#8806,#8807,#8808,#8809,#8810,
#8811,#8812,#8813,#8814,#8815,#8816,#8817,#8818,#8819,#8820,#8821,#8822,
#8823,#8824,#8825,#8826,#8827,#8828,#8829,#8830,#8831,#8832,#8833,#8834,
#8835,#8836,#8837,#8838,#8839,#8840,#8841,#8842,#8843,#8844,#8845,#8846,
#8847,#8848,#8849,#8850,#8851,#8852,#8853,#8854,#8855,#8856,#8857,#8858,
#8859,#8860,#8861,#8862,#8863,#8864,#8865,#8866,#8867,#8868,#8869,#8870,
#8871,#8872,#8873,#8874,#8875,#8876,#8877,#8878,#8879,#8880,#8881,#8882,
#8883,#8884,#8885,#8886,#8887,#8888,#8889,#8890,#8891,#8892,#8893,#8894,
#8895,#8896,#8897,#8898,#8899,#8900,#8901,#8902,#8903,#8904,#8905,#8906,
#8907,#8908,#8909,#8910,#8911,#8912,#8913,#8914,#8915,#8916,#8917,#8918,
#8919,#8920,#8921,#8922,#8923,#8924,#8925,#8926,#8927,#8928,#8929,#8930,
#8931,#8932,#8933,#8934,#8935,#8936,#8937,#8938,#8939,#8940,#8941,#8942,
#8943,#8944,#8945,#8946,#8947,#8948,#8949,#8950,#8951,#8952,#8953,#8954,
#8955,#8956,#8957,#8958,#8959,#8960,#8961,#8962,#8963,#8964,#8965,#8966,
#8967,#8968,#8969,#8970,#8971,#8972,#8973,#8974,#8975,#8976,#8977,#8978,
#8979,#8980,#8981,#8982,#8983,#8984,#8985,#8986,#8987,#8988,#8989,#8990,
#8991,#8992,#8993,#8994,#8995,#8996,#8997,#8998,#8999,#9000,#9001,#9002,
#9003,#9004,#9005,#9006,#9007,#9008,#9009,#9010,#9011,#9012,#9013,#9014,
#9015,#9016,#9017,#9018,#9019,#9020,#9021,#9022,#9023,#9024,#9025,#9026,
#9027,#9028,#9029,#9030,#9031,#9032,#9033,#9034,#9035,#9036,#9037,#9038,
#9039,#9040,#9041,#9042,#9043,#9044,#9045,#9046,#9047,#9048,#9049,#9050,
#9051,#9052,#9053,#9054,#9055,#9056,#9057,#9058,#9059,#9060,#9061,#9062,
#9063,#9064,#9065,#9066,#9067,#9068,#9069,#9070,#9071,#9072,#9073,#9074,
#9075,#9076,#9077,#9078,#9079,#9080,#9081,#9082,#9083,#9084,#9085,#9086,
#9087,#9088));
#9092=DERIVED_UNIT_ELEMENT(#9094,1.);
#9093=DERIVED_UNIT_ELEMENT(#15473,-3.);
#9094=(
MASS_UNIT()
NAMED_UNIT(*)
SI_UNIT(.KILO.,.GRAM.)
);
#9095=DERIVED_UNIT((#9092,#9093));
#9096=MEASURE_REPRESENTATION_ITEM('density measure',
POSITIVE_RATIO_MEASURE(7850.),#9095);
#9097=PROPERTY_DEFINITION_REPRESENTATION(#9102,#9099);
#9098=PROPERTY_DEFINITION_REPRESENTATION(#9103,#9100);
#9099=REPRESENTATION('material name',(#9101),#15470);
#9100=REPRESENTATION('density',(#9096),#15470);
#9101=DESCRIPTIVE_REPRESENTATION_ITEM('Steel','Steel');
#9102=PROPERTY_DEFINITION('material property','material name',#15480);
#9103=PROPERTY_DEFINITION('material property','density of part',#15480);
#9104=AXIS2_PLACEMENT_3D('',#12295,#9835,#9836);
#9105=AXIS2_PLACEMENT_3D('',#12296,#9837,#9838);
#9106=AXIS2_PLACEMENT_3D('',#12299,#9839,#9840);
#9107=AXIS2_PLACEMENT_3D('',#12303,#9842,#9843);
#9108=AXIS2_PLACEMENT_3D('',#12305,#9845,#9846);
#9109=AXIS2_PLACEMENT_3D('',#12308,#9847,#9848);
#9110=AXIS2_PLACEMENT_3D('',#12312,#9850,#9851);
#9111=AXIS2_PLACEMENT_3D('',#12314,#9853,#9854);
#9112=AXIS2_PLACEMENT_3D('',#12317,#9855,#9856);
#9113=AXIS2_PLACEMENT_3D('',#12321,#9858,#9859);
#9114=AXIS2_PLACEMENT_3D('',#12323,#9861,#9862);
#9115=AXIS2_PLACEMENT_3D('',#12326,#9863,#9864);
#9116=AXIS2_PLACEMENT_3D('',#12330,#9866,#9867);
#9117=AXIS2_PLACEMENT_3D('',#12332,#9869,#9870);
#9118=AXIS2_PLACEMENT_3D('',#12335,#9871,#9872);
#9119=AXIS2_PLACEMENT_3D('',#12339,#9874,#9875);
#9120=AXIS2_PLACEMENT_3D('',#12341,#9877,#9878);
#9121=AXIS2_PLACEMENT_3D('',#12344,#9879,#9880);
#9122=AXIS2_PLACEMENT_3D('',#12348,#9882,#9883);
#9123=AXIS2_PLACEMENT_3D('',#12350,#9885,#9886);
#9124=AXIS2_PLACEMENT_3D('',#12353,#9887,#9888);
#9125=AXIS2_PLACEMENT_3D('',#12357,#9890,#9891);
#9126=AXIS2_PLACEMENT_3D('',#12359,#9893,#9894);
#9127=AXIS2_PLACEMENT_3D('',#12362,#9895,#9896);
#9128=AXIS2_PLACEMENT_3D('',#12366,#9898,#9899);
#9129=AXIS2_PLACEMENT_3D('',#12368,#9901,#9902);
#9130=AXIS2_PLACEMENT_3D('',#12371,#9903,#9904);
#9131=AXIS2_PLACEMENT_3D('',#12375,#9906,#9907);
#9132=AXIS2_PLACEMENT_3D('',#12377,#9909,#9910);
#9133=AXIS2_PLACEMENT_3D('',#12380,#9911,#9912);
#9134=AXIS2_PLACEMENT_3D('',#12384,#9914,#9915);
#9135=AXIS2_PLACEMENT_3D('',#12386,#9917,#9918);
#9136=AXIS2_PLACEMENT_3D('',#12389,#9919,#9920);
#9137=AXIS2_PLACEMENT_3D('',#12393,#9922,#9923);
#9138=AXIS2_PLACEMENT_3D('',#12395,#9925,#9926);
#9139=AXIS2_PLACEMENT_3D('',#12398,#9927,#9928);
#9140=AXIS2_PLACEMENT_3D('',#12402,#9930,#9931);
#9141=AXIS2_PLACEMENT_3D('',#12404,#9933,#9934);
#9142=AXIS2_PLACEMENT_3D('',#12407,#9935,#9936);
#9143=AXIS2_PLACEMENT_3D('',#12411,#9938,#9939);
#9144=AXIS2_PLACEMENT_3D('',#12413,#9941,#9942);
#9145=AXIS2_PLACEMENT_3D('',#12416,#9943,#9944);
#9146=AXIS2_PLACEMENT_3D('',#12420,#9946,#9947);
#9147=AXIS2_PLACEMENT_3D('',#12422,#9949,#9950);
#9148=AXIS2_PLACEMENT_3D('',#12425,#9951,#9952);
#9149=AXIS2_PLACEMENT_3D('',#12429,#9954,#9955);
#9150=AXIS2_PLACEMENT_3D('',#12431,#9957,#9958);
#9151=AXIS2_PLACEMENT_3D('',#12434,#9959,#9960);
#9152=AXIS2_PLACEMENT_3D('',#12438,#9962,#9963);
#9153=AXIS2_PLACEMENT_3D('',#12440,#9965,#9966);
#9154=AXIS2_PLACEMENT_3D('',#12443,#9967,#9968);
#9155=AXIS2_PLACEMENT_3D('',#12447,#9970,#9971);
#9156=AXIS2_PLACEMENT_3D('',#12449,#9973,#9974);
#9157=AXIS2_PLACEMENT_3D('',#12452,#9975,#9976);
#9158=AXIS2_PLACEMENT_3D('',#12456,#9978,#9979);
#9159=AXIS2_PLACEMENT_3D('',#12458,#9981,#9982);
#9160=AXIS2_PLACEMENT_3D('',#12461,#9983,#9984);
#9161=AXIS2_PLACEMENT_3D('',#12465,#9986,#9987);
#9162=AXIS2_PLACEMENT_3D('',#12467,#9989,#9990);
#9163=AXIS2_PLACEMENT_3D('',#12470,#9991,#9992);
#9164=AXIS2_PLACEMENT_3D('',#12474,#9994,#9995);
#9165=AXIS2_PLACEMENT_3D('',#12476,#9997,#9998);
#9166=AXIS2_PLACEMENT_3D('',#12479,#9999,#10000);
#9167=AXIS2_PLACEMENT_3D('',#12484,#10003,#10004);
#9168=AXIS2_PLACEMENT_3D('',#12489,#10007,#10008);
#9169=AXIS2_PLACEMENT_3D('',#12494,#10011,#10012);
#9170=AXIS2_PLACEMENT_3D('',#12499,#10015,#10016);
#9171=AXIS2_PLACEMENT_3D('',#12504,#10019,#10020);
#9172=AXIS2_PLACEMENT_3D('',#12509,#10023,#10024);
#9173=AXIS2_PLACEMENT_3D('',#12511,#10025,#10026);
#9174=AXIS2_PLACEMENT_3D('',#12516,#10029,#10030);
#9175=AXIS2_PLACEMENT_3D('',#12521,#10033,#10034);
#9176=AXIS2_PLACEMENT_3D('',#12526,#10037,#10038);
#9177=AXIS2_PLACEMENT_3D('',#12531,#10041,#10042);
#9178=AXIS2_PLACEMENT_3D('',#12536,#10045,#10046);
#9179=AXIS2_PLACEMENT_3D('',#12541,#10049,#10050);
#9180=AXIS2_PLACEMENT_3D('',#12546,#10053,#10054);
#9181=AXIS2_PLACEMENT_3D('',#12551,#10057,#10058);
#9182=AXIS2_PLACEMENT_3D('',#12556,#10061,#10062);
#9183=AXIS2_PLACEMENT_3D('',#12561,#10065,#10066);
#9184=AXIS2_PLACEMENT_3D('',#12566,#10069,#10070);
#9185=AXIS2_PLACEMENT_3D('',#12571,#10073,#10074);
#9186=AXIS2_PLACEMENT_3D('',#12576,#10077,#10078);
#9187=AXIS2_PLACEMENT_3D('',#12580,#10081,#10082);
#9188=AXIS2_PLACEMENT_3D('',#12581,#10083,#10084);
#9189=AXIS2_PLACEMENT_3D('',#12583,#10085,#10086);
#9190=AXIS2_PLACEMENT_3D('',#12585,#10088,#10089);
#9191=AXIS2_PLACEMENT_3D('',#12587,#10090,#10091);
#9192=AXIS2_PLACEMENT_3D('',#12588,#10092,#10093);
#9193=AXIS2_PLACEMENT_3D('',#12590,#10094,#10095);
#9194=AXIS2_PLACEMENT_3D('',#12592,#10096,#10097);
#9195=AXIS2_PLACEMENT_3D('',#12593,#10098,#10099);
#9196=AXIS2_PLACEMENT_3D('',#12595,#10100,#10101);
#9197=AXIS2_PLACEMENT_3D('',#12597,#10103,#10104);
#9198=AXIS2_PLACEMENT_3D('',#12600,#10106,#10107);
#9199=AXIS2_PLACEMENT_3D('',#12601,#10108,#10109);
#9200=AXIS2_PLACEMENT_3D('',#12602,#10110,#10111);
#9201=AXIS2_PLACEMENT_3D('',#12606,#10114,#10115);
#9202=AXIS2_PLACEMENT_3D('',#12608,#10116,#10117);
#9203=AXIS2_PLACEMENT_3D('',#12610,#10119,#10120);
#9204=AXIS2_PLACEMENT_3D('',#12612,#10122,#10123);
#9205=AXIS2_PLACEMENT_3D('',#12616,#10126,#10127);
#9206=AXIS2_PLACEMENT_3D('',#12618,#10128,#10129);
#9207=AXIS2_PLACEMENT_3D('',#12620,#10131,#10132);
#9208=AXIS2_PLACEMENT_3D('',#12622,#10134,#10135);
#9209=AXIS2_PLACEMENT_3D('',#12626,#10138,#10139);
#9210=AXIS2_PLACEMENT_3D('',#12628,#10140,#10141);
#9211=AXIS2_PLACEMENT_3D('',#12630,#10143,#10144);
#9212=AXIS2_PLACEMENT_3D('',#12632,#10146,#10147);
#9213=AXIS2_PLACEMENT_3D('',#12636,#10150,#10151);
#9214=AXIS2_PLACEMENT_3D('',#12638,#10152,#10153);
#9215=AXIS2_PLACEMENT_3D('',#12640,#10155,#10156);
#9216=AXIS2_PLACEMENT_3D('',#12642,#10158,#10159);
#9217=AXIS2_PLACEMENT_3D('',#12646,#10162,#10163);
#9218=AXIS2_PLACEMENT_3D('',#12648,#10164,#10165);
#9219=AXIS2_PLACEMENT_3D('',#12650,#10167,#10168);
#9220=AXIS2_PLACEMENT_3D('',#12652,#10170,#10171);
#9221=AXIS2_PLACEMENT_3D('',#12656,#10174,#10175);
#9222=AXIS2_PLACEMENT_3D('',#12658,#10176,#10177);
#9223=AXIS2_PLACEMENT_3D('',#12660,#10179,#10180);
#9224=AXIS2_PLACEMENT_3D('',#12662,#10182,#10183);
#9225=AXIS2_PLACEMENT_3D('',#12666,#10186,#10187);
#9226=AXIS2_PLACEMENT_3D('',#12668,#10188,#10189);
#9227=AXIS2_PLACEMENT_3D('',#12670,#10191,#10192);
#9228=AXIS2_PLACEMENT_3D('',#12672,#10194,#10195);
#9229=AXIS2_PLACEMENT_3D('',#12676,#10198,#10199);
#9230=AXIS2_PLACEMENT_3D('',#12678,#10200,#10201);
#9231=AXIS2_PLACEMENT_3D('',#12680,#10203,#10204);
#9232=AXIS2_PLACEMENT_3D('',#12682,#10206,#10207);
#9233=AXIS2_PLACEMENT_3D('',#12686,#10210,#10211);
#9234=AXIS2_PLACEMENT_3D('',#12688,#10212,#10213);
#9235=AXIS2_PLACEMENT_3D('',#12690,#10215,#10216);
#9236=AXIS2_PLACEMENT_3D('',#12692,#10218,#10219);
#9237=AXIS2_PLACEMENT_3D('',#12696,#10222,#10223);
#9238=AXIS2_PLACEMENT_3D('',#12699,#10225,#10226);
#9239=AXIS2_PLACEMENT_3D('',#12700,#10227,#10228);
#9240=AXIS2_PLACEMENT_3D('',#12702,#10230,#10231);
#9241=AXIS2_PLACEMENT_3D('',#12706,#10234,#10235);
#9242=AXIS2_PLACEMENT_3D('',#12708,#10236,#10237);
#9243=AXIS2_PLACEMENT_3D('',#12710,#10239,#10240);
#9244=AXIS2_PLACEMENT_3D('',#12712,#10242,#10243);
#9245=AXIS2_PLACEMENT_3D('',#12716,#10246,#10247);
#9246=AXIS2_PLACEMENT_3D('',#12718,#10248,#10249);
#9247=AXIS2_PLACEMENT_3D('',#12720,#10251,#10252);
#9248=AXIS2_PLACEMENT_3D('',#12722,#10254,#10255);
#9249=AXIS2_PLACEMENT_3D('',#12726,#10258,#10259);
#9250=AXIS2_PLACEMENT_3D('',#12728,#10260,#10261);
#9251=AXIS2_PLACEMENT_3D('',#12730,#10263,#10264);
#9252=AXIS2_PLACEMENT_3D('',#12732,#10266,#10267);
#9253=AXIS2_PLACEMENT_3D('',#12736,#10270,#10271);
#9254=AXIS2_PLACEMENT_3D('',#12738,#10272,#10273);
#9255=AXIS2_PLACEMENT_3D('',#12740,#10275,#10276);
#9256=AXIS2_PLACEMENT_3D('',#12742,#10278,#10279);
#9257=AXIS2_PLACEMENT_3D('',#12746,#10282,#10283);
#9258=AXIS2_PLACEMENT_3D('',#12748,#10284,#10285);
#9259=AXIS2_PLACEMENT_3D('',#12750,#10287,#10288);
#9260=AXIS2_PLACEMENT_3D('',#12754,#10290,#10291);
#9261=AXIS2_PLACEMENT_3D('',#12759,#10294,#10295);
#9262=AXIS2_PLACEMENT_3D('',#12764,#10298,#10299);
#9263=AXIS2_PLACEMENT_3D('',#12769,#10302,#10303);
#9264=AXIS2_PLACEMENT_3D('',#12774,#10306,#10307);
#9265=AXIS2_PLACEMENT_3D('',#12778,#10311,#10312);
#9266=AXIS2_PLACEMENT_3D('',#12779,#10313,#10314);
#9267=AXIS2_PLACEMENT_3D('',#12781,#10316,#10317);
#9268=AXIS2_PLACEMENT_3D('',#12783,#10319,#10320);
#9269=AXIS2_PLACEMENT_3D('',#12784,#10321,#10322);
#9270=AXIS2_PLACEMENT_3D('',#12786,#10324,#10325);
#9271=AXIS2_PLACEMENT_3D('',#12788,#10327,#10328);
#9272=AXIS2_PLACEMENT_3D('',#12789,#10329,#10330);
#9273=AXIS2_PLACEMENT_3D('',#12791,#10332,#10333);
#9274=AXIS2_PLACEMENT_3D('',#12793,#10335,#10336);
#9275=AXIS2_PLACEMENT_3D('',#12794,#10337,#10338);
#9276=AXIS2_PLACEMENT_3D('',#12796,#10340,#10341);
#9277=AXIS2_PLACEMENT_3D('',#12798,#10343,#10344);
#9278=AXIS2_PLACEMENT_3D('',#12799,#10345,#10346);
#9279=AXIS2_PLACEMENT_3D('',#12801,#10348,#10349);
#9280=AXIS2_PLACEMENT_3D('',#12803,#10351,#10352);
#9281=AXIS2_PLACEMENT_3D('',#12804,#10353,#10354);
#9282=AXIS2_PLACEMENT_3D('',#12806,#10355,#10356);
#9283=AXIS2_PLACEMENT_3D('',#12808,#10357,#10358);
#9284=AXIS2_PLACEMENT_3D('',#12809,#10359,#10360);
#9285=AXIS2_PLACEMENT_3D('',#12812,#10362,#10363);
#9286=AXIS2_PLACEMENT_3D('',#12813,#10364,#10365);
#9287=AXIS2_PLACEMENT_3D('',#12815,#10366,#10367);
#9288=AXIS2_PLACEMENT_3D('',#12816,#10368,#10369);
#9289=AXIS2_PLACEMENT_3D('',#12819,#10371,#10372);
#9290=AXIS2_PLACEMENT_3D('',#12820,#10373,#10374);
#9291=AXIS2_PLACEMENT_3D('',#12823,#10375,#10376);
#9292=AXIS2_PLACEMENT_3D('',#12827,#10378,#10379);
#9293=AXIS2_PLACEMENT_3D('',#12829,#10381,#10382);
#9294=AXIS2_PLACEMENT_3D('',#12832,#10383,#10384);
#9295=AXIS2_PLACEMENT_3D('',#12836,#10386,#10387);
#9296=AXIS2_PLACEMENT_3D('',#12838,#10389,#10390);
#9297=AXIS2_PLACEMENT_3D('',#12841,#10391,#10392);
#9298=AXIS2_PLACEMENT_3D('',#12845,#10394,#10395);
#9299=AXIS2_PLACEMENT_3D('',#12847,#10397,#10398);
#9300=AXIS2_PLACEMENT_3D('',#12850,#10399,#10400);
#9301=AXIS2_PLACEMENT_3D('',#12854,#10402,#10403);
#9302=AXIS2_PLACEMENT_3D('',#12856,#10405,#10406);
#9303=AXIS2_PLACEMENT_3D('',#12859,#10407,#10408);
#9304=AXIS2_PLACEMENT_3D('',#12863,#10410,#10411);
#9305=AXIS2_PLACEMENT_3D('',#12865,#10413,#10414);
#9306=AXIS2_PLACEMENT_3D('',#12868,#10415,#10416);
#9307=AXIS2_PLACEMENT_3D('',#12872,#10418,#10419);
#9308=AXIS2_PLACEMENT_3D('',#12874,#10421,#10422);
#9309=AXIS2_PLACEMENT_3D('',#12877,#10423,#10424);
#9310=AXIS2_PLACEMENT_3D('',#12881,#10426,#10427);
#9311=AXIS2_PLACEMENT_3D('',#12883,#10429,#10430);
#9312=AXIS2_PLACEMENT_3D('',#12886,#10431,#10432);
#9313=AXIS2_PLACEMENT_3D('',#12890,#10434,#10435);
#9314=AXIS2_PLACEMENT_3D('',#12892,#10437,#10438);
#9315=AXIS2_PLACEMENT_3D('',#12895,#10439,#10440);
#9316=AXIS2_PLACEMENT_3D('',#12899,#10442,#10443);
#9317=AXIS2_PLACEMENT_3D('',#12901,#10445,#10446);
#9318=AXIS2_PLACEMENT_3D('',#12904,#10447,#10448);
#9319=AXIS2_PLACEMENT_3D('',#12908,#10450,#10451);
#9320=AXIS2_PLACEMENT_3D('',#12910,#10453,#10454);
#9321=AXIS2_PLACEMENT_3D('',#12913,#10455,#10456);
#9322=AXIS2_PLACEMENT_3D('',#12917,#10458,#10459);
#9323=AXIS2_PLACEMENT_3D('',#12919,#10461,#10462);
#9324=AXIS2_PLACEMENT_3D('',#12922,#10463,#10464);
#9325=AXIS2_PLACEMENT_3D('',#12926,#10466,#10467);
#9326=AXIS2_PLACEMENT_3D('',#12928,#10469,#10470);
#9327=AXIS2_PLACEMENT_3D('',#12931,#10471,#10472);
#9328=AXIS2_PLACEMENT_3D('',#12935,#10474,#10475);
#9329=AXIS2_PLACEMENT_3D('',#12937,#10477,#10478);
#9330=AXIS2_PLACEMENT_3D('',#12940,#10479,#10480);
#9331=AXIS2_PLACEMENT_3D('',#12944,#10482,#10483);
#9332=AXIS2_PLACEMENT_3D('',#12946,#10485,#10486);
#9333=AXIS2_PLACEMENT_3D('',#12949,#10487,#10488);
#9334=AXIS2_PLACEMENT_3D('',#12953,#10490,#10491);
#9335=AXIS2_PLACEMENT_3D('',#12955,#10493,#10494);
#9336=AXIS2_PLACEMENT_3D('',#12958,#10495,#10496);
#9337=AXIS2_PLACEMENT_3D('',#12962,#10498,#10499);
#9338=AXIS2_PLACEMENT_3D('',#12964,#10501,#10502);
#9339=AXIS2_PLACEMENT_3D('',#12967,#10503,#10504);
#9340=AXIS2_PLACEMENT_3D('',#12971,#10506,#10507);
#9341=AXIS2_PLACEMENT_3D('',#12973,#10509,#10510);
#9342=AXIS2_PLACEMENT_3D('',#12976,#10511,#10512);
#9343=AXIS2_PLACEMENT_3D('',#12980,#10514,#10515);
#9344=AXIS2_PLACEMENT_3D('',#12982,#10517,#10518);
#9345=AXIS2_PLACEMENT_3D('',#12985,#10519,#10520);
#9346=AXIS2_PLACEMENT_3D('',#12989,#10522,#10523);
#9347=AXIS2_PLACEMENT_3D('',#12991,#10525,#10526);
#9348=AXIS2_PLACEMENT_3D('',#12994,#10527,#10528);
#9349=AXIS2_PLACEMENT_3D('',#12998,#10530,#10531);
#9350=AXIS2_PLACEMENT_3D('',#13000,#10533,#10534);
#9351=AXIS2_PLACEMENT_3D('',#13003,#10535,#10536);
#9352=AXIS2_PLACEMENT_3D('',#13008,#10539,#10540);
#9353=AXIS2_PLACEMENT_3D('',#13013,#10543,#10544);
#9354=AXIS2_PLACEMENT_3D('',#13018,#10547,#10548);
#9355=AXIS2_PLACEMENT_3D('',#13023,#10551,#10552);
#9356=AXIS2_PLACEMENT_3D('',#13028,#10555,#10556);
#9357=AXIS2_PLACEMENT_3D('',#13033,#10559,#10560);
#9358=AXIS2_PLACEMENT_3D('',#13035,#10561,#10562);
#9359=AXIS2_PLACEMENT_3D('',#13040,#10565,#10566);
#9360=AXIS2_PLACEMENT_3D('',#13045,#10569,#10570);
#9361=AXIS2_PLACEMENT_3D('',#13050,#10573,#10574);
#9362=AXIS2_PLACEMENT_3D('',#13055,#10577,#10578);
#9363=AXIS2_PLACEMENT_3D('',#13060,#10581,#10582);
#9364=AXIS2_PLACEMENT_3D('',#13065,#10585,#10586);
#9365=AXIS2_PLACEMENT_3D('',#13070,#10589,#10590);
#9366=AXIS2_PLACEMENT_3D('',#13075,#10593,#10594);
#9367=AXIS2_PLACEMENT_3D('',#13080,#10597,#10598);
#9368=AXIS2_PLACEMENT_3D('',#13085,#10601,#10602);
#9369=AXIS2_PLACEMENT_3D('',#13090,#10605,#10606);
#9370=AXIS2_PLACEMENT_3D('',#13095,#10609,#10610);
#9371=AXIS2_PLACEMENT_3D('',#13100,#10613,#10614);
#9372=AXIS2_PLACEMENT_3D('',#13104,#10617,#10618);
#9373=AXIS2_PLACEMENT_3D('',#13105,#10619,#10620);
#9374=AXIS2_PLACEMENT_3D('',#13107,#10621,#10622);
#9375=AXIS2_PLACEMENT_3D('',#13109,#10624,#10625);
#9376=AXIS2_PLACEMENT_3D('',#13110,#10626,#10627);
#9377=AXIS2_PLACEMENT_3D('',#13114,#10630,#10631);
#9378=AXIS2_PLACEMENT_3D('',#13116,#10632,#10633);
#9379=AXIS2_PLACEMENT_3D('',#13118,#10635,#10636);
#9380=AXIS2_PLACEMENT_3D('',#13120,#10638,#10639);
#9381=AXIS2_PLACEMENT_3D('',#13124,#10642,#10643);
#9382=AXIS2_PLACEMENT_3D('',#13126,#10644,#10645);
#9383=AXIS2_PLACEMENT_3D('',#13128,#10647,#10648);
#9384=AXIS2_PLACEMENT_3D('',#13130,#10650,#10651);
#9385=AXIS2_PLACEMENT_3D('',#13134,#10654,#10655);
#9386=AXIS2_PLACEMENT_3D('',#13136,#10656,#10657);
#9387=AXIS2_PLACEMENT_3D('',#13138,#10659,#10660);
#9388=AXIS2_PLACEMENT_3D('',#13140,#10662,#10663);
#9389=AXIS2_PLACEMENT_3D('',#13144,#10666,#10667);
#9390=AXIS2_PLACEMENT_3D('',#13146,#10668,#10669);
#9391=AXIS2_PLACEMENT_3D('',#13148,#10671,#10672);
#9392=AXIS2_PLACEMENT_3D('',#13150,#10674,#10675);
#9393=AXIS2_PLACEMENT_3D('',#13154,#10678,#10679);
#9394=AXIS2_PLACEMENT_3D('',#13156,#10680,#10681);
#9395=AXIS2_PLACEMENT_3D('',#13158,#10683,#10684);
#9396=AXIS2_PLACEMENT_3D('',#13160,#10686,#10687);
#9397=AXIS2_PLACEMENT_3D('',#13164,#10690,#10691);
#9398=AXIS2_PLACEMENT_3D('',#13166,#10692,#10693);
#9399=AXIS2_PLACEMENT_3D('',#13168,#10695,#10696);
#9400=AXIS2_PLACEMENT_3D('',#13170,#10698,#10699);
#9401=AXIS2_PLACEMENT_3D('',#13174,#10702,#10703);
#9402=AXIS2_PLACEMENT_3D('',#13176,#10704,#10705);
#9403=AXIS2_PLACEMENT_3D('',#13178,#10707,#10708);
#9404=AXIS2_PLACEMENT_3D('',#13180,#10710,#10711);
#9405=AXIS2_PLACEMENT_3D('',#13184,#10714,#10715);
#9406=AXIS2_PLACEMENT_3D('',#13186,#10716,#10717);
#9407=AXIS2_PLACEMENT_3D('',#13188,#10719,#10720);
#9408=AXIS2_PLACEMENT_3D('',#13190,#10722,#10723);
#9409=AXIS2_PLACEMENT_3D('',#13194,#10726,#10727);
#9410=AXIS2_PLACEMENT_3D('',#13196,#10728,#10729);
#9411=AXIS2_PLACEMENT_3D('',#13198,#10731,#10732);
#9412=AXIS2_PLACEMENT_3D('',#13200,#10734,#10735);
#9413=AXIS2_PLACEMENT_3D('',#13204,#10738,#10739);
#9414=AXIS2_PLACEMENT_3D('',#13206,#10740,#10741);
#9415=AXIS2_PLACEMENT_3D('',#13208,#10743,#10744);
#9416=AXIS2_PLACEMENT_3D('',#13210,#10746,#10747);
#9417=AXIS2_PLACEMENT_3D('',#13214,#10750,#10751);
#9418=AXIS2_PLACEMENT_3D('',#13216,#10752,#10753);
#9419=AXIS2_PLACEMENT_3D('',#13218,#10755,#10756);
#9420=AXIS2_PLACEMENT_3D('',#13220,#10758,#10759);
#9421=AXIS2_PLACEMENT_3D('',#13224,#10762,#10763);
#9422=AXIS2_PLACEMENT_3D('',#13226,#10764,#10765);
#9423=AXIS2_PLACEMENT_3D('',#13228,#10767,#10768);
#9424=AXIS2_PLACEMENT_3D('',#13230,#10770,#10771);
#9425=AXIS2_PLACEMENT_3D('',#13234,#10774,#10775);
#9426=AXIS2_PLACEMENT_3D('',#13236,#10776,#10777);
#9427=AXIS2_PLACEMENT_3D('',#13238,#10779,#10780);
#9428=AXIS2_PLACEMENT_3D('',#13240,#10782,#10783);
#9429=AXIS2_PLACEMENT_3D('',#13244,#10786,#10787);
#9430=AXIS2_PLACEMENT_3D('',#13246,#10788,#10789);
#9431=AXIS2_PLACEMENT_3D('',#13248,#10791,#10792);
#9432=AXIS2_PLACEMENT_3D('',#13250,#10794,#10795);
#9433=AXIS2_PLACEMENT_3D('',#13254,#10798,#10799);
#9434=AXIS2_PLACEMENT_3D('',#13256,#10800,#10801);
#9435=AXIS2_PLACEMENT_3D('',#13258,#10803,#10804);
#9436=AXIS2_PLACEMENT_3D('',#13260,#10806,#10807);
#9437=AXIS2_PLACEMENT_3D('',#13264,#10810,#10811);
#9438=AXIS2_PLACEMENT_3D('',#13266,#10812,#10813);
#9439=AXIS2_PLACEMENT_3D('',#13268,#10815,#10816);
#9440=AXIS2_PLACEMENT_3D('',#13270,#10818,#10819);
#9441=AXIS2_PLACEMENT_3D('',#13274,#10822,#10823);
#9442=AXIS2_PLACEMENT_3D('',#13276,#10824,#10825);
#9443=AXIS2_PLACEMENT_3D('',#13278,#10827,#10828);
#9444=AXIS2_PLACEMENT_3D('',#13282,#10830,#10831);
#9445=AXIS2_PLACEMENT_3D('',#13287,#10834,#10835);
#9446=AXIS2_PLACEMENT_3D('',#13292,#10838,#10839);
#9447=AXIS2_PLACEMENT_3D('',#13296,#10843,#10844);
#9448=AXIS2_PLACEMENT_3D('',#13297,#10845,#10846);
#9449=AXIS2_PLACEMENT_3D('',#13299,#10848,#10849);
#9450=AXIS2_PLACEMENT_3D('',#13301,#10851,#10852);
#9451=AXIS2_PLACEMENT_3D('',#13302,#10853,#10854);
#9452=AXIS2_PLACEMENT_3D('',#13304,#10856,#10857);
#9453=AXIS2_PLACEMENT_3D('',#13306,#10859,#10860);
#9454=AXIS2_PLACEMENT_3D('',#13307,#10861,#10862);
#9455=AXIS2_PLACEMENT_3D('',#13309,#10864,#10865);
#9456=AXIS2_PLACEMENT_3D('',#13311,#10867,#10868);
#9457=AXIS2_PLACEMENT_3D('',#13312,#10869,#10870);
#9458=AXIS2_PLACEMENT_3D('',#13315,#10871,#10872);
#9459=AXIS2_PLACEMENT_3D('',#13317,#10873,#10874);
#9460=AXIS2_PLACEMENT_3D('',#13320,#10876,#10877);
#9461=AXIS2_PLACEMENT_3D('',#13321,#10878,#10879);
#9462=AXIS2_PLACEMENT_3D('',#13322,#10880,#10881);
#9463=AXIS2_PLACEMENT_3D('',#13324,#10882,#10883);
#9464=AXIS2_PLACEMENT_3D('',#13325,#10884,#10885);
#9465=AXIS2_PLACEMENT_3D('',#13327,#10886,#10887);
#9466=AXIS2_PLACEMENT_3D('',#13329,#10888,#10889);
#9467=AXIS2_PLACEMENT_3D('',#13330,#10890,#10891);
#9468=AXIS2_PLACEMENT_3D('',#13331,#10892,#10893);
#9469=AXIS2_PLACEMENT_3D('',#13333,#10894,#10895);
#9470=AXIS2_PLACEMENT_3D('',#13335,#10897,#10898);
#9471=AXIS2_PLACEMENT_3D('',#13338,#10900,#10901);
#9472=AXIS2_PLACEMENT_3D('',#13339,#10902,#10903);
#9473=AXIS2_PLACEMENT_3D('',#13342,#10904,#10905);
#9474=AXIS2_PLACEMENT_3D('',#13346,#10907,#10908);
#9475=AXIS2_PLACEMENT_3D('',#13350,#10910,#10911);
#9476=AXIS2_PLACEMENT_3D('',#13354,#10913,#10914);
#9477=AXIS2_PLACEMENT_3D('',#13355,#10915,#10916);
#9478=AXIS2_PLACEMENT_3D('',#13380,#10929,#10930);
#9479=AXIS2_PLACEMENT_3D('',#13383,#10932,#10933);
#9480=AXIS2_PLACEMENT_3D('',#13384,#10934,#10935);
#9481=AXIS2_PLACEMENT_3D('',#13385,#10936,#10937);
#9482=AXIS2_PLACEMENT_3D('',#13388,#10938,#10939);
#9483=AXIS2_PLACEMENT_3D('',#13391,#10941,#10942);
#9484=AXIS2_PLACEMENT_3D('',#13392,#10943,#10944);
#9485=AXIS2_PLACEMENT_3D('',#13393,#10945,#10946);
#9486=AXIS2_PLACEMENT_3D('',#13395,#10947,#10948);
#9487=AXIS2_PLACEMENT_3D('',#13396,#10949,#10950);
#9488=AXIS2_PLACEMENT_3D('',#13400,#10952,#10953);
#9489=AXIS2_PLACEMENT_3D('',#13404,#10955,#10956);
#9490=AXIS2_PLACEMENT_3D('',#13408,#10958,#10959);
#9491=AXIS2_PLACEMENT_3D('',#13412,#10961,#10962);
#9492=AXIS2_PLACEMENT_3D('',#13416,#10964,#10965);
#9493=AXIS2_PLACEMENT_3D('',#13420,#10967,#10968);
#9494=AXIS2_PLACEMENT_3D('',#13424,#10970,#10971);
#9495=AXIS2_PLACEMENT_3D('',#13428,#10973,#10974);
#9496=AXIS2_PLACEMENT_3D('',#13431,#10976,#10977);
#9497=AXIS2_PLACEMENT_3D('',#13432,#10978,#10979);
#9498=AXIS2_PLACEMENT_3D('',#13445,#10988,#10989);
#9499=AXIS2_PLACEMENT_3D('',#13471,#10991,#10992);
#9500=AXIS2_PLACEMENT_3D('',#13473,#10993,#10994);
#9501=AXIS2_PLACEMENT_3D('',#13478,#10995,#10996);
#9502=AXIS2_PLACEMENT_3D('',#13495,#10997,#10998);
#9503=AXIS2_PLACEMENT_3D('',#13521,#11000,#11001);
#9504=AXIS2_PLACEMENT_3D('',#13523,#11002,#11003);
#9505=AXIS2_PLACEMENT_3D('',#13528,#11004,#11005);
#9506=AXIS2_PLACEMENT_3D('',#13545,#11006,#11007);
#9507=AXIS2_PLACEMENT_3D('',#13571,#11009,#11010);
#9508=AXIS2_PLACEMENT_3D('',#13573,#11011,#11012);
#9509=AXIS2_PLACEMENT_3D('',#13578,#11013,#11014);
#9510=AXIS2_PLACEMENT_3D('',#13595,#11015,#11016);
#9511=AXIS2_PLACEMENT_3D('',#13621,#11018,#11019);
#9512=AXIS2_PLACEMENT_3D('',#13627,#11020,#11021);
#9513=AXIS2_PLACEMENT_3D('',#13628,#11022,#11023);
#9514=AXIS2_PLACEMENT_3D('',#13773,#11024,#11025);
#9515=AXIS2_PLACEMENT_3D('',#13776,#11026,#11027);
#9516=AXIS2_PLACEMENT_3D('',#13778,#11028,#11029);
#9517=AXIS2_PLACEMENT_3D('',#13780,#11030,#11031);
#9518=AXIS2_PLACEMENT_3D('',#13784,#11033,#11034);
#9519=AXIS2_PLACEMENT_3D('',#13786,#11035,#11036);
#9520=AXIS2_PLACEMENT_3D('',#13788,#11037,#11038);
#9521=AXIS2_PLACEMENT_3D('',#13791,#11040,#11041);
#9522=AXIS2_PLACEMENT_3D('',#13800,#11046,#11047);
#9523=AXIS2_PLACEMENT_3D('',#13803,#11048,#11049);
#9524=AXIS2_PLACEMENT_3D('',#13806,#11052,#11053);
#9525=AXIS2_PLACEMENT_3D('',#13809,#11055,#11056);
#9526=AXIS2_PLACEMENT_3D('',#13810,#11057,#11058);
#9527=AXIS2_PLACEMENT_3D('',#13812,#11059,#11060);
#9528=AXIS2_PLACEMENT_3D('',#13814,#11062,#11063);
#9529=AXIS2_PLACEMENT_3D('',#13831,#11073,#11074);
#9530=AXIS2_PLACEMENT_3D('',#13833,#11075,#11076);
#9531=AXIS2_PLACEMENT_3D('',#13835,#11078,#11079);
#9532=AXIS2_PLACEMENT_3D('',#13838,#11081,#11082);
#9533=AXIS2_PLACEMENT_3D('',#13839,#11083,#11084);
#9534=AXIS2_PLACEMENT_3D('',#13841,#11085,#11086);
#9535=AXIS2_PLACEMENT_3D('',#13843,#11088,#11089);
#9536=AXIS2_PLACEMENT_3D('',#13858,#11098,#11099);
#9537=AXIS2_PLACEMENT_3D('',#13864,#11103,#11104);
#9538=AXIS2_PLACEMENT_3D('',#13868,#11107,#11108);
#9539=AXIS2_PLACEMENT_3D('',#13872,#11111,#11112);
#9540=AXIS2_PLACEMENT_3D('',#13874,#11114,#11115);
#9541=AXIS2_PLACEMENT_3D('',#14078,#11218,#11219);
#9542=AXIS2_PLACEMENT_3D('',#14080,#11220,#11221);
#9543=AXIS2_PLACEMENT_3D('',#14082,#11222,#11223);
#9544=AXIS2_PLACEMENT_3D('',#14083,#11224,#11225);
#9545=AXIS2_PLACEMENT_3D('',#14084,#11226,#11227);
#9546=AXIS2_PLACEMENT_3D('',#14086,#11229,#11230);
#9547=AXIS2_PLACEMENT_3D('',#14096,#11236,#11237);
#9548=AXIS2_PLACEMENT_3D('',#14100,#11240,#11241);
#9549=AXIS2_PLACEMENT_3D('',#14104,#11243,#11244);
#9550=AXIS2_PLACEMENT_3D('',#14107,#11246,#11247);
#9551=AXIS2_PLACEMENT_3D('',#14113,#11251,#11252);
#9552=AXIS2_PLACEMENT_3D('',#14115,#11254,#11255);
#9553=AXIS2_PLACEMENT_3D('',#14117,#11257,#11258);
#9554=AXIS2_PLACEMENT_3D('',#14119,#11260,#11261);
#9555=AXIS2_PLACEMENT_3D('',#14121,#11263,#11264);
#9556=AXIS2_PLACEMENT_3D('',#14123,#11266,#11267);
#9557=AXIS2_PLACEMENT_3D('',#14124,#11268,#11269);
#9558=AXIS2_PLACEMENT_3D('',#14126,#11270,#11271);
#9559=AXIS2_PLACEMENT_3D('',#14130,#11273,#11274);
#9560=AXIS2_PLACEMENT_3D('',#14131,#11275,#11276);
#9561=AXIS2_PLACEMENT_3D('',#14132,#11277,#11278);
#9562=AXIS2_PLACEMENT_3D('',#14138,#11282,#11283);
#9563=AXIS2_PLACEMENT_3D('',#14142,#11286,#11287);
#9564=AXIS2_PLACEMENT_3D('',#14146,#11290,#11291);
#9565=AXIS2_PLACEMENT_3D('',#14150,#11294,#11295);
#9566=AXIS2_PLACEMENT_3D('',#14154,#11298,#11299);
#9567=AXIS2_PLACEMENT_3D('',#14158,#11302,#11303);
#9568=AXIS2_PLACEMENT_3D('',#14162,#11306,#11307);
#9569=AXIS2_PLACEMENT_3D('',#14166,#11310,#11311);
#9570=AXIS2_PLACEMENT_3D('',#14170,#11314,#11315);
#9571=AXIS2_PLACEMENT_3D('',#14174,#11318,#11319);
#9572=AXIS2_PLACEMENT_3D('',#14178,#11322,#11323);
#9573=AXIS2_PLACEMENT_3D('',#14182,#11326,#11327);
#9574=AXIS2_PLACEMENT_3D('',#14186,#11330,#11331);
#9575=AXIS2_PLACEMENT_3D('',#14190,#11334,#11335);
#9576=AXIS2_PLACEMENT_3D('',#14194,#11338,#11339);
#9577=AXIS2_PLACEMENT_3D('',#14198,#11342,#11343);
#9578=AXIS2_PLACEMENT_3D('',#14202,#11346,#11347);
#9579=AXIS2_PLACEMENT_3D('',#14206,#11350,#11351);
#9580=AXIS2_PLACEMENT_3D('',#14210,#11354,#11355);
#9581=AXIS2_PLACEMENT_3D('',#14214,#11358,#11359);
#9582=AXIS2_PLACEMENT_3D('',#14218,#11362,#11363);
#9583=AXIS2_PLACEMENT_3D('',#14222,#11366,#11367);
#9584=AXIS2_PLACEMENT_3D('',#14226,#11370,#11371);
#9585=AXIS2_PLACEMENT_3D('',#14230,#11374,#11375);
#9586=AXIS2_PLACEMENT_3D('',#14234,#11378,#11379);
#9587=AXIS2_PLACEMENT_3D('',#14238,#11382,#11383);
#9588=AXIS2_PLACEMENT_3D('',#14242,#11386,#11387);
#9589=AXIS2_PLACEMENT_3D('',#14244,#11389,#11390);
#9590=AXIS2_PLACEMENT_3D('',#14250,#11394,#11395);
#9591=AXIS2_PLACEMENT_3D('',#14254,#11398,#11399);
#9592=AXIS2_PLACEMENT_3D('',#14258,#11402,#11403);
#9593=AXIS2_PLACEMENT_3D('',#14262,#11406,#11407);
#9594=AXIS2_PLACEMENT_3D('',#14266,#11410,#11411);
#9595=AXIS2_PLACEMENT_3D('',#14270,#11414,#11415);
#9596=AXIS2_PLACEMENT_3D('',#14272,#11417,#11418);
#9597=AXIS2_PLACEMENT_3D('',#14278,#11422,#11423);
#9598=AXIS2_PLACEMENT_3D('',#14282,#11426,#11427);
#9599=AXIS2_PLACEMENT_3D('',#14286,#11430,#11431);
#9600=AXIS2_PLACEMENT_3D('',#14290,#11434,#11435);
#9601=AXIS2_PLACEMENT_3D('',#14294,#11438,#11439);
#9602=AXIS2_PLACEMENT_3D('',#14298,#11442,#11443);
#9603=AXIS2_PLACEMENT_3D('',#14302,#11446,#11447);
#9604=AXIS2_PLACEMENT_3D('',#14306,#11450,#11451);
#9605=AXIS2_PLACEMENT_3D('',#14310,#11454,#11455);
#9606=AXIS2_PLACEMENT_3D('',#14314,#11458,#11459);
#9607=AXIS2_PLACEMENT_3D('',#14318,#11462,#11463);
#9608=AXIS2_PLACEMENT_3D('',#14322,#11466,#11467);
#9609=AXIS2_PLACEMENT_3D('',#14326,#11470,#11471);
#9610=AXIS2_PLACEMENT_3D('',#14330,#11474,#11475);
#9611=AXIS2_PLACEMENT_3D('',#14334,#11478,#11479);
#9612=AXIS2_PLACEMENT_3D('',#14336,#11481,#11482);
#9613=AXIS2_PLACEMENT_3D('',#14342,#11486,#11487);
#9614=AXIS2_PLACEMENT_3D('',#14346,#11490,#11491);
#9615=AXIS2_PLACEMENT_3D('',#14350,#11494,#11495);
#9616=AXIS2_PLACEMENT_3D('',#14354,#11498,#11499);
#9617=AXIS2_PLACEMENT_3D('',#14358,#11502,#11503);
#9618=AXIS2_PLACEMENT_3D('',#14362,#11506,#11507);
#9619=AXIS2_PLACEMENT_3D('',#14366,#11510,#11511);
#9620=AXIS2_PLACEMENT_3D('',#14370,#11514,#11515);
#9621=AXIS2_PLACEMENT_3D('',#14374,#11518,#11519);
#9622=AXIS2_PLACEMENT_3D('',#14378,#11522,#11523);
#9623=AXIS2_PLACEMENT_3D('',#14380,#11525,#11526);
#9624=AXIS2_PLACEMENT_3D('',#14386,#11530,#11531);
#9625=AXIS2_PLACEMENT_3D('',#14390,#11534,#11535);
#9626=AXIS2_PLACEMENT_3D('',#14394,#11538,#11539);
#9627=AXIS2_PLACEMENT_3D('',#14398,#11542,#11543);
#9628=AXIS2_PLACEMENT_3D('',#14402,#11546,#11547);
#9629=AXIS2_PLACEMENT_3D('',#14406,#11550,#11551);
#9630=AXIS2_PLACEMENT_3D('',#14410,#11554,#11555);
#9631=AXIS2_PLACEMENT_3D('',#14414,#11558,#11559);
#9632=AXIS2_PLACEMENT_3D('',#14418,#11562,#11563);
#9633=AXIS2_PLACEMENT_3D('',#14422,#11566,#11567);
#9634=AXIS2_PLACEMENT_3D('',#14426,#11570,#11571);
#9635=AXIS2_PLACEMENT_3D('',#14430,#11574,#11575);
#9636=AXIS2_PLACEMENT_3D('',#14434,#11578,#11579);
#9637=AXIS2_PLACEMENT_3D('',#14438,#11582,#11583);
#9638=AXIS2_PLACEMENT_3D('',#14442,#11586,#11587);
#9639=AXIS2_PLACEMENT_3D('',#14446,#11590,#11591);
#9640=AXIS2_PLACEMENT_3D('',#14450,#11594,#11595);
#9641=AXIS2_PLACEMENT_3D('',#14454,#11598,#11599);
#9642=AXIS2_PLACEMENT_3D('',#14458,#11602,#11603);
#9643=AXIS2_PLACEMENT_3D('',#14462,#11606,#11607);
#9644=AXIS2_PLACEMENT_3D('',#14466,#11610,#11611);
#9645=AXIS2_PLACEMENT_3D('',#14470,#11614,#11615);
#9646=AXIS2_PLACEMENT_3D('',#14474,#11618,#11619);
#9647=AXIS2_PLACEMENT_3D('',#14478,#11622,#11623);
#9648=AXIS2_PLACEMENT_3D('',#14482,#11626,#11627);
#9649=AXIS2_PLACEMENT_3D('',#14486,#11630,#11631);
#9650=AXIS2_PLACEMENT_3D('',#14490,#11634,#11635);
#9651=AXIS2_PLACEMENT_3D('',#14494,#11638,#11639);
#9652=AXIS2_PLACEMENT_3D('',#14498,#11642,#11643);
#9653=AXIS2_PLACEMENT_3D('',#14502,#11646,#11647);
#9654=AXIS2_PLACEMENT_3D('',#14504,#11649,#11650);
#9655=AXIS2_PLACEMENT_3D('',#14505,#11651,#11652);
#9656=AXIS2_PLACEMENT_3D('',#14515,#11658,#11659);
#9657=AXIS2_PLACEMENT_3D('',#14523,#11664,#11665);
#9658=AXIS2_PLACEMENT_3D('',#14531,#11670,#11671);
#9659=AXIS2_PLACEMENT_3D('',#14532,#11672,#11673);
#9660=AXIS2_PLACEMENT_3D('',#14542,#11679,#11680);
#9661=AXIS2_PLACEMENT_3D('',#14548,#11684,#11685);
#9662=AXIS2_PLACEMENT_3D('',#14552,#11688,#11689);
#9663=AXIS2_PLACEMENT_3D('',#14556,#11692,#11693);
#9664=AXIS2_PLACEMENT_3D('',#14560,#11696,#11697);
#9665=AXIS2_PLACEMENT_3D('',#14564,#11700,#11701);
#9666=AXIS2_PLACEMENT_3D('',#14568,#11704,#11705);
#9667=AXIS2_PLACEMENT_3D('',#14572,#11708,#11709);
#9668=AXIS2_PLACEMENT_3D('',#14576,#11712,#11713);
#9669=AXIS2_PLACEMENT_3D('',#14580,#11716,#11717);
#9670=AXIS2_PLACEMENT_3D('',#14584,#11720,#11721);
#9671=AXIS2_PLACEMENT_3D('',#14588,#11724,#11725);
#9672=AXIS2_PLACEMENT_3D('',#14590,#11727,#11728);
#9673=AXIS2_PLACEMENT_3D('',#14612,#11739,#11740);
#9674=AXIS2_PLACEMENT_3D('',#14613,#11741,#11742);
#9675=AXIS2_PLACEMENT_3D('',#14614,#11743,#11744);
#9676=AXIS2_PLACEMENT_3D('',#14615,#11745,#11746);
#9677=AXIS2_PLACEMENT_3D('',#14616,#11747,#11748);
#9678=AXIS2_PLACEMENT_3D('',#14617,#11749,#11750);
#9679=AXIS2_PLACEMENT_3D('',#14618,#11751,#11752);
#9680=AXIS2_PLACEMENT_3D('',#14643,#11765,#11766);
#9681=AXIS2_PLACEMENT_3D('',#14673,#11782,#11783);
#9682=AXIS2_PLACEMENT_3D('',#14683,#11789,#11790);
#9683=AXIS2_PLACEMENT_3D('',#14685,#11792,#11793);
#9684=AXIS2_PLACEMENT_3D('',#14687,#11795,#11796);
#9685=AXIS2_PLACEMENT_3D('',#14693,#11800,#11801);
#9686=AXIS2_PLACEMENT_3D('',#14707,#11809,#11810);
#9687=AXIS2_PLACEMENT_3D('',#14711,#11813,#11814);
#9688=AXIS2_PLACEMENT_3D('',#14723,#11821,#11822);
#9689=AXIS2_PLACEMENT_3D('',#14725,#11824,#11825);
#9690=AXIS2_PLACEMENT_3D('',#14726,#11826,#11827);
#9691=AXIS2_PLACEMENT_3D('',#14732,#11831,#11832);
#9692=AXIS2_PLACEMENT_3D('',#14736,#11835,#11836);
#9693=AXIS2_PLACEMENT_3D('',#14740,#11839,#11840);
#9694=AXIS2_PLACEMENT_3D('',#14744,#11843,#11844);
#9695=AXIS2_PLACEMENT_3D('',#14748,#11847,#11848);
#9696=AXIS2_PLACEMENT_3D('',#14752,#11851,#11852);
#9697=AXIS2_PLACEMENT_3D('',#14756,#11855,#11856);
#9698=AXIS2_PLACEMENT_3D('',#14760,#11859,#11860);
#9699=AXIS2_PLACEMENT_3D('',#14764,#11863,#11864);
#9700=AXIS2_PLACEMENT_3D('',#14766,#11866,#11867);
#9701=AXIS2_PLACEMENT_3D('',#14768,#11869,#11870);
#9702=AXIS2_PLACEMENT_3D('',#14780,#11877,#11878);
#9703=AXIS2_PLACEMENT_3D('',#14784,#11881,#11882);
#9704=AXIS2_PLACEMENT_3D('',#14794,#11888,#11889);
#9705=AXIS2_PLACEMENT_3D('',#14796,#11891,#11892);
#9706=AXIS2_PLACEMENT_3D('',#14800,#11896,#11897);
#9707=AXIS2_PLACEMENT_3D('',#14802,#11899,#11900);
#9708=AXIS2_PLACEMENT_3D('',#14804,#11902,#11903);
#9709=AXIS2_PLACEMENT_3D('',#14805,#11904,#11905);
#9710=AXIS2_PLACEMENT_3D('',#14808,#11908,#11909);
#9711=AXIS2_PLACEMENT_3D('',#14810,#11911,#11912);
#9712=AXIS2_PLACEMENT_3D('',#14812,#11914,#11915);
#9713=AXIS2_PLACEMENT_3D('',#14814,#11917,#11918);
#9714=AXIS2_PLACEMENT_3D('',#14816,#11920,#11921);
#9715=AXIS2_PLACEMENT_3D('',#14818,#11923,#11924);
#9716=AXIS2_PLACEMENT_3D('',#14820,#11926,#11927);
#9717=AXIS2_PLACEMENT_3D('',#14822,#11929,#11930);
#9718=AXIS2_PLACEMENT_3D('',#14824,#11932,#11933);
#9719=AXIS2_PLACEMENT_3D('',#14825,#11934,#11935);
#9720=AXIS2_PLACEMENT_3D('',#14837,#11942,#11943);
#9721=AXIS2_PLACEMENT_3D('',#14841,#11946,#11947);
#9722=AXIS2_PLACEMENT_3D('',#14851,#11953,#11954);
#9723=AXIS2_PLACEMENT_3D('',#14853,#11956,#11957);
#9724=AXIS2_PLACEMENT_3D('',#14856,#11960,#11961);
#9725=AXIS2_PLACEMENT_3D('',#14858,#11963,#11964);
#9726=AXIS2_PLACEMENT_3D('',#14860,#11966,#11967);
#9727=AXIS2_PLACEMENT_3D('',#14861,#11968,#11969);
#9728=AXIS2_PLACEMENT_3D('',#14862,#11970,#11971);
#9729=AXIS2_PLACEMENT_3D('',#14864,#11973,#11974);
#9730=AXIS2_PLACEMENT_3D('',#14866,#11976,#11977);
#9731=AXIS2_PLACEMENT_3D('',#14867,#11978,#11979);
#9732=AXIS2_PLACEMENT_3D('',#14869,#11981,#11982);
#9733=AXIS2_PLACEMENT_3D('',#14871,#11984,#11985);
#9734=AXIS2_PLACEMENT_3D('',#14873,#11987,#11988);
#9735=AXIS2_PLACEMENT_3D('',#14874,#11989,#11990);
#9736=AXIS2_PLACEMENT_3D('',#14880,#11994,#11995);
#9737=AXIS2_PLACEMENT_3D('',#14884,#11997,#11998);
#9738=AXIS2_PLACEMENT_3D('',#14892,#12002,#12003);
#9739=AXIS2_PLACEMENT_3D('',#14894,#12005,#12006);
#9740=AXIS2_PLACEMENT_3D('',#14898,#12009,#12010);
#9741=AXIS2_PLACEMENT_3D('',#14902,#12013,#12014);
#9742=AXIS2_PLACEMENT_3D('',#14905,#12016,#12017);
#9743=AXIS2_PLACEMENT_3D('',#14906,#12018,#12019);
#9744=AXIS2_PLACEMENT_3D('',#14910,#12022,#12023);
#9745=AXIS2_PLACEMENT_3D('',#14916,#12027,#12028);
#9746=AXIS2_PLACEMENT_3D('',#14922,#12032,#12033);
#9747=AXIS2_PLACEMENT_3D('',#14924,#12034,#12035);
#9748=AXIS2_PLACEMENT_3D('',#14926,#12037,#12038);
#9749=AXIS2_PLACEMENT_3D('',#14930,#12041,#12042);
#9750=AXIS2_PLACEMENT_3D('',#14932,#12044,#12045);
#9751=AXIS2_PLACEMENT_3D('',#14938,#12049,#12050);
#9752=AXIS2_PLACEMENT_3D('',#14940,#12052,#12053);
#9753=AXIS2_PLACEMENT_3D('',#14942,#12055,#12056);
#9754=AXIS2_PLACEMENT_3D('',#14946,#12059,#12060);
#9755=AXIS2_PLACEMENT_3D('',#14950,#12063,#12064);
#9756=AXIS2_PLACEMENT_3D('',#14954,#12067,#12068);
#9757=AXIS2_PLACEMENT_3D('',#14956,#12070,#12071);
#9758=AXIS2_PLACEMENT_3D('',#14960,#12074,#12075);
#9759=AXIS2_PLACEMENT_3D('',#14962,#12077,#12078);
#9760=AXIS2_PLACEMENT_3D('',#14963,#12079,#12080);
#9761=AXIS2_PLACEMENT_3D('',#14964,#12081,#12082);
#9762=AXIS2_PLACEMENT_3D('',#14970,#12086,#12087);
#9763=AXIS2_PLACEMENT_3D('',#14974,#12089,#12090);
#9764=AXIS2_PLACEMENT_3D('',#14982,#12094,#12095);
#9765=AXIS2_PLACEMENT_3D('',#14984,#12097,#12098);
#9766=AXIS2_PLACEMENT_3D('',#14990,#12102,#12103);
#9767=AXIS2_PLACEMENT_3D('',#14992,#12104,#12105);
#9768=AXIS2_PLACEMENT_3D('',#14994,#12107,#12108);
#9769=AXIS2_PLACEMENT_3D('',#14998,#12111,#12112);
#9770=AXIS2_PLACEMENT_3D('',#15000,#12114,#12115);
#9771=AXIS2_PLACEMENT_3D('',#15006,#12119,#12120);
#9772=AXIS2_PLACEMENT_3D('',#15010,#12123,#12124);
#9773=AXIS2_PLACEMENT_3D('',#15014,#12127,#12128);
#9774=AXIS2_PLACEMENT_3D('',#15017,#12130,#12131);
#9775=AXIS2_PLACEMENT_3D('',#15018,#12132,#12133);
#9776=AXIS2_PLACEMENT_3D('',#15022,#12136,#12137);
#9777=AXIS2_PLACEMENT_3D('',#15028,#12141,#12142);
#9778=AXIS2_PLACEMENT_3D('',#15030,#12144,#12145);
#9779=AXIS2_PLACEMENT_3D('',#15032,#12147,#12148);
#9780=AXIS2_PLACEMENT_3D('',#15036,#12151,#12152);
#9781=AXIS2_PLACEMENT_3D('',#15040,#12155,#12156);
#9782=AXIS2_PLACEMENT_3D('',#15044,#12159,#12160);
#9783=AXIS2_PLACEMENT_3D('',#15046,#12162,#12163);
#9784=AXIS2_PLACEMENT_3D('',#15050,#12166,#12167);
#9785=AXIS2_PLACEMENT_3D('',#15052,#12169,#12170);
#9786=AXIS2_PLACEMENT_3D('',#15053,#12171,#12172);
#9787=AXIS2_PLACEMENT_3D('',#15054,#12173,#12174);
#9788=AXIS2_PLACEMENT_3D('',#15057,#12175,#12176);
#9789=AXIS2_PLACEMENT_3D('',#15059,#12177,#12178);
#9790=AXIS2_PLACEMENT_3D('',#15062,#12180,#12181);
#9791=AXIS2_PLACEMENT_3D('',#15063,#12182,#12183);
#9792=AXIS2_PLACEMENT_3D('',#15064,#12184,#12185);
#9793=AXIS2_PLACEMENT_3D('',#15066,#12186,#12187);
#9794=AXIS2_PLACEMENT_3D('',#15067,#12188,#12189);
#9795=AXIS2_PLACEMENT_3D('',#15069,#12190,#12191);
#9796=AXIS2_PLACEMENT_3D('',#15071,#12192,#12193);
#9797=AXIS2_PLACEMENT_3D('',#15072,#12194,#12195);
#9798=AXIS2_PLACEMENT_3D('',#15073,#12196,#12197);
#9799=AXIS2_PLACEMENT_3D('',#15075,#12199,#12200);
#9800=AXIS2_PLACEMENT_3D('',#15078,#12202,#12203);
#9801=AXIS2_PLACEMENT_3D('',#15079,#12204,#12205);
#9802=AXIS2_PLACEMENT_3D('',#15082,#12207,#12208);
#9803=AXIS2_PLACEMENT_3D('',#15083,#12209,#12210);
#9804=AXIS2_PLACEMENT_3D('',#15084,#12211,#12212);
#9805=AXIS2_PLACEMENT_3D('',#15087,#12214,#12215);
#9806=AXIS2_PLACEMENT_3D('',#15088,#12216,#12217);
#9807=AXIS2_PLACEMENT_3D('',#15090,#12218,#12219);
#9808=AXIS2_PLACEMENT_3D('',#15091,#12220,#12221);
#9809=AXIS2_PLACEMENT_3D('',#15095,#12223,#12224);
#9810=AXIS2_PLACEMENT_3D('',#15099,#12226,#12227);
#9811=AXIS2_PLACEMENT_3D('',#15103,#12229,#12230);
#9812=AXIS2_PLACEMENT_3D('',#15107,#12232,#12233);
#9813=AXIS2_PLACEMENT_3D('',#15111,#12235,#12236);
#9814=AXIS2_PLACEMENT_3D('',#15115,#12238,#12239);
#9815=AXIS2_PLACEMENT_3D('',#15119,#12241,#12242);
#9816=AXIS2_PLACEMENT_3D('',#15123,#12244,#12245);
#9817=AXIS2_PLACEMENT_3D('',#15126,#12247,#12248);
#9818=AXIS2_PLACEMENT_3D('',#15127,#12249,#12250);
#9819=AXIS2_PLACEMENT_3D('',#15140,#12259,#12260);
#9820=AXIS2_PLACEMENT_3D('',#15166,#12262,#12263);
#9821=AXIS2_PLACEMENT_3D('',#15168,#12264,#12265);
#9822=AXIS2_PLACEMENT_3D('',#15173,#12266,#12267);
#9823=AXIS2_PLACEMENT_3D('',#15190,#12268,#12269);
#9824=AXIS2_PLACEMENT_3D('',#15216,#12271,#12272);
#9825=AXIS2_PLACEMENT_3D('',#15218,#12273,#12274);
#9826=AXIS2_PLACEMENT_3D('',#15223,#12275,#12276);
#9827=AXIS2_PLACEMENT_3D('',#15240,#12277,#12278);
#9828=AXIS2_PLACEMENT_3D('',#15266,#12280,#12281);
#9829=AXIS2_PLACEMENT_3D('',#15268,#12282,#12283);
#9830=AXIS2_PLACEMENT_3D('',#15273,#12284,#12285);
#9831=AXIS2_PLACEMENT_3D('',#15290,#12286,#12287);
#9832=AXIS2_PLACEMENT_3D('',#15316,#12289,#12290);
#9833=AXIS2_PLACEMENT_3D('',#15322,#12291,#12292);
#9834=AXIS2_PLACEMENT_3D('',#15323,#12293,#12294);
#9835=DIRECTION('axis',(0.,0.,1.));
#9836=DIRECTION('refdir',(1.,0.,0.));
#9837=DIRECTION('center_axis',(0.,0.,-1.));
#9838=DIRECTION('ref_axis',(-1.22464679915E-16,1.,0.));
#9839=DIRECTION('center_axis',(0.,0.,-1.));
#9840=DIRECTION('ref_axis',(1.,0.,0.));
#9841=DIRECTION('',(0.,0.,-1.));
#9842=DIRECTION('center_axis',(0.,0.,-1.));
#9843=DIRECTION('ref_axis',(1.,0.,0.));
#9844=DIRECTION('',(0.,0.,-1.));
#9845=DIRECTION('center_axis',(0.,0.,-1.));
#9846=DIRECTION('ref_axis',(-1.22464679915E-16,1.,0.));
#9847=DIRECTION('center_axis',(0.,0.,-1.));
#9848=DIRECTION('ref_axis',(1.,0.,0.));
#9849=DIRECTION('',(0.,0.,-1.));
#9850=DIRECTION('center_axis',(0.,0.,-1.));
#9851=DIRECTION('ref_axis',(1.,0.,0.));
#9852=DIRECTION('',(0.,0.,-1.));
#9853=DIRECTION('center_axis',(0.,0.,-1.));
#9854=DIRECTION('ref_axis',(-1.22464679915E-16,1.,0.));
#9855=DIRECTION('center_axis',(0.,0.,-1.));
#9856=DIRECTION('ref_axis',(1.,0.,0.));
#9857=DIRECTION('',(0.,0.,-1.));
#9858=DIRECTION('center_axis',(0.,0.,-1.));
#9859=DIRECTION('ref_axis',(1.,0.,0.));
#9860=DIRECTION('',(0.,0.,-1.));
#9861=DIRECTION('center_axis',(0.,0.,-1.));
#9862=DIRECTION('ref_axis',(-1.22464679915E-16,1.,0.));
#9863=DIRECTION('center_axis',(0.,0.,-1.));
#9864=DIRECTION('ref_axis',(1.,0.,0.));
#9865=DIRECTION('',(0.,0.,-1.));
#9866=DIRECTION('center_axis',(0.,0.,-1.));
#9867=DIRECTION('ref_axis',(1.,0.,0.));
#9868=DIRECTION('',(0.,0.,-1.));
#9869=DIRECTION('center_axis',(0.,0.,-1.));
#9870=DIRECTION('ref_axis',(-1.22464679915E-16,1.,0.));
#9871=DIRECTION('center_axis',(0.,0.,-1.));
#9872=DIRECTION('ref_axis',(1.,0.,0.));
#9873=DIRECTION('',(0.,0.,-1.));
#9874=DIRECTION('center_axis',(0.,0.,-1.));
#9875=DIRECTION('ref_axis',(1.,0.,0.));
#9876=DIRECTION('',(0.,0.,-1.));
#9877=DIRECTION('center_axis',(0.,0.,-1.));
#9878=DIRECTION('ref_axis',(-1.22464679915E-16,1.,0.));
#9879=DIRECTION('center_axis',(0.,0.,-1.));
#9880=DIRECTION('ref_axis',(1.,0.,0.));
#9881=DIRECTION('',(0.,0.,-1.));
#9882=DIRECTION('center_axis',(0.,0.,-1.));
#9883=DIRECTION('ref_axis',(1.,0.,0.));
#9884=DIRECTION('',(0.,0.,-1.));
#9885=DIRECTION('center_axis',(0.,0.,-1.));
#9886=DIRECTION('ref_axis',(-1.22464679915E-16,1.,0.));
#9887=DIRECTION('center_axis',(0.,0.,-1.));
#9888=DIRECTION('ref_axis',(1.,0.,0.));
#9889=DIRECTION('',(0.,0.,-1.));
#9890=DIRECTION('center_axis',(0.,0.,-1.));
#9891=DIRECTION('ref_axis',(1.,0.,0.));
#9892=DIRECTION('',(0.,0.,-1.));
#9893=DIRECTION('center_axis',(0.,0.,-1.));
#9894=DIRECTION('ref_axis',(-1.22464679915E-16,1.,0.));
#9895=DIRECTION('center_axis',(0.,0.,-1.));
#9896=DIRECTION('ref_axis',(1.,0.,0.));
#9897=DIRECTION('',(0.,0.,-1.));
#9898=DIRECTION('center_axis',(0.,0.,-1.));
#9899=DIRECTION('ref_axis',(1.,0.,0.));
#9900=DIRECTION('',(0.,0.,-1.));
#9901=DIRECTION('center_axis',(0.,0.,-1.));
#9902=DIRECTION('ref_axis',(-1.22464679915E-16,1.,0.));
#9903=DIRECTION('center_axis',(0.,0.,-1.));
#9904=DIRECTION('ref_axis',(1.,0.,0.));
#9905=DIRECTION('',(0.,0.,-1.));
#9906=DIRECTION('center_axis',(0.,0.,-1.));
#9907=DIRECTION('ref_axis',(1.,0.,0.));
#9908=DIRECTION('',(0.,0.,-1.));
#9909=DIRECTION('center_axis',(0.,0.,-1.));
#9910=DIRECTION('ref_axis',(-1.22464679915E-16,1.,0.));
#9911=DIRECTION('center_axis',(0.,0.,-1.));
#9912=DIRECTION('ref_axis',(1.,0.,0.));
#9913=DIRECTION('',(0.,0.,-1.));
#9914=DIRECTION('center_axis',(0.,0.,-1.));
#9915=DIRECTION('ref_axis',(1.,0.,0.));
#9916=DIRECTION('',(0.,0.,-1.));
#9917=DIRECTION('center_axis',(0.,0.,-1.));
#9918=DIRECTION('ref_axis',(0.,-1.,0.));
#9919=DIRECTION('center_axis',(0.,0.,-1.));
#9920=DIRECTION('ref_axis',(1.,0.,0.));
#9921=DIRECTION('',(0.,0.,-1.));
#9922=DIRECTION('center_axis',(0.,0.,-1.));
#9923=DIRECTION('ref_axis',(1.,0.,0.));
#9924=DIRECTION('',(0.,0.,-1.));
#9925=DIRECTION('center_axis',(0.,0.,-1.));
#9926=DIRECTION('ref_axis',(0.,-1.,0.));
#9927=DIRECTION('center_axis',(0.,0.,-1.));
#9928=DIRECTION('ref_axis',(1.,0.,0.));
#9929=DIRECTION('',(0.,0.,-1.));
#9930=DIRECTION('center_axis',(0.,0.,-1.));
#9931=DIRECTION('ref_axis',(1.,0.,0.));
#9932=DIRECTION('',(0.,0.,-1.));
#9933=DIRECTION('center_axis',(0.,0.,-1.));
#9934=DIRECTION('ref_axis',(0.,-1.,0.));
#9935=DIRECTION('center_axis',(0.,0.,-1.));
#9936=DIRECTION('ref_axis',(1.,0.,0.));
#9937=DIRECTION('',(0.,0.,-1.));
#9938=DIRECTION('center_axis',(0.,0.,-1.));
#9939=DIRECTION('ref_axis',(1.,0.,0.));
#9940=DIRECTION('',(0.,0.,-1.));
#9941=DIRECTION('center_axis',(0.,0.,-1.));
#9942=DIRECTION('ref_axis',(0.,-1.,0.));
#9943=DIRECTION('center_axis',(0.,0.,-1.));
#9944=DIRECTION('ref_axis',(1.,0.,0.));
#9945=DIRECTION('',(0.,0.,-1.));
#9946=DIRECTION('center_axis',(0.,0.,-1.));
#9947=DIRECTION('ref_axis',(1.,0.,0.));
#9948=DIRECTION('',(0.,0.,-1.));
#9949=DIRECTION('center_axis',(0.,0.,-1.));
#9950=DIRECTION('ref_axis',(0.,-1.,0.));
#9951=DIRECTION('center_axis',(0.,0.,-1.));
#9952=DIRECTION('ref_axis',(1.,0.,0.));
#9953=DIRECTION('',(0.,0.,-1.));
#9954=DIRECTION('center_axis',(0.,0.,-1.));
#9955=DIRECTION('ref_axis',(1.,0.,0.));
#9956=DIRECTION('',(0.,0.,-1.));
#9957=DIRECTION('center_axis',(0.,0.,-1.));
#9958=DIRECTION('ref_axis',(0.,-1.,0.));
#9959=DIRECTION('center_axis',(0.,0.,-1.));
#9960=DIRECTION('ref_axis',(1.,0.,0.));
#9961=DIRECTION('',(0.,0.,-1.));
#9962=DIRECTION('center_axis',(0.,0.,-1.));
#9963=DIRECTION('ref_axis',(1.,0.,0.));
#9964=DIRECTION('',(0.,0.,-1.));
#9965=DIRECTION('center_axis',(0.,0.,-1.));
#9966=DIRECTION('ref_axis',(0.,-1.,0.));
#9967=DIRECTION('center_axis',(0.,0.,-1.));
#9968=DIRECTION('ref_axis',(1.,0.,0.));
#9969=DIRECTION('',(0.,0.,-1.));
#9970=DIRECTION('center_axis',(0.,0.,-1.));
#9971=DIRECTION('ref_axis',(1.,0.,0.));
#9972=DIRECTION('',(0.,0.,-1.));
#9973=DIRECTION('center_axis',(0.,0.,-1.));
#9974=DIRECTION('ref_axis',(0.,-1.,0.));
#9975=DIRECTION('center_axis',(0.,0.,-1.));
#9976=DIRECTION('ref_axis',(1.,0.,0.));
#9977=DIRECTION('',(0.,0.,-1.));
#9978=DIRECTION('center_axis',(0.,0.,-1.));
#9979=DIRECTION('ref_axis',(1.,0.,0.));
#9980=DIRECTION('',(0.,0.,-1.));
#9981=DIRECTION('center_axis',(0.,0.,-1.));
#9982=DIRECTION('ref_axis',(0.,-1.,0.));
#9983=DIRECTION('center_axis',(0.,0.,-1.));
#9984=DIRECTION('ref_axis',(1.,0.,0.));
#9985=DIRECTION('',(0.,0.,-1.));
#9986=DIRECTION('center_axis',(0.,0.,-1.));
#9987=DIRECTION('ref_axis',(1.,0.,0.));
#9988=DIRECTION('',(0.,0.,-1.));
#9989=DIRECTION('center_axis',(0.,0.,-1.));
#9990=DIRECTION('ref_axis',(0.,-1.,0.));
#9991=DIRECTION('center_axis',(0.,0.,-1.));
#9992=DIRECTION('ref_axis',(1.,0.,0.));
#9993=DIRECTION('',(0.,0.,-1.));
#9994=DIRECTION('center_axis',(0.,0.,-1.));
#9995=DIRECTION('ref_axis',(1.,0.,0.));
#9996=DIRECTION('',(0.,0.,-1.));
#9997=DIRECTION('center_axis',(0.,0.,1.));
#9998=DIRECTION('ref_axis',(0.,1.,0.));
#9999=DIRECTION('center_axis',(0.,0.,1.));
#10000=DIRECTION('ref_axis',(-1.,0.,0.));
#10001=DIRECTION('',(0.891006524408811,-0.453990499306903,0.));
#10002=DIRECTION('',(0.707106796318047,0.707106766055047,0.));
#10003=DIRECTION('center_axis',(0.,0.,1.));
#10004=DIRECTION('ref_axis',(-1.,0.,0.));
#10005=DIRECTION('',(0.707106796318047,-0.707106766055047,0.));
#10006=DIRECTION('',(0.891006524408811,0.453990499306903,0.));
#10007=DIRECTION('center_axis',(0.,0.,1.));
#10008=DIRECTION('ref_axis',(-1.,0.,0.));
#10009=DIRECTION('',(0.453990499306903,-0.891006524408811,0.));
#10010=DIRECTION('',(0.987688343530834,0.156434446504974,0.));
#10011=DIRECTION('center_axis',(0.,0.,1.));
#10012=DIRECTION('ref_axis',(-1.,0.,0.));
#10013=DIRECTION('',(0.156434476027001,-0.987688338855004,0.));
#10014=DIRECTION('',(0.987688338855004,-0.156434476027001,0.));
#10015=DIRECTION('center_axis',(0.,0.,1.));
#10016=DIRECTION('ref_axis',(-1.,0.,0.));
#10017=DIRECTION('',(-0.156434446504974,-0.987688343530834,0.));
#10018=DIRECTION('',(0.891006524408811,-0.453990499306903,0.));
#10019=DIRECTION('center_axis',(0.,0.,1.));
#10020=DIRECTION('ref_axis',(-1.,0.,0.));
#10021=DIRECTION('',(-0.453990499306903,-0.891006524408811,0.));
#10022=DIRECTION('',(0.707106766055047,-0.707106796318047,0.));
#10023=DIRECTION('center_axis',(0.,0.,1.));
#10024=DIRECTION('ref_axis',(-1.,0.,0.));
#10025=DIRECTION('center_axis',(0.,0.,1.));
#10026=DIRECTION('ref_axis',(-1.,0.,0.));
#10027=DIRECTION('',(-0.707106766055047,-0.707106796318047,0.));
#10028=DIRECTION('',(0.453990499306903,-0.891006524408811,0.));
#10029=DIRECTION('center_axis',(0.,0.,1.));
#10030=DIRECTION('ref_axis',(-1.,0.,0.));
#10031=DIRECTION('',(-0.891006524408811,-0.453990499306903,0.));
#10032=DIRECTION('',(0.156434446504974,-0.987688343530834,0.));
#10033=DIRECTION('center_axis',(0.,0.,1.));
#10034=DIRECTION('ref_axis',(-1.,0.,0.));
#10035=DIRECTION('',(-0.987688338855004,-0.156434476027001,0.));
#10036=DIRECTION('',(-0.156434476027001,-0.987688338855004,0.));
#10037=DIRECTION('center_axis',(0.,0.,1.));
#10038=DIRECTION('ref_axis',(-1.,0.,0.));
#10039=DIRECTION('',(-0.987688343530834,0.156434446504974,0.));
#10040=DIRECTION('',(-0.453990499306903,-0.891006524408811,0.));
#10041=DIRECTION('center_axis',(0.,0.,1.));
#10042=DIRECTION('ref_axis',(-1.,0.,0.));
#10043=DIRECTION('',(-0.891006524408811,0.453990499306903,0.));
#10044=DIRECTION('',(-0.707106796318047,-0.707106766055047,0.));
#10045=DIRECTION('center_axis',(0.,0.,1.));
#10046=DIRECTION('ref_axis',(-1.,0.,0.));
#10047=DIRECTION('',(-0.707106796318047,0.707106766055047,0.));
#10048=DIRECTION('',(-0.891006524408811,-0.453990499306903,0.));
#10049=DIRECTION('center_axis',(0.,0.,1.));
#10050=DIRECTION('ref_axis',(-1.,0.,0.));
#10051=DIRECTION('',(-0.453990499306903,0.891006524408811,0.));
#10052=DIRECTION('',(-0.987688343530834,-0.156434446504974,0.));
#10053=DIRECTION('center_axis',(0.,0.,1.));
#10054=DIRECTION('ref_axis',(-1.,0.,0.));
#10055=DIRECTION('',(-0.156434476027001,0.987688338855004,0.));
#10056=DIRECTION('',(-0.987688338855004,0.156434476027001,0.));
#10057=DIRECTION('center_axis',(0.,0.,1.));
#10058=DIRECTION('ref_axis',(-1.,0.,0.));
#10059=DIRECTION('',(0.156434446504974,0.987688343530834,0.));
#10060=DIRECTION('',(-0.891006524408811,0.453990499306903,0.));
#10061=DIRECTION('center_axis',(0.,0.,1.));
#10062=DIRECTION('ref_axis',(-1.,0.,0.));
#10063=DIRECTION('',(0.453990499306903,0.891006524408811,0.));
#10064=DIRECTION('',(-0.707106766055047,0.707106796318047,0.));
#10065=DIRECTION('center_axis',(0.,0.,1.));
#10066=DIRECTION('ref_axis',(-1.,0.,0.));
#10067=DIRECTION('',(0.707106766055047,0.707106796318047,0.));
#10068=DIRECTION('',(-0.453990499306903,0.891006524408811,0.));
#10069=DIRECTION('center_axis',(0.,0.,1.));
#10070=DIRECTION('ref_axis',(-1.,0.,0.));
#10071=DIRECTION('',(0.891006524408811,0.453990499306903,0.));
#10072=DIRECTION('',(-0.156434446504974,0.987688343530834,0.));
#10073=DIRECTION('center_axis',(0.,0.,1.));
#10074=DIRECTION('ref_axis',(-1.,0.,0.));
#10075=DIRECTION('',(0.987688338855004,0.156434476027001,0.));
#10076=DIRECTION('',(0.156434476027001,0.987688338855004,0.));
#10077=DIRECTION('center_axis',(0.,0.,1.));
#10078=DIRECTION('ref_axis',(-1.,0.,0.));
#10079=DIRECTION('',(0.987688343530834,-0.156434446504974,0.));
#10080=DIRECTION('',(0.453990499306903,0.891006524408811,0.));
#10081=DIRECTION('center_axis',(0.,0.,-1.));
#10082=DIRECTION('ref_axis',(5.28677630773884E-16,-1.,0.));
#10083=DIRECTION('center_axis',(0.,0.,-1.));
#10084=DIRECTION('ref_axis',(0.,-1.,0.));
#10085=DIRECTION('center_axis',(0.,0.,-1.));
#10086=DIRECTION('ref_axis',(1.,0.,0.));
#10087=DIRECTION('',(0.,0.,-1.));
#10088=DIRECTION('center_axis',(0.,0.,-1.));
#10089=DIRECTION('ref_axis',(0.,-1.,0.));
#10090=DIRECTION('center_axis',(0.,0.,-1.));
#10091=DIRECTION('ref_axis',(1.,0.,0.));
#10092=DIRECTION('center_axis',(0.,0.,-1.));
#10093=DIRECTION('ref_axis',(-1.,0.,0.));
#10094=DIRECTION('center_axis',(0.,0.,-1.));
#10095=DIRECTION('ref_axis',(1.,0.,0.));
#10096=DIRECTION('center_axis',(0.,0.,1.));
#10097=DIRECTION('ref_axis',(-1.,0.,0.));
#10098=DIRECTION('center_axis',(0.,0.,-1.));
#10099=DIRECTION('ref_axis',(-1.,0.,0.));
#10100=DIRECTION('center_axis',(-3.00000024822111E-10,0.,1.));
#10101=DIRECTION('ref_axis',(1.,0.,3.00000024822111E-10));
#10102=DIRECTION('',(0.,0.,1.));
#10103=DIRECTION('center_axis',(0.,0.,-1.));
#10104=DIRECTION('ref_axis',(1.,1.22464679915E-16,0.));
#10105=DIRECTION('',(0.,0.,1.));
#10106=DIRECTION('center_axis',(3.19148962576714E-10,0.,-1.));
#10107=DIRECTION('ref_axis',(-1.,-4.72435329627726E-16,-3.19148962576714E-10));
#10108=DIRECTION('center_axis',(0.,0.,1.));
#10109=DIRECTION('ref_axis',(1.,0.,0.));
#10110=DIRECTION('center_axis',(-0.453990499740055,0.891006524188109,0.));
#10111=DIRECTION('ref_axis',(-0.891006524188109,-0.453990499740055,0.));
#10112=DIRECTION('',(2.39999871827952E-10,1.33333344365383E-10,1.));
#10113=DIRECTION('',(-0.891006524188109,-0.453990499740055,0.));
#10114=DIRECTION('center_axis',(0.,0.,-1.));
#10115=DIRECTION('ref_axis',(0.,-1.,0.));
#10116=DIRECTION('center_axis',(0.,0.,-1.));
#10117=DIRECTION('ref_axis',(1.,0.,0.));
#10118=DIRECTION('',(-0.707106805201047,0.707106757172047,0.));
#10119=DIRECTION('center_axis',(0.707106781186548,0.707106781186548,0.));
#10120=DIRECTION('ref_axis',(-0.707106781186548,0.707106781186548,0.));
#10121=DIRECTION('',(-7.31995205191E-11,7.31989284001E-11,1.));
#10122=DIRECTION('center_axis',(-0.156434465040027,0.98768834059517,0.));
#10123=DIRECTION('ref_axis',(-0.98768834059517,-0.156434465040027,0.));
#10124=DIRECTION('',(0.,0.,1.));
#10125=DIRECTION('',(-0.98768834059517,-0.156434465040027,0.));
#10126=DIRECTION('center_axis',(0.,0.,-1.));
#10127=DIRECTION('ref_axis',(0.,-1.,0.));
#10128=DIRECTION('center_axis',(0.,0.,-1.));
#10129=DIRECTION('ref_axis',(1.,0.,0.));
#10130=DIRECTION('',(-0.453990526598122,0.89100651050324,0.));
#10131=DIRECTION('center_axis',(0.891006524188109,0.453990499740055,0.));
#10132=DIRECTION('ref_axis',(-0.453990499740055,0.891006524188109,0.));
#10133=DIRECTION('',(-1.0123413218821E-9,4.12703945092592E-10,1.));
#10134=DIRECTION('center_axis',(0.156434465040027,0.98768834059517,0.));
#10135=DIRECTION('ref_axis',(-0.98768834059517,0.156434465040027,0.));
#10136=DIRECTION('',(0.,0.,1.));
#10137=DIRECTION('',(-0.98768834059517,0.156434465040027,0.));
#10138=DIRECTION('center_axis',(0.,0.,-1.));
#10139=DIRECTION('ref_axis',(0.,-1.,0.));
#10140=DIRECTION('center_axis',(0.,0.,-1.));
#10141=DIRECTION('ref_axis',(1.,0.,0.));
#10142=DIRECTION('',(-0.156434489341042,0.987688336746267,0.));
#10143=DIRECTION('center_axis',(0.98768834059517,0.156434465040027,0.));
#10144=DIRECTION('ref_axis',(-0.156434465040027,0.98768834059517,0.));
#10145=DIRECTION('',(-5.71980240948732E-10,4.83007707903956E-10,1.));
#10146=DIRECTION('center_axis',(0.453990499740055,0.891006524188109,0.));
#10147=DIRECTION('ref_axis',(-0.891006524188109,0.453990499740055,0.));
#10148=DIRECTION('',(2.94245368811137E-10,-7.21769310985109E-10,1.));
#10149=DIRECTION('',(-0.891006524188109,0.453990499740055,0.));
#10150=DIRECTION('center_axis',(0.,0.,-1.));
#10151=DIRECTION('ref_axis',(0.,-1.,0.));
#10152=DIRECTION('center_axis',(0.,0.,-1.));
#10153=DIRECTION('ref_axis',(1.,0.,0.));
#10154=DIRECTION('',(0.156434442488009,0.987688344167058,0.));
#10155=DIRECTION('center_axis',(0.98768834059517,-0.156434465040027,0.));
#10156=DIRECTION('ref_axis',(0.156434465040027,0.98768834059517,0.));
#10157=DIRECTION('',(1.33333344365383E-10,7.73333249289483E-10,1.));
#10158=DIRECTION('center_axis',(0.707106781186548,0.707106781186548,0.));
#10159=DIRECTION('ref_axis',(-0.707106781186548,0.707106781186548,0.));
#10160=DIRECTION('',(0.,0.,1.));
#10161=DIRECTION('',(-0.707106781186548,0.707106781186548,0.));
#10162=DIRECTION('center_axis',(0.,0.,-1.));
#10163=DIRECTION('ref_axis',(0.,-1.,0.));
#10164=DIRECTION('center_axis',(0.,0.,-1.));
#10165=DIRECTION('ref_axis',(1.,0.,0.));
#10166=DIRECTION('',(0.453990507170147,0.891006520402288,0.));
#10167=DIRECTION('center_axis',(0.891006524188109,-0.453990499740055,0.));
#10168=DIRECTION('ref_axis',(0.453990499740055,0.891006524188109,0.));
#10169=DIRECTION('',(0.,0.,1.));
#10170=DIRECTION('center_axis',(0.891006524188109,0.453990499740055,0.));
#10171=DIRECTION('ref_axis',(-0.453990499740055,0.891006524188109,0.));
#10172=DIRECTION('',(0.,0.,1.));
#10173=DIRECTION('',(-0.453990499740055,0.891006524188109,0.));
#10174=DIRECTION('center_axis',(0.,0.,-1.));
#10175=DIRECTION('ref_axis',(0.,-1.,0.));
#10176=DIRECTION('center_axis',(0.,0.,-1.));
#10177=DIRECTION('ref_axis',(1.,0.,0.));
#10178=DIRECTION('',(0.707106757172047,0.707106805201047,0.));
#10179=DIRECTION('center_axis',(0.707106781186548,-0.707106781186548,0.));
#10180=DIRECTION('ref_axis',(0.707106781186548,0.707106781186548,0.));
#10181=DIRECTION('',(-4.26666849998961E-10,-4.13333071473213E-10,1.));
#10182=DIRECTION('center_axis',(0.98768834059517,0.156434465040027,0.));
#10183=DIRECTION('ref_axis',(-0.156434465040027,0.98768834059517,0.));
#10184=DIRECTION('',(0.,0.,1.));
#10185=DIRECTION('',(-0.156434465040027,0.98768834059517,0.));
#10186=DIRECTION('center_axis',(0.,0.,-1.));
#10187=DIRECTION('ref_axis',(0.,-1.,0.));
#10188=DIRECTION('center_axis',(0.,0.,-1.));
#10189=DIRECTION('ref_axis',(1.,0.,0.));
#10190=DIRECTION('',(0.89100651050324,0.453990526598122,0.));
#10191=DIRECTION('center_axis',(0.453990499740055,-0.891006524188109,0.));
#10192=DIRECTION('ref_axis',(0.891006524188109,0.453990499740055,0.));
#10193=DIRECTION('',(2.94245369046534E-10,7.21769311562525E-10,-1.));
#10194=DIRECTION('center_axis',(0.98768834059517,-0.156434465040027,0.));
#10195=DIRECTION('ref_axis',(0.156434465040027,0.98768834059517,0.));
#10196=DIRECTION('',(-5.71980981097415E-10,-4.83007707903956E-10,1.));
#10197=DIRECTION('',(0.156434465040027,0.98768834059517,0.));
#10198=DIRECTION('center_axis',(0.,0.,-1.));
#10199=DIRECTION('ref_axis',(0.,-1.,0.));
#10200=DIRECTION('center_axis',(0.,0.,-1.));
#10201=DIRECTION('ref_axis',(1.,0.,0.));
#10202=DIRECTION('',(0.987688336746267,0.156434489341042,0.));
#10203=DIRECTION('center_axis',(0.156434465040027,-0.98768834059517,0.));
#10204=DIRECTION('ref_axis',(0.98768834059517,0.156434465040027,0.));
#10205=DIRECTION('',(0.,0.,1.));
#10206=DIRECTION('center_axis',(0.891006524188109,-0.453990499740055,0.));
#10207=DIRECTION('ref_axis',(0.453990499740055,0.891006524188109,0.));
#10208=DIRECTION('',(-1.0123413218821E-9,-4.12703575018251E-10,1.));
#10209=DIRECTION('',(0.453990499740055,0.891006524188109,0.));
#10210=DIRECTION('center_axis',(0.,0.,-1.));
#10211=DIRECTION('ref_axis',(0.,-1.,0.));
#10212=DIRECTION('center_axis',(0.,0.,-1.));
#10213=DIRECTION('ref_axis',(1.,0.,0.));
#10214=DIRECTION('',(0.987688344167058,-0.156434442488009,0.));
#10215=DIRECTION('center_axis',(-0.156434465040027,-0.98768834059517,0.));
#10216=DIRECTION('ref_axis',(0.98768834059517,-0.156434465040027,0.));
#10217=DIRECTION('',(0.,0.,1.));
#10218=DIRECTION('center_axis',(0.707106781186548,-0.707106781186548,0.));
#10219=DIRECTION('ref_axis',(0.707106781186548,0.707106781186548,0.));
#10220=DIRECTION('',(0.,0.,1.));
#10221=DIRECTION('',(0.707106781186548,0.707106781186548,0.));
#10222=DIRECTION('center_axis',(0.,0.,-1.));
#10223=DIRECTION('ref_axis',(0.,-1.,0.));
#10224=DIRECTION('',(0.891006520402288,-0.453990507170147,0.));
#10225=DIRECTION('center_axis',(0.,0.,-1.));
#10226=DIRECTION('ref_axis',(1.,0.,0.));
#10227=DIRECTION('center_axis',(-0.453990499740055,-0.891006524188109,0.));
#10228=DIRECTION('ref_axis',(0.891006524188109,-0.453990499740055,0.));
#10229=DIRECTION('',(2.533336503537E-10,-1.33333344365383E-10,1.));
#10230=DIRECTION('center_axis',(0.453990499740055,-0.891006524188109,0.));
#10231=DIRECTION('ref_axis',(0.891006524188109,0.453990499740055,0.));
#10232=DIRECTION('',(-5.73333232741409E-10,-2.93333135559237E-10,1.));
#10233=DIRECTION('',(0.891006524188109,0.453990499740055,0.));
#10234=DIRECTION('center_axis',(0.,0.,-1.));
#10235=DIRECTION('ref_axis',(0.,-1.,0.));
#10236=DIRECTION('center_axis',(0.,0.,-1.));
#10237=DIRECTION('ref_axis',(1.,0.,0.));
#10238=DIRECTION('',(0.707106805201047,-0.707106757172047,0.));
#10239=DIRECTION('center_axis',(-0.707106781186548,-0.707106781186548,0.));
#10240=DIRECTION('ref_axis',(0.707106781186548,-0.707106781186548,0.));
#10241=DIRECTION('',(6.66666721826913E-11,-5.33332637312848E-11,1.));
#10242=DIRECTION('center_axis',(0.156434465040027,-0.98768834059517,0.));
#10243=DIRECTION('ref_axis',(0.98768834059517,0.156434465040027,0.));
#10244=DIRECTION('',(5.59999824290002E-10,8.00000806340979E-11,1.));
#10245=DIRECTION('',(0.98768834059517,0.156434465040027,0.));
#10246=DIRECTION('center_axis',(0.,0.,-1.));
#10247=DIRECTION('ref_axis',(0.,-1.,0.));
#10248=DIRECTION('center_axis',(0.,0.,-1.));
#10249=DIRECTION('ref_axis',(1.,0.,0.));
#10250=DIRECTION('',(0.453990526598122,-0.89100651050324,0.));
#10251=DIRECTION('center_axis',(-0.891006524188109,-0.453990499740055,0.));
#10252=DIRECTION('ref_axis',(0.453990499740055,-0.891006524188109,0.));
#10253=DIRECTION('',(1.41812302641616E-9,-5.7812939620779E-10,1.));
#10254=DIRECTION('center_axis',(-0.156434465040027,-0.98768834059517,0.));
#10255=DIRECTION('ref_axis',(0.98768834059517,-0.156434465040027,0.));
#10256=DIRECTION('',(0.,0.,1.));
#10257=DIRECTION('',(0.98768834059517,-0.156434465040027,0.));
#10258=DIRECTION('center_axis',(0.,0.,-1.));
#10259=DIRECTION('ref_axis',(0.,-1.,0.));
#10260=DIRECTION('center_axis',(0.,0.,-1.));
#10261=DIRECTION('ref_axis',(1.,0.,0.));
#10262=DIRECTION('',(0.156434489341042,-0.987688336746267,0.));
#10263=DIRECTION('center_axis',(-0.98768834059517,-0.156434465040027,0.));
#10264=DIRECTION('ref_axis',(0.156434465040027,-0.98768834059517,0.));
#10265=DIRECTION('',(6.12626246028942E-10,-5.17331362933267E-10,1.));
#10266=DIRECTION('center_axis',(-0.453990499740055,-0.891006524188109,0.));
#10267=DIRECTION('ref_axis',(0.891006524188109,-0.453990499740055,0.));
#10268=DIRECTION('',(0.,0.,1.));
#10269=DIRECTION('',(0.891006524188109,-0.453990499740055,0.));
#10270=DIRECTION('center_axis',(0.,0.,-1.));
#10271=DIRECTION('ref_axis',(0.,-1.,0.));
#10272=DIRECTION('center_axis',(0.,0.,-1.));
#10273=DIRECTION('ref_axis',(1.,0.,0.));
#10274=DIRECTION('',(-0.156434442488009,-0.987688344167058,0.));
#10275=DIRECTION('center_axis',(-0.98768834059517,0.156434465040027,0.));
#10276=DIRECTION('ref_axis',(-0.156434465040027,-0.98768834059517,0.));
#10277=DIRECTION('',(-1.33333344365383E-10,-8.53332959849239E-10,1.));
#10278=DIRECTION('center_axis',(-0.707106781186548,-0.707106781186548,0.));
#10279=DIRECTION('ref_axis',(0.707106781186548,-0.707106781186548,0.));
#10280=DIRECTION('',(-5.09577565329285E-11,6.97351065781503E-10,1.));
#10281=DIRECTION('',(0.707106781186548,-0.707106781186548,0.));
#10282=DIRECTION('center_axis',(0.,0.,-1.));
#10283=DIRECTION('ref_axis',(0.,-1.,0.));
#10284=DIRECTION('center_axis',(0.,0.,-1.));
#10285=DIRECTION('ref_axis',(1.,0.,0.));
#10286=DIRECTION('',(-0.453990507170147,-0.891006520402288,0.));
#10287=DIRECTION('center_axis',(0.,0.,-1.));
#10288=DIRECTION('ref_axis',(1.,1.22464679915E-16,0.));
#10289=DIRECTION('',(0.,0.,1.));
#10290=DIRECTION('center_axis',(0.,0.,-1.));
#10291=DIRECTION('ref_axis',(1.,0.,0.));
#10292=DIRECTION('',(-4.13333072393568E-10,-1.0666652770008E-10,1.));
#10293=DIRECTION('',(1.41812265634182E-9,5.7812939620779E-10,1.));
#10294=DIRECTION('center_axis',(0.,0.,-1.));
#10295=DIRECTION('ref_axis',(1.,0.,0.));
#10296=DIRECTION('',(5.73333232741409E-10,-9.33334890855045E-11,1.));
#10297=DIRECTION('',(6.12626616103284E-10,5.17331362933267E-10,1.));
#10298=DIRECTION('center_axis',(0.,0.,-1.));
#10299=DIRECTION('ref_axis',(1.,0.,0.));
#10300=DIRECTION('',(0.,0.,1.));
#10301=DIRECTION('',(0.,0.,1.));
#10302=DIRECTION('center_axis',(0.,0.,-1.));
#10303=DIRECTION('ref_axis',(1.,0.,0.));
#10304=DIRECTION('',(3.09268166631682E-10,7.58618353321101E-10,1.));
#10305=DIRECTION('',(0.,0.,1.));
#10306=DIRECTION('center_axis',(0.,0.,-1.));
#10307=DIRECTION('ref_axis',(1.,0.,0.));
#10308=DIRECTION('',(-4.99889019067723E-11,-6.84088341529331E-10,1.));
#10309=DIRECTION('',(0.,0.,1.));
#10310=DIRECTION('',(0.,0.,-1.));
#10311=DIRECTION('center_axis',(-0.891006524188109,0.453990499740055,0.));
#10312=DIRECTION('ref_axis',(-0.453990499740055,-0.891006524188109,0.));
#10313=DIRECTION('center_axis',(-0.891006524188109,-0.453990499740055,0.));
#10314=DIRECTION('ref_axis',(0.453990499740055,-0.891006524188109,0.));
#10315=DIRECTION('',(0.453990499740055,-0.891006524188109,0.));
#10316=DIRECTION('center_axis',(0.,0.,-1.));
#10317=DIRECTION('ref_axis',(0.,-1.,0.));
#10318=DIRECTION('',(-0.707106757172047,-0.707106805201047,0.));
#10319=DIRECTION('center_axis',(-0.707106781186548,0.707106781186548,0.));
#10320=DIRECTION('ref_axis',(-0.707106781186548,-0.707106781186548,0.));
#10321=DIRECTION('center_axis',(-0.98768834059517,-0.156434465040027,0.));
#10322=DIRECTION('ref_axis',(0.156434465040027,-0.98768834059517,0.));
#10323=DIRECTION('',(0.156434465040027,-0.98768834059517,0.));
#10324=DIRECTION('center_axis',(0.,0.,-1.));
#10325=DIRECTION('ref_axis',(0.,-1.,0.));
#10326=DIRECTION('',(-0.89100651050324,-0.453990526598122,0.));
#10327=DIRECTION('center_axis',(-0.453990499740055,0.891006524188109,0.));
#10328=DIRECTION('ref_axis',(-0.891006524188109,-0.453990499740055,0.));
#10329=DIRECTION('center_axis',(-0.98768834059517,0.156434465040027,0.));
#10330=DIRECTION('ref_axis',(-0.156434465040027,-0.98768834059517,0.));
#10331=DIRECTION('',(-0.156434465040027,-0.98768834059517,0.));
#10332=DIRECTION('center_axis',(0.,0.,-1.));
#10333=DIRECTION('ref_axis',(0.,-1.,0.));
#10334=DIRECTION('',(-0.987688336746267,-0.156434489341042,0.));
#10335=DIRECTION('center_axis',(-0.156434465040027,0.98768834059517,0.));
#10336=DIRECTION('ref_axis',(-0.98768834059517,-0.156434465040027,0.));
#10337=DIRECTION('center_axis',(-0.891006524188109,0.453990499740055,0.));
#10338=DIRECTION('ref_axis',(-0.453990499740055,-0.891006524188109,0.));
#10339=DIRECTION('',(-0.453990499740055,-0.891006524188109,0.));
#10340=DIRECTION('center_axis',(0.,0.,-1.));
#10341=DIRECTION('ref_axis',(0.,-1.,0.));
#10342=DIRECTION('',(-0.987688344167058,0.156434442488009,0.));
#10343=DIRECTION('center_axis',(0.156434465040027,0.98768834059517,0.));
#10344=DIRECTION('ref_axis',(-0.98768834059517,0.156434465040027,0.));
#10345=DIRECTION('center_axis',(-0.707106781186548,0.707106781186548,0.));
#10346=DIRECTION('ref_axis',(-0.707106781186548,-0.707106781186548,0.));
#10347=DIRECTION('',(-0.707106781186548,-0.707106781186548,0.));
#10348=DIRECTION('center_axis',(0.,0.,-1.));
#10349=DIRECTION('ref_axis',(0.,-1.,0.));
#10350=DIRECTION('',(-0.891006520402288,0.453990507170147,0.));
#10351=DIRECTION('center_axis',(0.453990499740055,0.891006524188109,0.));
#10352=DIRECTION('ref_axis',(-0.891006524188109,0.453990499740055,0.));
#10353=DIRECTION('center_axis',(0.,0.,-1.));
#10354=DIRECTION('ref_axis',(-1.,0.,0.));
#10355=DIRECTION('center_axis',(0.,0.,-1.));
#10356=DIRECTION('ref_axis',(1.,0.,0.));
#10357=DIRECTION('center_axis',(0.,0.,1.));
#10358=DIRECTION('ref_axis',(-1.,-9.44870659255453E-16,0.));
#10359=DIRECTION('center_axis',(0.,0.,-1.));
#10360=DIRECTION('ref_axis',(1.,1.22464679915E-16,0.));
#10361=DIRECTION('',(0.,0.,1.));
#10362=DIRECTION('center_axis',(3.19148962576714E-10,0.,-1.));
#10363=DIRECTION('ref_axis',(-1.,9.44870659255453E-16,-3.19148962576714E-10));
#10364=DIRECTION('center_axis',(0.,0.,1.));
#10365=DIRECTION('ref_axis',(1.,0.,0.));
#10366=DIRECTION('center_axis',(0.,0.,1.));
#10367=DIRECTION('ref_axis',(-1.,0.,0.));
#10368=DIRECTION('center_axis',(0.,0.,-1.));
#10369=DIRECTION('ref_axis',(1.,1.22464679915E-16,0.));
#10370=DIRECTION('',(0.,0.,1.));
#10371=DIRECTION('center_axis',(1.76001175506341E-10,-1.75999031253954E-10,
-1.));
#10372=DIRECTION('ref_axis',(1.,-8.88178419700126E-16,1.76001435647777E-10));
#10373=DIRECTION('center_axis',(0.,0.,-1.));
#10374=DIRECTION('ref_axis',(-1.22464679915E-16,1.,0.));
#10375=DIRECTION('center_axis',(0.,0.,-1.));
#10376=DIRECTION('ref_axis',(1.,0.,0.));
#10377=DIRECTION('',(0.,0.,-1.));
#10378=DIRECTION('center_axis',(0.,0.,-1.));
#10379=DIRECTION('ref_axis',(1.,0.,0.));
#10380=DIRECTION('',(0.,0.,-1.));
#10381=DIRECTION('center_axis',(0.,0.,-1.));
#10382=DIRECTION('ref_axis',(-1.22464679915E-16,1.,0.));
#10383=DIRECTION('center_axis',(0.,0.,-1.));
#10384=DIRECTION('ref_axis',(1.,0.,0.));
#10385=DIRECTION('',(0.,0.,-1.));
#10386=DIRECTION('center_axis',(0.,0.,-1.));
#10387=DIRECTION('ref_axis',(1.,0.,0.));
#10388=DIRECTION('',(0.,0.,-1.));
#10389=DIRECTION('center_axis',(0.,0.,-1.));
#10390=DIRECTION('ref_axis',(-1.22464679915E-16,1.,0.));
#10391=DIRECTION('center_axis',(0.,0.,-1.));
#10392=DIRECTION('ref_axis',(1.,0.,0.));
#10393=DIRECTION('',(0.,0.,-1.));
#10394=DIRECTION('center_axis',(0.,0.,-1.));
#10395=DIRECTION('ref_axis',(1.,0.,0.));
#10396=DIRECTION('',(0.,0.,-1.));
#10397=DIRECTION('center_axis',(0.,0.,-1.));
#10398=DIRECTION('ref_axis',(-1.22464679915E-16,1.,0.));
#10399=DIRECTION('center_axis',(0.,0.,-1.));
#10400=DIRECTION('ref_axis',(1.,0.,0.));
#10401=DIRECTION('',(0.,0.,-1.));
#10402=DIRECTION('center_axis',(0.,0.,-1.));
#10403=DIRECTION('ref_axis',(1.,0.,0.));
#10404=DIRECTION('',(0.,0.,-1.));
#10405=DIRECTION('center_axis',(0.,0.,-1.));
#10406=DIRECTION('ref_axis',(-1.22464679915E-16,1.,0.));
#10407=DIRECTION('center_axis',(0.,0.,-1.));
#10408=DIRECTION('ref_axis',(1.,0.,0.));
#10409=DIRECTION('',(0.,0.,-1.));
#10410=DIRECTION('center_axis',(0.,0.,-1.));
#10411=DIRECTION('ref_axis',(1.,0.,0.));
#10412=DIRECTION('',(0.,0.,-1.));
#10413=DIRECTION('center_axis',(0.,0.,-1.));
#10414=DIRECTION('ref_axis',(-1.22464679915E-16,1.,0.));
#10415=DIRECTION('center_axis',(0.,0.,-1.));
#10416=DIRECTION('ref_axis',(1.,0.,0.));
#10417=DIRECTION('',(0.,0.,-1.));
#10418=DIRECTION('center_axis',(0.,0.,-1.));
#10419=DIRECTION('ref_axis',(1.,0.,0.));
#10420=DIRECTION('',(0.,0.,-1.));
#10421=DIRECTION('center_axis',(0.,0.,-1.));
#10422=DIRECTION('ref_axis',(-1.22464679915E-16,1.,0.));
#10423=DIRECTION('center_axis',(0.,0.,-1.));
#10424=DIRECTION('ref_axis',(1.,0.,0.));
#10425=DIRECTION('',(0.,0.,-1.));
#10426=DIRECTION('center_axis',(0.,0.,-1.));
#10427=DIRECTION('ref_axis',(1.,0.,0.));
#10428=DIRECTION('',(0.,0.,-1.));
#10429=DIRECTION('center_axis',(0.,0.,-1.));
#10430=DIRECTION('ref_axis',(-1.22464679915E-16,1.,0.));
#10431=DIRECTION('center_axis',(0.,0.,-1.));
#10432=DIRECTION('ref_axis',(1.,0.,0.));
#10433=DIRECTION('',(0.,0.,-1.));
#10434=DIRECTION('center_axis',(0.,0.,-1.));
#10435=DIRECTION('ref_axis',(1.,0.,0.));
#10436=DIRECTION('',(0.,0.,-1.));
#10437=DIRECTION('center_axis',(0.,0.,-1.));
#10438=DIRECTION('ref_axis',(-1.22464679915E-16,1.,0.));
#10439=DIRECTION('center_axis',(0.,0.,-1.));
#10440=DIRECTION('ref_axis',(1.,0.,0.));
#10441=DIRECTION('',(0.,0.,-1.));
#10442=DIRECTION('center_axis',(0.,0.,-1.));
#10443=DIRECTION('ref_axis',(1.,0.,0.));
#10444=DIRECTION('',(0.,0.,-1.));
#10445=DIRECTION('center_axis',(0.,0.,-1.));
#10446=DIRECTION('ref_axis',(-1.22464679915E-16,1.,0.));
#10447=DIRECTION('center_axis',(0.,0.,-1.));
#10448=DIRECTION('ref_axis',(1.,0.,0.));
#10449=DIRECTION('',(0.,0.,-1.));
#10450=DIRECTION('center_axis',(0.,0.,-1.));
#10451=DIRECTION('ref_axis',(1.,0.,0.));
#10452=DIRECTION('',(0.,0.,-1.));
#10453=DIRECTION('center_axis',(0.,0.,-1.));
#10454=DIRECTION('ref_axis',(0.,-1.,0.));
#10455=DIRECTION('center_axis',(0.,0.,-1.));
#10456=DIRECTION('ref_axis',(1.,0.,0.));
#10457=DIRECTION('',(0.,0.,-1.));
#10458=DIRECTION('center_axis',(0.,0.,-1.));
#10459=DIRECTION('ref_axis',(1.,0.,0.));
#10460=DIRECTION('',(0.,0.,-1.));
#10461=DIRECTION('center_axis',(0.,0.,-1.));
#10462=DIRECTION('ref_axis',(0.,-1.,0.));
#10463=DIRECTION('center_axis',(0.,0.,-1.));
#10464=DIRECTION('ref_axis',(1.,0.,0.));
#10465=DIRECTION('',(0.,0.,-1.));
#10466=DIRECTION('center_axis',(0.,0.,-1.));
#10467=DIRECTION('ref_axis',(1.,0.,0.));
#10468=DIRECTION('',(0.,0.,-1.));
#10469=DIRECTION('center_axis',(0.,0.,-1.));
#10470=DIRECTION('ref_axis',(0.,-1.,0.));
#10471=DIRECTION('center_axis',(0.,0.,-1.));
#10472=DIRECTION('ref_axis',(1.,0.,0.));
#10473=DIRECTION('',(0.,0.,-1.));
#10474=DIRECTION('center_axis',(0.,0.,-1.));
#10475=DIRECTION('ref_axis',(1.,0.,0.));
#10476=DIRECTION('',(0.,0.,-1.));
#10477=DIRECTION('center_axis',(0.,0.,-1.));
#10478=DIRECTION('ref_axis',(0.,-1.,0.));
#10479=DIRECTION('center_axis',(0.,0.,-1.));
#10480=DIRECTION('ref_axis',(1.,0.,0.));
#10481=DIRECTION('',(0.,0.,-1.));
#10482=DIRECTION('center_axis',(0.,0.,-1.));
#10483=DIRECTION('ref_axis',(1.,0.,0.));
#10484=DIRECTION('',(0.,0.,-1.));
#10485=DIRECTION('center_axis',(0.,0.,-1.));
#10486=DIRECTION('ref_axis',(0.,-1.,0.));
#10487=DIRECTION('center_axis',(0.,0.,-1.));
#10488=DIRECTION('ref_axis',(1.,0.,0.));
#10489=DIRECTION('',(0.,0.,-1.));
#10490=DIRECTION('center_axis',(0.,0.,-1.));
#10491=DIRECTION('ref_axis',(1.,0.,0.));
#10492=DIRECTION('',(0.,0.,-1.));
#10493=DIRECTION('center_axis',(0.,0.,-1.));
#10494=DIRECTION('ref_axis',(0.,-1.,0.));
#10495=DIRECTION('center_axis',(0.,0.,-1.));
#10496=DIRECTION('ref_axis',(1.,0.,0.));
#10497=DIRECTION('',(0.,0.,-1.));
#10498=DIRECTION('center_axis',(0.,0.,-1.));
#10499=DIRECTION('ref_axis',(1.,0.,0.));
#10500=DIRECTION('',(0.,0.,-1.));
#10501=DIRECTION('center_axis',(0.,0.,-1.));
#10502=DIRECTION('ref_axis',(0.,-1.,0.));
#10503=DIRECTION('center_axis',(0.,0.,-1.));
#10504=DIRECTION('ref_axis',(1.,0.,0.));
#10505=DIRECTION('',(0.,0.,-1.));
#10506=DIRECTION('center_axis',(0.,0.,-1.));
#10507=DIRECTION('ref_axis',(1.,0.,0.));
#10508=DIRECTION('',(0.,0.,-1.));
#10509=DIRECTION('center_axis',(0.,0.,-1.));
#10510=DIRECTION('ref_axis',(0.,-1.,0.));
#10511=DIRECTION('center_axis',(0.,0.,-1.));
#10512=DIRECTION('ref_axis',(1.,0.,0.));
#10513=DIRECTION('',(0.,0.,-1.));
#10514=DIRECTION('center_axis',(0.,0.,-1.));
#10515=DIRECTION('ref_axis',(1.,0.,0.));
#10516=DIRECTION('',(0.,0.,-1.));
#10517=DIRECTION('center_axis',(0.,0.,-1.));
#10518=DIRECTION('ref_axis',(0.,-1.,0.));
#10519=DIRECTION('center_axis',(0.,0.,-1.));
#10520=DIRECTION('ref_axis',(1.,0.,0.));
#10521=DIRECTION('',(0.,0.,-1.));
#10522=DIRECTION('center_axis',(0.,0.,-1.));
#10523=DIRECTION('ref_axis',(1.,0.,0.));
#10524=DIRECTION('',(0.,0.,-1.));
#10525=DIRECTION('center_axis',(0.,0.,-1.));
#10526=DIRECTION('ref_axis',(0.,-1.,0.));
#10527=DIRECTION('center_axis',(0.,0.,-1.));
#10528=DIRECTION('ref_axis',(1.,0.,0.));
#10529=DIRECTION('',(0.,0.,-1.));
#10530=DIRECTION('center_axis',(0.,0.,-1.));
#10531=DIRECTION('ref_axis',(1.,0.,0.));
#10532=DIRECTION('',(0.,0.,-1.));
#10533=DIRECTION('center_axis',(0.,0.,1.));
#10534=DIRECTION('ref_axis',(0.,1.,0.));
#10535=DIRECTION('center_axis',(0.,0.,1.));
#10536=DIRECTION('ref_axis',(-1.,0.,0.));
#10537=DIRECTION('',(0.891006524408811,-0.453990499306903,0.));
#10538=DIRECTION('',(0.707106796318047,0.707106766055047,0.));
#10539=DIRECTION('center_axis',(0.,0.,1.));
#10540=DIRECTION('ref_axis',(-1.,0.,0.));
#10541=DIRECTION('',(0.707106796318047,-0.707106766055047,0.));
#10542=DIRECTION('',(0.891006524408811,0.453990499306903,0.));
#10543=DIRECTION('center_axis',(0.,0.,1.));
#10544=DIRECTION('ref_axis',(-1.,0.,0.));
#10545=DIRECTION('',(0.453990499306903,-0.891006524408811,0.));
#10546=DIRECTION('',(0.987688343530834,0.156434446504974,0.));
#10547=DIRECTION('center_axis',(0.,0.,1.));
#10548=DIRECTION('ref_axis',(-1.,0.,0.));
#10549=DIRECTION('',(0.156434476027001,-0.987688338855004,0.));
#10550=DIRECTION('',(0.987688338855004,-0.156434476027001,0.));
#10551=DIRECTION('center_axis',(0.,0.,1.));
#10552=DIRECTION('ref_axis',(-1.,0.,0.));
#10553=DIRECTION('',(-0.156434446504974,-0.987688343530834,0.));
#10554=DIRECTION('',(0.891006524408811,-0.453990499306903,0.));
#10555=DIRECTION('center_axis',(0.,0.,1.));
#10556=DIRECTION('ref_axis',(-1.,0.,0.));
#10557=DIRECTION('',(-0.453990499306903,-0.891006524408811,0.));
#10558=DIRECTION('',(0.707106766055047,-0.707106796318047,0.));
#10559=DIRECTION('center_axis',(0.,0.,1.));
#10560=DIRECTION('ref_axis',(-1.,0.,0.));
#10561=DIRECTION('center_axis',(0.,0.,1.));
#10562=DIRECTION('ref_axis',(-1.,0.,0.));
#10563=DIRECTION('',(-0.707106766055047,-0.707106796318047,0.));
#10564=DIRECTION('',(0.453990499306903,-0.891006524408811,0.));
#10565=DIRECTION('center_axis',(0.,0.,1.));
#10566=DIRECTION('ref_axis',(-1.,0.,0.));
#10567=DIRECTION('',(-0.891006524408811,-0.453990499306903,0.));
#10568=DIRECTION('',(0.156434446504974,-0.987688343530834,0.));
#10569=DIRECTION('center_axis',(0.,0.,1.));
#10570=DIRECTION('ref_axis',(-1.,0.,0.));
#10571=DIRECTION('',(-0.987688338855004,-0.156434476027001,0.));
#10572=DIRECTION('',(-0.156434476027001,-0.987688338855004,0.));
#10573=DIRECTION('center_axis',(0.,0.,1.));
#10574=DIRECTION('ref_axis',(-1.,0.,0.));
#10575=DIRECTION('',(-0.987688343530834,0.156434446504974,0.));
#10576=DIRECTION('',(-0.453990499306903,-0.891006524408811,0.));
#10577=DIRECTION('center_axis',(0.,0.,1.));
#10578=DIRECTION('ref_axis',(-1.,0.,0.));
#10579=DIRECTION('',(-0.891006524408811,0.453990499306903,0.));
#10580=DIRECTION('',(-0.707106796318047,-0.707106766055047,0.));
#10581=DIRECTION('center_axis',(0.,0.,1.));
#10582=DIRECTION('ref_axis',(-1.,0.,0.));
#10583=DIRECTION('',(-0.707106796318047,0.707106766055047,0.));
#10584=DIRECTION('',(-0.891006524408811,-0.453990499306903,0.));
#10585=DIRECTION('center_axis',(0.,0.,1.));
#10586=DIRECTION('ref_axis',(-1.,0.,0.));
#10587=DIRECTION('',(-0.453990499306903,0.891006524408811,0.));
#10588=DIRECTION('',(-0.987688343530834,-0.156434446504974,0.));
#10589=DIRECTION('center_axis',(0.,0.,1.));
#10590=DIRECTION('ref_axis',(-1.,0.,0.));
#10591=DIRECTION('',(-0.156434476027001,0.987688338855004,0.));
#10592=DIRECTION('',(-0.987688338855004,0.156434476027001,0.));
#10593=DIRECTION('center_axis',(0.,0.,1.));
#10594=DIRECTION('ref_axis',(-1.,0.,0.));
#10595=DIRECTION('',(0.156434446504974,0.987688343530834,0.));
#10596=DIRECTION('',(-0.891006524408811,0.453990499306903,0.));
#10597=DIRECTION('center_axis',(0.,0.,1.));
#10598=DIRECTION('ref_axis',(-1.,0.,0.));
#10599=DIRECTION('',(0.453990499306903,0.891006524408811,0.));
#10600=DIRECTION('',(-0.707106766055047,0.707106796318047,0.));
#10601=DIRECTION('center_axis',(0.,0.,1.));
#10602=DIRECTION('ref_axis',(-1.,0.,0.));
#10603=DIRECTION('',(0.707106766055047,0.707106796318047,0.));
#10604=DIRECTION('',(-0.453990499306903,0.891006524408811,0.));
#10605=DIRECTION('center_axis',(0.,0.,1.));
#10606=DIRECTION('ref_axis',(-1.,0.,0.));
#10607=DIRECTION('',(0.891006524408811,0.453990499306903,0.));
#10608=DIRECTION('',(-0.156434446504974,0.987688343530834,0.));
#10609=DIRECTION('center_axis',(0.,0.,1.));
#10610=DIRECTION('ref_axis',(-1.,0.,0.));
#10611=DIRECTION('',(0.987688338855004,0.156434476027001,0.));
#10612=DIRECTION('',(0.156434476027001,0.987688338855004,0.));
#10613=DIRECTION('center_axis',(0.,0.,1.));
#10614=DIRECTION('ref_axis',(-1.,0.,0.));
#10615=DIRECTION('',(0.987688343530834,-0.156434446504974,0.));
#10616=DIRECTION('',(0.453990499306903,0.891006524408811,0.));
#10617=DIRECTION('center_axis',(0.,0.,-1.));
#10618=DIRECTION('ref_axis',(0.,-1.,0.));
#10619=DIRECTION('center_axis',(0.,0.,-1.));
#10620=DIRECTION('ref_axis',(0.,-1.,0.));
#10621=DIRECTION('center_axis',(0.,0.,-1.));
#10622=DIRECTION('ref_axis',(1.,0.,0.));
#10623=DIRECTION('',(0.,0.,-1.));
#10624=DIRECTION('center_axis',(0.,0.,-1.));
#10625=DIRECTION('ref_axis',(0.,-1.,0.));
#10626=DIRECTION('center_axis',(0.891006524188109,0.453990499740055,0.));
#10627=DIRECTION('ref_axis',(-0.453990499740055,0.891006524188109,0.));
#10628=DIRECTION('',(-1.01234058173342E-9,4.12702464795226E-10,1.));
#10629=DIRECTION('',(-0.453990499740055,0.891006524188109,0.));
#10630=DIRECTION('center_axis',(0.,0.,-1.));
#10631=DIRECTION('ref_axis',(0.,-1.,0.));
#10632=DIRECTION('center_axis',(0.,0.,-1.));
#10633=DIRECTION('ref_axis',(1.,0.,0.));
#10634=DIRECTION('',(-0.987688344167058,-0.156434442488009,0.));
#10635=DIRECTION('center_axis',(-0.156434465040027,0.98768834059517,0.));
#10636=DIRECTION('ref_axis',(-0.98768834059517,-0.156434465040027,0.));
#10637=DIRECTION('',(0.,0.,1.));
#10638=DIRECTION('center_axis',(0.707106781186548,0.707106781186548,0.));
#10639=DIRECTION('ref_axis',(-0.707106781186548,0.707106781186548,0.));
#10640=DIRECTION('',(-7.60724816473E-11,7.60707052905E-11,1.));
#10641=DIRECTION('',(-0.707106781186548,0.707106781186548,0.));
#10642=DIRECTION('center_axis',(0.,0.,-1.));
#10643=DIRECTION('ref_axis',(0.,-1.,0.));
#10644=DIRECTION('center_axis',(0.,0.,-1.));
#10645=DIRECTION('ref_axis',(1.,0.,0.));
#10646=DIRECTION('',(-0.891006520402288,-0.453990507170147,0.));
#10647=DIRECTION('center_axis',(-0.453990499740055,0.891006524188109,0.));
#10648=DIRECTION('ref_axis',(-0.891006524188109,-0.453990499740055,0.));
#10649=DIRECTION('',(2.533336503537E-10,1.33333344365383E-10,1.));
#10650=DIRECTION('center_axis',(0.453990499740055,0.891006524188109,0.));
#10651=DIRECTION('ref_axis',(-0.891006524188109,0.453990499740055,0.));
#10652=DIRECTION('',(-5.73333232741409E-10,2.93334245782262E-10,1.));
#10653=DIRECTION('',(-0.891006524188109,0.453990499740055,0.));
#10654=DIRECTION('center_axis',(0.,0.,-1.));
#10655=DIRECTION('ref_axis',(0.,-1.,0.));
#10656=DIRECTION('center_axis',(0.,0.,-1.));
#10657=DIRECTION('ref_axis',(1.,0.,0.));
#10658=DIRECTION('',(-0.707106805201047,-0.707106757172047,0.));
#10659=DIRECTION('center_axis',(-0.707106781186548,0.707106781186548,0.));
#10660=DIRECTION('ref_axis',(-0.707106781186548,-0.707106781186548,0.));
#10661=DIRECTION('',(0.,0.,1.));
#10662=DIRECTION('center_axis',(0.156434465040027,0.98768834059517,0.));
#10663=DIRECTION('ref_axis',(-0.98768834059517,0.156434465040027,0.));
#10664=DIRECTION('',(5.59999824290002E-10,-7.99997105597564E-11,1.));
#10665=DIRECTION('',(-0.98768834059517,0.156434465040027,0.));
#10666=DIRECTION('center_axis',(0.,0.,-1.));
#10667=DIRECTION('ref_axis',(0.,-1.,0.));
#10668=DIRECTION('center_axis',(0.,0.,-1.));
#10669=DIRECTION('ref_axis',(1.,0.,0.));
#10670=DIRECTION('',(-0.453990526598122,-0.89100651050324,0.));
#10671=DIRECTION('center_axis',(-0.891006524188109,0.453990499740055,0.));
#10672=DIRECTION('ref_axis',(-0.453990499740055,-0.891006524188109,0.));
#10673=DIRECTION('',(1.41812302641616E-9,5.78128656059106E-10,1.));
#10674=DIRECTION('center_axis',(-0.156434465040027,0.98768834059517,0.));
#10675=DIRECTION('ref_axis',(-0.98768834059517,-0.156434465040027,0.));
#10676=DIRECTION('',(0.,0.,1.));
#10677=DIRECTION('',(-0.98768834059517,-0.156434465040027,0.));
#10678=DIRECTION('center_axis',(0.,0.,-1.));
#10679=DIRECTION('ref_axis',(0.,-1.,0.));
#10680=DIRECTION('center_axis',(0.,0.,-1.));
#10681=DIRECTION('ref_axis',(1.,0.,0.));
#10682=DIRECTION('',(-0.156434489341042,-0.987688336746267,0.));
#10683=DIRECTION('center_axis',(-0.98768834059517,0.156434465040027,0.));
#10684=DIRECTION('ref_axis',(-0.156434465040027,-0.98768834059517,0.));
#10685=DIRECTION('',(6.12626246028942E-10,5.17331362933267E-10,1.));
#10686=DIRECTION('center_axis',(-0.453990499740055,0.891006524188109,0.));
#10687=DIRECTION('ref_axis',(-0.891006524188109,-0.453990499740055,0.));
#10688=DIRECTION('',(3.09268166631682E-10,7.58618353321101E-10,1.));
#10689=DIRECTION('',(-0.891006524188109,-0.453990499740055,0.));
#10690=DIRECTION('center_axis',(0.,0.,-1.));
#10691=DIRECTION('ref_axis',(0.,-1.,0.));
#10692=DIRECTION('center_axis',(0.,0.,-1.));
#10693=DIRECTION('ref_axis',(1.,0.,0.));
#10694=DIRECTION('',(0.156434442488009,-0.987688344167058,0.));
#10695=DIRECTION('center_axis',(-0.98768834059517,-0.156434465040027,0.));
#10696=DIRECTION('ref_axis',(0.156434465040027,-0.98768834059517,0.));
#10697=DIRECTION('',(0.,0.,1.));
#10698=DIRECTION('center_axis',(-0.707106781186548,0.707106781186548,0.));
#10699=DIRECTION('ref_axis',(-0.707106781186548,-0.707106781186548,0.));
#10700=DIRECTION('',(-5.09573864585869E-11,-6.9735032563282E-10,1.));
#10701=DIRECTION('',(-0.707106781186548,-0.707106781186548,0.));
#10702=DIRECTION('center_axis',(0.,0.,-1.));
#10703=DIRECTION('ref_axis',(0.,-1.,0.));
#10704=DIRECTION('center_axis',(0.,0.,-1.));
#10705=DIRECTION('ref_axis',(1.,0.,0.));
#10706=DIRECTION('',(0.453990507170147,-0.891006520402288,0.));
#10707=DIRECTION('center_axis',(-0.891006524188109,-0.453990499740055,0.));
#10708=DIRECTION('ref_axis',(0.453990499740055,-0.891006524188109,0.));
#10709=DIRECTION('',(0.,0.,1.));
#10710=DIRECTION('center_axis',(-0.891006524188109,0.453990499740055,0.));
#10711=DIRECTION('ref_axis',(-0.453990499740055,-0.891006524188109,0.));
#10712=DIRECTION('',(0.,0.,1.));
#10713=DIRECTION('',(-0.453990499740055,-0.891006524188109,0.));
#10714=DIRECTION('center_axis',(0.,0.,-1.));
#10715=DIRECTION('ref_axis',(0.,-1.,0.));
#10716=DIRECTION('center_axis',(0.,0.,-1.));
#10717=DIRECTION('ref_axis',(1.,0.,0.));
#10718=DIRECTION('',(0.707106757172047,-0.707106805201047,0.));
#10719=DIRECTION('center_axis',(-0.707106781186548,-0.707106781186548,0.));
#10720=DIRECTION('ref_axis',(0.707106781186548,-0.707106781186548,0.));
#10721=DIRECTION('',(-4.99889019067723E-11,6.84089821826697E-10,1.));
#10722=DIRECTION('center_axis',(-0.98768834059517,0.156434465040027,0.));
#10723=DIRECTION('ref_axis',(-0.156434465040027,-0.98768834059517,0.));
#10724=DIRECTION('',(-1.33333344365383E-10,-8.53332219700556E-10,1.));
#10725=DIRECTION('',(-0.156434465040027,-0.98768834059517,0.));
#10726=DIRECTION('center_axis',(0.,0.,-1.));
#10727=DIRECTION('ref_axis',(0.,-1.,0.));
#10728=DIRECTION('center_axis',(0.,0.,-1.));
#10729=DIRECTION('ref_axis',(1.,0.,0.));
#10730=DIRECTION('',(0.89100651050324,-0.453990526598122,0.));
#10731=DIRECTION('center_axis',(-0.453990499740055,-0.891006524188109,0.));
#10732=DIRECTION('ref_axis',(0.891006524188109,-0.453990499740055,0.));
#10733=DIRECTION('',(0.,0.,1.));
#10734=DIRECTION('center_axis',(-0.98768834059517,-0.156434465040027,0.));
#10735=DIRECTION('ref_axis',(0.156434465040027,-0.98768834059517,0.));
#10736=DIRECTION('',(6.12626246028942E-10,-5.17331362933267E-10,1.));
#10737=DIRECTION('',(0.156434465040027,-0.98768834059517,0.));
#10738=DIRECTION('center_axis',(0.,0.,-1.));
#10739=DIRECTION('ref_axis',(0.,-1.,0.));
#10740=DIRECTION('center_axis',(0.,0.,-1.));
#10741=DIRECTION('ref_axis',(1.,0.,0.));
#10742=DIRECTION('',(0.987688336746267,-0.156434489341042,0.));
#10743=DIRECTION('center_axis',(-0.156434465040027,-0.98768834059517,0.));
#10744=DIRECTION('ref_axis',(0.98768834059517,-0.156434465040027,0.));
#10745=DIRECTION('',(0.,0.,1.));
#10746=DIRECTION('center_axis',(-0.891006524188109,-0.453990499740055,0.));
#10747=DIRECTION('ref_axis',(0.453990499740055,-0.891006524188109,0.));
#10748=DIRECTION('',(1.41812265634182E-9,-5.78128656059106E-10,1.));
#10749=DIRECTION('',(0.453990499740055,-0.891006524188109,0.));
#10750=DIRECTION('center_axis',(0.,0.,-1.));
#10751=DIRECTION('ref_axis',(0.,-1.,0.));
#10752=DIRECTION('center_axis',(0.,0.,-1.));
#10753=DIRECTION('ref_axis',(1.,0.,0.));
#10754=DIRECTION('',(0.987688344167058,0.156434442488009,0.));
#10755=DIRECTION('center_axis',(0.156434465040027,-0.98768834059517,0.));
#10756=DIRECTION('ref_axis',(0.98768834059517,0.156434465040027,0.));
#10757=DIRECTION('',(5.73333232741409E-10,9.33342292341876E-11,1.));
#10758=DIRECTION('center_axis',(-0.707106781186548,-0.707106781186548,0.));
#10759=DIRECTION('ref_axis',(0.707106781186548,-0.707106781186548,0.));
#10760=DIRECTION('',(5.33336338056263E-11,-5.33336338056263E-11,1.));
#10761=DIRECTION('',(0.707106781186548,-0.707106781186548,0.));
#10762=DIRECTION('center_axis',(0.,0.,-1.));
#10763=DIRECTION('ref_axis',(0.,-1.,0.));
#10764=DIRECTION('center_axis',(0.,0.,-1.));
#10765=DIRECTION('ref_axis',(1.,0.,0.));
#10766=DIRECTION('',(0.891006520402288,0.453990507170147,0.));
#10767=DIRECTION('center_axis',(0.453990499740055,-0.891006524188109,0.));
#10768=DIRECTION('ref_axis',(0.891006524188109,0.453990499740055,0.));
#10769=DIRECTION('',(-5.60000194364344E-10,-2.93334245782262E-10,1.));
#10770=DIRECTION('center_axis',(-0.453990499740055,-0.891006524188109,0.));
#10771=DIRECTION('ref_axis',(0.891006524188109,-0.453990499740055,0.));
#10772=DIRECTION('',(2.39999871827952E-10,-1.33333344365383E-10,1.));
#10773=DIRECTION('',(0.891006524188109,-0.453990499740055,0.));
#10774=DIRECTION('center_axis',(0.,0.,-1.));
#10775=DIRECTION('ref_axis',(0.,-1.,0.));
#10776=DIRECTION('center_axis',(0.,0.,-1.));
#10777=DIRECTION('ref_axis',(1.,0.,0.));
#10778=DIRECTION('',(0.707106805201047,0.707106757172047,0.));
#10779=DIRECTION('center_axis',(0.707106781186548,-0.707106781186548,0.));
#10780=DIRECTION('ref_axis',(0.707106781186548,0.707106781186548,0.));
#10781=DIRECTION('',(0.,0.,1.));
#10782=DIRECTION('center_axis',(-0.156434465040027,-0.98768834059517,0.));
#10783=DIRECTION('ref_axis',(0.98768834059517,-0.156434465040027,0.));
#10784=DIRECTION('',(0.,0.,1.));
#10785=DIRECTION('',(0.98768834059517,-0.156434465040027,0.));
#10786=DIRECTION('center_axis',(0.,0.,-1.));
#10787=DIRECTION('ref_axis',(0.,-1.,0.));
#10788=DIRECTION('center_axis',(0.,0.,-1.));
#10789=DIRECTION('ref_axis',(1.,0.,0.));
#10790=DIRECTION('',(0.453990526598122,0.89100651050324,0.));
#10791=DIRECTION('center_axis',(0.891006524188109,-0.453990499740055,0.));
#10792=DIRECTION('ref_axis',(0.453990499740055,0.891006524188109,0.));
#10793=DIRECTION('',(-1.01234058173342E-9,-4.12702464795226E-10,1.));
#10794=DIRECTION('center_axis',(0.156434465040027,-0.98768834059517,0.));
#10795=DIRECTION('ref_axis',(0.98768834059517,0.156434465040027,0.));
#10796=DIRECTION('',(0.,0.,1.));
#10797=DIRECTION('',(0.98768834059517,0.156434465040027,0.));
#10798=DIRECTION('center_axis',(0.,0.,-1.));
#10799=DIRECTION('ref_axis',(0.,-1.,0.));
#10800=DIRECTION('center_axis',(0.,0.,-1.));
#10801=DIRECTION('ref_axis',(1.,0.,0.));
#10802=DIRECTION('',(0.156434489341042,0.987688336746267,0.));
#10803=DIRECTION('center_axis',(0.98768834059517,-0.156434465040027,0.));
#10804=DIRECTION('ref_axis',(0.156434465040027,0.98768834059517,0.));
#10805=DIRECTION('',(-5.71980240948732E-10,-4.83007707903956E-10,1.));
#10806=DIRECTION('center_axis',(0.453990499740055,-0.891006524188109,0.));
#10807=DIRECTION('ref_axis',(0.891006524188109,0.453990499740055,0.));
#10808=DIRECTION('',(2.9424462889785E-10,7.21769311562525E-10,-1.));
#10809=DIRECTION('',(0.891006524188109,0.453990499740055,0.));
#10810=DIRECTION('center_axis',(0.,0.,-1.));
#10811=DIRECTION('ref_axis',(0.,-1.,0.));
#10812=DIRECTION('center_axis',(0.,0.,-1.));
#10813=DIRECTION('ref_axis',(1.,0.,0.));
#10814=DIRECTION('',(-0.156434442488009,0.987688344167058,0.));
#10815=DIRECTION('center_axis',(0.98768834059517,0.156434465040027,0.));
#10816=DIRECTION('ref_axis',(-0.156434465040027,0.98768834059517,0.));
#10817=DIRECTION('',(0.,0.,1.));
#10818=DIRECTION('center_axis',(0.707106781186548,-0.707106781186548,0.));
#10819=DIRECTION('ref_axis',(0.707106781186548,0.707106781186548,0.));
#10820=DIRECTION('',(-4.26666849998961E-10,-4.26664629552912E-10,1.));
#10821=DIRECTION('',(0.707106781186548,0.707106781186548,0.));
#10822=DIRECTION('center_axis',(0.,0.,-1.));
#10823=DIRECTION('ref_axis',(0.,-1.,0.));
#10824=DIRECTION('center_axis',(0.,0.,-1.));
#10825=DIRECTION('ref_axis',(1.,0.,0.));
#10826=DIRECTION('',(-0.453990507170147,0.891006520402288,0.));
#10827=DIRECTION('center_axis',(0.,0.,-1.));
#10828=DIRECTION('ref_axis',(1.,1.22464679915E-16,0.));
#10829=DIRECTION('',(0.,0.,1.));
#10830=DIRECTION('center_axis',(0.,0.,-1.));
#10831=DIRECTION('ref_axis',(1.,0.,0.));
#10832=DIRECTION('',(0.,0.,1.));
#10833=DIRECTION('',(2.94245368811137E-10,-7.21769310985109E-10,1.));
#10834=DIRECTION('center_axis',(0.,0.,-1.));
#10835=DIRECTION('ref_axis',(1.,0.,0.));
#10836=DIRECTION('',(1.33333344365383E-10,7.73333989438166E-10,1.));
#10837=DIRECTION('',(0.,0.,-1.));
#10838=DIRECTION('center_axis',(0.,0.,-1.));
#10839=DIRECTION('ref_axis',(1.,0.,0.));
#10840=DIRECTION('',(-5.71980981097415E-10,4.83009188201322E-10,1.));
#10841=DIRECTION('',(0.,0.,1.));
#10842=DIRECTION('',(0.,0.,-1.));
#10843=DIRECTION('center_axis',(0.891006524188109,0.453990499740055,0.));
#10844=DIRECTION('ref_axis',(-0.453990499740055,0.891006524188109,0.));
#10845=DIRECTION('center_axis',(0.891006524188109,-0.453990499740055,0.));
#10846=DIRECTION('ref_axis',(0.453990499740055,0.891006524188109,0.));
#10847=DIRECTION('',(0.453990499740055,0.891006524188109,0.));
#10848=DIRECTION('center_axis',(0.,0.,-1.));
#10849=DIRECTION('ref_axis',(0.,-1.,0.));
#10850=DIRECTION('',(-0.707106757172047,0.707106805201047,0.));
#10851=DIRECTION('center_axis',(0.707106781186548,0.707106781186548,0.));
#10852=DIRECTION('ref_axis',(-0.707106781186548,0.707106781186548,0.));
#10853=DIRECTION('center_axis',(0.98768834059517,-0.156434465040027,0.));
#10854=DIRECTION('ref_axis',(0.156434465040027,0.98768834059517,0.));
#10855=DIRECTION('',(0.156434465040027,0.98768834059517,0.));
#10856=DIRECTION('center_axis',(0.,0.,-1.));
#10857=DIRECTION('ref_axis',(0.,-1.,0.));
#10858=DIRECTION('',(-0.89100651050324,0.453990526598122,0.));
#10859=DIRECTION('center_axis',(0.453990499740055,0.891006524188109,0.));
#10860=DIRECTION('ref_axis',(-0.891006524188109,0.453990499740055,0.));
#10861=DIRECTION('center_axis',(0.98768834059517,0.156434465040027,0.));
#10862=DIRECTION('ref_axis',(-0.156434465040027,0.98768834059517,0.));
#10863=DIRECTION('',(-0.156434465040027,0.98768834059517,0.));
#10864=DIRECTION('center_axis',(0.,0.,-1.));
#10865=DIRECTION('ref_axis',(0.,-1.,0.));
#10866=DIRECTION('',(-0.987688336746267,0.156434489341042,0.));
#10867=DIRECTION('center_axis',(0.156434465040027,0.98768834059517,0.));
#10868=DIRECTION('ref_axis',(-0.98768834059517,0.156434465040027,0.));
#10869=DIRECTION('center_axis',(0.,0.,-1.));
#10870=DIRECTION('ref_axis',(0.,-1.,0.));
#10871=DIRECTION('center_axis',(0.,0.,-1.));
#10872=DIRECTION('ref_axis',(1.,0.,0.));
#10873=DIRECTION('center_axis',(4.84146630122385E-15,2.06590873966199E-15,
-1.));
#10874=DIRECTION('ref_axis',(1.,2.53269627492676E-13,5.55111512312715E-15));
#10875=DIRECTION('',(0.,0.,1.));
#10876=DIRECTION('center_axis',(0.,0.,-1.));
#10877=DIRECTION('ref_axis',(1.,0.,0.));
#10878=DIRECTION('center_axis',(0.,0.,-1.));
#10879=DIRECTION('ref_axis',(1.,0.,0.));
#10880=DIRECTION('center_axis',(0.,0.,-1.));
#10881=DIRECTION('ref_axis',(0.,-1.,0.));
#10882=DIRECTION('center_axis',(0.,0.,-1.));
#10883=DIRECTION('ref_axis',(1.,0.,0.));
#10884=DIRECTION('center_axis',(2.31486506491103E-12,1.,2.34565318791136E-12));
#10885=DIRECTION('ref_axis',(0.,-2.34577789290347E-12,1.));
#10886=DIRECTION('center_axis',(-2.31486506491103E-12,-1.,-2.34565318791136E-12));
#10887=DIRECTION('ref_axis',(-7.10775929787945E-28,-2.34565318791136E-12,
1.));
#10888=DIRECTION('center_axis',(-1.,0.,0.));
#10889=DIRECTION('ref_axis',(0.,1.,2.49550380353892E-11));
#10890=DIRECTION('center_axis',(-1.,0.,0.));
#10891=DIRECTION('ref_axis',(0.,1.,2.49550380353892E-11));
#10892=DIRECTION('center_axis',(0.,0.,1.));
#10893=DIRECTION('ref_axis',(-1.22464679915E-16,-1.,0.));
#10894=DIRECTION('center_axis',(0.,0.,1.));
#10895=DIRECTION('ref_axis',(-1.,0.,0.));
#10896=DIRECTION('',(0.,0.,-1.));
#10897=DIRECTION('center_axis',(-1.,0.,0.));
#10898=DIRECTION('ref_axis',(0.,-1.,0.));
#10899=DIRECTION('',(1.,0.,0.));
#10900=DIRECTION('center_axis',(-1.,2.31250435410544E-10,6.93835913468248E-16));
#10901=DIRECTION('ref_axis',(2.31249741521154E-10,1.,0.));
#10902=DIRECTION('center_axis',(0.,0.,-1.));
#10903=DIRECTION('ref_axis',(-1.,0.,0.));
#10904=DIRECTION('center_axis',(0.,0.,1.));
#10905=DIRECTION('ref_axis',(1.,-2.60065236934581E-9,0.));
#10906=DIRECTION('',(0.,-1.,0.));
#10907=DIRECTION('center_axis',(0.,0.,-1.));
#10908=DIRECTION('ref_axis',(1.,0.,0.));
#10909=DIRECTION('',(-1.,0.,0.));
#10910=DIRECTION('center_axis',(0.,0.,-1.));
#10911=DIRECTION('ref_axis',(1.,0.,0.));
#10912=DIRECTION('',(0.,1.,0.));
#10913=DIRECTION('center_axis',(0.,0.,1.));
#10914=DIRECTION('ref_axis',(0.818181814666555,-0.574959579578376,0.));
#10915=DIRECTION('center_axis',(0.,0.,-1.));
#10916=DIRECTION('ref_axis',(1.,0.,0.));
#10917=DIRECTION('',(0.,1.,0.));
#10918=DIRECTION('',(-1.,0.,0.));
#10919=DIRECTION('',(0.,-1.,0.));
#10920=DIRECTION('',(-1.,0.,0.));
#10921=DIRECTION('',(0.,-1.,0.));
#10922=DIRECTION('',(1.,0.,0.));
#10923=DIRECTION('',(0.,-1.,0.));
#10924=DIRECTION('',(1.,0.,0.));
#10925=DIRECTION('',(0.,1.,0.));
#10926=DIRECTION('',(1.,0.,0.));
#10927=DIRECTION('',(0.,1.,0.));
#10928=DIRECTION('',(-1.,0.,0.));
#10929=DIRECTION('center_axis',(-1.,0.,0.));
#10930=DIRECTION('ref_axis',(0.,-1.,0.));
#10931=DIRECTION('',(0.707106781186865,-0.70710678118623,8.65956056235105E-17));
#10932=DIRECTION('center_axis',(-1.,0.,0.));
#10933=DIRECTION('ref_axis',(0.,1.,0.));
#10934=DIRECTION('center_axis',(-1.,0.,0.));
#10935=DIRECTION('ref_axis',(0.,-1.,0.));
#10936=DIRECTION('center_axis',(0.,1.73472347602E-16,-1.));
#10937=DIRECTION('ref_axis',(-1.2246467798E-16,1.,1.73472347602E-16));
#10938=DIRECTION('center_axis',(0.,0.,-1.));
#10939=DIRECTION('ref_axis',(1.,0.,0.));
#10940=DIRECTION('',(1.36806445641629E-24,0.70710678118623,0.707106781186865));
#10941=DIRECTION('center_axis',(0.,0.,-1.));
#10942=DIRECTION('ref_axis',(1.,0.,0.));
#10943=DIRECTION('center_axis',(0.,0.,-1.));
#10944=DIRECTION('ref_axis',(1.,0.,0.));
#10945=DIRECTION('center_axis',(0.,0.,-1.));
#10946=DIRECTION('ref_axis',(0.,-1.,0.));
#10947=DIRECTION('center_axis',(0.,0.,1.));
#10948=DIRECTION('ref_axis',(5.84327907697451E-16,1.,0.));
#10949=DIRECTION('center_axis',(0.,0.,-1.));
#10950=DIRECTION('ref_axis',(-1.22464679915E-16,1.,0.));
#10951=DIRECTION('',(0.,0.,1.));
#10952=DIRECTION('center_axis',(0.,0.,-1.));
#10953=DIRECTION('ref_axis',(1.,0.,0.));
#10954=DIRECTION('',(0.,0.,-1.));
#10955=DIRECTION('center_axis',(0.,0.,-1.));
#10956=DIRECTION('ref_axis',(1.,0.,0.));
#10957=DIRECTION('',(0.,0.,-1.));
#10958=DIRECTION('center_axis',(0.,0.,-1.));
#10959=DIRECTION('ref_axis',(1.,0.,0.));
#10960=DIRECTION('',(0.,0.,-1.));
#10961=DIRECTION('center_axis',(0.,0.,-1.));
#10962=DIRECTION('ref_axis',(1.,0.,0.));
#10963=DIRECTION('',(0.,0.,-1.));
#10964=DIRECTION('center_axis',(-3.02682385511114E-9,1.99464338936686E-10,
-1.));
#10965=DIRECTION('ref_axis',(0.131578947368678,0.991305694833511,-2.00536663298489E-10));
#10966=DIRECTION('',(0.,0.,-1.));
#10967=DIRECTION('center_axis',(0.,0.,-1.));
#10968=DIRECTION('ref_axis',(1.,0.,0.));
#10969=DIRECTION('',(0.,0.,-1.));
#10970=DIRECTION('center_axis',(0.,0.,-1.));
#10971=DIRECTION('ref_axis',(1.,0.,0.));
#10972=DIRECTION('',(0.,0.,-1.));
#10973=DIRECTION('center_axis',(0.,0.,-1.));
#10974=DIRECTION('ref_axis',(1.,0.,0.));
#10975=DIRECTION('',(0.,0.,-1.));
#10976=DIRECTION('center_axis',(0.,0.,-1.));
#10977=DIRECTION('ref_axis',(1.,0.,0.));
#10978=DIRECTION('center_axis',(0.,0.,1.));
#10979=DIRECTION('ref_axis',(0.,1.,0.));
#10980=DIRECTION('',(0.,1.,0.));
#10981=DIRECTION('',(1.,0.,0.));
#10982=DIRECTION('',(-1.,0.,0.));
#10983=DIRECTION('',(0.,-1.,0.));
#10984=DIRECTION('',(0.,-1.,0.));
#10985=DIRECTION('',(1.,0.,0.));
#10986=DIRECTION('',(1.,0.,0.));
#10987=DIRECTION('',(0.,-1.,0.));
#10988=DIRECTION('center_axis',(-1.,0.,0.));
#10989=DIRECTION('ref_axis',(0.,-1.,0.));
#10990=DIRECTION('',(0.,0.,-1.));
#10991=DIRECTION('center_axis',(0.,0.,1.));
#10992=DIRECTION('ref_axis',(-1.22464391473E-16,-1.,0.));
#10993=DIRECTION('center_axis',(0.,0.,1.));
#10994=DIRECTION('ref_axis',(-1.,0.,0.));
#10995=DIRECTION('center_axis',(0.,-1.,0.));
#10996=DIRECTION('ref_axis',(1.,0.,0.));
#10997=DIRECTION('center_axis',(0.,-1.,0.));
#10998=DIRECTION('ref_axis',(1.,0.,0.));
#10999=DIRECTION('',(0.,0.,-1.));
#11000=DIRECTION('center_axis',(0.,0.,1.));
#11001=DIRECTION('ref_axis',(-1.22464391473E-16,-1.,0.));
#11002=DIRECTION('center_axis',(0.,0.,1.));
#11003=DIRECTION('ref_axis',(-1.,0.,0.));
#11004=DIRECTION('center_axis',(-1.,0.,0.));
#11005=DIRECTION('ref_axis',(0.,-1.,0.));
#11006=DIRECTION('center_axis',(-1.,0.,0.));
#11007=DIRECTION('ref_axis',(0.,-1.,0.));
#11008=DIRECTION('',(0.,0.,1.));
#11009=DIRECTION('center_axis',(0.,0.,1.));
#11010=DIRECTION('ref_axis',(0.,1.,0.));
#11011=DIRECTION('center_axis',(0.,0.,1.));
#11012=DIRECTION('ref_axis',(-1.,0.,0.));
#11013=DIRECTION('center_axis',(0.,-1.,0.));
#11014=DIRECTION('ref_axis',(1.,0.,0.));
#11015=DIRECTION('center_axis',(0.,-1.,0.));
#11016=DIRECTION('ref_axis',(1.,0.,0.));
#11017=DIRECTION('',(0.,0.,1.));
#11018=DIRECTION('center_axis',(0.,0.,1.));
#11019=DIRECTION('ref_axis',(0.,1.,0.));
#11020=DIRECTION('center_axis',(0.,0.,1.));
#11021=DIRECTION('ref_axis',(-1.,0.,0.));
#11022=DIRECTION('center_axis',(-1.,0.,0.));
#11023=DIRECTION('ref_axis',(0.,-1.,0.));
#11024=DIRECTION('center_axis',(0.,0.,-1.));
#11025=DIRECTION('ref_axis',(-1.,0.,0.));
#11026=DIRECTION('center_axis',(0.,0.,1.));
#11027=DIRECTION('ref_axis',(0.818181814666544,-0.574959579578392,0.));
#11028=DIRECTION('center_axis',(0.,0.,-1.));
#11029=DIRECTION('ref_axis',(1.,0.,0.));
#11030=DIRECTION('center_axis',(0.,0.,1.));
#11031=DIRECTION('ref_axis',(1.,-2.60066634020616E-9,0.));
#11032=DIRECTION('',(0.,-1.,0.));
#11033=DIRECTION('center_axis',(0.,0.,1.));
#11034=DIRECTION('ref_axis',(-0.818181818213311,0.574959574531254,0.));
#11035=DIRECTION('center_axis',(0.,0.,-1.));
#11036=DIRECTION('ref_axis',(1.,0.,0.));
#11037=DIRECTION('center_axis',(0.,0.,1.));
#11038=DIRECTION('ref_axis',(-1.,2.60065702629926E-9,0.));
#11039=DIRECTION('',(0.,1.,0.));
#11040=DIRECTION('center_axis',(0.,0.,1.));
#11041=DIRECTION('ref_axis',(0.527261869277755,0.849702842884339,0.));
#11042=DIRECTION('',(0.,1.,0.));
#11043=DIRECTION('',(-1.,0.,0.));
#11044=DIRECTION('',(0.,-1.,0.));
#11045=DIRECTION('',(1.,0.,0.));
#11046=DIRECTION('center_axis',(0.,0.,-1.));
#11047=DIRECTION('ref_axis',(1.,1.22464679915E-16,0.));
#11048=DIRECTION('center_axis',(0.,0.,-1.));
#11049=DIRECTION('ref_axis',(1.,0.,0.));
#11050=DIRECTION('',(0.,0.,-1.));
#11051=DIRECTION('',(0.,0.,-1.));
#11052=DIRECTION('center_axis',(0.,0.,-1.));
#11053=DIRECTION('ref_axis',(-1.,0.,0.));
#11054=DIRECTION('',(0.,0.,-1.));
#11055=DIRECTION('center_axis',(0.,0.,-1.));
#11056=DIRECTION('ref_axis',(1.,0.,0.));
#11057=DIRECTION('center_axis',(0.,0.,-1.));
#11058=DIRECTION('ref_axis',(1.,1.22464679915E-16,0.));
#11059=DIRECTION('center_axis',(-1.5520109169059E-9,-4.90781921171717E-10,
-1.));
#11060=DIRECTION('ref_axis',(-0.818181837777367,-0.574959546691113,1.55200424844417E-9));
#11061=DIRECTION('',(0.,0.,-1.));
#11062=DIRECTION('center_axis',(1.,0.,0.));
#11063=DIRECTION('ref_axis',(0.,0.,-1.));
#11064=DIRECTION('',(0.,-1.,0.));
#11065=DIRECTION('',(0.,0.,1.));
#11066=DIRECTION('',(0.,-1.,0.));
#11067=DIRECTION('',(0.,0.,1.));
#11068=DIRECTION('',(0.,-1.,0.));
#11069=DIRECTION('',(0.,0.,1.));
#11070=DIRECTION('',(0.,1.,0.));
#11071=DIRECTION('',(0.,0.,-1.));
#11072=DIRECTION('',(0.,0.,-1.));
#11073=DIRECTION('center_axis',(0.,0.,-1.));
#11074=DIRECTION('ref_axis',(0.301511344791614,0.953462589177967,0.));
#11075=DIRECTION('center_axis',(0.,0.,-1.));
#11076=DIRECTION('ref_axis',(1.,0.,0.));
#11077=DIRECTION('',(0.,0.,-1.));
#11078=DIRECTION('center_axis',(0.,0.,-1.));
#11079=DIRECTION('ref_axis',(1.,1.22464679915E-16,0.));
#11080=DIRECTION('',(0.,0.,-1.));
#11081=DIRECTION('center_axis',(0.,0.,-1.));
#11082=DIRECTION('ref_axis',(1.,0.,0.));
#11083=DIRECTION('center_axis',(0.,0.,-1.));
#11084=DIRECTION('ref_axis',(-1.,0.,0.));
#11085=DIRECTION('center_axis',(0.,0.,-1.));
#11086=DIRECTION('ref_axis',(1.,0.,0.));
#11087=DIRECTION('',(0.,0.,-1.));
#11088=DIRECTION('center_axis',(-1.,0.,0.));
#11089=DIRECTION('ref_axis',(0.,0.,1.));
#11090=DIRECTION('',(0.,1.,0.));
#11091=DIRECTION('',(0.,0.,1.));
#11092=DIRECTION('',(0.,1.,0.));
#11093=DIRECTION('',(0.,1.,0.));
#11094=DIRECTION('',(0.,0.,1.));
#11095=DIRECTION('',(0.,0.,1.));
#11096=DIRECTION('',(0.,-1.,0.));
#11097=DIRECTION('',(0.,0.,-1.));
#11098=DIRECTION('center_axis',(0.,-1.,0.));
#11099=DIRECTION('ref_axis',(0.,0.,-1.));
#11100=DIRECTION('',(-1.,0.,0.));
#11101=DIRECTION('',(0.,0.,-1.));
#11102=DIRECTION('',(0.,0.,-1.));
#11103=DIRECTION('center_axis',(1.,0.,0.));
#11104=DIRECTION('ref_axis',(0.,0.,-1.));
#11105=DIRECTION('',(0.,-1.,0.));
#11106=DIRECTION('',(0.,0.,1.));
#11107=DIRECTION('center_axis',(0.,1.,0.));
#11108=DIRECTION('ref_axis',(0.,0.,1.));
#11109=DIRECTION('',(1.,0.,0.));
#11110=DIRECTION('',(0.,0.,-1.));
#11111=DIRECTION('center_axis',(-1.,0.,0.));
#11112=DIRECTION('ref_axis',(0.,0.,1.));
#11113=DIRECTION('',(0.,1.,0.));
#11114=DIRECTION('center_axis',(0.,0.,-1.));
#11115=DIRECTION('ref_axis',(-1.,0.,0.));
#11116=DIRECTION('',(1.,0.,0.));
#11117=DIRECTION('',(1.,0.,0.));
#11118=DIRECTION('',(0.,1.,0.));
#11119=DIRECTION('',(-0.608931006172192,0.793223190358251,0.));
#11120=DIRECTION('',(-0.324198529750964,0.945989066166895,0.));
#11121=DIRECTION('',(0.,1.,0.));
#11122=DIRECTION('',(0.415610686417931,0.909542608861848,0.));
#11123=DIRECTION('',(0.716843703158789,0.697233895648795,0.));
#11124=DIRECTION('',(0.959967317456031,0.280112030117009,0.));
#11125=DIRECTION('',(1.,0.,0.));
#11126=DIRECTION('',(0.959967327076422,-0.280111997147123,0.));
#11127=DIRECTION('',(0.716843703158789,-0.697233895648795,0.));
#11128=DIRECTION('',(0.415610576631978,-0.909542659027951,0.));
#11129=DIRECTION('',(1.,0.,0.));
#11130=DIRECTION('',(-0.168892591781968,0.985634461877815,0.));
#11131=DIRECTION('',(-0.565361397797097,0.824843312321142,0.));
#11132=DIRECTION('',(-0.807885772507884,0.589339103215915,0.));
#11133=DIRECTION('',(-0.978962737863818,0.204039108687962,0.));
#11134=DIRECTION('',(-1.,0.,0.));
#11135=DIRECTION('',(-0.971685939899406,-0.236276182045099,0.));
#11136=DIRECTION('',(-0.807885716509849,-0.589339179979889,0.));
#11137=DIRECTION('',(-0.565361597386249,-0.824843175519364,0.));
#11138=DIRECTION('',(-0.168892434609008,-0.985634488810047,0.));
#11139=DIRECTION('',(0.,-1.,0.));
#11140=DIRECTION('',(0.168892434609008,-0.985634488810047,0.));
#11141=DIRECTION('',(0.41561069895993,-0.909542603130848,0.));
#11142=DIRECTION('',(0.61448355200778,-0.788929632040718,0.));
#11143=DIRECTION('',(-1.,0.,0.));
#11144=DIRECTION('',(0.,-1.,0.));
#11145=DIRECTION('',(-1.,0.,0.));
#11146=DIRECTION('',(0.,-1.,0.));
#11147=DIRECTION('',(1.,0.,0.));
#11148=DIRECTION('',(0.,1.,0.));
#11149=DIRECTION('',(0.642871141358923,-0.765974343961908,0.));
#11150=DIRECTION('',(0.,1.,0.));
#11151=DIRECTION('',(-0.642871294667315,0.765974215292375,0.));
#11152=DIRECTION('',(0.242535625036098,0.970142500145391,0.));
#11153=DIRECTION('',(0.0905357309897128,0.995893207836141,0.));
#11154=DIRECTION('',(-0.894427190999916,-0.447213595499958,0.));
#11155=DIRECTION('',(0.,-1.,0.));
#11156=DIRECTION('',(0.707106781186548,-0.707106781186548,0.));
#11157=DIRECTION('',(0.447213595499958,-0.894427190999916,0.));
#11158=DIRECTION('',(-0.447213513033156,-0.894427232233312,0.));
#11159=DIRECTION('',(-0.581238193718907,-0.81373347120687,0.));
#11160=DIRECTION('',(-0.707106710064044,-0.707106852309044,0.));
#11161=DIRECTION('',(-0.948683298050514,-0.316227766016838,0.));
#11162=DIRECTION('',(-0.447213595499958,-0.894427190999916,0.));
#11163=DIRECTION('',(0.948683250339803,-0.316227909148934,0.));
#11164=DIRECTION('',(0.894427190999916,-0.447213595499958,0.));
#11165=DIRECTION('',(0.707106781186548,-0.707106781186548,0.));
#11166=DIRECTION('',(0.707106761430047,0.707106800943047,0.));
#11167=DIRECTION('',(0.529998892084977,0.847998333953963,0.));
#11168=DIRECTION('',(-0.371390676354104,0.928476690885259,0.));
#11169=DIRECTION('',(-0.19611606559203,0.980580689600149,0.));
#11170=DIRECTION('',(-0.894427190999916,-0.447213595499958,0.));
#11171=DIRECTION('',(0.,-1.,0.));
#11172=DIRECTION('',(0.447213595499958,-0.894427190999916,0.));
#11173=DIRECTION('',(0.581238138417109,-0.813733510708152,0.));
#11174=DIRECTION('',(0.759256621617743,-0.65079135099478,0.));
#11175=DIRECTION('',(0.857492928249044,-0.514495751200027,0.));
#11176=DIRECTION('',(0.,1.,0.));
#11177=DIRECTION('',(-0.707106772719547,0.707106789653547,0.));
#11178=DIRECTION('',(-0.485642964357811,0.87415725768866,0.));
#11179=DIRECTION('',(-0.242535625036098,0.970142500145391,0.));
#11180=DIRECTION('',(-1.,0.,0.));
#11181=DIRECTION('',(-0.316227766016838,-0.948683298050514,0.));
#11182=DIRECTION('',(-1.,0.,0.));
#11183=DIRECTION('',(0.447213595499958,0.894427190999916,0.));
#11184=DIRECTION('',(0.242535625036098,0.970142500145391,0.));
#11185=DIRECTION('',(0.447213595499958,0.894427190999916,0.));
#11186=DIRECTION('',(0.,1.,0.));
#11187=DIRECTION('',(-1.,0.,0.));
#11188=DIRECTION('',(-0.94868332720711,-0.316227678547037,0.));
#11189=DIRECTION('',(-0.707106781186548,-0.707106781186548,0.));
#11190=DIRECTION('',(0.,-1.,0.));
#11191=DIRECTION('',(0.707106781186548,-0.707106781186548,0.));
#11192=DIRECTION('',(-1.,0.,0.));
#11193=DIRECTION('',(-0.447213595499958,0.894427190999916,0.));
#11194=DIRECTION('',(-0.707106781186548,-0.707106781186548,0.));
#11195=DIRECTION('',(0.707106781186548,-0.707106781186548,0.));
#11196=DIRECTION('',(1.,0.,0.));
#11197=DIRECTION('',(0.948683298050514,-0.316227766016838,0.));
#11198=DIRECTION('',(0.780868809443225,-0.62469504755418,0.));
#11199=DIRECTION('',(0.707106781186548,0.707106781186548,0.));
#11200=DIRECTION('',(-0.447213595499958,0.894427190999916,0.));
#11201=DIRECTION('',(1.,0.,0.));
#11202=DIRECTION('',(-0.196116135137992,-0.980580675690959,0.));
#11203=DIRECTION('',(0.447213595499958,-0.894427190999916,0.));
#11204=DIRECTION('',(0.707106781186548,-0.707106781186548,0.));
#11205=DIRECTION('',(1.,0.,0.));
#11206=DIRECTION('',(0.707106840455545,0.707106721917545,0.));
#11207=DIRECTION('',(0.,1.,0.));
#11208=DIRECTION('',(-0.70710693923703,0.70710662313603,0.));
#11209=DIRECTION('',(-0.316227766016838,0.948683298050514,0.));
#11210=DIRECTION('',(-1.,0.,0.));
#11211=DIRECTION('',(0.,1.,0.));
#11212=DIRECTION('',(1.,0.,0.));
#11213=DIRECTION('',(0.,1.,0.));
#11214=DIRECTION('',(-1.,0.,0.));
#11215=DIRECTION('',(0.,-1.,0.));
#11216=DIRECTION('',(1.,0.,0.));
#11217=DIRECTION('',(0.,-1.,0.));
#11218=DIRECTION('center_axis',(0.,0.,-1.));
#11219=DIRECTION('ref_axis',(-1.,0.,0.));
#11220=DIRECTION('center_axis',(0.,0.,-1.));
#11221=DIRECTION('ref_axis',(1.,0.,0.));
#11222=DIRECTION('center_axis',(0.,0.,1.));
#11223=DIRECTION('ref_axis',(-0.818181818179257,0.574959574579713,0.));
#11224=DIRECTION('center_axis',(0.,0.,-1.));
#11225=DIRECTION('ref_axis',(1.,0.,0.));
#11226=DIRECTION('center_axis',(0.,1.,0.));
#11227=DIRECTION('ref_axis',(0.,0.,1.));
#11228=DIRECTION('',(1.,0.,0.));
#11229=DIRECTION('center_axis',(0.,0.,1.));
#11230=DIRECTION('ref_axis',(1.,0.,0.));
#11231=DIRECTION('',(0.,-1.,0.));
#11232=DIRECTION('',(-1.,0.,0.));
#11233=DIRECTION('',(0.,1.,0.));
#11234=DIRECTION('',(1.,0.,0.));
#11235=DIRECTION('',(1.,0.,0.));
#11236=DIRECTION('center_axis',(0.,1.,0.));
#11237=DIRECTION('ref_axis',(0.,0.,1.));
#11238=DIRECTION('',(0.,0.,1.));
#11239=DIRECTION('',(-1.,0.,0.));
#11240=DIRECTION('center_axis',(0.,0.,-1.));
#11241=DIRECTION('ref_axis',(-1.,0.,0.));
#11242=DIRECTION('',(1.,0.,0.));
#11243=DIRECTION('center_axis',(0.,0.,1.));
#11244=DIRECTION('ref_axis',(6.33109107236795E-16,-1.,0.));
#11245=DIRECTION('',(1.,0.,0.));
#11246=DIRECTION('center_axis',(0.,0.,1.));
#11247=DIRECTION('ref_axis',(1.,1.26621821447359E-15,0.));
#11248=DIRECTION('',(0.,1.,0.));
#11249=DIRECTION('',(-1.,0.,0.));
#11250=DIRECTION('',(0.,1.,0.));
#11251=DIRECTION('center_axis',(0.,0.,-1.));
#11252=DIRECTION('ref_axis',(1.,1.22464679915E-16,0.));
#11253=DIRECTION('',(0.,0.,-1.));
#11254=DIRECTION('center_axis',(0.,0.,-1.));
#11255=DIRECTION('ref_axis',(1.,1.22464679915E-16,0.));
#11256=DIRECTION('',(0.,0.,-1.));
#11257=DIRECTION('center_axis',(0.,0.,-1.));
#11258=DIRECTION('ref_axis',(1.,1.22464679915E-16,0.));
#11259=DIRECTION('',(0.,0.,-1.));
#11260=DIRECTION('center_axis',(0.,0.,-1.));
#11261=DIRECTION('ref_axis',(1.,1.22464679915E-16,0.));
#11262=DIRECTION('',(0.,0.,-1.));
#11263=DIRECTION('center_axis',(0.,1.,0.));
#11264=DIRECTION('ref_axis',(0.,0.,1.));
#11265=DIRECTION('',(0.,0.,-1.));
#11266=DIRECTION('center_axis',(0.,0.,-1.));
#11267=DIRECTION('ref_axis',(-1.,0.,0.));
#11268=DIRECTION('center_axis',(0.,0.,-1.));
#11269=DIRECTION('ref_axis',(1.,1.22464679915E-16,0.));
#11270=DIRECTION('center_axis',(-1.43999923096771E-10,-4.44089209850063E-16,
-1.));
#11271=DIRECTION('ref_axis',(-1.,0.,1.43999479007562E-10));
#11272=DIRECTION('',(0.,0.,-1.));
#11273=DIRECTION('center_axis',(0.,0.,-1.));
#11274=DIRECTION('ref_axis',(1.,0.,0.));
#11275=DIRECTION('center_axis',(0.,0.,-1.));
#11276=DIRECTION('ref_axis',(1.,0.,0.));
#11277=DIRECTION('center_axis',(0.,-1.,0.));
#11278=DIRECTION('ref_axis',(0.,0.,-1.));
#11279=DIRECTION('',(0.,0.,-1.));
#11280=DIRECTION('',(0.,0.,-1.));
#11281=DIRECTION('',(1.,0.,0.));
#11282=DIRECTION('center_axis',(1.,0.,0.));
#11283=DIRECTION('ref_axis',(0.,0.,-1.));
#11284=DIRECTION('',(0.,0.,1.));
#11285=DIRECTION('',(0.,1.,0.));
#11286=DIRECTION('center_axis',(0.793223191823067,0.608931004264051,0.));
#11287=DIRECTION('ref_axis',(-0.608931004264051,0.793223191823067,0.));
#11288=DIRECTION('',(0.,0.,-1.));
#11289=DIRECTION('',(-0.608931004264051,0.793223191823067,0.));
#11290=DIRECTION('center_axis',(0.945989066257732,0.324198529485908,0.));
#11291=DIRECTION('ref_axis',(-0.324198529485908,0.945989066257732,0.));
#11292=DIRECTION('',(0.,0.,-1.));
#11293=DIRECTION('',(-0.324198529485908,0.945989066257732,0.));
#11294=DIRECTION('center_axis',(1.,0.,0.));
#11295=DIRECTION('ref_axis',(0.,0.,-1.));
#11296=DIRECTION('',(0.,0.,-1.));
#11297=DIRECTION('',(0.,1.,0.));
#11298=DIRECTION('center_axis',(0.909542607572814,-0.415610689238915,0.));
#11299=DIRECTION('ref_axis',(0.415610689238915,0.909542607572814,0.));
#11300=DIRECTION('',(0.,0.,-1.));
#11301=DIRECTION('',(0.415610689238915,0.909542607572814,0.));
#11302=DIRECTION('center_axis',(0.697233905015401,-0.716843694048413,0.));
#11303=DIRECTION('ref_axis',(0.716843694048413,0.697233905015401,0.));
#11304=DIRECTION('',(0.,0.,-1.));
#11305=DIRECTION('',(0.716843694048413,0.697233905015401,0.));
#11306=DIRECTION('center_axis',(0.280112036755951,-0.959967315518832,0.));
#11307=DIRECTION('ref_axis',(0.959967315518832,0.280112036755951,0.));
#11308=DIRECTION('',(0.,0.,-1.));
#11309=DIRECTION('',(0.959967315518832,0.280112036755951,0.));
#11310=DIRECTION('center_axis',(0.,-1.,0.));
#11311=DIRECTION('ref_axis',(0.,0.,-1.));
#11312=DIRECTION('',(0.,0.,-1.));
#11313=DIRECTION('',(1.,0.,0.));
#11314=DIRECTION('center_axis',(-0.280111999828965,-0.959967326293879,0.));
#11315=DIRECTION('ref_axis',(0.959967326293879,-0.280111999828965,0.));
#11316=DIRECTION('',(0.,0.,-1.));
#11317=DIRECTION('',(0.959967326293879,-0.280111999828965,0.));
#11318=DIRECTION('center_axis',(-0.697233905015401,-0.716843694048413,0.));
#11319=DIRECTION('ref_axis',(0.716843694048413,-0.697233905015401,0.));
#11320=DIRECTION('',(0.,0.,-1.));
#11321=DIRECTION('',(0.716843694048413,-0.697233905015401,0.));
#11322=DIRECTION('center_axis',(-0.909542663758741,-0.415610566278882,0.));
#11323=DIRECTION('ref_axis',(0.415610566278882,-0.909542663758742,0.));
#11324=DIRECTION('',(0.,0.,-1.));
#11325=DIRECTION('',(0.415610566278882,-0.909542663758741,0.));
#11326=DIRECTION('center_axis',(0.,-1.,0.));
#11327=DIRECTION('ref_axis',(0.,0.,-1.));
#11328=DIRECTION('',(0.,0.,-1.));
#11329=DIRECTION('',(1.,0.,0.));
#11330=DIRECTION('center_axis',(0.985634461005794,0.168892596870965,0.));
#11331=DIRECTION('ref_axis',(-0.168892596870965,0.985634461005794,0.));
#11332=DIRECTION('',(0.,0.,-1.));
#11333=DIRECTION('',(-0.168892596870965,0.985634461005794,0.));
#11334=DIRECTION('center_axis',(0.824843305406026,0.565361407886018,0.));
#11335=DIRECTION('ref_axis',(-0.565361407886018,0.824843305406027,0.));
#11336=DIRECTION('',(0.,0.,-1.));
#11337=DIRECTION('',(-0.565361407886018,0.824843305406026,0.));
#11338=DIRECTION('center_axis',(0.589339120846016,0.807885759647022,0.));
#11339=DIRECTION('ref_axis',(-0.807885759647022,0.589339120846016,0.));
#11340=DIRECTION('',(0.,0.,-1.));
#11341=DIRECTION('',(-0.807885759647022,0.589339120846016,0.));
#11342=DIRECTION('center_axis',(0.204039111540077,0.978962737269369,0.));
#11343=DIRECTION('ref_axis',(-0.978962737269369,0.204039111540077,0.));
#11344=DIRECTION('',(0.,0.,-1.));
#11345=DIRECTION('',(-0.978962737269369,0.204039111540077,0.));
#11346=DIRECTION('center_axis',(0.,1.,0.));
#11347=DIRECTION('ref_axis',(0.,0.,1.));
#11348=DIRECTION('',(0.,0.,-1.));
#11349=DIRECTION('',(-1.,0.,0.));
#11350=DIRECTION('center_axis',(-0.236276187878016,0.971685938481067,0.));
#11351=DIRECTION('ref_axis',(-0.971685938481067,-0.236276187878016,0.));
#11352=DIRECTION('',(0.,0.,-1.));
#11353=DIRECTION('',(-0.971685938481067,-0.236276187878016,0.));
#11354=DIRECTION('center_axis',(-0.589339189626734,0.807885709472636,0.));
#11355=DIRECTION('ref_axis',(-0.807885709472636,-0.589339189626734,0.));
#11356=DIRECTION('',(0.,0.,-1.));
#11357=DIRECTION('',(-0.807885709472636,-0.589339189626734,0.));
#11358=DIRECTION('center_axis',(-0.824843175760865,0.565361597033908,0.));
#11359=DIRECTION('ref_axis',(-0.565361597033908,-0.824843175760865,0.));
#11360=DIRECTION('',(0.,0.,-1.));
#11361=DIRECTION('',(-0.565361597033908,-0.824843175760865,0.));
#11362=DIRECTION('center_axis',(-0.985634488656167,0.168892435507029,0.));
#11363=DIRECTION('ref_axis',(-0.168892435507029,-0.985634488656167,0.));
#11364=DIRECTION('',(0.,0.,-1.));
#11365=DIRECTION('',(-0.168892435507029,-0.985634488656167,0.));
#11366=DIRECTION('center_axis',(-1.,0.,0.));
#11367=DIRECTION('ref_axis',(0.,0.,1.));
#11368=DIRECTION('',(0.,0.,-1.));
#11369=DIRECTION('',(0.,-1.,0.));
#11370=DIRECTION('center_axis',(-0.985634488656167,-0.168892435507029,0.));
#11371=DIRECTION('ref_axis',(0.168892435507029,-0.985634488656167,0.));
#11372=DIRECTION('',(0.,0.,-1.));
#11373=DIRECTION('',(0.168892435507029,-0.985634488656167,0.));
#11374=DIRECTION('center_axis',(-0.909542607572814,-0.415610689238915,0.));
#11375=DIRECTION('ref_axis',(0.415610689238915,-0.909542607572814,0.));
#11376=DIRECTION('',(0.,0.,-1.));
#11377=DIRECTION('',(0.415610689238915,-0.909542607572814,0.));
#11378=DIRECTION('center_axis',(-0.788929631752224,-0.614483552378174,0.));
#11379=DIRECTION('ref_axis',(0.614483552378174,-0.788929631752224,0.));
#11380=DIRECTION('',(0.,0.,-1.));
#11381=DIRECTION('',(0.614483552378174,-0.788929631752224,0.));
#11382=DIRECTION('center_axis',(0.,1.,0.));
#11383=DIRECTION('ref_axis',(0.,0.,1.));
#11384=DIRECTION('',(0.,0.,-1.));
#11385=DIRECTION('',(-1.,0.,0.));
#11386=DIRECTION('center_axis',(-1.,0.,0.));
#11387=DIRECTION('ref_axis',(0.,0.,1.));
#11388=DIRECTION('',(0.,-1.,0.));
#11389=DIRECTION('center_axis',(0.,1.,0.));
#11390=DIRECTION('ref_axis',(0.,0.,1.));
#11391=DIRECTION('',(0.,0.,-1.));
#11392=DIRECTION('',(0.,0.,-1.));
#11393=DIRECTION('',(-1.,0.,0.));
#11394=DIRECTION('center_axis',(-1.,0.,0.));
#11395=DIRECTION('ref_axis',(0.,0.,1.));
#11396=DIRECTION('',(0.,0.,1.));
#11397=DIRECTION('',(0.,-1.,0.));
#11398=DIRECTION('center_axis',(0.,-1.,0.));
#11399=DIRECTION('ref_axis',(0.,0.,-1.));
#11400=DIRECTION('',(0.,0.,-1.));
#11401=DIRECTION('',(1.,0.,0.));
#11402=DIRECTION('center_axis',(1.,0.,0.));
#11403=DIRECTION('ref_axis',(0.,0.,-1.));
#11404=DIRECTION('',(0.,0.,-1.));
#11405=DIRECTION('',(0.,1.,0.));
#11406=DIRECTION('center_axis',(-0.76597434278238,-0.642871142764319,0.));
#11407=DIRECTION('ref_axis',(0.642871142764319,-0.76597434278238,0.));
#11408=DIRECTION('',(0.,0.,-1.));
#11409=DIRECTION('',(0.642871142764319,-0.76597434278238,0.));
#11410=DIRECTION('center_axis',(1.,0.,0.));
#11411=DIRECTION('ref_axis',(0.,0.,-1.));
#11412=DIRECTION('',(0.,0.,-1.));
#11413=DIRECTION('',(0.,1.,0.));
#11414=DIRECTION('center_axis',(0.765974216092694,0.642871293713744,0.));
#11415=DIRECTION('ref_axis',(-0.642871293713744,0.765974216092694,0.));
#11416=DIRECTION('',(-0.642871293713744,0.765974216092694,0.));
#11417=DIRECTION('center_axis',(0.970142500145391,-0.242535625036098,0.));
#11418=DIRECTION('ref_axis',(0.242535625036098,0.970142500145391,0.));
#11419=DIRECTION('',(0.,0.,-1.));
#11420=DIRECTION('',(0.,0.,-1.));
#11421=DIRECTION('',(0.242535625036098,0.970142500145391,0.));
#11422=DIRECTION('center_axis',(0.995893207861023,-0.0905357307160021,0.));
#11423=DIRECTION('ref_axis',(0.0905357307160021,0.995893207861023,0.));
#11424=DIRECTION('',(0.,0.,1.));
#11425=DIRECTION('',(0.0905357307160021,0.995893207861023,0.));
#11426=DIRECTION('center_axis',(-0.447213595499958,0.894427190999916,0.));
#11427=DIRECTION('ref_axis',(-0.894427190999916,-0.447213595499958,0.));
#11428=DIRECTION('',(0.,0.,-1.));
#11429=DIRECTION('',(-0.894427190999916,-0.447213595499958,0.));
#11430=DIRECTION('center_axis',(-1.,0.,0.));
#11431=DIRECTION('ref_axis',(0.,0.,1.));
#11432=DIRECTION('',(0.,0.,-1.));
#11433=DIRECTION('',(0.,-1.,0.));
#11434=DIRECTION('center_axis',(-0.707106781186548,-0.707106781186548,0.));
#11435=DIRECTION('ref_axis',(0.707106781186548,-0.707106781186548,0.));
#11436=DIRECTION('',(0.,0.,-1.));
#11437=DIRECTION('',(0.707106781186548,-0.707106781186548,0.));
#11438=DIRECTION('center_axis',(-0.894427190999916,-0.447213595499958,0.));
#11439=DIRECTION('ref_axis',(0.447213595499958,-0.894427190999916,0.));
#11440=DIRECTION('',(0.,0.,-1.));
#11441=DIRECTION('',(0.447213595499958,-0.894427190999916,0.));
#11442=DIRECTION('center_axis',(-0.894427232982912,0.447213511533956,0.));
#11443=DIRECTION('ref_axis',(-0.447213511533956,-0.894427232982912,0.));
#11444=DIRECTION('',(0.,0.,-1.));
#11445=DIRECTION('',(-0.447213511533956,-0.894427232982912,0.));
#11446=DIRECTION('center_axis',(-0.81373347120687,0.581238193718907,0.));
#11447=DIRECTION('ref_axis',(-0.581238193718907,-0.81373347120687,0.));
#11448=DIRECTION('',(0.,0.,-1.));
#11449=DIRECTION('',(-0.581238193718907,-0.81373347120687,0.));
#11450=DIRECTION('center_axis',(-0.707106847568044,0.707106714805044,0.));
#11451=DIRECTION('ref_axis',(-0.707106714805045,-0.707106847568044,0.));
#11452=DIRECTION('',(0.,0.,-1.));
#11453=DIRECTION('',(-0.707106714805045,-0.707106847568044,0.));
#11454=DIRECTION('center_axis',(-0.316227766016838,0.948683298050514,0.));
#11455=DIRECTION('ref_axis',(-0.948683298050514,-0.316227766016838,0.));
#11456=DIRECTION('',(0.,0.,-1.));
#11457=DIRECTION('',(-0.948683298050514,-0.316227766016838,0.));
#11458=DIRECTION('center_axis',(-0.894427190999916,0.447213595499958,0.));
#11459=DIRECTION('ref_axis',(-0.447213595499958,-0.894427190999916,0.));
#11460=DIRECTION('',(0.,0.,-1.));
#11461=DIRECTION('',(-0.447213595499958,-0.894427190999916,0.));
#11462=DIRECTION('center_axis',(-0.316227899606835,-0.948683253520504,0.));
#11463=DIRECTION('ref_axis',(0.948683253520504,-0.316227899606835,0.));
#11464=DIRECTION('',(0.,0.,-1.));
#11465=DIRECTION('',(0.948683253520504,-0.316227899606835,0.));
#11466=DIRECTION('center_axis',(-0.447213595499958,-0.894427190999916,0.));
#11467=DIRECTION('ref_axis',(0.894427190999916,-0.447213595499958,0.));
#11468=DIRECTION('',(0.,0.,-1.));
#11469=DIRECTION('',(0.894427190999916,-0.447213595499958,0.));
#11470=DIRECTION('center_axis',(-0.707106781186548,-0.707106781186548,0.));
#11471=DIRECTION('ref_axis',(0.707106781186548,-0.707106781186548,0.));
#11472=DIRECTION('',(0.,0.,-1.));
#11473=DIRECTION('',(0.707106781186548,-0.707106781186548,0.));
#11474=DIRECTION('center_axis',(0.707106799626047,-0.707106762747047,0.));
#11475=DIRECTION('ref_axis',(0.707106762747047,0.707106799626047,0.));
#11476=DIRECTION('',(0.,0.,-1.));
#11477=DIRECTION('',(0.707106762747047,0.707106799626047,0.));
#11478=DIRECTION('center_axis',(0.847998331957053,-0.529998895280033,0.));
#11479=DIRECTION('ref_axis',(0.529998895280033,0.847998331957053,0.));
#11480=DIRECTION('',(0.529998895280033,0.847998331957053,0.));
#11481=DIRECTION('center_axis',(0.928476690885259,0.371390676354104,0.));
#11482=DIRECTION('ref_axis',(-0.371390676354104,0.928476690885259,0.));
#11483=DIRECTION('',(0.,0.,-1.));
#11484=DIRECTION('',(0.,0.,-1.));
#11485=DIRECTION('',(-0.371390676354104,0.928476690885259,0.));
#11486=DIRECTION('center_axis',(0.980580689853149,0.19611606432703,0.));
#11487=DIRECTION('ref_axis',(-0.19611606432703,0.980580689853148,0.));
#11488=DIRECTION('',(0.,0.,1.));
#11489=DIRECTION('',(-0.19611606432703,0.980580689853149,0.));
#11490=DIRECTION('center_axis',(-0.447213595499958,0.894427190999916,0.));
#11491=DIRECTION('ref_axis',(-0.894427190999916,-0.447213595499958,0.));
#11492=DIRECTION('',(0.,0.,-1.));
#11493=DIRECTION('',(-0.894427190999916,-0.447213595499958,0.));
#11494=DIRECTION('center_axis',(-1.,0.,0.));
#11495=DIRECTION('ref_axis',(0.,0.,1.));
#11496=DIRECTION('',(0.,0.,-1.));
#11497=DIRECTION('',(0.,-1.,0.));
#11498=DIRECTION('center_axis',(-0.894427190999916,-0.447213595499958,0.));
#11499=DIRECTION('ref_axis',(0.447213595499958,-0.894427190999916,0.));
#11500=DIRECTION('',(0.447213595499958,-0.894427190999916,0.));
#11501=DIRECTION('',(0.,0.,-1.));
#11502=DIRECTION('center_axis',(-0.813733508074774,-0.581238142103839,0.));
#11503=DIRECTION('ref_axis',(0.581238142103839,-0.813733508074774,0.));
#11504=DIRECTION('',(0.,0.,-1.));
#11505=DIRECTION('',(0.581238142103839,-0.813733508074774,0.));
#11506=DIRECTION('center_axis',(-0.650791352492204,-0.759256620334238,0.));
#11507=DIRECTION('ref_axis',(0.759256620334238,-0.650791352492204,0.));
#11508=DIRECTION('',(0.,0.,-1.));
#11509=DIRECTION('',(0.759256620334238,-0.650791352492204,0.));
#11510=DIRECTION('center_axis',(-0.514495749508115,-0.857492929264191,0.));
#11511=DIRECTION('ref_axis',(0.857492929264191,-0.514495749508115,0.));
#11512=DIRECTION('',(0.,0.,-1.));
#11513=DIRECTION('',(0.857492929264191,-0.514495749508115,0.));
#11514=DIRECTION('center_axis',(1.,0.,0.));
#11515=DIRECTION('ref_axis',(0.,0.,-1.));
#11516=DIRECTION('',(0.,0.,-1.));
#11517=DIRECTION('',(0.,1.,0.));
#11518=DIRECTION('center_axis',(0.707106781186548,0.707106781186548,0.));
#11519=DIRECTION('ref_axis',(-0.707106781186548,0.707106781186548,0.));
#11520=DIRECTION('',(0.,0.,-1.));
#11521=DIRECTION('',(-0.707106781186548,0.707106781186548,0.));
#11522=DIRECTION('center_axis',(0.874157258917339,0.485642962146188,0.));
#11523=DIRECTION('ref_axis',(-0.485642962146188,0.874157258917339,0.));
#11524=DIRECTION('',(-0.485642962146188,0.874157258917339,0.));
#11525=DIRECTION('center_axis',(0.970142500145391,0.242535625036098,0.));
#11526=DIRECTION('ref_axis',(-0.242535625036098,0.970142500145391,0.));
#11527=DIRECTION('',(0.,0.,-1.));
#11528=DIRECTION('',(0.,0.,-1.));
#11529=DIRECTION('',(-0.242535625036098,0.970142500145391,0.));
#11530=DIRECTION('center_axis',(0.,1.,0.));
#11531=DIRECTION('ref_axis',(0.,0.,1.));
#11532=DIRECTION('',(0.,0.,1.));
#11533=DIRECTION('',(-1.,0.,0.));
#11534=DIRECTION('center_axis',(-0.948683298050514,0.316227766016838,0.));
#11535=DIRECTION('ref_axis',(-0.316227766016838,-0.948683298050514,0.));
#11536=DIRECTION('',(0.,0.,-1.));
#11537=DIRECTION('',(-0.316227766016838,-0.948683298050514,0.));
#11538=DIRECTION('center_axis',(0.,1.,0.));
#11539=DIRECTION('ref_axis',(0.,0.,1.));
#11540=DIRECTION('',(0.,0.,-1.));
#11541=DIRECTION('',(-1.,0.,0.));
#11542=DIRECTION('center_axis',(0.894427190999916,-0.447213595499958,0.));
#11543=DIRECTION('ref_axis',(0.447213595499958,0.894427190999916,0.));
#11544=DIRECTION('',(0.,0.,-1.));
#11545=DIRECTION('',(0.447213595499958,0.894427190999916,0.));
#11546=DIRECTION('center_axis',(0.970142500145391,-0.242535625036098,0.));
#11547=DIRECTION('ref_axis',(0.242535625036098,0.970142500145391,0.));
#11548=DIRECTION('',(0.,0.,-1.));
#11549=DIRECTION('',(0.242535625036098,0.970142500145391,0.));
#11550=DIRECTION('center_axis',(0.894427190999916,-0.447213595499958,0.));
#11551=DIRECTION('ref_axis',(0.447213595499958,0.894427190999916,0.));
#11552=DIRECTION('',(0.,0.,-1.));
#11553=DIRECTION('',(0.447213595499958,0.894427190999916,0.));
#11554=DIRECTION('center_axis',(1.,0.,0.));
#11555=DIRECTION('ref_axis',(0.,0.,-1.));
#11556=DIRECTION('',(0.,0.,-1.));
#11557=DIRECTION('',(0.,1.,0.));
#11558=DIRECTION('center_axis',(0.,1.,0.));
#11559=DIRECTION('ref_axis',(0.,0.,1.));
#11560=DIRECTION('',(0.,0.,-1.));
#11561=DIRECTION('',(-1.,0.,0.));
#11562=DIRECTION('center_axis',(-0.316227676957037,0.94868332773711,0.));
#11563=DIRECTION('ref_axis',(-0.94868332773711,-0.316227676957036,0.));
#11564=DIRECTION('',(0.,0.,-1.));
#11565=DIRECTION('',(-0.94868332773711,-0.316227676957037,0.));
#11566=DIRECTION('center_axis',(-0.707106781186548,0.707106781186548,0.));
#11567=DIRECTION('ref_axis',(-0.707106781186548,-0.707106781186548,0.));
#11568=DIRECTION('',(0.,0.,-1.));
#11569=DIRECTION('',(-0.707106781186548,-0.707106781186548,0.));
#11570=DIRECTION('center_axis',(-1.,0.,0.));
#11571=DIRECTION('ref_axis',(0.,0.,1.));
#11572=DIRECTION('',(0.,-1.,0.));
#11573=DIRECTION('',(0.,0.,-1.));
#11574=DIRECTION('center_axis',(-0.707106781186548,-0.707106781186548,0.));
#11575=DIRECTION('ref_axis',(0.707106781186548,-0.707106781186548,0.));
#11576=DIRECTION('',(0.,0.,-1.));
#11577=DIRECTION('',(0.707106781186548,-0.707106781186548,0.));
#11578=DIRECTION('center_axis',(0.,1.,0.));
#11579=DIRECTION('ref_axis',(0.,0.,1.));
#11580=DIRECTION('',(0.,0.,-1.));
#11581=DIRECTION('',(-1.,0.,0.));
#11582=DIRECTION('center_axis',(0.894427190999916,0.447213595499958,0.));
#11583=DIRECTION('ref_axis',(-0.447213595499958,0.894427190999916,0.));
#11584=DIRECTION('',(0.,0.,-1.));
#11585=DIRECTION('',(-0.447213595499958,0.894427190999916,0.));
#11586=DIRECTION('center_axis',(-0.707106781186548,0.707106781186548,0.));
#11587=DIRECTION('ref_axis',(-0.707106781186548,-0.707106781186548,0.));
#11588=DIRECTION('',(-0.707106781186548,-0.707106781186548,0.));
#11589=DIRECTION('',(0.,0.,-1.));
#11590=DIRECTION('center_axis',(-0.707106781186548,-0.707106781186548,0.));
#11591=DIRECTION('ref_axis',(0.707106781186548,-0.707106781186548,0.));
#11592=DIRECTION('',(0.,0.,-1.));
#11593=DIRECTION('',(0.707106781186548,-0.707106781186548,0.));
#11594=DIRECTION('center_axis',(0.,-1.,0.));
#11595=DIRECTION('ref_axis',(0.,0.,-1.));
#11596=DIRECTION('',(0.,0.,-1.));
#11597=DIRECTION('',(1.,0.,0.));
#11598=DIRECTION('center_axis',(-0.316227766016838,-0.948683298050514,0.));
#11599=DIRECTION('ref_axis',(0.948683298050514,-0.316227766016838,0.));
#11600=DIRECTION('',(0.,0.,-1.));
#11601=DIRECTION('',(0.948683298050514,-0.316227766016838,0.));
#11602=DIRECTION('center_axis',(-0.62469504755418,-0.780868809443225,0.));
#11603=DIRECTION('ref_axis',(0.780868809443225,-0.62469504755418,0.));
#11604=DIRECTION('',(0.,0.,-1.));
#11605=DIRECTION('',(0.780868809443225,-0.62469504755418,0.));
#11606=DIRECTION('center_axis',(0.707106781186548,-0.707106781186548,0.));
#11607=DIRECTION('ref_axis',(0.707106781186548,0.707106781186548,0.));
#11608=DIRECTION('',(0.,0.,-1.));
#11609=DIRECTION('',(0.707106781186548,0.707106781186548,0.));
#11610=DIRECTION('center_axis',(0.894427190999916,0.447213595499958,0.));
#11611=DIRECTION('ref_axis',(-0.447213595499958,0.894427190999916,0.));
#11612=DIRECTION('',(0.,0.,-1.));
#11613=DIRECTION('',(-0.447213595499958,0.894427190999916,0.));
#11614=DIRECTION('center_axis',(0.,-1.,0.));
#11615=DIRECTION('ref_axis',(0.,0.,-1.));
#11616=DIRECTION('',(0.,0.,-1.));
#11617=DIRECTION('',(1.,0.,0.));
#11618=DIRECTION('center_axis',(-0.980580675690959,0.196116135137992,0.));
#11619=DIRECTION('ref_axis',(-0.196116135137992,-0.980580675690959,0.));
#11620=DIRECTION('',(0.,0.,-1.));
#11621=DIRECTION('',(-0.196116135137992,-0.980580675690959,0.));
#11622=DIRECTION('center_axis',(-0.894427190999916,-0.447213595499958,0.));
#11623=DIRECTION('ref_axis',(0.447213595499958,-0.894427190999916,0.));
#11624=DIRECTION('',(0.,0.,-1.));
#11625=DIRECTION('',(0.447213595499958,-0.894427190999916,0.));
#11626=DIRECTION('center_axis',(-0.707106781186548,-0.707106781186548,0.));
#11627=DIRECTION('ref_axis',(0.707106781186548,-0.707106781186548,0.));
#11628=DIRECTION('',(0.,0.,-1.));
#11629=DIRECTION('',(0.707106781186548,-0.707106781186548,0.));
#11630=DIRECTION('center_axis',(0.,-1.,0.));
#11631=DIRECTION('ref_axis',(0.,0.,-1.));
#11632=DIRECTION('',(1.,0.,0.));
#11633=DIRECTION('',(0.,0.,-1.));
#11634=DIRECTION('center_axis',(0.707106781186548,-0.707106781186548,0.));
#11635=DIRECTION('ref_axis',(0.707106781186548,0.707106781186548,0.));
#11636=DIRECTION('',(0.,0.,-1.));
#11637=DIRECTION('',(0.707106781186548,0.707106781186548,0.));
#11638=DIRECTION('center_axis',(1.,0.,0.));
#11639=DIRECTION('ref_axis',(0.,0.,-1.));
#11640=DIRECTION('',(0.,0.,-1.));
#11641=DIRECTION('',(0.,1.,0.));
#11642=DIRECTION('center_axis',(0.707106615233028,0.707106947140028,0.));
#11643=DIRECTION('ref_axis',(-0.707106947140028,0.707106615233028,0.));
#11644=DIRECTION('',(-0.707106947140028,0.707106615233028,0.));
#11645=DIRECTION('',(0.,0.,-1.));
#11646=DIRECTION('center_axis',(0.948683298050514,0.316227766016838,0.));
#11647=DIRECTION('ref_axis',(-0.316227766016838,0.948683298050514,0.));
#11648=DIRECTION('',(-0.316227766016838,0.948683298050514,0.));
#11649=DIRECTION('center_axis',(0.,0.,-1.));
#11650=DIRECTION('ref_axis',(-1.,0.,0.));
#11651=DIRECTION('center_axis',(-1.,0.,0.));
#11652=DIRECTION('ref_axis',(0.,0.,1.));
#11653=DIRECTION('',(0.,0.,-1.));
#11654=DIRECTION('',(0.,-1.,0.));
#11655=DIRECTION('',(0.,0.,1.));
#11656=DIRECTION('',(0.,-0.707106781186548,-0.707106781186548));
#11657=DIRECTION('',(0.,0.,1.));
#11658=DIRECTION('center_axis',(0.,1.,0.));
#11659=DIRECTION('ref_axis',(0.,0.,1.));
#11660=DIRECTION('',(1.,0.,0.));
#11661=DIRECTION('',(0.,0.,1.));
#11662=DIRECTION('',(1.,0.,0.));
#11663=DIRECTION('',(1.,0.,0.));
#11664=DIRECTION('center_axis',(1.,0.,0.));
#11665=DIRECTION('ref_axis',(0.,0.,-1.));
#11666=DIRECTION('',(0.,0.,1.));
#11667=DIRECTION('',(0.,-1.,0.));
#11668=DIRECTION('',(0.,0.,-1.));
#11669=DIRECTION('',(0.,-0.707106781186548,-0.707106781186548));
#11670=DIRECTION('center_axis',(0.,-1.,0.));
#11671=DIRECTION('ref_axis',(0.,0.,-1.));
#11672=DIRECTION('center_axis',(0.,-1.,0.));
#11673=DIRECTION('ref_axis',(0.,0.,-1.));
#11674=DIRECTION('',(1.,0.,0.));
#11675=DIRECTION('',(0.,0.,1.));
#11676=DIRECTION('',(1.,0.,0.));
#11677=DIRECTION('',(0.,0.,-1.));
#11678=DIRECTION('',(-1.,0.,0.));
#11679=DIRECTION('center_axis',(1.,0.,0.));
#11680=DIRECTION('ref_axis',(0.,0.,-1.));
#11681=DIRECTION('',(0.,-1.,0.));
#11682=DIRECTION('',(0.,0.,-1.));
#11683=DIRECTION('',(0.,0.,-1.));
#11684=DIRECTION('center_axis',(0.,-1.,0.));
#11685=DIRECTION('ref_axis',(0.,0.,-1.));
#11686=DIRECTION('',(-1.,0.,0.));
#11687=DIRECTION('',(0.,0.,1.));
#11688=DIRECTION('center_axis',(1.,-6.80936788437E-14,0.));
#11689=DIRECTION('ref_axis',(6.80936788437E-14,1.,0.));
#11690=DIRECTION('',(-6.80936786746E-14,-1.,0.));
#11691=DIRECTION('',(0.,0.,-1.));
#11692=DIRECTION('center_axis',(0.,1.,0.));
#11693=DIRECTION('ref_axis',(0.,0.,1.));
#11694=DIRECTION('',(1.,0.,0.));
#11695=DIRECTION('',(0.,0.,-1.));
#11696=DIRECTION('center_axis',(1.,0.,0.));
#11697=DIRECTION('ref_axis',(0.,0.,-1.));
#11698=DIRECTION('',(0.,-1.,0.));
#11699=DIRECTION('',(0.,0.,-1.));
#11700=DIRECTION('center_axis',(0.,1.,0.));
#11701=DIRECTION('ref_axis',(0.,0.,1.));
#11702=DIRECTION('',(1.,0.,0.));
#11703=DIRECTION('',(0.,0.,-1.));
#11704=DIRECTION('center_axis',(-1.,0.,0.));
#11705=DIRECTION('ref_axis',(0.,0.,1.));
#11706=DIRECTION('',(0.,1.,0.));
#11707=DIRECTION('',(0.,0.,-1.));
#11708=DIRECTION('center_axis',(0.,1.,0.));
#11709=DIRECTION('ref_axis',(0.,0.,1.));
#11710=DIRECTION('',(1.,0.,0.));
#11711=DIRECTION('',(0.,0.,-1.));
#11712=DIRECTION('center_axis',(-1.,2.96059473233E-14,0.));
#11713=DIRECTION('ref_axis',(-2.96059473233E-14,-1.,0.));
#11714=DIRECTION('',(2.96059472498E-14,1.,0.));
#11715=DIRECTION('',(0.,0.,-1.));
#11716=DIRECTION('center_axis',(0.,-1.,0.));
#11717=DIRECTION('ref_axis',(0.,0.,-1.));
#11718=DIRECTION('',(-1.,0.,0.));
#11719=DIRECTION('',(0.,0.,-1.));
#11720=DIRECTION('center_axis',(-1.,2.83723661849E-14,0.));
#11721=DIRECTION('ref_axis',(-2.83723661849E-14,-1.,0.));
#11722=DIRECTION('',(2.83723662318E-14,1.,0.));
#11723=DIRECTION('',(0.,0.,-1.));
#11724=DIRECTION('center_axis',(0.,-1.,0.));
#11725=DIRECTION('ref_axis',(0.,0.,-1.));
#11726=DIRECTION('',(-1.,0.,0.));
#11727=DIRECTION('center_axis',(0.,0.,1.));
#11728=DIRECTION('ref_axis',(1.,0.,0.));
#11729=DIRECTION('',(0.,-1.,0.));
#11730=DIRECTION('',(1.,0.,0.));
#11731=DIRECTION('',(0.,1.,0.));
#11732=DIRECTION('',(-0.739940073282776,0.672672794120797,0.));
#11733=DIRECTION('',(-1.,0.,0.));
#11734=DIRECTION('',(-0.739940073282776,-0.672672794120797,0.));
#11735=DIRECTION('',(0.,-1.,0.));
#11736=DIRECTION('',(1.,0.,0.));
#11737=DIRECTION('',(0.,1.,0.));
#11738=DIRECTION('',(-1.,0.,0.));
#11739=DIRECTION('center_axis',(0.,0.,-1.));
#11740=DIRECTION('ref_axis',(1.,0.,0.));
#11741=DIRECTION('center_axis',(0.,0.,-1.));
#11742=DIRECTION('ref_axis',(-1.,0.,0.));
#11743=DIRECTION('center_axis',(0.,0.,-1.));
#11744=DIRECTION('ref_axis',(-1.,0.,0.));
#11745=DIRECTION('center_axis',(0.,0.,-1.));
#11746=DIRECTION('ref_axis',(-1.,0.,0.));
#11747=DIRECTION('center_axis',(0.,0.,-1.));
#11748=DIRECTION('ref_axis',(-1.,0.,0.));
#11749=DIRECTION('center_axis',(0.,0.,-1.));
#11750=DIRECTION('ref_axis',(-1.,0.,0.));
#11751=DIRECTION('center_axis',(0.,0.,1.));
#11752=DIRECTION('ref_axis',(1.,0.,0.));
#11753=DIRECTION('',(0.,-1.,0.));
#11754=DIRECTION('',(-1.,0.,0.));
#11755=DIRECTION('',(0.,1.,0.));
#11756=DIRECTION('',(-1.,0.,0.));
#11757=DIRECTION('',(1.,0.,0.));
#11758=DIRECTION('',(0.,-1.,0.));
#11759=DIRECTION('',(1.,0.,0.));
#11760=DIRECTION('',(0.,1.,0.));
#11761=DIRECTION('',(1.,0.,0.));
#11762=DIRECTION('',(0.,1.,0.));
#11763=DIRECTION('',(1.,0.,0.));
#11764=DIRECTION('',(0.,-1.,0.));
#11765=DIRECTION('center_axis',(0.,0.,1.));
#11766=DIRECTION('ref_axis',(1.,0.,0.));
#11767=DIRECTION('',(-1.,0.,0.));
#11768=DIRECTION('',(1.,0.,0.));
#11769=DIRECTION('',(0.,-1.,0.));
#11770=DIRECTION('',(-1.,0.,0.));
#11771=DIRECTION('',(0.,1.,0.));
#11772=DIRECTION('',(-1.,0.,0.));
#11773=DIRECTION('',(0.,1.,0.));
#11774=DIRECTION('',(0.739940073555175,0.672672793821159,0.));
#11775=DIRECTION('',(1.,0.,0.));
#11776=DIRECTION('',(0.739940073555175,-0.672672793821159,0.));
#11777=DIRECTION('',(0.,-1.,0.));
#11778=DIRECTION('',(-1.,0.,0.));
#11779=DIRECTION('',(0.,-1.,0.));
#11780=DIRECTION('',(1.,0.,0.));
#11781=DIRECTION('',(0.,-1.,0.));
#11782=DIRECTION('center_axis',(0.,1.,0.));
#11783=DIRECTION('ref_axis',(0.,0.,1.));
#11784=DIRECTION('',(0.,0.,1.));
#11785=DIRECTION('',(-1.,0.,0.));
#11786=DIRECTION('',(0.,0.,-1.));
#11787=DIRECTION('',(-1.,0.,0.));
#11788=DIRECTION('',(-1.,0.,0.));
#11789=DIRECTION('center_axis',(0.,0.707106781186548,-0.707106781186548));
#11790=DIRECTION('ref_axis',(0.,0.707106781186548,0.707106781186548));
#11791=DIRECTION('',(0.,-0.707106781186548,-0.707106781186548));
#11792=DIRECTION('center_axis',(0.,0.707106781186548,-0.707106781186548));
#11793=DIRECTION('ref_axis',(0.,0.707106781186548,0.707106781186548));
#11794=DIRECTION('',(0.,-0.707106781186548,-0.707106781186548));
#11795=DIRECTION('center_axis',(0.,0.,-1.));
#11796=DIRECTION('ref_axis',(-1.,0.,0.));
#11797=DIRECTION('',(0.,1.,0.));
#11798=DIRECTION('',(0.,-1.,0.));
#11799=DIRECTION('',(1.,0.,0.));
#11800=DIRECTION('center_axis',(-1.,0.,0.));
#11801=DIRECTION('ref_axis',(0.,0.,1.));
#11802=DIRECTION('',(0.,1.,0.));
#11803=DIRECTION('',(0.,0.,1.));
#11804=DIRECTION('',(0.,-1.,0.));
#11805=DIRECTION('',(0.,0.,1.));
#11806=DIRECTION('',(0.,-1.,0.));
#11807=DIRECTION('',(0.,-1.,0.));
#11808=DIRECTION('',(0.,0.,1.));
#11809=DIRECTION('center_axis',(0.,0.,1.));
#11810=DIRECTION('ref_axis',(1.,0.,0.));
#11811=DIRECTION('',(1.,0.,0.));
#11812=DIRECTION('',(0.,1.,0.));
#11813=DIRECTION('center_axis',(1.,0.,0.));
#11814=DIRECTION('ref_axis',(0.,0.,-1.));
#11815=DIRECTION('',(0.,1.,0.));
#11816=DIRECTION('',(0.,0.,-1.));
#11817=DIRECTION('',(0.,-1.,0.));
#11818=DIRECTION('',(0.,0.,-1.));
#11819=DIRECTION('',(0.,1.,0.));
#11820=DIRECTION('',(0.,0.,-1.));
#11821=DIRECTION('center_axis',(0.,0.,1.));
#11822=DIRECTION('ref_axis',(1.,0.,0.));
#11823=DIRECTION('',(1.,0.,0.));
#11824=DIRECTION('center_axis',(0.,0.,-1.));
#11825=DIRECTION('ref_axis',(-1.,0.,0.));
#11826=DIRECTION('center_axis',(-1.,0.,0.));
#11827=DIRECTION('ref_axis',(0.,0.,1.));
#11828=DIRECTION('',(0.,0.,1.));
#11829=DIRECTION('',(0.,0.,-1.));
#11830=DIRECTION('',(0.,1.,0.));
#11831=DIRECTION('center_axis',(0.,1.,0.));
#11832=DIRECTION('ref_axis',(0.,0.,1.));
#11833=DIRECTION('',(0.,0.,-1.));
#11834=DIRECTION('',(1.,0.,0.));
#11835=DIRECTION('center_axis',(1.,0.,0.));
#11836=DIRECTION('ref_axis',(0.,0.,-1.));
#11837=DIRECTION('',(0.,0.,1.));
#11838=DIRECTION('',(0.,-1.,0.));
#11839=DIRECTION('center_axis',(0.672672793996113,0.739940073396125,0.));
#11840=DIRECTION('ref_axis',(-0.739940073396125,0.672672793996113,0.));
#11841=DIRECTION('',(0.,0.,1.));
#11842=DIRECTION('',(0.739940073396125,-0.672672793996113,0.));
#11843=DIRECTION('center_axis',(0.,1.,0.));
#11844=DIRECTION('ref_axis',(0.,0.,1.));
#11845=DIRECTION('',(1.,0.,0.));
#11846=DIRECTION('',(0.,0.,-1.));
#11847=DIRECTION('center_axis',(-0.672672793996113,0.739940073396125,0.));
#11848=DIRECTION('ref_axis',(-0.739940073396125,-0.672672793996113,0.));
#11849=DIRECTION('',(0.739940073396125,0.672672793996113,0.));
#11850=DIRECTION('',(0.,0.,-1.));
#11851=DIRECTION('center_axis',(-1.,0.,0.));
#11852=DIRECTION('ref_axis',(0.,0.,1.));
#11853=DIRECTION('',(0.,0.,1.));
#11854=DIRECTION('',(0.,1.,0.));
#11855=DIRECTION('center_axis',(0.,-1.,0.));
#11856=DIRECTION('ref_axis',(0.,0.,-1.));
#11857=DIRECTION('',(0.,0.,1.));
#11858=DIRECTION('',(-1.,0.,0.));
#11859=DIRECTION('center_axis',(1.,0.,0.));
#11860=DIRECTION('ref_axis',(0.,0.,-1.));
#11861=DIRECTION('',(0.,0.,1.));
#11862=DIRECTION('',(0.,-1.,0.));
#11863=DIRECTION('center_axis',(0.,-1.,0.));
#11864=DIRECTION('ref_axis',(0.,0.,-1.));
#11865=DIRECTION('',(-1.,0.,0.));
#11866=DIRECTION('center_axis',(0.,0.,-1.));
#11867=DIRECTION('ref_axis',(-1.,0.,0.));
#11868=DIRECTION('',(0.,0.,-1.));
#11869=DIRECTION('center_axis',(-1.,0.,0.));
#11870=DIRECTION('ref_axis',(0.,0.,1.));
#11871=DIRECTION('',(0.,-0.707106783382047,-0.707106778991048));
#11872=DIRECTION('',(0.,-1.,0.));
#11873=DIRECTION('',(0.,0.,1.));
#11874=DIRECTION('',(0.,1.,0.));
#11875=DIRECTION('',(0.,0.,1.));
#11876=DIRECTION('',(0.,0.,-1.));
#11877=DIRECTION('center_axis',(0.,1.,0.));
#11878=DIRECTION('ref_axis',(0.,0.,1.));
#11879=DIRECTION('',(-1.,0.,0.));
#11880=DIRECTION('',(0.,0.,-1.));
#11881=DIRECTION('center_axis',(1.,0.,0.));
#11882=DIRECTION('ref_axis',(0.,0.,-1.));
#11883=DIRECTION('',(0.,0.,1.));
#11884=DIRECTION('',(0.,-1.,0.));
#11885=DIRECTION('',(0.,0.,1.));
#11886=DIRECTION('',(0.,-1.,0.));
#11887=DIRECTION('',(0.,0.707106783382047,0.707106778991048));
#11888=DIRECTION('center_axis',(0.,1.,0.));
#11889=DIRECTION('ref_axis',(0.,0.,1.));
#11890=DIRECTION('',(1.,0.,0.));
#11891=DIRECTION('center_axis',(0.,-0.707106781186548,0.707106781186548));
#11892=DIRECTION('ref_axis',(0.,-0.707106781186548,-0.707106781186548));
#11893=DIRECTION('',(0.577350270286959,-0.577350268640959,-0.577350268640959));
#11894=DIRECTION('',(1.,0.,0.));
#11895=DIRECTION('',(-0.577350270286959,-0.577350268640959,-0.577350268640959));
#11896=DIRECTION('center_axis',(-0.707106781186548,0.,0.707106781186548));
#11897=DIRECTION('ref_axis',(0.707106781186548,0.,0.707106781186548));
#11898=DIRECTION('',(0.577350268640959,-0.577350270286959,0.577350268640959));
#11899=DIRECTION('center_axis',(0.,0.707106781186548,0.707106781186548));
#11900=DIRECTION('ref_axis',(0.,-0.707106781186548,0.707106781186548));
#11901=DIRECTION('',(0.577350270286959,0.577350268640959,-0.577350268640959));
#11902=DIRECTION('center_axis',(0.707106781186548,0.,0.707106781186548));
#11903=DIRECTION('ref_axis',(0.707106781186548,0.,-0.707106781186548));
#11904=DIRECTION('center_axis',(0.,0.707106781186548,0.707106781186548));
#11905=DIRECTION('ref_axis',(0.,-0.707106781186548,0.707106781186548));
#11906=DIRECTION('',(-0.577350269297626,0.577350269135626,-0.577350269135626));
#11907=DIRECTION('',(0.577350269297626,0.577350269135626,-0.577350269135626));
#11908=DIRECTION('center_axis',(0.707106781186548,0.,0.707106781186548));
#11909=DIRECTION('ref_axis',(0.707106781186548,0.,-0.707106781186548));
#11910=DIRECTION('',(-0.674861072637356,0.298538214099157,0.674861072637356));
#11911=DIRECTION('center_axis',(0.475651494154719,-0.523216643569691,0.707106781186583));
#11912=DIRECTION('ref_axis',(2.47024622979207E-15,-0.803864932939358,-0.594811877479259));
#11913=DIRECTION('',(-0.531071802017074,0.470012355277066,0.705018529536099));
#11914=DIRECTION('center_axis',(-5.63369098649686E-14,0.832050294335536,
-0.554700196228691));
#11915=DIRECTION('ref_axis',(3.15544362088229E-30,0.554700196228691,0.832050294335536));
#11916=DIRECTION('',(-0.531071804824878,-0.470012352743892,-0.705018529109837));
#11917=DIRECTION('center_axis',(-0.475651494154719,-0.523216643569691,0.707106781186583));
#11918=DIRECTION('ref_axis',(-2.47024622979207E-15,-0.803864932939358,-0.594811877479259));
#11919=DIRECTION('',(-0.674861073058272,-0.29853821459912,-0.674861071995272));
#11920=DIRECTION('center_axis',(-0.707106781186548,0.,0.707106781186548));
#11921=DIRECTION('ref_axis',(0.707106781186548,0.,0.707106781186548));
#11922=DIRECTION('',(-0.577350270330626,0.577350266907626,-0.577350270330626));
#11923=DIRECTION('center_axis',(0.,0.707106781186548,0.707106781186548));
#11924=DIRECTION('ref_axis',(0.,-0.707106781186548,0.707106781186548));
#11925=DIRECTION('',(-0.577350266907626,0.577350270330626,-0.577350270330626));
#11926=DIRECTION('center_axis',(-0.707106781186548,0.,0.707106781186548));
#11927=DIRECTION('ref_axis',(0.707106781186548,0.,0.707106781186548));
#11928=DIRECTION('',(-0.577350269135626,-0.577350269297626,-0.577350269135626));
#11929=DIRECTION('center_axis',(0.,-0.707106781186548,0.707106781186548));
#11930=DIRECTION('ref_axis',(0.,-0.707106781186548,-0.707106781186548));
#11931=DIRECTION('',(-0.577350269297626,-0.577350269135626,-0.577350269135626));
#11932=DIRECTION('center_axis',(-0.707106781186548,0.,0.707106781186548));
#11933=DIRECTION('ref_axis',(0.707106781186548,0.,0.707106781186548));
#11934=DIRECTION('center_axis',(1.,0.,0.));
#11935=DIRECTION('ref_axis',(0.,0.,-1.));
#11936=DIRECTION('',(0.,-1.,0.));
#11937=DIRECTION('',(0.,0.,1.));
#11938=DIRECTION('',(0.,1.,0.));
#11939=DIRECTION('',(0.,0.,1.));
#11940=DIRECTION('',(0.,1.,0.));
#11941=DIRECTION('',(0.,0.,1.));
#11942=DIRECTION('center_axis',(0.,0.,1.));
#11943=DIRECTION('ref_axis',(1.,0.,0.));
#11944=DIRECTION('',(-1.,0.,0.));
#11945=DIRECTION('',(0.,-1.,0.));
#11946=DIRECTION('center_axis',(-1.,0.,0.));
#11947=DIRECTION('ref_axis',(0.,0.,1.));
#11948=DIRECTION('',(0.,-1.,0.));
#11949=DIRECTION('',(0.,0.,-1.));
#11950=DIRECTION('',(0.,1.,0.));
#11951=DIRECTION('',(0.,0.,-1.));
#11952=DIRECTION('',(0.,0.,-1.));
#11953=DIRECTION('center_axis',(0.,1.,0.));
#11954=DIRECTION('ref_axis',(0.,0.,1.));
#11955=DIRECTION('',(1.,0.,0.));
#11956=DIRECTION('center_axis',(0.,0.,-1.));
#11957=DIRECTION('ref_axis',(-1.,0.,0.));
#11958=DIRECTION('',(1.,0.,0.));
#11959=DIRECTION('',(-1.,0.,0.));
#11960=DIRECTION('center_axis',(0.,-1.,0.));
#11961=DIRECTION('ref_axis',(0.,0.,-1.));
#11962=DIRECTION('',(-1.,0.,0.));
#11963=DIRECTION('center_axis',(0.,0.,1.));
#11964=DIRECTION('ref_axis',(1.,0.,0.));
#11965=DIRECTION('',(1.,0.,0.));
#11966=DIRECTION('center_axis',(0.,-1.,0.));
#11967=DIRECTION('ref_axis',(0.,0.,-1.));
#11968=DIRECTION('center_axis',(0.,-1.,0.));
#11969=DIRECTION('ref_axis',(0.,0.,-1.));
#11970=DIRECTION('center_axis',(0.,-0.707106781186548,0.707106781186548));
#11971=DIRECTION('ref_axis',(0.,-0.707106781186548,-0.707106781186548));
#11972=DIRECTION('',(-1.,0.,0.));
#11973=DIRECTION('center_axis',(0.,0.,-1.));
#11974=DIRECTION('ref_axis',(-1.,0.,0.));
#11975=DIRECTION('',(-1.,0.,0.));
#11976=DIRECTION('center_axis',(0.,1.,0.));
#11977=DIRECTION('ref_axis',(0.,0.,1.));
#11978=DIRECTION('center_axis',(0.,0.,-1.));
#11979=DIRECTION('ref_axis',(-1.,0.,0.));
#11980=DIRECTION('',(-1.,0.,0.));
#11981=DIRECTION('center_axis',(0.,1.,0.));
#11982=DIRECTION('ref_axis',(0.,0.,1.));
#11983=DIRECTION('',(1.,0.,0.));
#11984=DIRECTION('center_axis',(0.,0.,1.));
#11985=DIRECTION('ref_axis',(1.,0.,0.));
#11986=DIRECTION('',(-1.,0.,0.));
#11987=DIRECTION('center_axis',(0.,1.,0.));
#11988=DIRECTION('ref_axis',(0.,0.,1.));
#11989=DIRECTION('center_axis',(0.,1.,0.));
#11990=DIRECTION('ref_axis',(0.,0.,-1.));
#11991=DIRECTION('',(0.,0.,1.));
#11992=DIRECTION('',(1.,0.,0.));
#11993=DIRECTION('',(0.,0.,-1.));
#11994=DIRECTION('center_axis',(0.,1.,0.));
#11995=DIRECTION('ref_axis',(0.,0.,-1.));
#11996=DIRECTION('',(0.,0.,-1.));
#11997=DIRECTION('center_axis',(0.,-1.,0.));
#11998=DIRECTION('ref_axis',(1.00929365875014E-15,0.,-1.));
#11999=DIRECTION('',(1.,0.,0.));
#12000=DIRECTION('',(0.,0.,-1.));
#12001=DIRECTION('',(-1.,0.,0.));
#12002=DIRECTION('center_axis',(0.,1.,0.));
#12003=DIRECTION('ref_axis',(0.,0.,-1.));
#12004=DIRECTION('',(0.,0.,1.));
#12005=DIRECTION('center_axis',(1.,0.,0.));
#12006=DIRECTION('ref_axis',(0.,-1.,0.));
#12007=DIRECTION('',(0.,-1.,0.));
#12008=DIRECTION('',(0.,0.,-1.));
#12009=DIRECTION('center_axis',(1.,0.,0.));
#12010=DIRECTION('ref_axis',(0.,-1.,0.));
#12011=DIRECTION('',(0.,0.,-1.));
#12012=DIRECTION('',(0.,1.,0.));
#12013=DIRECTION('center_axis',(0.,-1.,0.));
#12014=DIRECTION('ref_axis',(0.,0.,1.));
#12015=DIRECTION('',(0.,-1.,0.));
#12016=DIRECTION('center_axis',(0.,-1.,0.));
#12017=DIRECTION('ref_axis',(0.,0.,1.));
#12018=DIRECTION('center_axis',(0.,0.,1.));
#12019=DIRECTION('ref_axis',(0.,1.,0.));
#12020=DIRECTION('',(1.,0.,0.));
#12021=DIRECTION('',(0.,1.,0.));
#12022=DIRECTION('center_axis',(0.242535625036098,0.970142500145391,0.));
#12023=DIRECTION('ref_axis',(0.970142500145391,-0.242535625036098,0.));
#12024=DIRECTION('',(0.942809041511063,-0.235702260378016,-0.235702260697016));
#12025=DIRECTION('',(0.,0.,-1.));
#12026=DIRECTION('',(-0.942809041511063,0.235702260378016,-0.235702260697016));
#12027=DIRECTION('center_axis',(0.,0.,-1.));
#12028=DIRECTION('ref_axis',(0.,-1.,0.));
#12029=DIRECTION('',(-1.,0.,0.));
#12030=DIRECTION('',(0.,-1.,0.));
#12031=DIRECTION('',(0.,-1.,0.));
#12032=DIRECTION('center_axis',(0.,-1.,0.));
#12033=DIRECTION('ref_axis',(-0.707106781186547,0.,-0.707106781186548));
#12034=DIRECTION('center_axis',(0.,-1.,0.));
#12035=DIRECTION('ref_axis',(0.,0.,1.));
#12036=DIRECTION('',(0.,-1.,0.));
#12037=DIRECTION('center_axis',(-1.,0.,0.));
#12038=DIRECTION('ref_axis',(0.,1.,0.));
#12039=DIRECTION('',(0.,0.,1.));
#12040=DIRECTION('',(0.,1.,0.));
#12041=DIRECTION('center_axis',(-1.,0.,0.));
#12042=DIRECTION('ref_axis',(0.,1.,0.));
#12043=DIRECTION('',(0.,0.,1.));
#12044=DIRECTION('center_axis',(0.,0.970142500145391,0.242535625036098));
#12045=DIRECTION('ref_axis',(0.,0.242535625036098,-0.970142500145391));
#12046=DIRECTION('',(0.235702260697016,-0.235702260378016,0.942809041511063));
#12047=DIRECTION('',(1.,0.,0.));
#12048=DIRECTION('',(0.235702260697016,0.235702260378016,-0.942809041511063));
#12049=DIRECTION('center_axis',(0.,-1.,0.));
#12050=DIRECTION('ref_axis',(0.,0.,1.));
#12051=DIRECTION('',(0.,0.,1.));
#12052=DIRECTION('center_axis',(0.,-1.,0.));
#12053=DIRECTION('ref_axis',(0.,0.,1.));
#12054=DIRECTION('',(-1.,0.,0.));
#12055=DIRECTION('center_axis',(0.970142500145391,0.,0.242535625036098));
#12056=DIRECTION('ref_axis',(0.242535625036098,0.,-0.970142500145391));
#12057=DIRECTION('',(0.,-1.,0.));
#12058=DIRECTION('',(0.235702260378016,-0.235702260697016,-0.942809041511063));
#12059=DIRECTION('center_axis',(0.242535625036098,0.,0.970142500145391));
#12060=DIRECTION('ref_axis',(0.970142500145391,0.,-0.242535625036098));
#12061=DIRECTION('',(0.942809041511063,0.235702260697016,-0.235702260378016));
#12062=DIRECTION('',(0.,-1.,0.));
#12063=DIRECTION('center_axis',(1.,0.,0.));
#12064=DIRECTION('ref_axis',(0.,-1.,0.));
#12065=DIRECTION('',(0.,0.,-1.));
#12066=DIRECTION('',(0.,-1.,0.));
#12067=DIRECTION('center_axis',(0.242535625036098,0.,-0.970142500145391));
#12068=DIRECTION('ref_axis',(-0.970142500145391,0.,-0.242535625036098));
#12069=DIRECTION('',(-0.942809041511063,-0.235702260697016,-0.235702260378016));
#12070=DIRECTION('center_axis',(-0.970142500145391,0.,0.242535625036098));
#12071=DIRECTION('ref_axis',(0.242535625036098,0.,0.970142500145391));
#12072=DIRECTION('',(0.235702260378016,0.235702260697016,0.942809041511063));
#12073=DIRECTION('',(0.,1.,0.));
#12074=DIRECTION('center_axis',(0.,0.,-1.));
#12075=DIRECTION('ref_axis',(0.,-1.,0.));
#12076=DIRECTION('',(-1.,0.,0.));
#12077=DIRECTION('center_axis',(0.242535625036098,-0.970142500145391,0.));
#12078=DIRECTION('ref_axis',(-0.970142500145391,-0.242535625036098,0.));
#12079=DIRECTION('center_axis',(0.,-0.970142500145391,0.242535625036098));
#12080=DIRECTION('ref_axis',(0.,0.242535625036098,0.970142500145391));
#12081=DIRECTION('center_axis',(0.,1.,0.));
#12082=DIRECTION('ref_axis',(0.,0.,-1.));
#12083=DIRECTION('',(0.,0.,1.));
#12084=DIRECTION('',(1.,0.,0.));
#12085=DIRECTION('',(0.,0.,-1.));
#12086=DIRECTION('center_axis',(0.,1.,0.));
#12087=DIRECTION('ref_axis',(0.,0.,-1.));
#12088=DIRECTION('',(0.,0.,-1.));
#12089=DIRECTION('center_axis',(0.,-1.,0.));
#12090=DIRECTION('ref_axis',(0.,0.,-1.));
#12091=DIRECTION('',(1.,0.,0.));
#12092=DIRECTION('',(0.,0.,-1.));
#12093=DIRECTION('',(-1.,0.,0.));
#12094=DIRECTION('center_axis',(0.,1.,0.));
#12095=DIRECTION('ref_axis',(0.,0.,-1.));
#12096=DIRECTION('',(0.,0.,1.));
#12097=DIRECTION('center_axis',(0.,0.,-1.));
#12098=DIRECTION('ref_axis',(0.,-1.,0.));
#12099=DIRECTION('',(-1.,0.,0.));
#12100=DIRECTION('',(0.,-1.,0.));
#12101=DIRECTION('',(0.,-1.,0.));
#12102=DIRECTION('center_axis',(0.,-1.,0.));
#12103=DIRECTION('ref_axis',(-0.70710678118318,0.,-0.707106781189915));
#12104=DIRECTION('center_axis',(0.,-1.,0.));
#12105=DIRECTION('ref_axis',(0.,0.,1.));
#12106=DIRECTION('',(0.,-1.,0.));
#12107=DIRECTION('center_axis',(-1.,0.,0.));
#12108=DIRECTION('ref_axis',(0.,1.,0.));
#12109=DIRECTION('',(0.,0.,1.));
#12110=DIRECTION('',(0.,1.,0.));
#12111=DIRECTION('center_axis',(-1.,0.,0.));
#12112=DIRECTION('ref_axis',(0.,1.,0.));
#12113=DIRECTION('',(0.,0.,1.));
#12114=DIRECTION('center_axis',(0.,0.970142500145391,0.242535625036098));
#12115=DIRECTION('ref_axis',(0.,0.242535625036098,-0.970142500145391));
#12116=DIRECTION('',(0.235702260697016,-0.235702260378016,0.942809041511063));
#12117=DIRECTION('',(1.,0.,0.));
#12118=DIRECTION('',(0.235702260697016,0.235702260378016,-0.942809041511063));
#12119=DIRECTION('center_axis',(1.,0.,0.));
#12120=DIRECTION('ref_axis',(0.,-1.,0.));
#12121=DIRECTION('',(0.,-1.,0.));
#12122=DIRECTION('',(0.,0.,-1.));
#12123=DIRECTION('center_axis',(1.,0.,0.));
#12124=DIRECTION('ref_axis',(0.,-1.,0.));
#12125=DIRECTION('',(0.,0.,-1.));
#12126=DIRECTION('',(0.,1.,0.));
#12127=DIRECTION('center_axis',(0.,-1.,0.));
#12128=DIRECTION('ref_axis',(0.,0.,1.));
#12129=DIRECTION('',(0.,-1.,0.));
#12130=DIRECTION('center_axis',(0.,-1.,0.));
#12131=DIRECTION('ref_axis',(0.,0.,1.));
#12132=DIRECTION('center_axis',(0.,0.,1.));
#12133=DIRECTION('ref_axis',(0.,1.,0.));
#12134=DIRECTION('',(1.,0.,0.));
#12135=DIRECTION('',(0.,1.,0.));
#12136=DIRECTION('center_axis',(0.242535625036098,0.970142500145391,0.));
#12137=DIRECTION('ref_axis',(0.970142500145391,-0.242535625036098,0.));
#12138=DIRECTION('',(0.942809041511063,-0.235702260378016,-0.235702260697016));
#12139=DIRECTION('',(0.,0.,-1.));
#12140=DIRECTION('',(-0.942809041511063,0.235702260378016,-0.235702260697016));
#12141=DIRECTION('center_axis',(0.,-1.,0.));
#12142=DIRECTION('ref_axis',(0.,0.,1.));
#12143=DIRECTION('',(0.,0.,1.));
#12144=DIRECTION('center_axis',(0.,-1.,0.));
#12145=DIRECTION('ref_axis',(0.,0.,1.));
#12146=DIRECTION('',(-1.,0.,0.));
#12147=DIRECTION('center_axis',(0.242535625036098,0.,-0.970142500145391));
#12148=DIRECTION('ref_axis',(-0.970142500145391,0.,-0.242535625036098));
#12149=DIRECTION('',(0.,-1.,0.));
#12150=DIRECTION('',(-0.942809041511063,-0.235702260697016,-0.235702260378016));
#12151=DIRECTION('center_axis',(-0.970142500145391,0.,0.242535625036098));
#12152=DIRECTION('ref_axis',(0.242535625036098,0.,0.970142500145391));
#12153=DIRECTION('',(0.235702260378016,0.235702260697016,0.942809041511063));
#12154=DIRECTION('',(0.,1.,0.));
#12155=DIRECTION('center_axis',(0.,0.,-1.));
#12156=DIRECTION('ref_axis',(0.,-1.,0.));
#12157=DIRECTION('',(-1.,0.,0.));
#12158=DIRECTION('',(0.,-1.,0.));
#12159=DIRECTION('center_axis',(0.970142500145391,0.,0.242535625036098));
#12160=DIRECTION('ref_axis',(0.242535625036098,0.,-0.970142500145391));
#12161=DIRECTION('',(0.235702260378016,-0.235702260697016,-0.942809041511063));
#12162=DIRECTION('center_axis',(0.242535625036098,0.,0.970142500145391));
#12163=DIRECTION('ref_axis',(0.970142500145391,0.,-0.242535625036098));
#12164=DIRECTION('',(0.942809041511063,0.235702260697016,-0.235702260378016));
#12165=DIRECTION('',(0.,-1.,0.));
#12166=DIRECTION('center_axis',(1.,0.,0.));
#12167=DIRECTION('ref_axis',(0.,-1.,0.));
#12168=DIRECTION('',(0.,0.,-1.));
#12169=DIRECTION('center_axis',(0.,-0.970142500145391,0.242535625036098));
#12170=DIRECTION('ref_axis',(0.,0.242535625036098,0.970142500145391));
#12171=DIRECTION('center_axis',(0.242535625036098,-0.970142500145391,0.));
#12172=DIRECTION('ref_axis',(-0.970142500145391,-0.242535625036098,0.));
#12173=DIRECTION('center_axis',(0.,0.,-1.));
#12174=DIRECTION('ref_axis',(0.,-1.,0.));
#12175=DIRECTION('center_axis',(0.,0.,-1.));
#12176=DIRECTION('ref_axis',(1.,0.,0.));
#12177=DIRECTION('center_axis',(-6.70595325305634E-15,-6.7059532530597E-15,
-1.));
#12178=DIRECTION('ref_axis',(1.,2.63677968348537E-13,-5.5511151231271E-15));
#12179=DIRECTION('',(0.,0.,1.));
#12180=DIRECTION('center_axis',(0.,0.,-1.));
#12181=DIRECTION('ref_axis',(1.,0.,0.));
#12182=DIRECTION('center_axis',(0.,0.,-1.));
#12183=DIRECTION('ref_axis',(1.,0.,0.));
#12184=DIRECTION('center_axis',(0.,0.,-1.));
#12185=DIRECTION('ref_axis',(0.,-1.,0.));
#12186=DIRECTION('center_axis',(0.,0.,-1.));
#12187=DIRECTION('ref_axis',(1.,0.,0.));
#12188=DIRECTION('center_axis',(2.37609635690073E-12,1.,2.40224686786502E-12));
#12189=DIRECTION('ref_axis',(0.,-2.40202919281787E-12,1.));
#12190=DIRECTION('center_axis',(-2.37609635690073E-12,-1.,-2.40224686786502E-12));
#12191=DIRECTION('ref_axis',(3.29322274820765E-27,-2.40224686786502E-12,
1.));
#12192=DIRECTION('center_axis',(-1.,0.,0.));
#12193=DIRECTION('ref_axis',(0.,1.,2.49578135929506E-11));
#12194=DIRECTION('center_axis',(-1.,0.,0.));
#12195=DIRECTION('ref_axis',(0.,1.,2.49578135929506E-11));
#12196=DIRECTION('center_axis',(0.,0.,1.));
#12197=DIRECTION('ref_axis',(-1.22464679915E-16,-1.,0.));
#12198=DIRECTION('',(0.,0.,-1.));
#12199=DIRECTION('center_axis',(-1.,0.,0.));
#12200=DIRECTION('ref_axis',(0.,-1.,0.));
#12201=DIRECTION('',(1.,0.,0.));
#12202=DIRECTION('center_axis',(-1.,2.31250435410544E-10,6.93835913626018E-16));
#12203=DIRECTION('ref_axis',(2.31251129299934E-10,1.,-2.77555756088114E-15));
#12204=DIRECTION('center_axis',(-1.,0.,0.));
#12205=DIRECTION('ref_axis',(0.,-1.,0.));
#12206=DIRECTION('',(0.707106781186865,-0.70710678118623,8.65956056235105E-17));
#12207=DIRECTION('center_axis',(-1.,0.,0.));
#12208=DIRECTION('ref_axis',(0.,1.,0.));
#12209=DIRECTION('center_axis',(-1.,0.,0.));
#12210=DIRECTION('ref_axis',(0.,-1.,0.));
#12211=DIRECTION('center_axis',(0.,1.73472347602E-16,-1.));
#12212=DIRECTION('ref_axis',(-1.2246467798E-16,1.,1.73472347602E-16));
#12213=DIRECTION('',(1.36806445641629E-24,0.70710678118623,0.707106781186865));
#12214=DIRECTION('center_axis',(0.,0.,-1.));
#12215=DIRECTION('ref_axis',(1.,0.,0.));
#12216=DIRECTION('center_axis',(0.,0.,-1.));
#12217=DIRECTION('ref_axis',(0.,-1.,0.));
#12218=DIRECTION('center_axis',(0.,0.,1.));
#12219=DIRECTION('ref_axis',(0.,1.,0.));
#12220=DIRECTION('center_axis',(0.,0.,-1.));
#12221=DIRECTION('ref_axis',(-1.22464679915E-16,1.,0.));
#12222=DIRECTION('',(0.,0.,1.));
#12223=DIRECTION('center_axis',(0.,0.,-1.));
#12224=DIRECTION('ref_axis',(1.,0.,0.));
#12225=DIRECTION('',(0.,0.,-1.));
#12226=DIRECTION('center_axis',(0.,0.,-1.));
#12227=DIRECTION('ref_axis',(1.,0.,0.));
#12228=DIRECTION('',(0.,0.,-1.));
#12229=DIRECTION('center_axis',(0.,0.,-1.));
#12230=DIRECTION('ref_axis',(1.,0.,0.));
#12231=DIRECTION('',(0.,0.,-1.));
#12232=DIRECTION('center_axis',(0.,0.,-1.));
#12233=DIRECTION('ref_axis',(1.,0.,0.));
#12234=DIRECTION('',(0.,0.,-1.));
#12235=DIRECTION('center_axis',(-3.02682385511115E-9,1.99464338936606E-10,
-1.));
#12236=DIRECTION('ref_axis',(0.131578947368696,0.991305694833509,-2.0053666329857E-10));
#12237=DIRECTION('',(0.,0.,-1.));
#12238=DIRECTION('center_axis',(0.,0.,-1.));
#12239=DIRECTION('ref_axis',(1.,0.,0.));
#12240=DIRECTION('',(0.,0.,-1.));
#12241=DIRECTION('center_axis',(0.,0.,-1.));
#12242=DIRECTION('ref_axis',(1.,0.,0.));
#12243=DIRECTION('',(0.,0.,-1.));
#12244=DIRECTION('center_axis',(0.,0.,-1.));
#12245=DIRECTION('ref_axis',(1.,0.,0.));
#12246=DIRECTION('',(0.,0.,-1.));
#12247=DIRECTION('center_axis',(0.,0.,-1.));
#12248=DIRECTION('ref_axis',(1.,0.,0.));
#12249=DIRECTION('center_axis',(0.,0.,1.));
#12250=DIRECTION('ref_axis',(0.,1.,0.));
#12251=DIRECTION('',(0.,1.,0.));
#12252=DIRECTION('',(1.,0.,0.));
#12253=DIRECTION('',(-1.,0.,0.));
#12254=DIRECTION('',(0.,-1.,0.));
#12255=DIRECTION('',(0.,-1.,0.));
#12256=DIRECTION('',(1.,0.,0.));
#12257=DIRECTION('',(1.,0.,0.));
#12258=DIRECTION('',(0.,-1.,0.));
#12259=DIRECTION('center_axis',(-1.,0.,0.));
#12260=DIRECTION('ref_axis',(0.,-1.,0.));
#12261=DIRECTION('',(0.,0.,-1.));
#12262=DIRECTION('center_axis',(0.,0.,1.));
#12263=DIRECTION('ref_axis',(-1.22464391473E-16,-1.,0.));
#12264=DIRECTION('center_axis',(0.,0.,1.));
#12265=DIRECTION('ref_axis',(-1.,0.,0.));
#12266=DIRECTION('center_axis',(0.,-1.,0.));
#12267=DIRECTION('ref_axis',(1.,0.,0.));
#12268=DIRECTION('center_axis',(0.,-1.,0.));
#12269=DIRECTION('ref_axis',(1.,0.,0.));
#12270=DIRECTION('',(0.,0.,-1.));
#12271=DIRECTION('center_axis',(0.,0.,1.));
#12272=DIRECTION('ref_axis',(-1.22464391473E-16,-1.,0.));
#12273=DIRECTION('center_axis',(0.,0.,1.));
#12274=DIRECTION('ref_axis',(-1.,0.,0.));
#12275=DIRECTION('center_axis',(-1.,0.,0.));
#12276=DIRECTION('ref_axis',(0.,-1.,0.));
#12277=DIRECTION('center_axis',(-1.,0.,0.));
#12278=DIRECTION('ref_axis',(0.,-1.,0.));
#12279=DIRECTION('',(0.,0.,1.));
#12280=DIRECTION('center_axis',(0.,0.,1.));
#12281=DIRECTION('ref_axis',(0.,1.,0.));
#12282=DIRECTION('center_axis',(0.,0.,1.));
#12283=DIRECTION('ref_axis',(-1.,0.,0.));
#12284=DIRECTION('center_axis',(0.,-1.,0.));
#12285=DIRECTION('ref_axis',(1.,0.,0.));
#12286=DIRECTION('center_axis',(0.,-1.,0.));
#12287=DIRECTION('ref_axis',(1.,0.,0.));
#12288=DIRECTION('',(0.,0.,1.));
#12289=DIRECTION('center_axis',(0.,0.,1.));
#12290=DIRECTION('ref_axis',(0.,1.,0.));
#12291=DIRECTION('center_axis',(0.,0.,1.));
#12292=DIRECTION('ref_axis',(-1.,0.,0.));
#12293=DIRECTION('center_axis',(-1.,0.,0.));
#12294=DIRECTION('ref_axis',(0.,-1.,0.));
#12295=CARTESIAN_POINT('',(0.,0.,0.));
#12296=CARTESIAN_POINT('Origin',(2.6,3.5,-7.5));
#12297=CARTESIAN_POINT('',(2.86404888246,4.69620365644,-7.75));
#12298=CARTESIAN_POINT('',(2.71852184829,4.7192528743,-7.75));
#12299=CARTESIAN_POINT('Origin',(2.6,3.5,-7.75));
#12300=CARTESIAN_POINT('',(2.71852184829,4.7192528743,-8.5));
#12301=CARTESIAN_POINT('',(2.71852184829,4.7192528743,-7.5));
#12302=CARTESIAN_POINT('',(2.86404888246,4.69620365644,-8.5));
#12303=CARTESIAN_POINT('Origin',(2.6,3.5,-8.5));
#12304=CARTESIAN_POINT('',(2.86404888246,4.69620365644,-7.5));
#12305=CARTESIAN_POINT('Origin',(2.6,3.5,-7.5));
#12306=CARTESIAN_POINT('',(3.22077266886,4.55606169025,-7.75));
#12307=CARTESIAN_POINT('',(3.08949083474,4.62295312579,-7.75));
#12308=CARTESIAN_POINT('Origin',(2.6,3.5,-7.75));
#12309=CARTESIAN_POINT('',(3.08949083474,4.62295312579,-8.5));
#12310=CARTESIAN_POINT('',(3.08949083474,4.62295312579,-7.5));
#12311=CARTESIAN_POINT('',(3.22077266886,4.55606169025,-8.5));
#12312=CARTESIAN_POINT('Origin',(2.6,3.5,-8.5));
#12313=CARTESIAN_POINT('',(3.22077266886,4.55606169025,-7.5));
#12314=CARTESIAN_POINT('Origin',(2.6,3.5,-7.5));
#12315=CARTESIAN_POINT('',(3.51673090125,4.3125450478,-7.75));
#12316=CARTESIAN_POINT('',(3.4125450478,4.41673090125,-7.75));
#12317=CARTESIAN_POINT('Origin',(2.6,3.5,-7.75));
#12318=CARTESIAN_POINT('',(3.4125450478,4.41673090125,-8.5));
#12319=CARTESIAN_POINT('',(3.4125450478,4.41673090125,-7.5));
#12320=CARTESIAN_POINT('',(3.51673090125,4.3125450478,-8.5));
#12321=CARTESIAN_POINT('Origin',(2.6,3.5,-8.5));
#12322=CARTESIAN_POINT('',(3.51673090125,4.3125450478,-7.5));
#12323=CARTESIAN_POINT('Origin',(2.6,3.5,-7.5));
#12324=CARTESIAN_POINT('',(3.72295312578,3.98949083474,-7.75));
#12325=CARTESIAN_POINT('',(3.65606169024,4.12077266886,-7.75));
#12326=CARTESIAN_POINT('Origin',(2.6,3.5,-7.75));
#12327=CARTESIAN_POINT('',(3.65606169024,4.12077266886,-8.5));
#12328=CARTESIAN_POINT('',(3.65606169024,4.12077266886,-7.5));
#12329=CARTESIAN_POINT('',(3.72295312578,3.98949083474,-8.5));
#12330=CARTESIAN_POINT('Origin',(2.6,3.5,-8.5));
#12331=CARTESIAN_POINT('',(3.72295312578,3.98949083474,-7.5));
#12332=CARTESIAN_POINT('Origin',(2.6,3.5,-7.5));
#12333=CARTESIAN_POINT('',(3.8192528743,3.61852184829,-7.75));
#12334=CARTESIAN_POINT('',(3.79620365644,3.76404888246,-7.75));
#12335=CARTESIAN_POINT('Origin',(2.6,3.5,-7.75));
#12336=CARTESIAN_POINT('',(3.79620365644,3.76404888246,-8.5));
#12337=CARTESIAN_POINT('',(3.79620365644,3.76404888246,-7.5));
#12338=CARTESIAN_POINT('',(3.8192528743,3.61852184829,-8.5));
#12339=CARTESIAN_POINT('Origin',(2.6,3.5,-8.5));
#12340=CARTESIAN_POINT('',(3.8192528743,3.61852184829,-7.5));
#12341=CARTESIAN_POINT('Origin',(2.6,3.5,-7.5));
#12342=CARTESIAN_POINT('',(3.79620365644,3.23595111754,-7.75));
#12343=CARTESIAN_POINT('',(3.8192528743,3.38147815171,-7.75));
#12344=CARTESIAN_POINT('Origin',(2.6,3.5,-7.75));
#12345=CARTESIAN_POINT('',(3.8192528743,3.38147815171,-8.5));
#12346=CARTESIAN_POINT('',(3.8192528743,3.38147815171,-7.5));
#12347=CARTESIAN_POINT('',(3.79620365644,3.23595111754,-8.5));
#12348=CARTESIAN_POINT('Origin',(2.6,3.5,-8.5));
#12349=CARTESIAN_POINT('',(3.79620365644,3.23595111754,-7.5));
#12350=CARTESIAN_POINT('Origin',(2.6,3.5,-7.5));
#12351=CARTESIAN_POINT('',(3.65606169024,2.87922733115,-7.75));
#12352=CARTESIAN_POINT('',(3.72295312578,3.01050916526,-7.75));
#12353=CARTESIAN_POINT('Origin',(2.6,3.5,-7.75));
#12354=CARTESIAN_POINT('',(3.72295312578,3.01050916526,-8.5));
#12355=CARTESIAN_POINT('',(3.72295312578,3.01050916526,-7.5));
#12356=CARTESIAN_POINT('',(3.65606169024,2.87922733115,-8.5));
#12357=CARTESIAN_POINT('Origin',(2.6,3.5,-8.5));
#12358=CARTESIAN_POINT('',(3.65606169024,2.87922733115,-7.5));
#12359=CARTESIAN_POINT('Origin',(2.6,3.5,-7.5));
#12360=CARTESIAN_POINT('',(3.4125450478,2.58326909875,-7.75));
#12361=CARTESIAN_POINT('',(3.51673090125,2.6874549522,-7.75));
#12362=CARTESIAN_POINT('Origin',(2.6,3.5,-7.75));
#12363=CARTESIAN_POINT('',(3.51673090125,2.6874549522,-8.5));
#12364=CARTESIAN_POINT('',(3.51673090125,2.6874549522,-7.5));
#12365=CARTESIAN_POINT('',(3.4125450478,2.58326909875,-8.5));
#12366=CARTESIAN_POINT('Origin',(2.6,3.5,-8.5));
#12367=CARTESIAN_POINT('',(3.4125450478,2.58326909875,-7.5));
#12368=CARTESIAN_POINT('Origin',(2.6,3.5,-7.5));
#12369=CARTESIAN_POINT('',(3.08949083474,2.37704687422,-7.75));
#12370=CARTESIAN_POINT('',(3.22077266886,2.44393830976,-7.75));
#12371=CARTESIAN_POINT('Origin',(2.6,3.5,-7.75));
#12372=CARTESIAN_POINT('',(3.22077266886,2.44393830976,-8.5));
#12373=CARTESIAN_POINT('',(3.22077266886,2.44393830976,-7.5));
#12374=CARTESIAN_POINT('',(3.08949083474,2.37704687422,-8.5));
#12375=CARTESIAN_POINT('Origin',(2.6,3.5,-8.5));
#12376=CARTESIAN_POINT('',(3.08949083474,2.37704687422,-7.5));
#12377=CARTESIAN_POINT('Origin',(2.6,3.5,-7.5));
#12378=CARTESIAN_POINT('',(2.86404888246,2.30379634356,-8.5));
#12379=CARTESIAN_POINT('',(2.71852184829,2.28074712571,-8.5));
#12380=CARTESIAN_POINT('Origin',(2.6,3.5,-8.5));
#12381=CARTESIAN_POINT('',(2.71852184869,2.28074712493,-7.75));
#12382=CARTESIAN_POINT('',(2.71852184829,2.28074712571,-7.5));
#12383=CARTESIAN_POINT('',(2.86404888183,2.30379634351,-7.75));
#12384=CARTESIAN_POINT('Origin',(2.6,3.5,-7.75));
#12385=CARTESIAN_POINT('',(2.86404888246,2.30379634356,-7.5));
#12386=CARTESIAN_POINT('Origin',(2.6,3.5,-7.5));
#12387=CARTESIAN_POINT('',(2.33595111754,2.30379634356,-7.75));
#12388=CARTESIAN_POINT('',(2.48147815171,2.28074712571,-7.75));
#12389=CARTESIAN_POINT('Origin',(2.6,3.5,-7.75));
#12390=CARTESIAN_POINT('',(2.48147815171,2.28074712571,-8.5));
#12391=CARTESIAN_POINT('',(2.48147815171,2.28074712571,-7.5));
#12392=CARTESIAN_POINT('',(2.33595111754,2.30379634356,-8.5));
#12393=CARTESIAN_POINT('Origin',(2.6,3.5,-8.5));
#12394=CARTESIAN_POINT('',(2.33595111754,2.30379634356,-7.5));
#12395=CARTESIAN_POINT('Origin',(2.6,3.5,-7.5));
#12396=CARTESIAN_POINT('',(1.97922733114,2.44393830976,-7.75));
#12397=CARTESIAN_POINT('',(2.11050916526,2.37704687422,-7.75));
#12398=CARTESIAN_POINT('Origin',(2.6,3.5,-7.75));
#12399=CARTESIAN_POINT('',(2.11050916526,2.37704687422,-8.5));
#12400=CARTESIAN_POINT('',(2.11050916526,2.37704687422,-7.5));
#12401=CARTESIAN_POINT('',(1.97922733114,2.44393830976,-8.5));
#12402=CARTESIAN_POINT('Origin',(2.6,3.5,-8.5));
#12403=CARTESIAN_POINT('',(1.97922733114,2.44393830976,-7.5));
#12404=CARTESIAN_POINT('Origin',(2.6,3.5,-7.5));
#12405=CARTESIAN_POINT('',(1.68326909875,2.6874549522,-7.75));
#12406=CARTESIAN_POINT('',(1.7874549522,2.58326909875,-7.75));
#12407=CARTESIAN_POINT('Origin',(2.6,3.5,-7.75));
#12408=CARTESIAN_POINT('',(1.7874549522,2.58326909875,-8.5));
#12409=CARTESIAN_POINT('',(1.7874549522,2.58326909875,-7.5));
#12410=CARTESIAN_POINT('',(1.68326909875,2.6874549522,-8.5));
#12411=CARTESIAN_POINT('Origin',(2.6,3.5,-8.5));
#12412=CARTESIAN_POINT('',(1.68326909875,2.6874549522,-7.5));
#12413=CARTESIAN_POINT('Origin',(2.6,3.5,-7.5));
#12414=CARTESIAN_POINT('',(1.47704687422,3.01050916526,-7.75));
#12415=CARTESIAN_POINT('',(1.54393830976,2.87922733115,-7.75));
#12416=CARTESIAN_POINT('Origin',(2.6,3.5,-7.75));
#12417=CARTESIAN_POINT('',(1.54393830976,2.87922733115,-8.5));
#12418=CARTESIAN_POINT('',(1.54393830976,2.87922733115,-7.5));
#12419=CARTESIAN_POINT('',(1.47704687422,3.01050916526,-8.5));
#12420=CARTESIAN_POINT('Origin',(2.6,3.5,-8.5));
#12421=CARTESIAN_POINT('',(1.47704687422,3.01050916526,-7.5));
#12422=CARTESIAN_POINT('Origin',(2.6,3.5,-7.5));
#12423=CARTESIAN_POINT('',(1.3807471257,3.38147815171,-7.75));
#12424=CARTESIAN_POINT('',(1.40379634356,3.23595111754,-7.75));
#12425=CARTESIAN_POINT('Origin',(2.6,3.5,-7.75));
#12426=CARTESIAN_POINT('',(1.40379634356,3.23595111754,-8.5));
#12427=CARTESIAN_POINT('',(1.40379634356,3.23595111754,-7.5));
#12428=CARTESIAN_POINT('',(1.3807471257,3.38147815171,-8.5));
#12429=CARTESIAN_POINT('Origin',(2.6,3.5,-8.5));
#12430=CARTESIAN_POINT('',(1.3807471257,3.38147815171,-7.5));
#12431=CARTESIAN_POINT('Origin',(2.6,3.5,-7.5));
#12432=CARTESIAN_POINT('',(1.40379634356,3.76404888246,-7.75));
#12433=CARTESIAN_POINT('',(1.3807471257,3.61852184829,-7.75));
#12434=CARTESIAN_POINT('Origin',(2.6,3.5,-7.75));
#12435=CARTESIAN_POINT('',(1.3807471257,3.61852184829,-8.5));
#12436=CARTESIAN_POINT('',(1.3807471257,3.61852184829,-7.5));
#12437=CARTESIAN_POINT('',(1.40379634356,3.76404888246,-8.5));
#12438=CARTESIAN_POINT('Origin',(2.6,3.5,-8.5));
#12439=CARTESIAN_POINT('',(1.40379634356,3.76404888246,-7.5));
#12440=CARTESIAN_POINT('Origin',(2.6,3.5,-7.5));
#12441=CARTESIAN_POINT('',(1.54393830976,4.12077266886,-7.75));
#12442=CARTESIAN_POINT('',(1.47704687422,3.98949083474,-7.75));
#12443=CARTESIAN_POINT('Origin',(2.6,3.5,-7.75));
#12444=CARTESIAN_POINT('',(1.47704687422,3.98949083474,-8.5));
#12445=CARTESIAN_POINT('',(1.47704687422,3.98949083474,-7.5));
#12446=CARTESIAN_POINT('',(1.54393830976,4.12077266886,-8.5));
#12447=CARTESIAN_POINT('Origin',(2.6,3.5,-8.5));
#12448=CARTESIAN_POINT('',(1.54393830976,4.12077266886,-7.5));
#12449=CARTESIAN_POINT('Origin',(2.6,3.5,-7.5));
#12450=CARTESIAN_POINT('',(1.7874549522,4.41673090125,-7.75));
#12451=CARTESIAN_POINT('',(1.68326909875,4.3125450478,-7.75));
#12452=CARTESIAN_POINT('Origin',(2.6,3.5,-7.75));
#12453=CARTESIAN_POINT('',(1.68326909875,4.3125450478,-8.5));
#12454=CARTESIAN_POINT('',(1.68326909875,4.3125450478,-7.5));
#12455=CARTESIAN_POINT('',(1.7874549522,4.41673090125,-8.5));
#12456=CARTESIAN_POINT('Origin',(2.6,3.5,-8.5));
#12457=CARTESIAN_POINT('',(1.7874549522,4.41673090125,-7.5));
#12458=CARTESIAN_POINT('Origin',(2.6,3.5,-7.5));
#12459=CARTESIAN_POINT('',(2.11050916526,4.62295312579,-7.75));
#12460=CARTESIAN_POINT('',(1.97922733114,4.55606169025,-7.75));
#12461=CARTESIAN_POINT('Origin',(2.6,3.5,-7.75));
#12462=CARTESIAN_POINT('',(1.97922733114,4.55606169025,-8.5));
#12463=CARTESIAN_POINT('',(1.97922733114,4.55606169025,-7.5));
#12464=CARTESIAN_POINT('',(2.11050916526,4.62295312579,-8.5));
#12465=CARTESIAN_POINT('Origin',(2.6,3.5,-8.5));
#12466=CARTESIAN_POINT('',(2.11050916526,4.62295312579,-7.5));
#12467=CARTESIAN_POINT('Origin',(2.6,3.5,-7.5));
#12468=CARTESIAN_POINT('',(2.48147815171,4.7192528743,-7.75));
#12469=CARTESIAN_POINT('',(2.33595111754,4.69620365644,-7.75));
#12470=CARTESIAN_POINT('Origin',(2.6,3.5,-7.75));
#12471=CARTESIAN_POINT('',(2.33595111754,4.69620365644,-8.5));
#12472=CARTESIAN_POINT('',(2.33595111754,4.69620365644,-7.5));
#12473=CARTESIAN_POINT('',(2.48147815171,4.7192528743,-8.5));
#12474=CARTESIAN_POINT('Origin',(2.6,3.5,-8.5));
#12475=CARTESIAN_POINT('',(2.48147815171,4.7192528743,-7.5));
#12476=CARTESIAN_POINT('Origin',(2.6,3.5,-7.75));
#12477=CARTESIAN_POINT('',(2.89860402226,2.28618962007,-7.75));
#12478=CARTESIAN_POINT('',(3.07188411156,2.34249173336,-7.75));
#12479=CARTESIAN_POINT('Origin',(2.6,3.5,-7.75));
#12480=CARTESIAN_POINT('',(2.88132645204,2.29499298179,-7.75));
#12481=CARTESIAN_POINT('',(2.69109873349,2.2533240109,-7.75));
#12482=CARTESIAN_POINT('',(2.70481029109,2.26703556791,-7.75));
#12483=CARTESIAN_POINT('',(2.50890126651,2.2533240109,-7.75));
#12484=CARTESIAN_POINT('Origin',(2.6,3.5,-7.75));
#12485=CARTESIAN_POINT('',(2.49518970891,2.26703556791,-7.75));
#12486=CARTESIAN_POINT('',(2.30139597774,2.28618962007,-7.75));
#12487=CARTESIAN_POINT('',(2.31867354796,2.29499298179,-7.75));
#12488=CARTESIAN_POINT('',(2.12811588844,2.34249173336,-7.75));
#12489=CARTESIAN_POINT('Origin',(2.6,3.5,-7.75));
#12490=CARTESIAN_POINT('',(2.11931252672,2.35976930358,-7.75));
#12491=CARTESIAN_POINT('',(1.94092266261,2.43787144661,-7.75));
#12492=CARTESIAN_POINT('',(1.96007499676,2.44090487797,-7.75));
#12493=CARTESIAN_POINT('',(1.79352181581,2.54496443047,-7.75));
#12494=CARTESIAN_POINT('Origin',(2.6,3.5,-7.75));
#12495=CARTESIAN_POINT('',(1.79048838387,2.56411676462,-7.75));
#12496=CARTESIAN_POINT('',(1.64496443047,2.69352181582,-7.75));
#12497=CARTESIAN_POINT('',(1.66411676462,2.69048838387,-7.75));
#12498=CARTESIAN_POINT('',(1.53787144661,2.84092266261,-7.75));
#12499=CARTESIAN_POINT('Origin',(2.6,3.5,-7.75));
#12500=CARTESIAN_POINT('',(1.54090487797,2.86007499676,-7.75));
#12501=CARTESIAN_POINT('',(1.44249173336,3.02811588844,-7.75));
#12502=CARTESIAN_POINT('',(1.45976930358,3.01931252672,-7.75));
#12503=CARTESIAN_POINT('',(1.38618962007,3.20139597774,-7.75));
#12504=CARTESIAN_POINT('Origin',(2.6,3.5,-7.75));
#12505=CARTESIAN_POINT('',(1.39499298179,3.21867354796,-7.75));
#12506=CARTESIAN_POINT('',(1.3533240109,3.40890126651,-7.75));
#12507=CARTESIAN_POINT('',(1.36703556791,3.39518970891,-7.75));
#12508=CARTESIAN_POINT('',(1.35,3.5,-7.75));
#12509=CARTESIAN_POINT('Origin',(2.6,3.5,-7.75));
#12510=CARTESIAN_POINT('',(1.3533240109,3.5910987335,-7.75));
#12511=CARTESIAN_POINT('Origin',(2.6,3.5,-7.75));
#12512=CARTESIAN_POINT('',(1.36703556791,3.6048102911,-7.75));
#12513=CARTESIAN_POINT('',(1.38618962007,3.79860402226,-7.75));
#12514=CARTESIAN_POINT('',(1.39499298179,3.78132645204,-7.75));
#12515=CARTESIAN_POINT('',(1.44249173337,3.97188411156,-7.75));
#12516=CARTESIAN_POINT('Origin',(2.6,3.5,-7.75));
#12517=CARTESIAN_POINT('',(1.45976930358,3.98068747328,-7.75));
#12518=CARTESIAN_POINT('',(1.53787144661,4.15907733739,-7.75));
#12519=CARTESIAN_POINT('',(1.54090487797,4.13992500324,-7.75));
#12520=CARTESIAN_POINT('',(1.64496443047,4.30647818419,-7.75));
#12521=CARTESIAN_POINT('Origin',(2.6,3.5,-7.75));
#12522=CARTESIAN_POINT('',(1.66411676462,4.30951161613,-7.75));
#12523=CARTESIAN_POINT('',(1.79352181581,4.45503556953,-7.75));
#12524=CARTESIAN_POINT('',(1.79048838387,4.43588323538,-7.75));
#12525=CARTESIAN_POINT('',(1.94092266261,4.56212855339,-7.75));
#12526=CARTESIAN_POINT('Origin',(2.6,3.5,-7.75));
#12527=CARTESIAN_POINT('',(1.96007499676,4.55909512203,-7.75));
#12528=CARTESIAN_POINT('',(2.12811588844,4.65750826663,-7.75));
#12529=CARTESIAN_POINT('',(2.11931252672,4.64023069642,-7.75));
#12530=CARTESIAN_POINT('',(2.30139597774,4.71381037993,-7.75));
#12531=CARTESIAN_POINT('Origin',(2.6,3.5,-7.75));
#12532=CARTESIAN_POINT('',(2.31867354796,4.70500701821,-7.75));
#12533=CARTESIAN_POINT('',(2.5089012665,4.7466759891,-7.75));
#12534=CARTESIAN_POINT('',(2.4951897089,4.73296443209,-7.75));
#12535=CARTESIAN_POINT('',(2.6910987335,4.7466759891,-7.75));
#12536=CARTESIAN_POINT('Origin',(2.6,3.5,-7.75));
#12537=CARTESIAN_POINT('',(2.7048102911,4.73296443209,-7.75));
#12538=CARTESIAN_POINT('',(2.89860402226,4.71381037993,-7.75));
#12539=CARTESIAN_POINT('',(2.88132645204,4.70500701821,-7.75));
#12540=CARTESIAN_POINT('',(3.07188411156,4.65750826663,-7.75));
#12541=CARTESIAN_POINT('Origin',(2.6,3.5,-7.75));
#12542=CARTESIAN_POINT('',(3.08068747328,4.64023069642,-7.75));
#12543=CARTESIAN_POINT('',(3.25907733739,4.56212855339,-7.75));
#12544=CARTESIAN_POINT('',(3.23992500324,4.55909512203,-7.75));
#12545=CARTESIAN_POINT('',(3.40647818419,4.45503556953,-7.75));
#12546=CARTESIAN_POINT('Origin',(2.6,3.5,-7.75));
#12547=CARTESIAN_POINT('',(3.40951161613,4.43588323538,-7.75));
#12548=CARTESIAN_POINT('',(3.55503556953,4.30647818419,-7.75));
#12549=CARTESIAN_POINT('',(3.53588323538,4.30951161613,-7.75));
#12550=CARTESIAN_POINT('',(3.66212855339,4.15907733739,-7.75));
#12551=CARTESIAN_POINT('Origin',(2.6,3.5,-7.75));
#12552=CARTESIAN_POINT('',(3.65909512203,4.13992500324,-7.75));
#12553=CARTESIAN_POINT('',(3.75750826663,3.97188411156,-7.75));
#12554=CARTESIAN_POINT('',(3.74023069642,3.98068747328,-7.75));
#12555=CARTESIAN_POINT('',(3.81381037993,3.79860402226,-7.75));
#12556=CARTESIAN_POINT('Origin',(2.6,3.5,-7.75));
#12557=CARTESIAN_POINT('',(3.80500701821,3.78132645204,-7.75));
#12558=CARTESIAN_POINT('',(3.8466759891,3.5910987335,-7.75));
#12559=CARTESIAN_POINT('',(3.83296443209,3.6048102911,-7.75));
#12560=CARTESIAN_POINT('',(3.8466759891,3.40890126651,-7.75));
#12561=CARTESIAN_POINT('Origin',(2.6,3.5,-7.75));
#12562=CARTESIAN_POINT('',(3.83296443209,3.39518970891,-7.75));
#12563=CARTESIAN_POINT('',(3.81381037993,3.20139597774,-7.75));
#12564=CARTESIAN_POINT('',(3.80500701821,3.21867354796,-7.75));
#12565=CARTESIAN_POINT('',(3.75750826595,3.02811588809,-7.75));
#12566=CARTESIAN_POINT('Origin',(2.6,3.5,-7.75));
#12567=CARTESIAN_POINT('',(3.74023069608,3.01931252655,-7.75));
#12568=CARTESIAN_POINT('',(3.66212855339,2.84092266261,-7.75));
#12569=CARTESIAN_POINT('',(3.65909512203,2.86007499676,-7.75));
#12570=CARTESIAN_POINT('',(3.55503556953,2.69352181582,-7.75));
#12571=CARTESIAN_POINT('Origin',(2.6,3.5,-7.75));
#12572=CARTESIAN_POINT('',(3.53588323538,2.69048838387,-7.75));
#12573=CARTESIAN_POINT('',(3.40647818419,2.54496443047,-7.75));
#12574=CARTESIAN_POINT('',(3.40951161613,2.56411676462,-7.75));
#12575=CARTESIAN_POINT('',(3.25907733739,2.43787144661,-7.75));
#12576=CARTESIAN_POINT('Origin',(2.6,3.5,-7.75));
#12577=CARTESIAN_POINT('',(3.23992500324,2.44090487797,-7.75));
#12578=CARTESIAN_POINT('',(3.08068747328,2.35976930358,-7.75));
#12579=CARTESIAN_POINT('',(2.6,4.55,-7.75000000075));
#12580=CARTESIAN_POINT('Origin',(2.6,3.5,-7.75));
#12581=CARTESIAN_POINT('Origin',(2.6,3.5,-7.45));
#12582=CARTESIAN_POINT('',(2.6,4.55,-6.74399999976));
#12583=CARTESIAN_POINT('Origin',(2.6,3.5,-6.74399999976));
#12584=CARTESIAN_POINT('',(2.6,4.55,-7.45));
#12585=CARTESIAN_POINT('Origin',(2.6,3.5,-6.744));
#12586=CARTESIAN_POINT('',(3.85,3.5,-6.744));
#12587=CARTESIAN_POINT('Origin',(2.6,3.5,-6.744));
#12588=CARTESIAN_POINT('Origin',(2.6,3.5,-7.65));
#12589=CARTESIAN_POINT('',(1.35,3.5,-7.65));
#12590=CARTESIAN_POINT('Origin',(2.6,3.5,-7.65));
#12591=CARTESIAN_POINT('',(1.425,3.5,-7.65));
#12592=CARTESIAN_POINT('Origin',(2.6,3.5,-7.65));
#12593=CARTESIAN_POINT('Origin',(2.6,3.5,-10.3));
#12594=CARTESIAN_POINT('',(3.85,3.5,-6.85000000075));
#12595=CARTESIAN_POINT('Origin',(2.6,3.5,-6.850000000375));
#12596=CARTESIAN_POINT('',(3.85,3.5,-10.3));
#12597=CARTESIAN_POINT('Origin',(2.6,3.5,-7.8));
#12598=CARTESIAN_POINT('',(1.425,3.5,-6.85));
#12599=CARTESIAN_POINT('',(1.425,3.5,-7.8));
#12600=CARTESIAN_POINT('Origin',(2.6,3.5,-6.850000000375));
#12601=CARTESIAN_POINT('Origin',(2.6,3.5,-6.85));
#12602=CARTESIAN_POINT('Origin',(2.91888961062,4.72414640311,-8.74711162098));
#12603=CARTESIAN_POINT('',(2.89860402233481,4.71381037991266,-8.5000000004));
#12604=CARTESIAN_POINT('',(2.89860402225,4.71381037957,-8.5000000006));
#12605=CARTESIAN_POINT('',(2.88132645204,4.70500701784,-8.5000000006));
#12606=CARTESIAN_POINT('Origin',(2.6,3.5,-8.5));
#12607=CARTESIAN_POINT('',(2.69109873426,4.74667598833,-8.5000000006));
#12608=CARTESIAN_POINT('Origin',(2.59999996207,3.49999972389,-8.5));
#12609=CARTESIAN_POINT('',(2.70481029097,4.73296443187,-8.5));
#12610=CARTESIAN_POINT('Origin',(2.675,4.76277472259,-8.74711162098));
#12611=CARTESIAN_POINT('',(2.69109873396,4.74667598862,-8.1250000006));
#12612=CARTESIAN_POINT('Origin',(3.28156408433,4.56569010456,-8.74711162098));
#12613=CARTESIAN_POINT('',(3.2590773365646,4.56212855356587,-8.49999999995));
#12614=CARTESIAN_POINT('',(3.25907733659,4.56212855361,-8.12499999993));
#12615=CARTESIAN_POINT('',(3.23992500227,4.55909512185,-8.5000000006));
#12616=CARTESIAN_POINT('Origin',(2.6,3.5,-8.5));
#12617=CARTESIAN_POINT('',(3.07188411172,4.65750826535,-8.5000000006));
#12618=CARTESIAN_POINT('Origin',(2.60000014973,3.50000028659,-8.5));
#12619=CARTESIAN_POINT('',(3.08068747297,4.64023069572,-8.5));
#12620=CARTESIAN_POINT('Origin',(3.06154808807,4.67779385395,-8.74711162098));
#12621=CARTESIAN_POINT('',(3.07188411226951,4.6575082654511,-8.5000000006));
#12622=CARTESIAN_POINT('Origin',(3.57752231672,4.30291663348,-8.74711162098));
#12623=CARTESIAN_POINT('',(3.55503556890115,4.30647818436391,-8.49999999995));
#12624=CARTESIAN_POINT('',(3.55503556899,4.30647818444,-8.12499999993));
#12625=CARTESIAN_POINT('',(3.53588323466,4.30951161619,-8.5000000006));
#12626=CARTESIAN_POINT('Origin',(2.6,3.5,-8.5));
#12627=CARTESIAN_POINT('',(3.40647818451,4.45503556853,-8.5000000006));
#12628=CARTESIAN_POINT('Origin',(2.60000000449,3.50000000449,-8.5));
#12629=CARTESIAN_POINT('',(3.40951161589,4.43588323519,-8.5));
#12630=CARTESIAN_POINT('Origin',(3.40291663348,4.47752231672,-8.74711162098));
#12631=CARTESIAN_POINT('',(3.40647818486545,4.45503556862356,-8.5000000006));
#12632=CARTESIAN_POINT('Origin',(3.77779385395,3.96154808807,-8.74711162098));
#12633=CARTESIAN_POINT('',(3.75750826507,3.97188411186,-8.5000000006));
#12634=CARTESIAN_POINT('',(3.75750826553994,3.97188411205158,-8.5000000006));
#12635=CARTESIAN_POINT('',(3.74023069536,3.98068747333,-8.5000000006));
#12636=CARTESIAN_POINT('Origin',(2.6,3.5,-8.5));
#12637=CARTESIAN_POINT('',(3.66212855353,4.15907733614,-8.5000000006));
#12638=CARTESIAN_POINT('Origin',(2.60000028659,3.50000014973,-8.5));
#12639=CARTESIAN_POINT('',(3.65909512192,4.13992500305,-8.5));
#12640=CARTESIAN_POINT('Origin',(3.66569010456,4.18156408433,-8.74711162098));
#12641=CARTESIAN_POINT('',(3.66212855351,4.15907733602,-8.5000000006));
#12642=CARTESIAN_POINT('Origin',(3.86277472259,3.575,-8.74711162098));
#12643=CARTESIAN_POINT('',(3.84667598863642,3.59109873393901,-8.49999999995));
#12644=CARTESIAN_POINT('',(3.84667598865,3.59109873394,-8.12499999993));
#12645=CARTESIAN_POINT('',(3.83296443115,3.60481029144,-8.5000000006));
#12646=CARTESIAN_POINT('Origin',(2.6,3.5,-8.5));
#12647=CARTESIAN_POINT('',(3.81381038012065,3.79860402216409,-8.5000000002));
#12648=CARTESIAN_POINT('Origin',(2.59999972389,3.49999996207,-8.5));
#12649=CARTESIAN_POINT('',(3.80500701852,3.78132645227,-8.5));
#12650=CARTESIAN_POINT('Origin',(3.82414640311,3.81888961062,-8.74711162098));
#12651=CARTESIAN_POINT('',(3.81381037967,3.79860402244,-8.12499999993));
#12652=CARTESIAN_POINT('Origin',(3.82414640311,3.18111038938,-8.74711162098));
#12653=CARTESIAN_POINT('',(3.81381037967,3.20139597756,-8.5));
#12654=CARTESIAN_POINT('',(3.81381037967,3.20139597756,-8.1250000003));
#12655=CARTESIAN_POINT('',(3.80500701784,3.21867354796,-8.5000000006));
#12656=CARTESIAN_POINT('Origin',(2.6,3.5,-8.5));
#12657=CARTESIAN_POINT('',(3.84667598832,3.40890126574,-8.5000000006));
#12658=CARTESIAN_POINT('Origin',(2.59999972389,3.50000003793,-8.5));
#12659=CARTESIAN_POINT('',(3.83296443187,3.39518970903,-8.5));
#12660=CARTESIAN_POINT('Origin',(3.86277472259,3.425,-8.74711162098));
#12661=CARTESIAN_POINT('',(3.84667598897,3.40890126638,-8.5000000006));
#12662=CARTESIAN_POINT('Origin',(3.66569010456,2.81843591568,-8.74711162098));
#12663=CARTESIAN_POINT('',(3.66212855361,2.8409226634,-8.5));
#12664=CARTESIAN_POINT('',(3.66212855361,2.8409226634,-8.1250000003));
#12665=CARTESIAN_POINT('',(3.65909512185,2.86007499773,-8.5000000006));
#12666=CARTESIAN_POINT('Origin',(2.6,3.5,-8.5));
#12667=CARTESIAN_POINT('',(3.75750826535,3.02811588828,-8.5000000006));
#12668=CARTESIAN_POINT('Origin',(2.60000028659,3.49999985027,-8.5));
#12669=CARTESIAN_POINT('',(3.74023069572,3.01931252703,-8.5));
#12670=CARTESIAN_POINT('Origin',(3.77779385395,3.03845191193,-8.74711162098));
#12671=CARTESIAN_POINT('',(3.75750826553994,3.02811588794842,-7.7500000006));
#12672=CARTESIAN_POINT('Origin',(3.40291663348,2.52247768328,-8.74711162098));
#12673=CARTESIAN_POINT('',(3.40647818455,2.54496443175,-8.5000000006));
#12674=CARTESIAN_POINT('',(3.40647818486545,2.54496443137644,-8.5000000006));
#12675=CARTESIAN_POINT('',(3.40951161619,2.56411676534,-8.5000000006));
#12676=CARTESIAN_POINT('Origin',(2.6,3.5,-8.5));
#12677=CARTESIAN_POINT('',(3.55503556853,2.69352181549,-8.5000000006));
#12678=CARTESIAN_POINT('Origin',(2.60000000449,3.49999999551,-8.5));
#12679=CARTESIAN_POINT('',(3.53588323519,2.69048838411,-8.5));
#12680=CARTESIAN_POINT('Origin',(3.57752231672,2.69708336652,-8.74711162098));
#12681=CARTESIAN_POINT('',(3.55503556899,2.69352181557,-8.1250000003));
#12682=CARTESIAN_POINT('Origin',(3.06154808807,2.32220614605,-8.74711162098));
#12683=CARTESIAN_POINT('',(3.071884112,2.34249173521,-8.5000000006));
#12684=CARTESIAN_POINT('',(3.07188411226951,2.3424917345489,-8.5000000006));
#12685=CARTESIAN_POINT('',(3.08068747333,2.35976930464,-8.5000000006));
#12686=CARTESIAN_POINT('Origin',(2.6,3.5,-8.5));
#12687=CARTESIAN_POINT('',(3.25907733614,2.43787144647,-8.5000000006));
#12688=CARTESIAN_POINT('Origin',(2.60000014973,3.49999971341,-8.5));
#12689=CARTESIAN_POINT('',(3.23992500305,2.44090487808,-8.5));
#12690=CARTESIAN_POINT('Origin',(3.28156408433,2.43430989544,-8.74711162098));
#12691=CARTESIAN_POINT('',(3.2590773366,2.43787144639,-8.1250000003));
#12692=CARTESIAN_POINT('Origin',(2.675,2.23722527742,-8.74711162098));
#12693=CARTESIAN_POINT('',(2.69109873393,2.25332401135,-8.5));
#12694=CARTESIAN_POINT('',(2.69109873393,2.25332401135,-8.1250000003));
#12695=CARTESIAN_POINT('',(2.70481029144,2.26703556885,-8.5000000006));
#12696=CARTESIAN_POINT('Origin',(2.6,3.5,-8.5));
#12697=CARTESIAN_POINT('',(2.89860402209998,2.28618961991583,-8.5000000002));
#12698=CARTESIAN_POINT('',(2.88132645227,2.29499298148,-8.5));
#12699=CARTESIAN_POINT('Origin',(2.59999996207,3.50000027612,-8.5));
#12700=CARTESIAN_POINT('Origin',(2.91888961062,2.2758535969,-8.74711162098));
#12701=CARTESIAN_POINT('',(2.89860402225,2.28618962043,-8.5000000006));
#12702=CARTESIAN_POINT('Origin',(2.28111038938,2.2758535969,-8.74711162098));
#12703=CARTESIAN_POINT('',(2.30139597789181,2.28618962015482,-8.5000000004));
#12704=CARTESIAN_POINT('',(2.30139597799,2.28618962055,-8.5000000006));
#12705=CARTESIAN_POINT('',(2.31867354796,2.29499298216,-8.5000000006));
#12706=CARTESIAN_POINT('Origin',(2.6,3.5,-8.5));
#12707=CARTESIAN_POINT('',(2.50890126574,2.25332401168,-8.5000000006));
#12708=CARTESIAN_POINT('Origin',(2.60000003793,3.50000027612,-8.5));
#12709=CARTESIAN_POINT('',(2.49518970903,2.26703556813,-8.5));
#12710=CARTESIAN_POINT('Origin',(2.525,2.23722527742,-8.74711162098));
#12711=CARTESIAN_POINT('',(2.50890126602,2.25332401139,-8.5000000006));
#12712=CARTESIAN_POINT('Origin',(1.91843591567,2.43430989544,-8.74711162098));
#12713=CARTESIAN_POINT('',(1.94092266298,2.43787144633,-8.5000000006));
#12714=CARTESIAN_POINT('',(1.94092266298,2.43787144633,-8.5000000006));
#12715=CARTESIAN_POINT('',(1.96007499773,2.44090487815,-8.5000000006));
#12716=CARTESIAN_POINT('Origin',(2.6,3.5,-8.5));
#12717=CARTESIAN_POINT('',(2.12811588828,2.34249173465,-8.5000000006));
#12718=CARTESIAN_POINT('Origin',(2.59999985027,3.49999971341,-8.5));
#12719=CARTESIAN_POINT('',(2.11931252703,2.35976930428,-8.5));
#12720=CARTESIAN_POINT('Origin',(2.13845191193,2.32220614605,-8.74711162098));
#12721=CARTESIAN_POINT('',(2.12811588742615,2.34249173467297,-8.5000000006));
#12722=CARTESIAN_POINT('Origin',(1.62247768328,2.69708336652,-8.74711162098));
#12723=CARTESIAN_POINT('',(1.64496443101,2.69352181557,-8.5));
#12724=CARTESIAN_POINT('',(1.64496443101,2.69352181557,-8.1250000003));
#12725=CARTESIAN_POINT('',(1.66411676534,2.69048838381,-8.5000000006));
#12726=CARTESIAN_POINT('Origin',(2.6,3.5,-8.5));
#12727=CARTESIAN_POINT('',(1.79352181549,2.54496443147,-8.5000000006));
#12728=CARTESIAN_POINT('Origin',(2.59999999551,3.49999999551,-8.5));
#12729=CARTESIAN_POINT('',(1.79048838411,2.56411676481,-8.5));
#12730=CARTESIAN_POINT('Origin',(1.79708336652,2.52247768328,-8.74711162098));
#12731=CARTESIAN_POINT('',(1.79352181510406,2.54496443140218,-8.5000000006));
#12732=CARTESIAN_POINT('Origin',(1.42220614605,3.03845191193,-8.74711162098));
#12733=CARTESIAN_POINT('',(1.44249173424,3.02811588849,-8.5));
#12734=CARTESIAN_POINT('',(1.44249173424,3.02811588849,-8.1250000003));
#12735=CARTESIAN_POINT('',(1.45976930464,3.01931252667,-8.5000000006));
#12736=CARTESIAN_POINT('Origin',(2.6,3.5,-8.5));
#12737=CARTESIAN_POINT('',(1.53787144647,2.84092266386,-8.5000000006));
#12738=CARTESIAN_POINT('Origin',(2.59999971341,3.49999985027,-8.5));
#12739=CARTESIAN_POINT('',(1.54090487808,2.86007499695,-8.5));
#12740=CARTESIAN_POINT('Origin',(1.53430989544,2.81843591568,-8.74711162098));
#12741=CARTESIAN_POINT('',(1.53787144649,2.84092266404,-8.5000000006));
#12742=CARTESIAN_POINT('Origin',(1.33722527741,3.425,-8.74711162098));
#12743=CARTESIAN_POINT('',(1.35332401184,3.40890126558,-8.5000000006));
#12744=CARTESIAN_POINT('',(1.35332401138826,3.40890126554699,-8.5000000006));
#12745=CARTESIAN_POINT('',(1.36703556885,3.39518970856,-8.5000000006));
#12746=CARTESIAN_POINT('Origin',(2.6,3.5,-8.5));
#12747=CARTESIAN_POINT('',(1.38618961987935,3.20139597783591,-8.5000000002));
#12748=CARTESIAN_POINT('Origin',(2.60000027611,3.50000003793,-8.5));
#12749=CARTESIAN_POINT('',(1.39499298148,3.21867354773,-8.5));
#12750=CARTESIAN_POINT('Origin',(2.6,3.5,-10.3));
#12751=CARTESIAN_POINT('',(2.50890126606099,4.74667598863642,-8.49999999995));
#12752=CARTESIAN_POINT('',(2.50890126606,4.74667598865,-8.12499999993));
#12753=CARTESIAN_POINT('',(2.30139597792258,4.71381038014065,-8.5000000002));
#12754=CARTESIAN_POINT('Origin',(2.60000003793,3.49999972389,-8.5));
#12755=CARTESIAN_POINT('',(2.30139597782,4.71381037973,-8.49999999909));
#12756=CARTESIAN_POINT('',(2.1281158878,4.65750826441,-8.5000000006));
#12757=CARTESIAN_POINT('',(2.12811588742615,4.65750826532703,-8.5000000006));
#12758=CARTESIAN_POINT('',(1.94092266386,4.56212855354,-8.5000000006));
#12759=CARTESIAN_POINT('Origin',(2.59999985027,3.50000028659,-8.5));
#12760=CARTESIAN_POINT('',(1.94092266298,4.56212855368,-8.5000000006));
#12761=CARTESIAN_POINT('',(1.79352181544,4.4550355682,-8.5000000006));
#12762=CARTESIAN_POINT('',(1.79352181510406,4.45503556859782,-8.5000000006));
#12763=CARTESIAN_POINT('',(1.64496443147,4.30647818451,-8.5000000006));
#12764=CARTESIAN_POINT('Origin',(2.59999999551,3.50000000449,-8.5));
#12765=CARTESIAN_POINT('',(1.64496443101,4.30647818444,-8.12499999993));
#12766=CARTESIAN_POINT('',(1.53787144643511,4.15907733657359,-8.49999999995));
#12767=CARTESIAN_POINT('',(1.53787144639,4.1590773366,-8.12499999993));
#12768=CARTESIAN_POINT('',(1.44249173467242,3.97188411118829,-8.5000000002));
#12769=CARTESIAN_POINT('Origin',(2.59999971341,3.50000014973,-8.5));
#12770=CARTESIAN_POINT('',(1.44249173400742,3.97188411094129,-8.5000000006));
#12771=CARTESIAN_POINT('',(1.38618962003431,3.79860402251389,-8.49999999995));
#12772=CARTESIAN_POINT('',(1.38618962033,3.79860402244,-8.12499999993));
#12773=CARTESIAN_POINT('',(1.35332401168,3.59109873426,-8.5000000006));
#12774=CARTESIAN_POINT('Origin',(2.60000027611,3.49999996207,-8.5));
#12775=CARTESIAN_POINT('',(1.35332401138826,3.59109873445301,-8.5000000006));
#12776=CARTESIAN_POINT('',(1.35,3.5,-10.3));
#12777=CARTESIAN_POINT('',(1.38618962033,3.20139597756,-10.3000000007));
#12778=CARTESIAN_POINT('Origin',(1.37585359689,3.18111038938,-8.74711162098));
#12779=CARTESIAN_POINT('Origin',(1.37585359689,3.81888961062,-8.74711162098));
#12780=CARTESIAN_POINT('',(1.39499298216,3.78132645204,-8.5000000006));
#12781=CARTESIAN_POINT('Origin',(2.6,3.5,-8.5));
#12782=CARTESIAN_POINT('',(1.36703556813,3.60481029097,-8.5));
#12783=CARTESIAN_POINT('Origin',(1.33722527741,3.575,-8.74711162098));
#12784=CARTESIAN_POINT('Origin',(1.53430989544,4.18156408433,-8.74711162098));
#12785=CARTESIAN_POINT('',(1.54090487815,4.13992500227,-8.5000000006));
#12786=CARTESIAN_POINT('Origin',(2.6,3.5,-8.5));
#12787=CARTESIAN_POINT('',(1.45976930428,3.98068747297,-8.5));
#12788=CARTESIAN_POINT('Origin',(1.42220614605,3.96154808807,-8.74711162098));
#12789=CARTESIAN_POINT('Origin',(1.79708336652,4.47752231672,-8.74711162098));
#12790=CARTESIAN_POINT('',(1.79048838381,4.43588323466,-8.5000000006));
#12791=CARTESIAN_POINT('Origin',(2.6,3.5,-8.5));
#12792=CARTESIAN_POINT('',(1.66411676481,4.3095116159,-8.5));
#12793=CARTESIAN_POINT('Origin',(1.62247768328,4.30291663348,-8.74711162098));
#12794=CARTESIAN_POINT('Origin',(2.13845191193,4.67779385395,-8.74711162098));
#12795=CARTESIAN_POINT('',(2.11931252667,4.64023069536,-8.5000000006));
#12796=CARTESIAN_POINT('Origin',(2.6,3.5,-8.5));
#12797=CARTESIAN_POINT('',(1.96007499695,4.55909512192,-8.5));
#12798=CARTESIAN_POINT('Origin',(1.91843591567,4.56569010456,-8.74711162098));
#12799=CARTESIAN_POINT('Origin',(2.525,4.76277472259,-8.74711162098));
#12800=CARTESIAN_POINT('',(2.49518970856,4.73296443115,-8.5000000006));
#12801=CARTESIAN_POINT('Origin',(2.6,3.5,-8.5));
#12802=CARTESIAN_POINT('',(2.31867354773,4.70500701852,-8.5));
#12803=CARTESIAN_POINT('Origin',(2.28111038938,4.72414640311,-8.74711162098));
#12804=CARTESIAN_POINT('Origin',(2.6,8.5,-7.65));
#12805=CARTESIAN_POINT('',(1.35,8.5,-7.65));
#12806=CARTESIAN_POINT('Origin',(2.6,8.5,-7.65));
#12807=CARTESIAN_POINT('',(1.425,8.5,-7.65));
#12808=CARTESIAN_POINT('Origin',(2.6,8.5,-7.65));
#12809=CARTESIAN_POINT('Origin',(2.6,8.5,-7.8));
#12810=CARTESIAN_POINT('',(1.425,8.5,-6.85));
#12811=CARTESIAN_POINT('',(1.425,8.5,-7.8));
#12812=CARTESIAN_POINT('Origin',(2.6,8.5,-6.850000000375));
#12813=CARTESIAN_POINT('Origin',(2.6,8.5,-6.85));
#12814=CARTESIAN_POINT('',(1.35,8.5,-6.85));
#12815=CARTESIAN_POINT('Origin',(2.6,8.5,-6.85));
#12816=CARTESIAN_POINT('Origin',(2.6,8.5,-10.3));
#12817=CARTESIAN_POINT('',(1.35,8.5,-6.74400000032481));
#12818=CARTESIAN_POINT('',(1.35,8.5,-10.3));
#12819=CARTESIAN_POINT('Origin',(2.6,8.5,-6.74400000066));
#12820=CARTESIAN_POINT('Origin',(2.6,8.5,-7.5));
#12821=CARTESIAN_POINT('',(2.86404888246,9.69620365644,-7.75));
#12822=CARTESIAN_POINT('',(2.71852184829,9.71925287429,-7.75));
#12823=CARTESIAN_POINT('Origin',(2.6,8.5,-7.75));
#12824=CARTESIAN_POINT('',(2.71852184829,9.71925287429,-8.5));
#12825=CARTESIAN_POINT('',(2.71852184829,9.71925287429,-7.5));
#12826=CARTESIAN_POINT('',(2.86404888246,9.69620365644,-8.5));
#12827=CARTESIAN_POINT('Origin',(2.6,8.5,-8.5));
#12828=CARTESIAN_POINT('',(2.86404888246,9.69620365644,-7.5));
#12829=CARTESIAN_POINT('Origin',(2.6,8.5,-7.5));
#12830=CARTESIAN_POINT('',(3.22077266886,9.55606169024,-7.75));
#12831=CARTESIAN_POINT('',(3.08949083474,9.62295312578,-7.75));
#12832=CARTESIAN_POINT('Origin',(2.6,8.5,-7.75));
#12833=CARTESIAN_POINT('',(3.08949083474,9.62295312578,-8.5));
#12834=CARTESIAN_POINT('',(3.08949083474,9.62295312578,-7.5));
#12835=CARTESIAN_POINT('',(3.22077266886,9.55606169024,-8.5));
#12836=CARTESIAN_POINT('Origin',(2.6,8.5,-8.5));
#12837=CARTESIAN_POINT('',(3.22077266886,9.55606169024,-7.5));
#12838=CARTESIAN_POINT('Origin',(2.6,8.5,-7.5));
#12839=CARTESIAN_POINT('',(3.51673090125,9.3125450478,-7.75));
#12840=CARTESIAN_POINT('',(3.4125450478,9.41673090125,-7.75));
#12841=CARTESIAN_POINT('Origin',(2.6,8.5,-7.75));
#12842=CARTESIAN_POINT('',(3.4125450478,9.41673090125,-8.5));
#12843=CARTESIAN_POINT('',(3.4125450478,9.41673090125,-7.5));
#12844=CARTESIAN_POINT('',(3.51673090125,9.3125450478,-8.5));
#12845=CARTESIAN_POINT('Origin',(2.6,8.5,-8.5));
#12846=CARTESIAN_POINT('',(3.51673090125,9.3125450478,-7.5));
#12847=CARTESIAN_POINT('Origin',(2.6,8.5,-7.5));
#12848=CARTESIAN_POINT('',(3.72295312578,8.98949083474,-7.75));
#12849=CARTESIAN_POINT('',(3.65606169024,9.12077266885,-7.75));
#12850=CARTESIAN_POINT('Origin',(2.6,8.5,-7.75));
#12851=CARTESIAN_POINT('',(3.65606169024,9.12077266885,-8.5));
#12852=CARTESIAN_POINT('',(3.65606169024,9.12077266885,-7.5));
#12853=CARTESIAN_POINT('',(3.72295312578,8.98949083474,-8.5));
#12854=CARTESIAN_POINT('Origin',(2.6,8.5,-8.5));
#12855=CARTESIAN_POINT('',(3.72295312578,8.98949083474,-7.5));
#12856=CARTESIAN_POINT('Origin',(2.6,8.5,-7.5));
#12857=CARTESIAN_POINT('',(3.8192528743,8.61852184829,-7.75));
#12858=CARTESIAN_POINT('',(3.79620365644,8.76404888246,-7.75));
#12859=CARTESIAN_POINT('Origin',(2.6,8.5,-7.75));
#12860=CARTESIAN_POINT('',(3.79620365644,8.76404888246,-8.5));
#12861=CARTESIAN_POINT('',(3.79620365644,8.76404888246,-7.5));
#12862=CARTESIAN_POINT('',(3.8192528743,8.61852184829,-8.5));
#12863=CARTESIAN_POINT('Origin',(2.6,8.5,-8.5));
#12864=CARTESIAN_POINT('',(3.8192528743,8.61852184829,-7.5));
#12865=CARTESIAN_POINT('Origin',(2.6,8.5,-7.5));
#12866=CARTESIAN_POINT('',(3.79620365644,8.23595111754,-7.75));
#12867=CARTESIAN_POINT('',(3.8192528743,8.38147815171,-7.75));
#12868=CARTESIAN_POINT('Origin',(2.6,8.5,-7.75));
#12869=CARTESIAN_POINT('',(3.8192528743,8.38147815171,-8.5));
#12870=CARTESIAN_POINT('',(3.8192528743,8.38147815171,-7.5));
#12871=CARTESIAN_POINT('',(3.79620365644,8.23595111754,-8.5));
#12872=CARTESIAN_POINT('Origin',(2.6,8.5,-8.5));
#12873=CARTESIAN_POINT('',(3.79620365644,8.23595111754,-7.5));
#12874=CARTESIAN_POINT('Origin',(2.6,8.5,-7.5));
#12875=CARTESIAN_POINT('',(3.65606169024,7.87922733114,-7.75));
#12876=CARTESIAN_POINT('',(3.72295312578,8.01050916526,-7.75));
#12877=CARTESIAN_POINT('Origin',(2.6,8.5,-7.75));
#12878=CARTESIAN_POINT('',(3.72295312578,8.01050916526,-8.5));
#12879=CARTESIAN_POINT('',(3.72295312578,8.01050916526,-7.5));
#12880=CARTESIAN_POINT('',(3.65606169024,7.87922733114,-8.5));
#12881=CARTESIAN_POINT('Origin',(2.6,8.5,-8.5));
#12882=CARTESIAN_POINT('',(3.65606169024,7.87922733114,-7.5));
#12883=CARTESIAN_POINT('Origin',(2.6,8.5,-7.5));
#12884=CARTESIAN_POINT('',(3.4125450478,7.58326909875,-7.75));
#12885=CARTESIAN_POINT('',(3.51673090125,7.6874549522,-7.75));
#12886=CARTESIAN_POINT('Origin',(2.6,8.5,-7.75));
#12887=CARTESIAN_POINT('',(3.51673090125,7.6874549522,-8.5));
#12888=CARTESIAN_POINT('',(3.51673090125,7.6874549522,-7.5));
#12889=CARTESIAN_POINT('',(3.4125450478,7.58326909875,-8.5));
#12890=CARTESIAN_POINT('Origin',(2.6,8.5,-8.5));
#12891=CARTESIAN_POINT('',(3.4125450478,7.58326909875,-7.5));
#12892=CARTESIAN_POINT('Origin',(2.6,8.5,-7.5));
#12893=CARTESIAN_POINT('',(3.08949083474,7.37704687421,-7.75));
#12894=CARTESIAN_POINT('',(3.22077266886,7.44393830975,-7.75));
#12895=CARTESIAN_POINT('Origin',(2.6,8.5,-7.75));
#12896=CARTESIAN_POINT('',(3.22077266886,7.44393830975,-8.5));
#12897=CARTESIAN_POINT('',(3.22077266886,7.44393830975,-7.5));
#12898=CARTESIAN_POINT('',(3.08949083474,7.37704687421,-8.5));
#12899=CARTESIAN_POINT('Origin',(2.6,8.5,-8.5));
#12900=CARTESIAN_POINT('',(3.08949083474,7.37704687421,-7.5));
#12901=CARTESIAN_POINT('Origin',(2.6,8.5,-7.5));
#12902=CARTESIAN_POINT('',(2.86404888246,7.30379634356,-8.5));
#12903=CARTESIAN_POINT('',(2.71852184829,7.2807471257,-8.5));
#12904=CARTESIAN_POINT('Origin',(2.6,8.5,-8.5));
#12905=CARTESIAN_POINT('',(2.71852184869,7.28074712492,-7.75));
#12906=CARTESIAN_POINT('',(2.71852184829,7.2807471257,-7.5));
#12907=CARTESIAN_POINT('',(2.86404888183,7.3037963435,-7.75));
#12908=CARTESIAN_POINT('Origin',(2.6,8.5,-7.75));
#12909=CARTESIAN_POINT('',(2.86404888246,7.30379634356,-7.5));
#12910=CARTESIAN_POINT('Origin',(2.6,8.5,-7.5));
#12911=CARTESIAN_POINT('',(2.33595111754,7.30379634356,-7.75));
#12912=CARTESIAN_POINT('',(2.48147815171,7.2807471257,-7.75));
#12913=CARTESIAN_POINT('Origin',(2.6,8.5,-7.75));
#12914=CARTESIAN_POINT('',(2.48147815171,7.2807471257,-8.5));
#12915=CARTESIAN_POINT('',(2.48147815171,7.2807471257,-7.5));
#12916=CARTESIAN_POINT('',(2.33595111754,7.30379634356,-8.5));
#12917=CARTESIAN_POINT('Origin',(2.6,8.5,-8.5));
#12918=CARTESIAN_POINT('',(2.33595111754,7.30379634356,-7.5));
#12919=CARTESIAN_POINT('Origin',(2.6,8.5,-7.5));
#12920=CARTESIAN_POINT('',(1.97922733114,7.44393830975,-7.75));
#12921=CARTESIAN_POINT('',(2.11050916526,7.37704687421,-7.75));
#12922=CARTESIAN_POINT('Origin',(2.6,8.5,-7.75));
#12923=CARTESIAN_POINT('',(2.11050916526,7.37704687421,-8.5));
#12924=CARTESIAN_POINT('',(2.11050916526,7.37704687421,-7.5));
#12925=CARTESIAN_POINT('',(1.97922733114,7.44393830975,-8.5));
#12926=CARTESIAN_POINT('Origin',(2.6,8.5,-8.5));
#12927=CARTESIAN_POINT('',(1.97922733114,7.44393830975,-7.5));
#12928=CARTESIAN_POINT('Origin',(2.6,8.5,-7.5));
#12929=CARTESIAN_POINT('',(1.68326909875,7.6874549522,-7.75));
#12930=CARTESIAN_POINT('',(1.7874549522,7.58326909875,-7.75));
#12931=CARTESIAN_POINT('Origin',(2.6,8.5,-7.75));
#12932=CARTESIAN_POINT('',(1.7874549522,7.58326909875,-8.5));
#12933=CARTESIAN_POINT('',(1.7874549522,7.58326909875,-7.5));
#12934=CARTESIAN_POINT('',(1.68326909875,7.6874549522,-8.5));
#12935=CARTESIAN_POINT('Origin',(2.6,8.5,-8.5));
#12936=CARTESIAN_POINT('',(1.68326909875,7.6874549522,-7.5));
#12937=CARTESIAN_POINT('Origin',(2.6,8.5,-7.5));
#12938=CARTESIAN_POINT('',(1.47704687422,8.01050916526,-7.75));
#12939=CARTESIAN_POINT('',(1.54393830976,7.87922733114,-7.75));
#12940=CARTESIAN_POINT('Origin',(2.6,8.5,-7.75));
#12941=CARTESIAN_POINT('',(1.54393830976,7.87922733114,-8.5));
#12942=CARTESIAN_POINT('',(1.54393830976,7.87922733114,-7.5));
#12943=CARTESIAN_POINT('',(1.47704687422,8.01050916526,-8.5));
#12944=CARTESIAN_POINT('Origin',(2.6,8.5,-8.5));
#12945=CARTESIAN_POINT('',(1.47704687422,8.01050916526,-7.5));
#12946=CARTESIAN_POINT('Origin',(2.6,8.5,-7.5));
#12947=CARTESIAN_POINT('',(1.3807471257,8.38147815171,-7.75));
#12948=CARTESIAN_POINT('',(1.40379634356,8.23595111754,-7.75));
#12949=CARTESIAN_POINT('Origin',(2.6,8.5,-7.75));
#12950=CARTESIAN_POINT('',(1.40379634356,8.23595111754,-8.5));
#12951=CARTESIAN_POINT('',(1.40379634356,8.23595111754,-7.5));
#12952=CARTESIAN_POINT('',(1.3807471257,8.38147815171,-8.5));
#12953=CARTESIAN_POINT('Origin',(2.6,8.5,-8.5));
#12954=CARTESIAN_POINT('',(1.3807471257,8.38147815171,-7.5));
#12955=CARTESIAN_POINT('Origin',(2.6,8.5,-7.5));
#12956=CARTESIAN_POINT('',(1.40379634356,8.76404888246,-7.75));
#12957=CARTESIAN_POINT('',(1.3807471257,8.61852184829,-7.75));
#12958=CARTESIAN_POINT('Origin',(2.6,8.5,-7.75));
#12959=CARTESIAN_POINT('',(1.3807471257,8.61852184829,-8.5));
#12960=CARTESIAN_POINT('',(1.3807471257,8.61852184829,-7.5));
#12961=CARTESIAN_POINT('',(1.40379634356,8.76404888246,-8.5));
#12962=CARTESIAN_POINT('Origin',(2.6,8.5,-8.5));
#12963=CARTESIAN_POINT('',(1.40379634356,8.76404888246,-7.5));
#12964=CARTESIAN_POINT('Origin',(2.6,8.5,-7.5));
#12965=CARTESIAN_POINT('',(1.54393830976,9.12077266885,-7.75));
#12966=CARTESIAN_POINT('',(1.47704687422,8.98949083474,-7.75));
#12967=CARTESIAN_POINT('Origin',(2.6,8.5,-7.75));
#12968=CARTESIAN_POINT('',(1.47704687422,8.98949083474,-8.5));
#12969=CARTESIAN_POINT('',(1.47704687422,8.98949083474,-7.5));
#12970=CARTESIAN_POINT('',(1.54393830976,9.12077266885,-8.5));
#12971=CARTESIAN_POINT('Origin',(2.6,8.5,-8.5));
#12972=CARTESIAN_POINT('',(1.54393830976,9.12077266885,-7.5));
#12973=CARTESIAN_POINT('Origin',(2.6,8.5,-7.5));
#12974=CARTESIAN_POINT('',(1.7874549522,9.41673090125,-7.75));
#12975=CARTESIAN_POINT('',(1.68326909875,9.3125450478,-7.75));
#12976=CARTESIAN_POINT('Origin',(2.6,8.5,-7.75));
#12977=CARTESIAN_POINT('',(1.68326909875,9.3125450478,-8.5));
#12978=CARTESIAN_POINT('',(1.68326909875,9.3125450478,-7.5));
#12979=CARTESIAN_POINT('',(1.7874549522,9.41673090125,-8.5));
#12980=CARTESIAN_POINT('Origin',(2.6,8.5,-8.5));
#12981=CARTESIAN_POINT('',(1.7874549522,9.41673090125,-7.5));
#12982=CARTESIAN_POINT('Origin',(2.6,8.5,-7.5));
#12983=CARTESIAN_POINT('',(2.11050916526,9.62295312578,-7.75));
#12984=CARTESIAN_POINT('',(1.97922733114,9.55606169024,-7.75));
#12985=CARTESIAN_POINT('Origin',(2.6,8.5,-7.75));
#12986=CARTESIAN_POINT('',(1.97922733114,9.55606169024,-8.5));
#12987=CARTESIAN_POINT('',(1.97922733114,9.55606169024,-7.5));
#12988=CARTESIAN_POINT('',(2.11050916526,9.62295312578,-8.5));
#12989=CARTESIAN_POINT('Origin',(2.6,8.5,-8.5));
#12990=CARTESIAN_POINT('',(2.11050916526,9.62295312578,-7.5));
#12991=CARTESIAN_POINT('Origin',(2.6,8.5,-7.5));
#12992=CARTESIAN_POINT('',(2.48147815171,9.71925287429,-7.75));
#12993=CARTESIAN_POINT('',(2.33595111754,9.69620365644,-7.75));
#12994=CARTESIAN_POINT('Origin',(2.6,8.5,-7.75));
#12995=CARTESIAN_POINT('',(2.33595111754,9.69620365644,-8.5));
#12996=CARTESIAN_POINT('',(2.33595111754,9.69620365644,-7.5));
#12997=CARTESIAN_POINT('',(2.48147815171,9.71925287429,-8.5));
#12998=CARTESIAN_POINT('Origin',(2.6,8.5,-8.5));
#12999=CARTESIAN_POINT('',(2.48147815171,9.71925287429,-7.5));
#13000=CARTESIAN_POINT('Origin',(2.6,8.5,-7.75));
#13001=CARTESIAN_POINT('',(2.89860402226,7.28618962007,-7.75));
#13002=CARTESIAN_POINT('',(3.07188411156,7.34249173337,-7.75));
#13003=CARTESIAN_POINT('Origin',(2.6,8.5,-7.75));
#13004=CARTESIAN_POINT('',(2.88132645204,7.29499298179,-7.75));
#13005=CARTESIAN_POINT('',(2.6910987335,7.2533240109,-7.75));
#13006=CARTESIAN_POINT('',(2.7048102911,7.26703556791,-7.75));
#13007=CARTESIAN_POINT('',(2.5089012665,7.2533240109,-7.75));
#13008=CARTESIAN_POINT('Origin',(2.6,8.5,-7.75));
#13009=CARTESIAN_POINT('',(2.4951897089,7.26703556791,-7.75));
#13010=CARTESIAN_POINT('',(2.30139597774,7.28618962007,-7.75));
#13011=CARTESIAN_POINT('',(2.31867354796,7.29499298179,-7.75));
#13012=CARTESIAN_POINT('',(2.12811588844,7.34249173337,-7.75));
#13013=CARTESIAN_POINT('Origin',(2.6,8.5,-7.75));
#13014=CARTESIAN_POINT('',(2.11931252672,7.35976930358,-7.75));
#13015=CARTESIAN_POINT('',(1.94092266261,7.43787144661,-7.75));
#13016=CARTESIAN_POINT('',(1.96007499676,7.44090487797,-7.75));
#13017=CARTESIAN_POINT('',(1.79352181581,7.54496443047,-7.75));
#13018=CARTESIAN_POINT('Origin',(2.6,8.5,-7.75));
#13019=CARTESIAN_POINT('',(1.79048838387,7.56411676462,-7.75));
#13020=CARTESIAN_POINT('',(1.64496443047,7.69352181581,-7.75));
#13021=CARTESIAN_POINT('',(1.66411676462,7.69048838387,-7.75));
#13022=CARTESIAN_POINT('',(1.53787144661,7.84092266261,-7.75));
#13023=CARTESIAN_POINT('Origin',(2.6,8.5,-7.75));
#13024=CARTESIAN_POINT('',(1.54090487797,7.86007499676,-7.75));
#13025=CARTESIAN_POINT('',(1.44249173337,8.02811588844,-7.75));
#13026=CARTESIAN_POINT('',(1.45976930358,8.01931252672,-7.75));
#13027=CARTESIAN_POINT('',(1.38618962007,8.20139597774,-7.75));
#13028=CARTESIAN_POINT('Origin',(2.6,8.5,-7.75));
#13029=CARTESIAN_POINT('',(1.39499298179,8.21867354796,-7.75));
#13030=CARTESIAN_POINT('',(1.3533240109,8.4089012665,-7.75));
#13031=CARTESIAN_POINT('',(1.36703556791,8.3951897089,-7.75));
#13032=CARTESIAN_POINT('',(1.35,8.5,-7.75));
#13033=CARTESIAN_POINT('Origin',(2.6,8.5,-7.75));
#13034=CARTESIAN_POINT('',(1.3533240109,8.59109873349,-7.75));
#13035=CARTESIAN_POINT('Origin',(2.6,8.5,-7.75));
#13036=CARTESIAN_POINT('',(1.36703556791,8.60481029109,-7.75));
#13037=CARTESIAN_POINT('',(1.38618962007,8.79860402226,-7.75));
#13038=CARTESIAN_POINT('',(1.39499298179,8.78132645204,-7.75));
#13039=CARTESIAN_POINT('',(1.44249173336,8.97188411156,-7.75));
#13040=CARTESIAN_POINT('Origin',(2.6,8.5,-7.75));
#13041=CARTESIAN_POINT('',(1.45976930358,8.98068747328,-7.75));
#13042=CARTESIAN_POINT('',(1.53787144661,9.15907733739,-7.75));
#13043=CARTESIAN_POINT('',(1.54090487797,9.13992500324,-7.75));
#13044=CARTESIAN_POINT('',(1.64496443047,9.30647818418,-7.75));
#13045=CARTESIAN_POINT('Origin',(2.6,8.5,-7.75));
#13046=CARTESIAN_POINT('',(1.66411676462,9.30951161613,-7.75));
#13047=CARTESIAN_POINT('',(1.79352181581,9.45503556953,-7.75));
#13048=CARTESIAN_POINT('',(1.79048838387,9.43588323538,-7.75));
#13049=CARTESIAN_POINT('',(1.94092266261,9.56212855339,-7.75));
#13050=CARTESIAN_POINT('Origin',(2.6,8.5,-7.75));
#13051=CARTESIAN_POINT('',(1.96007499676,9.55909512203,-7.75));
#13052=CARTESIAN_POINT('',(2.12811588844,9.65750826664,-7.75));
#13053=CARTESIAN_POINT('',(2.11931252672,9.64023069642,-7.75));
#13054=CARTESIAN_POINT('',(2.30139597774,9.71381037993,-7.75));
#13055=CARTESIAN_POINT('Origin',(2.6,8.5,-7.75));
#13056=CARTESIAN_POINT('',(2.31867354796,9.70500701821,-7.75));
#13057=CARTESIAN_POINT('',(2.50890126651,9.7466759891,-7.75));
#13058=CARTESIAN_POINT('',(2.49518970891,9.73296443209,-7.75));
#13059=CARTESIAN_POINT('',(2.69109873349,9.7466759891,-7.75));
#13060=CARTESIAN_POINT('Origin',(2.6,8.5,-7.75));
#13061=CARTESIAN_POINT('',(2.70481029109,9.73296443209,-7.75));
#13062=CARTESIAN_POINT('',(2.89860402226,9.71381037993,-7.75));
#13063=CARTESIAN_POINT('',(2.88132645204,9.70500701821,-7.75));
#13064=CARTESIAN_POINT('',(3.07188411156,9.65750826664,-7.75));
#13065=CARTESIAN_POINT('Origin',(2.6,8.5,-7.75));
#13066=CARTESIAN_POINT('',(3.08068747328,9.64023069642,-7.75));
#13067=CARTESIAN_POINT('',(3.25907733739,9.56212855339,-7.75));
#13068=CARTESIAN_POINT('',(3.23992500324,9.55909512203,-7.75));
#13069=CARTESIAN_POINT('',(3.40647818419,9.45503556953,-7.75));
#13070=CARTESIAN_POINT('Origin',(2.6,8.5,-7.75));
#13071=CARTESIAN_POINT('',(3.40951161613,9.43588323538,-7.75));
#13072=CARTESIAN_POINT('',(3.55503556953,9.30647818418,-7.75));
#13073=CARTESIAN_POINT('',(3.53588323538,9.30951161613,-7.75));
#13074=CARTESIAN_POINT('',(3.66212855339,9.15907733739,-7.75));
#13075=CARTESIAN_POINT('Origin',(2.6,8.5,-7.75));
#13076=CARTESIAN_POINT('',(3.65909512203,9.13992500324,-7.75));
#13077=CARTESIAN_POINT('',(3.75750826664,8.97188411156,-7.75));
#13078=CARTESIAN_POINT('',(3.74023069642,8.98068747328,-7.75));
#13079=CARTESIAN_POINT('',(3.81381037993,8.79860402226,-7.75));
#13080=CARTESIAN_POINT('Origin',(2.6,8.5,-7.75));
#13081=CARTESIAN_POINT('',(3.80500701821,8.78132645204,-7.75));
#13082=CARTESIAN_POINT('',(3.8466759891,8.59109873349,-7.75));
#13083=CARTESIAN_POINT('',(3.83296443209,8.60481029109,-7.75));
#13084=CARTESIAN_POINT('',(3.8466759891,8.4089012665,-7.75));
#13085=CARTESIAN_POINT('Origin',(2.6,8.5,-7.75));
#13086=CARTESIAN_POINT('',(3.83296443209,8.3951897089,-7.75));
#13087=CARTESIAN_POINT('',(3.81381037993,8.20139597774,-7.75));
#13088=CARTESIAN_POINT('',(3.80500701821,8.21867354796,-7.75));
#13089=CARTESIAN_POINT('',(3.75750826595,8.02811588809,-7.75));
#13090=CARTESIAN_POINT('Origin',(2.6,8.5,-7.75));
#13091=CARTESIAN_POINT('',(3.74023069608,8.01931252655,-7.75));
#13092=CARTESIAN_POINT('',(3.66212855339,7.84092266261,-7.75));
#13093=CARTESIAN_POINT('',(3.65909512203,7.86007499676,-7.75));
#13094=CARTESIAN_POINT('',(3.55503556953,7.69352181581,-7.75));
#13095=CARTESIAN_POINT('Origin',(2.6,8.5,-7.75));
#13096=CARTESIAN_POINT('',(3.53588323538,7.69048838387,-7.75));
#13097=CARTESIAN_POINT('',(3.40647818419,7.54496443047,-7.75));
#13098=CARTESIAN_POINT('',(3.40951161613,7.56411676462,-7.75));
#13099=CARTESIAN_POINT('',(3.25907733739,7.43787144661,-7.75));
#13100=CARTESIAN_POINT('Origin',(2.6,8.5,-7.75));
#13101=CARTESIAN_POINT('',(3.23992500324,7.44090487797,-7.75));
#13102=CARTESIAN_POINT('',(3.08068747328,7.35976930358,-7.75));
#13103=CARTESIAN_POINT('',(2.6,9.55,-7.75000000075));
#13104=CARTESIAN_POINT('Origin',(2.6,8.5,-7.75));
#13105=CARTESIAN_POINT('Origin',(2.6,8.5,-7.45));
#13106=CARTESIAN_POINT('',(2.6,9.55,-6.74399999976));
#13107=CARTESIAN_POINT('Origin',(2.6,8.5,-6.74399999976));
#13108=CARTESIAN_POINT('',(2.6,9.55,-7.45));
#13109=CARTESIAN_POINT('Origin',(2.6,8.5,-6.744));
#13110=CARTESIAN_POINT('Origin',(3.06154808807,9.67779385395,-8.74711162098));
#13111=CARTESIAN_POINT('',(3.07188411172,9.65750826535,-8.5000000006));
#13112=CARTESIAN_POINT('',(3.07188411226951,9.6575082654511,-8.5000000006));
#13113=CARTESIAN_POINT('',(3.08068747333,9.64023069536,-8.5000000006));
#13114=CARTESIAN_POINT('Origin',(2.6,8.5,-8.5));
#13115=CARTESIAN_POINT('',(3.2590773366,9.56212855361,-8.49999999925));
#13116=CARTESIAN_POINT('Origin',(2.60000014973,8.50000028659,-8.5));
#13117=CARTESIAN_POINT('',(3.23992500305,9.55909512192,-8.5));
#13118=CARTESIAN_POINT('Origin',(3.28156408433,9.56569010456,-8.74711162098));
#13119=CARTESIAN_POINT('',(3.2590773366,9.56212855361,-8.12499999993));
#13120=CARTESIAN_POINT('Origin',(2.675,9.76277472258,-8.74711162098));
#13121=CARTESIAN_POINT('',(2.69109873426,9.74667598832,-8.5000000006));
#13122=CARTESIAN_POINT('',(2.69109873396,9.74667598862,-8.1250000006));
#13123=CARTESIAN_POINT('',(2.70481029144,9.73296443115,-8.5000000006));
#13124=CARTESIAN_POINT('Origin',(2.6,8.5,-8.5));
#13125=CARTESIAN_POINT('',(2.89860402223368,9.71381038010648,-8.5000000002));
#13126=CARTESIAN_POINT('Origin',(2.59999996207,8.49999972388,-8.5));
#13127=CARTESIAN_POINT('',(2.88132645227,9.70500701852,-8.5));
#13128=CARTESIAN_POINT('Origin',(2.91888961062,9.7241464031,-8.74711162098));
#13129=CARTESIAN_POINT('',(2.89860402225,9.71381037957,-8.5000000006));
#13130=CARTESIAN_POINT('Origin',(2.28111038938,9.7241464031,-8.74711162098));
#13131=CARTESIAN_POINT('',(2.30139597787966,9.71381037984721,-8.5000000004));
#13132=CARTESIAN_POINT('',(2.30139597799,9.71381037945,-8.5000000006));
#13133=CARTESIAN_POINT('',(2.31867354796,9.70500701784,-8.5000000006));
#13134=CARTESIAN_POINT('Origin',(2.6,8.5,-8.5));
#13135=CARTESIAN_POINT('',(2.50890126607,9.74667598865,-8.49999999925));
#13136=CARTESIAN_POINT('Origin',(2.60000003793,8.49999972388,-8.5));
#13137=CARTESIAN_POINT('',(2.49518970903,9.73296443187,-8.5));
#13138=CARTESIAN_POINT('Origin',(2.525,9.76277472258,-8.74711162098));
#13139=CARTESIAN_POINT('',(2.50890126607,9.74667598865,-8.12499999993));
#13140=CARTESIAN_POINT('Origin',(1.91843591567,9.56569010456,-8.74711162098));
#13141=CARTESIAN_POINT('',(1.94092266386,9.56212855353,-8.5000000006));
#13142=CARTESIAN_POINT('',(1.94092266298,9.56212855367,-8.5000000006));
#13143=CARTESIAN_POINT('',(1.96007499773,9.55909512185,-8.5000000006));
#13144=CARTESIAN_POINT('Origin',(2.6,8.5,-8.5));
#13145=CARTESIAN_POINT('',(2.1281158878,9.65750826441,-8.5000000006));
#13146=CARTESIAN_POINT('Origin',(2.59999985027,8.50000028659,-8.5));
#13147=CARTESIAN_POINT('',(2.11931252703,9.64023069572,-8.5));
#13148=CARTESIAN_POINT('Origin',(2.13845191193,9.67779385395,-8.74711162098));
#13149=CARTESIAN_POINT('',(2.12811588742615,9.65750826532703,-8.5000000006));
#13150=CARTESIAN_POINT('Origin',(1.62247768328,9.30291663348,-8.74711162098));
#13151=CARTESIAN_POINT('',(1.64496443147,9.30647818451,-8.5000000006));
#13152=CARTESIAN_POINT('',(1.64496443101,9.30647818443,-8.12499999993));
#13153=CARTESIAN_POINT('',(1.66411676534,9.30951161619,-8.5000000006));
#13154=CARTESIAN_POINT('Origin',(2.6,8.5,-8.5));
#13155=CARTESIAN_POINT('',(1.79352181544,9.4550355682,-8.5000000006));
#13156=CARTESIAN_POINT('Origin',(2.59999999551,8.50000000449,-8.5));
#13157=CARTESIAN_POINT('',(1.79048838411,9.43588323519,-8.5));
#13158=CARTESIAN_POINT('Origin',(1.79708336652,9.47752231672,-8.74711162098));
#13159=CARTESIAN_POINT('',(1.79352181510406,9.45503556859782,-8.5000000006));
#13160=CARTESIAN_POINT('Origin',(1.42220614605,8.96154808807,-8.74711162098));
#13161=CARTESIAN_POINT('',(1.44249173456016,8.97188411140862,-8.5000000004));
#13162=CARTESIAN_POINT('',(1.44249173400742,8.97188411094129,-8.5000000006));
#13163=CARTESIAN_POINT('',(1.45976930464,8.98068747333,-8.5000000006));
#13164=CARTESIAN_POINT('Origin',(2.6,8.5,-8.5));
#13165=CARTESIAN_POINT('',(1.53787144639,9.1590773366,-8.49999999925));
#13166=CARTESIAN_POINT('Origin',(2.59999971341,8.50000014973,-8.5));
#13167=CARTESIAN_POINT('',(1.54090487808,9.13992500305,-8.5));
#13168=CARTESIAN_POINT('Origin',(1.53430989544,9.18156408432,-8.74711162098));
#13169=CARTESIAN_POINT('',(1.53787144639,9.1590773366,-8.12499999993));
#13170=CARTESIAN_POINT('Origin',(1.33722527741,8.575,-8.74711162098));
#13171=CARTESIAN_POINT('',(1.35332401168,8.59109873426,-8.5000000006));
#13172=CARTESIAN_POINT('',(1.35332401138826,8.59109873445301,-8.5000000006));
#13173=CARTESIAN_POINT('',(1.36703556885,8.60481029144,-8.5000000006));
#13174=CARTESIAN_POINT('Origin',(2.6,8.5,-8.5));
#13175=CARTESIAN_POINT('',(1.38618961983735,8.79860402241354,-8.49999999975));
#13176=CARTESIAN_POINT('Origin',(2.60000027611,8.49999996207,-8.5));
#13177=CARTESIAN_POINT('',(1.39499298148,8.78132645227,-8.5));
#13178=CARTESIAN_POINT('Origin',(1.37585359689,8.81888961062,-8.74711162098));
#13179=CARTESIAN_POINT('',(1.38618962033,8.79860402244,-8.12499999993));
#13180=CARTESIAN_POINT('Origin',(1.37585359689,8.18111038938,-8.74711162098));
#13181=CARTESIAN_POINT('',(1.38618962007631,8.20139597773555,-8.5000000004));
#13182=CARTESIAN_POINT('',(1.38618962033,8.20139597756,-8.1250000003));
#13183=CARTESIAN_POINT('',(1.39499298216,8.21867354796,-8.5000000006));
#13184=CARTESIAN_POINT('Origin',(2.6,8.5,-8.5));
#13185=CARTESIAN_POINT('',(1.35332401184,8.40890126558,-8.5000000006));
#13186=CARTESIAN_POINT('Origin',(2.60000027611,8.50000003793,-8.5));
#13187=CARTESIAN_POINT('',(1.36703556813,8.39518970903,-8.5));
#13188=CARTESIAN_POINT('Origin',(1.33722527741,8.425,-8.74711162098));
#13189=CARTESIAN_POINT('',(1.35332401138826,8.40890126554699,-8.5000000006));
#13190=CARTESIAN_POINT('Origin',(1.53430989544,7.81843591567,-8.74711162098));
#13191=CARTESIAN_POINT('',(1.53787144647,7.84092266386,-8.5000000006));
#13192=CARTESIAN_POINT('',(1.53787144649,7.84092266404,-8.5000000006));
#13193=CARTESIAN_POINT('',(1.54090487815,7.86007499773,-8.5000000006));
#13194=CARTESIAN_POINT('Origin',(2.6,8.5,-8.5));
#13195=CARTESIAN_POINT('',(1.44249173424,8.02811588849,-8.5));
#13196=CARTESIAN_POINT('Origin',(2.59999971341,8.49999985027,-8.5));
#13197=CARTESIAN_POINT('',(1.45976930428,8.01931252703,-8.5));
#13198=CARTESIAN_POINT('Origin',(1.42220614605,8.03845191193,-8.74711162098));
#13199=CARTESIAN_POINT('',(1.44249173424,8.02811588849,-8.1250000003));
#13200=CARTESIAN_POINT('Origin',(1.79708336652,7.52247768328,-8.74711162098));
#13201=CARTESIAN_POINT('',(1.79352181549,7.54496443147,-8.5000000006));
#13202=CARTESIAN_POINT('',(1.79352181510406,7.54496443140218,-8.5000000006));
#13203=CARTESIAN_POINT('',(1.79048838381,7.56411676534,-8.5000000006));
#13204=CARTESIAN_POINT('Origin',(2.6,8.5,-8.5));
#13205=CARTESIAN_POINT('',(1.64496443101,7.69352181556,-8.5));
#13206=CARTESIAN_POINT('Origin',(2.59999999551,8.49999999551,-8.5));
#13207=CARTESIAN_POINT('',(1.66411676481,7.6904883841,-8.5));
#13208=CARTESIAN_POINT('Origin',(1.62247768328,7.69708336652,-8.74711162098));
#13209=CARTESIAN_POINT('',(1.64496443101,7.69352181556,-8.1250000003));
#13210=CARTESIAN_POINT('Origin',(2.13845191193,7.32220614605,-8.74711162098));
#13211=CARTESIAN_POINT('',(2.12811588828,7.34249173465,-8.5000000006));
#13212=CARTESIAN_POINT('',(2.12811588742615,7.34249173467297,-8.5000000006));
#13213=CARTESIAN_POINT('',(2.11931252667,7.35976930464,-8.5000000006));
#13214=CARTESIAN_POINT('Origin',(2.6,8.5,-8.5));
#13215=CARTESIAN_POINT('',(1.94092266298,7.43787144632,-8.5000000006));
#13216=CARTESIAN_POINT('Origin',(2.59999985027,8.49999971341,-8.5));
#13217=CARTESIAN_POINT('',(1.96007499695,7.44090487808,-8.5));
#13218=CARTESIAN_POINT('Origin',(1.91843591567,7.43430989544,-8.74711162098));
#13219=CARTESIAN_POINT('',(1.94092266298,7.43787144632,-8.5000000006));
#13220=CARTESIAN_POINT('Origin',(2.525,7.23722527741,-8.74711162098));
#13221=CARTESIAN_POINT('',(2.50890126574,7.25332401167,-8.5000000006));
#13222=CARTESIAN_POINT('',(2.50890126602,7.25332401139,-8.5000000006));
#13223=CARTESIAN_POINT('',(2.49518970856,7.26703556885,-8.5000000006));
#13224=CARTESIAN_POINT('Origin',(2.6,8.5,-8.5));
#13225=CARTESIAN_POINT('',(2.3013959779914,7.28618961995471,-8.5000000002));
#13226=CARTESIAN_POINT('Origin',(2.60000003793,8.50000027611,-8.5));
#13227=CARTESIAN_POINT('',(2.31867354773,7.29499298148,-8.5));
#13228=CARTESIAN_POINT('Origin',(2.28111038938,7.27585359689,-8.74711162098));
#13229=CARTESIAN_POINT('',(2.30139597799,7.28618962055,-8.5000000006));
#13230=CARTESIAN_POINT('Origin',(2.91888961062,7.27585359689,-8.74711162098));
#13231=CARTESIAN_POINT('',(2.89860402220111,7.28618962010965,-8.5000000004));
#13232=CARTESIAN_POINT('',(2.89860402225,7.28618962043,-8.5000000006));
#13233=CARTESIAN_POINT('',(2.88132645204,7.29499298216,-8.5000000006));
#13234=CARTESIAN_POINT('Origin',(2.6,8.5,-8.5));
#13235=CARTESIAN_POINT('',(2.69109873394,7.25332401135,-8.5));
#13236=CARTESIAN_POINT('Origin',(2.59999996207,8.50000027611,-8.5));
#13237=CARTESIAN_POINT('',(2.70481029097,7.26703556813,-8.5));
#13238=CARTESIAN_POINT('Origin',(2.675,7.23722527741,-8.74711162098));
#13239=CARTESIAN_POINT('',(2.69109873394,7.25332401135,-8.1250000003));
#13240=CARTESIAN_POINT('Origin',(3.28156408433,7.43430989544,-8.74711162098));
#13241=CARTESIAN_POINT('',(3.25907733614,7.43787144646,-8.5000000006));
#13242=CARTESIAN_POINT('',(3.25907733659,7.43787144639,-8.1250000003));
#13243=CARTESIAN_POINT('',(3.23992500227,7.44090487815,-8.5000000006));
#13244=CARTESIAN_POINT('Origin',(2.6,8.5,-8.5));
#13245=CARTESIAN_POINT('',(3.071884112,7.34249173521,-8.5000000006));
#13246=CARTESIAN_POINT('Origin',(2.60000014973,8.49999971341,-8.5));
#13247=CARTESIAN_POINT('',(3.08068747297,7.35976930428,-8.5));
#13248=CARTESIAN_POINT('Origin',(3.06154808807,7.32220614605,-8.74711162098));
#13249=CARTESIAN_POINT('',(3.07188411226951,7.3424917345489,-8.5000000006));
#13250=CARTESIAN_POINT('Origin',(3.57752231672,7.69708336652,-8.74711162098));
#13251=CARTESIAN_POINT('',(3.55503556853,7.69352181549,-8.5000000006));
#13252=CARTESIAN_POINT('',(3.55503556899,7.69352181556,-8.1250000003));
#13253=CARTESIAN_POINT('',(3.53588323466,7.69048838381,-8.5000000006));
#13254=CARTESIAN_POINT('Origin',(2.6,8.5,-8.5));
#13255=CARTESIAN_POINT('',(3.40647818455,7.54496443175,-8.5000000006));
#13256=CARTESIAN_POINT('Origin',(2.60000000449,8.49999999551,-8.5));
#13257=CARTESIAN_POINT('',(3.40951161589,7.56411676481,-8.5));
#13258=CARTESIAN_POINT('Origin',(3.40291663348,7.52247768328,-8.74711162098));
#13259=CARTESIAN_POINT('',(3.40647818486545,7.54496443137644,-8.5000000006));
#13260=CARTESIAN_POINT('Origin',(3.77779385395,8.03845191193,-8.74711162098));
#13261=CARTESIAN_POINT('',(3.75750826535,8.02811588828,-8.5000000006));
#13262=CARTESIAN_POINT('',(3.75750826553994,8.02811588794842,-7.7500000006));
#13263=CARTESIAN_POINT('',(3.74023069536,8.01931252667,-8.5000000006));
#13264=CARTESIAN_POINT('Origin',(2.6,8.5,-8.5));
#13265=CARTESIAN_POINT('',(3.66212855361,7.8409226634,-8.5));
#13266=CARTESIAN_POINT('Origin',(2.60000028659,8.49999985027,-8.5));
#13267=CARTESIAN_POINT('',(3.65909512192,7.86007499695,-8.5));
#13268=CARTESIAN_POINT('Origin',(3.66569010456,7.81843591567,-8.74711162098));
#13269=CARTESIAN_POINT('',(3.66212855361,7.8409226634,-8.1250000003));
#13270=CARTESIAN_POINT('Origin',(3.86277472259,8.425,-8.74711162098));
#13271=CARTESIAN_POINT('',(3.84667598832,8.40890126574,-8.5000000006));
#13272=CARTESIAN_POINT('',(3.84667598897,8.40890126638,-8.5000000006));
#13273=CARTESIAN_POINT('',(3.83296443115,8.39518970856,-8.5000000006));
#13274=CARTESIAN_POINT('Origin',(2.6,8.5,-8.5));
#13275=CARTESIAN_POINT('',(3.81381037967,8.20139597756,-8.5));
#13276=CARTESIAN_POINT('Origin',(2.59999972389,8.50000003793,-8.5));
#13277=CARTESIAN_POINT('',(3.80500701852,8.21867354773,-8.5));
#13278=CARTESIAN_POINT('Origin',(2.6,8.5,-10.3));
#13279=CARTESIAN_POINT('',(3.84667598865,8.59109873393,-8.49999999925));
#13280=CARTESIAN_POINT('',(3.84667598865,8.59109873393,-8.12499999993));
#13281=CARTESIAN_POINT('',(3.81381037992369,8.79860402226445,-8.5000000004));
#13282=CARTESIAN_POINT('Origin',(2.59999972389,8.49999996207,-8.5));
#13283=CARTESIAN_POINT('',(3.81381037967,8.79860402244,-8.12499999993));
#13284=CARTESIAN_POINT('',(3.75750826507,8.97188411186,-8.5000000006));
#13285=CARTESIAN_POINT('',(3.75750826553994,8.97188411205158,-8.5000000006));
#13286=CARTESIAN_POINT('',(3.66212855353,9.15907733614,-8.5000000006));
#13287=CARTESIAN_POINT('Origin',(2.60000028659,8.50000014973,-8.5));
#13288=CARTESIAN_POINT('',(3.66212855351,9.15907733602,-8.5000000006));
#13289=CARTESIAN_POINT('',(3.5550355688673,9.30647818413122,-8.49999999975));
#13290=CARTESIAN_POINT('',(3.55503556899,9.30647818443,-10.3000000007));
#13291=CARTESIAN_POINT('',(3.40647818451,9.45503556853,-8.5000000006));
#13292=CARTESIAN_POINT('Origin',(2.60000000449,8.50000000449,-8.5));
#13293=CARTESIAN_POINT('',(3.40647818486545,9.45503556862356,-8.5000000006));
#13294=CARTESIAN_POINT('',(1.35,8.5,-10.3));
#13295=CARTESIAN_POINT('',(3.81381037967,8.20139597756,-10.3000000007));
#13296=CARTESIAN_POINT('Origin',(3.82414640311,8.18111038938,-8.74711162098));
#13297=CARTESIAN_POINT('Origin',(3.82414640311,8.81888961062,-8.74711162098));
#13298=CARTESIAN_POINT('',(3.80500701784,8.78132645204,-8.5000000006));
#13299=CARTESIAN_POINT('Origin',(2.6,8.5,-8.5));
#13300=CARTESIAN_POINT('',(3.83296443187,8.60481029097,-8.5));
#13301=CARTESIAN_POINT('Origin',(3.86277472259,8.575,-8.74711162098));
#13302=CARTESIAN_POINT('Origin',(3.66569010456,9.18156408432,-8.74711162098));
#13303=CARTESIAN_POINT('',(3.65909512185,9.13992500227,-8.5000000006));
#13304=CARTESIAN_POINT('Origin',(2.6,8.5,-8.5));
#13305=CARTESIAN_POINT('',(3.74023069572,8.98068747297,-8.5));
#13306=CARTESIAN_POINT('Origin',(3.77779385395,8.96154808807,-8.74711162098));
#13307=CARTESIAN_POINT('Origin',(3.40291663348,9.47752231672,-8.74711162098));
#13308=CARTESIAN_POINT('',(3.40951161619,9.43588323466,-8.5000000006));
#13309=CARTESIAN_POINT('Origin',(2.6,8.5,-8.5));
#13310=CARTESIAN_POINT('',(3.53588323519,9.30951161589,-8.5));
#13311=CARTESIAN_POINT('Origin',(3.57752231672,9.30291663348,-8.74711162098));
#13312=CARTESIAN_POINT('Origin',(2.6,3.5,-8.8));
#13313=CARTESIAN_POINT('',(3.4,3.5,-10.73));
#13314=CARTESIAN_POINT('',(2.6,2.7,-10.7299999997));
#13315=CARTESIAN_POINT('Origin',(2.6,3.5,-10.7299999997));
#13316=CARTESIAN_POINT('',(2.6,4.3,-10.7299999997));
#13317=CARTESIAN_POINT('Origin',(2.6000000000002,3.4999999999998,-10.73));
#13318=CARTESIAN_POINT('',(2.6,4.3,-8.8));
#13319=CARTESIAN_POINT('',(2.6,4.3,-8.8));
#13320=CARTESIAN_POINT('Origin',(2.6,3.5,-8.8));
#13321=CARTESIAN_POINT('Origin',(2.6,3.5,-10.7299999997));
#13322=CARTESIAN_POINT('Origin',(2.6,3.5,-8.8));
#13323=CARTESIAN_POINT('',(2.6,4.75,-8.8));
#13324=CARTESIAN_POINT('Origin',(2.6,3.5,-8.8));
#13325=CARTESIAN_POINT('Origin',(3.60000000001179,3.49999999999732,-10.7299999999887));
#13326=CARTESIAN_POINT('',(3.6,3.49999999999779,-10.93));
#13327=CARTESIAN_POINT('Origin',(3.60000000001179,3.49999999999732,-10.7299999999887));
#13328=CARTESIAN_POINT('',(3.6,4.3,-11.73));
#13329=CARTESIAN_POINT('Origin',(3.6,3.49999999998004,-11.73000000002));
#13330=CARTESIAN_POINT('Origin',(3.6,3.49999999998004,-11.73000000002));
#13331=CARTESIAN_POINT('Origin',(2.6,3.5,-8.8));
#13332=CARTESIAN_POINT('',(2.6,4.75,-8.49999999925));
#13333=CARTESIAN_POINT('Origin',(2.6,3.5,-8.49999999925));
#13334=CARTESIAN_POINT('',(2.6,4.75,-8.8));
#13335=CARTESIAN_POINT('Origin',(7.10013753365,3.5,-11.73));
#13336=CARTESIAN_POINT('',(6.8001375336615,4.3,-11.73));
#13337=CARTESIAN_POINT('',(7.10013753365,4.3,-11.73));
#13338=CARTESIAN_POINT('Origin',(6.8001375334765,3.499999999815,-11.73));
#13339=CARTESIAN_POINT('Origin',(2.6,0.8,-8.5));
#13340=CARTESIAN_POINT('',(4.3024722597,4.69637555431,-8.49999999925));
#13341=CARTESIAN_POINT('',(4.51920057142,4.76491106376,-8.49999999925));
#13342=CARTESIAN_POINT('Origin',(4.4,4.76491106407,-8.5));
#13343=CARTESIAN_POINT('',(4.51920057142,1.79999999963,-8.49999999925));
#13344=CARTESIAN_POINT('',(4.51920057125,3.28245553207,-8.5));
#13345=CARTESIAN_POINT('',(4.3,1.58079942858,-8.49999999925));
#13346=CARTESIAN_POINT('Origin',(4.30000000024,1.79999999901,-8.5));
#13347=CARTESIAN_POINT('',(0.899999999694,1.58079942858,-8.49999999925));
#13348=CARTESIAN_POINT('',(2.6,1.580799428,-8.5));
#13349=CARTESIAN_POINT('',(0.680799428579,1.79999999993,-8.49999999925));
#13350=CARTESIAN_POINT('Origin',(0.899999999756,1.79999999901,-8.5));
#13351=CARTESIAN_POINT('',(0.680799428579,4.76491106407,-8.49999999925));
#13352=CARTESIAN_POINT('',(0.680799428746,3.28245553207,-8.5));
#13353=CARTESIAN_POINT('',(0.897527740261,4.69637555424,-8.49999999925));
#13354=CARTESIAN_POINT('Origin',(0.8,4.76491106407,-8.5));
#13355=CARTESIAN_POINT('Origin',(2.6,3.49999999847,-8.5));
#13356=CARTESIAN_POINT('',(1.05445750654,3.57500000037,-8.5));
#13357=CARTESIAN_POINT('',(1.05445750654,3.75500000007,-8.5));
#13358=CARTESIAN_POINT('',(1.05445750654,3.66500000022,-8.5));
#13359=CARTESIAN_POINT('',(0.904457506165,3.75500000007,-8.5));
#13360=CARTESIAN_POINT('',(0.979457506351,3.75500000007,-8.5));
#13361=CARTESIAN_POINT('',(0.904457506165,3.57500000037,-8.5));
#13362=CARTESIAN_POINT('',(0.904457506165,3.66500000022,-8.5));
#13363=CARTESIAN_POINT('',(0.72945750542,3.57500000037,-8.5));
#13364=CARTESIAN_POINT('',(0.816957505792,3.57500000037,-8.5));
#13365=CARTESIAN_POINT('',(0.72945750542,3.425,-8.5));
#13366=CARTESIAN_POINT('',(0.72945750542,3.50000000019,-8.5));
#13367=CARTESIAN_POINT('',(0.904457506165,3.425,-8.5));
#13368=CARTESIAN_POINT('',(0.816957505792,3.425,-8.5));
#13369=CARTESIAN_POINT('',(0.904457506165,3.2450000003,-8.5));
#13370=CARTESIAN_POINT('',(0.904457506165,3.33500000015,-8.5));
#13371=CARTESIAN_POINT('',(1.05445750654,3.2450000003,-8.5));
#13372=CARTESIAN_POINT('',(0.979457506351,3.2450000003,-8.5));
#13373=CARTESIAN_POINT('',(1.05445750654,3.425,-8.5));
#13374=CARTESIAN_POINT('',(1.05445750654,3.33500000015,-8.5));
#13375=CARTESIAN_POINT('',(1.23445750624,3.425,-8.5));
#13376=CARTESIAN_POINT('',(1.14445750639,3.425,-8.5));
#13377=CARTESIAN_POINT('',(1.23445750624,3.57500000037,-8.5));
#13378=CARTESIAN_POINT('',(1.23445750624,3.50000000019,-8.5));
#13379=CARTESIAN_POINT('',(1.14445750639,3.57500000037,-8.5));
#13380=CARTESIAN_POINT('Origin',(6.80013753376,3.5,-11.73));
#13381=CARTESIAN_POINT('',(7.10013753368263,3.99999999999063,-11.73));
#13382=CARTESIAN_POINT('',(6.80013753376,4.299999999913,-11.73));
#13383=CARTESIAN_POINT('Origin',(7.10013753368,3.5,-11.73));
#13384=CARTESIAN_POINT('Origin',(7.10013753365,3.5,-11.73));
#13385=CARTESIAN_POINT('Origin',(2.6,3.5,-6.15002798767));
#13386=CARTESIAN_POINT('',(2.6,2.24999999998,-6.15002798772));
#13387=CARTESIAN_POINT('',(3.85,3.5,-6.15002798772));
#13388=CARTESIAN_POINT('Origin',(2.6,3.5,-6.15002798772));
#13389=CARTESIAN_POINT('',(2.6,2.40000000005,-6.00002798765));
#13390=CARTESIAN_POINT('',(2.6,2.25000000003,-6.15002798767));
#13391=CARTESIAN_POINT('Origin',(2.6,3.5,-6.00002798765));
#13392=CARTESIAN_POINT('Origin',(2.6,3.5,-6.15002798772));
#13393=CARTESIAN_POINT('Origin',(2.6,3.5,-6.00002798772));
#13394=CARTESIAN_POINT('',(2.6,2.55,-6.00002798735));
#13395=CARTESIAN_POINT('Origin',(2.6,3.5,-6.00002798772));
#13396=CARTESIAN_POINT('Origin',(2.6,3.5,-16.4000279877));
#13397=CARTESIAN_POINT('',(2.6,2.55,-5.3000279881));
#13398=CARTESIAN_POINT('',(2.6,2.55,-16.4000279877));
#13399=CARTESIAN_POINT('',(2.475,2.55825958991,-5.3000279881));
#13400=CARTESIAN_POINT('Origin',(2.6,3.5,-5.3000279881));
#13401=CARTESIAN_POINT('',(2.475,2.55825958991,-3.8000279881));
#13402=CARTESIAN_POINT('',(2.475,2.55825958991,-16.4000279885));
#13403=CARTESIAN_POINT('',(1.65825958991,3.375,-3.8000279881));
#13404=CARTESIAN_POINT('Origin',(2.6,3.5,-3.8000279881));
#13405=CARTESIAN_POINT('',(1.65825958991,3.375,-5.3000279881));
#13406=CARTESIAN_POINT('',(1.65825958991,3.375,-16.4000279885));
#13407=CARTESIAN_POINT('',(1.65825958991,3.625,-5.3000279881));
#13408=CARTESIAN_POINT('Origin',(2.6,3.5,-5.3000279881));
#13409=CARTESIAN_POINT('',(1.65825958991,3.625,-3.8000279881));
#13410=CARTESIAN_POINT('',(1.65825958991,3.625,-16.4000279885));
#13411=CARTESIAN_POINT('',(2.475,4.44174041009,-3.8000279881));
#13412=CARTESIAN_POINT('Origin',(2.6,3.5,-3.8000279881));
#13413=CARTESIAN_POINT('',(2.475,4.44174041009,-5.3000279881));
#13414=CARTESIAN_POINT('',(2.475,4.44174041009,-16.4000279885));
#13415=CARTESIAN_POINT('',(2.725,4.44174041009,-5.3000279881));
#13416=CARTESIAN_POINT('Origin',(2.59999999999999,3.49999999999993,-5.30002798790949));
#13417=CARTESIAN_POINT('',(2.725,4.44174041009,-3.8000279881));
#13418=CARTESIAN_POINT('',(2.725,4.44174041009,-16.4000279885));
#13419=CARTESIAN_POINT('',(3.54174041009,3.625,-3.8000279881));
#13420=CARTESIAN_POINT('Origin',(2.6,3.5,-3.8000279881));
#13421=CARTESIAN_POINT('',(3.54174041009,3.625,-5.3000279881));
#13422=CARTESIAN_POINT('',(3.54174041009,3.625,-16.4000279885));
#13423=CARTESIAN_POINT('',(3.54174041009,3.375,-5.3000279881));
#13424=CARTESIAN_POINT('Origin',(2.6,3.5,-5.3000279881));
#13425=CARTESIAN_POINT('',(3.54174041009,3.375,-3.8000279881));
#13426=CARTESIAN_POINT('',(3.54174041009,3.375,-16.4000279885));
#13427=CARTESIAN_POINT('',(2.725,2.55825958991,-3.8000279881));
#13428=CARTESIAN_POINT('Origin',(2.6,3.5,-3.8000279881));
#13429=CARTESIAN_POINT('',(2.725,2.55825958991,-5.3000279881));
#13430=CARTESIAN_POINT('',(2.725,2.55825958991,-16.4000279885));
#13431=CARTESIAN_POINT('Origin',(2.6,3.5,-5.3000279881));
#13432=CARTESIAN_POINT('Origin',(2.6,3.5,-5.30002798772));
#13433=CARTESIAN_POINT('',(2.725,3.375,-5.30002798772));
#13434=CARTESIAN_POINT('',(2.725,2.9666297948,-5.30002798772));
#13435=CARTESIAN_POINT('',(3.1333702052,3.375,-5.30002798772));
#13436=CARTESIAN_POINT('',(2.725,3.625,-5.30002798772));
#13437=CARTESIAN_POINT('',(3.1333702052,3.625,-5.30002798772));
#13438=CARTESIAN_POINT('',(2.725,4.0333702052,-5.30002798772));
#13439=CARTESIAN_POINT('',(2.475,3.625,-5.30002798772));
#13440=CARTESIAN_POINT('',(2.475,4.0333702052,-5.30002798772));
#13441=CARTESIAN_POINT('',(2.0666297948,3.625,-5.30002798772));
#13442=CARTESIAN_POINT('',(2.475,3.375,-5.30002798772));
#13443=CARTESIAN_POINT('',(2.0666297948,3.375,-5.30002798772));
#13444=CARTESIAN_POINT('',(2.475,2.9666297948,-5.30002798772));
#13445=CARTESIAN_POINT('Origin',(2.725,0.240633660126,5.19997201228));
#13446=CARTESIAN_POINT('',(2.72500009207723,4.5668831953334,-1.57926947827518));
#13447=CARTESIAN_POINT('Ctrl Pts',(2.725,4.56688320557,-1.57926947883));
#13448=CARTESIAN_POINT('Ctrl Pts',(2.725,4.54187771453,-2.02342247984));
#13449=CARTESIAN_POINT('Ctrl Pts',(2.725,4.51686201255,-2.46757490625));
#13450=CARTESIAN_POINT('Ctrl Pts',(2.725,4.49183477692,-2.91172668367));
#13451=CARTESIAN_POINT('Ctrl Pts',(2.725,4.46679468351,-3.3558777357));
#13452=CARTESIAN_POINT('Ctrl Pts',(2.725,4.4417404096,-3.80002798772));
#13453=CARTESIAN_POINT('',(2.72500000038,3.625,-0.810239341846));
#13454=CARTESIAN_POINT('',(2.725,3.6249999992,-3.05513366478));
#13455=CARTESIAN_POINT('Ctrl Pts',(2.725,3.62500000007108,-0.810239340983091));
#13456=CARTESIAN_POINT('Ctrl Pts',(2.725,3.65030181091518,-0.812323565712529));
#13457=CARTESIAN_POINT('Ctrl Pts',(2.725,3.67553950255924,-0.815049512305246));
#13458=CARTESIAN_POINT('Ctrl Pts',(2.725,3.72786213795212,-0.822056803952439));
#13459=CARTESIAN_POINT('Ctrl Pts',(2.725,3.75495593055581,-0.82644860980694));
#13460=CARTESIAN_POINT('Ctrl Pts',(2.725,3.83480070859607,-0.841702784838875));
#13461=CARTESIAN_POINT('Ctrl Pts',(2.72500000000003,3.88743396156004,-0.854790146231122));
#13462=CARTESIAN_POINT('Ctrl Pts',(2.72500000000003,4.07690374159546,-0.914308598846514));
#13463=CARTESIAN_POINT('Ctrl Pts',(2.72500000000072,4.17890049627436,-0.971076557126009));
#13464=CARTESIAN_POINT('Ctrl Pts',(2.72500000000072,4.35836505701309,-1.09451181710729));
#13465=CARTESIAN_POINT('Ctrl Pts',(2.725,4.4264153694019,-1.17240889539282));
#13466=CARTESIAN_POINT('Ctrl Pts',(2.725,4.50597530081864,-1.29407161540695));
#13467=CARTESIAN_POINT('Ctrl Pts',(2.725,4.5326044398737,-1.35062494368213));
#13468=CARTESIAN_POINT('Ctrl Pts',(2.725,4.5638528037302,-1.46619863625205));
#13469=CARTESIAN_POINT('Ctrl Pts',(2.725,4.57003540070632,-1.52278040297574));
#13470=CARTESIAN_POINT('Ctrl Pts',(2.725,4.56688155208214,-1.57926938653046));
#13471=CARTESIAN_POINT('Origin',(2.6,3.5,-1.57926956998));
#13472=CARTESIAN_POINT('',(3.66688320351651,3.62500001314882,-1.57926947897661));
#13473=CARTESIAN_POINT('Origin',(2.6,3.5,-1.57926956954));
#13474=CARTESIAN_POINT('Ctrl Pts',(3.54174041009,3.625,-3.80002798769));
#13475=CARTESIAN_POINT('Ctrl Pts',(3.58241493268,3.625,-3.07896939436));
#13476=CARTESIAN_POINT('Ctrl Pts',(3.62429927938,3.625,-2.33565726699));
#13477=CARTESIAN_POINT('Ctrl Pts',(3.6668848159,3.625,-1.57926956953));
#13478=CARTESIAN_POINT('Origin',(5.82102085352,3.625,5.19997201228));
#13479=CARTESIAN_POINT('Ctrl Pts',(3.6668815520588,3.625,-1.57926938677372));
#13480=CARTESIAN_POINT('Ctrl Pts',(3.67002984726684,3.625,-1.5228798718348));
#13481=CARTESIAN_POINT('Ctrl Pts',(3.6638744739063,3.625,-1.46639678914272));
#13482=CARTESIAN_POINT('Ctrl Pts',(3.63274796725374,3.625,-1.35102533982337));
#13483=CARTESIAN_POINT('Ctrl Pts',(3.60622606654882,3.625,-1.29456761807473));
#13484=CARTESIAN_POINT('Ctrl Pts',(3.53513361390896,3.625,-1.18562053164529));
#13485=CARTESIAN_POINT('Ctrl Pts',(3.47091211228212,3.625,-1.10330912120623));
#13486=CARTESIAN_POINT('Ctrl Pts',(3.27969087035243,3.625,-0.971520354873778));
#13487=CARTESIAN_POINT('Ctrl Pts',(3.17755380708942,3.62500000000002,-0.914554679730274));
#13488=CARTESIAN_POINT('Ctrl Pts',(2.98775175984594,3.62500000000002,-0.85487448437604));
#13489=CARTESIAN_POINT('Ctrl Pts',(2.93508593510587,3.625,-0.841766927833706));
#13490=CARTESIAN_POINT('Ctrl Pts',(2.85516082244791,3.625,-0.826482873743496));
#13491=CARTESIAN_POINT('Ctrl Pts',(2.82801916585219,3.625,-0.822079881692266));
#13492=CARTESIAN_POINT('Ctrl Pts',(2.77560908439989,3.625,-0.815056943283732));
#13493=CARTESIAN_POINT('Ctrl Pts',(2.75034166822246,3.625,-0.812326848945889));
#13494=CARTESIAN_POINT('Ctrl Pts',(2.72500000044852,3.625,-0.810239341014183));
#13495=CARTESIAN_POINT('Origin',(5.82102085352,3.375,5.19997201228));
#13496=CARTESIAN_POINT('',(2.72499999986672,3.37499999959995,-0.810239341556607));
#13497=CARTESIAN_POINT('',(2.72500000038,3.375,-3.05513366478));
#13498=CARTESIAN_POINT('',(3.66688319571848,3.37499990794798,-1.57926947835744));
#13499=CARTESIAN_POINT('Ctrl Pts',(3.66688155206841,3.375,-1.57926938659046));
#13500=CARTESIAN_POINT('Ctrl Pts',(3.67002991569569,3.375,-1.52287864573775));
#13501=CARTESIAN_POINT('Ctrl Pts',(3.66387420721059,3.375,-1.46639434713503));
#13502=CARTESIAN_POINT('Ctrl Pts',(3.63274620411037,3.375,-1.35102041954702));
#13503=CARTESIAN_POINT('Ctrl Pts',(3.60622299218411,3.375,-1.29456153221995));
#13504=CARTESIAN_POINT('Ctrl Pts',(3.53512744710395,3.375,-1.18561256548609));
#13505=CARTESIAN_POINT('Ctrl Pts',(3.47090417726338,3.375,-1.10330163446864));
#13506=CARTESIAN_POINT('Ctrl Pts',(3.27968031601678,3.375,-0.971514294243452));
#13507=CARTESIAN_POINT('Ctrl Pts',(3.17754287281377,3.37499999999998,-0.914549925515999));
#13508=CARTESIAN_POINT('Ctrl Pts',(2.98774073603661,3.37499999999998,-0.854871507370426));
#13509=CARTESIAN_POINT('Ctrl Pts',(2.9350748568131,3.37500000000001,-0.841764384768178));
#13510=CARTESIAN_POINT('Ctrl Pts',(2.85515189846438,3.37500000000001,-0.826481383473734));
#13511=CARTESIAN_POINT('Ctrl Pts',(2.82801246522428,3.375,-0.822078900021874));
#13512=CARTESIAN_POINT('Ctrl Pts',(2.77560609585323,3.375,-0.815056620396444));
#13513=CARTESIAN_POINT('Ctrl Pts',(2.75034016973185,3.375,-0.812326725500127));
#13514=CARTESIAN_POINT('Ctrl Pts',(2.72499999991497,3.375,-0.810239340970793));
#13515=CARTESIAN_POINT('Ctrl Pts',(3.54174041078,3.375,-3.80002798772));
#13516=CARTESIAN_POINT('Ctrl Pts',(3.56679468122,3.375,-3.35587773548));
#13517=CARTESIAN_POINT('Ctrl Pts',(3.59183471678,3.375,-2.91172668018));
#13518=CARTESIAN_POINT('Ctrl Pts',(3.61685704897,3.375,-2.46757462716));
#13519=CARTESIAN_POINT('Ctrl Pts',(3.64188193545,3.375,-2.02342271681));
#13520=CARTESIAN_POINT('Ctrl Pts',(3.66688320674,3.375,-1.57926947883));
#13521=CARTESIAN_POINT('Origin',(2.6,3.5,-1.57926957027));
#13522=CARTESIAN_POINT('',(2.72500001316003,2.43311679649368,-1.57926947915725));
#13523=CARTESIAN_POINT('Origin',(2.6,3.5,-1.57926956973));
#13524=CARTESIAN_POINT('Ctrl Pts',(2.725,2.55825958989,-3.80002798738));
#13525=CARTESIAN_POINT('Ctrl Pts',(2.725,2.51758506733,-3.07896939438));
#13526=CARTESIAN_POINT('Ctrl Pts',(2.725,2.47570072063,-2.33565726703));
#13527=CARTESIAN_POINT('Ctrl Pts',(2.725,2.43311518411,-1.57926956973));
#13528=CARTESIAN_POINT('Origin',(2.725,0.240633660126,5.19997201228));
#13529=CARTESIAN_POINT('Ctrl Pts',(2.725,2.43311844795284,-1.57926938695427));
#13530=CARTESIAN_POINT('Ctrl Pts',(2.725,2.42997015274573,-1.52287987237201));
#13531=CARTESIAN_POINT('Ctrl Pts',(2.725,2.43612552597907,-1.4663967900517));
#13532=CARTESIAN_POINT('Ctrl Pts',(2.725,2.46725203213868,-1.35102534149544));
#13533=CARTESIAN_POINT('Ctrl Pts',(2.725,2.49377393241576,-1.29456762012655));
#13534=CARTESIAN_POINT('Ctrl Pts',(2.725,2.56486638400971,-1.18562053435581));
#13535=CARTESIAN_POINT('Ctrl Pts',(2.725,2.62908788506063,-1.10330912372647));
#13536=CARTESIAN_POINT('Ctrl Pts',(2.725,2.82030912601388,-0.971520356974023));
#13537=CARTESIAN_POINT('Ctrl Pts',(2.72500000000002,2.92244618885854,-0.914554681553708));
#13538=CARTESIAN_POINT('Ctrl Pts',(2.72500000000002,3.11224823598861,-0.854874485481477));
#13539=CARTESIAN_POINT('Ctrl Pts',(2.72499999999999,3.16491406117707,-0.841766928669931));
#13540=CARTESIAN_POINT('Ctrl Pts',(2.72499999999999,3.24483917482918,-0.826482874201722));
#13541=CARTESIAN_POINT('Ctrl Pts',(2.725,3.27198083197173,-0.822079882015331));
#13542=CARTESIAN_POINT('Ctrl Pts',(2.725,3.32439091437345,-0.815056943420661));
#13543=CARTESIAN_POINT('Ctrl Pts',(2.725,3.34965833137431,-0.812326848979742));
#13544=CARTESIAN_POINT('Ctrl Pts',(2.725,3.37499999955529,-0.81023934101443));
#13545=CARTESIAN_POINT('Origin',(2.475,0.240633660126,5.19997201228));
#13546=CARTESIAN_POINT('',(2.47500000038,3.375,-0.810239341846));
#13547=CARTESIAN_POINT('',(2.475,3.3749999992,-3.05513366478));
#13548=CARTESIAN_POINT('',(2.47500001314932,2.43311692728557,-1.57927191248895));
#13549=CARTESIAN_POINT('Ctrl Pts',(2.475,2.43311858379751,-1.57927181999599));
#13550=CARTESIAN_POINT('Ctrl Pts',(2.475,2.42996993699142,-1.52288081842641));
#13551=CARTESIAN_POINT('Ctrl Pts',(2.475,2.43612546169386,-1.46639621174092));
#13552=CARTESIAN_POINT('Ctrl Pts',(2.475,2.46725328163442,-1.35102161771968));
#13553=CARTESIAN_POINT('Ctrl Pts',(2.475,2.49377650973498,-1.29456240696835));
#13554=CARTESIAN_POINT('Ctrl Pts',(2.475,2.56487203097435,-1.1856132448739));
#13555=CARTESIAN_POINT('Ctrl Pts',(2.475,2.62909511704631,-1.10330231632592));
#13556=CARTESIAN_POINT('Ctrl Pts',(2.475,2.8203180921021,-0.971515273753241));
#13557=CARTESIAN_POINT('Ctrl Pts',(2.47499999999998,2.92245445461137,-0.914551300874026));
#13558=CARTESIAN_POINT('Ctrl Pts',(2.47499999999998,3.11225497912688,-0.85487265577012));
#13559=CARTESIAN_POINT('Ctrl Pts',(2.47500000000001,3.16492104301685,-0.841765318110216));
#13560=CARTESIAN_POINT('Ctrl Pts',(2.47500000000001,3.24484470120684,-0.826481957671735));
#13561=CARTESIAN_POINT('Ctrl Pts',(2.475,3.27198464999991,-0.822079330970438));
#13562=CARTESIAN_POINT('Ctrl Pts',(2.475,3.32439232064222,-0.815056791484085));
#13563=CARTESIAN_POINT('Ctrl Pts',(2.475,3.34965903661639,-0.81232679087958));
#13564=CARTESIAN_POINT('Ctrl Pts',(2.475,3.374999999929,-0.810239340984121));
#13565=CARTESIAN_POINT('Ctrl Pts',(2.475,2.55825959066,-3.80002798772));
#13566=CARTESIAN_POINT('Ctrl Pts',(2.475,2.53320534767,-3.35587822208));
#13567=CARTESIAN_POINT('Ctrl Pts',(2.475,2.50816533953,-2.91172765337));
#13568=CARTESIAN_POINT('Ctrl Pts',(2.475,2.48313816697,-2.46757635936));
#13569=CARTESIAN_POINT('Ctrl Pts',(2.475,2.45812171824,-2.02342446522));
#13570=CARTESIAN_POINT('Ctrl Pts',(2.475,2.43311527664,-1.57927200458));
#13571=CARTESIAN_POINT('Origin',(2.6,3.5,-1.57927200396));
#13572=CARTESIAN_POINT('',(1.53311693003507,3.37500000000645,-1.57927191170006));
#13573=CARTESIAN_POINT('Origin',(2.6,3.5,-1.57927200442));
#13574=CARTESIAN_POINT('Ctrl Pts',(1.53311529872,3.375,-1.57927200341));
#13575=CARTESIAN_POINT('Ctrl Pts',(1.57569966601,3.375,-2.33563688195));
#13576=CARTESIAN_POINT('Ctrl Pts',(1.61758502083,3.375,-3.07896857171));
#13577=CARTESIAN_POINT('Ctrl Pts',(1.65825958989,3.375,-3.80002798739));
#13578=CARTESIAN_POINT('Origin',(5.82102085352,3.375,5.19997201228));
#13579=CARTESIAN_POINT('Ctrl Pts',(2.47500000030644,3.375,-0.81023934095303));
#13580=CARTESIAN_POINT('Ctrl Pts',(2.44969078738515,3.375,-0.812324175418661));
#13581=CARTESIAN_POINT('Ctrl Pts',(2.42445566644654,3.375,-0.815049948491068));
#13582=CARTESIAN_POINT('Ctrl Pts',(2.3721207434484,3.375,-0.822059324321504));
#13583=CARTESIAN_POINT('Ctrl Pts',(2.34502201309487,3.37500000000001,-0.826452301054423));
#13584=CARTESIAN_POINT('Ctrl Pts',(2.26516985689468,3.37500000000001,-0.841709436190885));
#13585=CARTESIAN_POINT('Ctrl Pts',(2.21253414921663,3.37499999999997,-0.854798639970663));
#13586=CARTESIAN_POINT('Ctrl Pts',(2.02304008045285,3.37499999999997,-0.914330341189512));
#13587=CARTESIAN_POINT('Ctrl Pts',(1.92103297392771,3.37499999999946,-0.971113879549331));
#13588=CARTESIAN_POINT('Ctrl Pts',(1.74157781288245,3.37499999999946,-1.09456376659726));
#13589=CARTESIAN_POINT('Ctrl Pts',(1.6735407256821,3.375,-1.17246360277667));
#13590=CARTESIAN_POINT('Ctrl Pts',(1.59400334686067,3.375,-1.29411369461108));
#13591=CARTESIAN_POINT('Ctrl Pts',(1.56738310779103,3.375,-1.35065940758518));
#13592=CARTESIAN_POINT('Ctrl Pts',(1.53614506130134,3.375,-1.46621696888351));
#13593=CARTESIAN_POINT('Ctrl Pts',(1.52996491312718,3.375,-1.52279084182125));
#13594=CARTESIAN_POINT('Ctrl Pts',(1.53311858375658,3.375,-1.57927181936291));
#13595=CARTESIAN_POINT('Origin',(5.82102085352,3.625,5.19997201228));
#13596=CARTESIAN_POINT('',(1.53311692728084,3.62499998684523,-1.57927191244853));
#13597=CARTESIAN_POINT('Ctrl Pts',(1.53311527595,3.625,-1.57927200458));
#13598=CARTESIAN_POINT('Ctrl Pts',(1.55812207122,3.625,-2.02342444435));
#13599=CARTESIAN_POINT('Ctrl Pts',(1.58313824212,3.625,-2.46757635638));
#13600=CARTESIAN_POINT('Ctrl Pts',(1.60816544702,3.625,-2.91172764735));
#13601=CARTESIAN_POINT('Ctrl Pts',(1.63320534352,3.625,-3.35587822232));
#13602=CARTESIAN_POINT('Ctrl Pts',(1.65825958997,3.625,-3.80002798772));
#13603=CARTESIAN_POINT('',(2.47499999986822,3.62499999959844,-0.810239341556336));
#13604=CARTESIAN_POINT('',(2.47500000038,3.625,-3.05513366478));
#13605=CARTESIAN_POINT('Ctrl Pts',(2.47499999982177,3.625,-0.810239340992459));
#13606=CARTESIAN_POINT('Ctrl Pts',(2.44969660388475,3.625,-0.812323696295371));
#13607=CARTESIAN_POINT('Ctrl Pts',(2.42445733494113,3.625,-0.815049853888271));
#13608=CARTESIAN_POINT('Ctrl Pts',(2.37213158030143,3.625,-0.822057733767854));
#13609=CARTESIAN_POINT('Ctrl Pts',(2.34503624029541,3.62499999999999,-0.826449923953714));
#13610=CARTESIAN_POINT('Ctrl Pts',(2.26518899013867,3.62499999999999,-0.84170510995412));
#13611=CARTESIAN_POINT('Ctrl Pts',(2.21255481016534,3.62500000000003,-0.85479313415613));
#13612=CARTESIAN_POINT('Ctrl Pts',(2.0230899012891,3.62500000000003,-0.914312044399554));
#13613=CARTESIAN_POINT('Ctrl Pts',(1.92109655988247,3.62500000000072,-0.971078456250142));
#13614=CARTESIAN_POINT('Ctrl Pts',(1.74163414628513,3.62500000000072,-1.09451255337188));
#13615=CARTESIAN_POINT('Ctrl Pts',(1.67358404481389,3.625,-1.17240963205323));
#13616=CARTESIAN_POINT('Ctrl Pts',(1.59402417988104,3.625,-1.29407253004506));
#13617=CARTESIAN_POINT('Ctrl Pts',(1.56739503321049,3.625,-1.35062617402213));
#13618=CARTESIAN_POINT('Ctrl Pts',(1.536146862647,3.625,-1.46620051701073));
#13619=CARTESIAN_POINT('Ctrl Pts',(1.52996445196942,3.625,-1.52278258379513));
#13620=CARTESIAN_POINT('Ctrl Pts',(1.5331185837865,3.625,-1.57927181995592));
#13621=CARTESIAN_POINT('Origin',(2.6,3.5,-1.57927200385));
#13622=CARTESIAN_POINT('',(2.47499999997375,4.56688306981408,-1.57927191171572));
#13623=CARTESIAN_POINT('Ctrl Pts',(2.475,4.56688470127,-1.57927200359));
#13624=CARTESIAN_POINT('Ctrl Pts',(2.475,4.52430067544,-2.33563024257));
#13625=CARTESIAN_POINT('Ctrl Pts',(2.475,4.48241497917,-3.07896857188));
#13626=CARTESIAN_POINT('Ctrl Pts',(2.475,4.4417404101,-3.80002798758));
#13627=CARTESIAN_POINT('Origin',(2.6,3.5,-1.57927200438));
#13628=CARTESIAN_POINT('Origin',(2.475,0.240633660126,5.19997201228));
#13629=CARTESIAN_POINT('Ctrl Pts',(2.475,3.62499999964849,-0.810239340948822));
#13630=CARTESIAN_POINT('Ctrl Pts',(2.475,3.65030588729531,-0.812323901495965));
#13631=CARTESIAN_POINT('Ctrl Pts',(2.475,3.67554763569821,-0.815050390771337));
#13632=CARTESIAN_POINT('Ctrl Pts',(2.475,3.72787925554986,-0.822059324172416));
#13633=CARTESIAN_POINT('Ctrl Pts',(2.47500000000001,3.75497798571299,-0.826452300853844));
#13634=CARTESIAN_POINT('Ctrl Pts',(2.47500000000001,3.83483014153342,-0.841709435838603));
#13635=CARTESIAN_POINT('Ctrl Pts',(2.47499999999997,3.88746584902277,-0.854798639504741));
#13636=CARTESIAN_POINT('Ctrl Pts',(2.47499999999997,4.07695991566735,-0.914330339739296));
#13637=CARTESIAN_POINT('Ctrl Pts',(2.47499999999946,4.17896702122086,-0.971113876845478));
#13638=CARTESIAN_POINT('Ctrl Pts',(2.47499999999946,4.35842218279929,-1.09456376266571));
#13639=CARTESIAN_POINT('Ctrl Pts',(2.475,4.42645927098053,-1.17246359860497));
#13640=CARTESIAN_POINT('Ctrl Pts',(2.475,4.50599665154046,-1.29411369145233));
#13641=CARTESIAN_POINT('Ctrl Pts',(2.475,4.53261689129065,-1.35065940504701));
#13642=CARTESIAN_POINT('Ctrl Pts',(2.475,4.56385493854797,-1.46621696762345));
#13643=CARTESIAN_POINT('Ctrl Pts',(2.475,4.5700350869037,-1.52279084123756));
#13644=CARTESIAN_POINT('Ctrl Pts',(2.475,4.56688141623986,-1.57927181938678));
#13645=CARTESIAN_POINT('Ctrl Pts',(2.71633860431,4.56786074713,-1.57926938703));
#13646=CARTESIAN_POINT('Ctrl Pts',(3.23921174446,4.5108960806,-1.57926938703));
#13647=CARTESIAN_POINT('Ctrl Pts',(3.61107462586,4.13892929262,-1.57926938703));
#13648=CARTESIAN_POINT('Ctrl Pts',(3.66789320844,3.61604025793,-1.57926938703));
#13649=CARTESIAN_POINT('Ctrl Pts',(2.71681900737,4.57227032015,-1.49927818821));
#13650=CARTESIAN_POINT('Ctrl Pts',(3.24185127483,4.51507042646,-1.49927818821));
#13651=CARTESIAN_POINT('Ctrl Pts',(3.615249709,4.14156765664,-1.49927818821));
#13652=CARTESIAN_POINT('Ctrl Pts',(3.67230291552,3.61651942901,-1.49927818821));
#13653=CARTESIAN_POINT('Ctrl Pts',(2.71372437651,4.54386500404,-1.32331752037));
#13654=CARTESIAN_POINT('Ctrl Pts',(3.22484811059,4.48818038223,-1.32331752037));
#13655=CARTESIAN_POINT('Ctrl Pts',(3.58835491543,4.12457200568,-1.32331752037));
#13656=CARTESIAN_POINT('Ctrl Pts',(3.64389673593,3.61343273422,-1.32331752037));
#13657=CARTESIAN_POINT('Ctrl Pts',(2.69289825999,4.35270410376,-1.06650141345));
#13658=CARTESIAN_POINT('Ctrl Pts',(3.11042093189,4.30721689482,-1.06650141345));
#13659=CARTESIAN_POINT('Ctrl Pts',(3.40735946611,4.01019538951,-1.06650141345));
#13660=CARTESIAN_POINT('Ctrl Pts',(3.45273002464,3.59266002557,-1.06650141345));
#13661=CARTESIAN_POINT('Ctrl Pts',(2.65805789391,4.03290776812,-0.880103804094));
#13662=CARTESIAN_POINT('Ctrl Pts',(2.9189937499,4.00447998539,-0.880103804094));
#13663=CARTESIAN_POINT('Ctrl Pts',(3.10456908704,3.81885279446,-0.880103804094));
#13664=CARTESIAN_POINT('Ctrl Pts',(3.13292396769,3.55790900642,-0.880103804094));
#13665=CARTESIAN_POINT('Ctrl Pts',(2.63132578206,3.78753631032,-0.823005708447));
#13666=CARTESIAN_POINT('Ctrl Pts',(2.77211662383,3.77219778413,-0.823005708447));
#13667=CARTESIAN_POINT('Ctrl Pts',(2.87224585992,3.67204056975,-0.823005708447));
#13668=CARTESIAN_POINT('Ctrl Pts',(2.88754505098,3.53124544816,-0.823005708447));
#13669=CARTESIAN_POINT('Ctrl Pts',(2.61853744012,3.67015336203,-0.809593195353));
#13670=CARTESIAN_POINT('Ctrl Pts',(2.70185225711,3.6610765891,-0.809593195353));
#13671=CARTESIAN_POINT('Ctrl Pts',(2.76110503857,3.60180725112,-0.809593195353));
#13672=CARTESIAN_POINT('Ctrl Pts',(2.77015853443,3.51848990149,-0.809593195353));
#13673=CARTESIAN_POINT('Ctrl Pts',(2.61823372928,3.66736562971,-0.809282774324));
#13674=CARTESIAN_POINT('Ctrl Pts',(2.70018354586,3.6584375674,-0.809282774324));
#13675=CARTESIAN_POINT('Ctrl Pts',(2.75846555077,3.60013927723,-0.809282774324));
#13676=CARTESIAN_POINT('Ctrl Pts',(2.76737071736,3.5181869695,-0.809282774324));
#13677=CARTESIAN_POINT('Ctrl Pts',(3.66786074711,3.3836613957,-1.57926938722));
#13678=CARTESIAN_POINT('Ctrl Pts',(3.61089608059,2.86078825554,-1.57926938722));
#13679=CARTESIAN_POINT('Ctrl Pts',(3.2389292926,2.48892537414,-1.57926938722));
#13680=CARTESIAN_POINT('Ctrl Pts',(2.71604025791,2.43210679157,-1.57926938722));
#13681=CARTESIAN_POINT('Ctrl Pts',(3.67227032017,3.38318099263,-1.49927818835));
#13682=CARTESIAN_POINT('Ctrl Pts',(3.61507042648,2.85814872516,-1.49927818835));
#13683=CARTESIAN_POINT('Ctrl Pts',(3.24156765665,2.48475029097,-1.49927818835));
#13684=CARTESIAN_POINT('Ctrl Pts',(2.716519429,2.42769708446,-1.49927818835));
#13685=CARTESIAN_POINT('Ctrl Pts',(3.64386500409,3.3862756235,-1.32331752044));
#13686=CARTESIAN_POINT('Ctrl Pts',(3.58818038228,2.87515188937,-1.32331752044));
#13687=CARTESIAN_POINT('Ctrl Pts',(3.22457200571,2.51164508452,-1.32331752044));
#13688=CARTESIAN_POINT('Ctrl Pts',(2.71343273421,2.45610326402,-1.32331752044));
#13689=CARTESIAN_POINT('Ctrl Pts',(3.45270410376,3.40710174001,-1.06650141345));
#13690=CARTESIAN_POINT('Ctrl Pts',(3.40721689482,2.98957906811,-1.06650141345));
#13691=CARTESIAN_POINT('Ctrl Pts',(3.11019538951,2.69264053389,-1.06650141345));
#13692=CARTESIAN_POINT('Ctrl Pts',(2.69266002556,2.64726997536,-1.06650141345));
#13693=CARTESIAN_POINT('Ctrl Pts',(3.13290776812,3.44194210609,-0.880103804092));
#13694=CARTESIAN_POINT('Ctrl Pts',(3.10447998539,3.1810062501,-0.880103804092));
#13695=CARTESIAN_POINT('Ctrl Pts',(2.91885279445,2.99543091295,-0.880103804092));
#13696=CARTESIAN_POINT('Ctrl Pts',(2.65790900642,2.96707603231,-0.880103804092));
#13697=CARTESIAN_POINT('Ctrl Pts',(2.88753631032,3.46867421795,-0.823005708449));
#13698=CARTESIAN_POINT('Ctrl Pts',(2.87219778413,3.32788337617,-0.823005708449));
#13699=CARTESIAN_POINT('Ctrl Pts',(2.77204056975,3.22775414008,-0.823005708449));
#13700=CARTESIAN_POINT('Ctrl Pts',(2.63124544815,3.21245494902,-0.823005708449));
#13701=CARTESIAN_POINT('Ctrl Pts',(2.77015336204,3.48146255988,-0.809593195354));
#13702=CARTESIAN_POINT('Ctrl Pts',(2.7610765891,3.39814774289,-0.809593195354));
#13703=CARTESIAN_POINT('Ctrl Pts',(2.70180725112,3.33889496142,-0.809593195354));
#13704=CARTESIAN_POINT('Ctrl Pts',(2.61848990149,3.32984146556,-0.809593195354));
#13705=CARTESIAN_POINT('Ctrl Pts',(2.76736562971,3.48176627072,-0.809282774324));
#13706=CARTESIAN_POINT('Ctrl Pts',(2.7584375674,3.39981645414,-0.809282774324));
#13707=CARTESIAN_POINT('Ctrl Pts',(2.70013927723,3.34153444923,-0.809282774324));
#13708=CARTESIAN_POINT('Ctrl Pts',(2.6181869695,3.33262928263,-0.809282774324));
#13709=CARTESIAN_POINT('Ctrl Pts',(2.48366058751,2.43213947669,-1.5792718208));
#13710=CARTESIAN_POINT('Ctrl Pts',(1.96084646092,2.48909812157,-1.5792718208));
#13711=CARTESIAN_POINT('Ctrl Pts',(1.58900163929,2.8609990853,-1.5792718208));
#13712=CARTESIAN_POINT('Ctrl Pts',(1.53212192495,3.38382180505,-1.5792718208));
#13713=CARTESIAN_POINT('Ctrl Pts',(2.48318013587,2.42772948937,-1.49927992573));
#13714=CARTESIAN_POINT('Ctrl Pts',(1.95820692238,2.4849233587,-1.49927992573));
#13715=CARTESIAN_POINT('Ctrl Pts',(1.58482647798,2.85836017707,-1.49927992573));
#13716=CARTESIAN_POINT('Ctrl Pts',(1.52771186515,3.3833420192,-1.49927992573));
#13717=CARTESIAN_POINT('Ctrl Pts',(2.48627475123,2.45613445986,-1.32331835832));
#13718=CARTESIAN_POINT('Ctrl Pts',(1.97520833504,2.5118132356,-1.32331835832));
#13719=CARTESIAN_POINT('Ctrl Pts',(1.6117189213,2.87535752993,-1.32331835832));
#13720=CARTESIAN_POINT('Ctrl Pts',(1.55611730251,3.38643234619,-1.32331835832));
#13721=CARTESIAN_POINT('Ctrl Pts',(2.50710108299,2.64729596783,-1.06650141345));
#13722=CARTESIAN_POINT('Ctrl Pts',(2.08962548193,2.69277837409,-1.06650141345));
#13723=CARTESIAN_POINT('Ctrl Pts',(1.79270133142,2.98974735498,-1.06650141345));
#13724=CARTESIAN_POINT('Ctrl Pts',(1.74728195248,3.40722981782,-1.06650141345));
#13725=CARTESIAN_POINT('Ctrl Pts',(2.54194169548,2.96709227662,-0.880103804093));
#13726=CARTESIAN_POINT('Ctrl Pts',(2.28103525698,2.99551705786,-0.880103804093));
#13727=CARTESIAN_POINT('Ctrl Pts',(2.09546890911,3.18111142302,-0.880103804093));
#13728=CARTESIAN_POINT('Ctrl Pts',(2.06708351756,3.44202214987,-0.880103804093));
#13729=CARTESIAN_POINT('Ctrl Pts',(2.56867399717,3.21246372095,-0.823005706788));
#13730=CARTESIAN_POINT('Ctrl Pts',(2.42789903142,3.22780062727,-0.823005706788));
#13731=CARTESIAN_POINT('Ctrl Pts',(2.32777464808,3.32794012766,-0.823005706788));
#13732=CARTESIAN_POINT('Ctrl Pts',(2.31245899491,3.46871740723,-0.823005706788));
#13733=CARTESIAN_POINT('Ctrl Pts',(2.58146243027,3.32984666598,-0.809593193785));
#13734=CARTESIAN_POINT('Ctrl Pts',(2.49815701278,3.33892247983,-0.809593193785));
#13735=CARTESIAN_POINT('Ctrl Pts',(2.43890710631,3.39818133202,-0.809593193785));
#13736=CARTESIAN_POINT('Ctrl Pts',(2.42984386928,3.48148811874,-0.809593193785));
#13737=CARTESIAN_POINT('Ctrl Pts',(2.58176614401,3.33263440492,-0.809282772034));
#13738=CARTESIAN_POINT('Ctrl Pts',(2.49982557639,3.34156152348,-0.809282772034));
#13739=CARTESIAN_POINT('Ctrl Pts',(2.44154640183,3.39984949719,-0.809282772034));
#13740=CARTESIAN_POINT('Ctrl Pts',(2.43263165404,3.4817914116,-0.809282772034));
#13741=CARTESIAN_POINT('Ctrl Pts',(1.53213947668,3.6163394125,-1.57927182076));
#13742=CARTESIAN_POINT('Ctrl Pts',(1.58909812157,4.13915353909,-1.57927182076));
#13743=CARTESIAN_POINT('Ctrl Pts',(1.9609990853,4.51099836071,-1.57927182076));
#13744=CARTESIAN_POINT('Ctrl Pts',(2.48382180505,4.56787807505,-1.57927182076));
#13745=CARTESIAN_POINT('Ctrl Pts',(1.52772948938,3.61681986414,-1.4992799257));
#13746=CARTESIAN_POINT('Ctrl Pts',(1.58492335871,4.14179307762,-1.4992799257));
#13747=CARTESIAN_POINT('Ctrl Pts',(1.95836017707,4.51517352202,-1.4992799257));
#13748=CARTESIAN_POINT('Ctrl Pts',(2.4833420192,4.57228813484,-1.4992799257));
#13749=CARTESIAN_POINT('Ctrl Pts',(1.55613445987,3.61372524878,-1.32331835831));
#13750=CARTESIAN_POINT('Ctrl Pts',(1.61181323562,4.12479166497,-1.32331835831));
#13751=CARTESIAN_POINT('Ctrl Pts',(1.97535752993,4.48828107869,-1.32331835831));
#13752=CARTESIAN_POINT('Ctrl Pts',(2.48643234619,4.54388269748,-1.32331835831));
#13753=CARTESIAN_POINT('Ctrl Pts',(1.74729596783,3.59289891702,-1.06650141345));
#13754=CARTESIAN_POINT('Ctrl Pts',(1.7927783741,4.01037451808,-1.06650141345));
#13755=CARTESIAN_POINT('Ctrl Pts',(2.08974735499,4.30729866858,-1.06650141345));
#13756=CARTESIAN_POINT('Ctrl Pts',(2.50722981782,4.35271804752,-1.06650141345));
#13757=CARTESIAN_POINT('Ctrl Pts',(2.06709227662,3.55805830453,-0.880103804094));
#13758=CARTESIAN_POINT('Ctrl Pts',(2.09551705786,3.81896474303,-0.880103804094));
#13759=CARTESIAN_POINT('Ctrl Pts',(2.28111142302,4.00453109089,-0.880103804094));
#13760=CARTESIAN_POINT('Ctrl Pts',(2.54202214987,4.03291648244,-0.880103804094));
#13761=CARTESIAN_POINT('Ctrl Pts',(2.31246372096,3.53132600283,-0.823005706789));
#13762=CARTESIAN_POINT('Ctrl Pts',(2.32780062728,3.67210096858,-0.823005706789));
#13763=CARTESIAN_POINT('Ctrl Pts',(2.42794012766,3.77222535192,-0.823005706789));
#13764=CARTESIAN_POINT('Ctrl Pts',(2.56871740723,3.78754100509,-0.823005706789));
#13765=CARTESIAN_POINT('Ctrl Pts',(2.42984666599,3.51853756973,-0.809593193784));
#13766=CARTESIAN_POINT('Ctrl Pts',(2.43892247984,3.60184298722,-0.809593193784));
#13767=CARTESIAN_POINT('Ctrl Pts',(2.49818133202,3.66109289369,-0.809593193784));
#13768=CARTESIAN_POINT('Ctrl Pts',(2.58148811874,3.67015613072,-0.809593193784));
#13769=CARTESIAN_POINT('Ctrl Pts',(2.43263440493,3.518233856,-0.809282772032));
#13770=CARTESIAN_POINT('Ctrl Pts',(2.44156152349,3.60017442361,-0.809282772032));
#13771=CARTESIAN_POINT('Ctrl Pts',(2.49984949719,3.65845359817,-0.809282772032));
#13772=CARTESIAN_POINT('Ctrl Pts',(2.5817914116,3.66736834595,-0.809282772032));
#13773=CARTESIAN_POINT('Origin',(2.6,0.8,-8.5));
#13774=CARTESIAN_POINT('',(0.680799428579,9.76491106407,-8.49999999925));
#13775=CARTESIAN_POINT('',(0.897527740261,9.69637555424,-8.49999999925));
#13776=CARTESIAN_POINT('Origin',(0.8,9.76491106407,-8.5));
#13777=CARTESIAN_POINT('',(4.3024722565,9.69637555741,-8.5));
#13778=CARTESIAN_POINT('Origin',(2.59999999945,8.49999999954,-8.5));
#13779=CARTESIAN_POINT('',(4.51920057142,9.76491106376,-8.49999999925));
#13780=CARTESIAN_POINT('Origin',(4.4,9.76491106407,-8.5));
#13781=CARTESIAN_POINT('',(4.51920057142,7.23508893587,-8.49999999925));
#13782=CARTESIAN_POINT('',(4.51920057125,8.50000000019,-8.5));
#13783=CARTESIAN_POINT('',(4.30247225999448,7.30362444558117,-8.49999999975));
#13784=CARTESIAN_POINT('Origin',(4.4,7.23508893593,-8.5));
#13785=CARTESIAN_POINT('',(0.897527740205958,7.30362444529729,-8.5));
#13786=CARTESIAN_POINT('Origin',(2.6,8.50000000004,-8.5));
#13787=CARTESIAN_POINT('',(0.680799428579,7.23508893617,-8.49999999925));
#13788=CARTESIAN_POINT('Origin',(0.8,7.23508893593,-8.5));
#13789=CARTESIAN_POINT('',(0.680799428746,8.50000000019,-8.5));
#13790=CARTESIAN_POINT('',(2.6,9.75,-8.5));
#13791=CARTESIAN_POINT('Origin',(2.59999999999984,8.4999999999998,-8.5));
#13792=CARTESIAN_POINT('',(1.05445750654,8.24999999925,-8.5));
#13793=CARTESIAN_POINT('',(1.05445750654,8.74999999925,-8.5));
#13794=CARTESIAN_POINT('',(1.05445750654,8.49999999925,-8.5));
#13795=CARTESIAN_POINT('',(0.904457506165,8.74999999925,-8.5));
#13796=CARTESIAN_POINT('',(0.979457506351,8.74999999925,-8.5));
#13797=CARTESIAN_POINT('',(0.904457506165,8.24999999925,-8.5));
#13798=CARTESIAN_POINT('',(0.904457506165,8.49999999925,-8.5));
#13799=CARTESIAN_POINT('',(0.979457506351,8.24999999925,-8.5));
#13800=CARTESIAN_POINT('Origin',(0.8,9.76491106407,-8.8));
#13801=CARTESIAN_POINT('',(0.897527740261,9.69637555424,-7.39999999963));
#13802=CARTESIAN_POINT('',(0.680799428579,9.76491106407,-7.39999999963));
#13803=CARTESIAN_POINT('Origin',(0.8,9.76491106407,-7.39999999963));
#13804=CARTESIAN_POINT('',(0.897527740261,9.69637555424,-8.80000000075));
#13805=CARTESIAN_POINT('',(0.680799428579,9.76491106407,-8.80000000075));
#13806=CARTESIAN_POINT('Origin',(2.6,8.5,-8.8));
#13807=CARTESIAN_POINT('',(4.3024722565,9.69637555741,-7.4));
#13808=CARTESIAN_POINT('',(4.30247225741,9.69637555756,-8.80000000075));
#13809=CARTESIAN_POINT('Origin',(2.6,8.5,-7.39999999963));
#13810=CARTESIAN_POINT('Origin',(4.4,9.76491106407,-8.8));
#13811=CARTESIAN_POINT('',(4.51920057142,9.76491106376,-7.39999999963));
#13812=CARTESIAN_POINT('Origin',(4.4,9.76491106407,-7.399999999815));
#13813=CARTESIAN_POINT('',(4.51920057142,9.76491106407,-8.80000000075));
#13814=CARTESIAN_POINT('Origin',(4.51920057142,11.2,-8.8));
#13815=CARTESIAN_POINT('',(4.51920057142,7.23508893587,-7.70000000037));
#13816=CARTESIAN_POINT('',(4.51920057142,4.76491106376,-7.70000000037));
#13817=CARTESIAN_POINT('',(4.51920057142,5.99999999981,-7.70000000037));
#13818=CARTESIAN_POINT('',(4.51920057142,7.23508893587,-8.09999999981));
#13819=CARTESIAN_POINT('',(4.51920057142,13.5000000002333,-7.39999999975333));
#13820=CARTESIAN_POINT('',(4.51920057142,11.6324555323,-7.39999999963));
#13821=CARTESIAN_POINT('',(4.51920057136333,13.5,-7.89999999962667));
#13822=CARTESIAN_POINT('',(4.51920057142,13.5000000007,-7.64999999963));
#13823=CARTESIAN_POINT('',(4.51920057125,11.2000000004,-7.9));
#13824=CARTESIAN_POINT('',(4.51920057142,12.3500000004,-7.89999999963));
#13825=CARTESIAN_POINT('',(4.51920057163,11.2,-8.8));
#13826=CARTESIAN_POINT('',(4.51920057142,11.2,-8.34999999981));
#13827=CARTESIAN_POINT('',(4.51920057142,1.8,-8.8));
#13828=CARTESIAN_POINT('',(4.51920057142,6.49999999981,-8.8));
#13829=CARTESIAN_POINT('',(4.51920057142,1.79999999963,-8.64999999963));
#13830=CARTESIAN_POINT('',(4.51920057142,4.76491106376,-8.09999999981));
#13831=CARTESIAN_POINT('Origin',(4.4,7.23508893593,-8.8));
#13832=CARTESIAN_POINT('',(4.30247225974,7.30362444576,-7.70000000037));
#13833=CARTESIAN_POINT('Origin',(4.4,7.23508893593,-7.70000000037));
#13834=CARTESIAN_POINT('',(4.30247225974,7.30362444576,-8.80000000075));
#13835=CARTESIAN_POINT('Origin',(2.6,8.5,-8.8));
#13836=CARTESIAN_POINT('',(0.897527740458777,7.30362444547496,-7.70000000024667));
#13837=CARTESIAN_POINT('',(0.897527740305,7.3036244457,-8.80000000075));
#13838=CARTESIAN_POINT('Origin',(2.6,8.5,-7.70000000037));
#13839=CARTESIAN_POINT('Origin',(0.8,7.23508893593,-8.8));
#13840=CARTESIAN_POINT('',(0.680799428579,7.23508893617,-7.70000000037));
#13841=CARTESIAN_POINT('Origin',(0.8,7.23508893593,-7.70000000037));
#13842=CARTESIAN_POINT('',(0.680799428579,7.23508893593,-8.80000000075));
#13843=CARTESIAN_POINT('Origin',(0.680799428579,9.76491106407,-8.8));
#13844=CARTESIAN_POINT('',(0.680799428746,11.2000000004,-7.9));
#13845=CARTESIAN_POINT('',(0.680799428634667,13.4999999995,-7.89999999962667));
#13846=CARTESIAN_POINT('',(0.680799428579,12.3499999997,-7.89999999963));
#13847=CARTESIAN_POINT('',(0.680799428579,13.4999999995,-7.39999999962667));
#13848=CARTESIAN_POINT('',(0.680799428579,13.4999999992,-7.64999999963));
#13849=CARTESIAN_POINT('',(0.680799428579,11.6324555316,-7.39999999963));
#13850=CARTESIAN_POINT('',(0.680799428579,4.76491106407,-7.70000000037));
#13851=CARTESIAN_POINT('',(0.680799428579,6.00000000012,-7.70000000037));
#13852=CARTESIAN_POINT('',(0.680799428579,4.76491106407,-8.09999999981));
#13853=CARTESIAN_POINT('',(0.680799428746,1.8,-8.8));
#13854=CARTESIAN_POINT('',(0.680799428579,1.79999999993,-8.64999999963));
#13855=CARTESIAN_POINT('',(0.680799428746,11.2000000004,-8.8));
#13856=CARTESIAN_POINT('',(0.680799428579,6.50000000012,-8.8));
#13857=CARTESIAN_POINT('',(0.680799428579,11.2000000003,-8.34999999981));
#13858=CARTESIAN_POINT('Origin',(1.05445750605,8.25,-8.5));
#13859=CARTESIAN_POINT('',(1.05445750605,8.25,-8.40000000037));
#13860=CARTESIAN_POINT('',(0.90445750568,8.25,-8.40000000037));
#13861=CARTESIAN_POINT('',(0.979457505867,8.25,-8.40000000037));
#13862=CARTESIAN_POINT('',(1.05445750605,8.25,-8.45000000019));
#13863=CARTESIAN_POINT('',(0.90445750568,8.25,-8.45000000019));
#13864=CARTESIAN_POINT('Origin',(1.05445750605,8.75,-8.5));
#13865=CARTESIAN_POINT('',(1.05445750605,8.75,-8.40000000037));
#13866=CARTESIAN_POINT('',(1.05445750605,8.5,-8.40000000037));
#13867=CARTESIAN_POINT('',(1.05445750605,8.75,-8.45000000019));
#13868=CARTESIAN_POINT('Origin',(0.904457506053,8.75,-8.5));
#13869=CARTESIAN_POINT('',(0.904457506053,8.75,-8.40000000037));
#13870=CARTESIAN_POINT('',(0.979457506239,8.75,-8.40000000037));
#13871=CARTESIAN_POINT('',(0.904457506053,8.75,-8.45000000019));
#13872=CARTESIAN_POINT('Origin',(0.904457506053,8.25,-8.5));
#13873=CARTESIAN_POINT('',(0.904457506053,8.5,-8.40000000037));
#13874=CARTESIAN_POINT('Origin',(2.6,0.8,-7.4));
#13875=CARTESIAN_POINT('',(2.6,13.4999999993,-7.4));
#13876=CARTESIAN_POINT('',(1.38999999943,10.9400000004,-7.4));
#13877=CARTESIAN_POINT('',(1.81000000059333,10.9400000004,-7.4));
#13878=CARTESIAN_POINT('',(1.6,10.9400000006,-7.4));
#13879=CARTESIAN_POINT('',(1.81000000089,11.0251063846,-7.4));
#13880=CARTESIAN_POINT('',(1.81000000089,10.9825531926,-7.4));
#13881=CARTESIAN_POINT('',(1.48333334401,11.4506382842,-7.4));
#13882=CARTESIAN_POINT('',(1.64666667245,11.2378723344,-7.4));
#13883=CARTESIAN_POINT('',(1.4599999994,11.5187233828,-7.4));
#13884=CARTESIAN_POINT('',(1.47166667171,11.4846808335,-7.4));
#13885=CARTESIAN_POINT('',(1.4599999994,11.5527659796,-7.4));
#13886=CARTESIAN_POINT('',(1.4599999994,11.5357446812,-7.4));
#13887=CARTESIAN_POINT('',(1.48333334401,11.6038298041,-7.4));
#13888=CARTESIAN_POINT('',(1.47166667171,11.5782978918,-7.4));
#13889=CARTESIAN_POINT('',(1.51833334416,11.6378723525,-7.4));
#13890=CARTESIAN_POINT('',(1.50083334409,11.6208510783,-7.4));
#13891=CARTESIAN_POINT('',(1.57666667216,11.6548936266,-7.4));
#13892=CARTESIAN_POINT('',(1.54750000816,11.6463829895,-7.4));
#13893=CARTESIAN_POINT('',(1.62333332784,11.6548936266,-7.4));
#13894=CARTESIAN_POINT('',(1.6,11.6548936266,-7.4));
#13895=CARTESIAN_POINT('',(1.68166666329,11.6378723525,-7.4));
#13896=CARTESIAN_POINT('',(1.65249999557,11.6463829895,-7.4));
#13897=CARTESIAN_POINT('',(1.71666666344,11.6038298041,-7.4));
#13898=CARTESIAN_POINT('',(1.69916666336,11.6208510783,-7.4));
#13899=CARTESIAN_POINT('',(1.7400000006,11.5527659796,-7.4));
#13900=CARTESIAN_POINT('',(1.72833333202,11.5782978918,-7.4));
#13901=CARTESIAN_POINT('',(1.79833333232,11.5527659796,-7.4));
#13902=CARTESIAN_POINT('',(1.76916666646,11.5527659796,-7.4));
#13903=CARTESIAN_POINT('',(1.7866666656,11.6208510783,-7.4));
#13904=CARTESIAN_POINT('',(1.79249999896,11.5868085289,-7.4));
#13905=CARTESIAN_POINT('',(1.7400000006,11.6889361769,-7.4));
#13906=CARTESIAN_POINT('',(1.7633333331,11.6548936276,-7.4));
#13907=CARTESIAN_POINT('',(1.69333333559,11.7229787253,-7.4));
#13908=CARTESIAN_POINT('',(1.71666666809,11.7059574511,-7.4));
#13909=CARTESIAN_POINT('',(1.6116666723,11.7399999995,-7.4));
#13910=CARTESIAN_POINT('',(1.65250000395,11.7314893624,-7.4));
#13911=CARTESIAN_POINT('',(1.56499999985,11.7399999995,-7.4));
#13912=CARTESIAN_POINT('',(1.58833333608,11.7399999995,-7.4));
#13913=CARTESIAN_POINT('',(1.49499999955,11.7229787253,-7.4));
#13914=CARTESIAN_POINT('',(1.5299999997,11.7314893624,-7.4));
#13915=CARTESIAN_POINT('',(1.44833334386,11.6889361769,-7.4));
#13916=CARTESIAN_POINT('',(1.47166667171,11.7059574511,-7.4));
#13917=CARTESIAN_POINT('',(1.40166665465,11.6208510783,-7.4));
#13918=CARTESIAN_POINT('',(1.42499999925,11.6548936276,-7.4));
#13919=CARTESIAN_POINT('',(1.38999999911,11.5527659796,-7.4));
#13920=CARTESIAN_POINT('',(1.39583332688,11.5868085289,-7.4));
#13921=CARTESIAN_POINT('',(1.38999999911,11.5187233828,-7.4));
#13922=CARTESIAN_POINT('',(1.38999999911,11.5357446812,-7.4));
#13923=CARTESIAN_POINT('',(1.4016666552745,11.4506382843951,-7.4));
#13924=CARTESIAN_POINT('',(1.39583332688,11.4846808335,-7.4));
#13925=CARTESIAN_POINT('',(1.42499999925,11.3995744616,-7.4));
#13926=CARTESIAN_POINT('',(1.41333332695,11.4251063729,-7.4));
#13927=CARTESIAN_POINT('',(1.71666666344,11.0251063846,-7.4));
#13928=CARTESIAN_POINT('',(1.57083333135,11.2123404231,-7.4));
#13929=CARTESIAN_POINT('',(1.38999999911,11.0251063846,-7.4));
#13930=CARTESIAN_POINT('',(1.55333333127,11.0251063846,-7.4));
#13931=CARTESIAN_POINT('',(1.38999999911,10.9825531926,-7.4));
#13932=CARTESIAN_POINT('',(3.60999999978,11.7399999995,-7.4));
#13933=CARTESIAN_POINT('',(3.51000000015,11.7399999995,-7.4));
#13934=CARTESIAN_POINT('',(3.55999999996,11.7399999995,-7.4));
#13935=CARTESIAN_POINT('',(3.51000000015,10.9400000006,-7.4));
#13936=CARTESIAN_POINT('',(3.51000000015,11.34,-7.4));
#13937=CARTESIAN_POINT('',(3.60999999978,10.9400000006,-7.4));
#13938=CARTESIAN_POINT('',(3.55999999996,10.9400000006,-7.4));
#13939=CARTESIAN_POINT('',(3.60999999978,11.6038298041,-7.4));
#13940=CARTESIAN_POINT('',(3.60999999978,11.2719149023,-7.4));
#13941=CARTESIAN_POINT('',(3.7099999994,11.4846808344,-7.4));
#13942=CARTESIAN_POINT('',(3.65999999959,11.5442553192,-7.4));
#13943=CARTESIAN_POINT('',(3.7099999994,11.6208510783,-7.4));
#13944=CARTESIAN_POINT('',(3.7099999994,11.5527659563,-7.4));
#13945=CARTESIAN_POINT('',(3.65999999959,11.6804255389,-7.4));
#13946=CARTESIAN_POINT('',(2.58333331756,11.233333341,-7.4));
#13947=CARTESIAN_POINT('',(2.60555553846,11.3222222246,-7.4));
#13948=CARTESIAN_POINT('',(2.59444442801,11.2777777828,-7.4));
#13949=CARTESIAN_POINT('',(2.61666664891,11.44444446,-7.4));
#13950=CARTESIAN_POINT('',(2.61111109369,11.3833333423,-7.4));
#13951=CARTESIAN_POINT('',(2.54999998622,11.4111111287,-7.4));
#13952=CARTESIAN_POINT('',(2.58333331756,11.4277777944,-7.4));
#13953=CARTESIAN_POINT('',(2.54999998622,11.4000000183,-7.4));
#13954=CARTESIAN_POINT('',(2.54999998622,11.4055555735,-7.4));
#13955=CARTESIAN_POINT('',(2.57222220711,11.3777777974,-7.4));
#13956=CARTESIAN_POINT('',(2.56111109667,11.3888889078,-7.4));
#13957=CARTESIAN_POINT('',(2.58333331756,11.3555555765,-7.4));
#13958=CARTESIAN_POINT('',(2.57777776234,11.3666666869,-7.4));
#13959=CARTESIAN_POINT('',(2.53888887577,11.2666666724,-7.4));
#13960=CARTESIAN_POINT('',(2.56111109667,11.3111111244,-7.4));
#13961=CARTESIAN_POINT('',(2.48333332352,11.1888888992,-7.4));
#13962=CARTESIAN_POINT('',(2.51111109965,11.2277777858,-7.4));
#13963=CARTESIAN_POINT('',(2.42777777128,11.1333333358,-7.4));
#13964=CARTESIAN_POINT('',(2.4555555474,11.1611111175,-7.4));
#13965=CARTESIAN_POINT('',(2.36111110859,11.1111111149,-7.4));
#13966=CARTESIAN_POINT('',(2.39444443993,11.1222222254,-7.4));
#13967=CARTESIAN_POINT('',(2.34999999814,11.088888894,-7.4));
#13968=CARTESIAN_POINT('',(2.35555555336,11.1000000045,-7.4));
#13969=CARTESIAN_POINT('',(2.38333332948,11.077777778,-7.4));
#13970=CARTESIAN_POINT('',(2.36666666381,11.083333336,-7.4));
#13971=CARTESIAN_POINT('',(2.40555555038,11.0666666675,-7.4));
#13972=CARTESIAN_POINT('',(2.39444443993,11.0722222228,-7.4));
#13973=CARTESIAN_POINT('',(2.42777777128,11.0444444466,-7.4));
#13974=CARTESIAN_POINT('',(2.41666666083,11.0555555571,-7.4));
#13975=CARTESIAN_POINT('',(2.52777776532,11.1444444463,-7.4));
#13976=CARTESIAN_POINT('',(2.4777777683,11.0944444465,-7.4));
#13977=CARTESIAN_POINT('',(2.55555554144,11.1888888936,-7.4));
#13978=CARTESIAN_POINT('',(2.81666665750534,11.222222230265,-7.4));
#13979=CARTESIAN_POINT('',(2.77222221568,11.3333333351,-7.4));
#13980=CARTESIAN_POINT('',(2.79444443658,11.2777777828,-7.4));
#13981=CARTESIAN_POINT('',(2.76111110523,11.3888889078,-7.4));
#13982=CARTESIAN_POINT('',(2.76666666046,11.3611111214,-7.4));
#13983=CARTESIAN_POINT('',(2.69444444254,11.3555555765,-7.4));
#13984=CARTESIAN_POINT('',(2.72777777389,11.3722222421,-7.4));
#13985=CARTESIAN_POINT('',(2.69444444254,11.3444444455,-7.4));
#13986=CARTESIAN_POINT('',(2.69444444254,11.350000011,-7.4));
#13987=CARTESIAN_POINT('',(2.76111110523,11.2111111201,-7.4));
#13988=CARTESIAN_POINT('',(2.72777777389,11.2777777828,-7.4));
#13989=CARTESIAN_POINT('',(2.81666665748,11.1333333358,-7.4));
#13990=CARTESIAN_POINT('',(2.78888888136,11.172222228,-7.4));
#13991=CARTESIAN_POINT('',(2.8944444418,11.0666666675,-7.4));
#13992=CARTESIAN_POINT('',(2.85555554964,11.1000000017,-7.4));
#13993=CARTESIAN_POINT('',(2.94999999776,11.0333333343,-7.4));
#13994=CARTESIAN_POINT('',(2.92222221978,11.0500000009,-7.4));
#13995=CARTESIAN_POINT('',(2.94999999776,11.0444444466,-7.4));
#13996=CARTESIAN_POINT('',(2.94999999776,11.0388888905,-7.4));
#13997=CARTESIAN_POINT('',(2.8722222209,11.1222222254,-7.4));
#13998=CARTESIAN_POINT('',(2.91111110933,11.083333336,-7.4));
#13999=CARTESIAN_POINT('',(2.84444443919,11.172222228,-7.4));
#14000=CARTESIAN_POINT('',(2.8944444416111,11.5111111223683,-7.4));
#14001=CARTESIAN_POINT('',(2.88333333135,11.5555555645,-7.4));
#14002=CARTESIAN_POINT('',(2.88888888657,11.5333333436,-7.4));
#14003=CARTESIAN_POINT('',(2.8722222209,11.5555555645,-7.4));
#14004=CARTESIAN_POINT('',(2.87777777612,11.5555555645,-7.4));
#14005=CARTESIAN_POINT('',(2.86111111045,11.5222222332,-7.4));
#14006=CARTESIAN_POINT('',(2.86666666567,11.5388888989,-7.4));
#14007=CARTESIAN_POINT('',(2.67222222164,11.5222222332,-7.4));
#14008=CARTESIAN_POINT('',(2.76666666605,11.5222222332,-7.4));
#14009=CARTESIAN_POINT('',(2.68333333209,11.5444444541,-7.4));
#14010=CARTESIAN_POINT('',(2.67777777687,11.5333333436,-7.4));
#14011=CARTESIAN_POINT('',(2.69444444254,11.5888888959,-7.4));
#14012=CARTESIAN_POINT('',(2.68888888732,11.566666675,-7.4));
#14013=CARTESIAN_POINT('',(2.71666666344,11.6333333377,-7.4));
#14014=CARTESIAN_POINT('',(2.70555555299,11.6111111168,-7.4));
#14015=CARTESIAN_POINT('',(2.71666666344,11.6444444481,-7.4));
#14016=CARTESIAN_POINT('',(2.71666666344,11.6388888929,-7.4));
#14017=CARTESIAN_POINT('',(2.70555555299,11.6444444481,-7.4));
#14018=CARTESIAN_POINT('',(2.71111110821,11.6444444481,-7.4));
#14019=CARTESIAN_POINT('',(2.63888886981,11.6222222272,-7.4));
#14020=CARTESIAN_POINT('',(2.6722222114,11.6333333377,-7.4));
#14021=CARTESIAN_POINT('',(2.61666664891,11.6000000063,-7.4));
#14022=CARTESIAN_POINT('',(2.62777775936,11.6111111168,-7.4));
#14023=CARTESIAN_POINT('',(2.61666664891,11.5444444541,-7.4));
#14024=CARTESIAN_POINT('',(2.61666664891,11.5722222302,-7.4));
#14025=CARTESIAN_POINT('',(2.63888886981,11.5222222332,-7.4));
#14026=CARTESIAN_POINT('',(2.62777775936,11.5333333436,-7.4));
#14027=CARTESIAN_POINT('',(2.44999999218,11.5222222332,-7.4));
#14028=CARTESIAN_POINT('',(2.54444443099,11.5222222332,-7.4));
#14029=CARTESIAN_POINT('',(2.42777777128,11.566666675,-7.4));
#14030=CARTESIAN_POINT('',(2.43888888173,11.5444444541,-7.4));
#14031=CARTESIAN_POINT('',(2.34999999814,11.4888889018,-7.4));
#14032=CARTESIAN_POINT('',(2.38888888471,11.5277777884,-7.4));
#14033=CARTESIAN_POINT('',(2.36111110859,11.4777777914,-7.4));
#14034=CARTESIAN_POINT('',(2.35555555336,11.4833333466,-7.4));
#14035=CARTESIAN_POINT('',(2.39444443993,11.4777777914,-7.4));
#14036=CARTESIAN_POINT('',(2.37777777426,11.4777777914,-7.4));
#14037=CARTESIAN_POINT('',(2.42777777128,11.4666666809,-7.4));
#14038=CARTESIAN_POINT('',(2.41111110561,11.4722222362,-7.4));
#14039=CARTESIAN_POINT('',(2.48333332352,11.4222222392,-7.4));
#14040=CARTESIAN_POINT('',(2.4555555474,11.44444446,-7.4));
#14041=CARTESIAN_POINT('',(2.49444443397,11.4333333496,-7.4));
#14042=CARTESIAN_POINT('',(2.48888887875,11.4277777944,-7.4));
#14043=CARTESIAN_POINT('',(2.46111110263,11.5000000123,-7.4));
#14044=CARTESIAN_POINT('',(2.4777777683,11.4666666809,-7.4));
#14045=CARTESIAN_POINT('',(2.86111111045,11.5000000123,-7.4));
#14046=CARTESIAN_POINT('',(2.66111110654,11.5000000123,-7.4));
#14047=CARTESIAN_POINT('',(2.85,11.44444446,-7.4));
#14048=CARTESIAN_POINT('',(2.85555555522,11.4722222362,-7.4));
#14049=CARTESIAN_POINT('',(2.86111111045,11.4222222392,-7.4));
#14050=CARTESIAN_POINT('',(2.85555555522,11.4333333496,-7.4));
#14051=CARTESIAN_POINT('',(2.88333333135,11.4000000183,-7.4));
#14052=CARTESIAN_POINT('',(2.8722222209,11.4111111287,-7.4));
#14053=CARTESIAN_POINT('',(2.92777777687,11.4000000183,-7.4));
#14054=CARTESIAN_POINT('',(2.90555555411,11.4000000183,-7.4));
#14055=CARTESIAN_POINT('',(2.93888888868667,11.41111112882,-7.4));
#14056=CARTESIAN_POINT('',(2.93333333302,11.4055555735,-7.4));
#14057=CARTESIAN_POINT('',(2.93888888873437,11.4444444693277,-7.4));
#14058=CARTESIAN_POINT('',(2.93888888918,11.427777799,-7.4));
#14059=CARTESIAN_POINT('',(2.90555555224,11.4777777914,-7.4));
#14060=CARTESIAN_POINT('',(2.92222222071,11.4611111304,-7.4));
#14061=CARTESIAN_POINT('',(2.89999999702,11.4944444571,-7.4));
#14062=CARTESIAN_POINT('',(1.83,12.6,-7.40000000037));
#14063=CARTESIAN_POINT('',(1.33,12.6,-7.4));
#14064=CARTESIAN_POINT('',(1.58000000022,12.6000000007,-7.4));
#14065=CARTESIAN_POINT('',(1.33,12.1,-7.4));
#14066=CARTESIAN_POINT('',(1.33,12.35,-7.4));
#14067=CARTESIAN_POINT('',(1.83,12.1,-7.40000000037));
#14068=CARTESIAN_POINT('',(1.58000000022,12.1000000007,-7.4));
#14069=CARTESIAN_POINT('',(1.83000000045,12.3500000007,-7.4));
#14070=CARTESIAN_POINT('',(3.87,12.6,-7.4));
#14071=CARTESIAN_POINT('',(3.37,12.6,-7.40000000037));
#14072=CARTESIAN_POINT('',(3.61999999978,12.6000000007,-7.4));
#14073=CARTESIAN_POINT('',(3.37,12.1,-7.40000000037));
#14074=CARTESIAN_POINT('',(3.36999999955,12.3500000007,-7.4));
#14075=CARTESIAN_POINT('',(3.87,12.1,-7.4));
#14076=CARTESIAN_POINT('',(3.61999999978,12.1000000007,-7.4));
#14077=CARTESIAN_POINT('',(3.87,12.35,-7.4));
#14078=CARTESIAN_POINT('Origin',(2.6,0.8,-7.7));
#14079=CARTESIAN_POINT('',(4.30247226022,4.69637555368,-7.7));
#14080=CARTESIAN_POINT('Origin',(4.39999999986,4.76491106435,-7.7));
#14081=CARTESIAN_POINT('',(0.897527740261,4.69637555424,-7.70000000037));
#14082=CARTESIAN_POINT('Origin',(2.6,3.5,-7.7));
#14083=CARTESIAN_POINT('Origin',(0.800000000142,4.76491106435,-7.7));
#14084=CARTESIAN_POINT('Origin',(0.680799428579,13.5,-7.7));
#14085=CARTESIAN_POINT('',(2.59999999983,13.5,-7.89999999925));
#14086=CARTESIAN_POINT('Origin',(2.6,0.8,-7.9));
#14087=CARTESIAN_POINT('',(7.45059125506E-10,14.2,-7.90000000037));
#14088=CARTESIAN_POINT('',(3.72529562753E-10,11.2000000004,-7.9));
#14089=CARTESIAN_POINT('',(3.72529562753E-10,12.7000000004,-7.9));
#14090=CARTESIAN_POINT('',(5.2,14.2000000004,-7.89999999963));
#14091=CARTESIAN_POINT('',(2.6,14.2000000004,-7.9));
#14092=CARTESIAN_POINT('',(5.2,11.2000000004,-7.89999999963));
#14093=CARTESIAN_POINT('',(5.19999999963,12.7000000004,-7.9));
#14094=CARTESIAN_POINT('',(4.85960028544,11.2000000004,-7.9));
#14095=CARTESIAN_POINT('',(0.340399714559,11.2000000004,-7.9));
#14096=CARTESIAN_POINT('Origin',(5.2,11.2,-10.3));
#14097=CARTESIAN_POINT('',(5.2,11.2000000004,-8.8));
#14098=CARTESIAN_POINT('',(5.2,11.2,-8.34999999981));
#14099=CARTESIAN_POINT('',(4.85960028581,11.2,-8.8));
#14100=CARTESIAN_POINT('Origin',(2.6,0.8,-8.8));
#14101=CARTESIAN_POINT('',(3.72529562753E-10,11.2000000004,-8.8));
#14102=CARTESIAN_POINT('',(0.340399714559,11.2000000004,-8.8));
#14103=CARTESIAN_POINT('',(0.9,1.58079942858,-8.8));
#14104=CARTESIAN_POINT('Origin',(0.9,1.8,-8.8));
#14105=CARTESIAN_POINT('',(4.29999999925,1.580799428,-8.8));
#14106=CARTESIAN_POINT('',(2.6,1.580799428,-8.8));
#14107=CARTESIAN_POINT('Origin',(4.3,1.8,-8.8));
#14108=CARTESIAN_POINT('',(5.2,0.8,-8.8));
#14109=CARTESIAN_POINT('',(5.19999999963,6.00000000019,-8.8));
#14110=CARTESIAN_POINT('',(3.72529562753E-10,0.8,-8.8));
#14111=CARTESIAN_POINT('',(2.6,0.8,-8.8));
#14112=CARTESIAN_POINT('',(3.72529562753E-10,6.00000000019,-8.8));
#14113=CARTESIAN_POINT('Origin',(4.3,1.8,-8.8));
#14114=CARTESIAN_POINT('',(4.3,1.58079942858,-8.80000000075));
#14115=CARTESIAN_POINT('Origin',(4.4,4.76491106407,-8.8));
#14116=CARTESIAN_POINT('',(4.3024722597,4.69637555431,-8.80000000075));
#14117=CARTESIAN_POINT('Origin',(0.8,4.76491106407,-8.8));
#14118=CARTESIAN_POINT('',(0.897527740261,4.69637555424,-8.80000000075));
#14119=CARTESIAN_POINT('Origin',(0.9,1.8,-8.8));
#14120=CARTESIAN_POINT('',(0.9,1.58079942858,-8.80000000075));
#14121=CARTESIAN_POINT('Origin',(5.2,11.2,-10.3));
#14122=CARTESIAN_POINT('',(7.45059125506E-10,11.2,-8.34999999981));
#14123=CARTESIAN_POINT('Origin',(2.6,0.8,-8.4));
#14124=CARTESIAN_POINT('Origin',(2.6,8.5,-10.3));
#14125=CARTESIAN_POINT('',(1.35,8.5,-6.00002798736));
#14126=CARTESIAN_POINT('Origin',(2.6,8.5,-6.00002798754));
#14127=CARTESIAN_POINT('',(1.35,8.5,-6.15002798848));
#14128=CARTESIAN_POINT('',(1.35,8.5,-10.3));
#14129=CARTESIAN_POINT('',(2.6,7.24999999996,-6.15002798774));
#14130=CARTESIAN_POINT('Origin',(2.6,8.5,-6.15002798848));
#14131=CARTESIAN_POINT('Origin',(2.6,8.5,-6.15002798848));
#14132=CARTESIAN_POINT('Origin',(1.81,10.94,-7.4));
#14133=CARTESIAN_POINT('',(1.81,10.9400000007,-7.49999999963));
#14134=CARTESIAN_POINT('',(1.81,10.94,-7.44999999981));
#14135=CARTESIAN_POINT('',(1.39000000007,10.94,-7.49999999963));
#14136=CARTESIAN_POINT('',(1.39000000007,10.94,-7.44999999981));
#14137=CARTESIAN_POINT('',(1.60000000004,10.94,-7.49999999963));
#14138=CARTESIAN_POINT('Origin',(1.81,11.0251063848,-7.4));
#14139=CARTESIAN_POINT('',(1.81,11.0251063848,-7.49999999963));
#14140=CARTESIAN_POINT('',(1.81,11.0251063848,-7.44999999981));
#14141=CARTESIAN_POINT('',(1.81,10.9825531927,-7.49999999963));
#14142=CARTESIAN_POINT('Origin',(1.48333334446,11.4506382847,-7.4));
#14143=CARTESIAN_POINT('',(1.48333334442,11.4506382848,-7.49999999963));
#14144=CARTESIAN_POINT('',(1.48333334446,11.4506382847,-7.44999999981));
#14145=CARTESIAN_POINT('',(1.64666667213,11.2378723349,-7.49999999963));
#14146=CARTESIAN_POINT('Origin',(1.46,11.518723383,-7.4));
#14147=CARTESIAN_POINT('',(1.46,11.518723383,-7.49999999963));
#14148=CARTESIAN_POINT('',(1.46,11.518723383,-7.44999999981));
#14149=CARTESIAN_POINT('',(1.47166667221,11.4846808339,-7.49999999963));
#14150=CARTESIAN_POINT('Origin',(1.46,11.5527659798,-7.4));
#14151=CARTESIAN_POINT('',(1.45999999966,11.552765979,-7.49999999963));
#14152=CARTESIAN_POINT('',(1.46,11.5527659798,-7.44999999981));
#14153=CARTESIAN_POINT('',(1.46,11.5357446814,-7.49999999963));
#14154=CARTESIAN_POINT('Origin',(1.48333334446,11.6038298035,-7.4));
#14155=CARTESIAN_POINT('',(1.48333334465,11.6038298037,-7.49999999963));
#14156=CARTESIAN_POINT('',(1.48333334446,11.6038298035,-7.44999999981));
#14157=CARTESIAN_POINT('',(1.47166667206,11.5782978913,-7.49999999963));
#14158=CARTESIAN_POINT('Origin',(1.51833334446,11.6378723526,-7.4));
#14159=CARTESIAN_POINT('',(1.51833334454,11.6378723526,-7.49999999963));
#14160=CARTESIAN_POINT('',(1.51833334446,11.6378723526,-7.44999999981));
#14161=CARTESIAN_POINT('',(1.50083334456,11.6208510781,-7.49999999963));
#14162=CARTESIAN_POINT('Origin',(1.57666667223,11.6548936272,-7.4));
#14163=CARTESIAN_POINT('',(1.57666667208,11.6548936272,-7.49999999963));
#14164=CARTESIAN_POINT('',(1.57666667223,11.6548936272,-7.44999999981));
#14165=CARTESIAN_POINT('',(1.54750000838,11.6463829899,-7.49999999963));
#14166=CARTESIAN_POINT('Origin',(1.62333332777,11.6548936272,-7.4));
#14167=CARTESIAN_POINT('',(1.62333332838,11.654893627,-7.49999999963));
#14168=CARTESIAN_POINT('',(1.62333332777,11.6548936272,-7.44999999981));
#14169=CARTESIAN_POINT('',(1.59999999993,11.6548936272,-7.49999999963));
#14170=CARTESIAN_POINT('Origin',(1.68166666389,11.6378723526,-7.4));
#14171=CARTESIAN_POINT('',(1.68166666408,11.6378723524,-7.49999999963));
#14172=CARTESIAN_POINT('',(1.68166666389,11.6378723526,-7.44999999981));
#14173=CARTESIAN_POINT('',(1.65249999613,11.6463829898,-7.49999999963));
#14174=CARTESIAN_POINT('Origin',(1.71666666389,11.6038298035,-7.4));
#14175=CARTESIAN_POINT('',(1.71666666366,11.603829804,-7.49999999963));
#14176=CARTESIAN_POINT('',(1.71666666389,11.6038298035,-7.44999999981));
#14177=CARTESIAN_POINT('',(1.69916666398,11.6208510779,-7.49999999963));
#14178=CARTESIAN_POINT('Origin',(1.74,11.5527659798,-7.4));
#14179=CARTESIAN_POINT('',(1.7399999994,11.5527659798,-7.49999999963));
#14180=CARTESIAN_POINT('',(1.74,11.5527659798,-7.44999999981));
#14181=CARTESIAN_POINT('',(1.72833333183,11.5782978919,-7.49999999963));
#14182=CARTESIAN_POINT('Origin',(1.79833333299,11.5527659798,-7.4));
#14183=CARTESIAN_POINT('',(1.79833333287,11.5527659804,-7.49999999963));
#14184=CARTESIAN_POINT('',(1.79833333299,11.5527659798,-7.44999999981));
#14185=CARTESIAN_POINT('',(1.76916666619,11.5527659798,-7.49999999963));
#14186=CARTESIAN_POINT('Origin',(1.78666666597,11.620851078,-7.4));
#14187=CARTESIAN_POINT('',(1.78666666598,11.620851078,-7.49999999963));
#14188=CARTESIAN_POINT('',(1.78666666597,11.620851078,-7.44999999981));
#14189=CARTESIAN_POINT('',(1.79249999942,11.5868085292,-7.49999999963));
#14190=CARTESIAN_POINT('Origin',(1.74,11.6889361763,-7.4));
#14191=CARTESIAN_POINT('',(1.74000000044,11.688936176,-7.49999999963));
#14192=CARTESIAN_POINT('',(1.74,11.6889361763,-7.44999999981));
#14193=CARTESIAN_POINT('',(1.76333333299,11.6548936272,-7.49999999963));
#14194=CARTESIAN_POINT('Origin',(1.69333333611,11.7229787254,-7.4));
#14195=CARTESIAN_POINT('',(1.6933333366,11.7229787253,-7.49999999963));
#14196=CARTESIAN_POINT('',(1.69333333611,11.7229787254,-7.44999999981));
#14197=CARTESIAN_POINT('',(1.71666666828,11.7059574507,-7.49999999963));
#14198=CARTESIAN_POINT('Origin',(1.61166667223,11.74,-7.4));
#14199=CARTESIAN_POINT('',(1.61166667245,11.74,-7.49999999963));
#14200=CARTESIAN_POINT('',(1.61166667223,11.74,-7.44999999981));
#14201=CARTESIAN_POINT('',(1.65250000442,11.7314893627,-7.49999999963));
#14202=CARTESIAN_POINT('Origin',(1.565,11.74,-7.4));
#14203=CARTESIAN_POINT('',(1.56500000072,11.7400000002,-7.49999999963));
#14204=CARTESIAN_POINT('',(1.565,11.74,-7.44999999981));
#14205=CARTESIAN_POINT('',(1.58833333623,11.74,-7.49999999963));
#14206=CARTESIAN_POINT('Origin',(1.495,11.7229787254,-7.4));
#14207=CARTESIAN_POINT('',(1.49499999987,11.7229787253,-7.49999999963));
#14208=CARTESIAN_POINT('',(1.495,11.7229787254,-7.44999999981));
#14209=CARTESIAN_POINT('',(1.53000000036,11.7314893628,-7.49999999963));
#14210=CARTESIAN_POINT('Origin',(1.44833334446,11.6889361763,-7.4));
#14211=CARTESIAN_POINT('',(1.44833334451,11.6889361764,-7.49999999963));
#14212=CARTESIAN_POINT('',(1.44833334446,11.6889361763,-7.44999999981));
#14213=CARTESIAN_POINT('',(1.47166667216,11.7059574508,-7.49999999963));
#14214=CARTESIAN_POINT('Origin',(1.40166665554,11.620851078,-7.4));
#14215=CARTESIAN_POINT('',(1.40166665544,11.6208510775,-7.49999999963));
#14216=CARTESIAN_POINT('',(1.40166665554,11.620851078,-7.44999999981));
#14217=CARTESIAN_POINT('',(1.42500000002,11.6548936272,-7.49999999963));
#14218=CARTESIAN_POINT('Origin',(1.39,11.5527659798,-7.4));
#14219=CARTESIAN_POINT('',(1.39,11.5527659798,-7.49999999963));
#14220=CARTESIAN_POINT('',(1.39,11.5527659798,-7.44999999981));
#14221=CARTESIAN_POINT('',(1.39583332772,11.5868085286,-7.49999999963));
#14222=CARTESIAN_POINT('Origin',(1.39,11.518723383,-7.4));
#14223=CARTESIAN_POINT('',(1.3900000001,11.5187233824,-7.49999999963));
#14224=CARTESIAN_POINT('',(1.39,11.518723383,-7.44999999981));
#14225=CARTESIAN_POINT('',(1.39,11.5357446814,-7.49999999963));
#14226=CARTESIAN_POINT('Origin',(1.40166665554,11.4506382847,-7.4));
#14227=CARTESIAN_POINT('',(1.4016666552,11.4506382854,-7.49999999963));
#14228=CARTESIAN_POINT('',(1.40166665554,11.4506382847,-7.44999999981));
#14229=CARTESIAN_POINT('',(1.39583332782,11.4846808335,-7.49999999963));
#14230=CARTESIAN_POINT('Origin',(1.425,11.399574461,-7.4));
#14231=CARTESIAN_POINT('',(1.4249999997,11.3995744614,-7.49999999963));
#14232=CARTESIAN_POINT('',(1.425,11.399574461,-7.44999999981));
#14233=CARTESIAN_POINT('',(1.4133333276,11.4251063732,-7.49999999963));
#14234=CARTESIAN_POINT('Origin',(1.71666666389,11.0251063848,-7.4));
#14235=CARTESIAN_POINT('',(1.71666666433,11.0251063848,-7.49999999963));
#14236=CARTESIAN_POINT('',(1.71666666389,11.0251063848,-7.44999999981));
#14237=CARTESIAN_POINT('',(1.57083333179,11.2123404231,-7.49999999963));
#14238=CARTESIAN_POINT('Origin',(1.39,11.0251063848,-7.4));
#14239=CARTESIAN_POINT('',(1.39,11.025106384,-7.49999999963));
#14240=CARTESIAN_POINT('',(1.39,11.0251063848,-7.44999999981));
#14241=CARTESIAN_POINT('',(1.55333333217,11.0251063848,-7.49999999963));
#14242=CARTESIAN_POINT('Origin',(1.39,10.94,-7.4));
#14243=CARTESIAN_POINT('',(1.39,10.982553192,-7.49999999963));
#14244=CARTESIAN_POINT('Origin',(3.51,11.74,-7.4));
#14245=CARTESIAN_POINT('',(3.51,11.7400000007,-7.49999999963));
#14246=CARTESIAN_POINT('',(3.51,11.74,-7.44999999981));
#14247=CARTESIAN_POINT('',(3.60999999963,11.74,-7.49999999963));
#14248=CARTESIAN_POINT('',(3.60999999963,11.74,-7.44999999981));
#14249=CARTESIAN_POINT('',(3.55999999981,11.74,-7.49999999963));
#14250=CARTESIAN_POINT('Origin',(3.51,10.94,-7.4));
#14251=CARTESIAN_POINT('',(3.51,10.94,-7.49999999963));
#14252=CARTESIAN_POINT('',(3.51,10.94,-7.44999999981));
#14253=CARTESIAN_POINT('',(3.51,11.3400000004,-7.49999999963));
#14254=CARTESIAN_POINT('Origin',(3.61,10.94,-7.4));
#14255=CARTESIAN_POINT('',(3.61,10.94,-7.49999999963));
#14256=CARTESIAN_POINT('',(3.61,10.94,-7.44999999981));
#14257=CARTESIAN_POINT('',(3.56000000019,10.94,-7.49999999963));
#14258=CARTESIAN_POINT('Origin',(3.61,11.6038298035,-7.4));
#14259=CARTESIAN_POINT('',(3.61000000035,11.603829803,-7.49999999963));
#14260=CARTESIAN_POINT('',(3.61,11.6038298035,-7.44999999981));
#14261=CARTESIAN_POINT('',(3.61,11.2719149017,-7.49999999963));
#14262=CARTESIAN_POINT('Origin',(3.71,11.4846808338,-7.4));
#14263=CARTESIAN_POINT('',(3.71,11.4846808342,-7.49999999963));
#14264=CARTESIAN_POINT('',(3.71,11.4846808338,-7.44999999981));
#14265=CARTESIAN_POINT('',(3.66000000018,11.5442553184,-7.49999999963));
#14266=CARTESIAN_POINT('Origin',(3.71,11.620851078,-7.4));
#14267=CARTESIAN_POINT('',(3.71000000037,11.6208510776,-7.49999999963));
#14268=CARTESIAN_POINT('',(3.71,11.620851078,-7.44999999981));
#14269=CARTESIAN_POINT('',(3.71,11.5527659561,-7.49999999963));
#14270=CARTESIAN_POINT('Origin',(3.61,11.74,-7.4));
#14271=CARTESIAN_POINT('',(3.66000000019,11.6804255388,-7.49999999963));
#14272=CARTESIAN_POINT('Origin',(2.60555553809,11.3222222239,-7.4));
#14273=CARTESIAN_POINT('',(2.60555553811,11.3222222242,-7.49999999963));
#14274=CARTESIAN_POINT('',(2.60555553809,11.3222222239,-7.44999999981));
#14275=CARTESIAN_POINT('',(2.5833333173,11.2333333407,-7.49999999963));
#14276=CARTESIAN_POINT('',(2.5833333173,11.2333333407,-7.44999999981));
#14277=CARTESIAN_POINT('',(2.59444442769,11.2777777823,-7.49999999963));
#14278=CARTESIAN_POINT('Origin',(2.61666664854,11.4444444597,-7.4));
#14279=CARTESIAN_POINT('',(2.61666664854,11.4444444597,-7.49999999963));
#14280=CARTESIAN_POINT('',(2.61666664854,11.4444444597,-7.44999999981));
#14281=CARTESIAN_POINT('',(2.61111109332,11.3833333419,-7.49999999963));
#14282=CARTESIAN_POINT('Origin',(2.54999998584,11.4111111283,-7.4));
#14283=CARTESIAN_POINT('',(2.54999998584,11.4111111283,-7.49999999963));
#14284=CARTESIAN_POINT('',(2.54999998584,11.4111111283,-7.44999999981));
#14285=CARTESIAN_POINT('',(2.58333331739,11.4277777941,-7.49999999963));
#14286=CARTESIAN_POINT('Origin',(2.54999998584,11.4000000179,-7.4));
#14287=CARTESIAN_POINT('',(2.54999998584,11.4000000179,-7.49999999963));
#14288=CARTESIAN_POINT('',(2.54999998584,11.4000000179,-7.44999999981));
#14289=CARTESIAN_POINT('',(2.54999998584,11.4055555731,-7.49999999963));
#14290=CARTESIAN_POINT('Origin',(2.57222220674,11.377777797,-7.4));
#14291=CARTESIAN_POINT('',(2.57222220695,11.3777777966,-7.49999999963));
#14292=CARTESIAN_POINT('',(2.57222220674,11.377777797,-7.44999999981));
#14293=CARTESIAN_POINT('',(2.56111109629,11.3888889074,-7.49999999963));
#14294=CARTESIAN_POINT('Origin',(2.58333331719,11.3555555761,-7.4));
#14295=CARTESIAN_POINT('',(2.58333331716,11.355555576,-7.49999999963));
#14296=CARTESIAN_POINT('',(2.58333331719,11.3555555761,-7.44999999981));
#14297=CARTESIAN_POINT('',(2.57777776207,11.3666666863,-7.49999999963));
#14298=CARTESIAN_POINT('Origin',(2.5388888754,11.2666666716,-7.4));
#14299=CARTESIAN_POINT('',(2.53888887544,11.2666666717,-7.49999999963));
#14300=CARTESIAN_POINT('',(2.5388888754,11.2666666716,-7.44999999981));
#14301=CARTESIAN_POINT('',(2.56111109628,11.3111111238,-7.49999999963));
#14302=CARTESIAN_POINT('Origin',(2.48333332315,11.1888888985,-7.4));
#14303=CARTESIAN_POINT('',(2.48333332322,11.1888888986,-7.49999999963));
#14304=CARTESIAN_POINT('',(2.48333332315,11.1888888985,-7.44999999981));
#14305=CARTESIAN_POINT('',(2.5111110993,11.2277777851,-7.49999999963));
#14306=CARTESIAN_POINT('Origin',(2.42777777091,11.1333333358,-7.4));
#14307=CARTESIAN_POINT('',(2.42777777129,11.1333333359,-7.49999999963));
#14308=CARTESIAN_POINT('',(2.42777777091,11.1333333358,-7.44999999981));
#14309=CARTESIAN_POINT('',(2.45555554706,11.1611111172,-7.49999999963));
#14310=CARTESIAN_POINT('Origin',(2.36111110821,11.1111111149,-7.4));
#14311=CARTESIAN_POINT('',(2.361111108,11.1111111145,-7.49999999963));
#14312=CARTESIAN_POINT('',(2.36111110821,11.1111111149,-7.44999999981));
#14313=CARTESIAN_POINT('',(2.39444443975,11.1222222254,-7.49999999963));
#14314=CARTESIAN_POINT('Origin',(2.34999999776,11.088888894,-7.4));
#14315=CARTESIAN_POINT('',(2.34999999737,11.0888888942,-7.49999999963));
#14316=CARTESIAN_POINT('',(2.34999999776,11.088888894,-7.44999999981));
#14317=CARTESIAN_POINT('',(2.35555555288,11.1000000043,-7.49999999963));
#14318=CARTESIAN_POINT('Origin',(2.38333332911,11.0777777784,-7.4));
#14319=CARTESIAN_POINT('',(2.38333332953,11.0777777781,-7.49999999963));
#14320=CARTESIAN_POINT('',(2.38333332911,11.0777777784,-7.44999999981));
#14321=CARTESIAN_POINT('',(2.36666666324,11.0833333363,-7.49999999963));
#14322=CARTESIAN_POINT('Origin',(2.40555555001,11.0666666679,-7.4));
#14323=CARTESIAN_POINT('',(2.40555555,11.0666666679,-7.49999999963));
#14324=CARTESIAN_POINT('',(2.40555555001,11.0666666679,-7.44999999981));
#14325=CARTESIAN_POINT('',(2.39444443977,11.072222223,-7.49999999963));
#14326=CARTESIAN_POINT('Origin',(2.42777777091,11.044444447,-7.4));
#14327=CARTESIAN_POINT('',(2.42777777085,11.044444447,-7.49999999963));
#14328=CARTESIAN_POINT('',(2.42777777091,11.044444447,-7.44999999981));
#14329=CARTESIAN_POINT('',(2.41666666045,11.0555555575,-7.49999999963));
#14330=CARTESIAN_POINT('Origin',(2.52777776495,11.1444444463,-7.4));
#14331=CARTESIAN_POINT('',(2.52777776483,11.1444444461,-7.49999999963));
#14332=CARTESIAN_POINT('',(2.52777776495,11.1444444463,-7.44999999981));
#14333=CARTESIAN_POINT('',(2.4777777679,11.0944444466,-7.49999999963));
#14334=CARTESIAN_POINT('Origin',(2.58333331719,11.2333333403,-7.4));
#14335=CARTESIAN_POINT('',(2.55555554101,11.1888888932,-7.49999999963));
#14336=CARTESIAN_POINT('Origin',(2.77222221568,11.3333333343,-7.4));
#14337=CARTESIAN_POINT('',(2.77222221555,11.333333335,-7.49999999963));
#14338=CARTESIAN_POINT('',(2.77222221568,11.3333333343,-7.44999999981));
#14339=CARTESIAN_POINT('',(2.81666665757,11.2222222296,-7.49999999963));
#14340=CARTESIAN_POINT('',(2.81666665757,11.2222222296,-7.44999999981));
#14341=CARTESIAN_POINT('',(2.79444443663,11.277777782,-7.49999999963));
#14342=CARTESIAN_POINT('Origin',(2.76111110523,11.3888889074,-7.4));
#14343=CARTESIAN_POINT('',(2.76111110523,11.3888889074,-7.49999999963));
#14344=CARTESIAN_POINT('',(2.76111110523,11.3888889074,-7.44999999981));
#14345=CARTESIAN_POINT('',(2.76666666039,11.3611111212,-7.49999999963));
#14346=CARTESIAN_POINT('Origin',(2.69444444254,11.3555555761,-7.4));
#14347=CARTESIAN_POINT('',(2.69444444254,11.3555555757,-7.49999999963));
#14348=CARTESIAN_POINT('',(2.69444444254,11.3555555761,-7.44999999981));
#14349=CARTESIAN_POINT('',(2.72777777409,11.3722222419,-7.49999999963));
#14350=CARTESIAN_POINT('Origin',(2.69444444254,11.3444444448,-7.4));
#14351=CARTESIAN_POINT('',(2.69444444214,11.3444444456,-7.49999999963));
#14352=CARTESIAN_POINT('',(2.69444444254,11.3444444448,-7.44999999981));
#14353=CARTESIAN_POINT('',(2.69444444254,11.3500000102,-7.49999999963));
#14354=CARTESIAN_POINT('Origin',(2.76111110523,11.2111111194,-7.4));
#14355=CARTESIAN_POINT('',(2.76111110471,11.2111111201,-7.49999999963));
#14356=CARTESIAN_POINT('',(2.72777777369,11.2777777825,-7.49999999963));
#14357=CARTESIAN_POINT('',(2.76111110523,11.2111111194,-7.44999999981));
#14358=CARTESIAN_POINT('Origin',(2.81666665748,11.1333333358,-7.4));
#14359=CARTESIAN_POINT('',(2.81666665705,11.1333333362,-7.49999999963));
#14360=CARTESIAN_POINT('',(2.81666665748,11.1333333358,-7.44999999981));
#14361=CARTESIAN_POINT('',(2.78888888109,11.172222228,-7.49999999963));
#14362=CARTESIAN_POINT('Origin',(2.89444444105,11.0666666679,-7.4));
#14363=CARTESIAN_POINT('',(2.89444444098,11.0666666679,-7.49999999963));
#14364=CARTESIAN_POINT('',(2.89444444105,11.0666666679,-7.44999999981));
#14365=CARTESIAN_POINT('',(2.85555554905,11.100000002,-7.49999999963));
#14366=CARTESIAN_POINT('Origin',(2.94999999851,11.033333334,-7.4));
#14367=CARTESIAN_POINT('',(2.94999999851,11.0333333347,-7.49999999963));
#14368=CARTESIAN_POINT('',(2.94999999851,11.033333334,-7.44999999981));
#14369=CARTESIAN_POINT('',(2.92222221974,11.0500000009,-7.49999999963));
#14370=CARTESIAN_POINT('Origin',(2.94999999851,11.044444447,-7.4));
#14371=CARTESIAN_POINT('',(2.94999999859,11.0444444469,-7.49999999963));
#14372=CARTESIAN_POINT('',(2.94999999851,11.044444447,-7.44999999981));
#14373=CARTESIAN_POINT('',(2.94999999851,11.0388888909,-7.49999999963));
#14374=CARTESIAN_POINT('Origin',(2.87222222015,11.1222222254,-7.4));
#14375=CARTESIAN_POINT('',(2.87222222016,11.1222222254,-7.49999999963));
#14376=CARTESIAN_POINT('',(2.87222222015,11.1222222254,-7.44999999981));
#14377=CARTESIAN_POINT('',(2.91111110937,11.0833333362,-7.49999999963));
#14378=CARTESIAN_POINT('Origin',(2.81666665748,11.2222222298,-7.4));
#14379=CARTESIAN_POINT('',(2.84444443882,11.1722222276,-7.49999999963));
#14380=CARTESIAN_POINT('Origin',(2.8833333306,11.5555555642,-7.4));
#14381=CARTESIAN_POINT('',(2.8833333306,11.5555555642,-7.49999999963));
#14382=CARTESIAN_POINT('',(2.8833333306,11.5555555642,-7.44999999981));
#14383=CARTESIAN_POINT('',(2.89444444122,11.5111111217,-7.49999999963));
#14384=CARTESIAN_POINT('',(2.89444444122,11.5111111217,-7.44999999981));
#14385=CARTESIAN_POINT('',(2.88888888591,11.5333333429,-7.49999999963));
#14386=CARTESIAN_POINT('Origin',(2.87222222015,11.5555555642,-7.4));
#14387=CARTESIAN_POINT('',(2.87222222015,11.5555555642,-7.49999999963));
#14388=CARTESIAN_POINT('',(2.87222222015,11.5555555642,-7.44999999981));
#14389=CARTESIAN_POINT('',(2.87777777538,11.5555555642,-7.49999999963));
#14390=CARTESIAN_POINT('Origin',(2.8611111097,11.5222222328,-7.4));
#14391=CARTESIAN_POINT('',(2.86111111045,11.5222222328,-7.49999999963));
#14392=CARTESIAN_POINT('',(2.8611111097,11.5222222328,-7.44999999981));
#14393=CARTESIAN_POINT('',(2.86666666496,11.5388888986,-7.49999999963));
#14394=CARTESIAN_POINT('Origin',(2.67222222164,11.5222222328,-7.4));
#14395=CARTESIAN_POINT('',(2.67222222185,11.5222222332,-7.49999999963));
#14396=CARTESIAN_POINT('',(2.67222222164,11.5222222328,-7.44999999981));
#14397=CARTESIAN_POINT('',(2.76666666605,11.5222222328,-7.49999999963));
#14398=CARTESIAN_POINT('Origin',(2.68333333209,11.5444444537,-7.4));
#14399=CARTESIAN_POINT('',(2.68333333192,11.544444453,-7.49999999963));
#14400=CARTESIAN_POINT('',(2.68333333209,11.5444444537,-7.44999999981));
#14401=CARTESIAN_POINT('',(2.67777777697,11.5333333435,-7.49999999963));
#14402=CARTESIAN_POINT('Origin',(2.69444444254,11.5888888955,-7.4));
#14403=CARTESIAN_POINT('',(2.69444444213,11.5888888947,-7.49999999963));
#14404=CARTESIAN_POINT('',(2.69444444254,11.5888888955,-7.44999999981));
#14405=CARTESIAN_POINT('',(2.68888888723,11.5666666743,-7.49999999963));
#14406=CARTESIAN_POINT('Origin',(2.71666666344,11.6333333373,-7.4));
#14407=CARTESIAN_POINT('',(2.71666666344,11.6333333373,-7.49999999963));
#14408=CARTESIAN_POINT('',(2.71666666344,11.6333333373,-7.44999999981));
#14409=CARTESIAN_POINT('',(2.70555555278,11.611111116,-7.49999999963));
#14410=CARTESIAN_POINT('Origin',(2.71666666344,11.6444444478,-7.4));
#14411=CARTESIAN_POINT('',(2.71666666344,11.6444444478,-7.49999999963));
#14412=CARTESIAN_POINT('',(2.71666666344,11.6444444478,-7.44999999981));
#14413=CARTESIAN_POINT('',(2.71666666344,11.6388888925,-7.49999999963));
#14414=CARTESIAN_POINT('Origin',(2.70555555299,11.6444444478,-7.4));
#14415=CARTESIAN_POINT('',(2.70555555227,11.6444444475,-7.49999999963));
#14416=CARTESIAN_POINT('',(2.70555555299,11.6444444478,-7.44999999981));
#14417=CARTESIAN_POINT('',(2.71111110821,11.6444444478,-7.49999999963));
#14418=CARTESIAN_POINT('Origin',(2.63888886943,11.6222222269,-7.4));
#14419=CARTESIAN_POINT('',(2.63888886944,11.6222222269,-7.49999999963));
#14420=CARTESIAN_POINT('',(2.63888886943,11.6222222269,-7.44999999981));
#14421=CARTESIAN_POINT('',(2.67222221085,11.6333333372,-7.49999999963));
#14422=CARTESIAN_POINT('Origin',(2.61666664854,11.600000006,-7.4));
#14423=CARTESIAN_POINT('',(2.61666664854,11.600000006,-7.49999999963));
#14424=CARTESIAN_POINT('',(2.61666664854,11.600000006,-7.44999999981));
#14425=CARTESIAN_POINT('',(2.62777775899,11.6111111164,-7.49999999963));
#14426=CARTESIAN_POINT('Origin',(2.61666664854,11.5444444537,-7.4));
#14427=CARTESIAN_POINT('',(2.61666664853,11.5444444537,-7.49999999963));
#14428=CARTESIAN_POINT('',(2.61666664854,11.5722222298,-7.49999999963));
#14429=CARTESIAN_POINT('',(2.61666664854,11.5444444537,-7.44999999981));
#14430=CARTESIAN_POINT('Origin',(2.63888886943,11.5222222328,-7.4));
#14431=CARTESIAN_POINT('',(2.63888886943,11.5222222328,-7.49999999963));
#14432=CARTESIAN_POINT('',(2.63888886943,11.5222222328,-7.44999999981));
#14433=CARTESIAN_POINT('',(2.62777775898,11.5333333433,-7.49999999963));
#14434=CARTESIAN_POINT('Origin',(2.4499999918,11.5222222328,-7.4));
#14435=CARTESIAN_POINT('',(2.44999999221,11.522222232,-7.49999999963));
#14436=CARTESIAN_POINT('',(2.4499999918,11.5222222328,-7.44999999981));
#14437=CARTESIAN_POINT('',(2.54444443062,11.5222222328,-7.49999999963));
#14438=CARTESIAN_POINT('Origin',(2.42777777091,11.5666666746,-7.4));
#14439=CARTESIAN_POINT('',(2.42777777093,11.5666666746,-7.49999999963));
#14440=CARTESIAN_POINT('',(2.42777777091,11.5666666746,-7.44999999981));
#14441=CARTESIAN_POINT('',(2.43888888156,11.5444444533,-7.49999999963));
#14442=CARTESIAN_POINT('Origin',(2.34999999776,11.4888889015,-7.4));
#14443=CARTESIAN_POINT('',(2.34999999776,11.4888889015,-7.49999999963));
#14444=CARTESIAN_POINT('',(2.38888888435,11.5277777881,-7.49999999963));
#14445=CARTESIAN_POINT('',(2.34999999776,11.4888889015,-7.44999999981));
#14446=CARTESIAN_POINT('Origin',(2.36111110821,11.477777791,-7.4));
#14447=CARTESIAN_POINT('',(2.36111110821,11.477777791,-7.49999999963));
#14448=CARTESIAN_POINT('',(2.36111110821,11.477777791,-7.44999999981));
#14449=CARTESIAN_POINT('',(2.35555555299,11.4833333462,-7.49999999963));
#14450=CARTESIAN_POINT('Origin',(2.39444443956,11.477777791,-7.4));
#14451=CARTESIAN_POINT('',(2.39444443937,11.4777777911,-7.49999999963));
#14452=CARTESIAN_POINT('',(2.39444443956,11.477777791,-7.44999999981));
#14453=CARTESIAN_POINT('',(2.37777777389,11.477777791,-7.49999999963));
#14454=CARTESIAN_POINT('Origin',(2.42777777091,11.4666666806,-7.4));
#14455=CARTESIAN_POINT('',(2.42777777033,11.466666681,-7.49999999963));
#14456=CARTESIAN_POINT('',(2.42777777091,11.4666666806,-7.44999999981));
#14457=CARTESIAN_POINT('',(2.41111110514,11.4722222358,-7.49999999963));
#14458=CARTESIAN_POINT('Origin',(2.48333332315,11.4222222388,-7.4));
#14459=CARTESIAN_POINT('',(2.48333332315,11.4222222388,-7.49999999963));
#14460=CARTESIAN_POINT('',(2.48333332315,11.4222222388,-7.44999999981));
#14461=CARTESIAN_POINT('',(2.45555554674,11.4444444599,-7.49999999963));
#14462=CARTESIAN_POINT('Origin',(2.4944444336,11.4333333492,-7.4));
#14463=CARTESIAN_POINT('',(2.4944444338,11.4333333488,-7.49999999963));
#14464=CARTESIAN_POINT('',(2.4944444336,11.4333333492,-7.44999999981));
#14465=CARTESIAN_POINT('',(2.48888887837,11.427777794,-7.49999999963));
#14466=CARTESIAN_POINT('Origin',(2.46111110225,11.5000000119,-7.4));
#14467=CARTESIAN_POINT('',(2.46111110188,11.5000000119,-7.49999999963));
#14468=CARTESIAN_POINT('',(2.46111110225,11.5000000119,-7.44999999981));
#14469=CARTESIAN_POINT('',(2.47777776803,11.4666666804,-7.49999999963));
#14470=CARTESIAN_POINT('Origin',(2.8611111097,11.5000000119,-7.4));
#14471=CARTESIAN_POINT('',(2.86111110957,11.5000000112,-7.49999999963));
#14472=CARTESIAN_POINT('',(2.8611111097,11.5000000119,-7.44999999981));
#14473=CARTESIAN_POINT('',(2.66111110579,11.5000000119,-7.49999999963));
#14474=CARTESIAN_POINT('Origin',(2.84999999925,11.4444444597,-7.4));
#14475=CARTESIAN_POINT('',(2.84999999947,11.4444444593,-7.49999999963));
#14476=CARTESIAN_POINT('',(2.84999999925,11.4444444597,-7.44999999981));
#14477=CARTESIAN_POINT('',(2.85555555441,11.4722222355,-7.49999999963));
#14478=CARTESIAN_POINT('Origin',(2.8611111097,11.4222222388,-7.4));
#14479=CARTESIAN_POINT('',(2.8611111097,11.4222222388,-7.49999999963));
#14480=CARTESIAN_POINT('',(2.8611111097,11.4222222388,-7.44999999981));
#14481=CARTESIAN_POINT('',(2.85555555458,11.433333349,-7.49999999963));
#14482=CARTESIAN_POINT('Origin',(2.8833333306,11.4000000179,-7.4));
#14483=CARTESIAN_POINT('',(2.88333333023,11.4000000179,-7.49999999963));
#14484=CARTESIAN_POINT('',(2.8833333306,11.4000000179,-7.44999999981));
#14485=CARTESIAN_POINT('',(2.87222222015,11.4111111283,-7.49999999963));
#14486=CARTESIAN_POINT('Origin',(2.92777777761,11.4000000179,-7.4));
#14487=CARTESIAN_POINT('',(2.92777777761,11.4000000179,-7.49999999963));
#14488=CARTESIAN_POINT('',(2.90555555392,11.4000000179,-7.49999999963));
#14489=CARTESIAN_POINT('',(2.92777777761,11.4000000179,-7.44999999981));
#14490=CARTESIAN_POINT('Origin',(2.93888888806,11.4111111283,-7.4));
#14491=CARTESIAN_POINT('',(2.93888888806,11.4111111283,-7.49999999963));
#14492=CARTESIAN_POINT('',(2.93888888806,11.4111111283,-7.44999999981));
#14493=CARTESIAN_POINT('',(2.93333333283,11.4055555731,-7.49999999963));
#14494=CARTESIAN_POINT('Origin',(2.93888888806,11.4444444597,-7.4));
#14495=CARTESIAN_POINT('',(2.93888888892437,11.4444444687977,-7.49999999975333));
#14496=CARTESIAN_POINT('',(2.93888888806,11.444444469,-7.44999999981));
#14497=CARTESIAN_POINT('',(2.93888888806,11.4277777987,-7.49999999963));
#14498=CARTESIAN_POINT('Origin',(2.9055555515,11.477777791,-7.4));
#14499=CARTESIAN_POINT('',(2.90555555156,11.4777777908,-7.49999999963));
#14500=CARTESIAN_POINT('',(2.92222222043,11.4611111299,-7.49999999963));
#14501=CARTESIAN_POINT('',(2.9055555515,11.477777791,-7.44999999981));
#14502=CARTESIAN_POINT('Origin',(2.89444444105,11.5111111224,-7.4));
#14503=CARTESIAN_POINT('',(2.89999999631,11.4944444566,-7.49999999963));
#14504=CARTESIAN_POINT('Origin',(2.6,3.5,-8.8));
#14505=CARTESIAN_POINT('Origin',(0.,11.2,-10.3));
#14506=CARTESIAN_POINT('',(3.72529562753E-10,0.8,0.));
#14507=CARTESIAN_POINT('',(0.,0.799999999627,-4.39999999963));
#14508=CARTESIAN_POINT('',(3.72529562753E-10,14.7000000004,0.));
#14509=CARTESIAN_POINT('',(0.,7.74999999981,7.4505734915E-10));
#14510=CARTESIAN_POINT('',(7.45059125506E-10,14.7,-3.1));
#14511=CARTESIAN_POINT('',(0.,14.7,-1.55));
#14512=CARTESIAN_POINT('',(2.48353051087354E-10,14.2000000001867,-3.59999999981667));
#14513=CARTESIAN_POINT('',(0.,14.45,-3.35000000075));
#14514=CARTESIAN_POINT('',(0.,14.2,-5.75000000019));
#14515=CARTESIAN_POINT('Origin',(5.2,14.2,-3.));
#14516=CARTESIAN_POINT('',(3.00000000075,14.2,-3.59999999963));
#14517=CARTESIAN_POINT('',(5.2,14.2000000001333,-3.60000000037667));
#14518=CARTESIAN_POINT('',(4.10000000037,14.2,-3.59999999963));
#14519=CARTESIAN_POINT('',(5.2,14.2,-5.75));
#14520=CARTESIAN_POINT('',(2.2,14.2,-3.59999999963));
#14521=CARTESIAN_POINT('',(1.10000000037,14.2,-3.59999999963));
#14522=CARTESIAN_POINT('',(2.60000000037,14.2,-3.59999999963));
#14523=CARTESIAN_POINT('Origin',(5.2,0.8,-10.3));
#14524=CARTESIAN_POINT('',(5.2,14.7000000004,-3.10000000075));
#14525=CARTESIAN_POINT('',(5.2,14.7000000004,7.4505734915E-10));
#14526=CARTESIAN_POINT('',(5.2,14.7000000004,-1.55));
#14527=CARTESIAN_POINT('',(5.2,0.8,7.4505734915E-10));
#14528=CARTESIAN_POINT('',(5.2,7.75000000019,7.4505734915E-10));
#14529=CARTESIAN_POINT('',(5.2,0.8,-4.39999999963));
#14530=CARTESIAN_POINT('',(5.2,14.4500000004,-3.35000000075));
#14531=CARTESIAN_POINT('Origin',(1.33508893593,1.58079942858,-8.8));
#14532=CARTESIAN_POINT('Origin',(0.,0.8,-10.3));
#14533=CARTESIAN_POINT('',(2.59999999963,0.8,7.4505734915E-10));
#14534=CARTESIAN_POINT('',(2.19999999925,0.8,-3.60000000075));
#14535=CARTESIAN_POINT('',(2.19999999925,0.8,-0.999999999255));
#14536=CARTESIAN_POINT('',(2.19999999925,0.8,-2.3));
#14537=CARTESIAN_POINT('',(3.,0.8,-0.999999999255));
#14538=CARTESIAN_POINT('',(2.59999999963,0.8,-0.999999999255));
#14539=CARTESIAN_POINT('',(3.,0.8,-3.60000000075));
#14540=CARTESIAN_POINT('',(3.,0.8,-2.3));
#14541=CARTESIAN_POINT('',(2.59999999963,0.8,-3.60000000075));
#14542=CARTESIAN_POINT('Origin',(1.05445750605,3.425,-8.5));
#14543=CARTESIAN_POINT('',(1.05445750635,3.425,-8.40000000037));
#14544=CARTESIAN_POINT('',(1.05445750605,3.2450000003,-8.40000000037));
#14545=CARTESIAN_POINT('',(1.05445750605,3.33500000015,-8.40000000037));
#14546=CARTESIAN_POINT('',(1.05445750605,3.425,-8.45000000019));
#14547=CARTESIAN_POINT('',(1.05445750605,3.2450000003,-8.45000000019));
#14548=CARTESIAN_POINT('Origin',(1.23445750605,3.425,-8.5));
#14549=CARTESIAN_POINT('',(1.23445750605,3.425,-8.40000000037));
#14550=CARTESIAN_POINT('',(1.1444575062,3.425,-8.40000000037));
#14551=CARTESIAN_POINT('',(1.23445750605,3.425,-8.45000000019));
#14552=CARTESIAN_POINT('Origin',(1.23445750605,3.575,-8.5));
#14553=CARTESIAN_POINT('',(1.23445750575,3.575,-8.40000000037));
#14554=CARTESIAN_POINT('',(1.23445750605,3.49999999981,-8.40000000037));
#14555=CARTESIAN_POINT('',(1.23445750605,3.575,-8.45000000019));
#14556=CARTESIAN_POINT('Origin',(1.05445750605,3.575,-8.5));
#14557=CARTESIAN_POINT('',(1.05445750605,3.5750000003,-8.40000000037));
#14558=CARTESIAN_POINT('',(1.1444575059,3.575,-8.40000000037));
#14559=CARTESIAN_POINT('',(1.05445750605,3.575,-8.45000000019));
#14560=CARTESIAN_POINT('Origin',(1.05445750605,3.755,-8.5));
#14561=CARTESIAN_POINT('',(1.05445750643,3.755,-8.40000000037));
#14562=CARTESIAN_POINT('',(1.05445750605,3.66500000015,-8.40000000037));
#14563=CARTESIAN_POINT('',(1.05445750605,3.755,-8.45000000019));
#14564=CARTESIAN_POINT('Origin',(0.904457506053,3.755,-8.5));
#14565=CARTESIAN_POINT('',(0.904457506053,3.7549999997,-8.40000000037));
#14566=CARTESIAN_POINT('',(0.979457506239,3.755,-8.40000000037));
#14567=CARTESIAN_POINT('',(0.904457506053,3.755,-8.45000000019));
#14568=CARTESIAN_POINT('Origin',(0.904457506053,3.575,-8.5));
#14569=CARTESIAN_POINT('',(0.904457506798,3.575,-8.40000000037));
#14570=CARTESIAN_POINT('',(0.904457506053,3.66499999985,-8.40000000037));
#14571=CARTESIAN_POINT('',(0.904457506053,3.575,-8.45000000019));
#14572=CARTESIAN_POINT('Origin',(0.729457506053,3.575,-8.5));
#14573=CARTESIAN_POINT('',(0.729457506053,3.57500000037,-8.40000000037));
#14574=CARTESIAN_POINT('',(0.816957506426,3.575,-8.40000000037));
#14575=CARTESIAN_POINT('',(0.729457506053,3.575,-8.45000000019));
#14576=CARTESIAN_POINT('Origin',(0.729457506053,3.425,-8.5));
#14577=CARTESIAN_POINT('',(0.729457505308,3.425,-8.40000000037));
#14578=CARTESIAN_POINT('',(0.729457506053,3.50000000019,-8.40000000037));
#14579=CARTESIAN_POINT('',(0.729457506053,3.425,-8.45000000019));
#14580=CARTESIAN_POINT('Origin',(0.904457506053,3.425,-8.5));
#14581=CARTESIAN_POINT('',(0.904457506053,3.4249999997,-8.40000000037));
#14582=CARTESIAN_POINT('',(0.81695750568,3.425,-8.40000000037));
#14583=CARTESIAN_POINT('',(0.904457506053,3.425,-8.45000000019));
#14584=CARTESIAN_POINT('Origin',(0.904457506053,3.245,-8.5));
#14585=CARTESIAN_POINT('',(0.90445750568,3.245,-8.40000000037));
#14586=CARTESIAN_POINT('',(0.904457506053,3.33499999985,-8.40000000037));
#14587=CARTESIAN_POINT('',(0.904457506053,3.245,-8.45000000019));
#14588=CARTESIAN_POINT('Origin',(1.05445750605,3.245,-8.5));
#14589=CARTESIAN_POINT('',(0.979457505867,3.245,-8.40000000037));
#14590=CARTESIAN_POINT('Origin',(2.6,0.8,-6.00002798772));
#14591=CARTESIAN_POINT('',(3.85,6.45000000037,-6.00002798772));
#14592=CARTESIAN_POINT('',(3.85,5.64999999963,-6.00002798772));
#14593=CARTESIAN_POINT('',(3.85,6.05,-6.00002798772));
#14594=CARTESIAN_POINT('',(4.55,6.45000000037,-6.00002798811));
#14595=CARTESIAN_POINT('',(4.19999999963,6.45000000037,-6.00002798772));
#14596=CARTESIAN_POINT('',(4.55,9.55,-6.00002798811));
#14597=CARTESIAN_POINT('',(4.54999999925,8.00000000019,-6.00002798772));
#14598=CARTESIAN_POINT('',(3.44999999963,10.55,-6.00002798772));
#14599=CARTESIAN_POINT('',(3.99999999944,10.05,-6.00002798772));
#14600=CARTESIAN_POINT('',(1.75000000037,10.55,-6.00002798772));
#14601=CARTESIAN_POINT('',(2.6,10.55,-6.00002798772));
#14602=CARTESIAN_POINT('',(0.65,9.55,-6.00002798811));
#14603=CARTESIAN_POINT('',(1.20000000056,10.05,-6.00002798772));
#14604=CARTESIAN_POINT('',(0.65,1.55,-6.00002798811));
#14605=CARTESIAN_POINT('',(0.650000000745,5.55,-6.00002798772));
#14606=CARTESIAN_POINT('',(4.54999999999667,1.55,-6.00002798785));
#14607=CARTESIAN_POINT('',(2.6,1.55,-6.00002798772));
#14608=CARTESIAN_POINT('',(4.55,5.64999999963,-6.00002798811));
#14609=CARTESIAN_POINT('',(4.54999999925,3.59999999981,-6.00002798772));
#14610=CARTESIAN_POINT('',(4.19999999963,5.64999999963,-6.00002798772));
#14611=CARTESIAN_POINT('',(3.85,3.5,-6.00002798772));
#14612=CARTESIAN_POINT('Origin',(2.6,3.5,-6.00002798772));
#14613=CARTESIAN_POINT('Origin',(2.6,0.8,-7.5));
#14614=CARTESIAN_POINT('Origin',(2.6,0.8,-7.5));
#14615=CARTESIAN_POINT('Origin',(2.6,0.8,-7.5));
#14616=CARTESIAN_POINT('Origin',(2.6,0.8,-7.5));
#14617=CARTESIAN_POINT('Origin',(2.6,0.8,-7.5));
#14618=CARTESIAN_POINT('Origin',(2.6,0.8,-5.99999798772));
#14619=CARTESIAN_POINT('',(0.45,13.45,-5.99999798834));
#14620=CARTESIAN_POINT('',(0.45,11.0499999996,-5.99999798834));
#14621=CARTESIAN_POINT('',(0.449999999627,12.2500000002,-5.99999798772));
#14622=CARTESIAN_POINT('',(4.75,11.0500000007,-5.99999798834));
#14623=CARTESIAN_POINT('',(2.6,11.05,-5.99999798772));
#14624=CARTESIAN_POINT('',(4.75000000012333,13.4499999996667,-5.99999798792667));
#14625=CARTESIAN_POINT('',(4.75000000037,12.2500000002,-5.99999798772));
#14626=CARTESIAN_POINT('',(2.6,13.4500000004,-5.99999798772));
#14627=CARTESIAN_POINT('',(1.33,12.6,-5.99999798772));
#14628=CARTESIAN_POINT('',(1.83,12.6,-5.99999798834));
#14629=CARTESIAN_POINT('',(1.58000000022,12.6,-5.99999798772));
#14630=CARTESIAN_POINT('',(1.83,12.1,-5.99999798834));
#14631=CARTESIAN_POINT('',(1.83000000045,12.3500000007,-5.99999798772));
#14632=CARTESIAN_POINT('',(1.33,12.1,-5.99999798772));
#14633=CARTESIAN_POINT('',(1.58000000022,12.1,-5.99999798772));
#14634=CARTESIAN_POINT('',(1.33,12.35,-5.99999798772));
#14635=CARTESIAN_POINT('',(3.37,12.1,-5.99999798834));
#14636=CARTESIAN_POINT('',(3.87,12.1,-5.99999798772));
#14637=CARTESIAN_POINT('',(3.61999999978,12.1,-5.99999798772));
#14638=CARTESIAN_POINT('',(3.37,12.6,-5.99999798834));
#14639=CARTESIAN_POINT('',(3.36999999955,12.3500000007,-5.99999798772));
#14640=CARTESIAN_POINT('',(3.87,12.6,-5.99999798772));
#14641=CARTESIAN_POINT('',(3.61999999978,12.6,-5.99999798772));
#14642=CARTESIAN_POINT('',(3.87,12.35,-5.99999798772));
#14643=CARTESIAN_POINT('Origin',(2.6,0.8,0.));
#14644=CARTESIAN_POINT('',(2.6,14.7000000004,0.));
#14645=CARTESIAN_POINT('',(0.250000000373,14.2000000004,0.));
#14646=CARTESIAN_POINT('',(4.94999999963,14.2000000004,0.));
#14647=CARTESIAN_POINT('',(2.6,14.2000000004,0.));
#14648=CARTESIAN_POINT('',(4.94999999963,10.8500000007,0.));
#14649=CARTESIAN_POINT('',(4.94999999963,12.5250000006,0.));
#14650=CARTESIAN_POINT('',(0.250000000373,10.8500000007,0.));
#14651=CARTESIAN_POINT('',(2.6,10.8500000007,0.));
#14652=CARTESIAN_POINT('',(0.250000000373,12.5250000006,0.));
#14653=CARTESIAN_POINT('',(4.85,1.24999999925,0.));
#14654=CARTESIAN_POINT('',(0.35,1.24999999925,0.));
#14655=CARTESIAN_POINT('',(2.6,1.24999999925,0.));
#14656=CARTESIAN_POINT('',(0.35,9.68271096535,0.));
#14657=CARTESIAN_POINT('',(0.35,5.4663554823,0.));
#14658=CARTESIAN_POINT('',(1.52401793808091,10.7499999996906,-9.90814259342147E-11));
#14659=CARTESIAN_POINT('',(0.937008968927,10.2163554823,0.));
#14660=CARTESIAN_POINT('',(3.67598206215,10.7499999993,0.));
#14661=CARTESIAN_POINT('',(2.6,10.7499999993,0.));
#14662=CARTESIAN_POINT('',(4.85,9.68271096535,0.));
#14663=CARTESIAN_POINT('',(4.26299103107,10.2163554823,0.));
#14664=CARTESIAN_POINT('',(4.85,6.14999999963,0.));
#14665=CARTESIAN_POINT('',(4.85,7.91635548249,0.));
#14666=CARTESIAN_POINT('',(4.1500000003846,6.14999999950896,2.44369079370014E-10));
#14667=CARTESIAN_POINT('',(4.50000000037,6.14999999963,0.));
#14668=CARTESIAN_POINT('',(4.15000000075,5.95000000037,0.));
#14669=CARTESIAN_POINT('',(4.15000000075,6.05,0.));
#14670=CARTESIAN_POINT('',(4.85,5.95000000037,0.));
#14671=CARTESIAN_POINT('',(4.50000000037,5.95000000037,0.));
#14672=CARTESIAN_POINT('',(4.85,3.59999999981,0.));
#14673=CARTESIAN_POINT('Origin',(5.2,14.7,-3.1));
#14674=CARTESIAN_POINT('',(3.00000000075,14.7,-3.1));
#14675=CARTESIAN_POINT('',(3.0000000005,14.7,-0.999999999998333));
#14676=CARTESIAN_POINT('',(3.00000000075,14.7,-2.05000000019));
#14677=CARTESIAN_POINT('',(2.2,14.7,-1.00000000037));
#14678=CARTESIAN_POINT('',(2.60000000037,14.7,-1.00000000037));
#14679=CARTESIAN_POINT('',(2.2,14.7,-3.1));
#14680=CARTESIAN_POINT('',(2.2,14.7,-2.05000000019));
#14681=CARTESIAN_POINT('',(1.10000000037,14.7,-3.1));
#14682=CARTESIAN_POINT('',(4.10000000037,14.7,-3.1));
#14683=CARTESIAN_POINT('Origin',(5.2,14.2,-3.6));
#14684=CARTESIAN_POINT('',(2.2,14.4499999997,-3.35000000033));
#14685=CARTESIAN_POINT('Origin',(5.2,14.2,-3.6));
#14686=CARTESIAN_POINT('',(3.00000000075,14.4499999997,-3.35000000033));
#14687=CARTESIAN_POINT('Origin',(3.,14.,-3.6));
#14688=CARTESIAN_POINT('',(3.,15.5,-3.60000000075));
#14689=CARTESIAN_POINT('',(3.,14.8499999996,-3.6));
#14690=CARTESIAN_POINT('',(2.2,15.5,-3.6));
#14691=CARTESIAN_POINT('',(2.19999999925,14.8499999996,-3.6));
#14692=CARTESIAN_POINT('',(2.59999999963,15.5,-3.6));
#14693=CARTESIAN_POINT('Origin',(2.2,0.8,-0.8));
#14694=CARTESIAN_POINT('',(2.2,-7.45058015283E-10,-2.70000000037));
#14695=CARTESIAN_POINT('',(2.2,0.3,-2.70000000037));
#14696=CARTESIAN_POINT('',(2.2,0.149999999627,-2.70000000037));
#14697=CARTESIAN_POINT('',(2.2,0.3,-1.89999999963));
#14698=CARTESIAN_POINT('',(2.2,0.3,-2.3));
#14699=CARTESIAN_POINT('',(2.2,-7.45058015283E-10,-1.89999999963));
#14700=CARTESIAN_POINT('',(2.2,0.149999999627,-1.89999999963));
#14701=CARTESIAN_POINT('',(2.19999999963,-7.45058015283E-10,-1.));
#14702=CARTESIAN_POINT('',(2.2,-7.45058015283E-10,-1.44999999944));
#14703=CARTESIAN_POINT('',(2.2,0.399999999627,-0.999999999255));
#14704=CARTESIAN_POINT('',(2.2,-4.96705352774012E-10,-3.6000000005));
#14705=CARTESIAN_POINT('',(2.2,0.399999999627,-3.60000000075));
#14706=CARTESIAN_POINT('',(2.2,-7.45058015283E-10,-3.15000000056));
#14707=CARTESIAN_POINT('Origin',(2.6,0.8,-1.));
#14708=CARTESIAN_POINT('',(3.00000000037,-7.45058015283E-10,-1.));
#14709=CARTESIAN_POINT('',(2.6,-7.45058015283E-10,-1.));
#14710=CARTESIAN_POINT('',(3.00000000037,0.399999999627,-1.));
#14711=CARTESIAN_POINT('Origin',(3.,0.8,-7.8));
#14712=CARTESIAN_POINT('',(3.,-7.45058015283E-10,-1.89999999963));
#14713=CARTESIAN_POINT('',(3.,0.3,-1.89999999963));
#14714=CARTESIAN_POINT('',(3.,0.149999999627,-1.89999999963));
#14715=CARTESIAN_POINT('',(3.,0.3,-2.70000000037));
#14716=CARTESIAN_POINT('',(3.,0.3,-2.3));
#14717=CARTESIAN_POINT('',(3.,-7.45058015283E-10,-2.70000000037));
#14718=CARTESIAN_POINT('',(3.,0.149999999627,-2.70000000037));
#14719=CARTESIAN_POINT('',(3.00000000025,-2.48352671761E-10,-3.60000000025));
#14720=CARTESIAN_POINT('',(3.,-7.45058015283E-10,-3.15000000056));
#14721=CARTESIAN_POINT('',(3.,0.399999999627,-3.60000000075));
#14722=CARTESIAN_POINT('',(3.,-7.45058015283E-10,-1.44999999944));
#14723=CARTESIAN_POINT('Origin',(2.2,0.,-3.6));
#14724=CARTESIAN_POINT('',(2.60000000037,0.,-3.6));
#14725=CARTESIAN_POINT('Origin',(2.6,0.8,-8.4));
#14726=CARTESIAN_POINT('Origin',(3.85,6.45,-9.3));
#14727=CARTESIAN_POINT('',(3.84999999967,6.45000000037,-0.30000000033));
#14728=CARTESIAN_POINT('',(3.85,6.45,-3.15001399368));
#14729=CARTESIAN_POINT('',(3.85000000037,5.64999999967,-0.30000000033));
#14730=CARTESIAN_POINT('',(3.85,5.64999999925,-3.15001399368));
#14731=CARTESIAN_POINT('',(3.85,6.04999999963,-0.3));
#14732=CARTESIAN_POINT('Origin',(4.55,6.45,-9.3));
#14733=CARTESIAN_POINT('',(4.54999999963,6.45000000033,-0.30000000033));
#14734=CARTESIAN_POINT('',(4.55,6.45,-3.15001399368));
#14735=CARTESIAN_POINT('',(4.20000000037,6.45,-0.3));
#14736=CARTESIAN_POINT('Origin',(4.55,1.55,-3.));
#14737=CARTESIAN_POINT('',(4.54999999967,9.55000000075,-0.30000000033));
#14738=CARTESIAN_POINT('',(4.55,9.55,-3.15001399443));
#14739=CARTESIAN_POINT('',(4.55,8.00000000019,-0.300000000745));
#14740=CARTESIAN_POINT('Origin',(4.55,9.55,-3.));
#14741=CARTESIAN_POINT('',(3.44999999984845,10.5500000000338,-0.300000000459841));
#14742=CARTESIAN_POINT('',(3.44999999948,10.5500000005,-3.15001399443));
#14743=CARTESIAN_POINT('',(3.99999999974,10.0500000002,-0.300000000745));
#14744=CARTESIAN_POINT('Origin',(3.45,10.55,-3.));
#14745=CARTESIAN_POINT('',(1.75000000037,10.5500000001,-0.299999999882));
#14746=CARTESIAN_POINT('',(2.60000000037,10.55,-0.300000000745));
#14747=CARTESIAN_POINT('',(1.75000000075,10.55,-3.15001399443));
#14748=CARTESIAN_POINT('Origin',(1.75,10.55,-3.));
#14749=CARTESIAN_POINT('',(0.65000000033,9.55,-0.30000000033));
#14750=CARTESIAN_POINT('',(1.19999999974,10.0499999998,-0.300000000745));
#14751=CARTESIAN_POINT('',(0.64999999948,9.54999999953,-3.15001399443));
#14752=CARTESIAN_POINT('Origin',(0.65,9.55,-3.));
#14753=CARTESIAN_POINT('',(0.65000000033,1.55,-0.30000000033));
#14754=CARTESIAN_POINT('',(0.65,1.55,-3.15001399443));
#14755=CARTESIAN_POINT('',(0.65,5.55,-0.300000000745));
#14756=CARTESIAN_POINT('Origin',(0.65,1.55,-3.));
#14757=CARTESIAN_POINT('',(4.54999999971882,1.55000000016566,-0.300000000538159));
#14758=CARTESIAN_POINT('',(4.55000000037,1.55,-3.15001399443));
#14759=CARTESIAN_POINT('',(2.60000000019,1.55,-0.300000000745));
#14760=CARTESIAN_POINT('Origin',(4.55,1.55,-3.));
#14761=CARTESIAN_POINT('',(4.54999999991799,5.65000000010601,-0.300000000257743));
#14762=CARTESIAN_POINT('',(4.55,5.64999999963,-3.15001399443));
#14763=CARTESIAN_POINT('',(4.55,3.59999999981,-0.300000000745));
#14764=CARTESIAN_POINT('Origin',(3.85,5.65,-9.3));
#14765=CARTESIAN_POINT('',(4.19999999963,5.65,-0.3));
#14766=CARTESIAN_POINT('Origin',(2.6,3.5,-10.3));
#14767=CARTESIAN_POINT('',(3.85,3.5,-10.3));
#14768=CARTESIAN_POINT('Origin',(0.45,13.45,-3.));
#14769=CARTESIAN_POINT('',(0.45,13.7500000007,-2.40000000037));
#14770=CARTESIAN_POINT('',(0.45,13.45,-2.69999999925));
#14771=CARTESIAN_POINT('',(0.45,13.6000000004,-2.54999999981));
#14772=CARTESIAN_POINT('',(0.449999999751667,14.0000000002333,-2.40000000024667));
#14773=CARTESIAN_POINT('',(0.45,13.8750000007,-2.40000000037));
#14774=CARTESIAN_POINT('',(0.449999999627,14.0000000007,-0.199999999342));
#14775=CARTESIAN_POINT('',(0.45,14.0000000007,-1.29999999981));
#14776=CARTESIAN_POINT('',(0.449999999773349,11.0499999997666,-0.199999999609076));
#14777=CARTESIAN_POINT('',(0.45,12.5250000002,-0.199999999255));
#14778=CARTESIAN_POINT('',(0.45,11.0499999996,-3.0999989938));
#14779=CARTESIAN_POINT('',(0.45,13.45,-4.3499989938));
#14780=CARTESIAN_POINT('Origin',(2.6,11.05,-10.3));
#14781=CARTESIAN_POINT('',(4.75000000042442,11.0500000000044,-0.199999999575576));
#14782=CARTESIAN_POINT('',(2.6,11.05,-0.200000000373));
#14783=CARTESIAN_POINT('',(4.75000000037,11.05,-3.09999899399));
#14784=CARTESIAN_POINT('Origin',(4.75,11.25,-3.));
#14785=CARTESIAN_POINT('',(4.75,13.449999999775,-2.69999999949167));
#14786=CARTESIAN_POINT('',(4.75,13.4499999993,-4.3499989938));
#14787=CARTESIAN_POINT('',(4.75000000016898,14.0000000000753,-0.199999999409492));
#14788=CARTESIAN_POINT('',(4.75,12.5250000004,-0.199999999255));
#14789=CARTESIAN_POINT('',(4.75,14.,-2.40000000037));
#14790=CARTESIAN_POINT('',(4.75,14.,-1.29999999981));
#14791=CARTESIAN_POINT('',(4.75,13.75,-2.40000000037));
#14792=CARTESIAN_POINT('',(4.75,13.875,-2.40000000037));
#14793=CARTESIAN_POINT('',(4.75,13.5999999996,-2.54999999981));
#14794=CARTESIAN_POINT('Origin',(4.75,13.45,-3.));
#14795=CARTESIAN_POINT('',(2.59999999963,13.45,-2.69999999925));
#14796=CARTESIAN_POINT('Origin',(2.6,14.1,-0.1));
#14797=CARTESIAN_POINT('',(0.35,14.1,-0.1));
#14798=CARTESIAN_POINT('',(2.6,14.0000000007,-0.199999999342));
#14799=CARTESIAN_POINT('',(4.85,14.1,-0.1));
#14800=CARTESIAN_POINT('Origin',(4.85,12.55,-0.1));
#14801=CARTESIAN_POINT('',(4.85,10.9500000004,-0.1));
#14802=CARTESIAN_POINT('Origin',(2.6,10.95,-0.1));
#14803=CARTESIAN_POINT('',(0.35,10.95,-0.1));
#14804=CARTESIAN_POINT('Origin',(0.35,12.55,-0.1));
#14805=CARTESIAN_POINT('Origin',(2.6,1.4,-0.15));
#14806=CARTESIAN_POINT('',(4.69999999963,1.4,-0.15));
#14807=CARTESIAN_POINT('',(0.500000000373,1.4,-0.15));
#14808=CARTESIAN_POINT('Origin',(0.5,5.55,-0.15));
#14809=CARTESIAN_POINT('',(0.5,9.61635548268,-0.15));
#14810=CARTESIAN_POINT('Origin',(1.0990990809,10.160991011,-0.15));
#14811=CARTESIAN_POINT('',(1.63700896911,10.6500000001,-0.150000000178));
#14812=CARTESIAN_POINT('Origin',(2.6,10.65,-0.15));
#14813=CARTESIAN_POINT('',(3.56299103089,10.65,-0.15));
#14814=CARTESIAN_POINT('Origin',(4.1009009191,10.160991011,-0.15));
#14815=CARTESIAN_POINT('',(4.70000000011,9.61635548297,-0.149999999886));
#14816=CARTESIAN_POINT('Origin',(4.7,8.,-0.15));
#14817=CARTESIAN_POINT('',(4.7,6.29999999981,-0.15));
#14818=CARTESIAN_POINT('Origin',(4.2,6.3,-0.15));
#14819=CARTESIAN_POINT('',(3.99999999981,6.3,-0.15));
#14820=CARTESIAN_POINT('Origin',(4.,6.05,-0.15));
#14821=CARTESIAN_POINT('',(4.,5.8,-0.15));
#14822=CARTESIAN_POINT('Origin',(4.2,5.8,-0.15));
#14823=CARTESIAN_POINT('',(4.7,5.8,-0.15));
#14824=CARTESIAN_POINT('Origin',(4.7,3.6,-0.15));
#14825=CARTESIAN_POINT('Origin',(3.,14.,-0.8));
#14826=CARTESIAN_POINT('',(3.,15.5,-2.70000000037));
#14827=CARTESIAN_POINT('',(3.,15.1999999993,-2.70000000037));
#14828=CARTESIAN_POINT('',(3.,15.3499999996,-2.70000000037));
#14829=CARTESIAN_POINT('',(3.,15.1999999993,-1.89999999963));
#14830=CARTESIAN_POINT('',(3.,15.1999999993,-2.3));
#14831=CARTESIAN_POINT('',(3.,15.5,-1.89999999963));
#14832=CARTESIAN_POINT('',(3.,15.3499999996,-1.89999999963));
#14833=CARTESIAN_POINT('',(3.00000000037,15.4999999993,-1.));
#14834=CARTESIAN_POINT('',(3.,15.5,-1.44999999944));
#14835=CARTESIAN_POINT('',(3.,15.0999999996,-0.999999999255));
#14836=CARTESIAN_POINT('',(3.,15.5,-3.15000000056));
#14837=CARTESIAN_POINT('Origin',(2.6,0.8,-1.));
#14838=CARTESIAN_POINT('',(2.19999999963,15.4999999993,-1.));
#14839=CARTESIAN_POINT('',(2.6,15.4999999993,-1.));
#14840=CARTESIAN_POINT('',(2.19999999963,15.0999999998,-1.));
#14841=CARTESIAN_POINT('Origin',(2.2,14.,-3.6));
#14842=CARTESIAN_POINT('',(2.2,15.5,-1.90000000075));
#14843=CARTESIAN_POINT('',(2.2,15.1999999995333,-1.90000000037667));
#14844=CARTESIAN_POINT('',(2.2,15.3499999996,-1.90000000075));
#14845=CARTESIAN_POINT('',(2.2,15.1999999993,-2.69999999963));
#14846=CARTESIAN_POINT('',(2.2,15.1999999993,-2.30000000019));
#14847=CARTESIAN_POINT('',(2.2,15.5,-2.69999999963));
#14848=CARTESIAN_POINT('',(2.2,15.3499999996,-2.69999999963));
#14849=CARTESIAN_POINT('',(2.2,15.5,-3.14999999981));
#14850=CARTESIAN_POINT('',(2.2,15.5,-1.45000000056));
#14851=CARTESIAN_POINT('Origin',(5.2,15.5,-10.3));
#14852=CARTESIAN_POINT('',(2.60000000037,15.5,-2.70000000037));
#14853=CARTESIAN_POINT('Origin',(2.2,0.,-2.7));
#14854=CARTESIAN_POINT('',(2.60000000037,0.300000000745,-2.7));
#14855=CARTESIAN_POINT('',(2.60000000037,0.,-2.7));
#14856=CARTESIAN_POINT('Origin',(2.6,0.3,-10.3));
#14857=CARTESIAN_POINT('',(2.6,0.3,-1.89999999963));
#14858=CARTESIAN_POINT('Origin',(3.,0.,-1.9));
#14859=CARTESIAN_POINT('',(2.59999999963,0.,-1.9));
#14860=CARTESIAN_POINT('Origin',(2.6,0.,-10.3));
#14861=CARTESIAN_POINT('Origin',(2.6,0.,-10.3));
#14862=CARTESIAN_POINT('Origin',(2.6,13.6,-2.55));
#14863=CARTESIAN_POINT('',(2.6,13.7500000003,-2.39999999967));
#14864=CARTESIAN_POINT('Origin',(4.75,14.,-2.4));
#14865=CARTESIAN_POINT('',(2.59999999963,14.,-2.4));
#14866=CARTESIAN_POINT('Origin',(4.75,14.,0.));
#14867=CARTESIAN_POINT('Origin',(3.,15.5,-2.7));
#14868=CARTESIAN_POINT('',(2.59999999963,15.1999999993,-2.7));
#14869=CARTESIAN_POINT('Origin',(2.6,15.2,-10.3));
#14870=CARTESIAN_POINT('',(2.6,15.2,-1.89999999963));
#14871=CARTESIAN_POINT('Origin',(2.2,15.5,-1.9));
#14872=CARTESIAN_POINT('',(2.60000000037,15.5,-1.9));
#14873=CARTESIAN_POINT('Origin',(5.2,15.5,-10.3));
#14874=CARTESIAN_POINT('Origin',(1.33,12.6,-2.99999798772));
#14875=CARTESIAN_POINT('',(1.33,12.6,-3.59999798735));
#14876=CARTESIAN_POINT('',(1.33,12.6,-4.79999798754));
#14877=CARTESIAN_POINT('',(1.83,12.6,-3.59999798735));
#14878=CARTESIAN_POINT('',(1.58,12.6,-3.59999798735));
#14879=CARTESIAN_POINT('',(1.83,12.6,-4.79999798785));
#14880=CARTESIAN_POINT('Origin',(1.33,12.6,-2.99999798772));
#14881=CARTESIAN_POINT('',(1.83,12.6,-9.69999798697));
#14882=CARTESIAN_POINT('',(1.83,12.6,-8.54999899367));
#14883=CARTESIAN_POINT('',(2.38,12.6,-10.2499979877));
#14884=CARTESIAN_POINT('Origin',(2.38,12.6,-9.69999798772));
#14885=CARTESIAN_POINT('',(6.48000000037,12.6,-10.2499979877));
#14886=CARTESIAN_POINT('',(4.43000000056,12.6,-10.2499979877));
#14887=CARTESIAN_POINT('',(6.48000000037,12.6,-10.7499979877));
#14888=CARTESIAN_POINT('',(6.48000000037,12.6,-10.4999979877));
#14889=CARTESIAN_POINT('',(2.38000000075,12.6,-10.7499979877));
#14890=CARTESIAN_POINT('',(4.43000000056,12.6,-10.7499979877));
#14891=CARTESIAN_POINT('',(1.33,12.6,-9.69999798697));
#14892=CARTESIAN_POINT('Origin',(2.38000000014,12.6,-9.69999798758));
#14893=CARTESIAN_POINT('',(1.33,12.6,-8.54999899349));
#14894=CARTESIAN_POINT('Origin',(1.83,12.6,-2.99999798772));
#14895=CARTESIAN_POINT('',(1.83,12.1,-3.59999798735));
#14896=CARTESIAN_POINT('',(1.83,12.35,-3.59999798735));
#14897=CARTESIAN_POINT('',(1.83,12.1,-4.79999798785));
#14898=CARTESIAN_POINT('Origin',(1.83,12.6,-2.99999798772));
#14899=CARTESIAN_POINT('',(1.83,12.1,-9.69999798772));
#14900=CARTESIAN_POINT('',(1.83,12.1,-8.54999899367));
#14901=CARTESIAN_POINT('',(1.83,12.35,-9.69999798697));
#14902=CARTESIAN_POINT('Origin',(2.38,13.35,-9.69999798772));
#14903=CARTESIAN_POINT('',(2.38,12.1,-10.2499979877));
#14904=CARTESIAN_POINT('',(2.38,13.3499999996,-10.2499979877));
#14905=CARTESIAN_POINT('Origin',(2.38,12.1,-9.69999798772));
#14906=CARTESIAN_POINT('Origin',(2.38,12.6,-10.2499979877));
#14907=CARTESIAN_POINT('',(6.47999999963,12.1,-10.2499979877));
#14908=CARTESIAN_POINT('',(4.42999999981,12.1,-10.2499979877));
#14909=CARTESIAN_POINT('',(6.47999999963,12.35,-10.2499979877));
#14910=CARTESIAN_POINT('Origin',(6.78,12.525,-10.4999979877));
#14911=CARTESIAN_POINT('',(7.08000000034,12.4499999999,-10.3999979881));
#14912=CARTESIAN_POINT('',(6.78,12.525,-10.3249979879));
#14913=CARTESIAN_POINT('',(7.08000000034,12.4499999999,-10.5999979873));
#14914=CARTESIAN_POINT('',(7.08000000034,12.4499999999,-10.4999979877));
#14915=CARTESIAN_POINT('',(6.78,12.525,-10.6749979875));
#14916=CARTESIAN_POINT('Origin',(2.38,12.1,-10.7499979877));
#14917=CARTESIAN_POINT('',(6.47999999963,12.1,-10.7499979877));
#14918=CARTESIAN_POINT('',(2.38,12.1,-10.7499979877));
#14919=CARTESIAN_POINT('',(4.42999999981,12.1,-10.7499979877));
#14920=CARTESIAN_POINT('',(2.38,12.35,-10.7499979877));
#14921=CARTESIAN_POINT('',(6.47999999963,12.35,-10.7499979877));
#14922=CARTESIAN_POINT('Origin',(2.38,13.35,-9.69999798772));
#14923=CARTESIAN_POINT('',(1.33,12.1,-9.69999798697));
#14924=CARTESIAN_POINT('Origin',(2.38,12.1,-9.69999798772));
#14925=CARTESIAN_POINT('',(1.33,13.3499999996,-9.69999798772));
#14926=CARTESIAN_POINT('Origin',(1.33,12.1,-2.99999798772));
#14927=CARTESIAN_POINT('',(1.33,12.1,-3.59999798735));
#14928=CARTESIAN_POINT('',(1.33,12.1,-4.79999798754));
#14929=CARTESIAN_POINT('',(1.33,12.35,-3.59999798735));
#14930=CARTESIAN_POINT('Origin',(1.33,12.1,-2.99999798772));
#14931=CARTESIAN_POINT('',(1.33,12.1,-8.54999899349));
#14932=CARTESIAN_POINT('Origin',(1.58,12.525,-3.29999798772));
#14933=CARTESIAN_POINT('',(1.48000000037,12.4499999999,-2.99999798738));
#14934=CARTESIAN_POINT('',(1.40500000019,12.525,-3.29999798772));
#14935=CARTESIAN_POINT('',(1.67999999963,12.4499999999,-2.99999798738));
#14936=CARTESIAN_POINT('',(1.58,12.4499999999,-2.99999798738));
#14937=CARTESIAN_POINT('',(1.75499999981,12.525,-3.29999798772));
#14938=CARTESIAN_POINT('Origin',(1.83,12.1,-2.99999798772));
#14939=CARTESIAN_POINT('',(6.48000000037,12.1,-10.4999979877));
#14940=CARTESIAN_POINT('Origin',(1.83,12.1,-2.99999798772));
#14941=CARTESIAN_POINT('',(1.58,12.1,-3.59999798735));
#14942=CARTESIAN_POINT('Origin',(1.755,12.35,-3.29999798772));
#14943=CARTESIAN_POINT('',(1.67999999992,12.2500000004,-2.99999798738));
#14944=CARTESIAN_POINT('',(1.67999999992,12.35,-2.99999798738));
#14945=CARTESIAN_POINT('',(1.755,12.1750000002,-3.29999798772));
#14946=CARTESIAN_POINT('Origin',(6.78,12.35,-10.3249979877));
#14947=CARTESIAN_POINT('',(7.08,12.2500000004,-10.3999979881));
#14948=CARTESIAN_POINT('',(6.78,12.1750000002,-10.3249979877));
#14949=CARTESIAN_POINT('',(7.08000000034,12.35,-10.3999979878));
#14950=CARTESIAN_POINT('Origin',(7.08,12.35,-10.4999979877));
#14951=CARTESIAN_POINT('',(7.08000000034,12.2500000004,-10.5999979876));
#14952=CARTESIAN_POINT('',(7.08,12.2500000004,-10.4999979877));
#14953=CARTESIAN_POINT('',(7.08,12.35,-10.5999979873));
#14954=CARTESIAN_POINT('Origin',(6.78,12.35,-10.6749979877));
#14955=CARTESIAN_POINT('',(6.78,12.1750000002,-10.6749979877));
#14956=CARTESIAN_POINT('Origin',(1.405,12.35,-3.29999798772));
#14957=CARTESIAN_POINT('',(1.48000000037,12.2500000004,-2.99999798772));
#14958=CARTESIAN_POINT('',(1.405,12.1750000002,-3.29999798772));
#14959=CARTESIAN_POINT('',(1.48000000008,12.35,-2.99999798738));
#14960=CARTESIAN_POINT('Origin',(1.58,12.35,-2.99999798772));
#14961=CARTESIAN_POINT('',(1.58,12.2500000004,-2.99999798772));
#14962=CARTESIAN_POINT('Origin',(6.78,12.175,-10.4999979877));
#14963=CARTESIAN_POINT('Origin',(1.58,12.175,-3.29999798772));
#14964=CARTESIAN_POINT('Origin',(3.37,12.6,-2.99999798772));
#14965=CARTESIAN_POINT('',(3.37,12.6,-3.59999798735));
#14966=CARTESIAN_POINT('',(3.37,12.6,-4.79999798785));
#14967=CARTESIAN_POINT('',(3.87,12.6,-3.59999798735));
#14968=CARTESIAN_POINT('',(3.62,12.6,-3.59999798735));
#14969=CARTESIAN_POINT('',(3.87,12.6,-4.79999798754));
#14970=CARTESIAN_POINT('Origin',(3.37,12.6,-2.99999798772));
#14971=CARTESIAN_POINT('',(3.87,12.6,-7.69999798698));
#14972=CARTESIAN_POINT('',(3.87,12.6,-7.54999899349));
#14973=CARTESIAN_POINT('',(4.42,12.6,-8.24999798772));
#14974=CARTESIAN_POINT('Origin',(4.42,12.6,-7.69999798772));
#14975=CARTESIAN_POINT('',(6.52000000037,12.6,-8.24999798772));
#14976=CARTESIAN_POINT('',(5.47000000056,12.6,-8.24999798772));
#14977=CARTESIAN_POINT('',(6.52000000037,12.6,-8.74999798772));
#14978=CARTESIAN_POINT('',(6.52000000037,12.6,-8.49999798772));
#14979=CARTESIAN_POINT('',(4.42000000075,12.6,-8.74999798772));
#14980=CARTESIAN_POINT('',(5.47000000056,12.6,-8.74999798772));
#14981=CARTESIAN_POINT('',(3.37,12.6,-7.69999798698));
#14982=CARTESIAN_POINT('Origin',(4.42000000014,12.6,-7.69999798759));
#14983=CARTESIAN_POINT('',(3.37,12.6,-7.54999899368));
#14984=CARTESIAN_POINT('Origin',(4.42,12.1,-8.74999798772));
#14985=CARTESIAN_POINT('',(6.51999999963,12.1,-8.74999798772));
#14986=CARTESIAN_POINT('',(4.42,12.1,-8.74999798772));
#14987=CARTESIAN_POINT('',(5.46999999981,12.1,-8.74999798772));
#14988=CARTESIAN_POINT('',(4.42,12.35,-8.74999798772));
#14989=CARTESIAN_POINT('',(6.51999999963,12.35,-8.74999798772));
#14990=CARTESIAN_POINT('Origin',(4.42,13.35,-7.69999798772));
#14991=CARTESIAN_POINT('',(3.37,12.1,-7.69999798772));
#14992=CARTESIAN_POINT('Origin',(4.42,12.1,-7.69999798772));
#14993=CARTESIAN_POINT('',(3.37,13.3499999996,-7.69999798772));
#14994=CARTESIAN_POINT('Origin',(3.37,12.1,-2.99999798772));
#14995=CARTESIAN_POINT('',(3.37,12.1,-3.59999798735));
#14996=CARTESIAN_POINT('',(3.37,12.1,-4.79999798785));
#14997=CARTESIAN_POINT('',(3.37,12.35,-3.59999798735));
#14998=CARTESIAN_POINT('Origin',(3.37,12.1,-2.99999798772));
#14999=CARTESIAN_POINT('',(3.37,12.1,-7.54999899368));
#15000=CARTESIAN_POINT('Origin',(3.62,12.525,-3.29999798772));
#15001=CARTESIAN_POINT('',(3.52000000037,12.4499999999,-2.99999798738));
#15002=CARTESIAN_POINT('',(3.44500000019,12.525,-3.29999798772));
#15003=CARTESIAN_POINT('',(3.71999999963,12.4499999999,-2.99999798738));
#15004=CARTESIAN_POINT('',(3.62,12.4499999999,-2.99999798738));
#15005=CARTESIAN_POINT('',(3.79499999981,12.525,-3.29999798772));
#15006=CARTESIAN_POINT('Origin',(3.87,12.6,-2.99999798772));
#15007=CARTESIAN_POINT('',(3.87,12.1,-3.59999798735));
#15008=CARTESIAN_POINT('',(3.87,12.35,-3.59999798735));
#15009=CARTESIAN_POINT('',(3.87,12.1,-4.79999798754));
#15010=CARTESIAN_POINT('Origin',(3.87,12.6,-2.99999798772));
#15011=CARTESIAN_POINT('',(3.87,12.1,-7.69999798772));
#15012=CARTESIAN_POINT('',(3.87,12.1,-7.54999899349));
#15013=CARTESIAN_POINT('',(3.87,12.35,-7.69999798698));
#15014=CARTESIAN_POINT('Origin',(4.42,13.35,-7.69999798772));
#15015=CARTESIAN_POINT('',(4.42,12.1,-8.24999798772));
#15016=CARTESIAN_POINT('',(4.42,13.3499999996,-8.24999798772));
#15017=CARTESIAN_POINT('Origin',(4.42,12.1,-7.69999798772));
#15018=CARTESIAN_POINT('Origin',(4.42,12.6,-8.24999798772));
#15019=CARTESIAN_POINT('',(6.51999999963,12.1,-8.24999798772));
#15020=CARTESIAN_POINT('',(5.46999999981,12.1,-8.24999798772));
#15021=CARTESIAN_POINT('',(6.51999999963,12.35,-8.24999798772));
#15022=CARTESIAN_POINT('Origin',(6.82,12.525,-8.49999798772));
#15023=CARTESIAN_POINT('',(7.12000000034,12.4499999999,-8.3999979881));
#15024=CARTESIAN_POINT('',(6.82,12.525,-8.32499798791));
#15025=CARTESIAN_POINT('',(7.12000000034,12.4499999999,-8.59999798735));
#15026=CARTESIAN_POINT('',(7.12000000034,12.4499999999,-8.49999798772));
#15027=CARTESIAN_POINT('',(6.82,12.525,-8.67499798754));
#15028=CARTESIAN_POINT('Origin',(3.87,12.1,-2.99999798772));
#15029=CARTESIAN_POINT('',(6.52000000037,12.1,-8.49999798772));
#15030=CARTESIAN_POINT('Origin',(3.87,12.1,-2.99999798772));
#15031=CARTESIAN_POINT('',(3.62,12.1,-3.59999798735));
#15032=CARTESIAN_POINT('Origin',(6.82,12.35,-8.67499798772));
#15033=CARTESIAN_POINT('',(7.12000000034,12.2500000004,-8.59999798764));
#15034=CARTESIAN_POINT('',(7.12000000034,12.35,-8.59999798764));
#15035=CARTESIAN_POINT('',(6.82,12.1750000002,-8.67499798772));
#15036=CARTESIAN_POINT('Origin',(3.445,12.35,-3.29999798772));
#15037=CARTESIAN_POINT('',(3.52000000037,12.2500000004,-2.99999798772));
#15038=CARTESIAN_POINT('',(3.445,12.1750000002,-3.29999798772));
#15039=CARTESIAN_POINT('',(3.52000000009,12.35,-2.99999798738));
#15040=CARTESIAN_POINT('Origin',(3.62,12.35,-2.99999798772));
#15041=CARTESIAN_POINT('',(3.71999999992,12.2500000004,-2.99999798738));
#15042=CARTESIAN_POINT('',(3.62,12.2500000004,-2.99999798772));
#15043=CARTESIAN_POINT('',(3.71999999963,12.35,-2.99999798772));
#15044=CARTESIAN_POINT('Origin',(3.795,12.35,-3.29999798772));
#15045=CARTESIAN_POINT('',(3.795,12.1750000002,-3.29999798772));
#15046=CARTESIAN_POINT('Origin',(6.82,12.35,-8.32499798772));
#15047=CARTESIAN_POINT('',(7.12,12.2500000004,-8.3999979881));
#15048=CARTESIAN_POINT('',(6.82,12.1750000002,-8.32499798772));
#15049=CARTESIAN_POINT('',(7.12000000034,12.35,-8.39999798781));
#15050=CARTESIAN_POINT('Origin',(7.12,12.35,-8.49999798772));
#15051=CARTESIAN_POINT('',(7.12,12.2500000004,-8.49999798772));
#15052=CARTESIAN_POINT('Origin',(3.62,12.175,-3.29999798772));
#15053=CARTESIAN_POINT('Origin',(6.82,12.175,-8.49999798772));
#15054=CARTESIAN_POINT('Origin',(2.6,8.5,-8.8));
#15055=CARTESIAN_POINT('',(3.4,8.5,-10.73));
#15056=CARTESIAN_POINT('',(2.6,7.7,-10.7299999997));
#15057=CARTESIAN_POINT('Origin',(2.6,8.5,-10.7299999997));
#15058=CARTESIAN_POINT('',(2.6,9.3,-10.7299999997));
#15059=CARTESIAN_POINT('Origin',(2.60000000000019,8.49999999999979,-10.73));
#15060=CARTESIAN_POINT('',(2.6,9.3,-8.8));
#15061=CARTESIAN_POINT('',(2.6,9.3,-8.8));
#15062=CARTESIAN_POINT('Origin',(2.6,8.5,-8.8));
#15063=CARTESIAN_POINT('Origin',(2.6,8.5,-10.7299999997));
#15064=CARTESIAN_POINT('Origin',(2.6,8.5,-8.8));
#15065=CARTESIAN_POINT('',(2.6,9.75,-8.8));
#15066=CARTESIAN_POINT('Origin',(2.6,8.5,-8.8));
#15067=CARTESIAN_POINT('Origin',(3.60000000001157,8.49999999999725,-10.729999999989));
#15068=CARTESIAN_POINT('',(3.6,8.49999999999774,-10.93));
#15069=CARTESIAN_POINT('Origin',(3.60000000001157,8.49999999999725,-10.729999999989));
#15070=CARTESIAN_POINT('',(3.6,9.3,-11.73));
#15071=CARTESIAN_POINT('Origin',(3.6,8.49999999998003,-11.73000000002));
#15072=CARTESIAN_POINT('Origin',(3.6,8.49999999998003,-11.73000000002));
#15073=CARTESIAN_POINT('Origin',(2.6,8.5,-8.8));
#15074=CARTESIAN_POINT('',(2.6,9.75,-8.8));
#15075=CARTESIAN_POINT('Origin',(7.10013753365,8.5,-11.73));
#15076=CARTESIAN_POINT('',(6.8001375336615,9.3,-11.73));
#15077=CARTESIAN_POINT('',(7.10013753365,9.3,-11.73));
#15078=CARTESIAN_POINT('Origin',(6.8001375334765,8.499999999815,-11.73));
#15079=CARTESIAN_POINT('Origin',(6.80013753376,8.5,-11.73));
#15080=CARTESIAN_POINT('',(7.10013753368263,8.99999999999064,-11.73));
#15081=CARTESIAN_POINT('',(6.80013753376,9.299999999913,-11.73));
#15082=CARTESIAN_POINT('Origin',(7.10013753368,8.5,-11.73));
#15083=CARTESIAN_POINT('Origin',(7.10013753365,8.5,-11.73));
#15084=CARTESIAN_POINT('Origin',(2.6,8.5,-6.15002798767));
#15085=CARTESIAN_POINT('',(2.6,7.40000000005,-6.00002798765));
#15086=CARTESIAN_POINT('',(2.6,7.25000000003,-6.15002798767));
#15087=CARTESIAN_POINT('Origin',(2.6,8.5,-6.00002798765));
#15088=CARTESIAN_POINT('Origin',(2.6,8.5,-6.00002798772));
#15089=CARTESIAN_POINT('',(2.6,7.55,-6.00002798735));
#15090=CARTESIAN_POINT('Origin',(2.6,8.5,-6.00002798772));
#15091=CARTESIAN_POINT('Origin',(2.6,8.5,-16.4000279877));
#15092=CARTESIAN_POINT('',(2.6,7.55,-5.3000279881));
#15093=CARTESIAN_POINT('',(2.6,7.55,-16.4000279877));
#15094=CARTESIAN_POINT('',(2.475,7.55825958991,-5.3000279881));
#15095=CARTESIAN_POINT('Origin',(2.6,8.5,-5.3000279881));
#15096=CARTESIAN_POINT('',(2.475,7.55825958991,-3.8000279881));
#15097=CARTESIAN_POINT('',(2.475,7.55825958991,-16.4000279885));
#15098=CARTESIAN_POINT('',(1.65825958991,8.375,-3.8000279881));
#15099=CARTESIAN_POINT('Origin',(2.6,8.5,-3.8000279881));
#15100=CARTESIAN_POINT('',(1.65825958991,8.375,-5.3000279881));
#15101=CARTESIAN_POINT('',(1.65825958991,8.375,-16.4000279885));
#15102=CARTESIAN_POINT('',(1.65825958991,8.625,-5.3000279881));
#15103=CARTESIAN_POINT('Origin',(2.6,8.5,-5.3000279881));
#15104=CARTESIAN_POINT('',(1.65825958991,8.625,-3.8000279881));
#15105=CARTESIAN_POINT('',(1.65825958991,8.625,-16.4000279885));
#15106=CARTESIAN_POINT('',(2.475,9.44174041009,-3.8000279881));
#15107=CARTESIAN_POINT('Origin',(2.6,8.5,-3.8000279881));
#15108=CARTESIAN_POINT('',(2.475,9.44174041009,-5.3000279881));
#15109=CARTESIAN_POINT('',(2.475,9.44174041009,-16.4000279885));
#15110=CARTESIAN_POINT('',(2.725,9.44174041009,-5.3000279881));
#15111=CARTESIAN_POINT('Origin',(2.60000000000002,8.50000000000031,-5.30002798790949));
#15112=CARTESIAN_POINT('',(2.725,9.44174041009,-3.8000279881));
#15113=CARTESIAN_POINT('',(2.725,9.44174041009,-16.4000279885));
#15114=CARTESIAN_POINT('',(3.54174041009,8.625,-3.8000279881));
#15115=CARTESIAN_POINT('Origin',(2.6,8.5,-3.8000279881));
#15116=CARTESIAN_POINT('',(3.54174041009,8.625,-5.3000279881));
#15117=CARTESIAN_POINT('',(3.54174041009,8.625,-16.4000279885));
#15118=CARTESIAN_POINT('',(3.54174041009,8.375,-5.3000279881));
#15119=CARTESIAN_POINT('Origin',(2.6,8.5,-5.3000279881));
#15120=CARTESIAN_POINT('',(3.54174041009,8.375,-3.8000279881));
#15121=CARTESIAN_POINT('',(3.54174041009,8.375,-16.4000279885));
#15122=CARTESIAN_POINT('',(2.725,7.55825958991,-3.8000279881));
#15123=CARTESIAN_POINT('Origin',(2.6,8.5,-3.8000279881));
#15124=CARTESIAN_POINT('',(2.725,7.55825958991,-5.3000279881));
#15125=CARTESIAN_POINT('',(2.725,7.55825958991,-16.4000279885));
#15126=CARTESIAN_POINT('Origin',(2.6,8.5,-5.3000279881));
#15127=CARTESIAN_POINT('Origin',(2.6,8.5,-5.30002798772));
#15128=CARTESIAN_POINT('',(2.725,8.375,-5.30002798772));
#15129=CARTESIAN_POINT('',(2.725,7.9666297948,-5.30002798772));
#15130=CARTESIAN_POINT('',(3.1333702052,8.375,-5.30002798772));
#15131=CARTESIAN_POINT('',(2.725,8.625,-5.30002798772));
#15132=CARTESIAN_POINT('',(3.1333702052,8.625,-5.30002798772));
#15133=CARTESIAN_POINT('',(2.725,9.0333702052,-5.30002798772));
#15134=CARTESIAN_POINT('',(2.475,8.625,-5.30002798772));
#15135=CARTESIAN_POINT('',(2.475,9.0333702052,-5.30002798772));
#15136=CARTESIAN_POINT('',(2.0666297948,8.625,-5.30002798772));
#15137=CARTESIAN_POINT('',(2.475,8.375,-5.30002798772));
#15138=CARTESIAN_POINT('',(2.0666297948,8.375,-5.30002798772));
#15139=CARTESIAN_POINT('',(2.475,7.9666297948,-5.30002798772));
#15140=CARTESIAN_POINT('Origin',(2.725,5.24063366012,5.19997201228));
#15141=CARTESIAN_POINT('',(2.72500009207762,9.56688319532675,-1.5792694782751));
#15142=CARTESIAN_POINT('Ctrl Pts',(2.725,9.56688320556,-1.57926947883));
#15143=CARTESIAN_POINT('Ctrl Pts',(2.725,9.54187771453,-2.02342247984));
#15144=CARTESIAN_POINT('Ctrl Pts',(2.725,9.51686201255,-2.46757490625));
#15145=CARTESIAN_POINT('Ctrl Pts',(2.725,9.49183477692,-2.91172668367));
#15146=CARTESIAN_POINT('Ctrl Pts',(2.725,9.4667946835,-3.3558777357));
#15147=CARTESIAN_POINT('Ctrl Pts',(2.725,9.4417404096,-3.80002798772));
#15148=CARTESIAN_POINT('',(2.72500000038,8.625,-0.810239341846));
#15149=CARTESIAN_POINT('',(2.725,8.6249999992,-3.05513366478));
#15150=CARTESIAN_POINT('Ctrl Pts',(2.725,8.62500000007108,-0.810239340983097));
#15151=CARTESIAN_POINT('Ctrl Pts',(2.725,8.65030181091503,-0.812323565712542));
#15152=CARTESIAN_POINT('Ctrl Pts',(2.725,8.67553950255861,-0.815049512305264));
#15153=CARTESIAN_POINT('Ctrl Pts',(2.725,8.72786213795072,-0.822056803952553));
#15154=CARTESIAN_POINT('Ctrl Pts',(2.725,8.75495593055384,-0.826448609807112));
#15155=CARTESIAN_POINT('Ctrl Pts',(2.725,8.83480070859265,-0.841702784839257));
#15156=CARTESIAN_POINT('Ctrl Pts',(2.72500000000003,8.88743396155588,-0.8547901462317));
#15157=CARTESIAN_POINT('Ctrl Pts',(2.72500000000003,9.07690374159134,-0.914308598848095));
#15158=CARTESIAN_POINT('Ctrl Pts',(2.72500000000072,9.17890049627015,-0.971076557128315));
#15159=CARTESIAN_POINT('Ctrl Pts',(2.72500000000072,9.35836505701685,-1.09451181711647));
#15160=CARTESIAN_POINT('Ctrl Pts',(2.725,9.42641536940757,-1.17240889540691));
#15161=CARTESIAN_POINT('Ctrl Pts',(2.725,9.50597530082126,-1.29407161541691));
#15162=CARTESIAN_POINT('Ctrl Pts',(2.725,9.5326044398761,-1.35062494369083));
#15163=CARTESIAN_POINT('Ctrl Pts',(2.725,9.56385280372961,-1.46619863625627));
#15164=CARTESIAN_POINT('Ctrl Pts',(2.725,9.57003540070327,-1.522780402978));
#15165=CARTESIAN_POINT('Ctrl Pts',(2.725,9.56688155207232,-1.57926938653021));
#15166=CARTESIAN_POINT('Origin',(2.6,8.5,-1.57926956998));
#15167=CARTESIAN_POINT('',(3.66688320351651,8.62500001314882,-1.57926947897661));
#15168=CARTESIAN_POINT('Origin',(2.6,8.5,-1.57926956954));
#15169=CARTESIAN_POINT('Ctrl Pts',(3.54174041009,8.625,-3.80002798769));
#15170=CARTESIAN_POINT('Ctrl Pts',(3.58241493268,8.625,-3.07896939436));
#15171=CARTESIAN_POINT('Ctrl Pts',(3.62429927938,8.625,-2.33565726699));
#15172=CARTESIAN_POINT('Ctrl Pts',(3.6668848159,8.625,-1.57926956953));
#15173=CARTESIAN_POINT('Origin',(5.82102085352,8.625,5.19997201228));
#15174=CARTESIAN_POINT('Ctrl Pts',(3.6668815520588,8.625,-1.57926938677372));
#15175=CARTESIAN_POINT('Ctrl Pts',(3.67002984726684,8.625,-1.5228798718348));
#15176=CARTESIAN_POINT('Ctrl Pts',(3.6638744739063,8.625,-1.46639678914271));
#15177=CARTESIAN_POINT('Ctrl Pts',(3.63274796725374,8.625,-1.35102533982338));
#15178=CARTESIAN_POINT('Ctrl Pts',(3.60622606654882,8.625,-1.29456761807473));
#15179=CARTESIAN_POINT('Ctrl Pts',(3.53513361390896,8.625,-1.1856205316453));
#15180=CARTESIAN_POINT('Ctrl Pts',(3.47091211228213,8.625,-1.10330912120623));
#15181=CARTESIAN_POINT('Ctrl Pts',(3.27969087035243,8.625,-0.971520354873778));
#15182=CARTESIAN_POINT('Ctrl Pts',(3.17755380708942,8.62500000000002,-0.914554679730274));
#15183=CARTESIAN_POINT('Ctrl Pts',(2.98775175984607,8.62500000000002,-0.854874484376084));
#15184=CARTESIAN_POINT('Ctrl Pts',(2.93508593510612,8.62499999999999,-0.841766927833772));
#15185=CARTESIAN_POINT('Ctrl Pts',(2.85516082244836,8.62499999999999,-0.826482873743588));
#15186=CARTESIAN_POINT('Ctrl Pts',(2.82801916585275,8.625,-0.822079881692368));
#15187=CARTESIAN_POINT('Ctrl Pts',(2.77560908440032,8.625,-0.815056943283797));
#15188=CARTESIAN_POINT('Ctrl Pts',(2.75034166822282,8.625,-0.812326848945939));
#15189=CARTESIAN_POINT('Ctrl Pts',(2.72500000044852,8.625,-0.810239341014188));
#15190=CARTESIAN_POINT('Origin',(5.82102085352,8.375,5.19997201228));
#15191=CARTESIAN_POINT('',(2.72499999986673,8.37499999959994,-0.810239341556607));
#15192=CARTESIAN_POINT('',(2.72500000038,8.375,-3.05513366478));
#15193=CARTESIAN_POINT('',(3.66688319571887,8.374999907948,-1.57926947835746));
#15194=CARTESIAN_POINT('Ctrl Pts',(3.66688155206956,8.375,-1.57926938659052));
#15195=CARTESIAN_POINT('Ctrl Pts',(3.67002991569604,8.375,-1.52287864573777));
#15196=CARTESIAN_POINT('Ctrl Pts',(3.66387420721072,8.375,-1.46639434713508));
#15197=CARTESIAN_POINT('Ctrl Pts',(3.63274620411032,8.375,-1.35102041954698));
#15198=CARTESIAN_POINT('Ctrl Pts',(3.60622299218415,8.375,-1.29456153222001));
#15199=CARTESIAN_POINT('Ctrl Pts',(3.53512744710392,8.375,-1.18561256548605));
#15200=CARTESIAN_POINT('Ctrl Pts',(3.47090417726343,8.375,-1.10330163446869));
#15201=CARTESIAN_POINT('Ctrl Pts',(3.27968031601609,8.375,-0.971514294242958));
#15202=CARTESIAN_POINT('Ctrl Pts',(3.17754287281116,8.37499999999998,-0.914549925514588));
#15203=CARTESIAN_POINT('Ctrl Pts',(2.98774073603748,8.37499999999998,-0.854871507370562));
#15204=CARTESIAN_POINT('Ctrl Pts',(2.93507485681905,8.37500000000001,-0.841764384769422));
#15205=CARTESIAN_POINT('Ctrl Pts',(2.85515189847381,8.37500000000001,-0.826481383475117));
#15206=CARTESIAN_POINT('Ctrl Pts',(2.8280124652323,8.375,-0.822078900022911));
#15207=CARTESIAN_POINT('Ctrl Pts',(2.77560609585766,8.375,-0.815056620396857));
#15208=CARTESIAN_POINT('Ctrl Pts',(2.75034016973429,8.375,-0.812326725500303));
#15209=CARTESIAN_POINT('Ctrl Pts',(2.72499999991498,8.375,-0.810239340970789));
#15210=CARTESIAN_POINT('Ctrl Pts',(3.54174041078,8.375,-3.80002798772));
#15211=CARTESIAN_POINT('Ctrl Pts',(3.56679468122,8.375,-3.35587773548));
#15212=CARTESIAN_POINT('Ctrl Pts',(3.59183471678,8.375,-2.91172668018));
#15213=CARTESIAN_POINT('Ctrl Pts',(3.61685704897,8.375,-2.46757462716));
#15214=CARTESIAN_POINT('Ctrl Pts',(3.64188193545,8.375,-2.02342271681));
#15215=CARTESIAN_POINT('Ctrl Pts',(3.66688320674,8.375,-1.57926947883));
#15216=CARTESIAN_POINT('Origin',(2.6,8.5,-1.57926957027));
#15217=CARTESIAN_POINT('',(2.72500001316003,7.43311679649368,-1.57926947915725));
#15218=CARTESIAN_POINT('Origin',(2.6,8.5,-1.57926956973));
#15219=CARTESIAN_POINT('Ctrl Pts',(2.725,7.55825958989,-3.80002798738));
#15220=CARTESIAN_POINT('Ctrl Pts',(2.725,7.51758506733,-3.07896939438));
#15221=CARTESIAN_POINT('Ctrl Pts',(2.725,7.47570072063,-2.33565726703));
#15222=CARTESIAN_POINT('Ctrl Pts',(2.725,7.43311518411,-1.57926956973));
#15223=CARTESIAN_POINT('Origin',(2.725,5.24063366012,5.19997201228));
#15224=CARTESIAN_POINT('Ctrl Pts',(2.725,7.43311844795284,-1.57926938695427));
#15225=CARTESIAN_POINT('Ctrl Pts',(2.725,7.42997015274562,-1.52287987236997));
#15226=CARTESIAN_POINT('Ctrl Pts',(2.725,7.43612552597951,-1.46639679004749));
#15227=CARTESIAN_POINT('Ctrl Pts',(2.725,7.46725203214061,-1.35102534148749));
#15228=CARTESIAN_POINT('Ctrl Pts',(2.725,7.4937739324188,-1.29456762011617));
#15229=CARTESIAN_POINT('Ctrl Pts',(2.725,7.56486638401646,-1.18562053434065));
#15230=CARTESIAN_POINT('Ctrl Pts',(2.725,7.62908788506324,-1.10330912371978));
#15231=CARTESIAN_POINT('Ctrl Pts',(2.725,7.82030912600377,-0.971520356978049));
#15232=CARTESIAN_POINT('Ctrl Pts',(2.72500000000002,7.92244618884841,-0.914554681557602));
#15233=CARTESIAN_POINT('Ctrl Pts',(2.72500000000002,8.11224823597932,-0.854874485483885));
#15234=CARTESIAN_POINT('Ctrl Pts',(2.72499999999999,8.16491406116883,-0.84176692867175));
#15235=CARTESIAN_POINT('Ctrl Pts',(2.72499999999999,8.24483917482337,-0.826482874202674));
#15236=CARTESIAN_POINT('Ctrl Pts',(2.725,8.27198083196724,-0.822079882015968));
#15237=CARTESIAN_POINT('Ctrl Pts',(2.725,8.32439091437127,-0.815056943420875));
#15238=CARTESIAN_POINT('Ctrl Pts',(2.725,8.34965833137296,-0.812326848979832));
#15239=CARTESIAN_POINT('Ctrl Pts',(2.725,8.37499999955528,-0.810239341014426));
#15240=CARTESIAN_POINT('Origin',(2.475,5.24063366012,5.19997201228));
#15241=CARTESIAN_POINT('',(2.47500000038,8.375,-0.810239341846));
#15242=CARTESIAN_POINT('',(2.475,8.3749999992,-3.05513366478));
#15243=CARTESIAN_POINT('',(2.47500001314928,7.43311692728065,-1.5792719124887));
#15244=CARTESIAN_POINT('Ctrl Pts',(2.475,7.43311858378768,-1.579271819996));
#15245=CARTESIAN_POINT('Ctrl Pts',(2.475,7.42996993698834,-1.5228808184234));
#15246=CARTESIAN_POINT('Ctrl Pts',(2.475,7.43612546169341,-1.46639621173566));
#15247=CARTESIAN_POINT('Ctrl Pts',(2.475,7.46725328163769,-1.35102161770893));
#15248=CARTESIAN_POINT('Ctrl Pts',(2.475,7.49377650973909,-1.29456240695575));
#15249=CARTESIAN_POINT('Ctrl Pts',(2.475,7.56487203098361,-1.18561324485549));
#15250=CARTESIAN_POINT('Ctrl Pts',(2.475,7.62909511705215,-1.10330231631617));
#15251=CARTESIAN_POINT('Ctrl Pts',(2.475,7.8203180920964,-0.971515273754723));
#15252=CARTESIAN_POINT('Ctrl Pts',(2.47499999999998,7.92245445460605,-0.914551300875742));
#15253=CARTESIAN_POINT('Ctrl Pts',(2.47499999999998,8.11225497912259,-0.854872655771207));
#15254=CARTESIAN_POINT('Ctrl Pts',(2.47500000000001,8.16492104301297,-0.84176531811106));
#15255=CARTESIAN_POINT('Ctrl Pts',(2.47500000000001,8.24484470120437,-0.826481957672067));
#15256=CARTESIAN_POINT('Ctrl Pts',(2.475,8.27198464999836,-0.822079330970549));
#15257=CARTESIAN_POINT('Ctrl Pts',(2.475,8.32439232064171,-0.815056791483943));
#15258=CARTESIAN_POINT('Ctrl Pts',(2.475,8.34965903661642,-0.812326790879322));
#15259=CARTESIAN_POINT('Ctrl Pts',(2.475,8.37499999992898,-0.810239340983842));
#15260=CARTESIAN_POINT('Ctrl Pts',(2.475,7.55825959066,-3.80002798772));
#15261=CARTESIAN_POINT('Ctrl Pts',(2.475,7.53320534767,-3.35587822208));
#15262=CARTESIAN_POINT('Ctrl Pts',(2.475,7.50816533952,-2.91172765337));
#15263=CARTESIAN_POINT('Ctrl Pts',(2.475,7.48313816697,-2.46757635936));
#15264=CARTESIAN_POINT('Ctrl Pts',(2.475,7.45812171824,-2.02342446522));
#15265=CARTESIAN_POINT('Ctrl Pts',(2.475,7.43311527664,-1.57927200458));
#15266=CARTESIAN_POINT('Origin',(2.6,8.5,-1.57927200396));
#15267=CARTESIAN_POINT('',(1.53311693003507,8.37500000000645,-1.57927191170006));
#15268=CARTESIAN_POINT('Origin',(2.6,8.5,-1.57927200442));
#15269=CARTESIAN_POINT('Ctrl Pts',(1.53311529872,8.375,-1.57927200341));
#15270=CARTESIAN_POINT('Ctrl Pts',(1.57569966601,8.375,-2.33563688195));
#15271=CARTESIAN_POINT('Ctrl Pts',(1.61758502083,8.375,-3.07896857171));
#15272=CARTESIAN_POINT('Ctrl Pts',(1.65825958989,8.375,-3.80002798739));
#15273=CARTESIAN_POINT('Origin',(5.82102085352,8.375,5.19997201228));
#15274=CARTESIAN_POINT('Ctrl Pts',(2.47500000030642,8.375,-0.81023934095275));
#15275=CARTESIAN_POINT('Ctrl Pts',(2.44969078738723,8.375,-0.81232417541821));
#15276=CARTESIAN_POINT('Ctrl Pts',(2.42445566645016,8.375,-0.815049948490445));
#15277=CARTESIAN_POINT('Ctrl Pts',(2.37212074345431,8.375,-0.822059324320465));
#15278=CARTESIAN_POINT('Ctrl Pts',(2.34502201310118,8.37500000000001,-0.826452301053246));
#15279=CARTESIAN_POINT('Ctrl Pts',(2.26516985689965,8.37500000000001,-0.841709436189658));
#15280=CARTESIAN_POINT('Ctrl Pts',(2.21253414921978,8.37499999999997,-0.854798639969733));
#15281=CARTESIAN_POINT('Ctrl Pts',(2.02304008045322,8.37499999999997,-0.914330341189237));
#15282=CARTESIAN_POINT('Ctrl Pts',(1.92103297392781,8.37499999999946,-0.97111387954926));
#15283=CARTESIAN_POINT('Ctrl Pts',(1.7415778128825,8.37499999999946,-1.0945637665972));
#15284=CARTESIAN_POINT('Ctrl Pts',(1.67354072568214,8.375,-1.17246360277657));
#15285=CARTESIAN_POINT('Ctrl Pts',(1.59400334686067,8.375,-1.29411369461103));
#15286=CARTESIAN_POINT('Ctrl Pts',(1.56738310779101,8.375,-1.35065940758514));
#15287=CARTESIAN_POINT('Ctrl Pts',(1.53614506130132,8.375,-1.46621696888349));
#15288=CARTESIAN_POINT('Ctrl Pts',(1.52996491312716,8.375,-1.52279084182125));
#15289=CARTESIAN_POINT('Ctrl Pts',(1.53311858375658,8.375,-1.57927181936291));
#15290=CARTESIAN_POINT('Origin',(5.82102085352,8.625,5.19997201228));
#15291=CARTESIAN_POINT('',(1.53311692728084,8.62499998684523,-1.57927191244853));
#15292=CARTESIAN_POINT('Ctrl Pts',(1.53311527595,8.625,-1.57927200458));
#15293=CARTESIAN_POINT('Ctrl Pts',(1.55812207122,8.625,-2.02342444435));
#15294=CARTESIAN_POINT('Ctrl Pts',(1.58313824212,8.625,-2.46757635638));
#15295=CARTESIAN_POINT('Ctrl Pts',(1.60816544702,8.625,-2.91172764735));
#15296=CARTESIAN_POINT('Ctrl Pts',(1.63320534352,8.625,-3.35587822232));
#15297=CARTESIAN_POINT('Ctrl Pts',(1.65825958997,8.625,-3.80002798772));
#15298=CARTESIAN_POINT('',(2.475000000103,8.6249999997588,-0.810239341249528));
#15299=CARTESIAN_POINT('',(2.47500000038,8.625,-3.05513366478));
#15300=CARTESIAN_POINT('Ctrl Pts',(2.4750000000801,8.625,-0.810239340971572));
#15301=CARTESIAN_POINT('Ctrl Pts',(2.44969660405471,8.625,-0.812323696277293));
#15302=CARTESIAN_POINT('Ctrl Pts',(2.42445733502267,8.625,-0.815049853877507));
#15303=CARTESIAN_POINT('Ctrl Pts',(2.37213158029379,8.625,-0.822057733769144));
#15304=CARTESIAN_POINT('Ctrl Pts',(2.34503624028629,8.62499999999999,-0.826449923955358));
#15305=CARTESIAN_POINT('Ctrl Pts',(2.26518899012952,8.62499999999999,-0.841705109956291));
#15306=CARTESIAN_POINT('Ctrl Pts',(2.21255481015767,8.62500000000003,-0.85479313415827));
#15307=CARTESIAN_POINT('Ctrl Pts',(2.02308990128633,8.62500000000003,-0.914312044401164));
#15308=CARTESIAN_POINT('Ctrl Pts',(1.92109655988145,8.62500000000071,-0.971078456250841));
#15309=CARTESIAN_POINT('Ctrl Pts',(1.74163414628527,8.62500000000071,-1.09451255337197));
#15310=CARTESIAN_POINT('Ctrl Pts',(1.67358404481431,8.625,-1.17240963205339));
#15311=CARTESIAN_POINT('Ctrl Pts',(1.59402417988157,8.625,-1.29407253004557));
#15312=CARTESIAN_POINT('Ctrl Pts',(1.567395033211,8.625,-1.35062617402268));
#15313=CARTESIAN_POINT('Ctrl Pts',(1.53614686264725,8.625,-1.46620051701089));
#15314=CARTESIAN_POINT('Ctrl Pts',(1.52996445196943,8.625,-1.52278258379524));
#15315=CARTESIAN_POINT('Ctrl Pts',(1.5331185837865,8.625,-1.57927181995592));
#15316=CARTESIAN_POINT('Origin',(2.6,8.5,-1.57927200385));
#15317=CARTESIAN_POINT('',(2.47499999997375,9.56688306981408,-1.57927191171572));
#15318=CARTESIAN_POINT('Ctrl Pts',(2.475,9.56688470127,-1.57927200359));
#15319=CARTESIAN_POINT('Ctrl Pts',(2.475,9.52430067543,-2.33563024257));
#15320=CARTESIAN_POINT('Ctrl Pts',(2.475,9.48241497916,-3.07896857188));
#15321=CARTESIAN_POINT('Ctrl Pts',(2.475,9.4417404101,-3.80002798758));
#15322=CARTESIAN_POINT('Origin',(2.6,8.5,-1.57927200438));
#15323=CARTESIAN_POINT('Origin',(2.475,5.24063366012,5.19997201228));
#15324=CARTESIAN_POINT('Ctrl Pts',(2.475,8.62499999978263,-0.810239340960264));
#15325=CARTESIAN_POINT('Ctrl Pts',(2.475,8.65030588738408,-0.812323901505985));
#15326=CARTESIAN_POINT('Ctrl Pts',(2.475,8.67554763574202,-0.815050390777634));
#15327=CARTESIAN_POINT('Ctrl Pts',(2.475,8.72787925554847,-0.822059324172577));
#15328=CARTESIAN_POINT('Ctrl Pts',(2.47500000000001,8.75497798571111,-0.826452300853848));
#15329=CARTESIAN_POINT('Ctrl Pts',(2.47500000000001,8.83483014153138,-0.841709435838286));
#15330=CARTESIAN_POINT('Ctrl Pts',(2.47499999999997,8.88746584902096,-0.854798639504286));
#15331=CARTESIAN_POINT('Ctrl Pts',(2.47499999999997,9.07695991566353,-0.91433033973785));
#15332=CARTESIAN_POINT('Ctrl Pts',(2.47499999999946,9.17896702121727,-0.971113876843442));
#15333=CARTESIAN_POINT('Ctrl Pts',(2.47499999999946,9.35842218279637,-1.09456376266305));
#15334=CARTESIAN_POINT('Ctrl Pts',(2.475,9.42645927097828,-1.17246359860218));
#15335=CARTESIAN_POINT('Ctrl Pts',(2.475,9.50599665153937,-1.29411369145018));
#15336=CARTESIAN_POINT('Ctrl Pts',(2.475,9.53261689129003,-1.35065940504528));
#15337=CARTESIAN_POINT('Ctrl Pts',(2.475,9.56385493854788,-1.46621696762261));
#15338=CARTESIAN_POINT('Ctrl Pts',(2.475,9.57003508690372,-1.52279084123714));
#15339=CARTESIAN_POINT('Ctrl Pts',(2.475,9.56688141623986,-1.57927181938678));
#15340=CARTESIAN_POINT('Ctrl Pts',(2.71633860431,9.56786074712,-1.57926938703));
#15341=CARTESIAN_POINT('Ctrl Pts',(3.23921174446,9.5108960806,-1.57926938703));
#15342=CARTESIAN_POINT('Ctrl Pts',(3.61107462586,9.13892929262,-1.57926938703));
#15343=CARTESIAN_POINT('Ctrl Pts',(3.66789320844,8.61604025793,-1.57926938703));
#15344=CARTESIAN_POINT('Ctrl Pts',(2.71681900737,9.57227032015,-1.49927818821));
#15345=CARTESIAN_POINT('Ctrl Pts',(3.24185127483,9.51507042646,-1.49927818821));
#15346=CARTESIAN_POINT('Ctrl Pts',(3.615249709,9.14156765664,-1.49927818821));
#15347=CARTESIAN_POINT('Ctrl Pts',(3.67230291552,8.61651942901,-1.49927818821));
#15348=CARTESIAN_POINT('Ctrl Pts',(2.71372437651,9.54386500404,-1.32331752037));
#15349=CARTESIAN_POINT('Ctrl Pts',(3.22484811059,9.48818038222,-1.32331752037));
#15350=CARTESIAN_POINT('Ctrl Pts',(3.58835491543,9.12457200568,-1.32331752037));
#15351=CARTESIAN_POINT('Ctrl Pts',(3.64389673593,8.61343273422,-1.32331752037));
#15352=CARTESIAN_POINT('Ctrl Pts',(2.69289825999,9.35270410375,-1.06650141345));
#15353=CARTESIAN_POINT('Ctrl Pts',(3.11042093189,9.30721689482,-1.06650141345));
#15354=CARTESIAN_POINT('Ctrl Pts',(3.40735946611,9.01019538951,-1.06650141345));
#15355=CARTESIAN_POINT('Ctrl Pts',(3.45273002464,8.59266002557,-1.06650141345));
#15356=CARTESIAN_POINT('Ctrl Pts',(2.65805789391,9.03290776811,-0.880103804094));
#15357=CARTESIAN_POINT('Ctrl Pts',(2.9189937499,9.00447998539,-0.880103804094));
#15358=CARTESIAN_POINT('Ctrl Pts',(3.10456908704,8.81885279446,-0.880103804094));
#15359=CARTESIAN_POINT('Ctrl Pts',(3.13292396769,8.55790900642,-0.880103804094));
#15360=CARTESIAN_POINT('Ctrl Pts',(2.63132578206,8.78753631031,-0.823005708447));
#15361=CARTESIAN_POINT('Ctrl Pts',(2.77211662383,8.77219778413,-0.823005708447));
#15362=CARTESIAN_POINT('Ctrl Pts',(2.87224585992,8.67204056975,-0.823005708447));
#15363=CARTESIAN_POINT('Ctrl Pts',(2.88754505098,8.53124544816,-0.823005708447));
#15364=CARTESIAN_POINT('Ctrl Pts',(2.61853744012,8.67015336203,-0.809593195353));
#15365=CARTESIAN_POINT('Ctrl Pts',(2.70185225711,8.6610765891,-0.809593195353));
#15366=CARTESIAN_POINT('Ctrl Pts',(2.76110503857,8.60180725112,-0.809593195353));
#15367=CARTESIAN_POINT('Ctrl Pts',(2.77015853443,8.51848990149,-0.809593195353));
#15368=CARTESIAN_POINT('Ctrl Pts',(2.61823372928,8.66736562971,-0.809282774324));
#15369=CARTESIAN_POINT('Ctrl Pts',(2.70018354586,8.6584375674,-0.809282774324));
#15370=CARTESIAN_POINT('Ctrl Pts',(2.75846555077,8.60013927723,-0.809282774324));
#15371=CARTESIAN_POINT('Ctrl Pts',(2.76737071736,8.5181869695,-0.809282774324));
#15372=CARTESIAN_POINT('Ctrl Pts',(3.66786074711,8.38366139569,-1.57926938722));
#15373=CARTESIAN_POINT('Ctrl Pts',(3.61089608059,7.86078825554,-1.57926938722));
#15374=CARTESIAN_POINT('Ctrl Pts',(3.2389292926,7.48892537414,-1.57926938722));
#15375=CARTESIAN_POINT('Ctrl Pts',(2.71604025791,7.43210679157,-1.57926938722));
#15376=CARTESIAN_POINT('Ctrl Pts',(3.67227032017,8.38318099263,-1.49927818835));
#15377=CARTESIAN_POINT('Ctrl Pts',(3.61507042648,7.85814872516,-1.49927818835));
#15378=CARTESIAN_POINT('Ctrl Pts',(3.24156765665,7.48475029097,-1.49927818835));
#15379=CARTESIAN_POINT('Ctrl Pts',(2.716519429,7.42769708446,-1.49927818835));
#15380=CARTESIAN_POINT('Ctrl Pts',(3.64386500409,8.3862756235,-1.32331752044));
#15381=CARTESIAN_POINT('Ctrl Pts',(3.58818038228,7.87515188937,-1.32331752044));
#15382=CARTESIAN_POINT('Ctrl Pts',(3.22457200571,7.51164508452,-1.32331752044));
#15383=CARTESIAN_POINT('Ctrl Pts',(2.71343273421,7.45610326402,-1.32331752044));
#15384=CARTESIAN_POINT('Ctrl Pts',(3.45270410376,8.40710174001,-1.06650141345));
#15385=CARTESIAN_POINT('Ctrl Pts',(3.40721689482,7.98957906811,-1.06650141345));
#15386=CARTESIAN_POINT('Ctrl Pts',(3.11019538951,7.69264053389,-1.06650141345));
#15387=CARTESIAN_POINT('Ctrl Pts',(2.69266002556,7.64726997535,-1.06650141345));
#15388=CARTESIAN_POINT('Ctrl Pts',(3.13290776812,8.44194210609,-0.880103804092));
#15389=CARTESIAN_POINT('Ctrl Pts',(3.10447998539,8.1810062501,-0.880103804092));
#15390=CARTESIAN_POINT('Ctrl Pts',(2.91885279445,7.99543091295,-0.880103804092));
#15391=CARTESIAN_POINT('Ctrl Pts',(2.65790900642,7.96707603231,-0.880103804092));
#15392=CARTESIAN_POINT('Ctrl Pts',(2.88753631032,8.46867421794,-0.823005708449));
#15393=CARTESIAN_POINT('Ctrl Pts',(2.87219778413,8.32788337617,-0.823005708449));
#15394=CARTESIAN_POINT('Ctrl Pts',(2.77204056975,8.22775414008,-0.823005708449));
#15395=CARTESIAN_POINT('Ctrl Pts',(2.63124544815,8.21245494902,-0.823005708449));
#15396=CARTESIAN_POINT('Ctrl Pts',(2.77015336204,8.48146255988,-0.809593195354));
#15397=CARTESIAN_POINT('Ctrl Pts',(2.7610765891,8.39814774289,-0.809593195354));
#15398=CARTESIAN_POINT('Ctrl Pts',(2.70180725112,8.33889496142,-0.809593195354));
#15399=CARTESIAN_POINT('Ctrl Pts',(2.61848990149,8.32984146556,-0.809593195354));
#15400=CARTESIAN_POINT('Ctrl Pts',(2.76736562971,8.48176627072,-0.809282774324));
#15401=CARTESIAN_POINT('Ctrl Pts',(2.7584375674,8.39981645414,-0.809282774324));
#15402=CARTESIAN_POINT('Ctrl Pts',(2.70013927723,8.34153444922,-0.809282774324));
#15403=CARTESIAN_POINT('Ctrl Pts',(2.6181869695,8.33262928263,-0.809282774324));
#15404=CARTESIAN_POINT('Ctrl Pts',(2.48366058751,7.43213947668,-1.5792718208));
#15405=CARTESIAN_POINT('Ctrl Pts',(1.96084646092,7.48909812157,-1.5792718208));
#15406=CARTESIAN_POINT('Ctrl Pts',(1.58900163929,7.8609990853,-1.5792718208));
#15407=CARTESIAN_POINT('Ctrl Pts',(1.53212192495,8.38382180505,-1.5792718208));
#15408=CARTESIAN_POINT('Ctrl Pts',(2.48318013587,7.42772948937,-1.49927992573));
#15409=CARTESIAN_POINT('Ctrl Pts',(1.95820692238,7.4849233587,-1.49927992573));
#15410=CARTESIAN_POINT('Ctrl Pts',(1.58482647798,7.85836017706,-1.49927992573));
#15411=CARTESIAN_POINT('Ctrl Pts',(1.52771186515,8.3833420192,-1.49927992573));
#15412=CARTESIAN_POINT('Ctrl Pts',(2.48627475123,7.45613445986,-1.32331835832));
#15413=CARTESIAN_POINT('Ctrl Pts',(1.97520833504,7.5118132356,-1.32331835832));
#15414=CARTESIAN_POINT('Ctrl Pts',(1.6117189213,7.87535752992,-1.32331835832));
#15415=CARTESIAN_POINT('Ctrl Pts',(1.55611730251,8.38643234619,-1.32331835832));
#15416=CARTESIAN_POINT('Ctrl Pts',(2.50710108299,7.64729596782,-1.06650141345));
#15417=CARTESIAN_POINT('Ctrl Pts',(2.08962548193,7.69277837409,-1.06650141345));
#15418=CARTESIAN_POINT('Ctrl Pts',(1.79270133142,7.98974735498,-1.06650141345));
#15419=CARTESIAN_POINT('Ctrl Pts',(1.74728195248,8.40722981782,-1.06650141345));
#15420=CARTESIAN_POINT('Ctrl Pts',(2.54194169548,7.96709227662,-0.880103804093));
#15421=CARTESIAN_POINT('Ctrl Pts',(2.28103525698,7.99551705786,-0.880103804093));
#15422=CARTESIAN_POINT('Ctrl Pts',(2.09546890911,8.18111142302,-0.880103804093));
#15423=CARTESIAN_POINT('Ctrl Pts',(2.06708351756,8.44202214987,-0.880103804093));
#15424=CARTESIAN_POINT('Ctrl Pts',(2.56867399717,8.21246372095,-0.823005706788));
#15425=CARTESIAN_POINT('Ctrl Pts',(2.42789903142,8.22780062727,-0.823005706788));
#15426=CARTESIAN_POINT('Ctrl Pts',(2.32777464808,8.32794012766,-0.823005706788));
#15427=CARTESIAN_POINT('Ctrl Pts',(2.31245899491,8.46871740723,-0.823005706788));
#15428=CARTESIAN_POINT('Ctrl Pts',(2.58146243027,8.32984666598,-0.809593193785));
#15429=CARTESIAN_POINT('Ctrl Pts',(2.49815701278,8.33892247983,-0.809593193785));
#15430=CARTESIAN_POINT('Ctrl Pts',(2.43890710631,8.39818133201,-0.809593193785));
#15431=CARTESIAN_POINT('Ctrl Pts',(2.42984386928,8.48148811874,-0.809593193785));
#15432=CARTESIAN_POINT('Ctrl Pts',(2.58176614401,8.33263440492,-0.809282772034));
#15433=CARTESIAN_POINT('Ctrl Pts',(2.49982557639,8.34156152348,-0.809282772034));
#15434=CARTESIAN_POINT('Ctrl Pts',(2.44154640183,8.39984949719,-0.809282772034));
#15435=CARTESIAN_POINT('Ctrl Pts',(2.43263165404,8.4817914116,-0.809282772034));
#15436=CARTESIAN_POINT('Ctrl Pts',(1.53213947668,8.6163394125,-1.57927182076));
#15437=CARTESIAN_POINT('Ctrl Pts',(1.58909812157,9.13915353909,-1.57927182076));
#15438=CARTESIAN_POINT('Ctrl Pts',(1.9609990853,9.51099836071,-1.57927182076));
#15439=CARTESIAN_POINT('Ctrl Pts',(2.48382180505,9.56787807505,-1.57927182076));
#15440=CARTESIAN_POINT('Ctrl Pts',(1.52772948938,8.61681986414,-1.4992799257));
#15441=CARTESIAN_POINT('Ctrl Pts',(1.58492335871,9.14179307762,-1.4992799257));
#15442=CARTESIAN_POINT('Ctrl Pts',(1.95836017707,9.51517352202,-1.4992799257));
#15443=CARTESIAN_POINT('Ctrl Pts',(2.4833420192,9.57228813484,-1.4992799257));
#15444=CARTESIAN_POINT('Ctrl Pts',(1.55613445987,8.61372524877,-1.32331835831));
#15445=CARTESIAN_POINT('Ctrl Pts',(1.61181323562,9.12479166496,-1.32331835831));
#15446=CARTESIAN_POINT('Ctrl Pts',(1.97535752993,9.48828107869,-1.32331835831));
#15447=CARTESIAN_POINT('Ctrl Pts',(2.48643234619,9.54388269748,-1.32331835831));
#15448=CARTESIAN_POINT('Ctrl Pts',(1.74729596783,8.59289891702,-1.06650141345));
#15449=CARTESIAN_POINT('Ctrl Pts',(1.7927783741,9.01037451808,-1.06650141345));
#15450=CARTESIAN_POINT('Ctrl Pts',(2.08974735499,9.30729866858,-1.06650141345));
#15451=CARTESIAN_POINT('Ctrl Pts',(2.50722981782,9.35271804752,-1.06650141345));
#15452=CARTESIAN_POINT('Ctrl Pts',(2.06709227662,8.55805830453,-0.880103804094));
#15453=CARTESIAN_POINT('Ctrl Pts',(2.09551705786,8.81896474303,-0.880103804094));
#15454=CARTESIAN_POINT('Ctrl Pts',(2.28111142302,9.00453109089,-0.880103804094));
#15455=CARTESIAN_POINT('Ctrl Pts',(2.54202214987,9.03291648244,-0.880103804094));
#15456=CARTESIAN_POINT('Ctrl Pts',(2.31246372096,8.53132600283,-0.823005706789));
#15457=CARTESIAN_POINT('Ctrl Pts',(2.32780062728,8.67210096858,-0.823005706789));
#15458=CARTESIAN_POINT('Ctrl Pts',(2.42794012766,8.77222535192,-0.823005706789));
#15459=CARTESIAN_POINT('Ctrl Pts',(2.56871740723,8.78754100509,-0.823005706789));
#15460=CARTESIAN_POINT('Ctrl Pts',(2.42984666599,8.51853756973,-0.809593193784));
#15461=CARTESIAN_POINT('Ctrl Pts',(2.43892247984,8.60184298721,-0.809593193784));
#15462=CARTESIAN_POINT('Ctrl Pts',(2.49818133202,8.66109289369,-0.809593193784));
#15463=CARTESIAN_POINT('Ctrl Pts',(2.58148811874,8.67015613071,-0.809593193784));
#15464=CARTESIAN_POINT('Ctrl Pts',(2.43263440493,8.51823385599,-0.809282772032));
#15465=CARTESIAN_POINT('Ctrl Pts',(2.44156152349,8.6001744236,-0.809282772032));
#15466=CARTESIAN_POINT('Ctrl Pts',(2.49984949719,8.65845359816,-0.809282772032));
#15467=CARTESIAN_POINT('Ctrl Pts',(2.5817914116,8.66736834595,-0.809282772032));
#15468=UNCERTAINTY_MEASURE_WITH_UNIT(LENGTH_MEASURE(0.01),#15472,
'DISTANCE_ACCURACY_VALUE',
'Maximum model space distance between geometric entities at asserted c
onnectivities');
#15469=UNCERTAINTY_MEASURE_WITH_UNIT(LENGTH_MEASURE(0.01),#15472,
'DISTANCE_ACCURACY_VALUE',
'Maximum model space distance between geometric entities at asserted c
onnectivities');
#15470=(
GEOMETRIC_REPRESENTATION_CONTEXT(3)
GLOBAL_UNCERTAINTY_ASSIGNED_CONTEXT((#15468))
GLOBAL_UNIT_ASSIGNED_CONTEXT((#15472,#15474,#15475))
REPRESENTATION_CONTEXT('','3D')
);
#15471=(
GEOMETRIC_REPRESENTATION_CONTEXT(3)
GLOBAL_UNCERTAINTY_ASSIGNED_CONTEXT((#15469))
GLOBAL_UNIT_ASSIGNED_CONTEXT((#15472,#15474,#15475))
REPRESENTATION_CONTEXT('','3D')
);
#15472=(
LENGTH_UNIT()
NAMED_UNIT(*)
SI_UNIT(.MILLI.,.METRE.)
);
#15473=(
LENGTH_UNIT()
NAMED_UNIT(*)
SI_UNIT($,.METRE.)
);
#15474=(
NAMED_UNIT(*)
PLANE_ANGLE_UNIT()
SI_UNIT($,.RADIAN.)
);
#15475=(
NAMED_UNIT(*)
SI_UNIT($,.STERADIAN.)
SOLID_ANGLE_UNIT()
);
#15476=SHAPE_DEFINITION_REPRESENTATION(#15477,#15478);
#15477=PRODUCT_DEFINITION_SHAPE('',$,#15480);
#15478=SHAPE_REPRESENTATION('',(#9104),#15470);
#15479=PRODUCT_DEFINITION_CONTEXT('part definition',#15484,'design');
#15480=PRODUCT_DEFINITION('XT30PW 2+2-M',
'METUPowerLab_Connectors_PowerConnectors_XT30(2+2)PW-M v3',#15481,#15479);
#15481=PRODUCT_DEFINITION_FORMATION('',$,#15486);
#15482=PRODUCT_RELATED_PRODUCT_CATEGORY(
'METUPowerLab_Connectors_PowerConnectors_XT30(2+2)PW-M v3',
'METUPowerLab_Connectors_PowerConnectors_XT30(2+2)PW-M v3',(#15486));
#15483=APPLICATION_PROTOCOL_DEFINITION('international standard',
'automotive_design',2009,#15484);
#15484=APPLICATION_CONTEXT(
'Core Data for Automotive Mechanical Design Process');
#15485=PRODUCT_CONTEXT('part definition',#15484,'mechanical');
#15486=PRODUCT('XT30PW 2+2-M',
'METUPowerLab_Connectors_PowerConnectors_XT30(2+2)PW-M v3',
'CATIA V5 STEP Exchange',(#15485));
#15487=PRESENTATION_STYLE_ASSIGNMENT((#15490));
#15488=PRESENTATION_STYLE_ASSIGNMENT((#15491));
#15489=PRESENTATION_STYLE_ASSIGNMENT((#15492));
#15490=SURFACE_STYLE_USAGE(.BOTH.,#15493);
#15491=SURFACE_STYLE_USAGE(.BOTH.,#15494);
#15492=SURFACE_STYLE_USAGE(.BOTH.,#15495);
#15493=SURFACE_SIDE_STYLE('',(#15496));
#15494=SURFACE_SIDE_STYLE('',(#15497));
#15495=SURFACE_SIDE_STYLE('',(#15498));
#15496=SURFACE_STYLE_FILL_AREA(#15499);
#15497=SURFACE_STYLE_FILL_AREA(#15500);
#15498=SURFACE_STYLE_FILL_AREA(#15501);
#15499=FILL_AREA_STYLE('Steel - Satin',(#15502));
#15500=FILL_AREA_STYLE(
'EPX 150 - Air Baked (with Carbon M2 M3 L1 3D Printers)',(#15503));
#15501=FILL_AREA_STYLE('Polymide (Kapton)',(#15504));
#15502=FILL_AREA_STYLE_COLOUR('Steel - Satin',#15505);
#15503=FILL_AREA_STYLE_COLOUR(
'EPX 150 - Air Baked (with Carbon M2 M3 L1 3D Printers)',#15506);
#15504=FILL_AREA_STYLE_COLOUR('Polymide (Kapton)',#15507);
#15505=COLOUR_RGB('Steel - Satin',0.627450980392157,0.627450980392157,0.627450980392157);
#15506=COLOUR_RGB(
'EPX 150 - Air Baked (with Carbon M2 M3 L1 3D Printers)',0.247058823529412,
0.247058823529412,0.247058823529412);
#15507=COLOUR_RGB('Polymide (Kapton)',0.784313725490196,0.556862745098039,
0.0274509803921569);
ENDSEC;
END-ISO-10303-21;
