ISO-10303-21;
HEADER;
/* Generated by software containing ST-Developer
 * from STEP Tools, Inc. (www.steptools.com) 
 */

FILE_DESCRIPTION(
/* description */ ('STEP AP242'),
/* implementation_level */ '2;1');

FILE_NAME(
/* name */ 'METUPowerLab_Connectors_PowerConnectors_2157601002_.step',
/* time_stamp */ '2025-07-17T11:03:36+03:00',
/* author */ (''),
/* organization */ (''),
/* preprocessor_version */ 'ST-DEVELOPER v20.1',
/* originating_system */ 'Autodesk Translation Framework v14.10.0.0',
/* authorisation */ '');

FILE_SCHEMA (('AUTOMOTIVE_DESIGN { 1 0 10303 214 3 1 1 }'));
ENDSEC;

DATA;
#10=MECHANICAL_DESIGN_GEOMETRIC_PRESENTATION_REPRESENTATION('',(#14,#15,
#16,#17,#18,#19,#20,#21,#22,#23,#24,#25,#26,#27,#28,#29,#30,#31,#32,#33,
#34,#35,#36,#37,#38,#39,#40,#41,#42,#43,#44,#45,#46,#47,#48,#49,#50),#2585);
#11=SHAPE_REPRESENTATION_RELATIONSHIP('SRR','None',#2592,#12);
#12=ADVANCED_BREP_SHAPE_REPRESENTATION('',(#13),#2584);
#13=MANIFOLD_SOLID_BREP('Body1',#1595);
#14=STYLED_ITEM('',(#2603),#1559);
#15=STYLED_ITEM('',(#2603),#1560);
#16=STYLED_ITEM('',(#2603),#1561);
#17=STYLED_ITEM('',(#2603),#1562);
#18=STYLED_ITEM('',(#2603),#1563);
#19=STYLED_ITEM('',(#2603),#1564);
#20=STYLED_ITEM('',(#2603),#1565);
#21=STYLED_ITEM('',(#2603),#1566);
#22=STYLED_ITEM('',(#2603),#1567);
#23=STYLED_ITEM('',(#2603),#1568);
#24=STYLED_ITEM('',(#2603),#1569);
#25=STYLED_ITEM('',(#2603),#1570);
#26=STYLED_ITEM('',(#2603),#1571);
#27=STYLED_ITEM('',(#2603),#1572);
#28=STYLED_ITEM('',(#2603),#1573);
#29=STYLED_ITEM('',(#2603),#1574);
#30=STYLED_ITEM('',(#2603),#1575);
#31=STYLED_ITEM('',(#2603),#1576);
#32=STYLED_ITEM('',(#2603),#1577);
#33=STYLED_ITEM('',(#2603),#1578);
#34=STYLED_ITEM('',(#2603),#1579);
#35=STYLED_ITEM('',(#2603),#1580);
#36=STYLED_ITEM('',(#2603),#1581);
#37=STYLED_ITEM('',(#2603),#1582);
#38=STYLED_ITEM('',(#2603),#1583);
#39=STYLED_ITEM('',(#2603),#1584);
#40=STYLED_ITEM('',(#2603),#1585);
#41=STYLED_ITEM('',(#2603),#1586);
#42=STYLED_ITEM('',(#2603),#1587);
#43=STYLED_ITEM('',(#2603),#1588);
#44=STYLED_ITEM('',(#2603),#1589);
#45=STYLED_ITEM('',(#2603),#1590);
#46=STYLED_ITEM('',(#2603),#1591);
#47=STYLED_ITEM('',(#2603),#1592);
#48=STYLED_ITEM('',(#2603),#1593);
#49=STYLED_ITEM('',(#2603),#1594);
#50=STYLED_ITEM('',(#2602),#13);
#51=FACE_BOUND('',#242,.T.);
#52=FACE_BOUND('',#249,.T.);
#53=FACE_BOUND('',#251,.T.);
#54=FACE_BOUND('',#252,.T.);
#55=FACE_BOUND('',#253,.T.);
#56=FACE_BOUND('',#254,.T.);
#57=FACE_BOUND('',#290,.T.);
#58=FACE_BOUND('',#291,.T.);
#59=PLANE('',#1629);
#60=PLANE('',#1630);
#61=PLANE('',#1631);
#62=PLANE('',#1632);
#63=PLANE('',#1633);
#64=PLANE('',#1634);
#65=PLANE('',#1635);
#66=PLANE('',#1636);
#67=PLANE('',#1637);
#68=PLANE('',#1638);
#69=PLANE('',#1639);
#70=PLANE('',#1640);
#71=PLANE('',#1641);
#72=PLANE('',#1642);
#73=PLANE('',#1643);
#74=PLANE('',#1644);
#75=PLANE('',#1645);
#76=PLANE('',#1646);
#77=PLANE('',#1647);
#78=PLANE('',#1648);
#79=PLANE('',#1649);
#80=PLANE('',#1650);
#81=PLANE('',#1651);
#82=PLANE('',#1652);
#83=PLANE('',#1653);
#84=PLANE('',#1654);
#85=PLANE('',#1655);
#86=PLANE('',#1656);
#87=PLANE('',#1657);
#88=PLANE('',#1658);
#89=PLANE('',#1659);
#90=PLANE('',#1660);
#91=PLANE('',#1661);
#92=PLANE('',#1662);
#93=PLANE('',#1663);
#94=PLANE('',#1664);
#95=PLANE('',#1665);
#96=PLANE('',#1666);
#97=PLANE('',#1667);
#98=PLANE('',#1668);
#99=PLANE('',#1669);
#100=PLANE('',#1670);
#101=PLANE('',#1671);
#102=PLANE('',#1672);
#103=PLANE('',#1673);
#104=PLANE('',#1674);
#105=PLANE('',#1675);
#106=PLANE('',#1676);
#107=PLANE('',#1677);
#108=PLANE('',#1678);
#109=PLANE('',#1679);
#110=PLANE('',#1680);
#111=PLANE('',#1681);
#112=PLANE('',#1682);
#113=PLANE('',#1683);
#114=PLANE('',#1684);
#115=PLANE('',#1685);
#116=PLANE('',#1686);
#117=PLANE('',#1687);
#118=PLANE('',#1688);
#119=PLANE('',#1689);
#120=PLANE('',#1690);
#121=PLANE('',#1691);
#122=PLANE('',#1692);
#123=PLANE('',#1693);
#124=PLANE('',#1694);
#125=PLANE('',#1695);
#126=PLANE('',#1696);
#127=PLANE('',#1697);
#128=PLANE('',#1698);
#129=PLANE('',#1699);
#130=PLANE('',#1700);
#131=PLANE('',#1701);
#132=PLANE('',#1702);
#133=PLANE('',#1703);
#134=PLANE('',#1704);
#135=PLANE('',#1705);
#136=PLANE('',#1706);
#137=PLANE('',#1707);
#138=PLANE('',#1708);
#139=(
BOUNDED_CURVE()
B_SPLINE_CURVE(2,(#2154,#2155,#2156),.UNSPECIFIED.,.F.,.F.)
B_SPLINE_CURVE_WITH_KNOTS((3,3),(0.04252439620733,0.102427920011083),
 .UNSPECIFIED.)
CURVE()
GEOMETRIC_REPRESENTATION_ITEM()
RATIONAL_B_SPLINE_CURVE((1.18005793689178,1.29904914658766,1.39597655060542))
REPRESENTATION_ITEM('')
);
#140=(
BOUNDED_CURVE()
B_SPLINE_CURVE(2,(#2159,#2160,#2161),.UNSPECIFIED.,.F.,.F.)
B_SPLINE_CURVE_WITH_KNOTS((3,3),(-0.102427920031878,-0.0425243962231015),
 .UNSPECIFIED.)
CURVE()
GEOMETRIC_REPRESENTATION_ITEM()
RATIONAL_B_SPLINE_CURVE((1.39597655068216,1.29904914665904,1.1800579369566))
REPRESENTATION_ITEM('')
);
#141=(
BOUNDED_CURVE()
B_SPLINE_CURVE(2,(#2206,#2207,#2208),.UNSPECIFIED.,.F.,.F.)
B_SPLINE_CURVE_WITH_KNOTS((3,3),(0.0425243962073304,0.102427920011083),
 .UNSPECIFIED.)
CURVE()
GEOMETRIC_REPRESENTATION_ITEM()
RATIONAL_B_SPLINE_CURVE((1.18005793689179,1.29904914658766,1.39597655060542))
REPRESENTATION_ITEM('')
);
#142=(
BOUNDED_CURVE()
B_SPLINE_CURVE(2,(#2209,#2210,#2211),.UNSPECIFIED.,.F.,.F.)
B_SPLINE_CURVE_WITH_KNOTS((3,3),(0.628746284053951,0.68864980786273),
 .UNSPECIFIED.)
CURVE()
GEOMETRIC_REPRESENTATION_ITEM()
RATIONAL_B_SPLINE_CURVE((1.39597655068217,1.29904914665905,1.1800579369566))
REPRESENTATION_ITEM('')
);
#143=CONICAL_SURFACE('',#1611,0.653181267822857,0.5759586525);
#144=CONICAL_SURFACE('',#1628,0.653181267822857,0.5759586525);
#145=FACE_OUTER_BOUND('',#233,.T.);
#146=FACE_OUTER_BOUND('',#234,.T.);
#147=FACE_OUTER_BOUND('',#235,.T.);
#148=FACE_OUTER_BOUND('',#236,.T.);
#149=FACE_OUTER_BOUND('',#237,.T.);
#150=FACE_OUTER_BOUND('',#238,.T.);
#151=FACE_OUTER_BOUND('',#239,.T.);
#152=FACE_OUTER_BOUND('',#240,.T.);
#153=FACE_OUTER_BOUND('',#241,.T.);
#154=FACE_OUTER_BOUND('',#243,.T.);
#155=FACE_OUTER_BOUND('',#244,.T.);
#156=FACE_OUTER_BOUND('',#245,.T.);
#157=FACE_OUTER_BOUND('',#246,.T.);
#158=FACE_OUTER_BOUND('',#247,.T.);
#159=FACE_OUTER_BOUND('',#248,.T.);
#160=FACE_OUTER_BOUND('',#250,.T.);
#161=FACE_OUTER_BOUND('',#255,.T.);
#162=FACE_OUTER_BOUND('',#256,.T.);
#163=FACE_OUTER_BOUND('',#257,.T.);
#164=FACE_OUTER_BOUND('',#258,.T.);
#165=FACE_OUTER_BOUND('',#259,.T.);
#166=FACE_OUTER_BOUND('',#260,.T.);
#167=FACE_OUTER_BOUND('',#261,.T.);
#168=FACE_OUTER_BOUND('',#262,.T.);
#169=FACE_OUTER_BOUND('',#263,.T.);
#170=FACE_OUTER_BOUND('',#264,.T.);
#171=FACE_OUTER_BOUND('',#265,.T.);
#172=FACE_OUTER_BOUND('',#266,.T.);
#173=FACE_OUTER_BOUND('',#267,.T.);
#174=FACE_OUTER_BOUND('',#268,.T.);
#175=FACE_OUTER_BOUND('',#269,.T.);
#176=FACE_OUTER_BOUND('',#270,.T.);
#177=FACE_OUTER_BOUND('',#271,.T.);
#178=FACE_OUTER_BOUND('',#272,.T.);
#179=FACE_OUTER_BOUND('',#273,.T.);
#180=FACE_OUTER_BOUND('',#274,.T.);
#181=FACE_OUTER_BOUND('',#275,.T.);
#182=FACE_OUTER_BOUND('',#276,.T.);
#183=FACE_OUTER_BOUND('',#277,.T.);
#184=FACE_OUTER_BOUND('',#278,.T.);
#185=FACE_OUTER_BOUND('',#279,.T.);
#186=FACE_OUTER_BOUND('',#280,.T.);
#187=FACE_OUTER_BOUND('',#281,.T.);
#188=FACE_OUTER_BOUND('',#282,.T.);
#189=FACE_OUTER_BOUND('',#283,.T.);
#190=FACE_OUTER_BOUND('',#284,.T.);
#191=FACE_OUTER_BOUND('',#285,.T.);
#192=FACE_OUTER_BOUND('',#286,.T.);
#193=FACE_OUTER_BOUND('',#287,.T.);
#194=FACE_OUTER_BOUND('',#288,.T.);
#195=FACE_OUTER_BOUND('',#289,.T.);
#196=FACE_OUTER_BOUND('',#292,.T.);
#197=FACE_OUTER_BOUND('',#293,.T.);
#198=FACE_OUTER_BOUND('',#294,.T.);
#199=FACE_OUTER_BOUND('',#295,.T.);
#200=FACE_OUTER_BOUND('',#296,.T.);
#201=FACE_OUTER_BOUND('',#297,.T.);
#202=FACE_OUTER_BOUND('',#298,.T.);
#203=FACE_OUTER_BOUND('',#299,.T.);
#204=FACE_OUTER_BOUND('',#300,.T.);
#205=FACE_OUTER_BOUND('',#301,.T.);
#206=FACE_OUTER_BOUND('',#302,.T.);
#207=FACE_OUTER_BOUND('',#303,.T.);
#208=FACE_OUTER_BOUND('',#304,.T.);
#209=FACE_OUTER_BOUND('',#305,.T.);
#210=FACE_OUTER_BOUND('',#306,.T.);
#211=FACE_OUTER_BOUND('',#307,.T.);
#212=FACE_OUTER_BOUND('',#308,.T.);
#213=FACE_OUTER_BOUND('',#309,.T.);
#214=FACE_OUTER_BOUND('',#310,.T.);
#215=FACE_OUTER_BOUND('',#311,.T.);
#216=FACE_OUTER_BOUND('',#312,.T.);
#217=FACE_OUTER_BOUND('',#313,.T.);
#218=FACE_OUTER_BOUND('',#314,.T.);
#219=FACE_OUTER_BOUND('',#315,.T.);
#220=FACE_OUTER_BOUND('',#316,.T.);
#221=FACE_OUTER_BOUND('',#317,.T.);
#222=FACE_OUTER_BOUND('',#318,.T.);
#223=FACE_OUTER_BOUND('',#319,.T.);
#224=FACE_OUTER_BOUND('',#320,.T.);
#225=FACE_OUTER_BOUND('',#321,.T.);
#226=FACE_OUTER_BOUND('',#322,.T.);
#227=FACE_OUTER_BOUND('',#323,.T.);
#228=FACE_OUTER_BOUND('',#324,.T.);
#229=FACE_OUTER_BOUND('',#325,.T.);
#230=FACE_OUTER_BOUND('',#326,.T.);
#231=FACE_OUTER_BOUND('',#327,.T.);
#232=FACE_OUTER_BOUND('',#328,.T.);
#233=EDGE_LOOP('',(#1077,#1078,#1079,#1080));
#234=EDGE_LOOP('',(#1081,#1082,#1083,#1084));
#235=EDGE_LOOP('',(#1085,#1086,#1087,#1088));
#236=EDGE_LOOP('',(#1089,#1090,#1091,#1092));
#237=EDGE_LOOP('',(#1093,#1094,#1095,#1096,#1097));
#238=EDGE_LOOP('',(#1098,#1099,#1100,#1101,#1102));
#239=EDGE_LOOP('',(#1103,#1104,#1105,#1106));
#240=EDGE_LOOP('',(#1107,#1108,#1109,#1110));
#241=EDGE_LOOP('',(#1111,#1112,#1113,#1114));
#242=EDGE_LOOP('',(#1115,#1116,#1117,#1118,#1119,#1120,#1121,#1122,#1123,
#1124));
#243=EDGE_LOOP('',(#1125,#1126,#1127,#1128));
#244=EDGE_LOOP('',(#1129,#1130,#1131,#1132));
#245=EDGE_LOOP('',(#1133,#1134,#1135,#1136));
#246=EDGE_LOOP('',(#1137,#1138,#1139,#1140,#1141));
#247=EDGE_LOOP('',(#1142,#1143,#1144,#1145,#1146));
#248=EDGE_LOOP('',(#1147,#1148,#1149,#1150));
#249=EDGE_LOOP('',(#1151,#1152,#1153,#1154));
#250=EDGE_LOOP('',(#1155,#1156,#1157,#1158));
#251=EDGE_LOOP('',(#1159,#1160,#1161,#1162));
#252=EDGE_LOOP('',(#1163,#1164,#1165,#1166));
#253=EDGE_LOOP('',(#1167,#1168,#1169,#1170));
#254=EDGE_LOOP('',(#1171,#1172,#1173,#1174));
#255=EDGE_LOOP('',(#1175,#1176,#1177,#1178));
#256=EDGE_LOOP('',(#1179,#1180,#1181,#1182));
#257=EDGE_LOOP('',(#1183,#1184,#1185,#1186));
#258=EDGE_LOOP('',(#1187,#1188,#1189,#1190,#1191));
#259=EDGE_LOOP('',(#1192,#1193,#1194,#1195,#1196));
#260=EDGE_LOOP('',(#1197,#1198,#1199,#1200,#1201,#1202,#1203,#1204,#1205,
#1206));
#261=EDGE_LOOP('',(#1207,#1208,#1209,#1210));
#262=EDGE_LOOP('',(#1211,#1212,#1213,#1214));
#263=EDGE_LOOP('',(#1215,#1216,#1217,#1218,#1219,#1220,#1221,#1222,#1223,
#1224));
#264=EDGE_LOOP('',(#1225,#1226,#1227,#1228,#1229));
#265=EDGE_LOOP('',(#1230,#1231,#1232,#1233,#1234));
#266=EDGE_LOOP('',(#1235,#1236,#1237,#1238));
#267=EDGE_LOOP('',(#1239,#1240,#1241,#1242));
#268=EDGE_LOOP('',(#1243,#1244,#1245,#1246));
#269=EDGE_LOOP('',(#1247,#1248,#1249,#1250));
#270=EDGE_LOOP('',(#1251,#1252,#1253,#1254));
#271=EDGE_LOOP('',(#1255,#1256,#1257,#1258));
#272=EDGE_LOOP('',(#1259,#1260,#1261,#1262));
#273=EDGE_LOOP('',(#1263,#1264,#1265,#1266,#1267,#1268));
#274=EDGE_LOOP('',(#1269,#1270,#1271,#1272,#1273,#1274));
#275=EDGE_LOOP('',(#1275,#1276,#1277,#1278,#1279,#1280));
#276=EDGE_LOOP('',(#1281,#1282,#1283,#1284,#1285,#1286));
#277=EDGE_LOOP('',(#1287,#1288,#1289,#1290));
#278=EDGE_LOOP('',(#1291,#1292,#1293,#1294));
#279=EDGE_LOOP('',(#1295,#1296,#1297,#1298));
#280=EDGE_LOOP('',(#1299,#1300,#1301,#1302));
#281=EDGE_LOOP('',(#1303,#1304,#1305,#1306));
#282=EDGE_LOOP('',(#1307,#1308,#1309,#1310));
#283=EDGE_LOOP('',(#1311,#1312,#1313,#1314));
#284=EDGE_LOOP('',(#1315,#1316,#1317,#1318));
#285=EDGE_LOOP('',(#1319,#1320,#1321,#1322));
#286=EDGE_LOOP('',(#1323,#1324,#1325,#1326));
#287=EDGE_LOOP('',(#1327,#1328,#1329,#1330));
#288=EDGE_LOOP('',(#1331,#1332,#1333,#1334));
#289=EDGE_LOOP('',(#1335,#1336,#1337,#1338,#1339,#1340,#1341,#1342,#1343,
#1344));
#290=EDGE_LOOP('',(#1345,#1346,#1347,#1348));
#291=EDGE_LOOP('',(#1349,#1350,#1351,#1352));
#292=EDGE_LOOP('',(#1353,#1354,#1355,#1356));
#293=EDGE_LOOP('',(#1357,#1358,#1359,#1360));
#294=EDGE_LOOP('',(#1361,#1362,#1363,#1364));
#295=EDGE_LOOP('',(#1365,#1366,#1367,#1368));
#296=EDGE_LOOP('',(#1369,#1370,#1371,#1372));
#297=EDGE_LOOP('',(#1373,#1374,#1375,#1376));
#298=EDGE_LOOP('',(#1377,#1378,#1379,#1380));
#299=EDGE_LOOP('',(#1381,#1382,#1383,#1384));
#300=EDGE_LOOP('',(#1385,#1386,#1387,#1388));
#301=EDGE_LOOP('',(#1389,#1390,#1391,#1392));
#302=EDGE_LOOP('',(#1393,#1394,#1395,#1396));
#303=EDGE_LOOP('',(#1397,#1398,#1399,#1400));
#304=EDGE_LOOP('',(#1401,#1402,#1403,#1404));
#305=EDGE_LOOP('',(#1405,#1406,#1407,#1408));
#306=EDGE_LOOP('',(#1409,#1410,#1411,#1412));
#307=EDGE_LOOP('',(#1413,#1414,#1415,#1416));
#308=EDGE_LOOP('',(#1417,#1418,#1419,#1420));
#309=EDGE_LOOP('',(#1421,#1422,#1423,#1424));
#310=EDGE_LOOP('',(#1425,#1426,#1427,#1428));
#311=EDGE_LOOP('',(#1429,#1430,#1431,#1432));
#312=EDGE_LOOP('',(#1433,#1434,#1435,#1436));
#313=EDGE_LOOP('',(#1437,#1438,#1439,#1440));
#314=EDGE_LOOP('',(#1441,#1442,#1443,#1444));
#315=EDGE_LOOP('',(#1445,#1446,#1447,#1448));
#316=EDGE_LOOP('',(#1449,#1450,#1451,#1452));
#317=EDGE_LOOP('',(#1453,#1454,#1455,#1456));
#318=EDGE_LOOP('',(#1457,#1458,#1459,#1460));
#319=EDGE_LOOP('',(#1461,#1462,#1463,#1464));
#320=EDGE_LOOP('',(#1465,#1466,#1467,#1468));
#321=EDGE_LOOP('',(#1469,#1470,#1471,#1472));
#322=EDGE_LOOP('',(#1473,#1474,#1475,#1476));
#323=EDGE_LOOP('',(#1477,#1478,#1479,#1480));
#324=EDGE_LOOP('',(#1481,#1482,#1483,#1484));
#325=EDGE_LOOP('',(#1485,#1486,#1487,#1488));
#326=EDGE_LOOP('',(#1489,#1490,#1491,#1492));
#327=EDGE_LOOP('',(#1493,#1494,#1495,#1496));
#328=EDGE_LOOP('',(#1497,#1498,#1499,#1500));
#329=CIRCLE('',#1610,0.582);
#330=CIRCLE('',#1612,1.4);
#331=CIRCLE('',#1614,1.4);
#332=CIRCLE('',#1616,1.4);
#333=CIRCLE('',#1617,1.4);
#334=CIRCLE('',#1619,1.1);
#335=CIRCLE('',#1620,1.1);
#336=CIRCLE('',#1621,1.1);
#337=CIRCLE('',#1623,1.1);
#338=CIRCLE('',#1624,1.1);
#339=CIRCLE('',#1625,1.1);
#340=CIRCLE('',#1627,0.582);
#341=LINE('',#2128,#535);
#342=LINE('',#2131,#536);
#343=LINE('',#2164,#537);
#344=LINE('',#2167,#538);
#345=LINE('',#2173,#539);
#346=LINE('',#2176,#540);
#347=LINE('',#2182,#541);
#348=LINE('',#2187,#542);
#349=LINE('',#2193,#543);
#350=LINE('',#2197,#544);
#351=LINE('',#2203,#545);
#352=LINE('',#2204,#546);
#353=LINE('',#2215,#547);
#354=LINE('',#2217,#548);
#355=LINE('',#2219,#549);
#356=LINE('',#2220,#550);
#357=LINE('',#2223,#551);
#358=LINE('',#2225,#552);
#359=LINE('',#2227,#553);
#360=LINE('',#2229,#554);
#361=LINE('',#2231,#555);
#362=LINE('',#2233,#556);
#363=LINE('',#2235,#557);
#364=LINE('',#2237,#558);
#365=LINE('',#2239,#559);
#366=LINE('',#2240,#560);
#367=LINE('',#2243,#561);
#368=LINE('',#2245,#562);
#369=LINE('',#2246,#563);
#370=LINE('',#2249,#564);
#371=LINE('',#2250,#565);
#372=LINE('',#2253,#566);
#373=LINE('',#2254,#567);
#374=LINE('',#2257,#568);
#375=LINE('',#2259,#569);
#376=LINE('',#2261,#570);
#377=LINE('',#2262,#571);
#378=LINE('',#2265,#572);
#379=LINE('',#2267,#573);
#380=LINE('',#2269,#574);
#381=LINE('',#2270,#575);
#382=LINE('',#2273,#576);
#383=LINE('',#2275,#577);
#384=LINE('',#2276,#578);
#385=LINE('',#2279,#579);
#386=LINE('',#2281,#580);
#387=LINE('',#2283,#581);
#388=LINE('',#2284,#582);
#389=LINE('',#2287,#583);
#390=LINE('',#2289,#584);
#391=LINE('',#2290,#585);
#392=LINE('',#2293,#586);
#393=LINE('',#2295,#587);
#394=LINE('',#2297,#588);
#395=LINE('',#2298,#589);
#396=LINE('',#2301,#590);
#397=LINE('',#2303,#591);
#398=LINE('',#2305,#592);
#399=LINE('',#2306,#593);
#400=LINE('',#2309,#594);
#401=LINE('',#2311,#595);
#402=LINE('',#2313,#596);
#403=LINE('',#2314,#597);
#404=LINE('',#2317,#598);
#405=LINE('',#2319,#599);
#406=LINE('',#2321,#600);
#407=LINE('',#2322,#601);
#408=LINE('',#2324,#602);
#409=LINE('',#2326,#603);
#410=LINE('',#2329,#604);
#411=LINE('',#2331,#605);
#412=LINE('',#2332,#606);
#413=LINE('',#2335,#607);
#414=LINE('',#2337,#608);
#415=LINE('',#2338,#609);
#416=LINE('',#2340,#610);
#417=LINE('',#2342,#611);
#418=LINE('',#2343,#612);
#419=LINE('',#2345,#613);
#420=LINE('',#2346,#614);
#421=LINE('',#2347,#615);
#422=LINE('',#2351,#616);
#423=LINE('',#2353,#617);
#424=LINE('',#2355,#618);
#425=LINE('',#2356,#619);
#426=LINE('',#2357,#620);
#427=LINE('',#2359,#621);
#428=LINE('',#2361,#622);
#429=LINE('',#2362,#623);
#430=LINE('',#2364,#624);
#431=LINE('',#2365,#625);
#432=LINE('',#2370,#626);
#433=LINE('',#2372,#627);
#434=LINE('',#2373,#628);
#435=LINE('',#2376,#629);
#436=LINE('',#2378,#630);
#437=LINE('',#2379,#631);
#438=LINE('',#2381,#632);
#439=LINE('',#2382,#633);
#440=LINE('',#2386,#634);
#441=LINE('',#2387,#635);
#442=LINE('',#2389,#636);
#443=LINE('',#2390,#637);
#444=LINE('',#2392,#638);
#445=LINE('',#2394,#639);
#446=LINE('',#2401,#640);
#447=LINE('',#2403,#641);
#448=LINE('',#2404,#642);
#449=LINE('',#2407,#643);
#450=LINE('',#2408,#644);
#451=LINE('',#2411,#645);
#452=LINE('',#2412,#646);
#453=LINE('',#2415,#647);
#454=LINE('',#2416,#648);
#455=LINE('',#2420,#649);
#456=LINE('',#2421,#650);
#457=LINE('',#2422,#651);
#458=LINE('',#2425,#652);
#459=LINE('',#2426,#653);
#460=LINE('',#2428,#654);
#461=LINE('',#2430,#655);
#462=LINE('',#2432,#656);
#463=LINE('',#2435,#657);
#464=LINE('',#2437,#658);
#465=LINE('',#2439,#659);
#466=LINE('',#2440,#660);
#467=LINE('',#2443,#661);
#468=LINE('',#2445,#662);
#469=LINE('',#2447,#663);
#470=LINE('',#2448,#664);
#471=LINE('',#2453,#665);
#472=LINE('',#2455,#666);
#473=LINE('',#2457,#667);
#474=LINE('',#2458,#668);
#475=LINE('',#2461,#669);
#476=LINE('',#2463,#670);
#477=LINE('',#2464,#671);
#478=LINE('',#2467,#672);
#479=LINE('',#2469,#673);
#480=LINE('',#2470,#674);
#481=LINE('',#2472,#675);
#482=LINE('',#2474,#676);
#483=LINE('',#2477,#677);
#484=LINE('',#2479,#678);
#485=LINE('',#2480,#679);
#486=LINE('',#2483,#680);
#487=LINE('',#2485,#681);
#488=LINE('',#2486,#682);
#489=LINE('',#2488,#683);
#490=LINE('',#2490,#684);
#491=LINE('',#2494,#685);
#492=LINE('',#2496,#686);
#493=LINE('',#2498,#687);
#494=LINE('',#2499,#688);
#495=LINE('',#2501,#689);
#496=LINE('',#2502,#690);
#497=LINE('',#2504,#691);
#498=LINE('',#2506,#692);
#499=LINE('',#2509,#693);
#500=LINE('',#2510,#694);
#501=LINE('',#2512,#695);
#502=LINE('',#2514,#696);
#503=LINE('',#2519,#697);
#504=LINE('',#2521,#698);
#505=LINE('',#2523,#699);
#506=LINE('',#2524,#700);
#507=LINE('',#2527,#701);
#508=LINE('',#2529,#702);
#509=LINE('',#2530,#703);
#510=LINE('',#2533,#704);
#511=LINE('',#2535,#705);
#512=LINE('',#2536,#706);
#513=LINE('',#2538,#707);
#514=LINE('',#2540,#708);
#515=LINE('',#2543,#709);
#516=LINE('',#2545,#710);
#517=LINE('',#2546,#711);
#518=LINE('',#2549,#712);
#519=LINE('',#2551,#713);
#520=LINE('',#2552,#714);
#521=LINE('',#2554,#715);
#522=LINE('',#2556,#716);
#523=LINE('',#2560,#717);
#524=LINE('',#2562,#718);
#525=LINE('',#2564,#719);
#526=LINE('',#2565,#720);
#527=LINE('',#2567,#721);
#528=LINE('',#2568,#722);
#529=LINE('',#2570,#723);
#530=LINE('',#2572,#724);
#531=LINE('',#2575,#725);
#532=LINE('',#2576,#726);
#533=LINE('',#2578,#727);
#534=LINE('',#2580,#728);
#535=VECTOR('',#1713,1.);
#536=VECTOR('',#1716,1.);
#537=VECTOR('',#1723,1.);
#538=VECTOR('',#1726,1.);
#539=VECTOR('',#1731,1.);
#540=VECTOR('',#1734,1.);
#541=VECTOR('',#1739,1.);
#542=VECTOR('',#1744,1.);
#543=VECTOR('',#1749,1.);
#544=VECTOR('',#1752,1.);
#545=VECTOR('',#1759,1.);
#546=VECTOR('',#1760,1.);
#547=VECTOR('',#1765,1.);
#548=VECTOR('',#1766,1.);
#549=VECTOR('',#1767,1.);
#550=VECTOR('',#1768,1.);
#551=VECTOR('',#1769,1.);
#552=VECTOR('',#1770,1.);
#553=VECTOR('',#1771,1.);
#554=VECTOR('',#1772,1.);
#555=VECTOR('',#1773,1.);
#556=VECTOR('',#1774,1.);
#557=VECTOR('',#1775,1.);
#558=VECTOR('',#1776,1.);
#559=VECTOR('',#1777,1.);
#560=VECTOR('',#1778,1.);
#561=VECTOR('',#1781,1.);
#562=VECTOR('',#1782,1.);
#563=VECTOR('',#1783,1.);
#564=VECTOR('',#1786,1.);
#565=VECTOR('',#1787,1.);
#566=VECTOR('',#1790,1.);
#567=VECTOR('',#1791,1.);
#568=VECTOR('',#1794,1.);
#569=VECTOR('',#1795,1.);
#570=VECTOR('',#1796,1.);
#571=VECTOR('',#1797,1.);
#572=VECTOR('',#1800,1.);
#573=VECTOR('',#1801,1.);
#574=VECTOR('',#1802,1.);
#575=VECTOR('',#1803,1.);
#576=VECTOR('',#1806,1.);
#577=VECTOR('',#1807,1.);
#578=VECTOR('',#1808,1.);
#579=VECTOR('',#1809,1.);
#580=VECTOR('',#1810,1.);
#581=VECTOR('',#1811,1.);
#582=VECTOR('',#1812,1.);
#583=VECTOR('',#1815,1.);
#584=VECTOR('',#1816,1.);
#585=VECTOR('',#1817,1.);
#586=VECTOR('',#1818,1.);
#587=VECTOR('',#1819,1.);
#588=VECTOR('',#1820,1.);
#589=VECTOR('',#1821,1.);
#590=VECTOR('',#1822,1.);
#591=VECTOR('',#1823,1.);
#592=VECTOR('',#1824,1.);
#593=VECTOR('',#1825,1.);
#594=VECTOR('',#1826,1.);
#595=VECTOR('',#1827,1.);
#596=VECTOR('',#1828,1.);
#597=VECTOR('',#1829,1.);
#598=VECTOR('',#1830,1.);
#599=VECTOR('',#1831,1.);
#600=VECTOR('',#1832,1.);
#601=VECTOR('',#1833,1.);
#602=VECTOR('',#1836,1.);
#603=VECTOR('',#1839,1.);
#604=VECTOR('',#1844,1.);
#605=VECTOR('',#1845,1.);
#606=VECTOR('',#1846,1.);
#607=VECTOR('',#1849,1.);
#608=VECTOR('',#1850,1.);
#609=VECTOR('',#1851,1.);
#610=VECTOR('',#1854,1.);
#611=VECTOR('',#1855,1.);
#612=VECTOR('',#1856,1.);
#613=VECTOR('',#1857,1.);
#614=VECTOR('',#1858,1.);
#615=VECTOR('',#1859,1.);
#616=VECTOR('',#1866,1.);
#617=VECTOR('',#1867,1.);
#618=VECTOR('',#1868,1.);
#619=VECTOR('',#1869,1.);
#620=VECTOR('',#1870,1.);
#621=VECTOR('',#1873,1.);
#622=VECTOR('',#1874,1.);
#623=VECTOR('',#1875,1.);
#624=VECTOR('',#1878,1.);
#625=VECTOR('',#1879,1.);
#626=VECTOR('',#1886,1.);
#627=VECTOR('',#1887,1.);
#628=VECTOR('',#1888,1.);
#629=VECTOR('',#1891,1.);
#630=VECTOR('',#1892,1.);
#631=VECTOR('',#1893,1.);
#632=VECTOR('',#1896,1.);
#633=VECTOR('',#1897,1.);
#634=VECTOR('',#1904,1.);
#635=VECTOR('',#1905,1.);
#636=VECTOR('',#1908,1.);
#637=VECTOR('',#1909,1.);
#638=VECTOR('',#1912,1.);
#639=VECTOR('',#1915,1.);
#640=VECTOR('',#1926,1.);
#641=VECTOR('',#1927,1.);
#642=VECTOR('',#1928,1.);
#643=VECTOR('',#1931,1.);
#644=VECTOR('',#1932,1.);
#645=VECTOR('',#1935,1.);
#646=VECTOR('',#1936,1.);
#647=VECTOR('',#1939,1.);
#648=VECTOR('',#1940,1.);
#649=VECTOR('',#1943,1.);
#650=VECTOR('',#1944,1.);
#651=VECTOR('',#1945,1.);
#652=VECTOR('',#1948,1.);
#653=VECTOR('',#1949,1.);
#654=VECTOR('',#1952,1.);
#655=VECTOR('',#1955,1.);
#656=VECTOR('',#1958,1.);
#657=VECTOR('',#1959,1.);
#658=VECTOR('',#1960,1.);
#659=VECTOR('',#1961,1.);
#660=VECTOR('',#1962,1.);
#661=VECTOR('',#1963,1.);
#662=VECTOR('',#1964,1.);
#663=VECTOR('',#1965,1.);
#664=VECTOR('',#1966,1.);
#665=VECTOR('',#1971,1.);
#666=VECTOR('',#1972,1.);
#667=VECTOR('',#1973,1.);
#668=VECTOR('',#1974,1.);
#669=VECTOR('',#1977,1.);
#670=VECTOR('',#1978,1.);
#671=VECTOR('',#1979,1.);
#672=VECTOR('',#1982,1.);
#673=VECTOR('',#1983,1.);
#674=VECTOR('',#1984,1.);
#675=VECTOR('',#1987,1.);
#676=VECTOR('',#1990,1.);
#677=VECTOR('',#1993,1.);
#678=VECTOR('',#1994,1.);
#679=VECTOR('',#1995,1.);
#680=VECTOR('',#1998,1.);
#681=VECTOR('',#1999,1.);
#682=VECTOR('',#2000,1.);
#683=VECTOR('',#2003,1.);
#684=VECTOR('',#2006,1.);
#685=VECTOR('',#2009,1.);
#686=VECTOR('',#2010,1.);
#687=VECTOR('',#2011,1.);
#688=VECTOR('',#2012,1.);
#689=VECTOR('',#2015,1.);
#690=VECTOR('',#2016,1.);
#691=VECTOR('',#2019,1.);
#692=VECTOR('',#2022,1.);
#693=VECTOR('',#2027,1.);
#694=VECTOR('',#2028,1.);
#695=VECTOR('',#2031,1.);
#696=VECTOR('',#2034,1.);
#697=VECTOR('',#2039,1.);
#698=VECTOR('',#2040,1.);
#699=VECTOR('',#2041,1.);
#700=VECTOR('',#2042,1.);
#701=VECTOR('',#2045,1.);
#702=VECTOR('',#2046,1.);
#703=VECTOR('',#2047,1.);
#704=VECTOR('',#2050,1.);
#705=VECTOR('',#2051,1.);
#706=VECTOR('',#2052,1.);
#707=VECTOR('',#2055,1.);
#708=VECTOR('',#2058,1.);
#709=VECTOR('',#2061,1.);
#710=VECTOR('',#2062,1.);
#711=VECTOR('',#2063,1.);
#712=VECTOR('',#2066,1.);
#713=VECTOR('',#2067,1.);
#714=VECTOR('',#2068,1.);
#715=VECTOR('',#2071,1.);
#716=VECTOR('',#2074,1.);
#717=VECTOR('',#2077,1.);
#718=VECTOR('',#2078,1.);
#719=VECTOR('',#2079,1.);
#720=VECTOR('',#2080,1.);
#721=VECTOR('',#2083,1.);
#722=VECTOR('',#2084,1.);
#723=VECTOR('',#2087,1.);
#724=VECTOR('',#2090,1.);
#725=VECTOR('',#2095,1.);
#726=VECTOR('',#2096,1.);
#727=VECTOR('',#2099,1.);
#728=VECTOR('',#2102,1.);
#729=B_SPLINE_CURVE_WITH_KNOTS('',3,(#2109,#2110,#2111,#2112,#2113,#2114,
#2115,#2116,#2117,#2118,#2119,#2120,#2121,#2122,#2123,#2124,#2125,#2126),
 .UNSPECIFIED.,.F.,.F.,(4,2,2,2,2,2,2,2,4),(-0.385347040797135,-0.377704056303773,
-0.361033598505564,-0.344027333312391,-0.327021068119218,-0.310014802926044,
-0.293008537732871,-0.276338079934662,-0.2686950954413),.UNSPECIFIED.);
#730=B_SPLINE_CURVE_WITH_KNOTS('',3,(#2135,#2136,#2137,#2138,#2139,#2140,
#2141,#2142,#2143,#2144,#2145,#2146,#2147,#2148,#2149,#2150,#2151,#2152),
 .UNSPECIFIED.,.F.,.F.,(4,2,2,2,2,2,2,2,4),(-0.125679418660682,-0.118036434167321,
-0.101365976369112,-0.0843597111759385,-0.0673534459827655,-0.0503471807895922,
-0.0333409155964189,-0.0166704577982095,-0.00902747330484809),
 .UNSPECIFIED.);
#731=VERTEX_POINT('',#2107);
#732=VERTEX_POINT('',#2108);
#733=VERTEX_POINT('',#2127);
#734=VERTEX_POINT('',#2129);
#735=VERTEX_POINT('',#2133);
#736=VERTEX_POINT('',#2134);
#737=VERTEX_POINT('',#2153);
#738=VERTEX_POINT('',#2157);
#739=VERTEX_POINT('',#2163);
#740=VERTEX_POINT('',#2165);
#741=VERTEX_POINT('',#2169);
#742=VERTEX_POINT('',#2170);
#743=VERTEX_POINT('',#2172);
#744=VERTEX_POINT('',#2174);
#745=VERTEX_POINT('',#2178);
#746=VERTEX_POINT('',#2179);
#747=VERTEX_POINT('',#2181);
#748=VERTEX_POINT('',#2183);
#749=VERTEX_POINT('',#2185);
#750=VERTEX_POINT('',#2189);
#751=VERTEX_POINT('',#2190);
#752=VERTEX_POINT('',#2192);
#753=VERTEX_POINT('',#2194);
#754=VERTEX_POINT('',#2196);
#755=VERTEX_POINT('',#2200);
#756=VERTEX_POINT('',#2201);
#757=VERTEX_POINT('',#2213);
#758=VERTEX_POINT('',#2214);
#759=VERTEX_POINT('',#2216);
#760=VERTEX_POINT('',#2218);
#761=VERTEX_POINT('',#2221);
#762=VERTEX_POINT('',#2222);
#763=VERTEX_POINT('',#2224);
#764=VERTEX_POINT('',#2226);
#765=VERTEX_POINT('',#2228);
#766=VERTEX_POINT('',#2230);
#767=VERTEX_POINT('',#2232);
#768=VERTEX_POINT('',#2234);
#769=VERTEX_POINT('',#2236);
#770=VERTEX_POINT('',#2238);
#771=VERTEX_POINT('',#2242);
#772=VERTEX_POINT('',#2244);
#773=VERTEX_POINT('',#2248);
#774=VERTEX_POINT('',#2252);
#775=VERTEX_POINT('',#2256);
#776=VERTEX_POINT('',#2258);
#777=VERTEX_POINT('',#2260);
#778=VERTEX_POINT('',#2264);
#779=VERTEX_POINT('',#2266);
#780=VERTEX_POINT('',#2268);
#781=VERTEX_POINT('',#2272);
#782=VERTEX_POINT('',#2274);
#783=VERTEX_POINT('',#2277);
#784=VERTEX_POINT('',#2278);
#785=VERTEX_POINT('',#2280);
#786=VERTEX_POINT('',#2282);
#787=VERTEX_POINT('',#2286);
#788=VERTEX_POINT('',#2288);
#789=VERTEX_POINT('',#2291);
#790=VERTEX_POINT('',#2292);
#791=VERTEX_POINT('',#2294);
#792=VERTEX_POINT('',#2296);
#793=VERTEX_POINT('',#2299);
#794=VERTEX_POINT('',#2300);
#795=VERTEX_POINT('',#2302);
#796=VERTEX_POINT('',#2304);
#797=VERTEX_POINT('',#2307);
#798=VERTEX_POINT('',#2308);
#799=VERTEX_POINT('',#2310);
#800=VERTEX_POINT('',#2312);
#801=VERTEX_POINT('',#2315);
#802=VERTEX_POINT('',#2316);
#803=VERTEX_POINT('',#2318);
#804=VERTEX_POINT('',#2320);
#805=VERTEX_POINT('',#2330);
#806=VERTEX_POINT('',#2334);
#807=VERTEX_POINT('',#2336);
#808=VERTEX_POINT('',#2341);
#809=VERTEX_POINT('',#2344);
#810=VERTEX_POINT('',#2352);
#811=VERTEX_POINT('',#2354);
#812=VERTEX_POINT('',#2360);
#813=VERTEX_POINT('',#2369);
#814=VERTEX_POINT('',#2371);
#815=VERTEX_POINT('',#2375);
#816=VERTEX_POINT('',#2377);
#817=VERTEX_POINT('',#2400);
#818=VERTEX_POINT('',#2402);
#819=VERTEX_POINT('',#2406);
#820=VERTEX_POINT('',#2410);
#821=VERTEX_POINT('',#2414);
#822=VERTEX_POINT('',#2418);
#823=VERTEX_POINT('',#2419);
#824=VERTEX_POINT('',#2424);
#825=VERTEX_POINT('',#2433);
#826=VERTEX_POINT('',#2434);
#827=VERTEX_POINT('',#2436);
#828=VERTEX_POINT('',#2438);
#829=VERTEX_POINT('',#2441);
#830=VERTEX_POINT('',#2442);
#831=VERTEX_POINT('',#2444);
#832=VERTEX_POINT('',#2446);
#833=VERTEX_POINT('',#2451);
#834=VERTEX_POINT('',#2452);
#835=VERTEX_POINT('',#2454);
#836=VERTEX_POINT('',#2456);
#837=VERTEX_POINT('',#2460);
#838=VERTEX_POINT('',#2462);
#839=VERTEX_POINT('',#2466);
#840=VERTEX_POINT('',#2468);
#841=VERTEX_POINT('',#2476);
#842=VERTEX_POINT('',#2478);
#843=VERTEX_POINT('',#2482);
#844=VERTEX_POINT('',#2484);
#845=VERTEX_POINT('',#2492);
#846=VERTEX_POINT('',#2493);
#847=VERTEX_POINT('',#2495);
#848=VERTEX_POINT('',#2497);
#849=VERTEX_POINT('',#2517);
#850=VERTEX_POINT('',#2518);
#851=VERTEX_POINT('',#2520);
#852=VERTEX_POINT('',#2522);
#853=VERTEX_POINT('',#2526);
#854=VERTEX_POINT('',#2528);
#855=VERTEX_POINT('',#2532);
#856=VERTEX_POINT('',#2534);
#857=VERTEX_POINT('',#2542);
#858=VERTEX_POINT('',#2544);
#859=VERTEX_POINT('',#2548);
#860=VERTEX_POINT('',#2550);
#861=VERTEX_POINT('',#2558);
#862=VERTEX_POINT('',#2559);
#863=VERTEX_POINT('',#2561);
#864=VERTEX_POINT('',#2563);
#865=EDGE_CURVE('',#731,#732,#729,.T.);
#866=EDGE_CURVE('',#731,#733,#341,.T.);
#867=EDGE_CURVE('',#734,#733,#329,.T.);
#868=EDGE_CURVE('',#732,#734,#342,.T.);
#869=EDGE_CURVE('',#735,#736,#730,.T.);
#870=EDGE_CURVE('',#737,#735,#139,.T.);
#871=EDGE_CURVE('',#737,#738,#330,.T.);
#872=EDGE_CURVE('',#736,#738,#140,.T.);
#873=EDGE_CURVE('',#737,#739,#343,.T.);
#874=EDGE_CURVE('',#739,#740,#331,.T.);
#875=EDGE_CURVE('',#738,#740,#344,.T.);
#876=EDGE_CURVE('',#741,#742,#332,.T.);
#877=EDGE_CURVE('',#743,#742,#345,.T.);
#878=EDGE_CURVE('',#744,#743,#333,.T.);
#879=EDGE_CURVE('',#744,#741,#346,.T.);
#880=EDGE_CURVE('',#745,#746,#334,.T.);
#881=EDGE_CURVE('',#745,#747,#347,.T.);
#882=EDGE_CURVE('',#747,#748,#335,.T.);
#883=EDGE_CURVE('',#748,#749,#336,.T.);
#884=EDGE_CURVE('',#746,#749,#348,.T.);
#885=EDGE_CURVE('',#750,#751,#337,.T.);
#886=EDGE_CURVE('',#752,#751,#349,.T.);
#887=EDGE_CURVE('',#753,#752,#338,.T.);
#888=EDGE_CURVE('',#753,#754,#350,.T.);
#889=EDGE_CURVE('',#754,#750,#339,.T.);
#890=EDGE_CURVE('',#755,#756,#340,.T.);
#891=EDGE_CURVE('',#735,#755,#351,.T.);
#892=EDGE_CURVE('',#736,#756,#352,.T.);
#893=EDGE_CURVE('',#743,#731,#141,.T.);
#894=EDGE_CURVE('',#732,#744,#142,.T.);
#895=EDGE_CURVE('',#757,#758,#353,.T.);
#896=EDGE_CURVE('',#759,#758,#354,.T.);
#897=EDGE_CURVE('',#760,#759,#355,.T.);
#898=EDGE_CURVE('',#760,#757,#356,.T.);
#899=EDGE_CURVE('',#761,#762,#357,.T.);
#900=EDGE_CURVE('',#763,#761,#358,.T.);
#901=EDGE_CURVE('',#764,#763,#359,.T.);
#902=EDGE_CURVE('',#765,#764,#360,.T.);
#903=EDGE_CURVE('',#766,#765,#361,.T.);
#904=EDGE_CURVE('',#767,#766,#362,.T.);
#905=EDGE_CURVE('',#768,#767,#363,.T.);
#906=EDGE_CURVE('',#769,#768,#364,.T.);
#907=EDGE_CURVE('',#770,#769,#365,.T.);
#908=EDGE_CURVE('',#762,#770,#366,.T.);
#909=EDGE_CURVE('',#761,#771,#367,.T.);
#910=EDGE_CURVE('',#771,#772,#368,.T.);
#911=EDGE_CURVE('',#772,#763,#369,.T.);
#912=EDGE_CURVE('',#756,#773,#370,.T.);
#913=EDGE_CURVE('',#738,#773,#371,.T.);
#914=EDGE_CURVE('',#774,#755,#372,.T.);
#915=EDGE_CURVE('',#774,#737,#373,.T.);
#916=EDGE_CURVE('',#749,#775,#374,.T.);
#917=EDGE_CURVE('',#776,#748,#375,.T.);
#918=EDGE_CURVE('',#776,#777,#376,.T.);
#919=EDGE_CURVE('',#777,#775,#377,.T.);
#920=EDGE_CURVE('',#778,#754,#378,.T.);
#921=EDGE_CURVE('',#779,#778,#379,.T.);
#922=EDGE_CURVE('',#779,#780,#380,.T.);
#923=EDGE_CURVE('',#780,#750,#381,.T.);
#924=EDGE_CURVE('',#781,#760,#382,.T.);
#925=EDGE_CURVE('',#759,#782,#383,.T.);
#926=EDGE_CURVE('',#782,#781,#384,.T.);
#927=EDGE_CURVE('',#783,#784,#385,.T.);
#928=EDGE_CURVE('',#784,#785,#386,.T.);
#929=EDGE_CURVE('',#786,#785,#387,.T.);
#930=EDGE_CURVE('',#783,#786,#388,.T.);
#931=EDGE_CURVE('',#787,#757,#389,.T.);
#932=EDGE_CURVE('',#788,#787,#390,.T.);
#933=EDGE_CURVE('',#758,#788,#391,.T.);
#934=EDGE_CURVE('',#789,#790,#392,.T.);
#935=EDGE_CURVE('',#789,#791,#393,.T.);
#936=EDGE_CURVE('',#791,#792,#394,.T.);
#937=EDGE_CURVE('',#790,#792,#395,.T.);
#938=EDGE_CURVE('',#793,#794,#396,.T.);
#939=EDGE_CURVE('',#795,#793,#397,.T.);
#940=EDGE_CURVE('',#795,#796,#398,.T.);
#941=EDGE_CURVE('',#796,#794,#399,.T.);
#942=EDGE_CURVE('',#797,#798,#400,.T.);
#943=EDGE_CURVE('',#797,#799,#401,.T.);
#944=EDGE_CURVE('',#800,#799,#402,.T.);
#945=EDGE_CURVE('',#798,#800,#403,.T.);
#946=EDGE_CURVE('',#801,#802,#404,.T.);
#947=EDGE_CURVE('',#801,#803,#405,.T.);
#948=EDGE_CURVE('',#804,#803,#406,.T.);
#949=EDGE_CURVE('',#802,#804,#407,.T.);
#950=EDGE_CURVE('',#781,#787,#408,.T.);
#951=EDGE_CURVE('',#782,#788,#409,.T.);
#952=EDGE_CURVE('',#780,#789,#410,.T.);
#953=EDGE_CURVE('',#805,#790,#411,.T.);
#954=EDGE_CURVE('',#750,#805,#412,.T.);
#955=EDGE_CURVE('',#806,#805,#413,.T.);
#956=EDGE_CURVE('',#807,#806,#414,.T.);
#957=EDGE_CURVE('',#751,#807,#415,.T.);
#958=EDGE_CURVE('',#791,#779,#416,.T.);
#959=EDGE_CURVE('',#808,#778,#417,.T.);
#960=EDGE_CURVE('',#808,#734,#418,.T.);
#961=EDGE_CURVE('',#733,#809,#419,.T.);
#962=EDGE_CURVE('',#809,#807,#420,.T.);
#963=EDGE_CURVE('',#792,#806,#421,.T.);
#964=EDGE_CURVE('',#777,#795,#422,.T.);
#965=EDGE_CURVE('',#810,#793,#423,.T.);
#966=EDGE_CURVE('',#811,#810,#424,.T.);
#967=EDGE_CURVE('',#774,#811,#425,.T.);
#968=EDGE_CURVE('',#773,#775,#426,.T.);
#969=EDGE_CURVE('',#811,#747,#427,.T.);
#970=EDGE_CURVE('',#812,#810,#428,.T.);
#971=EDGE_CURVE('',#748,#812,#429,.T.);
#972=EDGE_CURVE('',#796,#776,#430,.T.);
#973=EDGE_CURVE('',#794,#812,#431,.T.);
#974=EDGE_CURVE('',#813,#784,#432,.T.);
#975=EDGE_CURVE('',#814,#783,#433,.T.);
#976=EDGE_CURVE('',#814,#813,#434,.T.);
#977=EDGE_CURVE('',#785,#815,#435,.T.);
#978=EDGE_CURVE('',#816,#815,#436,.T.);
#979=EDGE_CURVE('',#786,#816,#437,.T.);
#980=EDGE_CURVE('',#815,#813,#438,.T.);
#981=EDGE_CURVE('',#816,#814,#439,.T.);
#982=EDGE_CURVE('',#743,#809,#440,.T.);
#983=EDGE_CURVE('',#742,#752,#441,.T.);
#984=EDGE_CURVE('',#753,#741,#442,.T.);
#985=EDGE_CURVE('',#808,#744,#443,.T.);
#986=EDGE_CURVE('',#745,#739,#444,.T.);
#987=EDGE_CURVE('',#740,#746,#445,.T.);
#988=EDGE_CURVE('',#762,#817,#446,.T.);
#989=EDGE_CURVE('',#818,#770,#447,.T.);
#990=EDGE_CURVE('',#818,#817,#448,.T.);
#991=EDGE_CURVE('',#819,#818,#449,.T.);
#992=EDGE_CURVE('',#819,#769,#450,.T.);
#993=EDGE_CURVE('',#820,#819,#451,.T.);
#994=EDGE_CURVE('',#820,#768,#452,.T.);
#995=EDGE_CURVE('',#821,#820,#453,.T.);
#996=EDGE_CURVE('',#821,#767,#454,.T.);
#997=EDGE_CURVE('',#822,#823,#455,.T.);
#998=EDGE_CURVE('',#823,#766,#456,.T.);
#999=EDGE_CURVE('',#822,#765,#457,.T.);
#1000=EDGE_CURVE('',#824,#822,#458,.T.);
#1001=EDGE_CURVE('',#824,#764,#459,.T.);
#1002=EDGE_CURVE('',#772,#824,#460,.T.);
#1003=EDGE_CURVE('',#823,#821,#461,.T.);
#1004=EDGE_CURVE('',#771,#817,#462,.T.);
#1005=EDGE_CURVE('',#825,#826,#463,.T.);
#1006=EDGE_CURVE('',#825,#827,#464,.T.);
#1007=EDGE_CURVE('',#827,#828,#465,.T.);
#1008=EDGE_CURVE('',#828,#826,#466,.T.);
#1009=EDGE_CURVE('',#829,#830,#467,.T.);
#1010=EDGE_CURVE('',#829,#831,#468,.T.);
#1011=EDGE_CURVE('',#831,#832,#469,.T.);
#1012=EDGE_CURVE('',#832,#830,#470,.T.);
#1013=EDGE_CURVE('',#833,#834,#471,.T.);
#1014=EDGE_CURVE('',#834,#835,#472,.T.);
#1015=EDGE_CURVE('',#835,#836,#473,.T.);
#1016=EDGE_CURVE('',#836,#833,#474,.T.);
#1017=EDGE_CURVE('',#830,#837,#475,.T.);
#1018=EDGE_CURVE('',#837,#838,#476,.T.);
#1019=EDGE_CURVE('',#838,#829,#477,.T.);
#1020=EDGE_CURVE('',#839,#831,#478,.T.);
#1021=EDGE_CURVE('',#839,#840,#479,.T.);
#1022=EDGE_CURVE('',#832,#840,#480,.T.);
#1023=EDGE_CURVE('',#840,#837,#481,.T.);
#1024=EDGE_CURVE('',#838,#839,#482,.T.);
#1025=EDGE_CURVE('',#802,#841,#483,.T.);
#1026=EDGE_CURVE('',#841,#842,#484,.T.);
#1027=EDGE_CURVE('',#801,#842,#485,.T.);
#1028=EDGE_CURVE('',#843,#803,#486,.T.);
#1029=EDGE_CURVE('',#843,#844,#487,.T.);
#1030=EDGE_CURVE('',#844,#804,#488,.T.);
#1031=EDGE_CURVE('',#842,#843,#489,.T.);
#1032=EDGE_CURVE('',#844,#841,#490,.T.);
#1033=EDGE_CURVE('',#845,#846,#491,.T.);
#1034=EDGE_CURVE('',#846,#847,#492,.T.);
#1035=EDGE_CURVE('',#847,#848,#493,.T.);
#1036=EDGE_CURVE('',#848,#845,#494,.T.);
#1037=EDGE_CURVE('',#845,#844,#495,.T.);
#1038=EDGE_CURVE('',#841,#848,#496,.T.);
#1039=EDGE_CURVE('',#842,#847,#497,.T.);
#1040=EDGE_CURVE('',#846,#843,#498,.T.);
#1041=EDGE_CURVE('',#839,#836,#499,.T.);
#1042=EDGE_CURVE('',#833,#838,#500,.T.);
#1043=EDGE_CURVE('',#834,#837,#501,.T.);
#1044=EDGE_CURVE('',#840,#835,#502,.T.);
#1045=EDGE_CURVE('',#849,#850,#503,.T.);
#1046=EDGE_CURVE('',#850,#851,#504,.T.);
#1047=EDGE_CURVE('',#851,#852,#505,.T.);
#1048=EDGE_CURVE('',#852,#849,#506,.T.);
#1049=EDGE_CURVE('',#826,#853,#507,.T.);
#1050=EDGE_CURVE('',#853,#854,#508,.T.);
#1051=EDGE_CURVE('',#854,#825,#509,.T.);
#1052=EDGE_CURVE('',#855,#827,#510,.T.);
#1053=EDGE_CURVE('',#855,#856,#511,.T.);
#1054=EDGE_CURVE('',#828,#856,#512,.T.);
#1055=EDGE_CURVE('',#856,#853,#513,.T.);
#1056=EDGE_CURVE('',#854,#855,#514,.T.);
#1057=EDGE_CURVE('',#798,#857,#515,.T.);
#1058=EDGE_CURVE('',#857,#858,#516,.T.);
#1059=EDGE_CURVE('',#797,#858,#517,.T.);
#1060=EDGE_CURVE('',#859,#799,#518,.T.);
#1061=EDGE_CURVE('',#859,#860,#519,.T.);
#1062=EDGE_CURVE('',#860,#800,#520,.T.);
#1063=EDGE_CURVE('',#858,#859,#521,.T.);
#1064=EDGE_CURVE('',#860,#857,#522,.T.);
#1065=EDGE_CURVE('',#861,#862,#523,.T.);
#1066=EDGE_CURVE('',#862,#863,#524,.T.);
#1067=EDGE_CURVE('',#863,#864,#525,.T.);
#1068=EDGE_CURVE('',#864,#861,#526,.T.);
#1069=EDGE_CURVE('',#861,#860,#527,.T.);
#1070=EDGE_CURVE('',#857,#864,#528,.T.);
#1071=EDGE_CURVE('',#858,#863,#529,.T.);
#1072=EDGE_CURVE('',#862,#859,#530,.T.);
#1073=EDGE_CURVE('',#855,#852,#531,.T.);
#1074=EDGE_CURVE('',#849,#854,#532,.T.);
#1075=EDGE_CURVE('',#850,#853,#533,.T.);
#1076=EDGE_CURVE('',#856,#851,#534,.T.);
#1077=ORIENTED_EDGE('',*,*,#865,.F.);
#1078=ORIENTED_EDGE('',*,*,#866,.T.);
#1079=ORIENTED_EDGE('',*,*,#867,.F.);
#1080=ORIENTED_EDGE('',*,*,#868,.F.);
#1081=ORIENTED_EDGE('',*,*,#869,.F.);
#1082=ORIENTED_EDGE('',*,*,#870,.F.);
#1083=ORIENTED_EDGE('',*,*,#871,.T.);
#1084=ORIENTED_EDGE('',*,*,#872,.F.);
#1085=ORIENTED_EDGE('',*,*,#871,.F.);
#1086=ORIENTED_EDGE('',*,*,#873,.T.);
#1087=ORIENTED_EDGE('',*,*,#874,.T.);
#1088=ORIENTED_EDGE('',*,*,#875,.F.);
#1089=ORIENTED_EDGE('',*,*,#876,.T.);
#1090=ORIENTED_EDGE('',*,*,#877,.F.);
#1091=ORIENTED_EDGE('',*,*,#878,.F.);
#1092=ORIENTED_EDGE('',*,*,#879,.T.);
#1093=ORIENTED_EDGE('',*,*,#880,.F.);
#1094=ORIENTED_EDGE('',*,*,#881,.T.);
#1095=ORIENTED_EDGE('',*,*,#882,.T.);
#1096=ORIENTED_EDGE('',*,*,#883,.T.);
#1097=ORIENTED_EDGE('',*,*,#884,.F.);
#1098=ORIENTED_EDGE('',*,*,#885,.T.);
#1099=ORIENTED_EDGE('',*,*,#886,.F.);
#1100=ORIENTED_EDGE('',*,*,#887,.F.);
#1101=ORIENTED_EDGE('',*,*,#888,.T.);
#1102=ORIENTED_EDGE('',*,*,#889,.T.);
#1103=ORIENTED_EDGE('',*,*,#890,.F.);
#1104=ORIENTED_EDGE('',*,*,#891,.F.);
#1105=ORIENTED_EDGE('',*,*,#869,.T.);
#1106=ORIENTED_EDGE('',*,*,#892,.T.);
#1107=ORIENTED_EDGE('',*,*,#878,.T.);
#1108=ORIENTED_EDGE('',*,*,#893,.T.);
#1109=ORIENTED_EDGE('',*,*,#865,.T.);
#1110=ORIENTED_EDGE('',*,*,#894,.T.);
#1111=ORIENTED_EDGE('',*,*,#895,.T.);
#1112=ORIENTED_EDGE('',*,*,#896,.F.);
#1113=ORIENTED_EDGE('',*,*,#897,.F.);
#1114=ORIENTED_EDGE('',*,*,#898,.T.);
#1115=ORIENTED_EDGE('',*,*,#899,.F.);
#1116=ORIENTED_EDGE('',*,*,#900,.F.);
#1117=ORIENTED_EDGE('',*,*,#901,.F.);
#1118=ORIENTED_EDGE('',*,*,#902,.F.);
#1119=ORIENTED_EDGE('',*,*,#903,.F.);
#1120=ORIENTED_EDGE('',*,*,#904,.F.);
#1121=ORIENTED_EDGE('',*,*,#905,.F.);
#1122=ORIENTED_EDGE('',*,*,#906,.F.);
#1123=ORIENTED_EDGE('',*,*,#907,.F.);
#1124=ORIENTED_EDGE('',*,*,#908,.F.);
#1125=ORIENTED_EDGE('',*,*,#900,.T.);
#1126=ORIENTED_EDGE('',*,*,#909,.T.);
#1127=ORIENTED_EDGE('',*,*,#910,.T.);
#1128=ORIENTED_EDGE('',*,*,#911,.T.);
#1129=ORIENTED_EDGE('',*,*,#912,.F.);
#1130=ORIENTED_EDGE('',*,*,#892,.F.);
#1131=ORIENTED_EDGE('',*,*,#872,.T.);
#1132=ORIENTED_EDGE('',*,*,#913,.T.);
#1133=ORIENTED_EDGE('',*,*,#914,.F.);
#1134=ORIENTED_EDGE('',*,*,#915,.T.);
#1135=ORIENTED_EDGE('',*,*,#870,.T.);
#1136=ORIENTED_EDGE('',*,*,#891,.T.);
#1137=ORIENTED_EDGE('',*,*,#916,.F.);
#1138=ORIENTED_EDGE('',*,*,#883,.F.);
#1139=ORIENTED_EDGE('',*,*,#917,.F.);
#1140=ORIENTED_EDGE('',*,*,#918,.T.);
#1141=ORIENTED_EDGE('',*,*,#919,.T.);
#1142=ORIENTED_EDGE('',*,*,#920,.F.);
#1143=ORIENTED_EDGE('',*,*,#921,.F.);
#1144=ORIENTED_EDGE('',*,*,#922,.T.);
#1145=ORIENTED_EDGE('',*,*,#923,.T.);
#1146=ORIENTED_EDGE('',*,*,#889,.F.);
#1147=ORIENTED_EDGE('',*,*,#924,.T.);
#1148=ORIENTED_EDGE('',*,*,#897,.T.);
#1149=ORIENTED_EDGE('',*,*,#925,.T.);
#1150=ORIENTED_EDGE('',*,*,#926,.T.);
#1151=ORIENTED_EDGE('',*,*,#927,.T.);
#1152=ORIENTED_EDGE('',*,*,#928,.T.);
#1153=ORIENTED_EDGE('',*,*,#929,.F.);
#1154=ORIENTED_EDGE('',*,*,#930,.F.);
#1155=ORIENTED_EDGE('',*,*,#931,.F.);
#1156=ORIENTED_EDGE('',*,*,#932,.F.);
#1157=ORIENTED_EDGE('',*,*,#933,.F.);
#1158=ORIENTED_EDGE('',*,*,#895,.F.);
#1159=ORIENTED_EDGE('',*,*,#934,.F.);
#1160=ORIENTED_EDGE('',*,*,#935,.T.);
#1161=ORIENTED_EDGE('',*,*,#936,.T.);
#1162=ORIENTED_EDGE('',*,*,#937,.F.);
#1163=ORIENTED_EDGE('',*,*,#938,.F.);
#1164=ORIENTED_EDGE('',*,*,#939,.F.);
#1165=ORIENTED_EDGE('',*,*,#940,.T.);
#1166=ORIENTED_EDGE('',*,*,#941,.T.);
#1167=ORIENTED_EDGE('',*,*,#942,.F.);
#1168=ORIENTED_EDGE('',*,*,#943,.T.);
#1169=ORIENTED_EDGE('',*,*,#944,.F.);
#1170=ORIENTED_EDGE('',*,*,#945,.F.);
#1171=ORIENTED_EDGE('',*,*,#946,.F.);
#1172=ORIENTED_EDGE('',*,*,#947,.T.);
#1173=ORIENTED_EDGE('',*,*,#948,.F.);
#1174=ORIENTED_EDGE('',*,*,#949,.F.);
#1175=ORIENTED_EDGE('',*,*,#931,.T.);
#1176=ORIENTED_EDGE('',*,*,#898,.F.);
#1177=ORIENTED_EDGE('',*,*,#924,.F.);
#1178=ORIENTED_EDGE('',*,*,#950,.T.);
#1179=ORIENTED_EDGE('',*,*,#933,.T.);
#1180=ORIENTED_EDGE('',*,*,#951,.F.);
#1181=ORIENTED_EDGE('',*,*,#925,.F.);
#1182=ORIENTED_EDGE('',*,*,#896,.T.);
#1183=ORIENTED_EDGE('',*,*,#932,.T.);
#1184=ORIENTED_EDGE('',*,*,#950,.F.);
#1185=ORIENTED_EDGE('',*,*,#926,.F.);
#1186=ORIENTED_EDGE('',*,*,#951,.T.);
#1187=ORIENTED_EDGE('',*,*,#952,.T.);
#1188=ORIENTED_EDGE('',*,*,#934,.T.);
#1189=ORIENTED_EDGE('',*,*,#953,.F.);
#1190=ORIENTED_EDGE('',*,*,#954,.F.);
#1191=ORIENTED_EDGE('',*,*,#923,.F.);
#1192=ORIENTED_EDGE('',*,*,#885,.F.);
#1193=ORIENTED_EDGE('',*,*,#954,.T.);
#1194=ORIENTED_EDGE('',*,*,#955,.F.);
#1195=ORIENTED_EDGE('',*,*,#956,.F.);
#1196=ORIENTED_EDGE('',*,*,#957,.F.);
#1197=ORIENTED_EDGE('',*,*,#958,.T.);
#1198=ORIENTED_EDGE('',*,*,#921,.T.);
#1199=ORIENTED_EDGE('',*,*,#959,.F.);
#1200=ORIENTED_EDGE('',*,*,#960,.T.);
#1201=ORIENTED_EDGE('',*,*,#867,.T.);
#1202=ORIENTED_EDGE('',*,*,#961,.T.);
#1203=ORIENTED_EDGE('',*,*,#962,.T.);
#1204=ORIENTED_EDGE('',*,*,#956,.T.);
#1205=ORIENTED_EDGE('',*,*,#963,.F.);
#1206=ORIENTED_EDGE('',*,*,#936,.F.);
#1207=ORIENTED_EDGE('',*,*,#953,.T.);
#1208=ORIENTED_EDGE('',*,*,#937,.T.);
#1209=ORIENTED_EDGE('',*,*,#963,.T.);
#1210=ORIENTED_EDGE('',*,*,#955,.T.);
#1211=ORIENTED_EDGE('',*,*,#952,.F.);
#1212=ORIENTED_EDGE('',*,*,#922,.F.);
#1213=ORIENTED_EDGE('',*,*,#958,.F.);
#1214=ORIENTED_EDGE('',*,*,#935,.F.);
#1215=ORIENTED_EDGE('',*,*,#964,.T.);
#1216=ORIENTED_EDGE('',*,*,#939,.T.);
#1217=ORIENTED_EDGE('',*,*,#965,.F.);
#1218=ORIENTED_EDGE('',*,*,#966,.F.);
#1219=ORIENTED_EDGE('',*,*,#967,.F.);
#1220=ORIENTED_EDGE('',*,*,#914,.T.);
#1221=ORIENTED_EDGE('',*,*,#890,.T.);
#1222=ORIENTED_EDGE('',*,*,#912,.T.);
#1223=ORIENTED_EDGE('',*,*,#968,.T.);
#1224=ORIENTED_EDGE('',*,*,#919,.F.);
#1225=ORIENTED_EDGE('',*,*,#882,.F.);
#1226=ORIENTED_EDGE('',*,*,#969,.F.);
#1227=ORIENTED_EDGE('',*,*,#966,.T.);
#1228=ORIENTED_EDGE('',*,*,#970,.F.);
#1229=ORIENTED_EDGE('',*,*,#971,.F.);
#1230=ORIENTED_EDGE('',*,*,#972,.T.);
#1231=ORIENTED_EDGE('',*,*,#917,.T.);
#1232=ORIENTED_EDGE('',*,*,#971,.T.);
#1233=ORIENTED_EDGE('',*,*,#973,.F.);
#1234=ORIENTED_EDGE('',*,*,#941,.F.);
#1235=ORIENTED_EDGE('',*,*,#965,.T.);
#1236=ORIENTED_EDGE('',*,*,#938,.T.);
#1237=ORIENTED_EDGE('',*,*,#973,.T.);
#1238=ORIENTED_EDGE('',*,*,#970,.T.);
#1239=ORIENTED_EDGE('',*,*,#964,.F.);
#1240=ORIENTED_EDGE('',*,*,#918,.F.);
#1241=ORIENTED_EDGE('',*,*,#972,.F.);
#1242=ORIENTED_EDGE('',*,*,#940,.F.);
#1243=ORIENTED_EDGE('',*,*,#974,.T.);
#1244=ORIENTED_EDGE('',*,*,#927,.F.);
#1245=ORIENTED_EDGE('',*,*,#975,.F.);
#1246=ORIENTED_EDGE('',*,*,#976,.T.);
#1247=ORIENTED_EDGE('',*,*,#977,.T.);
#1248=ORIENTED_EDGE('',*,*,#978,.F.);
#1249=ORIENTED_EDGE('',*,*,#979,.F.);
#1250=ORIENTED_EDGE('',*,*,#929,.T.);
#1251=ORIENTED_EDGE('',*,*,#980,.T.);
#1252=ORIENTED_EDGE('',*,*,#976,.F.);
#1253=ORIENTED_EDGE('',*,*,#981,.F.);
#1254=ORIENTED_EDGE('',*,*,#978,.T.);
#1255=ORIENTED_EDGE('',*,*,#975,.T.);
#1256=ORIENTED_EDGE('',*,*,#930,.T.);
#1257=ORIENTED_EDGE('',*,*,#979,.T.);
#1258=ORIENTED_EDGE('',*,*,#981,.T.);
#1259=ORIENTED_EDGE('',*,*,#974,.F.);
#1260=ORIENTED_EDGE('',*,*,#980,.F.);
#1261=ORIENTED_EDGE('',*,*,#977,.F.);
#1262=ORIENTED_EDGE('',*,*,#928,.F.);
#1263=ORIENTED_EDGE('',*,*,#957,.T.);
#1264=ORIENTED_EDGE('',*,*,#962,.F.);
#1265=ORIENTED_EDGE('',*,*,#982,.F.);
#1266=ORIENTED_EDGE('',*,*,#877,.T.);
#1267=ORIENTED_EDGE('',*,*,#983,.T.);
#1268=ORIENTED_EDGE('',*,*,#886,.T.);
#1269=ORIENTED_EDGE('',*,*,#920,.T.);
#1270=ORIENTED_EDGE('',*,*,#888,.F.);
#1271=ORIENTED_EDGE('',*,*,#984,.T.);
#1272=ORIENTED_EDGE('',*,*,#879,.F.);
#1273=ORIENTED_EDGE('',*,*,#985,.F.);
#1274=ORIENTED_EDGE('',*,*,#959,.T.);
#1275=ORIENTED_EDGE('',*,*,#969,.T.);
#1276=ORIENTED_EDGE('',*,*,#881,.F.);
#1277=ORIENTED_EDGE('',*,*,#986,.T.);
#1278=ORIENTED_EDGE('',*,*,#873,.F.);
#1279=ORIENTED_EDGE('',*,*,#915,.F.);
#1280=ORIENTED_EDGE('',*,*,#967,.T.);
#1281=ORIENTED_EDGE('',*,*,#916,.T.);
#1282=ORIENTED_EDGE('',*,*,#968,.F.);
#1283=ORIENTED_EDGE('',*,*,#913,.F.);
#1284=ORIENTED_EDGE('',*,*,#875,.T.);
#1285=ORIENTED_EDGE('',*,*,#987,.T.);
#1286=ORIENTED_EDGE('',*,*,#884,.T.);
#1287=ORIENTED_EDGE('',*,*,#984,.F.);
#1288=ORIENTED_EDGE('',*,*,#887,.T.);
#1289=ORIENTED_EDGE('',*,*,#983,.F.);
#1290=ORIENTED_EDGE('',*,*,#876,.F.);
#1291=ORIENTED_EDGE('',*,*,#986,.F.);
#1292=ORIENTED_EDGE('',*,*,#880,.T.);
#1293=ORIENTED_EDGE('',*,*,#987,.F.);
#1294=ORIENTED_EDGE('',*,*,#874,.F.);
#1295=ORIENTED_EDGE('',*,*,#960,.F.);
#1296=ORIENTED_EDGE('',*,*,#985,.T.);
#1297=ORIENTED_EDGE('',*,*,#894,.F.);
#1298=ORIENTED_EDGE('',*,*,#868,.T.);
#1299=ORIENTED_EDGE('',*,*,#961,.F.);
#1300=ORIENTED_EDGE('',*,*,#866,.F.);
#1301=ORIENTED_EDGE('',*,*,#893,.F.);
#1302=ORIENTED_EDGE('',*,*,#982,.T.);
#1303=ORIENTED_EDGE('',*,*,#988,.F.);
#1304=ORIENTED_EDGE('',*,*,#908,.T.);
#1305=ORIENTED_EDGE('',*,*,#989,.F.);
#1306=ORIENTED_EDGE('',*,*,#990,.T.);
#1307=ORIENTED_EDGE('',*,*,#991,.T.);
#1308=ORIENTED_EDGE('',*,*,#989,.T.);
#1309=ORIENTED_EDGE('',*,*,#907,.T.);
#1310=ORIENTED_EDGE('',*,*,#992,.F.);
#1311=ORIENTED_EDGE('',*,*,#993,.T.);
#1312=ORIENTED_EDGE('',*,*,#992,.T.);
#1313=ORIENTED_EDGE('',*,*,#906,.T.);
#1314=ORIENTED_EDGE('',*,*,#994,.F.);
#1315=ORIENTED_EDGE('',*,*,#995,.T.);
#1316=ORIENTED_EDGE('',*,*,#994,.T.);
#1317=ORIENTED_EDGE('',*,*,#905,.T.);
#1318=ORIENTED_EDGE('',*,*,#996,.F.);
#1319=ORIENTED_EDGE('',*,*,#997,.T.);
#1320=ORIENTED_EDGE('',*,*,#998,.T.);
#1321=ORIENTED_EDGE('',*,*,#903,.T.);
#1322=ORIENTED_EDGE('',*,*,#999,.F.);
#1323=ORIENTED_EDGE('',*,*,#1000,.T.);
#1324=ORIENTED_EDGE('',*,*,#999,.T.);
#1325=ORIENTED_EDGE('',*,*,#902,.T.);
#1326=ORIENTED_EDGE('',*,*,#1001,.F.);
#1327=ORIENTED_EDGE('',*,*,#1002,.T.);
#1328=ORIENTED_EDGE('',*,*,#1001,.T.);
#1329=ORIENTED_EDGE('',*,*,#901,.T.);
#1330=ORIENTED_EDGE('',*,*,#911,.F.);
#1331=ORIENTED_EDGE('',*,*,#1003,.T.);
#1332=ORIENTED_EDGE('',*,*,#996,.T.);
#1333=ORIENTED_EDGE('',*,*,#904,.T.);
#1334=ORIENTED_EDGE('',*,*,#998,.F.);
#1335=ORIENTED_EDGE('',*,*,#997,.F.);
#1336=ORIENTED_EDGE('',*,*,#1000,.F.);
#1337=ORIENTED_EDGE('',*,*,#1002,.F.);
#1338=ORIENTED_EDGE('',*,*,#910,.F.);
#1339=ORIENTED_EDGE('',*,*,#1004,.T.);
#1340=ORIENTED_EDGE('',*,*,#990,.F.);
#1341=ORIENTED_EDGE('',*,*,#991,.F.);
#1342=ORIENTED_EDGE('',*,*,#993,.F.);
#1343=ORIENTED_EDGE('',*,*,#995,.F.);
#1344=ORIENTED_EDGE('',*,*,#1003,.F.);
#1345=ORIENTED_EDGE('',*,*,#1005,.F.);
#1346=ORIENTED_EDGE('',*,*,#1006,.T.);
#1347=ORIENTED_EDGE('',*,*,#1007,.T.);
#1348=ORIENTED_EDGE('',*,*,#1008,.T.);
#1349=ORIENTED_EDGE('',*,*,#1009,.F.);
#1350=ORIENTED_EDGE('',*,*,#1010,.T.);
#1351=ORIENTED_EDGE('',*,*,#1011,.T.);
#1352=ORIENTED_EDGE('',*,*,#1012,.T.);
#1353=ORIENTED_EDGE('',*,*,#1004,.F.);
#1354=ORIENTED_EDGE('',*,*,#909,.F.);
#1355=ORIENTED_EDGE('',*,*,#899,.T.);
#1356=ORIENTED_EDGE('',*,*,#988,.T.);
#1357=ORIENTED_EDGE('',*,*,#1013,.T.);
#1358=ORIENTED_EDGE('',*,*,#1014,.T.);
#1359=ORIENTED_EDGE('',*,*,#1015,.T.);
#1360=ORIENTED_EDGE('',*,*,#1016,.T.);
#1361=ORIENTED_EDGE('',*,*,#1017,.T.);
#1362=ORIENTED_EDGE('',*,*,#1018,.T.);
#1363=ORIENTED_EDGE('',*,*,#1019,.T.);
#1364=ORIENTED_EDGE('',*,*,#1009,.T.);
#1365=ORIENTED_EDGE('',*,*,#1020,.F.);
#1366=ORIENTED_EDGE('',*,*,#1021,.T.);
#1367=ORIENTED_EDGE('',*,*,#1022,.F.);
#1368=ORIENTED_EDGE('',*,*,#1011,.F.);
#1369=ORIENTED_EDGE('',*,*,#1022,.T.);
#1370=ORIENTED_EDGE('',*,*,#1023,.T.);
#1371=ORIENTED_EDGE('',*,*,#1017,.F.);
#1372=ORIENTED_EDGE('',*,*,#1012,.F.);
#1373=ORIENTED_EDGE('',*,*,#1019,.F.);
#1374=ORIENTED_EDGE('',*,*,#1024,.T.);
#1375=ORIENTED_EDGE('',*,*,#1020,.T.);
#1376=ORIENTED_EDGE('',*,*,#1010,.F.);
#1377=ORIENTED_EDGE('',*,*,#1025,.T.);
#1378=ORIENTED_EDGE('',*,*,#1026,.T.);
#1379=ORIENTED_EDGE('',*,*,#1027,.F.);
#1380=ORIENTED_EDGE('',*,*,#946,.T.);
#1381=ORIENTED_EDGE('',*,*,#1028,.F.);
#1382=ORIENTED_EDGE('',*,*,#1029,.T.);
#1383=ORIENTED_EDGE('',*,*,#1030,.T.);
#1384=ORIENTED_EDGE('',*,*,#948,.T.);
#1385=ORIENTED_EDGE('',*,*,#1027,.T.);
#1386=ORIENTED_EDGE('',*,*,#1031,.T.);
#1387=ORIENTED_EDGE('',*,*,#1028,.T.);
#1388=ORIENTED_EDGE('',*,*,#947,.F.);
#1389=ORIENTED_EDGE('',*,*,#1030,.F.);
#1390=ORIENTED_EDGE('',*,*,#1032,.T.);
#1391=ORIENTED_EDGE('',*,*,#1025,.F.);
#1392=ORIENTED_EDGE('',*,*,#949,.T.);
#1393=ORIENTED_EDGE('',*,*,#1033,.T.);
#1394=ORIENTED_EDGE('',*,*,#1034,.T.);
#1395=ORIENTED_EDGE('',*,*,#1035,.T.);
#1396=ORIENTED_EDGE('',*,*,#1036,.T.);
#1397=ORIENTED_EDGE('',*,*,#1037,.F.);
#1398=ORIENTED_EDGE('',*,*,#1036,.F.);
#1399=ORIENTED_EDGE('',*,*,#1038,.F.);
#1400=ORIENTED_EDGE('',*,*,#1032,.F.);
#1401=ORIENTED_EDGE('',*,*,#1038,.T.);
#1402=ORIENTED_EDGE('',*,*,#1035,.F.);
#1403=ORIENTED_EDGE('',*,*,#1039,.F.);
#1404=ORIENTED_EDGE('',*,*,#1026,.F.);
#1405=ORIENTED_EDGE('',*,*,#1037,.T.);
#1406=ORIENTED_EDGE('',*,*,#1029,.F.);
#1407=ORIENTED_EDGE('',*,*,#1040,.F.);
#1408=ORIENTED_EDGE('',*,*,#1033,.F.);
#1409=ORIENTED_EDGE('',*,*,#1039,.T.);
#1410=ORIENTED_EDGE('',*,*,#1034,.F.);
#1411=ORIENTED_EDGE('',*,*,#1040,.T.);
#1412=ORIENTED_EDGE('',*,*,#1031,.F.);
#1413=ORIENTED_EDGE('',*,*,#1041,.F.);
#1414=ORIENTED_EDGE('',*,*,#1024,.F.);
#1415=ORIENTED_EDGE('',*,*,#1042,.F.);
#1416=ORIENTED_EDGE('',*,*,#1016,.F.);
#1417=ORIENTED_EDGE('',*,*,#1042,.T.);
#1418=ORIENTED_EDGE('',*,*,#1018,.F.);
#1419=ORIENTED_EDGE('',*,*,#1043,.F.);
#1420=ORIENTED_EDGE('',*,*,#1013,.F.);
#1421=ORIENTED_EDGE('',*,*,#1041,.T.);
#1422=ORIENTED_EDGE('',*,*,#1015,.F.);
#1423=ORIENTED_EDGE('',*,*,#1044,.F.);
#1424=ORIENTED_EDGE('',*,*,#1021,.F.);
#1425=ORIENTED_EDGE('',*,*,#1043,.T.);
#1426=ORIENTED_EDGE('',*,*,#1023,.F.);
#1427=ORIENTED_EDGE('',*,*,#1044,.T.);
#1428=ORIENTED_EDGE('',*,*,#1014,.F.);
#1429=ORIENTED_EDGE('',*,*,#1045,.T.);
#1430=ORIENTED_EDGE('',*,*,#1046,.T.);
#1431=ORIENTED_EDGE('',*,*,#1047,.T.);
#1432=ORIENTED_EDGE('',*,*,#1048,.T.);
#1433=ORIENTED_EDGE('',*,*,#1049,.T.);
#1434=ORIENTED_EDGE('',*,*,#1050,.T.);
#1435=ORIENTED_EDGE('',*,*,#1051,.T.);
#1436=ORIENTED_EDGE('',*,*,#1005,.T.);
#1437=ORIENTED_EDGE('',*,*,#1052,.F.);
#1438=ORIENTED_EDGE('',*,*,#1053,.T.);
#1439=ORIENTED_EDGE('',*,*,#1054,.F.);
#1440=ORIENTED_EDGE('',*,*,#1007,.F.);
#1441=ORIENTED_EDGE('',*,*,#1054,.T.);
#1442=ORIENTED_EDGE('',*,*,#1055,.T.);
#1443=ORIENTED_EDGE('',*,*,#1049,.F.);
#1444=ORIENTED_EDGE('',*,*,#1008,.F.);
#1445=ORIENTED_EDGE('',*,*,#1051,.F.);
#1446=ORIENTED_EDGE('',*,*,#1056,.T.);
#1447=ORIENTED_EDGE('',*,*,#1052,.T.);
#1448=ORIENTED_EDGE('',*,*,#1006,.F.);
#1449=ORIENTED_EDGE('',*,*,#1057,.T.);
#1450=ORIENTED_EDGE('',*,*,#1058,.T.);
#1451=ORIENTED_EDGE('',*,*,#1059,.F.);
#1452=ORIENTED_EDGE('',*,*,#942,.T.);
#1453=ORIENTED_EDGE('',*,*,#1060,.F.);
#1454=ORIENTED_EDGE('',*,*,#1061,.T.);
#1455=ORIENTED_EDGE('',*,*,#1062,.T.);
#1456=ORIENTED_EDGE('',*,*,#944,.T.);
#1457=ORIENTED_EDGE('',*,*,#1059,.T.);
#1458=ORIENTED_EDGE('',*,*,#1063,.T.);
#1459=ORIENTED_EDGE('',*,*,#1060,.T.);
#1460=ORIENTED_EDGE('',*,*,#943,.F.);
#1461=ORIENTED_EDGE('',*,*,#1062,.F.);
#1462=ORIENTED_EDGE('',*,*,#1064,.T.);
#1463=ORIENTED_EDGE('',*,*,#1057,.F.);
#1464=ORIENTED_EDGE('',*,*,#945,.T.);
#1465=ORIENTED_EDGE('',*,*,#1065,.T.);
#1466=ORIENTED_EDGE('',*,*,#1066,.T.);
#1467=ORIENTED_EDGE('',*,*,#1067,.T.);
#1468=ORIENTED_EDGE('',*,*,#1068,.T.);
#1469=ORIENTED_EDGE('',*,*,#1069,.F.);
#1470=ORIENTED_EDGE('',*,*,#1068,.F.);
#1471=ORIENTED_EDGE('',*,*,#1070,.F.);
#1472=ORIENTED_EDGE('',*,*,#1064,.F.);
#1473=ORIENTED_EDGE('',*,*,#1070,.T.);
#1474=ORIENTED_EDGE('',*,*,#1067,.F.);
#1475=ORIENTED_EDGE('',*,*,#1071,.F.);
#1476=ORIENTED_EDGE('',*,*,#1058,.F.);
#1477=ORIENTED_EDGE('',*,*,#1069,.T.);
#1478=ORIENTED_EDGE('',*,*,#1061,.F.);
#1479=ORIENTED_EDGE('',*,*,#1072,.F.);
#1480=ORIENTED_EDGE('',*,*,#1065,.F.);
#1481=ORIENTED_EDGE('',*,*,#1071,.T.);
#1482=ORIENTED_EDGE('',*,*,#1066,.F.);
#1483=ORIENTED_EDGE('',*,*,#1072,.T.);
#1484=ORIENTED_EDGE('',*,*,#1063,.F.);
#1485=ORIENTED_EDGE('',*,*,#1073,.F.);
#1486=ORIENTED_EDGE('',*,*,#1056,.F.);
#1487=ORIENTED_EDGE('',*,*,#1074,.F.);
#1488=ORIENTED_EDGE('',*,*,#1048,.F.);
#1489=ORIENTED_EDGE('',*,*,#1074,.T.);
#1490=ORIENTED_EDGE('',*,*,#1050,.F.);
#1491=ORIENTED_EDGE('',*,*,#1075,.F.);
#1492=ORIENTED_EDGE('',*,*,#1045,.F.);
#1493=ORIENTED_EDGE('',*,*,#1073,.T.);
#1494=ORIENTED_EDGE('',*,*,#1047,.F.);
#1495=ORIENTED_EDGE('',*,*,#1076,.F.);
#1496=ORIENTED_EDGE('',*,*,#1053,.F.);
#1497=ORIENTED_EDGE('',*,*,#1075,.T.);
#1498=ORIENTED_EDGE('',*,*,#1055,.F.);
#1499=ORIENTED_EDGE('',*,*,#1076,.T.);
#1500=ORIENTED_EDGE('',*,*,#1046,.F.);
#1501=CYLINDRICAL_SURFACE('',#1609,0.582);
#1502=CYLINDRICAL_SURFACE('',#1613,1.4);
#1503=CYLINDRICAL_SURFACE('',#1615,1.4);
#1504=CYLINDRICAL_SURFACE('',#1618,1.1);
#1505=CYLINDRICAL_SURFACE('',#1622,1.1);
#1506=CYLINDRICAL_SURFACE('',#1626,0.582);
#1507=ADVANCED_FACE('',(#145),#1501,.T.);
#1508=ADVANCED_FACE('',(#146),#143,.T.);
#1509=ADVANCED_FACE('',(#147),#1502,.T.);
#1510=ADVANCED_FACE('',(#148),#1503,.T.);
#1511=ADVANCED_FACE('',(#149),#1504,.T.);
#1512=ADVANCED_FACE('',(#150),#1505,.T.);
#1513=ADVANCED_FACE('',(#151),#1506,.T.);
#1514=ADVANCED_FACE('',(#152),#144,.T.);
#1515=ADVANCED_FACE('',(#153,#51),#59,.F.);
#1516=ADVANCED_FACE('',(#154),#60,.T.);
#1517=ADVANCED_FACE('',(#155),#61,.F.);
#1518=ADVANCED_FACE('',(#156),#62,.F.);
#1519=ADVANCED_FACE('',(#157),#63,.T.);
#1520=ADVANCED_FACE('',(#158),#64,.T.);
#1521=ADVANCED_FACE('',(#159,#52),#65,.T.);
#1522=ADVANCED_FACE('',(#160,#53,#54,#55,#56),#66,.F.);
#1523=ADVANCED_FACE('',(#161),#67,.F.);
#1524=ADVANCED_FACE('',(#162),#68,.F.);
#1525=ADVANCED_FACE('',(#163),#69,.F.);
#1526=ADVANCED_FACE('',(#164),#70,.T.);
#1527=ADVANCED_FACE('',(#165),#71,.T.);
#1528=ADVANCED_FACE('',(#166),#72,.T.);
#1529=ADVANCED_FACE('',(#167),#73,.F.);
#1530=ADVANCED_FACE('',(#168),#74,.T.);
#1531=ADVANCED_FACE('',(#169),#75,.T.);
#1532=ADVANCED_FACE('',(#170),#76,.T.);
#1533=ADVANCED_FACE('',(#171),#77,.T.);
#1534=ADVANCED_FACE('',(#172),#78,.F.);
#1535=ADVANCED_FACE('',(#173),#79,.T.);
#1536=ADVANCED_FACE('',(#174),#80,.F.);
#1537=ADVANCED_FACE('',(#175),#81,.F.);
#1538=ADVANCED_FACE('',(#176),#82,.F.);
#1539=ADVANCED_FACE('',(#177),#83,.F.);
#1540=ADVANCED_FACE('',(#178),#84,.T.);
#1541=ADVANCED_FACE('',(#179),#85,.F.);
#1542=ADVANCED_FACE('',(#180),#86,.F.);
#1543=ADVANCED_FACE('',(#181),#87,.F.);
#1544=ADVANCED_FACE('',(#182),#88,.F.);
#1545=ADVANCED_FACE('',(#183),#89,.F.);
#1546=ADVANCED_FACE('',(#184),#90,.F.);
#1547=ADVANCED_FACE('',(#185),#91,.T.);
#1548=ADVANCED_FACE('',(#186),#92,.T.);
#1549=ADVANCED_FACE('',(#187),#93,.T.);
#1550=ADVANCED_FACE('',(#188),#94,.T.);
#1551=ADVANCED_FACE('',(#189),#95,.T.);
#1552=ADVANCED_FACE('',(#190),#96,.T.);
#1553=ADVANCED_FACE('',(#191),#97,.T.);
#1554=ADVANCED_FACE('',(#192),#98,.T.);
#1555=ADVANCED_FACE('',(#193),#99,.T.);
#1556=ADVANCED_FACE('',(#194),#100,.T.);
#1557=ADVANCED_FACE('',(#195,#57,#58),#101,.T.);
#1558=ADVANCED_FACE('',(#196),#102,.T.);
#1559=ADVANCED_FACE('',(#197),#103,.F.);
#1560=ADVANCED_FACE('',(#198),#104,.T.);
#1561=ADVANCED_FACE('',(#199),#105,.F.);
#1562=ADVANCED_FACE('',(#200),#106,.F.);
#1563=ADVANCED_FACE('',(#201),#107,.F.);
#1564=ADVANCED_FACE('',(#202),#108,.F.);
#1565=ADVANCED_FACE('',(#203),#109,.F.);
#1566=ADVANCED_FACE('',(#204),#110,.T.);
#1567=ADVANCED_FACE('',(#205),#111,.F.);
#1568=ADVANCED_FACE('',(#206),#112,.F.);
#1569=ADVANCED_FACE('',(#207),#113,.F.);
#1570=ADVANCED_FACE('',(#208),#114,.F.);
#1571=ADVANCED_FACE('',(#209),#115,.F.);
#1572=ADVANCED_FACE('',(#210),#116,.T.);
#1573=ADVANCED_FACE('',(#211),#117,.F.);
#1574=ADVANCED_FACE('',(#212),#118,.T.);
#1575=ADVANCED_FACE('',(#213),#119,.F.);
#1576=ADVANCED_FACE('',(#214),#120,.F.);
#1577=ADVANCED_FACE('',(#215),#121,.F.);
#1578=ADVANCED_FACE('',(#216),#122,.T.);
#1579=ADVANCED_FACE('',(#217),#123,.F.);
#1580=ADVANCED_FACE('',(#218),#124,.F.);
#1581=ADVANCED_FACE('',(#219),#125,.F.);
#1582=ADVANCED_FACE('',(#220),#126,.F.);
#1583=ADVANCED_FACE('',(#221),#127,.F.);
#1584=ADVANCED_FACE('',(#222),#128,.T.);
#1585=ADVANCED_FACE('',(#223),#129,.F.);
#1586=ADVANCED_FACE('',(#224),#130,.F.);
#1587=ADVANCED_FACE('',(#225),#131,.F.);
#1588=ADVANCED_FACE('',(#226),#132,.F.);
#1589=ADVANCED_FACE('',(#227),#133,.F.);
#1590=ADVANCED_FACE('',(#228),#134,.T.);
#1591=ADVANCED_FACE('',(#229),#135,.F.);
#1592=ADVANCED_FACE('',(#230),#136,.T.);
#1593=ADVANCED_FACE('',(#231),#137,.F.);
#1594=ADVANCED_FACE('',(#232),#138,.F.);
#1595=CLOSED_SHELL('',(#1507,#1508,#1509,#1510,#1511,#1512,#1513,#1514,
#1515,#1516,#1517,#1518,#1519,#1520,#1521,#1522,#1523,#1524,#1525,#1526,
#1527,#1528,#1529,#1530,#1531,#1532,#1533,#1534,#1535,#1536,#1537,#1538,
#1539,#1540,#1541,#1542,#1543,#1544,#1545,#1546,#1547,#1548,#1549,#1550,
#1551,#1552,#1553,#1554,#1555,#1556,#1557,#1558,#1559,#1560,#1561,#1562,
#1563,#1564,#1565,#1566,#1567,#1568,#1569,#1570,#1571,#1572,#1573,#1574,
#1575,#1576,#1577,#1578,#1579,#1580,#1581,#1582,#1583,#1584,#1585,#1586,
#1587,#1588,#1589,#1590,#1591,#1592,#1593,#1594));
#1596=DERIVED_UNIT_ELEMENT(#1598,1.);
#1597=DERIVED_UNIT_ELEMENT(#2587,-3.);
#1598=(
MASS_UNIT()
NAMED_UNIT(*)
SI_UNIT(.KILO.,.GRAM.)
);
#1599=DERIVED_UNIT((#1596,#1597));
#1600=MEASURE_REPRESENTATION_ITEM('density measure',
POSITIVE_RATIO_MEASURE(7850.),#1599);
#1601=PROPERTY_DEFINITION_REPRESENTATION(#1606,#1603);
#1602=PROPERTY_DEFINITION_REPRESENTATION(#1607,#1604);
#1603=REPRESENTATION('material name',(#1605),#2584);
#1604=REPRESENTATION('density',(#1600),#2584);
#1605=DESCRIPTIVE_REPRESENTATION_ITEM('Steel','Steel');
#1606=PROPERTY_DEFINITION('material property','material name',#2594);
#1607=PROPERTY_DEFINITION('material property','density of part',#2594);
#1608=AXIS2_PLACEMENT_3D('',#2105,#1709,#1710);
#1609=AXIS2_PLACEMENT_3D('',#2106,#1711,#1712);
#1610=AXIS2_PLACEMENT_3D('',#2130,#1714,#1715);
#1611=AXIS2_PLACEMENT_3D('',#2132,#1717,#1718);
#1612=AXIS2_PLACEMENT_3D('',#2158,#1719,#1720);
#1613=AXIS2_PLACEMENT_3D('',#2162,#1721,#1722);
#1614=AXIS2_PLACEMENT_3D('',#2166,#1724,#1725);
#1615=AXIS2_PLACEMENT_3D('',#2168,#1727,#1728);
#1616=AXIS2_PLACEMENT_3D('',#2171,#1729,#1730);
#1617=AXIS2_PLACEMENT_3D('',#2175,#1732,#1733);
#1618=AXIS2_PLACEMENT_3D('',#2177,#1735,#1736);
#1619=AXIS2_PLACEMENT_3D('',#2180,#1737,#1738);
#1620=AXIS2_PLACEMENT_3D('',#2184,#1740,#1741);
#1621=AXIS2_PLACEMENT_3D('',#2186,#1742,#1743);
#1622=AXIS2_PLACEMENT_3D('',#2188,#1745,#1746);
#1623=AXIS2_PLACEMENT_3D('',#2191,#1747,#1748);
#1624=AXIS2_PLACEMENT_3D('',#2195,#1750,#1751);
#1625=AXIS2_PLACEMENT_3D('',#2198,#1753,#1754);
#1626=AXIS2_PLACEMENT_3D('',#2199,#1755,#1756);
#1627=AXIS2_PLACEMENT_3D('',#2202,#1757,#1758);
#1628=AXIS2_PLACEMENT_3D('',#2205,#1761,#1762);
#1629=AXIS2_PLACEMENT_3D('',#2212,#1763,#1764);
#1630=AXIS2_PLACEMENT_3D('',#2241,#1779,#1780);
#1631=AXIS2_PLACEMENT_3D('',#2247,#1784,#1785);
#1632=AXIS2_PLACEMENT_3D('',#2251,#1788,#1789);
#1633=AXIS2_PLACEMENT_3D('',#2255,#1792,#1793);
#1634=AXIS2_PLACEMENT_3D('',#2263,#1798,#1799);
#1635=AXIS2_PLACEMENT_3D('',#2271,#1804,#1805);
#1636=AXIS2_PLACEMENT_3D('',#2285,#1813,#1814);
#1637=AXIS2_PLACEMENT_3D('',#2323,#1834,#1835);
#1638=AXIS2_PLACEMENT_3D('',#2325,#1837,#1838);
#1639=AXIS2_PLACEMENT_3D('',#2327,#1840,#1841);
#1640=AXIS2_PLACEMENT_3D('',#2328,#1842,#1843);
#1641=AXIS2_PLACEMENT_3D('',#2333,#1847,#1848);
#1642=AXIS2_PLACEMENT_3D('',#2339,#1852,#1853);
#1643=AXIS2_PLACEMENT_3D('',#2348,#1860,#1861);
#1644=AXIS2_PLACEMENT_3D('',#2349,#1862,#1863);
#1645=AXIS2_PLACEMENT_3D('',#2350,#1864,#1865);
#1646=AXIS2_PLACEMENT_3D('',#2358,#1871,#1872);
#1647=AXIS2_PLACEMENT_3D('',#2363,#1876,#1877);
#1648=AXIS2_PLACEMENT_3D('',#2366,#1880,#1881);
#1649=AXIS2_PLACEMENT_3D('',#2367,#1882,#1883);
#1650=AXIS2_PLACEMENT_3D('',#2368,#1884,#1885);
#1651=AXIS2_PLACEMENT_3D('',#2374,#1889,#1890);
#1652=AXIS2_PLACEMENT_3D('',#2380,#1894,#1895);
#1653=AXIS2_PLACEMENT_3D('',#2383,#1898,#1899);
#1654=AXIS2_PLACEMENT_3D('',#2384,#1900,#1901);
#1655=AXIS2_PLACEMENT_3D('',#2385,#1902,#1903);
#1656=AXIS2_PLACEMENT_3D('',#2388,#1906,#1907);
#1657=AXIS2_PLACEMENT_3D('',#2391,#1910,#1911);
#1658=AXIS2_PLACEMENT_3D('',#2393,#1913,#1914);
#1659=AXIS2_PLACEMENT_3D('',#2395,#1916,#1917);
#1660=AXIS2_PLACEMENT_3D('',#2396,#1918,#1919);
#1661=AXIS2_PLACEMENT_3D('',#2397,#1920,#1921);
#1662=AXIS2_PLACEMENT_3D('',#2398,#1922,#1923);
#1663=AXIS2_PLACEMENT_3D('',#2399,#1924,#1925);
#1664=AXIS2_PLACEMENT_3D('',#2405,#1929,#1930);
#1665=AXIS2_PLACEMENT_3D('',#2409,#1933,#1934);
#1666=AXIS2_PLACEMENT_3D('',#2413,#1937,#1938);
#1667=AXIS2_PLACEMENT_3D('',#2417,#1941,#1942);
#1668=AXIS2_PLACEMENT_3D('',#2423,#1946,#1947);
#1669=AXIS2_PLACEMENT_3D('',#2427,#1950,#1951);
#1670=AXIS2_PLACEMENT_3D('',#2429,#1953,#1954);
#1671=AXIS2_PLACEMENT_3D('',#2431,#1956,#1957);
#1672=AXIS2_PLACEMENT_3D('',#2449,#1967,#1968);
#1673=AXIS2_PLACEMENT_3D('',#2450,#1969,#1970);
#1674=AXIS2_PLACEMENT_3D('',#2459,#1975,#1976);
#1675=AXIS2_PLACEMENT_3D('',#2465,#1980,#1981);
#1676=AXIS2_PLACEMENT_3D('',#2471,#1985,#1986);
#1677=AXIS2_PLACEMENT_3D('',#2473,#1988,#1989);
#1678=AXIS2_PLACEMENT_3D('',#2475,#1991,#1992);
#1679=AXIS2_PLACEMENT_3D('',#2481,#1996,#1997);
#1680=AXIS2_PLACEMENT_3D('',#2487,#2001,#2002);
#1681=AXIS2_PLACEMENT_3D('',#2489,#2004,#2005);
#1682=AXIS2_PLACEMENT_3D('',#2491,#2007,#2008);
#1683=AXIS2_PLACEMENT_3D('',#2500,#2013,#2014);
#1684=AXIS2_PLACEMENT_3D('',#2503,#2017,#2018);
#1685=AXIS2_PLACEMENT_3D('',#2505,#2020,#2021);
#1686=AXIS2_PLACEMENT_3D('',#2507,#2023,#2024);
#1687=AXIS2_PLACEMENT_3D('',#2508,#2025,#2026);
#1688=AXIS2_PLACEMENT_3D('',#2511,#2029,#2030);
#1689=AXIS2_PLACEMENT_3D('',#2513,#2032,#2033);
#1690=AXIS2_PLACEMENT_3D('',#2515,#2035,#2036);
#1691=AXIS2_PLACEMENT_3D('',#2516,#2037,#2038);
#1692=AXIS2_PLACEMENT_3D('',#2525,#2043,#2044);
#1693=AXIS2_PLACEMENT_3D('',#2531,#2048,#2049);
#1694=AXIS2_PLACEMENT_3D('',#2537,#2053,#2054);
#1695=AXIS2_PLACEMENT_3D('',#2539,#2056,#2057);
#1696=AXIS2_PLACEMENT_3D('',#2541,#2059,#2060);
#1697=AXIS2_PLACEMENT_3D('',#2547,#2064,#2065);
#1698=AXIS2_PLACEMENT_3D('',#2553,#2069,#2070);
#1699=AXIS2_PLACEMENT_3D('',#2555,#2072,#2073);
#1700=AXIS2_PLACEMENT_3D('',#2557,#2075,#2076);
#1701=AXIS2_PLACEMENT_3D('',#2566,#2081,#2082);
#1702=AXIS2_PLACEMENT_3D('',#2569,#2085,#2086);
#1703=AXIS2_PLACEMENT_3D('',#2571,#2088,#2089);
#1704=AXIS2_PLACEMENT_3D('',#2573,#2091,#2092);
#1705=AXIS2_PLACEMENT_3D('',#2574,#2093,#2094);
#1706=AXIS2_PLACEMENT_3D('',#2577,#2097,#2098);
#1707=AXIS2_PLACEMENT_3D('',#2579,#2100,#2101);
#1708=AXIS2_PLACEMENT_3D('',#2581,#2103,#2104);
#1709=DIRECTION('axis',(0.,0.,1.));
#1710=DIRECTION('refdir',(1.,0.,0.));
#1711=DIRECTION('center_axis',(-1.,0.,0.));
#1712=DIRECTION('ref_axis',(0.,0.,-1.));
#1713=DIRECTION('',(1.,0.,0.));
#1714=DIRECTION('center_axis',(1.,0.,0.));
#1715=DIRECTION('ref_axis',(0.,0.,1.));
#1716=DIRECTION('',(1.,0.,0.));
#1717=DIRECTION('center_axis',(-6.0709645357285E-17,0.,1.));
#1718=DIRECTION('ref_axis',(1.,0.,6.0709645357285E-17));
#1719=DIRECTION('center_axis',(0.,0.,-1.));
#1720=DIRECTION('ref_axis',(-7.74430123203932E-17,1.,0.));
#1721=DIRECTION('center_axis',(0.,0.,-1.));
#1722=DIRECTION('ref_axis',(1.,0.,0.));
#1723=DIRECTION('',(0.,0.,1.));
#1724=DIRECTION('center_axis',(0.,0.,-1.));
#1725=DIRECTION('ref_axis',(-7.74430123203932E-17,1.,0.));
#1726=DIRECTION('',(0.,0.,1.));
#1727=DIRECTION('center_axis',(0.,0.,-1.));
#1728=DIRECTION('ref_axis',(-1.,-3.43173338383696E-14,0.));
#1729=DIRECTION('center_axis',(0.,0.,-1.));
#1730=DIRECTION('ref_axis',(-7.74430123203932E-17,1.,0.));
#1731=DIRECTION('',(0.,0.,1.));
#1732=DIRECTION('center_axis',(0.,0.,-1.));
#1733=DIRECTION('ref_axis',(-7.74430123203932E-17,1.,0.));
#1734=DIRECTION('',(0.,0.,1.));
#1735=DIRECTION('center_axis',(0.,0.,-1.));
#1736=DIRECTION('ref_axis',(1.,0.,0.));
#1737=DIRECTION('center_axis',(0.,0.,-1.));
#1738=DIRECTION('ref_axis',(1.,9.85638338623185E-17,0.));
#1739=DIRECTION('',(0.,0.,1.));
#1740=DIRECTION('center_axis',(0.,0.,-1.));
#1741=DIRECTION('ref_axis',(1.,9.85638338623185E-17,0.));
#1742=DIRECTION('center_axis',(0.,0.,-1.));
#1743=DIRECTION('ref_axis',(1.,9.85638338623185E-17,0.));
#1744=DIRECTION('',(0.,0.,1.));
#1745=DIRECTION('center_axis',(0.,0.,-1.));
#1746=DIRECTION('ref_axis',(-1.,1.22464679914735E-16,0.));
#1747=DIRECTION('center_axis',(2.95691501586956E-16,0.,-1.));
#1748=DIRECTION('ref_axis',(-1.,0.,-2.95691501586956E-16));
#1749=DIRECTION('',(0.,0.,1.));
#1750=DIRECTION('center_axis',(3.94255335449274E-16,0.,-1.));
#1751=DIRECTION('ref_axis',(-1.,0.,-3.94255335449274E-16));
#1752=DIRECTION('',(0.,0.,1.));
#1753=DIRECTION('center_axis',(2.95691501586956E-16,0.,-1.));
#1754=DIRECTION('ref_axis',(-1.,0.,-2.95691501586956E-16));
#1755=DIRECTION('center_axis',(1.,0.,0.));
#1756=DIRECTION('ref_axis',(0.,1.36443008254372E-14,-1.));
#1757=DIRECTION('center_axis',(-1.,0.,0.));
#1758=DIRECTION('ref_axis',(0.,0.,1.));
#1759=DIRECTION('',(-1.,0.,0.));
#1760=DIRECTION('',(-1.,0.,0.));
#1761=DIRECTION('center_axis',(-6.0709645357285E-17,0.,1.));
#1762=DIRECTION('ref_axis',(-1.,-5.05037052429924E-14,-6.0709645357285E-17));
#1763=DIRECTION('center_axis',(-1.26622151531154E-16,1.,0.));
#1764=DIRECTION('ref_axis',(1.,1.26622151531154E-16,0.));
#1765=DIRECTION('',(1.,1.26622151531154E-16,0.));
#1766=DIRECTION('',(0.,0.,-1.));
#1767=DIRECTION('',(1.,1.26622151531154E-16,0.));
#1768=DIRECTION('',(0.,0.,-1.));
#1769=DIRECTION('',(1.,0.,0.));
#1770=DIRECTION('',(-2.03287907341032E-16,0.,1.));
#1771=DIRECTION('',(0.707106781186547,0.,0.707106781186548));
#1772=DIRECTION('',(1.,0.,4.33680868994202E-16));
#1773=DIRECTION('',(1.6365315811102E-16,0.,-1.));
#1774=DIRECTION('',(-1.,0.,1.6365315811102E-16));
#1775=DIRECTION('',(1.6365315811102E-16,0.,1.));
#1776=DIRECTION('',(1.,0.,-4.33680868994202E-16));
#1777=DIRECTION('',(0.707106781186547,0.,-0.707106781186548));
#1778=DIRECTION('',(-2.03287907341032E-16,0.,-1.));
#1779=DIRECTION('center_axis',(-1.,0.,-2.03287907341032E-16));
#1780=DIRECTION('ref_axis',(-2.03287907341032E-16,0.,1.));
#1781=DIRECTION('',(0.,1.,0.));
#1782=DIRECTION('',(2.03287907341032E-16,0.,-1.));
#1783=DIRECTION('',(0.,-1.,0.));
#1784=DIRECTION('center_axis',(0.,0.866012598010274,0.500022179595561));
#1785=DIRECTION('ref_axis',(1.,0.,0.));
#1786=DIRECTION('',(0.,-0.500022179595561,0.866012598010274));
#1787=DIRECTION('',(-1.,0.,0.));
#1788=DIRECTION('center_axis',(0.,-0.866012598010274,0.500022179595562));
#1789=DIRECTION('ref_axis',(-1.,0.,0.));
#1790=DIRECTION('',(0.,-0.500022179595562,-0.866012598010274));
#1791=DIRECTION('',(1.,0.,0.));
#1792=DIRECTION('center_axis',(4.33680868994202E-16,0.,-1.));
#1793=DIRECTION('ref_axis',(0.,-1.,0.));
#1794=DIRECTION('',(-1.,1.81579220896076E-15,0.));
#1795=DIRECTION('',(0.,1.,0.));
#1796=DIRECTION('',(-1.,0.,-4.33680868994202E-16));
#1797=DIRECTION('',(0.,1.,0.));
#1798=DIRECTION('center_axis',(4.33680868994202E-16,0.,-1.));
#1799=DIRECTION('ref_axis',(0.,-1.,0.));
#1800=DIRECTION('',(-1.,1.21052813930718E-15,0.));
#1801=DIRECTION('',(0.,1.,0.));
#1802=DIRECTION('',(-1.,0.,-4.33680868994202E-16));
#1803=DIRECTION('',(0.,1.,0.));
#1804=DIRECTION('center_axis',(0.,0.,1.));
#1805=DIRECTION('ref_axis',(1.,0.,0.));
#1806=DIRECTION('',(1.75047777596045E-16,-1.,0.));
#1807=DIRECTION('',(-2.18809721995057E-16,1.,0.));
#1808=DIRECTION('',(-1.,-1.26622151531154E-16,0.));
#1809=DIRECTION('',(-1.,0.,0.));
#1810=DIRECTION('',(0.,1.,-1.83763080082289E-16));
#1811=DIRECTION('',(-1.,0.,0.));
#1812=DIRECTION('',(0.,1.,-1.83763080082289E-16));
#1813=DIRECTION('center_axis',(0.,0.,1.));
#1814=DIRECTION('ref_axis',(1.,0.,0.));
#1815=DIRECTION('',(1.75047777596045E-16,-1.,0.));
#1816=DIRECTION('',(-1.,-1.26622151531154E-16,0.));
#1817=DIRECTION('',(-2.18809721995057E-16,1.,0.));
#1818=DIRECTION('',(0.,1.,0.));
#1819=DIRECTION('',(1.,0.,0.));
#1820=DIRECTION('',(0.,1.,0.));
#1821=DIRECTION('',(1.,0.,0.));
#1822=DIRECTION('',(1.,0.,1.06760768676539E-15));
#1823=DIRECTION('',(0.,1.,0.));
#1824=DIRECTION('',(1.,0.,1.06760768676539E-15));
#1825=DIRECTION('',(0.,1.,0.));
#1826=DIRECTION('',(-1.,0.,0.));
#1827=DIRECTION('',(0.,1.,0.));
#1828=DIRECTION('',(1.,0.,0.));
#1829=DIRECTION('',(0.,1.,0.));
#1830=DIRECTION('',(-1.,0.,0.));
#1831=DIRECTION('',(0.,1.,0.));
#1832=DIRECTION('',(1.,0.,0.));
#1833=DIRECTION('',(0.,1.,0.));
#1834=DIRECTION('center_axis',(1.,1.75047777596045E-16,0.));
#1835=DIRECTION('ref_axis',(-1.75047777596045E-16,1.,0.));
#1836=DIRECTION('',(0.,0.,-1.));
#1837=DIRECTION('center_axis',(-1.,-2.18809721995057E-16,0.));
#1838=DIRECTION('ref_axis',(-2.18809721995057E-16,1.,0.));
#1839=DIRECTION('',(0.,0.,-1.));
#1840=DIRECTION('center_axis',(1.26622151531154E-16,-1.,0.));
#1841=DIRECTION('ref_axis',(0.,0.,-1.));
#1842=DIRECTION('center_axis',(-1.,0.,0.));
#1843=DIRECTION('ref_axis',(0.,0.,1.));
#1844=DIRECTION('',(0.,0.,1.));
#1845=DIRECTION('',(0.,0.,1.));
#1846=DIRECTION('',(0.,1.,0.));
#1847=DIRECTION('center_axis',(4.33680868994202E-16,0.,-1.));
#1848=DIRECTION('ref_axis',(0.,-1.,0.));
#1849=DIRECTION('',(-1.,0.,-4.33680868994202E-16));
#1850=DIRECTION('',(0.,1.,0.));
#1851=DIRECTION('',(1.,0.,0.));
#1852=DIRECTION('center_axis',(1.,0.,0.));
#1853=DIRECTION('ref_axis',(0.,1.,0.));
#1854=DIRECTION('',(0.,0.,-1.));
#1855=DIRECTION('',(0.,0.,1.));
#1856=DIRECTION('',(0.,0.500022179595561,-0.866012598010274));
#1857=DIRECTION('',(0.,0.500022179595562,0.866012598010274));
#1858=DIRECTION('',(0.,0.,1.));
#1859=DIRECTION('',(0.,0.,-1.));
#1860=DIRECTION('center_axis',(0.,-1.,0.));
#1861=DIRECTION('ref_axis',(0.,0.,-1.));
#1862=DIRECTION('center_axis',(0.,-1.,0.));
#1863=DIRECTION('ref_axis',(0.,0.,-1.));
#1864=DIRECTION('center_axis',(-1.,0.,0.));
#1865=DIRECTION('ref_axis',(0.,0.,1.));
#1866=DIRECTION('',(0.,0.,1.));
#1867=DIRECTION('',(0.,0.,1.));
#1868=DIRECTION('',(0.,1.,0.));
#1869=DIRECTION('',(0.,0.,1.));
#1870=DIRECTION('',(0.,0.,1.));
#1871=DIRECTION('center_axis',(4.33680868994202E-16,0.,-1.));
#1872=DIRECTION('ref_axis',(0.,-1.,0.));
#1873=DIRECTION('',(1.,1.51316017413397E-15,0.));
#1874=DIRECTION('',(-1.,0.,-4.33680868994202E-16));
#1875=DIRECTION('',(0.,1.,0.));
#1876=DIRECTION('center_axis',(1.,0.,0.));
#1877=DIRECTION('ref_axis',(0.,1.,0.));
#1878=DIRECTION('',(0.,0.,-1.));
#1879=DIRECTION('',(0.,0.,-1.));
#1880=DIRECTION('center_axis',(0.,-1.,0.));
#1881=DIRECTION('ref_axis',(0.,0.,-1.));
#1882=DIRECTION('center_axis',(0.,-1.,0.));
#1883=DIRECTION('ref_axis',(0.,0.,-1.));
#1884=DIRECTION('center_axis',(0.,0.678855308405613,-0.734272068275459));
#1885=DIRECTION('ref_axis',(-1.,0.,0.));
#1886=DIRECTION('',(0.,-0.734272068275459,-0.678855308405613));
#1887=DIRECTION('',(0.,-0.734272068275459,-0.678855308405613));
#1888=DIRECTION('',(-1.,0.,0.));
#1889=DIRECTION('center_axis',(0.,-1.,0.));
#1890=DIRECTION('ref_axis',(0.,0.,-1.));
#1891=DIRECTION('',(0.,0.,1.));
#1892=DIRECTION('',(-1.,0.,0.));
#1893=DIRECTION('',(0.,0.,1.));
#1894=DIRECTION('center_axis',(0.,0.,-1.));
#1895=DIRECTION('ref_axis',(0.,-1.,0.));
#1896=DIRECTION('',(0.,-1.,0.));
#1897=DIRECTION('',(0.,-1.,0.));
#1898=DIRECTION('center_axis',(-1.,0.,0.));
#1899=DIRECTION('ref_axis',(0.,0.,1.));
#1900=DIRECTION('center_axis',(-1.,0.,0.));
#1901=DIRECTION('ref_axis',(0.,0.,1.));
#1902=DIRECTION('center_axis',(0.,-1.,0.));
#1903=DIRECTION('ref_axis',(0.,0.,-1.));
#1904=DIRECTION('',(1.,0.,0.));
#1905=DIRECTION('',(1.,0.,0.));
#1906=DIRECTION('center_axis',(1.21052813930718E-15,1.,0.));
#1907=DIRECTION('ref_axis',(1.,-1.21052813930718E-15,0.));
#1908=DIRECTION('',(-1.,0.,0.));
#1909=DIRECTION('',(-1.,0.,0.));
#1910=DIRECTION('center_axis',(1.51316017413397E-15,-1.,0.));
#1911=DIRECTION('ref_axis',(0.,0.,-1.));
#1912=DIRECTION('',(1.,0.,0.));
#1913=DIRECTION('center_axis',(1.81579220896076E-15,1.,0.));
#1914=DIRECTION('ref_axis',(1.,-1.81579220896076E-15,0.));
#1915=DIRECTION('',(-1.,0.,0.));
#1916=DIRECTION('center_axis',(0.,0.,-1.));
#1917=DIRECTION('ref_axis',(0.,-1.,0.));
#1918=DIRECTION('center_axis',(0.,0.,-1.));
#1919=DIRECTION('ref_axis',(0.,-1.,0.));
#1920=DIRECTION('center_axis',(0.,-0.866012598010274,-0.500022179595561));
#1921=DIRECTION('ref_axis',(0.,0.500022179595561,-0.866012598010274));
#1922=DIRECTION('center_axis',(0.,0.866012598010274,-0.500022179595562));
#1923=DIRECTION('ref_axis',(-1.,0.,0.));
#1924=DIRECTION('center_axis',(1.,0.,-2.03287907341032E-16));
#1925=DIRECTION('ref_axis',(-2.03287907341032E-16,0.,-1.));
#1926=DIRECTION('',(0.,1.,0.));
#1927=DIRECTION('',(0.,-1.,0.));
#1928=DIRECTION('',(2.03287907341032E-16,0.,1.));
#1929=DIRECTION('center_axis',(0.707106781186548,0.,0.707106781186547));
#1930=DIRECTION('ref_axis',(0.,-1.,0.));
#1931=DIRECTION('',(-0.707106781186547,0.,0.707106781186548));
#1932=DIRECTION('',(0.,-1.,0.));
#1933=DIRECTION('center_axis',(4.33680868994202E-16,0.,1.));
#1934=DIRECTION('ref_axis',(1.,0.,-4.33680868994202E-16));
#1935=DIRECTION('',(-1.,0.,4.33680868994202E-16));
#1936=DIRECTION('',(0.,-1.,0.));
#1937=DIRECTION('center_axis',(-1.,0.,1.6365315811102E-16));
#1938=DIRECTION('ref_axis',(0.,1.,0.));
#1939=DIRECTION('',(-1.6365315811102E-16,0.,-1.));
#1940=DIRECTION('',(0.,-1.,0.));
#1941=DIRECTION('center_axis',(1.,0.,1.6365315811102E-16));
#1942=DIRECTION('ref_axis',(-1.6365315811102E-16,0.,1.));
#1943=DIRECTION('',(-1.6365315811102E-16,0.,1.));
#1944=DIRECTION('',(0.,-1.,0.));
#1945=DIRECTION('',(0.,-1.,0.));
#1946=DIRECTION('center_axis',(-4.33680868994202E-16,0.,1.));
#1947=DIRECTION('ref_axis',(1.,0.,4.33680868994202E-16));
#1948=DIRECTION('',(-1.,0.,-4.33680868994202E-16));
#1949=DIRECTION('',(0.,-1.,0.));
#1950=DIRECTION('center_axis',(-0.707106781186548,0.,0.707106781186547));
#1951=DIRECTION('ref_axis',(0.,1.,0.));
#1952=DIRECTION('',(-0.707106781186547,0.,-0.707106781186548));
#1953=DIRECTION('center_axis',(-1.6365315811102E-16,0.,-1.));
#1954=DIRECTION('ref_axis',(-1.,0.,1.6365315811102E-16));
#1955=DIRECTION('',(1.,0.,-1.6365315811102E-16));
#1956=DIRECTION('center_axis',(0.,-1.,0.));
#1957=DIRECTION('ref_axis',(0.,0.,-1.));
#1958=DIRECTION('',(1.,0.,0.));
#1959=DIRECTION('',(0.,0.,1.));
#1960=DIRECTION('',(-1.,0.,0.));
#1961=DIRECTION('',(0.,0.,1.));
#1962=DIRECTION('',(1.,0.,0.));
#1963=DIRECTION('',(0.,0.,1.));
#1964=DIRECTION('',(-1.,0.,0.));
#1965=DIRECTION('',(0.,0.,1.));
#1966=DIRECTION('',(1.,0.,0.));
#1967=DIRECTION('center_axis',(0.,0.,1.));
#1968=DIRECTION('ref_axis',(1.,0.,0.));
#1969=DIRECTION('center_axis',(0.,1.,0.));
#1970=DIRECTION('ref_axis',(1.,0.,0.));
#1971=DIRECTION('',(0.,0.,1.));
#1972=DIRECTION('',(-1.,0.,0.));
#1973=DIRECTION('',(0.,0.,-1.));
#1974=DIRECTION('',(1.,0.,0.));
#1975=DIRECTION('center_axis',(1.,0.,0.));
#1976=DIRECTION('ref_axis',(0.,1.,0.));
#1977=DIRECTION('',(0.,-1.,-3.1794785116877E-16));
#1978=DIRECTION('',(0.,0.,-1.));
#1979=DIRECTION('',(0.,1.,0.));
#1980=DIRECTION('center_axis',(1.,0.,0.));
#1981=DIRECTION('ref_axis',(0.,1.,0.));
#1982=DIRECTION('',(0.,1.,0.));
#1983=DIRECTION('',(0.,0.,1.));
#1984=DIRECTION('',(0.,-1.,-3.1794785116877E-16));
#1985=DIRECTION('center_axis',(0.,3.1794785116877E-16,-1.));
#1986=DIRECTION('ref_axis',(-1.,0.,0.));
#1987=DIRECTION('',(1.,0.,0.));
#1988=DIRECTION('center_axis',(0.,0.,1.));
#1989=DIRECTION('ref_axis',(1.,0.,0.));
#1990=DIRECTION('',(-1.,0.,0.));
#1991=DIRECTION('center_axis',(0.,1.,1.63037920674512E-16));
#1992=DIRECTION('ref_axis',(0.,1.63037920674512E-16,-1.));
#1993=DIRECTION('',(0.,1.63037920674512E-16,-1.));
#1994=DIRECTION('',(1.,0.,0.));
#1995=DIRECTION('',(0.,1.63037920674512E-16,-1.));
#1996=DIRECTION('center_axis',(0.,-1.,-1.45530492951074E-16));
#1997=DIRECTION('ref_axis',(0.,1.45530492951074E-16,-1.));
#1998=DIRECTION('',(0.,-1.45530492951074E-16,1.));
#1999=DIRECTION('',(-1.,0.,0.));
#2000=DIRECTION('',(0.,-1.45530492951074E-16,1.));
#2001=DIRECTION('center_axis',(1.,0.,0.));
#2002=DIRECTION('ref_axis',(0.,1.,0.));
#2003=DIRECTION('',(0.,1.,0.));
#2004=DIRECTION('center_axis',(1.,0.,0.));
#2005=DIRECTION('ref_axis',(0.,1.,0.));
#2006=DIRECTION('',(0.,-1.,0.));
#2007=DIRECTION('center_axis',(0.,0.,1.));
#2008=DIRECTION('ref_axis',(1.,0.,0.));
#2009=DIRECTION('',(1.,0.,0.));
#2010=DIRECTION('',(0.,-1.,0.));
#2011=DIRECTION('',(-1.,0.,0.));
#2012=DIRECTION('',(0.,1.,0.));
#2013=DIRECTION('center_axis',(0.967372223380245,0.,0.253359391837683));
#2014=DIRECTION('ref_axis',(0.,-1.,0.));
#2015=DIRECTION('',(-0.245599354379008,0.245599354379008,0.937742989447124));
#2016=DIRECTION('',(0.245599354379008,0.245599354379008,-0.937742989447124));
#2017=DIRECTION('center_axis',(0.,0.967372223380245,0.253359391837683));
#2018=DIRECTION('ref_axis',(1.,0.,0.));
#2019=DIRECTION('',(-0.245599354379008,0.245599354379008,-0.937742989447124));
#2020=DIRECTION('center_axis',(0.,-0.967372223380245,0.253359391837683));
#2021=DIRECTION('ref_axis',(-1.,0.,0.));
#2022=DIRECTION('',(0.245599354379008,0.245599354379008,0.937742989447124));
#2023=DIRECTION('center_axis',(0.967372223380245,0.,-0.253359391837683));
#2024=DIRECTION('ref_axis',(0.,-1.,0.));
#2025=DIRECTION('center_axis',(0.,0.253359391837683,0.967372223380245));
#2026=DIRECTION('ref_axis',(1.,0.,0.));
#2027=DIRECTION('',(0.245599354379008,-0.937742989447124,0.245599354379009));
#2028=DIRECTION('',(0.245599354379009,0.937742989447124,-0.245599354379009));
#2029=DIRECTION('center_axis',(0.967372223380245,-0.253359391837683,0.));
#2030=DIRECTION('ref_axis',(0.,0.,-1.));
#2031=DIRECTION('',(0.245599354379009,0.937742989447124,0.245599354379009));
#2032=DIRECTION('center_axis',(0.967372223380245,0.253359391837683,0.));
#2033=DIRECTION('ref_axis',(0.,0.,-1.));
#2034=DIRECTION('',(0.245599354379008,-0.937742989447124,-0.245599354379009));
#2035=DIRECTION('center_axis',(0.,0.253359391837684,-0.967372223380245));
#2036=DIRECTION('ref_axis',(-1.,0.,0.));
#2037=DIRECTION('center_axis',(0.,1.,0.));
#2038=DIRECTION('ref_axis',(1.,0.,0.));
#2039=DIRECTION('',(0.,0.,1.));
#2040=DIRECTION('',(-1.,0.,0.));
#2041=DIRECTION('',(0.,0.,-1.));
#2042=DIRECTION('',(1.,0.,0.));
#2043=DIRECTION('center_axis',(1.,0.,0.));
#2044=DIRECTION('ref_axis',(0.,1.,0.));
#2045=DIRECTION('',(0.,-1.,-3.1794785116877E-16));
#2046=DIRECTION('',(0.,0.,-1.));
#2047=DIRECTION('',(0.,1.,0.));
#2048=DIRECTION('center_axis',(1.,0.,0.));
#2049=DIRECTION('ref_axis',(0.,1.,0.));
#2050=DIRECTION('',(0.,1.,0.));
#2051=DIRECTION('',(0.,0.,1.));
#2052=DIRECTION('',(0.,-1.,-3.1794785116877E-16));
#2053=DIRECTION('center_axis',(0.,3.1794785116877E-16,-1.));
#2054=DIRECTION('ref_axis',(-1.,0.,0.));
#2055=DIRECTION('',(1.,0.,0.));
#2056=DIRECTION('center_axis',(0.,0.,1.));
#2057=DIRECTION('ref_axis',(1.,0.,0.));
#2058=DIRECTION('',(-1.,0.,0.));
#2059=DIRECTION('center_axis',(0.,1.,1.63037920674512E-16));
#2060=DIRECTION('ref_axis',(0.,1.63037920674512E-16,-1.));
#2061=DIRECTION('',(0.,1.63037920674512E-16,-1.));
#2062=DIRECTION('',(1.,0.,0.));
#2063=DIRECTION('',(0.,1.63037920674512E-16,-1.));
#2064=DIRECTION('center_axis',(0.,-1.,-1.45530492951074E-16));
#2065=DIRECTION('ref_axis',(0.,1.45530492951074E-16,-1.));
#2066=DIRECTION('',(0.,-1.45530492951074E-16,1.));
#2067=DIRECTION('',(-1.,0.,0.));
#2068=DIRECTION('',(0.,-1.45530492951074E-16,1.));
#2069=DIRECTION('center_axis',(1.,0.,0.));
#2070=DIRECTION('ref_axis',(0.,1.,0.));
#2071=DIRECTION('',(0.,1.,0.));
#2072=DIRECTION('center_axis',(1.,0.,0.));
#2073=DIRECTION('ref_axis',(0.,1.,0.));
#2074=DIRECTION('',(0.,-1.,0.));
#2075=DIRECTION('center_axis',(0.,0.,1.));
#2076=DIRECTION('ref_axis',(1.,0.,0.));
#2077=DIRECTION('',(1.,0.,0.));
#2078=DIRECTION('',(0.,-1.,0.));
#2079=DIRECTION('',(-1.,0.,0.));
#2080=DIRECTION('',(0.,1.,0.));
#2081=DIRECTION('center_axis',(0.967372223380245,0.,0.253359391837683));
#2082=DIRECTION('ref_axis',(0.,-1.,0.));
#2083=DIRECTION('',(-0.245599354379008,0.245599354379008,0.937742989447124));
#2084=DIRECTION('',(0.245599354379008,0.245599354379008,-0.937742989447124));
#2085=DIRECTION('center_axis',(0.,0.967372223380245,0.253359391837683));
#2086=DIRECTION('ref_axis',(1.,0.,0.));
#2087=DIRECTION('',(-0.245599354379008,0.245599354379008,-0.937742989447124));
#2088=DIRECTION('center_axis',(0.,-0.967372223380245,0.253359391837683));
#2089=DIRECTION('ref_axis',(-1.,0.,0.));
#2090=DIRECTION('',(0.245599354379008,0.245599354379008,0.937742989447124));
#2091=DIRECTION('center_axis',(0.967372223380245,0.,-0.253359391837683));
#2092=DIRECTION('ref_axis',(0.,-1.,0.));
#2093=DIRECTION('center_axis',(0.,0.253359391837683,0.967372223380245));
#2094=DIRECTION('ref_axis',(1.,0.,0.));
#2095=DIRECTION('',(0.245599354379008,-0.937742989447124,0.245599354379009));
#2096=DIRECTION('',(0.245599354379009,0.937742989447124,-0.245599354379009));
#2097=DIRECTION('center_axis',(0.967372223380245,-0.253359391837683,0.));
#2098=DIRECTION('ref_axis',(0.,0.,-1.));
#2099=DIRECTION('',(0.245599354379009,0.937742989447124,0.245599354379009));
#2100=DIRECTION('center_axis',(0.967372223380245,0.253359391837683,0.));
#2101=DIRECTION('ref_axis',(0.,0.,-1.));
#2102=DIRECTION('',(0.245599354379008,-0.937742989447124,-0.245599354379009));
#2103=DIRECTION('center_axis',(0.,0.253359391837684,-0.967372223380245));
#2104=DIRECTION('ref_axis',(-1.,0.,0.));
#2105=CARTESIAN_POINT('',(0.,0.,0.));
#2106=CARTESIAN_POINT('Origin',(-1.875,-0.354999999999982,-3.208));
#2107=CARTESIAN_POINT('',(-1.04967174862881,0.149019332041981,-3.49901290852461));
#2108=CARTESIAN_POINT('',(-1.04967174862874,-0.859019332041979,-3.49901290852462));
#2109=CARTESIAN_POINT('Ctrl Pts',(-1.04967174832208,0.149019332092452,-3.49901290843723));
#2110=CARTESIAN_POINT('Ctrl Pts',(-1.04128126064142,0.13624617556548,-3.52113535604964));
#2111=CARTESIAN_POINT('Ctrl Pts',(-1.0343705877635,0.121580313359714,-3.54312181183755));
#2112=CARTESIAN_POINT('Ctrl Pts',(-1.01763095185471,0.0696499451484522,
-3.61021958938612));
#2113=CARTESIAN_POINT('Ctrl Pts',(-1.01431460769375,0.025603441151867,-3.65179356469058));
#2114=CARTESIAN_POINT('Ctrl Pts',(-1.01500429728501,-0.0661658115521909,
-3.7164409195574));
#2115=CARTESIAN_POINT('Ctrl Pts',(-1.01900408036559,-0.12113114393728,-3.74440953458093));
#2116=CARTESIAN_POINT('Ctrl Pts',(-1.02577415199632,-0.237192490885002,
-3.78119387843446));
#2117=CARTESIAN_POINT('Ctrl Pts',(-1.02818126782286,-0.298312449356061,
-3.79));
#2118=CARTESIAN_POINT('Ctrl Pts',(-1.02818126782286,-0.411687550643882,
-3.79));
#2119=CARTESIAN_POINT('Ctrl Pts',(-1.02577415199631,-0.472807509114942,
-3.78119387843447));
#2120=CARTESIAN_POINT('Ctrl Pts',(-1.01900408036557,-0.588868856062666,
-3.74440953458094));
#2121=CARTESIAN_POINT('Ctrl Pts',(-1.01500429728499,-0.643834188447757,
-3.71644091955741));
#2122=CARTESIAN_POINT('Ctrl Pts',(-1.01431460769372,-0.735603441151817,
-3.65179356469059));
#2123=CARTESIAN_POINT('Ctrl Pts',(-1.01763095185467,-0.779649945148402,
-3.61021958938613));
#2124=CARTESIAN_POINT('Ctrl Pts',(-1.03437058776346,-0.831580313359666,
-3.54312181183757));
#2125=CARTESIAN_POINT('Ctrl Pts',(-1.04128126064137,-0.846246175565433,
-3.52113535604966));
#2126=CARTESIAN_POINT('Ctrl Pts',(-1.04967174832203,-0.859019332092405,
-3.49901290843725));
#2127=CARTESIAN_POINT('',(-0.475,0.149019332041998,-3.49901290852462));
#2128=CARTESIAN_POINT('',(-1.875,0.149019332041998,-3.49901290852462));
#2129=CARTESIAN_POINT('',(-0.475,-0.859019332041979,-3.49901290852462));
#2130=CARTESIAN_POINT('Origin',(-0.475,-0.354999999999982,-3.208));
#2131=CARTESIAN_POINT('',(-1.87500000000001,-0.859019332041979,-3.49901290852462));
#2132=CARTESIAN_POINT('Origin',(0.375000000000001,-0.354999999999952,-3.79));
#2133=CARTESIAN_POINT('',(1.04967174862879,0.149019332041998,-3.49901290852462));
#2134=CARTESIAN_POINT('',(1.04967174862874,-0.859019332041979,-3.49901290852462));
#2135=CARTESIAN_POINT('Ctrl Pts',(1.04967174832208,0.149019332092449,-3.49901290843724));
#2136=CARTESIAN_POINT('Ctrl Pts',(1.04128126064142,0.136246175565478,-3.52113535604964));
#2137=CARTESIAN_POINT('Ctrl Pts',(1.0343705877635,0.121580313359713,-3.54312181183755));
#2138=CARTESIAN_POINT('Ctrl Pts',(1.01763095185471,0.0696499451484522,-3.61021958938612));
#2139=CARTESIAN_POINT('Ctrl Pts',(1.01431460769375,0.0256034411518673,-3.65179356469058));
#2140=CARTESIAN_POINT('Ctrl Pts',(1.01500429728501,-0.0661658115521909,
-3.7164409195574));
#2141=CARTESIAN_POINT('Ctrl Pts',(1.01900408036559,-0.12113114393728,-3.74440953458093));
#2142=CARTESIAN_POINT('Ctrl Pts',(1.02577415199632,-0.237192490885002,-3.78119387843446));
#2143=CARTESIAN_POINT('Ctrl Pts',(1.02818126782286,-0.298312449356061,-3.79));
#2144=CARTESIAN_POINT('Ctrl Pts',(1.02818126782286,-0.411687550643882,-3.79));
#2145=CARTESIAN_POINT('Ctrl Pts',(1.02577415199631,-0.472807509114942,-3.78119387843447));
#2146=CARTESIAN_POINT('Ctrl Pts',(1.01900408036557,-0.588868856062666,-3.74440953458094));
#2147=CARTESIAN_POINT('Ctrl Pts',(1.01500429728499,-0.643834188447757,-3.71644091955741));
#2148=CARTESIAN_POINT('Ctrl Pts',(1.01431460769372,-0.735603441151816,-3.65179356469059));
#2149=CARTESIAN_POINT('Ctrl Pts',(1.01763095185467,-0.779649945148402,-3.61021958938613));
#2150=CARTESIAN_POINT('Ctrl Pts',(1.03437058776346,-0.831580313359666,-3.54312181183757));
#2151=CARTESIAN_POINT('Ctrl Pts',(1.04128126064137,-0.846246175565432,-3.52113535604966));
#2152=CARTESIAN_POINT('Ctrl Pts',(1.04967174832203,-0.859019332092405,-3.49901290843725));
#2153=CARTESIAN_POINT('',(1.35479589675935,0.645000000051949,-2.63999999991008));
#2154=CARTESIAN_POINT('Ctrl Pts',(1.3547958956976,0.645000000207689,-2.63999999964031));
#2155=CARTESIAN_POINT('Ctrl Pts',(1.18252982624778,0.351274205856181,-3.14871790986326));
#2156=CARTESIAN_POINT('Ctrl Pts',(1.04967174831992,0.149019332089133,-3.49901290844295));
#2157=CARTESIAN_POINT('',(1.35479589675929,-1.35500000005191,-2.63999999991008));
#2158=CARTESIAN_POINT('Origin',(0.375000000000001,-0.354999999999952,-2.64));
#2159=CARTESIAN_POINT('Ctrl Pts',(1.04967174831985,-0.859019332089134,-3.49901290844296));
#2160=CARTESIAN_POINT('Ctrl Pts',(1.18252982624769,-1.06127420585618,-3.14871790986326));
#2161=CARTESIAN_POINT('Ctrl Pts',(1.3547958956975,-1.35500000020769,-2.63999999964031));
#2162=CARTESIAN_POINT('Origin',(0.375000000000001,-0.354999999999952,-2.64));
#2163=CARTESIAN_POINT('',(1.35479589711326,0.645000000000031,-2.29));
#2164=CARTESIAN_POINT('',(1.35479589711326,0.645000000000031,-2.64));
#2165=CARTESIAN_POINT('',(1.35479589711326,-1.35499999999997,-2.29));
#2166=CARTESIAN_POINT('Origin',(0.375000000000001,-0.354999999999952,-2.29));
#2167=CARTESIAN_POINT('',(1.35479589711326,-1.35499999999997,-2.64));
#2168=CARTESIAN_POINT('Origin',(-0.374999999999999,-0.354999999999952,-2.63999999999999));
#2169=CARTESIAN_POINT('',(-1.35479589711326,-1.35499999999997,-2.28999999999999));
#2170=CARTESIAN_POINT('',(-1.35479589711327,0.645000000000047,-2.28999999999999));
#2171=CARTESIAN_POINT('Origin',(-0.374999999999999,-0.354999999999952,-2.28999999999999));
#2172=CARTESIAN_POINT('',(-1.35479589675937,0.645000000051945,-2.63999999991007));
#2173=CARTESIAN_POINT('',(-1.35479589711327,0.645000000000047,-2.63999999999999));
#2174=CARTESIAN_POINT('',(-1.35479589675929,-1.35500000005191,-2.63999999991007));
#2175=CARTESIAN_POINT('Origin',(-0.374999999999999,-0.354999999999952,-2.63999999999999));
#2176=CARTESIAN_POINT('',(-1.35479589711326,-1.35499999999997,-2.63999999999999));
#2177=CARTESIAN_POINT('Origin',(0.375,-0.354999999999952,-2.29));
#2178=CARTESIAN_POINT('',(0.833257569495585,0.645000000000048,-2.29));
#2179=CARTESIAN_POINT('',(0.833257569495556,-1.35499999999997,-2.29));
#2180=CARTESIAN_POINT('Origin',(0.375,-0.354999999999952,-2.29));
#2181=CARTESIAN_POINT('',(0.833257569495585,0.645000000000048,-0.539999999999999));
#2182=CARTESIAN_POINT('',(0.833257569495585,0.645000000000048,-2.29));
#2183=CARTESIAN_POINT('',(1.475,-0.354999999999952,-0.539999999999997));
#2184=CARTESIAN_POINT('Origin',(0.375,-0.354999999999952,-0.539999999999997));
#2185=CARTESIAN_POINT('',(0.833257569495585,-1.35499999999995,-0.539999999999997));
#2186=CARTESIAN_POINT('Origin',(0.375,-0.354999999999952,-0.539999999999997));
#2187=CARTESIAN_POINT('',(0.833257569495585,-1.35499999999995,-2.29));
#2188=CARTESIAN_POINT('Origin',(-0.375,-0.354999999999952,-2.29000000000001));
#2189=CARTESIAN_POINT('',(-1.475,-0.354999999999952,-0.540000000000007));
#2190=CARTESIAN_POINT('',(-0.833257569495584,0.645000000000048,-0.540000000000007));
#2191=CARTESIAN_POINT('Origin',(-0.375,-0.354999999999952,-0.540000000000006));
#2192=CARTESIAN_POINT('',(-0.83325756949562,0.645000000000031,-2.29000000000001));
#2193=CARTESIAN_POINT('',(-0.833257569495584,0.645000000000048,-2.29000000000001));
#2194=CARTESIAN_POINT('',(-0.833257569495584,-1.35499999999995,-2.29000000000001));
#2195=CARTESIAN_POINT('Origin',(-0.375,-0.354999999999952,-2.29000000000001));
#2196=CARTESIAN_POINT('',(-0.833257569495584,-1.35499999999995,-0.540000000000007));
#2197=CARTESIAN_POINT('',(-0.833257569495584,-1.35499999999995,-2.29000000000001));
#2198=CARTESIAN_POINT('Origin',(-0.375,-0.354999999999952,-0.540000000000006));
#2199=CARTESIAN_POINT('Origin',(1.875,-0.354999999999982,-3.208));
#2200=CARTESIAN_POINT('',(0.475,0.149019332041979,-3.49901290852462));
#2201=CARTESIAN_POINT('',(0.475,-0.859019332041966,-3.49901290852461));
#2202=CARTESIAN_POINT('Origin',(0.475,-0.354999999999982,-3.208));
#2203=CARTESIAN_POINT('',(1.875,0.149019332041998,-3.49901290852462));
#2204=CARTESIAN_POINT('',(1.875,-0.859019332041979,-3.49901290852462));
#2205=CARTESIAN_POINT('Origin',(-0.375000000000001,-0.354999999999952,-3.79));
#2206=CARTESIAN_POINT('Ctrl Pts',(-1.3547958956976,0.645000000207688,-2.63999999964031));
#2207=CARTESIAN_POINT('Ctrl Pts',(-1.18252982624778,0.351274205856184,-3.14871790986326));
#2208=CARTESIAN_POINT('Ctrl Pts',(-1.04967174831992,0.149019332089136,-3.49901290844295));
#2209=CARTESIAN_POINT('Ctrl Pts',(-1.04967174831984,-0.859019332089121,
-3.49901290844298));
#2210=CARTESIAN_POINT('Ctrl Pts',(-1.18252982624768,-1.06127420585617,-3.14871790986328));
#2211=CARTESIAN_POINT('Ctrl Pts',(-1.3547958956975,-1.3550000002077,-2.6399999996403));
#2212=CARTESIAN_POINT('Origin',(-3.425,-4.955,3.86));
#2213=CARTESIAN_POINT('',(-3.425,-4.955,0.));
#2214=CARTESIAN_POINT('',(3.425,-4.955,0.));
#2215=CARTESIAN_POINT('',(-3.425,-4.955,0.));
#2216=CARTESIAN_POINT('',(3.425,-4.955,3.86));
#2217=CARTESIAN_POINT('',(3.425,-4.955,3.86));
#2218=CARTESIAN_POINT('',(-3.425,-4.955,3.86));
#2219=CARTESIAN_POINT('',(-3.425,-4.955,3.86));
#2220=CARTESIAN_POINT('',(-3.425,-4.955,3.86));
#2221=CARTESIAN_POINT('',(-0.174999999999999,-4.955,2.585));
#2222=CARTESIAN_POINT('',(0.174999999999999,-4.955,2.585));
#2223=CARTESIAN_POINT('',(-0.174999999999999,-4.955,2.585));
#2224=CARTESIAN_POINT('',(-0.174999999999999,-4.955,1.255));
#2225=CARTESIAN_POINT('',(-0.174999999999999,-4.955,1.255));
#2226=CARTESIAN_POINT('',(-0.824999999999999,-4.955,0.605000000000001));
#2227=CARTESIAN_POINT('',(-0.824999999999999,-4.955,0.605000000000001));
#2228=CARTESIAN_POINT('',(-2.825,-4.955,0.605));
#2229=CARTESIAN_POINT('',(-2.825,-4.955,0.605));
#2230=CARTESIAN_POINT('',(-2.825,-4.955,3.255));
#2231=CARTESIAN_POINT('',(-2.825,-4.955,3.255));
#2232=CARTESIAN_POINT('',(2.825,-4.955,3.255));
#2233=CARTESIAN_POINT('',(-0.175,-4.955,3.255));
#2234=CARTESIAN_POINT('',(2.825,-4.955,0.605));
#2235=CARTESIAN_POINT('',(2.825,-4.955,0.605));
#2236=CARTESIAN_POINT('',(0.825,-4.955,0.605));
#2237=CARTESIAN_POINT('',(0.824999999999999,-4.955,0.605000000000001));
#2238=CARTESIAN_POINT('',(0.174999999999999,-4.955,1.255));
#2239=CARTESIAN_POINT('',(0.174999999999999,-4.955,1.255));
#2240=CARTESIAN_POINT('',(0.175,-4.955,3.255));
#2241=CARTESIAN_POINT('Origin',(-0.174999999999999,-4.955,1.255));
#2242=CARTESIAN_POINT('',(-0.175,1.645,2.585));
#2243=CARTESIAN_POINT('',(-0.174999999999999,-4.955,2.585));
#2244=CARTESIAN_POINT('',(-0.174999999999999,1.645,1.255));
#2245=CARTESIAN_POINT('',(-0.174999999999999,1.645,1.255));
#2246=CARTESIAN_POINT('',(-0.174999999999999,-4.955,1.255));
#2247=CARTESIAN_POINT('Origin',(1.87499999999999,-1.35500000000001,-2.64));
#2248=CARTESIAN_POINT('',(0.475,-1.355,-2.64));
#2249=CARTESIAN_POINT('',(0.475,-1.35500000000001,-2.64));
#2250=CARTESIAN_POINT('',(1.35479589711326,-1.35499999999997,-2.64));
#2251=CARTESIAN_POINT('Origin',(1.875,0.149019332041979,-3.49901290852462));
#2252=CARTESIAN_POINT('',(0.475000000000002,0.645000000000006,-2.64));
#2253=CARTESIAN_POINT('',(0.475,0.149019332041979,-3.49901290852462));
#2254=CARTESIAN_POINT('',(0.475,0.645000000000031,-2.64));
#2255=CARTESIAN_POINT('Origin',(0.475000000000002,3.105,-0.539999999999996));
#2256=CARTESIAN_POINT('',(0.475000000000002,-1.35499999999995,-0.539999999999996));
#2257=CARTESIAN_POINT('',(0.833257569495585,-1.35499999999995,-0.539999999999999));
#2258=CARTESIAN_POINT('',(1.475,-3.355,-0.539999999999996));
#2259=CARTESIAN_POINT('',(1.475,3.105,-0.539999999999996));
#2260=CARTESIAN_POINT('',(0.475000000000002,-3.355,-0.539999999999996));
#2261=CARTESIAN_POINT('',(0.475000000000002,-3.355,-0.539999999999996));
#2262=CARTESIAN_POINT('',(0.475000000000002,3.105,-0.539999999999996));
#2263=CARTESIAN_POINT('Origin',(-1.475,3.105,-0.539999999999997));
#2264=CARTESIAN_POINT('',(-0.475,-1.35499999999995,-0.539999999999997));
#2265=CARTESIAN_POINT('',(-0.474999999999999,-1.35499999999995,-0.539999999999999));
#2266=CARTESIAN_POINT('',(-0.475,-3.355,-0.539999999999997));
#2267=CARTESIAN_POINT('',(-0.475,3.105,-0.539999999999997));
#2268=CARTESIAN_POINT('',(-1.475,-3.355,-0.539999999999997));
#2269=CARTESIAN_POINT('',(-1.475,-3.355,-0.539999999999997));
#2270=CARTESIAN_POINT('',(-1.475,3.105,-0.539999999999997));
#2271=CARTESIAN_POINT('Origin',(0.,0.,3.86));
#2272=CARTESIAN_POINT('',(-3.425,4.955,3.86));
#2273=CARTESIAN_POINT('',(-3.425,4.955,3.86));
#2274=CARTESIAN_POINT('',(3.425,4.955,3.86));
#2275=CARTESIAN_POINT('',(3.425,-4.955,3.86));
#2276=CARTESIAN_POINT('',(3.425,4.955,3.86));
#2277=CARTESIAN_POINT('',(0.7,-4.395,3.86));
#2278=CARTESIAN_POINT('',(-0.7,-4.395,3.86));
#2279=CARTESIAN_POINT('',(0.7,-4.395,3.86));
#2280=CARTESIAN_POINT('',(-0.7,-2.035,3.86));
#2281=CARTESIAN_POINT('',(-0.7,-4.395,3.86));
#2282=CARTESIAN_POINT('',(0.7,-2.035,3.86));
#2283=CARTESIAN_POINT('',(0.7,-2.035,3.86));
#2284=CARTESIAN_POINT('',(0.7,-4.395,3.86));
#2285=CARTESIAN_POINT('Origin',(0.,0.,0.));
#2286=CARTESIAN_POINT('',(-3.425,4.955,0.));
#2287=CARTESIAN_POINT('',(-3.425,4.955,0.));
#2288=CARTESIAN_POINT('',(3.425,4.955,0.));
#2289=CARTESIAN_POINT('',(3.425,4.955,0.));
#2290=CARTESIAN_POINT('',(3.425,-4.955,0.));
#2291=CARTESIAN_POINT('',(-1.475,-3.355,0.));
#2292=CARTESIAN_POINT('',(-1.475,3.105,0.));
#2293=CARTESIAN_POINT('',(-1.475,3.105,0.));
#2294=CARTESIAN_POINT('',(-0.474999999999999,-3.355,0.));
#2295=CARTESIAN_POINT('',(-0.474999999999999,-3.355,0.));
#2296=CARTESIAN_POINT('',(-0.474999999999999,3.105,0.));
#2297=CARTESIAN_POINT('',(-0.474999999999999,3.105,0.));
#2298=CARTESIAN_POINT('',(-0.474999999999999,3.105,0.));
#2299=CARTESIAN_POINT('',(0.475000000000002,3.105,-3.33066907387547E-16));
#2300=CARTESIAN_POINT('',(1.475,3.105,6.50521303491303E-16));
#2301=CARTESIAN_POINT('',(1.475,3.105,7.21644966006352E-16));
#2302=CARTESIAN_POINT('',(0.475000000000002,-3.355,-3.33066907387547E-16));
#2303=CARTESIAN_POINT('',(0.475000000000002,3.105,-3.33066907387547E-16));
#2304=CARTESIAN_POINT('',(1.475,-3.355,0.));
#2305=CARTESIAN_POINT('',(1.475,-3.355,7.21644966006352E-16));
#2306=CARTESIAN_POINT('',(1.475,3.105,6.50521303491303E-16));
#2307=CARTESIAN_POINT('',(-1.18,3.62499999999999,0.));
#2308=CARTESIAN_POINT('',(-1.82,3.62499999999999,0.));
#2309=CARTESIAN_POINT('',(0.,3.62499999999999,0.));
#2310=CARTESIAN_POINT('',(-1.18,4.26499999999999,0.));
#2311=CARTESIAN_POINT('',(-1.18,0.,0.));
#2312=CARTESIAN_POINT('',(-1.82,4.26499999999999,0.));
#2313=CARTESIAN_POINT('',(0.,4.26499999999999,0.));
#2314=CARTESIAN_POINT('',(-1.82,0.,0.));
#2315=CARTESIAN_POINT('',(1.82,3.62499999999999,0.));
#2316=CARTESIAN_POINT('',(1.18,3.62499999999999,0.));
#2317=CARTESIAN_POINT('',(0.,3.62499999999999,0.));
#2318=CARTESIAN_POINT('',(1.82,4.26499999999999,0.));
#2319=CARTESIAN_POINT('',(1.82,0.,0.));
#2320=CARTESIAN_POINT('',(1.18,4.26499999999999,0.));
#2321=CARTESIAN_POINT('',(0.,4.26499999999999,0.));
#2322=CARTESIAN_POINT('',(1.18,0.,0.));
#2323=CARTESIAN_POINT('Origin',(-3.425,4.955,3.86));
#2324=CARTESIAN_POINT('',(-3.425,4.955,3.86));
#2325=CARTESIAN_POINT('Origin',(3.425,-4.955,3.86));
#2326=CARTESIAN_POINT('',(3.425,4.955,3.86));
#2327=CARTESIAN_POINT('Origin',(3.425,4.955,3.86));
#2328=CARTESIAN_POINT('Origin',(-1.475,3.105,0.));
#2329=CARTESIAN_POINT('',(-1.475,-3.355,0.));
#2330=CARTESIAN_POINT('',(-1.475,3.105,-0.539999999999997));
#2331=CARTESIAN_POINT('',(-1.475,3.105,0.));
#2332=CARTESIAN_POINT('',(-1.475,3.105,-0.539999999999997));
#2333=CARTESIAN_POINT('Origin',(-1.475,3.105,-0.539999999999997));
#2334=CARTESIAN_POINT('',(-0.475,3.105,-0.539999999999997));
#2335=CARTESIAN_POINT('',(-1.475,3.105,-0.539999999999997));
#2336=CARTESIAN_POINT('',(-0.474999999999999,0.645000000000048,-0.539999999999999));
#2337=CARTESIAN_POINT('',(-0.475,3.105,-0.539999999999997));
#2338=CARTESIAN_POINT('',(-0.833257569495584,0.645000000000048,-0.539999999999999));
#2339=CARTESIAN_POINT('Origin',(-0.474999999999999,3.105,-0.539999999999997));
#2340=CARTESIAN_POINT('',(-0.474999999999999,-3.355,-0.539999999999997));
#2341=CARTESIAN_POINT('',(-0.475,-1.355,-2.64));
#2342=CARTESIAN_POINT('',(-0.474999999999999,-1.35499999999995,-2.29));
#2343=CARTESIAN_POINT('',(-0.475,-1.35500000000001,-2.64));
#2344=CARTESIAN_POINT('',(-0.475,0.644999999999995,-2.64));
#2345=CARTESIAN_POINT('',(-0.475,0.149019332041979,-3.49901290852462));
#2346=CARTESIAN_POINT('',(-0.474999999999999,0.645000000000048,-2.29));
#2347=CARTESIAN_POINT('',(-0.474999999999999,3.105,-0.539999999999997));
#2348=CARTESIAN_POINT('Origin',(0.,3.105,0.));
#2349=CARTESIAN_POINT('Origin',(0.,-3.355,0.));
#2350=CARTESIAN_POINT('Origin',(0.475000000000002,3.105,-3.33066907387547E-16));
#2351=CARTESIAN_POINT('',(0.475000000000002,-3.355,-3.33066907387547E-16));
#2352=CARTESIAN_POINT('',(0.475000000000002,3.105,-0.539999999999996));
#2353=CARTESIAN_POINT('',(0.475000000000002,3.105,-3.33066907387547E-16));
#2354=CARTESIAN_POINT('',(0.475000000000002,0.645000000000049,-0.539999999999996));
#2355=CARTESIAN_POINT('',(0.475000000000002,3.105,-0.539999999999996));
#2356=CARTESIAN_POINT('',(0.475,0.645000000000048,-2.29));
#2357=CARTESIAN_POINT('',(0.475,-1.35499999999995,-2.29));
#2358=CARTESIAN_POINT('Origin',(0.475000000000002,3.105,-0.539999999999996));
#2359=CARTESIAN_POINT('',(0.475,0.645000000000048,-0.539999999999999));
#2360=CARTESIAN_POINT('',(1.475,3.105,-0.539999999999996));
#2361=CARTESIAN_POINT('',(0.475000000000002,3.105,-0.539999999999996));
#2362=CARTESIAN_POINT('',(1.475,3.105,-0.539999999999996));
#2363=CARTESIAN_POINT('Origin',(1.475,3.105,-0.539999999999996));
#2364=CARTESIAN_POINT('',(1.475,-3.355,-0.539999999999996));
#2365=CARTESIAN_POINT('',(1.475,3.105,-0.539999999999996));
#2366=CARTESIAN_POINT('Origin',(0.,3.105,0.));
#2367=CARTESIAN_POINT('Origin',(0.,-3.355,0.));
#2368=CARTESIAN_POINT('Origin',(0.7,-2.805,5.33));
#2369=CARTESIAN_POINT('',(-0.7,-2.805,5.33));
#2370=CARTESIAN_POINT('',(-0.7,-2.805,5.33));
#2371=CARTESIAN_POINT('',(0.7,-2.805,5.33));
#2372=CARTESIAN_POINT('',(0.7,-2.805,5.33));
#2373=CARTESIAN_POINT('',(0.7,-2.805,5.33));
#2374=CARTESIAN_POINT('Origin',(0.7,-2.035,3.86));
#2375=CARTESIAN_POINT('',(-0.7,-2.035,5.33));
#2376=CARTESIAN_POINT('',(-0.7,-2.035,3.86));
#2377=CARTESIAN_POINT('',(0.7,-2.035,5.33));
#2378=CARTESIAN_POINT('',(0.7,-2.035,5.33));
#2379=CARTESIAN_POINT('',(0.7,-2.035,3.86));
#2380=CARTESIAN_POINT('Origin',(0.7,-2.035,5.33));
#2381=CARTESIAN_POINT('',(-0.7,-2.035,5.33));
#2382=CARTESIAN_POINT('',(0.7,-2.035,5.33));
#2383=CARTESIAN_POINT('Origin',(0.7,0.,0.));
#2384=CARTESIAN_POINT('Origin',(-0.7,0.,0.));
#2385=CARTESIAN_POINT('Origin',(-0.833257569495584,0.645000000000048,-2.29));
#2386=CARTESIAN_POINT('',(-1.35479589711326,0.645000000000031,-2.64));
#2387=CARTESIAN_POINT('',(-1.35479589711326,0.645000000000031,-2.29));
#2388=CARTESIAN_POINT('Origin',(-0.474999999999999,-1.35499999999995,-2.29));
#2389=CARTESIAN_POINT('',(-0.474999999999999,-1.35499999999997,-2.29));
#2390=CARTESIAN_POINT('',(-0.474999999999999,-1.35499999999997,-2.64));
#2391=CARTESIAN_POINT('Origin',(0.475,0.645000000000048,-2.29));
#2392=CARTESIAN_POINT('',(0.475,0.645000000000031,-2.29));
#2393=CARTESIAN_POINT('Origin',(0.833257569495585,-1.35499999999995,-2.29));
#2394=CARTESIAN_POINT('',(1.35479589711326,-1.35499999999997,-2.29));
#2395=CARTESIAN_POINT('Origin',(-0.374999999999999,-0.354999999999952,-2.28999999999999));
#2396=CARTESIAN_POINT('Origin',(0.375000000000001,-0.354999999999952,-2.29));
#2397=CARTESIAN_POINT('Origin',(-1.87500000000001,-1.35500000000001,-2.64));
#2398=CARTESIAN_POINT('Origin',(-1.875,0.149019332041979,-3.49901290852462));
#2399=CARTESIAN_POINT('Origin',(0.175,-4.955,3.255));
#2400=CARTESIAN_POINT('',(0.174999999999999,1.645,2.585));
#2401=CARTESIAN_POINT('',(0.174999999999999,-4.955,2.585));
#2402=CARTESIAN_POINT('',(0.174999999999999,1.645,1.255));
#2403=CARTESIAN_POINT('',(0.174999999999999,-4.955,1.255));
#2404=CARTESIAN_POINT('',(0.175,1.645,3.255));
#2405=CARTESIAN_POINT('Origin',(0.174999999999999,-4.955,1.255));
#2406=CARTESIAN_POINT('',(0.825,1.645,0.605));
#2407=CARTESIAN_POINT('',(0.174999999999999,1.645,1.255));
#2408=CARTESIAN_POINT('',(0.825,-4.955,0.605));
#2409=CARTESIAN_POINT('Origin',(0.824999999999999,-4.955,0.605000000000001));
#2410=CARTESIAN_POINT('',(2.825,1.645,0.605));
#2411=CARTESIAN_POINT('',(0.824999999999999,1.645,0.605000000000001));
#2412=CARTESIAN_POINT('',(2.825,-4.955,0.605));
#2413=CARTESIAN_POINT('Origin',(2.825,-4.955,0.605));
#2414=CARTESIAN_POINT('',(2.825,1.645,3.255));
#2415=CARTESIAN_POINT('',(2.825,1.645,0.605));
#2416=CARTESIAN_POINT('',(2.825,-4.955,3.255));
#2417=CARTESIAN_POINT('Origin',(-2.825,-4.955,3.255));
#2418=CARTESIAN_POINT('',(-2.825,1.645,0.605));
#2419=CARTESIAN_POINT('',(-2.825,1.645,3.255));
#2420=CARTESIAN_POINT('',(-2.825,1.645,3.255));
#2421=CARTESIAN_POINT('',(-2.825,-4.955,3.255));
#2422=CARTESIAN_POINT('',(-2.825,-4.955,0.605));
#2423=CARTESIAN_POINT('Origin',(-2.825,-4.955,0.605));
#2424=CARTESIAN_POINT('',(-0.824999999999999,1.645,0.605000000000001));
#2425=CARTESIAN_POINT('',(-2.825,1.645,0.605));
#2426=CARTESIAN_POINT('',(-0.824999999999999,-4.955,0.605000000000001));
#2427=CARTESIAN_POINT('Origin',(-0.824999999999999,-4.955,0.605000000000001));
#2428=CARTESIAN_POINT('',(-0.824999999999999,1.645,0.605000000000001));
#2429=CARTESIAN_POINT('Origin',(-0.175,-4.955,3.255));
#2430=CARTESIAN_POINT('',(-0.175,1.645,3.255));
#2431=CARTESIAN_POINT('Origin',(0.,1.645,0.));
#2432=CARTESIAN_POINT('',(-0.174999999999999,1.645,2.585));
#2433=CARTESIAN_POINT('',(-1.18,1.645,1.61));
#2434=CARTESIAN_POINT('',(-1.18,1.645,2.25));
#2435=CARTESIAN_POINT('',(-1.18,1.645,0.));
#2436=CARTESIAN_POINT('',(-1.82,1.645,1.61));
#2437=CARTESIAN_POINT('',(0.,1.645,1.61));
#2438=CARTESIAN_POINT('',(-1.82,1.645,2.25));
#2439=CARTESIAN_POINT('',(-1.82,1.645,0.));
#2440=CARTESIAN_POINT('',(0.,1.645,2.25));
#2441=CARTESIAN_POINT('',(1.82,1.645,1.61));
#2442=CARTESIAN_POINT('',(1.82,1.645,2.25));
#2443=CARTESIAN_POINT('',(1.82,1.645,0.));
#2444=CARTESIAN_POINT('',(1.18,1.645,1.61));
#2445=CARTESIAN_POINT('',(0.,1.645,1.61));
#2446=CARTESIAN_POINT('',(1.18,1.645,2.25));
#2447=CARTESIAN_POINT('',(1.18,1.645,0.));
#2448=CARTESIAN_POINT('',(0.,1.645,2.25));
#2449=CARTESIAN_POINT('Origin',(-0.174999999999999,-4.955,2.585));
#2450=CARTESIAN_POINT('Origin',(1.82,-2.555,2.25));
#2451=CARTESIAN_POINT('',(1.6,-2.555,1.83));
#2452=CARTESIAN_POINT('',(1.6,-2.555,2.03));
#2453=CARTESIAN_POINT('',(1.6,-2.555,2.25));
#2454=CARTESIAN_POINT('',(1.4,-2.555,2.03));
#2455=CARTESIAN_POINT('',(1.82,-2.555,2.03));
#2456=CARTESIAN_POINT('',(1.4,-2.555,1.83));
#2457=CARTESIAN_POINT('',(1.4,-2.555,2.25));
#2458=CARTESIAN_POINT('',(1.82,-2.555,1.83));
#2459=CARTESIAN_POINT('Origin',(1.82,0.,0.));
#2460=CARTESIAN_POINT('',(1.82,-1.715,2.25));
#2461=CARTESIAN_POINT('',(1.82,4.26499999999999,2.25));
#2462=CARTESIAN_POINT('',(1.82,-1.715,1.61));
#2463=CARTESIAN_POINT('',(1.82,-1.715,1.61));
#2464=CARTESIAN_POINT('',(1.82,-2.555,1.61));
#2465=CARTESIAN_POINT('Origin',(1.18,0.,0.));
#2466=CARTESIAN_POINT('',(1.18,-1.715,1.61));
#2467=CARTESIAN_POINT('',(1.18,-2.555,1.61));
#2468=CARTESIAN_POINT('',(1.18,-1.715,2.25));
#2469=CARTESIAN_POINT('',(1.18,-1.715,0.));
#2470=CARTESIAN_POINT('',(1.18,4.26499999999999,2.25));
#2471=CARTESIAN_POINT('Origin',(1.82,4.26499999999999,2.25));
#2472=CARTESIAN_POINT('',(1.82,-1.715,2.25));
#2473=CARTESIAN_POINT('Origin',(1.82,-2.555,1.61));
#2474=CARTESIAN_POINT('',(1.82,-1.715,1.61));
#2475=CARTESIAN_POINT('Origin',(1.82,3.62499999999999,1.61));
#2476=CARTESIAN_POINT('',(1.18,3.62499999999999,-2.87));
#2477=CARTESIAN_POINT('',(1.18,3.62499999999999,1.61));
#2478=CARTESIAN_POINT('',(1.82,3.62499999999999,-2.87));
#2479=CARTESIAN_POINT('',(1.82,3.62499999999999,-2.87));
#2480=CARTESIAN_POINT('',(1.82,3.62499999999999,1.61));
#2481=CARTESIAN_POINT('Origin',(1.82,4.26499999999999,-3.71));
#2482=CARTESIAN_POINT('',(1.82,4.26499999999999,-2.87));
#2483=CARTESIAN_POINT('',(1.82,4.26499999999999,-3.71));
#2484=CARTESIAN_POINT('',(1.18,4.26499999999999,-2.87));
#2485=CARTESIAN_POINT('',(1.82,4.26499999999999,-2.87));
#2486=CARTESIAN_POINT('',(1.18,4.26499999999999,-3.71));
#2487=CARTESIAN_POINT('Origin',(1.82,0.,0.));
#2488=CARTESIAN_POINT('',(1.82,4.26499999999999,-2.87));
#2489=CARTESIAN_POINT('Origin',(1.18,0.,0.));
#2490=CARTESIAN_POINT('',(1.18,0.,-2.87));
#2491=CARTESIAN_POINT('Origin',(1.82,3.62499999999999,-3.71));
#2492=CARTESIAN_POINT('',(1.4,4.04499999999999,-3.71));
#2493=CARTESIAN_POINT('',(1.6,4.04499999999999,-3.71));
#2494=CARTESIAN_POINT('',(1.82,4.04499999999999,-3.71));
#2495=CARTESIAN_POINT('',(1.6,3.84499999999999,-3.71));
#2496=CARTESIAN_POINT('',(1.6,3.62499999999999,-3.71));
#2497=CARTESIAN_POINT('',(1.4,3.84499999999999,-3.71));
#2498=CARTESIAN_POINT('',(1.82,3.84499999999999,-3.71));
#2499=CARTESIAN_POINT('',(1.4,3.62499999999999,-3.71));
#2500=CARTESIAN_POINT('Origin',(1.4,3.62499999999999,-3.71));
#2501=CARTESIAN_POINT('',(1.21860418743769,4.22639581256231,-3.01739780658026));
#2502=CARTESIAN_POINT('',(1.3867298105683,3.83172981056829,-3.65933200398803));
#2503=CARTESIAN_POINT('Origin',(1.82,3.84499999999999,-3.71));
#2504=CARTESIAN_POINT('',(1.6132701894317,3.83172981056829,-3.65933200398803));
#2505=CARTESIAN_POINT('Origin',(1.82,4.26499999999999,-2.87));
#2506=CARTESIAN_POINT('',(1.82,4.26499999999999,-2.87));
#2507=CARTESIAN_POINT('Origin',(1.82,0.,-2.87));
#2508=CARTESIAN_POINT('Origin',(1.82,-1.715,1.61));
#2509=CARTESIAN_POINT('',(1.42533399800598,-2.65172981056829,1.85533399800598));
#2510=CARTESIAN_POINT('',(1.82,-1.715,1.61));
#2511=CARTESIAN_POINT('Origin',(1.82,-1.715,0.));
#2512=CARTESIAN_POINT('',(1.68428215353938,-2.23319541375872,2.11428215353938));
#2513=CARTESIAN_POINT('Origin',(1.4,-2.555,2.25));
#2514=CARTESIAN_POINT('',(1.3867298105683,-2.50433200398803,2.04327018943171));
#2515=CARTESIAN_POINT('Origin',(1.82,-2.555,2.03));
#2516=CARTESIAN_POINT('Origin',(-1.18,-2.555,2.25));
#2517=CARTESIAN_POINT('',(-1.4,-2.555,1.83));
#2518=CARTESIAN_POINT('',(-1.4,-2.555,2.03));
#2519=CARTESIAN_POINT('',(-1.4,-2.555,2.25));
#2520=CARTESIAN_POINT('',(-1.6,-2.555,2.03));
#2521=CARTESIAN_POINT('',(-1.18,-2.555,2.03));
#2522=CARTESIAN_POINT('',(-1.6,-2.555,1.83));
#2523=CARTESIAN_POINT('',(-1.6,-2.555,2.25));
#2524=CARTESIAN_POINT('',(-1.18,-2.555,1.83));
#2525=CARTESIAN_POINT('Origin',(-1.18,0.,0.));
#2526=CARTESIAN_POINT('',(-1.18,-1.715,2.25));
#2527=CARTESIAN_POINT('',(-1.18,4.26499999999999,2.25));
#2528=CARTESIAN_POINT('',(-1.18,-1.715,1.61));
#2529=CARTESIAN_POINT('',(-1.18,-1.715,1.61));
#2530=CARTESIAN_POINT('',(-1.18,-2.555,1.61));
#2531=CARTESIAN_POINT('Origin',(-1.82,0.,0.));
#2532=CARTESIAN_POINT('',(-1.82,-1.715,1.61));
#2533=CARTESIAN_POINT('',(-1.82,-2.555,1.61));
#2534=CARTESIAN_POINT('',(-1.82,-1.715,2.25));
#2535=CARTESIAN_POINT('',(-1.82,-1.715,0.));
#2536=CARTESIAN_POINT('',(-1.82,4.26499999999999,2.25));
#2537=CARTESIAN_POINT('Origin',(-1.18,4.26499999999999,2.25));
#2538=CARTESIAN_POINT('',(-1.18,-1.715,2.25));
#2539=CARTESIAN_POINT('Origin',(-1.18,-2.555,1.61));
#2540=CARTESIAN_POINT('',(-1.18,-1.715,1.61));
#2541=CARTESIAN_POINT('Origin',(-1.18,3.62499999999999,1.61));
#2542=CARTESIAN_POINT('',(-1.82,3.62499999999999,-2.87));
#2543=CARTESIAN_POINT('',(-1.82,3.62499999999999,1.61));
#2544=CARTESIAN_POINT('',(-1.18,3.62499999999999,-2.87));
#2545=CARTESIAN_POINT('',(-1.18,3.62499999999999,-2.87));
#2546=CARTESIAN_POINT('',(-1.18,3.62499999999999,1.61));
#2547=CARTESIAN_POINT('Origin',(-1.18,4.26499999999999,-3.71));
#2548=CARTESIAN_POINT('',(-1.18,4.26499999999999,-2.87));
#2549=CARTESIAN_POINT('',(-1.18,4.26499999999999,-3.71));
#2550=CARTESIAN_POINT('',(-1.82,4.26499999999999,-2.87));
#2551=CARTESIAN_POINT('',(-1.18,4.26499999999999,-2.87));
#2552=CARTESIAN_POINT('',(-1.82,4.26499999999999,-3.71));
#2553=CARTESIAN_POINT('Origin',(-1.18,0.,0.));
#2554=CARTESIAN_POINT('',(-1.18,4.26499999999999,-2.87));
#2555=CARTESIAN_POINT('Origin',(-1.82,0.,0.));
#2556=CARTESIAN_POINT('',(-1.82,0.,-2.87));
#2557=CARTESIAN_POINT('Origin',(-1.18,3.62499999999999,-3.71));
#2558=CARTESIAN_POINT('',(-1.6,4.04499999999999,-3.71));
#2559=CARTESIAN_POINT('',(-1.4,4.04499999999999,-3.71));
#2560=CARTESIAN_POINT('',(-1.18,4.04499999999999,-3.71));
#2561=CARTESIAN_POINT('',(-1.4,3.84499999999999,-3.71));
#2562=CARTESIAN_POINT('',(-1.4,3.62499999999999,-3.71));
#2563=CARTESIAN_POINT('',(-1.6,3.84499999999999,-3.71));
#2564=CARTESIAN_POINT('',(-1.18,3.84499999999999,-3.71));
#2565=CARTESIAN_POINT('',(-1.6,3.62499999999999,-3.71));
#2566=CARTESIAN_POINT('Origin',(-1.6,3.62499999999999,-3.71));
#2567=CARTESIAN_POINT('',(-1.78139581256231,4.22639581256231,-3.01739780658026));
#2568=CARTESIAN_POINT('',(-1.6132701894317,3.83172981056829,-3.65933200398803));
#2569=CARTESIAN_POINT('Origin',(-1.18,3.84499999999999,-3.71));
#2570=CARTESIAN_POINT('',(-1.3867298105683,3.83172981056829,-3.65933200398803));
#2571=CARTESIAN_POINT('Origin',(-1.18,4.26499999999999,-2.87));
#2572=CARTESIAN_POINT('',(-1.18,4.26499999999999,-2.87));
#2573=CARTESIAN_POINT('Origin',(-1.18,0.,-2.87));
#2574=CARTESIAN_POINT('Origin',(-1.18,-1.715,1.61));
#2575=CARTESIAN_POINT('',(-1.57466600199402,-2.65172981056829,1.85533399800598));
#2576=CARTESIAN_POINT('',(-1.18,-1.715,1.61));
#2577=CARTESIAN_POINT('Origin',(-1.18,-1.715,0.));
#2578=CARTESIAN_POINT('',(-1.31571784646062,-2.23319541375872,2.11428215353938));
#2579=CARTESIAN_POINT('Origin',(-1.6,-2.555,2.25));
#2580=CARTESIAN_POINT('',(-1.61327018943171,-2.50433200398803,2.04327018943171));
#2581=CARTESIAN_POINT('Origin',(-1.18,-2.555,2.03));
#2582=UNCERTAINTY_MEASURE_WITH_UNIT(LENGTH_MEASURE(0.01),#2586,
'DISTANCE_ACCURACY_VALUE',
'Maximum model space distance between geometric entities at asserted c
onnectivities');
#2583=UNCERTAINTY_MEASURE_WITH_UNIT(LENGTH_MEASURE(0.01),#2586,
'DISTANCE_ACCURACY_VALUE',
'Maximum model space distance between geometric entities at asserted c
onnectivities');
#2584=(
GEOMETRIC_REPRESENTATION_CONTEXT(3)
GLOBAL_UNCERTAINTY_ASSIGNED_CONTEXT((#2582))
GLOBAL_UNIT_ASSIGNED_CONTEXT((#2586,#2588,#2589))
REPRESENTATION_CONTEXT('','3D')
);
#2585=(
GEOMETRIC_REPRESENTATION_CONTEXT(3)
GLOBAL_UNCERTAINTY_ASSIGNED_CONTEXT((#2583))
GLOBAL_UNIT_ASSIGNED_CONTEXT((#2586,#2588,#2589))
REPRESENTATION_CONTEXT('','3D')
);
#2586=(
LENGTH_UNIT()
NAMED_UNIT(*)
SI_UNIT(.MILLI.,.METRE.)
);
#2587=(
LENGTH_UNIT()
NAMED_UNIT(*)
SI_UNIT($,.METRE.)
);
#2588=(
NAMED_UNIT(*)
PLANE_ANGLE_UNIT()
SI_UNIT($,.RADIAN.)
);
#2589=(
NAMED_UNIT(*)
SI_UNIT($,.STERADIAN.)
SOLID_ANGLE_UNIT()
);
#2590=SHAPE_DEFINITION_REPRESENTATION(#2591,#2592);
#2591=PRODUCT_DEFINITION_SHAPE('',$,#2594);
#2592=SHAPE_REPRESENTATION('',(#1608),#2584);
#2593=PRODUCT_DEFINITION_CONTEXT('part definition',#2598,'design');
#2594=PRODUCT_DEFINITION('2157601002',
'METUPowerLab_Connectors_PowerConnectors_2157601002 v2',#2595,#2593);
#2595=PRODUCT_DEFINITION_FORMATION('',$,#2600);
#2596=PRODUCT_RELATED_PRODUCT_CATEGORY(
'METUPowerLab_Connectors_PowerConnectors_2157601002 v2',
'METUPowerLab_Connectors_PowerConnectors_2157601002 v2',(#2600));
#2597=APPLICATION_PROTOCOL_DEFINITION('international standard',
'automotive_design',2009,#2598);
#2598=APPLICATION_CONTEXT(
'Core Data for Automotive Mechanical Design Process');
#2599=PRODUCT_CONTEXT('part definition',#2598,'mechanical');
#2600=PRODUCT('2157601002',
'METUPowerLab_Connectors_PowerConnectors_2157601002 v2','STEP AP242',(#2599));
#2601=PRESENTATION_STYLE_ASSIGNMENT((#2604));
#2602=PRESENTATION_STYLE_ASSIGNMENT((#2605));
#2603=PRESENTATION_STYLE_ASSIGNMENT((#2606));
#2604=SURFACE_STYLE_USAGE(.BOTH.,#2607);
#2605=SURFACE_STYLE_USAGE(.BOTH.,#2608);
#2606=SURFACE_STYLE_USAGE(.BOTH.,#2609);
#2607=SURFACE_SIDE_STYLE('',(#2610));
#2608=SURFACE_SIDE_STYLE('',(#2611));
#2609=SURFACE_SIDE_STYLE('',(#2612));
#2610=SURFACE_STYLE_FILL_AREA(#2613);
#2611=SURFACE_STYLE_FILL_AREA(#2614);
#2612=SURFACE_STYLE_FILL_AREA(#2615);
#2613=FILL_AREA_STYLE('Steel - Satin',(#2616));
#2614=FILL_AREA_STYLE(
'EPX 150 - Air Baked (with Carbon M2 M3 L1 3D Printers)',(#2617));
#2615=FILL_AREA_STYLE('Polymide (Kapton)',(#2618));
#2616=FILL_AREA_STYLE_COLOUR('Steel - Satin',#2619);
#2617=FILL_AREA_STYLE_COLOUR(
'EPX 150 - Air Baked (with Carbon M2 M3 L1 3D Printers)',#2620);
#2618=FILL_AREA_STYLE_COLOUR('Polymide (Kapton)',#2621);
#2619=COLOUR_RGB('Steel - Satin',0.627450980392157,0.627450980392157,0.627450980392157);
#2620=COLOUR_RGB(
'EPX 150 - Air Baked (with Carbon M2 M3 L1 3D Printers)',0.247058823529412,
0.247058823529412,0.247058823529412);
#2621=COLOUR_RGB('Polymide (Kapton)',0.784313725490196,0.556862745098039,
0.0274509803921569);
ENDSEC;
END-ISO-10303-21;
