ISO-10303-21;
HEADER;
/* Generated by software containing ST-Developer
 * from STEP Tools, Inc. (www.steptools.com) 
 */
/* OPTION: using custom renumber hook */

FILE_DESCRIPTION(
/* description */ ('STEP AP203'),
/* implementation_level */ '2;1');

FILE_NAME(
/* name */ 'BD035-10A-A-0220-0290-0120-L-G',
/* time_stamp */ '2026-07-03T11:58:10+02:00',
/* author */ ('License CC BY-ND 4.0'),
/* organization */ ('CADENAS'),
/* preprocessor_version */ 'ST-DEVELOPER v20',
/* originating_system */ 'PARTsolutions',
/* authorisation */ '  ');

FILE_SCHEMA (('CONFIG_CONTROL_DESIGN'));
ENDSEC;

DATA;
#10=PROPERTY_DEFINITION_REPRESENTATION(#14,#12);
#11=PROPERTY_DEFINITION_REPRESENTATION(#15,#13);
#12=REPRESENTATION('',(#16),#3883);
#13=REPRESENTATION('',(#17),#3883);
#14=PROPERTY_DEFINITION('pmi validation property','',#3894);
#15=PROPERTY_DEFINITION('pmi validation property','',#3894);
#16=VALUE_REPRESENTATION_ITEM('number of annotations',COUNT_MEASURE(0.));
#17=VALUE_REPRESENTATION_ITEM('number of views',COUNT_MEASURE(0.));
#18=CYLINDRICAL_SURFACE('',#2552,0.300000000000003);
#19=CYLINDRICAL_SURFACE('',#2554,0.299999999999999);
#20=CYLINDRICAL_SURFACE('',#2555,0.299999999999999);
#21=CYLINDRICAL_SURFACE('',#2557,0.299999999999998);
#22=CYLINDRICAL_SURFACE('',#2585,0.299999999999996);
#23=CYLINDRICAL_SURFACE('',#2587,0.350000000000002);
#24=CYLINDRICAL_SURFACE('',#2588,0.300000000000004);
#25=CIRCLE('',#2532,0.299999999999998);
#26=CIRCLE('',#2533,0.299999999999999);
#27=CIRCLE('',#2534,0.299999999999999);
#28=CIRCLE('',#2535,0.300000000000003);
#29=CIRCLE('',#2537,0.300000000000003);
#30=CIRCLE('',#2538,0.299999999999999);
#31=CIRCLE('',#2539,0.299999999999999);
#32=CIRCLE('',#2540,0.299999999999998);
#33=CIRCLE('',#2567,0.300000000000004);
#34=CIRCLE('',#2568,0.350000000000002);
#35=CIRCLE('',#2569,0.299999999999996);
#36=CIRCLE('',#2571,0.299999999999996);
#37=CIRCLE('',#2572,0.350000000000002);
#38=CIRCLE('',#2573,0.300000000000004);
#39=CONTEXT_DEPENDENT_SHAPE_REPRESENTATION(#61,#3896);
#40=CONTEXT_DEPENDENT_SHAPE_REPRESENTATION(#62,#3898);
#41=CONTEXT_DEPENDENT_SHAPE_REPRESENTATION(#63,#3899);
#42=CONTEXT_DEPENDENT_SHAPE_REPRESENTATION(#64,#3900);
#43=CONTEXT_DEPENDENT_SHAPE_REPRESENTATION(#65,#3901);
#44=CONTEXT_DEPENDENT_SHAPE_REPRESENTATION(#66,#3902);
#45=CONTEXT_DEPENDENT_SHAPE_REPRESENTATION(#67,#3904);
#46=CONTEXT_DEPENDENT_SHAPE_REPRESENTATION(#68,#3905);
#47=CONTEXT_DEPENDENT_SHAPE_REPRESENTATION(#69,#3906);
#48=CONTEXT_DEPENDENT_SHAPE_REPRESENTATION(#70,#3907);
#49=CONTEXT_DEPENDENT_SHAPE_REPRESENTATION(#71,#3908);
#50=NEXT_ASSEMBLY_USAGE_OCCURRENCE('NAUO1',
'BD035-10A-A-0220-0290-0120-L-G_H','BD035-10A-A-0220-0290-0120-L-G_H',#3909,
#3910,'');
#51=NEXT_ASSEMBLY_USAGE_OCCURRENCE('NAUO2',
'BD035-10A-A-0220-0290-0120-L-G_P1','BD035-10A-A-0220-0290-0120-L-G_P1',
#3909,#3911,'');
#52=NEXT_ASSEMBLY_USAGE_OCCURRENCE('NAUO3',
'BD035-10A-A-0220-0290-0120-L-G_P1','BD035-10A-A-0220-0290-0120-L-G_P1',
#3909,#3911,'');
#53=NEXT_ASSEMBLY_USAGE_OCCURRENCE('NAUO4',
'BD035-10A-A-0220-0290-0120-L-G_P1','BD035-10A-A-0220-0290-0120-L-G_P1',
#3909,#3911,'');
#54=NEXT_ASSEMBLY_USAGE_OCCURRENCE('NAUO5',
'BD035-10A-A-0220-0290-0120-L-G_P1','BD035-10A-A-0220-0290-0120-L-G_P1',
#3909,#3911,'');
#55=NEXT_ASSEMBLY_USAGE_OCCURRENCE('NAUO6',
'BD035-10A-A-0220-0290-0120-L-G_P1','BD035-10A-A-0220-0290-0120-L-G_P1',
#3909,#3911,'');
#56=NEXT_ASSEMBLY_USAGE_OCCURRENCE('NAUO7',
'BD035-10A-A-0220-0290-0120-L-G_P2','BD035-10A-A-0220-0290-0120-L-G_P2',
#3909,#3912,'');
#57=NEXT_ASSEMBLY_USAGE_OCCURRENCE('NAUO8',
'BD035-10A-A-0220-0290-0120-L-G_P2','BD035-10A-A-0220-0290-0120-L-G_P2',
#3909,#3912,'');
#58=NEXT_ASSEMBLY_USAGE_OCCURRENCE('NAUO9',
'BD035-10A-A-0220-0290-0120-L-G_P2','BD035-10A-A-0220-0290-0120-L-G_P2',
#3909,#3912,'');
#59=NEXT_ASSEMBLY_USAGE_OCCURRENCE('NAUO10',
'BD035-10A-A-0220-0290-0120-L-G_P2','BD035-10A-A-0220-0290-0120-L-G_P2',
#3909,#3912,'');
#60=NEXT_ASSEMBLY_USAGE_OCCURRENCE('NAUO11',
'BD035-10A-A-0220-0290-0120-L-G_P2','BD035-10A-A-0220-0290-0120-L-G_P2',
#3909,#3912,'');
#61=(
REPRESENTATION_RELATIONSHIP(' ',' ',#2448,#2447)
REPRESENTATION_RELATIONSHIP_WITH_TRANSFORMATION(#72)
SHAPE_REPRESENTATION_RELATIONSHIP()
);
#62=(
REPRESENTATION_RELATIONSHIP(' ',' ',#2449,#2447)
REPRESENTATION_RELATIONSHIP_WITH_TRANSFORMATION(#73)
SHAPE_REPRESENTATION_RELATIONSHIP()
);
#63=(
REPRESENTATION_RELATIONSHIP(' ',' ',#2449,#2447)
REPRESENTATION_RELATIONSHIP_WITH_TRANSFORMATION(#74)
SHAPE_REPRESENTATION_RELATIONSHIP()
);
#64=(
REPRESENTATION_RELATIONSHIP(' ',' ',#2449,#2447)
REPRESENTATION_RELATIONSHIP_WITH_TRANSFORMATION(#75)
SHAPE_REPRESENTATION_RELATIONSHIP()
);
#65=(
REPRESENTATION_RELATIONSHIP(' ',' ',#2449,#2447)
REPRESENTATION_RELATIONSHIP_WITH_TRANSFORMATION(#76)
SHAPE_REPRESENTATION_RELATIONSHIP()
);
#66=(
REPRESENTATION_RELATIONSHIP(' ',' ',#2449,#2447)
REPRESENTATION_RELATIONSHIP_WITH_TRANSFORMATION(#77)
SHAPE_REPRESENTATION_RELATIONSHIP()
);
#67=(
REPRESENTATION_RELATIONSHIP(' ',' ',#2450,#2447)
REPRESENTATION_RELATIONSHIP_WITH_TRANSFORMATION(#78)
SHAPE_REPRESENTATION_RELATIONSHIP()
);
#68=(
REPRESENTATION_RELATIONSHIP(' ',' ',#2450,#2447)
REPRESENTATION_RELATIONSHIP_WITH_TRANSFORMATION(#79)
SHAPE_REPRESENTATION_RELATIONSHIP()
);
#69=(
REPRESENTATION_RELATIONSHIP(' ',' ',#2450,#2447)
REPRESENTATION_RELATIONSHIP_WITH_TRANSFORMATION(#80)
SHAPE_REPRESENTATION_RELATIONSHIP()
);
#70=(
REPRESENTATION_RELATIONSHIP(' ',' ',#2450,#2447)
REPRESENTATION_RELATIONSHIP_WITH_TRANSFORMATION(#81)
SHAPE_REPRESENTATION_RELATIONSHIP()
);
#71=(
REPRESENTATION_RELATIONSHIP(' ',' ',#2450,#2447)
REPRESENTATION_RELATIONSHIP_WITH_TRANSFORMATION(#82)
SHAPE_REPRESENTATION_RELATIONSHIP()
);
#72=ITEM_DEFINED_TRANSFORMATION(' ',' ',#2451,#2530);
#73=ITEM_DEFINED_TRANSFORMATION(' ',' ',#2451,#2561);
#74=ITEM_DEFINED_TRANSFORMATION(' ',' ',#2451,#2562);
#75=ITEM_DEFINED_TRANSFORMATION(' ',' ',#2451,#2563);
#76=ITEM_DEFINED_TRANSFORMATION(' ',' ',#2451,#2564);
#77=ITEM_DEFINED_TRANSFORMATION(' ',' ',#2451,#2565);
#78=ITEM_DEFINED_TRANSFORMATION(' ',' ',#2451,#2593);
#79=ITEM_DEFINED_TRANSFORMATION(' ',' ',#2451,#2594);
#80=ITEM_DEFINED_TRANSFORMATION(' ',' ',#2451,#2595);
#81=ITEM_DEFINED_TRANSFORMATION(' ',' ',#2451,#2596);
#82=ITEM_DEFINED_TRANSFORMATION(' ',' ',#2451,#2597);
#83=SHAPE_REPRESENTATION_RELATIONSHIP('','',#2448,#86);
#84=SHAPE_REPRESENTATION_RELATIONSHIP('','',#2449,#87);
#85=SHAPE_REPRESENTATION_RELATIONSHIP('','',#2450,#88);
#86=ADVANCED_BREP_SHAPE_REPRESENTATION('',(#2440),#3884);
#87=ADVANCED_BREP_SHAPE_REPRESENTATION('',(#2441),#3885);
#88=ADVANCED_BREP_SHAPE_REPRESENTATION('',(#2442),#3886);
#89=ORIENTED_EDGE('',*,*,#747,.T.);
#90=ORIENTED_EDGE('',*,*,#748,.T.);
#91=ORIENTED_EDGE('',*,*,#749,.T.);
#92=ORIENTED_EDGE('',*,*,#750,.T.);
#93=ORIENTED_EDGE('',*,*,#751,.T.);
#94=ORIENTED_EDGE('',*,*,#752,.T.);
#95=ORIENTED_EDGE('',*,*,#753,.T.);
#96=ORIENTED_EDGE('',*,*,#754,.T.);
#97=ORIENTED_EDGE('',*,*,#755,.T.);
#98=ORIENTED_EDGE('',*,*,#756,.T.);
#99=ORIENTED_EDGE('',*,*,#757,.T.);
#100=ORIENTED_EDGE('',*,*,#758,.T.);
#101=ORIENTED_EDGE('',*,*,#759,.T.);
#102=ORIENTED_EDGE('',*,*,#760,.T.);
#103=ORIENTED_EDGE('',*,*,#761,.T.);
#104=ORIENTED_EDGE('',*,*,#762,.T.);
#105=ORIENTED_EDGE('',*,*,#763,.T.);
#106=ORIENTED_EDGE('',*,*,#764,.T.);
#107=ORIENTED_EDGE('',*,*,#765,.T.);
#108=ORIENTED_EDGE('',*,*,#766,.T.);
#109=ORIENTED_EDGE('',*,*,#767,.T.);
#110=ORIENTED_EDGE('',*,*,#768,.T.);
#111=ORIENTED_EDGE('',*,*,#769,.T.);
#112=ORIENTED_EDGE('',*,*,#770,.T.);
#113=ORIENTED_EDGE('',*,*,#771,.T.);
#114=ORIENTED_EDGE('',*,*,#772,.T.);
#115=ORIENTED_EDGE('',*,*,#773,.T.);
#116=ORIENTED_EDGE('',*,*,#774,.T.);
#117=ORIENTED_EDGE('',*,*,#775,.T.);
#118=ORIENTED_EDGE('',*,*,#776,.T.);
#119=ORIENTED_EDGE('',*,*,#777,.T.);
#120=ORIENTED_EDGE('',*,*,#778,.T.);
#121=ORIENTED_EDGE('',*,*,#779,.F.);
#122=ORIENTED_EDGE('',*,*,#780,.F.);
#123=ORIENTED_EDGE('',*,*,#781,.F.);
#124=ORIENTED_EDGE('',*,*,#782,.F.);
#125=ORIENTED_EDGE('',*,*,#783,.F.);
#126=ORIENTED_EDGE('',*,*,#784,.F.);
#127=ORIENTED_EDGE('',*,*,#785,.F.);
#128=ORIENTED_EDGE('',*,*,#786,.F.);
#129=ORIENTED_EDGE('',*,*,#787,.F.);
#130=ORIENTED_EDGE('',*,*,#788,.F.);
#131=ORIENTED_EDGE('',*,*,#789,.F.);
#132=ORIENTED_EDGE('',*,*,#790,.F.);
#133=ORIENTED_EDGE('',*,*,#791,.F.);
#134=ORIENTED_EDGE('',*,*,#792,.F.);
#135=ORIENTED_EDGE('',*,*,#793,.F.);
#136=ORIENTED_EDGE('',*,*,#794,.F.);
#137=ORIENTED_EDGE('',*,*,#795,.F.);
#138=ORIENTED_EDGE('',*,*,#796,.F.);
#139=ORIENTED_EDGE('',*,*,#797,.F.);
#140=ORIENTED_EDGE('',*,*,#798,.F.);
#141=ORIENTED_EDGE('',*,*,#799,.F.);
#142=ORIENTED_EDGE('',*,*,#800,.F.);
#143=ORIENTED_EDGE('',*,*,#801,.F.);
#144=ORIENTED_EDGE('',*,*,#802,.F.);
#145=ORIENTED_EDGE('',*,*,#803,.F.);
#146=ORIENTED_EDGE('',*,*,#804,.F.);
#147=ORIENTED_EDGE('',*,*,#805,.F.);
#148=ORIENTED_EDGE('',*,*,#806,.F.);
#149=ORIENTED_EDGE('',*,*,#807,.F.);
#150=ORIENTED_EDGE('',*,*,#808,.F.);
#151=ORIENTED_EDGE('',*,*,#809,.F.);
#152=ORIENTED_EDGE('',*,*,#810,.F.);
#153=ORIENTED_EDGE('',*,*,#811,.F.);
#154=ORIENTED_EDGE('',*,*,#812,.F.);
#155=ORIENTED_EDGE('',*,*,#813,.F.);
#156=ORIENTED_EDGE('',*,*,#814,.F.);
#157=ORIENTED_EDGE('',*,*,#815,.F.);
#158=ORIENTED_EDGE('',*,*,#816,.F.);
#159=ORIENTED_EDGE('',*,*,#817,.F.);
#160=ORIENTED_EDGE('',*,*,#818,.F.);
#161=ORIENTED_EDGE('',*,*,#819,.F.);
#162=ORIENTED_EDGE('',*,*,#820,.F.);
#163=ORIENTED_EDGE('',*,*,#821,.T.);
#164=ORIENTED_EDGE('',*,*,#822,.T.);
#165=ORIENTED_EDGE('',*,*,#823,.T.);
#166=ORIENTED_EDGE('',*,*,#824,.T.);
#167=ORIENTED_EDGE('',*,*,#825,.T.);
#168=ORIENTED_EDGE('',*,*,#826,.T.);
#169=ORIENTED_EDGE('',*,*,#827,.T.);
#170=ORIENTED_EDGE('',*,*,#828,.T.);
#171=ORIENTED_EDGE('',*,*,#829,.T.);
#172=ORIENTED_EDGE('',*,*,#830,.T.);
#173=ORIENTED_EDGE('',*,*,#831,.T.);
#174=ORIENTED_EDGE('',*,*,#832,.T.);
#175=ORIENTED_EDGE('',*,*,#833,.T.);
#176=ORIENTED_EDGE('',*,*,#834,.T.);
#177=ORIENTED_EDGE('',*,*,#835,.T.);
#178=ORIENTED_EDGE('',*,*,#836,.T.);
#179=ORIENTED_EDGE('',*,*,#837,.T.);
#180=ORIENTED_EDGE('',*,*,#838,.T.);
#181=ORIENTED_EDGE('',*,*,#839,.T.);
#182=ORIENTED_EDGE('',*,*,#840,.T.);
#183=ORIENTED_EDGE('',*,*,#841,.T.);
#184=ORIENTED_EDGE('',*,*,#842,.T.);
#185=ORIENTED_EDGE('',*,*,#843,.T.);
#186=ORIENTED_EDGE('',*,*,#844,.T.);
#187=ORIENTED_EDGE('',*,*,#845,.T.);
#188=ORIENTED_EDGE('',*,*,#846,.T.);
#189=ORIENTED_EDGE('',*,*,#847,.T.);
#190=ORIENTED_EDGE('',*,*,#848,.T.);
#191=ORIENTED_EDGE('',*,*,#849,.T.);
#192=ORIENTED_EDGE('',*,*,#850,.T.);
#193=ORIENTED_EDGE('',*,*,#851,.T.);
#194=ORIENTED_EDGE('',*,*,#852,.T.);
#195=ORIENTED_EDGE('',*,*,#853,.T.);
#196=ORIENTED_EDGE('',*,*,#854,.T.);
#197=ORIENTED_EDGE('',*,*,#855,.T.);
#198=ORIENTED_EDGE('',*,*,#856,.T.);
#199=ORIENTED_EDGE('',*,*,#857,.T.);
#200=ORIENTED_EDGE('',*,*,#858,.T.);
#201=ORIENTED_EDGE('',*,*,#859,.T.);
#202=ORIENTED_EDGE('',*,*,#860,.T.);
#203=ORIENTED_EDGE('',*,*,#861,.T.);
#204=ORIENTED_EDGE('',*,*,#862,.T.);
#205=ORIENTED_EDGE('',*,*,#863,.T.);
#206=ORIENTED_EDGE('',*,*,#864,.T.);
#207=ORIENTED_EDGE('',*,*,#865,.F.);
#208=ORIENTED_EDGE('',*,*,#748,.F.);
#209=ORIENTED_EDGE('',*,*,#866,.T.);
#210=ORIENTED_EDGE('',*,*,#867,.T.);
#211=ORIENTED_EDGE('',*,*,#868,.T.);
#212=ORIENTED_EDGE('',*,*,#819,.T.);
#213=ORIENTED_EDGE('',*,*,#869,.F.);
#214=ORIENTED_EDGE('',*,*,#870,.F.);
#215=ORIENTED_EDGE('',*,*,#871,.F.);
#216=ORIENTED_EDGE('',*,*,#872,.F.);
#217=ORIENTED_EDGE('',*,*,#873,.F.);
#218=ORIENTED_EDGE('',*,*,#874,.F.);
#219=ORIENTED_EDGE('',*,*,#875,.F.);
#220=ORIENTED_EDGE('',*,*,#876,.F.);
#221=ORIENTED_EDGE('',*,*,#877,.F.);
#222=ORIENTED_EDGE('',*,*,#878,.F.);
#223=ORIENTED_EDGE('',*,*,#879,.F.);
#224=ORIENTED_EDGE('',*,*,#880,.F.);
#225=ORIENTED_EDGE('',*,*,#881,.F.);
#226=ORIENTED_EDGE('',*,*,#882,.F.);
#227=ORIENTED_EDGE('',*,*,#883,.F.);
#228=ORIENTED_EDGE('',*,*,#884,.F.);
#229=ORIENTED_EDGE('',*,*,#885,.F.);
#230=ORIENTED_EDGE('',*,*,#864,.F.);
#231=ORIENTED_EDGE('',*,*,#886,.T.);
#232=ORIENTED_EDGE('',*,*,#867,.F.);
#233=ORIENTED_EDGE('',*,*,#887,.F.);
#234=ORIENTED_EDGE('',*,*,#888,.F.);
#235=ORIENTED_EDGE('',*,*,#889,.F.);
#236=ORIENTED_EDGE('',*,*,#890,.F.);
#237=ORIENTED_EDGE('',*,*,#891,.F.);
#238=ORIENTED_EDGE('',*,*,#892,.F.);
#239=ORIENTED_EDGE('',*,*,#893,.F.);
#240=ORIENTED_EDGE('',*,*,#894,.F.);
#241=ORIENTED_EDGE('',*,*,#895,.F.);
#242=ORIENTED_EDGE('',*,*,#896,.F.);
#243=ORIENTED_EDGE('',*,*,#897,.F.);
#244=ORIENTED_EDGE('',*,*,#898,.F.);
#245=ORIENTED_EDGE('',*,*,#899,.F.);
#246=ORIENTED_EDGE('',*,*,#900,.F.);
#247=ORIENTED_EDGE('',*,*,#901,.F.);
#248=ORIENTED_EDGE('',*,*,#902,.F.);
#249=ORIENTED_EDGE('',*,*,#903,.F.);
#250=ORIENTED_EDGE('',*,*,#821,.F.);
#251=ORIENTED_EDGE('',*,*,#904,.F.);
#252=ORIENTED_EDGE('',*,*,#902,.T.);
#253=ORIENTED_EDGE('',*,*,#905,.F.);
#254=ORIENTED_EDGE('',*,*,#764,.F.);
#255=ORIENTED_EDGE('',*,*,#906,.T.);
#256=ORIENTED_EDGE('',*,*,#870,.T.);
#257=ORIENTED_EDGE('',*,*,#887,.T.);
#258=ORIENTED_EDGE('',*,*,#866,.F.);
#259=ORIENTED_EDGE('',*,*,#747,.F.);
#260=ORIENTED_EDGE('',*,*,#907,.T.);
#261=ORIENTED_EDGE('',*,*,#885,.T.);
#262=ORIENTED_EDGE('',*,*,#908,.F.);
#263=ORIENTED_EDGE('',*,*,#749,.F.);
#264=ORIENTED_EDGE('',*,*,#865,.T.);
#265=ORIENTED_EDGE('',*,*,#884,.T.);
#266=ORIENTED_EDGE('',*,*,#909,.F.);
#267=ORIENTED_EDGE('',*,*,#750,.F.);
#268=ORIENTED_EDGE('',*,*,#908,.T.);
#269=ORIENTED_EDGE('',*,*,#883,.T.);
#270=ORIENTED_EDGE('',*,*,#910,.F.);
#271=ORIENTED_EDGE('',*,*,#751,.F.);
#272=ORIENTED_EDGE('',*,*,#909,.T.);
#273=ORIENTED_EDGE('',*,*,#889,.T.);
#274=ORIENTED_EDGE('',*,*,#911,.F.);
#275=ORIENTED_EDGE('',*,*,#777,.F.);
#276=ORIENTED_EDGE('',*,*,#912,.T.);
#277=ORIENTED_EDGE('',*,*,#888,.T.);
#278=ORIENTED_EDGE('',*,*,#907,.F.);
#279=ORIENTED_EDGE('',*,*,#778,.F.);
#280=ORIENTED_EDGE('',*,*,#911,.T.);
#281=ORIENTED_EDGE('',*,*,#890,.T.);
#282=ORIENTED_EDGE('',*,*,#912,.F.);
#283=ORIENTED_EDGE('',*,*,#776,.F.);
#284=ORIENTED_EDGE('',*,*,#913,.T.);
#285=ORIENTED_EDGE('',*,*,#882,.T.);
#286=ORIENTED_EDGE('',*,*,#914,.F.);
#287=ORIENTED_EDGE('',*,*,#752,.F.);
#288=ORIENTED_EDGE('',*,*,#910,.T.);
#289=ORIENTED_EDGE('',*,*,#881,.T.);
#290=ORIENTED_EDGE('',*,*,#915,.F.);
#291=ORIENTED_EDGE('',*,*,#753,.F.);
#292=ORIENTED_EDGE('',*,*,#914,.T.);
#293=ORIENTED_EDGE('',*,*,#880,.T.);
#294=ORIENTED_EDGE('',*,*,#916,.F.);
#295=ORIENTED_EDGE('',*,*,#754,.F.);
#296=ORIENTED_EDGE('',*,*,#915,.T.);
#297=ORIENTED_EDGE('',*,*,#892,.T.);
#298=ORIENTED_EDGE('',*,*,#917,.F.);
#299=ORIENTED_EDGE('',*,*,#774,.F.);
#300=ORIENTED_EDGE('',*,*,#918,.T.);
#301=ORIENTED_EDGE('',*,*,#891,.T.);
#302=ORIENTED_EDGE('',*,*,#913,.F.);
#303=ORIENTED_EDGE('',*,*,#775,.F.);
#304=ORIENTED_EDGE('',*,*,#917,.T.);
#305=ORIENTED_EDGE('',*,*,#893,.T.);
#306=ORIENTED_EDGE('',*,*,#918,.F.);
#307=ORIENTED_EDGE('',*,*,#773,.F.);
#308=ORIENTED_EDGE('',*,*,#919,.T.);
#309=ORIENTED_EDGE('',*,*,#879,.T.);
#310=ORIENTED_EDGE('',*,*,#920,.F.);
#311=ORIENTED_EDGE('',*,*,#755,.F.);
#312=ORIENTED_EDGE('',*,*,#916,.T.);
#313=ORIENTED_EDGE('',*,*,#878,.T.);
#314=ORIENTED_EDGE('',*,*,#921,.F.);
#315=ORIENTED_EDGE('',*,*,#756,.F.);
#316=ORIENTED_EDGE('',*,*,#920,.T.);
#317=ORIENTED_EDGE('',*,*,#877,.T.);
#318=ORIENTED_EDGE('',*,*,#922,.F.);
#319=ORIENTED_EDGE('',*,*,#757,.F.);
#320=ORIENTED_EDGE('',*,*,#921,.T.);
#321=ORIENTED_EDGE('',*,*,#895,.T.);
#322=ORIENTED_EDGE('',*,*,#923,.F.);
#323=ORIENTED_EDGE('',*,*,#771,.F.);
#324=ORIENTED_EDGE('',*,*,#924,.T.);
#325=ORIENTED_EDGE('',*,*,#894,.T.);
#326=ORIENTED_EDGE('',*,*,#919,.F.);
#327=ORIENTED_EDGE('',*,*,#772,.F.);
#328=ORIENTED_EDGE('',*,*,#923,.T.);
#329=ORIENTED_EDGE('',*,*,#896,.T.);
#330=ORIENTED_EDGE('',*,*,#924,.F.);
#331=ORIENTED_EDGE('',*,*,#770,.F.);
#332=ORIENTED_EDGE('',*,*,#925,.T.);
#333=ORIENTED_EDGE('',*,*,#876,.T.);
#334=ORIENTED_EDGE('',*,*,#926,.F.);
#335=ORIENTED_EDGE('',*,*,#758,.F.);
#336=ORIENTED_EDGE('',*,*,#922,.T.);
#337=ORIENTED_EDGE('',*,*,#875,.T.);
#338=ORIENTED_EDGE('',*,*,#927,.F.);
#339=ORIENTED_EDGE('',*,*,#759,.F.);
#340=ORIENTED_EDGE('',*,*,#926,.T.);
#341=ORIENTED_EDGE('',*,*,#874,.T.);
#342=ORIENTED_EDGE('',*,*,#928,.F.);
#343=ORIENTED_EDGE('',*,*,#760,.F.);
#344=ORIENTED_EDGE('',*,*,#927,.T.);
#345=ORIENTED_EDGE('',*,*,#898,.T.);
#346=ORIENTED_EDGE('',*,*,#929,.F.);
#347=ORIENTED_EDGE('',*,*,#768,.F.);
#348=ORIENTED_EDGE('',*,*,#930,.T.);
#349=ORIENTED_EDGE('',*,*,#897,.T.);
#350=ORIENTED_EDGE('',*,*,#925,.F.);
#351=ORIENTED_EDGE('',*,*,#769,.F.);
#352=ORIENTED_EDGE('',*,*,#929,.T.);
#353=ORIENTED_EDGE('',*,*,#899,.T.);
#354=ORIENTED_EDGE('',*,*,#930,.F.);
#355=ORIENTED_EDGE('',*,*,#767,.F.);
#356=ORIENTED_EDGE('',*,*,#931,.T.);
#357=ORIENTED_EDGE('',*,*,#873,.T.);
#358=ORIENTED_EDGE('',*,*,#932,.F.);
#359=ORIENTED_EDGE('',*,*,#761,.F.);
#360=ORIENTED_EDGE('',*,*,#928,.T.);
#361=ORIENTED_EDGE('',*,*,#872,.T.);
#362=ORIENTED_EDGE('',*,*,#933,.F.);
#363=ORIENTED_EDGE('',*,*,#762,.F.);
#364=ORIENTED_EDGE('',*,*,#932,.T.);
#365=ORIENTED_EDGE('',*,*,#871,.T.);
#366=ORIENTED_EDGE('',*,*,#906,.F.);
#367=ORIENTED_EDGE('',*,*,#763,.F.);
#368=ORIENTED_EDGE('',*,*,#933,.T.);
#369=ORIENTED_EDGE('',*,*,#901,.T.);
#370=ORIENTED_EDGE('',*,*,#934,.F.);
#371=ORIENTED_EDGE('',*,*,#765,.F.);
#372=ORIENTED_EDGE('',*,*,#905,.T.);
#373=ORIENTED_EDGE('',*,*,#900,.T.);
#374=ORIENTED_EDGE('',*,*,#931,.F.);
#375=ORIENTED_EDGE('',*,*,#766,.F.);
#376=ORIENTED_EDGE('',*,*,#934,.T.);
#377=ORIENTED_EDGE('',*,*,#863,.F.);
#378=ORIENTED_EDGE('',*,*,#822,.F.);
#379=ORIENTED_EDGE('',*,*,#903,.T.);
#380=ORIENTED_EDGE('',*,*,#869,.T.);
#381=ORIENTED_EDGE('',*,*,#868,.F.);
#382=ORIENTED_EDGE('',*,*,#886,.F.);
#383=ORIENTED_EDGE('',*,*,#904,.T.);
#384=ORIENTED_EDGE('',*,*,#820,.T.);
#385=ORIENTED_EDGE('',*,*,#935,.F.);
#386=ORIENTED_EDGE('',*,*,#780,.T.);
#387=ORIENTED_EDGE('',*,*,#936,.T.);
#388=ORIENTED_EDGE('',*,*,#824,.F.);
#389=ORIENTED_EDGE('',*,*,#936,.F.);
#390=ORIENTED_EDGE('',*,*,#779,.T.);
#391=ORIENTED_EDGE('',*,*,#937,.T.);
#392=ORIENTED_EDGE('',*,*,#825,.F.);
#393=ORIENTED_EDGE('',*,*,#937,.F.);
#394=ORIENTED_EDGE('',*,*,#782,.T.);
#395=ORIENTED_EDGE('',*,*,#938,.T.);
#396=ORIENTED_EDGE('',*,*,#826,.F.);
#397=ORIENTED_EDGE('',*,*,#938,.F.);
#398=ORIENTED_EDGE('',*,*,#781,.T.);
#399=ORIENTED_EDGE('',*,*,#935,.T.);
#400=ORIENTED_EDGE('',*,*,#823,.F.);
#401=ORIENTED_EDGE('',*,*,#939,.F.);
#402=ORIENTED_EDGE('',*,*,#784,.T.);
#403=ORIENTED_EDGE('',*,*,#940,.T.);
#404=ORIENTED_EDGE('',*,*,#828,.F.);
#405=ORIENTED_EDGE('',*,*,#940,.F.);
#406=ORIENTED_EDGE('',*,*,#783,.T.);
#407=ORIENTED_EDGE('',*,*,#941,.T.);
#408=ORIENTED_EDGE('',*,*,#829,.F.);
#409=ORIENTED_EDGE('',*,*,#941,.F.);
#410=ORIENTED_EDGE('',*,*,#786,.T.);
#411=ORIENTED_EDGE('',*,*,#942,.T.);
#412=ORIENTED_EDGE('',*,*,#830,.F.);
#413=ORIENTED_EDGE('',*,*,#942,.F.);
#414=ORIENTED_EDGE('',*,*,#785,.T.);
#415=ORIENTED_EDGE('',*,*,#939,.T.);
#416=ORIENTED_EDGE('',*,*,#827,.F.);
#417=ORIENTED_EDGE('',*,*,#943,.F.);
#418=ORIENTED_EDGE('',*,*,#788,.T.);
#419=ORIENTED_EDGE('',*,*,#944,.T.);
#420=ORIENTED_EDGE('',*,*,#832,.F.);
#421=ORIENTED_EDGE('',*,*,#944,.F.);
#422=ORIENTED_EDGE('',*,*,#787,.T.);
#423=ORIENTED_EDGE('',*,*,#945,.T.);
#424=ORIENTED_EDGE('',*,*,#833,.F.);
#425=ORIENTED_EDGE('',*,*,#945,.F.);
#426=ORIENTED_EDGE('',*,*,#790,.T.);
#427=ORIENTED_EDGE('',*,*,#946,.T.);
#428=ORIENTED_EDGE('',*,*,#834,.F.);
#429=ORIENTED_EDGE('',*,*,#946,.F.);
#430=ORIENTED_EDGE('',*,*,#789,.T.);
#431=ORIENTED_EDGE('',*,*,#943,.T.);
#432=ORIENTED_EDGE('',*,*,#831,.F.);
#433=ORIENTED_EDGE('',*,*,#947,.F.);
#434=ORIENTED_EDGE('',*,*,#792,.T.);
#435=ORIENTED_EDGE('',*,*,#948,.T.);
#436=ORIENTED_EDGE('',*,*,#836,.F.);
#437=ORIENTED_EDGE('',*,*,#948,.F.);
#438=ORIENTED_EDGE('',*,*,#791,.T.);
#439=ORIENTED_EDGE('',*,*,#949,.T.);
#440=ORIENTED_EDGE('',*,*,#837,.F.);
#441=ORIENTED_EDGE('',*,*,#949,.F.);
#442=ORIENTED_EDGE('',*,*,#794,.T.);
#443=ORIENTED_EDGE('',*,*,#950,.T.);
#444=ORIENTED_EDGE('',*,*,#838,.F.);
#445=ORIENTED_EDGE('',*,*,#950,.F.);
#446=ORIENTED_EDGE('',*,*,#793,.T.);
#447=ORIENTED_EDGE('',*,*,#947,.T.);
#448=ORIENTED_EDGE('',*,*,#835,.F.);
#449=ORIENTED_EDGE('',*,*,#951,.F.);
#450=ORIENTED_EDGE('',*,*,#796,.T.);
#451=ORIENTED_EDGE('',*,*,#952,.T.);
#452=ORIENTED_EDGE('',*,*,#840,.F.);
#453=ORIENTED_EDGE('',*,*,#952,.F.);
#454=ORIENTED_EDGE('',*,*,#795,.T.);
#455=ORIENTED_EDGE('',*,*,#953,.T.);
#456=ORIENTED_EDGE('',*,*,#841,.F.);
#457=ORIENTED_EDGE('',*,*,#953,.F.);
#458=ORIENTED_EDGE('',*,*,#798,.T.);
#459=ORIENTED_EDGE('',*,*,#954,.T.);
#460=ORIENTED_EDGE('',*,*,#842,.F.);
#461=ORIENTED_EDGE('',*,*,#954,.F.);
#462=ORIENTED_EDGE('',*,*,#797,.T.);
#463=ORIENTED_EDGE('',*,*,#951,.T.);
#464=ORIENTED_EDGE('',*,*,#839,.F.);
#465=ORIENTED_EDGE('',*,*,#955,.F.);
#466=ORIENTED_EDGE('',*,*,#800,.T.);
#467=ORIENTED_EDGE('',*,*,#956,.T.);
#468=ORIENTED_EDGE('',*,*,#844,.F.);
#469=ORIENTED_EDGE('',*,*,#956,.F.);
#470=ORIENTED_EDGE('',*,*,#799,.T.);
#471=ORIENTED_EDGE('',*,*,#957,.T.);
#472=ORIENTED_EDGE('',*,*,#845,.F.);
#473=ORIENTED_EDGE('',*,*,#957,.F.);
#474=ORIENTED_EDGE('',*,*,#802,.T.);
#475=ORIENTED_EDGE('',*,*,#958,.T.);
#476=ORIENTED_EDGE('',*,*,#846,.F.);
#477=ORIENTED_EDGE('',*,*,#958,.F.);
#478=ORIENTED_EDGE('',*,*,#801,.T.);
#479=ORIENTED_EDGE('',*,*,#955,.T.);
#480=ORIENTED_EDGE('',*,*,#843,.F.);
#481=ORIENTED_EDGE('',*,*,#959,.F.);
#482=ORIENTED_EDGE('',*,*,#804,.T.);
#483=ORIENTED_EDGE('',*,*,#960,.T.);
#484=ORIENTED_EDGE('',*,*,#848,.F.);
#485=ORIENTED_EDGE('',*,*,#960,.F.);
#486=ORIENTED_EDGE('',*,*,#803,.T.);
#487=ORIENTED_EDGE('',*,*,#961,.T.);
#488=ORIENTED_EDGE('',*,*,#849,.F.);
#489=ORIENTED_EDGE('',*,*,#961,.F.);
#490=ORIENTED_EDGE('',*,*,#806,.T.);
#491=ORIENTED_EDGE('',*,*,#962,.T.);
#492=ORIENTED_EDGE('',*,*,#850,.F.);
#493=ORIENTED_EDGE('',*,*,#962,.F.);
#494=ORIENTED_EDGE('',*,*,#805,.T.);
#495=ORIENTED_EDGE('',*,*,#959,.T.);
#496=ORIENTED_EDGE('',*,*,#847,.F.);
#497=ORIENTED_EDGE('',*,*,#963,.F.);
#498=ORIENTED_EDGE('',*,*,#808,.T.);
#499=ORIENTED_EDGE('',*,*,#964,.T.);
#500=ORIENTED_EDGE('',*,*,#852,.F.);
#501=ORIENTED_EDGE('',*,*,#964,.F.);
#502=ORIENTED_EDGE('',*,*,#807,.T.);
#503=ORIENTED_EDGE('',*,*,#965,.T.);
#504=ORIENTED_EDGE('',*,*,#853,.F.);
#505=ORIENTED_EDGE('',*,*,#965,.F.);
#506=ORIENTED_EDGE('',*,*,#810,.T.);
#507=ORIENTED_EDGE('',*,*,#966,.T.);
#508=ORIENTED_EDGE('',*,*,#854,.F.);
#509=ORIENTED_EDGE('',*,*,#966,.F.);
#510=ORIENTED_EDGE('',*,*,#809,.T.);
#511=ORIENTED_EDGE('',*,*,#963,.T.);
#512=ORIENTED_EDGE('',*,*,#851,.F.);
#513=ORIENTED_EDGE('',*,*,#967,.F.);
#514=ORIENTED_EDGE('',*,*,#812,.T.);
#515=ORIENTED_EDGE('',*,*,#968,.T.);
#516=ORIENTED_EDGE('',*,*,#856,.F.);
#517=ORIENTED_EDGE('',*,*,#968,.F.);
#518=ORIENTED_EDGE('',*,*,#811,.T.);
#519=ORIENTED_EDGE('',*,*,#969,.T.);
#520=ORIENTED_EDGE('',*,*,#857,.F.);
#521=ORIENTED_EDGE('',*,*,#969,.F.);
#522=ORIENTED_EDGE('',*,*,#814,.T.);
#523=ORIENTED_EDGE('',*,*,#970,.T.);
#524=ORIENTED_EDGE('',*,*,#858,.F.);
#525=ORIENTED_EDGE('',*,*,#970,.F.);
#526=ORIENTED_EDGE('',*,*,#813,.T.);
#527=ORIENTED_EDGE('',*,*,#967,.T.);
#528=ORIENTED_EDGE('',*,*,#855,.F.);
#529=ORIENTED_EDGE('',*,*,#971,.F.);
#530=ORIENTED_EDGE('',*,*,#816,.T.);
#531=ORIENTED_EDGE('',*,*,#972,.T.);
#532=ORIENTED_EDGE('',*,*,#860,.F.);
#533=ORIENTED_EDGE('',*,*,#972,.F.);
#534=ORIENTED_EDGE('',*,*,#815,.T.);
#535=ORIENTED_EDGE('',*,*,#973,.T.);
#536=ORIENTED_EDGE('',*,*,#861,.F.);
#537=ORIENTED_EDGE('',*,*,#973,.F.);
#538=ORIENTED_EDGE('',*,*,#818,.T.);
#539=ORIENTED_EDGE('',*,*,#974,.T.);
#540=ORIENTED_EDGE('',*,*,#862,.F.);
#541=ORIENTED_EDGE('',*,*,#974,.F.);
#542=ORIENTED_EDGE('',*,*,#817,.T.);
#543=ORIENTED_EDGE('',*,*,#971,.T.);
#544=ORIENTED_EDGE('',*,*,#859,.F.);
#545=ORIENTED_EDGE('',*,*,#975,.F.);
#546=ORIENTED_EDGE('',*,*,#976,.F.);
#547=ORIENTED_EDGE('',*,*,#977,.T.);
#548=ORIENTED_EDGE('',*,*,#978,.F.);
#549=ORIENTED_EDGE('',*,*,#979,.T.);
#550=ORIENTED_EDGE('',*,*,#980,.F.);
#551=ORIENTED_EDGE('',*,*,#981,.T.);
#552=ORIENTED_EDGE('',*,*,#982,.T.);
#553=ORIENTED_EDGE('',*,*,#983,.F.);
#554=ORIENTED_EDGE('',*,*,#984,.F.);
#555=ORIENTED_EDGE('',*,*,#985,.F.);
#556=ORIENTED_EDGE('',*,*,#986,.F.);
#557=ORIENTED_EDGE('',*,*,#987,.T.);
#558=ORIENTED_EDGE('',*,*,#988,.T.);
#559=ORIENTED_EDGE('',*,*,#989,.T.);
#560=ORIENTED_EDGE('',*,*,#990,.T.);
#561=ORIENTED_EDGE('',*,*,#991,.T.);
#562=ORIENTED_EDGE('',*,*,#992,.T.);
#563=ORIENTED_EDGE('',*,*,#993,.F.);
#564=ORIENTED_EDGE('',*,*,#994,.F.);
#565=ORIENTED_EDGE('',*,*,#995,.F.);
#566=ORIENTED_EDGE('',*,*,#996,.T.);
#567=ORIENTED_EDGE('',*,*,#997,.F.);
#568=ORIENTED_EDGE('',*,*,#998,.T.);
#569=ORIENTED_EDGE('',*,*,#999,.F.);
#570=ORIENTED_EDGE('',*,*,#1000,.T.);
#571=ORIENTED_EDGE('',*,*,#1001,.T.);
#572=ORIENTED_EDGE('',*,*,#1002,.F.);
#573=ORIENTED_EDGE('',*,*,#1003,.F.);
#574=ORIENTED_EDGE('',*,*,#1002,.T.);
#575=ORIENTED_EDGE('',*,*,#1004,.F.);
#576=ORIENTED_EDGE('',*,*,#1005,.F.);
#577=ORIENTED_EDGE('',*,*,#1006,.F.);
#578=ORIENTED_EDGE('',*,*,#1007,.T.);
#579=ORIENTED_EDGE('',*,*,#1008,.F.);
#580=ORIENTED_EDGE('',*,*,#1000,.F.);
#581=ORIENTED_EDGE('',*,*,#1009,.F.);
#582=ORIENTED_EDGE('',*,*,#993,.T.);
#583=ORIENTED_EDGE('',*,*,#1010,.F.);
#584=ORIENTED_EDGE('',*,*,#1011,.F.);
#585=ORIENTED_EDGE('',*,*,#1012,.F.);
#586=ORIENTED_EDGE('',*,*,#1011,.T.);
#587=ORIENTED_EDGE('',*,*,#1013,.T.);
#588=ORIENTED_EDGE('',*,*,#1014,.F.);
#589=ORIENTED_EDGE('',*,*,#1015,.F.);
#590=ORIENTED_EDGE('',*,*,#1014,.T.);
#591=ORIENTED_EDGE('',*,*,#1016,.F.);
#592=ORIENTED_EDGE('',*,*,#981,.F.);
#593=ORIENTED_EDGE('',*,*,#994,.T.);
#594=ORIENTED_EDGE('',*,*,#1017,.T.);
#595=ORIENTED_EDGE('',*,*,#980,.T.);
#596=ORIENTED_EDGE('',*,*,#1018,.F.);
#597=ORIENTED_EDGE('',*,*,#1019,.F.);
#598=ORIENTED_EDGE('',*,*,#992,.F.);
#599=ORIENTED_EDGE('',*,*,#1020,.T.);
#600=ORIENTED_EDGE('',*,*,#982,.F.);
#601=ORIENTED_EDGE('',*,*,#1010,.T.);
#602=ORIENTED_EDGE('',*,*,#1019,.T.);
#603=ORIENTED_EDGE('',*,*,#1016,.T.);
#604=ORIENTED_EDGE('',*,*,#1013,.F.);
#605=ORIENTED_EDGE('',*,*,#1009,.T.);
#606=ORIENTED_EDGE('',*,*,#1012,.T.);
#607=ORIENTED_EDGE('',*,*,#1015,.T.);
#608=ORIENTED_EDGE('',*,*,#1017,.F.);
#609=ORIENTED_EDGE('',*,*,#986,.T.);
#610=ORIENTED_EDGE('',*,*,#1021,.F.);
#611=ORIENTED_EDGE('',*,*,#988,.F.);
#612=ORIENTED_EDGE('',*,*,#1005,.T.);
#613=ORIENTED_EDGE('',*,*,#985,.T.);
#614=ORIENTED_EDGE('',*,*,#1022,.F.);
#615=ORIENTED_EDGE('',*,*,#989,.F.);
#616=ORIENTED_EDGE('',*,*,#1021,.T.);
#617=ORIENTED_EDGE('',*,*,#984,.T.);
#618=ORIENTED_EDGE('',*,*,#1023,.F.);
#619=ORIENTED_EDGE('',*,*,#990,.F.);
#620=ORIENTED_EDGE('',*,*,#1022,.T.);
#621=ORIENTED_EDGE('',*,*,#983,.T.);
#622=ORIENTED_EDGE('',*,*,#1020,.F.);
#623=ORIENTED_EDGE('',*,*,#991,.F.);
#624=ORIENTED_EDGE('',*,*,#1023,.T.);
#625=ORIENTED_EDGE('',*,*,#979,.F.);
#626=ORIENTED_EDGE('',*,*,#1024,.F.);
#627=ORIENTED_EDGE('',*,*,#995,.T.);
#628=ORIENTED_EDGE('',*,*,#1018,.T.);
#629=ORIENTED_EDGE('',*,*,#978,.T.);
#630=ORIENTED_EDGE('',*,*,#1025,.F.);
#631=ORIENTED_EDGE('',*,*,#996,.F.);
#632=ORIENTED_EDGE('',*,*,#1024,.T.);
#633=ORIENTED_EDGE('',*,*,#977,.F.);
#634=ORIENTED_EDGE('',*,*,#1026,.F.);
#635=ORIENTED_EDGE('',*,*,#997,.T.);
#636=ORIENTED_EDGE('',*,*,#1025,.T.);
#637=ORIENTED_EDGE('',*,*,#976,.T.);
#638=ORIENTED_EDGE('',*,*,#1007,.F.);
#639=ORIENTED_EDGE('',*,*,#998,.F.);
#640=ORIENTED_EDGE('',*,*,#1026,.T.);
#641=ORIENTED_EDGE('',*,*,#1004,.T.);
#642=ORIENTED_EDGE('',*,*,#1001,.F.);
#643=ORIENTED_EDGE('',*,*,#1008,.T.);
#644=ORIENTED_EDGE('',*,*,#975,.T.);
#645=ORIENTED_EDGE('',*,*,#1003,.T.);
#646=ORIENTED_EDGE('',*,*,#987,.F.);
#647=ORIENTED_EDGE('',*,*,#1006,.T.);
#648=ORIENTED_EDGE('',*,*,#999,.T.);
#649=ORIENTED_EDGE('',*,*,#1027,.F.);
#650=ORIENTED_EDGE('',*,*,#1028,.F.);
#651=ORIENTED_EDGE('',*,*,#1029,.F.);
#652=ORIENTED_EDGE('',*,*,#1030,.T.);
#653=ORIENTED_EDGE('',*,*,#1031,.F.);
#654=ORIENTED_EDGE('',*,*,#1032,.T.);
#655=ORIENTED_EDGE('',*,*,#1033,.T.);
#656=ORIENTED_EDGE('',*,*,#1034,.F.);
#657=ORIENTED_EDGE('',*,*,#1035,.F.);
#658=ORIENTED_EDGE('',*,*,#1036,.F.);
#659=ORIENTED_EDGE('',*,*,#1037,.F.);
#660=ORIENTED_EDGE('',*,*,#1038,.T.);
#661=ORIENTED_EDGE('',*,*,#1039,.T.);
#662=ORIENTED_EDGE('',*,*,#1040,.T.);
#663=ORIENTED_EDGE('',*,*,#1041,.T.);
#664=ORIENTED_EDGE('',*,*,#1042,.T.);
#665=ORIENTED_EDGE('',*,*,#1043,.T.);
#666=ORIENTED_EDGE('',*,*,#1044,.F.);
#667=ORIENTED_EDGE('',*,*,#1045,.F.);
#668=ORIENTED_EDGE('',*,*,#1046,.F.);
#669=ORIENTED_EDGE('',*,*,#1047,.T.);
#670=ORIENTED_EDGE('',*,*,#1048,.T.);
#671=ORIENTED_EDGE('',*,*,#1049,.F.);
#672=ORIENTED_EDGE('',*,*,#1050,.T.);
#673=ORIENTED_EDGE('',*,*,#1051,.T.);
#674=ORIENTED_EDGE('',*,*,#1052,.F.);
#675=ORIENTED_EDGE('',*,*,#1053,.F.);
#676=ORIENTED_EDGE('',*,*,#1052,.T.);
#677=ORIENTED_EDGE('',*,*,#1054,.F.);
#678=ORIENTED_EDGE('',*,*,#1055,.F.);
#679=ORIENTED_EDGE('',*,*,#1056,.F.);
#680=ORIENTED_EDGE('',*,*,#1057,.T.);
#681=ORIENTED_EDGE('',*,*,#1058,.F.);
#682=ORIENTED_EDGE('',*,*,#1050,.F.);
#683=ORIENTED_EDGE('',*,*,#1059,.F.);
#684=ORIENTED_EDGE('',*,*,#1044,.T.);
#685=ORIENTED_EDGE('',*,*,#1060,.F.);
#686=ORIENTED_EDGE('',*,*,#1061,.F.);
#687=ORIENTED_EDGE('',*,*,#1062,.F.);
#688=ORIENTED_EDGE('',*,*,#1061,.T.);
#689=ORIENTED_EDGE('',*,*,#1063,.T.);
#690=ORIENTED_EDGE('',*,*,#1064,.F.);
#691=ORIENTED_EDGE('',*,*,#1065,.F.);
#692=ORIENTED_EDGE('',*,*,#1064,.T.);
#693=ORIENTED_EDGE('',*,*,#1066,.F.);
#694=ORIENTED_EDGE('',*,*,#1032,.F.);
#695=ORIENTED_EDGE('',*,*,#1045,.T.);
#696=ORIENTED_EDGE('',*,*,#1067,.T.);
#697=ORIENTED_EDGE('',*,*,#1031,.T.);
#698=ORIENTED_EDGE('',*,*,#1068,.F.);
#699=ORIENTED_EDGE('',*,*,#1069,.T.);
#700=ORIENTED_EDGE('',*,*,#1033,.F.);
#701=ORIENTED_EDGE('',*,*,#1070,.F.);
#702=ORIENTED_EDGE('',*,*,#1043,.F.);
#703=ORIENTED_EDGE('',*,*,#1060,.T.);
#704=ORIENTED_EDGE('',*,*,#1070,.T.);
#705=ORIENTED_EDGE('',*,*,#1066,.T.);
#706=ORIENTED_EDGE('',*,*,#1063,.F.);
#707=ORIENTED_EDGE('',*,*,#1059,.T.);
#708=ORIENTED_EDGE('',*,*,#1062,.T.);
#709=ORIENTED_EDGE('',*,*,#1065,.T.);
#710=ORIENTED_EDGE('',*,*,#1067,.F.);
#711=ORIENTED_EDGE('',*,*,#1037,.T.);
#712=ORIENTED_EDGE('',*,*,#1071,.F.);
#713=ORIENTED_EDGE('',*,*,#1039,.F.);
#714=ORIENTED_EDGE('',*,*,#1055,.T.);
#715=ORIENTED_EDGE('',*,*,#1036,.T.);
#716=ORIENTED_EDGE('',*,*,#1072,.F.);
#717=ORIENTED_EDGE('',*,*,#1040,.F.);
#718=ORIENTED_EDGE('',*,*,#1071,.T.);
#719=ORIENTED_EDGE('',*,*,#1035,.T.);
#720=ORIENTED_EDGE('',*,*,#1073,.F.);
#721=ORIENTED_EDGE('',*,*,#1041,.F.);
#722=ORIENTED_EDGE('',*,*,#1072,.T.);
#723=ORIENTED_EDGE('',*,*,#1034,.T.);
#724=ORIENTED_EDGE('',*,*,#1069,.F.);
#725=ORIENTED_EDGE('',*,*,#1042,.F.);
#726=ORIENTED_EDGE('',*,*,#1073,.T.);
#727=ORIENTED_EDGE('',*,*,#1030,.F.);
#728=ORIENTED_EDGE('',*,*,#1074,.F.);
#729=ORIENTED_EDGE('',*,*,#1046,.T.);
#730=ORIENTED_EDGE('',*,*,#1068,.T.);
#731=ORIENTED_EDGE('',*,*,#1029,.T.);
#732=ORIENTED_EDGE('',*,*,#1075,.F.);
#733=ORIENTED_EDGE('',*,*,#1047,.F.);
#734=ORIENTED_EDGE('',*,*,#1074,.T.);
#735=ORIENTED_EDGE('',*,*,#1028,.T.);
#736=ORIENTED_EDGE('',*,*,#1057,.F.);
#737=ORIENTED_EDGE('',*,*,#1048,.F.);
#738=ORIENTED_EDGE('',*,*,#1075,.T.);
#739=ORIENTED_EDGE('',*,*,#1054,.T.);
#740=ORIENTED_EDGE('',*,*,#1051,.F.);
#741=ORIENTED_EDGE('',*,*,#1058,.T.);
#742=ORIENTED_EDGE('',*,*,#1027,.T.);
#743=ORIENTED_EDGE('',*,*,#1053,.T.);
#744=ORIENTED_EDGE('',*,*,#1038,.F.);
#745=ORIENTED_EDGE('',*,*,#1056,.T.);
#746=ORIENTED_EDGE('',*,*,#1049,.T.);
#747=EDGE_CURVE('',#1076,#1077,#1290,.T.);
#748=EDGE_CURVE('',#1077,#1078,#1291,.T.);
#749=EDGE_CURVE('',#1078,#1079,#1292,.T.);
#750=EDGE_CURVE('',#1079,#1080,#1293,.T.);
#751=EDGE_CURVE('',#1080,#1081,#1294,.T.);
#752=EDGE_CURVE('',#1081,#1082,#1295,.T.);
#753=EDGE_CURVE('',#1082,#1083,#1296,.T.);
#754=EDGE_CURVE('',#1083,#1084,#1297,.T.);
#755=EDGE_CURVE('',#1084,#1085,#1298,.T.);
#756=EDGE_CURVE('',#1085,#1086,#1299,.T.);
#757=EDGE_CURVE('',#1086,#1087,#1300,.T.);
#758=EDGE_CURVE('',#1087,#1088,#1301,.T.);
#759=EDGE_CURVE('',#1088,#1089,#1302,.T.);
#760=EDGE_CURVE('',#1089,#1090,#1303,.T.);
#761=EDGE_CURVE('',#1090,#1091,#1304,.T.);
#762=EDGE_CURVE('',#1091,#1092,#1305,.T.);
#763=EDGE_CURVE('',#1092,#1093,#1306,.T.);
#764=EDGE_CURVE('',#1093,#1094,#1307,.T.);
#765=EDGE_CURVE('',#1094,#1095,#1308,.T.);
#766=EDGE_CURVE('',#1095,#1096,#1309,.T.);
#767=EDGE_CURVE('',#1096,#1097,#1310,.T.);
#768=EDGE_CURVE('',#1097,#1098,#1311,.T.);
#769=EDGE_CURVE('',#1098,#1099,#1312,.T.);
#770=EDGE_CURVE('',#1099,#1100,#1313,.T.);
#771=EDGE_CURVE('',#1100,#1101,#1314,.T.);
#772=EDGE_CURVE('',#1101,#1102,#1315,.T.);
#773=EDGE_CURVE('',#1102,#1103,#1316,.T.);
#774=EDGE_CURVE('',#1103,#1104,#1317,.T.);
#775=EDGE_CURVE('',#1104,#1105,#1318,.T.);
#776=EDGE_CURVE('',#1105,#1106,#1319,.T.);
#777=EDGE_CURVE('',#1106,#1107,#1320,.T.);
#778=EDGE_CURVE('',#1107,#1076,#1321,.T.);
#779=EDGE_CURVE('',#1108,#1109,#1322,.T.);
#780=EDGE_CURVE('',#1110,#1108,#1323,.T.);
#781=EDGE_CURVE('',#1111,#1110,#1324,.T.);
#782=EDGE_CURVE('',#1109,#1111,#1325,.T.);
#783=EDGE_CURVE('',#1112,#1113,#1326,.T.);
#784=EDGE_CURVE('',#1114,#1112,#1327,.T.);
#785=EDGE_CURVE('',#1115,#1114,#1328,.T.);
#786=EDGE_CURVE('',#1113,#1115,#1329,.T.);
#787=EDGE_CURVE('',#1116,#1117,#1330,.T.);
#788=EDGE_CURVE('',#1118,#1116,#1331,.T.);
#789=EDGE_CURVE('',#1119,#1118,#1332,.T.);
#790=EDGE_CURVE('',#1117,#1119,#1333,.T.);
#791=EDGE_CURVE('',#1120,#1121,#1334,.T.);
#792=EDGE_CURVE('',#1122,#1120,#1335,.T.);
#793=EDGE_CURVE('',#1123,#1122,#1336,.T.);
#794=EDGE_CURVE('',#1121,#1123,#1337,.T.);
#795=EDGE_CURVE('',#1124,#1125,#1338,.T.);
#796=EDGE_CURVE('',#1126,#1124,#1339,.T.);
#797=EDGE_CURVE('',#1127,#1126,#1340,.T.);
#798=EDGE_CURVE('',#1125,#1127,#1341,.T.);
#799=EDGE_CURVE('',#1128,#1129,#1342,.T.);
#800=EDGE_CURVE('',#1130,#1128,#1343,.T.);
#801=EDGE_CURVE('',#1131,#1130,#1344,.T.);
#802=EDGE_CURVE('',#1129,#1131,#1345,.T.);
#803=EDGE_CURVE('',#1132,#1133,#1346,.T.);
#804=EDGE_CURVE('',#1134,#1132,#1347,.T.);
#805=EDGE_CURVE('',#1135,#1134,#1348,.T.);
#806=EDGE_CURVE('',#1133,#1135,#1349,.T.);
#807=EDGE_CURVE('',#1136,#1137,#1350,.T.);
#808=EDGE_CURVE('',#1138,#1136,#1351,.T.);
#809=EDGE_CURVE('',#1139,#1138,#1352,.T.);
#810=EDGE_CURVE('',#1137,#1139,#1353,.T.);
#811=EDGE_CURVE('',#1140,#1141,#1354,.T.);
#812=EDGE_CURVE('',#1142,#1140,#1355,.T.);
#813=EDGE_CURVE('',#1143,#1142,#1356,.T.);
#814=EDGE_CURVE('',#1141,#1143,#1357,.T.);
#815=EDGE_CURVE('',#1144,#1145,#1358,.T.);
#816=EDGE_CURVE('',#1146,#1144,#1359,.T.);
#817=EDGE_CURVE('',#1147,#1146,#1360,.T.);
#818=EDGE_CURVE('',#1145,#1147,#1361,.T.);
#819=EDGE_CURVE('',#1148,#1149,#1362,.T.);
#820=EDGE_CURVE('',#1150,#1148,#1363,.T.);
#821=EDGE_CURVE('',#1150,#1151,#1364,.T.);
#822=EDGE_CURVE('',#1151,#1149,#1365,.T.);
#823=EDGE_CURVE('',#1152,#1153,#1366,.T.);
#824=EDGE_CURVE('',#1153,#1154,#1367,.T.);
#825=EDGE_CURVE('',#1154,#1155,#1368,.T.);
#826=EDGE_CURVE('',#1155,#1152,#1369,.T.);
#827=EDGE_CURVE('',#1156,#1157,#1370,.T.);
#828=EDGE_CURVE('',#1157,#1158,#1371,.T.);
#829=EDGE_CURVE('',#1158,#1159,#1372,.T.);
#830=EDGE_CURVE('',#1159,#1156,#1373,.T.);
#831=EDGE_CURVE('',#1160,#1161,#1374,.T.);
#832=EDGE_CURVE('',#1161,#1162,#1375,.T.);
#833=EDGE_CURVE('',#1162,#1163,#1376,.T.);
#834=EDGE_CURVE('',#1163,#1160,#1377,.T.);
#835=EDGE_CURVE('',#1164,#1165,#1378,.T.);
#836=EDGE_CURVE('',#1165,#1166,#1379,.T.);
#837=EDGE_CURVE('',#1166,#1167,#1380,.T.);
#838=EDGE_CURVE('',#1167,#1164,#1381,.T.);
#839=EDGE_CURVE('',#1168,#1169,#1382,.T.);
#840=EDGE_CURVE('',#1169,#1170,#1383,.T.);
#841=EDGE_CURVE('',#1170,#1171,#1384,.T.);
#842=EDGE_CURVE('',#1171,#1168,#1385,.T.);
#843=EDGE_CURVE('',#1172,#1173,#1386,.T.);
#844=EDGE_CURVE('',#1173,#1174,#1387,.T.);
#845=EDGE_CURVE('',#1174,#1175,#1388,.T.);
#846=EDGE_CURVE('',#1175,#1172,#1389,.T.);
#847=EDGE_CURVE('',#1176,#1177,#1390,.T.);
#848=EDGE_CURVE('',#1177,#1178,#1391,.T.);
#849=EDGE_CURVE('',#1178,#1179,#1392,.T.);
#850=EDGE_CURVE('',#1179,#1176,#1393,.T.);
#851=EDGE_CURVE('',#1180,#1181,#1394,.T.);
#852=EDGE_CURVE('',#1181,#1182,#1395,.T.);
#853=EDGE_CURVE('',#1182,#1183,#1396,.T.);
#854=EDGE_CURVE('',#1183,#1180,#1397,.T.);
#855=EDGE_CURVE('',#1184,#1185,#1398,.T.);
#856=EDGE_CURVE('',#1185,#1186,#1399,.T.);
#857=EDGE_CURVE('',#1186,#1187,#1400,.T.);
#858=EDGE_CURVE('',#1187,#1184,#1401,.T.);
#859=EDGE_CURVE('',#1188,#1189,#1402,.T.);
#860=EDGE_CURVE('',#1189,#1190,#1403,.T.);
#861=EDGE_CURVE('',#1190,#1191,#1404,.T.);
#862=EDGE_CURVE('',#1191,#1188,#1405,.T.);
#863=EDGE_CURVE('',#1149,#1192,#1406,.T.);
#864=EDGE_CURVE('',#1192,#1193,#1407,.T.);
#865=EDGE_CURVE('',#1078,#1193,#1408,.T.);
#866=EDGE_CURVE('',#1077,#1194,#1409,.T.);
#867=EDGE_CURVE('',#1194,#1195,#1410,.T.);
#868=EDGE_CURVE('',#1195,#1148,#1411,.T.);
#869=EDGE_CURVE('',#1196,#1192,#1412,.T.);
#870=EDGE_CURVE('',#1197,#1196,#1413,.T.);
#871=EDGE_CURVE('',#1198,#1197,#1414,.T.);
#872=EDGE_CURVE('',#1199,#1198,#1415,.T.);
#873=EDGE_CURVE('',#1200,#1199,#1416,.T.);
#874=EDGE_CURVE('',#1201,#1200,#1417,.T.);
#875=EDGE_CURVE('',#1202,#1201,#1418,.T.);
#876=EDGE_CURVE('',#1203,#1202,#1419,.T.);
#877=EDGE_CURVE('',#1204,#1203,#1420,.T.);
#878=EDGE_CURVE('',#1205,#1204,#1421,.T.);
#879=EDGE_CURVE('',#1206,#1205,#1422,.T.);
#880=EDGE_CURVE('',#1207,#1206,#1423,.T.);
#881=EDGE_CURVE('',#1208,#1207,#1424,.T.);
#882=EDGE_CURVE('',#1209,#1208,#1425,.T.);
#883=EDGE_CURVE('',#1210,#1209,#1426,.T.);
#884=EDGE_CURVE('',#1211,#1210,#1427,.T.);
#885=EDGE_CURVE('',#1193,#1211,#1428,.T.);
#886=EDGE_CURVE('',#1212,#1195,#1429,.T.);
#887=EDGE_CURVE('',#1213,#1194,#1430,.T.);
#888=EDGE_CURVE('',#1214,#1213,#1431,.T.);
#889=EDGE_CURVE('',#1215,#1214,#1432,.T.);
#890=EDGE_CURVE('',#1216,#1215,#1433,.T.);
#891=EDGE_CURVE('',#1217,#1216,#1434,.T.);
#892=EDGE_CURVE('',#1218,#1217,#1435,.T.);
#893=EDGE_CURVE('',#1219,#1218,#1436,.T.);
#894=EDGE_CURVE('',#1220,#1219,#1437,.T.);
#895=EDGE_CURVE('',#1221,#1220,#1438,.T.);
#896=EDGE_CURVE('',#1222,#1221,#1439,.T.);
#897=EDGE_CURVE('',#1223,#1222,#1440,.T.);
#898=EDGE_CURVE('',#1224,#1223,#1441,.T.);
#899=EDGE_CURVE('',#1225,#1224,#1442,.T.);
#900=EDGE_CURVE('',#1226,#1225,#1443,.T.);
#901=EDGE_CURVE('',#1227,#1226,#1444,.T.);
#902=EDGE_CURVE('',#1212,#1227,#1445,.T.);
#903=EDGE_CURVE('',#1151,#1196,#1446,.T.);
#904=EDGE_CURVE('',#1212,#1150,#1447,.T.);
#905=EDGE_CURVE('',#1094,#1227,#1448,.T.);
#906=EDGE_CURVE('',#1093,#1197,#1449,.T.);
#907=EDGE_CURVE('',#1076,#1213,#1450,.T.);
#908=EDGE_CURVE('',#1079,#1211,#1451,.T.);
#909=EDGE_CURVE('',#1080,#1210,#1452,.T.);
#910=EDGE_CURVE('',#1081,#1209,#1453,.T.);
#911=EDGE_CURVE('',#1107,#1214,#1454,.T.);
#912=EDGE_CURVE('',#1106,#1215,#1455,.T.);
#913=EDGE_CURVE('',#1105,#1216,#1456,.T.);
#914=EDGE_CURVE('',#1082,#1208,#1457,.T.);
#915=EDGE_CURVE('',#1083,#1207,#1458,.T.);
#916=EDGE_CURVE('',#1084,#1206,#1459,.T.);
#917=EDGE_CURVE('',#1104,#1217,#1460,.T.);
#918=EDGE_CURVE('',#1103,#1218,#1461,.T.);
#919=EDGE_CURVE('',#1102,#1219,#1462,.T.);
#920=EDGE_CURVE('',#1085,#1205,#1463,.T.);
#921=EDGE_CURVE('',#1086,#1204,#1464,.T.);
#922=EDGE_CURVE('',#1087,#1203,#1465,.T.);
#923=EDGE_CURVE('',#1101,#1220,#1466,.T.);
#924=EDGE_CURVE('',#1100,#1221,#1467,.T.);
#925=EDGE_CURVE('',#1099,#1222,#1468,.T.);
#926=EDGE_CURVE('',#1088,#1202,#1469,.T.);
#927=EDGE_CURVE('',#1089,#1201,#1470,.T.);
#928=EDGE_CURVE('',#1090,#1200,#1471,.T.);
#929=EDGE_CURVE('',#1098,#1223,#1472,.T.);
#930=EDGE_CURVE('',#1097,#1224,#1473,.T.);
#931=EDGE_CURVE('',#1096,#1225,#1474,.T.);
#932=EDGE_CURVE('',#1091,#1199,#1475,.T.);
#933=EDGE_CURVE('',#1092,#1198,#1476,.T.);
#934=EDGE_CURVE('',#1095,#1226,#1477,.T.);
#935=EDGE_CURVE('',#1110,#1153,#1478,.T.);
#936=EDGE_CURVE('',#1108,#1154,#1479,.T.);
#937=EDGE_CURVE('',#1109,#1155,#1480,.T.);
#938=EDGE_CURVE('',#1111,#1152,#1481,.T.);
#939=EDGE_CURVE('',#1114,#1157,#1482,.T.);
#940=EDGE_CURVE('',#1112,#1158,#1483,.T.);
#941=EDGE_CURVE('',#1113,#1159,#1484,.T.);
#942=EDGE_CURVE('',#1115,#1156,#1485,.T.);
#943=EDGE_CURVE('',#1118,#1161,#1486,.T.);
#944=EDGE_CURVE('',#1116,#1162,#1487,.T.);
#945=EDGE_CURVE('',#1117,#1163,#1488,.T.);
#946=EDGE_CURVE('',#1119,#1160,#1489,.T.);
#947=EDGE_CURVE('',#1122,#1165,#1490,.T.);
#948=EDGE_CURVE('',#1120,#1166,#1491,.T.);
#949=EDGE_CURVE('',#1121,#1167,#1492,.T.);
#950=EDGE_CURVE('',#1123,#1164,#1493,.T.);
#951=EDGE_CURVE('',#1126,#1169,#1494,.T.);
#952=EDGE_CURVE('',#1124,#1170,#1495,.T.);
#953=EDGE_CURVE('',#1125,#1171,#1496,.T.);
#954=EDGE_CURVE('',#1127,#1168,#1497,.T.);
#955=EDGE_CURVE('',#1130,#1173,#1498,.T.);
#956=EDGE_CURVE('',#1128,#1174,#1499,.T.);
#957=EDGE_CURVE('',#1129,#1175,#1500,.T.);
#958=EDGE_CURVE('',#1131,#1172,#1501,.T.);
#959=EDGE_CURVE('',#1134,#1177,#1502,.T.);
#960=EDGE_CURVE('',#1132,#1178,#1503,.T.);
#961=EDGE_CURVE('',#1133,#1179,#1504,.T.);
#962=EDGE_CURVE('',#1135,#1176,#1505,.T.);
#963=EDGE_CURVE('',#1138,#1181,#1506,.T.);
#964=EDGE_CURVE('',#1136,#1182,#1507,.T.);
#965=EDGE_CURVE('',#1137,#1183,#1508,.T.);
#966=EDGE_CURVE('',#1139,#1180,#1509,.T.);
#967=EDGE_CURVE('',#1142,#1185,#1510,.T.);
#968=EDGE_CURVE('',#1140,#1186,#1511,.T.);
#969=EDGE_CURVE('',#1141,#1187,#1512,.T.);
#970=EDGE_CURVE('',#1143,#1184,#1513,.T.);
#971=EDGE_CURVE('',#1146,#1189,#1514,.T.);
#972=EDGE_CURVE('',#1144,#1190,#1515,.T.);
#973=EDGE_CURVE('',#1145,#1191,#1516,.T.);
#974=EDGE_CURVE('',#1147,#1188,#1517,.T.);
#975=EDGE_CURVE('',#1228,#1229,#1518,.T.);
#976=EDGE_CURVE('',#1230,#1228,#1519,.T.);
#977=EDGE_CURVE('',#1230,#1231,#25,.T.);
#978=EDGE_CURVE('',#1232,#1231,#1520,.T.);
#979=EDGE_CURVE('',#1232,#1233,#26,.T.);
#980=EDGE_CURVE('',#1234,#1233,#1521,.T.);
#981=EDGE_CURVE('',#1234,#1235,#1522,.T.);
#982=EDGE_CURVE('',#1235,#1236,#1523,.T.);
#983=EDGE_CURVE('',#1237,#1236,#27,.T.);
#984=EDGE_CURVE('',#1238,#1237,#1524,.T.);
#985=EDGE_CURVE('',#1239,#1238,#28,.T.);
#986=EDGE_CURVE('',#1229,#1239,#1525,.T.);
#987=EDGE_CURVE('',#1240,#1241,#1526,.T.);
#988=EDGE_CURVE('',#1241,#1242,#1527,.T.);
#989=EDGE_CURVE('',#1242,#1243,#29,.T.);
#990=EDGE_CURVE('',#1243,#1244,#1528,.T.);
#991=EDGE_CURVE('',#1244,#1245,#30,.T.);
#992=EDGE_CURVE('',#1245,#1246,#1529,.T.);
#993=EDGE_CURVE('',#1247,#1246,#1530,.T.);
#994=EDGE_CURVE('',#1248,#1247,#1531,.T.);
#995=EDGE_CURVE('',#1249,#1248,#31,.T.);
#996=EDGE_CURVE('',#1249,#1250,#1532,.T.);
#997=EDGE_CURVE('',#1251,#1250,#32,.T.);
#998=EDGE_CURVE('',#1251,#1240,#1533,.T.);
#999=EDGE_CURVE('',#1252,#1253,#1534,.T.);
#1000=EDGE_CURVE('',#1252,#1254,#1535,.T.);
#1001=EDGE_CURVE('',#1254,#1255,#1536,.T.);
#1002=EDGE_CURVE('',#1253,#1255,#1537,.T.);
#1003=EDGE_CURVE('',#1253,#1241,#1538,.T.);
#1004=EDGE_CURVE('',#1229,#1255,#1539,.T.);
#1005=EDGE_CURVE('',#1241,#1229,#1540,.T.);
#1006=EDGE_CURVE('',#1240,#1252,#1541,.T.);
#1007=EDGE_CURVE('',#1240,#1228,#1542,.T.);
#1008=EDGE_CURVE('',#1254,#1228,#1543,.T.);
#1009=EDGE_CURVE('',#1247,#1256,#1544,.T.);
#1010=EDGE_CURVE('',#1257,#1246,#1545,.T.);
#1011=EDGE_CURVE('',#1256,#1257,#1546,.T.);
#1012=EDGE_CURVE('',#1256,#1258,#1547,.T.);
#1013=EDGE_CURVE('',#1257,#1259,#1548,.T.);
#1014=EDGE_CURVE('',#1258,#1259,#1549,.T.);
#1015=EDGE_CURVE('',#1258,#1234,#1550,.T.);
#1016=EDGE_CURVE('',#1235,#1259,#1551,.T.);
#1017=EDGE_CURVE('',#1247,#1234,#1552,.T.);
#1018=EDGE_CURVE('',#1248,#1233,#1553,.T.);
#1019=EDGE_CURVE('',#1246,#1235,#1554,.T.);
#1020=EDGE_CURVE('',#1245,#1236,#1555,.T.);
#1021=EDGE_CURVE('',#1242,#1239,#1556,.T.);
#1022=EDGE_CURVE('',#1243,#1238,#1557,.T.);
#1023=EDGE_CURVE('',#1244,#1237,#1558,.T.);
#1024=EDGE_CURVE('',#1249,#1232,#1559,.T.);
#1025=EDGE_CURVE('',#1250,#1231,#1560,.T.);
#1026=EDGE_CURVE('',#1251,#1230,#1561,.T.);
#1027=EDGE_CURVE('',#1260,#1261,#1562,.T.);
#1028=EDGE_CURVE('',#1262,#1260,#1563,.T.);
#1029=EDGE_CURVE('',#1263,#1262,#1564,.T.);
#1030=EDGE_CURVE('',#1263,#1264,#33,.T.);
#1031=EDGE_CURVE('',#1265,#1264,#1565,.T.);
#1032=EDGE_CURVE('',#1265,#1266,#1566,.T.);
#1033=EDGE_CURVE('',#1266,#1267,#1567,.T.);
#1034=EDGE_CURVE('',#1268,#1267,#34,.T.);
#1035=EDGE_CURVE('',#1269,#1268,#1568,.T.);
#1036=EDGE_CURVE('',#1270,#1269,#35,.T.);
#1037=EDGE_CURVE('',#1261,#1270,#1569,.T.);
#1038=EDGE_CURVE('',#1271,#1272,#1570,.T.);
#1039=EDGE_CURVE('',#1272,#1273,#1571,.T.);
#1040=EDGE_CURVE('',#1273,#1274,#36,.T.);
#1041=EDGE_CURVE('',#1274,#1275,#1572,.T.);
#1042=EDGE_CURVE('',#1275,#1276,#37,.T.);
#1043=EDGE_CURVE('',#1276,#1277,#1573,.T.);
#1044=EDGE_CURVE('',#1278,#1277,#1574,.T.);
#1045=EDGE_CURVE('',#1279,#1278,#1575,.T.);
#1046=EDGE_CURVE('',#1280,#1279,#38,.T.);
#1047=EDGE_CURVE('',#1280,#1281,#1576,.T.);
#1048=EDGE_CURVE('',#1281,#1271,#1577,.T.);
#1049=EDGE_CURVE('',#1282,#1283,#1578,.T.);
#1050=EDGE_CURVE('',#1282,#1284,#1579,.T.);
#1051=EDGE_CURVE('',#1284,#1285,#1580,.T.);
#1052=EDGE_CURVE('',#1283,#1285,#1581,.T.);
#1053=EDGE_CURVE('',#1283,#1272,#1582,.T.);
#1054=EDGE_CURVE('',#1261,#1285,#1583,.T.);
#1055=EDGE_CURVE('',#1272,#1261,#1584,.T.);
#1056=EDGE_CURVE('',#1271,#1282,#1585,.T.);
#1057=EDGE_CURVE('',#1271,#1260,#1586,.T.);
#1058=EDGE_CURVE('',#1284,#1260,#1587,.T.);
#1059=EDGE_CURVE('',#1278,#1286,#1588,.T.);
#1060=EDGE_CURVE('',#1287,#1277,#1589,.T.);
#1061=EDGE_CURVE('',#1286,#1287,#1590,.T.);
#1062=EDGE_CURVE('',#1286,#1288,#1591,.T.);
#1063=EDGE_CURVE('',#1287,#1289,#1592,.T.);
#1064=EDGE_CURVE('',#1288,#1289,#1593,.T.);
#1065=EDGE_CURVE('',#1288,#1265,#1594,.T.);
#1066=EDGE_CURVE('',#1266,#1289,#1595,.T.);
#1067=EDGE_CURVE('',#1278,#1265,#1596,.T.);
#1068=EDGE_CURVE('',#1279,#1264,#1597,.T.);
#1069=EDGE_CURVE('',#1276,#1267,#1598,.T.);
#1070=EDGE_CURVE('',#1277,#1266,#1599,.T.);
#1071=EDGE_CURVE('',#1273,#1270,#1600,.T.);
#1072=EDGE_CURVE('',#1274,#1269,#1601,.T.);
#1073=EDGE_CURVE('',#1275,#1268,#1602,.T.);
#1074=EDGE_CURVE('',#1280,#1263,#1603,.T.);
#1075=EDGE_CURVE('',#1281,#1262,#1604,.T.);
#1076=VERTEX_POINT('',#3210);
#1077=VERTEX_POINT('',#3211);
#1078=VERTEX_POINT('',#3213);
#1079=VERTEX_POINT('',#3215);
#1080=VERTEX_POINT('',#3217);
#1081=VERTEX_POINT('',#3219);
#1082=VERTEX_POINT('',#3221);
#1083=VERTEX_POINT('',#3223);
#1084=VERTEX_POINT('',#3225);
#1085=VERTEX_POINT('',#3227);
#1086=VERTEX_POINT('',#3229);
#1087=VERTEX_POINT('',#3231);
#1088=VERTEX_POINT('',#3233);
#1089=VERTEX_POINT('',#3235);
#1090=VERTEX_POINT('',#3237);
#1091=VERTEX_POINT('',#3239);
#1092=VERTEX_POINT('',#3241);
#1093=VERTEX_POINT('',#3243);
#1094=VERTEX_POINT('',#3245);
#1095=VERTEX_POINT('',#3247);
#1096=VERTEX_POINT('',#3249);
#1097=VERTEX_POINT('',#3251);
#1098=VERTEX_POINT('',#3253);
#1099=VERTEX_POINT('',#3255);
#1100=VERTEX_POINT('',#3257);
#1101=VERTEX_POINT('',#3259);
#1102=VERTEX_POINT('',#3261);
#1103=VERTEX_POINT('',#3263);
#1104=VERTEX_POINT('',#3265);
#1105=VERTEX_POINT('',#3267);
#1106=VERTEX_POINT('',#3269);
#1107=VERTEX_POINT('',#3271);
#1108=VERTEX_POINT('',#3274);
#1109=VERTEX_POINT('',#3275);
#1110=VERTEX_POINT('',#3277);
#1111=VERTEX_POINT('',#3279);
#1112=VERTEX_POINT('',#3282);
#1113=VERTEX_POINT('',#3283);
#1114=VERTEX_POINT('',#3285);
#1115=VERTEX_POINT('',#3287);
#1116=VERTEX_POINT('',#3290);
#1117=VERTEX_POINT('',#3291);
#1118=VERTEX_POINT('',#3293);
#1119=VERTEX_POINT('',#3295);
#1120=VERTEX_POINT('',#3298);
#1121=VERTEX_POINT('',#3299);
#1122=VERTEX_POINT('',#3301);
#1123=VERTEX_POINT('',#3303);
#1124=VERTEX_POINT('',#3306);
#1125=VERTEX_POINT('',#3307);
#1126=VERTEX_POINT('',#3309);
#1127=VERTEX_POINT('',#3311);
#1128=VERTEX_POINT('',#3314);
#1129=VERTEX_POINT('',#3315);
#1130=VERTEX_POINT('',#3317);
#1131=VERTEX_POINT('',#3319);
#1132=VERTEX_POINT('',#3322);
#1133=VERTEX_POINT('',#3323);
#1134=VERTEX_POINT('',#3325);
#1135=VERTEX_POINT('',#3327);
#1136=VERTEX_POINT('',#3330);
#1137=VERTEX_POINT('',#3331);
#1138=VERTEX_POINT('',#3333);
#1139=VERTEX_POINT('',#3335);
#1140=VERTEX_POINT('',#3338);
#1141=VERTEX_POINT('',#3339);
#1142=VERTEX_POINT('',#3341);
#1143=VERTEX_POINT('',#3343);
#1144=VERTEX_POINT('',#3346);
#1145=VERTEX_POINT('',#3347);
#1146=VERTEX_POINT('',#3349);
#1147=VERTEX_POINT('',#3351);
#1148=VERTEX_POINT('',#3355);
#1149=VERTEX_POINT('',#3356);
#1150=VERTEX_POINT('',#3358);
#1151=VERTEX_POINT('',#3360);
#1152=VERTEX_POINT('',#3363);
#1153=VERTEX_POINT('',#3364);
#1154=VERTEX_POINT('',#3366);
#1155=VERTEX_POINT('',#3368);
#1156=VERTEX_POINT('',#3371);
#1157=VERTEX_POINT('',#3372);
#1158=VERTEX_POINT('',#3374);
#1159=VERTEX_POINT('',#3376);
#1160=VERTEX_POINT('',#3379);
#1161=VERTEX_POINT('',#3380);
#1162=VERTEX_POINT('',#3382);
#1163=VERTEX_POINT('',#3384);
#1164=VERTEX_POINT('',#3387);
#1165=VERTEX_POINT('',#3388);
#1166=VERTEX_POINT('',#3390);
#1167=VERTEX_POINT('',#3392);
#1168=VERTEX_POINT('',#3395);
#1169=VERTEX_POINT('',#3396);
#1170=VERTEX_POINT('',#3398);
#1171=VERTEX_POINT('',#3400);
#1172=VERTEX_POINT('',#3403);
#1173=VERTEX_POINT('',#3404);
#1174=VERTEX_POINT('',#3406);
#1175=VERTEX_POINT('',#3408);
#1176=VERTEX_POINT('',#3411);
#1177=VERTEX_POINT('',#3412);
#1178=VERTEX_POINT('',#3414);
#1179=VERTEX_POINT('',#3416);
#1180=VERTEX_POINT('',#3419);
#1181=VERTEX_POINT('',#3420);
#1182=VERTEX_POINT('',#3422);
#1183=VERTEX_POINT('',#3424);
#1184=VERTEX_POINT('',#3427);
#1185=VERTEX_POINT('',#3428);
#1186=VERTEX_POINT('',#3430);
#1187=VERTEX_POINT('',#3432);
#1188=VERTEX_POINT('',#3435);
#1189=VERTEX_POINT('',#3436);
#1190=VERTEX_POINT('',#3438);
#1191=VERTEX_POINT('',#3440);
#1192=VERTEX_POINT('',#3444);
#1193=VERTEX_POINT('',#3446);
#1194=VERTEX_POINT('',#3449);
#1195=VERTEX_POINT('',#3451);
#1196=VERTEX_POINT('',#3455);
#1197=VERTEX_POINT('',#3457);
#1198=VERTEX_POINT('',#3459);
#1199=VERTEX_POINT('',#3461);
#1200=VERTEX_POINT('',#3463);
#1201=VERTEX_POINT('',#3465);
#1202=VERTEX_POINT('',#3467);
#1203=VERTEX_POINT('',#3469);
#1204=VERTEX_POINT('',#3471);
#1205=VERTEX_POINT('',#3473);
#1206=VERTEX_POINT('',#3475);
#1207=VERTEX_POINT('',#3477);
#1208=VERTEX_POINT('',#3479);
#1209=VERTEX_POINT('',#3481);
#1210=VERTEX_POINT('',#3483);
#1211=VERTEX_POINT('',#3485);
#1212=VERTEX_POINT('',#3489);
#1213=VERTEX_POINT('',#3491);
#1214=VERTEX_POINT('',#3493);
#1215=VERTEX_POINT('',#3495);
#1216=VERTEX_POINT('',#3497);
#1217=VERTEX_POINT('',#3499);
#1218=VERTEX_POINT('',#3501);
#1219=VERTEX_POINT('',#3503);
#1220=VERTEX_POINT('',#3505);
#1221=VERTEX_POINT('',#3507);
#1222=VERTEX_POINT('',#3509);
#1223=VERTEX_POINT('',#3511);
#1224=VERTEX_POINT('',#3513);
#1225=VERTEX_POINT('',#3515);
#1226=VERTEX_POINT('',#3517);
#1227=VERTEX_POINT('',#3519);
#1228=VERTEX_POINT('',#3669);
#1229=VERTEX_POINT('',#3670);
#1230=VERTEX_POINT('',#3672);
#1231=VERTEX_POINT('',#3674);
#1232=VERTEX_POINT('',#3676);
#1233=VERTEX_POINT('',#3678);
#1234=VERTEX_POINT('',#3680);
#1235=VERTEX_POINT('',#3682);
#1236=VERTEX_POINT('',#3684);
#1237=VERTEX_POINT('',#3686);
#1238=VERTEX_POINT('',#3688);
#1239=VERTEX_POINT('',#3690);
#1240=VERTEX_POINT('',#3694);
#1241=VERTEX_POINT('',#3695);
#1242=VERTEX_POINT('',#3697);
#1243=VERTEX_POINT('',#3699);
#1244=VERTEX_POINT('',#3701);
#1245=VERTEX_POINT('',#3703);
#1246=VERTEX_POINT('',#3705);
#1247=VERTEX_POINT('',#3707);
#1248=VERTEX_POINT('',#3709);
#1249=VERTEX_POINT('',#3711);
#1250=VERTEX_POINT('',#3713);
#1251=VERTEX_POINT('',#3715);
#1252=VERTEX_POINT('',#3719);
#1253=VERTEX_POINT('',#3720);
#1254=VERTEX_POINT('',#3722);
#1255=VERTEX_POINT('',#3724);
#1256=VERTEX_POINT('',#3736);
#1257=VERTEX_POINT('',#3738);
#1258=VERTEX_POINT('',#3742);
#1259=VERTEX_POINT('',#3744);
#1260=VERTEX_POINT('',#3780);
#1261=VERTEX_POINT('',#3781);
#1262=VERTEX_POINT('',#3783);
#1263=VERTEX_POINT('',#3785);
#1264=VERTEX_POINT('',#3787);
#1265=VERTEX_POINT('',#3789);
#1266=VERTEX_POINT('',#3791);
#1267=VERTEX_POINT('',#3793);
#1268=VERTEX_POINT('',#3795);
#1269=VERTEX_POINT('',#3797);
#1270=VERTEX_POINT('',#3799);
#1271=VERTEX_POINT('',#3803);
#1272=VERTEX_POINT('',#3804);
#1273=VERTEX_POINT('',#3806);
#1274=VERTEX_POINT('',#3808);
#1275=VERTEX_POINT('',#3810);
#1276=VERTEX_POINT('',#3812);
#1277=VERTEX_POINT('',#3814);
#1278=VERTEX_POINT('',#3816);
#1279=VERTEX_POINT('',#3818);
#1280=VERTEX_POINT('',#3820);
#1281=VERTEX_POINT('',#3822);
#1282=VERTEX_POINT('',#3826);
#1283=VERTEX_POINT('',#3827);
#1284=VERTEX_POINT('',#3829);
#1285=VERTEX_POINT('',#3831);
#1286=VERTEX_POINT('',#3843);
#1287=VERTEX_POINT('',#3845);
#1288=VERTEX_POINT('',#3849);
#1289=VERTEX_POINT('',#3851);
#1290=LINE('',#3209,#1605);
#1291=LINE('',#3212,#1606);
#1292=LINE('',#3214,#1607);
#1293=LINE('',#3216,#1608);
#1294=LINE('',#3218,#1609);
#1295=LINE('',#3220,#1610);
#1296=LINE('',#3222,#1611);
#1297=LINE('',#3224,#1612);
#1298=LINE('',#3226,#1613);
#1299=LINE('',#3228,#1614);
#1300=LINE('',#3230,#1615);
#1301=LINE('',#3232,#1616);
#1302=LINE('',#3234,#1617);
#1303=LINE('',#3236,#1618);
#1304=LINE('',#3238,#1619);
#1305=LINE('',#3240,#1620);
#1306=LINE('',#3242,#1621);
#1307=LINE('',#3244,#1622);
#1308=LINE('',#3246,#1623);
#1309=LINE('',#3248,#1624);
#1310=LINE('',#3250,#1625);
#1311=LINE('',#3252,#1626);
#1312=LINE('',#3254,#1627);
#1313=LINE('',#3256,#1628);
#1314=LINE('',#3258,#1629);
#1315=LINE('',#3260,#1630);
#1316=LINE('',#3262,#1631);
#1317=LINE('',#3264,#1632);
#1318=LINE('',#3266,#1633);
#1319=LINE('',#3268,#1634);
#1320=LINE('',#3270,#1635);
#1321=LINE('',#3272,#1636);
#1322=LINE('',#3273,#1637);
#1323=LINE('',#3276,#1638);
#1324=LINE('',#3278,#1639);
#1325=LINE('',#3280,#1640);
#1326=LINE('',#3281,#1641);
#1327=LINE('',#3284,#1642);
#1328=LINE('',#3286,#1643);
#1329=LINE('',#3288,#1644);
#1330=LINE('',#3289,#1645);
#1331=LINE('',#3292,#1646);
#1332=LINE('',#3294,#1647);
#1333=LINE('',#3296,#1648);
#1334=LINE('',#3297,#1649);
#1335=LINE('',#3300,#1650);
#1336=LINE('',#3302,#1651);
#1337=LINE('',#3304,#1652);
#1338=LINE('',#3305,#1653);
#1339=LINE('',#3308,#1654);
#1340=LINE('',#3310,#1655);
#1341=LINE('',#3312,#1656);
#1342=LINE('',#3313,#1657);
#1343=LINE('',#3316,#1658);
#1344=LINE('',#3318,#1659);
#1345=LINE('',#3320,#1660);
#1346=LINE('',#3321,#1661);
#1347=LINE('',#3324,#1662);
#1348=LINE('',#3326,#1663);
#1349=LINE('',#3328,#1664);
#1350=LINE('',#3329,#1665);
#1351=LINE('',#3332,#1666);
#1352=LINE('',#3334,#1667);
#1353=LINE('',#3336,#1668);
#1354=LINE('',#3337,#1669);
#1355=LINE('',#3340,#1670);
#1356=LINE('',#3342,#1671);
#1357=LINE('',#3344,#1672);
#1358=LINE('',#3345,#1673);
#1359=LINE('',#3348,#1674);
#1360=LINE('',#3350,#1675);
#1361=LINE('',#3352,#1676);
#1362=LINE('',#3354,#1677);
#1363=LINE('',#3357,#1678);
#1364=LINE('',#3359,#1679);
#1365=LINE('',#3361,#1680);
#1366=LINE('',#3362,#1681);
#1367=LINE('',#3365,#1682);
#1368=LINE('',#3367,#1683);
#1369=LINE('',#3369,#1684);
#1370=LINE('',#3370,#1685);
#1371=LINE('',#3373,#1686);
#1372=LINE('',#3375,#1687);
#1373=LINE('',#3377,#1688);
#1374=LINE('',#3378,#1689);
#1375=LINE('',#3381,#1690);
#1376=LINE('',#3383,#1691);
#1377=LINE('',#3385,#1692);
#1378=LINE('',#3386,#1693);
#1379=LINE('',#3389,#1694);
#1380=LINE('',#3391,#1695);
#1381=LINE('',#3393,#1696);
#1382=LINE('',#3394,#1697);
#1383=LINE('',#3397,#1698);
#1384=LINE('',#3399,#1699);
#1385=LINE('',#3401,#1700);
#1386=LINE('',#3402,#1701);
#1387=LINE('',#3405,#1702);
#1388=LINE('',#3407,#1703);
#1389=LINE('',#3409,#1704);
#1390=LINE('',#3410,#1705);
#1391=LINE('',#3413,#1706);
#1392=LINE('',#3415,#1707);
#1393=LINE('',#3417,#1708);
#1394=LINE('',#3418,#1709);
#1395=LINE('',#3421,#1710);
#1396=LINE('',#3423,#1711);
#1397=LINE('',#3425,#1712);
#1398=LINE('',#3426,#1713);
#1399=LINE('',#3429,#1714);
#1400=LINE('',#3431,#1715);
#1401=LINE('',#3433,#1716);
#1402=LINE('',#3434,#1717);
#1403=LINE('',#3437,#1718);
#1404=LINE('',#3439,#1719);
#1405=LINE('',#3441,#1720);
#1406=LINE('',#3443,#1721);
#1407=LINE('',#3445,#1722);
#1408=LINE('',#3447,#1723);
#1409=LINE('',#3448,#1724);
#1410=LINE('',#3450,#1725);
#1411=LINE('',#3452,#1726);
#1412=LINE('',#3454,#1727);
#1413=LINE('',#3456,#1728);
#1414=LINE('',#3458,#1729);
#1415=LINE('',#3460,#1730);
#1416=LINE('',#3462,#1731);
#1417=LINE('',#3464,#1732);
#1418=LINE('',#3466,#1733);
#1419=LINE('',#3468,#1734);
#1420=LINE('',#3470,#1735);
#1421=LINE('',#3472,#1736);
#1422=LINE('',#3474,#1737);
#1423=LINE('',#3476,#1738);
#1424=LINE('',#3478,#1739);
#1425=LINE('',#3480,#1740);
#1426=LINE('',#3482,#1741);
#1427=LINE('',#3484,#1742);
#1428=LINE('',#3486,#1743);
#1429=LINE('',#3488,#1744);
#1430=LINE('',#3490,#1745);
#1431=LINE('',#3492,#1746);
#1432=LINE('',#3494,#1747);
#1433=LINE('',#3496,#1748);
#1434=LINE('',#3498,#1749);
#1435=LINE('',#3500,#1750);
#1436=LINE('',#3502,#1751);
#1437=LINE('',#3504,#1752);
#1438=LINE('',#3506,#1753);
#1439=LINE('',#3508,#1754);
#1440=LINE('',#3510,#1755);
#1441=LINE('',#3512,#1756);
#1442=LINE('',#3514,#1757);
#1443=LINE('',#3516,#1758);
#1444=LINE('',#3518,#1759);
#1445=LINE('',#3520,#1760);
#1446=LINE('',#3522,#1761);
#1447=LINE('',#3523,#1762);
#1448=LINE('',#3524,#1763);
#1449=LINE('',#3525,#1764);
#1450=LINE('',#3527,#1765);
#1451=LINE('',#3529,#1766);
#1452=LINE('',#3531,#1767);
#1453=LINE('',#3533,#1768);
#1454=LINE('',#3535,#1769);
#1455=LINE('',#3536,#1770);
#1456=LINE('',#3539,#1771);
#1457=LINE('',#3541,#1772);
#1458=LINE('',#3543,#1773);
#1459=LINE('',#3545,#1774);
#1460=LINE('',#3547,#1775);
#1461=LINE('',#3548,#1776);
#1462=LINE('',#3551,#1777);
#1463=LINE('',#3553,#1778);
#1464=LINE('',#3555,#1779);
#1465=LINE('',#3557,#1780);
#1466=LINE('',#3559,#1781);
#1467=LINE('',#3560,#1782);
#1468=LINE('',#3563,#1783);
#1469=LINE('',#3565,#1784);
#1470=LINE('',#3567,#1785);
#1471=LINE('',#3569,#1786);
#1472=LINE('',#3571,#1787);
#1473=LINE('',#3572,#1788);
#1474=LINE('',#3575,#1789);
#1475=LINE('',#3577,#1790);
#1476=LINE('',#3579,#1791);
#1477=LINE('',#3582,#1792);
#1478=LINE('',#3587,#1793);
#1479=LINE('',#3588,#1794);
#1480=LINE('',#3590,#1795);
#1481=LINE('',#3592,#1796);
#1482=LINE('',#3595,#1797);
#1483=LINE('',#3596,#1798);
#1484=LINE('',#3598,#1799);
#1485=LINE('',#3600,#1800);
#1486=LINE('',#3603,#1801);
#1487=LINE('',#3604,#1802);
#1488=LINE('',#3606,#1803);
#1489=LINE('',#3608,#1804);
#1490=LINE('',#3611,#1805);
#1491=LINE('',#3612,#1806);
#1492=LINE('',#3614,#1807);
#1493=LINE('',#3616,#1808);
#1494=LINE('',#3619,#1809);
#1495=LINE('',#3620,#1810);
#1496=LINE('',#3622,#1811);
#1497=LINE('',#3624,#1812);
#1498=LINE('',#3627,#1813);
#1499=LINE('',#3628,#1814);
#1500=LINE('',#3630,#1815);
#1501=LINE('',#3632,#1816);
#1502=LINE('',#3635,#1817);
#1503=LINE('',#3636,#1818);
#1504=LINE('',#3638,#1819);
#1505=LINE('',#3640,#1820);
#1506=LINE('',#3643,#1821);
#1507=LINE('',#3644,#1822);
#1508=LINE('',#3646,#1823);
#1509=LINE('',#3648,#1824);
#1510=LINE('',#3651,#1825);
#1511=LINE('',#3652,#1826);
#1512=LINE('',#3654,#1827);
#1513=LINE('',#3656,#1828);
#1514=LINE('',#3659,#1829);
#1515=LINE('',#3660,#1830);
#1516=LINE('',#3662,#1831);
#1517=LINE('',#3664,#1832);
#1518=LINE('',#3668,#1833);
#1519=LINE('',#3671,#1834);
#1520=LINE('',#3675,#1835);
#1521=LINE('',#3679,#1836);
#1522=LINE('',#3681,#1837);
#1523=LINE('',#3683,#1838);
#1524=LINE('',#3687,#1839);
#1525=LINE('',#3691,#1840);
#1526=LINE('',#3693,#1841);
#1527=LINE('',#3696,#1842);
#1528=LINE('',#3700,#1843);
#1529=LINE('',#3704,#1844);
#1530=LINE('',#3706,#1845);
#1531=LINE('',#3708,#1846);
#1532=LINE('',#3712,#1847);
#1533=LINE('',#3716,#1848);
#1534=LINE('',#3718,#1849);
#1535=LINE('',#3721,#1850);
#1536=LINE('',#3723,#1851);
#1537=LINE('',#3725,#1852);
#1538=LINE('',#3727,#1853);
#1539=LINE('',#3728,#1854);
#1540=LINE('',#3729,#1855);
#1541=LINE('',#3731,#1856);
#1542=LINE('',#3732,#1857);
#1543=LINE('',#3733,#1858);
#1544=LINE('',#3735,#1859);
#1545=LINE('',#3737,#1860);
#1546=LINE('',#3739,#1861);
#1547=LINE('',#3741,#1862);
#1548=LINE('',#3743,#1863);
#1549=LINE('',#3745,#1864);
#1550=LINE('',#3747,#1865);
#1551=LINE('',#3748,#1866);
#1552=LINE('',#3750,#1867);
#1553=LINE('',#3751,#1868);
#1554=LINE('',#3753,#1869);
#1555=LINE('',#3754,#1870);
#1556=LINE('',#3758,#1871);
#1557=LINE('',#3760,#1872);
#1558=LINE('',#3762,#1873);
#1559=LINE('',#3765,#1874);
#1560=LINE('',#3767,#1875);
#1561=LINE('',#3769,#1876);
#1562=LINE('',#3779,#1877);
#1563=LINE('',#3782,#1878);
#1564=LINE('',#3784,#1879);
#1565=LINE('',#3788,#1880);
#1566=LINE('',#3790,#1881);
#1567=LINE('',#3792,#1882);
#1568=LINE('',#3796,#1883);
#1569=LINE('',#3800,#1884);
#1570=LINE('',#3802,#1885);
#1571=LINE('',#3805,#1886);
#1572=LINE('',#3809,#1887);
#1573=LINE('',#3813,#1888);
#1574=LINE('',#3815,#1889);
#1575=LINE('',#3817,#1890);
#1576=LINE('',#3821,#1891);
#1577=LINE('',#3823,#1892);
#1578=LINE('',#3825,#1893);
#1579=LINE('',#3828,#1894);
#1580=LINE('',#3830,#1895);
#1581=LINE('',#3832,#1896);
#1582=LINE('',#3834,#1897);
#1583=LINE('',#3835,#1898);
#1584=LINE('',#3836,#1899);
#1585=LINE('',#3838,#1900);
#1586=LINE('',#3839,#1901);
#1587=LINE('',#3840,#1902);
#1588=LINE('',#3842,#1903);
#1589=LINE('',#3844,#1904);
#1590=LINE('',#3846,#1905);
#1591=LINE('',#3848,#1906);
#1592=LINE('',#3850,#1907);
#1593=LINE('',#3852,#1908);
#1594=LINE('',#3854,#1909);
#1595=LINE('',#3855,#1910);
#1596=LINE('',#3857,#1911);
#1597=LINE('',#3858,#1912);
#1598=LINE('',#3860,#1913);
#1599=LINE('',#3861,#1914);
#1600=LINE('',#3865,#1915);
#1601=LINE('',#3867,#1916);
#1602=LINE('',#3869,#1917);
#1603=LINE('',#3872,#1918);
#1604=LINE('',#3874,#1919);
#1605=VECTOR('',#2602,1000.);
#1606=VECTOR('',#2603,1000.);
#1607=VECTOR('',#2604,1000.);
#1608=VECTOR('',#2605,1000.);
#1609=VECTOR('',#2606,1000.);
#1610=VECTOR('',#2607,1000.);
#1611=VECTOR('',#2608,1000.);
#1612=VECTOR('',#2609,1000.);
#1613=VECTOR('',#2610,1000.);
#1614=VECTOR('',#2611,1000.);
#1615=VECTOR('',#2612,1000.);
#1616=VECTOR('',#2613,1000.);
#1617=VECTOR('',#2614,1000.);
#1618=VECTOR('',#2615,1000.);
#1619=VECTOR('',#2616,1000.);
#1620=VECTOR('',#2617,1000.);
#1621=VECTOR('',#2618,1000.);
#1622=VECTOR('',#2619,1000.);
#1623=VECTOR('',#2620,1000.);
#1624=VECTOR('',#2621,1000.);
#1625=VECTOR('',#2622,1000.);
#1626=VECTOR('',#2623,1000.);
#1627=VECTOR('',#2624,1000.);
#1628=VECTOR('',#2625,1000.);
#1629=VECTOR('',#2626,1000.);
#1630=VECTOR('',#2627,1000.);
#1631=VECTOR('',#2628,1000.);
#1632=VECTOR('',#2629,1000.);
#1633=VECTOR('',#2630,1000.);
#1634=VECTOR('',#2631,1000.);
#1635=VECTOR('',#2632,1000.);
#1636=VECTOR('',#2633,1000.);
#1637=VECTOR('',#2634,1000.);
#1638=VECTOR('',#2635,1000.);
#1639=VECTOR('',#2636,1000.);
#1640=VECTOR('',#2637,1000.);
#1641=VECTOR('',#2638,1000.);
#1642=VECTOR('',#2639,1000.);
#1643=VECTOR('',#2640,1000.);
#1644=VECTOR('',#2641,1000.);
#1645=VECTOR('',#2642,1000.);
#1646=VECTOR('',#2643,1000.);
#1647=VECTOR('',#2644,1000.);
#1648=VECTOR('',#2645,1000.);
#1649=VECTOR('',#2646,1000.);
#1650=VECTOR('',#2647,1000.);
#1651=VECTOR('',#2648,1000.);
#1652=VECTOR('',#2649,1000.);
#1653=VECTOR('',#2650,1000.);
#1654=VECTOR('',#2651,1000.);
#1655=VECTOR('',#2652,1000.);
#1656=VECTOR('',#2653,1000.);
#1657=VECTOR('',#2654,1000.);
#1658=VECTOR('',#2655,1000.);
#1659=VECTOR('',#2656,1000.);
#1660=VECTOR('',#2657,1000.);
#1661=VECTOR('',#2658,1000.);
#1662=VECTOR('',#2659,1000.);
#1663=VECTOR('',#2660,1000.);
#1664=VECTOR('',#2661,1000.);
#1665=VECTOR('',#2662,1000.);
#1666=VECTOR('',#2663,1000.);
#1667=VECTOR('',#2664,1000.);
#1668=VECTOR('',#2665,1000.);
#1669=VECTOR('',#2666,1000.);
#1670=VECTOR('',#2667,1000.);
#1671=VECTOR('',#2668,1000.);
#1672=VECTOR('',#2669,1000.);
#1673=VECTOR('',#2670,1000.);
#1674=VECTOR('',#2671,1000.);
#1675=VECTOR('',#2672,1000.);
#1676=VECTOR('',#2673,1000.);
#1677=VECTOR('',#2676,1000.);
#1678=VECTOR('',#2677,1000.);
#1679=VECTOR('',#2678,1000.);
#1680=VECTOR('',#2679,1000.);
#1681=VECTOR('',#2680,1000.);
#1682=VECTOR('',#2681,1000.);
#1683=VECTOR('',#2682,1000.);
#1684=VECTOR('',#2683,1000.);
#1685=VECTOR('',#2684,1000.);
#1686=VECTOR('',#2685,1000.);
#1687=VECTOR('',#2686,1000.);
#1688=VECTOR('',#2687,1000.);
#1689=VECTOR('',#2688,1000.);
#1690=VECTOR('',#2689,1000.);
#1691=VECTOR('',#2690,1000.);
#1692=VECTOR('',#2691,1000.);
#1693=VECTOR('',#2692,1000.);
#1694=VECTOR('',#2693,1000.);
#1695=VECTOR('',#2694,1000.);
#1696=VECTOR('',#2695,1000.);
#1697=VECTOR('',#2696,1000.);
#1698=VECTOR('',#2697,1000.);
#1699=VECTOR('',#2698,1000.);
#1700=VECTOR('',#2699,1000.);
#1701=VECTOR('',#2700,1000.);
#1702=VECTOR('',#2701,1000.);
#1703=VECTOR('',#2702,1000.);
#1704=VECTOR('',#2703,1000.);
#1705=VECTOR('',#2704,1000.);
#1706=VECTOR('',#2705,1000.);
#1707=VECTOR('',#2706,1000.);
#1708=VECTOR('',#2707,1000.);
#1709=VECTOR('',#2708,1000.);
#1710=VECTOR('',#2709,1000.);
#1711=VECTOR('',#2710,1000.);
#1712=VECTOR('',#2711,1000.);
#1713=VECTOR('',#2712,1000.);
#1714=VECTOR('',#2713,1000.);
#1715=VECTOR('',#2714,1000.);
#1716=VECTOR('',#2715,1000.);
#1717=VECTOR('',#2716,1000.);
#1718=VECTOR('',#2717,1000.);
#1719=VECTOR('',#2718,1000.);
#1720=VECTOR('',#2719,1000.);
#1721=VECTOR('',#2722,1000.);
#1722=VECTOR('',#2723,1000.);
#1723=VECTOR('',#2724,1000.);
#1724=VECTOR('',#2725,1000.);
#1725=VECTOR('',#2726,1000.);
#1726=VECTOR('',#2727,1000.);
#1727=VECTOR('',#2730,1000.);
#1728=VECTOR('',#2731,1000.);
#1729=VECTOR('',#2732,1000.);
#1730=VECTOR('',#2733,1000.);
#1731=VECTOR('',#2734,1000.);
#1732=VECTOR('',#2735,1000.);
#1733=VECTOR('',#2736,1000.);
#1734=VECTOR('',#2737,1000.);
#1735=VECTOR('',#2738,1000.);
#1736=VECTOR('',#2739,1000.);
#1737=VECTOR('',#2740,1000.);
#1738=VECTOR('',#2741,1000.);
#1739=VECTOR('',#2742,1000.);
#1740=VECTOR('',#2743,1000.);
#1741=VECTOR('',#2744,1000.);
#1742=VECTOR('',#2745,1000.);
#1743=VECTOR('',#2746,1000.);
#1744=VECTOR('',#2749,1000.);
#1745=VECTOR('',#2750,1000.);
#1746=VECTOR('',#2751,1000.);
#1747=VECTOR('',#2752,1000.);
#1748=VECTOR('',#2753,1000.);
#1749=VECTOR('',#2754,1000.);
#1750=VECTOR('',#2755,1000.);
#1751=VECTOR('',#2756,1000.);
#1752=VECTOR('',#2757,1000.);
#1753=VECTOR('',#2758,1000.);
#1754=VECTOR('',#2759,1000.);
#1755=VECTOR('',#2760,1000.);
#1756=VECTOR('',#2761,1000.);
#1757=VECTOR('',#2762,1000.);
#1758=VECTOR('',#2763,1000.);
#1759=VECTOR('',#2764,1000.);
#1760=VECTOR('',#2765,1000.);
#1761=VECTOR('',#2768,1000.);
#1762=VECTOR('',#2769,1000.);
#1763=VECTOR('',#2770,1000.);
#1764=VECTOR('',#2771,1000.);
#1765=VECTOR('',#2774,1000.);
#1766=VECTOR('',#2777,1000.);
#1767=VECTOR('',#2780,1000.);
#1768=VECTOR('',#2783,1000.);
#1769=VECTOR('',#2786,1000.);
#1770=VECTOR('',#2787,1000.);
#1771=VECTOR('',#2792,1000.);
#1772=VECTOR('',#2795,1000.);
#1773=VECTOR('',#2798,1000.);
#1774=VECTOR('',#2801,1000.);
#1775=VECTOR('',#2804,1000.);
#1776=VECTOR('',#2805,1000.);
#1777=VECTOR('',#2810,1000.);
#1778=VECTOR('',#2813,1000.);
#1779=VECTOR('',#2816,1000.);
#1780=VECTOR('',#2819,1000.);
#1781=VECTOR('',#2822,1000.);
#1782=VECTOR('',#2823,1000.);
#1783=VECTOR('',#2828,1000.);
#1784=VECTOR('',#2831,1000.);
#1785=VECTOR('',#2834,1000.);
#1786=VECTOR('',#2837,1000.);
#1787=VECTOR('',#2840,1000.);
#1788=VECTOR('',#2841,1000.);
#1789=VECTOR('',#2846,1000.);
#1790=VECTOR('',#2849,1000.);
#1791=VECTOR('',#2852,1000.);
#1792=VECTOR('',#2857,1000.);
#1793=VECTOR('',#2866,1000.);
#1794=VECTOR('',#2867,1000.);
#1795=VECTOR('',#2870,1000.);
#1796=VECTOR('',#2873,1000.);
#1797=VECTOR('',#2878,1000.);
#1798=VECTOR('',#2879,1000.);
#1799=VECTOR('',#2882,1000.);
#1800=VECTOR('',#2885,1000.);
#1801=VECTOR('',#2890,1000.);
#1802=VECTOR('',#2891,1000.);
#1803=VECTOR('',#2894,1000.);
#1804=VECTOR('',#2897,1000.);
#1805=VECTOR('',#2902,1000.);
#1806=VECTOR('',#2903,1000.);
#1807=VECTOR('',#2906,1000.);
#1808=VECTOR('',#2909,1000.);
#1809=VECTOR('',#2914,1000.);
#1810=VECTOR('',#2915,1000.);
#1811=VECTOR('',#2918,1000.);
#1812=VECTOR('',#2921,1000.);
#1813=VECTOR('',#2926,1000.);
#1814=VECTOR('',#2927,1000.);
#1815=VECTOR('',#2930,1000.);
#1816=VECTOR('',#2933,1000.);
#1817=VECTOR('',#2938,1000.);
#1818=VECTOR('',#2939,1000.);
#1819=VECTOR('',#2942,1000.);
#1820=VECTOR('',#2945,1000.);
#1821=VECTOR('',#2950,1000.);
#1822=VECTOR('',#2951,1000.);
#1823=VECTOR('',#2954,1000.);
#1824=VECTOR('',#2957,1000.);
#1825=VECTOR('',#2962,1000.);
#1826=VECTOR('',#2963,1000.);
#1827=VECTOR('',#2966,1000.);
#1828=VECTOR('',#2969,1000.);
#1829=VECTOR('',#2974,1000.);
#1830=VECTOR('',#2975,1000.);
#1831=VECTOR('',#2978,1000.);
#1832=VECTOR('',#2981,1000.);
#1833=VECTOR('',#2988,1000.);
#1834=VECTOR('',#2989,1000.);
#1835=VECTOR('',#2992,1000.);
#1836=VECTOR('',#2995,1000.);
#1837=VECTOR('',#2996,1000.);
#1838=VECTOR('',#2997,1000.);
#1839=VECTOR('',#3000,1000.);
#1840=VECTOR('',#3003,1000.);
#1841=VECTOR('',#3006,1000.);
#1842=VECTOR('',#3007,1000.);
#1843=VECTOR('',#3010,1000.);
#1844=VECTOR('',#3013,1000.);
#1845=VECTOR('',#3014,1000.);
#1846=VECTOR('',#3015,1000.);
#1847=VECTOR('',#3018,1000.);
#1848=VECTOR('',#3021,1000.);
#1849=VECTOR('',#3024,1000.);
#1850=VECTOR('',#3025,1000.);
#1851=VECTOR('',#3026,1000.);
#1852=VECTOR('',#3027,1000.);
#1853=VECTOR('',#3030,1000.);
#1854=VECTOR('',#3031,1000.);
#1855=VECTOR('',#3032,1000.);
#1856=VECTOR('',#3035,1000.);
#1857=VECTOR('',#3036,1000.);
#1858=VECTOR('',#3037,1000.);
#1859=VECTOR('',#3040,1000.);
#1860=VECTOR('',#3041,1000.);
#1861=VECTOR('',#3042,1000.);
#1862=VECTOR('',#3045,1000.);
#1863=VECTOR('',#3046,1000.);
#1864=VECTOR('',#3047,1000.);
#1865=VECTOR('',#3050,1000.);
#1866=VECTOR('',#3051,1000.);
#1867=VECTOR('',#3054,1000.);
#1868=VECTOR('',#3055,1000.);
#1869=VECTOR('',#3058,1000.);
#1870=VECTOR('',#3059,1000.);
#1871=VECTOR('',#3066,1000.);
#1872=VECTOR('',#3069,1000.);
#1873=VECTOR('',#3072,1000.);
#1874=VECTOR('',#3077,1000.);
#1875=VECTOR('',#3080,1000.);
#1876=VECTOR('',#3083,1000.);
#1877=VECTOR('',#3102,1000.);
#1878=VECTOR('',#3103,1000.);
#1879=VECTOR('',#3104,1000.);
#1880=VECTOR('',#3107,1000.);
#1881=VECTOR('',#3108,1000.);
#1882=VECTOR('',#3109,1000.);
#1883=VECTOR('',#3112,1000.);
#1884=VECTOR('',#3115,1000.);
#1885=VECTOR('',#3118,1000.);
#1886=VECTOR('',#3119,1000.);
#1887=VECTOR('',#3122,1000.);
#1888=VECTOR('',#3125,1000.);
#1889=VECTOR('',#3126,1000.);
#1890=VECTOR('',#3127,1000.);
#1891=VECTOR('',#3130,1000.);
#1892=VECTOR('',#3131,1000.);
#1893=VECTOR('',#3134,1000.);
#1894=VECTOR('',#3135,1000.);
#1895=VECTOR('',#3136,1000.);
#1896=VECTOR('',#3137,1000.);
#1897=VECTOR('',#3140,1000.);
#1898=VECTOR('',#3141,1000.);
#1899=VECTOR('',#3142,1000.);
#1900=VECTOR('',#3145,1000.);
#1901=VECTOR('',#3146,1000.);
#1902=VECTOR('',#3147,1000.);
#1903=VECTOR('',#3150,1000.);
#1904=VECTOR('',#3151,1000.);
#1905=VECTOR('',#3152,1000.);
#1906=VECTOR('',#3155,1000.);
#1907=VECTOR('',#3156,1000.);
#1908=VECTOR('',#3157,1000.);
#1909=VECTOR('',#3160,1000.);
#1910=VECTOR('',#3161,1000.);
#1911=VECTOR('',#3164,1000.);
#1912=VECTOR('',#3165,1000.);
#1913=VECTOR('',#3168,1000.);
#1914=VECTOR('',#3169,1000.);
#1915=VECTOR('',#3176,1000.);
#1916=VECTOR('',#3179,1000.);
#1917=VECTOR('',#3182,1000.);
#1918=VECTOR('',#3187,1000.);
#1919=VECTOR('',#3190,1000.);
#1920=EDGE_LOOP('',(#89,#90,#91,#92,#93,#94,#95,#96,#97,#98,#99,#100,#101,
#102,#103,#104,#105,#106,#107,#108,#109,#110,#111,#112,#113,#114,#115,#116,
#117,#118,#119,#120));
#1921=EDGE_LOOP('',(#121,#122,#123,#124));
#1922=EDGE_LOOP('',(#125,#126,#127,#128));
#1923=EDGE_LOOP('',(#129,#130,#131,#132));
#1924=EDGE_LOOP('',(#133,#134,#135,#136));
#1925=EDGE_LOOP('',(#137,#138,#139,#140));
#1926=EDGE_LOOP('',(#141,#142,#143,#144));
#1927=EDGE_LOOP('',(#145,#146,#147,#148));
#1928=EDGE_LOOP('',(#149,#150,#151,#152));
#1929=EDGE_LOOP('',(#153,#154,#155,#156));
#1930=EDGE_LOOP('',(#157,#158,#159,#160));
#1931=EDGE_LOOP('',(#161,#162,#163,#164));
#1932=EDGE_LOOP('',(#165,#166,#167,#168));
#1933=EDGE_LOOP('',(#169,#170,#171,#172));
#1934=EDGE_LOOP('',(#173,#174,#175,#176));
#1935=EDGE_LOOP('',(#177,#178,#179,#180));
#1936=EDGE_LOOP('',(#181,#182,#183,#184));
#1937=EDGE_LOOP('',(#185,#186,#187,#188));
#1938=EDGE_LOOP('',(#189,#190,#191,#192));
#1939=EDGE_LOOP('',(#193,#194,#195,#196));
#1940=EDGE_LOOP('',(#197,#198,#199,#200));
#1941=EDGE_LOOP('',(#201,#202,#203,#204));
#1942=EDGE_LOOP('',(#205,#206,#207,#208,#209,#210,#211,#212));
#1943=EDGE_LOOP('',(#213,#214,#215,#216,#217,#218,#219,#220,#221,#222,#223,
#224,#225,#226,#227,#228,#229,#230));
#1944=EDGE_LOOP('',(#231,#232,#233,#234,#235,#236,#237,#238,#239,#240,#241,
#242,#243,#244,#245,#246,#247,#248));
#1945=EDGE_LOOP('',(#249,#250,#251,#252,#253,#254,#255,#256));
#1946=EDGE_LOOP('',(#257,#258,#259,#260));
#1947=EDGE_LOOP('',(#261,#262,#263,#264));
#1948=EDGE_LOOP('',(#265,#266,#267,#268));
#1949=EDGE_LOOP('',(#269,#270,#271,#272));
#1950=EDGE_LOOP('',(#273,#274,#275,#276));
#1951=EDGE_LOOP('',(#277,#278,#279,#280));
#1952=EDGE_LOOP('',(#281,#282,#283,#284));
#1953=EDGE_LOOP('',(#285,#286,#287,#288));
#1954=EDGE_LOOP('',(#289,#290,#291,#292));
#1955=EDGE_LOOP('',(#293,#294,#295,#296));
#1956=EDGE_LOOP('',(#297,#298,#299,#300));
#1957=EDGE_LOOP('',(#301,#302,#303,#304));
#1958=EDGE_LOOP('',(#305,#306,#307,#308));
#1959=EDGE_LOOP('',(#309,#310,#311,#312));
#1960=EDGE_LOOP('',(#313,#314,#315,#316));
#1961=EDGE_LOOP('',(#317,#318,#319,#320));
#1962=EDGE_LOOP('',(#321,#322,#323,#324));
#1963=EDGE_LOOP('',(#325,#326,#327,#328));
#1964=EDGE_LOOP('',(#329,#330,#331,#332));
#1965=EDGE_LOOP('',(#333,#334,#335,#336));
#1966=EDGE_LOOP('',(#337,#338,#339,#340));
#1967=EDGE_LOOP('',(#341,#342,#343,#344));
#1968=EDGE_LOOP('',(#345,#346,#347,#348));
#1969=EDGE_LOOP('',(#349,#350,#351,#352));
#1970=EDGE_LOOP('',(#353,#354,#355,#356));
#1971=EDGE_LOOP('',(#357,#358,#359,#360));
#1972=EDGE_LOOP('',(#361,#362,#363,#364));
#1973=EDGE_LOOP('',(#365,#366,#367,#368));
#1974=EDGE_LOOP('',(#369,#370,#371,#372));
#1975=EDGE_LOOP('',(#373,#374,#375,#376));
#1976=EDGE_LOOP('',(#377,#378,#379,#380));
#1977=EDGE_LOOP('',(#381,#382,#383,#384));
#1978=EDGE_LOOP('',(#385,#386,#387,#388));
#1979=EDGE_LOOP('',(#389,#390,#391,#392));
#1980=EDGE_LOOP('',(#393,#394,#395,#396));
#1981=EDGE_LOOP('',(#397,#398,#399,#400));
#1982=EDGE_LOOP('',(#401,#402,#403,#404));
#1983=EDGE_LOOP('',(#405,#406,#407,#408));
#1984=EDGE_LOOP('',(#409,#410,#411,#412));
#1985=EDGE_LOOP('',(#413,#414,#415,#416));
#1986=EDGE_LOOP('',(#417,#418,#419,#420));
#1987=EDGE_LOOP('',(#421,#422,#423,#424));
#1988=EDGE_LOOP('',(#425,#426,#427,#428));
#1989=EDGE_LOOP('',(#429,#430,#431,#432));
#1990=EDGE_LOOP('',(#433,#434,#435,#436));
#1991=EDGE_LOOP('',(#437,#438,#439,#440));
#1992=EDGE_LOOP('',(#441,#442,#443,#444));
#1993=EDGE_LOOP('',(#445,#446,#447,#448));
#1994=EDGE_LOOP('',(#449,#450,#451,#452));
#1995=EDGE_LOOP('',(#453,#454,#455,#456));
#1996=EDGE_LOOP('',(#457,#458,#459,#460));
#1997=EDGE_LOOP('',(#461,#462,#463,#464));
#1998=EDGE_LOOP('',(#465,#466,#467,#468));
#1999=EDGE_LOOP('',(#469,#470,#471,#472));
#2000=EDGE_LOOP('',(#473,#474,#475,#476));
#2001=EDGE_LOOP('',(#477,#478,#479,#480));
#2002=EDGE_LOOP('',(#481,#482,#483,#484));
#2003=EDGE_LOOP('',(#485,#486,#487,#488));
#2004=EDGE_LOOP('',(#489,#490,#491,#492));
#2005=EDGE_LOOP('',(#493,#494,#495,#496));
#2006=EDGE_LOOP('',(#497,#498,#499,#500));
#2007=EDGE_LOOP('',(#501,#502,#503,#504));
#2008=EDGE_LOOP('',(#505,#506,#507,#508));
#2009=EDGE_LOOP('',(#509,#510,#511,#512));
#2010=EDGE_LOOP('',(#513,#514,#515,#516));
#2011=EDGE_LOOP('',(#517,#518,#519,#520));
#2012=EDGE_LOOP('',(#521,#522,#523,#524));
#2013=EDGE_LOOP('',(#525,#526,#527,#528));
#2014=EDGE_LOOP('',(#529,#530,#531,#532));
#2015=EDGE_LOOP('',(#533,#534,#535,#536));
#2016=EDGE_LOOP('',(#537,#538,#539,#540));
#2017=EDGE_LOOP('',(#541,#542,#543,#544));
#2018=EDGE_LOOP('',(#545,#546,#547,#548,#549,#550,#551,#552,#553,#554,#555,
#556));
#2019=EDGE_LOOP('',(#557,#558,#559,#560,#561,#562,#563,#564,#565,#566,#567,
#568));
#2020=EDGE_LOOP('',(#569,#570,#571,#572));
#2021=EDGE_LOOP('',(#573,#574,#575,#576));
#2022=EDGE_LOOP('',(#577,#578,#579,#580));
#2023=EDGE_LOOP('',(#581,#582,#583,#584));
#2024=EDGE_LOOP('',(#585,#586,#587,#588));
#2025=EDGE_LOOP('',(#589,#590,#591,#592));
#2026=EDGE_LOOP('',(#593,#594,#595,#596));
#2027=EDGE_LOOP('',(#597,#598,#599,#600));
#2028=EDGE_LOOP('',(#601,#602,#603,#604));
#2029=EDGE_LOOP('',(#605,#606,#607,#608));
#2030=EDGE_LOOP('',(#609,#610,#611,#612));
#2031=EDGE_LOOP('',(#613,#614,#615,#616));
#2032=EDGE_LOOP('',(#617,#618,#619,#620));
#2033=EDGE_LOOP('',(#621,#622,#623,#624));
#2034=EDGE_LOOP('',(#625,#626,#627,#628));
#2035=EDGE_LOOP('',(#629,#630,#631,#632));
#2036=EDGE_LOOP('',(#633,#634,#635,#636));
#2037=EDGE_LOOP('',(#637,#638,#639,#640));
#2038=EDGE_LOOP('',(#641,#642,#643,#644));
#2039=EDGE_LOOP('',(#645,#646,#647,#648));
#2040=EDGE_LOOP('',(#649,#650,#651,#652,#653,#654,#655,#656,#657,#658,#659));
#2041=EDGE_LOOP('',(#660,#661,#662,#663,#664,#665,#666,#667,#668,#669,#670));
#2042=EDGE_LOOP('',(#671,#672,#673,#674));
#2043=EDGE_LOOP('',(#675,#676,#677,#678));
#2044=EDGE_LOOP('',(#679,#680,#681,#682));
#2045=EDGE_LOOP('',(#683,#684,#685,#686));
#2046=EDGE_LOOP('',(#687,#688,#689,#690));
#2047=EDGE_LOOP('',(#691,#692,#693,#694));
#2048=EDGE_LOOP('',(#695,#696,#697,#698));
#2049=EDGE_LOOP('',(#699,#700,#701,#702));
#2050=EDGE_LOOP('',(#703,#704,#705,#706));
#2051=EDGE_LOOP('',(#707,#708,#709,#710));
#2052=EDGE_LOOP('',(#711,#712,#713,#714));
#2053=EDGE_LOOP('',(#715,#716,#717,#718));
#2054=EDGE_LOOP('',(#719,#720,#721,#722));
#2055=EDGE_LOOP('',(#723,#724,#725,#726));
#2056=EDGE_LOOP('',(#727,#728,#729,#730));
#2057=EDGE_LOOP('',(#731,#732,#733,#734));
#2058=EDGE_LOOP('',(#735,#736,#737,#738));
#2059=EDGE_LOOP('',(#739,#740,#741,#742));
#2060=EDGE_LOOP('',(#743,#744,#745,#746));
#2061=FACE_BOUND('',#1920,.T.);
#2062=FACE_BOUND('',#1921,.T.);
#2063=FACE_BOUND('',#1922,.T.);
#2064=FACE_BOUND('',#1923,.T.);
#2065=FACE_BOUND('',#1924,.T.);
#2066=FACE_BOUND('',#1925,.T.);
#2067=FACE_BOUND('',#1926,.T.);
#2068=FACE_BOUND('',#1927,.T.);
#2069=FACE_BOUND('',#1928,.T.);
#2070=FACE_BOUND('',#1929,.T.);
#2071=FACE_BOUND('',#1930,.T.);
#2072=FACE_BOUND('',#1931,.T.);
#2073=FACE_BOUND('',#1932,.T.);
#2074=FACE_BOUND('',#1933,.T.);
#2075=FACE_BOUND('',#1934,.T.);
#2076=FACE_BOUND('',#1935,.T.);
#2077=FACE_BOUND('',#1936,.T.);
#2078=FACE_BOUND('',#1937,.T.);
#2079=FACE_BOUND('',#1938,.T.);
#2080=FACE_BOUND('',#1939,.T.);
#2081=FACE_BOUND('',#1940,.T.);
#2082=FACE_BOUND('',#1941,.T.);
#2083=FACE_BOUND('',#1942,.T.);
#2084=FACE_BOUND('',#1943,.T.);
#2085=FACE_BOUND('',#1944,.T.);
#2086=FACE_BOUND('',#1945,.T.);
#2087=FACE_BOUND('',#1946,.T.);
#2088=FACE_BOUND('',#1947,.T.);
#2089=FACE_BOUND('',#1948,.T.);
#2090=FACE_BOUND('',#1949,.T.);
#2091=FACE_BOUND('',#1950,.T.);
#2092=FACE_BOUND('',#1951,.T.);
#2093=FACE_BOUND('',#1952,.T.);
#2094=FACE_BOUND('',#1953,.T.);
#2095=FACE_BOUND('',#1954,.T.);
#2096=FACE_BOUND('',#1955,.T.);
#2097=FACE_BOUND('',#1956,.T.);
#2098=FACE_BOUND('',#1957,.T.);
#2099=FACE_BOUND('',#1958,.T.);
#2100=FACE_BOUND('',#1959,.T.);
#2101=FACE_BOUND('',#1960,.T.);
#2102=FACE_BOUND('',#1961,.T.);
#2103=FACE_BOUND('',#1962,.T.);
#2104=FACE_BOUND('',#1963,.T.);
#2105=FACE_BOUND('',#1964,.T.);
#2106=FACE_BOUND('',#1965,.T.);
#2107=FACE_BOUND('',#1966,.T.);
#2108=FACE_BOUND('',#1967,.T.);
#2109=FACE_BOUND('',#1968,.T.);
#2110=FACE_BOUND('',#1969,.T.);
#2111=FACE_BOUND('',#1970,.T.);
#2112=FACE_BOUND('',#1971,.T.);
#2113=FACE_BOUND('',#1972,.T.);
#2114=FACE_BOUND('',#1973,.T.);
#2115=FACE_BOUND('',#1974,.T.);
#2116=FACE_BOUND('',#1975,.T.);
#2117=FACE_BOUND('',#1976,.T.);
#2118=FACE_BOUND('',#1977,.T.);
#2119=FACE_BOUND('',#1978,.T.);
#2120=FACE_BOUND('',#1979,.T.);
#2121=FACE_BOUND('',#1980,.T.);
#2122=FACE_BOUND('',#1981,.T.);
#2123=FACE_BOUND('',#1982,.T.);
#2124=FACE_BOUND('',#1983,.T.);
#2125=FACE_BOUND('',#1984,.T.);
#2126=FACE_BOUND('',#1985,.T.);
#2127=FACE_BOUND('',#1986,.T.);
#2128=FACE_BOUND('',#1987,.T.);
#2129=FACE_BOUND('',#1988,.T.);
#2130=FACE_BOUND('',#1989,.T.);
#2131=FACE_BOUND('',#1990,.T.);
#2132=FACE_BOUND('',#1991,.T.);
#2133=FACE_BOUND('',#1992,.T.);
#2134=FACE_BOUND('',#1993,.T.);
#2135=FACE_BOUND('',#1994,.T.);
#2136=FACE_BOUND('',#1995,.T.);
#2137=FACE_BOUND('',#1996,.T.);
#2138=FACE_BOUND('',#1997,.T.);
#2139=FACE_BOUND('',#1998,.T.);
#2140=FACE_BOUND('',#1999,.T.);
#2141=FACE_BOUND('',#2000,.T.);
#2142=FACE_BOUND('',#2001,.T.);
#2143=FACE_BOUND('',#2002,.T.);
#2144=FACE_BOUND('',#2003,.T.);
#2145=FACE_BOUND('',#2004,.T.);
#2146=FACE_BOUND('',#2005,.T.);
#2147=FACE_BOUND('',#2006,.T.);
#2148=FACE_BOUND('',#2007,.T.);
#2149=FACE_BOUND('',#2008,.T.);
#2150=FACE_BOUND('',#2009,.T.);
#2151=FACE_BOUND('',#2010,.T.);
#2152=FACE_BOUND('',#2011,.T.);
#2153=FACE_BOUND('',#2012,.T.);
#2154=FACE_BOUND('',#2013,.T.);
#2155=FACE_BOUND('',#2014,.T.);
#2156=FACE_BOUND('',#2015,.T.);
#2157=FACE_BOUND('',#2016,.T.);
#2158=FACE_BOUND('',#2017,.T.);
#2159=FACE_BOUND('',#2018,.T.);
#2160=FACE_BOUND('',#2019,.T.);
#2161=FACE_BOUND('',#2020,.T.);
#2162=FACE_BOUND('',#2021,.T.);
#2163=FACE_BOUND('',#2022,.T.);
#2164=FACE_BOUND('',#2023,.T.);
#2165=FACE_BOUND('',#2024,.T.);
#2166=FACE_BOUND('',#2025,.T.);
#2167=FACE_BOUND('',#2026,.T.);
#2168=FACE_BOUND('',#2027,.T.);
#2169=FACE_BOUND('',#2028,.T.);
#2170=FACE_BOUND('',#2029,.T.);
#2171=FACE_BOUND('',#2030,.T.);
#2172=FACE_BOUND('',#2031,.T.);
#2173=FACE_BOUND('',#2032,.T.);
#2174=FACE_BOUND('',#2033,.T.);
#2175=FACE_BOUND('',#2034,.T.);
#2176=FACE_BOUND('',#2035,.T.);
#2177=FACE_BOUND('',#2036,.T.);
#2178=FACE_BOUND('',#2037,.T.);
#2179=FACE_BOUND('',#2038,.T.);
#2180=FACE_BOUND('',#2039,.T.);
#2181=FACE_BOUND('',#2040,.T.);
#2182=FACE_BOUND('',#2041,.T.);
#2183=FACE_BOUND('',#2042,.T.);
#2184=FACE_BOUND('',#2043,.T.);
#2185=FACE_BOUND('',#2044,.T.);
#2186=FACE_BOUND('',#2045,.T.);
#2187=FACE_BOUND('',#2046,.T.);
#2188=FACE_BOUND('',#2047,.T.);
#2189=FACE_BOUND('',#2048,.T.);
#2190=FACE_BOUND('',#2049,.T.);
#2191=FACE_BOUND('',#2050,.T.);
#2192=FACE_BOUND('',#2051,.T.);
#2193=FACE_BOUND('',#2052,.T.);
#2194=FACE_BOUND('',#2053,.T.);
#2195=FACE_BOUND('',#2054,.T.);
#2196=FACE_BOUND('',#2055,.T.);
#2197=FACE_BOUND('',#2056,.T.);
#2198=FACE_BOUND('',#2057,.T.);
#2199=FACE_BOUND('',#2058,.T.);
#2200=FACE_BOUND('',#2059,.T.);
#2201=FACE_BOUND('',#2060,.T.);
#2202=PLANE('',#2452);
#2203=PLANE('',#2453);
#2204=PLANE('',#2454);
#2205=PLANE('',#2455);
#2206=PLANE('',#2456);
#2207=PLANE('',#2457);
#2208=PLANE('',#2458);
#2209=PLANE('',#2459);
#2210=PLANE('',#2460);
#2211=PLANE('',#2461);
#2212=PLANE('',#2462);
#2213=PLANE('',#2463);
#2214=PLANE('',#2464);
#2215=PLANE('',#2465);
#2216=PLANE('',#2466);
#2217=PLANE('',#2467);
#2218=PLANE('',#2468);
#2219=PLANE('',#2469);
#2220=PLANE('',#2470);
#2221=PLANE('',#2471);
#2222=PLANE('',#2472);
#2223=PLANE('',#2473);
#2224=PLANE('',#2474);
#2225=PLANE('',#2475);
#2226=PLANE('',#2476);
#2227=PLANE('',#2477);
#2228=PLANE('',#2478);
#2229=PLANE('',#2479);
#2230=PLANE('',#2480);
#2231=PLANE('',#2481);
#2232=PLANE('',#2482);
#2233=PLANE('',#2483);
#2234=PLANE('',#2484);
#2235=PLANE('',#2485);
#2236=PLANE('',#2486);
#2237=PLANE('',#2487);
#2238=PLANE('',#2488);
#2239=PLANE('',#2489);
#2240=PLANE('',#2490);
#2241=PLANE('',#2491);
#2242=PLANE('',#2492);
#2243=PLANE('',#2493);
#2244=PLANE('',#2494);
#2245=PLANE('',#2495);
#2246=PLANE('',#2496);
#2247=PLANE('',#2497);
#2248=PLANE('',#2498);
#2249=PLANE('',#2499);
#2250=PLANE('',#2500);
#2251=PLANE('',#2501);
#2252=PLANE('',#2502);
#2253=PLANE('',#2503);
#2254=PLANE('',#2504);
#2255=PLANE('',#2505);
#2256=PLANE('',#2506);
#2257=PLANE('',#2507);
#2258=PLANE('',#2508);
#2259=PLANE('',#2509);
#2260=PLANE('',#2510);
#2261=PLANE('',#2511);
#2262=PLANE('',#2512);
#2263=PLANE('',#2513);
#2264=PLANE('',#2514);
#2265=PLANE('',#2515);
#2266=PLANE('',#2516);
#2267=PLANE('',#2517);
#2268=PLANE('',#2518);
#2269=PLANE('',#2519);
#2270=PLANE('',#2520);
#2271=PLANE('',#2521);
#2272=PLANE('',#2522);
#2273=PLANE('',#2523);
#2274=PLANE('',#2524);
#2275=PLANE('',#2525);
#2276=PLANE('',#2526);
#2277=PLANE('',#2527);
#2278=PLANE('',#2528);
#2279=PLANE('',#2529);
#2280=PLANE('',#2531);
#2281=PLANE('',#2536);
#2282=PLANE('',#2541);
#2283=PLANE('',#2542);
#2284=PLANE('',#2543);
#2285=PLANE('',#2544);
#2286=PLANE('',#2545);
#2287=PLANE('',#2546);
#2288=PLANE('',#2547);
#2289=PLANE('',#2548);
#2290=PLANE('',#2549);
#2291=PLANE('',#2550);
#2292=PLANE('',#2551);
#2293=PLANE('',#2553);
#2294=PLANE('',#2556);
#2295=PLANE('',#2558);
#2296=PLANE('',#2559);
#2297=PLANE('',#2560);
#2298=PLANE('',#2566);
#2299=PLANE('',#2570);
#2300=PLANE('',#2574);
#2301=PLANE('',#2575);
#2302=PLANE('',#2576);
#2303=PLANE('',#2577);
#2304=PLANE('',#2578);
#2305=PLANE('',#2579);
#2306=PLANE('',#2580);
#2307=PLANE('',#2581);
#2308=PLANE('',#2582);
#2309=PLANE('',#2583);
#2310=PLANE('',#2584);
#2311=PLANE('',#2586);
#2312=PLANE('',#2589);
#2313=PLANE('',#2590);
#2314=PLANE('',#2591);
#2315=PLANE('',#2592);
#2316=ADVANCED_FACE('',(#2061,#2062,#2063,#2064,#2065,#2066,#2067,#2068,
#2069,#2070,#2071),#2202,.T.);
#2317=ADVANCED_FACE('',(#2072,#2073,#2074,#2075,#2076,#2077,#2078,#2079,
#2080,#2081,#2082),#2203,.T.);
#2318=ADVANCED_FACE('',(#2083),#2204,.F.);
#2319=ADVANCED_FACE('',(#2084),#2205,.F.);
#2320=ADVANCED_FACE('',(#2085),#2206,.F.);
#2321=ADVANCED_FACE('',(#2086),#2207,.F.);
#2322=ADVANCED_FACE('',(#2087),#2208,.F.);
#2323=ADVANCED_FACE('',(#2088),#2209,.F.);
#2324=ADVANCED_FACE('',(#2089),#2210,.F.);
#2325=ADVANCED_FACE('',(#2090),#2211,.F.);
#2326=ADVANCED_FACE('',(#2091),#2212,.F.);
#2327=ADVANCED_FACE('',(#2092),#2213,.F.);
#2328=ADVANCED_FACE('',(#2093),#2214,.F.);
#2329=ADVANCED_FACE('',(#2094),#2215,.F.);
#2330=ADVANCED_FACE('',(#2095),#2216,.F.);
#2331=ADVANCED_FACE('',(#2096),#2217,.F.);
#2332=ADVANCED_FACE('',(#2097),#2218,.F.);
#2333=ADVANCED_FACE('',(#2098),#2219,.F.);
#2334=ADVANCED_FACE('',(#2099),#2220,.F.);
#2335=ADVANCED_FACE('',(#2100),#2221,.F.);
#2336=ADVANCED_FACE('',(#2101),#2222,.F.);
#2337=ADVANCED_FACE('',(#2102),#2223,.F.);
#2338=ADVANCED_FACE('',(#2103),#2224,.F.);
#2339=ADVANCED_FACE('',(#2104),#2225,.F.);
#2340=ADVANCED_FACE('',(#2105),#2226,.F.);
#2341=ADVANCED_FACE('',(#2106),#2227,.F.);
#2342=ADVANCED_FACE('',(#2107),#2228,.F.);
#2343=ADVANCED_FACE('',(#2108),#2229,.F.);
#2344=ADVANCED_FACE('',(#2109),#2230,.F.);
#2345=ADVANCED_FACE('',(#2110),#2231,.F.);
#2346=ADVANCED_FACE('',(#2111),#2232,.F.);
#2347=ADVANCED_FACE('',(#2112),#2233,.F.);
#2348=ADVANCED_FACE('',(#2113),#2234,.F.);
#2349=ADVANCED_FACE('',(#2114),#2235,.F.);
#2350=ADVANCED_FACE('',(#2115),#2236,.F.);
#2351=ADVANCED_FACE('',(#2116),#2237,.F.);
#2352=ADVANCED_FACE('',(#2117),#2238,.T.);
#2353=ADVANCED_FACE('',(#2118),#2239,.T.);
#2354=ADVANCED_FACE('',(#2119),#2240,.T.);
#2355=ADVANCED_FACE('',(#2120),#2241,.T.);
#2356=ADVANCED_FACE('',(#2121),#2242,.T.);
#2357=ADVANCED_FACE('',(#2122),#2243,.T.);
#2358=ADVANCED_FACE('',(#2123),#2244,.T.);
#2359=ADVANCED_FACE('',(#2124),#2245,.T.);
#2360=ADVANCED_FACE('',(#2125),#2246,.T.);
#2361=ADVANCED_FACE('',(#2126),#2247,.T.);
#2362=ADVANCED_FACE('',(#2127),#2248,.T.);
#2363=ADVANCED_FACE('',(#2128),#2249,.T.);
#2364=ADVANCED_FACE('',(#2129),#2250,.T.);
#2365=ADVANCED_FACE('',(#2130),#2251,.T.);
#2366=ADVANCED_FACE('',(#2131),#2252,.T.);
#2367=ADVANCED_FACE('',(#2132),#2253,.T.);
#2368=ADVANCED_FACE('',(#2133),#2254,.T.);
#2369=ADVANCED_FACE('',(#2134),#2255,.T.);
#2370=ADVANCED_FACE('',(#2135),#2256,.T.);
#2371=ADVANCED_FACE('',(#2136),#2257,.T.);
#2372=ADVANCED_FACE('',(#2137),#2258,.T.);
#2373=ADVANCED_FACE('',(#2138),#2259,.T.);
#2374=ADVANCED_FACE('',(#2139),#2260,.T.);
#2375=ADVANCED_FACE('',(#2140),#2261,.T.);
#2376=ADVANCED_FACE('',(#2141),#2262,.T.);
#2377=ADVANCED_FACE('',(#2142),#2263,.T.);
#2378=ADVANCED_FACE('',(#2143),#2264,.T.);
#2379=ADVANCED_FACE('',(#2144),#2265,.T.);
#2380=ADVANCED_FACE('',(#2145),#2266,.T.);
#2381=ADVANCED_FACE('',(#2146),#2267,.T.);
#2382=ADVANCED_FACE('',(#2147),#2268,.T.);
#2383=ADVANCED_FACE('',(#2148),#2269,.T.);
#2384=ADVANCED_FACE('',(#2149),#2270,.T.);
#2385=ADVANCED_FACE('',(#2150),#2271,.T.);
#2386=ADVANCED_FACE('',(#2151),#2272,.T.);
#2387=ADVANCED_FACE('',(#2152),#2273,.T.);
#2388=ADVANCED_FACE('',(#2153),#2274,.T.);
#2389=ADVANCED_FACE('',(#2154),#2275,.T.);
#2390=ADVANCED_FACE('',(#2155),#2276,.T.);
#2391=ADVANCED_FACE('',(#2156),#2277,.T.);
#2392=ADVANCED_FACE('',(#2157),#2278,.T.);
#2393=ADVANCED_FACE('',(#2158),#2279,.T.);
#2394=ADVANCED_FACE('',(#2159),#2280,.F.);
#2395=ADVANCED_FACE('',(#2160),#2281,.F.);
#2396=ADVANCED_FACE('',(#2161),#2282,.F.);
#2397=ADVANCED_FACE('',(#2162),#2283,.F.);
#2398=ADVANCED_FACE('',(#2163),#2284,.F.);
#2399=ADVANCED_FACE('',(#2164),#2285,.F.);
#2400=ADVANCED_FACE('',(#2165),#2286,.F.);
#2401=ADVANCED_FACE('',(#2166),#2287,.F.);
#2402=ADVANCED_FACE('',(#2167),#2288,.T.);
#2403=ADVANCED_FACE('',(#2168),#2289,.F.);
#2404=ADVANCED_FACE('',(#2169),#2290,.T.);
#2405=ADVANCED_FACE('',(#2170),#2291,.T.);
#2406=ADVANCED_FACE('',(#2171),#2292,.F.);
#2407=ADVANCED_FACE('',(#2172),#18,.T.);
#2408=ADVANCED_FACE('',(#2173),#2293,.F.);
#2409=ADVANCED_FACE('',(#2174),#19,.T.);
#2410=ADVANCED_FACE('',(#2175),#20,.F.);
#2411=ADVANCED_FACE('',(#2176),#2294,.F.);
#2412=ADVANCED_FACE('',(#2177),#21,.F.);
#2413=ADVANCED_FACE('',(#2178),#2295,.F.);
#2414=ADVANCED_FACE('',(#2179),#2296,.T.);
#2415=ADVANCED_FACE('',(#2180),#2297,.T.);
#2416=ADVANCED_FACE('',(#2181),#2298,.F.);
#2417=ADVANCED_FACE('',(#2182),#2299,.F.);
#2418=ADVANCED_FACE('',(#2183),#2300,.F.);
#2419=ADVANCED_FACE('',(#2184),#2301,.F.);
#2420=ADVANCED_FACE('',(#2185),#2302,.F.);
#2421=ADVANCED_FACE('',(#2186),#2303,.F.);
#2422=ADVANCED_FACE('',(#2187),#2304,.F.);
#2423=ADVANCED_FACE('',(#2188),#2305,.F.);
#2424=ADVANCED_FACE('',(#2189),#2306,.T.);
#2425=ADVANCED_FACE('',(#2190),#2307,.F.);
#2426=ADVANCED_FACE('',(#2191),#2308,.T.);
#2427=ADVANCED_FACE('',(#2192),#2309,.T.);
#2428=ADVANCED_FACE('',(#2193),#2310,.F.);
#2429=ADVANCED_FACE('',(#2194),#22,.T.);
#2430=ADVANCED_FACE('',(#2195),#2311,.F.);
#2431=ADVANCED_FACE('',(#2196),#23,.T.);
#2432=ADVANCED_FACE('',(#2197),#24,.F.);
#2433=ADVANCED_FACE('',(#2198),#2312,.F.);
#2434=ADVANCED_FACE('',(#2199),#2313,.F.);
#2435=ADVANCED_FACE('',(#2200),#2314,.T.);
#2436=ADVANCED_FACE('',(#2201),#2315,.T.);
#2437=CLOSED_SHELL('',(#2316,#2317,#2318,#2319,#2320,#2321,#2322,#2323,
#2324,#2325,#2326,#2327,#2328,#2329,#2330,#2331,#2332,#2333,#2334,#2335,
#2336,#2337,#2338,#2339,#2340,#2341,#2342,#2343,#2344,#2345,#2346,#2347,
#2348,#2349,#2350,#2351,#2352,#2353,#2354,#2355,#2356,#2357,#2358,#2359,
#2360,#2361,#2362,#2363,#2364,#2365,#2366,#2367,#2368,#2369,#2370,#2371,
#2372,#2373,#2374,#2375,#2376,#2377,#2378,#2379,#2380,#2381,#2382,#2383,
#2384,#2385,#2386,#2387,#2388,#2389,#2390,#2391,#2392,#2393));
#2438=CLOSED_SHELL('',(#2394,#2395,#2396,#2397,#2398,#2399,#2400,#2401,
#2402,#2403,#2404,#2405,#2406,#2407,#2408,#2409,#2410,#2411,#2412,#2413,
#2414,#2415));
#2439=CLOSED_SHELL('',(#2416,#2417,#2418,#2419,#2420,#2421,#2422,#2423,
#2424,#2425,#2426,#2427,#2428,#2429,#2430,#2431,#2432,#2433,#2434,#2435,
#2436));
#2440=MANIFOLD_SOLID_BREP('BD035-10A-A-0220-0290-0120-L-G_H',#2437);
#2441=MANIFOLD_SOLID_BREP('BD035-10A-A-0220-0290-0120-L-G_P1',#2438);
#2442=MANIFOLD_SOLID_BREP('BD035-10A-A-0220-0290-0120-L-G_P2',#2439);
#2443=SHAPE_DEFINITION_REPRESENTATION(#3894,#2447);
#2444=SHAPE_DEFINITION_REPRESENTATION(#3895,#2448);
#2445=SHAPE_DEFINITION_REPRESENTATION(#3897,#2449);
#2446=SHAPE_DEFINITION_REPRESENTATION(#3903,#2450);
#2447=SHAPE_REPRESENTATION('BD035-10A-A-0220-0290-0120-L-G',(#2451,#2530,
#2561,#2562,#2563,#2564,#2565,#2593,#2594,#2595,#2596,#2597),#3883);
#2448=SHAPE_REPRESENTATION('BD035-10A-A-0220-0290-0120-L-G_H',(#2451),#3884);
#2449=SHAPE_REPRESENTATION('BD035-10A-A-0220-0290-0120-L-G_P1',(#2451),
#3885);
#2450=SHAPE_REPRESENTATION('BD035-10A-A-0220-0290-0120-L-G_P2',(#2451),
#3886);
#2451=AXIS2_PLACEMENT_3D('',#3207,#2598,#2599);
#2452=AXIS2_PLACEMENT_3D('',#3208,#2600,#2601);
#2453=AXIS2_PLACEMENT_3D('',#3353,#2674,#2675);
#2454=AXIS2_PLACEMENT_3D('',#3442,#2720,#2721);
#2455=AXIS2_PLACEMENT_3D('',#3453,#2728,#2729);
#2456=AXIS2_PLACEMENT_3D('',#3487,#2747,#2748);
#2457=AXIS2_PLACEMENT_3D('',#3521,#2766,#2767);
#2458=AXIS2_PLACEMENT_3D('',#3526,#2772,#2773);
#2459=AXIS2_PLACEMENT_3D('',#3528,#2775,#2776);
#2460=AXIS2_PLACEMENT_3D('',#3530,#2778,#2779);
#2461=AXIS2_PLACEMENT_3D('',#3532,#2781,#2782);
#2462=AXIS2_PLACEMENT_3D('',#3534,#2784,#2785);
#2463=AXIS2_PLACEMENT_3D('',#3537,#2788,#2789);
#2464=AXIS2_PLACEMENT_3D('',#3538,#2790,#2791);
#2465=AXIS2_PLACEMENT_3D('',#3540,#2793,#2794);
#2466=AXIS2_PLACEMENT_3D('',#3542,#2796,#2797);
#2467=AXIS2_PLACEMENT_3D('',#3544,#2799,#2800);
#2468=AXIS2_PLACEMENT_3D('',#3546,#2802,#2803);
#2469=AXIS2_PLACEMENT_3D('',#3549,#2806,#2807);
#2470=AXIS2_PLACEMENT_3D('',#3550,#2808,#2809);
#2471=AXIS2_PLACEMENT_3D('',#3552,#2811,#2812);
#2472=AXIS2_PLACEMENT_3D('',#3554,#2814,#2815);
#2473=AXIS2_PLACEMENT_3D('',#3556,#2817,#2818);
#2474=AXIS2_PLACEMENT_3D('',#3558,#2820,#2821);
#2475=AXIS2_PLACEMENT_3D('',#3561,#2824,#2825);
#2476=AXIS2_PLACEMENT_3D('',#3562,#2826,#2827);
#2477=AXIS2_PLACEMENT_3D('',#3564,#2829,#2830);
#2478=AXIS2_PLACEMENT_3D('',#3566,#2832,#2833);
#2479=AXIS2_PLACEMENT_3D('',#3568,#2835,#2836);
#2480=AXIS2_PLACEMENT_3D('',#3570,#2838,#2839);
#2481=AXIS2_PLACEMENT_3D('',#3573,#2842,#2843);
#2482=AXIS2_PLACEMENT_3D('',#3574,#2844,#2845);
#2483=AXIS2_PLACEMENT_3D('',#3576,#2847,#2848);
#2484=AXIS2_PLACEMENT_3D('',#3578,#2850,#2851);
#2485=AXIS2_PLACEMENT_3D('',#3580,#2853,#2854);
#2486=AXIS2_PLACEMENT_3D('',#3581,#2855,#2856);
#2487=AXIS2_PLACEMENT_3D('',#3583,#2858,#2859);
#2488=AXIS2_PLACEMENT_3D('',#3584,#2860,#2861);
#2489=AXIS2_PLACEMENT_3D('',#3585,#2862,#2863);
#2490=AXIS2_PLACEMENT_3D('',#3586,#2864,#2865);
#2491=AXIS2_PLACEMENT_3D('',#3589,#2868,#2869);
#2492=AXIS2_PLACEMENT_3D('',#3591,#2871,#2872);
#2493=AXIS2_PLACEMENT_3D('',#3593,#2874,#2875);
#2494=AXIS2_PLACEMENT_3D('',#3594,#2876,#2877);
#2495=AXIS2_PLACEMENT_3D('',#3597,#2880,#2881);
#2496=AXIS2_PLACEMENT_3D('',#3599,#2883,#2884);
#2497=AXIS2_PLACEMENT_3D('',#3601,#2886,#2887);
#2498=AXIS2_PLACEMENT_3D('',#3602,#2888,#2889);
#2499=AXIS2_PLACEMENT_3D('',#3605,#2892,#2893);
#2500=AXIS2_PLACEMENT_3D('',#3607,#2895,#2896);
#2501=AXIS2_PLACEMENT_3D('',#3609,#2898,#2899);
#2502=AXIS2_PLACEMENT_3D('',#3610,#2900,#2901);
#2503=AXIS2_PLACEMENT_3D('',#3613,#2904,#2905);
#2504=AXIS2_PLACEMENT_3D('',#3615,#2907,#2908);
#2505=AXIS2_PLACEMENT_3D('',#3617,#2910,#2911);
#2506=AXIS2_PLACEMENT_3D('',#3618,#2912,#2913);
#2507=AXIS2_PLACEMENT_3D('',#3621,#2916,#2917);
#2508=AXIS2_PLACEMENT_3D('',#3623,#2919,#2920);
#2509=AXIS2_PLACEMENT_3D('',#3625,#2922,#2923);
#2510=AXIS2_PLACEMENT_3D('',#3626,#2924,#2925);
#2511=AXIS2_PLACEMENT_3D('',#3629,#2928,#2929);
#2512=AXIS2_PLACEMENT_3D('',#3631,#2931,#2932);
#2513=AXIS2_PLACEMENT_3D('',#3633,#2934,#2935);
#2514=AXIS2_PLACEMENT_3D('',#3634,#2936,#2937);
#2515=AXIS2_PLACEMENT_3D('',#3637,#2940,#2941);
#2516=AXIS2_PLACEMENT_3D('',#3639,#2943,#2944);
#2517=AXIS2_PLACEMENT_3D('',#3641,#2946,#2947);
#2518=AXIS2_PLACEMENT_3D('',#3642,#2948,#2949);
#2519=AXIS2_PLACEMENT_3D('',#3645,#2952,#2953);
#2520=AXIS2_PLACEMENT_3D('',#3647,#2955,#2956);
#2521=AXIS2_PLACEMENT_3D('',#3649,#2958,#2959);
#2522=AXIS2_PLACEMENT_3D('',#3650,#2960,#2961);
#2523=AXIS2_PLACEMENT_3D('',#3653,#2964,#2965);
#2524=AXIS2_PLACEMENT_3D('',#3655,#2967,#2968);
#2525=AXIS2_PLACEMENT_3D('',#3657,#2970,#2971);
#2526=AXIS2_PLACEMENT_3D('',#3658,#2972,#2973);
#2527=AXIS2_PLACEMENT_3D('',#3661,#2976,#2977);
#2528=AXIS2_PLACEMENT_3D('',#3663,#2979,#2980);
#2529=AXIS2_PLACEMENT_3D('',#3665,#2982,#2983);
#2530=AXIS2_PLACEMENT_3D('',#3666,#2984,#2985);
#2531=AXIS2_PLACEMENT_3D('',#3667,#2986,#2987);
#2532=AXIS2_PLACEMENT_3D('',#3673,#2990,#2991);
#2533=AXIS2_PLACEMENT_3D('',#3677,#2993,#2994);
#2534=AXIS2_PLACEMENT_3D('',#3685,#2998,#2999);
#2535=AXIS2_PLACEMENT_3D('',#3689,#3001,#3002);
#2536=AXIS2_PLACEMENT_3D('',#3692,#3004,#3005);
#2537=AXIS2_PLACEMENT_3D('',#3698,#3008,#3009);
#2538=AXIS2_PLACEMENT_3D('',#3702,#3011,#3012);
#2539=AXIS2_PLACEMENT_3D('',#3710,#3016,#3017);
#2540=AXIS2_PLACEMENT_3D('',#3714,#3019,#3020);
#2541=AXIS2_PLACEMENT_3D('',#3717,#3022,#3023);
#2542=AXIS2_PLACEMENT_3D('',#3726,#3028,#3029);
#2543=AXIS2_PLACEMENT_3D('',#3730,#3033,#3034);
#2544=AXIS2_PLACEMENT_3D('',#3734,#3038,#3039);
#2545=AXIS2_PLACEMENT_3D('',#3740,#3043,#3044);
#2546=AXIS2_PLACEMENT_3D('',#3746,#3048,#3049);
#2547=AXIS2_PLACEMENT_3D('',#3749,#3052,#3053);
#2548=AXIS2_PLACEMENT_3D('',#3752,#3056,#3057);
#2549=AXIS2_PLACEMENT_3D('',#3755,#3060,#3061);
#2550=AXIS2_PLACEMENT_3D('',#3756,#3062,#3063);
#2551=AXIS2_PLACEMENT_3D('',#3757,#3064,#3065);
#2552=AXIS2_PLACEMENT_3D('',#3759,#3067,#3068);
#2553=AXIS2_PLACEMENT_3D('',#3761,#3070,#3071);
#2554=AXIS2_PLACEMENT_3D('',#3763,#3073,#3074);
#2555=AXIS2_PLACEMENT_3D('',#3764,#3075,#3076);
#2556=AXIS2_PLACEMENT_3D('',#3766,#3078,#3079);
#2557=AXIS2_PLACEMENT_3D('',#3768,#3081,#3082);
#2558=AXIS2_PLACEMENT_3D('',#3770,#3084,#3085);
#2559=AXIS2_PLACEMENT_3D('',#3771,#3086,#3087);
#2560=AXIS2_PLACEMENT_3D('',#3772,#3088,#3089);
#2561=AXIS2_PLACEMENT_3D('',#3773,#3090,#3091);
#2562=AXIS2_PLACEMENT_3D('',#3774,#3092,#3093);
#2563=AXIS2_PLACEMENT_3D('',#3775,#3094,#3095);
#2564=AXIS2_PLACEMENT_3D('',#3776,#3096,#3097);
#2565=AXIS2_PLACEMENT_3D('',#3777,#3098,#3099);
#2566=AXIS2_PLACEMENT_3D('',#3778,#3100,#3101);
#2567=AXIS2_PLACEMENT_3D('',#3786,#3105,#3106);
#2568=AXIS2_PLACEMENT_3D('',#3794,#3110,#3111);
#2569=AXIS2_PLACEMENT_3D('',#3798,#3113,#3114);
#2570=AXIS2_PLACEMENT_3D('',#3801,#3116,#3117);
#2571=AXIS2_PLACEMENT_3D('',#3807,#3120,#3121);
#2572=AXIS2_PLACEMENT_3D('',#3811,#3123,#3124);
#2573=AXIS2_PLACEMENT_3D('',#3819,#3128,#3129);
#2574=AXIS2_PLACEMENT_3D('',#3824,#3132,#3133);
#2575=AXIS2_PLACEMENT_3D('',#3833,#3138,#3139);
#2576=AXIS2_PLACEMENT_3D('',#3837,#3143,#3144);
#2577=AXIS2_PLACEMENT_3D('',#3841,#3148,#3149);
#2578=AXIS2_PLACEMENT_3D('',#3847,#3153,#3154);
#2579=AXIS2_PLACEMENT_3D('',#3853,#3158,#3159);
#2580=AXIS2_PLACEMENT_3D('',#3856,#3162,#3163);
#2581=AXIS2_PLACEMENT_3D('',#3859,#3166,#3167);
#2582=AXIS2_PLACEMENT_3D('',#3862,#3170,#3171);
#2583=AXIS2_PLACEMENT_3D('',#3863,#3172,#3173);
#2584=AXIS2_PLACEMENT_3D('',#3864,#3174,#3175);
#2585=AXIS2_PLACEMENT_3D('',#3866,#3177,#3178);
#2586=AXIS2_PLACEMENT_3D('',#3868,#3180,#3181);
#2587=AXIS2_PLACEMENT_3D('',#3870,#3183,#3184);
#2588=AXIS2_PLACEMENT_3D('',#3871,#3185,#3186);
#2589=AXIS2_PLACEMENT_3D('',#3873,#3188,#3189);
#2590=AXIS2_PLACEMENT_3D('',#3875,#3191,#3192);
#2591=AXIS2_PLACEMENT_3D('',#3876,#3193,#3194);
#2592=AXIS2_PLACEMENT_3D('',#3877,#3195,#3196);
#2593=AXIS2_PLACEMENT_3D('',#3878,#3197,#3198);
#2594=AXIS2_PLACEMENT_3D('',#3879,#3199,#3200);
#2595=AXIS2_PLACEMENT_3D('',#3880,#3201,#3202);
#2596=AXIS2_PLACEMENT_3D('',#3881,#3203,#3204);
#2597=AXIS2_PLACEMENT_3D('',#3882,#3205,#3206);
#2598=DIRECTION('',(0.,0.,1.));
#2599=DIRECTION('',(1.,0.,0.));
#2600=DIRECTION('',(0.,1.,0.));
#2601=DIRECTION('',(0.,0.,1.));
#2602=DIRECTION('',(-0.269629144718559,0.,0.962964238338236));
#2603=DIRECTION('',(0.,0.,1.));
#2604=DIRECTION('',(0.269629144718559,0.,0.962964238338236));
#2605=DIRECTION('',(1.,0.,0.));
#2606=DIRECTION('',(0.269629144718559,0.,-0.962964238338236));
#2607=DIRECTION('',(0.269629144718559,0.,0.962964238338236));
#2608=DIRECTION('',(1.,0.,0.));
#2609=DIRECTION('',(0.269629144718559,0.,-0.962964238338236));
#2610=DIRECTION('',(0.269629144718559,0.,0.962964238338236));
#2611=DIRECTION('',(1.,0.,0.));
#2612=DIRECTION('',(0.269629144718559,0.,-0.962964238338236));
#2613=DIRECTION('',(0.269629144718559,0.,0.962964238338236));
#2614=DIRECTION('',(1.,0.,0.));
#2615=DIRECTION('',(0.269629144718559,0.,-0.962964238338236));
#2616=DIRECTION('',(0.269629144718559,0.,0.962964238338236));
#2617=DIRECTION('',(1.,0.,0.));
#2618=DIRECTION('',(0.269629144718559,0.,-0.962964238338236));
#2619=DIRECTION('',(0.,0.,-1.));
#2620=DIRECTION('',(-0.269629144718559,0.,-0.962964238338236));
#2621=DIRECTION('',(-1.,0.,0.));
#2622=DIRECTION('',(-0.269629144718559,0.,0.962964238338236));
#2623=DIRECTION('',(-0.269629144718559,0.,-0.962964238338236));
#2624=DIRECTION('',(-1.,0.,0.));
#2625=DIRECTION('',(-0.269629144718559,0.,0.962964238338236));
#2626=DIRECTION('',(-0.269629144718559,0.,-0.962964238338236));
#2627=DIRECTION('',(-1.,0.,0.));
#2628=DIRECTION('',(-0.269629144718559,0.,0.962964238338236));
#2629=DIRECTION('',(-0.269629144718559,0.,-0.962964238338236));
#2630=DIRECTION('',(-1.,0.,0.));
#2631=DIRECTION('',(-0.269629144718559,0.,0.962964238338236));
#2632=DIRECTION('',(-0.269629144718559,0.,-0.962964238338236));
#2633=DIRECTION('',(-1.,0.,0.));
#2634=DIRECTION('',(0.,0.,1.));
#2635=DIRECTION('',(-1.,0.,0.));
#2636=DIRECTION('',(0.,0.,-1.));
#2637=DIRECTION('',(1.,0.,0.));
#2638=DIRECTION('',(0.,0.,1.));
#2639=DIRECTION('',(-1.,0.,0.));
#2640=DIRECTION('',(0.,0.,-1.));
#2641=DIRECTION('',(1.,0.,0.));
#2642=DIRECTION('',(0.,0.,1.));
#2643=DIRECTION('',(-1.,0.,0.));
#2644=DIRECTION('',(0.,0.,-1.));
#2645=DIRECTION('',(1.,0.,0.));
#2646=DIRECTION('',(0.,0.,1.));
#2647=DIRECTION('',(-1.,0.,0.));
#2648=DIRECTION('',(0.,0.,-1.));
#2649=DIRECTION('',(1.,0.,0.));
#2650=DIRECTION('',(0.,0.,1.));
#2651=DIRECTION('',(-1.,0.,0.));
#2652=DIRECTION('',(0.,0.,-1.));
#2653=DIRECTION('',(1.,0.,0.));
#2654=DIRECTION('',(0.,0.,1.));
#2655=DIRECTION('',(-1.,0.,0.));
#2656=DIRECTION('',(0.,0.,-1.));
#2657=DIRECTION('',(1.,0.,0.));
#2658=DIRECTION('',(0.,0.,1.));
#2659=DIRECTION('',(-1.,0.,0.));
#2660=DIRECTION('',(0.,0.,-1.));
#2661=DIRECTION('',(1.,0.,0.));
#2662=DIRECTION('',(0.,0.,1.));
#2663=DIRECTION('',(-1.,0.,0.));
#2664=DIRECTION('',(0.,0.,-1.));
#2665=DIRECTION('',(1.,0.,0.));
#2666=DIRECTION('',(0.,0.,1.));
#2667=DIRECTION('',(-1.,0.,0.));
#2668=DIRECTION('',(0.,0.,-1.));
#2669=DIRECTION('',(1.,0.,0.));
#2670=DIRECTION('',(0.,0.,1.));
#2671=DIRECTION('',(-1.,0.,0.));
#2672=DIRECTION('',(0.,0.,-1.));
#2673=DIRECTION('',(1.,0.,0.));
#2674=DIRECTION('',(0.,-1.,0.));
#2675=DIRECTION('',(0.,0.,-1.));
#2676=DIRECTION('',(0.,0.,1.));
#2677=DIRECTION('',(-1.,0.,0.));
#2678=DIRECTION('',(0.,0.,1.));
#2679=DIRECTION('',(-1.,0.,0.));
#2680=DIRECTION('',(0.,0.,-1.));
#2681=DIRECTION('',(-1.,0.,0.));
#2682=DIRECTION('',(0.,0.,1.));
#2683=DIRECTION('',(1.,0.,0.));
#2684=DIRECTION('',(0.,0.,-1.));
#2685=DIRECTION('',(-1.,0.,0.));
#2686=DIRECTION('',(0.,0.,1.));
#2687=DIRECTION('',(1.,0.,0.));
#2688=DIRECTION('',(0.,0.,-1.));
#2689=DIRECTION('',(-1.,0.,0.));
#2690=DIRECTION('',(0.,0.,1.));
#2691=DIRECTION('',(1.,0.,0.));
#2692=DIRECTION('',(0.,0.,-1.));
#2693=DIRECTION('',(-1.,0.,0.));
#2694=DIRECTION('',(0.,0.,1.));
#2695=DIRECTION('',(1.,0.,0.));
#2696=DIRECTION('',(0.,0.,-1.));
#2697=DIRECTION('',(-1.,0.,0.));
#2698=DIRECTION('',(0.,0.,1.));
#2699=DIRECTION('',(1.,0.,0.));
#2700=DIRECTION('',(0.,0.,-1.));
#2701=DIRECTION('',(-1.,0.,0.));
#2702=DIRECTION('',(0.,0.,1.));
#2703=DIRECTION('',(1.,0.,0.));
#2704=DIRECTION('',(0.,0.,-1.));
#2705=DIRECTION('',(-1.,0.,0.));
#2706=DIRECTION('',(0.,0.,1.));
#2707=DIRECTION('',(1.,0.,0.));
#2708=DIRECTION('',(0.,0.,-1.));
#2709=DIRECTION('',(-1.,0.,0.));
#2710=DIRECTION('',(0.,0.,1.));
#2711=DIRECTION('',(1.,0.,0.));
#2712=DIRECTION('',(0.,0.,-1.));
#2713=DIRECTION('',(-1.,0.,0.));
#2714=DIRECTION('',(0.,0.,1.));
#2715=DIRECTION('',(1.,0.,0.));
#2716=DIRECTION('',(0.,0.,-1.));
#2717=DIRECTION('',(-1.,0.,0.));
#2718=DIRECTION('',(0.,0.,1.));
#2719=DIRECTION('',(1.,0.,0.));
#2720=DIRECTION('',(1.,0.,0.));
#2721=DIRECTION('',(0.,0.,-1.));
#2722=DIRECTION('',(0.,-1.,0.));
#2723=DIRECTION('',(0.,0.,1.));
#2724=DIRECTION('',(0.,-1.,0.));
#2725=DIRECTION('',(0.,-1.,0.));
#2726=DIRECTION('',(0.,0.,1.));
#2727=DIRECTION('',(0.,1.,0.));
#2728=DIRECTION('',(0.,1.,0.));
#2729=DIRECTION('',(0.,0.,1.));
#2730=DIRECTION('',(-1.,0.,0.));
#2731=DIRECTION('',(0.,0.,-1.));
#2732=DIRECTION('',(0.269629144718559,0.,-0.962964238338236));
#2733=DIRECTION('',(1.,0.,0.));
#2734=DIRECTION('',(0.269629144718559,0.,0.962964238338236));
#2735=DIRECTION('',(0.269629144718559,0.,-0.962964238338236));
#2736=DIRECTION('',(1.,0.,0.));
#2737=DIRECTION('',(0.269629144718559,0.,0.962964238338236));
#2738=DIRECTION('',(0.269629144718559,0.,-0.962964238338236));
#2739=DIRECTION('',(1.,0.,0.));
#2740=DIRECTION('',(0.269629144718559,0.,0.962964238338236));
#2741=DIRECTION('',(0.269629144718559,0.,-0.962964238338236));
#2742=DIRECTION('',(1.,0.,0.));
#2743=DIRECTION('',(0.269629144718559,0.,0.962964238338236));
#2744=DIRECTION('',(0.269629144718559,0.,-0.962964238338236));
#2745=DIRECTION('',(1.,0.,0.));
#2746=DIRECTION('',(0.269629144718559,0.,0.962964238338236));
#2747=DIRECTION('',(0.,1.,0.));
#2748=DIRECTION('',(0.,0.,1.));
#2749=DIRECTION('',(-1.,0.,0.));
#2750=DIRECTION('',(-0.269629144718559,0.,0.962964238338236));
#2751=DIRECTION('',(-1.,0.,0.));
#2752=DIRECTION('',(-0.269629144718559,0.,-0.962964238338236));
#2753=DIRECTION('',(-0.269629144718559,0.,0.962964238338236));
#2754=DIRECTION('',(-1.,0.,0.));
#2755=DIRECTION('',(-0.269629144718559,0.,-0.962964238338236));
#2756=DIRECTION('',(-0.269629144718559,0.,0.962964238338236));
#2757=DIRECTION('',(-1.,0.,0.));
#2758=DIRECTION('',(-0.269629144718559,0.,-0.962964238338236));
#2759=DIRECTION('',(-0.269629144718559,0.,0.962964238338236));
#2760=DIRECTION('',(-1.,0.,0.));
#2761=DIRECTION('',(-0.269629144718559,0.,-0.962964238338236));
#2762=DIRECTION('',(-0.269629144718559,0.,0.962964238338236));
#2763=DIRECTION('',(-1.,0.,0.));
#2764=DIRECTION('',(-0.269629144718559,0.,-0.962964238338236));
#2765=DIRECTION('',(0.,0.,-1.));
#2766=DIRECTION('',(-1.,0.,0.));
#2767=DIRECTION('',(0.,0.,1.));
#2768=DIRECTION('',(0.,-1.,0.));
#2769=DIRECTION('',(0.,1.,0.));
#2770=DIRECTION('',(0.,-1.,0.));
#2771=DIRECTION('',(0.,-1.,0.));
#2772=DIRECTION('',(0.962964238338236,0.,0.269629144718559));
#2773=DIRECTION('',(0.269629144718559,0.,-0.962964238338236));
#2774=DIRECTION('',(0.,-1.,0.));
#2775=DIRECTION('',(0.962964238338236,0.,-0.269629144718559));
#2776=DIRECTION('',(-0.269629144718559,0.,-0.962964238338236));
#2777=DIRECTION('',(0.,-1.,0.));
#2778=DIRECTION('',(0.,0.,-1.));
#2779=DIRECTION('',(-1.,0.,0.));
#2780=DIRECTION('',(0.,-1.,0.));
#2781=DIRECTION('',(-0.962964238338236,0.,-0.269629144718559));
#2782=DIRECTION('',(-0.269629144718559,0.,0.962964238338236));
#2783=DIRECTION('',(0.,-1.,0.));
#2784=DIRECTION('',(-0.962964238338236,0.,0.269629144718559));
#2785=DIRECTION('',(0.269629144718559,0.,0.962964238338236));
#2786=DIRECTION('',(0.,-1.,0.));
#2787=DIRECTION('',(0.,-1.,0.));
#2788=DIRECTION('',(0.,0.,1.));
#2789=DIRECTION('',(1.,0.,0.));
#2790=DIRECTION('',(0.962964238338236,0.,0.269629144718559));
#2791=DIRECTION('',(0.269629144718559,0.,-0.962964238338236));
#2792=DIRECTION('',(0.,-1.,0.));
#2793=DIRECTION('',(0.962964238338236,0.,-0.269629144718559));
#2794=DIRECTION('',(-0.269629144718559,0.,-0.962964238338236));
#2795=DIRECTION('',(0.,-1.,0.));
#2796=DIRECTION('',(0.,0.,-1.));
#2797=DIRECTION('',(-1.,0.,0.));
#2798=DIRECTION('',(0.,-1.,0.));
#2799=DIRECTION('',(-0.962964238338236,0.,-0.269629144718559));
#2800=DIRECTION('',(-0.269629144718559,0.,0.962964238338236));
#2801=DIRECTION('',(0.,-1.,0.));
#2802=DIRECTION('',(-0.962964238338236,0.,0.269629144718559));
#2803=DIRECTION('',(0.269629144718559,0.,0.962964238338236));
#2804=DIRECTION('',(0.,-1.,0.));
#2805=DIRECTION('',(0.,-1.,0.));
#2806=DIRECTION('',(0.,0.,1.));
#2807=DIRECTION('',(1.,0.,0.));
#2808=DIRECTION('',(0.962964238338236,0.,0.269629144718559));
#2809=DIRECTION('',(0.269629144718559,0.,-0.962964238338236));
#2810=DIRECTION('',(0.,-1.,0.));
#2811=DIRECTION('',(0.962964238338236,0.,-0.269629144718559));
#2812=DIRECTION('',(-0.269629144718559,0.,-0.962964238338236));
#2813=DIRECTION('',(0.,-1.,0.));
#2814=DIRECTION('',(0.,0.,-1.));
#2815=DIRECTION('',(-1.,0.,0.));
#2816=DIRECTION('',(0.,-1.,0.));
#2817=DIRECTION('',(-0.962964238338236,0.,-0.269629144718559));
#2818=DIRECTION('',(-0.269629144718559,0.,0.962964238338236));
#2819=DIRECTION('',(0.,-1.,0.));
#2820=DIRECTION('',(-0.962964238338236,0.,0.269629144718559));
#2821=DIRECTION('',(0.269629144718559,0.,0.962964238338236));
#2822=DIRECTION('',(0.,-1.,0.));
#2823=DIRECTION('',(0.,-1.,0.));
#2824=DIRECTION('',(0.,0.,1.));
#2825=DIRECTION('',(1.,0.,0.));
#2826=DIRECTION('',(0.962964238338236,0.,0.269629144718559));
#2827=DIRECTION('',(0.269629144718559,0.,-0.962964238338236));
#2828=DIRECTION('',(0.,-1.,0.));
#2829=DIRECTION('',(0.962964238338236,0.,-0.269629144718559));
#2830=DIRECTION('',(-0.269629144718559,0.,-0.962964238338236));
#2831=DIRECTION('',(0.,-1.,0.));
#2832=DIRECTION('',(0.,0.,-1.));
#2833=DIRECTION('',(-1.,0.,0.));
#2834=DIRECTION('',(0.,-1.,0.));
#2835=DIRECTION('',(-0.962964238338236,0.,-0.269629144718559));
#2836=DIRECTION('',(-0.269629144718559,0.,0.962964238338236));
#2837=DIRECTION('',(0.,-1.,0.));
#2838=DIRECTION('',(-0.962964238338236,0.,0.269629144718559));
#2839=DIRECTION('',(0.269629144718559,0.,0.962964238338236));
#2840=DIRECTION('',(0.,-1.,0.));
#2841=DIRECTION('',(0.,-1.,0.));
#2842=DIRECTION('',(0.,0.,1.));
#2843=DIRECTION('',(1.,0.,0.));
#2844=DIRECTION('',(0.962964238338236,0.,0.269629144718559));
#2845=DIRECTION('',(0.269629144718559,0.,-0.962964238338236));
#2846=DIRECTION('',(0.,-1.,0.));
#2847=DIRECTION('',(0.962964238338236,0.,-0.269629144718559));
#2848=DIRECTION('',(-0.269629144718559,0.,-0.962964238338236));
#2849=DIRECTION('',(0.,-1.,0.));
#2850=DIRECTION('',(0.,0.,-1.));
#2851=DIRECTION('',(-1.,0.,0.));
#2852=DIRECTION('',(0.,-1.,0.));
#2853=DIRECTION('',(-0.962964238338236,0.,-0.269629144718559));
#2854=DIRECTION('',(-0.269629144718559,0.,0.962964238338236));
#2855=DIRECTION('',(-0.962964238338236,0.,0.269629144718559));
#2856=DIRECTION('',(0.269629144718559,0.,0.962964238338236));
#2857=DIRECTION('',(0.,-1.,0.));
#2858=DIRECTION('',(0.,0.,1.));
#2859=DIRECTION('',(1.,0.,0.));
#2860=DIRECTION('',(0.,0.,-1.));
#2861=DIRECTION('',(-1.,0.,0.));
#2862=DIRECTION('',(0.,0.,1.));
#2863=DIRECTION('',(1.,0.,0.));
#2864=DIRECTION('',(0.,0.,1.));
#2865=DIRECTION('',(1.,0.,0.));
#2866=DIRECTION('',(0.,-1.,0.));
#2867=DIRECTION('',(0.,-1.,0.));
#2868=DIRECTION('',(1.,0.,0.));
#2869=DIRECTION('',(0.,0.,-1.));
#2870=DIRECTION('',(0.,-1.,0.));
#2871=DIRECTION('',(0.,0.,-1.));
#2872=DIRECTION('',(-1.,0.,0.));
#2873=DIRECTION('',(0.,-1.,0.));
#2874=DIRECTION('',(-1.,0.,0.));
#2875=DIRECTION('',(0.,0.,1.));
#2876=DIRECTION('',(0.,0.,1.));
#2877=DIRECTION('',(1.,0.,0.));
#2878=DIRECTION('',(0.,-1.,0.));
#2879=DIRECTION('',(0.,-1.,0.));
#2880=DIRECTION('',(1.,0.,0.));
#2881=DIRECTION('',(0.,0.,-1.));
#2882=DIRECTION('',(0.,-1.,0.));
#2883=DIRECTION('',(0.,0.,-1.));
#2884=DIRECTION('',(-1.,0.,0.));
#2885=DIRECTION('',(0.,-1.,0.));
#2886=DIRECTION('',(-1.,0.,0.));
#2887=DIRECTION('',(0.,0.,1.));
#2888=DIRECTION('',(0.,0.,1.));
#2889=DIRECTION('',(1.,0.,0.));
#2890=DIRECTION('',(0.,-1.,0.));
#2891=DIRECTION('',(0.,-1.,0.));
#2892=DIRECTION('',(1.,0.,0.));
#2893=DIRECTION('',(0.,0.,-1.));
#2894=DIRECTION('',(0.,-1.,0.));
#2895=DIRECTION('',(0.,0.,-1.));
#2896=DIRECTION('',(-1.,0.,0.));
#2897=DIRECTION('',(0.,-1.,0.));
#2898=DIRECTION('',(-1.,0.,0.));
#2899=DIRECTION('',(0.,0.,1.));
#2900=DIRECTION('',(0.,0.,1.));
#2901=DIRECTION('',(1.,0.,0.));
#2902=DIRECTION('',(0.,-1.,0.));
#2903=DIRECTION('',(0.,-1.,0.));
#2904=DIRECTION('',(1.,0.,0.));
#2905=DIRECTION('',(0.,0.,-1.));
#2906=DIRECTION('',(0.,-1.,0.));
#2907=DIRECTION('',(0.,0.,-1.));
#2908=DIRECTION('',(-1.,0.,0.));
#2909=DIRECTION('',(0.,-1.,0.));
#2910=DIRECTION('',(-1.,0.,0.));
#2911=DIRECTION('',(0.,0.,1.));
#2912=DIRECTION('',(0.,0.,1.));
#2913=DIRECTION('',(1.,0.,0.));
#2914=DIRECTION('',(0.,-1.,0.));
#2915=DIRECTION('',(0.,-1.,0.));
#2916=DIRECTION('',(1.,0.,0.));
#2917=DIRECTION('',(0.,0.,-1.));
#2918=DIRECTION('',(0.,-1.,0.));
#2919=DIRECTION('',(0.,0.,-1.));
#2920=DIRECTION('',(-1.,0.,0.));
#2921=DIRECTION('',(0.,-1.,0.));
#2922=DIRECTION('',(-1.,0.,0.));
#2923=DIRECTION('',(0.,0.,1.));
#2924=DIRECTION('',(0.,0.,1.));
#2925=DIRECTION('',(1.,0.,0.));
#2926=DIRECTION('',(0.,-1.,0.));
#2927=DIRECTION('',(0.,-1.,0.));
#2928=DIRECTION('',(1.,0.,0.));
#2929=DIRECTION('',(0.,0.,-1.));
#2930=DIRECTION('',(0.,-1.,0.));
#2931=DIRECTION('',(0.,0.,-1.));
#2932=DIRECTION('',(-1.,0.,0.));
#2933=DIRECTION('',(0.,-1.,0.));
#2934=DIRECTION('',(-1.,0.,0.));
#2935=DIRECTION('',(0.,0.,1.));
#2936=DIRECTION('',(0.,0.,1.));
#2937=DIRECTION('',(1.,0.,0.));
#2938=DIRECTION('',(0.,-1.,0.));
#2939=DIRECTION('',(0.,-1.,0.));
#2940=DIRECTION('',(1.,0.,0.));
#2941=DIRECTION('',(0.,0.,-1.));
#2942=DIRECTION('',(0.,-1.,0.));
#2943=DIRECTION('',(0.,0.,-1.));
#2944=DIRECTION('',(-1.,0.,0.));
#2945=DIRECTION('',(0.,-1.,0.));
#2946=DIRECTION('',(-1.,0.,0.));
#2947=DIRECTION('',(0.,0.,1.));
#2948=DIRECTION('',(0.,0.,1.));
#2949=DIRECTION('',(1.,0.,0.));
#2950=DIRECTION('',(0.,-1.,0.));
#2951=DIRECTION('',(0.,-1.,0.));
#2952=DIRECTION('',(1.,0.,0.));
#2953=DIRECTION('',(0.,0.,-1.));
#2954=DIRECTION('',(0.,-1.,0.));
#2955=DIRECTION('',(0.,0.,-1.));
#2956=DIRECTION('',(-1.,0.,0.));
#2957=DIRECTION('',(0.,-1.,0.));
#2958=DIRECTION('',(-1.,0.,0.));
#2959=DIRECTION('',(0.,0.,1.));
#2960=DIRECTION('',(0.,0.,1.));
#2961=DIRECTION('',(1.,0.,0.));
#2962=DIRECTION('',(0.,-1.,0.));
#2963=DIRECTION('',(0.,-1.,0.));
#2964=DIRECTION('',(1.,0.,0.));
#2965=DIRECTION('',(0.,0.,-1.));
#2966=DIRECTION('',(0.,-1.,0.));
#2967=DIRECTION('',(0.,0.,-1.));
#2968=DIRECTION('',(-1.,0.,0.));
#2969=DIRECTION('',(0.,-1.,0.));
#2970=DIRECTION('',(-1.,0.,0.));
#2971=DIRECTION('',(0.,0.,1.));
#2972=DIRECTION('',(0.,0.,1.));
#2973=DIRECTION('',(1.,0.,0.));
#2974=DIRECTION('',(0.,-1.,0.));
#2975=DIRECTION('',(0.,-1.,0.));
#2976=DIRECTION('',(1.,0.,0.));
#2977=DIRECTION('',(0.,0.,-1.));
#2978=DIRECTION('',(0.,-1.,0.));
#2979=DIRECTION('',(0.,0.,-1.));
#2980=DIRECTION('',(-1.,0.,0.));
#2981=DIRECTION('',(0.,-1.,0.));
#2982=DIRECTION('',(-1.,0.,0.));
#2983=DIRECTION('',(0.,0.,1.));
#2984=DIRECTION('',(0.,0.,1.));
#2985=DIRECTION('',(1.,0.,0.));
#2986=DIRECTION('',(1.,0.,0.));
#2987=DIRECTION('',(0.,0.,-1.));
#2988=DIRECTION('',(0.,-1.,0.));
#2989=DIRECTION('',(0.,0.,1.));
#2990=DIRECTION('',(1.,0.,0.));
#2991=DIRECTION('',(0.,0.,-1.));
#2992=DIRECTION('',(0.,-0.714240623202886,0.699900230151951));
#2993=DIRECTION('',(1.,0.,0.));
#2994=DIRECTION('',(0.,0.,-1.));
#2995=DIRECTION('',(0.,-1.,0.));
#2996=DIRECTION('',(0.,0.,-1.));
#2997=DIRECTION('',(0.,-1.,0.));
#2998=DIRECTION('',(1.,0.,0.));
#2999=DIRECTION('',(0.,0.,-1.));
#3000=DIRECTION('',(0.,0.714669255428931,-0.699462547492471));
#3001=DIRECTION('',(1.,0.,0.));
#3002=DIRECTION('',(0.,0.,-1.));
#3003=DIRECTION('',(0.,0.,-1.));
#3004=DIRECTION('',(-1.,0.,0.));
#3005=DIRECTION('',(0.,0.,1.));
#3006=DIRECTION('',(0.,-1.,0.));
#3007=DIRECTION('',(0.,0.,-1.));
#3008=DIRECTION('',(1.,0.,0.));
#3009=DIRECTION('',(0.,0.,-1.));
#3010=DIRECTION('',(0.,0.714669255428931,-0.699462547492471));
#3011=DIRECTION('',(1.,0.,0.));
#3012=DIRECTION('',(0.,0.,-1.));
#3013=DIRECTION('',(0.,1.,0.));
#3014=DIRECTION('',(0.,0.,-1.));
#3015=DIRECTION('',(0.,1.,0.));
#3016=DIRECTION('',(1.,0.,0.));
#3017=DIRECTION('',(0.,0.,-1.));
#3018=DIRECTION('',(0.,-0.714240623202886,0.699900230151951));
#3019=DIRECTION('',(1.,0.,0.));
#3020=DIRECTION('',(0.,0.,-1.));
#3021=DIRECTION('',(0.,0.,1.));
#3022=DIRECTION('',(0.,0.,-1.));
#3023=DIRECTION('',(-1.,0.,0.));
#3024=DIRECTION('',(0.,-1.,0.));
#3025=DIRECTION('',(-1.,0.,0.));
#3026=DIRECTION('',(0.,-1.,0.));
#3027=DIRECTION('',(-1.,0.,0.));
#3028=DIRECTION('',(0.,0.985307912984292,-0.170787343238717));
#3029=DIRECTION('',(0.,0.170787343238717,0.985307912984292));
#3030=DIRECTION('',(0.168349751170358,-0.168349751170349,-0.971244934381518));
#3031=DIRECTION('',(0.168349751170358,0.168349751170349,0.971244934381518));
#3032=DIRECTION('',(-1.,0.,0.));
#3033=DIRECTION('',(0.,-0.985307912984292,-0.170787343238717));
#3034=DIRECTION('',(0.,0.170787343238717,-0.985307912984292));
#3035=DIRECTION('',(-0.168349751170358,-0.168349751170349,0.971244934381518));
#3036=DIRECTION('',(-1.,0.,0.));
#3037=DIRECTION('',(-0.168349751170358,0.168349751170349,-0.971244934381518));
#3038=DIRECTION('',(-0.985307912984292,-0.170787343238717,0.));
#3039=DIRECTION('',(0.170787343238717,-0.985307912984292,0.));
#3040=DIRECTION('',(-0.16834975117035,0.97124493438152,-0.168349751170349));
#3041=DIRECTION('',(0.16834975117035,-0.97124493438152,-0.16834975117035));
#3042=DIRECTION('',(0.,0.,-1.));
#3043=DIRECTION('',(0.,-1.,0.));
#3044=DIRECTION('',(0.,0.,-1.));
#3045=DIRECTION('',(-1.,0.,0.));
#3046=DIRECTION('',(-1.,0.,0.));
#3047=DIRECTION('',(0.,0.,-1.));
#3048=DIRECTION('',(0.985307912984292,-0.170787343238717,0.));
#3049=DIRECTION('',(0.170787343238717,0.985307912984292,0.));
#3050=DIRECTION('',(-0.168349751170349,-0.97124493438152,0.168349751170349));
#3051=DIRECTION('',(0.168349751170349,0.97124493438152,0.16834975117035));
#3052=DIRECTION('',(0.,0.,1.));
#3053=DIRECTION('',(1.,0.,0.));
#3054=DIRECTION('',(-1.,0.,0.));
#3055=DIRECTION('',(-1.,0.,0.));
#3056=DIRECTION('',(0.,0.,1.));
#3057=DIRECTION('',(1.,0.,0.));
#3058=DIRECTION('',(-1.,0.,0.));
#3059=DIRECTION('',(-1.,0.,0.));
#3060=DIRECTION('',(0.,0.170787343238717,-0.985307912984292));
#3061=DIRECTION('',(0.,0.985307912984292,0.170787343238717));
#3062=DIRECTION('',(0.,0.170787343238717,0.985307912984292));
#3063=DIRECTION('',(0.,-0.985307912984292,0.170787343238717));
#3064=DIRECTION('',(0.,1.,0.));
#3065=DIRECTION('',(0.,0.,1.));
#3066=DIRECTION('',(-1.,0.,0.));
#3067=DIRECTION('',(-1.,0.,0.));
#3068=DIRECTION('',(0.,0.,1.));
#3069=DIRECTION('',(-1.,0.,0.));
#3070=DIRECTION('',(0.,0.699462547492471,0.714669255428931));
#3071=DIRECTION('',(0.,-0.714669255428931,0.699462547492471));
#3072=DIRECTION('',(-1.,0.,0.));
#3073=DIRECTION('',(-1.,0.,0.));
#3074=DIRECTION('',(0.,0.,1.));
#3075=DIRECTION('',(-1.,0.,0.));
#3076=DIRECTION('',(0.,0.,1.));
#3077=DIRECTION('',(-1.,0.,0.));
#3078=DIRECTION('',(0.,-0.699900230151951,-0.714240623202886));
#3079=DIRECTION('',(0.,0.714240623202886,-0.699900230151951));
#3080=DIRECTION('',(-1.,0.,0.));
#3081=DIRECTION('',(-1.,0.,0.));
#3082=DIRECTION('',(0.,0.,1.));
#3083=DIRECTION('',(-1.,0.,0.));
#3084=DIRECTION('',(0.,-1.,0.));
#3085=DIRECTION('',(0.,0.,-1.));
#3086=DIRECTION('',(-0.98530791298429,0.,0.170787343238726));
#3087=DIRECTION('',(0.170787343238726,0.,0.98530791298429));
#3088=DIRECTION('',(0.98530791298429,0.,0.170787343238726));
#3089=DIRECTION('',(0.170787343238726,0.,-0.98530791298429));
#3090=DIRECTION('',(0.,0.,1.));
#3091=DIRECTION('',(1.,0.,0.));
#3092=DIRECTION('',(0.,0.,1.));
#3093=DIRECTION('',(1.,0.,0.));
#3094=DIRECTION('',(0.,0.,1.));
#3095=DIRECTION('',(1.,0.,0.));
#3096=DIRECTION('',(0.,0.,1.));
#3097=DIRECTION('',(1.,0.,0.));
#3098=DIRECTION('',(0.,0.,1.));
#3099=DIRECTION('',(1.,0.,0.));
#3100=DIRECTION('',(1.,0.,0.));
#3101=DIRECTION('',(0.,0.,-1.));
#3102=DIRECTION('',(0.,-1.,0.));
#3103=DIRECTION('',(0.,0.,1.));
#3104=DIRECTION('',(0.,-0.836047795781489,0.548656616809561));
#3105=DIRECTION('',(1.,0.,0.));
#3106=DIRECTION('',(0.,0.,-1.));
#3107=DIRECTION('',(0.,-1.,0.));
#3108=DIRECTION('',(0.,0.,-1.));
#3109=DIRECTION('',(0.,-1.,0.));
#3110=DIRECTION('',(1.,0.,0.));
#3111=DIRECTION('',(0.,0.,-1.));
#3112=DIRECTION('',(0.,0.823977875575278,-0.566621973243583));
#3113=DIRECTION('',(1.,0.,0.));
#3114=DIRECTION('',(0.,0.,-1.));
#3115=DIRECTION('',(0.,0.,-1.));
#3116=DIRECTION('',(-1.,0.,0.));
#3117=DIRECTION('',(0.,0.,1.));
#3118=DIRECTION('',(0.,-1.,0.));
#3119=DIRECTION('',(0.,0.,-1.));
#3120=DIRECTION('',(1.,0.,0.));
#3121=DIRECTION('',(0.,0.,-1.));
#3122=DIRECTION('',(0.,0.823977875575278,-0.566621973243583));
#3123=DIRECTION('',(1.,0.,0.));
#3124=DIRECTION('',(0.,0.,-1.));
#3125=DIRECTION('',(0.,1.,0.));
#3126=DIRECTION('',(0.,0.,-1.));
#3127=DIRECTION('',(0.,1.,0.));
#3128=DIRECTION('',(1.,0.,0.));
#3129=DIRECTION('',(0.,0.,-1.));
#3130=DIRECTION('',(0.,-0.836047795781489,0.548656616809561));
#3131=DIRECTION('',(0.,0.,1.));
#3132=DIRECTION('',(0.,0.,-1.));
#3133=DIRECTION('',(-1.,0.,0.));
#3134=DIRECTION('',(0.,-1.,0.));
#3135=DIRECTION('',(-1.,0.,0.));
#3136=DIRECTION('',(0.,-1.,0.));
#3137=DIRECTION('',(-1.,0.,0.));
#3138=DIRECTION('',(0.,0.985307912984292,-0.170787343238717));
#3139=DIRECTION('',(0.,0.170787343238717,0.985307912984292));
#3140=DIRECTION('',(0.168349751170358,-0.168349751170349,-0.971244934381518));
#3141=DIRECTION('',(0.168349751170358,0.168349751170349,0.971244934381518));
#3142=DIRECTION('',(-1.,0.,0.));
#3143=DIRECTION('',(0.,-0.985307912984292,-0.170787343238718));
#3144=DIRECTION('',(0.,0.170787343238718,-0.985307912984292));
#3145=DIRECTION('',(-0.168349751170358,-0.16834975117035,0.971244934381518));
#3146=DIRECTION('',(-1.,0.,0.));
#3147=DIRECTION('',(-0.168349751170358,0.16834975117035,-0.971244934381518));
#3148=DIRECTION('',(-0.985307912984292,-0.170787343238717,0.));
#3149=DIRECTION('',(0.170787343238717,-0.985307912984292,0.));
#3150=DIRECTION('',(-0.168349751170349,0.97124493438152,-0.168349751170349));
#3151=DIRECTION('',(0.168349751170349,-0.97124493438152,-0.16834975117035));
#3152=DIRECTION('',(0.,0.,-1.));
#3153=DIRECTION('',(0.,-1.,0.));
#3154=DIRECTION('',(0.,0.,-1.));
#3155=DIRECTION('',(-1.,0.,0.));
#3156=DIRECTION('',(-1.,0.,0.));
#3157=DIRECTION('',(0.,0.,-1.));
#3158=DIRECTION('',(0.985307912984292,-0.170787343238717,0.));
#3159=DIRECTION('',(0.170787343238717,0.985307912984292,0.));
#3160=DIRECTION('',(-0.168349751170349,-0.97124493438152,0.168349751170349));
#3161=DIRECTION('',(0.168349751170349,0.97124493438152,0.16834975117035));
#3162=DIRECTION('',(0.,0.,1.));
#3163=DIRECTION('',(1.,0.,0.));
#3164=DIRECTION('',(-1.,0.,0.));
#3165=DIRECTION('',(-1.,0.,0.));
#3166=DIRECTION('',(0.,0.,1.));
#3167=DIRECTION('',(1.,0.,0.));
#3168=DIRECTION('',(-1.,0.,0.));
#3169=DIRECTION('',(-1.,0.,0.));
#3170=DIRECTION('',(0.,0.170787343238717,-0.985307912984292));
#3171=DIRECTION('',(0.,0.985307912984292,0.170787343238717));
#3172=DIRECTION('',(0.,0.170787343238717,0.985307912984292));
#3173=DIRECTION('',(0.,-0.985307912984292,0.170787343238717));
#3174=DIRECTION('',(0.,1.,0.));
#3175=DIRECTION('',(0.,0.,1.));
#3176=DIRECTION('',(-1.,0.,0.));
#3177=DIRECTION('',(-1.,0.,0.));
#3178=DIRECTION('',(0.,0.,1.));
#3179=DIRECTION('',(-1.,0.,0.));
#3180=DIRECTION('',(0.,0.566621973243583,0.823977875575278));
#3181=DIRECTION('',(0.,-0.823977875575278,0.566621973243583));
#3182=DIRECTION('',(-1.,0.,0.));
#3183=DIRECTION('',(-1.,0.,0.));
#3184=DIRECTION('',(0.,0.,1.));
#3185=DIRECTION('',(-1.,0.,0.));
#3186=DIRECTION('',(0.,0.,1.));
#3187=DIRECTION('',(-1.,0.,0.));
#3188=DIRECTION('',(0.,-0.548656616809561,-0.836047795781489));
#3189=DIRECTION('',(0.,0.836047795781489,-0.548656616809561));
#3190=DIRECTION('',(-1.,0.,0.));
#3191=DIRECTION('',(0.,-1.,0.));
#3192=DIRECTION('',(0.,0.,-1.));
#3193=DIRECTION('',(-0.98530791298429,0.,0.170787343238726));
#3194=DIRECTION('',(0.170787343238726,0.,0.98530791298429));
#3195=DIRECTION('',(0.98530791298429,0.,0.170787343238726));
#3196=DIRECTION('',(0.170787343238726,0.,-0.98530791298429));
#3197=DIRECTION('',(0.,0.,1.));
#3198=DIRECTION('',(1.,0.,0.));
#3199=DIRECTION('',(0.,0.,1.));
#3200=DIRECTION('',(1.,0.,0.));
#3201=DIRECTION('',(0.,0.,1.));
#3202=DIRECTION('',(1.,0.,0.));
#3203=DIRECTION('',(0.,0.,1.));
#3204=DIRECTION('',(1.,0.,0.));
#3205=DIRECTION('',(0.,0.,1.));
#3206=DIRECTION('',(1.,0.,0.));
#3207=CARTESIAN_POINT('',(0.,0.,0.));
#3208=CARTESIAN_POINT('',(0.,1.5,0.));
#3209=CARTESIAN_POINT('',(-0.495000437200113,1.5,-1.7));
#3210=CARTESIAN_POINT('',(-0.495000437200113,1.5,-1.7));
#3211=CARTESIAN_POINT('',(-0.635,1.5,-1.2));
#3212=CARTESIAN_POINT('',(-0.635,1.5,-1.2));
#3213=CARTESIAN_POINT('',(-0.635,1.5,1.2));
#3214=CARTESIAN_POINT('',(-0.635,1.5,1.2));
#3215=CARTESIAN_POINT('',(-0.495000437200113,1.5,1.7));
#3216=CARTESIAN_POINT('',(-0.495000437200113,1.5,1.7));
#3217=CARTESIAN_POINT('',(0.495000437200113,1.5,1.7));
#3218=CARTESIAN_POINT('',(0.495000437200113,1.5,1.7));
#3219=CARTESIAN_POINT('',(0.635,1.5,1.2));
#3220=CARTESIAN_POINT('',(0.635,1.5,1.2));
#3221=CARTESIAN_POINT('',(0.774999562799887,1.5,1.7));
#3222=CARTESIAN_POINT('',(0.774999562799887,1.5,1.7));
#3223=CARTESIAN_POINT('',(1.76500043720011,1.5,1.7));
#3224=CARTESIAN_POINT('',(1.76500043720011,1.5,1.7));
#3225=CARTESIAN_POINT('',(1.905,1.5,1.2));
#3226=CARTESIAN_POINT('',(1.905,1.5,1.2));
#3227=CARTESIAN_POINT('',(2.04499956279989,1.5,1.7));
#3228=CARTESIAN_POINT('',(2.04499956279989,1.5,1.7));
#3229=CARTESIAN_POINT('',(3.03500043720011,1.5,1.7));
#3230=CARTESIAN_POINT('',(3.03500043720011,1.5,1.7));
#3231=CARTESIAN_POINT('',(3.175,1.5,1.2));
#3232=CARTESIAN_POINT('',(3.175,1.5,1.2));
#3233=CARTESIAN_POINT('',(3.31499956279989,1.5,1.7));
#3234=CARTESIAN_POINT('',(3.31499956279989,1.5,1.7));
#3235=CARTESIAN_POINT('',(4.30500043720011,1.5,1.7));
#3236=CARTESIAN_POINT('',(4.30500043720011,1.5,1.7));
#3237=CARTESIAN_POINT('',(4.445,1.5,1.2));
#3238=CARTESIAN_POINT('',(4.445,1.5,1.2));
#3239=CARTESIAN_POINT('',(4.58499956279989,1.5,1.7));
#3240=CARTESIAN_POINT('',(4.58499956279989,1.5,1.7));
#3241=CARTESIAN_POINT('',(5.57500043720011,1.5,1.7));
#3242=CARTESIAN_POINT('',(5.57500043720011,1.5,1.7));
#3243=CARTESIAN_POINT('',(5.715,1.5,1.2));
#3244=CARTESIAN_POINT('',(5.715,1.5,1.2));
#3245=CARTESIAN_POINT('',(5.715,1.5,-1.2));
#3246=CARTESIAN_POINT('',(5.715,1.5,-1.2));
#3247=CARTESIAN_POINT('',(5.57500043720011,1.5,-1.7));
#3248=CARTESIAN_POINT('',(5.57500043720011,1.5,-1.7));
#3249=CARTESIAN_POINT('',(4.58499956279989,1.5,-1.7));
#3250=CARTESIAN_POINT('',(4.58499956279989,1.5,-1.7));
#3251=CARTESIAN_POINT('',(4.445,1.5,-1.2));
#3252=CARTESIAN_POINT('',(4.445,1.5,-1.2));
#3253=CARTESIAN_POINT('',(4.30500043720011,1.5,-1.7));
#3254=CARTESIAN_POINT('',(4.30500043720011,1.5,-1.7));
#3255=CARTESIAN_POINT('',(3.31499956279989,1.5,-1.7));
#3256=CARTESIAN_POINT('',(3.31499956279989,1.5,-1.7));
#3257=CARTESIAN_POINT('',(3.175,1.5,-1.2));
#3258=CARTESIAN_POINT('',(3.175,1.5,-1.2));
#3259=CARTESIAN_POINT('',(3.03500043720011,1.5,-1.7));
#3260=CARTESIAN_POINT('',(3.03500043720011,1.5,-1.7));
#3261=CARTESIAN_POINT('',(2.04499956279989,1.5,-1.7));
#3262=CARTESIAN_POINT('',(2.04499956279989,1.5,-1.7));
#3263=CARTESIAN_POINT('',(1.905,1.5,-1.2));
#3264=CARTESIAN_POINT('',(1.905,1.5,-1.2));
#3265=CARTESIAN_POINT('',(1.76500043720011,1.5,-1.7));
#3266=CARTESIAN_POINT('',(1.76500043720011,1.5,-1.7));
#3267=CARTESIAN_POINT('',(0.774999562799887,1.5,-1.7));
#3268=CARTESIAN_POINT('',(0.774999562799887,1.5,-1.7));
#3269=CARTESIAN_POINT('',(0.635,1.5,-1.2));
#3270=CARTESIAN_POINT('',(0.635,1.5,-1.2));
#3271=CARTESIAN_POINT('',(0.495000437200113,1.5,-1.7));
#3272=CARTESIAN_POINT('',(0.495000437200113,1.5,-1.7));
#3273=CARTESIAN_POINT('',(-0.2,1.5,-0.835));
#3274=CARTESIAN_POINT('',(-0.2,1.5,-0.835));
#3275=CARTESIAN_POINT('',(-0.2,1.5,-0.435));
#3276=CARTESIAN_POINT('',(0.2,1.5,-0.835));
#3277=CARTESIAN_POINT('',(0.2,1.5,-0.835));
#3278=CARTESIAN_POINT('',(0.2,1.5,-0.435));
#3279=CARTESIAN_POINT('',(0.2,1.5,-0.435));
#3280=CARTESIAN_POINT('',(-0.2,1.5,-0.435));
#3281=CARTESIAN_POINT('',(4.88,1.5,-0.835));
#3282=CARTESIAN_POINT('',(4.88,1.5,-0.835));
#3283=CARTESIAN_POINT('',(4.88,1.5,-0.435));
#3284=CARTESIAN_POINT('',(5.28,1.5,-0.835));
#3285=CARTESIAN_POINT('',(5.28,1.5,-0.835));
#3286=CARTESIAN_POINT('',(5.28,1.5,-0.435));
#3287=CARTESIAN_POINT('',(5.28,1.5,-0.435));
#3288=CARTESIAN_POINT('',(4.88,1.5,-0.435));
#3289=CARTESIAN_POINT('',(3.61,1.5,-0.835));
#3290=CARTESIAN_POINT('',(3.61,1.5,-0.835));
#3291=CARTESIAN_POINT('',(3.61,1.5,-0.435));
#3292=CARTESIAN_POINT('',(4.01,1.5,-0.835));
#3293=CARTESIAN_POINT('',(4.01,1.5,-0.835));
#3294=CARTESIAN_POINT('',(4.01,1.5,-0.435));
#3295=CARTESIAN_POINT('',(4.01,1.5,-0.435));
#3296=CARTESIAN_POINT('',(3.61,1.5,-0.435));
#3297=CARTESIAN_POINT('',(2.34,1.5,-0.835));
#3298=CARTESIAN_POINT('',(2.34,1.5,-0.835));
#3299=CARTESIAN_POINT('',(2.34,1.5,-0.435));
#3300=CARTESIAN_POINT('',(2.74,1.5,-0.835));
#3301=CARTESIAN_POINT('',(2.74,1.5,-0.835));
#3302=CARTESIAN_POINT('',(2.74,1.5,-0.435));
#3303=CARTESIAN_POINT('',(2.74,1.5,-0.435));
#3304=CARTESIAN_POINT('',(2.34,1.5,-0.435));
#3305=CARTESIAN_POINT('',(1.07,1.5,-0.835));
#3306=CARTESIAN_POINT('',(1.07,1.5,-0.835));
#3307=CARTESIAN_POINT('',(1.07,1.5,-0.435));
#3308=CARTESIAN_POINT('',(1.47,1.5,-0.835));
#3309=CARTESIAN_POINT('',(1.47,1.5,-0.835));
#3310=CARTESIAN_POINT('',(1.47,1.5,-0.435));
#3311=CARTESIAN_POINT('',(1.47,1.5,-0.435));
#3312=CARTESIAN_POINT('',(1.07,1.5,-0.435));
#3313=CARTESIAN_POINT('',(-0.2,1.5,0.435));
#3314=CARTESIAN_POINT('',(-0.2,1.5,0.435));
#3315=CARTESIAN_POINT('',(-0.2,1.5,0.835));
#3316=CARTESIAN_POINT('',(0.2,1.5,0.435));
#3317=CARTESIAN_POINT('',(0.2,1.5,0.435));
#3318=CARTESIAN_POINT('',(0.2,1.5,0.835));
#3319=CARTESIAN_POINT('',(0.2,1.5,0.835));
#3320=CARTESIAN_POINT('',(-0.2,1.5,0.835));
#3321=CARTESIAN_POINT('',(4.88,1.5,0.435));
#3322=CARTESIAN_POINT('',(4.88,1.5,0.435));
#3323=CARTESIAN_POINT('',(4.88,1.5,0.835));
#3324=CARTESIAN_POINT('',(5.28,1.5,0.435));
#3325=CARTESIAN_POINT('',(5.28,1.5,0.435));
#3326=CARTESIAN_POINT('',(5.28,1.5,0.835));
#3327=CARTESIAN_POINT('',(5.28,1.5,0.835));
#3328=CARTESIAN_POINT('',(4.88,1.5,0.835));
#3329=CARTESIAN_POINT('',(3.61,1.5,0.435));
#3330=CARTESIAN_POINT('',(3.61,1.5,0.435));
#3331=CARTESIAN_POINT('',(3.61,1.5,0.835));
#3332=CARTESIAN_POINT('',(4.01,1.5,0.435));
#3333=CARTESIAN_POINT('',(4.01,1.5,0.435));
#3334=CARTESIAN_POINT('',(4.01,1.5,0.835));
#3335=CARTESIAN_POINT('',(4.01,1.5,0.835));
#3336=CARTESIAN_POINT('',(3.61,1.5,0.835));
#3337=CARTESIAN_POINT('',(2.34,1.5,0.435));
#3338=CARTESIAN_POINT('',(2.34,1.5,0.435));
#3339=CARTESIAN_POINT('',(2.34,1.5,0.835));
#3340=CARTESIAN_POINT('',(2.74,1.5,0.435));
#3341=CARTESIAN_POINT('',(2.74,1.5,0.435));
#3342=CARTESIAN_POINT('',(2.74,1.5,0.835));
#3343=CARTESIAN_POINT('',(2.74,1.5,0.835));
#3344=CARTESIAN_POINT('',(2.34,1.5,0.835));
#3345=CARTESIAN_POINT('',(1.07,1.5,0.435));
#3346=CARTESIAN_POINT('',(1.07,1.5,0.435));
#3347=CARTESIAN_POINT('',(1.07,1.5,0.835));
#3348=CARTESIAN_POINT('',(1.47,1.5,0.435));
#3349=CARTESIAN_POINT('',(1.47,1.5,0.435));
#3350=CARTESIAN_POINT('',(1.47,1.5,0.835));
#3351=CARTESIAN_POINT('',(1.47,1.5,0.835));
#3352=CARTESIAN_POINT('',(1.07,1.5,0.835));
#3353=CARTESIAN_POINT('',(5.715,0.3,-1.199));
#3354=CARTESIAN_POINT('',(-0.635,0.3,-1.199));
#3355=CARTESIAN_POINT('',(-0.635,0.3,-1.199));
#3356=CARTESIAN_POINT('',(-0.635,0.3,1.199));
#3357=CARTESIAN_POINT('',(5.715,0.3,-1.199));
#3358=CARTESIAN_POINT('',(5.715,0.3,-1.199));
#3359=CARTESIAN_POINT('',(5.715,0.3,-1.199));
#3360=CARTESIAN_POINT('',(5.715,0.3,1.199));
#3361=CARTESIAN_POINT('',(5.715,0.3,1.199));
#3362=CARTESIAN_POINT('',(0.2,0.3,-1.199));
#3363=CARTESIAN_POINT('',(0.2,0.3,-0.435));
#3364=CARTESIAN_POINT('',(0.2,0.3,-0.835));
#3365=CARTESIAN_POINT('',(5.715,0.3,-0.835));
#3366=CARTESIAN_POINT('',(-0.2,0.3,-0.835));
#3367=CARTESIAN_POINT('',(-0.2,0.3,-1.199));
#3368=CARTESIAN_POINT('',(-0.2,0.3,-0.435));
#3369=CARTESIAN_POINT('',(5.715,0.3,-0.435));
#3370=CARTESIAN_POINT('',(5.28,0.3,-1.199));
#3371=CARTESIAN_POINT('',(5.28,0.3,-0.435));
#3372=CARTESIAN_POINT('',(5.28,0.3,-0.835));
#3373=CARTESIAN_POINT('',(5.715,0.3,-0.835));
#3374=CARTESIAN_POINT('',(4.88,0.3,-0.835));
#3375=CARTESIAN_POINT('',(4.88,0.3,-1.199));
#3376=CARTESIAN_POINT('',(4.88,0.3,-0.435));
#3377=CARTESIAN_POINT('',(5.715,0.3,-0.435));
#3378=CARTESIAN_POINT('',(4.01,0.3,-1.199));
#3379=CARTESIAN_POINT('',(4.01,0.3,-0.435));
#3380=CARTESIAN_POINT('',(4.01,0.3,-0.835));
#3381=CARTESIAN_POINT('',(5.715,0.3,-0.835));
#3382=CARTESIAN_POINT('',(3.61,0.3,-0.835));
#3383=CARTESIAN_POINT('',(3.61,0.3,-1.199));
#3384=CARTESIAN_POINT('',(3.61,0.3,-0.435));
#3385=CARTESIAN_POINT('',(5.715,0.3,-0.435));
#3386=CARTESIAN_POINT('',(2.74,0.3,-1.199));
#3387=CARTESIAN_POINT('',(2.74,0.3,-0.435));
#3388=CARTESIAN_POINT('',(2.74,0.3,-0.835));
#3389=CARTESIAN_POINT('',(5.715,0.3,-0.835));
#3390=CARTESIAN_POINT('',(2.34,0.3,-0.835));
#3391=CARTESIAN_POINT('',(2.34,0.3,-1.199));
#3392=CARTESIAN_POINT('',(2.34,0.3,-0.435));
#3393=CARTESIAN_POINT('',(5.715,0.3,-0.435));
#3394=CARTESIAN_POINT('',(1.47,0.3,-1.199));
#3395=CARTESIAN_POINT('',(1.47,0.3,-0.435));
#3396=CARTESIAN_POINT('',(1.47,0.3,-0.835));
#3397=CARTESIAN_POINT('',(5.715,0.3,-0.835));
#3398=CARTESIAN_POINT('',(1.07,0.3,-0.835));
#3399=CARTESIAN_POINT('',(1.07,0.3,-1.199));
#3400=CARTESIAN_POINT('',(1.07,0.3,-0.435));
#3401=CARTESIAN_POINT('',(5.715,0.3,-0.435));
#3402=CARTESIAN_POINT('',(0.2,0.3,-1.199));
#3403=CARTESIAN_POINT('',(0.2,0.3,0.835));
#3404=CARTESIAN_POINT('',(0.2,0.3,0.435));
#3405=CARTESIAN_POINT('',(5.715,0.3,0.435));
#3406=CARTESIAN_POINT('',(-0.2,0.3,0.435));
#3407=CARTESIAN_POINT('',(-0.2,0.3,-1.199));
#3408=CARTESIAN_POINT('',(-0.2,0.3,0.835));
#3409=CARTESIAN_POINT('',(5.715,0.3,0.835));
#3410=CARTESIAN_POINT('',(5.28,0.3,-1.199));
#3411=CARTESIAN_POINT('',(5.28,0.3,0.835));
#3412=CARTESIAN_POINT('',(5.28,0.3,0.435));
#3413=CARTESIAN_POINT('',(5.715,0.3,0.435));
#3414=CARTESIAN_POINT('',(4.88,0.3,0.435));
#3415=CARTESIAN_POINT('',(4.88,0.3,-1.199));
#3416=CARTESIAN_POINT('',(4.88,0.3,0.835));
#3417=CARTESIAN_POINT('',(5.715,0.3,0.835));
#3418=CARTESIAN_POINT('',(4.01,0.3,-1.199));
#3419=CARTESIAN_POINT('',(4.01,0.3,0.835));
#3420=CARTESIAN_POINT('',(4.01,0.3,0.435));
#3421=CARTESIAN_POINT('',(5.715,0.3,0.435));
#3422=CARTESIAN_POINT('',(3.61,0.3,0.435));
#3423=CARTESIAN_POINT('',(3.61,0.3,-1.199));
#3424=CARTESIAN_POINT('',(3.61,0.3,0.835));
#3425=CARTESIAN_POINT('',(5.715,0.3,0.835));
#3426=CARTESIAN_POINT('',(2.74,0.3,-1.199));
#3427=CARTESIAN_POINT('',(2.74,0.3,0.835));
#3428=CARTESIAN_POINT('',(2.74,0.3,0.435));
#3429=CARTESIAN_POINT('',(5.715,0.3,0.435));
#3430=CARTESIAN_POINT('',(2.34,0.3,0.435));
#3431=CARTESIAN_POINT('',(2.34,0.3,-1.199));
#3432=CARTESIAN_POINT('',(2.34,0.3,0.835));
#3433=CARTESIAN_POINT('',(5.715,0.3,0.835));
#3434=CARTESIAN_POINT('',(1.47,0.3,-1.199));
#3435=CARTESIAN_POINT('',(1.47,0.3,0.835));
#3436=CARTESIAN_POINT('',(1.47,0.3,0.435));
#3437=CARTESIAN_POINT('',(5.715,0.3,0.435));
#3438=CARTESIAN_POINT('',(1.07,0.3,0.435));
#3439=CARTESIAN_POINT('',(1.07,0.3,-1.199));
#3440=CARTESIAN_POINT('',(1.07,0.3,0.835));
#3441=CARTESIAN_POINT('',(5.715,0.3,0.835));
#3442=CARTESIAN_POINT('',(-0.635,1.5,-1.2));
#3443=CARTESIAN_POINT('',(-0.635,0.3,1.199));
#3444=CARTESIAN_POINT('',(-0.635,0.,1.199));
#3445=CARTESIAN_POINT('',(-0.635,0.,-1.2));
#3446=CARTESIAN_POINT('',(-0.635,0.,1.2));
#3447=CARTESIAN_POINT('',(-0.635,1.5,1.2));
#3448=CARTESIAN_POINT('',(-0.635,1.5,-1.2));
#3449=CARTESIAN_POINT('',(-0.635,0.,-1.2));
#3450=CARTESIAN_POINT('',(-0.635,0.,-1.2));
#3451=CARTESIAN_POINT('',(-0.635,0.,-1.199));
#3452=CARTESIAN_POINT('',(-0.635,0.,-1.199));
#3453=CARTESIAN_POINT('',(0.,0.,0.));
#3454=CARTESIAN_POINT('',(5.715,0.,1.199));
#3455=CARTESIAN_POINT('',(5.715,0.,1.199));
#3456=CARTESIAN_POINT('',(5.715,0.,1.2));
#3457=CARTESIAN_POINT('',(5.715,0.,1.2));
#3458=CARTESIAN_POINT('',(5.57500043720011,0.,1.7));
#3459=CARTESIAN_POINT('',(5.57500043720011,0.,1.7));
#3460=CARTESIAN_POINT('',(4.58499956279989,0.,1.7));
#3461=CARTESIAN_POINT('',(4.58499956279989,0.,1.7));
#3462=CARTESIAN_POINT('',(4.445,0.,1.2));
#3463=CARTESIAN_POINT('',(4.445,0.,1.2));
#3464=CARTESIAN_POINT('',(4.30500043720011,0.,1.7));
#3465=CARTESIAN_POINT('',(4.30500043720011,0.,1.7));
#3466=CARTESIAN_POINT('',(3.31499956279989,0.,1.7));
#3467=CARTESIAN_POINT('',(3.31499956279989,0.,1.7));
#3468=CARTESIAN_POINT('',(3.175,0.,1.2));
#3469=CARTESIAN_POINT('',(3.175,0.,1.2));
#3470=CARTESIAN_POINT('',(3.03500043720011,0.,1.7));
#3471=CARTESIAN_POINT('',(3.03500043720011,0.,1.7));
#3472=CARTESIAN_POINT('',(2.04499956279989,0.,1.7));
#3473=CARTESIAN_POINT('',(2.04499956279989,0.,1.7));
#3474=CARTESIAN_POINT('',(1.905,0.,1.2));
#3475=CARTESIAN_POINT('',(1.905,0.,1.2));
#3476=CARTESIAN_POINT('',(1.76500043720011,0.,1.7));
#3477=CARTESIAN_POINT('',(1.76500043720011,0.,1.7));
#3478=CARTESIAN_POINT('',(0.774999562799887,0.,1.7));
#3479=CARTESIAN_POINT('',(0.774999562799887,0.,1.7));
#3480=CARTESIAN_POINT('',(0.635,0.,1.2));
#3481=CARTESIAN_POINT('',(0.635,0.,1.2));
#3482=CARTESIAN_POINT('',(0.495000437200113,0.,1.7));
#3483=CARTESIAN_POINT('',(0.495000437200113,0.,1.7));
#3484=CARTESIAN_POINT('',(-0.495000437200113,0.,1.7));
#3485=CARTESIAN_POINT('',(-0.495000437200113,0.,1.7));
#3486=CARTESIAN_POINT('',(-0.635,0.,1.2));
#3487=CARTESIAN_POINT('',(0.,0.,0.));
#3488=CARTESIAN_POINT('',(5.715,0.,-1.199));
#3489=CARTESIAN_POINT('',(5.715,0.,-1.199));
#3490=CARTESIAN_POINT('',(-0.495000437200113,0.,-1.7));
#3491=CARTESIAN_POINT('',(-0.495000437200113,0.,-1.7));
#3492=CARTESIAN_POINT('',(0.495000437200113,0.,-1.7));
#3493=CARTESIAN_POINT('',(0.495000437200113,0.,-1.7));
#3494=CARTESIAN_POINT('',(0.635,0.,-1.2));
#3495=CARTESIAN_POINT('',(0.635,0.,-1.2));
#3496=CARTESIAN_POINT('',(0.774999562799887,0.,-1.7));
#3497=CARTESIAN_POINT('',(0.774999562799887,0.,-1.7));
#3498=CARTESIAN_POINT('',(1.76500043720011,0.,-1.7));
#3499=CARTESIAN_POINT('',(1.76500043720011,0.,-1.7));
#3500=CARTESIAN_POINT('',(1.905,0.,-1.2));
#3501=CARTESIAN_POINT('',(1.905,0.,-1.2));
#3502=CARTESIAN_POINT('',(2.04499956279989,0.,-1.7));
#3503=CARTESIAN_POINT('',(2.04499956279989,0.,-1.7));
#3504=CARTESIAN_POINT('',(3.03500043720011,0.,-1.7));
#3505=CARTESIAN_POINT('',(3.03500043720011,0.,-1.7));
#3506=CARTESIAN_POINT('',(3.175,0.,-1.2));
#3507=CARTESIAN_POINT('',(3.175,0.,-1.2));
#3508=CARTESIAN_POINT('',(3.31499956279989,0.,-1.7));
#3509=CARTESIAN_POINT('',(3.31499956279989,0.,-1.7));
#3510=CARTESIAN_POINT('',(4.30500043720011,0.,-1.7));
#3511=CARTESIAN_POINT('',(4.30500043720011,0.,-1.7));
#3512=CARTESIAN_POINT('',(4.445,0.,-1.2));
#3513=CARTESIAN_POINT('',(4.445,0.,-1.2));
#3514=CARTESIAN_POINT('',(4.58499956279989,0.,-1.7));
#3515=CARTESIAN_POINT('',(4.58499956279989,0.,-1.7));
#3516=CARTESIAN_POINT('',(5.57500043720011,0.,-1.7));
#3517=CARTESIAN_POINT('',(5.57500043720011,0.,-1.7));
#3518=CARTESIAN_POINT('',(5.715,0.,-1.2));
#3519=CARTESIAN_POINT('',(5.715,0.,-1.2));
#3520=CARTESIAN_POINT('',(5.715,0.,1.2));
#3521=CARTESIAN_POINT('',(5.715,1.5,1.2));
#3522=CARTESIAN_POINT('',(5.715,0.3,1.199));
#3523=CARTESIAN_POINT('',(5.715,0.,-1.199));
#3524=CARTESIAN_POINT('',(5.715,1.5,-1.2));
#3525=CARTESIAN_POINT('',(5.715,1.5,1.2));
#3526=CARTESIAN_POINT('',(-0.495000437200113,1.5,-1.7));
#3527=CARTESIAN_POINT('',(-0.495000437200113,1.5,-1.7));
#3528=CARTESIAN_POINT('',(-0.635,1.5,1.2));
#3529=CARTESIAN_POINT('',(-0.495000437200113,1.5,1.7));
#3530=CARTESIAN_POINT('',(-0.495000437200113,1.5,1.7));
#3531=CARTESIAN_POINT('',(0.495000437200113,1.5,1.7));
#3532=CARTESIAN_POINT('',(0.495000437200113,1.5,1.7));
#3533=CARTESIAN_POINT('',(0.635,1.5,1.2));
#3534=CARTESIAN_POINT('',(0.635,1.5,-1.2));
#3535=CARTESIAN_POINT('',(0.495000437200113,1.5,-1.7));
#3536=CARTESIAN_POINT('',(0.635,1.5,-1.2));
#3537=CARTESIAN_POINT('',(0.495000437200113,1.5,-1.7));
#3538=CARTESIAN_POINT('',(0.774999562799887,1.5,-1.7));
#3539=CARTESIAN_POINT('',(0.774999562799887,1.5,-1.7));
#3540=CARTESIAN_POINT('',(0.635,1.5,1.2));
#3541=CARTESIAN_POINT('',(0.774999562799887,1.5,1.7));
#3542=CARTESIAN_POINT('',(0.774999562799887,1.5,1.7));
#3543=CARTESIAN_POINT('',(1.76500043720011,1.5,1.7));
#3544=CARTESIAN_POINT('',(1.76500043720011,1.5,1.7));
#3545=CARTESIAN_POINT('',(1.905,1.5,1.2));
#3546=CARTESIAN_POINT('',(1.905,1.5,-1.2));
#3547=CARTESIAN_POINT('',(1.76500043720011,1.5,-1.7));
#3548=CARTESIAN_POINT('',(1.905,1.5,-1.2));
#3549=CARTESIAN_POINT('',(1.76500043720011,1.5,-1.7));
#3550=CARTESIAN_POINT('',(2.04499956279989,1.5,-1.7));
#3551=CARTESIAN_POINT('',(2.04499956279989,1.5,-1.7));
#3552=CARTESIAN_POINT('',(1.905,1.5,1.2));
#3553=CARTESIAN_POINT('',(2.04499956279989,1.5,1.7));
#3554=CARTESIAN_POINT('',(2.04499956279989,1.5,1.7));
#3555=CARTESIAN_POINT('',(3.03500043720011,1.5,1.7));
#3556=CARTESIAN_POINT('',(3.03500043720011,1.5,1.7));
#3557=CARTESIAN_POINT('',(3.175,1.5,1.2));
#3558=CARTESIAN_POINT('',(3.175,1.5,-1.2));
#3559=CARTESIAN_POINT('',(3.03500043720011,1.5,-1.7));
#3560=CARTESIAN_POINT('',(3.175,1.5,-1.2));
#3561=CARTESIAN_POINT('',(3.03500043720011,1.5,-1.7));
#3562=CARTESIAN_POINT('',(3.31499956279989,1.5,-1.7));
#3563=CARTESIAN_POINT('',(3.31499956279989,1.5,-1.7));
#3564=CARTESIAN_POINT('',(3.175,1.5,1.2));
#3565=CARTESIAN_POINT('',(3.31499956279989,1.5,1.7));
#3566=CARTESIAN_POINT('',(3.31499956279989,1.5,1.7));
#3567=CARTESIAN_POINT('',(4.30500043720011,1.5,1.7));
#3568=CARTESIAN_POINT('',(4.30500043720011,1.5,1.7));
#3569=CARTESIAN_POINT('',(4.445,1.5,1.2));
#3570=CARTESIAN_POINT('',(4.445,1.5,-1.2));
#3571=CARTESIAN_POINT('',(4.30500043720011,1.5,-1.7));
#3572=CARTESIAN_POINT('',(4.445,1.5,-1.2));
#3573=CARTESIAN_POINT('',(4.30500043720011,1.5,-1.7));
#3574=CARTESIAN_POINT('',(4.58499956279989,1.5,-1.7));
#3575=CARTESIAN_POINT('',(4.58499956279989,1.5,-1.7));
#3576=CARTESIAN_POINT('',(4.445,1.5,1.2));
#3577=CARTESIAN_POINT('',(4.58499956279989,1.5,1.7));
#3578=CARTESIAN_POINT('',(4.58499956279989,1.5,1.7));
#3579=CARTESIAN_POINT('',(5.57500043720011,1.5,1.7));
#3580=CARTESIAN_POINT('',(5.57500043720011,1.5,1.7));
#3581=CARTESIAN_POINT('',(5.715,1.5,-1.2));
#3582=CARTESIAN_POINT('',(5.57500043720011,1.5,-1.7));
#3583=CARTESIAN_POINT('',(5.57500043720011,1.5,-1.7));
#3584=CARTESIAN_POINT('',(5.715,0.3,1.199));
#3585=CARTESIAN_POINT('',(5.715,0.,-1.199));
#3586=CARTESIAN_POINT('',(0.2,1.5,-0.835));
#3587=CARTESIAN_POINT('',(0.2,1.5,-0.835));
#3588=CARTESIAN_POINT('',(-0.2,1.5,-0.835));
#3589=CARTESIAN_POINT('',(-0.2,1.5,-0.835));
#3590=CARTESIAN_POINT('',(-0.2,1.5,-0.435));
#3591=CARTESIAN_POINT('',(-0.2,1.5,-0.435));
#3592=CARTESIAN_POINT('',(0.2,1.5,-0.435));
#3593=CARTESIAN_POINT('',(0.2,1.5,-0.435));
#3594=CARTESIAN_POINT('',(5.28,1.5,-0.835));
#3595=CARTESIAN_POINT('',(5.28,1.5,-0.835));
#3596=CARTESIAN_POINT('',(4.88,1.5,-0.835));
#3597=CARTESIAN_POINT('',(4.88,1.5,-0.835));
#3598=CARTESIAN_POINT('',(4.88,1.5,-0.435));
#3599=CARTESIAN_POINT('',(4.88,1.5,-0.435));
#3600=CARTESIAN_POINT('',(5.28,1.5,-0.435));
#3601=CARTESIAN_POINT('',(5.28,1.5,-0.435));
#3602=CARTESIAN_POINT('',(4.01,1.5,-0.835));
#3603=CARTESIAN_POINT('',(4.01,1.5,-0.835));
#3604=CARTESIAN_POINT('',(3.61,1.5,-0.835));
#3605=CARTESIAN_POINT('',(3.61,1.5,-0.835));
#3606=CARTESIAN_POINT('',(3.61,1.5,-0.435));
#3607=CARTESIAN_POINT('',(3.61,1.5,-0.435));
#3608=CARTESIAN_POINT('',(4.01,1.5,-0.435));
#3609=CARTESIAN_POINT('',(4.01,1.5,-0.435));
#3610=CARTESIAN_POINT('',(2.74,1.5,-0.835));
#3611=CARTESIAN_POINT('',(2.74,1.5,-0.835));
#3612=CARTESIAN_POINT('',(2.34,1.5,-0.835));
#3613=CARTESIAN_POINT('',(2.34,1.5,-0.835));
#3614=CARTESIAN_POINT('',(2.34,1.5,-0.435));
#3615=CARTESIAN_POINT('',(2.34,1.5,-0.435));
#3616=CARTESIAN_POINT('',(2.74,1.5,-0.435));
#3617=CARTESIAN_POINT('',(2.74,1.5,-0.435));
#3618=CARTESIAN_POINT('',(1.47,1.5,-0.835));
#3619=CARTESIAN_POINT('',(1.47,1.5,-0.835));
#3620=CARTESIAN_POINT('',(1.07,1.5,-0.835));
#3621=CARTESIAN_POINT('',(1.07,1.5,-0.835));
#3622=CARTESIAN_POINT('',(1.07,1.5,-0.435));
#3623=CARTESIAN_POINT('',(1.07,1.5,-0.435));
#3624=CARTESIAN_POINT('',(1.47,1.5,-0.435));
#3625=CARTESIAN_POINT('',(1.47,1.5,-0.435));
#3626=CARTESIAN_POINT('',(0.2,1.5,0.435));
#3627=CARTESIAN_POINT('',(0.2,1.5,0.435));
#3628=CARTESIAN_POINT('',(-0.2,1.5,0.435));
#3629=CARTESIAN_POINT('',(-0.2,1.5,0.435));
#3630=CARTESIAN_POINT('',(-0.2,1.5,0.835));
#3631=CARTESIAN_POINT('',(-0.2,1.5,0.835));
#3632=CARTESIAN_POINT('',(0.2,1.5,0.835));
#3633=CARTESIAN_POINT('',(0.2,1.5,0.835));
#3634=CARTESIAN_POINT('',(5.28,1.5,0.435));
#3635=CARTESIAN_POINT('',(5.28,1.5,0.435));
#3636=CARTESIAN_POINT('',(4.88,1.5,0.435));
#3637=CARTESIAN_POINT('',(4.88,1.5,0.435));
#3638=CARTESIAN_POINT('',(4.88,1.5,0.835));
#3639=CARTESIAN_POINT('',(4.88,1.5,0.835));
#3640=CARTESIAN_POINT('',(5.28,1.5,0.835));
#3641=CARTESIAN_POINT('',(5.28,1.5,0.835));
#3642=CARTESIAN_POINT('',(4.01,1.5,0.435));
#3643=CARTESIAN_POINT('',(4.01,1.5,0.435));
#3644=CARTESIAN_POINT('',(3.61,1.5,0.435));
#3645=CARTESIAN_POINT('',(3.61,1.5,0.435));
#3646=CARTESIAN_POINT('',(3.61,1.5,0.835));
#3647=CARTESIAN_POINT('',(3.61,1.5,0.835));
#3648=CARTESIAN_POINT('',(4.01,1.5,0.835));
#3649=CARTESIAN_POINT('',(4.01,1.5,0.835));
#3650=CARTESIAN_POINT('',(2.74,1.5,0.435));
#3651=CARTESIAN_POINT('',(2.74,1.5,0.435));
#3652=CARTESIAN_POINT('',(2.34,1.5,0.435));
#3653=CARTESIAN_POINT('',(2.34,1.5,0.435));
#3654=CARTESIAN_POINT('',(2.34,1.5,0.835));
#3655=CARTESIAN_POINT('',(2.34,1.5,0.835));
#3656=CARTESIAN_POINT('',(2.74,1.5,0.835));
#3657=CARTESIAN_POINT('',(2.74,1.5,0.835));
#3658=CARTESIAN_POINT('',(1.47,1.5,0.435));
#3659=CARTESIAN_POINT('',(1.47,1.5,0.435));
#3660=CARTESIAN_POINT('',(1.07,1.5,0.435));
#3661=CARTESIAN_POINT('',(1.07,1.5,0.435));
#3662=CARTESIAN_POINT('',(1.07,1.5,0.835));
#3663=CARTESIAN_POINT('',(1.07,1.5,0.835));
#3664=CARTESIAN_POINT('',(1.47,1.5,0.835));
#3665=CARTESIAN_POINT('',(1.47,1.5,0.835));
#3666=CARTESIAN_POINT('',(0.635,0.,0.));
#3667=CARTESIAN_POINT('',(-0.2,1.45,0.2));
#3668=CARTESIAN_POINT('',(-0.200000000000006,-3.77,4.485));
#3669=CARTESIAN_POINT('',(-0.200000000000006,-3.77,4.485));
#3670=CARTESIAN_POINT('',(-0.200000000000006,-4.17,4.485));
#3671=CARTESIAN_POINT('',(-0.2,-3.77,0.826692103470431));
#3672=CARTESIAN_POINT('',(-0.2,-3.77,0.82669210347043));
#3673=CARTESIAN_POINT('',(-0.2,-3.47,0.826692103470429));
#3674=CARTESIAN_POINT('',(-0.2,-3.67997006904559,0.612419916509565));
#3675=CARTESIAN_POINT('',(-0.2,-3.34658430700987,0.285727813039135));
#3676=CARTESIAN_POINT('',(-0.2,-3.34658430700987,0.285727813039135));
#3677=CARTESIAN_POINT('',(-0.2,-3.13661423796429,0.5));
#3678=CARTESIAN_POINT('',(-0.2,-3.13661423796428,0.200000000000001));
#3679=CARTESIAN_POINT('',(-0.2,1.45,0.2));
#3680=CARTESIAN_POINT('',(-0.2,1.45,0.2));
#3681=CARTESIAN_POINT('',(-0.2,1.45,0.2));
#3682=CARTESIAN_POINT('',(-0.2,1.45,-0.2));
#3683=CARTESIAN_POINT('',(-0.2,1.45,-0.2));
#3684=CARTESIAN_POINT('',(-0.2,-3.41422143423091,-0.199999999999999));
#3685=CARTESIAN_POINT('',(-0.2,-3.41422143423091,0.1));
#3686=CARTESIAN_POINT('',(-0.2,-3.62406019847865,-0.114400776628679));
#3687=CARTESIAN_POINT('',(-0.2,-4.07983876424774,0.331679748430388));
#3688=CARTESIAN_POINT('',(-0.2,-4.07983876424774,0.331679748430388));
#3689=CARTESIAN_POINT('',(-0.2,-3.87,0.546080525059069));
#3690=CARTESIAN_POINT('',(-0.2,-4.17,0.546080525059067));
#3691=CARTESIAN_POINT('',(-0.2,-4.17,4.485));
#3692=CARTESIAN_POINT('',(0.2,-1.2,0.2));
#3693=CARTESIAN_POINT('',(0.200000000000006,-3.77,4.485));
#3694=CARTESIAN_POINT('',(0.2,-3.77,4.485));
#3695=CARTESIAN_POINT('',(0.200000000000006,-4.17,4.485));
#3696=CARTESIAN_POINT('',(0.2,-4.17,4.485));
#3697=CARTESIAN_POINT('',(0.2,-4.17,0.546080525059067));
#3698=CARTESIAN_POINT('',(0.2,-3.87,0.546080525059069));
#3699=CARTESIAN_POINT('',(0.2,-4.07983876424774,0.331679748430388));
#3700=CARTESIAN_POINT('',(0.2,-4.07983876424774,0.331679748430388));
#3701=CARTESIAN_POINT('',(0.2,-3.62406019847865,-0.114400776628679));
#3702=CARTESIAN_POINT('',(0.2,-3.41422143423091,0.1));
#3703=CARTESIAN_POINT('',(0.2,-3.41422143423091,-0.199999999999999));
#3704=CARTESIAN_POINT('',(0.2,-1.2,-0.2));
#3705=CARTESIAN_POINT('',(0.2,1.45,-0.2));
#3706=CARTESIAN_POINT('',(0.2,1.45,0.2));
#3707=CARTESIAN_POINT('',(0.2,1.45,0.2));
#3708=CARTESIAN_POINT('',(0.2,-1.2,0.2));
#3709=CARTESIAN_POINT('',(0.2,-3.13661423796428,0.200000000000001));
#3710=CARTESIAN_POINT('',(0.2,-3.13661423796429,0.5));
#3711=CARTESIAN_POINT('',(0.2,-3.34658430700987,0.285727813039135));
#3712=CARTESIAN_POINT('',(0.2,-3.34658430700987,0.285727813039135));
#3713=CARTESIAN_POINT('',(0.2,-3.67997006904559,0.612419916509565));
#3714=CARTESIAN_POINT('',(0.2,-3.47,0.826692103470429));
#3715=CARTESIAN_POINT('',(0.2,-3.77,0.82669210347043));
#3716=CARTESIAN_POINT('',(0.2,-3.77,0.826692103470431));
#3717=CARTESIAN_POINT('',(0.2,-3.90000048587967,5.235));
#3718=CARTESIAN_POINT('',(0.0699995141203325,-3.77,5.235));
#3719=CARTESIAN_POINT('',(0.0699995141203325,-3.90000048587967,5.235));
#3720=CARTESIAN_POINT('',(0.0699995141203325,-4.03999951412033,5.235));
#3721=CARTESIAN_POINT('',(0.2,-3.90000048587967,5.235));
#3722=CARTESIAN_POINT('',(-0.0699995141203324,-3.90000048587967,5.235));
#3723=CARTESIAN_POINT('',(-0.0699995141203325,-3.77,5.235));
#3724=CARTESIAN_POINT('',(-0.0699995141203324,-4.03999951412033,5.235));
#3725=CARTESIAN_POINT('',(0.2,-4.03999951412033,5.235));
#3726=CARTESIAN_POINT('',(0.2,-4.03999951412033,5.235));
#3727=CARTESIAN_POINT('',(0.0736839409244443,-4.04368394092445,5.21374377096066));
#3728=CARTESIAN_POINT('',(-0.0623472854367956,-4.0323472854368,5.2791473081721));
#3729=CARTESIAN_POINT('',(0.2,-4.17,4.485));
#3730=CARTESIAN_POINT('',(0.2,-3.77,4.485));
#3731=CARTESIAN_POINT('',(0.200000000000005,-3.77,4.485));
#3732=CARTESIAN_POINT('',(0.2,-3.77,4.485));
#3733=CARTESIAN_POINT('',(-0.188663344512357,-3.78133665548765,4.55040353721144));
#3734=CARTESIAN_POINT('',(0.2,1.45,0.2));
#3735=CARTESIAN_POINT('',(0.2,1.45,0.2));
#3736=CARTESIAN_POINT('',(0.0699995141203337,2.2,0.0699995141203338));
#3737=CARTESIAN_POINT('',(0.188663344512353,1.51540353721144,-0.188663344512353));
#3738=CARTESIAN_POINT('',(0.0699995141203337,2.2,-0.0699995141203337));
#3739=CARTESIAN_POINT('',(0.0699995141203337,2.2,0.2));
#3740=CARTESIAN_POINT('',(0.0699995141203338,2.2,0.2));
#3741=CARTESIAN_POINT('',(0.2,2.2,0.0699995141203338));
#3742=CARTESIAN_POINT('',(-0.0699995141203339,2.2,0.0699995141203338));
#3743=CARTESIAN_POINT('',(0.2,2.2,-0.0699995141203337));
#3744=CARTESIAN_POINT('',(-0.0699995141203339,2.2,-0.0699995141203337));
#3745=CARTESIAN_POINT('',(-0.0699995141203338,2.2,0.2));
#3746=CARTESIAN_POINT('',(-0.0699995141203338,2.2,0.2));
#3747=CARTESIAN_POINT('',(-0.0736839409244452,2.17874377096066,0.0736839409244452));
#3748=CARTESIAN_POINT('',(-0.0623472854367978,2.2441473081721,-0.0623472854367977));
#3749=CARTESIAN_POINT('',(0.,0.,0.2));
#3750=CARTESIAN_POINT('',(0.2,1.45,0.2));
#3751=CARTESIAN_POINT('',(0.2,-3.13661423796428,0.200000000000001));
#3752=CARTESIAN_POINT('',(0.,0.,-0.2));
#3753=CARTESIAN_POINT('',(0.2,1.45,-0.2));
#3754=CARTESIAN_POINT('',(0.2,-3.41422143423091,-0.199999999999999));
#3755=CARTESIAN_POINT('',(0.2,2.2,-0.0699995141203338));
#3756=CARTESIAN_POINT('',(0.2,1.45,0.2));
#3757=CARTESIAN_POINT('',(0.2,-4.17,4.485));
#3758=CARTESIAN_POINT('',(0.2,-4.17,0.546080525059067));
#3759=CARTESIAN_POINT('',(0.2,-3.87,0.546080525059069));
#3760=CARTESIAN_POINT('',(0.2,-4.07983876424774,0.331679748430388));
#3761=CARTESIAN_POINT('',(0.2,-4.07983876424774,0.331679748430388));
#3762=CARTESIAN_POINT('',(0.2,-3.62406019847865,-0.114400776628679));
#3763=CARTESIAN_POINT('',(0.2,-3.41422143423091,0.1));
#3764=CARTESIAN_POINT('',(0.2,-3.13661423796429,0.5));
#3765=CARTESIAN_POINT('',(0.2,-3.34658430700987,0.285727813039135));
#3766=CARTESIAN_POINT('',(0.2,-3.34658430700987,0.285727813039135));
#3767=CARTESIAN_POINT('',(0.2,-3.67997006904559,0.612419916509565));
#3768=CARTESIAN_POINT('',(0.2,-3.47,0.826692103470429));
#3769=CARTESIAN_POINT('',(0.2,-3.77,0.82669210347043));
#3770=CARTESIAN_POINT('',(0.2,-3.77,0.826692103470431));
#3771=CARTESIAN_POINT('',(-0.0699995141203325,-3.77,5.235));
#3772=CARTESIAN_POINT('',(0.200000000000006,-3.77,4.485));
#3773=CARTESIAN_POINT('',(0.635,1.5,-0.635));
#3774=CARTESIAN_POINT('',(1.905,1.5,-0.635));
#3775=CARTESIAN_POINT('',(3.175,1.5,-0.635));
#3776=CARTESIAN_POINT('',(4.445,1.5,-0.635));
#3777=CARTESIAN_POINT('',(5.715,1.5,-0.635));
#3778=CARTESIAN_POINT('',(-0.2,1.45,0.2));
#3779=CARTESIAN_POINT('',(-0.200000000000006,-2.5,3.215));
#3780=CARTESIAN_POINT('',(-0.200000000000006,-2.5,3.215));
#3781=CARTESIAN_POINT('',(-0.200000000000006,-2.9,3.215));
#3782=CARTESIAN_POINT('',(-0.2,-2.5,0.46));
#3783=CARTESIAN_POINT('',(-0.2,-2.5,0.46));
#3784=CARTESIAN_POINT('',(-0.2,-2.17875924974173,0.249185661265553));
#3785=CARTESIAN_POINT('',(-0.2,-2.17875924974173,0.249185661265553));
#3786=CARTESIAN_POINT('',(-0.2,-2.01416226469886,0.500000000000004));
#3787=CARTESIAN_POINT('',(-0.2,-2.01416226469886,0.2));
#3788=CARTESIAN_POINT('',(-0.2,1.45,0.2));
#3789=CARTESIAN_POINT('',(-0.2,1.45,0.2));
#3790=CARTESIAN_POINT('',(-0.2,1.45,0.2));
#3791=CARTESIAN_POINT('',(-0.2,1.45,-0.2));
#3792=CARTESIAN_POINT('',(-0.2,1.45,-0.2));
#3793=CARTESIAN_POINT('',(-0.2,-2.15997187709297,-0.2));
#3794=CARTESIAN_POINT('',(-0.2,-2.15997187709297,0.150000000000002));
#3795=CARTESIAN_POINT('',(-0.2,-2.35828956772822,-0.138392256451347));
#3796=CARTESIAN_POINT('',(-0.2,-2.76998659197308,0.144717991009196));
#3797=CARTESIAN_POINT('',(-0.2,-2.76998659197308,0.144717991009196));
#3798=CARTESIAN_POINT('',(-0.2,-2.6,0.391911353681777));
#3799=CARTESIAN_POINT('',(-0.2,-2.9,0.391911353681779));
#3800=CARTESIAN_POINT('',(-0.2,-2.9,3.215));
#3801=CARTESIAN_POINT('',(0.2,-1.2,0.2));
#3802=CARTESIAN_POINT('',(0.200000000000006,-2.5,3.215));
#3803=CARTESIAN_POINT('',(0.2,-2.5,3.215));
#3804=CARTESIAN_POINT('',(0.200000000000006,-2.9,3.215));
#3805=CARTESIAN_POINT('',(0.2,-2.9,3.215));
#3806=CARTESIAN_POINT('',(0.2,-2.9,0.391911353681779));
#3807=CARTESIAN_POINT('',(0.2,-2.6,0.391911353681777));
#3808=CARTESIAN_POINT('',(0.2,-2.76998659197308,0.144717991009196));
#3809=CARTESIAN_POINT('',(0.2,-2.76998659197308,0.144717991009196));
#3810=CARTESIAN_POINT('',(0.2,-2.35828956772822,-0.138392256451347));
#3811=CARTESIAN_POINT('',(0.2,-2.15997187709297,0.150000000000002));
#3812=CARTESIAN_POINT('',(0.2,-2.15997187709297,-0.2));
#3813=CARTESIAN_POINT('',(0.2,-1.2,-0.2));
#3814=CARTESIAN_POINT('',(0.2,1.45,-0.2));
#3815=CARTESIAN_POINT('',(0.2,1.45,0.2));
#3816=CARTESIAN_POINT('',(0.2,1.45,0.2));
#3817=CARTESIAN_POINT('',(0.2,-1.2,0.2));
#3818=CARTESIAN_POINT('',(0.2,-2.01416226469886,0.2));
#3819=CARTESIAN_POINT('',(0.2,-2.01416226469886,0.500000000000004));
#3820=CARTESIAN_POINT('',(0.2,-2.17875924974173,0.249185661265553));
#3821=CARTESIAN_POINT('',(0.2,-2.17875924974173,0.249185661265553));
#3822=CARTESIAN_POINT('',(0.2,-2.5,0.46));
#3823=CARTESIAN_POINT('',(0.2,-2.5,0.46));
#3824=CARTESIAN_POINT('',(0.2,-2.63000048587967,3.965));
#3825=CARTESIAN_POINT('',(0.0699995141203325,-2.5,3.965));
#3826=CARTESIAN_POINT('',(0.0699995141203325,-2.63000048587967,3.965));
#3827=CARTESIAN_POINT('',(0.0699995141203325,-2.76999951412033,3.965));
#3828=CARTESIAN_POINT('',(0.2,-2.63000048587967,3.965));
#3829=CARTESIAN_POINT('',(-0.0699995141203325,-2.63000048587967,3.965));
#3830=CARTESIAN_POINT('',(-0.0699995141203325,-2.5,3.965));
#3831=CARTESIAN_POINT('',(-0.0699995141203324,-2.76999951412033,3.965));
#3832=CARTESIAN_POINT('',(0.2,-2.76999951412033,3.965));
#3833=CARTESIAN_POINT('',(0.2,-2.76999951412033,3.965));
#3834=CARTESIAN_POINT('',(0.0736839409244442,-2.77368394092445,3.94374377096066));
#3835=CARTESIAN_POINT('',(-0.0623472854367956,-2.7623472854368,4.0091473081721));
#3836=CARTESIAN_POINT('',(0.2,-2.9,3.215));
#3837=CARTESIAN_POINT('',(0.2,-2.5,3.215));
#3838=CARTESIAN_POINT('',(0.200000000000005,-2.5,3.215));
#3839=CARTESIAN_POINT('',(0.2,-2.5,3.215));
#3840=CARTESIAN_POINT('',(-0.188663344512357,-2.51133665548765,3.28040353721144));
#3841=CARTESIAN_POINT('',(0.2,1.45,0.2));
#3842=CARTESIAN_POINT('',(0.2,1.45,0.2));
#3843=CARTESIAN_POINT('',(0.0699995141203337,2.2,0.0699995141203338));
#3844=CARTESIAN_POINT('',(0.188663344512353,1.51540353721144,-0.188663344512353));
#3845=CARTESIAN_POINT('',(0.0699995141203337,2.2,-0.0699995141203337));
#3846=CARTESIAN_POINT('',(0.0699995141203337,2.2,0.2));
#3847=CARTESIAN_POINT('',(0.0699995141203338,2.2,0.2));
#3848=CARTESIAN_POINT('',(0.2,2.2,0.0699995141203338));
#3849=CARTESIAN_POINT('',(-0.0699995141203339,2.2,0.0699995141203338));
#3850=CARTESIAN_POINT('',(0.2,2.2,-0.0699995141203337));
#3851=CARTESIAN_POINT('',(-0.0699995141203339,2.2,-0.0699995141203337));
#3852=CARTESIAN_POINT('',(-0.0699995141203338,2.2,0.2));
#3853=CARTESIAN_POINT('',(-0.0699995141203338,2.2,0.2));
#3854=CARTESIAN_POINT('',(-0.0736839409244452,2.17874377096066,0.0736839409244452));
#3855=CARTESIAN_POINT('',(-0.0623472854367978,2.2441473081721,-0.0623472854367977));
#3856=CARTESIAN_POINT('',(0.,0.,0.2));
#3857=CARTESIAN_POINT('',(0.2,1.45,0.2));
#3858=CARTESIAN_POINT('',(0.2,-2.01416226469886,0.2));
#3859=CARTESIAN_POINT('',(0.,0.,-0.2));
#3860=CARTESIAN_POINT('',(0.2,-2.15997187709297,-0.2));
#3861=CARTESIAN_POINT('',(0.2,1.45,-0.2));
#3862=CARTESIAN_POINT('',(0.2,2.2,-0.0699995141203338));
#3863=CARTESIAN_POINT('',(0.2,1.45,0.2));
#3864=CARTESIAN_POINT('',(0.2,-2.9,3.215));
#3865=CARTESIAN_POINT('',(0.2,-2.9,0.391911353681779));
#3866=CARTESIAN_POINT('',(0.2,-2.6,0.391911353681777));
#3867=CARTESIAN_POINT('',(0.2,-2.76998659197308,0.144717991009196));
#3868=CARTESIAN_POINT('',(0.2,-2.76998659197308,0.144717991009196));
#3869=CARTESIAN_POINT('',(0.2,-2.35828956772822,-0.138392256451347));
#3870=CARTESIAN_POINT('',(0.2,-2.15997187709297,0.150000000000002));
#3871=CARTESIAN_POINT('',(0.2,-2.01416226469886,0.500000000000004));
#3872=CARTESIAN_POINT('',(0.2,-2.17875924974173,0.249185661265553));
#3873=CARTESIAN_POINT('',(0.2,-2.17875924974173,0.249185661265553));
#3874=CARTESIAN_POINT('',(0.2,-2.5,0.46));
#3875=CARTESIAN_POINT('',(0.2,-2.5,0.46));
#3876=CARTESIAN_POINT('',(-0.0699995141203325,-2.5,3.965));
#3877=CARTESIAN_POINT('',(0.200000000000006,-2.5,3.215));
#3878=CARTESIAN_POINT('',(0.635,1.5,0.635));
#3879=CARTESIAN_POINT('',(1.905,1.5,0.635));
#3880=CARTESIAN_POINT('',(3.175,1.5,0.635));
#3881=CARTESIAN_POINT('',(4.445,1.5,0.635));
#3882=CARTESIAN_POINT('',(5.715,1.5,0.635));
#3883=(
GEOMETRIC_REPRESENTATION_CONTEXT(3)
GLOBAL_UNCERTAINTY_ASSIGNED_CONTEXT((#3887))
GLOBAL_UNIT_ASSIGNED_CONTEXT((#3893,#3892,#3891))
REPRESENTATION_CONTEXT('BD035-10A-A-0220-0290-0120-L-G',
'TOP_LEVEL_ASSEMBLY_PART')
);
#3884=(
GEOMETRIC_REPRESENTATION_CONTEXT(3)
GLOBAL_UNCERTAINTY_ASSIGNED_CONTEXT((#3888))
GLOBAL_UNIT_ASSIGNED_CONTEXT((#3893,#3892,#3891))
REPRESENTATION_CONTEXT('BD035-10A-A-0220-0290-0120-L-G_H',
'COMPONENT_PART')
);
#3885=(
GEOMETRIC_REPRESENTATION_CONTEXT(3)
GLOBAL_UNCERTAINTY_ASSIGNED_CONTEXT((#3889))
GLOBAL_UNIT_ASSIGNED_CONTEXT((#3893,#3892,#3891))
REPRESENTATION_CONTEXT('BD035-10A-A-0220-0290-0120-L-G_P1',
'COMPONENT_PART')
);
#3886=(
GEOMETRIC_REPRESENTATION_CONTEXT(3)
GLOBAL_UNCERTAINTY_ASSIGNED_CONTEXT((#3890))
GLOBAL_UNIT_ASSIGNED_CONTEXT((#3893,#3892,#3891))
REPRESENTATION_CONTEXT('BD035-10A-A-0220-0290-0120-L-G_P2',
'COMPONENT_PART')
);
#3887=UNCERTAINTY_MEASURE_WITH_UNIT(LENGTH_MEASURE(1.E-5),#3893,
'DISTANCE_ACCURACY_VALUE','Maximum Tolerance applied to model');
#3888=UNCERTAINTY_MEASURE_WITH_UNIT(LENGTH_MEASURE(1.E-5),#3893,
'DISTANCE_ACCURACY_VALUE','Maximum Tolerance applied to model');
#3889=UNCERTAINTY_MEASURE_WITH_UNIT(LENGTH_MEASURE(1.E-5),#3893,
'DISTANCE_ACCURACY_VALUE','Maximum Tolerance applied to model');
#3890=UNCERTAINTY_MEASURE_WITH_UNIT(LENGTH_MEASURE(1.E-5),#3893,
'DISTANCE_ACCURACY_VALUE','Maximum Tolerance applied to model');
#3891=(
NAMED_UNIT(*)
SI_UNIT($,.STERADIAN.)
SOLID_ANGLE_UNIT()
);
#3892=(
NAMED_UNIT(*)
PLANE_ANGLE_UNIT()
SI_UNIT($,.RADIAN.)
);
#3893=(
LENGTH_UNIT()
NAMED_UNIT(*)
SI_UNIT(.MILLI.,.METRE.)
);
#3894=PRODUCT_DEFINITION_SHAPE('','',#3909);
#3895=PRODUCT_DEFINITION_SHAPE('','',#3910);
#3896=PRODUCT_DEFINITION_SHAPE(' ','NAUO PRDDFN',#50);
#3897=PRODUCT_DEFINITION_SHAPE('','',#3911);
#3898=PRODUCT_DEFINITION_SHAPE(' ','NAUO PRDDFN',#51);
#3899=PRODUCT_DEFINITION_SHAPE(' ','NAUO PRDDFN',#52);
#3900=PRODUCT_DEFINITION_SHAPE(' ','NAUO PRDDFN',#53);
#3901=PRODUCT_DEFINITION_SHAPE(' ','NAUO PRDDFN',#54);
#3902=PRODUCT_DEFINITION_SHAPE(' ','NAUO PRDDFN',#55);
#3903=PRODUCT_DEFINITION_SHAPE('','',#3912);
#3904=PRODUCT_DEFINITION_SHAPE(' ','NAUO PRDDFN',#56);
#3905=PRODUCT_DEFINITION_SHAPE(' ','NAUO PRDDFN',#57);
#3906=PRODUCT_DEFINITION_SHAPE(' ','NAUO PRDDFN',#58);
#3907=PRODUCT_DEFINITION_SHAPE(' ','NAUO PRDDFN',#59);
#3908=PRODUCT_DEFINITION_SHAPE(' ','NAUO PRDDFN',#60);
#3909=PRODUCT_DEFINITION('','',#3917,#3913);
#3910=PRODUCT_DEFINITION('','',#3918,#3914);
#3911=PRODUCT_DEFINITION('','',#3919,#3915);
#3912=PRODUCT_DEFINITION('','',#3920,#3916);
#3913=DESIGN_CONTEXT('',#3938,'design');
#3914=DESIGN_CONTEXT('',#3938,'design');
#3915=DESIGN_CONTEXT('',#3938,'design');
#3916=DESIGN_CONTEXT('',#3938,'design');
#3917=PRODUCT_DEFINITION_FORMATION_WITH_SPECIFIED_SOURCE('','',#3925,
 .NOT_KNOWN.);
#3918=PRODUCT_DEFINITION_FORMATION_WITH_SPECIFIED_SOURCE('','',#3926,
 .NOT_KNOWN.);
#3919=PRODUCT_DEFINITION_FORMATION_WITH_SPECIFIED_SOURCE('','',#3927,
 .NOT_KNOWN.);
#3920=PRODUCT_DEFINITION_FORMATION_WITH_SPECIFIED_SOURCE('','',#3928,
 .NOT_KNOWN.);
#3921=PRODUCT_RELATED_PRODUCT_CATEGORY('','',(#3925));
#3922=PRODUCT_RELATED_PRODUCT_CATEGORY('','',(#3926));
#3923=PRODUCT_RELATED_PRODUCT_CATEGORY('','',(#3927));
#3924=PRODUCT_RELATED_PRODUCT_CATEGORY('','',(#3928));
#3925=PRODUCT('BD035-10A-A-0220-0290-0120-L-G',
'BD035-10A-A-0220-0290-0120-L-G','BD035-10A-A-0220-0290-0120-L-G',(#3933));
#3926=PRODUCT('BD035-10A-A-0220-0290-0120-L-G_H',
'BD035-10A-A-0220-0290-0120-L-G_H','BD035-10A-A-0220-0290-0120-L-G_H',(#3934));
#3927=PRODUCT('BD035-10A-A-0220-0290-0120-L-G_P1',
'BD035-10A-A-0220-0290-0120-L-G_P1','BD035-10A-A-0220-0290-0120-L-G_P1',
(#3935));
#3928=PRODUCT('BD035-10A-A-0220-0290-0120-L-G_P2',
'BD035-10A-A-0220-0290-0120-L-G_P2','BD035-10A-A-0220-0290-0120-L-G_P2',
(#3936));
#3929=PRODUCT_CATEGORY('','');
#3930=PRODUCT_CATEGORY('','');
#3931=PRODUCT_CATEGORY('','');
#3932=PRODUCT_CATEGORY('','');
#3933=MECHANICAL_CONTEXT('',#3938,'mechanical');
#3934=MECHANICAL_CONTEXT('',#3938,'mechanical');
#3935=MECHANICAL_CONTEXT('',#3938,'mechanical');
#3936=MECHANICAL_CONTEXT('',#3938,'mechanical');
#3937=APPLICATION_PROTOCOL_DEFINITION('international standard',
'config_control_design',2010,#3938);
#3938=APPLICATION_CONTEXT(
'configuration controlled 3D designs of mechanical parts and assemblie
s');
ENDSEC;
END-ISO-10303-21;
