ISO-10303-21;
HEADER;
/* Generated by software containing ST-Developer
 * from STEP Tools, Inc. (www.steptools.com) 
 */

FILE_DESCRIPTION(
/* description */ ('STEP AP242'),
/* implementation_level */ '2;1');

FILE_NAME(
/* name */ 'METUPowerLab_Connectors_Headers_0530480210.step',
/* time_stamp */ '2025-07-22T14:17:51+03:00',
/* author */ (''),
/* organization */ (''),
/* preprocessor_version */ 'ST-DEVELOPER v20.1',
/* originating_system */ 'Autodesk Translation Framework v14.10.0.0',
/* authorisation */ '');

FILE_SCHEMA (('AUTOMOTIVE_DESIGN { 1 0 10303 214 3 1 1 }'));
ENDSEC;

DATA;
#10=MECHANICAL_DESIGN_GEOMETRIC_PRESENTATION_REPRESENTATION('',(#20,#21,
#22,#23,#24,#25,#26,#27,#28,#29,#30,#31,#32,#33,#34,#35,#36,#37,#38,#39,
#40,#41,#42,#43,#44,#45,#46,#47,#48,#49,#50,#51,#52,#53,#54,#55,#56,#57,
#58,#59,#60,#61),#2786);
#11=SHAPE_REPRESENTATION_RELATIONSHIP('SRR','None',#2793,#12);
#12=ADVANCED_BREP_SHAPE_REPRESENTATION('',(#13),#2785);
#13=MANIFOLD_SOLID_BREP('Body1',#1768);
#14=CYLINDRICAL_SURFACE('',#1839,0.424999999999999);
#15=CYLINDRICAL_SURFACE('',#1862,0.424999999999999);
#16=CIRCLE('',#1836,0.424999999999999);
#17=CIRCLE('',#1838,0.424999999999999);
#18=CIRCLE('',#1859,0.424999999999999);
#19=CIRCLE('',#1861,0.424999999999999);
#20=STYLED_ITEM('',(#2804),#1726);
#21=STYLED_ITEM('',(#2804),#1727);
#22=STYLED_ITEM('',(#2804),#1728);
#23=STYLED_ITEM('',(#2804),#1729);
#24=STYLED_ITEM('',(#2804),#1730);
#25=STYLED_ITEM('',(#2804),#1731);
#26=STYLED_ITEM('',(#2804),#1732);
#27=STYLED_ITEM('',(#2804),#1733);
#28=STYLED_ITEM('',(#2804),#1734);
#29=STYLED_ITEM('',(#2804),#1735);
#30=STYLED_ITEM('',(#2804),#1736);
#31=STYLED_ITEM('',(#2804),#1737);
#32=STYLED_ITEM('',(#2804),#1738);
#33=STYLED_ITEM('',(#2804),#1739);
#34=STYLED_ITEM('',(#2804),#1740);
#35=STYLED_ITEM('',(#2804),#1741);
#36=STYLED_ITEM('',(#2804),#1742);
#37=STYLED_ITEM('',(#2804),#1743);
#38=STYLED_ITEM('',(#2804),#1744);
#39=STYLED_ITEM('',(#2804),#1746);
#40=STYLED_ITEM('',(#2804),#1747);
#41=STYLED_ITEM('',(#2804),#1748);
#42=STYLED_ITEM('',(#2804),#1749);
#43=STYLED_ITEM('',(#2804),#1750);
#44=STYLED_ITEM('',(#2804),#1751);
#45=STYLED_ITEM('',(#2804),#1752);
#46=STYLED_ITEM('',(#2804),#1753);
#47=STYLED_ITEM('',(#2804),#1754);
#48=STYLED_ITEM('',(#2804),#1755);
#49=STYLED_ITEM('',(#2804),#1756);
#50=STYLED_ITEM('',(#2804),#1757);
#51=STYLED_ITEM('',(#2804),#1758);
#52=STYLED_ITEM('',(#2804),#1759);
#53=STYLED_ITEM('',(#2804),#1760);
#54=STYLED_ITEM('',(#2804),#1761);
#55=STYLED_ITEM('',(#2804),#1762);
#56=STYLED_ITEM('',(#2804),#1763);
#57=STYLED_ITEM('',(#2804),#1764);
#58=STYLED_ITEM('',(#2804),#1765);
#59=STYLED_ITEM('',(#2804),#1766);
#60=STYLED_ITEM('',(#2804),#1767);
#61=STYLED_ITEM('',(#2803),#13);
#62=FACE_BOUND('',#160,.T.);
#63=FACE_BOUND('',#161,.T.);
#64=FACE_BOUND('',#164,.T.);
#65=FACE_BOUND('',#165,.T.);
#66=FACE_BOUND('',#166,.T.);
#67=FACE_BOUND('',#186,.T.);
#68=FACE_OUTER_BOUND('',#158,.T.);
#69=FACE_OUTER_BOUND('',#159,.T.);
#70=FACE_OUTER_BOUND('',#162,.T.);
#71=FACE_OUTER_BOUND('',#163,.T.);
#72=FACE_OUTER_BOUND('',#167,.T.);
#73=FACE_OUTER_BOUND('',#168,.T.);
#74=FACE_OUTER_BOUND('',#169,.T.);
#75=FACE_OUTER_BOUND('',#170,.T.);
#76=FACE_OUTER_BOUND('',#171,.T.);
#77=FACE_OUTER_BOUND('',#172,.T.);
#78=FACE_OUTER_BOUND('',#173,.T.);
#79=FACE_OUTER_BOUND('',#174,.T.);
#80=FACE_OUTER_BOUND('',#175,.T.);
#81=FACE_OUTER_BOUND('',#176,.T.);
#82=FACE_OUTER_BOUND('',#177,.T.);
#83=FACE_OUTER_BOUND('',#178,.T.);
#84=FACE_OUTER_BOUND('',#179,.T.);
#85=FACE_OUTER_BOUND('',#180,.T.);
#86=FACE_OUTER_BOUND('',#181,.T.);
#87=FACE_OUTER_BOUND('',#182,.T.);
#88=FACE_OUTER_BOUND('',#183,.T.);
#89=FACE_OUTER_BOUND('',#184,.T.);
#90=FACE_OUTER_BOUND('',#185,.T.);
#91=FACE_OUTER_BOUND('',#187,.T.);
#92=FACE_OUTER_BOUND('',#188,.T.);
#93=FACE_OUTER_BOUND('',#189,.T.);
#94=FACE_OUTER_BOUND('',#190,.T.);
#95=FACE_OUTER_BOUND('',#191,.T.);
#96=FACE_OUTER_BOUND('',#192,.T.);
#97=FACE_OUTER_BOUND('',#193,.T.);
#98=FACE_OUTER_BOUND('',#194,.T.);
#99=FACE_OUTER_BOUND('',#195,.T.);
#100=FACE_OUTER_BOUND('',#196,.T.);
#101=FACE_OUTER_BOUND('',#197,.T.);
#102=FACE_OUTER_BOUND('',#198,.T.);
#103=FACE_OUTER_BOUND('',#199,.T.);
#104=FACE_OUTER_BOUND('',#200,.T.);
#105=FACE_OUTER_BOUND('',#201,.T.);
#106=FACE_OUTER_BOUND('',#202,.T.);
#107=FACE_OUTER_BOUND('',#203,.T.);
#108=FACE_OUTER_BOUND('',#204,.T.);
#109=FACE_OUTER_BOUND('',#205,.T.);
#110=FACE_OUTER_BOUND('',#206,.T.);
#111=FACE_OUTER_BOUND('',#207,.T.);
#112=FACE_OUTER_BOUND('',#208,.T.);
#113=FACE_OUTER_BOUND('',#209,.T.);
#114=FACE_OUTER_BOUND('',#210,.T.);
#115=FACE_OUTER_BOUND('',#211,.T.);
#116=FACE_OUTER_BOUND('',#212,.T.);
#117=FACE_OUTER_BOUND('',#213,.T.);
#118=FACE_OUTER_BOUND('',#214,.T.);
#119=FACE_OUTER_BOUND('',#215,.T.);
#120=FACE_OUTER_BOUND('',#216,.T.);
#121=FACE_OUTER_BOUND('',#217,.T.);
#122=FACE_OUTER_BOUND('',#218,.T.);
#123=FACE_OUTER_BOUND('',#219,.T.);
#124=FACE_OUTER_BOUND('',#220,.T.);
#125=FACE_OUTER_BOUND('',#221,.T.);
#126=FACE_OUTER_BOUND('',#222,.T.);
#127=FACE_OUTER_BOUND('',#223,.T.);
#128=FACE_OUTER_BOUND('',#224,.T.);
#129=FACE_OUTER_BOUND('',#225,.T.);
#130=FACE_OUTER_BOUND('',#226,.T.);
#131=FACE_OUTER_BOUND('',#227,.T.);
#132=FACE_OUTER_BOUND('',#228,.T.);
#133=FACE_OUTER_BOUND('',#229,.T.);
#134=FACE_OUTER_BOUND('',#230,.T.);
#135=FACE_OUTER_BOUND('',#231,.T.);
#136=FACE_OUTER_BOUND('',#232,.T.);
#137=FACE_OUTER_BOUND('',#233,.T.);
#138=FACE_OUTER_BOUND('',#234,.T.);
#139=FACE_OUTER_BOUND('',#235,.T.);
#140=FACE_OUTER_BOUND('',#236,.T.);
#141=FACE_OUTER_BOUND('',#237,.T.);
#142=FACE_OUTER_BOUND('',#238,.T.);
#143=FACE_OUTER_BOUND('',#239,.T.);
#144=FACE_OUTER_BOUND('',#240,.T.);
#145=FACE_OUTER_BOUND('',#241,.T.);
#146=FACE_OUTER_BOUND('',#242,.T.);
#147=FACE_OUTER_BOUND('',#243,.T.);
#148=FACE_OUTER_BOUND('',#244,.T.);
#149=FACE_OUTER_BOUND('',#245,.T.);
#150=FACE_OUTER_BOUND('',#246,.T.);
#151=FACE_OUTER_BOUND('',#247,.T.);
#152=FACE_OUTER_BOUND('',#248,.T.);
#153=FACE_OUTER_BOUND('',#249,.T.);
#154=FACE_OUTER_BOUND('',#250,.T.);
#155=FACE_OUTER_BOUND('',#251,.T.);
#156=FACE_OUTER_BOUND('',#252,.T.);
#157=FACE_OUTER_BOUND('',#253,.T.);
#158=EDGE_LOOP('',(#1114,#1115,#1116,#1117,#1118,#1119,#1120,#1121,#1122,
#1123,#1124,#1125,#1126,#1127,#1128,#1129));
#159=EDGE_LOOP('',(#1130,#1131,#1132,#1133,#1134,#1135,#1136,#1137,#1138,
#1139,#1140,#1141));
#160=EDGE_LOOP('',(#1142,#1143,#1144,#1145));
#161=EDGE_LOOP('',(#1146,#1147,#1148,#1149));
#162=EDGE_LOOP('',(#1150,#1151,#1152,#1153,#1154,#1155,#1156,#1157,#1158,
#1159,#1160,#1161));
#163=EDGE_LOOP('',(#1162,#1163,#1164,#1165));
#164=EDGE_LOOP('',(#1166,#1167,#1168,#1169));
#165=EDGE_LOOP('',(#1170,#1171,#1172,#1173));
#166=EDGE_LOOP('',(#1174,#1175,#1176,#1177));
#167=EDGE_LOOP('',(#1178,#1179,#1180,#1181,#1182,#1183));
#168=EDGE_LOOP('',(#1184,#1185,#1186,#1187,#1188,#1189,#1190,#1191));
#169=EDGE_LOOP('',(#1192,#1193,#1194,#1195,#1196,#1197,#1198,#1199));
#170=EDGE_LOOP('',(#1200,#1201,#1202,#1203));
#171=EDGE_LOOP('',(#1204,#1205,#1206,#1207));
#172=EDGE_LOOP('',(#1208,#1209,#1210,#1211));
#173=EDGE_LOOP('',(#1212,#1213,#1214,#1215,#1216,#1217,#1218,#1219,#1220,
#1221,#1222,#1223,#1224,#1225,#1226,#1227));
#174=EDGE_LOOP('',(#1228,#1229,#1230,#1231,#1232));
#175=EDGE_LOOP('',(#1233,#1234,#1235,#1236));
#176=EDGE_LOOP('',(#1237,#1238,#1239,#1240));
#177=EDGE_LOOP('',(#1241,#1242,#1243,#1244));
#178=EDGE_LOOP('',(#1245,#1246,#1247,#1248,#1249,#1250));
#179=EDGE_LOOP('',(#1251,#1252,#1253,#1254,#1255));
#180=EDGE_LOOP('',(#1256,#1257,#1258,#1259,#1260,#1261,#1262,#1263));
#181=EDGE_LOOP('',(#1264,#1265,#1266,#1267,#1268,#1269,#1270,#1271));
#182=EDGE_LOOP('',(#1272,#1273,#1274,#1275));
#183=EDGE_LOOP('',(#1276,#1277,#1278,#1279));
#184=EDGE_LOOP('',(#1280,#1281,#1282,#1283));
#185=EDGE_LOOP('',(#1284,#1285,#1286,#1287));
#186=EDGE_LOOP('',(#1288,#1289,#1290,#1291));
#187=EDGE_LOOP('',(#1292,#1293,#1294,#1295));
#188=EDGE_LOOP('',(#1296,#1297,#1298,#1299));
#189=EDGE_LOOP('',(#1300,#1301,#1302,#1303));
#190=EDGE_LOOP('',(#1304,#1305,#1306,#1307));
#191=EDGE_LOOP('',(#1308,#1309,#1310,#1311,#1312,#1313,#1314));
#192=EDGE_LOOP('',(#1315,#1316,#1317,#1318,#1319,#1320,#1321));
#193=EDGE_LOOP('',(#1322,#1323,#1324,#1325));
#194=EDGE_LOOP('',(#1326,#1327,#1328,#1329));
#195=EDGE_LOOP('',(#1330,#1331,#1332,#1333,#1334,#1335,#1336,#1337));
#196=EDGE_LOOP('',(#1338,#1339,#1340,#1341,#1342,#1343,#1344,#1345));
#197=EDGE_LOOP('',(#1346,#1347,#1348,#1349,#1350,#1351));
#198=EDGE_LOOP('',(#1352,#1353,#1354,#1355,#1356,#1357));
#199=EDGE_LOOP('',(#1358,#1359,#1360,#1361));
#200=EDGE_LOOP('',(#1362,#1363,#1364,#1365));
#201=EDGE_LOOP('',(#1366,#1367,#1368,#1369));
#202=EDGE_LOOP('',(#1370,#1371,#1372,#1373));
#203=EDGE_LOOP('',(#1374,#1375,#1376,#1377));
#204=EDGE_LOOP('',(#1378,#1379,#1380,#1381));
#205=EDGE_LOOP('',(#1382,#1383,#1384,#1385));
#206=EDGE_LOOP('',(#1386,#1387,#1388,#1389));
#207=EDGE_LOOP('',(#1390,#1391,#1392,#1393));
#208=EDGE_LOOP('',(#1394,#1395,#1396,#1397));
#209=EDGE_LOOP('',(#1398,#1399,#1400,#1401));
#210=EDGE_LOOP('',(#1402,#1403,#1404,#1405));
#211=EDGE_LOOP('',(#1406,#1407,#1408,#1409));
#212=EDGE_LOOP('',(#1410,#1411,#1412,#1413));
#213=EDGE_LOOP('',(#1414,#1415,#1416,#1417));
#214=EDGE_LOOP('',(#1418,#1419,#1420,#1421));
#215=EDGE_LOOP('',(#1422,#1423,#1424,#1425));
#216=EDGE_LOOP('',(#1426,#1427,#1428,#1429));
#217=EDGE_LOOP('',(#1430,#1431,#1432));
#218=EDGE_LOOP('',(#1433,#1434,#1435));
#219=EDGE_LOOP('',(#1436,#1437,#1438,#1439));
#220=EDGE_LOOP('',(#1440,#1441,#1442,#1443,#1444,#1445));
#221=EDGE_LOOP('',(#1446,#1447,#1448,#1449,#1450,#1451));
#222=EDGE_LOOP('',(#1452,#1453,#1454,#1455));
#223=EDGE_LOOP('',(#1456,#1457,#1458,#1459));
#224=EDGE_LOOP('',(#1460,#1461,#1462,#1463));
#225=EDGE_LOOP('',(#1464,#1465,#1466,#1467));
#226=EDGE_LOOP('',(#1468,#1469,#1470,#1471));
#227=EDGE_LOOP('',(#1472,#1473,#1474,#1475));
#228=EDGE_LOOP('',(#1476,#1477,#1478,#1479));
#229=EDGE_LOOP('',(#1480,#1481,#1482,#1483));
#230=EDGE_LOOP('',(#1484,#1485,#1486,#1487,#1488,#1489));
#231=EDGE_LOOP('',(#1490,#1491,#1492,#1493,#1494,#1495));
#232=EDGE_LOOP('',(#1496,#1497,#1498,#1499));
#233=EDGE_LOOP('',(#1500,#1501,#1502,#1503));
#234=EDGE_LOOP('',(#1504,#1505,#1506,#1507));
#235=EDGE_LOOP('',(#1508,#1509,#1510,#1511));
#236=EDGE_LOOP('',(#1512,#1513,#1514,#1515));
#237=EDGE_LOOP('',(#1516,#1517,#1518,#1519));
#238=EDGE_LOOP('',(#1520,#1521,#1522));
#239=EDGE_LOOP('',(#1523,#1524,#1525));
#240=EDGE_LOOP('',(#1526,#1527,#1528,#1529));
#241=EDGE_LOOP('',(#1530,#1531,#1532,#1533,#1534,#1535));
#242=EDGE_LOOP('',(#1536,#1537,#1538,#1539,#1540,#1541));
#243=EDGE_LOOP('',(#1542,#1543,#1544,#1545));
#244=EDGE_LOOP('',(#1546,#1547,#1548,#1549));
#245=EDGE_LOOP('',(#1550,#1551,#1552,#1553));
#246=EDGE_LOOP('',(#1554,#1555,#1556,#1557));
#247=EDGE_LOOP('',(#1558,#1559,#1560,#1561));
#248=EDGE_LOOP('',(#1562,#1563,#1564,#1565));
#249=EDGE_LOOP('',(#1566,#1567,#1568,#1569));
#250=EDGE_LOOP('',(#1570,#1571,#1572,#1573));
#251=EDGE_LOOP('',(#1574,#1575,#1576,#1577,#1578,#1579));
#252=EDGE_LOOP('',(#1580,#1581,#1582,#1583,#1584,#1585));
#253=EDGE_LOOP('',(#1586,#1587,#1588,#1589));
#254=LINE('',#2304,#488);
#255=LINE('',#2306,#489);
#256=LINE('',#2308,#490);
#257=LINE('',#2310,#491);
#258=LINE('',#2312,#492);
#259=LINE('',#2314,#493);
#260=LINE('',#2316,#494);
#261=LINE('',#2318,#495);
#262=LINE('',#2320,#496);
#263=LINE('',#2322,#497);
#264=LINE('',#2324,#498);
#265=LINE('',#2326,#499);
#266=LINE('',#2328,#500);
#267=LINE('',#2330,#501);
#268=LINE('',#2332,#502);
#269=LINE('',#2333,#503);
#270=LINE('',#2337,#504);
#271=LINE('',#2339,#505);
#272=LINE('',#2341,#506);
#273=LINE('',#2343,#507);
#274=LINE('',#2345,#508);
#275=LINE('',#2347,#509);
#276=LINE('',#2349,#510);
#277=LINE('',#2351,#511);
#278=LINE('',#2353,#512);
#279=LINE('',#2355,#513);
#280=LINE('',#2357,#514);
#281=LINE('',#2358,#515);
#282=LINE('',#2361,#516);
#283=LINE('',#2363,#517);
#284=LINE('',#2365,#518);
#285=LINE('',#2366,#519);
#286=LINE('',#2369,#520);
#287=LINE('',#2371,#521);
#288=LINE('',#2373,#522);
#289=LINE('',#2374,#523);
#290=LINE('',#2378,#524);
#291=LINE('',#2379,#525);
#292=LINE('',#2381,#526);
#293=LINE('',#2383,#527);
#294=LINE('',#2384,#528);
#295=LINE('',#2386,#529);
#296=LINE('',#2388,#530);
#297=LINE('',#2389,#531);
#298=LINE('',#2390,#532);
#299=LINE('',#2394,#533);
#300=LINE('',#2396,#534);
#301=LINE('',#2398,#535);
#302=LINE('',#2399,#536);
#303=LINE('',#2402,#537);
#304=LINE('',#2404,#538);
#305=LINE('',#2406,#539);
#306=LINE('',#2407,#540);
#307=LINE('',#2410,#541);
#308=LINE('',#2412,#542);
#309=LINE('',#2414,#543);
#310=LINE('',#2415,#544);
#311=LINE('',#2418,#545);
#312=LINE('',#2420,#546);
#313=LINE('',#2422,#547);
#314=LINE('',#2423,#548);
#315=LINE('',#2427,#549);
#316=LINE('',#2429,#550);
#317=LINE('',#2431,#551);
#318=LINE('',#2433,#552);
#319=LINE('',#2435,#553);
#320=LINE('',#2436,#554);
#321=LINE('',#2440,#555);
#322=LINE('',#2442,#556);
#323=LINE('',#2443,#557);
#324=LINE('',#2444,#558);
#325=LINE('',#2446,#559);
#326=LINE('',#2447,#560);
#327=LINE('',#2451,#561);
#328=LINE('',#2453,#562);
#329=LINE('',#2454,#563);
#330=LINE('',#2456,#564);
#331=LINE('',#2458,#565);
#332=LINE('',#2460,#566);
#333=LINE('',#2461,#567);
#334=LINE('',#2465,#568);
#335=LINE('',#2467,#569);
#336=LINE('',#2469,#570);
#337=LINE('',#2470,#571);
#338=LINE('',#2473,#572);
#339=LINE('',#2475,#573);
#340=LINE('',#2476,#574);
#341=LINE('',#2478,#575);
#342=LINE('',#2479,#576);
#343=LINE('',#2483,#577);
#344=LINE('',#2485,#578);
#345=LINE('',#2487,#579);
#346=LINE('',#2489,#580);
#347=LINE('',#2491,#581);
#348=LINE('',#2493,#582);
#349=LINE('',#2495,#583);
#350=LINE('',#2497,#584);
#351=LINE('',#2499,#585);
#352=LINE('',#2500,#586);
#353=LINE('',#2501,#587);
#354=LINE('',#2503,#588);
#355=LINE('',#2505,#589);
#356=LINE('',#2506,#590);
#357=LINE('',#2509,#591);
#358=LINE('',#2511,#592);
#359=LINE('',#2513,#593);
#360=LINE('',#2514,#594);
#361=LINE('',#2517,#595);
#362=LINE('',#2519,#596);
#363=LINE('',#2520,#597);
#364=LINE('',#2523,#598);
#365=LINE('',#2525,#599);
#366=LINE('',#2526,#600);
#367=LINE('',#2528,#601);
#368=LINE('',#2529,#602);
#369=LINE('',#2532,#603);
#370=LINE('',#2534,#604);
#371=LINE('',#2535,#605);
#372=LINE('',#2536,#606);
#373=LINE('',#2539,#607);
#374=LINE('',#2540,#608);
#375=LINE('',#2541,#609);
#376=LINE('',#2545,#610);
#377=LINE('',#2546,#611);
#378=LINE('',#2549,#612);
#379=LINE('',#2550,#613);
#380=LINE('',#2553,#614);
#381=LINE('',#2554,#615);
#382=LINE('',#2557,#616);
#383=LINE('',#2558,#617);
#384=LINE('',#2561,#618);
#385=LINE('',#2563,#619);
#386=LINE('',#2565,#620);
#387=LINE('',#2566,#621);
#388=LINE('',#2569,#622);
#389=LINE('',#2570,#623);
#390=LINE('',#2572,#624);
#391=LINE('',#2573,#625);
#392=LINE('',#2575,#626);
#393=LINE('',#2578,#627);
#394=LINE('',#2579,#628);
#395=LINE('',#2581,#629);
#396=LINE('',#2582,#630);
#397=LINE('',#2585,#631);
#398=LINE('',#2586,#632);
#399=LINE('',#2587,#633);
#400=LINE('',#2589,#634);
#401=LINE('',#2591,#635);
#402=LINE('',#2592,#636);
#403=LINE('',#2596,#637);
#404=LINE('',#2598,#638);
#405=LINE('',#2599,#639);
#406=LINE('',#2601,#640);
#407=LINE('',#2603,#641);
#408=LINE('',#2604,#642);
#409=LINE('',#2606,#643);
#410=LINE('',#2608,#644);
#411=LINE('',#2609,#645);
#412=LINE('',#2611,#646);
#413=LINE('',#2613,#647);
#414=LINE('',#2616,#648);
#415=LINE('',#2618,#649);
#416=LINE('',#2628,#650);
#417=LINE('',#2630,#651);
#418=LINE('',#2632,#652);
#419=LINE('',#2633,#653);
#420=LINE('',#2636,#654);
#421=LINE('',#2638,#655);
#422=LINE('',#2639,#656);
#423=LINE('',#2642,#657);
#424=LINE('',#2644,#658);
#425=LINE('',#2645,#659);
#426=LINE('',#2647,#660);
#427=LINE('',#2649,#661);
#428=LINE('',#2658,#662);
#429=LINE('',#2660,#663);
#430=LINE('',#2661,#664);
#431=LINE('',#2663,#665);
#432=LINE('',#2664,#666);
#433=LINE('',#2667,#667);
#434=LINE('',#2669,#668);
#435=LINE('',#2671,#669);
#436=LINE('',#2673,#670);
#437=LINE('',#2674,#671);
#438=LINE('',#2678,#672);
#439=LINE('',#2680,#673);
#440=LINE('',#2682,#674);
#441=LINE('',#2683,#675);
#442=LINE('',#2685,#676);
#443=LINE('',#2687,#677);
#444=LINE('',#2689,#678);
#445=LINE('',#2690,#679);
#446=LINE('',#2692,#680);
#447=LINE('',#2694,#681);
#448=LINE('',#2697,#682);
#449=LINE('',#2698,#683);
#450=LINE('',#2700,#684);
#451=LINE('',#2702,#685);
#452=LINE('',#2707,#686);
#453=LINE('',#2709,#687);
#454=LINE('',#2711,#688);
#455=LINE('',#2712,#689);
#456=LINE('',#2715,#690);
#457=LINE('',#2717,#691);
#458=LINE('',#2718,#692);
#459=LINE('',#2721,#693);
#460=LINE('',#2723,#694);
#461=LINE('',#2724,#695);
#462=LINE('',#2726,#696);
#463=LINE('',#2728,#697);
#464=LINE('',#2737,#698);
#465=LINE('',#2739,#699);
#466=LINE('',#2740,#700);
#467=LINE('',#2742,#701);
#468=LINE('',#2743,#702);
#469=LINE('',#2746,#703);
#470=LINE('',#2748,#704);
#471=LINE('',#2750,#705);
#472=LINE('',#2752,#706);
#473=LINE('',#2753,#707);
#474=LINE('',#2757,#708);
#475=LINE('',#2759,#709);
#476=LINE('',#2761,#710);
#477=LINE('',#2762,#711);
#478=LINE('',#2764,#712);
#479=LINE('',#2766,#713);
#480=LINE('',#2768,#714);
#481=LINE('',#2769,#715);
#482=LINE('',#2771,#716);
#483=LINE('',#2773,#717);
#484=LINE('',#2776,#718);
#485=LINE('',#2777,#719);
#486=LINE('',#2779,#720);
#487=LINE('',#2781,#721);
#488=VECTOR('',#1880,1.);
#489=VECTOR('',#1881,1.);
#490=VECTOR('',#1882,1.);
#491=VECTOR('',#1883,1.);
#492=VECTOR('',#1884,1.);
#493=VECTOR('',#1885,1.);
#494=VECTOR('',#1886,1.);
#495=VECTOR('',#1887,1.);
#496=VECTOR('',#1888,1.);
#497=VECTOR('',#1889,1.);
#498=VECTOR('',#1890,1.);
#499=VECTOR('',#1891,1.);
#500=VECTOR('',#1892,1.);
#501=VECTOR('',#1893,1.);
#502=VECTOR('',#1894,1.);
#503=VECTOR('',#1895,1.);
#504=VECTOR('',#1898,1.);
#505=VECTOR('',#1899,1.);
#506=VECTOR('',#1900,1.);
#507=VECTOR('',#1901,1.);
#508=VECTOR('',#1902,1.);
#509=VECTOR('',#1903,1.);
#510=VECTOR('',#1904,1.);
#511=VECTOR('',#1905,1.);
#512=VECTOR('',#1906,1.);
#513=VECTOR('',#1907,1.);
#514=VECTOR('',#1908,1.);
#515=VECTOR('',#1909,1.);
#516=VECTOR('',#1910,1.);
#517=VECTOR('',#1911,1.);
#518=VECTOR('',#1912,1.);
#519=VECTOR('',#1913,1.);
#520=VECTOR('',#1914,1.);
#521=VECTOR('',#1915,1.);
#522=VECTOR('',#1916,1.);
#523=VECTOR('',#1917,1.);
#524=VECTOR('',#1920,1.);
#525=VECTOR('',#1921,1.);
#526=VECTOR('',#1922,1.);
#527=VECTOR('',#1923,1.);
#528=VECTOR('',#1924,1.);
#529=VECTOR('',#1925,1.);
#530=VECTOR('',#1926,1.);
#531=VECTOR('',#1927,1.);
#532=VECTOR('',#1928,1.);
#533=VECTOR('',#1931,1.);
#534=VECTOR('',#1932,1.);
#535=VECTOR('',#1933,1.);
#536=VECTOR('',#1934,1.);
#537=VECTOR('',#1935,1.);
#538=VECTOR('',#1936,1.);
#539=VECTOR('',#1937,1.);
#540=VECTOR('',#1938,1.);
#541=VECTOR('',#1939,1.);
#542=VECTOR('',#1940,1.);
#543=VECTOR('',#1941,1.);
#544=VECTOR('',#1942,1.);
#545=VECTOR('',#1943,1.);
#546=VECTOR('',#1944,1.);
#547=VECTOR('',#1945,1.);
#548=VECTOR('',#1946,1.);
#549=VECTOR('',#1949,1.);
#550=VECTOR('',#1950,1.);
#551=VECTOR('',#1951,1.);
#552=VECTOR('',#1952,1.);
#553=VECTOR('',#1953,1.);
#554=VECTOR('',#1954,1.);
#555=VECTOR('',#1957,1.);
#556=VECTOR('',#1958,1.);
#557=VECTOR('',#1959,1.);
#558=VECTOR('',#1960,1.);
#559=VECTOR('',#1961,1.);
#560=VECTOR('',#1962,1.);
#561=VECTOR('',#1965,1.);
#562=VECTOR('',#1966,1.);
#563=VECTOR('',#1967,1.);
#564=VECTOR('',#1968,1.);
#565=VECTOR('',#1969,1.);
#566=VECTOR('',#1970,1.);
#567=VECTOR('',#1971,1.);
#568=VECTOR('',#1974,1.);
#569=VECTOR('',#1975,1.);
#570=VECTOR('',#1976,1.);
#571=VECTOR('',#1977,1.);
#572=VECTOR('',#1980,1.);
#573=VECTOR('',#1981,1.);
#574=VECTOR('',#1982,1.);
#575=VECTOR('',#1985,1.);
#576=VECTOR('',#1986,1.);
#577=VECTOR('',#1989,1.);
#578=VECTOR('',#1990,1.);
#579=VECTOR('',#1991,1.);
#580=VECTOR('',#1992,1.);
#581=VECTOR('',#1993,1.);
#582=VECTOR('',#1994,1.);
#583=VECTOR('',#1995,1.);
#584=VECTOR('',#1996,1.);
#585=VECTOR('',#1997,1.);
#586=VECTOR('',#1998,1.);
#587=VECTOR('',#1999,1.);
#588=VECTOR('',#2000,1.);
#589=VECTOR('',#2001,1.);
#590=VECTOR('',#2002,1.);
#591=VECTOR('',#2005,1.);
#592=VECTOR('',#2006,1.);
#593=VECTOR('',#2007,1.);
#594=VECTOR('',#2008,1.);
#595=VECTOR('',#2011,1.);
#596=VECTOR('',#2012,1.);
#597=VECTOR('',#2013,1.);
#598=VECTOR('',#2016,1.);
#599=VECTOR('',#2017,1.);
#600=VECTOR('',#2018,1.);
#601=VECTOR('',#2021,1.);
#602=VECTOR('',#2022,1.);
#603=VECTOR('',#2025,1.);
#604=VECTOR('',#2026,1.);
#605=VECTOR('',#2027,1.);
#606=VECTOR('',#2028,1.);
#607=VECTOR('',#2031,1.);
#608=VECTOR('',#2032,1.);
#609=VECTOR('',#2033,1.);
#610=VECTOR('',#2040,1.);
#611=VECTOR('',#2041,1.);
#612=VECTOR('',#2044,1.);
#613=VECTOR('',#2045,1.);
#614=VECTOR('',#2048,1.);
#615=VECTOR('',#2049,1.);
#616=VECTOR('',#2052,1.);
#617=VECTOR('',#2053,1.);
#618=VECTOR('',#2054,1.);
#619=VECTOR('',#2055,1.);
#620=VECTOR('',#2056,1.);
#621=VECTOR('',#2057,1.);
#622=VECTOR('',#2060,1.);
#623=VECTOR('',#2061,1.);
#624=VECTOR('',#2064,1.);
#625=VECTOR('',#2065,1.);
#626=VECTOR('',#2068,1.);
#627=VECTOR('',#2071,1.);
#628=VECTOR('',#2072,1.);
#629=VECTOR('',#2075,1.);
#630=VECTOR('',#2076,1.);
#631=VECTOR('',#2079,1.);
#632=VECTOR('',#2080,1.);
#633=VECTOR('',#2081,1.);
#634=VECTOR('',#2084,1.);
#635=VECTOR('',#2087,1.);
#636=VECTOR('',#2088,1.);
#637=VECTOR('',#2095,1.);
#638=VECTOR('',#2096,1.);
#639=VECTOR('',#2097,1.);
#640=VECTOR('',#2100,1.);
#641=VECTOR('',#2101,1.);
#642=VECTOR('',#2102,1.);
#643=VECTOR('',#2105,1.);
#644=VECTOR('',#2108,1.);
#645=VECTOR('',#2109,1.);
#646=VECTOR('',#2112,1.);
#647=VECTOR('',#2115,1.);
#648=VECTOR('',#2120,1.);
#649=VECTOR('',#2123,1.);
#650=VECTOR('',#2138,1.);
#651=VECTOR('',#2139,1.);
#652=VECTOR('',#2140,1.);
#653=VECTOR('',#2141,1.);
#654=VECTOR('',#2144,1.);
#655=VECTOR('',#2145,1.);
#656=VECTOR('',#2146,1.);
#657=VECTOR('',#2149,1.);
#658=VECTOR('',#2150,1.);
#659=VECTOR('',#2151,1.);
#660=VECTOR('',#2154,1.);
#661=VECTOR('',#2157,1.);
#662=VECTOR('',#2170,1.);
#663=VECTOR('',#2171,1.);
#664=VECTOR('',#2172,1.);
#665=VECTOR('',#2173,1.);
#666=VECTOR('',#2174,1.);
#667=VECTOR('',#2177,1.);
#668=VECTOR('',#2178,1.);
#669=VECTOR('',#2179,1.);
#670=VECTOR('',#2180,1.);
#671=VECTOR('',#2181,1.);
#672=VECTOR('',#2184,1.);
#673=VECTOR('',#2185,1.);
#674=VECTOR('',#2186,1.);
#675=VECTOR('',#2187,1.);
#676=VECTOR('',#2190,1.);
#677=VECTOR('',#2193,1.);
#678=VECTOR('',#2196,1.);
#679=VECTOR('',#2197,1.);
#680=VECTOR('',#2200,1.);
#681=VECTOR('',#2203,1.);
#682=VECTOR('',#2208,1.);
#683=VECTOR('',#2209,1.);
#684=VECTOR('',#2212,1.);
#685=VECTOR('',#2215,1.);
#686=VECTOR('',#2220,1.);
#687=VECTOR('',#2221,1.);
#688=VECTOR('',#2222,1.);
#689=VECTOR('',#2223,1.);
#690=VECTOR('',#2226,1.);
#691=VECTOR('',#2227,1.);
#692=VECTOR('',#2228,1.);
#693=VECTOR('',#2231,1.);
#694=VECTOR('',#2232,1.);
#695=VECTOR('',#2233,1.);
#696=VECTOR('',#2236,1.);
#697=VECTOR('',#2239,1.);
#698=VECTOR('',#2252,1.);
#699=VECTOR('',#2253,1.);
#700=VECTOR('',#2254,1.);
#701=VECTOR('',#2255,1.);
#702=VECTOR('',#2256,1.);
#703=VECTOR('',#2259,1.);
#704=VECTOR('',#2260,1.);
#705=VECTOR('',#2261,1.);
#706=VECTOR('',#2262,1.);
#707=VECTOR('',#2263,1.);
#708=VECTOR('',#2266,1.);
#709=VECTOR('',#2267,1.);
#710=VECTOR('',#2268,1.);
#711=VECTOR('',#2269,1.);
#712=VECTOR('',#2272,1.);
#713=VECTOR('',#2275,1.);
#714=VECTOR('',#2278,1.);
#715=VECTOR('',#2279,1.);
#716=VECTOR('',#2282,1.);
#717=VECTOR('',#2285,1.);
#718=VECTOR('',#2290,1.);
#719=VECTOR('',#2291,1.);
#720=VECTOR('',#2294,1.);
#721=VECTOR('',#2297,1.);
#722=VERTEX_POINT('',#2302);
#723=VERTEX_POINT('',#2303);
#724=VERTEX_POINT('',#2305);
#725=VERTEX_POINT('',#2307);
#726=VERTEX_POINT('',#2309);
#727=VERTEX_POINT('',#2311);
#728=VERTEX_POINT('',#2313);
#729=VERTEX_POINT('',#2315);
#730=VERTEX_POINT('',#2317);
#731=VERTEX_POINT('',#2319);
#732=VERTEX_POINT('',#2321);
#733=VERTEX_POINT('',#2323);
#734=VERTEX_POINT('',#2325);
#735=VERTEX_POINT('',#2327);
#736=VERTEX_POINT('',#2329);
#737=VERTEX_POINT('',#2331);
#738=VERTEX_POINT('',#2335);
#739=VERTEX_POINT('',#2336);
#740=VERTEX_POINT('',#2338);
#741=VERTEX_POINT('',#2340);
#742=VERTEX_POINT('',#2342);
#743=VERTEX_POINT('',#2344);
#744=VERTEX_POINT('',#2346);
#745=VERTEX_POINT('',#2348);
#746=VERTEX_POINT('',#2350);
#747=VERTEX_POINT('',#2352);
#748=VERTEX_POINT('',#2354);
#749=VERTEX_POINT('',#2356);
#750=VERTEX_POINT('',#2359);
#751=VERTEX_POINT('',#2360);
#752=VERTEX_POINT('',#2362);
#753=VERTEX_POINT('',#2364);
#754=VERTEX_POINT('',#2367);
#755=VERTEX_POINT('',#2368);
#756=VERTEX_POINT('',#2370);
#757=VERTEX_POINT('',#2372);
#758=VERTEX_POINT('',#2376);
#759=VERTEX_POINT('',#2377);
#760=VERTEX_POINT('',#2380);
#761=VERTEX_POINT('',#2382);
#762=VERTEX_POINT('',#2385);
#763=VERTEX_POINT('',#2387);
#764=VERTEX_POINT('',#2392);
#765=VERTEX_POINT('',#2393);
#766=VERTEX_POINT('',#2395);
#767=VERTEX_POINT('',#2397);
#768=VERTEX_POINT('',#2400);
#769=VERTEX_POINT('',#2401);
#770=VERTEX_POINT('',#2403);
#771=VERTEX_POINT('',#2405);
#772=VERTEX_POINT('',#2408);
#773=VERTEX_POINT('',#2409);
#774=VERTEX_POINT('',#2411);
#775=VERTEX_POINT('',#2413);
#776=VERTEX_POINT('',#2416);
#777=VERTEX_POINT('',#2417);
#778=VERTEX_POINT('',#2419);
#779=VERTEX_POINT('',#2421);
#780=VERTEX_POINT('',#2425);
#781=VERTEX_POINT('',#2426);
#782=VERTEX_POINT('',#2428);
#783=VERTEX_POINT('',#2430);
#784=VERTEX_POINT('',#2432);
#785=VERTEX_POINT('',#2434);
#786=VERTEX_POINT('',#2438);
#787=VERTEX_POINT('',#2439);
#788=VERTEX_POINT('',#2441);
#789=VERTEX_POINT('',#2445);
#790=VERTEX_POINT('',#2449);
#791=VERTEX_POINT('',#2450);
#792=VERTEX_POINT('',#2452);
#793=VERTEX_POINT('',#2455);
#794=VERTEX_POINT('',#2457);
#795=VERTEX_POINT('',#2459);
#796=VERTEX_POINT('',#2463);
#797=VERTEX_POINT('',#2464);
#798=VERTEX_POINT('',#2466);
#799=VERTEX_POINT('',#2468);
#800=VERTEX_POINT('',#2472);
#801=VERTEX_POINT('',#2474);
#802=VERTEX_POINT('',#2481);
#803=VERTEX_POINT('',#2482);
#804=VERTEX_POINT('',#2484);
#805=VERTEX_POINT('',#2486);
#806=VERTEX_POINT('',#2488);
#807=VERTEX_POINT('',#2490);
#808=VERTEX_POINT('',#2492);
#809=VERTEX_POINT('',#2494);
#810=VERTEX_POINT('',#2496);
#811=VERTEX_POINT('',#2498);
#812=VERTEX_POINT('',#2502);
#813=VERTEX_POINT('',#2504);
#814=VERTEX_POINT('',#2508);
#815=VERTEX_POINT('',#2510);
#816=VERTEX_POINT('',#2512);
#817=VERTEX_POINT('',#2516);
#818=VERTEX_POINT('',#2518);
#819=VERTEX_POINT('',#2522);
#820=VERTEX_POINT('',#2524);
#821=VERTEX_POINT('',#2531);
#822=VERTEX_POINT('',#2533);
#823=VERTEX_POINT('',#2538);
#824=VERTEX_POINT('',#2548);
#825=VERTEX_POINT('',#2552);
#826=VERTEX_POINT('',#2556);
#827=VERTEX_POINT('',#2559);
#828=VERTEX_POINT('',#2560);
#829=VERTEX_POINT('',#2562);
#830=VERTEX_POINT('',#2564);
#831=VERTEX_POINT('',#2568);
#832=VERTEX_POINT('',#2577);
#833=VERTEX_POINT('',#2584);
#834=VERTEX_POINT('',#2597);
#835=VERTEX_POINT('',#2602);
#836=VERTEX_POINT('',#2626);
#837=VERTEX_POINT('',#2627);
#838=VERTEX_POINT('',#2629);
#839=VERTEX_POINT('',#2631);
#840=VERTEX_POINT('',#2635);
#841=VERTEX_POINT('',#2637);
#842=VERTEX_POINT('',#2641);
#843=VERTEX_POINT('',#2643);
#844=VERTEX_POINT('',#2656);
#845=VERTEX_POINT('',#2657);
#846=VERTEX_POINT('',#2659);
#847=VERTEX_POINT('',#2662);
#848=VERTEX_POINT('',#2666);
#849=VERTEX_POINT('',#2668);
#850=VERTEX_POINT('',#2670);
#851=VERTEX_POINT('',#2672);
#852=VERTEX_POINT('',#2676);
#853=VERTEX_POINT('',#2677);
#854=VERTEX_POINT('',#2679);
#855=VERTEX_POINT('',#2681);
#856=VERTEX_POINT('',#2705);
#857=VERTEX_POINT('',#2706);
#858=VERTEX_POINT('',#2708);
#859=VERTEX_POINT('',#2710);
#860=VERTEX_POINT('',#2714);
#861=VERTEX_POINT('',#2716);
#862=VERTEX_POINT('',#2720);
#863=VERTEX_POINT('',#2722);
#864=VERTEX_POINT('',#2735);
#865=VERTEX_POINT('',#2736);
#866=VERTEX_POINT('',#2738);
#867=VERTEX_POINT('',#2741);
#868=VERTEX_POINT('',#2745);
#869=VERTEX_POINT('',#2747);
#870=VERTEX_POINT('',#2749);
#871=VERTEX_POINT('',#2751);
#872=VERTEX_POINT('',#2755);
#873=VERTEX_POINT('',#2756);
#874=VERTEX_POINT('',#2758);
#875=VERTEX_POINT('',#2760);
#876=EDGE_CURVE('',#722,#723,#254,.T.);
#877=EDGE_CURVE('',#722,#724,#255,.T.);
#878=EDGE_CURVE('',#724,#725,#256,.T.);
#879=EDGE_CURVE('',#725,#726,#257,.T.);
#880=EDGE_CURVE('',#727,#726,#258,.T.);
#881=EDGE_CURVE('',#727,#728,#259,.T.);
#882=EDGE_CURVE('',#728,#729,#260,.T.);
#883=EDGE_CURVE('',#730,#729,#261,.T.);
#884=EDGE_CURVE('',#731,#730,#262,.T.);
#885=EDGE_CURVE('',#731,#732,#263,.T.);
#886=EDGE_CURVE('',#732,#733,#264,.T.);
#887=EDGE_CURVE('',#733,#734,#265,.T.);
#888=EDGE_CURVE('',#735,#734,#266,.T.);
#889=EDGE_CURVE('',#736,#735,#267,.T.);
#890=EDGE_CURVE('',#736,#737,#268,.T.);
#891=EDGE_CURVE('',#737,#723,#269,.T.);
#892=EDGE_CURVE('',#738,#739,#270,.T.);
#893=EDGE_CURVE('',#740,#738,#271,.T.);
#894=EDGE_CURVE('',#741,#740,#272,.T.);
#895=EDGE_CURVE('',#742,#741,#273,.T.);
#896=EDGE_CURVE('',#743,#742,#274,.T.);
#897=EDGE_CURVE('',#744,#743,#275,.T.);
#898=EDGE_CURVE('',#745,#744,#276,.T.);
#899=EDGE_CURVE('',#746,#745,#277,.T.);
#900=EDGE_CURVE('',#747,#746,#278,.T.);
#901=EDGE_CURVE('',#748,#747,#279,.T.);
#902=EDGE_CURVE('',#749,#748,#280,.T.);
#903=EDGE_CURVE('',#739,#749,#281,.T.);
#904=EDGE_CURVE('',#750,#751,#282,.T.);
#905=EDGE_CURVE('',#750,#752,#283,.T.);
#906=EDGE_CURVE('',#752,#753,#284,.T.);
#907=EDGE_CURVE('',#751,#753,#285,.T.);
#908=EDGE_CURVE('',#754,#755,#286,.T.);
#909=EDGE_CURVE('',#755,#756,#287,.T.);
#910=EDGE_CURVE('',#757,#756,#288,.T.);
#911=EDGE_CURVE('',#754,#757,#289,.T.);
#912=EDGE_CURVE('',#758,#759,#290,.T.);
#913=EDGE_CURVE('',#759,#723,#291,.T.);
#914=EDGE_CURVE('',#760,#737,#292,.T.);
#915=EDGE_CURVE('',#760,#761,#293,.T.);
#916=EDGE_CURVE('',#761,#734,#294,.T.);
#917=EDGE_CURVE('',#762,#733,#295,.T.);
#918=EDGE_CURVE('',#763,#762,#296,.T.);
#919=EDGE_CURVE('',#763,#726,#297,.T.);
#920=EDGE_CURVE('',#758,#725,#298,.T.);
#921=EDGE_CURVE('',#764,#765,#299,.T.);
#922=EDGE_CURVE('',#765,#766,#300,.T.);
#923=EDGE_CURVE('',#767,#766,#301,.T.);
#924=EDGE_CURVE('',#767,#764,#302,.T.);
#925=EDGE_CURVE('',#768,#769,#303,.T.);
#926=EDGE_CURVE('',#769,#770,#304,.T.);
#927=EDGE_CURVE('',#770,#771,#305,.T.);
#928=EDGE_CURVE('',#768,#771,#306,.T.);
#929=EDGE_CURVE('',#772,#773,#307,.T.);
#930=EDGE_CURVE('',#773,#774,#308,.T.);
#931=EDGE_CURVE('',#774,#775,#309,.T.);
#932=EDGE_CURVE('',#772,#775,#310,.T.);
#933=EDGE_CURVE('',#776,#777,#311,.T.);
#934=EDGE_CURVE('',#778,#776,#312,.T.);
#935=EDGE_CURVE('',#779,#778,#313,.T.);
#936=EDGE_CURVE('',#777,#779,#314,.T.);
#937=EDGE_CURVE('',#780,#781,#315,.T.);
#938=EDGE_CURVE('',#780,#782,#316,.T.);
#939=EDGE_CURVE('',#782,#783,#317,.T.);
#940=EDGE_CURVE('',#784,#783,#318,.T.);
#941=EDGE_CURVE('',#785,#784,#319,.T.);
#942=EDGE_CURVE('',#785,#781,#320,.T.);
#943=EDGE_CURVE('',#786,#787,#321,.T.);
#944=EDGE_CURVE('',#788,#786,#322,.T.);
#945=EDGE_CURVE('',#781,#788,#323,.T.);
#946=EDGE_CURVE('',#730,#785,#324,.T.);
#947=EDGE_CURVE('',#729,#789,#325,.T.);
#948=EDGE_CURVE('',#787,#789,#326,.T.);
#949=EDGE_CURVE('',#790,#791,#327,.T.);
#950=EDGE_CURVE('',#790,#792,#328,.T.);
#951=EDGE_CURVE('',#792,#748,#329,.T.);
#952=EDGE_CURVE('',#793,#747,#330,.T.);
#953=EDGE_CURVE('',#793,#794,#331,.T.);
#954=EDGE_CURVE('',#795,#794,#332,.T.);
#955=EDGE_CURVE('',#795,#791,#333,.T.);
#956=EDGE_CURVE('',#796,#797,#334,.T.);
#957=EDGE_CURVE('',#796,#798,#335,.T.);
#958=EDGE_CURVE('',#798,#799,#336,.T.);
#959=EDGE_CURVE('',#797,#799,#337,.T.);
#960=EDGE_CURVE('',#797,#800,#338,.T.);
#961=EDGE_CURVE('',#799,#801,#339,.T.);
#962=EDGE_CURVE('',#800,#801,#340,.T.);
#963=EDGE_CURVE('',#800,#727,#341,.T.);
#964=EDGE_CURVE('',#801,#728,#342,.T.);
#965=EDGE_CURVE('',#802,#803,#343,.T.);
#966=EDGE_CURVE('',#803,#804,#344,.T.);
#967=EDGE_CURVE('',#805,#804,#345,.T.);
#968=EDGE_CURVE('',#805,#806,#346,.T.);
#969=EDGE_CURVE('',#806,#807,#347,.T.);
#970=EDGE_CURVE('',#807,#808,#348,.T.);
#971=EDGE_CURVE('',#809,#808,#349,.T.);
#972=EDGE_CURVE('',#809,#810,#350,.T.);
#973=EDGE_CURVE('',#810,#811,#351,.T.);
#974=EDGE_CURVE('',#811,#798,#352,.T.);
#975=EDGE_CURVE('',#764,#796,#353,.T.);
#976=EDGE_CURVE('',#767,#812,#354,.T.);
#977=EDGE_CURVE('',#813,#812,#355,.T.);
#978=EDGE_CURVE('',#802,#813,#356,.T.);
#979=EDGE_CURVE('',#810,#814,#357,.T.);
#980=EDGE_CURVE('',#815,#814,#358,.T.);
#981=EDGE_CURVE('',#815,#816,#359,.T.);
#982=EDGE_CURVE('',#816,#811,#360,.T.);
#983=EDGE_CURVE('',#812,#817,#361,.T.);
#984=EDGE_CURVE('',#818,#817,#362,.T.);
#985=EDGE_CURVE('',#813,#818,#363,.T.);
#986=EDGE_CURVE('',#817,#819,#364,.T.);
#987=EDGE_CURVE('',#820,#819,#365,.T.);
#988=EDGE_CURVE('',#818,#820,#366,.T.);
#989=EDGE_CURVE('',#819,#732,#367,.T.);
#990=EDGE_CURVE('',#820,#731,#368,.T.);
#991=EDGE_CURVE('',#815,#821,#369,.T.);
#992=EDGE_CURVE('',#821,#822,#370,.T.);
#993=EDGE_CURVE('',#822,#787,#371,.T.);
#994=EDGE_CURVE('',#789,#816,#372,.T.);
#995=EDGE_CURVE('',#783,#823,#373,.T.);
#996=EDGE_CURVE('',#823,#803,#374,.T.);
#997=EDGE_CURVE('',#784,#802,#375,.T.);
#998=EDGE_CURVE('',#808,#738,#376,.T.);
#999=EDGE_CURVE('',#809,#739,#377,.T.);
#1000=EDGE_CURVE('',#808,#824,#378,.T.);
#1001=EDGE_CURVE('',#824,#740,#379,.T.);
#1002=EDGE_CURVE('',#824,#825,#380,.T.);
#1003=EDGE_CURVE('',#825,#741,#381,.T.);
#1004=EDGE_CURVE('',#825,#826,#382,.T.);
#1005=EDGE_CURVE('',#826,#742,#383,.T.);
#1006=EDGE_CURVE('',#827,#828,#384,.T.);
#1007=EDGE_CURVE('',#829,#827,#385,.T.);
#1008=EDGE_CURVE('',#830,#829,#386,.T.);
#1009=EDGE_CURVE('',#828,#830,#387,.T.);
#1010=EDGE_CURVE('',#826,#831,#388,.T.);
#1011=EDGE_CURVE('',#831,#743,#389,.T.);
#1012=EDGE_CURVE('',#831,#805,#390,.T.);
#1013=EDGE_CURVE('',#805,#744,#391,.T.);
#1014=EDGE_CURVE('',#804,#745,#392,.T.);
#1015=EDGE_CURVE('',#804,#832,#393,.T.);
#1016=EDGE_CURVE('',#832,#746,#394,.T.);
#1017=EDGE_CURVE('',#832,#823,#395,.T.);
#1018=EDGE_CURVE('',#782,#793,#396,.T.);
#1019=EDGE_CURVE('',#814,#833,#397,.T.);
#1020=EDGE_CURVE('',#833,#749,#398,.T.);
#1021=EDGE_CURVE('',#792,#821,#399,.T.);
#1022=EDGE_CURVE('',#833,#809,#400,.T.);
#1023=EDGE_CURVE('',#765,#763,#401,.T.);
#1024=EDGE_CURVE('',#766,#762,#402,.T.);
#1025=EDGE_CURVE('',#794,#780,#403,.T.);
#1026=EDGE_CURVE('',#788,#834,#404,.T.);
#1027=EDGE_CURVE('',#834,#795,#405,.T.);
#1028=EDGE_CURVE('',#822,#790,#406,.T.);
#1029=EDGE_CURVE('',#791,#835,#407,.T.);
#1030=EDGE_CURVE('',#786,#835,#408,.T.);
#1031=EDGE_CURVE('',#835,#834,#409,.T.);
#1032=EDGE_CURVE('',#776,#827,#410,.T.);
#1033=EDGE_CURVE('',#777,#829,#411,.T.);
#1034=EDGE_CURVE('',#779,#830,#412,.T.);
#1035=EDGE_CURVE('',#778,#828,#413,.T.);
#1036=EDGE_CURVE('',#825,#807,#414,.T.);
#1037=EDGE_CURVE('',#826,#806,#415,.T.);
#1038=EDGE_CURVE('',#836,#837,#416,.T.);
#1039=EDGE_CURVE('',#837,#838,#417,.T.);
#1040=EDGE_CURVE('',#838,#839,#418,.T.);
#1041=EDGE_CURVE('',#839,#836,#419,.T.);
#1042=EDGE_CURVE('',#840,#771,#420,.T.);
#1043=EDGE_CURVE('',#840,#841,#421,.T.);
#1044=EDGE_CURVE('',#768,#841,#422,.T.);
#1045=EDGE_CURVE('',#769,#842,#423,.T.);
#1046=EDGE_CURVE('',#842,#843,#424,.T.);
#1047=EDGE_CURVE('',#843,#770,#425,.T.);
#1048=EDGE_CURVE('',#843,#840,#426,.T.);
#1049=EDGE_CURVE('',#841,#842,#427,.T.);
#1050=EDGE_CURVE('',#761,#735,#16,.T.);
#1051=EDGE_CURVE('',#760,#736,#17,.T.);
#1052=EDGE_CURVE('',#844,#845,#428,.T.);
#1053=EDGE_CURVE('',#845,#846,#429,.T.);
#1054=EDGE_CURVE('',#846,#755,#430,.T.);
#1055=EDGE_CURVE('',#754,#847,#431,.T.);
#1056=EDGE_CURVE('',#847,#844,#432,.T.);
#1057=EDGE_CURVE('',#848,#756,#433,.T.);
#1058=EDGE_CURVE('',#848,#849,#434,.T.);
#1059=EDGE_CURVE('',#849,#850,#435,.T.);
#1060=EDGE_CURVE('',#850,#851,#436,.T.);
#1061=EDGE_CURVE('',#757,#851,#437,.T.);
#1062=EDGE_CURVE('',#852,#853,#438,.T.);
#1063=EDGE_CURVE('',#853,#854,#439,.T.);
#1064=EDGE_CURVE('',#854,#855,#440,.T.);
#1065=EDGE_CURVE('',#855,#852,#441,.T.);
#1066=EDGE_CURVE('',#846,#848,#442,.T.);
#1067=EDGE_CURVE('',#851,#847,#443,.T.);
#1068=EDGE_CURVE('',#840,#836,#444,.T.);
#1069=EDGE_CURVE('',#837,#843,#445,.T.);
#1070=EDGE_CURVE('',#838,#842,#446,.T.);
#1071=EDGE_CURVE('',#841,#839,#447,.T.);
#1072=EDGE_CURVE('',#853,#849,#448,.T.);
#1073=EDGE_CURVE('',#850,#852,#449,.T.);
#1074=EDGE_CURVE('',#844,#855,#450,.T.);
#1075=EDGE_CURVE('',#854,#845,#451,.T.);
#1076=EDGE_CURVE('',#856,#857,#452,.T.);
#1077=EDGE_CURVE('',#857,#858,#453,.T.);
#1078=EDGE_CURVE('',#858,#859,#454,.T.);
#1079=EDGE_CURVE('',#859,#856,#455,.T.);
#1080=EDGE_CURVE('',#860,#775,#456,.T.);
#1081=EDGE_CURVE('',#860,#861,#457,.T.);
#1082=EDGE_CURVE('',#772,#861,#458,.T.);
#1083=EDGE_CURVE('',#773,#862,#459,.T.);
#1084=EDGE_CURVE('',#862,#863,#460,.T.);
#1085=EDGE_CURVE('',#863,#774,#461,.T.);
#1086=EDGE_CURVE('',#863,#860,#462,.T.);
#1087=EDGE_CURVE('',#861,#862,#463,.T.);
#1088=EDGE_CURVE('',#759,#722,#18,.T.);
#1089=EDGE_CURVE('',#758,#724,#19,.T.);
#1090=EDGE_CURVE('',#864,#865,#464,.T.);
#1091=EDGE_CURVE('',#865,#866,#465,.T.);
#1092=EDGE_CURVE('',#866,#752,#466,.T.);
#1093=EDGE_CURVE('',#750,#867,#467,.T.);
#1094=EDGE_CURVE('',#867,#864,#468,.T.);
#1095=EDGE_CURVE('',#868,#753,#469,.T.);
#1096=EDGE_CURVE('',#868,#869,#470,.T.);
#1097=EDGE_CURVE('',#869,#870,#471,.T.);
#1098=EDGE_CURVE('',#870,#871,#472,.T.);
#1099=EDGE_CURVE('',#751,#871,#473,.T.);
#1100=EDGE_CURVE('',#872,#873,#474,.T.);
#1101=EDGE_CURVE('',#873,#874,#475,.T.);
#1102=EDGE_CURVE('',#874,#875,#476,.T.);
#1103=EDGE_CURVE('',#875,#872,#477,.T.);
#1104=EDGE_CURVE('',#866,#868,#478,.T.);
#1105=EDGE_CURVE('',#871,#867,#479,.T.);
#1106=EDGE_CURVE('',#860,#856,#480,.T.);
#1107=EDGE_CURVE('',#857,#863,#481,.T.);
#1108=EDGE_CURVE('',#858,#862,#482,.T.);
#1109=EDGE_CURVE('',#861,#859,#483,.T.);
#1110=EDGE_CURVE('',#873,#869,#484,.T.);
#1111=EDGE_CURVE('',#870,#872,#485,.T.);
#1112=EDGE_CURVE('',#864,#875,#486,.T.);
#1113=EDGE_CURVE('',#874,#865,#487,.T.);
#1114=ORIENTED_EDGE('',*,*,#876,.F.);
#1115=ORIENTED_EDGE('',*,*,#877,.T.);
#1116=ORIENTED_EDGE('',*,*,#878,.T.);
#1117=ORIENTED_EDGE('',*,*,#879,.T.);
#1118=ORIENTED_EDGE('',*,*,#880,.F.);
#1119=ORIENTED_EDGE('',*,*,#881,.T.);
#1120=ORIENTED_EDGE('',*,*,#882,.T.);
#1121=ORIENTED_EDGE('',*,*,#883,.F.);
#1122=ORIENTED_EDGE('',*,*,#884,.F.);
#1123=ORIENTED_EDGE('',*,*,#885,.T.);
#1124=ORIENTED_EDGE('',*,*,#886,.T.);
#1125=ORIENTED_EDGE('',*,*,#887,.T.);
#1126=ORIENTED_EDGE('',*,*,#888,.F.);
#1127=ORIENTED_EDGE('',*,*,#889,.F.);
#1128=ORIENTED_EDGE('',*,*,#890,.T.);
#1129=ORIENTED_EDGE('',*,*,#891,.T.);
#1130=ORIENTED_EDGE('',*,*,#892,.F.);
#1131=ORIENTED_EDGE('',*,*,#893,.F.);
#1132=ORIENTED_EDGE('',*,*,#894,.F.);
#1133=ORIENTED_EDGE('',*,*,#895,.F.);
#1134=ORIENTED_EDGE('',*,*,#896,.F.);
#1135=ORIENTED_EDGE('',*,*,#897,.F.);
#1136=ORIENTED_EDGE('',*,*,#898,.F.);
#1137=ORIENTED_EDGE('',*,*,#899,.F.);
#1138=ORIENTED_EDGE('',*,*,#900,.F.);
#1139=ORIENTED_EDGE('',*,*,#901,.F.);
#1140=ORIENTED_EDGE('',*,*,#902,.F.);
#1141=ORIENTED_EDGE('',*,*,#903,.F.);
#1142=ORIENTED_EDGE('',*,*,#904,.F.);
#1143=ORIENTED_EDGE('',*,*,#905,.T.);
#1144=ORIENTED_EDGE('',*,*,#906,.T.);
#1145=ORIENTED_EDGE('',*,*,#907,.F.);
#1146=ORIENTED_EDGE('',*,*,#908,.T.);
#1147=ORIENTED_EDGE('',*,*,#909,.T.);
#1148=ORIENTED_EDGE('',*,*,#910,.F.);
#1149=ORIENTED_EDGE('',*,*,#911,.F.);
#1150=ORIENTED_EDGE('',*,*,#912,.T.);
#1151=ORIENTED_EDGE('',*,*,#913,.T.);
#1152=ORIENTED_EDGE('',*,*,#891,.F.);
#1153=ORIENTED_EDGE('',*,*,#914,.F.);
#1154=ORIENTED_EDGE('',*,*,#915,.T.);
#1155=ORIENTED_EDGE('',*,*,#916,.T.);
#1156=ORIENTED_EDGE('',*,*,#887,.F.);
#1157=ORIENTED_EDGE('',*,*,#917,.F.);
#1158=ORIENTED_EDGE('',*,*,#918,.F.);
#1159=ORIENTED_EDGE('',*,*,#919,.T.);
#1160=ORIENTED_EDGE('',*,*,#879,.F.);
#1161=ORIENTED_EDGE('',*,*,#920,.F.);
#1162=ORIENTED_EDGE('',*,*,#921,.T.);
#1163=ORIENTED_EDGE('',*,*,#922,.T.);
#1164=ORIENTED_EDGE('',*,*,#923,.F.);
#1165=ORIENTED_EDGE('',*,*,#924,.T.);
#1166=ORIENTED_EDGE('',*,*,#925,.T.);
#1167=ORIENTED_EDGE('',*,*,#926,.T.);
#1168=ORIENTED_EDGE('',*,*,#927,.T.);
#1169=ORIENTED_EDGE('',*,*,#928,.F.);
#1170=ORIENTED_EDGE('',*,*,#929,.T.);
#1171=ORIENTED_EDGE('',*,*,#930,.T.);
#1172=ORIENTED_EDGE('',*,*,#931,.T.);
#1173=ORIENTED_EDGE('',*,*,#932,.F.);
#1174=ORIENTED_EDGE('',*,*,#933,.F.);
#1175=ORIENTED_EDGE('',*,*,#934,.F.);
#1176=ORIENTED_EDGE('',*,*,#935,.F.);
#1177=ORIENTED_EDGE('',*,*,#936,.F.);
#1178=ORIENTED_EDGE('',*,*,#937,.F.);
#1179=ORIENTED_EDGE('',*,*,#938,.T.);
#1180=ORIENTED_EDGE('',*,*,#939,.T.);
#1181=ORIENTED_EDGE('',*,*,#940,.F.);
#1182=ORIENTED_EDGE('',*,*,#941,.F.);
#1183=ORIENTED_EDGE('',*,*,#942,.T.);
#1184=ORIENTED_EDGE('',*,*,#943,.F.);
#1185=ORIENTED_EDGE('',*,*,#944,.F.);
#1186=ORIENTED_EDGE('',*,*,#945,.F.);
#1187=ORIENTED_EDGE('',*,*,#942,.F.);
#1188=ORIENTED_EDGE('',*,*,#946,.F.);
#1189=ORIENTED_EDGE('',*,*,#883,.T.);
#1190=ORIENTED_EDGE('',*,*,#947,.T.);
#1191=ORIENTED_EDGE('',*,*,#948,.F.);
#1192=ORIENTED_EDGE('',*,*,#949,.F.);
#1193=ORIENTED_EDGE('',*,*,#950,.T.);
#1194=ORIENTED_EDGE('',*,*,#951,.T.);
#1195=ORIENTED_EDGE('',*,*,#901,.T.);
#1196=ORIENTED_EDGE('',*,*,#952,.F.);
#1197=ORIENTED_EDGE('',*,*,#953,.T.);
#1198=ORIENTED_EDGE('',*,*,#954,.F.);
#1199=ORIENTED_EDGE('',*,*,#955,.T.);
#1200=ORIENTED_EDGE('',*,*,#956,.F.);
#1201=ORIENTED_EDGE('',*,*,#957,.T.);
#1202=ORIENTED_EDGE('',*,*,#958,.T.);
#1203=ORIENTED_EDGE('',*,*,#959,.F.);
#1204=ORIENTED_EDGE('',*,*,#960,.F.);
#1205=ORIENTED_EDGE('',*,*,#959,.T.);
#1206=ORIENTED_EDGE('',*,*,#961,.T.);
#1207=ORIENTED_EDGE('',*,*,#962,.F.);
#1208=ORIENTED_EDGE('',*,*,#963,.F.);
#1209=ORIENTED_EDGE('',*,*,#962,.T.);
#1210=ORIENTED_EDGE('',*,*,#964,.T.);
#1211=ORIENTED_EDGE('',*,*,#881,.F.);
#1212=ORIENTED_EDGE('',*,*,#965,.T.);
#1213=ORIENTED_EDGE('',*,*,#966,.T.);
#1214=ORIENTED_EDGE('',*,*,#967,.F.);
#1215=ORIENTED_EDGE('',*,*,#968,.T.);
#1216=ORIENTED_EDGE('',*,*,#969,.T.);
#1217=ORIENTED_EDGE('',*,*,#970,.T.);
#1218=ORIENTED_EDGE('',*,*,#971,.F.);
#1219=ORIENTED_EDGE('',*,*,#972,.T.);
#1220=ORIENTED_EDGE('',*,*,#973,.T.);
#1221=ORIENTED_EDGE('',*,*,#974,.T.);
#1222=ORIENTED_EDGE('',*,*,#957,.F.);
#1223=ORIENTED_EDGE('',*,*,#975,.F.);
#1224=ORIENTED_EDGE('',*,*,#924,.F.);
#1225=ORIENTED_EDGE('',*,*,#976,.T.);
#1226=ORIENTED_EDGE('',*,*,#977,.F.);
#1227=ORIENTED_EDGE('',*,*,#978,.F.);
#1228=ORIENTED_EDGE('',*,*,#973,.F.);
#1229=ORIENTED_EDGE('',*,*,#979,.T.);
#1230=ORIENTED_EDGE('',*,*,#980,.F.);
#1231=ORIENTED_EDGE('',*,*,#981,.T.);
#1232=ORIENTED_EDGE('',*,*,#982,.T.);
#1233=ORIENTED_EDGE('',*,*,#977,.T.);
#1234=ORIENTED_EDGE('',*,*,#983,.T.);
#1235=ORIENTED_EDGE('',*,*,#984,.F.);
#1236=ORIENTED_EDGE('',*,*,#985,.F.);
#1237=ORIENTED_EDGE('',*,*,#984,.T.);
#1238=ORIENTED_EDGE('',*,*,#986,.T.);
#1239=ORIENTED_EDGE('',*,*,#987,.F.);
#1240=ORIENTED_EDGE('',*,*,#988,.F.);
#1241=ORIENTED_EDGE('',*,*,#987,.T.);
#1242=ORIENTED_EDGE('',*,*,#989,.T.);
#1243=ORIENTED_EDGE('',*,*,#885,.F.);
#1244=ORIENTED_EDGE('',*,*,#990,.F.);
#1245=ORIENTED_EDGE('',*,*,#981,.F.);
#1246=ORIENTED_EDGE('',*,*,#991,.T.);
#1247=ORIENTED_EDGE('',*,*,#992,.T.);
#1248=ORIENTED_EDGE('',*,*,#993,.T.);
#1249=ORIENTED_EDGE('',*,*,#948,.T.);
#1250=ORIENTED_EDGE('',*,*,#994,.T.);
#1251=ORIENTED_EDGE('',*,*,#995,.T.);
#1252=ORIENTED_EDGE('',*,*,#996,.T.);
#1253=ORIENTED_EDGE('',*,*,#965,.F.);
#1254=ORIENTED_EDGE('',*,*,#997,.F.);
#1255=ORIENTED_EDGE('',*,*,#940,.T.);
#1256=ORIENTED_EDGE('',*,*,#978,.T.);
#1257=ORIENTED_EDGE('',*,*,#985,.T.);
#1258=ORIENTED_EDGE('',*,*,#988,.T.);
#1259=ORIENTED_EDGE('',*,*,#990,.T.);
#1260=ORIENTED_EDGE('',*,*,#884,.T.);
#1261=ORIENTED_EDGE('',*,*,#946,.T.);
#1262=ORIENTED_EDGE('',*,*,#941,.T.);
#1263=ORIENTED_EDGE('',*,*,#997,.T.);
#1264=ORIENTED_EDGE('',*,*,#974,.F.);
#1265=ORIENTED_EDGE('',*,*,#982,.F.);
#1266=ORIENTED_EDGE('',*,*,#994,.F.);
#1267=ORIENTED_EDGE('',*,*,#947,.F.);
#1268=ORIENTED_EDGE('',*,*,#882,.F.);
#1269=ORIENTED_EDGE('',*,*,#964,.F.);
#1270=ORIENTED_EDGE('',*,*,#961,.F.);
#1271=ORIENTED_EDGE('',*,*,#958,.F.);
#1272=ORIENTED_EDGE('',*,*,#971,.T.);
#1273=ORIENTED_EDGE('',*,*,#998,.T.);
#1274=ORIENTED_EDGE('',*,*,#892,.T.);
#1275=ORIENTED_EDGE('',*,*,#999,.F.);
#1276=ORIENTED_EDGE('',*,*,#998,.F.);
#1277=ORIENTED_EDGE('',*,*,#1000,.T.);
#1278=ORIENTED_EDGE('',*,*,#1001,.T.);
#1279=ORIENTED_EDGE('',*,*,#893,.T.);
#1280=ORIENTED_EDGE('',*,*,#1001,.F.);
#1281=ORIENTED_EDGE('',*,*,#1002,.T.);
#1282=ORIENTED_EDGE('',*,*,#1003,.T.);
#1283=ORIENTED_EDGE('',*,*,#894,.T.);
#1284=ORIENTED_EDGE('',*,*,#1003,.F.);
#1285=ORIENTED_EDGE('',*,*,#1004,.T.);
#1286=ORIENTED_EDGE('',*,*,#1005,.T.);
#1287=ORIENTED_EDGE('',*,*,#895,.T.);
#1288=ORIENTED_EDGE('',*,*,#1006,.F.);
#1289=ORIENTED_EDGE('',*,*,#1007,.F.);
#1290=ORIENTED_EDGE('',*,*,#1008,.F.);
#1291=ORIENTED_EDGE('',*,*,#1009,.F.);
#1292=ORIENTED_EDGE('',*,*,#1005,.F.);
#1293=ORIENTED_EDGE('',*,*,#1010,.T.);
#1294=ORIENTED_EDGE('',*,*,#1011,.T.);
#1295=ORIENTED_EDGE('',*,*,#896,.T.);
#1296=ORIENTED_EDGE('',*,*,#1011,.F.);
#1297=ORIENTED_EDGE('',*,*,#1012,.T.);
#1298=ORIENTED_EDGE('',*,*,#1013,.T.);
#1299=ORIENTED_EDGE('',*,*,#897,.T.);
#1300=ORIENTED_EDGE('',*,*,#967,.T.);
#1301=ORIENTED_EDGE('',*,*,#1014,.T.);
#1302=ORIENTED_EDGE('',*,*,#898,.T.);
#1303=ORIENTED_EDGE('',*,*,#1013,.F.);
#1304=ORIENTED_EDGE('',*,*,#1014,.F.);
#1305=ORIENTED_EDGE('',*,*,#1015,.T.);
#1306=ORIENTED_EDGE('',*,*,#1016,.T.);
#1307=ORIENTED_EDGE('',*,*,#899,.T.);
#1308=ORIENTED_EDGE('',*,*,#1016,.F.);
#1309=ORIENTED_EDGE('',*,*,#1017,.T.);
#1310=ORIENTED_EDGE('',*,*,#995,.F.);
#1311=ORIENTED_EDGE('',*,*,#939,.F.);
#1312=ORIENTED_EDGE('',*,*,#1018,.T.);
#1313=ORIENTED_EDGE('',*,*,#952,.T.);
#1314=ORIENTED_EDGE('',*,*,#900,.T.);
#1315=ORIENTED_EDGE('',*,*,#980,.T.);
#1316=ORIENTED_EDGE('',*,*,#1019,.T.);
#1317=ORIENTED_EDGE('',*,*,#1020,.T.);
#1318=ORIENTED_EDGE('',*,*,#902,.T.);
#1319=ORIENTED_EDGE('',*,*,#951,.F.);
#1320=ORIENTED_EDGE('',*,*,#1021,.T.);
#1321=ORIENTED_EDGE('',*,*,#991,.F.);
#1322=ORIENTED_EDGE('',*,*,#1020,.F.);
#1323=ORIENTED_EDGE('',*,*,#1022,.T.);
#1324=ORIENTED_EDGE('',*,*,#999,.T.);
#1325=ORIENTED_EDGE('',*,*,#903,.T.);
#1326=ORIENTED_EDGE('',*,*,#1023,.T.);
#1327=ORIENTED_EDGE('',*,*,#918,.T.);
#1328=ORIENTED_EDGE('',*,*,#1024,.F.);
#1329=ORIENTED_EDGE('',*,*,#922,.F.);
#1330=ORIENTED_EDGE('',*,*,#976,.F.);
#1331=ORIENTED_EDGE('',*,*,#923,.T.);
#1332=ORIENTED_EDGE('',*,*,#1024,.T.);
#1333=ORIENTED_EDGE('',*,*,#917,.T.);
#1334=ORIENTED_EDGE('',*,*,#886,.F.);
#1335=ORIENTED_EDGE('',*,*,#989,.F.);
#1336=ORIENTED_EDGE('',*,*,#986,.F.);
#1337=ORIENTED_EDGE('',*,*,#983,.F.);
#1338=ORIENTED_EDGE('',*,*,#975,.T.);
#1339=ORIENTED_EDGE('',*,*,#956,.T.);
#1340=ORIENTED_EDGE('',*,*,#960,.T.);
#1341=ORIENTED_EDGE('',*,*,#963,.T.);
#1342=ORIENTED_EDGE('',*,*,#880,.T.);
#1343=ORIENTED_EDGE('',*,*,#919,.F.);
#1344=ORIENTED_EDGE('',*,*,#1023,.F.);
#1345=ORIENTED_EDGE('',*,*,#921,.F.);
#1346=ORIENTED_EDGE('',*,*,#954,.T.);
#1347=ORIENTED_EDGE('',*,*,#1025,.T.);
#1348=ORIENTED_EDGE('',*,*,#937,.T.);
#1349=ORIENTED_EDGE('',*,*,#945,.T.);
#1350=ORIENTED_EDGE('',*,*,#1026,.T.);
#1351=ORIENTED_EDGE('',*,*,#1027,.T.);
#1352=ORIENTED_EDGE('',*,*,#993,.F.);
#1353=ORIENTED_EDGE('',*,*,#1028,.T.);
#1354=ORIENTED_EDGE('',*,*,#949,.T.);
#1355=ORIENTED_EDGE('',*,*,#1029,.T.);
#1356=ORIENTED_EDGE('',*,*,#1030,.F.);
#1357=ORIENTED_EDGE('',*,*,#943,.T.);
#1358=ORIENTED_EDGE('',*,*,#1030,.T.);
#1359=ORIENTED_EDGE('',*,*,#1031,.T.);
#1360=ORIENTED_EDGE('',*,*,#1026,.F.);
#1361=ORIENTED_EDGE('',*,*,#944,.T.);
#1362=ORIENTED_EDGE('',*,*,#1007,.T.);
#1363=ORIENTED_EDGE('',*,*,#1032,.F.);
#1364=ORIENTED_EDGE('',*,*,#933,.T.);
#1365=ORIENTED_EDGE('',*,*,#1033,.T.);
#1366=ORIENTED_EDGE('',*,*,#1008,.T.);
#1367=ORIENTED_EDGE('',*,*,#1033,.F.);
#1368=ORIENTED_EDGE('',*,*,#936,.T.);
#1369=ORIENTED_EDGE('',*,*,#1034,.T.);
#1370=ORIENTED_EDGE('',*,*,#1009,.T.);
#1371=ORIENTED_EDGE('',*,*,#1034,.F.);
#1372=ORIENTED_EDGE('',*,*,#935,.T.);
#1373=ORIENTED_EDGE('',*,*,#1035,.T.);
#1374=ORIENTED_EDGE('',*,*,#1006,.T.);
#1375=ORIENTED_EDGE('',*,*,#1035,.F.);
#1376=ORIENTED_EDGE('',*,*,#934,.T.);
#1377=ORIENTED_EDGE('',*,*,#1032,.T.);
#1378=ORIENTED_EDGE('',*,*,#1000,.F.);
#1379=ORIENTED_EDGE('',*,*,#970,.F.);
#1380=ORIENTED_EDGE('',*,*,#1036,.F.);
#1381=ORIENTED_EDGE('',*,*,#1002,.F.);
#1382=ORIENTED_EDGE('',*,*,#1036,.T.);
#1383=ORIENTED_EDGE('',*,*,#969,.F.);
#1384=ORIENTED_EDGE('',*,*,#1037,.F.);
#1385=ORIENTED_EDGE('',*,*,#1004,.F.);
#1386=ORIENTED_EDGE('',*,*,#1037,.T.);
#1387=ORIENTED_EDGE('',*,*,#968,.F.);
#1388=ORIENTED_EDGE('',*,*,#1012,.F.);
#1389=ORIENTED_EDGE('',*,*,#1010,.F.);
#1390=ORIENTED_EDGE('',*,*,#1015,.F.);
#1391=ORIENTED_EDGE('',*,*,#966,.F.);
#1392=ORIENTED_EDGE('',*,*,#996,.F.);
#1393=ORIENTED_EDGE('',*,*,#1017,.F.);
#1394=ORIENTED_EDGE('',*,*,#979,.F.);
#1395=ORIENTED_EDGE('',*,*,#972,.F.);
#1396=ORIENTED_EDGE('',*,*,#1022,.F.);
#1397=ORIENTED_EDGE('',*,*,#1019,.F.);
#1398=ORIENTED_EDGE('',*,*,#1028,.F.);
#1399=ORIENTED_EDGE('',*,*,#992,.F.);
#1400=ORIENTED_EDGE('',*,*,#1021,.F.);
#1401=ORIENTED_EDGE('',*,*,#950,.F.);
#1402=ORIENTED_EDGE('',*,*,#1018,.F.);
#1403=ORIENTED_EDGE('',*,*,#938,.F.);
#1404=ORIENTED_EDGE('',*,*,#1025,.F.);
#1405=ORIENTED_EDGE('',*,*,#953,.F.);
#1406=ORIENTED_EDGE('',*,*,#1029,.F.);
#1407=ORIENTED_EDGE('',*,*,#955,.F.);
#1408=ORIENTED_EDGE('',*,*,#1027,.F.);
#1409=ORIENTED_EDGE('',*,*,#1031,.F.);
#1410=ORIENTED_EDGE('',*,*,#1038,.T.);
#1411=ORIENTED_EDGE('',*,*,#1039,.T.);
#1412=ORIENTED_EDGE('',*,*,#1040,.T.);
#1413=ORIENTED_EDGE('',*,*,#1041,.T.);
#1414=ORIENTED_EDGE('',*,*,#1042,.F.);
#1415=ORIENTED_EDGE('',*,*,#1043,.T.);
#1416=ORIENTED_EDGE('',*,*,#1044,.F.);
#1417=ORIENTED_EDGE('',*,*,#928,.T.);
#1418=ORIENTED_EDGE('',*,*,#1045,.T.);
#1419=ORIENTED_EDGE('',*,*,#1046,.T.);
#1420=ORIENTED_EDGE('',*,*,#1047,.T.);
#1421=ORIENTED_EDGE('',*,*,#926,.F.);
#1422=ORIENTED_EDGE('',*,*,#1047,.F.);
#1423=ORIENTED_EDGE('',*,*,#1048,.T.);
#1424=ORIENTED_EDGE('',*,*,#1042,.T.);
#1425=ORIENTED_EDGE('',*,*,#927,.F.);
#1426=ORIENTED_EDGE('',*,*,#1044,.T.);
#1427=ORIENTED_EDGE('',*,*,#1049,.T.);
#1428=ORIENTED_EDGE('',*,*,#1045,.F.);
#1429=ORIENTED_EDGE('',*,*,#925,.F.);
#1430=ORIENTED_EDGE('',*,*,#1050,.T.);
#1431=ORIENTED_EDGE('',*,*,#888,.T.);
#1432=ORIENTED_EDGE('',*,*,#916,.F.);
#1433=ORIENTED_EDGE('',*,*,#890,.F.);
#1434=ORIENTED_EDGE('',*,*,#1051,.F.);
#1435=ORIENTED_EDGE('',*,*,#914,.T.);
#1436=ORIENTED_EDGE('',*,*,#915,.F.);
#1437=ORIENTED_EDGE('',*,*,#1051,.T.);
#1438=ORIENTED_EDGE('',*,*,#889,.T.);
#1439=ORIENTED_EDGE('',*,*,#1050,.F.);
#1440=ORIENTED_EDGE('',*,*,#1052,.T.);
#1441=ORIENTED_EDGE('',*,*,#1053,.T.);
#1442=ORIENTED_EDGE('',*,*,#1054,.T.);
#1443=ORIENTED_EDGE('',*,*,#908,.F.);
#1444=ORIENTED_EDGE('',*,*,#1055,.T.);
#1445=ORIENTED_EDGE('',*,*,#1056,.T.);
#1446=ORIENTED_EDGE('',*,*,#1057,.F.);
#1447=ORIENTED_EDGE('',*,*,#1058,.T.);
#1448=ORIENTED_EDGE('',*,*,#1059,.T.);
#1449=ORIENTED_EDGE('',*,*,#1060,.T.);
#1450=ORIENTED_EDGE('',*,*,#1061,.F.);
#1451=ORIENTED_EDGE('',*,*,#910,.T.);
#1452=ORIENTED_EDGE('',*,*,#1062,.T.);
#1453=ORIENTED_EDGE('',*,*,#1063,.T.);
#1454=ORIENTED_EDGE('',*,*,#1064,.T.);
#1455=ORIENTED_EDGE('',*,*,#1065,.T.);
#1456=ORIENTED_EDGE('',*,*,#1054,.F.);
#1457=ORIENTED_EDGE('',*,*,#1066,.T.);
#1458=ORIENTED_EDGE('',*,*,#1057,.T.);
#1459=ORIENTED_EDGE('',*,*,#909,.F.);
#1460=ORIENTED_EDGE('',*,*,#1061,.T.);
#1461=ORIENTED_EDGE('',*,*,#1067,.T.);
#1462=ORIENTED_EDGE('',*,*,#1055,.F.);
#1463=ORIENTED_EDGE('',*,*,#911,.T.);
#1464=ORIENTED_EDGE('',*,*,#1068,.F.);
#1465=ORIENTED_EDGE('',*,*,#1048,.F.);
#1466=ORIENTED_EDGE('',*,*,#1069,.F.);
#1467=ORIENTED_EDGE('',*,*,#1038,.F.);
#1468=ORIENTED_EDGE('',*,*,#1069,.T.);
#1469=ORIENTED_EDGE('',*,*,#1046,.F.);
#1470=ORIENTED_EDGE('',*,*,#1070,.F.);
#1471=ORIENTED_EDGE('',*,*,#1039,.F.);
#1472=ORIENTED_EDGE('',*,*,#1068,.T.);
#1473=ORIENTED_EDGE('',*,*,#1041,.F.);
#1474=ORIENTED_EDGE('',*,*,#1071,.F.);
#1475=ORIENTED_EDGE('',*,*,#1043,.F.);
#1476=ORIENTED_EDGE('',*,*,#1070,.T.);
#1477=ORIENTED_EDGE('',*,*,#1049,.F.);
#1478=ORIENTED_EDGE('',*,*,#1071,.T.);
#1479=ORIENTED_EDGE('',*,*,#1040,.F.);
#1480=ORIENTED_EDGE('',*,*,#1072,.F.);
#1481=ORIENTED_EDGE('',*,*,#1062,.F.);
#1482=ORIENTED_EDGE('',*,*,#1073,.F.);
#1483=ORIENTED_EDGE('',*,*,#1059,.F.);
#1484=ORIENTED_EDGE('',*,*,#1073,.T.);
#1485=ORIENTED_EDGE('',*,*,#1065,.F.);
#1486=ORIENTED_EDGE('',*,*,#1074,.F.);
#1487=ORIENTED_EDGE('',*,*,#1056,.F.);
#1488=ORIENTED_EDGE('',*,*,#1067,.F.);
#1489=ORIENTED_EDGE('',*,*,#1060,.F.);
#1490=ORIENTED_EDGE('',*,*,#1066,.F.);
#1491=ORIENTED_EDGE('',*,*,#1053,.F.);
#1492=ORIENTED_EDGE('',*,*,#1075,.F.);
#1493=ORIENTED_EDGE('',*,*,#1063,.F.);
#1494=ORIENTED_EDGE('',*,*,#1072,.T.);
#1495=ORIENTED_EDGE('',*,*,#1058,.F.);
#1496=ORIENTED_EDGE('',*,*,#1074,.T.);
#1497=ORIENTED_EDGE('',*,*,#1064,.F.);
#1498=ORIENTED_EDGE('',*,*,#1075,.T.);
#1499=ORIENTED_EDGE('',*,*,#1052,.F.);
#1500=ORIENTED_EDGE('',*,*,#1076,.T.);
#1501=ORIENTED_EDGE('',*,*,#1077,.T.);
#1502=ORIENTED_EDGE('',*,*,#1078,.T.);
#1503=ORIENTED_EDGE('',*,*,#1079,.T.);
#1504=ORIENTED_EDGE('',*,*,#1080,.F.);
#1505=ORIENTED_EDGE('',*,*,#1081,.T.);
#1506=ORIENTED_EDGE('',*,*,#1082,.F.);
#1507=ORIENTED_EDGE('',*,*,#932,.T.);
#1508=ORIENTED_EDGE('',*,*,#1083,.T.);
#1509=ORIENTED_EDGE('',*,*,#1084,.T.);
#1510=ORIENTED_EDGE('',*,*,#1085,.T.);
#1511=ORIENTED_EDGE('',*,*,#930,.F.);
#1512=ORIENTED_EDGE('',*,*,#1085,.F.);
#1513=ORIENTED_EDGE('',*,*,#1086,.T.);
#1514=ORIENTED_EDGE('',*,*,#1080,.T.);
#1515=ORIENTED_EDGE('',*,*,#931,.F.);
#1516=ORIENTED_EDGE('',*,*,#1082,.T.);
#1517=ORIENTED_EDGE('',*,*,#1087,.T.);
#1518=ORIENTED_EDGE('',*,*,#1083,.F.);
#1519=ORIENTED_EDGE('',*,*,#929,.F.);
#1520=ORIENTED_EDGE('',*,*,#1088,.T.);
#1521=ORIENTED_EDGE('',*,*,#876,.T.);
#1522=ORIENTED_EDGE('',*,*,#913,.F.);
#1523=ORIENTED_EDGE('',*,*,#878,.F.);
#1524=ORIENTED_EDGE('',*,*,#1089,.F.);
#1525=ORIENTED_EDGE('',*,*,#920,.T.);
#1526=ORIENTED_EDGE('',*,*,#912,.F.);
#1527=ORIENTED_EDGE('',*,*,#1089,.T.);
#1528=ORIENTED_EDGE('',*,*,#877,.F.);
#1529=ORIENTED_EDGE('',*,*,#1088,.F.);
#1530=ORIENTED_EDGE('',*,*,#1090,.T.);
#1531=ORIENTED_EDGE('',*,*,#1091,.T.);
#1532=ORIENTED_EDGE('',*,*,#1092,.T.);
#1533=ORIENTED_EDGE('',*,*,#905,.F.);
#1534=ORIENTED_EDGE('',*,*,#1093,.T.);
#1535=ORIENTED_EDGE('',*,*,#1094,.T.);
#1536=ORIENTED_EDGE('',*,*,#1095,.F.);
#1537=ORIENTED_EDGE('',*,*,#1096,.T.);
#1538=ORIENTED_EDGE('',*,*,#1097,.T.);
#1539=ORIENTED_EDGE('',*,*,#1098,.T.);
#1540=ORIENTED_EDGE('',*,*,#1099,.F.);
#1541=ORIENTED_EDGE('',*,*,#907,.T.);
#1542=ORIENTED_EDGE('',*,*,#1100,.T.);
#1543=ORIENTED_EDGE('',*,*,#1101,.T.);
#1544=ORIENTED_EDGE('',*,*,#1102,.T.);
#1545=ORIENTED_EDGE('',*,*,#1103,.T.);
#1546=ORIENTED_EDGE('',*,*,#1092,.F.);
#1547=ORIENTED_EDGE('',*,*,#1104,.T.);
#1548=ORIENTED_EDGE('',*,*,#1095,.T.);
#1549=ORIENTED_EDGE('',*,*,#906,.F.);
#1550=ORIENTED_EDGE('',*,*,#1099,.T.);
#1551=ORIENTED_EDGE('',*,*,#1105,.T.);
#1552=ORIENTED_EDGE('',*,*,#1093,.F.);
#1553=ORIENTED_EDGE('',*,*,#904,.T.);
#1554=ORIENTED_EDGE('',*,*,#1106,.F.);
#1555=ORIENTED_EDGE('',*,*,#1086,.F.);
#1556=ORIENTED_EDGE('',*,*,#1107,.F.);
#1557=ORIENTED_EDGE('',*,*,#1076,.F.);
#1558=ORIENTED_EDGE('',*,*,#1107,.T.);
#1559=ORIENTED_EDGE('',*,*,#1084,.F.);
#1560=ORIENTED_EDGE('',*,*,#1108,.F.);
#1561=ORIENTED_EDGE('',*,*,#1077,.F.);
#1562=ORIENTED_EDGE('',*,*,#1106,.T.);
#1563=ORIENTED_EDGE('',*,*,#1079,.F.);
#1564=ORIENTED_EDGE('',*,*,#1109,.F.);
#1565=ORIENTED_EDGE('',*,*,#1081,.F.);
#1566=ORIENTED_EDGE('',*,*,#1108,.T.);
#1567=ORIENTED_EDGE('',*,*,#1087,.F.);
#1568=ORIENTED_EDGE('',*,*,#1109,.T.);
#1569=ORIENTED_EDGE('',*,*,#1078,.F.);
#1570=ORIENTED_EDGE('',*,*,#1110,.F.);
#1571=ORIENTED_EDGE('',*,*,#1100,.F.);
#1572=ORIENTED_EDGE('',*,*,#1111,.F.);
#1573=ORIENTED_EDGE('',*,*,#1097,.F.);
#1574=ORIENTED_EDGE('',*,*,#1111,.T.);
#1575=ORIENTED_EDGE('',*,*,#1103,.F.);
#1576=ORIENTED_EDGE('',*,*,#1112,.F.);
#1577=ORIENTED_EDGE('',*,*,#1094,.F.);
#1578=ORIENTED_EDGE('',*,*,#1105,.F.);
#1579=ORIENTED_EDGE('',*,*,#1098,.F.);
#1580=ORIENTED_EDGE('',*,*,#1104,.F.);
#1581=ORIENTED_EDGE('',*,*,#1091,.F.);
#1582=ORIENTED_EDGE('',*,*,#1113,.F.);
#1583=ORIENTED_EDGE('',*,*,#1101,.F.);
#1584=ORIENTED_EDGE('',*,*,#1110,.T.);
#1585=ORIENTED_EDGE('',*,*,#1096,.F.);
#1586=ORIENTED_EDGE('',*,*,#1112,.T.);
#1587=ORIENTED_EDGE('',*,*,#1102,.F.);
#1588=ORIENTED_EDGE('',*,*,#1113,.T.);
#1589=ORIENTED_EDGE('',*,*,#1090,.F.);
#1590=PLANE('',#1782);
#1591=PLANE('',#1783);
#1592=PLANE('',#1784);
#1593=PLANE('',#1785);
#1594=PLANE('',#1786);
#1595=PLANE('',#1787);
#1596=PLANE('',#1788);
#1597=PLANE('',#1789);
#1598=PLANE('',#1790);
#1599=PLANE('',#1791);
#1600=PLANE('',#1792);
#1601=PLANE('',#1793);
#1602=PLANE('',#1794);
#1603=PLANE('',#1795);
#1604=PLANE('',#1796);
#1605=PLANE('',#1797);
#1606=PLANE('',#1798);
#1607=PLANE('',#1799);
#1608=PLANE('',#1800);
#1609=PLANE('',#1801);
#1610=PLANE('',#1802);
#1611=PLANE('',#1803);
#1612=PLANE('',#1804);
#1613=PLANE('',#1805);
#1614=PLANE('',#1806);
#1615=PLANE('',#1807);
#1616=PLANE('',#1808);
#1617=PLANE('',#1809);
#1618=PLANE('',#1810);
#1619=PLANE('',#1811);
#1620=PLANE('',#1812);
#1621=PLANE('',#1813);
#1622=PLANE('',#1814);
#1623=PLANE('',#1815);
#1624=PLANE('',#1816);
#1625=PLANE('',#1817);
#1626=PLANE('',#1818);
#1627=PLANE('',#1819);
#1628=PLANE('',#1820);
#1629=PLANE('',#1821);
#1630=PLANE('',#1822);
#1631=PLANE('',#1823);
#1632=PLANE('',#1824);
#1633=PLANE('',#1825);
#1634=PLANE('',#1826);
#1635=PLANE('',#1827);
#1636=PLANE('',#1828);
#1637=PLANE('',#1829);
#1638=PLANE('',#1830);
#1639=PLANE('',#1831);
#1640=PLANE('',#1832);
#1641=PLANE('',#1833);
#1642=PLANE('',#1834);
#1643=PLANE('',#1835);
#1644=PLANE('',#1837);
#1645=PLANE('',#1840);
#1646=PLANE('',#1841);
#1647=PLANE('',#1842);
#1648=PLANE('',#1843);
#1649=PLANE('',#1844);
#1650=PLANE('',#1845);
#1651=PLANE('',#1846);
#1652=PLANE('',#1847);
#1653=PLANE('',#1848);
#1654=PLANE('',#1849);
#1655=PLANE('',#1850);
#1656=PLANE('',#1851);
#1657=PLANE('',#1852);
#1658=PLANE('',#1853);
#1659=PLANE('',#1854);
#1660=PLANE('',#1855);
#1661=PLANE('',#1856);
#1662=PLANE('',#1857);
#1663=PLANE('',#1858);
#1664=PLANE('',#1860);
#1665=PLANE('',#1863);
#1666=PLANE('',#1864);
#1667=PLANE('',#1865);
#1668=PLANE('',#1866);
#1669=PLANE('',#1867);
#1670=PLANE('',#1868);
#1671=PLANE('',#1869);
#1672=PLANE('',#1870);
#1673=PLANE('',#1871);
#1674=PLANE('',#1872);
#1675=PLANE('',#1873);
#1676=PLANE('',#1874);
#1677=PLANE('',#1875);
#1678=ADVANCED_FACE('',(#68),#1590,.F.);
#1679=ADVANCED_FACE('',(#69,#62,#63),#1591,.T.);
#1680=ADVANCED_FACE('',(#70),#1592,.T.);
#1681=ADVANCED_FACE('',(#71,#64,#65,#66),#1593,.T.);
#1682=ADVANCED_FACE('',(#72),#1594,.F.);
#1683=ADVANCED_FACE('',(#73),#1595,.F.);
#1684=ADVANCED_FACE('',(#74),#1596,.F.);
#1685=ADVANCED_FACE('',(#75),#1597,.F.);
#1686=ADVANCED_FACE('',(#76),#1598,.F.);
#1687=ADVANCED_FACE('',(#77),#1599,.F.);
#1688=ADVANCED_FACE('',(#78),#1600,.F.);
#1689=ADVANCED_FACE('',(#79),#1601,.F.);
#1690=ADVANCED_FACE('',(#80),#1602,.F.);
#1691=ADVANCED_FACE('',(#81),#1603,.F.);
#1692=ADVANCED_FACE('',(#82),#1604,.F.);
#1693=ADVANCED_FACE('',(#83),#1605,.F.);
#1694=ADVANCED_FACE('',(#84),#1606,.F.);
#1695=ADVANCED_FACE('',(#85),#1607,.T.);
#1696=ADVANCED_FACE('',(#86),#1608,.F.);
#1697=ADVANCED_FACE('',(#87),#1609,.F.);
#1698=ADVANCED_FACE('',(#88),#1610,.F.);
#1699=ADVANCED_FACE('',(#89),#1611,.F.);
#1700=ADVANCED_FACE('',(#90,#67),#1612,.F.);
#1701=ADVANCED_FACE('',(#91),#1613,.F.);
#1702=ADVANCED_FACE('',(#92),#1614,.F.);
#1703=ADVANCED_FACE('',(#93),#1615,.F.);
#1704=ADVANCED_FACE('',(#94),#1616,.F.);
#1705=ADVANCED_FACE('',(#95),#1617,.F.);
#1706=ADVANCED_FACE('',(#96),#1618,.F.);
#1707=ADVANCED_FACE('',(#97),#1619,.F.);
#1708=ADVANCED_FACE('',(#98),#1620,.T.);
#1709=ADVANCED_FACE('',(#99),#1621,.F.);
#1710=ADVANCED_FACE('',(#100),#1622,.T.);
#1711=ADVANCED_FACE('',(#101),#1623,.F.);
#1712=ADVANCED_FACE('',(#102),#1624,.F.);
#1713=ADVANCED_FACE('',(#103),#1625,.F.);
#1714=ADVANCED_FACE('',(#104),#1626,.F.);
#1715=ADVANCED_FACE('',(#105),#1627,.F.);
#1716=ADVANCED_FACE('',(#106),#1628,.F.);
#1717=ADVANCED_FACE('',(#107),#1629,.F.);
#1718=ADVANCED_FACE('',(#108),#1630,.F.);
#1719=ADVANCED_FACE('',(#109),#1631,.F.);
#1720=ADVANCED_FACE('',(#110),#1632,.F.);
#1721=ADVANCED_FACE('',(#111),#1633,.F.);
#1722=ADVANCED_FACE('',(#112),#1634,.F.);
#1723=ADVANCED_FACE('',(#113),#1635,.F.);
#1724=ADVANCED_FACE('',(#114),#1636,.F.);
#1725=ADVANCED_FACE('',(#115),#1637,.F.);
#1726=ADVANCED_FACE('',(#116),#1638,.F.);
#1727=ADVANCED_FACE('',(#117),#1639,.T.);
#1728=ADVANCED_FACE('',(#118),#1640,.F.);
#1729=ADVANCED_FACE('',(#119),#1641,.F.);
#1730=ADVANCED_FACE('',(#120),#1642,.F.);
#1731=ADVANCED_FACE('',(#121),#1643,.F.);
#1732=ADVANCED_FACE('',(#122),#1644,.T.);
#1733=ADVANCED_FACE('',(#123),#14,.T.);
#1734=ADVANCED_FACE('',(#124),#1645,.F.);
#1735=ADVANCED_FACE('',(#125),#1646,.T.);
#1736=ADVANCED_FACE('',(#126),#1647,.F.);
#1737=ADVANCED_FACE('',(#127),#1648,.F.);
#1738=ADVANCED_FACE('',(#128),#1649,.F.);
#1739=ADVANCED_FACE('',(#129),#1650,.F.);
#1740=ADVANCED_FACE('',(#130),#1651,.F.);
#1741=ADVANCED_FACE('',(#131),#1652,.T.);
#1742=ADVANCED_FACE('',(#132),#1653,.F.);
#1743=ADVANCED_FACE('',(#133),#1654,.T.);
#1744=ADVANCED_FACE('',(#134),#1655,.F.);
#1745=ADVANCED_FACE('',(#135),#1656,.F.);
#1746=ADVANCED_FACE('',(#136),#1657,.F.);
#1747=ADVANCED_FACE('',(#137),#1658,.F.);
#1748=ADVANCED_FACE('',(#138),#1659,.T.);
#1749=ADVANCED_FACE('',(#139),#1660,.F.);
#1750=ADVANCED_FACE('',(#140),#1661,.F.);
#1751=ADVANCED_FACE('',(#141),#1662,.F.);
#1752=ADVANCED_FACE('',(#142),#1663,.F.);
#1753=ADVANCED_FACE('',(#143),#1664,.T.);
#1754=ADVANCED_FACE('',(#144),#15,.T.);
#1755=ADVANCED_FACE('',(#145),#1665,.F.);
#1756=ADVANCED_FACE('',(#146),#1666,.T.);
#1757=ADVANCED_FACE('',(#147),#1667,.F.);
#1758=ADVANCED_FACE('',(#148),#1668,.F.);
#1759=ADVANCED_FACE('',(#149),#1669,.F.);
#1760=ADVANCED_FACE('',(#150),#1670,.F.);
#1761=ADVANCED_FACE('',(#151),#1671,.F.);
#1762=ADVANCED_FACE('',(#152),#1672,.T.);
#1763=ADVANCED_FACE('',(#153),#1673,.F.);
#1764=ADVANCED_FACE('',(#154),#1674,.T.);
#1765=ADVANCED_FACE('',(#155),#1675,.F.);
#1766=ADVANCED_FACE('',(#156),#1676,.F.);
#1767=ADVANCED_FACE('',(#157),#1677,.F.);
#1768=CLOSED_SHELL('',(#1678,#1679,#1680,#1681,#1682,#1683,#1684,#1685,
#1686,#1687,#1688,#1689,#1690,#1691,#1692,#1693,#1694,#1695,#1696,#1697,
#1698,#1699,#1700,#1701,#1702,#1703,#1704,#1705,#1706,#1707,#1708,#1709,
#1710,#1711,#1712,#1713,#1714,#1715,#1716,#1717,#1718,#1719,#1720,#1721,
#1722,#1723,#1724,#1725,#1726,#1727,#1728,#1729,#1730,#1731,#1732,#1733,
#1734,#1735,#1736,#1737,#1738,#1739,#1740,#1741,#1742,#1743,#1744,#1745,
#1746,#1747,#1748,#1749,#1750,#1751,#1752,#1753,#1754,#1755,#1756,#1757,
#1758,#1759,#1760,#1761,#1762,#1763,#1764,#1765,#1766,#1767));
#1769=DERIVED_UNIT_ELEMENT(#1771,1.);
#1770=DERIVED_UNIT_ELEMENT(#2788,-3.);
#1771=(
MASS_UNIT()
NAMED_UNIT(*)
SI_UNIT(.KILO.,.GRAM.)
);
#1772=DERIVED_UNIT((#1769,#1770));
#1773=MEASURE_REPRESENTATION_ITEM('density measure',
POSITIVE_RATIO_MEASURE(7850.),#1772);
#1774=PROPERTY_DEFINITION_REPRESENTATION(#1779,#1776);
#1775=PROPERTY_DEFINITION_REPRESENTATION(#1780,#1777);
#1776=REPRESENTATION('material name',(#1778),#2785);
#1777=REPRESENTATION('density',(#1773),#2785);
#1778=DESCRIPTIVE_REPRESENTATION_ITEM('Steel','Steel');
#1779=PROPERTY_DEFINITION('material property','material name',#2795);
#1780=PROPERTY_DEFINITION('material property','density of part',#2795);
#1781=AXIS2_PLACEMENT_3D('',#2300,#1876,#1877);
#1782=AXIS2_PLACEMENT_3D('',#2301,#1878,#1879);
#1783=AXIS2_PLACEMENT_3D('',#2334,#1896,#1897);
#1784=AXIS2_PLACEMENT_3D('',#2375,#1918,#1919);
#1785=AXIS2_PLACEMENT_3D('',#2391,#1929,#1930);
#1786=AXIS2_PLACEMENT_3D('',#2424,#1947,#1948);
#1787=AXIS2_PLACEMENT_3D('',#2437,#1955,#1956);
#1788=AXIS2_PLACEMENT_3D('',#2448,#1963,#1964);
#1789=AXIS2_PLACEMENT_3D('',#2462,#1972,#1973);
#1790=AXIS2_PLACEMENT_3D('',#2471,#1978,#1979);
#1791=AXIS2_PLACEMENT_3D('',#2477,#1983,#1984);
#1792=AXIS2_PLACEMENT_3D('',#2480,#1987,#1988);
#1793=AXIS2_PLACEMENT_3D('',#2507,#2003,#2004);
#1794=AXIS2_PLACEMENT_3D('',#2515,#2009,#2010);
#1795=AXIS2_PLACEMENT_3D('',#2521,#2014,#2015);
#1796=AXIS2_PLACEMENT_3D('',#2527,#2019,#2020);
#1797=AXIS2_PLACEMENT_3D('',#2530,#2023,#2024);
#1798=AXIS2_PLACEMENT_3D('',#2537,#2029,#2030);
#1799=AXIS2_PLACEMENT_3D('',#2542,#2034,#2035);
#1800=AXIS2_PLACEMENT_3D('',#2543,#2036,#2037);
#1801=AXIS2_PLACEMENT_3D('',#2544,#2038,#2039);
#1802=AXIS2_PLACEMENT_3D('',#2547,#2042,#2043);
#1803=AXIS2_PLACEMENT_3D('',#2551,#2046,#2047);
#1804=AXIS2_PLACEMENT_3D('',#2555,#2050,#2051);
#1805=AXIS2_PLACEMENT_3D('',#2567,#2058,#2059);
#1806=AXIS2_PLACEMENT_3D('',#2571,#2062,#2063);
#1807=AXIS2_PLACEMENT_3D('',#2574,#2066,#2067);
#1808=AXIS2_PLACEMENT_3D('',#2576,#2069,#2070);
#1809=AXIS2_PLACEMENT_3D('',#2580,#2073,#2074);
#1810=AXIS2_PLACEMENT_3D('',#2583,#2077,#2078);
#1811=AXIS2_PLACEMENT_3D('',#2588,#2082,#2083);
#1812=AXIS2_PLACEMENT_3D('',#2590,#2085,#2086);
#1813=AXIS2_PLACEMENT_3D('',#2593,#2089,#2090);
#1814=AXIS2_PLACEMENT_3D('',#2594,#2091,#2092);
#1815=AXIS2_PLACEMENT_3D('',#2595,#2093,#2094);
#1816=AXIS2_PLACEMENT_3D('',#2600,#2098,#2099);
#1817=AXIS2_PLACEMENT_3D('',#2605,#2103,#2104);
#1818=AXIS2_PLACEMENT_3D('',#2607,#2106,#2107);
#1819=AXIS2_PLACEMENT_3D('',#2610,#2110,#2111);
#1820=AXIS2_PLACEMENT_3D('',#2612,#2113,#2114);
#1821=AXIS2_PLACEMENT_3D('',#2614,#2116,#2117);
#1822=AXIS2_PLACEMENT_3D('',#2615,#2118,#2119);
#1823=AXIS2_PLACEMENT_3D('',#2617,#2121,#2122);
#1824=AXIS2_PLACEMENT_3D('',#2619,#2124,#2125);
#1825=AXIS2_PLACEMENT_3D('',#2620,#2126,#2127);
#1826=AXIS2_PLACEMENT_3D('',#2621,#2128,#2129);
#1827=AXIS2_PLACEMENT_3D('',#2622,#2130,#2131);
#1828=AXIS2_PLACEMENT_3D('',#2623,#2132,#2133);
#1829=AXIS2_PLACEMENT_3D('',#2624,#2134,#2135);
#1830=AXIS2_PLACEMENT_3D('',#2625,#2136,#2137);
#1831=AXIS2_PLACEMENT_3D('',#2634,#2142,#2143);
#1832=AXIS2_PLACEMENT_3D('',#2640,#2147,#2148);
#1833=AXIS2_PLACEMENT_3D('',#2646,#2152,#2153);
#1834=AXIS2_PLACEMENT_3D('',#2648,#2155,#2156);
#1835=AXIS2_PLACEMENT_3D('',#2650,#2158,#2159);
#1836=AXIS2_PLACEMENT_3D('',#2651,#2160,#2161);
#1837=AXIS2_PLACEMENT_3D('',#2652,#2162,#2163);
#1838=AXIS2_PLACEMENT_3D('',#2653,#2164,#2165);
#1839=AXIS2_PLACEMENT_3D('',#2654,#2166,#2167);
#1840=AXIS2_PLACEMENT_3D('',#2655,#2168,#2169);
#1841=AXIS2_PLACEMENT_3D('',#2665,#2175,#2176);
#1842=AXIS2_PLACEMENT_3D('',#2675,#2182,#2183);
#1843=AXIS2_PLACEMENT_3D('',#2684,#2188,#2189);
#1844=AXIS2_PLACEMENT_3D('',#2686,#2191,#2192);
#1845=AXIS2_PLACEMENT_3D('',#2688,#2194,#2195);
#1846=AXIS2_PLACEMENT_3D('',#2691,#2198,#2199);
#1847=AXIS2_PLACEMENT_3D('',#2693,#2201,#2202);
#1848=AXIS2_PLACEMENT_3D('',#2695,#2204,#2205);
#1849=AXIS2_PLACEMENT_3D('',#2696,#2206,#2207);
#1850=AXIS2_PLACEMENT_3D('',#2699,#2210,#2211);
#1851=AXIS2_PLACEMENT_3D('',#2701,#2213,#2214);
#1852=AXIS2_PLACEMENT_3D('',#2703,#2216,#2217);
#1853=AXIS2_PLACEMENT_3D('',#2704,#2218,#2219);
#1854=AXIS2_PLACEMENT_3D('',#2713,#2224,#2225);
#1855=AXIS2_PLACEMENT_3D('',#2719,#2229,#2230);
#1856=AXIS2_PLACEMENT_3D('',#2725,#2234,#2235);
#1857=AXIS2_PLACEMENT_3D('',#2727,#2237,#2238);
#1858=AXIS2_PLACEMENT_3D('',#2729,#2240,#2241);
#1859=AXIS2_PLACEMENT_3D('',#2730,#2242,#2243);
#1860=AXIS2_PLACEMENT_3D('',#2731,#2244,#2245);
#1861=AXIS2_PLACEMENT_3D('',#2732,#2246,#2247);
#1862=AXIS2_PLACEMENT_3D('',#2733,#2248,#2249);
#1863=AXIS2_PLACEMENT_3D('',#2734,#2250,#2251);
#1864=AXIS2_PLACEMENT_3D('',#2744,#2257,#2258);
#1865=AXIS2_PLACEMENT_3D('',#2754,#2264,#2265);
#1866=AXIS2_PLACEMENT_3D('',#2763,#2270,#2271);
#1867=AXIS2_PLACEMENT_3D('',#2765,#2273,#2274);
#1868=AXIS2_PLACEMENT_3D('',#2767,#2276,#2277);
#1869=AXIS2_PLACEMENT_3D('',#2770,#2280,#2281);
#1870=AXIS2_PLACEMENT_3D('',#2772,#2283,#2284);
#1871=AXIS2_PLACEMENT_3D('',#2774,#2286,#2287);
#1872=AXIS2_PLACEMENT_3D('',#2775,#2288,#2289);
#1873=AXIS2_PLACEMENT_3D('',#2778,#2292,#2293);
#1874=AXIS2_PLACEMENT_3D('',#2780,#2295,#2296);
#1875=AXIS2_PLACEMENT_3D('',#2782,#2298,#2299);
#1876=DIRECTION('axis',(0.,0.,1.));
#1877=DIRECTION('refdir',(1.,0.,0.));
#1878=DIRECTION('center_axis',(0.,-1.,0.));
#1879=DIRECTION('ref_axis',(0.,0.,-1.));
#1880=DIRECTION('',(0.,0.,-1.));
#1881=DIRECTION('',(-1.,0.,0.));
#1882=DIRECTION('',(0.,0.,-1.));
#1883=DIRECTION('',(-1.,0.,0.));
#1884=DIRECTION('',(0.,0.,-1.));
#1885=DIRECTION('',(-1.,0.,0.));
#1886=DIRECTION('',(0.,0.,1.));
#1887=DIRECTION('',(-1.,0.,0.));
#1888=DIRECTION('',(0.,0.,1.));
#1889=DIRECTION('',(-1.,0.,0.));
#1890=DIRECTION('',(0.,0.,-1.));
#1891=DIRECTION('',(-1.,0.,0.));
#1892=DIRECTION('',(0.,0.,-1.));
#1893=DIRECTION('',(1.,0.,0.));
#1894=DIRECTION('',(0.,0.,-1.));
#1895=DIRECTION('',(-1.,0.,0.));
#1896=DIRECTION('center_axis',(7.25473852002182E-32,-1.,-5.10212787052001E-16));
#1897=DIRECTION('ref_axis',(0.,5.10212787052001E-16,-1.));
#1898=DIRECTION('',(0.,-5.10212787052001E-16,1.));
#1899=DIRECTION('',(-0.986393923832144,0.,-0.164398987305358));
#1900=DIRECTION('',(0.,-7.88510670898549E-16,1.));
#1901=DIRECTION('',(-1.,0.,-1.42190448850558E-16));
#1902=DIRECTION('',(0.,7.88510670898548E-16,-1.));
#1903=DIRECTION('',(-0.986393923832143,0.,0.164398987305359));
#1904=DIRECTION('',(0.,7.65319180578004E-16,-1.));
#1905=DIRECTION('',(0.986393923832144,0.,0.164398987305358));
#1906=DIRECTION('',(0.,7.88510670898548E-16,-1.));
#1907=DIRECTION('',(1.,0.,0.));
#1908=DIRECTION('',(0.,-7.88510670898549E-16,1.));
#1909=DIRECTION('',(0.986393923832144,0.,-0.164398987305358));
#1910=DIRECTION('',(-1.,0.,0.));
#1911=DIRECTION('',(0.,5.10212787052001E-16,-1.));
#1912=DIRECTION('',(-1.,0.,0.));
#1913=DIRECTION('',(0.,5.10212787052001E-16,-1.));
#1914=DIRECTION('',(0.,5.10212787052001E-16,-1.));
#1915=DIRECTION('',(-1.,0.,0.));
#1916=DIRECTION('',(0.,5.10212787052001E-16,-1.));
#1917=DIRECTION('',(-1.,0.,0.));
#1918=DIRECTION('center_axis',(0.,0.,1.));
#1919=DIRECTION('ref_axis',(1.,0.,0.));
#1920=DIRECTION('',(1.,0.,0.));
#1921=DIRECTION('',(0.,-1.,0.));
#1922=DIRECTION('',(0.,-1.,0.));
#1923=DIRECTION('',(1.,0.,0.));
#1924=DIRECTION('',(0.,-1.,0.));
#1925=DIRECTION('',(0.,-1.,0.));
#1926=DIRECTION('',(1.,0.,0.));
#1927=DIRECTION('',(0.,-1.,0.));
#1928=DIRECTION('',(0.,-1.,0.));
#1929=DIRECTION('center_axis',(0.,1.22369390054192E-16,-1.));
#1930=DIRECTION('ref_axis',(-1.,0.,0.));
#1931=DIRECTION('',(0.,1.,1.22369390054192E-16));
#1932=DIRECTION('',(1.,0.,0.));
#1933=DIRECTION('',(0.,1.,1.22369390054192E-16));
#1934=DIRECTION('',(-1.,0.,0.));
#1935=DIRECTION('',(1.,0.,0.));
#1936=DIRECTION('',(0.,1.,1.22369390054192E-16));
#1937=DIRECTION('',(-1.,0.,0.));
#1938=DIRECTION('',(0.,1.,1.22369390054192E-16));
#1939=DIRECTION('',(1.,0.,0.));
#1940=DIRECTION('',(0.,1.,1.22369390054192E-16));
#1941=DIRECTION('',(-1.,0.,0.));
#1942=DIRECTION('',(0.,1.,1.22369390054192E-16));
#1943=DIRECTION('',(7.54227598250786E-16,1.,9.78955120433538E-16));
#1944=DIRECTION('',(-1.,0.,0.));
#1945=DIRECTION('',(-7.54227598250786E-16,-1.,-9.78955120433538E-16));
#1946=DIRECTION('',(1.,0.,0.));
#1947=DIRECTION('center_axis',(0.,1.,0.));
#1948=DIRECTION('ref_axis',(1.,0.,0.));
#1949=DIRECTION('',(0.,-1.35525271560688E-16,1.));
#1950=DIRECTION('',(1.,0.,0.));
#1951=DIRECTION('',(0.,0.,-1.));
#1952=DIRECTION('',(-1.,0.,0.));
#1953=DIRECTION('',(0.,0.,-1.));
#1954=DIRECTION('',(-1.,0.,0.));
#1955=DIRECTION('center_axis',(0.,1.35525271560688E-16,-1.));
#1956=DIRECTION('ref_axis',(-1.,0.,0.));
#1957=DIRECTION('',(0.,-1.,-7.2280144832367E-16));
#1958=DIRECTION('',(-1.,-5.53635151907492E-16,0.));
#1959=DIRECTION('',(0.,1.,7.22801448323669E-16));
#1960=DIRECTION('',(0.,-1.,-1.35525271560688E-16));
#1961=DIRECTION('',(0.,-1.,-1.35525271560688E-16));
#1962=DIRECTION('',(-1.,0.,0.));
#1963=DIRECTION('center_axis',(0.,-6.29536745314164E-16,1.));
#1964=DIRECTION('ref_axis',(0.,-1.,-6.29536745314164E-16));
#1965=DIRECTION('',(0.,1.,6.29536745314164E-16));
#1966=DIRECTION('',(-1.,0.,0.));
#1967=DIRECTION('',(0.,1.,6.29536745314164E-16));
#1968=DIRECTION('',(0.,1.,6.29536745314164E-16));
#1969=DIRECTION('',(-1.,0.,0.));
#1970=DIRECTION('',(0.,-1.,-6.29536745314164E-16));
#1971=DIRECTION('',(-1.,-5.53635151907491E-16,-3.48533671623355E-31));
#1972=DIRECTION('center_axis',(0.,-2.6612235142826E-16,1.));
#1973=DIRECTION('ref_axis',(0.,-1.,-2.6612235142826E-16));
#1974=DIRECTION('',(0.,1.,-1.97127667724637E-17));
#1975=DIRECTION('',(-1.,0.,0.));
#1976=DIRECTION('',(0.,1.,2.6612235142826E-16));
#1977=DIRECTION('',(-1.,0.,0.));
#1978=DIRECTION('center_axis',(0.,-1.,0.));
#1979=DIRECTION('ref_axis',(0.,0.,-1.));
#1980=DIRECTION('',(0.,0.,1.));
#1981=DIRECTION('',(0.,0.,1.));
#1982=DIRECTION('',(-1.,0.,0.));
#1983=DIRECTION('center_axis',(0.,-0.35897907930887,-0.933345606203059));
#1984=DIRECTION('ref_axis',(0.,-0.933345606203059,0.35897907930887));
#1985=DIRECTION('',(0.,-0.933345606203059,0.35897907930887));
#1986=DIRECTION('',(0.,-0.933345606203059,0.35897907930887));
#1987=DIRECTION('center_axis',(0.,1.,6.29536745314164E-16));
#1988=DIRECTION('ref_axis',(0.,6.29536745314164E-16,-1.));
#1989=DIRECTION('',(-1.,0.,0.));
#1990=DIRECTION('',(0.,6.29536745314164E-16,-1.));
#1991=DIRECTION('',(0.,-7.65319180578004E-16,1.));
#1992=DIRECTION('',(0.,6.29536745314164E-16,-1.));
#1993=DIRECTION('',(-1.,8.95141123841403E-32,-1.42190448850558E-16));
#1994=DIRECTION('',(0.,-6.29536745314164E-16,1.));
#1995=DIRECTION('',(0.,5.10212787052001E-16,-1.));
#1996=DIRECTION('',(0.,-6.29536745314164E-16,1.));
#1997=DIRECTION('',(-1.,0.,0.));
#1998=DIRECTION('',(0.,6.29536745314164E-16,-1.));
#1999=DIRECTION('',(0.,0.,-1.));
#2000=DIRECTION('',(0.,0.,-1.));
#2001=DIRECTION('',(-1.,0.,0.));
#2002=DIRECTION('',(0.,6.29536745314164E-16,-1.));
#2003=DIRECTION('center_axis',(0.,0.,-1.));
#2004=DIRECTION('ref_axis',(0.,-1.,0.));
#2005=DIRECTION('',(0.832050294337844,0.554700196225228,0.));
#2006=DIRECTION('',(0.,-1.,-6.29536745314164E-16));
#2007=DIRECTION('',(-1.,0.,0.));
#2008=DIRECTION('',(0.,-1.,0.));
#2009=DIRECTION('center_axis',(0.,-2.6612235142826E-16,1.));
#2010=DIRECTION('ref_axis',(0.,-1.,-2.6612235142826E-16));
#2011=DIRECTION('',(0.,1.,-1.97127667724637E-17));
#2012=DIRECTION('',(-1.,0.,0.));
#2013=DIRECTION('',(0.,1.,2.6612235142826E-16));
#2014=DIRECTION('center_axis',(0.,-1.,0.));
#2015=DIRECTION('ref_axis',(0.,0.,-1.));
#2016=DIRECTION('',(0.,0.,1.));
#2017=DIRECTION('',(-1.,0.,0.));
#2018=DIRECTION('',(0.,0.,1.));
#2019=DIRECTION('center_axis',(0.,-0.35897907930887,-0.933345606203059));
#2020=DIRECTION('ref_axis',(0.,-0.933345606203059,0.35897907930887));
#2021=DIRECTION('',(0.,-0.933345606203059,0.35897907930887));
#2022=DIRECTION('',(0.,-0.933345606203059,0.35897907930887));
#2023=DIRECTION('center_axis',(0.,1.,0.));
#2024=DIRECTION('ref_axis',(1.,0.,0.));
#2025=DIRECTION('',(0.,0.,1.));
#2026=DIRECTION('',(1.,0.,0.));
#2027=DIRECTION('',(0.,-1.35525271560688E-16,1.));
#2028=DIRECTION('',(0.,0.,-1.));
#2029=DIRECTION('center_axis',(0.,0.,-1.));
#2030=DIRECTION('ref_axis',(0.,-1.,0.));
#2031=DIRECTION('',(0.,-1.,-6.29536745314164E-16));
#2032=DIRECTION('',(0.832050294337844,-0.554700196225229,0.));
#2033=DIRECTION('',(0.,-1.,0.));
#2034=DIRECTION('center_axis',(1.,0.,0.));
#2035=DIRECTION('ref_axis',(0.,1.,0.));
#2036=DIRECTION('center_axis',(1.,0.,0.));
#2037=DIRECTION('ref_axis',(0.,1.,0.));
#2038=DIRECTION('center_axis',(-1.,0.,0.));
#2039=DIRECTION('ref_axis',(0.,0.,1.));
#2040=DIRECTION('',(0.,1.,6.29536745314164E-16));
#2041=DIRECTION('',(0.,1.,6.29536745314164E-16));
#2042=DIRECTION('center_axis',(0.164398987305358,6.20971220406955E-16,-0.986393923832144));
#2043=DIRECTION('ref_axis',(-4.93038065763132E-32,-1.,-6.29536745314164E-16));
#2044=DIRECTION('',(0.824163383692134,0.549442255794757,0.13736056394869));
#2045=DIRECTION('',(0.,1.,6.29536745314164E-16));
#2046=DIRECTION('center_axis',(-1.,0.,0.));
#2047=DIRECTION('ref_axis',(0.,0.,1.));
#2048=DIRECTION('',(0.,6.29536745314164E-16,-1.));
#2049=DIRECTION('',(0.,1.,6.29536745314164E-16));
#2050=DIRECTION('center_axis',(1.42190448850558E-16,6.29536745314164E-16,
-1.));
#2051=DIRECTION('ref_axis',(-1.,0.,-1.42190448850558E-16));
#2052=DIRECTION('',(1.,-8.95141123841403E-32,1.42190448850558E-16));
#2053=DIRECTION('',(0.,1.,6.29536745314164E-16));
#2054=DIRECTION('',(1.,0.,1.42190448850558E-16));
#2055=DIRECTION('',(-7.54227598250786E-16,-1.,-6.29536745314164E-16));
#2056=DIRECTION('',(-1.,0.,-1.42190448850558E-16));
#2057=DIRECTION('',(7.54227598250786E-16,1.,6.29536745314164E-16));
#2058=DIRECTION('center_axis',(1.,0.,0.));
#2059=DIRECTION('ref_axis',(0.,1.,0.));
#2060=DIRECTION('',(0.,-6.29536745314164E-16,1.));
#2061=DIRECTION('',(0.,1.,6.29536745314164E-16));
#2062=DIRECTION('center_axis',(-0.164398987305359,6.20971220406955E-16,
-0.986393923832144));
#2063=DIRECTION('ref_axis',(-0.986393923832144,0.,0.164398987305359));
#2064=DIRECTION('',(0.824163383692133,-0.549442255794757,-0.137360563948691));
#2065=DIRECTION('',(0.,1.,6.29536745314164E-16));
#2066=DIRECTION('center_axis',(1.,0.,0.));
#2067=DIRECTION('ref_axis',(0.,1.,0.));
#2068=DIRECTION('',(0.,1.,6.29536745314164E-16));
#2069=DIRECTION('center_axis',(-0.164398987305358,-6.20971220406955E-16,
0.986393923832144));
#2070=DIRECTION('ref_axis',(-3.77722047188497E-15,1.,-5.91645678915759E-31));
#2071=DIRECTION('',(-0.824163383692134,0.549442255794756,-0.13736056394869));
#2072=DIRECTION('',(0.,1.,6.29536745314164E-16));
#2073=DIRECTION('center_axis',(1.,0.,0.));
#2074=DIRECTION('ref_axis',(0.,1.,0.));
#2075=DIRECTION('',(0.,-6.29536745314164E-16,1.));
#2076=DIRECTION('',(0.,0.707106781186547,-0.707106781186547));
#2077=DIRECTION('center_axis',(-1.,0.,0.));
#2078=DIRECTION('ref_axis',(0.,0.,1.));
#2079=DIRECTION('',(0.,6.29536745314164E-16,-1.));
#2080=DIRECTION('',(0.,1.,6.29536745314164E-16));
#2081=DIRECTION('',(0.,-0.707106781186547,0.707106781186547));
#2082=DIRECTION('center_axis',(0.164398987305358,-6.20971220406955E-16,
0.986393923832144));
#2083=DIRECTION('ref_axis',(-3.77722047188497E-15,-1.,5.91645678915759E-31));
#2084=DIRECTION('',(-0.824163383692135,-0.549442255794755,0.137360563948689));
#2085=DIRECTION('center_axis',(0.,1.,0.));
#2086=DIRECTION('ref_axis',(1.,0.,0.));
#2087=DIRECTION('',(0.,0.,1.));
#2088=DIRECTION('',(0.,0.,1.));
#2089=DIRECTION('center_axis',(1.,0.,0.));
#2090=DIRECTION('ref_axis',(0.,1.,0.));
#2091=DIRECTION('center_axis',(1.,0.,0.));
#2092=DIRECTION('ref_axis',(0.,1.,0.));
#2093=DIRECTION('center_axis',(1.,0.,0.));
#2094=DIRECTION('ref_axis',(0.,1.,0.));
#2095=DIRECTION('',(0.,-0.707106781186547,0.707106781186547));
#2096=DIRECTION('',(0.,1.35525271560688E-16,-1.));
#2097=DIRECTION('',(0.,0.707106781186548,-0.707106781186547));
#2098=DIRECTION('center_axis',(-1.,0.,0.));
#2099=DIRECTION('ref_axis',(0.,0.,1.));
#2100=DIRECTION('',(0.,0.707106781186547,-0.707106781186547));
#2101=DIRECTION('',(0.,-0.707106781186548,0.707106781186547));
#2102=DIRECTION('',(0.,1.35525271560688E-16,-1.));
#2103=DIRECTION('center_axis',(-5.53635151907491E-16,1.,1.35525271560688E-16));
#2104=DIRECTION('ref_axis',(1.,5.53635151907491E-16,0.));
#2105=DIRECTION('',(1.,5.53635151907491E-16,3.48533671623355E-31));
#2106=DIRECTION('center_axis',(-1.,7.54227598250786E-16,0.));
#2107=DIRECTION('ref_axis',(0.,0.,1.));
#2108=DIRECTION('',(0.,0.,1.));
#2109=DIRECTION('',(0.,0.,1.));
#2110=DIRECTION('center_axis',(0.,1.,0.));
#2111=DIRECTION('ref_axis',(1.,0.,0.));
#2112=DIRECTION('',(0.,0.,1.));
#2113=DIRECTION('center_axis',(1.,-7.54227598250786E-16,0.));
#2114=DIRECTION('ref_axis',(-7.54227598250786E-16,-1.,0.));
#2115=DIRECTION('',(0.,0.,1.));
#2116=DIRECTION('center_axis',(0.,-1.,0.));
#2117=DIRECTION('ref_axis',(0.,0.,-1.));
#2118=DIRECTION('center_axis',(-0.55470019622523,0.832050294337843,5.23806234235138E-16));
#2119=DIRECTION('ref_axis',(9.44305117971244E-16,4.93038065763132E-32,1.));
#2120=DIRECTION('',(-0.727606875108999,-0.485071250072666,-0.485071250072666));
#2121=DIRECTION('center_axis',(1.00543830602189E-16,0.707106781186547,-0.707106781186548));
#2122=DIRECTION('ref_axis',(-1.,-1.84889274661175E-31,-1.42190448850559E-16));
#2123=DIRECTION('',(0.727606875108998,-0.485071250072667,-0.485071250072666));
#2124=DIRECTION('center_axis',(0.55470019622523,0.832050294337843,5.23806234235138E-16));
#2125=DIRECTION('ref_axis',(9.44305117971244E-16,-4.93038065763132E-32,
-1.));
#2126=DIRECTION('center_axis',(0.554700196225229,0.832050294337844,5.23806234235138E-16));
#2127=DIRECTION('ref_axis',(9.44305117971246E-16,-1.97215226305253E-31,
-1.));
#2128=DIRECTION('center_axis',(-0.554700196225228,0.832050294337844,5.23806234235138E-16));
#2129=DIRECTION('ref_axis',(9.44305117971247E-16,-1.4791141972894E-31,1.));
#2130=DIRECTION('center_axis',(0.,0.707106781186548,0.707106781186548));
#2131=DIRECTION('ref_axis',(1.,0.,0.));
#2132=DIRECTION('center_axis',(0.,0.707106781186548,0.707106781186548));
#2133=DIRECTION('ref_axis',(1.,0.,0.));
#2134=DIRECTION('center_axis',(-3.91479170217032E-16,0.707106781186547,
0.707106781186548));
#2135=DIRECTION('ref_axis',(1.,5.53635151907493E-16,-2.95822839457879E-31));
#2136=DIRECTION('center_axis',(0.,0.,1.));
#2137=DIRECTION('ref_axis',(1.,0.,0.));
#2138=DIRECTION('',(1.,0.,0.));
#2139=DIRECTION('',(0.,-1.,0.));
#2140=DIRECTION('',(-1.,0.,0.));
#2141=DIRECTION('',(0.,1.,0.));
#2142=DIRECTION('center_axis',(-1.,0.,0.));
#2143=DIRECTION('ref_axis',(0.,0.,1.));
#2144=DIRECTION('',(0.,-2.47817639425258E-16,1.));
#2145=DIRECTION('',(0.,-1.,0.));
#2146=DIRECTION('',(0.,0.,-1.));
#2147=DIRECTION('center_axis',(-1.,0.,0.));
#2148=DIRECTION('ref_axis',(0.,0.,1.));
#2149=DIRECTION('',(0.,0.,-1.));
#2150=DIRECTION('',(0.,1.,0.));
#2151=DIRECTION('',(0.,-2.47817639425258E-16,1.));
#2152=DIRECTION('center_axis',(0.,-1.,-2.47817639425258E-16));
#2153=DIRECTION('ref_axis',(0.,2.47817639425258E-16,-1.));
#2154=DIRECTION('',(-1.,0.,0.));
#2155=DIRECTION('center_axis',(0.,1.,0.));
#2156=DIRECTION('ref_axis',(1.,0.,0.));
#2157=DIRECTION('',(1.,0.,0.));
#2158=DIRECTION('center_axis',(-1.,0.,0.));
#2159=DIRECTION('ref_axis',(0.,0.,1.));
#2160=DIRECTION('center_axis',(1.,0.,0.));
#2161=DIRECTION('ref_axis',(0.,1.,0.));
#2162=DIRECTION('center_axis',(-1.,0.,0.));
#2163=DIRECTION('ref_axis',(0.,0.,1.));
#2164=DIRECTION('center_axis',(1.,0.,0.));
#2165=DIRECTION('ref_axis',(0.,1.,0.));
#2166=DIRECTION('center_axis',(1.,0.,0.));
#2167=DIRECTION('ref_axis',(0.,0.,1.));
#2168=DIRECTION('center_axis',(-1.,0.,0.));
#2169=DIRECTION('ref_axis',(0.,0.,1.));
#2170=DIRECTION('',(0.,0.,-1.));
#2171=DIRECTION('',(0.,0.97780241407741,-0.209529088730874));
#2172=DIRECTION('',(0.,1.,0.));
#2173=DIRECTION('',(0.,-1.,-1.92747052886312E-16));
#2174=DIRECTION('',(0.,-0.98058067569092,-0.196116135138184));
#2175=DIRECTION('center_axis',(-1.,0.,0.));
#2176=DIRECTION('ref_axis',(0.,0.,1.));
#2177=DIRECTION('',(0.,1.,0.));
#2178=DIRECTION('',(0.,-0.97780241407741,0.209529088730874));
#2179=DIRECTION('',(0.,0.,1.));
#2180=DIRECTION('',(0.,0.98058067569092,0.196116135138184));
#2181=DIRECTION('',(0.,-1.,-1.92747052886312E-16));
#2182=DIRECTION('center_axis',(0.,1.,0.));
#2183=DIRECTION('ref_axis',(1.,0.,0.));
#2184=DIRECTION('',(0.,0.,-1.));
#2185=DIRECTION('',(1.,0.,0.));
#2186=DIRECTION('',(0.,0.,1.));
#2187=DIRECTION('',(-1.,0.,0.));
#2188=DIRECTION('center_axis',(0.,0.,1.));
#2189=DIRECTION('ref_axis',(1.,0.,0.));
#2190=DIRECTION('',(-1.,0.,0.));
#2191=DIRECTION('center_axis',(0.,1.92747052886312E-16,-1.));
#2192=DIRECTION('ref_axis',(-1.,0.,0.));
#2193=DIRECTION('',(1.,0.,0.));
#2194=DIRECTION('center_axis',(0.,-0.992277876713668,0.124034734589209));
#2195=DIRECTION('ref_axis',(-1.,0.,0.));
#2196=DIRECTION('',(0.178980130425605,-0.122031907108368,-0.976255256866936));
#2197=DIRECTION('',(0.178980130425605,0.122031907108368,0.976255256866936));
#2198=DIRECTION('center_axis',(-0.983606557377049,0.,0.180327868852459));
#2199=DIRECTION('ref_axis',(0.,1.,0.));
#2200=DIRECTION('',(0.178980130425605,-0.122031907108368,0.976255256866936));
#2201=DIRECTION('center_axis',(-0.983606557377049,0.,-0.180327868852459));
#2202=DIRECTION('ref_axis',(-0.180327868852459,0.,0.983606557377049));
#2203=DIRECTION('',(0.178980130425605,0.122031907108368,-0.976255256866936));
#2204=DIRECTION('center_axis',(0.,0.992277876713668,0.124034734589209));
#2205=DIRECTION('ref_axis',(1.,0.,0.));
#2206=DIRECTION('center_axis',(-0.96420539280379,-0.265156483021042,0.));
#2207=DIRECTION('ref_axis',(-0.265156483021042,0.96420539280379,0.));
#2208=DIRECTION('',(-0.259671722119576,0.944260807707548,-0.202341601651618));
#2209=DIRECTION('',(0.260359587582133,-0.946762136662302,-0.189352427332461));
#2210=DIRECTION('center_axis',(0.,0.196116135138185,-0.98058067569092));
#2211=DIRECTION('ref_axis',(-1.,0.,0.));
#2212=DIRECTION('',(-0.260359587582133,-0.946762136662302,-0.189352427332461));
#2213=DIRECTION('center_axis',(0.,0.209529088730874,0.977802414077409));
#2214=DIRECTION('ref_axis',(1.,0.,0.));
#2215=DIRECTION('',(0.259671722119576,0.944260807707548,-0.202341601651618));
#2216=DIRECTION('center_axis',(-0.96420539280379,0.265156483021042,0.));
#2217=DIRECTION('ref_axis',(0.,0.,1.));
#2218=DIRECTION('center_axis',(0.,0.,1.));
#2219=DIRECTION('ref_axis',(1.,0.,0.));
#2220=DIRECTION('',(1.,0.,0.));
#2221=DIRECTION('',(0.,-1.,0.));
#2222=DIRECTION('',(-1.,0.,0.));
#2223=DIRECTION('',(0.,1.,0.));
#2224=DIRECTION('center_axis',(-1.,0.,0.));
#2225=DIRECTION('ref_axis',(0.,0.,1.));
#2226=DIRECTION('',(0.,-2.47817639425258E-16,1.));
#2227=DIRECTION('',(0.,-1.,0.));
#2228=DIRECTION('',(0.,0.,-1.));
#2229=DIRECTION('center_axis',(-1.,0.,0.));
#2230=DIRECTION('ref_axis',(0.,0.,1.));
#2231=DIRECTION('',(0.,0.,-1.));
#2232=DIRECTION('',(0.,1.,0.));
#2233=DIRECTION('',(0.,-2.47817639425258E-16,1.));
#2234=DIRECTION('center_axis',(0.,-1.,-2.47817639425258E-16));
#2235=DIRECTION('ref_axis',(0.,2.47817639425258E-16,-1.));
#2236=DIRECTION('',(-1.,0.,0.));
#2237=DIRECTION('center_axis',(0.,1.,0.));
#2238=DIRECTION('ref_axis',(1.,0.,0.));
#2239=DIRECTION('',(1.,0.,0.));
#2240=DIRECTION('center_axis',(-1.,0.,0.));
#2241=DIRECTION('ref_axis',(0.,0.,1.));
#2242=DIRECTION('center_axis',(1.,0.,0.));
#2243=DIRECTION('ref_axis',(0.,1.,0.));
#2244=DIRECTION('center_axis',(-1.,0.,0.));
#2245=DIRECTION('ref_axis',(0.,0.,1.));
#2246=DIRECTION('center_axis',(1.,0.,0.));
#2247=DIRECTION('ref_axis',(0.,1.,0.));
#2248=DIRECTION('center_axis',(1.,0.,0.));
#2249=DIRECTION('ref_axis',(0.,0.,1.));
#2250=DIRECTION('center_axis',(-1.,0.,0.));
#2251=DIRECTION('ref_axis',(0.,0.,1.));
#2252=DIRECTION('',(0.,0.,-1.));
#2253=DIRECTION('',(0.,0.97780241407741,-0.209529088730874));
#2254=DIRECTION('',(0.,1.,0.));
#2255=DIRECTION('',(0.,-1.,-1.92747052886312E-16));
#2256=DIRECTION('',(0.,-0.98058067569092,-0.196116135138184));
#2257=DIRECTION('center_axis',(-1.,0.,0.));
#2258=DIRECTION('ref_axis',(0.,0.,1.));
#2259=DIRECTION('',(0.,1.,0.));
#2260=DIRECTION('',(0.,-0.97780241407741,0.209529088730874));
#2261=DIRECTION('',(0.,0.,1.));
#2262=DIRECTION('',(0.,0.98058067569092,0.196116135138184));
#2263=DIRECTION('',(0.,-1.,-1.92747052886312E-16));
#2264=DIRECTION('center_axis',(0.,1.,0.));
#2265=DIRECTION('ref_axis',(1.,0.,0.));
#2266=DIRECTION('',(0.,0.,-1.));
#2267=DIRECTION('',(1.,0.,0.));
#2268=DIRECTION('',(0.,0.,1.));
#2269=DIRECTION('',(-1.,0.,0.));
#2270=DIRECTION('center_axis',(0.,0.,1.));
#2271=DIRECTION('ref_axis',(1.,0.,0.));
#2272=DIRECTION('',(-1.,0.,0.));
#2273=DIRECTION('center_axis',(0.,1.92747052886312E-16,-1.));
#2274=DIRECTION('ref_axis',(-1.,0.,0.));
#2275=DIRECTION('',(1.,0.,0.));
#2276=DIRECTION('center_axis',(0.,-0.992277876713668,0.124034734589209));
#2277=DIRECTION('ref_axis',(-1.,0.,0.));
#2278=DIRECTION('',(0.178980130425605,-0.122031907108368,-0.976255256866936));
#2279=DIRECTION('',(0.178980130425605,0.122031907108368,0.976255256866936));
#2280=DIRECTION('center_axis',(-0.983606557377049,0.,0.180327868852459));
#2281=DIRECTION('ref_axis',(0.,1.,0.));
#2282=DIRECTION('',(0.178980130425605,-0.122031907108368,0.976255256866936));
#2283=DIRECTION('center_axis',(-0.983606557377049,0.,-0.180327868852459));
#2284=DIRECTION('ref_axis',(-0.180327868852459,0.,0.983606557377049));
#2285=DIRECTION('',(0.178980130425605,0.122031907108368,-0.976255256866936));
#2286=DIRECTION('center_axis',(0.,0.992277876713668,0.124034734589209));
#2287=DIRECTION('ref_axis',(1.,0.,0.));
#2288=DIRECTION('center_axis',(-0.96420539280379,-0.265156483021042,0.));
#2289=DIRECTION('ref_axis',(-0.265156483021042,0.96420539280379,0.));
#2290=DIRECTION('',(-0.259671722119576,0.944260807707548,-0.202341601651618));
#2291=DIRECTION('',(0.260359587582133,-0.946762136662302,-0.189352427332461));
#2292=DIRECTION('center_axis',(0.,0.196116135138185,-0.98058067569092));
#2293=DIRECTION('ref_axis',(-1.,0.,0.));
#2294=DIRECTION('',(-0.260359587582133,-0.946762136662302,-0.189352427332461));
#2295=DIRECTION('center_axis',(0.,0.209529088730874,0.977802414077409));
#2296=DIRECTION('ref_axis',(1.,0.,0.));
#2297=DIRECTION('',(0.259671722119576,0.944260807707548,-0.202341601651618));
#2298=DIRECTION('center_axis',(-0.96420539280379,0.265156483021042,0.));
#2299=DIRECTION('ref_axis',(0.,0.,1.));
#2300=CARTESIAN_POINT('',(0.,0.,0.));
#2301=CARTESIAN_POINT('Origin',(2.125,5.2,2.2));
#2302=CARTESIAN_POINT('',(-0.465,5.2,1.325));
#2303=CARTESIAN_POINT('',(-0.465,5.2,0.975000000000003));
#2304=CARTESIAN_POINT('',(-0.465,5.2,2.2));
#2305=CARTESIAN_POINT('',(-0.785,5.2,1.325));
#2306=CARTESIAN_POINT('',(-0.465,5.2,1.325));
#2307=CARTESIAN_POINT('',(-0.785,5.2,0.975000000000001));
#2308=CARTESIAN_POINT('',(-0.785,5.2,2.2));
#2309=CARTESIAN_POINT('',(-1.375,5.2,0.975000000000003));
#2310=CARTESIAN_POINT('',(1.375,5.2,0.975000000000003));
#2311=CARTESIAN_POINT('',(-1.375,5.2,2.2));
#2312=CARTESIAN_POINT('',(-1.375,5.2,2.2));
#2313=CARTESIAN_POINT('',(-2.125,5.2,2.2));
#2314=CARTESIAN_POINT('',(2.125,5.2,2.2));
#2315=CARTESIAN_POINT('',(-2.125,5.2,3.2));
#2316=CARTESIAN_POINT('',(-2.125,5.2,2.2));
#2317=CARTESIAN_POINT('',(2.125,5.2,3.2));
#2318=CARTESIAN_POINT('',(2.125,5.2,3.2));
#2319=CARTESIAN_POINT('',(2.125,5.2,2.2));
#2320=CARTESIAN_POINT('',(2.125,5.2,2.2));
#2321=CARTESIAN_POINT('',(1.375,5.2,2.2));
#2322=CARTESIAN_POINT('',(2.125,5.2,2.2));
#2323=CARTESIAN_POINT('',(1.375,5.2,0.975000000000003));
#2324=CARTESIAN_POINT('',(1.375,5.2,2.2));
#2325=CARTESIAN_POINT('',(0.785,5.2,0.975000000000003));
#2326=CARTESIAN_POINT('',(1.375,5.2,0.975000000000003));
#2327=CARTESIAN_POINT('',(0.785,5.2,1.325));
#2328=CARTESIAN_POINT('',(0.785,5.2,2.2));
#2329=CARTESIAN_POINT('',(0.465,5.2,1.325));
#2330=CARTESIAN_POINT('',(0.785,5.2,1.325));
#2331=CARTESIAN_POINT('',(0.465,5.2,0.975000000000001));
#2332=CARTESIAN_POINT('',(0.465,5.2,2.2));
#2333=CARTESIAN_POINT('',(1.375,5.2,0.975000000000003));
#2334=CARTESIAN_POINT('Origin',(-7.25473852002183E-32,3.95,2.36734618572879E-15));
#2335=CARTESIAN_POINT('',(-1.825,3.95,1.175));
#2336=CARTESIAN_POINT('',(-1.825,3.95,2.025));
#2337=CARTESIAN_POINT('',(-1.825,3.95,2.025));
#2338=CARTESIAN_POINT('',(-1.525,3.95,1.225));
#2339=CARTESIAN_POINT('',(-1.825,3.95,1.175));
#2340=CARTESIAN_POINT('',(-1.525,3.95,0.400000000000002));
#2341=CARTESIAN_POINT('',(-1.525,3.95,1.225));
#2342=CARTESIAN_POINT('',(1.525,3.95,0.400000000000002));
#2343=CARTESIAN_POINT('',(-1.525,3.95,0.400000000000002));
#2344=CARTESIAN_POINT('',(1.525,3.95,1.225));
#2345=CARTESIAN_POINT('',(1.525,3.95,0.400000000000002));
#2346=CARTESIAN_POINT('',(1.825,3.95,1.175));
#2347=CARTESIAN_POINT('',(1.525,3.95,1.225));
#2348=CARTESIAN_POINT('',(1.825,3.95,2.025));
#2349=CARTESIAN_POINT('',(1.825,3.95,1.175));
#2350=CARTESIAN_POINT('',(1.525,3.95,1.975));
#2351=CARTESIAN_POINT('',(1.825,3.95,2.025));
#2352=CARTESIAN_POINT('',(1.525,3.95,2.8));
#2353=CARTESIAN_POINT('',(1.525,3.95,1.975));
#2354=CARTESIAN_POINT('',(-1.525,3.95,2.8));
#2355=CARTESIAN_POINT('',(1.525,3.95,2.8));
#2356=CARTESIAN_POINT('',(-1.525,3.95,1.975));
#2357=CARTESIAN_POINT('',(-1.525,3.95,2.8));
#2358=CARTESIAN_POINT('',(-1.525,3.95,1.975));
#2359=CARTESIAN_POINT('',(-0.465,3.95,1.525));
#2360=CARTESIAN_POINT('',(-0.785,3.95,1.525));
#2361=CARTESIAN_POINT('',(-0.465,3.95,1.525));
#2362=CARTESIAN_POINT('',(-0.465,3.95,0.775000000000001));
#2363=CARTESIAN_POINT('',(-0.465,3.95,2.36734618572879E-15));
#2364=CARTESIAN_POINT('',(-0.785,3.95,0.775000000000001));
#2365=CARTESIAN_POINT('',(-0.465,3.95,0.775000000000001));
#2366=CARTESIAN_POINT('',(-0.785,3.95,2.36734618572879E-15));
#2367=CARTESIAN_POINT('',(0.785,3.95,1.525));
#2368=CARTESIAN_POINT('',(0.785,3.95,0.775000000000001));
#2369=CARTESIAN_POINT('',(0.785,3.95,2.36734618572879E-15));
#2370=CARTESIAN_POINT('',(0.465,3.95,0.775000000000001));
#2371=CARTESIAN_POINT('',(0.785,3.95,0.775000000000001));
#2372=CARTESIAN_POINT('',(0.465,3.95,1.525));
#2373=CARTESIAN_POINT('',(0.465,3.95,2.36734618572879E-15));
#2374=CARTESIAN_POINT('',(0.785,3.95,1.525));
#2375=CARTESIAN_POINT('Origin',(1.375,5.2,0.975000000000003));
#2376=CARTESIAN_POINT('',(-0.785,5.61833001326704,0.975000000000003));
#2377=CARTESIAN_POINT('',(-0.465,5.61833001326704,0.975000000000003));
#2378=CARTESIAN_POINT('',(-0.465,5.61833001326704,0.975000000000003));
#2379=CARTESIAN_POINT('',(-0.465,5.2,0.975000000000003));
#2380=CARTESIAN_POINT('',(0.465,5.61833001326704,0.975000000000003));
#2381=CARTESIAN_POINT('',(0.465,5.2,0.975000000000003));
#2382=CARTESIAN_POINT('',(0.785,5.61833001326704,0.975000000000003));
#2383=CARTESIAN_POINT('',(0.785,5.61833001326704,0.975000000000003));
#2384=CARTESIAN_POINT('',(0.785,5.2,0.975000000000003));
#2385=CARTESIAN_POINT('',(1.375,5.8,0.975000000000003));
#2386=CARTESIAN_POINT('',(1.375,5.2,0.975000000000003));
#2387=CARTESIAN_POINT('',(-1.375,5.8,0.975000000000003));
#2388=CARTESIAN_POINT('',(1.375,5.8,0.975000000000003));
#2389=CARTESIAN_POINT('',(-1.375,5.2,0.975000000000003));
#2390=CARTESIAN_POINT('',(-0.785,5.2,0.975000000000003));
#2391=CARTESIAN_POINT('Origin',(1.375,5.8,3.09817316103834E-16));
#2392=CARTESIAN_POINT('',(-1.375,1.,-2.77555756156289E-16));
#2393=CARTESIAN_POINT('',(-1.375,5.8,3.25260651745651E-16));
#2394=CARTESIAN_POINT('',(-1.375,5.8,3.09817316103834E-16));
#2395=CARTESIAN_POINT('',(1.375,5.8,3.25260651745651E-16));
#2396=CARTESIAN_POINT('',(1.375,5.8,3.25260651745651E-16));
#2397=CARTESIAN_POINT('',(1.375,1.,-4.33680868994202E-16));
#2398=CARTESIAN_POINT('',(1.375,5.8,3.09817316103834E-16));
#2399=CARTESIAN_POINT('',(1.375,1.,-2.77555756156289E-16));
#2400=CARTESIAN_POINT('',(0.465,5.275,2.45573386325383E-16));
#2401=CARTESIAN_POINT('',(0.785,5.275,2.45573386325383E-16));
#2402=CARTESIAN_POINT('',(1.375,5.275,2.45573386325383E-16));
#2403=CARTESIAN_POINT('',(0.785,5.625,2.8840267284435E-16));
#2404=CARTESIAN_POINT('',(0.785,5.8,3.09817316103834E-16));
#2405=CARTESIAN_POINT('',(0.465,5.625,0.));
#2406=CARTESIAN_POINT('',(1.375,5.625,2.8840267284435E-16));
#2407=CARTESIAN_POINT('',(0.465,5.8,3.09817316103834E-16));
#2408=CARTESIAN_POINT('',(-0.785,5.275,2.45573386325383E-16));
#2409=CARTESIAN_POINT('',(-0.465,5.275,2.45573386325383E-16));
#2410=CARTESIAN_POINT('',(1.375,5.275,2.45573386325383E-16));
#2411=CARTESIAN_POINT('',(-0.465,5.625,2.8840267284435E-16));
#2412=CARTESIAN_POINT('',(-0.465,5.8,3.09817316103834E-16));
#2413=CARTESIAN_POINT('',(-0.785,5.625,0.));
#2414=CARTESIAN_POINT('',(1.375,5.625,2.8840267284435E-16));
#2415=CARTESIAN_POINT('',(-0.785,5.8,3.09817316103834E-16));
#2416=CARTESIAN_POINT('',(-0.550000000000001,2.45,-2.96968233734852E-15));
#2417=CARTESIAN_POINT('',(-0.55,3.6,-1.84388394884995E-15));
#2418=CARTESIAN_POINT('',(-0.550000000000001,2.45,-2.96968233734852E-15));
#2419=CARTESIAN_POINT('',(0.549999999999999,2.45,-1.0012014057771E-16));
#2420=CARTESIAN_POINT('',(0.549999999999999,2.45,-2.96968233734852E-15));
#2421=CARTESIAN_POINT('',(0.55,3.6,-1.84388394884995E-15));
#2422=CARTESIAN_POINT('',(0.55,3.6,-1.84388394884995E-15));
#2423=CARTESIAN_POINT('',(-0.55,3.6,-1.84388394884995E-15));
#2424=CARTESIAN_POINT('Origin',(2.125,2.,3.2));
#2425=CARTESIAN_POINT('',(1.175,2.,3.));
#2426=CARTESIAN_POINT('',(1.175,2.,3.2));
#2427=CARTESIAN_POINT('',(1.175,2.,-0.76000000000001));
#2428=CARTESIAN_POINT('',(1.525,2.,3.));
#2429=CARTESIAN_POINT('',(2.125,2.,3.));
#2430=CARTESIAN_POINT('',(1.525,2.,2.8));
#2431=CARTESIAN_POINT('',(1.525,2.,3.2));
#2432=CARTESIAN_POINT('',(2.125,2.,2.8));
#2433=CARTESIAN_POINT('',(2.125,2.,2.8));
#2434=CARTESIAN_POINT('',(2.125,2.,3.2));
#2435=CARTESIAN_POINT('',(2.125,2.,3.2));
#2436=CARTESIAN_POINT('',(2.125,2.,3.2));
#2437=CARTESIAN_POINT('Origin',(2.125,5.2,3.2));
#2438=CARTESIAN_POINT('',(-1.175,2.6,3.2));
#2439=CARTESIAN_POINT('',(-1.175,2.,3.2));
#2440=CARTESIAN_POINT('',(-1.175,2.6,3.2));
#2441=CARTESIAN_POINT('',(1.175,2.6,3.2));
#2442=CARTESIAN_POINT('',(1.175,2.6,3.2));
#2443=CARTESIAN_POINT('',(1.175,2.,3.2));
#2444=CARTESIAN_POINT('',(2.125,5.2,3.2));
#2445=CARTESIAN_POINT('',(-2.125,2.,3.2));
#2446=CARTESIAN_POINT('',(-2.125,5.2,3.2));
#2447=CARTESIAN_POINT('',(2.125,2.,3.2));
#2448=CARTESIAN_POINT('Origin',(1.525,3.95,2.8));
#2449=CARTESIAN_POINT('',(-1.175,2.2,2.8));
#2450=CARTESIAN_POINT('',(-1.175,2.8,2.8));
#2451=CARTESIAN_POINT('',(-1.175,2.6,2.8));
#2452=CARTESIAN_POINT('',(-1.525,2.2,2.8));
#2453=CARTESIAN_POINT('',(1.525,2.2,2.8));
#2454=CARTESIAN_POINT('',(-1.525,3.95,2.8));
#2455=CARTESIAN_POINT('',(1.525,2.2,2.8));
#2456=CARTESIAN_POINT('',(1.525,3.95,2.8));
#2457=CARTESIAN_POINT('',(1.175,2.2,2.8));
#2458=CARTESIAN_POINT('',(1.525,2.2,2.8));
#2459=CARTESIAN_POINT('',(1.175,2.8,2.8));
#2460=CARTESIAN_POINT('',(1.175,2.,2.8));
#2461=CARTESIAN_POINT('',(1.525,2.8,2.8));
#2462=CARTESIAN_POINT('Origin',(2.125,1.,-0.300000000000001));
#2463=CARTESIAN_POINT('',(-1.375,1.,-0.3));
#2464=CARTESIAN_POINT('',(-1.375,6.5,-0.3));
#2465=CARTESIAN_POINT('',(-1.375,1.,-0.3));
#2466=CARTESIAN_POINT('',(-2.125,1.,-0.300000000000001));
#2467=CARTESIAN_POINT('',(2.125,1.,-0.300000000000001));
#2468=CARTESIAN_POINT('',(-2.125,6.5,-0.299999999999999));
#2469=CARTESIAN_POINT('',(-2.125,1.,-0.300000000000001));
#2470=CARTESIAN_POINT('',(2.125,6.5,-0.299999999999999));
#2471=CARTESIAN_POINT('Origin',(2.125,6.5,-0.299999999999999));
#2472=CARTESIAN_POINT('',(-1.375,6.5,1.7));
#2473=CARTESIAN_POINT('',(-1.375,6.5,-0.3));
#2474=CARTESIAN_POINT('',(-2.125,6.5,1.7));
#2475=CARTESIAN_POINT('',(-2.125,6.5,-0.299999999999999));
#2476=CARTESIAN_POINT('',(2.125,6.5,1.7));
#2477=CARTESIAN_POINT('Origin',(2.125,6.5,1.7));
#2478=CARTESIAN_POINT('',(-1.375,6.5,1.7));
#2479=CARTESIAN_POINT('',(-2.125,6.5,1.7));
#2480=CARTESIAN_POINT('Origin',(2.125,1.,2.8));
#2481=CARTESIAN_POINT('',(2.125,1.,2.8));
#2482=CARTESIAN_POINT('',(1.825,1.,2.8));
#2483=CARTESIAN_POINT('',(2.125,1.,2.8));
#2484=CARTESIAN_POINT('',(1.825,1.,2.025));
#2485=CARTESIAN_POINT('',(1.825,1.,2.8));
#2486=CARTESIAN_POINT('',(1.825,1.,1.175));
#2487=CARTESIAN_POINT('',(1.825,1.,1.175));
#2488=CARTESIAN_POINT('',(1.825,1.,0.2));
#2489=CARTESIAN_POINT('',(1.825,1.,2.8));
#2490=CARTESIAN_POINT('',(-1.825,1.,0.2));
#2491=CARTESIAN_POINT('',(2.125,1.,0.200000000000001));
#2492=CARTESIAN_POINT('',(-1.825,1.,1.175));
#2493=CARTESIAN_POINT('',(-1.825,1.,2.8));
#2494=CARTESIAN_POINT('',(-1.825,1.,2.025));
#2495=CARTESIAN_POINT('',(-1.825,1.,2.025));
#2496=CARTESIAN_POINT('',(-1.825,1.,2.8));
#2497=CARTESIAN_POINT('',(-1.825,1.,2.8));
#2498=CARTESIAN_POINT('',(-2.125,1.,2.8));
#2499=CARTESIAN_POINT('',(2.125,1.,2.8));
#2500=CARTESIAN_POINT('',(-2.125,1.,2.8));
#2501=CARTESIAN_POINT('',(-1.375,1.,-2.77555756156289E-16));
#2502=CARTESIAN_POINT('',(1.375,1.,-0.3));
#2503=CARTESIAN_POINT('',(1.375,1.,-2.77555756156289E-16));
#2504=CARTESIAN_POINT('',(2.125,1.,-0.300000000000001));
#2505=CARTESIAN_POINT('',(2.125,1.,-0.300000000000001));
#2506=CARTESIAN_POINT('',(2.125,1.,2.8));
#2507=CARTESIAN_POINT('Origin',(2.125,2.,2.8));
#2508=CARTESIAN_POINT('',(-1.525,1.2,2.8));
#2509=CARTESIAN_POINT('',(-1.525,1.2,2.8));
#2510=CARTESIAN_POINT('',(-1.525,2.,2.8));
#2511=CARTESIAN_POINT('',(-1.525,3.95,2.8));
#2512=CARTESIAN_POINT('',(-2.125,2.,2.8));
#2513=CARTESIAN_POINT('',(2.125,2.,2.8));
#2514=CARTESIAN_POINT('',(-2.125,2.,2.8));
#2515=CARTESIAN_POINT('Origin',(2.125,1.,-0.300000000000001));
#2516=CARTESIAN_POINT('',(1.375,6.5,-0.3));
#2517=CARTESIAN_POINT('',(1.375,1.,-0.3));
#2518=CARTESIAN_POINT('',(2.125,6.5,-0.299999999999999));
#2519=CARTESIAN_POINT('',(2.125,6.5,-0.299999999999999));
#2520=CARTESIAN_POINT('',(2.125,1.,-0.300000000000001));
#2521=CARTESIAN_POINT('Origin',(2.125,6.5,-0.299999999999999));
#2522=CARTESIAN_POINT('',(1.375,6.5,1.7));
#2523=CARTESIAN_POINT('',(1.375,6.5,-0.3));
#2524=CARTESIAN_POINT('',(2.125,6.5,1.7));
#2525=CARTESIAN_POINT('',(2.125,6.5,1.7));
#2526=CARTESIAN_POINT('',(2.125,6.5,-0.299999999999999));
#2527=CARTESIAN_POINT('Origin',(2.125,6.5,1.7));
#2528=CARTESIAN_POINT('',(1.375,6.5,1.7));
#2529=CARTESIAN_POINT('',(2.125,6.5,1.7));
#2530=CARTESIAN_POINT('Origin',(2.125,2.,3.2));
#2531=CARTESIAN_POINT('',(-1.525,2.,3.));
#2532=CARTESIAN_POINT('',(-1.525,2.,3.2));
#2533=CARTESIAN_POINT('',(-1.175,2.,3.));
#2534=CARTESIAN_POINT('',(2.125,2.,3.));
#2535=CARTESIAN_POINT('',(-1.175,2.,-0.76000000000001));
#2536=CARTESIAN_POINT('',(-2.125,2.,3.2));
#2537=CARTESIAN_POINT('Origin',(2.125,2.,2.8));
#2538=CARTESIAN_POINT('',(1.525,1.2,2.8));
#2539=CARTESIAN_POINT('',(1.525,3.95,2.8));
#2540=CARTESIAN_POINT('',(1.525,1.2,2.8));
#2541=CARTESIAN_POINT('',(2.125,2.,2.8));
#2542=CARTESIAN_POINT('Origin',(2.125,0.,0.));
#2543=CARTESIAN_POINT('Origin',(-2.125,0.,0.));
#2544=CARTESIAN_POINT('Origin',(-1.825,3.95,2.025));
#2545=CARTESIAN_POINT('',(-1.825,3.95,1.175));
#2546=CARTESIAN_POINT('',(-1.825,3.95,2.025));
#2547=CARTESIAN_POINT('Origin',(-1.825,3.95,1.175));
#2548=CARTESIAN_POINT('',(-1.525,1.2,1.225));
#2549=CARTESIAN_POINT('',(-1.525,1.2,1.225));
#2550=CARTESIAN_POINT('',(-1.525,3.95,1.225));
#2551=CARTESIAN_POINT('Origin',(-1.525,3.95,1.225));
#2552=CARTESIAN_POINT('',(-1.525,1.2,0.4));
#2553=CARTESIAN_POINT('',(-1.525,1.2,1.225));
#2554=CARTESIAN_POINT('',(-1.525,3.95,0.400000000000002));
#2555=CARTESIAN_POINT('Origin',(-1.525,3.95,0.400000000000002));
#2556=CARTESIAN_POINT('',(1.525,1.2,0.4));
#2557=CARTESIAN_POINT('',(-1.525,1.2,0.4));
#2558=CARTESIAN_POINT('',(1.525,3.95,0.400000000000002));
#2559=CARTESIAN_POINT('',(-0.550000000000001,2.45,0.400000000000001));
#2560=CARTESIAN_POINT('',(0.549999999999999,2.45,0.400000000000001));
#2561=CARTESIAN_POINT('',(0.549999999999999,2.45,0.400000000000001));
#2562=CARTESIAN_POINT('',(-0.55,3.6,0.400000000000002));
#2563=CARTESIAN_POINT('',(-0.550000000000001,2.45,0.400000000000001));
#2564=CARTESIAN_POINT('',(0.55,3.6,0.400000000000001));
#2565=CARTESIAN_POINT('',(-0.549999999999999,3.6,0.400000000000002));
#2566=CARTESIAN_POINT('',(0.55,3.6,0.400000000000002));
#2567=CARTESIAN_POINT('Origin',(1.525,3.95,0.400000000000002));
#2568=CARTESIAN_POINT('',(1.525,1.2,1.225));
#2569=CARTESIAN_POINT('',(1.525,1.2,0.4));
#2570=CARTESIAN_POINT('',(1.525,3.95,1.225));
#2571=CARTESIAN_POINT('Origin',(1.525,3.95,1.225));
#2572=CARTESIAN_POINT('',(1.6183962264151,1.1377358490566,1.20943396226415));
#2573=CARTESIAN_POINT('',(1.825,3.95,1.175));
#2574=CARTESIAN_POINT('Origin',(1.825,3.95,1.175));
#2575=CARTESIAN_POINT('',(1.825,3.95,2.025));
#2576=CARTESIAN_POINT('Origin',(1.825,3.95,2.025));
#2577=CARTESIAN_POINT('',(1.525,1.2,1.975));
#2578=CARTESIAN_POINT('',(1.525,1.2,1.975));
#2579=CARTESIAN_POINT('',(1.525,3.95,1.975));
#2580=CARTESIAN_POINT('Origin',(1.525,3.95,1.975));
#2581=CARTESIAN_POINT('',(1.525,1.2,1.975));
#2582=CARTESIAN_POINT('',(1.525,3.4875,1.5125));
#2583=CARTESIAN_POINT('Origin',(-1.525,3.95,2.8));
#2584=CARTESIAN_POINT('',(-1.525,1.2,1.975));
#2585=CARTESIAN_POINT('',(-1.525,1.2,2.8));
#2586=CARTESIAN_POINT('',(-1.525,3.95,1.975));
#2587=CARTESIAN_POINT('',(-1.525,3.075,1.925));
#2588=CARTESIAN_POINT('Origin',(-1.525,3.95,1.975));
#2589=CARTESIAN_POINT('',(-1.61839622641509,1.1377358490566,1.99056603773585));
#2590=CARTESIAN_POINT('Origin',(1.375,5.8,0.975000000000003));
#2591=CARTESIAN_POINT('',(-1.375,5.8,0.975000000000003));
#2592=CARTESIAN_POINT('',(1.375,5.8,0.975000000000003));
#2593=CARTESIAN_POINT('Origin',(1.375,0.,0.));
#2594=CARTESIAN_POINT('Origin',(-1.375,0.,0.));
#2595=CARTESIAN_POINT('Origin',(1.175,2.,-0.76000000000001));
#2596=CARTESIAN_POINT('',(1.175,2.2,2.8));
#2597=CARTESIAN_POINT('',(1.175,2.6,3.));
#2598=CARTESIAN_POINT('',(1.175,2.6,-0.760000000000009));
#2599=CARTESIAN_POINT('',(1.175,4.18000000000001,1.42));
#2600=CARTESIAN_POINT('Origin',(-1.175,2.6,-0.760000000000009));
#2601=CARTESIAN_POINT('',(-1.175,2.2,2.8));
#2602=CARTESIAN_POINT('',(-1.175,2.6,3.));
#2603=CARTESIAN_POINT('',(-1.175,4.48,1.12));
#2604=CARTESIAN_POINT('',(-1.175,2.6,-0.760000000000009));
#2605=CARTESIAN_POINT('Origin',(1.175,2.6,-0.760000000000009));
#2606=CARTESIAN_POINT('',(1.175,2.6,3.));
#2607=CARTESIAN_POINT('Origin',(-0.550000000000001,2.45,3.96000000000005));
#2608=CARTESIAN_POINT('',(-0.550000000000001,2.45,3.96000000000005));
#2609=CARTESIAN_POINT('',(-0.55,3.6,3.96000000000005));
#2610=CARTESIAN_POINT('Origin',(-0.55,3.6,3.96000000000005));
#2611=CARTESIAN_POINT('',(0.55,3.6,3.96000000000005));
#2612=CARTESIAN_POINT('Origin',(0.55,3.6,3.96000000000005));
#2613=CARTESIAN_POINT('',(0.549999999999999,2.45,3.96000000000005));
#2614=CARTESIAN_POINT('Origin',(0.549999999999999,2.45,3.96000000000005));
#2615=CARTESIAN_POINT('Origin',(-1.525,1.2,1.225));
#2616=CARTESIAN_POINT('',(-1.23382352941176,1.39411764705883,0.594117647058823));
#2617=CARTESIAN_POINT('Origin',(-1.525,1.2,0.4));
#2618=CARTESIAN_POINT('',(1.525,1.2,0.4));
#2619=CARTESIAN_POINT('Origin',(1.525,1.2,0.4));
#2620=CARTESIAN_POINT('Origin',(1.525,1.2,1.975));
#2621=CARTESIAN_POINT('Origin',(-1.525,1.2,2.8));
#2622=CARTESIAN_POINT('Origin',(1.525,2.2,2.8));
#2623=CARTESIAN_POINT('Origin',(1.525,2.2,2.8));
#2624=CARTESIAN_POINT('Origin',(1.175,2.6,3.));
#2625=CARTESIAN_POINT('Origin',(0.785,5.275,-2.6));
#2626=CARTESIAN_POINT('',(0.575,5.55,-2.6));
#2627=CARTESIAN_POINT('',(0.675,5.55,-2.6));
#2628=CARTESIAN_POINT('',(0.785,5.55,-2.6));
#2629=CARTESIAN_POINT('',(0.675,5.35,-2.6));
#2630=CARTESIAN_POINT('',(0.675,5.275,-2.6));
#2631=CARTESIAN_POINT('',(0.575,5.35,-2.6));
#2632=CARTESIAN_POINT('',(0.785,5.35,-2.6));
#2633=CARTESIAN_POINT('',(0.575,5.625,-2.6));
#2634=CARTESIAN_POINT('Origin',(0.465,5.2,0.900000000000001));
#2635=CARTESIAN_POINT('',(0.465,5.625,-2.));
#2636=CARTESIAN_POINT('',(0.465,5.625,-2.6));
#2637=CARTESIAN_POINT('',(0.465,5.275,-2.));
#2638=CARTESIAN_POINT('',(0.465,5.275,-2.));
#2639=CARTESIAN_POINT('',(0.465,5.275,0.900000000000001));
#2640=CARTESIAN_POINT('Origin',(0.785,5.2,0.900000000000001));
#2641=CARTESIAN_POINT('',(0.785,5.275,-2.));
#2642=CARTESIAN_POINT('',(0.785,5.275,0.900000000000001));
#2643=CARTESIAN_POINT('',(0.785,5.625,-2.));
#2644=CARTESIAN_POINT('',(0.785,5.2,-2.));
#2645=CARTESIAN_POINT('',(0.785,5.625,-2.6));
#2646=CARTESIAN_POINT('Origin',(0.785,5.625,-2.6));
#2647=CARTESIAN_POINT('',(0.785,5.625,-2.));
#2648=CARTESIAN_POINT('Origin',(0.785,5.275,0.900000000000001));
#2649=CARTESIAN_POINT('',(0.785,5.275,-2.));
#2650=CARTESIAN_POINT('Origin',(0.785,5.2,0.900000000000001));
#2651=CARTESIAN_POINT('Origin',(0.785,5.2,0.900000000000001));
#2652=CARTESIAN_POINT('Origin',(0.465,5.2,0.900000000000001));
#2653=CARTESIAN_POINT('Origin',(0.465,5.2,0.900000000000001));
#2654=CARTESIAN_POINT('Origin',(0.785,5.2,0.900000000000001));
#2655=CARTESIAN_POINT('Origin',(0.785,5.2,0.900000000000001));
#2656=CARTESIAN_POINT('',(0.785,2.1,1.405));
#2657=CARTESIAN_POINT('',(0.785,2.1,0.839285714285716));
#2658=CARTESIAN_POINT('',(0.785,2.1,0.900000000000001));
#2659=CARTESIAN_POINT('',(0.785,2.4,0.775000000000001));
#2660=CARTESIAN_POINT('',(0.785,2.4,0.775000000000001));
#2661=CARTESIAN_POINT('',(0.785,1.7,0.775000000000001));
#2662=CARTESIAN_POINT('',(0.785,2.7,1.525));
#2663=CARTESIAN_POINT('',(0.785,3.95,1.525));
#2664=CARTESIAN_POINT('',(0.785,1.7,1.325));
#2665=CARTESIAN_POINT('Origin',(0.465,5.2,0.900000000000001));
#2666=CARTESIAN_POINT('',(0.465,2.4,0.775000000000001));
#2667=CARTESIAN_POINT('',(0.465,1.7,0.775000000000001));
#2668=CARTESIAN_POINT('',(0.465,2.1,0.839285714285716));
#2669=CARTESIAN_POINT('',(0.465,5.05146341463415,0.206829268292684));
#2670=CARTESIAN_POINT('',(0.465,2.1,1.405));
#2671=CARTESIAN_POINT('',(0.465,2.1,1.525));
#2672=CARTESIAN_POINT('',(0.465,2.7,1.525));
#2673=CARTESIAN_POINT('',(0.465,4.98365384615385,1.98173076923077));
#2674=CARTESIAN_POINT('',(0.465,3.95,1.525));
#2675=CARTESIAN_POINT('Origin',(0.785,1.7,1.525));
#2676=CARTESIAN_POINT('',(0.575,1.7,1.325));
#2677=CARTESIAN_POINT('',(0.575,1.7,0.925000000000001));
#2678=CARTESIAN_POINT('',(0.575,1.7,0.775000000000001));
#2679=CARTESIAN_POINT('',(0.675,1.7,0.925000000000001));
#2680=CARTESIAN_POINT('',(0.785,1.7,0.925000000000001));
#2681=CARTESIAN_POINT('',(0.675,1.7,1.325));
#2682=CARTESIAN_POINT('',(0.675,1.7,1.525));
#2683=CARTESIAN_POINT('',(0.785,1.7,1.325));
#2684=CARTESIAN_POINT('Origin',(0.785,1.7,0.775000000000001));
#2685=CARTESIAN_POINT('',(0.785,2.4,0.775000000000001));
#2686=CARTESIAN_POINT('Origin',(0.785,3.95,1.525));
#2687=CARTESIAN_POINT('',(0.785,2.7,1.525));
#2688=CARTESIAN_POINT('Origin',(0.785,5.625,-2.));
#2689=CARTESIAN_POINT('',(0.581006353828844,5.54590475875306,-2.63276192997551));
#2690=CARTESIAN_POINT('',(0.775717453173605,5.61867099080019,-2.05063207359852));
#2691=CARTESIAN_POINT('Origin',(0.785,5.2,-2.));
#2692=CARTESIAN_POINT('',(0.786638096498776,5.27388311602356,-1.9910649281885));
#2693=CARTESIAN_POINT('Origin',(0.575,5.275,-2.6));
#2694=CARTESIAN_POINT('',(0.573361903501224,5.34888311602356,-2.5910649281885));
#2695=CARTESIAN_POINT('Origin',(0.785,5.35,-2.6));
#2696=CARTESIAN_POINT('Origin',(0.575,1.7,1.525));
#2697=CARTESIAN_POINT('',(0.40964033481559,2.30130787339786,0.796148312843318));
#2698=CARTESIAN_POINT('',(0.589235294117647,1.64823529411765,1.31464705882353));
#2699=CARTESIAN_POINT('Origin',(0.785,1.7,1.325));
#2700=CARTESIAN_POINT('',(0.682456582633053,1.72711484593838,1.33042296918768));
#2701=CARTESIAN_POINT('Origin',(0.785,2.4,0.775000000000001));
#2702=CARTESIAN_POINT('',(0.861937074230345,2.37977117901944,0.779334747352979));
#2703=CARTESIAN_POINT('Origin',(0.785,2.1,0.900000000000001));
#2704=CARTESIAN_POINT('Origin',(-0.465,5.275,-2.6));
#2705=CARTESIAN_POINT('',(-0.675,5.55,-2.6));
#2706=CARTESIAN_POINT('',(-0.575,5.55,-2.6));
#2707=CARTESIAN_POINT('',(-0.465,5.55,-2.6));
#2708=CARTESIAN_POINT('',(-0.575,5.35,-2.6));
#2709=CARTESIAN_POINT('',(-0.575,5.275,-2.6));
#2710=CARTESIAN_POINT('',(-0.675,5.35,-2.6));
#2711=CARTESIAN_POINT('',(-0.465,5.35,-2.6));
#2712=CARTESIAN_POINT('',(-0.675,5.625,-2.6));
#2713=CARTESIAN_POINT('Origin',(-0.785,5.2,0.900000000000001));
#2714=CARTESIAN_POINT('',(-0.785,5.625,-2.));
#2715=CARTESIAN_POINT('',(-0.785,5.625,-2.6));
#2716=CARTESIAN_POINT('',(-0.785,5.275,-2.));
#2717=CARTESIAN_POINT('',(-0.785,5.275,-2.));
#2718=CARTESIAN_POINT('',(-0.785,5.275,0.900000000000001));
#2719=CARTESIAN_POINT('Origin',(-0.465,5.2,0.900000000000001));
#2720=CARTESIAN_POINT('',(-0.465,5.275,-2.));
#2721=CARTESIAN_POINT('',(-0.465,5.275,0.900000000000001));
#2722=CARTESIAN_POINT('',(-0.465,5.625,-2.));
#2723=CARTESIAN_POINT('',(-0.465,5.2,-2.));
#2724=CARTESIAN_POINT('',(-0.465,5.625,-2.6));
#2725=CARTESIAN_POINT('Origin',(-0.465,5.625,-2.6));
#2726=CARTESIAN_POINT('',(-0.465,5.625,-2.));
#2727=CARTESIAN_POINT('Origin',(-0.465,5.275,0.900000000000001));
#2728=CARTESIAN_POINT('',(-0.465,5.275,-2.));
#2729=CARTESIAN_POINT('Origin',(-0.465,5.2,0.900000000000001));
#2730=CARTESIAN_POINT('Origin',(-0.465,5.2,0.900000000000001));
#2731=CARTESIAN_POINT('Origin',(-0.785,5.2,0.900000000000001));
#2732=CARTESIAN_POINT('Origin',(-0.785,5.2,0.900000000000001));
#2733=CARTESIAN_POINT('Origin',(-0.465,5.2,0.900000000000001));
#2734=CARTESIAN_POINT('Origin',(-0.465,5.2,0.900000000000001));
#2735=CARTESIAN_POINT('',(-0.465,2.1,1.405));
#2736=CARTESIAN_POINT('',(-0.465,2.1,0.839285714285716));
#2737=CARTESIAN_POINT('',(-0.465,2.1,0.900000000000001));
#2738=CARTESIAN_POINT('',(-0.465,2.4,0.775000000000001));
#2739=CARTESIAN_POINT('',(-0.465,2.4,0.775000000000001));
#2740=CARTESIAN_POINT('',(-0.465,1.7,0.775000000000001));
#2741=CARTESIAN_POINT('',(-0.465,2.7,1.525));
#2742=CARTESIAN_POINT('',(-0.465,3.95,1.525));
#2743=CARTESIAN_POINT('',(-0.465,1.7,1.325));
#2744=CARTESIAN_POINT('Origin',(-0.785,5.2,0.900000000000001));
#2745=CARTESIAN_POINT('',(-0.785,2.4,0.775000000000001));
#2746=CARTESIAN_POINT('',(-0.785,1.7,0.775000000000001));
#2747=CARTESIAN_POINT('',(-0.785,2.1,0.839285714285716));
#2748=CARTESIAN_POINT('',(-0.785,5.05146341463415,0.206829268292684));
#2749=CARTESIAN_POINT('',(-0.785,2.1,1.405));
#2750=CARTESIAN_POINT('',(-0.785,2.1,1.525));
#2751=CARTESIAN_POINT('',(-0.785,2.7,1.525));
#2752=CARTESIAN_POINT('',(-0.785,4.98365384615385,1.98173076923077));
#2753=CARTESIAN_POINT('',(-0.785,3.95,1.525));
#2754=CARTESIAN_POINT('Origin',(-0.465,1.7,1.525));
#2755=CARTESIAN_POINT('',(-0.675,1.7,1.325));
#2756=CARTESIAN_POINT('',(-0.675,1.7,0.925000000000001));
#2757=CARTESIAN_POINT('',(-0.675,1.7,0.775000000000001));
#2758=CARTESIAN_POINT('',(-0.575,1.7,0.925000000000001));
#2759=CARTESIAN_POINT('',(-0.465,1.7,0.925000000000001));
#2760=CARTESIAN_POINT('',(-0.575,1.7,1.325));
#2761=CARTESIAN_POINT('',(-0.575,1.7,1.525));
#2762=CARTESIAN_POINT('',(-0.465,1.7,1.325));
#2763=CARTESIAN_POINT('Origin',(-0.465,1.7,0.775000000000001));
#2764=CARTESIAN_POINT('',(-0.465,2.4,0.775000000000001));
#2765=CARTESIAN_POINT('Origin',(-0.465,3.95,1.525));
#2766=CARTESIAN_POINT('',(-0.465,2.7,1.525));
#2767=CARTESIAN_POINT('Origin',(-0.465,5.625,-2.));
#2768=CARTESIAN_POINT('',(-0.668993646171156,5.54590475875306,-2.63276192997551));
#2769=CARTESIAN_POINT('',(-0.474282546826395,5.61867099080019,-2.05063207359852));
#2770=CARTESIAN_POINT('Origin',(-0.465,5.2,-2.));
#2771=CARTESIAN_POINT('',(-0.463361903501224,5.27388311602356,-1.9910649281885));
#2772=CARTESIAN_POINT('Origin',(-0.675,5.275,-2.6));
#2773=CARTESIAN_POINT('',(-0.676638096498776,5.34888311602356,-2.5910649281885));
#2774=CARTESIAN_POINT('Origin',(-0.465,5.35,-2.6));
#2775=CARTESIAN_POINT('Origin',(-0.675,1.7,1.525));
#2776=CARTESIAN_POINT('',(-0.84035966518441,2.30130787339786,0.796148312843318));
#2777=CARTESIAN_POINT('',(-0.660764705882353,1.64823529411765,1.31464705882353));
#2778=CARTESIAN_POINT('Origin',(-0.465,1.7,1.325));
#2779=CARTESIAN_POINT('',(-0.567543417366947,1.72711484593838,1.33042296918768));
#2780=CARTESIAN_POINT('Origin',(-0.465,2.4,0.775000000000001));
#2781=CARTESIAN_POINT('',(-0.388062925769655,2.37977117901944,0.779334747352979));
#2782=CARTESIAN_POINT('Origin',(-0.465,2.1,0.900000000000001));
#2783=UNCERTAINTY_MEASURE_WITH_UNIT(LENGTH_MEASURE(0.01),#2787,
'DISTANCE_ACCURACY_VALUE',
'Maximum model space distance between geometric entities at asserted c
onnectivities');
#2784=UNCERTAINTY_MEASURE_WITH_UNIT(LENGTH_MEASURE(0.01),#2787,
'DISTANCE_ACCURACY_VALUE',
'Maximum model space distance between geometric entities at asserted c
onnectivities');
#2785=(
GEOMETRIC_REPRESENTATION_CONTEXT(3)
GLOBAL_UNCERTAINTY_ASSIGNED_CONTEXT((#2783))
GLOBAL_UNIT_ASSIGNED_CONTEXT((#2787,#2789,#2790))
REPRESENTATION_CONTEXT('','3D')
);
#2786=(
GEOMETRIC_REPRESENTATION_CONTEXT(3)
GLOBAL_UNCERTAINTY_ASSIGNED_CONTEXT((#2784))
GLOBAL_UNIT_ASSIGNED_CONTEXT((#2787,#2789,#2790))
REPRESENTATION_CONTEXT('','3D')
);
#2787=(
LENGTH_UNIT()
NAMED_UNIT(*)
SI_UNIT(.MILLI.,.METRE.)
);
#2788=(
LENGTH_UNIT()
NAMED_UNIT(*)
SI_UNIT($,.METRE.)
);
#2789=(
NAMED_UNIT(*)
PLANE_ANGLE_UNIT()
SI_UNIT($,.RADIAN.)
);
#2790=(
NAMED_UNIT(*)
SI_UNIT($,.STERADIAN.)
SOLID_ANGLE_UNIT()
);
#2791=SHAPE_DEFINITION_REPRESENTATION(#2792,#2793);
#2792=PRODUCT_DEFINITION_SHAPE('',$,#2795);
#2793=SHAPE_REPRESENTATION('',(#1781),#2785);
#2794=PRODUCT_DEFINITION_CONTEXT('part definition',#2799,'design');
#2795=PRODUCT_DEFINITION('0530480210',
'METUPowerLab_Connectors_Headers_0530480210 v2',#2796,#2794);
#2796=PRODUCT_DEFINITION_FORMATION('',$,#2801);
#2797=PRODUCT_RELATED_PRODUCT_CATEGORY(
'METUPowerLab_Connectors_Headers_0530480210 v2',
'METUPowerLab_Connectors_Headers_0530480210 v2',(#2801));
#2798=APPLICATION_PROTOCOL_DEFINITION('international standard',
'automotive_design',2009,#2799);
#2799=APPLICATION_CONTEXT(
'Core Data for Automotive Mechanical Design Process');
#2800=PRODUCT_CONTEXT('part definition',#2799,'mechanical');
#2801=PRODUCT('0530480210',
'METUPowerLab_Connectors_Headers_0530480210 v2','STEP AP242',(#2800));
#2802=PRESENTATION_STYLE_ASSIGNMENT((#2805));
#2803=PRESENTATION_STYLE_ASSIGNMENT((#2806));
#2804=PRESENTATION_STYLE_ASSIGNMENT((#2807));
#2805=SURFACE_STYLE_USAGE(.BOTH.,#2808);
#2806=SURFACE_STYLE_USAGE(.BOTH.,#2809);
#2807=SURFACE_STYLE_USAGE(.BOTH.,#2810);
#2808=SURFACE_SIDE_STYLE('',(#2811));
#2809=SURFACE_SIDE_STYLE('',(#2812));
#2810=SURFACE_SIDE_STYLE('',(#2813));
#2811=SURFACE_STYLE_FILL_AREA(#2814);
#2812=SURFACE_STYLE_FILL_AREA(#2815);
#2813=SURFACE_STYLE_FILL_AREA(#2816);
#2814=FILL_AREA_STYLE('Steel - Satin',(#2817));
#2815=FILL_AREA_STYLE(
'EPX 150 - Air Baked (with Carbon M2 M3 L1 3D Printers)',(#2818));
#2816=FILL_AREA_STYLE('Polymide (Kapton)',(#2819));
#2817=FILL_AREA_STYLE_COLOUR('Steel - Satin',#2820);
#2818=FILL_AREA_STYLE_COLOUR(
'EPX 150 - Air Baked (with Carbon M2 M3 L1 3D Printers)',#2821);
#2819=FILL_AREA_STYLE_COLOUR('Polymide (Kapton)',#2822);
#2820=COLOUR_RGB('Steel - Satin',0.627450980392157,0.627450980392157,0.627450980392157);
#2821=COLOUR_RGB(
'EPX 150 - Air Baked (with Carbon M2 M3 L1 3D Printers)',0.247058823529412,
0.247058823529412,0.247058823529412);
#2822=COLOUR_RGB('Polymide (Kapton)',0.784313725490196,0.556862745098039,
0.0274509803921569);
ENDSEC;
END-ISO-10303-21;
