ISO-10303-21;
HEADER;
/* Generated by software containing ST-Developer
 * from STEP Tools, Inc. (www.steptools.com) 
 */

FILE_DESCRIPTION(
/* description */ (''),
/* implementation_level */ '2;1');

FILE_NAME(
/* name */ 'METUPowerLab_Regulators_BuckConverters_8-SOICPower.step',
/* time_stamp */ '2026-08-28T00:52:00+03:00',
/* author */ (''),
/* organization */ (''),
/* preprocessor_version */ 'ST-DEVELOPER v20.1',
/* originating_system */ 'Autodesk Translation Framework v15.8.0.0',
/* authorisation */ '');

FILE_SCHEMA (('AUTOMOTIVE_DESIGN { 1 0 10303 214 3 1 1 }'));
ENDSEC;

DATA;
#10=MECHANICAL_DESIGN_GEOMETRIC_PRESENTATION_REPRESENTATION('',(#141,#142,
#143,#144),#2367);
#11=ITEM_DEFINED_TRANSFORMATION($,$,#1365,#1523);
#12=ITEM_DEFINED_TRANSFORMATION($,$,#1500,#1524);
#13=ITEM_DEFINED_TRANSFORMATION($,$,#1493,#1525);
#14=ITEM_DEFINED_TRANSFORMATION($,$,#1500,#1526);
#15=ITEM_DEFINED_TRANSFORMATION($,$,#1500,#1527);
#16=ITEM_DEFINED_TRANSFORMATION($,$,#1500,#1528);
#17=ITEM_DEFINED_TRANSFORMATION($,$,#1500,#1529);
#18=ITEM_DEFINED_TRANSFORMATION($,$,#1500,#1530);
#19=ITEM_DEFINED_TRANSFORMATION($,$,#1500,#1531);
#20=ITEM_DEFINED_TRANSFORMATION($,$,#1500,#1532);
#21=(
REPRESENTATION_RELATIONSHIP($,$,#2391,#2390)
REPRESENTATION_RELATIONSHIP_WITH_TRANSFORMATION(#11)
SHAPE_REPRESENTATION_RELATIONSHIP()
);
#22=(
REPRESENTATION_RELATIONSHIP($,$,#2393,#2390)
REPRESENTATION_RELATIONSHIP_WITH_TRANSFORMATION(#12)
SHAPE_REPRESENTATION_RELATIONSHIP()
);
#23=(
REPRESENTATION_RELATIONSHIP($,$,#2392,#2390)
REPRESENTATION_RELATIONSHIP_WITH_TRANSFORMATION(#13)
SHAPE_REPRESENTATION_RELATIONSHIP()
);
#24=(
REPRESENTATION_RELATIONSHIP($,$,#2393,#2390)
REPRESENTATION_RELATIONSHIP_WITH_TRANSFORMATION(#14)
SHAPE_REPRESENTATION_RELATIONSHIP()
);
#25=(
REPRESENTATION_RELATIONSHIP($,$,#2393,#2390)
REPRESENTATION_RELATIONSHIP_WITH_TRANSFORMATION(#15)
SHAPE_REPRESENTATION_RELATIONSHIP()
);
#26=(
REPRESENTATION_RELATIONSHIP($,$,#2393,#2390)
REPRESENTATION_RELATIONSHIP_WITH_TRANSFORMATION(#16)
SHAPE_REPRESENTATION_RELATIONSHIP()
);
#27=(
REPRESENTATION_RELATIONSHIP($,$,#2393,#2390)
REPRESENTATION_RELATIONSHIP_WITH_TRANSFORMATION(#17)
SHAPE_REPRESENTATION_RELATIONSHIP()
);
#28=(
REPRESENTATION_RELATIONSHIP($,$,#2393,#2390)
REPRESENTATION_RELATIONSHIP_WITH_TRANSFORMATION(#18)
SHAPE_REPRESENTATION_RELATIONSHIP()
);
#29=(
REPRESENTATION_RELATIONSHIP($,$,#2393,#2390)
REPRESENTATION_RELATIONSHIP_WITH_TRANSFORMATION(#19)
SHAPE_REPRESENTATION_RELATIONSHIP()
);
#30=(
REPRESENTATION_RELATIONSHIP($,$,#2393,#2390)
REPRESENTATION_RELATIONSHIP_WITH_TRANSFORMATION(#20)
SHAPE_REPRESENTATION_RELATIONSHIP()
);
#31=CONTEXT_DEPENDENT_SHAPE_REPRESENTATION(#21,#2380);
#32=CONTEXT_DEPENDENT_SHAPE_REPRESENTATION(#22,#2381);
#33=CONTEXT_DEPENDENT_SHAPE_REPRESENTATION(#23,#2382);
#34=CONTEXT_DEPENDENT_SHAPE_REPRESENTATION(#24,#2383);
#35=CONTEXT_DEPENDENT_SHAPE_REPRESENTATION(#25,#2384);
#36=CONTEXT_DEPENDENT_SHAPE_REPRESENTATION(#26,#2385);
#37=CONTEXT_DEPENDENT_SHAPE_REPRESENTATION(#27,#2386);
#38=CONTEXT_DEPENDENT_SHAPE_REPRESENTATION(#28,#2387);
#39=CONTEXT_DEPENDENT_SHAPE_REPRESENTATION(#29,#2388);
#40=CONTEXT_DEPENDENT_SHAPE_REPRESENTATION(#30,#2389);
#41=NEXT_ASSEMBLY_USAGE_OCCURRENCE('BODY-SO:1','BODY-SO:1','BODY-SO:1',
#2395,#2396,'BODY-SO:1');
#42=NEXT_ASSEMBLY_USAGE_OCCURRENCE('LEAD-SO:1','LEAD-SO:1','LEAD-SO:1',
#2395,#2398,'LEAD-SO:1');
#43=NEXT_ASSEMBLY_USAGE_OCCURRENCE('THERMALPAD-SO:1','THERMALPAD-SO:1',
'THERMALPAD-SO:1',#2395,#2397,'THERMALPAD-SO:1');
#44=NEXT_ASSEMBLY_USAGE_OCCURRENCE('LEAD-SO:2','LEAD-SO:2','LEAD-SO:2',
#2395,#2398,'LEAD-SO:2');
#45=NEXT_ASSEMBLY_USAGE_OCCURRENCE('LEAD-SO:3','LEAD-SO:3','LEAD-SO:3',
#2395,#2398,'LEAD-SO:3');
#46=NEXT_ASSEMBLY_USAGE_OCCURRENCE('LEAD-SO:4','LEAD-SO:4','LEAD-SO:4',
#2395,#2398,'LEAD-SO:4');
#47=NEXT_ASSEMBLY_USAGE_OCCURRENCE('LEAD-SO:5','LEAD-SO:5','LEAD-SO:5',
#2395,#2398,'LEAD-SO:5');
#48=NEXT_ASSEMBLY_USAGE_OCCURRENCE('LEAD-SO:6','LEAD-SO:6','LEAD-SO:6',
#2395,#2398,'LEAD-SO:6');
#49=NEXT_ASSEMBLY_USAGE_OCCURRENCE('LEAD-SO:7','LEAD-SO:7','LEAD-SO:7',
#2395,#2398,'LEAD-SO:7');
#50=NEXT_ASSEMBLY_USAGE_OCCURRENCE('LEAD-SO:8','LEAD-SO:8','LEAD-SO:8',
#2395,#2398,'LEAD-SO:8');
#51=SHAPE_REPRESENTATION_RELATIONSHIP('SRR','None',#2391,#54);
#52=SHAPE_REPRESENTATION_RELATIONSHIP('SRR','None',#2392,#55);
#53=SHAPE_REPRESENTATION_RELATIONSHIP('SRR','None',#2393,#56);
#54=ADVANCED_BREP_SHAPE_REPRESENTATION('',(#57),#2364);
#55=ADVANCED_BREP_SHAPE_REPRESENTATION('',(#58),#2365);
#56=ADVANCED_BREP_SHAPE_REPRESENTATION('',(#59),#2366);
#57=MANIFOLD_SOLID_BREP('Body1',#1327);
#58=MANIFOLD_SOLID_BREP('Body1',#1328);
#59=MANIFOLD_SOLID_BREP('Body1',#1329);
#60=FACE_BOUND('',#258,.T.);
#61=FACE_BOUND('',#279,.T.);
#62=SPHERICAL_SURFACE('',#1430,0.1);
#63=SPHERICAL_SURFACE('',#1439,0.1);
#64=SPHERICAL_SURFACE('',#1448,0.1);
#65=SPHERICAL_SURFACE('',#1454,0.1);
#66=SPHERICAL_SURFACE('',#1455,0.1);
#67=SPHERICAL_SURFACE('',#1460,0.1);
#68=SPHERICAL_SURFACE('',#1467,0.1);
#69=SPHERICAL_SURFACE('',#1476,0.1);
#70=SPHERICAL_SURFACE('',#1479,0.1);
#71=SPHERICAL_SURFACE('',#1484,0.1);
#72=ELLIPSE('',#1372,0.103062234026413,0.1);
#73=ELLIPSE('',#1375,0.103062234026413,0.1);
#74=ELLIPSE('',#1378,0.103062234026413,0.1);
#75=ELLIPSE('',#1381,0.103062234026413,0.1);
#76=ELLIPSE('',#1383,0.575877048314457,0.1);
#77=ELLIPSE('',#1384,0.575877048314457,0.1);
#78=ELLIPSE('',#1385,0.575877048314457,0.1);
#79=ELLIPSE('',#1386,0.575877048314457,0.1);
#80=ELLIPSE('',#1389,0.575877048314457,0.1);
#81=ELLIPSE('',#1392,0.575877048314457,0.1);
#82=ELLIPSE('',#1396,0.575877048314457,0.1);
#83=ELLIPSE('',#1400,0.575877048314457,0.1);
#84=ELLIPSE('',#1401,0.575877048314457,0.1);
#85=ELLIPSE('',#1403,0.575877048314457,0.1);
#86=ELLIPSE('',#1404,0.575877048314457,0.1);
#87=ELLIPSE('',#1410,0.103062234026413,0.1);
#88=ELLIPSE('',#1413,0.103062234026413,0.1);
#89=ELLIPSE('',#1416,0.103062234026413,0.1);
#90=ELLIPSE('',#1419,0.103062234026413,0.1);
#91=ELLIPSE('',#1421,0.575877048314457,0.1);
#92=ELLIPSE('',#1422,0.575877048314457,0.1);
#93=ELLIPSE('',#1424,0.575877048314457,0.1);
#94=ELLIPSE('',#1427,0.575877048314457,0.1);
#95=ELLIPSE('',#1462,0.575877048314457,0.1);
#96=PLANE('',#1369);
#97=PLANE('',#1370);
#98=PLANE('',#1373);
#99=PLANE('',#1376);
#100=PLANE('',#1379);
#101=PLANE('',#1388);
#102=PLANE('',#1390);
#103=PLANE('',#1391);
#104=PLANE('',#1395);
#105=PLANE('',#1399);
#106=PLANE('',#1406);
#107=PLANE('',#1407);
#108=PLANE('',#1411);
#109=PLANE('',#1414);
#110=PLANE('',#1415);
#111=PLANE('',#1417);
#112=PLANE('',#1423);
#113=PLANE('',#1425);
#114=PLANE('',#1426);
#115=PLANE('',#1435);
#116=PLANE('',#1444);
#117=PLANE('',#1463);
#118=PLANE('',#1464);
#119=PLANE('',#1472);
#120=PLANE('',#1488);
#121=PLANE('',#1489);
#122=PLANE('',#1490);
#123=PLANE('',#1491);
#124=PLANE('',#1492);
#125=PLANE('',#1494);
#126=PLANE('',#1495);
#127=PLANE('',#1496);
#128=PLANE('',#1497);
#129=PLANE('',#1498);
#130=PLANE('',#1499);
#131=PLANE('',#1501);
#132=PLANE('',#1508);
#133=PLANE('',#1509);
#134=PLANE('',#1510);
#135=PLANE('',#1513);
#136=PLANE('',#1516);
#137=PLANE('',#1517);
#138=PLANE('',#1518);
#139=PLANE('',#1521);
#140=PLANE('',#1522);
#141=STYLED_ITEM('',(#2416),#1245);
#142=STYLED_ITEM('',(#2415),#57);
#143=STYLED_ITEM('',(#2417),#58);
#144=STYLED_ITEM('',(#2418),#59);
#145=FACE_OUTER_BOUND('',#228,.T.);
#146=FACE_OUTER_BOUND('',#229,.T.);
#147=FACE_OUTER_BOUND('',#230,.T.);
#148=FACE_OUTER_BOUND('',#231,.T.);
#149=FACE_OUTER_BOUND('',#232,.T.);
#150=FACE_OUTER_BOUND('',#233,.T.);
#151=FACE_OUTER_BOUND('',#234,.T.);
#152=FACE_OUTER_BOUND('',#235,.T.);
#153=FACE_OUTER_BOUND('',#236,.T.);
#154=FACE_OUTER_BOUND('',#237,.T.);
#155=FACE_OUTER_BOUND('',#238,.T.);
#156=FACE_OUTER_BOUND('',#239,.T.);
#157=FACE_OUTER_BOUND('',#240,.T.);
#158=FACE_OUTER_BOUND('',#241,.T.);
#159=FACE_OUTER_BOUND('',#242,.T.);
#160=FACE_OUTER_BOUND('',#243,.T.);
#161=FACE_OUTER_BOUND('',#244,.T.);
#162=FACE_OUTER_BOUND('',#245,.T.);
#163=FACE_OUTER_BOUND('',#246,.T.);
#164=FACE_OUTER_BOUND('',#247,.T.);
#165=FACE_OUTER_BOUND('',#248,.T.);
#166=FACE_OUTER_BOUND('',#249,.T.);
#167=FACE_OUTER_BOUND('',#250,.T.);
#168=FACE_OUTER_BOUND('',#251,.T.);
#169=FACE_OUTER_BOUND('',#252,.T.);
#170=FACE_OUTER_BOUND('',#253,.T.);
#171=FACE_OUTER_BOUND('',#254,.T.);
#172=FACE_OUTER_BOUND('',#255,.T.);
#173=FACE_OUTER_BOUND('',#256,.T.);
#174=FACE_OUTER_BOUND('',#257,.T.);
#175=FACE_OUTER_BOUND('',#259,.T.);
#176=FACE_OUTER_BOUND('',#260,.T.);
#177=FACE_OUTER_BOUND('',#261,.T.);
#178=FACE_OUTER_BOUND('',#262,.T.);
#179=FACE_OUTER_BOUND('',#263,.T.);
#180=FACE_OUTER_BOUND('',#264,.T.);
#181=FACE_OUTER_BOUND('',#265,.T.);
#182=FACE_OUTER_BOUND('',#266,.T.);
#183=FACE_OUTER_BOUND('',#267,.T.);
#184=FACE_OUTER_BOUND('',#268,.T.);
#185=FACE_OUTER_BOUND('',#269,.T.);
#186=FACE_OUTER_BOUND('',#270,.T.);
#187=FACE_OUTER_BOUND('',#271,.T.);
#188=FACE_OUTER_BOUND('',#272,.T.);
#189=FACE_OUTER_BOUND('',#273,.T.);
#190=FACE_OUTER_BOUND('',#274,.T.);
#191=FACE_OUTER_BOUND('',#275,.T.);
#192=FACE_OUTER_BOUND('',#276,.T.);
#193=FACE_OUTER_BOUND('',#277,.T.);
#194=FACE_OUTER_BOUND('',#278,.T.);
#195=FACE_OUTER_BOUND('',#280,.T.);
#196=FACE_OUTER_BOUND('',#281,.T.);
#197=FACE_OUTER_BOUND('',#282,.T.);
#198=FACE_OUTER_BOUND('',#283,.T.);
#199=FACE_OUTER_BOUND('',#284,.T.);
#200=FACE_OUTER_BOUND('',#285,.T.);
#201=FACE_OUTER_BOUND('',#286,.T.);
#202=FACE_OUTER_BOUND('',#287,.T.);
#203=FACE_OUTER_BOUND('',#288,.T.);
#204=FACE_OUTER_BOUND('',#289,.T.);
#205=FACE_OUTER_BOUND('',#290,.T.);
#206=FACE_OUTER_BOUND('',#291,.T.);
#207=FACE_OUTER_BOUND('',#292,.T.);
#208=FACE_OUTER_BOUND('',#293,.T.);
#209=FACE_OUTER_BOUND('',#294,.T.);
#210=FACE_OUTER_BOUND('',#295,.T.);
#211=FACE_OUTER_BOUND('',#296,.T.);
#212=FACE_OUTER_BOUND('',#297,.T.);
#213=FACE_OUTER_BOUND('',#298,.T.);
#214=FACE_OUTER_BOUND('',#299,.T.);
#215=FACE_OUTER_BOUND('',#300,.T.);
#216=FACE_OUTER_BOUND('',#301,.T.);
#217=FACE_OUTER_BOUND('',#302,.T.);
#218=FACE_OUTER_BOUND('',#303,.T.);
#219=FACE_OUTER_BOUND('',#304,.T.);
#220=FACE_OUTER_BOUND('',#305,.T.);
#221=FACE_OUTER_BOUND('',#306,.T.);
#222=FACE_OUTER_BOUND('',#307,.T.);
#223=FACE_OUTER_BOUND('',#308,.T.);
#224=FACE_OUTER_BOUND('',#309,.T.);
#225=FACE_OUTER_BOUND('',#310,.T.);
#226=FACE_OUTER_BOUND('',#311,.T.);
#227=FACE_OUTER_BOUND('',#312,.T.);
#228=EDGE_LOOP('',(#858,#859,#860,#861));
#229=EDGE_LOOP('',(#862));
#230=EDGE_LOOP('',(#863,#864));
#231=EDGE_LOOP('',(#865,#866));
#232=EDGE_LOOP('',(#867,#868));
#233=EDGE_LOOP('',(#869,#870));
#234=EDGE_LOOP('',(#871,#872,#873,#874,#875,#876,#877,#878));
#235=EDGE_LOOP('',(#879,#880,#881,#882,#883,#884));
#236=EDGE_LOOP('',(#885,#886,#887,#888));
#237=EDGE_LOOP('',(#889,#890,#891,#892,#893,#894));
#238=EDGE_LOOP('',(#895,#896,#897,#898));
#239=EDGE_LOOP('',(#899,#900,#901,#902,#903,#904,#905));
#240=EDGE_LOOP('',(#906,#907,#908,#909));
#241=EDGE_LOOP('',(#910,#911,#912,#913,#914,#915));
#242=EDGE_LOOP('',(#916,#917,#918,#919,#920,#921,#922,#923));
#243=EDGE_LOOP('',(#924,#925,#926,#927,#928,#929));
#244=EDGE_LOOP('',(#930,#931,#932,#933));
#245=EDGE_LOOP('',(#934,#935,#936,#937));
#246=EDGE_LOOP('',(#938,#939));
#247=EDGE_LOOP('',(#940,#941));
#248=EDGE_LOOP('',(#942,#943));
#249=EDGE_LOOP('',(#944,#945));
#250=EDGE_LOOP('',(#946,#947,#948,#949,#950,#951,#952,#953));
#251=EDGE_LOOP('',(#954,#955,#956,#957,#958,#959));
#252=EDGE_LOOP('',(#960,#961,#962,#963));
#253=EDGE_LOOP('',(#964,#965,#966,#967,#968,#969,#970));
#254=EDGE_LOOP('',(#971,#972,#973,#974));
#255=EDGE_LOOP('',(#975,#976,#977));
#256=EDGE_LOOP('',(#978,#979,#980,#981));
#257=EDGE_LOOP('',(#982,#983,#984,#985));
#258=EDGE_LOOP('',(#986));
#259=EDGE_LOOP('',(#987,#988,#989,#990));
#260=EDGE_LOOP('',(#991,#992,#993));
#261=EDGE_LOOP('',(#994,#995,#996,#997));
#262=EDGE_LOOP('',(#998,#999,#1000,#1001));
#263=EDGE_LOOP('',(#1002,#1003,#1004,#1005));
#264=EDGE_LOOP('',(#1006,#1007,#1008));
#265=EDGE_LOOP('',(#1009,#1010,#1011,#1012));
#266=EDGE_LOOP('',(#1013,#1014,#1015,#1016));
#267=EDGE_LOOP('',(#1017,#1018,#1019));
#268=EDGE_LOOP('',(#1020,#1021,#1022));
#269=EDGE_LOOP('',(#1023,#1024,#1025,#1026));
#270=EDGE_LOOP('',(#1027,#1028,#1029,#1030));
#271=EDGE_LOOP('',(#1031,#1032,#1033));
#272=EDGE_LOOP('',(#1034,#1035,#1036,#1037,#1038,#1039,#1040,#1041));
#273=EDGE_LOOP('',(#1042,#1043,#1044,#1045,#1046,#1047));
#274=EDGE_LOOP('',(#1048,#1049,#1050,#1051));
#275=EDGE_LOOP('',(#1052,#1053,#1054,#1055));
#276=EDGE_LOOP('',(#1056,#1057,#1058));
#277=EDGE_LOOP('',(#1059,#1060,#1061,#1062));
#278=EDGE_LOOP('',(#1063,#1064,#1065,#1066));
#279=EDGE_LOOP('',(#1067,#1068,#1069,#1070));
#280=EDGE_LOOP('',(#1071,#1072,#1073,#1074));
#281=EDGE_LOOP('',(#1075,#1076,#1077));
#282=EDGE_LOOP('',(#1078,#1079,#1080,#1081));
#283=EDGE_LOOP('',(#1082,#1083,#1084));
#284=EDGE_LOOP('',(#1085,#1086,#1087,#1088));
#285=EDGE_LOOP('',(#1089,#1090,#1091));
#286=EDGE_LOOP('',(#1092,#1093,#1094,#1095));
#287=EDGE_LOOP('',(#1096,#1097,#1098,#1099));
#288=EDGE_LOOP('',(#1100,#1101,#1102,#1103));
#289=EDGE_LOOP('',(#1104,#1105,#1106,#1107));
#290=EDGE_LOOP('',(#1108,#1109,#1110,#1111));
#291=EDGE_LOOP('',(#1112,#1113,#1114,#1115));
#292=EDGE_LOOP('',(#1116,#1117,#1118,#1119));
#293=EDGE_LOOP('',(#1120,#1121,#1122,#1123));
#294=EDGE_LOOP('',(#1124,#1125,#1126,#1127));
#295=EDGE_LOOP('',(#1128,#1129,#1130,#1131));
#296=EDGE_LOOP('',(#1132,#1133,#1134,#1135));
#297=EDGE_LOOP('',(#1136,#1137,#1138,#1139));
#298=EDGE_LOOP('',(#1140,#1141,#1142,#1143));
#299=EDGE_LOOP('',(#1144,#1145,#1146,#1147,#1148,#1149,#1150,#1151,#1152,
#1153,#1154,#1155));
#300=EDGE_LOOP('',(#1156,#1157,#1158,#1159));
#301=EDGE_LOOP('',(#1160,#1161,#1162,#1163));
#302=EDGE_LOOP('',(#1164,#1165,#1166,#1167));
#303=EDGE_LOOP('',(#1168,#1169,#1170,#1171));
#304=EDGE_LOOP('',(#1172,#1173,#1174,#1175));
#305=EDGE_LOOP('',(#1176,#1177,#1178,#1179));
#306=EDGE_LOOP('',(#1180,#1181,#1182,#1183));
#307=EDGE_LOOP('',(#1184,#1185,#1186,#1187));
#308=EDGE_LOOP('',(#1188,#1189,#1190,#1191));
#309=EDGE_LOOP('',(#1192,#1193,#1194,#1195));
#310=EDGE_LOOP('',(#1196,#1197,#1198,#1199));
#311=EDGE_LOOP('',(#1200,#1201,#1202,#1203));
#312=EDGE_LOOP('',(#1204,#1205,#1206,#1207,#1208,#1209,#1210,#1211,#1212,
#1213,#1214,#1215));
#313=LINE('',#1984,#420);
#314=LINE('',#2012,#421);
#315=LINE('',#2017,#422);
#316=LINE('',#2023,#423);
#317=LINE('',#2025,#424);
#318=LINE('',#2027,#425);
#319=LINE('',#2029,#426);
#320=LINE('',#2033,#427);
#321=LINE('',#2034,#428);
#322=LINE('',#2038,#429);
#323=LINE('',#2040,#430);
#324=LINE('',#2041,#431);
#325=LINE('',#2045,#432);
#326=LINE('',#2048,#433);
#327=LINE('',#2051,#434);
#328=LINE('',#2053,#435);
#329=LINE('',#2054,#436);
#330=LINE('',#2058,#437);
#331=LINE('',#2061,#438);
#332=LINE('',#2062,#439);
#333=LINE('',#2066,#440);
#334=LINE('',#2072,#441);
#335=LINE('',#2074,#442);
#336=LINE('',#2079,#443);
#337=LINE('',#2081,#444);
#338=LINE('',#2083,#445);
#339=LINE('',#2084,#446);
#340=LINE('',#2105,#447);
#341=LINE('',#2109,#448);
#342=LINE('',#2111,#449);
#343=LINE('',#2113,#450);
#344=LINE('',#2114,#451);
#345=LINE('',#2118,#452);
#346=LINE('',#2119,#453);
#347=LINE('',#2122,#454);
#348=LINE('',#2124,#455);
#349=LINE('',#2126,#456);
#350=LINE('',#2127,#457);
#351=LINE('',#2137,#458);
#352=LINE('',#2141,#459);
#353=LINE('',#2143,#460);
#354=LINE('',#2144,#461);
#355=LINE('',#2155,#462);
#356=LINE('',#2159,#463);
#357=LINE('',#2160,#464);
#358=LINE('',#2161,#465);
#359=LINE('',#2181,#466);
#360=LINE('',#2183,#467);
#361=LINE('',#2185,#468);
#362=LINE('',#2187,#469);
#363=LINE('',#2188,#470);
#364=LINE('',#2198,#471);
#365=LINE('',#2203,#472);
#366=LINE('',#2204,#473);
#367=LINE('',#2205,#474);
#368=LINE('',#2208,#475);
#369=LINE('',#2210,#476);
#370=LINE('',#2212,#477);
#371=LINE('',#2213,#478);
#372=LINE('',#2231,#479);
#373=LINE('',#2233,#480);
#374=LINE('',#2234,#481);
#375=LINE('',#2237,#482);
#376=LINE('',#2238,#483);
#377=LINE('',#2241,#484);
#378=LINE('',#2242,#485);
#379=LINE('',#2244,#486);
#380=LINE('',#2250,#487);
#381=LINE('',#2252,#488);
#382=LINE('',#2254,#489);
#383=LINE('',#2255,#490);
#384=LINE('',#2258,#491);
#385=LINE('',#2260,#492);
#386=LINE('',#2261,#493);
#387=LINE('',#2264,#494);
#388=LINE('',#2265,#495);
#389=LINE('',#2268,#496);
#390=LINE('',#2269,#497);
#391=LINE('',#2271,#498);
#392=LINE('',#2279,#499);
#393=LINE('',#2281,#500);
#394=LINE('',#2283,#501);
#395=LINE('',#2287,#502);
#396=LINE('',#2291,#503);
#397=LINE('',#2293,#504);
#398=LINE('',#2295,#505);
#399=LINE('',#2298,#506);
#400=LINE('',#2301,#507);
#401=LINE('',#2304,#508);
#402=LINE('',#2307,#509);
#403=LINE('',#2308,#510);
#404=LINE('',#2311,#511);
#405=LINE('',#2312,#512);
#406=LINE('',#2315,#513);
#407=LINE('',#2316,#514);
#408=LINE('',#2320,#515);
#409=LINE('',#2323,#516);
#410=LINE('',#2324,#517);
#411=LINE('',#2328,#518);
#412=LINE('',#2331,#519);
#413=LINE('',#2332,#520);
#414=LINE('',#2335,#521);
#415=LINE('',#2336,#522);
#416=LINE('',#2339,#523);
#417=LINE('',#2340,#524);
#418=LINE('',#2344,#525);
#419=LINE('',#2346,#526);
#420=VECTOR('',#1541,0.199999995529652);
#421=VECTOR('',#1574,0.1999999999998);
#422=VECTOR('',#1579,0.2);
#423=VECTOR('',#1586,4.700000000023);
#424=VECTOR('',#1587,0.636244552020106);
#425=VECTOR('',#1588,4.485322300773);
#426=VECTOR('',#1589,0.636244552019171);
#427=VECTOR('',#1594,0.1999999999997);
#428=VECTOR('',#1595,4.7);
#429=VECTOR('',#1600,0.430936052730789);
#430=VECTOR('',#1601,4.555573898925);
#431=VECTOR('',#1602,0.430936052730789);
#432=VECTOR('',#1607,0.430936052730789);
#433=VECTOR('',#1610,0.636244582947911);
#434=VECTOR('',#1613,3.7);
#435=VECTOR('',#1614,0.283904420325315);
#436=VECTOR('',#1615,3.321239794149);
#437=VECTOR('',#1620,0.636244582947911);
#438=VECTOR('',#1623,4.485322300773);
#439=VECTOR('',#1624,0.636244582947911);
#440=VECTOR('',#1627,4.7);
#441=VECTOR('',#1634,0.1999999999998);
#442=VECTOR('',#1635,0.2);
#443=VECTOR('',#1642,3.70000000001);
#444=VECTOR('',#1643,0.636244552020106);
#445=VECTOR('',#1644,3.485322300773);
#446=VECTOR('',#1645,0.636244552019171);
#447=VECTOR('',#1676,0.1999999999998);
#448=VECTOR('',#1681,3.70000000001);
#449=VECTOR('',#1682,0.636244552020106);
#450=VECTOR('',#1683,3.485322300773);
#451=VECTOR('',#1684,0.636244552019171);
#452=VECTOR('',#1689,0.2);
#453=VECTOR('',#1690,3.7);
#454=VECTOR('',#1693,0.636244582947911);
#455=VECTOR('',#1694,3.321239794149);
#456=VECTOR('',#1695,0.283904420325315);
#457=VECTOR('',#1696,0.430936052730789);
#458=VECTOR('',#1711,4.485322300773);
#459=VECTOR('',#1716,3.321239794149);
#460=VECTOR('',#1717,4.485322300773);
#461=VECTOR('',#1718,3.321239794149);
#462=VECTOR('',#1735,0.283904420325315);
#463=VECTOR('',#1738,0.283904420325315);
#464=VECTOR('',#1739,4.485322300773);
#465=VECTOR('',#1740,4.555573898925);
#466=VECTOR('',#1777,0.1999999999998);
#467=VECTOR('',#1780,4.70000000001);
#468=VECTOR('',#1781,0.636244552020106);
#469=VECTOR('',#1782,4.485322300773);
#470=VECTOR('',#1783,0.636244552019171);
#471=VECTOR('',#1798,4.485322300773);
#472=VECTOR('',#1803,4.485322300773);
#473=VECTOR('',#1804,3.485322300773);
#474=VECTOR('',#1805,3.485322300773);
#475=VECTOR('',#1806,2.025);
#476=VECTOR('',#1807,2.875);
#477=VECTOR('',#1808,2.025);
#478=VECTOR('',#1809,2.875);
#479=VECTOR('',#1842,0.15);
#480=VECTOR('',#1843,2.025);
#481=VECTOR('',#1844,0.15);
#482=VECTOR('',#1847,0.15);
#483=VECTOR('',#1848,2.875);
#484=VECTOR('',#1851,2.025);
#485=VECTOR('',#1852,2.875);
#486=VECTOR('',#1855,0.15);
#487=VECTOR('',#1862,2.025);
#488=VECTOR('',#1863,2.875);
#489=VECTOR('',#1864,2.025);
#490=VECTOR('',#1865,2.875);
#491=VECTOR('',#1868,0.15);
#492=VECTOR('',#1869,2.025);
#493=VECTOR('',#1870,0.15);
#494=VECTOR('',#1873,2.875);
#495=VECTOR('',#1874,0.15);
#496=VECTOR('',#1877,2.025);
#497=VECTOR('',#1878,0.15);
#498=VECTOR('',#1881,2.875);
#499=VECTOR('',#1890,0.03411019749262);
#500=VECTOR('',#1891,0.2);
#501=VECTOR('',#1892,0.03411019749262);
#502=VECTOR('',#1895,0.437184964953194);
#503=VECTOR('',#1898,0.568361771668286);
#504=VECTOR('',#1899,0.199999999999995);
#505=VECTOR('',#1900,0.568361771668286);
#506=VECTOR('',#1903,0.437184964953194);
#507=VECTOR('',#1906,0.41);
#508=VECTOR('',#1909,0.41);
#509=VECTOR('',#1912,0.03411019749262);
#510=VECTOR('',#1913,0.41);
#511=VECTOR('',#1916,0.2);
#512=VECTOR('',#1917,0.41);
#513=VECTOR('',#1920,0.41);
#514=VECTOR('',#1921,0.03411019749262);
#515=VECTOR('',#1926,0.41);
#516=VECTOR('',#1929,0.437184964953194);
#517=VECTOR('',#1930,0.41);
#518=VECTOR('',#1935,0.41);
#519=VECTOR('',#1938,0.568361771668286);
#520=VECTOR('',#1939,0.41);
#521=VECTOR('',#1942,0.199999999999995);
#522=VECTOR('',#1943,0.41);
#523=VECTOR('',#1946,0.568361771668286);
#524=VECTOR('',#1947,0.41);
#525=VECTOR('',#1952,0.41);
#526=VECTOR('',#1955,0.437184964953194);
#527=CIRCLE('',#1367,0.199999995529652);
#528=CIRCLE('',#1368,0.199999995529652);
#529=CIRCLE('',#1371,0.1);
#530=CIRCLE('',#1374,0.1);
#531=CIRCLE('',#1377,0.1);
#532=CIRCLE('',#1380,0.1);
#533=CIRCLE('',#1387,0.1);
#534=CIRCLE('',#1394,0.1);
#535=CIRCLE('',#1398,0.1);
#536=CIRCLE('',#1405,0.1);
#537=CIRCLE('',#1409,0.1);
#538=CIRCLE('',#1412,0.1);
#539=CIRCLE('',#1418,0.1);
#540=CIRCLE('',#1429,0.1);
#541=CIRCLE('',#1431,0.1);
#542=CIRCLE('',#1432,0.1);
#543=CIRCLE('',#1434,0.1);
#544=CIRCLE('',#1437,0.1);
#545=CIRCLE('',#1438,0.1);
#546=CIRCLE('',#1440,0.1);
#547=CIRCLE('',#1441,0.1);
#548=CIRCLE('',#1443,0.1);
#549=CIRCLE('',#1446,0.1);
#550=CIRCLE('',#1447,0.1);
#551=CIRCLE('',#1449,0.1);
#552=CIRCLE('',#1450,0.1);
#553=CIRCLE('',#1453,0.1);
#554=CIRCLE('',#1456,0.1);
#555=CIRCLE('',#1457,0.1);
#556=CIRCLE('',#1466,0.1);
#557=CIRCLE('',#1468,0.1);
#558=CIRCLE('',#1469,0.1);
#559=CIRCLE('',#1471,0.1);
#560=CIRCLE('',#1474,0.1);
#561=CIRCLE('',#1475,0.1);
#562=CIRCLE('',#1477,0.1);
#563=CIRCLE('',#1480,0.1);
#564=CIRCLE('',#1481,0.1);
#565=CIRCLE('',#1483,0.1);
#566=CIRCLE('',#1485,0.1);
#567=CIRCLE('',#1502,0.3);
#568=CIRCLE('',#1503,0.1);
#569=CIRCLE('',#1504,0.3);
#570=CIRCLE('',#1505,0.1);
#571=CIRCLE('',#1507,0.3);
#572=CIRCLE('',#1512,0.1);
#573=CIRCLE('',#1515,0.3);
#574=CIRCLE('',#1520,0.1);
#575=VERTEX_POINT('',#1981);
#576=VERTEX_POINT('',#1983);
#577=VERTEX_POINT('',#1988);
#578=VERTEX_POINT('',#1989);
#579=VERTEX_POINT('',#1993);
#580=VERTEX_POINT('',#1994);
#581=VERTEX_POINT('',#1998);
#582=VERTEX_POINT('',#1999);
#583=VERTEX_POINT('',#2003);
#584=VERTEX_POINT('',#2004);
#585=VERTEX_POINT('',#2008);
#586=VERTEX_POINT('',#2009);
#587=VERTEX_POINT('',#2011);
#588=VERTEX_POINT('',#2014);
#589=VERTEX_POINT('',#2016);
#590=VERTEX_POINT('',#2018);
#591=VERTEX_POINT('',#2022);
#592=VERTEX_POINT('',#2024);
#593=VERTEX_POINT('',#2026);
#594=VERTEX_POINT('',#2028);
#595=VERTEX_POINT('',#2032);
#596=VERTEX_POINT('',#2037);
#597=VERTEX_POINT('',#2039);
#598=VERTEX_POINT('',#2043);
#599=VERTEX_POINT('',#2047);
#600=VERTEX_POINT('',#2049);
#601=VERTEX_POINT('',#2052);
#602=VERTEX_POINT('',#2056);
#603=VERTEX_POINT('',#2060);
#604=VERTEX_POINT('',#2063);
#605=VERTEX_POINT('',#2065);
#606=VERTEX_POINT('',#2069);
#607=VERTEX_POINT('',#2070);
#608=VERTEX_POINT('',#2073);
#609=VERTEX_POINT('',#2075);
#610=VERTEX_POINT('',#2080);
#611=VERTEX_POINT('',#2082);
#612=VERTEX_POINT('',#2090);
#613=VERTEX_POINT('',#2097);
#614=VERTEX_POINT('',#2098);
#615=VERTEX_POINT('',#2102);
#616=VERTEX_POINT('',#2104);
#617=VERTEX_POINT('',#2108);
#618=VERTEX_POINT('',#2110);
#619=VERTEX_POINT('',#2112);
#620=VERTEX_POINT('',#2117);
#621=VERTEX_POINT('',#2121);
#622=VERTEX_POINT('',#2123);
#623=VERTEX_POINT('',#2125);
#624=VERTEX_POINT('',#2132);
#625=VERTEX_POINT('',#2136);
#626=VERTEX_POINT('',#2140);
#627=VERTEX_POINT('',#2142);
#628=VERTEX_POINT('',#2149);
#629=VERTEX_POINT('',#2153);
#630=VERTEX_POINT('',#2157);
#631=VERTEX_POINT('',#2158);
#632=VERTEX_POINT('',#2179);
#633=VERTEX_POINT('',#2184);
#634=VERTEX_POINT('',#2186);
#635=VERTEX_POINT('',#2193);
#636=VERTEX_POINT('',#2197);
#637=VERTEX_POINT('',#2201);
#638=VERTEX_POINT('',#2202);
#639=VERTEX_POINT('',#2206);
#640=VERTEX_POINT('',#2207);
#641=VERTEX_POINT('',#2209);
#642=VERTEX_POINT('',#2211);
#643=VERTEX_POINT('',#2230);
#644=VERTEX_POINT('',#2232);
#645=VERTEX_POINT('',#2236);
#646=VERTEX_POINT('',#2240);
#647=VERTEX_POINT('',#2248);
#648=VERTEX_POINT('',#2249);
#649=VERTEX_POINT('',#2251);
#650=VERTEX_POINT('',#2253);
#651=VERTEX_POINT('',#2257);
#652=VERTEX_POINT('',#2259);
#653=VERTEX_POINT('',#2263);
#654=VERTEX_POINT('',#2267);
#655=VERTEX_POINT('',#2275);
#656=VERTEX_POINT('',#2276);
#657=VERTEX_POINT('',#2278);
#658=VERTEX_POINT('',#2280);
#659=VERTEX_POINT('',#2282);
#660=VERTEX_POINT('',#2284);
#661=VERTEX_POINT('',#2286);
#662=VERTEX_POINT('',#2288);
#663=VERTEX_POINT('',#2290);
#664=VERTEX_POINT('',#2292);
#665=VERTEX_POINT('',#2294);
#666=VERTEX_POINT('',#2296);
#667=VERTEX_POINT('',#2300);
#668=VERTEX_POINT('',#2302);
#669=VERTEX_POINT('',#2306);
#670=VERTEX_POINT('',#2310);
#671=VERTEX_POINT('',#2314);
#672=VERTEX_POINT('',#2318);
#673=VERTEX_POINT('',#2322);
#674=VERTEX_POINT('',#2326);
#675=VERTEX_POINT('',#2330);
#676=VERTEX_POINT('',#2334);
#677=VERTEX_POINT('',#2338);
#678=VERTEX_POINT('',#2342);
#679=EDGE_CURVE('',#575,#575,#527,.T.);
#680=EDGE_CURVE('',#575,#576,#313,.T.);
#681=EDGE_CURVE('',#576,#576,#528,.T.);
#682=EDGE_CURVE('',#577,#578,#529,.T.);
#683=EDGE_CURVE('',#577,#578,#72,.T.);
#684=EDGE_CURVE('',#579,#580,#530,.T.);
#685=EDGE_CURVE('',#579,#580,#73,.T.);
#686=EDGE_CURVE('',#581,#582,#531,.T.);
#687=EDGE_CURVE('',#581,#582,#74,.T.);
#688=EDGE_CURVE('',#583,#584,#532,.T.);
#689=EDGE_CURVE('',#583,#584,#75,.T.);
#690=EDGE_CURVE('',#585,#586,#76,.T.);
#691=EDGE_CURVE('',#587,#585,#314,.T.);
#692=EDGE_CURVE('',#587,#577,#77,.T.);
#693=EDGE_CURVE('',#578,#588,#78,.T.);
#694=EDGE_CURVE('',#588,#589,#315,.T.);
#695=EDGE_CURVE('',#590,#589,#79,.T.);
#696=EDGE_CURVE('',#586,#590,#533,.T.);
#697=EDGE_CURVE('',#591,#585,#316,.T.);
#698=EDGE_CURVE('',#586,#592,#317,.T.);
#699=EDGE_CURVE('',#593,#592,#318,.T.);
#700=EDGE_CURVE('',#594,#593,#319,.T.);
#701=EDGE_CURVE('',#594,#591,#80,.T.);
#702=EDGE_CURVE('',#595,#591,#320,.T.);
#703=EDGE_CURVE('',#595,#587,#321,.T.);
#704=EDGE_CURVE('',#584,#595,#81,.T.);
#705=EDGE_CURVE('',#584,#596,#322,.T.);
#706=EDGE_CURVE('',#597,#596,#323,.T.);
#707=EDGE_CURVE('',#577,#597,#324,.T.);
#708=EDGE_CURVE('',#597,#598,#534,.T.);
#709=EDGE_CURVE('',#578,#598,#325,.T.);
#710=EDGE_CURVE('',#579,#599,#326,.T.);
#711=EDGE_CURVE('',#600,#579,#82,.T.);
#712=EDGE_CURVE('',#600,#588,#327,.T.);
#713=EDGE_CURVE('',#598,#601,#328,.T.);
#714=EDGE_CURVE('',#599,#601,#329,.T.);
#715=EDGE_CURVE('',#599,#602,#535,.T.);
#716=EDGE_CURVE('',#580,#602,#330,.T.);
#717=EDGE_CURVE('',#603,#602,#331,.T.);
#718=EDGE_CURVE('',#581,#603,#332,.T.);
#719=EDGE_CURVE('',#604,#581,#83,.T.);
#720=EDGE_CURVE('',#604,#605,#333,.T.);
#721=EDGE_CURVE('',#580,#605,#84,.T.);
#722=EDGE_CURVE('',#606,#607,#85,.T.);
#723=EDGE_CURVE('',#600,#606,#334,.T.);
#724=EDGE_CURVE('',#605,#608,#335,.T.);
#725=EDGE_CURVE('',#609,#608,#86,.T.);
#726=EDGE_CURVE('',#607,#609,#536,.T.);
#727=EDGE_CURVE('',#589,#606,#336,.T.);
#728=EDGE_CURVE('',#607,#610,#337,.T.);
#729=EDGE_CURVE('',#611,#610,#338,.T.);
#730=EDGE_CURVE('',#590,#611,#339,.T.);
#731=EDGE_CURVE('',#611,#592,#537,.T.);
#732=EDGE_CURVE('',#590,#586,#87,.T.);
#733=EDGE_CURVE('',#612,#594,#538,.T.);
#734=EDGE_CURVE('',#594,#612,#88,.T.);
#735=EDGE_CURVE('',#609,#607,#89,.T.);
#736=EDGE_CURVE('',#613,#614,#539,.T.);
#737=EDGE_CURVE('',#614,#613,#90,.T.);
#738=EDGE_CURVE('',#615,#612,#91,.T.);
#739=EDGE_CURVE('',#616,#615,#340,.T.);
#740=EDGE_CURVE('',#616,#583,#92,.T.);
#741=EDGE_CURVE('',#617,#615,#341,.T.);
#742=EDGE_CURVE('',#612,#618,#342,.T.);
#743=EDGE_CURVE('',#619,#618,#343,.T.);
#744=EDGE_CURVE('',#614,#619,#344,.T.);
#745=EDGE_CURVE('',#614,#617,#93,.T.);
#746=EDGE_CURVE('',#620,#617,#345,.T.);
#747=EDGE_CURVE('',#620,#616,#346,.T.);
#748=EDGE_CURVE('',#582,#621,#347,.T.);
#749=EDGE_CURVE('',#622,#621,#348,.T.);
#750=EDGE_CURVE('',#622,#623,#349,.T.);
#751=EDGE_CURVE('',#583,#623,#350,.T.);
#752=EDGE_CURVE('',#582,#620,#94,.T.);
#753=EDGE_CURVE('',#603,#621,#540,.T.);
#754=EDGE_CURVE('',#624,#603,#541,.T.);
#755=EDGE_CURVE('',#621,#624,#542,.T.);
#756=EDGE_CURVE('',#624,#625,#351,.T.);
#757=EDGE_CURVE('',#602,#625,#543,.T.);
#758=EDGE_CURVE('',#625,#626,#352,.T.);
#759=EDGE_CURVE('',#626,#627,#353,.T.);
#760=EDGE_CURVE('',#627,#624,#354,.T.);
#761=EDGE_CURVE('',#625,#599,#544,.T.);
#762=EDGE_CURVE('',#601,#626,#545,.T.);
#763=EDGE_CURVE('',#628,#601,#546,.T.);
#764=EDGE_CURVE('',#626,#628,#547,.T.);
#765=EDGE_CURVE('',#598,#629,#548,.T.);
#766=EDGE_CURVE('',#629,#628,#355,.T.);
#767=EDGE_CURVE('',#630,#631,#356,.T.);
#768=EDGE_CURVE('',#628,#630,#357,.T.);
#769=EDGE_CURVE('',#629,#631,#358,.T.);
#770=EDGE_CURVE('',#622,#630,#549,.T.);
#771=EDGE_CURVE('',#631,#623,#550,.T.);
#772=EDGE_CURVE('',#596,#631,#551,.T.);
#773=EDGE_CURVE('',#623,#596,#552,.T.);
#774=EDGE_CURVE('',#629,#597,#553,.T.);
#775=EDGE_CURVE('',#627,#622,#554,.T.);
#776=EDGE_CURVE('',#630,#627,#555,.T.);
#777=EDGE_CURVE('',#632,#613,#95,.T.);
#778=EDGE_CURVE('',#604,#632,#359,.T.);
#779=EDGE_CURVE('',#608,#632,#360,.T.);
#780=EDGE_CURVE('',#613,#633,#361,.T.);
#781=EDGE_CURVE('',#634,#633,#362,.T.);
#782=EDGE_CURVE('',#609,#634,#363,.T.);
#783=EDGE_CURVE('',#634,#610,#556,.T.);
#784=EDGE_CURVE('',#635,#634,#557,.T.);
#785=EDGE_CURVE('',#610,#635,#558,.T.);
#786=EDGE_CURVE('',#635,#636,#364,.T.);
#787=EDGE_CURVE('',#633,#636,#559,.T.);
#788=EDGE_CURVE('',#637,#638,#365,.T.);
#789=EDGE_CURVE('',#638,#635,#366,.T.);
#790=EDGE_CURVE('',#636,#637,#367,.T.);
#791=EDGE_CURVE('',#639,#640,#368,.T.);
#792=EDGE_CURVE('',#640,#641,#369,.T.);
#793=EDGE_CURVE('',#641,#642,#370,.T.);
#794=EDGE_CURVE('',#642,#639,#371,.T.);
#795=EDGE_CURVE('',#637,#593,#560,.T.);
#796=EDGE_CURVE('',#592,#638,#561,.T.);
#797=EDGE_CURVE('',#638,#611,#562,.T.);
#798=EDGE_CURVE('',#618,#637,#563,.T.);
#799=EDGE_CURVE('',#593,#618,#564,.T.);
#800=EDGE_CURVE('',#636,#619,#565,.T.);
#801=EDGE_CURVE('',#619,#633,#566,.T.);
#802=EDGE_CURVE('',#639,#643,#372,.T.);
#803=EDGE_CURVE('',#643,#644,#373,.T.);
#804=EDGE_CURVE('',#640,#644,#374,.T.);
#805=EDGE_CURVE('',#642,#645,#375,.T.);
#806=EDGE_CURVE('',#645,#643,#376,.T.);
#807=EDGE_CURVE('',#646,#645,#377,.T.);
#808=EDGE_CURVE('',#644,#646,#378,.T.);
#809=EDGE_CURVE('',#641,#646,#379,.T.);
#810=EDGE_CURVE('',#647,#648,#380,.T.);
#811=EDGE_CURVE('',#649,#647,#381,.T.);
#812=EDGE_CURVE('',#650,#649,#382,.T.);
#813=EDGE_CURVE('',#648,#650,#383,.T.);
#814=EDGE_CURVE('',#648,#651,#384,.T.);
#815=EDGE_CURVE('',#652,#651,#385,.T.);
#816=EDGE_CURVE('',#647,#652,#386,.T.);
#817=EDGE_CURVE('',#653,#652,#387,.T.);
#818=EDGE_CURVE('',#649,#653,#388,.T.);
#819=EDGE_CURVE('',#654,#653,#389,.T.);
#820=EDGE_CURVE('',#650,#654,#390,.T.);
#821=EDGE_CURVE('',#651,#654,#391,.T.);
#822=EDGE_CURVE('',#655,#656,#567,.T.);
#823=EDGE_CURVE('',#657,#656,#392,.T.);
#824=EDGE_CURVE('',#658,#657,#393,.T.);
#825=EDGE_CURVE('',#659,#658,#394,.T.);
#826=EDGE_CURVE('',#659,#660,#568,.T.);
#827=EDGE_CURVE('',#660,#661,#395,.T.);
#828=EDGE_CURVE('',#661,#662,#569,.T.);
#829=EDGE_CURVE('',#663,#662,#396,.T.);
#830=EDGE_CURVE('',#664,#663,#397,.T.);
#831=EDGE_CURVE('',#665,#664,#398,.T.);
#832=EDGE_CURVE('',#665,#666,#570,.T.);
#833=EDGE_CURVE('',#666,#655,#399,.T.);
#834=EDGE_CURVE('',#667,#655,#400,.T.);
#835=EDGE_CURVE('',#668,#667,#571,.T.);
#836=EDGE_CURVE('',#668,#656,#401,.T.);
#837=EDGE_CURVE('',#669,#668,#402,.T.);
#838=EDGE_CURVE('',#657,#669,#403,.T.);
#839=EDGE_CURVE('',#670,#669,#404,.T.);
#840=EDGE_CURVE('',#658,#670,#405,.T.);
#841=EDGE_CURVE('',#659,#671,#406,.T.);
#842=EDGE_CURVE('',#671,#670,#407,.T.);
#843=EDGE_CURVE('',#672,#671,#572,.T.);
#844=EDGE_CURVE('',#660,#672,#408,.T.);
#845=EDGE_CURVE('',#673,#672,#409,.T.);
#846=EDGE_CURVE('',#661,#673,#410,.T.);
#847=EDGE_CURVE('',#673,#674,#573,.T.);
#848=EDGE_CURVE('',#662,#674,#411,.T.);
#849=EDGE_CURVE('',#675,#674,#412,.T.);
#850=EDGE_CURVE('',#663,#675,#413,.T.);
#851=EDGE_CURVE('',#676,#675,#414,.T.);
#852=EDGE_CURVE('',#664,#676,#415,.T.);
#853=EDGE_CURVE('',#677,#676,#416,.T.);
#854=EDGE_CURVE('',#665,#677,#417,.T.);
#855=EDGE_CURVE('',#677,#678,#574,.T.);
#856=EDGE_CURVE('',#666,#678,#418,.T.);
#857=EDGE_CURVE('',#667,#678,#419,.T.);
#858=ORIENTED_EDGE('',*,*,#679,.F.);
#859=ORIENTED_EDGE('',*,*,#680,.T.);
#860=ORIENTED_EDGE('',*,*,#681,.F.);
#861=ORIENTED_EDGE('',*,*,#680,.F.);
#862=ORIENTED_EDGE('',*,*,#679,.T.);
#863=ORIENTED_EDGE('',*,*,#682,.F.);
#864=ORIENTED_EDGE('',*,*,#683,.T.);
#865=ORIENTED_EDGE('',*,*,#684,.F.);
#866=ORIENTED_EDGE('',*,*,#685,.T.);
#867=ORIENTED_EDGE('',*,*,#686,.F.);
#868=ORIENTED_EDGE('',*,*,#687,.T.);
#869=ORIENTED_EDGE('',*,*,#688,.F.);
#870=ORIENTED_EDGE('',*,*,#689,.T.);
#871=ORIENTED_EDGE('',*,*,#690,.F.);
#872=ORIENTED_EDGE('',*,*,#691,.F.);
#873=ORIENTED_EDGE('',*,*,#692,.T.);
#874=ORIENTED_EDGE('',*,*,#682,.T.);
#875=ORIENTED_EDGE('',*,*,#693,.T.);
#876=ORIENTED_EDGE('',*,*,#694,.T.);
#877=ORIENTED_EDGE('',*,*,#695,.F.);
#878=ORIENTED_EDGE('',*,*,#696,.F.);
#879=ORIENTED_EDGE('',*,*,#697,.T.);
#880=ORIENTED_EDGE('',*,*,#690,.T.);
#881=ORIENTED_EDGE('',*,*,#698,.T.);
#882=ORIENTED_EDGE('',*,*,#699,.F.);
#883=ORIENTED_EDGE('',*,*,#700,.F.);
#884=ORIENTED_EDGE('',*,*,#701,.T.);
#885=ORIENTED_EDGE('',*,*,#697,.F.);
#886=ORIENTED_EDGE('',*,*,#702,.F.);
#887=ORIENTED_EDGE('',*,*,#703,.T.);
#888=ORIENTED_EDGE('',*,*,#691,.T.);
#889=ORIENTED_EDGE('',*,*,#703,.F.);
#890=ORIENTED_EDGE('',*,*,#704,.F.);
#891=ORIENTED_EDGE('',*,*,#705,.T.);
#892=ORIENTED_EDGE('',*,*,#706,.F.);
#893=ORIENTED_EDGE('',*,*,#707,.F.);
#894=ORIENTED_EDGE('',*,*,#692,.F.);
#895=ORIENTED_EDGE('',*,*,#707,.T.);
#896=ORIENTED_EDGE('',*,*,#708,.T.);
#897=ORIENTED_EDGE('',*,*,#709,.F.);
#898=ORIENTED_EDGE('',*,*,#683,.F.);
#899=ORIENTED_EDGE('',*,*,#710,.F.);
#900=ORIENTED_EDGE('',*,*,#711,.F.);
#901=ORIENTED_EDGE('',*,*,#712,.T.);
#902=ORIENTED_EDGE('',*,*,#693,.F.);
#903=ORIENTED_EDGE('',*,*,#709,.T.);
#904=ORIENTED_EDGE('',*,*,#713,.T.);
#905=ORIENTED_EDGE('',*,*,#714,.F.);
#906=ORIENTED_EDGE('',*,*,#710,.T.);
#907=ORIENTED_EDGE('',*,*,#715,.T.);
#908=ORIENTED_EDGE('',*,*,#716,.F.);
#909=ORIENTED_EDGE('',*,*,#685,.F.);
#910=ORIENTED_EDGE('',*,*,#716,.T.);
#911=ORIENTED_EDGE('',*,*,#717,.F.);
#912=ORIENTED_EDGE('',*,*,#718,.F.);
#913=ORIENTED_EDGE('',*,*,#719,.F.);
#914=ORIENTED_EDGE('',*,*,#720,.T.);
#915=ORIENTED_EDGE('',*,*,#721,.F.);
#916=ORIENTED_EDGE('',*,*,#722,.F.);
#917=ORIENTED_EDGE('',*,*,#723,.F.);
#918=ORIENTED_EDGE('',*,*,#711,.T.);
#919=ORIENTED_EDGE('',*,*,#684,.T.);
#920=ORIENTED_EDGE('',*,*,#721,.T.);
#921=ORIENTED_EDGE('',*,*,#724,.T.);
#922=ORIENTED_EDGE('',*,*,#725,.F.);
#923=ORIENTED_EDGE('',*,*,#726,.F.);
#924=ORIENTED_EDGE('',*,*,#727,.T.);
#925=ORIENTED_EDGE('',*,*,#722,.T.);
#926=ORIENTED_EDGE('',*,*,#728,.T.);
#927=ORIENTED_EDGE('',*,*,#729,.F.);
#928=ORIENTED_EDGE('',*,*,#730,.F.);
#929=ORIENTED_EDGE('',*,*,#695,.T.);
#930=ORIENTED_EDGE('',*,*,#727,.F.);
#931=ORIENTED_EDGE('',*,*,#694,.F.);
#932=ORIENTED_EDGE('',*,*,#712,.F.);
#933=ORIENTED_EDGE('',*,*,#723,.T.);
#934=ORIENTED_EDGE('',*,*,#730,.T.);
#935=ORIENTED_EDGE('',*,*,#731,.T.);
#936=ORIENTED_EDGE('',*,*,#698,.F.);
#937=ORIENTED_EDGE('',*,*,#732,.F.);
#938=ORIENTED_EDGE('',*,*,#733,.T.);
#939=ORIENTED_EDGE('',*,*,#734,.T.);
#940=ORIENTED_EDGE('',*,*,#696,.T.);
#941=ORIENTED_EDGE('',*,*,#732,.T.);
#942=ORIENTED_EDGE('',*,*,#726,.T.);
#943=ORIENTED_EDGE('',*,*,#735,.T.);
#944=ORIENTED_EDGE('',*,*,#736,.T.);
#945=ORIENTED_EDGE('',*,*,#737,.T.);
#946=ORIENTED_EDGE('',*,*,#738,.F.);
#947=ORIENTED_EDGE('',*,*,#739,.F.);
#948=ORIENTED_EDGE('',*,*,#740,.T.);
#949=ORIENTED_EDGE('',*,*,#688,.T.);
#950=ORIENTED_EDGE('',*,*,#704,.T.);
#951=ORIENTED_EDGE('',*,*,#702,.T.);
#952=ORIENTED_EDGE('',*,*,#701,.F.);
#953=ORIENTED_EDGE('',*,*,#733,.F.);
#954=ORIENTED_EDGE('',*,*,#741,.T.);
#955=ORIENTED_EDGE('',*,*,#738,.T.);
#956=ORIENTED_EDGE('',*,*,#742,.T.);
#957=ORIENTED_EDGE('',*,*,#743,.F.);
#958=ORIENTED_EDGE('',*,*,#744,.F.);
#959=ORIENTED_EDGE('',*,*,#745,.T.);
#960=ORIENTED_EDGE('',*,*,#741,.F.);
#961=ORIENTED_EDGE('',*,*,#746,.F.);
#962=ORIENTED_EDGE('',*,*,#747,.T.);
#963=ORIENTED_EDGE('',*,*,#739,.T.);
#964=ORIENTED_EDGE('',*,*,#748,.T.);
#965=ORIENTED_EDGE('',*,*,#749,.F.);
#966=ORIENTED_EDGE('',*,*,#750,.T.);
#967=ORIENTED_EDGE('',*,*,#751,.F.);
#968=ORIENTED_EDGE('',*,*,#740,.F.);
#969=ORIENTED_EDGE('',*,*,#747,.F.);
#970=ORIENTED_EDGE('',*,*,#752,.F.);
#971=ORIENTED_EDGE('',*,*,#718,.T.);
#972=ORIENTED_EDGE('',*,*,#753,.T.);
#973=ORIENTED_EDGE('',*,*,#748,.F.);
#974=ORIENTED_EDGE('',*,*,#687,.F.);
#975=ORIENTED_EDGE('',*,*,#754,.F.);
#976=ORIENTED_EDGE('',*,*,#755,.F.);
#977=ORIENTED_EDGE('',*,*,#753,.F.);
#978=ORIENTED_EDGE('',*,*,#756,.F.);
#979=ORIENTED_EDGE('',*,*,#754,.T.);
#980=ORIENTED_EDGE('',*,*,#717,.T.);
#981=ORIENTED_EDGE('',*,*,#757,.T.);
#982=ORIENTED_EDGE('',*,*,#758,.T.);
#983=ORIENTED_EDGE('',*,*,#759,.T.);
#984=ORIENTED_EDGE('',*,*,#760,.T.);
#985=ORIENTED_EDGE('',*,*,#756,.T.);
#986=ORIENTED_EDGE('',*,*,#681,.T.);
#987=ORIENTED_EDGE('',*,*,#758,.F.);
#988=ORIENTED_EDGE('',*,*,#761,.T.);
#989=ORIENTED_EDGE('',*,*,#714,.T.);
#990=ORIENTED_EDGE('',*,*,#762,.T.);
#991=ORIENTED_EDGE('',*,*,#763,.F.);
#992=ORIENTED_EDGE('',*,*,#764,.F.);
#993=ORIENTED_EDGE('',*,*,#762,.F.);
#994=ORIENTED_EDGE('',*,*,#713,.F.);
#995=ORIENTED_EDGE('',*,*,#765,.T.);
#996=ORIENTED_EDGE('',*,*,#766,.T.);
#997=ORIENTED_EDGE('',*,*,#763,.T.);
#998=ORIENTED_EDGE('',*,*,#767,.F.);
#999=ORIENTED_EDGE('',*,*,#768,.F.);
#1000=ORIENTED_EDGE('',*,*,#766,.F.);
#1001=ORIENTED_EDGE('',*,*,#769,.T.);
#1002=ORIENTED_EDGE('',*,*,#750,.F.);
#1003=ORIENTED_EDGE('',*,*,#770,.T.);
#1004=ORIENTED_EDGE('',*,*,#767,.T.);
#1005=ORIENTED_EDGE('',*,*,#771,.T.);
#1006=ORIENTED_EDGE('',*,*,#771,.F.);
#1007=ORIENTED_EDGE('',*,*,#772,.F.);
#1008=ORIENTED_EDGE('',*,*,#773,.F.);
#1009=ORIENTED_EDGE('',*,*,#751,.T.);
#1010=ORIENTED_EDGE('',*,*,#773,.T.);
#1011=ORIENTED_EDGE('',*,*,#705,.F.);
#1012=ORIENTED_EDGE('',*,*,#689,.F.);
#1013=ORIENTED_EDGE('',*,*,#706,.T.);
#1014=ORIENTED_EDGE('',*,*,#772,.T.);
#1015=ORIENTED_EDGE('',*,*,#769,.F.);
#1016=ORIENTED_EDGE('',*,*,#774,.T.);
#1017=ORIENTED_EDGE('',*,*,#708,.F.);
#1018=ORIENTED_EDGE('',*,*,#774,.F.);
#1019=ORIENTED_EDGE('',*,*,#765,.F.);
#1020=ORIENTED_EDGE('',*,*,#775,.F.);
#1021=ORIENTED_EDGE('',*,*,#776,.F.);
#1022=ORIENTED_EDGE('',*,*,#770,.F.);
#1023=ORIENTED_EDGE('',*,*,#760,.F.);
#1024=ORIENTED_EDGE('',*,*,#775,.T.);
#1025=ORIENTED_EDGE('',*,*,#749,.T.);
#1026=ORIENTED_EDGE('',*,*,#755,.T.);
#1027=ORIENTED_EDGE('',*,*,#759,.F.);
#1028=ORIENTED_EDGE('',*,*,#764,.T.);
#1029=ORIENTED_EDGE('',*,*,#768,.T.);
#1030=ORIENTED_EDGE('',*,*,#776,.T.);
#1031=ORIENTED_EDGE('',*,*,#715,.F.);
#1032=ORIENTED_EDGE('',*,*,#761,.F.);
#1033=ORIENTED_EDGE('',*,*,#757,.F.);
#1034=ORIENTED_EDGE('',*,*,#777,.F.);
#1035=ORIENTED_EDGE('',*,*,#778,.F.);
#1036=ORIENTED_EDGE('',*,*,#719,.T.);
#1037=ORIENTED_EDGE('',*,*,#686,.T.);
#1038=ORIENTED_EDGE('',*,*,#752,.T.);
#1039=ORIENTED_EDGE('',*,*,#746,.T.);
#1040=ORIENTED_EDGE('',*,*,#745,.F.);
#1041=ORIENTED_EDGE('',*,*,#736,.F.);
#1042=ORIENTED_EDGE('',*,*,#779,.T.);
#1043=ORIENTED_EDGE('',*,*,#777,.T.);
#1044=ORIENTED_EDGE('',*,*,#780,.T.);
#1045=ORIENTED_EDGE('',*,*,#781,.F.);
#1046=ORIENTED_EDGE('',*,*,#782,.F.);
#1047=ORIENTED_EDGE('',*,*,#725,.T.);
#1048=ORIENTED_EDGE('',*,*,#779,.F.);
#1049=ORIENTED_EDGE('',*,*,#724,.F.);
#1050=ORIENTED_EDGE('',*,*,#720,.F.);
#1051=ORIENTED_EDGE('',*,*,#778,.T.);
#1052=ORIENTED_EDGE('',*,*,#782,.T.);
#1053=ORIENTED_EDGE('',*,*,#783,.T.);
#1054=ORIENTED_EDGE('',*,*,#728,.F.);
#1055=ORIENTED_EDGE('',*,*,#735,.F.);
#1056=ORIENTED_EDGE('',*,*,#784,.F.);
#1057=ORIENTED_EDGE('',*,*,#785,.F.);
#1058=ORIENTED_EDGE('',*,*,#783,.F.);
#1059=ORIENTED_EDGE('',*,*,#786,.F.);
#1060=ORIENTED_EDGE('',*,*,#784,.T.);
#1061=ORIENTED_EDGE('',*,*,#781,.T.);
#1062=ORIENTED_EDGE('',*,*,#787,.T.);
#1063=ORIENTED_EDGE('',*,*,#788,.T.);
#1064=ORIENTED_EDGE('',*,*,#789,.T.);
#1065=ORIENTED_EDGE('',*,*,#786,.T.);
#1066=ORIENTED_EDGE('',*,*,#790,.T.);
#1067=ORIENTED_EDGE('',*,*,#791,.T.);
#1068=ORIENTED_EDGE('',*,*,#792,.T.);
#1069=ORIENTED_EDGE('',*,*,#793,.T.);
#1070=ORIENTED_EDGE('',*,*,#794,.T.);
#1071=ORIENTED_EDGE('',*,*,#788,.F.);
#1072=ORIENTED_EDGE('',*,*,#795,.T.);
#1073=ORIENTED_EDGE('',*,*,#699,.T.);
#1074=ORIENTED_EDGE('',*,*,#796,.T.);
#1075=ORIENTED_EDGE('',*,*,#796,.F.);
#1076=ORIENTED_EDGE('',*,*,#731,.F.);
#1077=ORIENTED_EDGE('',*,*,#797,.F.);
#1078=ORIENTED_EDGE('',*,*,#789,.F.);
#1079=ORIENTED_EDGE('',*,*,#797,.T.);
#1080=ORIENTED_EDGE('',*,*,#729,.T.);
#1081=ORIENTED_EDGE('',*,*,#785,.T.);
#1082=ORIENTED_EDGE('',*,*,#798,.F.);
#1083=ORIENTED_EDGE('',*,*,#799,.F.);
#1084=ORIENTED_EDGE('',*,*,#795,.F.);
#1085=ORIENTED_EDGE('',*,*,#790,.F.);
#1086=ORIENTED_EDGE('',*,*,#800,.T.);
#1087=ORIENTED_EDGE('',*,*,#743,.T.);
#1088=ORIENTED_EDGE('',*,*,#798,.T.);
#1089=ORIENTED_EDGE('',*,*,#801,.F.);
#1090=ORIENTED_EDGE('',*,*,#800,.F.);
#1091=ORIENTED_EDGE('',*,*,#787,.F.);
#1092=ORIENTED_EDGE('',*,*,#744,.T.);
#1093=ORIENTED_EDGE('',*,*,#801,.T.);
#1094=ORIENTED_EDGE('',*,*,#780,.F.);
#1095=ORIENTED_EDGE('',*,*,#737,.F.);
#1096=ORIENTED_EDGE('',*,*,#700,.T.);
#1097=ORIENTED_EDGE('',*,*,#799,.T.);
#1098=ORIENTED_EDGE('',*,*,#742,.F.);
#1099=ORIENTED_EDGE('',*,*,#734,.F.);
#1100=ORIENTED_EDGE('',*,*,#802,.T.);
#1101=ORIENTED_EDGE('',*,*,#803,.T.);
#1102=ORIENTED_EDGE('',*,*,#804,.F.);
#1103=ORIENTED_EDGE('',*,*,#791,.F.);
#1104=ORIENTED_EDGE('',*,*,#802,.F.);
#1105=ORIENTED_EDGE('',*,*,#794,.F.);
#1106=ORIENTED_EDGE('',*,*,#805,.T.);
#1107=ORIENTED_EDGE('',*,*,#806,.T.);
#1108=ORIENTED_EDGE('',*,*,#803,.F.);
#1109=ORIENTED_EDGE('',*,*,#806,.F.);
#1110=ORIENTED_EDGE('',*,*,#807,.F.);
#1111=ORIENTED_EDGE('',*,*,#808,.F.);
#1112=ORIENTED_EDGE('',*,*,#804,.T.);
#1113=ORIENTED_EDGE('',*,*,#808,.T.);
#1114=ORIENTED_EDGE('',*,*,#809,.F.);
#1115=ORIENTED_EDGE('',*,*,#792,.F.);
#1116=ORIENTED_EDGE('',*,*,#809,.T.);
#1117=ORIENTED_EDGE('',*,*,#807,.T.);
#1118=ORIENTED_EDGE('',*,*,#805,.F.);
#1119=ORIENTED_EDGE('',*,*,#793,.F.);
#1120=ORIENTED_EDGE('',*,*,#810,.F.);
#1121=ORIENTED_EDGE('',*,*,#811,.F.);
#1122=ORIENTED_EDGE('',*,*,#812,.F.);
#1123=ORIENTED_EDGE('',*,*,#813,.F.);
#1124=ORIENTED_EDGE('',*,*,#810,.T.);
#1125=ORIENTED_EDGE('',*,*,#814,.T.);
#1126=ORIENTED_EDGE('',*,*,#815,.F.);
#1127=ORIENTED_EDGE('',*,*,#816,.F.);
#1128=ORIENTED_EDGE('',*,*,#811,.T.);
#1129=ORIENTED_EDGE('',*,*,#816,.T.);
#1130=ORIENTED_EDGE('',*,*,#817,.F.);
#1131=ORIENTED_EDGE('',*,*,#818,.F.);
#1132=ORIENTED_EDGE('',*,*,#812,.T.);
#1133=ORIENTED_EDGE('',*,*,#818,.T.);
#1134=ORIENTED_EDGE('',*,*,#819,.F.);
#1135=ORIENTED_EDGE('',*,*,#820,.F.);
#1136=ORIENTED_EDGE('',*,*,#813,.T.);
#1137=ORIENTED_EDGE('',*,*,#820,.T.);
#1138=ORIENTED_EDGE('',*,*,#821,.F.);
#1139=ORIENTED_EDGE('',*,*,#814,.F.);
#1140=ORIENTED_EDGE('',*,*,#815,.T.);
#1141=ORIENTED_EDGE('',*,*,#821,.T.);
#1142=ORIENTED_EDGE('',*,*,#819,.T.);
#1143=ORIENTED_EDGE('',*,*,#817,.T.);
#1144=ORIENTED_EDGE('',*,*,#822,.T.);
#1145=ORIENTED_EDGE('',*,*,#823,.F.);
#1146=ORIENTED_EDGE('',*,*,#824,.F.);
#1147=ORIENTED_EDGE('',*,*,#825,.F.);
#1148=ORIENTED_EDGE('',*,*,#826,.T.);
#1149=ORIENTED_EDGE('',*,*,#827,.T.);
#1150=ORIENTED_EDGE('',*,*,#828,.T.);
#1151=ORIENTED_EDGE('',*,*,#829,.F.);
#1152=ORIENTED_EDGE('',*,*,#830,.F.);
#1153=ORIENTED_EDGE('',*,*,#831,.F.);
#1154=ORIENTED_EDGE('',*,*,#832,.T.);
#1155=ORIENTED_EDGE('',*,*,#833,.T.);
#1156=ORIENTED_EDGE('',*,*,#822,.F.);
#1157=ORIENTED_EDGE('',*,*,#834,.F.);
#1158=ORIENTED_EDGE('',*,*,#835,.F.);
#1159=ORIENTED_EDGE('',*,*,#836,.T.);
#1160=ORIENTED_EDGE('',*,*,#836,.F.);
#1161=ORIENTED_EDGE('',*,*,#837,.F.);
#1162=ORIENTED_EDGE('',*,*,#838,.F.);
#1163=ORIENTED_EDGE('',*,*,#823,.T.);
#1164=ORIENTED_EDGE('',*,*,#824,.T.);
#1165=ORIENTED_EDGE('',*,*,#838,.T.);
#1166=ORIENTED_EDGE('',*,*,#839,.F.);
#1167=ORIENTED_EDGE('',*,*,#840,.F.);
#1168=ORIENTED_EDGE('',*,*,#841,.F.);
#1169=ORIENTED_EDGE('',*,*,#825,.T.);
#1170=ORIENTED_EDGE('',*,*,#840,.T.);
#1171=ORIENTED_EDGE('',*,*,#842,.F.);
#1172=ORIENTED_EDGE('',*,*,#841,.T.);
#1173=ORIENTED_EDGE('',*,*,#843,.F.);
#1174=ORIENTED_EDGE('',*,*,#844,.F.);
#1175=ORIENTED_EDGE('',*,*,#826,.F.);
#1176=ORIENTED_EDGE('',*,*,#844,.T.);
#1177=ORIENTED_EDGE('',*,*,#845,.F.);
#1178=ORIENTED_EDGE('',*,*,#846,.F.);
#1179=ORIENTED_EDGE('',*,*,#827,.F.);
#1180=ORIENTED_EDGE('',*,*,#846,.T.);
#1181=ORIENTED_EDGE('',*,*,#847,.T.);
#1182=ORIENTED_EDGE('',*,*,#848,.F.);
#1183=ORIENTED_EDGE('',*,*,#828,.F.);
#1184=ORIENTED_EDGE('',*,*,#829,.T.);
#1185=ORIENTED_EDGE('',*,*,#848,.T.);
#1186=ORIENTED_EDGE('',*,*,#849,.F.);
#1187=ORIENTED_EDGE('',*,*,#850,.F.);
#1188=ORIENTED_EDGE('',*,*,#830,.T.);
#1189=ORIENTED_EDGE('',*,*,#850,.T.);
#1190=ORIENTED_EDGE('',*,*,#851,.F.);
#1191=ORIENTED_EDGE('',*,*,#852,.F.);
#1192=ORIENTED_EDGE('',*,*,#831,.T.);
#1193=ORIENTED_EDGE('',*,*,#852,.T.);
#1194=ORIENTED_EDGE('',*,*,#853,.F.);
#1195=ORIENTED_EDGE('',*,*,#854,.F.);
#1196=ORIENTED_EDGE('',*,*,#854,.T.);
#1197=ORIENTED_EDGE('',*,*,#855,.T.);
#1198=ORIENTED_EDGE('',*,*,#856,.F.);
#1199=ORIENTED_EDGE('',*,*,#832,.F.);
#1200=ORIENTED_EDGE('',*,*,#834,.T.);
#1201=ORIENTED_EDGE('',*,*,#833,.F.);
#1202=ORIENTED_EDGE('',*,*,#856,.T.);
#1203=ORIENTED_EDGE('',*,*,#857,.F.);
#1204=ORIENTED_EDGE('',*,*,#835,.T.);
#1205=ORIENTED_EDGE('',*,*,#857,.T.);
#1206=ORIENTED_EDGE('',*,*,#855,.F.);
#1207=ORIENTED_EDGE('',*,*,#853,.T.);
#1208=ORIENTED_EDGE('',*,*,#851,.T.);
#1209=ORIENTED_EDGE('',*,*,#849,.T.);
#1210=ORIENTED_EDGE('',*,*,#847,.F.);
#1211=ORIENTED_EDGE('',*,*,#845,.T.);
#1212=ORIENTED_EDGE('',*,*,#843,.T.);
#1213=ORIENTED_EDGE('',*,*,#842,.T.);
#1214=ORIENTED_EDGE('',*,*,#839,.T.);
#1215=ORIENTED_EDGE('',*,*,#837,.T.);
#1216=CYLINDRICAL_SURFACE('',#1366,0.199999995529652);
#1217=CYLINDRICAL_SURFACE('',#1382,0.1);
#1218=CYLINDRICAL_SURFACE('',#1393,0.1);
#1219=CYLINDRICAL_SURFACE('',#1397,0.1);
#1220=CYLINDRICAL_SURFACE('',#1402,0.1);
#1221=CYLINDRICAL_SURFACE('',#1408,0.1);
#1222=CYLINDRICAL_SURFACE('',#1420,0.1);
#1223=CYLINDRICAL_SURFACE('',#1428,0.1);
#1224=CYLINDRICAL_SURFACE('',#1433,0.1);
#1225=CYLINDRICAL_SURFACE('',#1436,0.1);
#1226=CYLINDRICAL_SURFACE('',#1442,0.1);
#1227=CYLINDRICAL_SURFACE('',#1445,0.1);
#1228=CYLINDRICAL_SURFACE('',#1451,0.1);
#1229=CYLINDRICAL_SURFACE('',#1452,0.1);
#1230=CYLINDRICAL_SURFACE('',#1458,0.1);
#1231=CYLINDRICAL_SURFACE('',#1459,0.1);
#1232=CYLINDRICAL_SURFACE('',#1461,0.1);
#1233=CYLINDRICAL_SURFACE('',#1465,0.1);
#1234=CYLINDRICAL_SURFACE('',#1470,0.1);
#1235=CYLINDRICAL_SURFACE('',#1473,0.1);
#1236=CYLINDRICAL_SURFACE('',#1478,0.1);
#1237=CYLINDRICAL_SURFACE('',#1482,0.1);
#1238=CYLINDRICAL_SURFACE('',#1486,0.1);
#1239=CYLINDRICAL_SURFACE('',#1487,0.1);
#1240=CYLINDRICAL_SURFACE('',#1506,0.3);
#1241=CYLINDRICAL_SURFACE('',#1511,0.1);
#1242=CYLINDRICAL_SURFACE('',#1514,0.3);
#1243=CYLINDRICAL_SURFACE('',#1519,0.1);
#1244=ADVANCED_FACE('',(#145),#1216,.T.);
#1245=ADVANCED_FACE('',(#146),#96,.T.);
#1246=ADVANCED_FACE('',(#147),#97,.F.);
#1247=ADVANCED_FACE('',(#148),#98,.F.);
#1248=ADVANCED_FACE('',(#149),#99,.F.);
#1249=ADVANCED_FACE('',(#150),#100,.F.);
#1250=ADVANCED_FACE('',(#151),#1217,.T.);
#1251=ADVANCED_FACE('',(#152),#101,.T.);
#1252=ADVANCED_FACE('',(#153),#102,.T.);
#1253=ADVANCED_FACE('',(#154),#103,.T.);
#1254=ADVANCED_FACE('',(#155),#1218,.T.);
#1255=ADVANCED_FACE('',(#156),#104,.T.);
#1256=ADVANCED_FACE('',(#157),#1219,.T.);
#1257=ADVANCED_FACE('',(#158),#105,.T.);
#1258=ADVANCED_FACE('',(#159),#1220,.T.);
#1259=ADVANCED_FACE('',(#160),#106,.T.);
#1260=ADVANCED_FACE('',(#161),#107,.T.);
#1261=ADVANCED_FACE('',(#162),#1221,.T.);
#1262=ADVANCED_FACE('',(#163),#108,.F.);
#1263=ADVANCED_FACE('',(#164),#109,.F.);
#1264=ADVANCED_FACE('',(#165),#110,.F.);
#1265=ADVANCED_FACE('',(#166),#111,.F.);
#1266=ADVANCED_FACE('',(#167),#1222,.T.);
#1267=ADVANCED_FACE('',(#168),#112,.T.);
#1268=ADVANCED_FACE('',(#169),#113,.T.);
#1269=ADVANCED_FACE('',(#170),#114,.T.);
#1270=ADVANCED_FACE('',(#171),#1223,.T.);
#1271=ADVANCED_FACE('',(#172),#62,.T.);
#1272=ADVANCED_FACE('',(#173),#1224,.T.);
#1273=ADVANCED_FACE('',(#174,#60),#115,.T.);
#1274=ADVANCED_FACE('',(#175),#1225,.T.);
#1275=ADVANCED_FACE('',(#176),#63,.T.);
#1276=ADVANCED_FACE('',(#177),#1226,.T.);
#1277=ADVANCED_FACE('',(#178),#116,.T.);
#1278=ADVANCED_FACE('',(#179),#1227,.T.);
#1279=ADVANCED_FACE('',(#180),#64,.T.);
#1280=ADVANCED_FACE('',(#181),#1228,.T.);
#1281=ADVANCED_FACE('',(#182),#1229,.T.);
#1282=ADVANCED_FACE('',(#183),#65,.T.);
#1283=ADVANCED_FACE('',(#184),#66,.T.);
#1284=ADVANCED_FACE('',(#185),#1230,.T.);
#1285=ADVANCED_FACE('',(#186),#1231,.T.);
#1286=ADVANCED_FACE('',(#187),#67,.T.);
#1287=ADVANCED_FACE('',(#188),#1232,.T.);
#1288=ADVANCED_FACE('',(#189),#117,.T.);
#1289=ADVANCED_FACE('',(#190),#118,.T.);
#1290=ADVANCED_FACE('',(#191),#1233,.T.);
#1291=ADVANCED_FACE('',(#192),#68,.T.);
#1292=ADVANCED_FACE('',(#193),#1234,.T.);
#1293=ADVANCED_FACE('',(#194,#61),#119,.T.);
#1294=ADVANCED_FACE('',(#195),#1235,.T.);
#1295=ADVANCED_FACE('',(#196),#69,.T.);
#1296=ADVANCED_FACE('',(#197),#1236,.T.);
#1297=ADVANCED_FACE('',(#198),#70,.T.);
#1298=ADVANCED_FACE('',(#199),#1237,.T.);
#1299=ADVANCED_FACE('',(#200),#71,.T.);
#1300=ADVANCED_FACE('',(#201),#1238,.T.);
#1301=ADVANCED_FACE('',(#202),#1239,.T.);
#1302=ADVANCED_FACE('',(#203),#120,.F.);
#1303=ADVANCED_FACE('',(#204),#121,.F.);
#1304=ADVANCED_FACE('',(#205),#122,.F.);
#1305=ADVANCED_FACE('',(#206),#123,.F.);
#1306=ADVANCED_FACE('',(#207),#124,.F.);
#1307=ADVANCED_FACE('',(#208),#125,.F.);
#1308=ADVANCED_FACE('',(#209),#126,.T.);
#1309=ADVANCED_FACE('',(#210),#127,.T.);
#1310=ADVANCED_FACE('',(#211),#128,.T.);
#1311=ADVANCED_FACE('',(#212),#129,.T.);
#1312=ADVANCED_FACE('',(#213),#130,.T.);
#1313=ADVANCED_FACE('',(#214),#131,.F.);
#1314=ADVANCED_FACE('',(#215),#1240,.T.);
#1315=ADVANCED_FACE('',(#216),#132,.T.);
#1316=ADVANCED_FACE('',(#217),#133,.T.);
#1317=ADVANCED_FACE('',(#218),#134,.T.);
#1318=ADVANCED_FACE('',(#219),#1241,.F.);
#1319=ADVANCED_FACE('',(#220),#135,.T.);
#1320=ADVANCED_FACE('',(#221),#1242,.T.);
#1321=ADVANCED_FACE('',(#222),#136,.T.);
#1322=ADVANCED_FACE('',(#223),#137,.T.);
#1323=ADVANCED_FACE('',(#224),#138,.T.);
#1324=ADVANCED_FACE('',(#225),#1243,.F.);
#1325=ADVANCED_FACE('',(#226),#139,.T.);
#1326=ADVANCED_FACE('',(#227),#140,.T.);
#1327=CLOSED_SHELL('',(#1244,#1245,#1246,#1247,#1248,#1249,#1250,#1251,
#1252,#1253,#1254,#1255,#1256,#1257,#1258,#1259,#1260,#1261,#1262,#1263,
#1264,#1265,#1266,#1267,#1268,#1269,#1270,#1271,#1272,#1273,#1274,#1275,
#1276,#1277,#1278,#1279,#1280,#1281,#1282,#1283,#1284,#1285,#1286,#1287,
#1288,#1289,#1290,#1291,#1292,#1293,#1294,#1295,#1296,#1297,#1298,#1299,
#1300,#1301,#1302,#1303,#1304,#1305,#1306));
#1328=CLOSED_SHELL('',(#1307,#1308,#1309,#1310,#1311,#1312));
#1329=CLOSED_SHELL('',(#1313,#1314,#1315,#1316,#1317,#1318,#1319,#1320,
#1321,#1322,#1323,#1324,#1325,#1326));
#1330=DERIVED_UNIT_ELEMENT(#1336,1.);
#1331=DERIVED_UNIT_ELEMENT(#2369,-3.);
#1332=DERIVED_UNIT_ELEMENT(#1336,1.);
#1333=DERIVED_UNIT_ELEMENT(#2369,-3.);
#1334=DERIVED_UNIT_ELEMENT(#1336,1.);
#1335=DERIVED_UNIT_ELEMENT(#2369,-3.);
#1336=(
MASS_UNIT()
NAMED_UNIT(*)
SI_UNIT(.KILO.,.GRAM.)
);
#1337=DERIVED_UNIT((#1330,#1331));
#1338=DERIVED_UNIT((#1332,#1333));
#1339=DERIVED_UNIT((#1334,#1335));
#1340=MEASURE_REPRESENTATION_ITEM('density measure',
POSITIVE_RATIO_MEASURE(7850.),#1337);
#1341=MEASURE_REPRESENTATION_ITEM('density measure',
POSITIVE_RATIO_MEASURE(7850.),#1338);
#1342=MEASURE_REPRESENTATION_ITEM('density measure',
POSITIVE_RATIO_MEASURE(7850.),#1339);
#1343=PROPERTY_DEFINITION_REPRESENTATION(#1358,#1349);
#1344=PROPERTY_DEFINITION_REPRESENTATION(#1359,#1350);
#1345=PROPERTY_DEFINITION_REPRESENTATION(#1360,#1351);
#1346=PROPERTY_DEFINITION_REPRESENTATION(#1361,#1352);
#1347=PROPERTY_DEFINITION_REPRESENTATION(#1362,#1353);
#1348=PROPERTY_DEFINITION_REPRESENTATION(#1363,#1354);
#1349=REPRESENTATION('material name',(#1355),#2364);
#1350=REPRESENTATION('density',(#1340),#2364);
#1351=REPRESENTATION('material name',(#1356),#2365);
#1352=REPRESENTATION('density',(#1341),#2365);
#1353=REPRESENTATION('material name',(#1357),#2366);
#1354=REPRESENTATION('density',(#1342),#2366);
#1355=DESCRIPTIVE_REPRESENTATION_ITEM('Steel','Steel');
#1356=DESCRIPTIVE_REPRESENTATION_ITEM('Steel','Steel');
#1357=DESCRIPTIVE_REPRESENTATION_ITEM('Steel','Steel');
#1358=PROPERTY_DEFINITION('material property','material name',#2396);
#1359=PROPERTY_DEFINITION('material property','density of part',#2396);
#1360=PROPERTY_DEFINITION('material property','material name',#2397);
#1361=PROPERTY_DEFINITION('material property','density of part',#2397);
#1362=PROPERTY_DEFINITION('material property','material name',#2398);
#1363=PROPERTY_DEFINITION('material property','density of part',#2398);
#1364=AXIS2_PLACEMENT_3D('',#1978,#1533,#1534);
#1365=AXIS2_PLACEMENT_3D('',#1979,#1535,#1536);
#1366=AXIS2_PLACEMENT_3D('',#1980,#1537,#1538);
#1367=AXIS2_PLACEMENT_3D('',#1982,#1539,#1540);
#1368=AXIS2_PLACEMENT_3D('',#1985,#1542,#1543);
#1369=AXIS2_PLACEMENT_3D('',#1986,#1544,#1545);
#1370=AXIS2_PLACEMENT_3D('',#1987,#1546,#1547);
#1371=AXIS2_PLACEMENT_3D('',#1990,#1548,#1549);
#1372=AXIS2_PLACEMENT_3D('',#1991,#1550,#1551);
#1373=AXIS2_PLACEMENT_3D('',#1992,#1552,#1553);
#1374=AXIS2_PLACEMENT_3D('',#1995,#1554,#1555);
#1375=AXIS2_PLACEMENT_3D('',#1996,#1556,#1557);
#1376=AXIS2_PLACEMENT_3D('',#1997,#1558,#1559);
#1377=AXIS2_PLACEMENT_3D('',#2000,#1560,#1561);
#1378=AXIS2_PLACEMENT_3D('',#2001,#1562,#1563);
#1379=AXIS2_PLACEMENT_3D('',#2002,#1564,#1565);
#1380=AXIS2_PLACEMENT_3D('',#2005,#1566,#1567);
#1381=AXIS2_PLACEMENT_3D('',#2006,#1568,#1569);
#1382=AXIS2_PLACEMENT_3D('',#2007,#1570,#1571);
#1383=AXIS2_PLACEMENT_3D('',#2010,#1572,#1573);
#1384=AXIS2_PLACEMENT_3D('',#2013,#1575,#1576);
#1385=AXIS2_PLACEMENT_3D('',#2015,#1577,#1578);
#1386=AXIS2_PLACEMENT_3D('',#2019,#1580,#1581);
#1387=AXIS2_PLACEMENT_3D('',#2020,#1582,#1583);
#1388=AXIS2_PLACEMENT_3D('',#2021,#1584,#1585);
#1389=AXIS2_PLACEMENT_3D('',#2030,#1590,#1591);
#1390=AXIS2_PLACEMENT_3D('',#2031,#1592,#1593);
#1391=AXIS2_PLACEMENT_3D('',#2035,#1596,#1597);
#1392=AXIS2_PLACEMENT_3D('',#2036,#1598,#1599);
#1393=AXIS2_PLACEMENT_3D('',#2042,#1603,#1604);
#1394=AXIS2_PLACEMENT_3D('',#2044,#1605,#1606);
#1395=AXIS2_PLACEMENT_3D('',#2046,#1608,#1609);
#1396=AXIS2_PLACEMENT_3D('',#2050,#1611,#1612);
#1397=AXIS2_PLACEMENT_3D('',#2055,#1616,#1617);
#1398=AXIS2_PLACEMENT_3D('',#2057,#1618,#1619);
#1399=AXIS2_PLACEMENT_3D('',#2059,#1621,#1622);
#1400=AXIS2_PLACEMENT_3D('',#2064,#1625,#1626);
#1401=AXIS2_PLACEMENT_3D('',#2067,#1628,#1629);
#1402=AXIS2_PLACEMENT_3D('',#2068,#1630,#1631);
#1403=AXIS2_PLACEMENT_3D('',#2071,#1632,#1633);
#1404=AXIS2_PLACEMENT_3D('',#2076,#1636,#1637);
#1405=AXIS2_PLACEMENT_3D('',#2077,#1638,#1639);
#1406=AXIS2_PLACEMENT_3D('',#2078,#1640,#1641);
#1407=AXIS2_PLACEMENT_3D('',#2085,#1646,#1647);
#1408=AXIS2_PLACEMENT_3D('',#2086,#1648,#1649);
#1409=AXIS2_PLACEMENT_3D('',#2087,#1650,#1651);
#1410=AXIS2_PLACEMENT_3D('',#2088,#1652,#1653);
#1411=AXIS2_PLACEMENT_3D('',#2089,#1654,#1655);
#1412=AXIS2_PLACEMENT_3D('',#2091,#1656,#1657);
#1413=AXIS2_PLACEMENT_3D('',#2092,#1658,#1659);
#1414=AXIS2_PLACEMENT_3D('',#2093,#1660,#1661);
#1415=AXIS2_PLACEMENT_3D('',#2094,#1662,#1663);
#1416=AXIS2_PLACEMENT_3D('',#2095,#1664,#1665);
#1417=AXIS2_PLACEMENT_3D('',#2096,#1666,#1667);
#1418=AXIS2_PLACEMENT_3D('',#2099,#1668,#1669);
#1419=AXIS2_PLACEMENT_3D('',#2100,#1670,#1671);
#1420=AXIS2_PLACEMENT_3D('',#2101,#1672,#1673);
#1421=AXIS2_PLACEMENT_3D('',#2103,#1674,#1675);
#1422=AXIS2_PLACEMENT_3D('',#2106,#1677,#1678);
#1423=AXIS2_PLACEMENT_3D('',#2107,#1679,#1680);
#1424=AXIS2_PLACEMENT_3D('',#2115,#1685,#1686);
#1425=AXIS2_PLACEMENT_3D('',#2116,#1687,#1688);
#1426=AXIS2_PLACEMENT_3D('',#2120,#1691,#1692);
#1427=AXIS2_PLACEMENT_3D('',#2128,#1697,#1698);
#1428=AXIS2_PLACEMENT_3D('',#2129,#1699,#1700);
#1429=AXIS2_PLACEMENT_3D('',#2130,#1701,#1702);
#1430=AXIS2_PLACEMENT_3D('',#2131,#1703,#1704);
#1431=AXIS2_PLACEMENT_3D('',#2133,#1705,#1706);
#1432=AXIS2_PLACEMENT_3D('',#2134,#1707,#1708);
#1433=AXIS2_PLACEMENT_3D('',#2135,#1709,#1710);
#1434=AXIS2_PLACEMENT_3D('',#2138,#1712,#1713);
#1435=AXIS2_PLACEMENT_3D('',#2139,#1714,#1715);
#1436=AXIS2_PLACEMENT_3D('',#2145,#1719,#1720);
#1437=AXIS2_PLACEMENT_3D('',#2146,#1721,#1722);
#1438=AXIS2_PLACEMENT_3D('',#2147,#1723,#1724);
#1439=AXIS2_PLACEMENT_3D('',#2148,#1725,#1726);
#1440=AXIS2_PLACEMENT_3D('',#2150,#1727,#1728);
#1441=AXIS2_PLACEMENT_3D('',#2151,#1729,#1730);
#1442=AXIS2_PLACEMENT_3D('',#2152,#1731,#1732);
#1443=AXIS2_PLACEMENT_3D('',#2154,#1733,#1734);
#1444=AXIS2_PLACEMENT_3D('',#2156,#1736,#1737);
#1445=AXIS2_PLACEMENT_3D('',#2162,#1741,#1742);
#1446=AXIS2_PLACEMENT_3D('',#2163,#1743,#1744);
#1447=AXIS2_PLACEMENT_3D('',#2164,#1745,#1746);
#1448=AXIS2_PLACEMENT_3D('',#2165,#1747,#1748);
#1449=AXIS2_PLACEMENT_3D('',#2166,#1749,#1750);
#1450=AXIS2_PLACEMENT_3D('',#2167,#1751,#1752);
#1451=AXIS2_PLACEMENT_3D('',#2168,#1753,#1754);
#1452=AXIS2_PLACEMENT_3D('',#2169,#1755,#1756);
#1453=AXIS2_PLACEMENT_3D('',#2170,#1757,#1758);
#1454=AXIS2_PLACEMENT_3D('',#2171,#1759,#1760);
#1455=AXIS2_PLACEMENT_3D('',#2172,#1761,#1762);
#1456=AXIS2_PLACEMENT_3D('',#2173,#1763,#1764);
#1457=AXIS2_PLACEMENT_3D('',#2174,#1765,#1766);
#1458=AXIS2_PLACEMENT_3D('',#2175,#1767,#1768);
#1459=AXIS2_PLACEMENT_3D('',#2176,#1769,#1770);
#1460=AXIS2_PLACEMENT_3D('',#2177,#1771,#1772);
#1461=AXIS2_PLACEMENT_3D('',#2178,#1773,#1774);
#1462=AXIS2_PLACEMENT_3D('',#2180,#1775,#1776);
#1463=AXIS2_PLACEMENT_3D('',#2182,#1778,#1779);
#1464=AXIS2_PLACEMENT_3D('',#2189,#1784,#1785);
#1465=AXIS2_PLACEMENT_3D('',#2190,#1786,#1787);
#1466=AXIS2_PLACEMENT_3D('',#2191,#1788,#1789);
#1467=AXIS2_PLACEMENT_3D('',#2192,#1790,#1791);
#1468=AXIS2_PLACEMENT_3D('',#2194,#1792,#1793);
#1469=AXIS2_PLACEMENT_3D('',#2195,#1794,#1795);
#1470=AXIS2_PLACEMENT_3D('',#2196,#1796,#1797);
#1471=AXIS2_PLACEMENT_3D('',#2199,#1799,#1800);
#1472=AXIS2_PLACEMENT_3D('',#2200,#1801,#1802);
#1473=AXIS2_PLACEMENT_3D('',#2214,#1810,#1811);
#1474=AXIS2_PLACEMENT_3D('',#2215,#1812,#1813);
#1475=AXIS2_PLACEMENT_3D('',#2216,#1814,#1815);
#1476=AXIS2_PLACEMENT_3D('',#2217,#1816,#1817);
#1477=AXIS2_PLACEMENT_3D('',#2218,#1818,#1819);
#1478=AXIS2_PLACEMENT_3D('',#2219,#1820,#1821);
#1479=AXIS2_PLACEMENT_3D('',#2220,#1822,#1823);
#1480=AXIS2_PLACEMENT_3D('',#2221,#1824,#1825);
#1481=AXIS2_PLACEMENT_3D('',#2222,#1826,#1827);
#1482=AXIS2_PLACEMENT_3D('',#2223,#1828,#1829);
#1483=AXIS2_PLACEMENT_3D('',#2224,#1830,#1831);
#1484=AXIS2_PLACEMENT_3D('',#2225,#1832,#1833);
#1485=AXIS2_PLACEMENT_3D('',#2226,#1834,#1835);
#1486=AXIS2_PLACEMENT_3D('',#2227,#1836,#1837);
#1487=AXIS2_PLACEMENT_3D('',#2228,#1838,#1839);
#1488=AXIS2_PLACEMENT_3D('',#2229,#1840,#1841);
#1489=AXIS2_PLACEMENT_3D('',#2235,#1845,#1846);
#1490=AXIS2_PLACEMENT_3D('',#2239,#1849,#1850);
#1491=AXIS2_PLACEMENT_3D('',#2243,#1853,#1854);
#1492=AXIS2_PLACEMENT_3D('',#2245,#1856,#1857);
#1493=AXIS2_PLACEMENT_3D('',#2246,#1858,#1859);
#1494=AXIS2_PLACEMENT_3D('',#2247,#1860,#1861);
#1495=AXIS2_PLACEMENT_3D('',#2256,#1866,#1867);
#1496=AXIS2_PLACEMENT_3D('',#2262,#1871,#1872);
#1497=AXIS2_PLACEMENT_3D('',#2266,#1875,#1876);
#1498=AXIS2_PLACEMENT_3D('',#2270,#1879,#1880);
#1499=AXIS2_PLACEMENT_3D('',#2272,#1882,#1883);
#1500=AXIS2_PLACEMENT_3D('',#2273,#1884,#1885);
#1501=AXIS2_PLACEMENT_3D('',#2274,#1886,#1887);
#1502=AXIS2_PLACEMENT_3D('',#2277,#1888,#1889);
#1503=AXIS2_PLACEMENT_3D('',#2285,#1893,#1894);
#1504=AXIS2_PLACEMENT_3D('',#2289,#1896,#1897);
#1505=AXIS2_PLACEMENT_3D('',#2297,#1901,#1902);
#1506=AXIS2_PLACEMENT_3D('',#2299,#1904,#1905);
#1507=AXIS2_PLACEMENT_3D('',#2303,#1907,#1908);
#1508=AXIS2_PLACEMENT_3D('',#2305,#1910,#1911);
#1509=AXIS2_PLACEMENT_3D('',#2309,#1914,#1915);
#1510=AXIS2_PLACEMENT_3D('',#2313,#1918,#1919);
#1511=AXIS2_PLACEMENT_3D('',#2317,#1922,#1923);
#1512=AXIS2_PLACEMENT_3D('',#2319,#1924,#1925);
#1513=AXIS2_PLACEMENT_3D('',#2321,#1927,#1928);
#1514=AXIS2_PLACEMENT_3D('',#2325,#1931,#1932);
#1515=AXIS2_PLACEMENT_3D('',#2327,#1933,#1934);
#1516=AXIS2_PLACEMENT_3D('',#2329,#1936,#1937);
#1517=AXIS2_PLACEMENT_3D('',#2333,#1940,#1941);
#1518=AXIS2_PLACEMENT_3D('',#2337,#1944,#1945);
#1519=AXIS2_PLACEMENT_3D('',#2341,#1948,#1949);
#1520=AXIS2_PLACEMENT_3D('',#2343,#1950,#1951);
#1521=AXIS2_PLACEMENT_3D('',#2345,#1953,#1954);
#1522=AXIS2_PLACEMENT_3D('',#2347,#1956,#1957);
#1523=AXIS2_PLACEMENT_3D('',#2348,#1958,#1959);
#1524=AXIS2_PLACEMENT_3D('',#2349,#1960,#1961);
#1525=AXIS2_PLACEMENT_3D('',#2350,#1962,#1963);
#1526=AXIS2_PLACEMENT_3D('',#2351,#1964,#1965);
#1527=AXIS2_PLACEMENT_3D('',#2352,#1966,#1967);
#1528=AXIS2_PLACEMENT_3D('',#2353,#1968,#1969);
#1529=AXIS2_PLACEMENT_3D('',#2354,#1970,#1971);
#1530=AXIS2_PLACEMENT_3D('',#2355,#1972,#1973);
#1531=AXIS2_PLACEMENT_3D('',#2356,#1974,#1975);
#1532=AXIS2_PLACEMENT_3D('',#2357,#1976,#1977);
#1533=DIRECTION('axis',(0.,0.,1.));
#1534=DIRECTION('refdir',(1.,0.,0.));
#1535=DIRECTION('axis',(0.,0.,1.));
#1536=DIRECTION('refdir',(1.,0.,0.));
#1537=DIRECTION('center_axis',(0.,1.,0.));
#1538=DIRECTION('ref_axis',(0.,0.,-1.));
#1539=DIRECTION('center_axis',(0.,1.,0.));
#1540=DIRECTION('ref_axis',(0.,0.,-1.));
#1541=DIRECTION('',(0.,-1.,0.));
#1542=DIRECTION('center_axis',(0.,-1.,0.));
#1543=DIRECTION('ref_axis',(0.,0.,-1.));
#1544=DIRECTION('center_axis',(0.,1.,0.));
#1545=DIRECTION('ref_axis',(0.,0.,-1.));
#1546=DIRECTION('center_axis',(0.,1.,0.));
#1547=DIRECTION('ref_axis',(1.,0.,0.));
#1548=DIRECTION('center_axis',(0.,-1.,0.));
#1549=DIRECTION('ref_axis',(1.,0.,0.));
#1550=DIRECTION('center_axis',(0.,-1.,0.));
#1551=DIRECTION('ref_axis',(0.707106781186548,0.,-0.707106781186547));
#1552=DIRECTION('center_axis',(0.,1.,0.));
#1553=DIRECTION('ref_axis',(1.,0.,0.));
#1554=DIRECTION('center_axis',(0.,-1.,0.));
#1555=DIRECTION('ref_axis',(1.,0.,0.));
#1556=DIRECTION('center_axis',(0.,-1.,0.));
#1557=DIRECTION('ref_axis',(0.707106781186547,0.,0.707106781186548));
#1558=DIRECTION('center_axis',(0.,1.,0.));
#1559=DIRECTION('ref_axis',(1.,0.,0.));
#1560=DIRECTION('center_axis',(0.,-1.,0.));
#1561=DIRECTION('ref_axis',(1.,0.,0.));
#1562=DIRECTION('center_axis',(0.,-1.,0.));
#1563=DIRECTION('ref_axis',(-0.707106781186548,0.,0.707106781186547));
#1564=DIRECTION('center_axis',(0.,1.,0.));
#1565=DIRECTION('ref_axis',(1.,0.,0.));
#1566=DIRECTION('center_axis',(0.,-1.,0.));
#1567=DIRECTION('ref_axis',(1.,0.,0.));
#1568=DIRECTION('center_axis',(0.,-1.,0.));
#1569=DIRECTION('ref_axis',(-0.707106781186547,0.,-0.707106781186548));
#1570=DIRECTION('center_axis',(0.,-1.,0.));
#1571=DIRECTION('ref_axis',(1.,0.,0.));
#1572=DIRECTION('center_axis',(0.,-0.173648177666902,-0.984807753012213));
#1573=DIRECTION('ref_axis',(0.,-0.984807753012213,0.173648177666902));
#1574=DIRECTION('',(3.685718397153E-11,-1.,0.));
#1575=DIRECTION('center_axis',(0.,-0.173648177666902,0.984807753012213));
#1576=DIRECTION('ref_axis',(0.,0.984807753012213,0.173648177666902));
#1577=DIRECTION('center_axis',(-0.984807753012213,-0.173648177666902,0.));
#1578=DIRECTION('ref_axis',(0.173648177666902,-0.984807753012213,0.));
#1579=DIRECTION('',(0.,-1.,0.));
#1580=DIRECTION('center_axis',(0.984807753012213,-0.173648177666902,0.));
#1581=DIRECTION('ref_axis',(0.173648177666902,0.984807753012213,0.));
#1582=DIRECTION('center_axis',(0.,-1.,0.));
#1583=DIRECTION('ref_axis',(1.,0.,0.));
#1584=DIRECTION('center_axis',(0.,-0.173648177666902,-0.984807753012213));
#1585=DIRECTION('ref_axis',(1.,0.,0.));
#1586=DIRECTION('',(1.,-3.836174876558E-14,0.));
#1587=DIRECTION('',(-0.171089019229598,-0.97028810397279,0.171083438087798));
#1588=DIRECTION('',(1.,0.,0.));
#1589=DIRECTION('',(0.171089019221608,-0.970288103974145,0.171083438088108));
#1590=DIRECTION('center_axis',(0.,-0.173648177666902,-0.984807753012213));
#1591=DIRECTION('ref_axis',(0.,-0.984807753012213,0.173648177666902));
#1592=DIRECTION('center_axis',(0.,0.,-1.));
#1593=DIRECTION('ref_axis',(1.,0.,0.));
#1594=DIRECTION('',(-7.894129794308E-11,-1.,0.));
#1595=DIRECTION('',(1.,0.,0.));
#1596=DIRECTION('center_axis',(0.,0.173648177666902,-0.984807753012213));
#1597=DIRECTION('ref_axis',(-1.,0.,0.));
#1598=DIRECTION('center_axis',(0.,-0.173648177666902,0.984807753012213));
#1599=DIRECTION('ref_axis',(0.,0.984807753012213,0.173648177666902));
#1600=DIRECTION('',(0.171089566732105,0.970288379707926,0.171081326740205));
#1601=DIRECTION('',(-1.,0.,0.));
#1602=DIRECTION('',(-0.171089566732105,0.970288379707926,0.171081326740205));
#1603=DIRECTION('center_axis',(0.171087869746004,-0.970287525247825,-0.171087869746004));
#1604=DIRECTION('ref_axis',(7.70217223333713E-16,0.173648177666898,-0.984807753012214));
#1605=DIRECTION('center_axis',(0.171087869746004,-0.970287525247825,-0.171087869746004));
#1606=DIRECTION('ref_axis',(7.70217223333713E-16,0.173648177666898,-0.984807753012214));
#1607=DIRECTION('',(-0.171081326740205,0.970288379707926,0.171089566732105));
#1608=DIRECTION('center_axis',(0.984807753012213,0.173648177666902,0.));
#1609=DIRECTION('ref_axis',(0.,0.,-1.));
#1610=DIRECTION('',(-0.171083438090897,0.970288103988784,-0.171089019135797));
#1611=DIRECTION('center_axis',(-0.984807753012213,-0.173648177666902,0.));
#1612=DIRECTION('ref_axis',(0.173648177666902,-0.984807753012213,0.));
#1613=DIRECTION('',(0.,0.,-1.));
#1614=DIRECTION('',(-0.123724030206493,0.701673843159862,0.701673843159862));
#1615=DIRECTION('',(0.,0.,-1.));
#1616=DIRECTION('center_axis',(0.171087869746004,-0.970287525247825,0.171087869746004));
#1617=DIRECTION('ref_axis',(0.984807753012214,0.173648177666898,7.70217223333713E-16));
#1618=DIRECTION('center_axis',(0.171087869746004,-0.970287525247825,0.171087869746004));
#1619=DIRECTION('ref_axis',(0.984807753012214,0.173648177666898,7.70217223333713E-16));
#1620=DIRECTION('',(-0.171089019135797,0.970288103988784,-0.171083438090897));
#1621=DIRECTION('center_axis',(0.,0.173648177666902,0.984807753012213));
#1622=DIRECTION('ref_axis',(1.,0.,0.));
#1623=DIRECTION('',(1.,0.,0.));
#1624=DIRECTION('',(0.171089019135797,0.970288103988784,-0.171083438090897));
#1625=DIRECTION('center_axis',(0.,-0.173648177666902,-0.984807753012213));
#1626=DIRECTION('ref_axis',(0.,-0.984807753012213,0.173648177666902));
#1627=DIRECTION('',(1.,0.,0.));
#1628=DIRECTION('center_axis',(0.,-0.173648177666902,-0.984807753012213));
#1629=DIRECTION('ref_axis',(0.,-0.984807753012213,0.173648177666902));
#1630=DIRECTION('center_axis',(0.,-1.,0.));
#1631=DIRECTION('ref_axis',(1.,0.,0.));
#1632=DIRECTION('center_axis',(0.984807753012213,-0.173648177666902,0.));
#1633=DIRECTION('ref_axis',(0.173648177666902,0.984807753012213,0.));
#1634=DIRECTION('',(0.,-1.,4.906852701941E-11));
#1635=DIRECTION('',(0.,-1.,0.));
#1636=DIRECTION('center_axis',(0.,-0.173648177666902,0.984807753012213));
#1637=DIRECTION('ref_axis',(0.,0.984807753012213,0.173648177666902));
#1638=DIRECTION('center_axis',(0.,-1.,0.));
#1639=DIRECTION('ref_axis',(1.,0.,0.));
#1640=DIRECTION('center_axis',(0.984807753012213,-0.173648177666902,0.));
#1641=DIRECTION('ref_axis',(0.,0.,1.));
#1642=DIRECTION('',(0.,5.680141042189E-14,1.));
#1643=DIRECTION('',(-0.171083438087798,-0.97028810397279,-0.171089019229598));
#1644=DIRECTION('',(0.,0.,1.));
#1645=DIRECTION('',(-0.171083438088108,-0.970288103974145,0.171089019221608));
#1646=DIRECTION('center_axis',(1.,0.,0.));
#1647=DIRECTION('ref_axis',(0.,0.,1.));
#1648=DIRECTION('center_axis',(0.171087869746004,0.970287525247825,-0.171087869746004));
#1649=DIRECTION('ref_axis',(0.984807753012214,-0.173648177666898,-7.70217223333713E-16));
#1650=DIRECTION('center_axis',(0.171087869746004,0.970287525247825,-0.171087869746004));
#1651=DIRECTION('ref_axis',(0.984807753012214,-0.173648177666898,-7.70217223333713E-16));
#1652=DIRECTION('center_axis',(0.,1.,0.));
#1653=DIRECTION('ref_axis',(0.707106781186547,0.,-0.707106781186548));
#1654=DIRECTION('center_axis',(0.,-1.,0.));
#1655=DIRECTION('ref_axis',(1.,0.,0.));
#1656=DIRECTION('center_axis',(0.,-1.,0.));
#1657=DIRECTION('ref_axis',(1.,0.,0.));
#1658=DIRECTION('center_axis',(0.,1.,0.));
#1659=DIRECTION('ref_axis',(-0.707106781186548,0.,-0.707106781186547));
#1660=DIRECTION('center_axis',(0.,-1.,0.));
#1661=DIRECTION('ref_axis',(1.,0.,0.));
#1662=DIRECTION('center_axis',(0.,-1.,0.));
#1663=DIRECTION('ref_axis',(1.,0.,0.));
#1664=DIRECTION('center_axis',(0.,1.,0.));
#1665=DIRECTION('ref_axis',(0.707106781186548,0.,0.707106781186547));
#1666=DIRECTION('center_axis',(0.,-1.,0.));
#1667=DIRECTION('ref_axis',(1.,0.,0.));
#1668=DIRECTION('center_axis',(0.,-1.,0.));
#1669=DIRECTION('ref_axis',(1.,0.,0.));
#1670=DIRECTION('center_axis',(0.,1.,0.));
#1671=DIRECTION('ref_axis',(-0.707106781186547,0.,0.707106781186548));
#1672=DIRECTION('center_axis',(0.,-1.,0.));
#1673=DIRECTION('ref_axis',(1.,0.,0.));
#1674=DIRECTION('center_axis',(-0.984807753012213,-0.173648177666902,0.));
#1675=DIRECTION('ref_axis',(0.173648177666902,-0.984807753012213,0.));
#1676=DIRECTION('',(0.,-1.,-4.906852701941E-11));
#1677=DIRECTION('center_axis',(0.984807753012213,-0.173648177666902,0.));
#1678=DIRECTION('ref_axis',(0.173648177666902,0.984807753012213,0.));
#1679=DIRECTION('center_axis',(-0.984807753012213,-0.173648177666902,0.));
#1680=DIRECTION('ref_axis',(0.,0.,-1.));
#1681=DIRECTION('',(0.,5.680891192881E-14,-1.));
#1682=DIRECTION('',(0.171083438087798,-0.97028810397279,0.171089019229598));
#1683=DIRECTION('',(0.,0.,-1.));
#1684=DIRECTION('',(0.171083438088108,-0.970288103974145,-0.171089019221608));
#1685=DIRECTION('center_axis',(-0.984807753012213,-0.173648177666902,0.));
#1686=DIRECTION('ref_axis',(0.173648177666902,-0.984807753012213,0.));
#1687=DIRECTION('center_axis',(-1.,0.,0.));
#1688=DIRECTION('ref_axis',(0.,0.,-1.));
#1689=DIRECTION('',(0.,-1.,0.));
#1690=DIRECTION('',(0.,0.,-1.));
#1691=DIRECTION('center_axis',(-0.984807753012213,0.173648177666902,0.));
#1692=DIRECTION('ref_axis',(0.,0.,1.));
#1693=DIRECTION('',(0.171083438090897,0.970288103988784,-0.171089019135797));
#1694=DIRECTION('',(0.,0.,1.));
#1695=DIRECTION('',(-0.123724030206493,-0.701673843159862,-0.701673843159862));
#1696=DIRECTION('',(0.171081326740205,0.970288379707926,0.171089566732105));
#1697=DIRECTION('center_axis',(0.984807753012213,-0.173648177666902,0.));
#1698=DIRECTION('ref_axis',(0.173648177666902,0.984807753012213,0.));
#1699=DIRECTION('center_axis',(-0.171087869746004,-0.970287525247825,0.171087869746004));
#1700=DIRECTION('ref_axis',(-7.70217223333713E-16,0.173648177666898,0.984807753012214));
#1701=DIRECTION('center_axis',(-0.171087869746004,-0.970287525247825,0.171087869746004));
#1702=DIRECTION('ref_axis',(-7.70217223333713E-16,0.173648177666898,0.984807753012214));
#1703=DIRECTION('center_axis',(0.766044443119007,0.642787609686505,0.));
#1704=DIRECTION('ref_axis',(-0.642787609686506,0.766044443119006,0.));
#1705=DIRECTION('center_axis',(1.,0.,0.));
#1706=DIRECTION('ref_axis',(0.,1.,0.));
#1707=DIRECTION('center_axis',(0.,0.,-1.));
#1708=DIRECTION('ref_axis',(-0.984807753012213,0.173648177666902,0.));
#1709=DIRECTION('center_axis',(1.,0.,0.));
#1710=DIRECTION('ref_axis',(0.,1.,0.));
#1711=DIRECTION('',(1.,0.,0.));
#1712=DIRECTION('center_axis',(-1.,0.,0.));
#1713=DIRECTION('ref_axis',(0.,0.173648177666902,0.984807753012213));
#1714=DIRECTION('center_axis',(0.,1.,0.));
#1715=DIRECTION('ref_axis',(1.,0.,0.));
#1716=DIRECTION('',(0.,0.,-1.));
#1717=DIRECTION('',(-1.,0.,0.));
#1718=DIRECTION('',(0.,0.,1.));
#1719=DIRECTION('center_axis',(0.,0.,-1.));
#1720=DIRECTION('ref_axis',(0.,1.,0.));
#1721=DIRECTION('center_axis',(0.,0.,-1.));
#1722=DIRECTION('ref_axis',(0.,1.,0.));
#1723=DIRECTION('center_axis',(0.,0.,1.));
#1724=DIRECTION('ref_axis',(0.984807753012213,0.173648177666902,0.));
#1725=DIRECTION('center_axis',(0.,-0.382683432365094,-0.923879532511285));
#1726=DIRECTION('ref_axis',(0.,0.923879532511285,-0.382683432365094));
#1727=DIRECTION('center_axis',(0.123724030206493,-0.701673843159863,-0.701673843159863));
#1728=DIRECTION('ref_axis',(0.,0.707106781186548,-0.707106781186548));
#1729=DIRECTION('center_axis',(-1.,0.,0.));
#1730=DIRECTION('ref_axis',(0.,1.,0.));
#1731=DIRECTION('center_axis',(-0.123724030206493,0.701673843159863,0.701673843159863));
#1732=DIRECTION('ref_axis',(0.984807753012209,0.173648177666923,2.10526041044548E-14));
#1733=DIRECTION('center_axis',(-0.123724030206493,0.701673843159863,0.701673843159863));
#1734=DIRECTION('ref_axis',(0.984807753012209,0.173648177666923,2.10526041044548E-14));
#1735=DIRECTION('',(-0.123724030206493,0.701673843159862,0.701673843159862));
#1736=DIRECTION('center_axis',(0.,0.707106781186548,-0.707106781186548));
#1737=DIRECTION('ref_axis',(0.,-0.707106781186548,-0.707106781186548));
#1738=DIRECTION('',(-0.123724030206493,-0.701673843159862,-0.701673843159862));
#1739=DIRECTION('',(-1.,0.,0.));
#1740=DIRECTION('',(-1.,0.,0.));
#1741=DIRECTION('center_axis',(-0.123724030206493,-0.701673843159863,-0.701673843159863));
#1742=DIRECTION('ref_axis',(-0.984807753012209,0.173648177666923,2.10526041044548E-14));
#1743=DIRECTION('center_axis',(-0.123724030206493,-0.701673843159863,-0.701673843159863));
#1744=DIRECTION('ref_axis',(-0.984807753012209,0.173648177666923,2.10526041044548E-14));
#1745=DIRECTION('center_axis',(0.123724030206493,0.701673843159863,0.701673843159863));
#1746=DIRECTION('ref_axis',(0.,0.707106781186548,-0.707106781186548));
#1747=DIRECTION('center_axis',(0.,0.887010833178231,0.461748613235016));
#1748=DIRECTION('ref_axis',(0.,0.461748613235017,-0.887010833178231));
#1749=DIRECTION('center_axis',(1.,0.,0.));
#1750=DIRECTION('ref_axis',(0.,0.173648177666902,-0.984807753012213));
#1751=DIRECTION('center_axis',(-0.171087869746004,-0.970287525247825,-0.171087869746004));
#1752=DIRECTION('ref_axis',(-0.984807753012214,0.173648177666898,-7.70217223333713E-16));
#1753=DIRECTION('center_axis',(-0.171087869746004,-0.970287525247825,-0.171087869746004));
#1754=DIRECTION('ref_axis',(-0.984807753012214,0.173648177666898,-7.70217223333713E-16));
#1755=DIRECTION('center_axis',(1.,0.,0.));
#1756=DIRECTION('ref_axis',(0.,0.173648177666902,-0.984807753012213));
#1757=DIRECTION('center_axis',(-1.,0.,0.));
#1758=DIRECTION('ref_axis',(0.,0.707106781186548,-0.707106781186548));
#1759=DIRECTION('center_axis',(0.,-0.887010833178231,-0.461748613235016));
#1760=DIRECTION('ref_axis',(0.,0.461748613235017,-0.887010833178231));
#1761=DIRECTION('center_axis',(0.,0.382683432365094,0.923879532511285));
#1762=DIRECTION('ref_axis',(0.,0.923879532511285,-0.382683432365094));
#1763=DIRECTION('center_axis',(0.,0.,1.));
#1764=DIRECTION('ref_axis',(0.,1.,0.));
#1765=DIRECTION('center_axis',(1.,0.,0.));
#1766=DIRECTION('ref_axis',(0.,0.707106781186548,-0.707106781186548));
#1767=DIRECTION('center_axis',(0.,0.,1.));
#1768=DIRECTION('ref_axis',(0.,1.,0.));
#1769=DIRECTION('center_axis',(-1.,0.,0.));
#1770=DIRECTION('ref_axis',(0.,1.,0.));
#1771=DIRECTION('center_axis',(0.766044443119007,-0.642787609686505,0.));
#1772=DIRECTION('ref_axis',(0.642787609686506,0.766044443119006,0.));
#1773=DIRECTION('center_axis',(0.,-1.,0.));
#1774=DIRECTION('ref_axis',(1.,0.,0.));
#1775=DIRECTION('center_axis',(0.,-0.173648177666902,0.984807753012213));
#1776=DIRECTION('ref_axis',(0.,0.984807753012213,0.173648177666902));
#1777=DIRECTION('',(-4.907407813453E-11,-1.,0.));
#1778=DIRECTION('center_axis',(0.,-0.173648177666902,0.984807753012213));
#1779=DIRECTION('ref_axis',(-1.,0.,0.));
#1780=DIRECTION('',(-1.,4.472190939079E-14,0.));
#1781=DIRECTION('',(0.171089019229598,-0.97028810397279,-0.171083438087798));
#1782=DIRECTION('',(-1.,0.,0.));
#1783=DIRECTION('',(-0.171089019221608,-0.970288103974145,-0.171083438088108));
#1784=DIRECTION('center_axis',(0.,0.,1.));
#1785=DIRECTION('ref_axis',(-1.,0.,0.));
#1786=DIRECTION('center_axis',(0.171087869746004,0.970287525247825,0.171087869746004));
#1787=DIRECTION('ref_axis',(7.70217223333713E-16,-0.173648177666898,0.984807753012214));
#1788=DIRECTION('center_axis',(0.171087869746004,0.970287525247825,0.171087869746004));
#1789=DIRECTION('ref_axis',(7.70217223333713E-16,-0.173648177666898,0.984807753012214));
#1790=DIRECTION('center_axis',(-0.766044443119007,-0.642787609686505,0.));
#1791=DIRECTION('ref_axis',(0.642787609686506,-0.766044443119006,0.));
#1792=DIRECTION('center_axis',(-1.,0.,0.));
#1793=DIRECTION('ref_axis',(0.,-1.,0.));
#1794=DIRECTION('center_axis',(0.,0.,-1.));
#1795=DIRECTION('ref_axis',(0.984807753012213,-0.173648177666902,0.));
#1796=DIRECTION('center_axis',(-1.,0.,0.));
#1797=DIRECTION('ref_axis',(0.,-1.,0.));
#1798=DIRECTION('',(-1.,0.,0.));
#1799=DIRECTION('center_axis',(1.,0.,0.));
#1800=DIRECTION('ref_axis',(0.,-0.173648177666902,0.984807753012213));
#1801=DIRECTION('center_axis',(0.,-1.,0.));
#1802=DIRECTION('ref_axis',(1.,0.,0.));
#1803=DIRECTION('',(1.,0.,0.));
#1804=DIRECTION('',(0.,0.,1.));
#1805=DIRECTION('',(0.,0.,-1.));
#1806=DIRECTION('',(0.,0.,1.));
#1807=DIRECTION('',(1.,0.,0.));
#1808=DIRECTION('',(0.,0.,-1.));
#1809=DIRECTION('',(-1.,0.,0.));
#1810=DIRECTION('center_axis',(1.,0.,0.));
#1811=DIRECTION('ref_axis',(0.,-1.,0.));
#1812=DIRECTION('center_axis',(1.,0.,0.));
#1813=DIRECTION('ref_axis',(0.,-1.,0.));
#1814=DIRECTION('center_axis',(-1.,0.,0.));
#1815=DIRECTION('ref_axis',(0.,-0.173648177666902,-0.984807753012213));
#1816=DIRECTION('center_axis',(-0.707106781186546,0.,-0.707106781186549));
#1817=DIRECTION('ref_axis',(0.686096888803434,-0.241954785752412,-0.686096888803434));
#1818=DIRECTION('center_axis',(0.,0.,1.));
#1819=DIRECTION('ref_axis',(0.,-1.,0.));
#1820=DIRECTION('center_axis',(0.,0.,1.));
#1821=DIRECTION('ref_axis',(0.,-1.,0.));
#1822=DIRECTION('center_axis',(-0.707106781186546,0.,0.707106781186549));
#1823=DIRECTION('ref_axis',(-0.686096888803434,-0.241954785752412,-0.686096888803434));
#1824=DIRECTION('center_axis',(0.,0.,1.));
#1825=DIRECTION('ref_axis',(-0.984807753012213,-0.173648177666902,0.));
#1826=DIRECTION('center_axis',(-0.171087869746004,0.970287525247825,-0.171087869746004));
#1827=DIRECTION('ref_axis',(-7.70217223333713E-16,-0.173648177666898,-0.984807753012214));
#1828=DIRECTION('center_axis',(0.,0.,-1.));
#1829=DIRECTION('ref_axis',(0.,-1.,0.));
#1830=DIRECTION('center_axis',(0.,0.,-1.));
#1831=DIRECTION('ref_axis',(0.,-1.,0.));
#1832=DIRECTION('center_axis',(-0.766044443119007,0.642787609686505,0.));
#1833=DIRECTION('ref_axis',(-0.642787609686506,-0.766044443119006,0.));
#1834=DIRECTION('center_axis',(-0.171087869746004,0.970287525247825,0.171087869746004));
#1835=DIRECTION('ref_axis',(-0.984807753012214,-0.173648177666898,7.70217223333713E-16));
#1836=DIRECTION('center_axis',(-0.171087869746004,0.970287525247825,0.171087869746004));
#1837=DIRECTION('ref_axis',(-0.984807753012214,-0.173648177666898,7.70217223333713E-16));
#1838=DIRECTION('center_axis',(-0.171087869746004,0.970287525247825,-0.171087869746004));
#1839=DIRECTION('ref_axis',(-7.70217223333713E-16,-0.173648177666898,-0.984807753012214));
#1840=DIRECTION('center_axis',(-1.,0.,0.));
#1841=DIRECTION('ref_axis',(0.,0.,1.));
#1842=DIRECTION('',(0.,1.,0.));
#1843=DIRECTION('',(0.,0.,1.));
#1844=DIRECTION('',(0.,1.,0.));
#1845=DIRECTION('center_axis',(0.,0.,-1.));
#1846=DIRECTION('ref_axis',(-1.,0.,0.));
#1847=DIRECTION('',(0.,1.,0.));
#1848=DIRECTION('',(-1.,0.,0.));
#1849=DIRECTION('center_axis',(0.,1.,0.));
#1850=DIRECTION('ref_axis',(1.,0.,0.));
#1851=DIRECTION('',(0.,0.,-1.));
#1852=DIRECTION('',(1.,0.,0.));
#1853=DIRECTION('center_axis',(0.,0.,1.));
#1854=DIRECTION('ref_axis',(1.,0.,0.));
#1855=DIRECTION('',(0.,1.,0.));
#1856=DIRECTION('center_axis',(1.,0.,0.));
#1857=DIRECTION('ref_axis',(0.,0.,-1.));
#1858=DIRECTION('axis',(0.,0.,1.));
#1859=DIRECTION('refdir',(1.,0.,0.));
#1860=DIRECTION('center_axis',(0.,1.,0.));
#1861=DIRECTION('ref_axis',(1.,0.,0.));
#1862=DIRECTION('',(0.,0.,1.));
#1863=DIRECTION('',(-1.,0.,0.));
#1864=DIRECTION('',(0.,0.,-1.));
#1865=DIRECTION('',(1.,0.,0.));
#1866=DIRECTION('center_axis',(-1.,0.,0.));
#1867=DIRECTION('ref_axis',(0.,0.,1.));
#1868=DIRECTION('',(0.,1.,0.));
#1869=DIRECTION('',(0.,0.,1.));
#1870=DIRECTION('',(0.,1.,0.));
#1871=DIRECTION('center_axis',(0.,0.,-1.));
#1872=DIRECTION('ref_axis',(-1.,0.,0.));
#1873=DIRECTION('',(-1.,0.,0.));
#1874=DIRECTION('',(0.,1.,0.));
#1875=DIRECTION('center_axis',(1.,0.,0.));
#1876=DIRECTION('ref_axis',(0.,0.,-1.));
#1877=DIRECTION('',(0.,0.,-1.));
#1878=DIRECTION('',(0.,1.,0.));
#1879=DIRECTION('center_axis',(0.,0.,1.));
#1880=DIRECTION('ref_axis',(1.,0.,0.));
#1881=DIRECTION('',(1.,0.,0.));
#1882=DIRECTION('center_axis',(0.,1.,0.));
#1883=DIRECTION('ref_axis',(1.,0.,0.));
#1884=DIRECTION('axis',(0.,0.,1.));
#1885=DIRECTION('refdir',(1.,0.,0.));
#1886=DIRECTION('center_axis',(1.,0.,0.));
#1887=DIRECTION('ref_axis',(0.,0.,-1.));
#1888=DIRECTION('center_axis',(-1.,0.,0.));
#1889=DIRECTION('ref_axis',(0.,0.173648177666902,0.984807753012213));
#1890=DIRECTION('',(0.,0.,1.));
#1891=DIRECTION('',(0.,1.,0.));
#1892=DIRECTION('',(0.,0.,-1.));
#1893=DIRECTION('center_axis',(1.,0.,0.));
#1894=DIRECTION('ref_axis',(0.,1.,0.));
#1895=DIRECTION('',(0.,-0.984807753012213,0.173648177666902));
#1896=DIRECTION('center_axis',(-1.,0.,0.));
#1897=DIRECTION('ref_axis',(0.,-0.173648177666902,-0.984807753012213));
#1898=DIRECTION('',(0.,0.0697564737441317,-0.997564050259824));
#1899=DIRECTION('',(0.,-0.997564050259824,-0.0697564737441317));
#1900=DIRECTION('',(0.,-0.0697564737441317,0.997564050259824));
#1901=DIRECTION('center_axis',(1.,0.,0.));
#1902=DIRECTION('ref_axis',(0.,-0.997564050259824,-0.0697564737441317));
#1903=DIRECTION('',(0.,0.984807753012213,-0.173648177666902));
#1904=DIRECTION('center_axis',(-1.,0.,0.));
#1905=DIRECTION('ref_axis',(0.,0.173648177666902,0.984807753012213));
#1906=DIRECTION('',(-1.,0.,0.));
#1907=DIRECTION('center_axis',(1.,0.,0.));
#1908=DIRECTION('ref_axis',(0.,1.,0.));
#1909=DIRECTION('',(-1.,0.,0.));
#1910=DIRECTION('center_axis',(0.,1.,0.));
#1911=DIRECTION('ref_axis',(0.,0.,1.));
#1912=DIRECTION('',(0.,0.,1.));
#1913=DIRECTION('',(1.,0.,0.));
#1914=DIRECTION('center_axis',(0.,0.,-1.));
#1915=DIRECTION('ref_axis',(0.,1.,0.));
#1916=DIRECTION('',(0.,1.,0.));
#1917=DIRECTION('',(1.,0.,0.));
#1918=DIRECTION('center_axis',(0.,-1.,0.));
#1919=DIRECTION('ref_axis',(0.,0.,-1.));
#1920=DIRECTION('',(1.,0.,0.));
#1921=DIRECTION('',(0.,0.,-1.));
#1922=DIRECTION('center_axis',(1.,0.,0.));
#1923=DIRECTION('ref_axis',(0.,1.,0.));
#1924=DIRECTION('center_axis',(-1.,0.,0.));
#1925=DIRECTION('ref_axis',(0.,0.173648177666902,0.984807753012213));
#1926=DIRECTION('',(1.,0.,0.));
#1927=DIRECTION('center_axis',(0.,-0.173648177666902,-0.984807753012213));
#1928=DIRECTION('ref_axis',(0.,0.984807753012213,-0.173648177666902));
#1929=DIRECTION('',(0.,0.984807753012213,-0.173648177666902));
#1930=DIRECTION('',(1.,0.,0.));
#1931=DIRECTION('center_axis',(-1.,0.,0.));
#1932=DIRECTION('ref_axis',(0.,-0.173648177666902,-0.984807753012213));
#1933=DIRECTION('center_axis',(-1.,0.,0.));
#1934=DIRECTION('ref_axis',(0.,-0.173648177666902,-0.984807753012213));
#1935=DIRECTION('',(1.,0.,0.));
#1936=DIRECTION('center_axis',(0.,-0.997564050259824,-0.0697564737441317));
#1937=DIRECTION('ref_axis',(0.,0.0697564737441317,-0.997564050259824));
#1938=DIRECTION('',(0.,0.0697564737441317,-0.997564050259824));
#1939=DIRECTION('',(1.,0.,0.));
#1940=DIRECTION('center_axis',(0.,-0.0697564737441317,0.997564050259824));
#1941=DIRECTION('ref_axis',(0.,-0.997564050259824,-0.0697564737441317));
#1942=DIRECTION('',(0.,-0.997564050259824,-0.0697564737441317));
#1943=DIRECTION('',(1.,0.,0.));
#1944=DIRECTION('center_axis',(0.,0.997564050259824,0.0697564737441317));
#1945=DIRECTION('ref_axis',(0.,-0.0697564737441317,0.997564050259824));
#1946=DIRECTION('',(0.,-0.0697564737441317,0.997564050259824));
#1947=DIRECTION('',(1.,0.,0.));
#1948=DIRECTION('center_axis',(1.,0.,0.));
#1949=DIRECTION('ref_axis',(0.,-0.997564050259824,-0.0697564737441317));
#1950=DIRECTION('center_axis',(1.,0.,0.));
#1951=DIRECTION('ref_axis',(0.,-0.997564050259824,-0.0697564737441317));
#1952=DIRECTION('',(1.,0.,0.));
#1953=DIRECTION('center_axis',(0.,0.173648177666902,0.984807753012213));
#1954=DIRECTION('ref_axis',(0.,-0.984807753012213,0.173648177666902));
#1955=DIRECTION('',(0.,-0.984807753012213,0.173648177666902));
#1956=DIRECTION('center_axis',(1.,0.,0.));
#1957=DIRECTION('ref_axis',(0.,0.,-1.));
#1958=DIRECTION('',(1.,0.,0.));
#1959=DIRECTION('',(0.,1.,0.));
#1960=DIRECTION('',(1.,0.,0.));
#1961=DIRECTION('',(0.,1.,0.));
#1962=DIRECTION('',(1.,0.,0.));
#1963=DIRECTION('',(0.,1.,0.));
#1964=DIRECTION('',(1.,0.,0.));
#1965=DIRECTION('',(0.,1.,0.));
#1966=DIRECTION('',(1.,0.,0.));
#1967=DIRECTION('',(0.,1.,0.));
#1968=DIRECTION('',(1.,0.,0.));
#1969=DIRECTION('',(0.,1.,0.));
#1970=DIRECTION('',(-1.,0.,0.));
#1971=DIRECTION('',(0.,-1.,0.));
#1972=DIRECTION('',(-1.,0.,0.));
#1973=DIRECTION('',(0.,-1.,0.));
#1974=DIRECTION('',(-1.,0.,0.));
#1975=DIRECTION('',(0.,-1.,0.));
#1976=DIRECTION('',(-1.,0.,0.));
#1977=DIRECTION('',(0.,-1.,0.));
#1978=CARTESIAN_POINT('',(0.,0.,0.));
#1979=CARTESIAN_POINT('',(0.,0.,0.));
#1980=CARTESIAN_POINT('Origin',(1.79999995976686,0.7,-1.19999997317791));
#1981=CARTESIAN_POINT('',(1.79999995976686,0.75,-0.999999977648258));
#1982=CARTESIAN_POINT('Origin',(1.79999995976686,0.75,-1.19999997317791));
#1983=CARTESIAN_POINT('',(1.79999995976686,0.7,-0.999999977648258));
#1984=CARTESIAN_POINT('',(1.79999995976686,0.7,-0.999999977648258));
#1985=CARTESIAN_POINT('Origin',(1.79999995976686,0.7,-1.19999997317791));
#1986=CARTESIAN_POINT('Origin',(1.79999995976686,0.75,-1.19999997317791));
#1987=CARTESIAN_POINT('Origin',(0.,0.,0.));
#1988=CARTESIAN_POINT('',(2.35151004499524,3.22540544251543E-5,-1.94998859815418));
#1989=CARTESIAN_POINT('',(2.44998859815418,3.22540544259522E-5,-1.85151004499524));
#1990=CARTESIAN_POINT('Origin',(2.35,0.,-1.85));
#1991=CARTESIAN_POINT('Origin',(2.34845733881165,0.,-1.84845733881165));
#1992=CARTESIAN_POINT('Origin',(0.,0.,0.));
#1993=CARTESIAN_POINT('',(2.44998859815418,3.22540544259522E-5,1.85151004499524));
#1994=CARTESIAN_POINT('',(2.35151004499524,3.22540544251543E-5,1.94998859815418));
#1995=CARTESIAN_POINT('Origin',(2.35,0.,1.85));
#1996=CARTESIAN_POINT('Origin',(2.34845733881165,0.,1.84845733881165));
#1997=CARTESIAN_POINT('Origin',(0.,0.,0.));
#1998=CARTESIAN_POINT('',(-2.35151004499524,3.22540544251543E-5,1.94998859815418));
#1999=CARTESIAN_POINT('',(-2.44998859815418,3.22540544259522E-5,1.85151004499524));
#2000=CARTESIAN_POINT('Origin',(-2.35,0.,1.85));
#2001=CARTESIAN_POINT('Origin',(-2.34845733881165,0.,1.84845733881165));
#2002=CARTESIAN_POINT('Origin',(0.,0.,0.));
#2003=CARTESIAN_POINT('',(-2.44998859815418,3.22540544259522E-5,-1.85151004499524));
#2004=CARTESIAN_POINT('',(-2.35151004499524,3.22540544251543E-5,-1.94998859815418));
#2005=CARTESIAN_POINT('Origin',(-2.35,0.,-1.85));
#2006=CARTESIAN_POINT('Origin',(-2.34845733881165,0.,-1.84845733881165));
#2007=CARTESIAN_POINT('Origin',(2.35,0.,-1.85));
#2008=CARTESIAN_POINT('',(2.350000000007,-0.1999999999998,-1.95));
#2009=CARTESIAN_POINT('',(2.35151004082493,-0.20003225389042,-1.94998859821716));
#2010=CARTESIAN_POINT('Origin',(2.35,-0.767128181961864,-1.85));
#2011=CARTESIAN_POINT('',(2.35,0.,-1.95));
#2012=CARTESIAN_POINT('',(2.35,0.,-1.95));
#2013=CARTESIAN_POINT('Origin',(2.35,0.567128181961864,-1.85));
#2014=CARTESIAN_POINT('',(2.45,0.,-1.85));
#2015=CARTESIAN_POINT('Origin',(2.35,0.567128181961866,-1.85));
#2016=CARTESIAN_POINT('',(2.45,-0.2,-1.85));
#2017=CARTESIAN_POINT('',(2.45,0.,-1.85));
#2018=CARTESIAN_POINT('',(2.44998859821725,-0.200032253890168,-1.851510040819));
#2019=CARTESIAN_POINT('Origin',(2.35,-0.767128181961866,-1.85));
#2020=CARTESIAN_POINT('Origin',(2.35,-0.2,-1.85));
#2021=CARTESIAN_POINT('Origin',(-2.45,-0.2,-1.95));
#2022=CARTESIAN_POINT('',(-2.350000000016,-0.1999999999997,-1.95));
#2023=CARTESIAN_POINT('',(-2.350000000016,-0.1999999999997,-1.95));
#2024=CARTESIAN_POINT('',(2.242661150386,-0.8173648177667,-1.841141925688));
#2025=CARTESIAN_POINT('',(2.351515606782,-0.2000242977241,-1.949992831112));
#2026=CARTESIAN_POINT('',(-2.242661150386,-0.8173648177667,-1.841141925688));
#2027=CARTESIAN_POINT('',(-2.242661150386,-0.8173648177667,-1.841141925688));
#2028=CARTESIAN_POINT('',(-2.35151007030126,-0.200032253890168,-1.94999431263715));
#2029=CARTESIAN_POINT('',(-2.351515606776,-0.2000242977241,-1.949992831112));
#2030=CARTESIAN_POINT('Origin',(-2.35,-0.767128181961864,-1.85));
#2031=CARTESIAN_POINT('Origin',(-2.35,0.,-1.95));
#2032=CARTESIAN_POINT('',(-2.35,0.,-1.95));
#2033=CARTESIAN_POINT('',(-2.35,0.,-1.95));
#2034=CARTESIAN_POINT('',(-2.35,0.,-1.95));
#2035=CARTESIAN_POINT('Origin',(2.45,0.,-1.95));
#2036=CARTESIAN_POINT('Origin',(-2.35,0.567128181961864,-1.85));
#2037=CARTESIAN_POINT('',(-2.277786949462,0.418156512067,-1.876267724764));
#2038=CARTESIAN_POINT('',(-2.351515612013,2.42677050826E-5,-1.949992836405));
#2039=CARTESIAN_POINT('',(2.277786949462,0.418156512067,-1.876267724764));
#2040=CARTESIAN_POINT('',(2.277786949462,0.418156512067,-1.876267724764));
#2041=CARTESIAN_POINT('',(2.351515612013,2.42677050826E-5,-1.949992836405));
#2042=CARTESIAN_POINT('Origin',(2.351519224699,-0.01736481776669,-1.851519224699));
#2043=CARTESIAN_POINT('',(2.376267724764,0.418156512067,-1.777786949462));
#2044=CARTESIAN_POINT('Origin',(2.277786949462,0.4007916943003,-1.777786949462));
#2045=CARTESIAN_POINT('',(2.449992836405,2.42677050826E-5,-1.851515612013));
#2046=CARTESIAN_POINT('Origin',(2.45,0.,1.95));
#2047=CARTESIAN_POINT('',(2.341141925688,0.6173648177667,1.742661150386));
#2048=CARTESIAN_POINT('',(2.449992836405,2.426770508261E-5,1.851515612013));
#2049=CARTESIAN_POINT('',(2.45,0.,1.85));
#2050=CARTESIAN_POINT('Origin',(2.35,0.567128181961866,1.85));
#2051=CARTESIAN_POINT('',(2.45,0.,1.85));
#2052=CARTESIAN_POINT('',(2.341141925688,0.6173648177667,-1.578578643763));
#2053=CARTESIAN_POINT('',(2.376267724764,0.418156512067,-1.777786949462));
#2054=CARTESIAN_POINT('',(2.341141925688,0.6173648177667,1.742661150386));
#2055=CARTESIAN_POINT('Origin',(2.351519224699,-0.01736481776669,1.851519224699));
#2056=CARTESIAN_POINT('',(2.242661150386,0.6173648177667,1.841141925688));
#2057=CARTESIAN_POINT('Origin',(2.242661150386,0.6,1.742661150386));
#2058=CARTESIAN_POINT('',(2.351515612013,2.42677050826E-5,1.949992836405));
#2059=CARTESIAN_POINT('Origin',(-2.45,0.,1.95));
#2060=CARTESIAN_POINT('',(-2.242661150386,0.6173648177667,1.841141925688));
#2061=CARTESIAN_POINT('',(-2.242661150386,0.6173648177667,1.841141925688));
#2062=CARTESIAN_POINT('',(-2.351515612013,2.42677050826E-5,1.949992836405));
#2063=CARTESIAN_POINT('',(-2.35,0.,1.95));
#2064=CARTESIAN_POINT('Origin',(-2.35,0.567128181961864,1.85));
#2065=CARTESIAN_POINT('',(2.35,0.,1.95));
#2066=CARTESIAN_POINT('',(-2.35,0.,1.95));
#2067=CARTESIAN_POINT('Origin',(2.35,0.567128181961864,1.85));
#2068=CARTESIAN_POINT('Origin',(2.35,0.,1.85));
#2069=CARTESIAN_POINT('',(2.45,-0.1999999999998,1.85000000001));
#2070=CARTESIAN_POINT('',(2.44998859821716,-0.200032253890421,1.85151004082493));
#2071=CARTESIAN_POINT('Origin',(2.35,-0.767128181961866,1.85));
#2072=CARTESIAN_POINT('',(2.45,0.,1.85));
#2073=CARTESIAN_POINT('',(2.35,-0.2,1.95));
#2074=CARTESIAN_POINT('',(2.35,0.,1.95));
#2075=CARTESIAN_POINT('',(2.35151004081901,-0.200032253890168,1.94998859821725));
#2076=CARTESIAN_POINT('Origin',(2.35,-0.767128181961864,1.85));
#2077=CARTESIAN_POINT('Origin',(2.35,-0.2,1.85));
#2078=CARTESIAN_POINT('Origin',(2.45,-0.2,-1.95));
#2079=CARTESIAN_POINT('',(2.45,-0.2,-1.85));
#2080=CARTESIAN_POINT('',(2.341141925688,-0.8173648177667,1.742661150386));
#2081=CARTESIAN_POINT('',(2.449992831112,-0.2000242977241,1.851515606782));
#2082=CARTESIAN_POINT('',(2.341141925688,-0.8173648177667,-1.742661150386));
#2083=CARTESIAN_POINT('',(2.341141925688,-0.8173648177667,-1.742661150386));
#2084=CARTESIAN_POINT('',(2.449992831112,-0.2000242977241,-1.851515606776));
#2085=CARTESIAN_POINT('Origin',(2.45,0.,-1.85));
#2086=CARTESIAN_POINT('Origin',(2.351519224699,-0.1826351822333,-1.851519224699));
#2087=CARTESIAN_POINT('Origin',(2.242661150386,-0.8,-1.742661150386));
#2088=CARTESIAN_POINT('Origin',(2.34845733881165,-0.2,-1.84845733881165));
#2089=CARTESIAN_POINT('Origin',(-2.45,-0.2,-1.95));
#2090=CARTESIAN_POINT('',(-2.44998859821716,-0.200032253890421,-1.85151004082493));
#2091=CARTESIAN_POINT('Origin',(-2.35,-0.2,-1.85));
#2092=CARTESIAN_POINT('Origin',(-2.34845733881165,-0.2,-1.84845733881165));
#2093=CARTESIAN_POINT('Origin',(-2.45,-0.2,-1.95));
#2094=CARTESIAN_POINT('Origin',(-2.45,-0.2,-1.95));
#2095=CARTESIAN_POINT('Origin',(2.34845733881165,-0.2,1.84845733881165));
#2096=CARTESIAN_POINT('Origin',(-2.45,-0.2,-1.95));
#2097=CARTESIAN_POINT('',(-2.35151004082493,-0.20003225389042,1.94998859821716));
#2098=CARTESIAN_POINT('',(-2.44998859821725,-0.200032253890168,1.851510040819));
#2099=CARTESIAN_POINT('Origin',(-2.35,-0.2,1.85));
#2100=CARTESIAN_POINT('Origin',(-2.34845733881165,-0.2,1.84845733881165));
#2101=CARTESIAN_POINT('Origin',(-2.35,0.,-1.85));
#2102=CARTESIAN_POINT('',(-2.45,-0.1999999999998,-1.85000000001));
#2103=CARTESIAN_POINT('Origin',(-2.35,-0.767128181961866,-1.85));
#2104=CARTESIAN_POINT('',(-2.45,0.,-1.85));
#2105=CARTESIAN_POINT('',(-2.45,0.,-1.85));
#2106=CARTESIAN_POINT('Origin',(-2.35,0.567128181961866,-1.85));
#2107=CARTESIAN_POINT('Origin',(-2.45,-0.2,1.95));
#2108=CARTESIAN_POINT('',(-2.45,-0.2,1.85));
#2109=CARTESIAN_POINT('',(-2.45,-0.2,1.85));
#2110=CARTESIAN_POINT('',(-2.341141925688,-0.8173648177667,-1.742661150386));
#2111=CARTESIAN_POINT('',(-2.449992831112,-0.2000242977241,-1.851515606782));
#2112=CARTESIAN_POINT('',(-2.341141925688,-0.8173648177667,1.742661150386));
#2113=CARTESIAN_POINT('',(-2.341141925688,-0.8173648177667,1.742661150386));
#2114=CARTESIAN_POINT('',(-2.449992831112,-0.2000242977241,1.851515606776));
#2115=CARTESIAN_POINT('Origin',(-2.35,-0.767128181961866,1.85));
#2116=CARTESIAN_POINT('Origin',(-2.45,0.,1.85));
#2117=CARTESIAN_POINT('',(-2.45,0.,1.85));
#2118=CARTESIAN_POINT('',(-2.45,0.,1.85));
#2119=CARTESIAN_POINT('',(-2.45,0.,1.85));
#2120=CARTESIAN_POINT('Origin',(-2.45,0.,-1.95));
#2121=CARTESIAN_POINT('',(-2.341141925688,0.6173648177667,1.742661150386));
#2122=CARTESIAN_POINT('',(-2.449992836405,2.42677050826E-5,1.851515612013));
#2123=CARTESIAN_POINT('',(-2.341141925688,0.6173648177667,-1.578578643763));
#2124=CARTESIAN_POINT('',(-2.341141925688,0.6173648177667,-1.578578643763));
#2125=CARTESIAN_POINT('',(-2.376267724764,0.418156512067,-1.777786949462));
#2126=CARTESIAN_POINT('',(-2.341141925688,0.6173648177667,-1.578578643763));
#2127=CARTESIAN_POINT('',(-2.449992836405,2.42677050826E-5,-1.851515612013));
#2128=CARTESIAN_POINT('Origin',(-2.35,0.567128181961866,1.85));
#2129=CARTESIAN_POINT('Origin',(-2.351519224699,-0.01736481776669,1.851519224699));
#2130=CARTESIAN_POINT('Origin',(-2.242661150386,0.6,1.742661150386));
#2131=CARTESIAN_POINT('Origin',(-2.242661150386,0.6,1.742661150386));
#2132=CARTESIAN_POINT('',(-2.242661150386,0.7,1.742661150386));
#2133=CARTESIAN_POINT('Origin',(-2.242661150386,0.6,1.742661150386));
#2134=CARTESIAN_POINT('Origin',(-2.242661150386,0.6,1.742661150386));
#2135=CARTESIAN_POINT('Origin',(-2.326571113504,0.6,1.742661150386));
#2136=CARTESIAN_POINT('',(2.242661150386,0.7,1.742661150386));
#2137=CARTESIAN_POINT('',(-2.242661150386,0.7,1.742661150386));
#2138=CARTESIAN_POINT('Origin',(2.242661150386,0.6,1.742661150386));
#2139=CARTESIAN_POINT('Origin',(0.,0.7,0.));
#2140=CARTESIAN_POINT('',(2.242661150386,0.7,-1.578578643763));
#2141=CARTESIAN_POINT('',(2.242661150386,0.7,1.742661150386));
#2142=CARTESIAN_POINT('',(-2.242661150386,0.7,-1.578578643763));
#2143=CARTESIAN_POINT('',(2.242661150386,0.7,-1.578578643763));
#2144=CARTESIAN_POINT('',(-2.242661150386,0.7,-1.578578643763));
#2145=CARTESIAN_POINT('Origin',(2.242661150386,0.6,1.742661150386));
#2146=CARTESIAN_POINT('Origin',(2.242661150386,0.6,1.742661150386));
#2147=CARTESIAN_POINT('Origin',(2.242661150386,0.6,-1.578578643763));
#2148=CARTESIAN_POINT('Origin',(2.242661150386,0.6,-1.578578643763));
#2149=CARTESIAN_POINT('',(2.242661150386,0.6707106781187,-1.649289321881));
#2150=CARTESIAN_POINT('Origin',(2.242661150386,0.6,-1.578578643763));
#2151=CARTESIAN_POINT('Origin',(2.242661150386,0.6,-1.578578643763));
#2152=CARTESIAN_POINT('Origin',(2.281718157941,0.3784967031286,-1.800081940634));
#2153=CARTESIAN_POINT('',(2.277786949462,0.4715023724189,-1.848497627581));
#2154=CARTESIAN_POINT('Origin',(2.277786949462,0.4007916943003,-1.777786949462));
#2155=CARTESIAN_POINT('',(2.277786949462,0.4715023724189,-1.848497627581));
#2156=CARTESIAN_POINT('Origin',(0.,0.535,-1.785));
#2157=CARTESIAN_POINT('',(-2.242661150386,0.6707106781187,-1.649289321881));
#2158=CARTESIAN_POINT('',(-2.277786949462,0.4715023724189,-1.848497627581));
#2159=CARTESIAN_POINT('',(-2.242661150386,0.6707106781187,-1.649289321881));
#2160=CARTESIAN_POINT('',(2.242661150386,0.6707106781187,-1.649289321881));
#2161=CARTESIAN_POINT('',(2.277786949462,0.4715023724189,-1.848497627581));
#2162=CARTESIAN_POINT('Origin',(-2.237496652692,0.6292893218813,-1.549289321881));
#2163=CARTESIAN_POINT('Origin',(-2.242661150386,0.6,-1.578578643763));
#2164=CARTESIAN_POINT('Origin',(-2.277786949462,0.4007916943003,-1.777786949462));
#2165=CARTESIAN_POINT('Origin',(-2.277786949462,0.4007916943003,-1.777786949462));
#2166=CARTESIAN_POINT('Origin',(-2.277786949462,0.4007916943003,-1.777786949462));
#2167=CARTESIAN_POINT('Origin',(-2.277786949462,0.4007916943003,-1.777786949462));
#2168=CARTESIAN_POINT('Origin',(-2.351519224699,-0.01736481776669,-1.851519224699));
#2169=CARTESIAN_POINT('Origin',(2.277786949462,0.4007916943003,-1.777786949462));
#2170=CARTESIAN_POINT('Origin',(2.277786949462,0.4007916943003,-1.777786949462));
#2171=CARTESIAN_POINT('Origin',(2.277786949462,0.4007916943003,-1.777786949462));
#2172=CARTESIAN_POINT('Origin',(-2.242661150386,0.6,-1.578578643763));
#2173=CARTESIAN_POINT('Origin',(-2.242661150386,0.6,-1.578578643763));
#2174=CARTESIAN_POINT('Origin',(-2.242661150386,0.6,-1.578578643763));
#2175=CARTESIAN_POINT('Origin',(-2.242661150386,0.6,-1.62));
#2176=CARTESIAN_POINT('Origin',(2.242661150386,0.6,-1.578578643763));
#2177=CARTESIAN_POINT('Origin',(2.242661150386,0.6,1.742661150386));
#2178=CARTESIAN_POINT('Origin',(-2.35,0.,1.85));
#2179=CARTESIAN_POINT('',(-2.35000000001,-0.1999999999998,1.95));
#2180=CARTESIAN_POINT('Origin',(-2.35,-0.767128181961864,1.85));
#2181=CARTESIAN_POINT('',(-2.35,0.,1.95));
#2182=CARTESIAN_POINT('Origin',(2.45,-0.2,1.95));
#2183=CARTESIAN_POINT('',(2.35,-0.2,1.95));
#2184=CARTESIAN_POINT('',(-2.242661150386,-0.8173648177667,1.841141925688));
#2185=CARTESIAN_POINT('',(-2.351515606782,-0.2000242977241,1.949992831112));
#2186=CARTESIAN_POINT('',(2.242661150386,-0.8173648177667,1.841141925688));
#2187=CARTESIAN_POINT('',(2.242661150386,-0.8173648177667,1.841141925688));
#2188=CARTESIAN_POINT('',(2.351515606776,-0.2000242977241,1.949992831112));
#2189=CARTESIAN_POINT('Origin',(2.35,0.,1.95));
#2190=CARTESIAN_POINT('Origin',(2.351519224699,-0.1826351822333,1.851519224699));
#2191=CARTESIAN_POINT('Origin',(2.242661150386,-0.8,1.742661150386));
#2192=CARTESIAN_POINT('Origin',(2.242661150386,-0.8,1.742661150386));
#2193=CARTESIAN_POINT('',(2.242661150386,-0.9,1.742661150386));
#2194=CARTESIAN_POINT('Origin',(2.242661150386,-0.8,1.742661150386));
#2195=CARTESIAN_POINT('Origin',(2.242661150386,-0.8,1.742661150386));
#2196=CARTESIAN_POINT('Origin',(2.326571113504,-0.8,1.742661150386));
#2197=CARTESIAN_POINT('',(-2.242661150386,-0.9,1.742661150386));
#2198=CARTESIAN_POINT('',(2.242661150386,-0.9,1.742661150386));
#2199=CARTESIAN_POINT('Origin',(-2.242661150386,-0.8,1.742661150386));
#2200=CARTESIAN_POINT('Origin',(-2.45,-0.9,-1.95));
#2201=CARTESIAN_POINT('',(-2.242661150386,-0.9,-1.742661150386));
#2202=CARTESIAN_POINT('',(2.242661150386,-0.9,-1.742661150386));
#2203=CARTESIAN_POINT('',(-2.242661150386,-0.9,-1.742661150386));
#2204=CARTESIAN_POINT('',(2.242661150386,-0.9,-1.742661150386));
#2205=CARTESIAN_POINT('',(-2.242661150386,-0.9,1.742661150386));
#2206=CARTESIAN_POINT('',(-1.4375,-0.9,-1.0125));
#2207=CARTESIAN_POINT('',(-1.4375,-0.9,1.0125));
#2208=CARTESIAN_POINT('',(-1.4375,-0.9,-1.0125));
#2209=CARTESIAN_POINT('',(1.4375,-0.9,1.0125));
#2210=CARTESIAN_POINT('',(-1.4375,-0.9,1.0125));
#2211=CARTESIAN_POINT('',(1.4375,-0.9,-1.0125));
#2212=CARTESIAN_POINT('',(1.4375,-0.9,1.0125));
#2213=CARTESIAN_POINT('',(1.4375,-0.9,-1.0125));
#2214=CARTESIAN_POINT('Origin',(-2.341141925688,-0.8,-1.742661150386));
#2215=CARTESIAN_POINT('Origin',(-2.242661150386,-0.8,-1.742661150386));
#2216=CARTESIAN_POINT('Origin',(2.242661150386,-0.8,-1.742661150386));
#2217=CARTESIAN_POINT('Origin',(2.242661150386,-0.8,-1.742661150386));
#2218=CARTESIAN_POINT('Origin',(2.242661150386,-0.8,-1.742661150386));
#2219=CARTESIAN_POINT('Origin',(2.242661150386,-0.8,-1.841141925688));
#2220=CARTESIAN_POINT('Origin',(-2.242661150386,-0.8,-1.742661150386));
#2221=CARTESIAN_POINT('Origin',(-2.242661150386,-0.8,-1.742661150386));
#2222=CARTESIAN_POINT('Origin',(-2.242661150386,-0.8,-1.742661150386));
#2223=CARTESIAN_POINT('Origin',(-2.242661150386,-0.8,1.742661150386));
#2224=CARTESIAN_POINT('Origin',(-2.242661150386,-0.8,1.742661150386));
#2225=CARTESIAN_POINT('Origin',(-2.242661150386,-0.8,1.742661150386));
#2226=CARTESIAN_POINT('Origin',(-2.242661150386,-0.8,1.742661150386));
#2227=CARTESIAN_POINT('Origin',(-2.351519224699,-0.1826351822333,1.851519224699));
#2228=CARTESIAN_POINT('Origin',(-2.351519224699,-0.1826351822333,-1.851519224699));
#2229=CARTESIAN_POINT('Origin',(-1.4375,-0.9,-1.0125));
#2230=CARTESIAN_POINT('',(-1.4375,-0.75,-1.0125));
#2231=CARTESIAN_POINT('',(-1.4375,-0.9,-1.0125));
#2232=CARTESIAN_POINT('',(-1.4375,-0.75,1.0125));
#2233=CARTESIAN_POINT('',(-1.4375,-0.75,-1.0125));
#2234=CARTESIAN_POINT('',(-1.4375,-0.9,1.0125));
#2235=CARTESIAN_POINT('Origin',(1.4375,-0.9,-1.0125));
#2236=CARTESIAN_POINT('',(1.4375,-0.75,-1.0125));
#2237=CARTESIAN_POINT('',(1.4375,-0.9,-1.0125));
#2238=CARTESIAN_POINT('',(1.4375,-0.75,-1.0125));
#2239=CARTESIAN_POINT('Origin',(0.,-0.75,0.));
#2240=CARTESIAN_POINT('',(1.4375,-0.75,1.0125));
#2241=CARTESIAN_POINT('',(1.4375,-0.75,1.0125));
#2242=CARTESIAN_POINT('',(-1.4375,-0.75,1.0125));
#2243=CARTESIAN_POINT('Origin',(-1.4375,-0.9,1.0125));
#2244=CARTESIAN_POINT('',(1.4375,-0.9,1.0125));
#2245=CARTESIAN_POINT('Origin',(1.4375,-0.9,1.0125));
#2246=CARTESIAN_POINT('',(0.,0.,0.));
#2247=CARTESIAN_POINT('Origin',(0.,0.,0.));
#2248=CARTESIAN_POINT('',(-1.4375,0.,-1.0125));
#2249=CARTESIAN_POINT('',(-1.4375,0.,1.0125));
#2250=CARTESIAN_POINT('',(-1.4375,0.,-1.0125));
#2251=CARTESIAN_POINT('',(1.4375,0.,-1.0125));
#2252=CARTESIAN_POINT('',(1.4375,0.,-1.0125));
#2253=CARTESIAN_POINT('',(1.4375,0.,1.0125));
#2254=CARTESIAN_POINT('',(1.4375,0.,1.0125));
#2255=CARTESIAN_POINT('',(-1.4375,0.,1.0125));
#2256=CARTESIAN_POINT('Origin',(-1.4375,0.,-1.0125));
#2257=CARTESIAN_POINT('',(-1.4375,0.15,1.0125));
#2258=CARTESIAN_POINT('',(-1.4375,0.,1.0125));
#2259=CARTESIAN_POINT('',(-1.4375,0.15,-1.0125));
#2260=CARTESIAN_POINT('',(-1.4375,0.15,-1.0125));
#2261=CARTESIAN_POINT('',(-1.4375,0.,-1.0125));
#2262=CARTESIAN_POINT('Origin',(1.4375,0.,-1.0125));
#2263=CARTESIAN_POINT('',(1.4375,0.15,-1.0125));
#2264=CARTESIAN_POINT('',(1.4375,0.15,-1.0125));
#2265=CARTESIAN_POINT('',(1.4375,0.,-1.0125));
#2266=CARTESIAN_POINT('Origin',(1.4375,0.,1.0125));
#2267=CARTESIAN_POINT('',(1.4375,0.15,1.0125));
#2268=CARTESIAN_POINT('',(1.4375,0.15,1.0125));
#2269=CARTESIAN_POINT('',(1.4375,0.,1.0125));
#2270=CARTESIAN_POINT('Origin',(-1.4375,0.,1.0125));
#2271=CARTESIAN_POINT('',(-1.4375,0.15,1.0125));
#2272=CARTESIAN_POINT('Origin',(0.,0.15,0.));
#2273=CARTESIAN_POINT('',(0.,0.,0.));
#2274=CARTESIAN_POINT('Origin',(-0.205,0.,0.));
#2275=CARTESIAN_POINT('',(-0.205,0.5020944533001,0.1145525233963));
#2276=CARTESIAN_POINT('',(-0.205,0.75,-0.1808898025074));
#2277=CARTESIAN_POINT('Origin',(-0.205,0.45,-0.1808898025074));
#2278=CARTESIAN_POINT('',(-0.205,0.75,-0.215));
#2279=CARTESIAN_POINT('',(-0.205,0.75,-0.215));
#2280=CARTESIAN_POINT('',(-0.205,0.55,-0.215));
#2281=CARTESIAN_POINT('',(-0.205,0.55,-0.215));
#2282=CARTESIAN_POINT('',(-0.205,0.55,-0.1808898025074));
#2283=CARTESIAN_POINT('',(-0.205,0.55,-0.1808898025074));
#2284=CARTESIAN_POINT('',(-0.205,0.4673648177667,-0.08240902720616));
#2285=CARTESIAN_POINT('Origin',(-0.205,0.45,-0.1808898025074));
#2286=CARTESIAN_POINT('',(-0.205,0.03682167478041,-0.006492654738659));
#2287=CARTESIAN_POINT('',(-0.205,0.4673648177667,-0.08240902720616));
#2288=CARTESIAN_POINT('',(-0.205,-0.2103530869975,0.2680227290418));
#2289=CARTESIAN_POINT('Origin',(-0.205,0.08891612808049,0.288949671165));
#2290=CARTESIAN_POINT('',(-0.205,-0.25,0.835));
#2291=CARTESIAN_POINT('',(-0.205,-0.25,0.835));
#2292=CARTESIAN_POINT('',(-0.205,-0.05048718994804,0.8489512947488));
#2293=CARTESIAN_POINT('',(-0.205,-0.05048718994804,0.8489512947488));
#2294=CARTESIAN_POINT('',(-0.205,-0.01084027694549,0.2819740237906));
#2295=CARTESIAN_POINT('',(-0.205,-0.01084027694549,0.2819740237906));
#2296=CARTESIAN_POINT('',(-0.205,0.0715513103138,0.1904688958638));
#2297=CARTESIAN_POINT('Origin',(-0.205,0.08891612808049,0.288949671165));
#2298=CARTESIAN_POINT('',(-0.205,0.0715513103138,0.1904688958638));
#2299=CARTESIAN_POINT('Origin',(0.739476,0.45,-0.1808898025074));
#2300=CARTESIAN_POINT('',(0.205,0.5020944533001,0.1145525233963));
#2301=CARTESIAN_POINT('',(0.205,0.5020944533001,0.1145525233963));
#2302=CARTESIAN_POINT('',(0.205,0.75,-0.1808898025074));
#2303=CARTESIAN_POINT('Origin',(0.205,0.45,-0.1808898025074));
#2304=CARTESIAN_POINT('',(0.205,0.75,-0.1808898025074));
#2305=CARTESIAN_POINT('Origin',(-0.205,0.75,-0.215));
#2306=CARTESIAN_POINT('',(0.205,0.75,-0.215));
#2307=CARTESIAN_POINT('',(0.205,0.75,-0.215));
#2308=CARTESIAN_POINT('',(-0.205,0.75,-0.215));
#2309=CARTESIAN_POINT('Origin',(-0.205,0.55,-0.215));
#2310=CARTESIAN_POINT('',(0.205,0.55,-0.215));
#2311=CARTESIAN_POINT('',(0.205,0.55,-0.215));
#2312=CARTESIAN_POINT('',(-0.205,0.55,-0.215));
#2313=CARTESIAN_POINT('Origin',(-0.205,0.55,-0.09697983938966));
#2314=CARTESIAN_POINT('',(0.205,0.55,-0.1808898025074));
#2315=CARTESIAN_POINT('',(-0.205,0.55,-0.1808898025074));
#2316=CARTESIAN_POINT('',(0.205,0.55,-0.1808898025074));
#2317=CARTESIAN_POINT('Origin',(-0.739476,0.45,-0.1808898025074));
#2318=CARTESIAN_POINT('',(0.205,0.4673648177667,-0.08240902720616));
#2319=CARTESIAN_POINT('Origin',(0.205,0.45,-0.1808898025074));
#2320=CARTESIAN_POINT('',(-0.205,0.4673648177667,-0.08240902720616));
#2321=CARTESIAN_POINT('Origin',(-0.205,-0.1940031679098,0.03420799284542));
#2322=CARTESIAN_POINT('',(0.205,0.03682167478041,-0.006492654738659));
#2323=CARTESIAN_POINT('',(0.205,0.03682167478041,-0.006492654738659));
#2324=CARTESIAN_POINT('',(-0.205,0.03682167478041,-0.006492654738659));
#2325=CARTESIAN_POINT('Origin',(-0.205,0.08891612808049,0.288949671165));
#2326=CARTESIAN_POINT('',(0.205,-0.2103530869975,0.2680227290418));
#2327=CARTESIAN_POINT('Origin',(0.205,0.08891612808049,0.288949671165));
#2328=CARTESIAN_POINT('',(-0.205,-0.2103530869975,0.2680227290418));
#2329=CARTESIAN_POINT('Origin',(-0.205,-0.25,0.835));
#2330=CARTESIAN_POINT('',(0.205,-0.25,0.835));
#2331=CARTESIAN_POINT('',(0.205,-0.25,0.835));
#2332=CARTESIAN_POINT('',(-0.205,-0.25,0.835));
#2333=CARTESIAN_POINT('Origin',(-0.205,-0.05048718994804,0.8489512947488));
#2334=CARTESIAN_POINT('',(0.205,-0.05048718994804,0.8489512947488));
#2335=CARTESIAN_POINT('',(0.205,-0.05048718994804,0.8489512947488));
#2336=CARTESIAN_POINT('',(-0.205,-0.05048718994804,0.8489512947488));
#2337=CARTESIAN_POINT('Origin',(-0.205,-0.005390303916286,0.2040357783918));
#2338=CARTESIAN_POINT('',(0.205,-0.01084027694549,0.2819740237906));
#2339=CARTESIAN_POINT('',(0.205,-0.01084027694549,0.2819740237906));
#2340=CARTESIAN_POINT('',(-0.205,-0.01084027694549,0.2819740237906));
#2341=CARTESIAN_POINT('Origin',(-0.205,0.08891612808049,0.288949671165));
#2342=CARTESIAN_POINT('',(0.205,0.0715513103138,0.1904688958638));
#2343=CARTESIAN_POINT('Origin',(0.205,0.08891612808049,0.288949671165));
#2344=CARTESIAN_POINT('',(-0.205,0.0715513103138,0.1904688958638));
#2345=CARTESIAN_POINT('Origin',(-0.205,0.03472963553339,0.1969615506024));
#2346=CARTESIAN_POINT('',(0.205,0.5020944533001,0.1145525233963));
#2347=CARTESIAN_POINT('Origin',(0.205,0.,0.));
#2348=CARTESIAN_POINT('',(0.,0.,1.));
#2349=CARTESIAN_POINT('',(2.165,1.905,0.25));
#2350=CARTESIAN_POINT('',(0.,0.,0.1));
#2351=CARTESIAN_POINT('',(2.165,0.635,0.25));
#2352=CARTESIAN_POINT('',(2.165,-0.635,0.25));
#2353=CARTESIAN_POINT('',(2.165,-1.905,0.25));
#2354=CARTESIAN_POINT('',(-2.165,1.905,0.25));
#2355=CARTESIAN_POINT('',(-2.165,0.635,0.25));
#2356=CARTESIAN_POINT('',(-2.165,-0.635,0.25));
#2357=CARTESIAN_POINT('',(-2.165,-1.905,0.25));
#2358=UNCERTAINTY_MEASURE_WITH_UNIT(LENGTH_MEASURE(0.01),#2368,
'DISTANCE_ACCURACY_VALUE',
'Maximum model space distance between geometric entities at asserted c
onnectivities');
#2359=UNCERTAINTY_MEASURE_WITH_UNIT(LENGTH_MEASURE(0.01),#2368,
'DISTANCE_ACCURACY_VALUE',
'Maximum model space distance between geometric entities at asserted c
onnectivities');
#2360=UNCERTAINTY_MEASURE_WITH_UNIT(LENGTH_MEASURE(0.01),#2368,
'DISTANCE_ACCURACY_VALUE',
'Maximum model space distance between geometric entities at asserted c
onnectivities');
#2361=UNCERTAINTY_MEASURE_WITH_UNIT(LENGTH_MEASURE(0.01),#2368,
'DISTANCE_ACCURACY_VALUE',
'Maximum model space distance between geometric entities at asserted c
onnectivities');
#2362=UNCERTAINTY_MEASURE_WITH_UNIT(LENGTH_MEASURE(0.01),#2368,
'DISTANCE_ACCURACY_VALUE',
'Maximum model space distance between geometric entities at asserted c
onnectivities');
#2363=(
GEOMETRIC_REPRESENTATION_CONTEXT(3)
GLOBAL_UNCERTAINTY_ASSIGNED_CONTEXT((#2358))
GLOBAL_UNIT_ASSIGNED_CONTEXT((#2368,#2370,#2371))
REPRESENTATION_CONTEXT('','3D')
);
#2364=(
GEOMETRIC_REPRESENTATION_CONTEXT(3)
GLOBAL_UNCERTAINTY_ASSIGNED_CONTEXT((#2359))
GLOBAL_UNIT_ASSIGNED_CONTEXT((#2368,#2370,#2371))
REPRESENTATION_CONTEXT('','3D')
);
#2365=(
GEOMETRIC_REPRESENTATION_CONTEXT(3)
GLOBAL_UNCERTAINTY_ASSIGNED_CONTEXT((#2360))
GLOBAL_UNIT_ASSIGNED_CONTEXT((#2368,#2370,#2371))
REPRESENTATION_CONTEXT('','3D')
);
#2366=(
GEOMETRIC_REPRESENTATION_CONTEXT(3)
GLOBAL_UNCERTAINTY_ASSIGNED_CONTEXT((#2361))
GLOBAL_UNIT_ASSIGNED_CONTEXT((#2368,#2370,#2371))
REPRESENTATION_CONTEXT('','3D')
);
#2367=(
GEOMETRIC_REPRESENTATION_CONTEXT(3)
GLOBAL_UNCERTAINTY_ASSIGNED_CONTEXT((#2362))
GLOBAL_UNIT_ASSIGNED_CONTEXT((#2368,#2370,#2371))
REPRESENTATION_CONTEXT('','3D')
);
#2368=(
LENGTH_UNIT()
NAMED_UNIT(*)
SI_UNIT(.MILLI.,.METRE.)
);
#2369=(
LENGTH_UNIT()
NAMED_UNIT(*)
SI_UNIT($,.METRE.)
);
#2370=(
NAMED_UNIT(*)
PLANE_ANGLE_UNIT()
SI_UNIT($,.RADIAN.)
);
#2371=(
NAMED_UNIT(*)
SI_UNIT($,.STERADIAN.)
SOLID_ANGLE_UNIT()
);
#2372=SHAPE_DEFINITION_REPRESENTATION(#2376,#2390);
#2373=SHAPE_DEFINITION_REPRESENTATION(#2377,#2391);
#2374=SHAPE_DEFINITION_REPRESENTATION(#2378,#2392);
#2375=SHAPE_DEFINITION_REPRESENTATION(#2379,#2393);
#2376=PRODUCT_DEFINITION_SHAPE('',$,#2395);
#2377=PRODUCT_DEFINITION_SHAPE('',$,#2396);
#2378=PRODUCT_DEFINITION_SHAPE('',$,#2397);
#2379=PRODUCT_DEFINITION_SHAPE('',$,#2398);
#2380=PRODUCT_DEFINITION_SHAPE($,$,#41);
#2381=PRODUCT_DEFINITION_SHAPE($,$,#42);
#2382=PRODUCT_DEFINITION_SHAPE($,$,#43);
#2383=PRODUCT_DEFINITION_SHAPE($,$,#44);
#2384=PRODUCT_DEFINITION_SHAPE($,$,#45);
#2385=PRODUCT_DEFINITION_SHAPE($,$,#46);
#2386=PRODUCT_DEFINITION_SHAPE($,$,#47);
#2387=PRODUCT_DEFINITION_SHAPE($,$,#48);
#2388=PRODUCT_DEFINITION_SHAPE($,$,#49);
#2389=PRODUCT_DEFINITION_SHAPE($,$,#50);
#2390=SHAPE_REPRESENTATION('',(#1364,#1523,#1524,#1525,#1526,#1527,#1528,
#1529,#1530,#1531,#1532),#2363);
#2391=SHAPE_REPRESENTATION('',(#1365),#2364);
#2392=SHAPE_REPRESENTATION('',(#1493),#2365);
#2393=SHAPE_REPRESENTATION('',(#1500),#2366);
#2394=PRODUCT_DEFINITION_CONTEXT('part definition',#2408,'design');
#2395=PRODUCT_DEFINITION('DDA0008E_ASM',
'METUPowerLab_Regulators_BuckConverters_8-SOICPower v0',#2399,#2394);
#2396=PRODUCT_DEFINITION('BODY-SO','BODY-SO',#2400,#2394);
#2397=PRODUCT_DEFINITION('THERMALPAD-SO','THERMALPAD-SO',#2401,#2394);
#2398=PRODUCT_DEFINITION('LEAD-SO','LEAD-SO',#2402,#2394);
#2399=PRODUCT_DEFINITION_FORMATION('',$,#2410);
#2400=PRODUCT_DEFINITION_FORMATION('',$,#2411);
#2401=PRODUCT_DEFINITION_FORMATION('',$,#2412);
#2402=PRODUCT_DEFINITION_FORMATION('',$,#2413);
#2403=PRODUCT_RELATED_PRODUCT_CATEGORY(
'METUPowerLab_Regulators_BuckConverters_8-SOICPower v0',
'METUPowerLab_Regulators_BuckConverters_8-SOICPower v0',(#2410));
#2404=PRODUCT_RELATED_PRODUCT_CATEGORY('BODY-SO','BODY-SO',(#2411));
#2405=PRODUCT_RELATED_PRODUCT_CATEGORY('THERMALPAD-SO','THERMALPAD-SO',
(#2412));
#2406=PRODUCT_RELATED_PRODUCT_CATEGORY('LEAD-SO','LEAD-SO',(#2413));
#2407=APPLICATION_PROTOCOL_DEFINITION('international standard',
'automotive_design',2009,#2408);
#2408=APPLICATION_CONTEXT(
'Core Data for Automotive Mechanical Design Process');
#2409=PRODUCT_CONTEXT('part definition',#2408,'mechanical');
#2410=PRODUCT('DDA0008E_ASM',
'METUPowerLab_Regulators_BuckConverters_8-SOICPower v0',$,(#2409));
#2411=PRODUCT('BODY-SO','BODY-SO','NOT SPECIFIED',(#2409));
#2412=PRODUCT('THERMALPAD-SO','THERMALPAD-SO','NOT SPECIFIED',(#2409));
#2413=PRODUCT('LEAD-SO','LEAD-SO','NOT SPECIFIED',(#2409));
#2414=PRESENTATION_STYLE_ASSIGNMENT((#2419));
#2415=PRESENTATION_STYLE_ASSIGNMENT((#2420));
#2416=PRESENTATION_STYLE_ASSIGNMENT((#2421));
#2417=PRESENTATION_STYLE_ASSIGNMENT((#2422));
#2418=PRESENTATION_STYLE_ASSIGNMENT((#2423));
#2419=SURFACE_STYLE_USAGE(.BOTH.,#2424);
#2420=SURFACE_STYLE_USAGE(.BOTH.,#2425);
#2421=SURFACE_STYLE_USAGE(.BOTH.,#2426);
#2422=SURFACE_STYLE_USAGE(.BOTH.,#2427);
#2423=SURFACE_STYLE_USAGE(.BOTH.,#2428);
#2424=SURFACE_SIDE_STYLE('',(#2429));
#2425=SURFACE_SIDE_STYLE('',(#2430));
#2426=SURFACE_SIDE_STYLE('',(#2431));
#2427=SURFACE_SIDE_STYLE('',(#2432));
#2428=SURFACE_SIDE_STYLE('',(#2433));
#2429=SURFACE_STYLE_FILL_AREA(#2434);
#2430=SURFACE_STYLE_FILL_AREA(#2435);
#2431=SURFACE_STYLE_FILL_AREA(#2436);
#2432=SURFACE_STYLE_FILL_AREA(#2437);
#2433=SURFACE_STYLE_FILL_AREA(#2438);
#2434=FILL_AREA_STYLE('Steel - Satin',(#2439));
#2435=FILL_AREA_STYLE('Opaque(25,25,25)',(#2440));
#2436=FILL_AREA_STYLE('ABS (White)',(#2441));
#2437=FILL_AREA_STYLE('Opaque(250,250,250)',(#2442));
#2438=FILL_AREA_STYLE('Opaque(225,225,225)',(#2443));
#2439=FILL_AREA_STYLE_COLOUR('Steel - Satin',#2444);
#2440=FILL_AREA_STYLE_COLOUR('Opaque(25,25,25)',#2445);
#2441=FILL_AREA_STYLE_COLOUR('ABS (White)',#2446);
#2442=FILL_AREA_STYLE_COLOUR('Opaque(250,250,250)',#2447);
#2443=FILL_AREA_STYLE_COLOUR('Opaque(225,225,225)',#2448);
#2444=COLOUR_RGB('Steel - Satin',0.627450980392157,0.627450980392157,0.627450980392157);
#2445=COLOUR_RGB('Opaque(25,25,25)',0.0980392156862745,0.0980392156862745,
0.0980392156862745);
#2446=COLOUR_RGB('ABS (White)',0.964705882352941,0.964705882352941,0.952941176470588);
#2447=COLOUR_RGB('Opaque(250,250,250)',0.980392156862745,0.980392156862745,
0.980392156862745);
#2448=COLOUR_RGB('Opaque(225,225,225)',0.882352941176471,0.882352941176471,
0.882352941176471);
ENDSEC;
END-ISO-10303-21;
